#include "angry_frames.h"

/* Frame 0: frame_000.png */
static const uint8_t angry_frame_0_data[] = {
    0x00, 0x00, 0x00, 0x00, 0x00, 0x00, 0x00, 0x00, 0x00, 0x00, 0x00, 0x00, 0x00, 0x00, 0x00, 0x00,
    0x00, 0x00, 0x00, 0x00, 0x00, 0x00, 0x00, 0x00, 0x00, 0x00, 0x00, 0x00, 0x00, 0x00, 0x00, 0x00,
    0x00, 0x00, 0x00, 0x00, 0x00, 0x00, 0x00, 0x00, 0x00, 0x00, 0x00, 0x00, 0x00, 0x00, 0x00, 0x00,
    0x00, 0x00, 0x00, 0x00, 0x00, 0x00, 0x00, 0x00, 0x00, 0x00, 0x00, 0x00, 0x00, 0x00, 0x00, 0x00,
    0x00, 0x00, 0x00, 0x00, 0x00, 0x00, 0x00, 0x00, 0x00, 0x00, 0x00, 0x00, 0x00, 0x00, 0x00, 0x00,
    0x00, 0x00, 0x00, 0x00, 0x00, 0x00, 0x00, 0x00, 0x00, 0x00, 0x00, 0x00, 0x00, 0x00, 0x00, 0x00,
    0x00, 0x00, 0x00, 0x00, 0x00, 0x00, 0x00, 0x00, 0x00, 0x00, 0x00, 0x00, 0x00, 0x00, 0x00, 0x00,
    0x00, 0x00, 0x00, 0x00, 0x00, 0x00, 0x00, 0x00, 0x00, 0x00, 0x00, 0x00, 0x00, 0x00, 0x00, 0x00,
    0x00, 0x00, 0x00, 0x00, 0x00, 0x00, 0x00, 0x00, 0x00, 0x00, 0x00, 0x00, 0x00, 0x00, 0x00, 0x00,
    0x00, 0x00, 0x00, 0x00, 0x00, 0x00, 0x00, 0x00, 0x00, 0x00, 0x00, 0x00, 0x00, 0x00, 0x00, 0x00,
    0x00, 0x00, 0x00, 0x00, 0x00, 0x00, 0x00, 0x00, 0x00, 0x00, 0x00, 0x00, 0x00, 0x00, 0x00, 0x00,
    0x00, 0x00, 0x00, 0x00, 0x00, 0x00, 0x00, 0x00, 0x00, 0x00, 0x00, 0x00, 0x00, 0x00, 0x00, 0x00,
    0x00, 0x00, 0x00, 0x00, 0x00, 0x00, 0x00, 0x00, 0x00, 0x00, 0x00, 0x00, 0x00, 0x00, 0x00, 0x00,
    0x00, 0x00, 0x00, 0x00, 0x00, 0x00, 0x00, 0x00, 0x00, 0x00, 0x00, 0x00, 0x00, 0x00, 0x00, 0x00,
    0x00, 0x00, 0x00, 0x00, 0x00, 0x00, 0x00, 0x00, 0x00, 0x00, 0x00, 0x00, 0x00, 0x00, 0x00, 0x00,
    0x00, 0x00, 0x00, 0x00, 0x00, 0x00, 0x00, 0x00, 0x00, 0x00, 0x00, 0x00, 0x00, 0x00, 0x00, 0x00,
    0x00, 0x00, 0x00, 0x00, 0x00, 0x00, 0x00, 0x00, 0x00, 0x00, 0x00, 0x00, 0x00, 0x00, 0x00, 0x00,
    0x00, 0x00, 0x00, 0x00, 0x00, 0x00, 0x00, 0x00, 0x00, 0x00, 0x00, 0x00, 0x00, 0x00, 0x00, 0x00,
    0x00, 0x00, 0x00, 0x00, 0x00, 0x00, 0x00, 0x00, 0x00, 0x00, 0x00, 0x00, 0x00, 0x00, 0x00, 0x00,
    0x00, 0x00, 0x00, 0x00, 0x00, 0x00, 0x00, 0x00, 0x00, 0x00, 0x00, 0x00, 0xc2, 0x00, 0xe2, 0x00,
    0x00, 0x00, 0x00, 0x00, 0x00, 0x00, 0x00, 0x00, 0x00, 0x00, 0x00, 0x00, 0x00, 0x00, 0x00, 0x00,
    0x00, 0x00, 0x00, 0x00, 0x00, 0x00, 0x00, 0x00, 0x00, 0x00, 0x00, 0x00, 0x00, 0x00, 0x00, 0x00,
    0x00, 0x00, 0x00, 0x00, 0x00, 0x00, 0x00, 0x00, 0x00, 0x00, 0x00, 0x00, 0x00, 0x00, 0x00, 0x00,
    0x00, 0x00, 0x00, 0x00, 0x00, 0x00, 0x00, 0x00, 0x00, 0x00, 0x00, 0x00, 0x00, 0x00, 0x00, 0x00,
    0x00, 0x00, 0x00, 0x00, 0x00, 0x00, 0x00, 0x00, 0x00, 0x00, 0x00, 0x00, 0x00, 0x00, 0x00, 0x00,
    0x00, 0x00, 0x00, 0x00, 0x00, 0x00, 0x00, 0x00, 0x00, 0x00, 0x00, 0x00, 0x00, 0x00, 0x00, 0x00,
    0xe2, 0x00, 0x81, 0x00, 0x00, 0x00, 0x00, 0x00, 0x00, 0x00, 0x00, 0x00, 0x03, 0x00, 0xa1, 0x00,
    0x00, 0x00, 0x00, 0x00, 0x00, 0x00, 0x00, 0x00, 0x00, 0x00, 0x00, 0x00, 0x64, 0x00, 0x05, 0x00,
    0x00, 0x00, 0x00, 0x00, 0x00, 0x00, 0x20, 0x00, 0x00, 0x00, 0x00, 0x00, 0x00, 0x00, 0x00, 0x00,
    0x00, 0x00, 0x00, 0x00, 0x00, 0x00, 0x00, 0x00, 0x00, 0x00, 0x00, 0x00, 0x00, 0x00, 0x00, 0x00,
    0x00, 0x00, 0x00, 0x00, 0x00, 0x00, 0x00, 0x00, 0x00, 0x00, 0x00, 0x00, 0x00, 0x00, 0x00, 0x00,
    0x00, 0x00, 0x00, 0x00, 0x00, 0x00, 0x00, 0x00, 0x00, 0x00, 0x00, 0x00, 0x00, 0x00, 0x00, 0x00,
    0x00, 0x00, 0x00, 0x00, 0x00, 0x00, 0x00, 0x00, 0x00, 0x00, 0x00, 0x00, 0x00, 0x00, 0x00, 0x00,
    0x00, 0x00, 0x00, 0x00, 0x00, 0x00, 0x00, 0x00, 0x00, 0x00, 0x00, 0x00, 0x00, 0x00, 0x00, 0x00,
    0x05, 0x00, 0x43, 0x00, 0x00, 0x00, 0x00, 0x00, 0x00, 0x00, 0x00, 0x00, 0xc7, 0x00, 0xa1, 0x00,
    0x00, 0x00, 0x00, 0x00, 0x00, 0x00, 0x00, 0x00, 0x00, 0x00, 0x00, 0x00, 0xa2, 0x00, 0x08, 0x00,
    0xa1, 0x00, 0x00, 0x00, 0xc2, 0x00, 0x02, 0x00, 0x00, 0x00, 0x00, 0x00, 0x00, 0x00, 0x00, 0x00,
    0x00, 0x00, 0x00, 0x00, 0x00, 0x00, 0x00, 0x00, 0x00, 0x00, 0x00, 0x00, 0x00, 0x00, 0x00, 0x00,
    0x00, 0x00, 0x00, 0x00, 0x00, 0x00, 0x00, 0x00, 0x00, 0x00, 0x00, 0x00, 0x00, 0x00, 0x00, 0x00,
    0x00, 0x00, 0x00, 0x00, 0x00, 0x00, 0x00, 0x00, 0x00, 0x00, 0x00, 0x00, 0x00, 0x00, 0x00, 0x00,
    0x00, 0x00, 0x00, 0x00, 0x00, 0x00, 0x00, 0x00, 0x00, 0x00, 0x00, 0x00, 0x00, 0x00, 0x00, 0x00,
    0x00, 0x00, 0x00, 0x00, 0x00, 0x00, 0x00, 0x00, 0x00, 0x00, 0x00, 0x00, 0x00, 0x00, 0x00, 0x00,
    0xa4, 0x00, 0x08, 0x00, 0x00, 0x00, 0x00, 0x00, 0x00, 0x00, 0x00, 0x00, 0x28, 0x00, 0x63, 0x00,
    0x00, 0x00, 0x00, 0x00, 0x20, 0x00, 0x81, 0x00, 0x00, 0x00, 0x00, 0x00, 0x00, 0x00, 0xe5, 0x00,
    0x49, 0x00, 0xe2, 0x00, 0xc2, 0x00, 0x05, 0x00, 0x00, 0x00, 0x00, 0x00, 0x00, 0x00, 0xe2, 0x00,
    0xc2, 0x00, 0x00, 0x00, 0x00, 0x00, 0x00, 0x00, 0x00, 0x00, 0x00, 0x00, 0x00, 0x00, 0x00, 0x00,
    0x00, 0x00, 0x00, 0x00, 0x00, 0x00, 0x00, 0x00, 0x00, 0x00, 0x00, 0x00, 0x00, 0x00, 0x00, 0x00,
    0x00, 0x00, 0x00, 0x00, 0x00, 0x00, 0x00, 0x00, 0x00, 0x00, 0x00, 0x00, 0x00, 0x00, 0x00, 0x00,
    0x00, 0x00, 0x00, 0x00, 0x00, 0x00, 0x00, 0x00, 0x00, 0x00, 0x00, 0x00, 0x00, 0x00, 0x00, 0x00,
    0x00, 0x00, 0x00, 0x00, 0x00, 0x00, 0x00, 0x00, 0x00, 0x00, 0x00, 0x00, 0x00, 0x00, 0x00, 0x00,
    0x81, 0x00, 0x48, 0x00, 0x08, 0x00, 0x81, 0x00, 0x00, 0x00, 0x00, 0x00, 0x25, 0x00, 0x89, 0x00,
    0x20, 0x00, 0x00, 0x00, 0x81, 0x00, 0x05, 0x00, 0x00, 0x00, 0x00, 0x00, 0x00, 0x00, 0x61, 0x00,
    0x66, 0x00, 0xaa, 0x00, 0xa4, 0x00, 0x05, 0x00, 0xc4, 0x00, 0x00, 0x00, 0x00, 0x00, 0x61, 0x00,
    0xc7, 0x00, 0x40, 0x00, 0x00, 0x00, 0x00, 0x00, 0x00, 0x00, 0x00, 0x00, 0x00, 0x00, 0x00, 0x00,
    0x00, 0x00, 0x00, 0x00, 0x00, 0x00, 0x00, 0x00, 0x00, 0x00, 0x00, 0x00, 0x00, 0x00, 0x00, 0x00,
    0x00, 0x00, 0x00, 0x00, 0x00, 0x00, 0x00, 0x00, 0x00, 0x00, 0x00, 0x00, 0x00, 0x00, 0x00, 0x00,
    0x00, 0x00, 0x00, 0x00, 0x00, 0x00, 0x00, 0x00, 0x00, 0x00, 0x00, 0x00, 0x00, 0x00, 0x00, 0x00,
    0x00, 0x00, 0x00, 0x00, 0x00, 0x00, 0x00, 0x00, 0x00, 0x00, 0x00, 0x00, 0x00, 0x00, 0x00, 0x00,
    0x00, 0x00, 0x23, 0x00, 0x69, 0x00, 0xea, 0x00, 0x66, 0x00, 0xe2, 0x00, 0xc2, 0x00, 0x49, 0x00,
    0xe8, 0x00, 0xa2, 0x00, 0x00, 0x00, 0x26, 0x00, 0xc4, 0x00, 0x00, 0x00, 0x00, 0x00, 0x00, 0x00,
    0x20, 0x00, 0xe5, 0x00, 0xc7, 0x00, 0xe5, 0x00, 0x66, 0x00, 0x26, 0x00, 0xa2, 0x00, 0x00, 0x00,
    0xa7, 0x00, 0xe5, 0x00, 0x00, 0x00, 0x00, 0x00, 0x00, 0x00, 0x00, 0x00, 0x00, 0x00, 0x00, 0x00,
    0x00, 0x00, 0x00, 0x00, 0x00, 0x00, 0x00, 0x00, 0x00, 0x00, 0x00, 0x00, 0x00, 0x00, 0x00, 0x00,
    0x00, 0x00, 0x00, 0x00, 0x00, 0x00, 0x00, 0x00, 0x00, 0x00, 0x00, 0x00, 0x00, 0x00, 0x00, 0x00,
    0x00, 0x00, 0x00, 0x00, 0x00, 0x00, 0x00, 0x00, 0x00, 0x00, 0x00, 0x00, 0x00, 0x00, 0x00, 0x00,
    0x00, 0x00, 0x00, 0x00, 0x00, 0x00, 0x00, 0x00, 0x00, 0x00, 0x00, 0x00, 0x00, 0x00, 0x00, 0x00,
    0x00, 0x00, 0x00, 0x00, 0xe2, 0x00, 0x87, 0x00, 0x8a, 0x00, 0x29, 0x00, 0x06, 0x00, 0x43, 0x00,
    0x08, 0x00, 0x69, 0x00, 0x06, 0x00, 0x03, 0x00, 0x87, 0x00, 0xa4, 0x00, 0x00, 0x00, 0x61, 0x00,
    0x64, 0x00, 0x20, 0x00, 0xe2, 0x00, 0x89, 0x00, 0xc7, 0x00, 0x46, 0x00, 0x69, 0x00, 0x81, 0x00,
    0xc5, 0x00, 0xc7, 0x00, 0x00, 0x00, 0x00, 0x00, 0x00, 0x00, 0x00, 0x00, 0x00, 0x00, 0x00, 0x00,
    0x00, 0x00, 0x00, 0x00, 0x00, 0x00, 0x00, 0x00, 0x00, 0x00, 0x00, 0x00, 0x00, 0x00, 0x00, 0x00,
    0x00, 0x00, 0x00, 0x00, 0x00, 0x00, 0x00, 0x00, 0x00, 0x00, 0x00, 0x00, 0x00, 0x00, 0x00, 0x00,
    0x00, 0x00, 0x00, 0x00, 0x00, 0x00, 0x00, 0x00, 0x00, 0x00, 0x00, 0x00, 0x00, 0x00, 0x00, 0x00,
    0x00, 0x00, 0x00, 0x00, 0x00, 0x00, 0x00, 0x00, 0x00, 0x00, 0x00, 0x00, 0x61, 0x00, 0x00, 0x00,
    0x00, 0x00, 0x00, 0x00, 0x61, 0x00, 0x23, 0x00, 0x84, 0x00, 0x26, 0x00, 0x67, 0x00, 0x84, 0x00,
    0x64, 0x00, 0x87, 0x00, 0x8a, 0x00, 0xaa, 0x00, 0x66, 0x00, 0x28, 0x00, 0xa7, 0x00, 0x81, 0x00,
    0xc8, 0x00, 0x49, 0x00, 0xe2, 0x00, 0x66, 0x00, 0xac, 0x00, 0x28, 0x00, 0xac, 0x00, 0x66, 0x00,
    0x63, 0x00, 0xe7, 0x00, 0x00, 0x00, 0x00, 0x00, 0x00, 0x00, 0x00, 0x00, 0x00, 0x00, 0x00, 0x00,
    0x00, 0x00, 0x00, 0x00, 0x00, 0x00, 0x00, 0x00, 0x00, 0x00, 0x00, 0x00, 0x00, 0x00, 0x00, 0x00,
    0x00, 0x00, 0x00, 0x00, 0x00, 0x00, 0x00, 0x00, 0x00, 0x00, 0x00, 0x00, 0x00, 0x00, 0x00, 0x00,
    0x00, 0x00, 0x00, 0x00, 0x00, 0x00, 0x00, 0x00, 0x00, 0x00, 0x00, 0x00, 0x00, 0x00, 0x00, 0x00,
    0x00, 0x00, 0x00, 0x00, 0x00, 0x00, 0x00, 0x00, 0x00, 0x00, 0x00, 0x00, 0x84, 0x00, 0x09, 0x00,
    0xc8, 0x00, 0xc8, 0x00, 0xc8, 0x00, 0x06, 0x00, 0x23, 0x00, 0xa2, 0x00, 0x81, 0x00, 0xa2, 0x00,
    0xa1, 0x00, 0x23, 0x00, 0x66, 0x00, 0x28, 0x00, 0xca, 0x00, 0xea, 0x00, 0x0b, 0x00, 0xe7, 0x00,
    0x43, 0x00, 0xe8, 0x00, 0x49, 0x00, 0x05, 0x00, 0x89, 0x00, 0x49, 0x00, 0x0a, 0x00, 0xed, 0x00,
    0xc4, 0x00, 0x25, 0x00, 0x23, 0x00, 0x61, 0x00, 0x00, 0x00, 0x00, 0x00, 0x00, 0x00, 0x00, 0x00,
    0x00, 0x00, 0x00, 0x00, 0x00, 0x00, 0x00, 0x00, 0x00, 0x00, 0x00, 0x00, 0x00, 0x00, 0x00, 0x00,
    0x00, 0x00, 0x00, 0x00, 0x00, 0x00, 0x00, 0x00, 0x00, 0x00, 0x00, 0x00, 0x00, 0x00, 0x00, 0x00,
    0x00, 0x00, 0x00, 0x00, 0x00, 0x00, 0x00, 0x00, 0x00, 0x00, 0x00, 0x00, 0x00, 0x00, 0x00, 0x00,
    0x00, 0x00, 0x00, 0x00, 0x00, 0x00, 0x00, 0x00, 0x00, 0x00, 0x00, 0x00, 0x00, 0x00, 0x44, 0x00,
    0x46, 0x00, 0x06, 0x00, 0x43, 0x00, 0x41, 0x00, 0x00, 0x00, 0x00, 0x00, 0x00, 0x00, 0x00, 0x00,
    0x00, 0x00, 0x00, 0x00, 0xa1, 0x00, 0xc5, 0x00, 0x87, 0x00, 0x28, 0x00, 0xc7, 0x00, 0x0b, 0x00,
    0x2b, 0x00, 0xe8, 0x00, 0x87, 0x00, 0x05, 0x00, 0xa7, 0x00, 0x86, 0x00, 0x86, 0x00, 0xcc, 0x00,
    0x0a, 0x00, 0xc7, 0x00, 0xe5, 0x00, 0x05, 0x00, 0x00, 0x00, 0x00, 0x00, 0x00, 0x00, 0x00, 0x00,
    0x00, 0x00, 0x00, 0x00, 0x00, 0x00, 0x00, 0x00, 0x00, 0x00, 0x00, 0x00, 0x00, 0x00, 0x00, 0x00,
    0x00, 0x00, 0x00, 0x00, 0x00, 0x00, 0x00, 0x00, 0x00, 0x00, 0x00, 0x00, 0x00, 0x00, 0x00, 0x00,
    0x00, 0x00, 0x00, 0x00, 0x00, 0x00, 0x00, 0x00, 0x00, 0x00, 0x00, 0x00, 0x00, 0x00, 0x00, 0x00,
    0x00, 0x00, 0x00, 0x00, 0x00, 0x00, 0x00, 0x00, 0x00, 0x00, 0x00, 0x00, 0x00, 0x00, 0x00, 0x00,
    0x00, 0x00, 0x00, 0x00, 0x00, 0x00, 0x00, 0x00, 0x00, 0x00, 0x20, 0x00, 0x00, 0x00, 0x00, 0x00,
    0x00, 0x00, 0x00, 0x00, 0x40, 0x00, 0x81, 0x00, 0x23, 0x00, 0xc4, 0x00, 0xe5, 0x00, 0xa7, 0x00,
    0xca, 0x00, 0xed, 0x00, 0x8c, 0x00, 0xaa, 0x00, 0x69, 0x00, 0xe7, 0x00, 0xc4, 0x00, 0xc7, 0x00,
    0x68, 0x00, 0x8c, 0x00, 0x49, 0x00, 0x46, 0x00, 0xe2, 0x00, 0xa1, 0x00, 0x00, 0x00, 0x00, 0x00,
    0x00, 0x00, 0x00, 0x00, 0x00, 0x00, 0x00, 0x00, 0x00, 0x00, 0x00, 0x00, 0x00, 0x00, 0x00, 0x00,
    0x00, 0x00, 0x00, 0x00, 0x00, 0x00, 0x00, 0x00, 0x00, 0x00, 0x00, 0x00, 0x00, 0x00, 0x00, 0x00,
    0x00, 0x00, 0x00, 0x00, 0x00, 0x00, 0x00, 0x00, 0x00, 0x00, 0x00, 0x00, 0x00, 0x00, 0x00, 0x00,
    0x00, 0x00, 0x00, 0x00, 0x00, 0x00, 0x00, 0x00, 0x00, 0x00, 0x00, 0x00, 0x00, 0x00, 0x00, 0x00,
    0x00, 0x00, 0x00, 0x00, 0x00, 0x00, 0x00, 0x00, 0x00, 0x00, 0x84, 0x00, 0x09, 0x00, 0x87, 0x00,
    0x67, 0x00, 0x05, 0x00, 0x26, 0x00, 0x05, 0x00, 0x23, 0x00, 0x23, 0x00, 0x05, 0x00, 0x66, 0x00,
    0xe8, 0x00, 0xcb, 0x00, 0xad, 0x00, 0xcd, 0x00, 0x2e, 0x00, 0x0e, 0x00, 0x4b, 0x00, 0xa9, 0x00,
    0xea, 0x00, 0xea, 0x00, 0x2e, 0x00, 0xa7, 0x00, 0x43, 0x00, 0x86, 0x00, 0x20, 0x00, 0x00, 0x00,
    0x00, 0x00, 0x00, 0x00, 0x00, 0x00, 0x00, 0x00, 0x00, 0x00, 0x00, 0x00, 0x00, 0x00, 0x00, 0x00,
    0x00, 0x00, 0x00, 0x00, 0x00, 0x00, 0x00, 0x00, 0x00, 0x00, 0x00, 0x00, 0x00, 0x00, 0x00, 0x00,
    0x00, 0x00, 0x00, 0x00, 0x00, 0x00, 0x00, 0x00, 0x00, 0x00, 0x00, 0x00, 0x00, 0x00, 0x00, 0x00,
    0x00, 0x00, 0x00, 0x00, 0x00, 0x00, 0x00, 0x00, 0x00, 0x00, 0x00, 0x00, 0x00, 0x00, 0x00, 0x00,
    0x00, 0x00, 0x00, 0x00, 0x00, 0x00, 0x00, 0x00, 0x00, 0x00, 0x20, 0x00, 0x47, 0x00, 0x0c, 0x00,
    0x8d, 0x00, 0x0e, 0x00, 0xcd, 0x00, 0x0b, 0x00, 0xca, 0x00, 0x8a, 0x00, 0x08, 0x00, 0x08, 0x00,
    0x69, 0x00, 0xe8, 0x00, 0x49, 0x00, 0x28, 0x00, 0x28, 0x00, 0xea, 0x00, 0x10, 0x00, 0x8f, 0x00,
    0x4e, 0x00, 0x2e, 0x00, 0x6c, 0x00, 0x2b, 0x00, 0xc4, 0x00, 0x25, 0x00, 0x81, 0x00, 0x00, 0x00,
    0x00, 0x00, 0x00, 0x00, 0x00, 0x00, 0x00, 0x00, 0x00, 0x00, 0x00, 0x00, 0x00, 0x00, 0x00, 0x00,
    0x00, 0x00, 0x00, 0x00, 0x00, 0x00, 0x00, 0x00, 0x00, 0x00, 0x00, 0x00, 0x00, 0x00, 0x00, 0x00,
    0x00, 0x00, 0x00, 0x00, 0x00, 0x00, 0x00, 0x00, 0x00, 0x00, 0x00, 0x00, 0x00, 0x00, 0x00, 0x00,
    0x00, 0x00, 0x00, 0x00, 0x00, 0x00, 0x00, 0x00, 0x00, 0x00, 0x00, 0x00, 0x00, 0x00, 0x00, 0x00,
    0x00, 0x00, 0x00, 0x00, 0x00, 0x00, 0x00, 0x00, 0x00, 0x00, 0x00, 0x00, 0x00, 0x00, 0xc2, 0x00,
    0xc5, 0x00, 0x87, 0x00, 0x49, 0x00, 0x8a, 0x00, 0xaa, 0x00, 0xcb, 0x00, 0xaa, 0x00, 0xe8, 0x00,
    0x66, 0x00, 0x87, 0x00, 0xe5, 0x00, 0x43, 0x00, 0xc4, 0x00, 0xc2, 0x00, 0xe7, 0x00, 0x8f, 0x00,
    0xcd, 0x00, 0x0d, 0x00, 0x0a, 0x00, 0x69, 0x00, 0x4b, 0x00, 0x89, 0x00, 0xa4, 0x00, 0x00, 0x00,
    0x00, 0x00, 0x00, 0x00, 0x00, 0x00, 0x00, 0x00, 0x00, 0x00, 0x00, 0x00, 0x00, 0x00, 0x00, 0x00,
    0x00, 0x00, 0x00, 0x00, 0x00, 0x00, 0x00, 0x00, 0x00, 0x00, 0x00, 0x00, 0x00, 0x00, 0x00, 0x00,
    0x00, 0x00, 0x00, 0x00, 0x00, 0x00, 0x00, 0x00, 0x00, 0x00, 0x00, 0x00, 0x00, 0x00, 0x00, 0x00,
    0x00, 0x00, 0x00, 0x00, 0x00, 0x00, 0x00, 0x00, 0x00, 0x00, 0x00, 0x00, 0x00, 0x00, 0x00, 0x00,
    0x00, 0x00, 0x00, 0x00, 0x00, 0x00, 0x00, 0x00, 0x00, 0x00, 0x40, 0x00, 0xa2, 0x00, 0x03, 0x00,
    0x23, 0x00, 0x03, 0x00, 0xa4, 0x00, 0x26, 0x00, 0xc8, 0x00, 0x49, 0x00, 0xcb, 0x00, 0x0b, 0x00,
    0x49, 0x00, 0x49, 0x00, 0x06, 0x00, 0x69, 0x00, 0xca, 0x00, 0xe6, 0x00, 0x20, 0x00, 0xa7, 0x00,
    0x89, 0x00, 0x2b, 0x00, 0x0e, 0x00, 0xed, 0x00, 0x51, 0x00, 0x30, 0x00, 0xac, 0x00, 0x22, 0x00,
    0x00, 0x00, 0x00, 0x00, 0x00, 0x00, 0x00, 0x00, 0x00, 0x00, 0x00, 0x00, 0x00, 0x00, 0x00, 0x00,
    0x00, 0x00, 0x00, 0x00, 0x00, 0x00, 0x00, 0x00, 0x00, 0x00, 0x00, 0x00, 0x00, 0x00, 0x00, 0x00,
    0x00, 0x00, 0x00, 0x00, 0x00, 0x00, 0x00, 0x00, 0x00, 0x00, 0x00, 0x00, 0x00, 0x00, 0x00, 0x00,
    0x00, 0x00, 0x00, 0x00, 0x00, 0x00, 0x00, 0x00, 0x00, 0x00, 0x00, 0x00, 0x00, 0x00, 0x00, 0x00,
    0x00, 0x00, 0x00, 0x00, 0x40, 0x00, 0xa4, 0x00, 0x09, 0x00, 0x8a, 0x00, 0x6a, 0x00, 0x29, 0x00,
    0x88, 0x00, 0xe6, 0x00, 0x64, 0x00, 0xa4, 0x00, 0x45, 0x00, 0x46, 0x00, 0xa7, 0x00, 0x49, 0x00,
    0x0b, 0x00, 0xca, 0x00, 0x26, 0x00, 0xac, 0x00, 0x0d, 0x00, 0x45, 0x00, 0x84, 0x00, 0x26, 0x00,
    0x2b, 0x00, 0xaf, 0x00, 0x92, 0x00, 0x69, 0x00, 0xcd, 0x00, 0x91, 0x00, 0xef, 0x00, 0x48, 0x00,
    0x20, 0x00, 0x00, 0x00, 0x00, 0x00, 0x00, 0x00, 0x00, 0x00, 0x00, 0x00, 0x00, 0x00, 0x00, 0x00,
    0x00, 0x00, 0x00, 0x00, 0x00, 0x00, 0x00, 0x00, 0x00, 0x00, 0x00, 0x00, 0x00, 0x00, 0x00, 0x00,
    0x00, 0x00, 0x00, 0x00, 0x00, 0x00, 0x00, 0x00, 0x00, 0x00, 0x00, 0x00, 0x00, 0x00, 0x00, 0x00,
    0x00, 0x00, 0x00, 0x00, 0x00, 0x00, 0x00, 0x00, 0x00, 0x00, 0x00, 0x00, 0x00, 0x00, 0x00, 0x00,
    0x00, 0x00, 0x00, 0x00, 0x20, 0x00, 0x23, 0x00, 0x06, 0x00, 0x87, 0x00, 0x87, 0x00, 0x88, 0x00,
    0x47, 0x00, 0xe5, 0x00, 0xa5, 0x00, 0xa4, 0x00, 0xa7, 0x00, 0x69, 0x00, 0x69, 0x00, 0x4b, 0x00,
    0x6e, 0x00, 0xf0, 0x00, 0xaf, 0x00, 0xac, 0x00, 0x2e, 0x00, 0xcc, 0x00, 0x4b, 0x00, 0x2e, 0x00,
    0x4e, 0x00, 0x0d, 0x00, 0x4e, 0x00, 0x8e, 0x00, 0x8e, 0x00, 0x6e, 0x00, 0x0d, 0x00, 0xc9, 0x00,
    0x20, 0x00, 0x00, 0x00, 0x00, 0x00, 0x00, 0x00, 0x00, 0x00, 0x00, 0x00, 0x00, 0x00, 0x00, 0x00,
    0x00, 0x00, 0x00, 0x00, 0x00, 0x00, 0x00, 0x00, 0x00, 0x00, 0x00, 0x00, 0x00, 0x00, 0x00, 0x00,
    0x00, 0x00, 0x00, 0x00, 0x00, 0x00, 0x00, 0x00, 0x00, 0x00, 0x00, 0x00, 0x00, 0x00, 0x00, 0x00,
    0x00, 0x00, 0x00, 0x00, 0x00, 0x00, 0x00, 0x00, 0x00, 0x00, 0x00, 0x00, 0x00, 0x00, 0x00, 0x00,
    0x00, 0x00, 0x00, 0x00, 0x00, 0x00, 0x00, 0x00, 0x00, 0x00, 0x00, 0x00, 0x43, 0x00, 0x06, 0x00,
    0xa5, 0x00, 0xc8, 0x00, 0xab, 0x00, 0x4a, 0x00, 0xe8, 0x00, 0x6a, 0x00, 0xcb, 0x00, 0x0b, 0x00,
    0x0d, 0x00, 0xaf, 0x00, 0xaf, 0x00, 0xaf, 0x00, 0xaf, 0x00, 0x10, 0x00, 0x4e, 0x00, 0xac, 0x00,
    0xac, 0x00, 0xc9, 0x00, 0x07, 0x00, 0x48, 0x00, 0x4b, 0x00, 0x8b, 0x00, 0x0a, 0x00, 0xe7, 0x00,
    0x00, 0x00, 0x00, 0x00, 0x00, 0x00, 0x00, 0x00, 0x00, 0x00, 0x00, 0x00, 0x00, 0x00, 0x00, 0x00,
    0x00, 0x00, 0x00, 0x00, 0x00, 0x00, 0x00, 0x00, 0x00, 0x00, 0x00, 0x00, 0x00, 0x00, 0x00, 0x00,
    0x00, 0x00, 0x00, 0x00, 0x00, 0x00, 0x00, 0x00, 0x00, 0x00, 0x00, 0x00, 0x00, 0x00, 0x00, 0x00,
    0x00, 0x00, 0x00, 0x00, 0x00, 0x00, 0x00, 0x00, 0x00, 0x00, 0x00, 0x00, 0x00, 0x00, 0x00, 0x00,
    0x00, 0x00, 0x00, 0x00, 0x00, 0x00, 0x00, 0x00, 0x40, 0x00, 0xe6, 0x00, 0x47, 0x00, 0xe6, 0x00,
    0x87, 0x00, 0x0c, 0x00, 0xab, 0x00, 0x6a, 0x00, 0x09, 0x00, 0xa7, 0x00, 0x08, 0x00, 0xaa, 0x00,
    0x0b, 0x00, 0xed, 0x00, 0x0d, 0x00, 0x0d, 0x00, 0xcd, 0x00, 0x6c, 0x00, 0x69, 0x00, 0x66, 0x00,
    0x05, 0x00, 0xc5, 0x00, 0x49, 0x00, 0x84, 0x00, 0x63, 0x00, 0x48, 0x00, 0xa9, 0x00, 0x23, 0x00,
    0x00, 0x00, 0x00, 0x00, 0x00, 0x00, 0x00, 0x00, 0x00, 0x00, 0x00, 0x00, 0x00, 0x00, 0x00, 0x00,
    0x00, 0x00, 0x00, 0x00, 0x00, 0x00, 0x00, 0x00, 0x00, 0x00, 0x00, 0x00, 0x00, 0x00, 0x00, 0x00,
    0x00, 0x00, 0x00, 0x00, 0x00, 0x00, 0x00, 0x00, 0x00, 0x00, 0x00, 0x00, 0x00, 0x00, 0x00, 0x00,
    0x00, 0x00, 0x00, 0x00, 0x00, 0x00, 0x00, 0x00, 0x00, 0x00, 0x00, 0x00, 0x00, 0x00, 0x00, 0x00,
    0x00, 0x00, 0x00, 0x00, 0x00, 0x00, 0x81, 0x00, 0x88, 0x00, 0xc9, 0x00, 0x47, 0x00, 0xc5, 0x00,
    0xe5, 0x00, 0x06, 0x00, 0xe5, 0x00, 0xe5, 0x00, 0xe5, 0x00, 0xc8, 0x00, 0xcb, 0x00, 0xeb, 0x00,
    0x0b, 0x00, 0x0b, 0x00, 0x2b, 0x00, 0xaa, 0x00, 0xe7, 0x00, 0x23, 0x00, 0x61, 0x00, 0x82, 0x00,
    0x03, 0x00, 0x03, 0x00, 0x26, 0x00, 0x64, 0x00, 0xa2, 0x00, 0xa1, 0x00, 0xe4, 0x00, 0x20, 0x00,
    0x00, 0x00, 0x00, 0x00, 0x00, 0x00, 0x00, 0x00, 0x00, 0x00, 0x00, 0x00, 0x00, 0x00, 0x00, 0x00,
    0x00, 0x00, 0x00, 0x00, 0x00, 0x00, 0x00, 0x00, 0x00, 0x00, 0x00, 0x00, 0x00, 0x00, 0x00, 0x00,
    0x00, 0x00, 0x00, 0x00, 0x00, 0x00, 0x00, 0x00, 0x00, 0x00, 0x00, 0x00, 0x00, 0x00, 0x00, 0x00,
    0x00, 0x00, 0x00, 0x00, 0x00, 0x00, 0x00, 0x00, 0x00, 0x00, 0x00, 0x00, 0x00, 0x00, 0x00, 0x00,
    0x00, 0x00, 0x00, 0x00, 0x00, 0x00, 0x23, 0x00, 0x85, 0x00, 0x23, 0x00, 0x03, 0x00, 0x26, 0x00,
    0x27, 0x00, 0x64, 0x00, 0x03, 0x00, 0x85, 0x00, 0xe6, 0x00, 0x6a, 0x00, 0x0b, 0x00, 0x0b, 0x00,
    0xcb, 0x00, 0xca, 0x00, 0xa7, 0x00, 0x46, 0x00, 0x25, 0x00, 0x40, 0x00, 0xa1, 0x00, 0xe2, 0x00,
    0xe2, 0x00, 0x03, 0x00, 0xe3, 0x00, 0x23, 0x00, 0x81, 0x00, 0x00, 0x00, 0x00, 0x00, 0x00, 0x00,
    0x00, 0x00, 0x00, 0x00, 0x00, 0x00, 0x00, 0x00, 0x00, 0x00, 0x00, 0x00, 0x00, 0x00, 0x00, 0x00,
    0x00, 0x00, 0x00, 0x00, 0x00, 0x00, 0x00, 0x00, 0x00, 0x00, 0x00, 0x00, 0x00, 0x00, 0x00, 0x00,
    0x00, 0x00, 0x00, 0x00, 0x00, 0x00, 0x00, 0x00, 0x00, 0x00, 0x00, 0x00, 0x00, 0x00, 0x00, 0x00,
    0x00, 0x00, 0x00, 0x00, 0x00, 0x00, 0x00, 0x00, 0x00, 0x00, 0x00, 0x00, 0x00, 0x00, 0x00, 0x00,
    0x00, 0x00, 0x00, 0x00, 0x00, 0x00, 0x00, 0x00, 0x00, 0x00, 0x00, 0x00, 0x64, 0x00, 0xc8, 0x00,
    0xe6, 0x00, 0x84, 0x00, 0x88, 0x00, 0xe9, 0x00, 0x09, 0x00, 0x87, 0x00, 0x08, 0x00, 0xaa, 0x00,
    0xeb, 0x00, 0xaa, 0x00, 0x69, 0x00, 0x6c, 0x00, 0xc7, 0x00, 0x40, 0x00, 0x43, 0x00, 0xc4, 0x00,
    0xe4, 0x00, 0x64, 0x00, 0x64, 0x00, 0x23, 0x00, 0x00, 0x00, 0x00, 0x00, 0x00, 0x00, 0x00, 0x00,
    0x00, 0x00, 0x00, 0x00, 0x00, 0x00, 0x00, 0x00, 0x00, 0x00, 0x00, 0x00, 0x00, 0x00, 0x00, 0x00,
    0x00, 0x00, 0x00, 0x00, 0x00, 0x00, 0x00, 0x00, 0x00, 0x00, 0x00, 0x00, 0x00, 0x00, 0x00, 0x00,
    0x00, 0x00, 0x00, 0x00, 0x00, 0x00, 0x00, 0x00, 0x00, 0x00, 0x00, 0x00, 0x00, 0x00, 0x00, 0x00,
    0x00, 0x00, 0x00, 0x00, 0x00, 0x00, 0x00, 0x00, 0x00, 0x00, 0x00, 0x00, 0x00, 0x00, 0x00, 0x00,
    0x00, 0x00, 0x00, 0x00, 0x00, 0x00, 0x00, 0x00, 0x00, 0x00, 0x61, 0x00, 0xc8, 0x00, 0xe6, 0x00,
    0x03, 0x00, 0xa5, 0x00, 0x84, 0x00, 0x84, 0x00, 0x06, 0x00, 0xa5, 0x00, 0x08, 0x00, 0x0b, 0x00,
    0xca, 0x00, 0x0b, 0x00, 0x2b, 0x00, 0x8c, 0x00, 0xca, 0x00, 0x61, 0x00, 0x43, 0x00, 0x25, 0x00,
    0x86, 0x00, 0xa6, 0x00, 0x64, 0x00, 0xa2, 0x00, 0x00, 0x00, 0x00, 0x00, 0x00, 0x00, 0x00, 0x00,
    0x00, 0x00, 0x00, 0x00, 0x00, 0x00, 0x00, 0x00, 0x00, 0x00, 0x00, 0x00, 0x00, 0x00, 0x00, 0x00,
    0x00, 0x00, 0x00, 0x00, 0x00, 0x00, 0x00, 0x00, 0x00, 0x00, 0x00, 0x00, 0x00, 0x00, 0x00, 0x00,
    0x00, 0x00, 0x00, 0x00, 0x00, 0x00, 0x00, 0x00, 0x00, 0x00, 0x00, 0x00, 0x00, 0x00, 0x00, 0x00,
    0x00, 0x00, 0x00, 0x00, 0x00, 0x00, 0x00, 0x00, 0x00, 0x00, 0x00, 0x00, 0x00, 0x00, 0x00, 0x00,
    0x00, 0x00, 0x00, 0x00, 0x00, 0x00, 0x00, 0x00, 0x00, 0x00, 0xc2, 0x00, 0x84, 0x00, 0x20, 0x00,
    0x44, 0x00, 0x06, 0x00, 0x23, 0x00, 0x64, 0x00, 0x84, 0x00, 0xe5, 0x00, 0xc8, 0x00, 0xa7, 0x00,
    0x08, 0x00, 0x28, 0x00, 0xca, 0x00, 0x0b, 0x00, 0xcd, 0x00, 0xe5, 0x00, 0xc2, 0x00, 0x05, 0x00,
    0x88, 0x00, 0x27, 0x00, 0x66, 0x00, 0xe2, 0x00, 0x00, 0x00, 0x00, 0x00, 0x00, 0x00, 0x00, 0x00,
    0x00, 0x00, 0x00, 0x00, 0x00, 0x00, 0x00, 0x00, 0x00, 0x00, 0x22, 0x00, 0x07, 0x00, 0xa4, 0x00,
    0x00, 0x00, 0x00, 0x00, 0x00, 0x00, 0x00, 0x00, 0x00, 0x00, 0x00, 0x00, 0x00, 0x00, 0x00, 0x00,
    0x00, 0x00, 0x00, 0x00, 0x00, 0x00, 0x00, 0x00, 0x00, 0x00, 0x00, 0x00, 0x00, 0x00, 0x00, 0x00,
    0x00, 0x00, 0x00, 0x00, 0x00, 0x00, 0x00, 0x00, 0x00, 0x00, 0x00, 0x00, 0x00, 0x00, 0x00, 0x00,
    0x00, 0x00, 0x00, 0x00, 0x00, 0x00, 0x00, 0x00, 0x00, 0x00, 0x00, 0x00, 0x00, 0x00, 0x00, 0x00,
    0x26, 0x00, 0x27, 0x00, 0xe6, 0x00, 0x47, 0x00, 0x06, 0x00, 0x84, 0x00, 0x84, 0x00, 0xc5, 0x00,
    0xa4, 0x00, 0xa4, 0x00, 0xc4, 0x00, 0xe7, 0x00, 0x6c, 0x00, 0x2b, 0x00, 0x86, 0x00, 0x84, 0x00,
    0x68, 0x00, 0x88, 0x00, 0xc7, 0x00, 0xa4, 0x00, 0x00, 0x00, 0x00, 0x00, 0x00, 0x00, 0x00, 0x00,
    0x00, 0x00, 0x00, 0x00, 0x00, 0x00, 0x81, 0x00, 0xa4, 0x00, 0x07, 0x00, 0x6a, 0x00, 0x88, 0x00,
    0xc2, 0x00, 0x00, 0x00, 0x00, 0x00, 0x00, 0x00, 0x00, 0x00, 0x00, 0x00, 0x00, 0x00, 0x00, 0x00,
    0x00, 0x00, 0x00, 0x00, 0x00, 0x00, 0x00, 0x00, 0x00, 0x00, 0x00, 0x00, 0x00, 0x00, 0x00, 0x00,
    0x00, 0x00, 0x00, 0x00, 0x00, 0x00, 0x00, 0x00, 0x00, 0x00, 0x00, 0x00, 0x00, 0x00, 0x00, 0x00,
    0x00, 0x00, 0x00, 0x00, 0x00, 0x00, 0x00, 0x00, 0x00, 0x00, 0x00, 0x00, 0x00, 0x00, 0x00, 0x00,
    0x26, 0x00, 0x47, 0x00, 0x27, 0x00, 0x67, 0x00, 0x47, 0x00, 0xc5, 0x00, 0xc5, 0x00, 0x43, 0x00,
    0xe5, 0x00, 0x05, 0x00, 0xe5, 0x00, 0x63, 0x00, 0x46, 0x00, 0x6c, 0x00, 0x69, 0x00, 0x43, 0x00,
    0xc6, 0x00, 0xa9, 0x00, 0xe7, 0x00, 0x05, 0x00, 0x40, 0x00, 0x00, 0x00, 0x00, 0x00, 0x00, 0x00,
    0x00, 0x00, 0x00, 0x00, 0x81, 0x00, 0xc9, 0x00, 0xe9, 0x00, 0x25, 0x00, 0xe7, 0x00, 0xa9, 0x00,
    0xa9, 0x00, 0x83, 0x00, 0x00, 0x00, 0x00, 0x00, 0x00, 0x00, 0x00, 0x00, 0x00, 0x00, 0x00, 0x00,
    0x00, 0x00, 0x00, 0x00, 0x00, 0x00, 0x00, 0x00, 0x00, 0x00, 0x00, 0x00, 0x00, 0x00, 0x00, 0x00,
    0x00, 0x00, 0x00, 0x00, 0x00, 0x00, 0x00, 0x00, 0x00, 0x00, 0x00, 0x00, 0x00, 0x00, 0x00, 0x00,
    0x00, 0x00, 0x00, 0x00, 0x00, 0x00, 0x00, 0x00, 0x00, 0x00, 0x00, 0x00, 0x00, 0x00, 0x00, 0x00,
    0x85, 0x00, 0x85, 0x00, 0xe6, 0x00, 0x27, 0x00, 0x09, 0x00, 0x87, 0x00, 0xa8, 0x00, 0x06, 0x00,
    0x05, 0x00, 0xe7, 0x00, 0x28, 0x00, 0xa7, 0x00, 0x83, 0x00, 0x46, 0x00, 0x8c, 0x00, 0x66, 0x00,
    0xca, 0x00, 0x0b, 0x00, 0x48, 0x00, 0x66, 0x00, 0x25, 0x00, 0x00, 0x00, 0x00, 0x00, 0x00, 0x00,
    0x00, 0x00, 0x00, 0x00, 0x23, 0x00, 0x28, 0x00, 0x07, 0x00, 0xe4, 0x00, 0x46, 0x00, 0xcc, 0x00,
    0x4b, 0x00, 0x07, 0x00, 0x40, 0x00, 0x00, 0x00, 0x00, 0x00, 0x00, 0x00, 0x00, 0x00, 0x00, 0x00,
    0x00, 0x00, 0x00, 0x00, 0x00, 0x00, 0x00, 0x00, 0x00, 0x00, 0x00, 0x00, 0x00, 0x00, 0x00, 0x00,
    0x00, 0x00, 0x00, 0x00, 0x00, 0x00, 0x00, 0x00, 0x00, 0x00, 0x00, 0x00, 0x00, 0x00, 0xa1, 0x00,
    0xa4, 0x00, 0xe2, 0x00, 0x20, 0x00, 0x00, 0x00, 0x00, 0x00, 0x00, 0x00, 0x00, 0x00, 0x00, 0x00,
    0x61, 0x00, 0x20, 0x00, 0x85, 0x00, 0xe6, 0x00, 0x88, 0x00, 0xc8, 0x00, 0x67, 0x00, 0x67, 0x00,
    0xa4, 0x00, 0xc7, 0x00, 0xa9, 0x00, 0xea, 0x00, 0xe7, 0x00, 0xc5, 0x00, 0x49, 0x00, 0x0b, 0x00,
    0xad, 0x00, 0xc8, 0x00, 0x66, 0x00, 0xe7, 0x00, 0x66, 0x00, 0x00, 0x00, 0x00, 0x00, 0x00, 0x00,
    0x00, 0x00, 0x00, 0x00, 0x02, 0x00, 0x84, 0x00, 0xc4, 0x00, 0x25, 0x00, 0x46, 0x00, 0x08, 0x00,
    0x28, 0x00, 0x86, 0x00, 0x20, 0x00, 0x00, 0x00, 0x00, 0x00, 0x00, 0x00, 0x00, 0x00, 0x00, 0x00,
    0x00, 0x00, 0x00, 0x00, 0x00, 0x00, 0x00, 0x00, 0x00, 0x00, 0x00, 0x00, 0x00, 0x00, 0x00, 0x00,
    0x00, 0x00, 0x00, 0x00, 0x00, 0x00, 0x00, 0x00, 0x00, 0x00, 0x00, 0x00, 0x00, 0x00, 0x20, 0x00,
    0x69, 0x00, 0xac, 0x00, 0x2b, 0x00, 0xc7, 0x00, 0xc2, 0x00, 0x00, 0x00, 0x23, 0x00, 0x00, 0x00,
    0x00, 0x00, 0x00, 0x00, 0xa2, 0x00, 0x64, 0x00, 0xe3, 0x00, 0xe9, 0x00, 0xa8, 0x00, 0xc8, 0x00,
    0x67, 0x00, 0xc5, 0x00, 0xca, 0x00, 0x6b, 0x00, 0xea, 0x00, 0xa6, 0x00, 0x46, 0x00, 0x69, 0x00,
    0xea, 0x00, 0xa7, 0x00, 0x87, 0x00, 0x08, 0x00, 0xe5, 0x00, 0x00, 0x00, 0x00, 0x00, 0x00, 0x00,
    0x00, 0x00, 0x00, 0x00, 0xe2, 0x00, 0x05, 0x00, 0x87, 0x00, 0xc5, 0x00, 0xc4, 0x00, 0x89, 0x00,
    0xea, 0x00, 0xc7, 0x00, 0x61, 0x00, 0x00, 0x00, 0x00, 0x00, 0x00, 0x00, 0x00, 0x00, 0x00, 0x00,
    0x00, 0x00, 0x00, 0x00, 0x00, 0x00, 0x00, 0x00, 0x00, 0x00, 0x00, 0x00, 0x00, 0x00, 0x00, 0x00,
    0x00, 0x00, 0x00, 0x00, 0x00, 0x00, 0x02, 0x00, 0x05, 0x00, 0xa7, 0x00, 0x66, 0x00, 0x84, 0x00,
    0xc2, 0x00, 0x66, 0x00, 0x0a, 0x00, 0xec, 0x00, 0xac, 0x00, 0xe5, 0x00, 0x05, 0x00, 0x49, 0x00,
    0x81, 0x00, 0x00, 0x00, 0x00, 0x00, 0x00, 0x00, 0x85, 0x00, 0xa5, 0x00, 0xc8, 0x00, 0xc8, 0x00,
    0x46, 0x00, 0x06, 0x00, 0xc7, 0x00, 0x4b, 0x00, 0x0b, 0x00, 0xa9, 0x00, 0xa7, 0x00, 0x05, 0x00,
    0xa7, 0x00, 0x49, 0x00, 0x08, 0x00, 0x05, 0x00, 0x40, 0x00, 0x00, 0x00, 0x00, 0x00, 0x00, 0x00,
    0x00, 0x00, 0x00, 0x00, 0x00, 0x00, 0x23, 0x00, 0xa7, 0x00, 0xe8, 0x00, 0xe5, 0x00, 0x49, 0x00,
    0x0a, 0x00, 0xe7, 0x00, 0x81, 0x00, 0x00, 0x00, 0x00, 0x00, 0x00, 0x00, 0x00, 0x00, 0x00, 0x00,
    0x00, 0x00, 0x00, 0x00, 0x00, 0x00, 0x00, 0x00, 0x00, 0x00, 0x00, 0x00, 0x00, 0x00, 0x00, 0x00,
    0x20, 0x00, 0x64, 0x00, 0xaa, 0x00, 0xed, 0x00, 0x4e, 0x00, 0xcd, 0x00, 0xea, 0x00, 0x89, 0x00,
    0xa7, 0x00, 0x05, 0x00, 0xa6, 0x00, 0x48, 0x00, 0x68, 0x00, 0x68, 0x00, 0x84, 0x00, 0x28, 0x00,
    0x89, 0x00, 0x81, 0x00, 0x00, 0x00, 0x00, 0x00, 0x03, 0x00, 0xe2, 0x00, 0xe5, 0x00, 0xa8, 0x00,
    0xe8, 0x00, 0xe8, 0x00, 0x49, 0x00, 0x89, 0x00, 0xea, 0x00, 0x48, 0x00, 0x28, 0x00, 0xc7, 0x00,
    0x05, 0x00, 0x25, 0x00, 0x63, 0x00, 0x00, 0x00, 0x00, 0x00, 0x00, 0x00, 0x00, 0x00, 0x00, 0x00,
    0x00, 0x00, 0x00, 0x00, 0x20, 0x00, 0xc5, 0x00, 0xe5, 0x00, 0xe8, 0x00, 0xa7, 0x00, 0x05, 0x00,
    0xe7, 0x00, 0xe5, 0x00, 0x00, 0x00, 0x00, 0x00, 0x00, 0x00, 0x00, 0x00, 0x00, 0x00, 0x00, 0x00,
    0x00, 0x00, 0x00, 0x00, 0x00, 0x00, 0x00, 0x00, 0x00, 0x00, 0x00, 0x00, 0x00, 0x00, 0x00, 0x00,
    0x61, 0x00, 0x05, 0x00, 0x26, 0x00, 0x05, 0x00, 0x87, 0x00, 0x46, 0x00, 0xc7, 0x00, 0xca, 0x00,
    0x6b, 0x00, 0x8b, 0x00, 0x8b, 0x00, 0xec, 0x00, 0xcc, 0x00, 0x48, 0x00, 0x25, 0x00, 0x84, 0x00,
    0xe8, 0x00, 0x67, 0x00, 0xa5, 0x00, 0xc2, 0x00, 0x40, 0x00, 0x26, 0x00, 0xa7, 0x00, 0xc8, 0x00,
    0x49, 0x00, 0x29, 0x00, 0x89, 0x00, 0x89, 0x00, 0xcc, 0x00, 0x4b, 0x00, 0x0a, 0x00, 0x0a, 0x00,
    0xe9, 0x00, 0xab, 0x00, 0x27, 0x00, 0xc4, 0x00, 0xa1, 0x00, 0x00, 0x00, 0x00, 0x00, 0x00, 0x00,
    0x00, 0x00, 0x00, 0x00, 0x43, 0x00, 0xe8, 0x00, 0x64, 0x00, 0xe5, 0x00, 0xc7, 0x00, 0xa7, 0x00,
    0x05, 0x00, 0x40, 0x00, 0x00, 0x00, 0x00, 0x00, 0x00, 0x00, 0x00, 0x00, 0x00, 0x00, 0x00, 0x00,
    0x00, 0x00, 0x00, 0x00, 0x00, 0x00, 0x00, 0x00, 0x00, 0x00, 0x00, 0x00, 0x00, 0x00, 0x00, 0x00,
    0x00, 0x00, 0x00, 0x00, 0x61, 0x00, 0x43, 0x00, 0xe5, 0x00, 0x08, 0x00, 0x2b, 0x00, 0x0b, 0x00,
    0x2b, 0x00, 0x4e, 0x00, 0xcf, 0x00, 0x2d, 0x00, 0xcc, 0x00, 0xec, 0x00, 0x4b, 0x00, 0x89, 0x00,
    0x87, 0x00, 0xe5, 0x00, 0x46, 0x00, 0xa5, 0x00, 0x05, 0x00, 0x08, 0x00, 0xaa, 0x00, 0x69, 0x00,
    0xca, 0x00, 0x69, 0x00, 0x69, 0x00, 0x69, 0x00, 0x6b, 0x00, 0x6d, 0x00, 0x6d, 0x00, 0x8d, 0x00,
    0x4c, 0x00, 0xeb, 0x00, 0x4a, 0x00, 0x25, 0x00, 0xc6, 0x00, 0x63, 0x00, 0x00, 0x00, 0x00, 0x00,
    0x00, 0x00, 0x43, 0x00, 0xea, 0x00, 0x28, 0x00, 0x46, 0x00, 0xc5, 0x00, 0xc5, 0x00, 0x84, 0x00,
    0x20, 0x00, 0x00, 0x00, 0x00, 0x00, 0x00, 0x00, 0x00, 0x00, 0x00, 0x00, 0x00, 0x00, 0x00, 0x00,
    0x00, 0x00, 0x00, 0x00, 0x00, 0x00, 0x00, 0x00, 0x00, 0x00, 0x00, 0x00, 0x00, 0x00, 0x00, 0x00,
    0x81, 0x00, 0x26, 0x00, 0x47, 0x00, 0x67, 0x00, 0x8a, 0x00, 0x4c, 0x00, 0x8c, 0x00, 0xac, 0x00,
    0xcd, 0x00, 0x4b, 0x00, 0xed, 0x00, 0xed, 0x00, 0x0b, 0x00, 0x4b, 0x00, 0x2b, 0x00, 0xaa, 0x00,
    0xca, 0x00, 0xa7, 0x00, 0x84, 0x00, 0x26, 0x00, 0xc7, 0x00, 0x89, 0x00, 0xca, 0x00, 0x0b, 0x00,
    0x0b, 0x00, 0xca, 0x00, 0x69, 0x00, 0x0b, 0x00, 0xaa, 0x00, 0xab, 0x00, 0x0c, 0x00, 0xee, 0x00,
    0xee, 0x00, 0xeb, 0x00, 0xeb, 0x00, 0x07, 0x00, 0x85, 0x00, 0x27, 0x00, 0xe4, 0x00, 0x43, 0x00,
    0x46, 0x00, 0xac, 0x00, 0xcc, 0x00, 0x49, 0x00, 0x87, 0x00, 0x87, 0x00, 0x05, 0x00, 0x00, 0x00,
    0x00, 0x00, 0x00, 0x00, 0x00, 0x00, 0x00, 0x00, 0x00, 0x00, 0x00, 0x00, 0x00, 0x00, 0x00, 0x00,
    0x00, 0x00, 0x00, 0x00, 0x00, 0x00, 0x00, 0x00, 0x00, 0x00, 0x00, 0x00, 0x00, 0x00, 0x23, 0x00,
    0xc9, 0x00, 0x27, 0x00, 0x06, 0x00, 0x8a, 0x00, 0xad, 0x00, 0x0b, 0x00, 0x6c, 0x00, 0xd0, 0x00,
    0x0e, 0x00, 0x0b, 0x00, 0x4c, 0x00, 0xcd, 0x00, 0xad, 0x00, 0xaa, 0x00, 0x8a, 0x00, 0x69, 0x00,
    0x29, 0x00, 0xe8, 0x00, 0xc5, 0x00, 0xa7, 0x00, 0x08, 0x00, 0xaa, 0x00, 0xca, 0x00, 0xca, 0x00,
    0x4b, 0x00, 0xaa, 0x00, 0x49, 0x00, 0xca, 0x00, 0x4b, 0x00, 0xcf, 0x00, 0x4d, 0x00, 0x0c, 0x00,
    0xad, 0x00, 0x4c, 0x00, 0x8b, 0x00, 0xec, 0x00, 0x45, 0x00, 0xa9, 0x00, 0x0a, 0x00, 0x2b, 0x00,
    0xac, 0x00, 0xed, 0x00, 0x0b, 0x00, 0xe8, 0x00, 0x66, 0x00, 0xe8, 0x00, 0x03, 0x00, 0x00, 0x00,
    0x00, 0x00, 0x00, 0x00, 0x00, 0x00, 0x00, 0x00, 0x00, 0x00, 0x00, 0x00, 0x00, 0x00, 0x00, 0x00,
    0x00, 0x00, 0x00, 0x00, 0x00, 0x00, 0x00, 0x00, 0x00, 0x00, 0x00, 0x00, 0x44, 0x00, 0x88, 0x00,
    0x84, 0x00, 0xe6, 0x00, 0xe8, 0x00, 0x6c, 0x00, 0xcd, 0x00, 0xca, 0x00, 0x0b, 0x00, 0x4c, 0x00,
    0x8a, 0x00, 0x4c, 0x00, 0x49, 0x00, 0x29, 0x00, 0xaa, 0x00, 0x8a, 0x00, 0xaa, 0x00, 0x08, 0x00,
    0x87, 0x00, 0xe5, 0x00, 0x05, 0x00, 0xc7, 0x00, 0xaa, 0x00, 0x69, 0x00, 0x89, 0x00, 0x89, 0x00,
    0x69, 0x00, 0x89, 0x00, 0x49, 0x00, 0xe8, 0x00, 0x8c, 0x00, 0xef, 0x00, 0x30, 0x00, 0x0f, 0x00,
    0x0c, 0x00, 0x29, 0x00, 0x2a, 0x00, 0x0e, 0x00, 0xa6, 0x00, 0x48, 0x00, 0xc9, 0x00, 0xca, 0x00,
    0xac, 0x00, 0x0b, 0x00, 0x89, 0x00, 0x87, 0x00, 0xc8, 0x00, 0x05, 0x00, 0x00, 0x00, 0x00, 0x00,
    0x00, 0x00, 0x00, 0x00, 0x00, 0x00, 0x00, 0x00, 0x00, 0x00, 0x00, 0x00, 0x00, 0x00, 0x00, 0x00,
    0x00, 0x00, 0x00, 0x00, 0x00, 0x00, 0x00, 0x00, 0x00, 0x00, 0x20, 0x00, 0x03, 0x00, 0xe3, 0x00,
    0x47, 0x00, 0xa8, 0x00, 0x2c, 0x00, 0xee, 0x00, 0x6c, 0x00, 0x4c, 0x00, 0x49, 0x00, 0x29, 0x00,
    0x49, 0x00, 0xeb, 0x00, 0x49, 0x00, 0xc8, 0x00, 0xeb, 0x00, 0x69, 0x00, 0xc8, 0x00, 0xa8, 0x00,
    0xe5, 0x00, 0x84, 0x00, 0x86, 0x00, 0xc7, 0x00, 0x69, 0x00, 0xeb, 0x00, 0x8a, 0x00, 0x49, 0x00,
    0xe8, 0x00, 0xe5, 0x00, 0x08, 0x00, 0xa7, 0x00, 0x89, 0x00, 0xf0, 0x00, 0xaf, 0x00, 0x30, 0x00,
    0xd1, 0x00, 0x6d, 0x00, 0xae, 0x00, 0xce, 0x00, 0xa6, 0x00, 0x46, 0x00, 0x87, 0x00, 0x89, 0x00,
    0xca, 0x00, 0xea, 0x00, 0xa7, 0x00, 0xa7, 0x00, 0xa7, 0x00, 0x41, 0x00, 0x00, 0x00, 0x00, 0x00,
    0x00, 0x00, 0x00, 0x00, 0x00, 0x00, 0x00, 0x00, 0x00, 0x00, 0x00, 0x00, 0x00, 0x00, 0x00, 0x00,
    0x00, 0x00, 0x00, 0x00, 0x00, 0x00, 0x00, 0x00, 0x00, 0x00, 0x00, 0x00, 0x61, 0x00, 0x67, 0x00,
    0xc8, 0x00, 0x49, 0x00, 0x6f, 0x00, 0x8d, 0x00, 0x8d, 0x00, 0x49, 0x00, 0x6a, 0x00, 0xa8, 0x00,
    0x67, 0x00, 0x26, 0x00, 0x06, 0x00, 0x26, 0x00, 0xa7, 0x00, 0xa7, 0x00, 0x06, 0x00, 0xa5, 0x00,
    0x05, 0x00, 0x69, 0x00, 0xec, 0x00, 0x6b, 0x00, 0x28, 0x00, 0xe8, 0x00, 0x69, 0x00, 0xa7, 0x00,
    0x69, 0x00, 0x69, 0x00, 0x45, 0x00, 0x46, 0x00, 0x49, 0x00, 0x8c, 0x00, 0xaf, 0x00, 0xef, 0x00,
    0x2f, 0x00, 0x90, 0x00, 0xee, 0x00, 0x0c, 0x00, 0xa6, 0x00, 0x06, 0x00, 0x87, 0x00, 0xe8, 0x00,
    0x49, 0x00, 0xc7, 0x00, 0xa7, 0x00, 0x87, 0x00, 0x81, 0x00, 0x00, 0x00, 0x00, 0x00, 0x00, 0x00,
    0x00, 0x00, 0x00, 0x00, 0x20, 0x00, 0x00, 0x00, 0x00, 0x00, 0x00, 0x00, 0x00, 0x00, 0x00, 0x00,
    0x00, 0x00, 0x00, 0x00, 0x00, 0x00, 0x00, 0x00, 0x00, 0x00, 0x40, 0x00, 0x26, 0x00, 0xa8, 0x00,
    0x6a, 0x00, 0xeb, 0x00, 0xee, 0x00, 0xca, 0x00, 0x0b, 0x00, 0x09, 0x00, 0x47, 0x00, 0xc5, 0x00,
    0xc5, 0x00, 0x05, 0x00, 0xe5, 0x00, 0xc5, 0x00, 0x47, 0x00, 0xe5, 0x00, 0x26, 0x00, 0x87, 0x00,
    0xa9, 0x00, 0x8c, 0x00, 0x4e, 0x00, 0x2d, 0x00, 0x6b, 0x00, 0xc7, 0x00, 0xc5, 0x00, 0x66, 0x00,
    0xa9, 0x00, 0x0a, 0x00, 0x0a, 0x00, 0x28, 0x00, 0xa7, 0x00, 0x0a, 0x00, 0x2a, 0x00, 0xae, 0x00,
    0x0f, 0x00, 0x6d, 0x00, 0x0c, 0x00, 0x6a, 0x00, 0x25, 0x00, 0xa4, 0x00, 0xa7, 0x00, 0xc7, 0x00,
    0xc8, 0x00, 0x87, 0x00, 0x26, 0x00, 0x61, 0x00, 0x00, 0x00, 0x00, 0x00, 0x00, 0x00, 0x00, 0x00,
    0x00, 0x00, 0x02, 0x00, 0x43, 0x00, 0x00, 0x00, 0x00, 0x00, 0x00, 0x00, 0x00, 0x00, 0x00, 0x00,
    0x00, 0x00, 0x00, 0x00, 0x00, 0x00, 0x00, 0x00, 0x00, 0x00, 0xe6, 0x00, 0x47, 0x00, 0xa8, 0x00,
    0xcb, 0x00, 0x8a, 0x00, 0x0b, 0x00, 0x29, 0x00, 0xe8, 0x00, 0x26, 0x00, 0xc5, 0x00, 0x66, 0x00,
    0xe7, 0x00, 0xe7, 0x00, 0xe7, 0x00, 0x87, 0x00, 0xc8, 0x00, 0xe5, 0x00, 0xe5, 0x00, 0x08, 0x00,
    0x69, 0x00, 0x2b, 0x00, 0xcc, 0x00, 0x0d, 0x00, 0xcc, 0x00, 0xac, 0x00, 0x88, 0x00, 0x27, 0x00,
    0xc9, 0x00, 0x69, 0x00, 0xe7, 0x00, 0x4b, 0x00, 0x69, 0x00, 0x4b, 0x00, 0xcc, 0x00, 0x0a, 0x00,
    0xab, 0x00, 0xcb, 0x00, 0x2a, 0x00, 0xe9, 0x00, 0xc2, 0x00, 0x00, 0x00, 0xa1, 0x00, 0xc5, 0x00,
    0x87, 0x00, 0x67, 0x00, 0x26, 0x00, 0x02, 0x00, 0x00, 0x00, 0x00, 0x00, 0x00, 0x00, 0x00, 0x00,
    0x00, 0x00, 0xa6, 0x00, 0x63, 0x00, 0x00, 0x00, 0x00, 0x00, 0x00, 0x00, 0x00, 0x00, 0x00, 0x00,
    0x00, 0x00, 0x00, 0x00, 0x00, 0x00, 0x00, 0x00, 0x03, 0x00, 0xc8, 0x00, 0x84, 0x00, 0xc8, 0x00,
    0x8a, 0x00, 0xa8, 0x00, 0xeb, 0x00, 0x6a, 0x00, 0x47, 0x00, 0xe5, 0x00, 0x66, 0x00, 0x66, 0x00,
    0xe2, 0x00, 0x41, 0x00, 0x81, 0x00, 0x03, 0x00, 0x06, 0x00, 0xe8, 0x00, 0xe5, 0x00, 0xe5, 0x00,
    0xa7, 0x00, 0xca, 0x00, 0x2b, 0x00, 0x6b, 0x00, 0x8c, 0x00, 0x89, 0x00, 0x88, 0x00, 0xa9, 0x00,
    0xea, 0x00, 0x6b, 0x00, 0xe7, 0x00, 0x66, 0x00, 0xc7, 0x00, 0x68, 0x00, 0x2d, 0x00, 0xec, 0x00,
    0xa9, 0x00, 0xc9, 0x00, 0x48, 0x00, 0x89, 0x00, 0x20, 0x00, 0x00, 0x00, 0x00, 0x00, 0x00, 0x00,
    0xc2, 0x00, 0x64, 0x00, 0x20, 0x00, 0x00, 0x00, 0x00, 0x00, 0x00, 0x00, 0x00, 0x00, 0x00, 0x00,
    0x20, 0x00, 0xa9, 0x00, 0xe4, 0x00, 0x00, 0x00, 0x00, 0x00, 0x00, 0x00, 0x00, 0x00, 0x00, 0x00,
    0x00, 0x00, 0x00, 0x00, 0x00, 0x00, 0x00, 0x00, 0x26, 0x00, 0x43, 0x00, 0xa5, 0x00, 0xc8, 0x00,
    0x4a, 0x00, 0xc8, 0x00, 0xcb, 0x00, 0x6a, 0x00, 0x26, 0x00, 0x26, 0x00, 0xc5, 0x00, 0x00, 0x00,
    0x00, 0x00, 0x00, 0x00, 0x00, 0x00, 0x40, 0x00, 0x64, 0x00, 0x26, 0x00, 0x87, 0x00, 0x06, 0x00,
    0xe8, 0x00, 0x6a, 0x00, 0xeb, 0x00, 0x0b, 0x00, 0xea, 0x00, 0xa6, 0x00, 0x0a, 0x00, 0xc9, 0x00,
    0x86, 0x00, 0xe7, 0x00, 0x8c, 0x00, 0x86, 0x00, 0x05, 0x00, 0xea, 0x00, 0x0d, 0x00, 0xec, 0x00,
    0x8b, 0x00, 0x07, 0x00, 0xea, 0x00, 0x05, 0x00, 0x00, 0x00, 0x00, 0x00, 0x00, 0x00, 0x00, 0x00,
    0x00, 0x00, 0x00, 0x00, 0x00, 0x00, 0x00, 0x00, 0x00, 0x00, 0x00, 0x00, 0x00, 0x00, 0x00, 0x00,
    0x61, 0x00, 0xe9, 0x00, 0x07, 0x00, 0x20, 0x00, 0x00, 0x00, 0x00, 0x00, 0x00, 0x00, 0x00, 0x00,
    0x00, 0x00, 0x00, 0x00, 0x00, 0x00, 0x20, 0x00, 0xa2, 0x00, 0xa2, 0x00, 0x67, 0x00, 0x47, 0x00,
    0x4a, 0x00, 0x09, 0x00, 0x6a, 0x00, 0x29, 0x00, 0x47, 0x00, 0xe6, 0x00, 0x40, 0x00, 0x00, 0x00,
    0x00, 0x00, 0x00, 0x00, 0x20, 0x00, 0xe5, 0x00, 0x46, 0x00, 0xc8, 0x00, 0x29, 0x00, 0x28, 0x00,
    0x46, 0x00, 0xa7, 0x00, 0x6a, 0x00, 0x8a, 0x00, 0xe8, 0x00, 0x86, 0x00, 0xa7, 0x00, 0xa9, 0x00,
    0x4b, 0x00, 0x05, 0x00, 0xe7, 0x00, 0x46, 0x00, 0x46, 0x00, 0x0a, 0x00, 0x8b, 0x00, 0x8c, 0x00,
    0x6b, 0x00, 0xc9, 0x00, 0x69, 0x00, 0x20, 0x00, 0x00, 0x00, 0x00, 0x00, 0x00, 0x00, 0x00, 0x00,
    0x00, 0x00, 0x00, 0x00, 0x00, 0x00, 0x00, 0x00, 0x00, 0x00, 0x00, 0x00, 0x00, 0x00, 0x00, 0x00,
    0x40, 0x00, 0x89, 0x00, 0xc9, 0x00, 0xe2, 0x00, 0x00, 0x00, 0x00, 0x00, 0x00, 0x00, 0x00, 0x00,
    0x00, 0x00, 0x00, 0x00, 0x00, 0x00, 0x00, 0x00, 0x00, 0x00, 0x64, 0x00, 0x67, 0x00, 0x47, 0x00,
    0x4a, 0x00, 0x2a, 0x00, 0xc8, 0x00, 0xe8, 0x00, 0x67, 0x00, 0x84, 0x00, 0x00, 0x00, 0x00, 0x00,
    0x00, 0x00, 0x00, 0x00, 0x20, 0x00, 0x64, 0x00, 0x87, 0x00, 0xca, 0x00, 0x2b, 0x00, 0x8c, 0x00,
    0xca, 0x00, 0x87, 0x00, 0x46, 0x00, 0xa7, 0x00, 0x06, 0x00, 0x67, 0x00, 0x67, 0x00, 0x26, 0x00,
    0x0a, 0x00, 0xe5, 0x00, 0x63, 0x00, 0x46, 0x00, 0x07, 0x00, 0x48, 0x00, 0x4b, 0x00, 0x6b, 0x00,
    0xc9, 0x00, 0x48, 0x00, 0xc2, 0x00, 0x00, 0x00, 0x00, 0x00, 0x00, 0x00, 0x00, 0x00, 0x00, 0x00,
    0x00, 0x00, 0x00, 0x00, 0x00, 0x00, 0x00, 0x00, 0x23, 0x00, 0x08, 0x00, 0xa9, 0x00, 0x05, 0x00,
    0x00, 0x00, 0x48, 0x00, 0x2a, 0x00, 0x04, 0x00, 0x00, 0x00, 0x00, 0x00, 0x00, 0x00, 0x00, 0x00,
    0x00, 0x00, 0x00, 0x00, 0x00, 0x00, 0x00, 0x00, 0x00, 0x00, 0xa5, 0x00, 0x47, 0x00, 0x67, 0x00,
    0x09, 0x00, 0x4a, 0x00, 0xa8, 0x00, 0x67, 0x00, 0xa8, 0x00, 0x64, 0x00, 0x00, 0x00, 0x00, 0x00,
    0x00, 0x00, 0x40, 0x00, 0x84, 0x00, 0x46, 0x00, 0x8a, 0x00, 0xca, 0x00, 0xac, 0x00, 0x8c, 0x00,
    0xac, 0x00, 0x8c, 0x00, 0xc7, 0x00, 0x06, 0x00, 0x84, 0x00, 0x43, 0x00, 0xc5, 0x00, 0x23, 0x00,
    0xa4, 0x00, 0x05, 0x00, 0x46, 0x00, 0x48, 0x00, 0xa9, 0x00, 0x28, 0x00, 0x68, 0x00, 0xa9, 0x00,
    0x28, 0x00, 0xe5, 0x00, 0xe4, 0x00, 0x25, 0x00, 0x40, 0x00, 0x00, 0x00, 0x00, 0x00, 0x00, 0x00,
    0x00, 0x00, 0x00, 0x00, 0x00, 0x00, 0xe2, 0x00, 0x46, 0x00, 0xe5, 0x00, 0xe7, 0x00, 0x2a, 0x00,
    0x86, 0x00, 0xe7, 0x00, 0x0a, 0x00, 0x25, 0x00, 0x00, 0x00, 0x00, 0x00, 0x00, 0x00, 0x00, 0x00,
    0x00, 0x00, 0x00, 0x00, 0x00, 0x00, 0x00, 0x00, 0x20, 0x00, 0xe6, 0x00, 0x47, 0x00, 0x67, 0x00,
    0x67, 0x00, 0x09, 0x00, 0x29, 0x00, 0xa8, 0x00, 0xe9, 0x00, 0xa5, 0x00, 0x00, 0x00, 0x00, 0x00,
    0x00, 0x00, 0x61, 0x00, 0x64, 0x00, 0x67, 0x00, 0xeb, 0x00, 0xaa, 0x00, 0x4c, 0x00, 0xac, 0x00,
    0x8c, 0x00, 0xcd, 0x00, 0xca, 0x00, 0xc8, 0x00, 0x06, 0x00, 0xa5, 0x00, 0x64, 0x00, 0xe5, 0x00,
    0xc7, 0x00, 0x66, 0x00, 0x89, 0x00, 0x89, 0x00, 0xa9, 0x00, 0xa9, 0x00, 0x48, 0x00, 0x07, 0x00,
    0x66, 0x00, 0x05, 0x00, 0xa7, 0x00, 0xe9, 0x00, 0xe6, 0x00, 0x00, 0x00, 0x00, 0x00, 0x00, 0x00,
    0x00, 0x00, 0x00, 0x00, 0x00, 0x00, 0x81, 0x00, 0x20, 0x00, 0x00, 0x00, 0xa2, 0x00, 0x66, 0x00,
    0xc7, 0x00, 0xa6, 0x00, 0xa9, 0x00, 0xe4, 0x00, 0x00, 0x00, 0x00, 0x00, 0x00, 0x00, 0x00, 0x00,
    0x00, 0x00, 0x00, 0x00, 0x00, 0x00, 0x00, 0x00, 0x20, 0x00, 0xe6, 0x00, 0x06, 0x00, 0x67, 0x00,
    0x88, 0x00, 0x88, 0x00, 0x4a, 0x00, 0xe9, 0x00, 0xe9, 0x00, 0x26, 0x00, 0x20, 0x00, 0x00, 0x00,
    0x00, 0x00, 0x00, 0x00, 0xc5, 0x00, 0xa8, 0x00, 0x29, 0x00, 0xaa, 0x00, 0xaa, 0x00, 0x4b, 0x00,
    0xac, 0x00, 0x8c, 0x00, 0xca, 0x00, 0xe8, 0x00, 0xe5, 0x00, 0x84, 0x00, 0x64, 0x00, 0xc7, 0x00,
    0x89, 0x00, 0xe7, 0x00, 0x68, 0x00, 0x89, 0x00, 0xa9, 0x00, 0x68, 0x00, 0x68, 0x00, 0x66, 0x00,
    0xc5, 0x00, 0xe8, 0x00, 0xe7, 0x00, 0xe9, 0x00, 0xe9, 0x00, 0x02, 0x00, 0x00, 0x00, 0x00, 0x00,
    0x00, 0x00, 0x00, 0x00, 0x00, 0x00, 0x00, 0x00, 0x00, 0x00, 0x00, 0x00, 0x00, 0x00, 0x43, 0x00,
    0xe5, 0x00, 0x46, 0x00, 0x68, 0x00, 0x23, 0x00, 0x00, 0x00, 0x00, 0x00, 0x00, 0x00, 0x00, 0x00,
    0x00, 0x00, 0x00, 0x00, 0x00, 0x00, 0x00, 0x00, 0x00, 0x00, 0xe6, 0x00, 0xc5, 0x00, 0x27, 0x00,
    0x88, 0x00, 0x88, 0x00, 0x88, 0x00, 0xe9, 0x00, 0xc8, 0x00, 0x09, 0x00, 0xe5, 0x00, 0x20, 0x00,
    0x81, 0x00, 0x64, 0x00, 0x47, 0x00, 0xc8, 0x00, 0x49, 0x00, 0x49, 0x00, 0x0b, 0x00, 0x0b, 0x00,
    0xac, 0x00, 0x0b, 0x00, 0x69, 0x00, 0x08, 0x00, 0xc5, 0x00, 0xc5, 0x00, 0xa7, 0x00, 0x28, 0x00,
    0xa9, 0x00, 0xc7, 0x00, 0xe7, 0x00, 0x89, 0x00, 0x28, 0x00, 0xa6, 0x00, 0x05, 0x00, 0x84, 0x00,
    0x87, 0x00, 0x28, 0x00, 0x08, 0x00, 0x08, 0x00, 0xa9, 0x00, 0x05, 0x00, 0x00, 0x00, 0x00, 0x00,
    0x00, 0x00, 0x00, 0x00, 0x00, 0x00, 0x00, 0x00, 0x00, 0x00, 0x00, 0x00, 0x00, 0x00, 0xa2, 0x00,
    0xa4, 0x00, 0xe5, 0x00, 0xa7, 0x00, 0x20, 0x00, 0x00, 0x00, 0x00, 0x00, 0x00, 0x00, 0x00, 0x00,
    0x00, 0x00, 0x00, 0x00, 0x00, 0x00, 0x00, 0x00, 0x00, 0x00, 0x85, 0x00, 0xa5, 0x00, 0xc5, 0x00,
    0x27, 0x00, 0xc8, 0x00, 0x67, 0x00, 0x88, 0x00, 0x47, 0x00, 0x67, 0x00, 0xa8, 0x00, 0x47, 0x00,
    0x67, 0x00, 0xc5, 0x00, 0x87, 0x00, 0x09, 0x00, 0x8a, 0x00, 0x69, 0x00, 0x0b, 0x00, 0x0b, 0x00,
    0x69, 0x00, 0x8a, 0x00, 0xaa, 0x00, 0xa7, 0x00, 0x84, 0x00, 0x08, 0x00, 0x08, 0x00, 0x69, 0x00,
    0x89, 0x00, 0xe7, 0x00, 0xc7, 0x00, 0xc7, 0x00, 0x05, 0x00, 0xc5, 0x00, 0xe5, 0x00, 0x87, 0x00,
    0xe8, 0x00, 0x49, 0x00, 0xe8, 0x00, 0x66, 0x00, 0x86, 0x00, 0x84, 0x00, 0x00, 0x00, 0x00, 0x00,
    0x00, 0x00, 0x00, 0x00, 0x00, 0x00, 0x00, 0x00, 0x00, 0x00, 0x00, 0x00, 0x00, 0x00, 0xa2, 0x00,
    0x64, 0x00, 0x05, 0x00, 0x23, 0x00, 0x43, 0x00, 0x20, 0x00, 0x00, 0x00, 0x00, 0x00, 0x00, 0x00,
    0x00, 0x00, 0x00, 0x00, 0x00, 0x00, 0x00, 0x00, 0x00, 0x00, 0xc2, 0x00, 0x03, 0x00, 0xa5, 0x00,
    0x27, 0x00, 0x06, 0x00, 0x88, 0x00, 0xa8, 0x00, 0x09, 0x00, 0x67, 0x00, 0x47, 0x00, 0x88, 0x00,
    0x47, 0x00, 0x43, 0x00, 0x87, 0x00, 0x29, 0x00, 0x6a, 0x00, 0x49, 0x00, 0xca, 0x00, 0x8a, 0x00,
    0x49, 0x00, 0x0b, 0x00, 0x29, 0x00, 0xc5, 0x00, 0x46, 0x00, 0x28, 0x00, 0x08, 0x00, 0x08, 0x00,
    0x08, 0x00, 0x48, 0x00, 0xc7, 0x00, 0xc4, 0x00, 0xc5, 0x00, 0x06, 0x00, 0x87, 0x00, 0x87, 0x00,
    0x67, 0x00, 0x87, 0x00, 0xa7, 0x00, 0x66, 0x00, 0x05, 0x00, 0x81, 0x00, 0x00, 0x00, 0x00, 0x00,
    0x00, 0x00, 0x00, 0x00, 0x00, 0x00, 0x00, 0x00, 0x00, 0x00, 0x20, 0x00, 0x40, 0x00, 0x81, 0x00,
    0x46, 0x00, 0xa4, 0x00, 0x46, 0x00, 0x86, 0x00, 0x00, 0x00, 0x00, 0x00, 0x00, 0x00, 0x00, 0x00,
    0x00, 0x00, 0x00, 0x00, 0x00, 0x00, 0x00, 0x00, 0x00, 0x00, 0x00, 0x00, 0x00, 0x00, 0x85, 0x00,
    0x06, 0x00, 0x27, 0x00, 0x27, 0x00, 0x68, 0x00, 0x09, 0x00, 0xe9, 0x00, 0x88, 0x00, 0x47, 0x00,
    0xc5, 0x00, 0x84, 0x00, 0xa5, 0x00, 0xc8, 0x00, 0x29, 0x00, 0x29, 0x00, 0xa8, 0x00, 0x08, 0x00,
    0x6a, 0x00, 0x29, 0x00, 0xc4, 0x00, 0x25, 0x00, 0xa7, 0x00, 0xc7, 0x00, 0x49, 0x00, 0x28, 0x00,
    0xe7, 0x00, 0x25, 0x00, 0xc5, 0x00, 0xe5, 0x00, 0x46, 0x00, 0x47, 0x00, 0x47, 0x00, 0x47, 0x00,
    0x87, 0x00, 0xa7, 0x00, 0x87, 0x00, 0x26, 0x00, 0xe2, 0x00, 0x00, 0x00, 0x00, 0x00, 0x00, 0x00,
    0x00, 0x00, 0x00, 0x00, 0x00, 0x00, 0x00, 0x00, 0x00, 0x00, 0x03, 0x00, 0x84, 0x00, 0x84, 0x00,
    0x87, 0x00, 0x66, 0x00, 0xaa, 0x00, 0xe2, 0x00, 0x00, 0x00, 0x00, 0x00, 0x00, 0x00, 0x00, 0x00,
    0x00, 0x00, 0x00, 0x00, 0x00, 0x00, 0x00, 0x00, 0x00, 0x00, 0x00, 0x00, 0x00, 0x00, 0xc2, 0x00,
    0x06, 0x00, 0x27, 0x00, 0x88, 0x00, 0x47, 0x00, 0xc9, 0x00, 0xe9, 0x00, 0xa8, 0x00, 0x47, 0x00,
    0xe6, 0x00, 0xa5, 0x00, 0xa5, 0x00, 0x84, 0x00, 0x47, 0x00, 0xc8, 0x00, 0xa7, 0x00, 0xa8, 0x00,
    0x67, 0x00, 0xa4, 0x00, 0x05, 0x00, 0xa7, 0x00, 0xa7, 0x00, 0xe7, 0x00, 0x66, 0x00, 0x63, 0x00,
    0x61, 0x00, 0x00, 0x00, 0xe2, 0x00, 0xc5, 0x00, 0x85, 0x00, 0xe5, 0x00, 0x06, 0x00, 0x46, 0x00,
    0x67, 0x00, 0x06, 0x00, 0x43, 0x00, 0x40, 0x00, 0x00, 0x00, 0x00, 0x00, 0x00, 0x00, 0x00, 0x00,
    0x00, 0x00, 0x00, 0x00, 0x00, 0x00, 0x00, 0x00, 0x00, 0x00, 0x05, 0x00, 0x05, 0x00, 0x66, 0x00,
    0xa7, 0x00, 0x89, 0x00, 0x25, 0x00, 0x00, 0x00, 0x00, 0x00, 0x00, 0x00, 0x00, 0x00, 0x00, 0x00,
    0x00, 0x00, 0x00, 0x00, 0x00, 0x00, 0x00, 0x00, 0x00, 0x00, 0x00, 0x00, 0x00, 0x00, 0x00, 0x00,
    0x85, 0x00, 0xc5, 0x00, 0x06, 0x00, 0x47, 0x00, 0x67, 0x00, 0xa8, 0x00, 0x67, 0x00, 0x06, 0x00,
    0xe6, 0x00, 0xe6, 0x00, 0x47, 0x00, 0xc5, 0x00, 0x64, 0x00, 0x64, 0x00, 0x64, 0x00, 0x63, 0x00,
    0x84, 0x00, 0x46, 0x00, 0xe7, 0x00, 0xe7, 0x00, 0xa7, 0x00, 0xe5, 0x00, 0x43, 0x00, 0x61, 0x00,
    0x00, 0x00, 0x00, 0x00, 0x43, 0x00, 0x06, 0x00, 0x06, 0x00, 0xe6, 0x00, 0xe6, 0x00, 0xa4, 0x00,
    0xe2, 0x00, 0x00, 0x00, 0x00, 0x00, 0x00, 0x00, 0x00, 0x00, 0x00, 0x00, 0x00, 0x00, 0x00, 0x00,
    0x00, 0x00, 0x00, 0x00, 0x00, 0x00, 0x00, 0x00, 0x63, 0x00, 0xe8, 0x00, 0xa7, 0x00, 0xe8, 0x00,
    0x29, 0x00, 0x46, 0x00, 0x20, 0x00, 0x00, 0x00, 0x00, 0x00, 0x00, 0x00, 0x00, 0x00, 0x00, 0x00,
    0x00, 0x00, 0x00, 0x00, 0x00, 0x00, 0x00, 0x00, 0x00, 0x00, 0x00, 0x00, 0x00, 0x00, 0x00, 0x00,
    0x41, 0x00, 0x64, 0x00, 0xc5, 0x00, 0x27, 0x00, 0x27, 0x00, 0x27, 0x00, 0x47, 0x00, 0x27, 0x00,
    0xe6, 0x00, 0x47, 0x00, 0x47, 0x00, 0x26, 0x00, 0xe6, 0x00, 0x85, 0x00, 0x64, 0x00, 0x25, 0x00,
    0xc7, 0x00, 0x28, 0x00, 0xc7, 0x00, 0xe5, 0x00, 0xa4, 0x00, 0x06, 0x00, 0x67, 0x00, 0xe6, 0x00,
    0x43, 0x00, 0x61, 0x00, 0x06, 0x00, 0x67, 0x00, 0x27, 0x00, 0x47, 0x00, 0x26, 0x00, 0x67, 0x00,
    0xc5, 0x00, 0xc2, 0x00, 0x20, 0x00, 0x00, 0x00, 0xa2, 0x00, 0xe2, 0x00, 0xc4, 0x00, 0xa4, 0x00,
    0x20, 0x00, 0x00, 0x00, 0x00, 0x00, 0x64, 0x00, 0x69, 0x00, 0x49, 0x00, 0xa7, 0x00, 0x26, 0x00,
    0x64, 0x00, 0x00, 0x00, 0x00, 0x00, 0x00, 0x00, 0x00, 0x00, 0x00, 0x00, 0x00, 0x00, 0x00, 0x00,
    0x00, 0x00, 0x00, 0x00, 0x00, 0x00, 0x00, 0x00, 0x00, 0x00, 0x00, 0x00, 0x00, 0x00, 0x00, 0x00,
    0x00, 0x00, 0x20, 0x00, 0x81, 0x00, 0x06, 0x00, 0x88, 0x00, 0x88, 0x00, 0x67, 0x00, 0xe5, 0x00,
    0xa8, 0x00, 0x47, 0x00, 0x67, 0x00, 0xc8, 0x00, 0x84, 0x00, 0x67, 0x00, 0x06, 0x00, 0x66, 0x00,
    0xa7, 0x00, 0xa4, 0x00, 0x84, 0x00, 0x27, 0x00, 0x26, 0x00, 0x47, 0x00, 0x67, 0x00, 0x47, 0x00,
    0x06, 0x00, 0xe6, 0x00, 0xa5, 0x00, 0x27, 0x00, 0x47, 0x00, 0x87, 0x00, 0xc8, 0x00, 0xe8, 0x00,
    0x49, 0x00, 0xe8, 0x00, 0x46, 0x00, 0xe5, 0x00, 0xa7, 0x00, 0x08, 0x00, 0xe7, 0x00, 0x28, 0x00,
    0x66, 0x00, 0xe2, 0x00, 0x26, 0x00, 0xe8, 0x00, 0x87, 0x00, 0x26, 0x00, 0x84, 0x00, 0x02, 0x00,
    0x00, 0x00, 0x00, 0x00, 0x00, 0x00, 0x00, 0x00, 0x00, 0x00, 0x00, 0x00, 0x00, 0x00, 0x00, 0x00,
    0x00, 0x00, 0x00, 0x00, 0x00, 0x00, 0x00, 0x00, 0x00, 0x00, 0x00, 0x00, 0x00, 0x00, 0x00, 0x00,
    0x00, 0x00, 0x00, 0x00, 0x00, 0x00, 0x40, 0x00, 0x44, 0x00, 0x06, 0x00, 0x85, 0x00, 0x06, 0x00,
    0x8a, 0x00, 0x06, 0x00, 0x67, 0x00, 0xaa, 0x00, 0xc5, 0x00, 0x67, 0x00, 0xc8, 0x00, 0x81, 0x00,
    0x00, 0x00, 0x00, 0x00, 0xc2, 0x00, 0xa5, 0x00, 0xe6, 0x00, 0x27, 0x00, 0x26, 0x00, 0x67, 0x00,
    0x67, 0x00, 0x67, 0x00, 0x06, 0x00, 0x85, 0x00, 0xa5, 0x00, 0xc5, 0x00, 0xc8, 0x00, 0x49, 0x00,
    0x09, 0x00, 0x09, 0x00, 0x49, 0x00, 0xc8, 0x00, 0x08, 0x00, 0xe7, 0x00, 0xc7, 0x00, 0xa9, 0x00,
    0xa6, 0x00, 0x05, 0x00, 0x87, 0x00, 0xa7, 0x00, 0x08, 0x00, 0x69, 0x00, 0xc7, 0x00, 0x84, 0x00,
    0x20, 0x00, 0x00, 0x00, 0x00, 0x00, 0x00, 0x00, 0x00, 0x00, 0x00, 0x00, 0x00, 0x00, 0x00, 0x00,
    0x00, 0x00, 0x00, 0x00, 0x00, 0x00, 0x00, 0x00, 0x00, 0x00, 0x00, 0x00, 0x00, 0x00, 0x00, 0x00,
    0x00, 0x00, 0x00, 0x00, 0x00, 0x00, 0x00, 0x00, 0x00, 0x00, 0x00, 0x00, 0x23, 0x00, 0x2b, 0x00,
    0xe7, 0x00, 0x43, 0x00, 0xe8, 0x00, 0xea, 0x00, 0xc5, 0x00, 0xc5, 0x00, 0x89, 0x00, 0xc7, 0x00,
    0x00, 0x00, 0x00, 0x00, 0x00, 0x00, 0x00, 0x00, 0x20, 0x00, 0x03, 0x00, 0x06, 0x00, 0x47, 0x00,
    0x88, 0x00, 0x67, 0x00, 0x47, 0x00, 0x67, 0x00, 0x06, 0x00, 0x64, 0x00, 0x84, 0x00, 0x47, 0x00,
    0x67, 0x00, 0xe8, 0x00, 0x6a, 0x00, 0x67, 0x00, 0x08, 0x00, 0xa9, 0x00, 0xa4, 0x00, 0x68, 0x00,
    0x86, 0x00, 0x46, 0x00, 0x87, 0x00, 0xa7, 0x00, 0x05, 0x00, 0x23, 0x00, 0x41, 0x00, 0x00, 0x00,
    0x00, 0x00, 0x00, 0x00, 0x00, 0x00, 0x00, 0x00, 0x00, 0x00, 0x00, 0x00, 0x00, 0x00, 0x00, 0x00,
    0x00, 0x00, 0x00, 0x00, 0x00, 0x00, 0x00, 0x00, 0x00, 0x00, 0x00, 0x00, 0x00, 0x00, 0x00, 0x00,
    0x00, 0x00, 0x00, 0x00, 0x00, 0x00, 0x00, 0x00, 0x00, 0x00, 0x00, 0x00, 0xc4, 0x00, 0xea, 0x00,
    0x46, 0x00, 0x03, 0x00, 0xc7, 0x00, 0x68, 0x00, 0xc4, 0x00, 0x84, 0x00, 0xe7, 0x00, 0x07, 0x00,
    0x20, 0x00, 0x00, 0x00, 0x00, 0x00, 0x00, 0x00, 0x00, 0x00, 0x00, 0x00, 0x20, 0x00, 0xa2, 0x00,
    0x43, 0x00, 0xc5, 0x00, 0xe5, 0x00, 0x06, 0x00, 0x67, 0x00, 0x67, 0x00, 0x06, 0x00, 0x84, 0x00,
    0x23, 0x00, 0xc5, 0x00, 0x26, 0x00, 0x64, 0x00, 0x23, 0x00, 0x66, 0x00, 0x23, 0x00, 0x02, 0x00,
    0x05, 0x00, 0x02, 0x00, 0xc2, 0x00, 0x40, 0x00, 0x00, 0x00, 0x00, 0x00, 0x00, 0x00, 0x00, 0x00,
    0x00, 0x00, 0x00, 0x00, 0x00, 0x00, 0x00, 0x00, 0x00, 0x00, 0x00, 0x00, 0x00, 0x00, 0x00, 0x00,
    0x00, 0x00, 0x00, 0x00, 0x00, 0x00, 0x00, 0x00, 0x00, 0x00, 0x00, 0x00, 0x00, 0x00, 0x00, 0x00,
    0x00, 0x00, 0x00, 0x00, 0x00, 0x00, 0x00, 0x00, 0x00, 0x00, 0x00, 0x00, 0xc2, 0x00, 0x46, 0x00,
    0xa2, 0x00, 0x81, 0x00, 0x43, 0x00, 0x86, 0x00, 0xc2, 0x00, 0xe2, 0x00, 0x43, 0x00, 0xa4, 0x00,
    0x00, 0x00, 0x00, 0x00, 0x00, 0x00, 0x00, 0x00, 0x00, 0x00, 0x00, 0x00, 0x00, 0x00, 0x00, 0x00,
    0x00, 0x00, 0x00, 0x00, 0x00, 0x00, 0x20, 0x00, 0x61, 0x00, 0x81, 0x00, 0x81, 0x00, 0x61, 0x00,
    0x00, 0x00, 0x00, 0x00, 0x20, 0x00, 0x00, 0x00, 0x00, 0x00, 0x20, 0x00, 0x20, 0x00, 0x00, 0x00,
    0x00, 0x00, 0x00, 0x00, 0x00, 0x00, 0x00, 0x00, 0x00, 0x00, 0x00, 0x00, 0x00, 0x00, 0x00, 0x00,
    0x00, 0x00, 0x00, 0x00, 0x00, 0x00, 0x00, 0x00, 0x00, 0x00, 0x00, 0x00, 0x00, 0x00, 0x00, 0x00,
    0x00, 0x00, 0x00, 0x00, 0x00, 0x00, 0x00, 0x00, 0x00, 0x00, 0x00, 0x00, 0x00, 0x00, 0x00, 0x00,
    0x00, 0x00, 0x00, 0x00, 0x00, 0x00, 0x00, 0x00, 0x00, 0x00, 0x00, 0x00, 0x00, 0x00, 0x40, 0x00,
    0x00, 0x00, 0x00, 0x00, 0x00, 0x00, 0x61, 0x00, 0x00, 0x00, 0x00, 0x00, 0x00, 0x00, 0x20, 0x00,
    0x00, 0x00, 0x00, 0x00, 0x00, 0x00, 0x00, 0x00, 0x00, 0x00, 0x00, 0x00, 0x00, 0x00, 0x00, 0x00,
    0x00, 0x00, 0x00, 0x00, 0x00, 0x00, 0x00, 0x00, 0x00, 0x00, 0x00, 0x00, 0x00, 0x00, 0x00, 0x00,
    0x00, 0x00, 0x00, 0x00, 0x00, 0x00, 0x00, 0x00, 0x00, 0x00, 0x00, 0x00, 0x00, 0x00, 0x00, 0x00,
    0x00, 0x00, 0x00, 0x00, 0x00, 0x00, 0x00, 0x00, 0x00, 0x00, 0x00, 0x00, 0x00, 0x00, 0x00, 0x00,
    0x00, 0x00, 0x00, 0x00, 0x00, 0x00, 0x00, 0x00, 0x00, 0x00, 0x00, 0x00, 0x00, 0x00, 0x00, 0x00,
    0x00, 0x00, 0x00, 0x00, 0x00, 0x00, 0x00, 0x00, 0x00, 0x00, 0x00, 0x00, 0x00, 0x00, 0x00, 0x00,
    0x00, 0x00, 0x00, 0x00, 0x00, 0x00, 0x00, 0x00, 0x00, 0x00, 0x00, 0x00, 0x00, 0x00, 0x00, 0x00,
    0x00, 0x00, 0x00, 0x00, 0x00, 0x00, 0x00, 0x00, 0x00, 0x00, 0x00, 0x00, 0x00, 0x00, 0x00, 0x00,
    0x00, 0x00, 0x00, 0x00, 0x00, 0x00, 0x00, 0x00, 0x00, 0x00, 0x00, 0x00, 0x00, 0x00, 0x00, 0x00,
    0x00, 0x00, 0x00, 0x00, 0x00, 0x00, 0x00, 0x00, 0x00, 0x00, 0x00, 0x00, 0x00, 0x00, 0x00, 0x00,
    0x00, 0x00, 0x00, 0x00, 0x00, 0x00, 0x00, 0x00, 0x00, 0x00, 0x00, 0x00, 0x00, 0x00, 0x00, 0x00,
    0x00, 0x00, 0x00, 0x00, 0x00, 0x00, 0x00, 0x00, 0x00, 0x00, 0x00, 0x00, 0x00, 0x00, 0x00, 0x00,
    0x00, 0x00, 0x00, 0x00, 0x00, 0x00, 0x00, 0x00, 0x00, 0x00, 0x00, 0x00, 0x00, 0x00, 0x00, 0x00,
    0x00, 0x00, 0x00, 0x00, 0x00, 0x00, 0x00, 0x00, 0x00, 0x00, 0x00, 0x00, 0x00, 0x00, 0x00, 0x00,
    0x00, 0x00, 0x00, 0x00, 0x00, 0x00, 0x00, 0x00, 0x00, 0x00, 0x00, 0x00, 0x00, 0x00, 0x00, 0x00,
    0x00, 0x00, 0x00, 0x00, 0x00, 0x00, 0x00, 0x00, 0x00, 0x00, 0x00, 0x00, 0x00, 0x00, 0x00, 0x00,
    0x00, 0x00, 0x00, 0x00, 0x00, 0x00, 0x00, 0x00, 0x00, 0x00, 0x00, 0x00, 0x00, 0x00, 0x00, 0x00,
    0x00, 0x00, 0x00, 0x00, 0x00, 0x00, 0x00, 0x00, 0x00, 0x00, 0x00, 0x00, 0x00, 0x00, 0x00, 0x00,
    0x00, 0x00, 0x00, 0x00, 0x00, 0x00, 0x00, 0x00, 0x00, 0x00, 0x00, 0x00, 0x00, 0x00, 0x00, 0x00,
    0x00, 0x00, 0x00, 0x00, 0x00, 0x00, 0x00, 0x00, 0x00, 0x00, 0x00, 0x00, 0x00, 0x00, 0x00, 0x00,
    0x00, 0x00, 0x00, 0x00, 0x00, 0x00, 0x00, 0x00, 0x00, 0x00, 0x00, 0x00, 0x00, 0x00, 0x00, 0x00,
    0x00, 0x00, 0x00, 0x00, 0x00, 0x00, 0x00, 0x00, 0x00, 0x00, 0x00, 0x00, 0x00, 0x00, 0x00, 0x00,
    0x00, 0x00, 0x00, 0x00, 0x00, 0x00, 0x00, 0x00, 0x00, 0x00, 0x00, 0x00, 0x00, 0x00, 0x00, 0x00,
    0x00, 0x00, 0x00, 0x00, 0x00, 0x00, 0x00, 0x00, 0x00, 0x00, 0x00, 0x00, 0x00, 0x00, 0x00, 0x00,
    0x00, 0x00, 0x00, 0x00, 0x00, 0x00, 0x00, 0x00, 0x00, 0x00, 0x00, 0x00, 0x00, 0x00, 0x00, 0x00,
    0x00, 0x00, 0x00, 0x00, 0x00, 0x00, 0x00, 0x00, 0x00, 0x00, 0x00, 0x00, 0x00, 0x00, 0x00, 0x00,
    0x00, 0x00, 0x00, 0x00, 0x00, 0x00, 0x00, 0x00, 0x00, 0x00, 0x00, 0x00, 0x00, 0x00, 0x00, 0x00,
    0x00, 0x00, 0x00, 0x00, 0x00, 0x00, 0x00, 0x00, 0x00, 0x00, 0x00, 0x00, 0x00, 0x00, 0x00, 0x00,
    0x00, 0x00, 0x00, 0x00, 0x00, 0x00, 0x00, 0x00, 0x00, 0x00, 0x00, 0x00, 0x00, 0x00, 0x00, 0x00,
    0x00, 0x00, 0x00, 0x00, 0x00, 0x00, 0x00, 0x00, 0x00, 0x00, 0x00, 0x00, 0x00, 0x00, 0x00, 0x00,
    0x00, 0x00, 0x00, 0x00, 0x00, 0x00, 0x00, 0x02, 0x00, 0x00, 0x00, 0x00, 0x00, 0x00, 0x35, 0x2b,
    0x00, 0x00, 0x00, 0x00, 0x00, 0x00, 0x00, 0x00, 0x00, 0x00, 0x00, 0x00, 0x00, 0x00, 0x00, 0x00,
    0x00, 0x00, 0x00, 0x00, 0x00, 0x00, 0x00, 0x00, 0x00, 0x00, 0x00, 0x00, 0x00, 0x00, 0x00, 0x00,
    0x00, 0x00, 0x00, 0x00, 0x00, 0x00, 0x00, 0x00, 0x00, 0x00, 0x00, 0x00, 0x00, 0x00, 0x00, 0x00,
    0x2f, 0x0f, 0x00, 0x00, 0x00, 0x00, 0x50, 0x20, 0x00, 0x00, 0x00, 0x00, 0x00, 0x00, 0x92, 0x8c,
    0x00, 0x00, 0x00, 0x05, 0x00, 0x00, 0x00, 0x00, 0x00, 0x00, 0x00, 0x00, 0x00, 0x00, 0x00, 0x00,
    0x00, 0x00, 0x00, 0x00, 0x00, 0x00, 0x00, 0x00, 0x00, 0x00, 0x00, 0x00, 0x00, 0x00, 0x00, 0x00,
    0x00, 0x00, 0x00, 0x00, 0x00, 0x00, 0x00, 0x00, 0x00, 0x00, 0x00, 0x00, 0x00, 0x00, 0x00, 0x00,
    0xd3, 0x36, 0x00, 0x00, 0x00, 0x02, 0xfd, 0x0f, 0x00, 0x00, 0x00, 0x00, 0x00, 0x00, 0x59, 0xfd,
    0x11, 0x00, 0x24, 0x3a, 0x00, 0x00, 0x00, 0x00, 0x00, 0x00, 0x00, 0x00, 0x00, 0x00, 0x00, 0x00,
    0x00, 0x00, 0x00, 0x00, 0x00, 0x00, 0x00, 0x00, 0x00, 0x00, 0x00, 0x00, 0x00, 0x00, 0x00, 0x00,
    0x00, 0x00, 0x00, 0x00, 0x00, 0x00, 0x00, 0x00, 0x00, 0x00, 0x00, 0x00, 0x00, 0x00, 0x00, 0x00,
    0xb9, 0xca, 0x01, 0x00, 0x00, 0x0e, 0xff, 0x35, 0x00, 0x00, 0x04, 0x1b, 0x00, 0x00, 0x0a, 0xff,
    0xe2, 0x1a, 0x5c, 0x8f, 0x00, 0x00, 0x00, 0x43, 0x22, 0x00, 0x00, 0x00, 0x00, 0x00, 0x00, 0x00,
    0x00, 0x00, 0x00, 0x00, 0x00, 0x00, 0x00, 0x00, 0x00, 0x00, 0x00, 0x00, 0x00, 0x00, 0x00, 0x00,
    0x00, 0x00, 0x00, 0x00, 0x00, 0x00, 0x00, 0x00, 0x00, 0x00, 0x00, 0x00, 0x00, 0x00, 0x00, 0x00,
    0x45, 0xff, 0xa6, 0x0e, 0x00, 0x00, 0xe4, 0xd9, 0x07, 0x00, 0x19, 0xc3, 0x00, 0x00, 0x00, 0x4b,
    0xff, 0xff, 0xda, 0xff, 0x3d, 0x00, 0x00, 0x39, 0xfb, 0x03, 0x00, 0x00, 0x00, 0x00, 0x00, 0x00,
    0x00, 0x00, 0x00, 0x00, 0x00, 0x00, 0x00, 0x00, 0x00, 0x00, 0x00, 0x00, 0x00, 0x00, 0x00, 0x00,
    0x00, 0x00, 0x00, 0x00, 0x00, 0x00, 0x00, 0x00, 0x00, 0x00, 0x00, 0x00, 0x00, 0x00, 0x00, 0x00,
    0x01, 0xba, 0xff, 0xff, 0x92, 0x3c, 0xb5, 0xff, 0xcf, 0x17, 0x04, 0xf9, 0x4c, 0x00, 0x00, 0x00,
    0x4a, 0xff, 0xff, 0xfb, 0xff, 0xb0, 0x1e, 0x04, 0xff, 0x4a, 0x00, 0x00, 0x00, 0x00, 0x00, 0x00,
    0x00, 0x00, 0x00, 0x00, 0x00, 0x00, 0x00, 0x00, 0x00, 0x00, 0x00, 0x00, 0x00, 0x00, 0x00, 0x00,
    0x00, 0x00, 0x00, 0x00, 0x00, 0x00, 0x00, 0x00, 0x00, 0x00, 0x00, 0x00, 0x00, 0x00, 0x00, 0x00,
    0x00, 0x03, 0x83, 0xf7, 0xff, 0xff, 0xfd, 0xf5, 0xff, 0xff, 0xad, 0xe8, 0xff, 0x73, 0x04, 0x11,
    0x42, 0x32, 0xd7, 0xfb, 0xf7, 0xff, 0xff, 0x64, 0xf1, 0xb2, 0x00, 0x00, 0x00, 0x00, 0x00, 0x00,
    0x00, 0x00, 0x00, 0x00, 0x00, 0x00, 0x00, 0x00, 0x00, 0x00, 0x00, 0x00, 0x00, 0x00, 0x00, 0x00,
    0x00, 0x00, 0x00, 0x00, 0x00, 0x00, 0x00, 0x00, 0x00, 0x00, 0x00, 0x00, 0x00, 0x00, 0x09, 0x00,
    0x00, 0x01, 0x21, 0xe6, 0xff, 0xff, 0xff, 0xff, 0xff, 0xff, 0xff, 0xff, 0xf9, 0xff, 0xde, 0x6b,
    0xff, 0xb4, 0xab, 0xff, 0xfd, 0xfb, 0xfb, 0xff, 0xff, 0xde, 0x00, 0x00, 0x00, 0x00, 0x00, 0x00,
    0x00, 0x00, 0x00, 0x00, 0x00, 0x00, 0x00, 0x00, 0x00, 0x00, 0x00, 0x00, 0x00, 0x00, 0x00, 0x00,
    0x00, 0x00, 0x00, 0x00, 0x00, 0x00, 0x00, 0x00, 0x00, 0x00, 0x00, 0x00, 0x00, 0x00, 0x85, 0xe8,
    0xb7, 0xeb, 0xff, 0xff, 0xbe, 0x6f, 0x4c, 0x59, 0x86, 0xe2, 0xff, 0xfd, 0xff, 0xf9, 0xff, 0xff,
    0xf9, 0xff, 0xff, 0xff, 0xff, 0xff, 0xff, 0xf9, 0xff, 0xe4, 0x46, 0x08, 0x00, 0x00, 0x00, 0x00,
    0x00, 0x00, 0x00, 0x00, 0x00, 0x00, 0x00, 0x00, 0x00, 0x00, 0x00, 0x00, 0x00, 0x00, 0x00, 0x00,
    0x00, 0x00, 0x00, 0x00, 0x00, 0x00, 0x00, 0x00, 0x00, 0x00, 0x00, 0x00, 0x00, 0x00, 0x02, 0x89,
    0xff, 0xeb, 0x78, 0x14, 0x00, 0x00, 0x00, 0x00, 0x00, 0x03, 0x5c, 0xff, 0xfb, 0xff, 0xfd, 0xfb,
    0xff, 0xfb, 0xfd, 0xff, 0xff, 0xff, 0xff, 0xff, 0xff, 0xf5, 0xff, 0x7f, 0x00, 0x00, 0x00, 0x00,
    0x00, 0x00, 0x00, 0x00, 0x00, 0x00, 0x00, 0x00, 0x00, 0x00, 0x00, 0x00, 0x00, 0x00, 0x00, 0x00,
    0x00, 0x00, 0x00, 0x00, 0x00, 0x00, 0x00, 0x00, 0x00, 0x00, 0x00, 0x00, 0x00, 0x00, 0x00, 0x00,
    0x04, 0x02, 0x00, 0x00, 0x00, 0x04, 0x00, 0x00, 0x00, 0x00, 0x0f, 0x63, 0xfb, 0xfb, 0xff, 0xff,
    0xff, 0xff, 0xff, 0xff, 0xff, 0xff, 0xff, 0xff, 0xff, 0xff, 0xfd, 0xe9, 0x26, 0x1a, 0x00, 0x00,
    0x00, 0x00, 0x00, 0x00, 0x00, 0x00, 0x00, 0x00, 0x00, 0x00, 0x00, 0x00, 0x00, 0x00, 0x00, 0x00,
    0x00, 0x00, 0x00, 0x00, 0x00, 0x00, 0x00, 0x00, 0x00, 0x00, 0x00, 0x00, 0x00, 0x00, 0x00, 0x00,
    0x00, 0x00, 0x00, 0x00, 0x00, 0x78, 0xc3, 0x7f, 0x73, 0x73, 0xfb, 0xeb, 0xfd, 0xff, 0xff, 0xff,
    0xff, 0xff, 0xff, 0xff, 0xff, 0xff, 0xff, 0xff, 0xff, 0xff, 0xff, 0xf9, 0xe9, 0xd5, 0x01, 0x00,
    0x00, 0x00, 0x00, 0x00, 0x00, 0x00, 0x00, 0x00, 0x00, 0x00, 0x00, 0x00, 0x00, 0x00, 0x00, 0x00,
    0x00, 0x00, 0x00, 0x00, 0x00, 0x00, 0x00, 0x00, 0x00, 0x00, 0x00, 0x00, 0x00, 0x00, 0x00, 0x00,
    0x00, 0x00, 0x00, 0x00, 0x00, 0x05, 0xce, 0xff, 0xff, 0xff, 0xff, 0xff, 0xff, 0xff, 0xff, 0xff,
    0xff, 0xff, 0xff, 0xff, 0xff, 0xff, 0xff, 0xff, 0xff, 0xff, 0xff, 0xff, 0xff, 0xff, 0x0e, 0x00,
    0x00, 0x00, 0x00, 0x00, 0x00, 0x00, 0x00, 0x00, 0x00, 0x00, 0x00, 0x00, 0x00, 0x00, 0x00, 0x00,
    0x00, 0x00, 0x00, 0x00, 0x00, 0x00, 0x00, 0x00, 0x00, 0x00, 0x00, 0x00, 0x00, 0x00, 0x00, 0x00,
    0x00, 0x00, 0x00, 0x00, 0x00, 0x00, 0x00, 0x43, 0xcf, 0xf5, 0xfd, 0xff, 0xff, 0xff, 0xff, 0xff,
    0xff, 0xff, 0xff, 0xff, 0xff, 0xff, 0xff, 0xff, 0xff, 0xff, 0xff, 0xff, 0xf9, 0xfb, 0x95, 0x01,
    0x00, 0x00, 0x00, 0x00, 0x00, 0x00, 0x00, 0x00, 0x00, 0x00, 0x00, 0x00, 0x00, 0x00, 0x00, 0x00,
    0x00, 0x00, 0x00, 0x00, 0x00, 0x00, 0x00, 0x00, 0x00, 0x00, 0x00, 0x00, 0x00, 0x00, 0x00, 0x00,
    0x00, 0x00, 0x00, 0x00, 0x00, 0x07, 0x16, 0x38, 0xb5, 0xfd, 0xfd, 0xff, 0xff, 0xff, 0xff, 0xff,
    0xff, 0xff, 0xff, 0xff, 0xff, 0xff, 0xff, 0xff, 0xff, 0xff, 0xff, 0xff, 0xff, 0xf9, 0xff, 0x70,
    0x00, 0x00, 0x00, 0x00, 0x00, 0x00, 0x00, 0x00, 0x00, 0x00, 0x00, 0x00, 0x00, 0x00, 0x00, 0x00,
    0x00, 0x00, 0x00, 0x00, 0x00, 0x00, 0x00, 0x00, 0x00, 0x00, 0x00, 0x00, 0x00, 0x00, 0x00, 0x00,
    0x00, 0x00, 0x06, 0x67, 0xca, 0xff, 0xff, 0xff, 0xff, 0xff, 0xff, 0xff, 0xff, 0xff, 0xff, 0xff,
    0xff, 0xff, 0xff, 0xff, 0xff, 0xff, 0xff, 0xff, 0xff, 0xff, 0xff, 0xff, 0xff, 0xff, 0xf9, 0xff,
    0x09, 0x00, 0x00, 0x00, 0x00, 0x00, 0x00, 0x00, 0x00, 0x00, 0x00, 0x00, 0x00, 0x00, 0x00, 0x00,
    0x00, 0x00, 0x00, 0x00, 0x00, 0x00, 0x00, 0x00, 0x00, 0x00, 0x00, 0x00, 0x00, 0x00, 0x00, 0x00,
    0x00, 0x00, 0x03, 0x44, 0xa0, 0xde, 0xed, 0xf7, 0xfb, 0xff, 0xff, 0xff, 0xff, 0xff, 0xff, 0xff,
    0xff, 0xff, 0xff, 0xff, 0xff, 0xff, 0xff, 0xff, 0xff, 0xff, 0xff, 0xff, 0xff, 0xff, 0xfb, 0xff,
    0x12, 0x00, 0x00, 0x00, 0x00, 0x00, 0x00, 0x00, 0x00, 0x00, 0x00, 0x00, 0x00, 0x00, 0x00, 0x00,
    0x00, 0x00, 0x00, 0x00, 0x00, 0x00, 0x00, 0x00, 0x00, 0x00, 0x00, 0x00, 0x00, 0x00, 0x00, 0x00,
    0x00, 0x00, 0x00, 0x00, 0x00, 0x05, 0xa0, 0xfd, 0xfb, 0xff, 0xff, 0xff, 0xff, 0xff, 0xff, 0xff,
    0xff, 0xff, 0xff, 0xff, 0xff, 0xff, 0xff, 0xff, 0xff, 0xff, 0xff, 0xff, 0xff, 0xf7, 0xfb, 0xf3,
    0x03, 0x00, 0x00, 0x00, 0x00, 0x00, 0x00, 0x00, 0x00, 0x00, 0x00, 0x00, 0x00, 0x00, 0x00, 0x00,
    0x00, 0x00, 0x00, 0x00, 0x00, 0x00, 0x00, 0x00, 0x00, 0x00, 0x00, 0x00, 0x00, 0x00, 0x00, 0x00,
    0x00, 0x00, 0x00, 0x00, 0x08, 0xa0, 0xfb, 0xfd, 0xff, 0xff, 0xff, 0xff, 0xff, 0xff, 0xff, 0xff,
    0xff, 0xff, 0xff, 0xff, 0xff, 0xff, 0xff, 0xff, 0xff, 0xff, 0xff, 0xff, 0xff, 0xff, 0xff, 0x5f,
    0x00, 0x00, 0x00, 0x00, 0x00, 0x00, 0x00, 0x00, 0x00, 0x00, 0x00, 0x00, 0x00, 0x00, 0x00, 0x00,
    0x00, 0x00, 0x00, 0x00, 0x00, 0x00, 0x00, 0x00, 0x00, 0x00, 0x00, 0x00, 0x00, 0x00, 0x00, 0x00,
    0x00, 0x00, 0x00, 0x14, 0xff, 0xff, 0xff, 0xff, 0xff, 0xff, 0xff, 0xff, 0xff, 0xff, 0xff, 0xff,
    0xff, 0xff, 0xff, 0xff, 0xff, 0xff, 0xff, 0xff, 0xff, 0xff, 0xfd, 0xfd, 0xff, 0x4e, 0xa3, 0x03,
    0x00, 0x00, 0x00, 0x00, 0x00, 0x00, 0x00, 0x00, 0x00, 0x00, 0x00, 0x00, 0x00, 0x00, 0x00, 0x00,
    0x00, 0x00, 0x00, 0x00, 0x00, 0x00, 0x00, 0x00, 0x00, 0x00, 0x00, 0x00, 0x00, 0x00, 0x00, 0x00,
    0x00, 0x00, 0x00, 0x6c, 0x7f, 0x6d, 0x9e, 0xfd, 0xf9, 0xff, 0xff, 0xff, 0xff, 0xff, 0xff, 0xff,
    0xff, 0xff, 0xff, 0xff, 0xff, 0xff, 0xff, 0xff, 0xff, 0xff, 0xf9, 0xff, 0x42, 0x00, 0x02, 0x00,
    0x00, 0x00, 0x00, 0x00, 0x00, 0x00, 0x00, 0x00, 0x00, 0x00, 0x00, 0x00, 0x00, 0x00, 0x00, 0x00,
    0x00, 0x00, 0x00, 0x00, 0x00, 0x00, 0x00, 0x00, 0x00, 0x00, 0x00, 0x00, 0x00, 0x00, 0x00, 0x00,
    0x00, 0x00, 0x00, 0x00, 0x00, 0x00, 0x7e, 0xff, 0xff, 0xff, 0xff, 0xff, 0xff, 0xff, 0xff, 0xff,
    0xff, 0xff, 0xff, 0xff, 0xff, 0xff, 0xff, 0xff, 0xff, 0xfb, 0xff, 0xb7, 0x00, 0x00, 0x00, 0x00,
    0x00, 0x00, 0x00, 0x00, 0x00, 0x00, 0x00, 0x00, 0x00, 0x00, 0x00, 0x00, 0x00, 0x00, 0x00, 0x00,
    0x00, 0x00, 0x00, 0x00, 0x00, 0x00, 0x00, 0x00, 0x00, 0x00, 0x00, 0x00, 0x00, 0x00, 0x00, 0x00,
    0x00, 0x00, 0x00, 0x00, 0x00, 0x0e, 0xff, 0xed, 0xc1, 0xff, 0xfd, 0xff, 0xff, 0xff, 0xff, 0xff,
    0xff, 0xff, 0xff, 0xff, 0xff, 0xff, 0xff, 0xff, 0xff, 0xf7, 0xff, 0x4c, 0x00, 0x00, 0x00, 0x00,
    0x00, 0x00, 0x00, 0x00, 0x00, 0x00, 0x00, 0x00, 0x00, 0x00, 0x00, 0x00, 0x00, 0x00, 0x00, 0x00,
    0x00, 0x00, 0x00, 0x00, 0x00, 0x00, 0x00, 0x00, 0x00, 0x00, 0x00, 0x00, 0x00, 0x00, 0x00, 0x00,
    0x00, 0x00, 0x00, 0x00, 0x00, 0x38, 0x92, 0x09, 0x83, 0xff, 0xf9, 0xff, 0xff, 0xff, 0xff, 0xff,
    0xff, 0xff, 0xff, 0xff, 0xff, 0xff, 0xff, 0xff, 0xff, 0xf7, 0xff, 0x3d, 0x00, 0x00, 0x00, 0x00,
    0x00, 0x00, 0x00, 0x00, 0x00, 0x36, 0xb4, 0x5f, 0x00, 0x00, 0x00, 0x00, 0x00, 0x00, 0x00, 0x00,
    0x00, 0x00, 0x00, 0x00, 0x00, 0x00, 0x00, 0x00, 0x00, 0x00, 0x00, 0x00, 0x00, 0x00, 0x00, 0x00,
    0x00, 0x00, 0x00, 0x00, 0x00, 0x02, 0x00, 0x00, 0xc0, 0xfb, 0xf9, 0xff, 0xff, 0xff, 0xff, 0xff,
    0xff, 0xff, 0xff, 0xff, 0xff, 0xff, 0xff, 0xff, 0xff, 0xf7, 0xff, 0x6b, 0x00, 0x00, 0x00, 0x00,
    0x00, 0x00, 0x00, 0x15, 0x71, 0xff, 0xff, 0xff, 0x39, 0x00, 0x00, 0x00, 0x00, 0x00, 0x00, 0x00,
    0x00, 0x00, 0x00, 0x00, 0x00, 0x00, 0x00, 0x00, 0x00, 0x00, 0x00, 0x00, 0x00, 0x00, 0x00, 0x00,
    0x00, 0x00, 0x00, 0x00, 0x00, 0x00, 0x00, 0x00, 0xa8, 0xff, 0xff, 0xff, 0xff, 0xff, 0xff, 0xff,
    0xff, 0xff, 0xff, 0xff, 0xff, 0xff, 0xff, 0xff, 0xff, 0xfd, 0xfd, 0xe2, 0x0f, 0x00, 0x00, 0x00,
    0x00, 0x00, 0x1d, 0xff, 0xff, 0xf9, 0xfb, 0xf5, 0xff, 0x69, 0x00, 0x00, 0x00, 0x00, 0x00, 0x00,
    0x00, 0x00, 0x00, 0x00, 0x00, 0x00, 0x00, 0x00, 0x00, 0x00, 0x00, 0x00, 0x00, 0x00, 0x00, 0x00,
    0x00, 0x00, 0x00, 0x00, 0x00, 0x00, 0x00, 0x00, 0x64, 0xaa, 0xb5, 0xfb, 0xfb, 0xff, 0xff, 0xff,
    0xff, 0xff, 0xff, 0xff, 0xff, 0xff, 0xff, 0xff, 0xff, 0xff, 0xf9, 0xff, 0xa5, 0x00, 0x00, 0x00,
    0x00, 0x00, 0x66, 0xfb, 0xef, 0xff, 0xff, 0xff, 0xf9, 0xff, 0x14, 0x00, 0x00, 0x00, 0x00, 0x00,
    0x00, 0x00, 0x00, 0x00, 0x00, 0x00, 0x00, 0x00, 0x00, 0x00, 0x00, 0x00, 0x00, 0x00, 0x00, 0x13,
    0x3d, 0x1a, 0x05, 0x00, 0x00, 0x00, 0x00, 0x00, 0x0a, 0x09, 0x5c, 0xff, 0xfd, 0xff, 0xff, 0xff,
    0xff, 0xff, 0xff, 0xff, 0xff, 0xff, 0xff, 0xff, 0xff, 0xff, 0xfd, 0xf9, 0xd9, 0x01, 0x00, 0x00,
    0x00, 0x00, 0x5d, 0xfd, 0xf7, 0xff, 0xff, 0xff, 0xfd, 0xf9, 0x0b, 0x00, 0x00, 0x00, 0x00, 0x00,
    0x00, 0x00, 0x00, 0x00, 0x00, 0x00, 0x00, 0x00, 0x00, 0x00, 0x00, 0x00, 0x00, 0x00, 0x00, 0x06,
    0xf7, 0xff, 0xed, 0x86, 0x13, 0x03, 0x30, 0x00, 0x00, 0x00, 0x18, 0xb5, 0xb9, 0xff, 0xfd, 0xff,
    0xff, 0xff, 0xff, 0xff, 0xff, 0xff, 0xff, 0xff, 0xff, 0xff, 0xfb, 0xff, 0xa0, 0x00, 0x00, 0x00,
    0x00, 0x00, 0x54, 0xff, 0xf7, 0xff, 0xff, 0xff, 0xfd, 0xfb, 0x0d, 0x00, 0x00, 0x00, 0x00, 0x00,
    0x00, 0x00, 0x00, 0x00, 0x00, 0x00, 0x00, 0x00, 0x00, 0x00, 0x01, 0x1d, 0x4e, 0x70, 0x77, 0x46,
    0x68, 0xf1, 0xff, 0xff, 0xff, 0x73, 0xc7, 0xbc, 0x0f, 0x00, 0x00, 0x02, 0xd3, 0xff, 0xfb, 0xff,
    0xff, 0xff, 0xff, 0xff, 0xff, 0xff, 0xff, 0xff, 0xff, 0xfd, 0xf7, 0x89, 0x07, 0x00, 0x00, 0x00,
    0x00, 0x00, 0x01, 0xa0, 0xff, 0xfb, 0xff, 0xff, 0xf7, 0xff, 0x1a, 0x00, 0x00, 0x00, 0x00, 0x00,
    0x00, 0x00, 0x00, 0x00, 0x00, 0x00, 0x00, 0x00, 0x01, 0x47, 0xed, 0xff, 0xff, 0xff, 0xff, 0xff,
    0xff, 0xfd, 0xff, 0xf9, 0xfd, 0xff, 0xed, 0xff, 0xf9, 0x20, 0x01, 0x01, 0x58, 0x8f, 0xff, 0xfb,
    0xff, 0xff, 0xff, 0xff, 0xff, 0xff, 0xff, 0xff, 0xfd, 0xfb, 0xf1, 0x0d, 0x00, 0x00, 0x00, 0x00,
    0x00, 0x00, 0x02, 0xdc, 0xfd, 0xfd, 0xff, 0xf7, 0xff, 0xca, 0x01, 0x00, 0x00, 0x00, 0x00, 0x00,
    0x00, 0x00, 0x00, 0x00, 0x00, 0x00, 0x00, 0x00, 0x0f, 0x83, 0x79, 0xb2, 0xf7, 0xf7, 0xf9, 0xf7,
    0xfd, 0xff, 0xff, 0xff, 0xff, 0xf9, 0xff, 0xfb, 0xff, 0xf5, 0xc7, 0x46, 0x17, 0xed, 0xfb, 0xfd,
    0xff, 0xff, 0xff, 0xff, 0xff, 0xff, 0xff, 0xff, 0xff, 0xfd, 0xff, 0xe6, 0x26, 0x00, 0x00, 0x00,
    0x00, 0x00, 0x68, 0xff, 0xf9, 0xff, 0xfb, 0xff, 0xe6, 0x0e, 0x00, 0x00, 0x00, 0x00, 0x00, 0x00,
    0x00, 0x00, 0x00, 0x00, 0x00, 0x00, 0x00, 0x00, 0x00, 0x00, 0x26, 0xb9, 0xfd, 0xfd, 0xff, 0xff,
    0xff, 0xff, 0xff, 0xff, 0xff, 0xff, 0xff, 0xff, 0xfd, 0xff, 0xff, 0xfb, 0xff, 0xff, 0xfd, 0xff,
    0xff, 0xff, 0xff, 0xff, 0xff, 0xff, 0xff, 0xff, 0xff, 0xff, 0xff, 0xff, 0xff, 0x7e, 0x00, 0x00,
    0x00, 0x40, 0xff, 0xf9, 0xff, 0xfb, 0xff, 0xa2, 0x07, 0x00, 0x00, 0x00, 0x00, 0x00, 0x00, 0x00,
    0x00, 0x00, 0x00, 0x00, 0x00, 0x00, 0x00, 0x00, 0x11, 0xaf, 0xff, 0xff, 0xff, 0xff, 0xff, 0xff,
    0xff, 0xff, 0xff, 0xff, 0xff, 0xff, 0xff, 0xff, 0xff, 0xfd, 0xfb, 0xff, 0xff, 0xff, 0xff, 0xff,
    0xff, 0xff, 0xff, 0xff, 0xff, 0xff, 0xff, 0xff, 0xff, 0xff, 0xff, 0xfd, 0xf9, 0xff, 0x7f, 0x47,
    0xa6, 0xff, 0xfb, 0xff, 0xfd, 0xfb, 0xe4, 0x02, 0x00, 0x00, 0x00, 0x00, 0x00, 0x00, 0x00, 0x00,
    0x00, 0x00, 0x00, 0x00, 0x00, 0x00, 0x00, 0x35, 0xfd, 0xff, 0xf7, 0xfd, 0xff, 0xff, 0xff, 0xff,
    0xff, 0xff, 0xff, 0xff, 0xff, 0xff, 0xff, 0xff, 0xff, 0xff, 0xff, 0xff, 0xff, 0xff, 0xff, 0xff,
    0xff, 0xff, 0xff, 0xff, 0xff, 0xff, 0xff, 0xff, 0xff, 0xff, 0xff, 0xff, 0xff, 0xfd, 0xff, 0xff,
    0xff, 0xfb, 0xff, 0xff, 0xf7, 0xff, 0x39, 0x00, 0x00, 0x00, 0x00, 0x00, 0x00, 0x00, 0x00, 0x00,
    0x00, 0x00, 0x00, 0x00, 0x00, 0x00, 0x58, 0xff, 0xf7, 0xfb, 0xff, 0xff, 0xff, 0xff, 0xff, 0xff,
    0xff, 0xff, 0xff, 0xff, 0xff, 0xff, 0xff, 0xff, 0xff, 0xff, 0xff, 0xff, 0xff, 0xff, 0xff, 0xff,
    0xff, 0xff, 0xff, 0xff, 0xff, 0xff, 0xff, 0xff, 0xff, 0xff, 0xff, 0xff, 0xff, 0xff, 0xf9, 0xf7,
    0xfb, 0xff, 0xff, 0xf9, 0xff, 0xb0, 0x00, 0x00, 0x00, 0x00, 0x00, 0x00, 0x00, 0x00, 0x00, 0x00,
    0x00, 0x00, 0x00, 0x00, 0x00, 0x07, 0x52, 0x77, 0xf7, 0xfb, 0xff, 0xff, 0xff, 0xff, 0xff, 0xff,
    0xff, 0xff, 0xff, 0xff, 0xff, 0xff, 0xff, 0xff, 0xff, 0xff, 0xff, 0xff, 0xff, 0xff, 0xff, 0xff,
    0xff, 0xff, 0xff, 0xff, 0xff, 0xff, 0xff, 0xff, 0xff, 0xff, 0xff, 0xff, 0xfd, 0xfd, 0xff, 0xff,
    0xff, 0xff, 0xfd, 0xff, 0xef, 0x09, 0x00, 0x00, 0x00, 0x00, 0x00, 0x00, 0x00, 0x00, 0x00, 0x00,
    0x00, 0x00, 0x00, 0x00, 0x00, 0x00, 0x13, 0xf1, 0xfb, 0xfd, 0xff, 0xff, 0xff, 0xff, 0xff, 0xff,
    0xff, 0xff, 0xff, 0xff, 0xff, 0xff, 0xff, 0xff, 0xff, 0xff, 0xff, 0xff, 0xff, 0xff, 0xff, 0xff,
    0xff, 0xff, 0xff, 0xff, 0xff, 0xff, 0xff, 0xff, 0xff, 0xff, 0xff, 0xff, 0xff, 0xff, 0xf9, 0xfb,
    0xff, 0xfd, 0xfb, 0xe8, 0x18, 0x00, 0x00, 0x00, 0x00, 0x00, 0x05, 0x00, 0x00, 0x00, 0x00, 0x00,
    0x00, 0x00, 0x00, 0x00, 0x00, 0x07, 0xef, 0xff, 0xfd, 0xff, 0xff, 0xff, 0xff, 0xff, 0xff, 0xfb,
    0xf7, 0xfd, 0xfb, 0xf7, 0xfd, 0xff, 0xff, 0xff, 0xff, 0xff, 0xff, 0xff, 0xff, 0xff, 0xff, 0xff,
    0xff, 0xff, 0xff, 0xff, 0xff, 0xff, 0xff, 0xff, 0xff, 0xff, 0xfd, 0xff, 0xe2, 0xe2, 0xff, 0xff,
    0xf7, 0xf7, 0xf9, 0x23, 0x00, 0x00, 0x00, 0x00, 0x00, 0x31, 0x49, 0x00, 0x00, 0x00, 0x00, 0x00,
    0x00, 0x00, 0x00, 0x00, 0x00, 0xa0, 0xff, 0xf9, 0xff, 0xff, 0xff, 0xff, 0xff, 0xff, 0xfd, 0xff,
    0xff, 0xff, 0xff, 0xff, 0xff, 0xff, 0xff, 0xff, 0xff, 0xff, 0xff, 0xff, 0xff, 0xff, 0xff, 0xff,
    0xff, 0xff, 0xff, 0xff, 0xff, 0xff, 0xff, 0xff, 0xff, 0xff, 0xf9, 0xff, 0x26, 0x02, 0x24, 0xb0,
    0xff, 0xff, 0xe4, 0x40, 0x00, 0x00, 0x00, 0x00, 0x00, 0xcc, 0x3d, 0x00, 0x00, 0x00, 0x00, 0x00,
    0x00, 0x00, 0x00, 0x00, 0x2c, 0xff, 0xf5, 0xff, 0xff, 0xff, 0xff, 0xff, 0xff, 0xfd, 0xff, 0xc1,
    0x2a, 0x0c, 0x13, 0x3f, 0xc3, 0xfd, 0xfd, 0xff, 0xff, 0xff, 0xff, 0xff, 0xff, 0xff, 0xff, 0xff,
    0xff, 0xff, 0xff, 0xff, 0xff, 0xff, 0xff, 0xff, 0xff, 0xfd, 0xfd, 0xf7, 0x04, 0x00, 0x00, 0x00,
    0x50, 0x75, 0x03, 0x00, 0x00, 0x00, 0x00, 0x00, 0x03, 0xff, 0x69, 0x00, 0x00, 0x00, 0x00, 0x00,
    0x00, 0x00, 0x00, 0x00, 0xc1, 0x95, 0xf1, 0xff, 0xff, 0xff, 0xff, 0xff, 0xfb, 0xfd, 0xc1, 0x02,
    0x00, 0x00, 0x00, 0x0b, 0xb5, 0xfb, 0xfb, 0xff, 0xff, 0xff, 0xff, 0xff, 0xff, 0xff, 0xff, 0xff,
    0xff, 0xff, 0xff, 0xff, 0xff, 0xff, 0xff, 0xff, 0xff, 0xf9, 0xff, 0x6c, 0x00, 0x00, 0x00, 0x00,
    0x00, 0x00, 0x00, 0x00, 0x00, 0x00, 0x00, 0x00, 0x10, 0xfd, 0xd7, 0x01, 0x00, 0x00, 0x00, 0x00,
    0x00, 0x00, 0x00, 0x04, 0x1f, 0x3e, 0xff, 0xf7, 0xff, 0xff, 0xff, 0xff, 0xf9, 0xff, 0x1a, 0x00,
    0x00, 0x00, 0x03, 0xe2, 0xff, 0xfb, 0xff, 0xff, 0xff, 0xff, 0xff, 0xff, 0xff, 0xff, 0xff, 0xff,
    0xff, 0xff, 0xff, 0xff, 0xff, 0xff, 0xff, 0xff, 0xfb, 0xfd, 0xd1, 0x03, 0x00, 0x00, 0x00, 0x00,
    0x00, 0x00, 0x00, 0x00, 0x00, 0x00, 0x01, 0x00, 0x0e, 0xff, 0xff, 0x1b, 0x00, 0x00, 0x00, 0x00,
    0x00, 0x00, 0x00, 0x00, 0x00, 0xa5, 0xff, 0xf9, 0xff, 0xff, 0xff, 0xfb, 0xff, 0xce, 0x00, 0x00,
    0x00, 0x00, 0x05, 0xcc, 0xf9, 0xfd, 0xff, 0xff, 0xff, 0xff, 0xff, 0xff, 0xff, 0xff, 0xff, 0xff,
    0xff, 0xff, 0xff, 0xff, 0xff, 0xff, 0xff, 0xff, 0xf9, 0xfd, 0x33, 0x00, 0x00, 0x00, 0x00, 0x00,
    0x00, 0x00, 0x00, 0x00, 0x40, 0xd3, 0xcf, 0x4e, 0x0c, 0xf7, 0xfd, 0x54, 0x00, 0x00, 0x00, 0x00,
    0x00, 0x00, 0x00, 0x00, 0x02, 0xe2, 0xff, 0xfd, 0xff, 0xff, 0xff, 0xf9, 0xff, 0x98, 0x00, 0x00,
    0x00, 0x06, 0xb5, 0xff, 0xfb, 0xff, 0xff, 0xff, 0xff, 0xff, 0xff, 0xff, 0xff, 0xff, 0xff, 0xff,
    0xff, 0xff, 0xff, 0xff, 0xff, 0xff, 0xff, 0xff, 0xff, 0xfb, 0xe0, 0x78, 0x03, 0x00, 0x00, 0x00,
    0x00, 0x00, 0x00, 0x3d, 0xfb, 0xce, 0xff, 0xff, 0xc5, 0xed, 0xff, 0x78, 0x00, 0x00, 0x00, 0x00,
    0x00, 0x00, 0x00, 0x00, 0x06, 0xfb, 0xff, 0xfd, 0xff, 0xff, 0xff, 0xfb, 0xff, 0xaf, 0x00, 0x00,
    0x00, 0x0b, 0xab, 0xfd, 0xfb, 0xff, 0xff, 0xff, 0xff, 0xff, 0xff, 0xff, 0xff, 0xff, 0xff, 0xff,
    0xff, 0xff, 0xff, 0xff, 0xff, 0xff, 0xff, 0xff, 0xff, 0xff, 0xff, 0xff, 0xb9, 0x01, 0x00, 0x00,
    0x00, 0x00, 0x00, 0x26, 0x03, 0x00, 0x51, 0xff, 0xff, 0xf9, 0xff, 0x73, 0x00, 0x00, 0x00, 0x00,
    0x00, 0x00, 0x00, 0x00, 0x05, 0xfb, 0xff, 0xfd, 0xff, 0xff, 0xff, 0xff, 0xfb, 0xf9, 0x0a, 0x00,
    0x00, 0x02, 0xda, 0xfd, 0xfd, 0xff, 0xff, 0xff, 0xff, 0xff, 0xff, 0xff, 0xff, 0xff, 0xff, 0xff,
    0xff, 0xff, 0xff, 0xff, 0xff, 0xff, 0xff, 0xff, 0xff, 0xff, 0xff, 0xf1, 0xff, 0x38, 0x00, 0x00,
    0x00, 0x00, 0x00, 0x00, 0x00, 0x00, 0x00, 0xbe, 0xfb, 0xf1, 0xff, 0x42, 0x00, 0x00, 0x00, 0x00,
    0x00, 0x00, 0x00, 0x00, 0x02, 0xe4, 0xfd, 0xfd, 0xff, 0xff, 0xff, 0xff, 0xfb, 0xff, 0xaa, 0x07,
    0x1c, 0xbe, 0xff, 0xfd, 0xff, 0xff, 0xff, 0xff, 0xff, 0xff, 0xff, 0xff, 0xff, 0xff, 0xff, 0xff,
    0xff, 0xff, 0xff, 0xff, 0xff, 0xff, 0xff, 0xff, 0xff, 0xff, 0xff, 0xfb, 0xfb, 0xc5, 0x00, 0x00,
    0x00, 0x00, 0x00, 0x00, 0x00, 0x00, 0x00, 0x51, 0xff, 0xf5, 0xfb, 0x0b, 0x00, 0x00, 0x00, 0x00,
    0x00, 0x00, 0x00, 0x00, 0x00, 0x9a, 0xff, 0xf9, 0xff, 0xff, 0xff, 0xff, 0xff, 0xff, 0xff, 0xff,
    0xff, 0xff, 0xfd, 0xff, 0xff, 0xff, 0xff, 0xff, 0xff, 0xff, 0xff, 0xff, 0xff, 0xff, 0xff, 0xff,
    0xff, 0xff, 0xff, 0xff, 0xff, 0xff, 0xff, 0xff, 0xff, 0xff, 0xff, 0xf9, 0xf9, 0x95, 0x00, 0x00,
    0x00, 0x00, 0x00, 0x00, 0x00, 0x00, 0x00, 0x3f, 0xff, 0xfd, 0x8c, 0x56, 0x01, 0x00, 0x00, 0x00,
    0x00, 0x00, 0x00, 0x00, 0x00, 0x36, 0xa0, 0xed, 0xff, 0xff, 0xff, 0xff, 0xff, 0xff, 0xfb, 0xff,
    0xfb, 0xfb, 0xff, 0xff, 0xff, 0xff, 0xff, 0xff, 0xff, 0xff, 0xff, 0xff, 0xff, 0xff, 0xfd, 0xf9,
    0xfb, 0xf9, 0xfd, 0xff, 0xff, 0xff, 0xff, 0xff, 0xff, 0xfd, 0xf9, 0xf9, 0xff, 0x1e, 0x00, 0x00,
    0x00, 0x00, 0x00, 0x00, 0x00, 0x03, 0x05, 0x5d, 0xff, 0xeb, 0xce, 0xa6, 0x00, 0x00, 0x00, 0x00,
    0x00, 0x00, 0x00, 0x00, 0x00, 0x01, 0x04, 0xcc, 0xfd, 0xfb, 0xff, 0xff, 0xff, 0xff, 0xff, 0xfd,
    0xff, 0xff, 0xff, 0xff, 0xff, 0xff, 0xff, 0xff, 0xff, 0xff, 0xff, 0xff, 0xff, 0xff, 0xff, 0xff,
    0xff, 0xff, 0xff, 0xff, 0xff, 0xff, 0xff, 0xff, 0xfb, 0xff, 0xff, 0xff, 0x49, 0x00, 0x00, 0x00,
    0x00, 0x00, 0x00, 0x00, 0x00, 0x37, 0x97, 0xc1, 0xff, 0xf3, 0xff, 0x25, 0x00, 0x00, 0x00, 0x00,
    0x00, 0x00, 0x00, 0x00, 0x00, 0x00, 0x00, 0x3e, 0xff, 0xf5, 0xff, 0xff, 0xff, 0xff, 0xff, 0xff,
    0xff, 0xff, 0xff, 0xff, 0xff, 0xff, 0xff, 0xff, 0xff, 0xff, 0xff, 0xff, 0xfd, 0xfd, 0xd9, 0x54,
    0x14, 0x19, 0x83, 0xff, 0xf9, 0xff, 0xff, 0xfd, 0xff, 0xfd, 0x73, 0x0c, 0x00, 0x00, 0x00, 0x00,
    0x00, 0x00, 0x00, 0x00, 0x01, 0xc3, 0xff, 0xff, 0xf3, 0xff, 0x95, 0x00, 0x00, 0x00, 0x00, 0x00,
    0x00, 0x00, 0x00, 0x00, 0x00, 0x00, 0x00, 0x00, 0xb9, 0xff, 0xf5, 0xfd, 0xff, 0xff, 0xff, 0xff,
    0xff, 0xff, 0xff, 0xff, 0xff, 0xff, 0xff, 0xff, 0xfd, 0xf9, 0xff, 0xff, 0xfd, 0xfd, 0xbc, 0x22,
    0x00, 0x00, 0xc3, 0xff, 0xfb, 0xff, 0xfb, 0xfd, 0x74, 0x04, 0x00, 0x00, 0x00, 0x00, 0x00, 0x00,
    0x00, 0x00, 0x00, 0x00, 0x70, 0xff, 0xf5, 0xff, 0xff, 0xaa, 0x02, 0x00, 0x00, 0x00, 0x00, 0x00,
    0x00, 0x00, 0x00, 0x00, 0x00, 0x00, 0x00, 0x00, 0x09, 0xe2, 0xff, 0xff, 0xf9, 0xfd, 0xff, 0xff,
    0xff, 0xff, 0xff, 0xff, 0xff, 0xff, 0xff, 0xff, 0xff, 0xff, 0xfb, 0xf9, 0xff, 0xff, 0xff, 0xff,
    0xb9, 0x3d, 0xfd, 0xff, 0xff, 0xff, 0xfd, 0xfd, 0xc8, 0x38, 0x03, 0x00, 0x18, 0x33, 0xb2, 0x4a,
    0x01, 0x00, 0x02, 0x71, 0xff, 0xf9, 0xff, 0xe0, 0x5b, 0x01, 0x00, 0x00, 0x00, 0x00, 0x00, 0x00,
    0x00, 0x00, 0x00, 0x00, 0x00, 0x00, 0x00, 0x00, 0x00, 0x0a, 0x31, 0xe9, 0xff, 0xff, 0xff, 0xff,
    0xff, 0xff, 0xff, 0xff, 0xff, 0xff, 0xff, 0xfb, 0xe6, 0x8f, 0xff, 0xff, 0xff, 0xf9, 0xfb, 0xf9,
    0xff, 0xff, 0xfb, 0xff, 0xff, 0xff, 0xff, 0xff, 0xff, 0xff, 0xe4, 0xc5, 0xff, 0xff, 0xff, 0xff,
    0xad, 0x4c, 0xcc, 0xff, 0xf3, 0xf3, 0xb5, 0x4f, 0x04, 0x00, 0x00, 0x00, 0x00, 0x00, 0x00, 0x00,
    0x00, 0x00, 0x00, 0x00, 0x00, 0x00, 0x00, 0x00, 0x00, 0x00, 0x00, 0x0a, 0x82, 0xe9, 0xf9, 0xff,
    0xff, 0xff, 0xff, 0xff, 0xff, 0xfb, 0xff, 0x41, 0x02, 0x00, 0x34, 0xa0, 0xf9, 0xff, 0xff, 0xf7,
    0xf5, 0xf7, 0xfd, 0xff, 0xff, 0xff, 0xff, 0xff, 0xfb, 0xf7, 0xff, 0xff, 0xf5, 0xf7, 0xf7, 0xf1,
    0xff, 0xff, 0xff, 0xf9, 0xff, 0xff, 0xf3, 0x73, 0x05, 0x00, 0x00, 0x00, 0x00, 0x00, 0x00, 0x00,
    0x00, 0x00, 0x00, 0x00, 0x00, 0x00, 0x00, 0x00, 0x00, 0x00, 0x00, 0x00, 0x00, 0x03, 0x7f, 0xfd,
    0xf1, 0xf7, 0xfb, 0xfd, 0xf7, 0xf3, 0xf9, 0xc8, 0x01, 0x00, 0x00, 0x00, 0x09, 0x6c, 0xef, 0xff,
    0xff, 0xff, 0xff, 0xfd, 0xfb, 0xf9, 0xf9, 0xfb, 0xff, 0xff, 0xfd, 0xff, 0xff, 0xff, 0xff, 0xff,
    0xff, 0xff, 0xff, 0xff, 0x9e, 0x45, 0x0b, 0x00, 0x00, 0x00, 0x00, 0x00, 0x00, 0x00, 0x00, 0x00,
    0x00, 0x00, 0x00, 0x00, 0x00, 0x00, 0x00, 0x00, 0x00, 0x00, 0x00, 0x00, 0x00, 0x00, 0x86, 0xff,
    0xff, 0xff, 0xff, 0xff, 0xff, 0xff, 0xff, 0xff, 0x0f, 0x00, 0x00, 0x00, 0x00, 0x00, 0x05, 0x2e,
    0x74, 0xc1, 0xed, 0xff, 0xff, 0xff, 0xff, 0xff, 0xf5, 0xf1, 0xff, 0xcc, 0x8f, 0xef, 0xa0, 0x6b,
    0xbe, 0x4c, 0x3f, 0x1c, 0x00, 0x00, 0x00, 0x00, 0x00, 0x00, 0x00, 0x00, 0x00, 0x00, 0x00, 0x00,
    0x00, 0x00, 0x00, 0x00, 0x00, 0x00, 0x00, 0x00, 0x00, 0x00, 0x00, 0x00, 0x00, 0x00, 0x30, 0xfb,
    0x4f, 0x2f, 0x74, 0xff, 0x40, 0x61, 0x8f, 0xc7, 0x01, 0x00, 0x00, 0x00, 0x00, 0x00, 0x00, 0x00,
    0x00, 0x00, 0x03, 0x09, 0x10, 0x18, 0x17, 0x0f, 0x05, 0x04, 0x06, 0x01, 0x00, 0x05, 0x02, 0x00,
    0x00, 0x00, 0x00, 0x00, 0x00, 0x00, 0x00, 0x00, 0x00, 0x00, 0x00, 0x00, 0x00, 0x00, 0x00, 0x00,
    0x00, 0x00, 0x00, 0x00, 0x00, 0x00, 0x00, 0x00, 0x00, 0x00, 0x00, 0x00, 0x00, 0x00, 0x00, 0x0b,
    0x00, 0x00, 0x00, 0x10, 0x00, 0x00, 0x00, 0x04, 0x00, 0x00, 0x00, 0x00, 0x00, 0x00, 0x00, 0x00,
    0x00, 0x00, 0x00, 0x00, 0x00, 0x00, 0x00, 0x00, 0x00, 0x00, 0x00, 0x00, 0x00, 0x00, 0x00, 0x00,
    0x00, 0x00, 0x00, 0x00, 0x00, 0x00, 0x00, 0x00, 0x00, 0x00, 0x00, 0x00, 0x00, 0x00, 0x00, 0x00,
    0x00, 0x00, 0x00, 0x00, 0x00, 0x00, 0x00, 0x00, 0x00, 0x00, 0x00, 0x00, 0x00, 0x00, 0x00, 0x00,
    0x00, 0x00, 0x00, 0x00, 0x00, 0x00, 0x00, 0x00, 0x00, 0x00, 0x00, 0x00, 0x00, 0x00, 0x00, 0x00,
    0x00, 0x00, 0x00, 0x00, 0x00, 0x00, 0x00, 0x00, 0x00, 0x00, 0x00, 0x00, 0x00, 0x00, 0x00, 0x00,
    0x00, 0x00, 0x00, 0x00, 0x00, 0x00, 0x00, 0x00, 0x00, 0x00, 0x00, 0x00, 0x00, 0x00, 0x00, 0x00,
    0x00, 0x00, 0x00, 0x00, 0x00, 0x00, 0x00, 0x00, 0x00, 0x00, 0x00, 0x00, 0x00, 0x00, 0x00, 0x00,
    0x00, 0x00, 0x00, 0x00, 0x00, 0x00, 0x00, 0x00, 0x00, 0x00, 0x00, 0x00, 0x00, 0x00, 0x00, 0x00,
    0x00, 0x00, 0x00, 0x00, 0x00, 0x00, 0x00, 0x00, 0x00, 0x00, 0x00, 0x00, 0x00, 0x00, 0x00, 0x00,
    0x00, 0x00, 0x00, 0x00, 0x00, 0x00, 0x00, 0x00, 0x00, 0x00, 0x00, 0x00, 0x00, 0x00, 0x00, 0x00,
};

const lv_image_dsc_t angry_frame_0_dsc = {
    .header.w = 64,
    .header.h = 64,
    .header.cf = LV_COLOR_FORMAT_RGB565A8,
    .data_size = 12288,
    .data = angry_frame_0_data,
};

/* Frame 1: frame_001.png */
static const uint8_t angry_frame_1_data[] = {
    0x00, 0x00, 0x00, 0x00, 0x00, 0x00, 0x00, 0x00, 0x00, 0x00, 0x00, 0x00, 0x00, 0x00, 0x00, 0x00,
    0x00, 0x00, 0x00, 0x00, 0x00, 0x00, 0x00, 0x00, 0x00, 0x00, 0x00, 0x00, 0x00, 0x00, 0x00, 0x00,
    0x00, 0x00, 0x22, 0x00, 0x43, 0x00, 0x00, 0x00, 0x00, 0x00, 0x00, 0x00, 0x00, 0x00, 0x00, 0x00,
    0x00, 0x00, 0x00, 0x00, 0x00, 0x00, 0x00, 0x00, 0x00, 0x00, 0x00, 0x00, 0x00, 0x00, 0x00, 0x00,
    0x20, 0x00, 0x45, 0x00, 0x40, 0x00, 0x00, 0x00, 0x00, 0x00, 0x00, 0x00, 0x00, 0x00, 0x00, 0x00,
    0x00, 0x00, 0x00, 0x00, 0x00, 0x00, 0x00, 0x00, 0x00, 0x00, 0x00, 0x00, 0x00, 0x00, 0x00, 0x00,
    0x00, 0x00, 0x00, 0x00, 0x00, 0x00, 0x00, 0x00, 0x00, 0x00, 0x00, 0x00, 0x00, 0x00, 0x00, 0x00,
    0x00, 0x00, 0x00, 0x00, 0x00, 0x00, 0x00, 0x00, 0x00, 0x00, 0x00, 0x00, 0x00, 0x00, 0x00, 0x00,
    0x00, 0x00, 0x00, 0x00, 0x00, 0x00, 0x00, 0x00, 0x00, 0x00, 0x00, 0x00, 0x00, 0x00, 0x00, 0x00,
    0x00, 0x00, 0x00, 0x00, 0x00, 0x00, 0x00, 0x00, 0x00, 0x00, 0x00, 0x00, 0x00, 0x00, 0x00, 0x00,
    0x00, 0x00, 0x65, 0x00, 0x65, 0x00, 0x00, 0x00, 0x00, 0x00, 0x00, 0x00, 0x00, 0x00, 0x00, 0x00,
    0x00, 0x00, 0x00, 0x00, 0x00, 0x00, 0x00, 0x00, 0x00, 0x00, 0x00, 0x00, 0x00, 0x00, 0x00, 0x00,
    0x81, 0x00, 0x88, 0x00, 0xc1, 0x00, 0x00, 0x00, 0x00, 0x00, 0x00, 0x00, 0x00, 0x00, 0x00, 0x00,
    0x00, 0x00, 0x00, 0x00, 0x00, 0x00, 0x00, 0x00, 0x00, 0x00, 0x00, 0x00, 0x00, 0x00, 0x00, 0x00,
    0x00, 0x00, 0x00, 0x00, 0x00, 0x00, 0x00, 0x00, 0x00, 0x00, 0x00, 0x00, 0x00, 0x00, 0x00, 0x00,
    0x00, 0x00, 0x00, 0x00, 0x00, 0x00, 0x00, 0x00, 0x00, 0x00, 0x00, 0x00, 0x00, 0x00, 0x00, 0x00,
    0x00, 0x00, 0x00, 0x00, 0x00, 0x00, 0x00, 0x00, 0x00, 0x00, 0x00, 0x00, 0x00, 0x00, 0x00, 0x00,
    0x00, 0x00, 0x00, 0x00, 0x00, 0x00, 0x00, 0x00, 0x00, 0x00, 0x00, 0x00, 0x00, 0x00, 0x00, 0x00,
    0x00, 0x00, 0x65, 0x00, 0x09, 0x00, 0x20, 0x00, 0x00, 0x00, 0x00, 0x00, 0x61, 0x00, 0x83, 0x00,
    0x00, 0x00, 0x00, 0x00, 0x00, 0x00, 0x00, 0x00, 0x00, 0x00, 0x00, 0x00, 0x00, 0x00, 0x00, 0x00,
    0x81, 0x00, 0x88, 0x00, 0x85, 0x00, 0x00, 0x00, 0x00, 0x00, 0x00, 0x00, 0x02, 0x00, 0x00, 0x00,
    0x00, 0x00, 0x00, 0x00, 0x00, 0x00, 0x00, 0x00, 0x00, 0x00, 0x00, 0x00, 0x00, 0x00, 0x00, 0x00,
    0x00, 0x00, 0x00, 0x00, 0x00, 0x00, 0x00, 0x00, 0x00, 0x00, 0x00, 0x00, 0x00, 0x00, 0x00, 0x00,
    0x00, 0x00, 0x00, 0x00, 0x00, 0x00, 0x00, 0x00, 0x00, 0x00, 0x00, 0x00, 0x00, 0x00, 0x00, 0x00,
    0x00, 0x00, 0x00, 0x00, 0x00, 0x00, 0x00, 0x00, 0x00, 0x00, 0x00, 0x00, 0x00, 0x00, 0x00, 0x00,
    0x00, 0x00, 0x00, 0x00, 0x00, 0x00, 0x00, 0x00, 0x00, 0x00, 0x00, 0x00, 0x00, 0x00, 0x00, 0x00,
    0x00, 0x00, 0x83, 0x00, 0x6a, 0x00, 0x07, 0x00, 0x00, 0x00, 0x00, 0x00, 0x83, 0x00, 0x47, 0x00,
    0x00, 0x00, 0x00, 0x00, 0x00, 0x00, 0x00, 0x00, 0x00, 0x00, 0x00, 0x00, 0x00, 0x00, 0x00, 0x00,
    0x00, 0x00, 0x25, 0x00, 0xe8, 0x00, 0x04, 0x00, 0x20, 0x00, 0x02, 0x00, 0x67, 0x00, 0x00, 0x00,
    0x00, 0x00, 0x00, 0x00, 0x00, 0x00, 0x00, 0x00, 0x00, 0x00, 0x00, 0x00, 0x00, 0x00, 0x00, 0x00,
    0x00, 0x00, 0x00, 0x00, 0x00, 0x00, 0x00, 0x00, 0x00, 0x00, 0x00, 0x00, 0x00, 0x00, 0x00, 0x00,
    0x00, 0x00, 0x00, 0x00, 0x00, 0x00, 0x00, 0x00, 0x00, 0x00, 0x00, 0x00, 0x00, 0x00, 0x00, 0x00,
    0x00, 0x00, 0x00, 0x00, 0x00, 0x00, 0x00, 0x00, 0x00, 0x00, 0x00, 0x00, 0x00, 0x00, 0x00, 0x00,
    0x00, 0x00, 0x00, 0x00, 0x00, 0x00, 0x00, 0x00, 0x00, 0x00, 0x00, 0x00, 0x00, 0x00, 0x00, 0x00,
    0x00, 0x00, 0x61, 0x00, 0x07, 0x00, 0xcb, 0x00, 0xc8, 0x00, 0x02, 0x00, 0x02, 0x00, 0x29, 0x00,
    0x81, 0x00, 0x00, 0x00, 0x00, 0x00, 0x00, 0x00, 0x20, 0x00, 0x00, 0x00, 0x00, 0x00, 0x20, 0x00,
    0x00, 0x00, 0x81, 0x00, 0x86, 0x00, 0xe8, 0x00, 0x47, 0x00, 0xe4, 0x00, 0xe8, 0x00, 0x43, 0x00,
    0x00, 0x00, 0x00, 0x00, 0x00, 0x00, 0x22, 0x00, 0x00, 0x00, 0x00, 0x00, 0x00, 0x00, 0x00, 0x00,
    0x00, 0x00, 0x00, 0x00, 0x00, 0x00, 0x00, 0x00, 0x00, 0x00, 0x00, 0x00, 0x00, 0x00, 0x00, 0x00,
    0x00, 0x00, 0x00, 0x00, 0x00, 0x00, 0x00, 0x00, 0x00, 0x00, 0x00, 0x00, 0x00, 0x00, 0x00, 0x00,
    0x00, 0x00, 0x00, 0x00, 0x00, 0x00, 0x00, 0x00, 0x00, 0x00, 0x00, 0x00, 0x00, 0x00, 0x00, 0x00,
    0x00, 0x00, 0x00, 0x00, 0x00, 0x00, 0x00, 0x00, 0x00, 0x00, 0x00, 0x00, 0x00, 0x00, 0x00, 0x00,
    0x00, 0x00, 0x00, 0x00, 0xc2, 0x00, 0x07, 0x00, 0x69, 0x00, 0x69, 0x00, 0x06, 0x00, 0x47, 0x00,
    0x47, 0x00, 0x00, 0x00, 0x00, 0x00, 0xe2, 0x00, 0x04, 0x00, 0x00, 0x00, 0x00, 0x00, 0x04, 0x00,
    0x42, 0x00, 0x00, 0x00, 0x61, 0x00, 0x25, 0x00, 0x29, 0x00, 0x67, 0x00, 0xc6, 0x00, 0xe8, 0x00,
    0xc1, 0x00, 0x00, 0x00, 0x00, 0x00, 0xc8, 0x00, 0x22, 0x00, 0x00, 0x00, 0x00, 0x00, 0x00, 0x00,
    0x00, 0x00, 0x00, 0x00, 0x00, 0x00, 0x00, 0x00, 0x00, 0x00, 0x00, 0x00, 0x00, 0x00, 0x00, 0x00,
    0x00, 0x00, 0x00, 0x00, 0x00, 0x00, 0x00, 0x00, 0x00, 0x00, 0x00, 0x00, 0x00, 0x00, 0x00, 0x00,
    0x00, 0x00, 0x00, 0x00, 0x00, 0x00, 0x00, 0x00, 0x00, 0x00, 0x00, 0x00, 0x00, 0x00, 0x00, 0x00,
    0x00, 0x00, 0x00, 0x00, 0x00, 0x00, 0x00, 0x00, 0x00, 0x00, 0x00, 0x00, 0x00, 0x00, 0xc1, 0x00,
    0xc3, 0x00, 0x81, 0x00, 0x40, 0x00, 0xa3, 0x00, 0xa8, 0x00, 0xe8, 0x00, 0x49, 0x00, 0x88, 0x00,
    0xe8, 0x00, 0x47, 0x00, 0x40, 0x00, 0x02, 0x00, 0xc8, 0x00, 0x40, 0x00, 0x00, 0x00, 0xa3, 0x00,
    0xc8, 0x00, 0xe6, 0x00, 0x81, 0x00, 0x60, 0x00, 0xe6, 0x00, 0x69, 0x00, 0x06, 0x00, 0xe6, 0x00,
    0x68, 0x00, 0x20, 0x00, 0x43, 0x00, 0xca, 0x00, 0xa3, 0x00, 0x00, 0x00, 0x00, 0x00, 0x00, 0x00,
    0x00, 0x00, 0x00, 0x00, 0x00, 0x00, 0x00, 0x00, 0x00, 0x00, 0x00, 0x00, 0x00, 0x00, 0x00, 0x00,
    0x00, 0x00, 0x00, 0x00, 0x00, 0x00, 0x00, 0x00, 0x00, 0x00, 0x00, 0x00, 0x00, 0x00, 0x00, 0x00,
    0x00, 0x00, 0x00, 0x00, 0x00, 0x00, 0x00, 0x00, 0x00, 0x00, 0x00, 0x00, 0x00, 0x00, 0x00, 0x00,
    0x00, 0x00, 0x00, 0x00, 0x00, 0x00, 0x00, 0x00, 0x00, 0x00, 0x00, 0x00, 0x00, 0x00, 0x40, 0x00,
    0xa6, 0x00, 0x47, 0x00, 0x47, 0x00, 0x88, 0x00, 0x27, 0x00, 0x45, 0x00, 0x45, 0x00, 0x27, 0x00,
    0x27, 0x00, 0x8a, 0x00, 0xc8, 0x00, 0x63, 0x00, 0x09, 0x00, 0x47, 0x00, 0xc1, 0x00, 0xc2, 0x00,
    0x45, 0x00, 0xc8, 0x00, 0xa8, 0x00, 0x22, 0x00, 0xa3, 0x00, 0xa8, 0x00, 0xca, 0x00, 0xc6, 0x00,
    0x86, 0x00, 0xc4, 0x00, 0x67, 0x00, 0x29, 0x00, 0x81, 0x00, 0x00, 0x00, 0x00, 0x00, 0x00, 0x00,
    0x00, 0x00, 0x00, 0x00, 0x00, 0x00, 0x00, 0x00, 0x00, 0x00, 0x00, 0x00, 0x00, 0x00, 0x00, 0x00,
    0x00, 0x00, 0x00, 0x00, 0x00, 0x00, 0x00, 0x00, 0x00, 0x00, 0x00, 0x00, 0x00, 0x00, 0x00, 0x00,
    0x00, 0x00, 0x00, 0x00, 0x00, 0x00, 0x00, 0x00, 0x00, 0x00, 0x00, 0x00, 0x00, 0x00, 0x00, 0x00,
    0x00, 0x00, 0x00, 0x00, 0x00, 0x00, 0x00, 0x00, 0x00, 0x00, 0x00, 0x00, 0x00, 0x00, 0x00, 0x00,
    0x20, 0x00, 0x43, 0x00, 0xa4, 0x00, 0x43, 0x00, 0x81, 0x00, 0x00, 0x00, 0x00, 0x00, 0xc1, 0x00,
    0xa4, 0x00, 0xc6, 0x00, 0x09, 0x00, 0x86, 0x00, 0x65, 0x00, 0xeb, 0x00, 0xa8, 0x00, 0x43, 0x00,
    0x43, 0x00, 0x45, 0x00, 0x47, 0x00, 0x27, 0x00, 0xe2, 0x00, 0xe6, 0x00, 0xea, 0x00, 0x89, 0x00,
    0xa6, 0x00, 0x45, 0x00, 0xaa, 0x00, 0xe4, 0x00, 0x00, 0x00, 0x00, 0x00, 0x00, 0x00, 0x00, 0x00,
    0x00, 0x00, 0x00, 0x00, 0x00, 0x00, 0x00, 0x00, 0x00, 0x00, 0x00, 0x00, 0x00, 0x00, 0x00, 0x00,
    0x00, 0x00, 0x00, 0x00, 0x00, 0x00, 0x00, 0x00, 0x00, 0x00, 0x00, 0x00, 0x00, 0x00, 0x00, 0x00,
    0x00, 0x00, 0x00, 0x00, 0x00, 0x00, 0x00, 0x00, 0x00, 0x00, 0x00, 0x00, 0x00, 0x00, 0x00, 0x00,
    0x00, 0x00, 0x00, 0x00, 0x00, 0x00, 0x00, 0x00, 0x00, 0x00, 0x00, 0x00, 0x00, 0x00, 0x00, 0x00,
    0x00, 0x00, 0x00, 0x00, 0x00, 0x00, 0x00, 0x00, 0x00, 0x00, 0x00, 0x00, 0x00, 0x00, 0x00, 0x00,
    0x00, 0x00, 0xa1, 0x00, 0x65, 0x00, 0x88, 0x00, 0xe4, 0x00, 0x67, 0x00, 0xeb, 0x00, 0xa8, 0x00,
    0x43, 0x00, 0x04, 0x00, 0x04, 0x00, 0x47, 0x00, 0x45, 0x00, 0xe4, 0x00, 0xca, 0x00, 0x08, 0x00,
    0x69, 0x00, 0xa6, 0x00, 0x8a, 0x00, 0x81, 0x00, 0x00, 0x00, 0x00, 0x00, 0x00, 0x00, 0x00, 0x00,
    0x00, 0x00, 0x00, 0x00, 0x00, 0x00, 0x00, 0x00, 0x00, 0x00, 0x00, 0x00, 0x00, 0x00, 0x00, 0x00,
    0x00, 0x00, 0x00, 0x00, 0x00, 0x00, 0x00, 0x00, 0x00, 0x00, 0x00, 0x00, 0x00, 0x00, 0x00, 0x00,
    0x00, 0x00, 0x00, 0x00, 0x00, 0x00, 0x00, 0x00, 0x00, 0x00, 0x00, 0x00, 0x00, 0x00, 0x00, 0x00,
    0x00, 0x00, 0x00, 0x00, 0x00, 0x00, 0x00, 0x00, 0x00, 0x00, 0x00, 0x00, 0x00, 0x00, 0x00, 0x00,
    0x00, 0x00, 0x00, 0x00, 0x00, 0x00, 0x00, 0x00, 0x40, 0x00, 0x20, 0x00, 0x00, 0x00, 0x40, 0x00,
    0xe2, 0x00, 0x00, 0x00, 0x40, 0x00, 0xe4, 0x00, 0x27, 0x00, 0x65, 0x00, 0x88, 0x00, 0xaa, 0x00,
    0xa8, 0x00, 0x87, 0x00, 0xa8, 0x00, 0x45, 0x00, 0xc6, 0x00, 0xa3, 0x00, 0x27, 0x00, 0xe8, 0x00,
    0xca, 0x00, 0x67, 0x00, 0x49, 0x00, 0x42, 0x00, 0x22, 0x00, 0x00, 0x00, 0x00, 0x00, 0x00, 0x00,
    0x00, 0x00, 0x00, 0x00, 0x00, 0x00, 0x00, 0x00, 0x00, 0x00, 0x00, 0x00, 0x00, 0x00, 0x00, 0x00,
    0x00, 0x00, 0x00, 0x00, 0x00, 0x00, 0x00, 0x00, 0x00, 0x00, 0x00, 0x00, 0x00, 0x00, 0x00, 0x00,
    0x00, 0x00, 0x00, 0x00, 0x00, 0x00, 0x00, 0x00, 0x00, 0x00, 0x00, 0x00, 0x00, 0x00, 0x00, 0x00,
    0x00, 0x00, 0x00, 0x00, 0x00, 0x00, 0x00, 0x00, 0x00, 0x00, 0x00, 0x00, 0x00, 0x00, 0x00, 0x00,
    0x00, 0x00, 0x00, 0x00, 0x00, 0x00, 0x00, 0x00, 0xa1, 0x00, 0xe7, 0x00, 0xe4, 0x00, 0xc1, 0x00,
    0x05, 0x00, 0xe4, 0x00, 0xc2, 0x00, 0x40, 0x00, 0x63, 0x00, 0x86, 0x00, 0x65, 0x00, 0x09, 0x00,
    0xeb, 0x00, 0xc8, 0x00, 0xeb, 0x00, 0x8a, 0x00, 0x65, 0x00, 0xa5, 0x00, 0xc3, 0x00, 0xe6, 0x00,
    0x0b, 0x00, 0xc8, 0x00, 0x69, 0x00, 0xe6, 0x00, 0x49, 0x00, 0x00, 0x00, 0x00, 0x00, 0x00, 0x00,
    0x00, 0x00, 0x00, 0x00, 0x00, 0x00, 0x00, 0x00, 0x00, 0x00, 0x00, 0x00, 0x00, 0x00, 0x00, 0x00,
    0x00, 0x00, 0x00, 0x00, 0x00, 0x00, 0x00, 0x00, 0x00, 0x00, 0x00, 0x00, 0x00, 0x00, 0x00, 0x00,
    0x00, 0x00, 0x00, 0x00, 0x00, 0x00, 0x00, 0x00, 0x00, 0x00, 0x00, 0x00, 0x00, 0x00, 0x00, 0x00,
    0x00, 0x00, 0x00, 0x00, 0x00, 0x00, 0x00, 0x00, 0x00, 0x00, 0x00, 0x00, 0x00, 0x00, 0x00, 0x00,
    0x00, 0x00, 0x00, 0x00, 0x00, 0x00, 0x00, 0x00, 0x00, 0x00, 0xe4, 0x00, 0xc9, 0x00, 0x09, 0x00,
    0xa8, 0x00, 0x68, 0x00, 0x07, 0x00, 0x07, 0x00, 0x05, 0x00, 0x83, 0x00, 0x04, 0x00, 0x45, 0x00,
    0x88, 0x00, 0x6a, 0x00, 0x49, 0x00, 0x2b, 0x00, 0x69, 0x00, 0x67, 0x00, 0x8a, 0x00, 0x65, 0x00,
    0x29, 0x00, 0x29, 0x00, 0x8a, 0x00, 0x08, 0x00, 0xac, 0x00, 0x20, 0x00, 0x00, 0x00, 0x00, 0x00,
    0x00, 0x00, 0x00, 0x00, 0x00, 0x00, 0x00, 0x00, 0x00, 0x00, 0x00, 0x00, 0x00, 0x00, 0x00, 0x00,
    0x00, 0x00, 0x00, 0x00, 0x00, 0x00, 0x00, 0x00, 0x00, 0x00, 0x00, 0x00, 0x00, 0x00, 0x00, 0x00,
    0x00, 0x00, 0x00, 0x00, 0x00, 0x00, 0x00, 0x00, 0x00, 0x00, 0x00, 0x00, 0x00, 0x00, 0x00, 0x00,
    0x00, 0x00, 0x00, 0x00, 0x00, 0x00, 0x00, 0x00, 0x00, 0x00, 0x00, 0x00, 0x00, 0x00, 0x00, 0x00,
    0x00, 0x00, 0x00, 0x00, 0x00, 0x00, 0x00, 0x00, 0x00, 0x00, 0x41, 0x00, 0xc5, 0x00, 0xc7, 0x00,
    0x88, 0x00, 0x0a, 0x00, 0xe9, 0x00, 0x89, 0x00, 0xc7, 0x00, 0xc4, 0x00, 0x63, 0x00, 0xe6, 0x00,
    0x88, 0x00, 0x6a, 0x00, 0x0b, 0x00, 0xeb, 0x00, 0x2b, 0x00, 0x8a, 0x00, 0x0b, 0x00, 0x4b, 0x00,
    0x09, 0x00, 0x69, 0x00, 0x69, 0x00, 0xac, 0x00, 0xeb, 0x00, 0xa1, 0x00, 0x20, 0x00, 0x00, 0x00,
    0x00, 0x00, 0x00, 0x00, 0x00, 0x00, 0x00, 0x00, 0x00, 0x00, 0x00, 0x00, 0x00, 0x00, 0x00, 0x00,
    0x00, 0x00, 0x00, 0x00, 0x00, 0x00, 0x00, 0x00, 0x00, 0x00, 0x00, 0x00, 0x00, 0x00, 0x00, 0x00,
    0x00, 0x00, 0x00, 0x00, 0x00, 0x00, 0x00, 0x00, 0x00, 0x00, 0x00, 0x00, 0x00, 0x00, 0x00, 0x00,
    0x00, 0x00, 0x00, 0x00, 0x00, 0x00, 0x00, 0x00, 0x20, 0x00, 0x22, 0x00, 0x46, 0x00, 0xc5, 0x00,
    0x40, 0x00, 0x00, 0x00, 0x00, 0x00, 0x40, 0x00, 0x20, 0x00, 0x00, 0x00, 0x20, 0x00, 0x64, 0x00,
    0xa4, 0x00, 0x66, 0x00, 0x48, 0x00, 0xe7, 0x00, 0x27, 0x00, 0x88, 0x00, 0x47, 0x00, 0x88, 0x00,
    0x4a, 0x00, 0x09, 0x00, 0x49, 0x00, 0x0b, 0x00, 0x2b, 0x00, 0x4c, 0x00, 0xea, 0x00, 0x2b, 0x00,
    0xac, 0x00, 0x6c, 0x00, 0xca, 0x00, 0x6c, 0x00, 0x0b, 0x00, 0x49, 0x00, 0xc1, 0x00, 0x00, 0x00,
    0x00, 0x00, 0x00, 0x00, 0x00, 0x00, 0x00, 0x00, 0x00, 0x00, 0x00, 0x00, 0x00, 0x00, 0x00, 0x00,
    0x00, 0x00, 0x00, 0x00, 0x00, 0x00, 0x40, 0x00, 0x00, 0x00, 0x00, 0x00, 0x00, 0x00, 0x00, 0x00,
    0x00, 0x00, 0x00, 0x00, 0x00, 0x00, 0x00, 0x00, 0x00, 0x00, 0x00, 0x00, 0x00, 0x00, 0x00, 0x00,
    0x00, 0x00, 0x00, 0x00, 0xa1, 0x00, 0xa7, 0x00, 0x28, 0x00, 0x67, 0x00, 0x06, 0x00, 0x89, 0x00,
    0xe6, 0x00, 0x00, 0x00, 0x00, 0x00, 0xc2, 0x00, 0xa7, 0x00, 0xa7, 0x00, 0x26, 0x00, 0x84, 0x00,
    0xc5, 0x00, 0x64, 0x00, 0x05, 0x00, 0x07, 0x00, 0xa8, 0x00, 0xe9, 0x00, 0x2a, 0x00, 0x88, 0x00,
    0x07, 0x00, 0x27, 0x00, 0x04, 0x00, 0x45, 0x00, 0x67, 0x00, 0x8a, 0x00, 0x4c, 0x00, 0x2b, 0x00,
    0x6c, 0x00, 0x8c, 0x00, 0x6c, 0x00, 0x69, 0x00, 0xcc, 0x00, 0x69, 0x00, 0x40, 0x00, 0x00, 0x00,
    0x00, 0x00, 0x00, 0x00, 0x00, 0x00, 0x00, 0x00, 0x00, 0x00, 0x00, 0x00, 0x00, 0x00, 0x00, 0x00,
    0x00, 0x00, 0x20, 0x00, 0x00, 0x00, 0x24, 0x00, 0x63, 0x00, 0x00, 0x00, 0x00, 0x00, 0x00, 0x00,
    0x00, 0x00, 0x00, 0x00, 0x00, 0x00, 0x00, 0x00, 0x00, 0x00, 0x00, 0x00, 0x00, 0x00, 0x00, 0x00,
    0x00, 0x00, 0x00, 0x00, 0x04, 0x00, 0x06, 0x00, 0x66, 0x00, 0x89, 0x00, 0x85, 0x00, 0x24, 0x00,
    0x26, 0x00, 0x20, 0x00, 0x00, 0x00, 0x00, 0x00, 0x03, 0x00, 0xc7, 0x00, 0x29, 0x00, 0x87, 0x00,
    0x84, 0x00, 0x84, 0x00, 0x84, 0x00, 0xa4, 0x00, 0x45, 0x00, 0xe7, 0x00, 0x88, 0x00, 0x2a, 0x00,
    0x09, 0x00, 0x4a, 0x00, 0x68, 0x00, 0xc5, 0x00, 0x4a, 0x00, 0x25, 0x00, 0x47, 0x00, 0x4a, 0x00,
    0x29, 0x00, 0x0b, 0x00, 0x6c, 0x00, 0xe8, 0x00, 0x0b, 0x00, 0x04, 0x00, 0x00, 0x00, 0x00, 0x00,
    0x00, 0x00, 0x00, 0x00, 0x00, 0x00, 0x00, 0x00, 0x00, 0x00, 0x00, 0x00, 0x00, 0x00, 0x00, 0x00,
    0x00, 0x00, 0x00, 0x00, 0x00, 0x00, 0xe8, 0x00, 0xa8, 0x00, 0x00, 0x00, 0x00, 0x00, 0x00, 0x00,
    0x00, 0x00, 0x00, 0x00, 0x00, 0x00, 0x00, 0x00, 0x00, 0x00, 0x00, 0x00, 0x00, 0x00, 0x00, 0x00,
    0x00, 0x00, 0x02, 0x00, 0xe8, 0x00, 0xc7, 0x00, 0xa5, 0x00, 0xc5, 0x00, 0xa5, 0x00, 0x42, 0x00,
    0x04, 0x00, 0xc3, 0x00, 0x00, 0x00, 0x00, 0x00, 0x00, 0x00, 0x20, 0x00, 0x23, 0x00, 0xa7, 0x00,
    0x28, 0x00, 0x68, 0x00, 0xc9, 0x00, 0xe9, 0x00, 0xe9, 0x00, 0xc9, 0x00, 0x88, 0x00, 0xc9, 0x00,
    0x4a, 0x00, 0x6a, 0x00, 0x29, 0x00, 0x0b, 0x00, 0x6a, 0x00, 0xe4, 0x00, 0xe2, 0x00, 0x86, 0x00,
    0x47, 0x00, 0x8a, 0x00, 0xad, 0x00, 0xac, 0x00, 0xcd, 0x00, 0xca, 0x00, 0xe6, 0x00, 0xa1, 0x00,
    0x00, 0x00, 0x00, 0x00, 0x00, 0x00, 0x00, 0x00, 0x00, 0x00, 0x00, 0x00, 0x00, 0x00, 0x00, 0x00,
    0x00, 0x00, 0x63, 0x00, 0xa8, 0x00, 0xaa, 0x00, 0xa9, 0x00, 0x00, 0x00, 0x00, 0x00, 0x00, 0x00,
    0x00, 0x00, 0x00, 0x00, 0x00, 0x00, 0x00, 0x00, 0x00, 0x00, 0x00, 0x00, 0x00, 0x00, 0x00, 0x00,
    0x00, 0x00, 0xe6, 0x00, 0x8a, 0x00, 0xea, 0x00, 0x69, 0x00, 0xe4, 0x00, 0x24, 0x00, 0x83, 0x00,
    0x85, 0x00, 0xea, 0x00, 0xa3, 0x00, 0x00, 0x00, 0x00, 0x00, 0x00, 0x00, 0x43, 0x00, 0x26, 0x00,
    0xa7, 0x00, 0xa9, 0x00, 0x0a, 0x00, 0x2a, 0x00, 0x6a, 0x00, 0x4a, 0x00, 0x09, 0x00, 0x6a, 0x00,
    0xeb, 0x00, 0x2c, 0x00, 0xeb, 0x00, 0xcb, 0x00, 0xa8, 0x00, 0xc5, 0x00, 0xc4, 0x00, 0x85, 0x00,
    0x88, 0x00, 0xeb, 0x00, 0xaa, 0x00, 0x67, 0x00, 0xcc, 0x00, 0x6e, 0x00, 0x8e, 0x00, 0x89, 0x00,
    0x81, 0x00, 0x00, 0x00, 0x00, 0x00, 0x00, 0x00, 0x00, 0x00, 0x00, 0x00, 0x40, 0x00, 0x85, 0x00,
    0xaa, 0x00, 0xcc, 0x00, 0x49, 0x00, 0xaa, 0x00, 0xca, 0x00, 0x00, 0x00, 0x00, 0x00, 0x00, 0x00,
    0x00, 0x00, 0x00, 0x00, 0x00, 0x00, 0x00, 0x00, 0x00, 0x00, 0x00, 0x00, 0x00, 0x00, 0x00, 0x00,
    0xa1, 0x00, 0xe7, 0x00, 0x47, 0x00, 0xa8, 0x00, 0x88, 0x00, 0x85, 0x00, 0xa6, 0x00, 0xe4, 0x00,
    0x83, 0x00, 0x65, 0x00, 0xc4, 0x00, 0x00, 0x00, 0x40, 0x00, 0xe5, 0x00, 0xa8, 0x00, 0x67, 0x00,
    0xe6, 0x00, 0xe5, 0x00, 0xe5, 0x00, 0xe5, 0x00, 0x86, 0x00, 0x28, 0x00, 0xc9, 0x00, 0xc9, 0x00,
    0x6a, 0x00, 0x0b, 0x00, 0xeb, 0x00, 0xcb, 0x00, 0x6c, 0x00, 0xad, 0x00, 0x6c, 0x00, 0xaa, 0x00,
    0x2b, 0x00, 0x0b, 0x00, 0xaa, 0x00, 0x29, 0x00, 0x6b, 0x00, 0xac, 0x00, 0x8c, 0x00, 0x4b, 0x00,
    0x63, 0x00, 0x00, 0x00, 0x00, 0x00, 0x00, 0x00, 0x00, 0x00, 0x02, 0x00, 0xc8, 0x00, 0xac, 0x00,
    0x2b, 0x00, 0x69, 0x00, 0x08, 0x00, 0x6b, 0x00, 0x08, 0x00, 0x00, 0x00, 0x00, 0x00, 0x00, 0x00,
    0x00, 0x00, 0x00, 0x00, 0x00, 0x00, 0x00, 0x00, 0x00, 0x00, 0x00, 0x00, 0x00, 0x00, 0x00, 0x00,
    0x02, 0x00, 0xa6, 0x00, 0x86, 0x00, 0xa6, 0x00, 0xc6, 0x00, 0xc4, 0x00, 0xe4, 0x00, 0x45, 0x00,
    0xe4, 0x00, 0x05, 0x00, 0x81, 0x00, 0x40, 0x00, 0x67, 0x00, 0xe8, 0x00, 0x67, 0x00, 0x87, 0x00,
    0x26, 0x00, 0xc5, 0x00, 0x23, 0x00, 0xe4, 0x00, 0xa6, 0x00, 0xa6, 0x00, 0xe7, 0x00, 0x09, 0x00,
    0x2a, 0x00, 0x8a, 0x00, 0xab, 0x00, 0xeb, 0x00, 0x0c, 0x00, 0x0b, 0x00, 0xca, 0x00, 0xca, 0x00,
    0x0b, 0x00, 0xeb, 0x00, 0x4c, 0x00, 0x2e, 0x00, 0x8c, 0x00, 0x8c, 0x00, 0x6b, 0x00, 0xca, 0x00,
    0x02, 0x00, 0x00, 0x00, 0x00, 0x00, 0x00, 0x00, 0x60, 0x00, 0xa7, 0x00, 0x0b, 0x00, 0x69, 0x00,
    0xa8, 0x00, 0x29, 0x00, 0xea, 0x00, 0xea, 0x00, 0x85, 0x00, 0x00, 0x00, 0x00, 0x00, 0x00, 0x00,
    0x00, 0x00, 0x00, 0x00, 0x00, 0x00, 0x00, 0x00, 0x00, 0x00, 0x00, 0x00, 0x00, 0x00, 0x00, 0x00,
    0xc2, 0x00, 0x86, 0x00, 0xa6, 0x00, 0x86, 0x00, 0xe4, 0x00, 0x63, 0x00, 0xc4, 0x00, 0xe7, 0x00,
    0x65, 0x00, 0x22, 0x00, 0x00, 0x00, 0x61, 0x00, 0x64, 0x00, 0x43, 0x00, 0xc5, 0x00, 0x26, 0x00,
    0xc5, 0x00, 0x05, 0x00, 0xa9, 0x00, 0x4a, 0x00, 0x0a, 0x00, 0xa9, 0x00, 0xa6, 0x00, 0xa6, 0x00,
    0xc9, 0x00, 0x6a, 0x00, 0xcb, 0x00, 0x09, 0x00, 0x45, 0x00, 0x02, 0x00, 0x26, 0x00, 0x08, 0x00,
    0x43, 0x00, 0xa4, 0x00, 0x47, 0x00, 0x87, 0x00, 0x49, 0x00, 0xca, 0x00, 0x4b, 0x00, 0x47, 0x00,
    0x00, 0x00, 0x00, 0x00, 0x00, 0x00, 0x00, 0x00, 0x04, 0x00, 0xca, 0x00, 0x29, 0x00, 0x27, 0x00,
    0x09, 0x00, 0x49, 0x00, 0x49, 0x00, 0xe8, 0x00, 0xa1, 0x00, 0x00, 0x00, 0x00, 0x00, 0x00, 0x00,
    0x00, 0x00, 0x00, 0x00, 0x00, 0x00, 0x00, 0x00, 0x00, 0x00, 0x00, 0x00, 0x00, 0x00, 0x00, 0x00,
    0x20, 0x00, 0x25, 0x00, 0xa6, 0x00, 0x07, 0x00, 0xe7, 0x00, 0x25, 0x00, 0xa4, 0x00, 0xc4, 0x00,
    0x81, 0x00, 0x00, 0x00, 0x00, 0x00, 0x00, 0x00, 0x00, 0x00, 0x61, 0x00, 0x26, 0x00, 0xe5, 0x00,
    0x06, 0x00, 0x26, 0x00, 0xa7, 0x00, 0xe5, 0x00, 0x05, 0x00, 0x68, 0x00, 0xe9, 0x00, 0xe9, 0x00,
    0x4a, 0x00, 0xab, 0x00, 0x07, 0x00, 0xe2, 0x00, 0xa2, 0x00, 0x81, 0x00, 0x23, 0x00, 0x23, 0x00,
    0x82, 0x00, 0xa5, 0x00, 0x6a, 0x00, 0x61, 0x00, 0xe2, 0x00, 0x06, 0x00, 0x6a, 0x00, 0xc1, 0x00,
    0x00, 0x00, 0x00, 0x00, 0x00, 0x00, 0x00, 0x00, 0x27, 0x00, 0x6a, 0x00, 0xc6, 0x00, 0xe6, 0x00,
    0x88, 0x00, 0xe8, 0x00, 0xe8, 0x00, 0xa3, 0x00, 0x00, 0x00, 0x00, 0x00, 0x00, 0x00, 0x00, 0x00,
    0x00, 0x00, 0x00, 0x00, 0x00, 0x00, 0x00, 0x00, 0x00, 0x00, 0x00, 0x00, 0x00, 0x00, 0x00, 0x00,
    0x00, 0x00, 0x23, 0x00, 0x86, 0x00, 0x66, 0x00, 0x05, 0x00, 0xa4, 0x00, 0xc4, 0x00, 0x02, 0x00,
    0x00, 0x00, 0x00, 0x00, 0x00, 0x00, 0x00, 0x00, 0x41, 0x00, 0x47, 0x00, 0xe5, 0x00, 0xe5, 0x00,
    0x47, 0x00, 0x03, 0x00, 0x44, 0x00, 0x44, 0x00, 0x89, 0x00, 0x4a, 0x00, 0x4a, 0x00, 0x8b, 0x00,
    0x09, 0x00, 0xe6, 0x00, 0xa6, 0x00, 0x84, 0x00, 0xe2, 0x00, 0xe2, 0x00, 0x84, 0x00, 0xc5, 0x00,
    0x23, 0x00, 0x64, 0x00, 0x64, 0x00, 0xe2, 0x00, 0x20, 0x00, 0xe2, 0x00, 0x42, 0x00, 0x00, 0x00,
    0x00, 0x00, 0x00, 0x00, 0x00, 0x00, 0x00, 0x00, 0x06, 0x00, 0xa8, 0x00, 0x04, 0x00, 0x07, 0x00,
    0xe9, 0x00, 0x67, 0x00, 0x63, 0x00, 0x00, 0x00, 0x00, 0x00, 0x00, 0x00, 0x00, 0x00, 0x00, 0x00,
    0x00, 0x00, 0x00, 0x00, 0x00, 0x00, 0x00, 0x00, 0x00, 0x00, 0x00, 0x00, 0x00, 0x00, 0x00, 0x00,
    0x00, 0x00, 0x61, 0x00, 0x25, 0x00, 0xe5, 0x00, 0x05, 0x00, 0xc4, 0x00, 0x27, 0x00, 0xe6, 0x00,
    0x00, 0x00, 0x00, 0x00, 0x00, 0x00, 0x00, 0x00, 0x63, 0x00, 0x67, 0x00, 0x03, 0x00, 0x47, 0x00,
    0xc5, 0x00, 0xa5, 0x00, 0xe6, 0x00, 0xe5, 0x00, 0xc7, 0x00, 0x86, 0x00, 0xa6, 0x00, 0xe7, 0x00,
    0xc6, 0x00, 0x47, 0x00, 0x4a, 0x00, 0x65, 0x00, 0x61, 0x00, 0xa4, 0x00, 0x06, 0x00, 0x67, 0x00,
    0xc5, 0x00, 0xe2, 0x00, 0x23, 0x00, 0x61, 0x00, 0x00, 0x00, 0x00, 0x00, 0x00, 0x00, 0x00, 0x00,
    0x00, 0x00, 0x00, 0x00, 0x40, 0x00, 0x00, 0x00, 0x25, 0x00, 0xe7, 0x00, 0x86, 0x00, 0x09, 0x00,
    0x88, 0x00, 0x27, 0x00, 0x63, 0x00, 0x00, 0x00, 0x00, 0x00, 0x00, 0x00, 0x00, 0x00, 0x00, 0x00,
    0x00, 0x00, 0x00, 0x00, 0x00, 0x00, 0x00, 0x00, 0x00, 0x00, 0x00, 0x00, 0x00, 0x00, 0x00, 0x00,
    0x00, 0x00, 0x40, 0x00, 0x66, 0x00, 0x46, 0x00, 0x86, 0x00, 0x27, 0x00, 0xc8, 0x00, 0xaa, 0x00,
    0xe4, 0x00, 0x00, 0x00, 0x20, 0x00, 0x00, 0x00, 0xc2, 0x00, 0xe2, 0x00, 0xa5, 0x00, 0xc5, 0x00,
    0x44, 0x00, 0x26, 0x00, 0xe6, 0x00, 0x64, 0x00, 0x84, 0x00, 0x43, 0x00, 0x25, 0x00, 0x46, 0x00,
    0x07, 0x00, 0xa9, 0x00, 0x09, 0x00, 0x88, 0x00, 0x46, 0x00, 0x06, 0x00, 0x67, 0x00, 0xe9, 0x00,
    0x87, 0x00, 0x23, 0x00, 0x43, 0x00, 0x00, 0x00, 0x00, 0x00, 0x00, 0x00, 0x00, 0x00, 0x00, 0x00,
    0x00, 0x00, 0xe3, 0x00, 0x28, 0x00, 0x66, 0x00, 0x83, 0x00, 0x85, 0x00, 0x07, 0x00, 0x45, 0x00,
    0x63, 0x00, 0xc2, 0x00, 0x20, 0x00, 0x00, 0x00, 0x00, 0x00, 0x00, 0x00, 0x00, 0x00, 0x00, 0x00,
    0x00, 0x00, 0x00, 0x00, 0x00, 0x00, 0x00, 0x00, 0x00, 0x00, 0x00, 0x00, 0x00, 0x00, 0x00, 0x00,
    0x00, 0x00, 0x00, 0x00, 0x25, 0x00, 0xa6, 0x00, 0xa6, 0x00, 0x88, 0x00, 0xc8, 0x00, 0xaa, 0x00,
    0xa9, 0x00, 0x81, 0x00, 0x00, 0x00, 0x00, 0x00, 0x00, 0x00, 0xa1, 0x00, 0x26, 0x00, 0x84, 0x00,
    0x64, 0x00, 0x47, 0x00, 0x26, 0x00, 0xc5, 0x00, 0x05, 0x00, 0x63, 0x00, 0xe4, 0x00, 0xe4, 0x00,
    0xc4, 0x00, 0x25, 0x00, 0x07, 0x00, 0x09, 0x00, 0x48, 0x00, 0xe6, 0x00, 0x87, 0x00, 0x09, 0x00,
    0xc8, 0x00, 0x64, 0x00, 0x03, 0x00, 0x00, 0x00, 0x00, 0x00, 0x00, 0x00, 0x00, 0x00, 0x00, 0x00,
    0x22, 0x00, 0x26, 0x00, 0x08, 0x00, 0x48, 0x00, 0xe6, 0x00, 0xc4, 0x00, 0x43, 0x00, 0x00, 0x00,
    0x00, 0x00, 0x00, 0x00, 0x00, 0x00, 0x00, 0x00, 0x00, 0x00, 0x00, 0x00, 0x00, 0x00, 0x00, 0x00,
    0x00, 0x00, 0x00, 0x00, 0x00, 0x00, 0x00, 0x00, 0x00, 0x00, 0x00, 0x00, 0x00, 0x00, 0x00, 0x00,
    0x00, 0x00, 0x00, 0x00, 0x83, 0x00, 0xe7, 0x00, 0xa6, 0x00, 0x68, 0x00, 0xc8, 0x00, 0x8a, 0x00,
    0xaa, 0x00, 0x06, 0x00, 0xc5, 0x00, 0x24, 0x00, 0xe1, 0x00, 0x41, 0x00, 0x26, 0x00, 0x26, 0x00,
    0x64, 0x00, 0x67, 0x00, 0x46, 0x00, 0x06, 0x00, 0x26, 0x00, 0xa4, 0x00, 0x04, 0x00, 0xa4, 0x00,
    0xc4, 0x00, 0x83, 0x00, 0x83, 0x00, 0x48, 0x00, 0xc8, 0x00, 0xe6, 0x00, 0xa5, 0x00, 0x8b, 0x00,
    0x4a, 0x00, 0xa5, 0x00, 0xa2, 0x00, 0x00, 0x00, 0x00, 0x00, 0x00, 0x00, 0x00, 0x00, 0x63, 0x00,
    0x08, 0x00, 0x26, 0x00, 0xc3, 0x00, 0x08, 0x00, 0xab, 0x00, 0x66, 0x00, 0x00, 0x00, 0x00, 0x00,
    0x00, 0x00, 0x00, 0x00, 0x00, 0x00, 0x00, 0x00, 0x00, 0x00, 0x00, 0x00, 0x00, 0x00, 0x00, 0x00,
    0x00, 0x00, 0x00, 0x00, 0x00, 0x00, 0x00, 0x00, 0x00, 0x00, 0x00, 0x00, 0x00, 0x00, 0x00, 0x00,
    0x00, 0x00, 0x00, 0x00, 0x20, 0x00, 0xa7, 0x00, 0xe7, 0x00, 0x27, 0x00, 0xa8, 0x00, 0x49, 0x00,
    0x29, 0x00, 0x28, 0x00, 0x4a, 0x00, 0x6b, 0x00, 0x6b, 0x00, 0x46, 0x00, 0xc4, 0x00, 0xe6, 0x00,
    0x44, 0x00, 0x46, 0x00, 0x46, 0x00, 0x66, 0x00, 0xe7, 0x00, 0x45, 0x00, 0x27, 0x00, 0xc6, 0x00,
    0x04, 0x00, 0xa3, 0x00, 0x22, 0x00, 0x83, 0x00, 0x6a, 0x00, 0x65, 0x00, 0xc5, 0x00, 0x6a, 0x00,
    0x0c, 0x00, 0xc8, 0x00, 0x61, 0x00, 0x00, 0x00, 0x00, 0x00, 0x00, 0x00, 0xa1, 0x00, 0x04, 0x00,
    0x47, 0x00, 0xe8, 0x00, 0x44, 0x00, 0x68, 0x00, 0x08, 0x00, 0xc9, 0x00, 0x02, 0x00, 0x00, 0x00,
    0x00, 0x00, 0x00, 0x00, 0x00, 0x00, 0x00, 0x00, 0x00, 0x00, 0x00, 0x00, 0x00, 0x00, 0x00, 0x00,
    0x00, 0x00, 0x00, 0x00, 0x00, 0x00, 0x00, 0x00, 0x00, 0x00, 0x00, 0x00, 0x00, 0x00, 0x00, 0x00,
    0x00, 0x00, 0x00, 0x00, 0xa1, 0x00, 0x64, 0x00, 0xc7, 0x00, 0xc7, 0x00, 0x48, 0x00, 0xc8, 0x00,
    0xa8, 0x00, 0x89, 0x00, 0x0a, 0x00, 0x4b, 0x00, 0xca, 0x00, 0x0c, 0x00, 0x69, 0x00, 0x47, 0x00,
    0x65, 0x00, 0x64, 0x00, 0x46, 0x00, 0x86, 0x00, 0x48, 0x00, 0x05, 0x00, 0xc6, 0x00, 0x48, 0x00,
    0x07, 0x00, 0xa6, 0x00, 0x65, 0x00, 0xa4, 0x00, 0x65, 0x00, 0xa8, 0x00, 0xe6, 0x00, 0x47, 0x00,
    0xac, 0x00, 0x0a, 0x00, 0x84, 0x00, 0xa1, 0x00, 0x00, 0x00, 0x00, 0x00, 0x22, 0x00, 0xe4, 0x00,
    0x45, 0x00, 0xc6, 0x00, 0x06, 0x00, 0x26, 0x00, 0x89, 0x00, 0x8b, 0x00, 0x04, 0x00, 0x00, 0x00,
    0x00, 0x00, 0x00, 0x00, 0x00, 0x00, 0x00, 0x00, 0x00, 0x00, 0x00, 0x00, 0x00, 0x00, 0x00, 0x00,
    0x00, 0x00, 0x00, 0x00, 0x00, 0x00, 0x00, 0x00, 0x00, 0x00, 0x00, 0x00, 0x00, 0x00, 0x00, 0x00,
    0x00, 0x00, 0x00, 0x00, 0x84, 0x00, 0x46, 0x00, 0x46, 0x00, 0xa6, 0x00, 0xc7, 0x00, 0x27, 0x00,
    0x88, 0x00, 0x09, 0x00, 0x49, 0x00, 0xaa, 0x00, 0x2a, 0x00, 0x0a, 0x00, 0x2d, 0x00, 0xca, 0x00,
    0x4b, 0x00, 0x06, 0x00, 0x26, 0x00, 0x66, 0x00, 0x48, 0x00, 0x86, 0x00, 0xc6, 0x00, 0xe6, 0x00,
    0xc6, 0x00, 0xe6, 0x00, 0x68, 0x00, 0x02, 0x00, 0xc1, 0x00, 0x88, 0x00, 0x6a, 0x00, 0x04, 0x00,
    0x44, 0x00, 0xe5, 0x00, 0xe9, 0x00, 0xe2, 0x00, 0x00, 0x00, 0x00, 0x00, 0xa1, 0x00, 0x65, 0x00,
    0x45, 0x00, 0xa4, 0x00, 0x04, 0x00, 0xc5, 0x00, 0x89, 0x00, 0x2b, 0x00, 0xe6, 0x00, 0x00, 0x00,
    0x00, 0x00, 0x00, 0x00, 0x00, 0x00, 0x00, 0x00, 0x00, 0x00, 0x00, 0x00, 0x00, 0x00, 0x00, 0x00,
    0x00, 0x00, 0x00, 0x00, 0x00, 0x00, 0x00, 0x00, 0x00, 0x00, 0x00, 0x00, 0x00, 0x00, 0x00, 0x00,
    0x00, 0x00, 0x00, 0x00, 0x00, 0x00, 0x02, 0x00, 0xc4, 0x00, 0x86, 0x00, 0xc7, 0x00, 0xe7, 0x00,
    0x27, 0x00, 0x27, 0x00, 0xa8, 0x00, 0x49, 0x00, 0xea, 0x00, 0xaa, 0x00, 0x2b, 0x00, 0x6b, 0x00,
    0xca, 0x00, 0x4b, 0x00, 0xe7, 0x00, 0x86, 0x00, 0x08, 0x00, 0xe7, 0x00, 0xe9, 0x00, 0xe9, 0x00,
    0x07, 0x00, 0x65, 0x00, 0x06, 0x00, 0xe4, 0x00, 0x00, 0x00, 0x25, 0x00, 0xc8, 0x00, 0x27, 0x00,
    0x07, 0x00, 0x29, 0x00, 0xa6, 0x00, 0x00, 0x00, 0x00, 0x00, 0x00, 0x00, 0x20, 0x00, 0xe4, 0x00,
    0xa6, 0x00, 0x45, 0x00, 0x65, 0x00, 0x27, 0x00, 0x26, 0x00, 0x8a, 0x00, 0xa5, 0x00, 0x00, 0x00,
    0x00, 0x00, 0x00, 0x00, 0x00, 0x00, 0x00, 0x00, 0x00, 0x00, 0x00, 0x00, 0x00, 0x00, 0x00, 0x00,
    0x00, 0x00, 0x00, 0x00, 0x00, 0x00, 0x00, 0x00, 0x00, 0x00, 0x00, 0x00, 0x00, 0x00, 0x00, 0x00,
    0x00, 0x00, 0x00, 0x00, 0x00, 0x00, 0x00, 0x00, 0x00, 0x00, 0xe2, 0x00, 0xa4, 0x00, 0x66, 0x00,
    0xa6, 0x00, 0xc7, 0x00, 0x27, 0x00, 0x88, 0x00, 0xc8, 0x00, 0xc8, 0x00, 0xa8, 0x00, 0xca, 0x00,
    0x49, 0x00, 0xaa, 0x00, 0xe8, 0x00, 0x07, 0x00, 0x48, 0x00, 0xe7, 0x00, 0x4a, 0x00, 0xcb, 0x00,
    0xab, 0x00, 0x6a, 0x00, 0x6a, 0x00, 0x8a, 0x00, 0x02, 0x00, 0x40, 0x00, 0x43, 0x00, 0x07, 0x00,
    0x47, 0x00, 0x86, 0x00, 0x61, 0x00, 0x00, 0x00, 0x00, 0x00, 0x00, 0x00, 0x00, 0x00, 0x22, 0x00,
    0x45, 0x00, 0x25, 0x00, 0x86, 0x00, 0x85, 0x00, 0xe6, 0x00, 0x87, 0x00, 0x02, 0x00, 0x00, 0x00,
    0x00, 0x00, 0x20, 0x00, 0x00, 0x00, 0x00, 0x00, 0x00, 0x00, 0x00, 0x00, 0x00, 0x00, 0x00, 0x00,
    0x00, 0x00, 0x00, 0x00, 0x00, 0x00, 0x00, 0x00, 0x00, 0x00, 0x00, 0x00, 0x00, 0x00, 0x00, 0x00,
    0x00, 0x00, 0x00, 0x00, 0xa1, 0x00, 0x42, 0x00, 0x44, 0x00, 0x26, 0x00, 0x06, 0x00, 0xc6, 0x00,
    0x25, 0x00, 0x45, 0x00, 0xc7, 0x00, 0x07, 0x00, 0x07, 0x00, 0xa6, 0x00, 0x65, 0x00, 0x67, 0x00,
    0x88, 0x00, 0xa8, 0x00, 0xc8, 0x00, 0xc6, 0x00, 0x2a, 0x00, 0x67, 0x00, 0xe9, 0x00, 0xeb, 0x00,
    0x2c, 0x00, 0x2c, 0x00, 0x4c, 0x00, 0x0b, 0x00, 0x47, 0x00, 0xc5, 0x00, 0x62, 0x00, 0x00, 0x00,
    0x00, 0x00, 0x00, 0x00, 0x00, 0x00, 0x00, 0x00, 0x00, 0x00, 0x00, 0x00, 0x20, 0x00, 0xe4, 0x00,
    0xe4, 0x00, 0x86, 0x00, 0xc6, 0x00, 0xa6, 0x00, 0x86, 0x00, 0xa6, 0x00, 0xa1, 0x00, 0x00, 0x00,
    0x20, 0x00, 0xc4, 0x00, 0x00, 0x00, 0x00, 0x00, 0x00, 0x00, 0x00, 0x00, 0x00, 0x00, 0x00, 0x00,
    0x00, 0x00, 0x00, 0x00, 0x00, 0x00, 0x00, 0x00, 0x00, 0x00, 0x00, 0x00, 0x20, 0x00, 0x63, 0x00,
    0x06, 0x00, 0xe8, 0x00, 0x49, 0x00, 0x8a, 0x00, 0x49, 0x00, 0x88, 0x00, 0xe6, 0x00, 0xa5, 0x00,
    0x26, 0x00, 0xe6, 0x00, 0x45, 0x00, 0x46, 0x00, 0x86, 0x00, 0xa6, 0x00, 0x86, 0x00, 0xa6, 0x00,
    0xc6, 0x00, 0x07, 0x00, 0x47, 0x00, 0xc6, 0x00, 0xc9, 0x00, 0xa8, 0x00, 0x49, 0x00, 0x29, 0x00,
    0x29, 0x00, 0x0b, 0x00, 0x8d, 0x00, 0x2c, 0x00, 0x6a, 0x00, 0xc6, 0x00, 0xc7, 0x00, 0x42, 0x00,
    0x00, 0x00, 0x00, 0x00, 0x00, 0x00, 0x00, 0x00, 0x00, 0x00, 0x20, 0x00, 0xe4, 0x00, 0x86, 0x00,
    0x86, 0x00, 0xc6, 0x00, 0xc6, 0x00, 0x86, 0x00, 0x25, 0x00, 0x85, 0x00, 0x47, 0x00, 0x00, 0x00,
    0x02, 0x00, 0x26, 0x00, 0x00, 0x00, 0x00, 0x00, 0x00, 0x00, 0x00, 0x00, 0x00, 0x00, 0x00, 0x00,
    0x00, 0x00, 0x00, 0x00, 0x00, 0x00, 0x00, 0x00, 0x00, 0x00, 0x00, 0x00, 0x81, 0x00, 0x86, 0x00,
    0xc6, 0x00, 0x27, 0x00, 0x67, 0x00, 0xa6, 0x00, 0x45, 0x00, 0xc6, 0x00, 0xa7, 0x00, 0x29, 0x00,
    0xc8, 0x00, 0x27, 0x00, 0xe6, 0x00, 0xe5, 0x00, 0x63, 0x00, 0x84, 0x00, 0x05, 0x00, 0x05, 0x00,
    0xc7, 0x00, 0x88, 0x00, 0x27, 0x00, 0x68, 0x00, 0xc8, 0x00, 0x67, 0x00, 0xeb, 0x00, 0x6c, 0x00,
    0x0b, 0x00, 0x49, 0x00, 0xcb, 0x00, 0xeb, 0x00, 0x2b, 0x00, 0x67, 0x00, 0xe6, 0x00, 0x69, 0x00,
    0x85, 0x00, 0xe1, 0x00, 0x00, 0x00, 0x00, 0x00, 0xe1, 0x00, 0x26, 0x00, 0x29, 0x00, 0x09, 0x00,
    0x48, 0x00, 0xe7, 0x00, 0xe7, 0x00, 0x05, 0x00, 0x60, 0x00, 0x45, 0x00, 0x89, 0x00, 0x63, 0x00,
    0xe2, 0x00, 0x08, 0x00, 0x60, 0x00, 0x00, 0x00, 0x00, 0x00, 0x00, 0x00, 0x00, 0x00, 0x00, 0x00,
    0x00, 0x00, 0x00, 0x00, 0x00, 0x00, 0x00, 0x00, 0x00, 0x00, 0x00, 0x00, 0x00, 0x00, 0x00, 0x00,
    0xc1, 0x00, 0x24, 0x00, 0xa3, 0x00, 0xa5, 0x00, 0x08, 0x00, 0x49, 0x00, 0x69, 0x00, 0x08, 0x00,
    0xc6, 0x00, 0xa6, 0x00, 0x45, 0x00, 0x84, 0x00, 0xc2, 0x00, 0x02, 0x00, 0x84, 0x00, 0xa4, 0x00,
    0x45, 0x00, 0x88, 0x00, 0x27, 0x00, 0x09, 0x00, 0xa8, 0x00, 0x27, 0x00, 0xeb, 0x00, 0xad, 0x00,
    0x4e, 0x00, 0x0e, 0x00, 0x0b, 0x00, 0xaa, 0x00, 0x2e, 0x00, 0x49, 0x00, 0x85, 0x00, 0x08, 0x00,
    0x89, 0x00, 0x08, 0x00, 0xc5, 0x00, 0xe2, 0x00, 0xa8, 0x00, 0xaa, 0x00, 0x6a, 0x00, 0x09, 0x00,
    0x27, 0x00, 0x07, 0x00, 0x65, 0x00, 0x61, 0x00, 0x00, 0x00, 0x22, 0x00, 0x88, 0x00, 0xa7, 0x00,
    0xa3, 0x00, 0x28, 0x00, 0xa3, 0x00, 0x00, 0x00, 0x00, 0x00, 0x00, 0x00, 0x00, 0x00, 0x00, 0x00,
    0x00, 0x00, 0x00, 0x00, 0x00, 0x00, 0x00, 0x00, 0x00, 0x00, 0x00, 0x00, 0x00, 0x00, 0x45, 0x00,
    0x88, 0x00, 0x45, 0x00, 0x67, 0x00, 0x89, 0x00, 0x08, 0x00, 0xe8, 0x00, 0x49, 0x00, 0xc8, 0x00,
    0x65, 0x00, 0x86, 0x00, 0xc4, 0x00, 0x64, 0x00, 0x64, 0x00, 0xc5, 0x00, 0xc5, 0x00, 0xc4, 0x00,
    0x45, 0x00, 0xc6, 0x00, 0xc9, 0x00, 0x09, 0x00, 0x07, 0x00, 0xc6, 0x00, 0xcb, 0x00, 0xad, 0x00,
    0x2e, 0x00, 0x4f, 0x00, 0x0e, 0x00, 0x6c, 0x00, 0x6f, 0x00, 0x8a, 0x00, 0xe4, 0x00, 0x47, 0x00,
    0xc8, 0x00, 0xe8, 0x00, 0x08, 0x00, 0x47, 0x00, 0x29, 0x00, 0x6a, 0x00, 0x09, 0x00, 0x68, 0x00,
    0x07, 0x00, 0xc6, 0x00, 0xc1, 0x00, 0x00, 0x00, 0x00, 0x00, 0x20, 0x00, 0x65, 0x00, 0xc8, 0x00,
    0x26, 0x00, 0x47, 0x00, 0x87, 0x00, 0x00, 0x00, 0x00, 0x00, 0x00, 0x00, 0x00, 0x00, 0x00, 0x00,
    0x00, 0x00, 0x00, 0x00, 0x00, 0x00, 0x00, 0x00, 0x00, 0x00, 0x60, 0x00, 0xc6, 0x00, 0x47, 0x00,
    0xe4, 0x00, 0xa5, 0x00, 0x29, 0x00, 0xa8, 0x00, 0x07, 0x00, 0xe6, 0x00, 0xe6, 0x00, 0x45, 0x00,
    0x86, 0x00, 0xc7, 0x00, 0x25, 0x00, 0x84, 0x00, 0x25, 0x00, 0x05, 0x00, 0xa4, 0x00, 0xe5, 0x00,
    0xa6, 0x00, 0xc6, 0x00, 0xa8, 0x00, 0x68, 0x00, 0x07, 0x00, 0x09, 0x00, 0x29, 0x00, 0x6c, 0x00,
    0x4f, 0x00, 0x2e, 0x00, 0x2e, 0x00, 0x8d, 0x00, 0x2e, 0x00, 0x09, 0x00, 0xa3, 0x00, 0xa6, 0x00,
    0x67, 0x00, 0xc8, 0x00, 0xe8, 0x00, 0xa8, 0x00, 0x88, 0x00, 0xa8, 0x00, 0x07, 0x00, 0x07, 0x00,
    0x47, 0x00, 0x83, 0x00, 0x00, 0x00, 0x00, 0x00, 0x00, 0x00, 0x00, 0x00, 0x22, 0x00, 0x68, 0x00,
    0x67, 0x00, 0xe6, 0x00, 0x69, 0x00, 0xe2, 0x00, 0x00, 0x00, 0x00, 0x00, 0x00, 0x00, 0x00, 0x00,
    0x00, 0x00, 0x00, 0x00, 0x00, 0x00, 0x00, 0x00, 0x40, 0x00, 0x06, 0x00, 0x07, 0x00, 0x85, 0x00,
    0xe4, 0x00, 0xa8, 0x00, 0x8a, 0x00, 0x09, 0x00, 0x04, 0x00, 0x25, 0x00, 0x27, 0x00, 0x86, 0x00,
    0xc7, 0x00, 0x86, 0x00, 0xa4, 0x00, 0xa4, 0x00, 0x25, 0x00, 0x45, 0x00, 0x05, 0x00, 0x45, 0x00,
    0x68, 0x00, 0xc6, 0x00, 0x68, 0x00, 0x07, 0x00, 0x68, 0x00, 0x0b, 0x00, 0x2c, 0x00, 0x29, 0x00,
    0xad, 0x00, 0x2f, 0x00, 0xcd, 0x00, 0xcd, 0x00, 0x2c, 0x00, 0x67, 0x00, 0xe4, 0x00, 0x45, 0x00,
    0xc6, 0x00, 0x27, 0x00, 0x67, 0x00, 0x67, 0x00, 0x47, 0x00, 0x07, 0x00, 0x07, 0x00, 0x27, 0x00,
    0xe4, 0x00, 0x00, 0x00, 0x00, 0x00, 0x00, 0x00, 0x63, 0x00, 0xa3, 0x00, 0x00, 0x00, 0x05, 0x00,
    0xc8, 0x00, 0xc6, 0x00, 0x08, 0x00, 0x04, 0x00, 0x00, 0x00, 0x00, 0x00, 0x00, 0x00, 0x00, 0x00,
    0x00, 0x00, 0x00, 0x00, 0x00, 0x00, 0x00, 0x00, 0xe2, 0x00, 0xe4, 0x00, 0xa5, 0x00, 0x86, 0x00,
    0xa6, 0x00, 0x09, 0x00, 0xa8, 0x00, 0x45, 0x00, 0x05, 0x00, 0x68, 0x00, 0x66, 0x00, 0x25, 0x00,
    0x05, 0x00, 0x84, 0x00, 0x64, 0x00, 0x05, 0x00, 0x25, 0x00, 0x66, 0x00, 0x46, 0x00, 0x27, 0x00,
    0x68, 0x00, 0x48, 0x00, 0x68, 0x00, 0x65, 0x00, 0x6a, 0x00, 0x2c, 0x00, 0x6d, 0x00, 0xad, 0x00,
    0x09, 0x00, 0x4c, 0x00, 0xcd, 0x00, 0xcb, 0x00, 0x6a, 0x00, 0xc8, 0x00, 0xa4, 0x00, 0x86, 0x00,
    0x85, 0x00, 0xc6, 0x00, 0xa6, 0x00, 0xe7, 0x00, 0xe7, 0x00, 0xe7, 0x00, 0xa6, 0x00, 0xc4, 0x00,
    0xc1, 0x00, 0x00, 0x00, 0x00, 0x00, 0x00, 0x00, 0x02, 0x00, 0x49, 0x00, 0x06, 0x00, 0x83, 0x00,
    0xe6, 0x00, 0x06, 0x00, 0x06, 0x00, 0x45, 0x00, 0x00, 0x00, 0x00, 0x00, 0x00, 0x00, 0x00, 0x00,
    0x00, 0x00, 0x00, 0x00, 0x00, 0x00, 0x00, 0x00, 0x00, 0x00, 0x83, 0x00, 0x27, 0x00, 0xe4, 0x00,
    0x27, 0x00, 0x47, 0x00, 0xe4, 0x00, 0x63, 0x00, 0x66, 0x00, 0x25, 0x00, 0xa4, 0x00, 0x05, 0x00,
    0x65, 0x00, 0xc6, 0x00, 0xc4, 0x00, 0xa4, 0x00, 0x46, 0x00, 0x25, 0x00, 0x66, 0x00, 0x07, 0x00,
    0x27, 0x00, 0x27, 0x00, 0xa6, 0x00, 0x88, 0x00, 0xab, 0x00, 0x0c, 0x00, 0x6d, 0x00, 0xee, 0x00,
    0x8d, 0x00, 0x4a, 0x00, 0x4a, 0x00, 0x88, 0x00, 0x4c, 0x00, 0xc6, 0x00, 0x61, 0x00, 0xc4, 0x00,
    0x45, 0x00, 0x86, 0x00, 0x86, 0x00, 0x86, 0x00, 0xa6, 0x00, 0xa6, 0x00, 0xa6, 0x00, 0x45, 0x00,
    0x02, 0x00, 0x00, 0x00, 0x00, 0x00, 0x00, 0x00, 0x00, 0x00, 0xa3, 0x00, 0xe9, 0x00, 0x29, 0x00,
    0xa5, 0x00, 0xe6, 0x00, 0xe6, 0x00, 0xe4, 0x00, 0x00, 0x00, 0x00, 0x00, 0x00, 0x00, 0x00, 0x00,
    0x00, 0x00, 0x00, 0x00, 0x00, 0x00, 0x00, 0x00, 0x61, 0x00, 0x47, 0x00, 0x65, 0x00, 0xe4, 0x00,
    0xc6, 0x00, 0x84, 0x00, 0xc5, 0x00, 0x26, 0x00, 0x84, 0x00, 0x43, 0x00, 0x06, 0x00, 0x87, 0x00,
    0x28, 0x00, 0x0a, 0x00, 0xe9, 0x00, 0xa5, 0x00, 0xe5, 0x00, 0x46, 0x00, 0x66, 0x00, 0xe7, 0x00,
    0xc6, 0x00, 0x66, 0x00, 0x09, 0x00, 0xe9, 0x00, 0xe9, 0x00, 0xeb, 0x00, 0x4c, 0x00, 0x2c, 0x00,
    0xad, 0x00, 0xeb, 0x00, 0x47, 0x00, 0xcb, 0x00, 0x2a, 0x00, 0xe2, 0x00, 0x00, 0x00, 0x00, 0x00,
    0x81, 0x00, 0x43, 0x00, 0xa4, 0x00, 0x66, 0x00, 0xa6, 0x00, 0x46, 0x00, 0x43, 0x00, 0x40, 0x00,
    0x00, 0x00, 0x00, 0x00, 0x00, 0x00, 0x00, 0x00, 0x00, 0x00, 0x00, 0x00, 0xe2, 0x00, 0x27, 0x00,
    0x09, 0x00, 0xc6, 0x00, 0x06, 0x00, 0x22, 0x00, 0x22, 0x00, 0x60, 0x00, 0x00, 0x00, 0x00, 0x00,
    0x00, 0x00, 0x00, 0x00, 0x00, 0x00, 0x00, 0x00, 0x04, 0x00, 0x47, 0x00, 0x25, 0x00, 0xc5, 0x00,
    0x84, 0x00, 0xc5, 0x00, 0x47, 0x00, 0x06, 0x00, 0x43, 0x00, 0x07, 0x00, 0x27, 0x00, 0x26, 0x00,
    0x08, 0x00, 0x4b, 0x00, 0x8b, 0x00, 0x4a, 0x00, 0x65, 0x00, 0x66, 0x00, 0xc7, 0x00, 0x66, 0x00,
    0x45, 0x00, 0x09, 0x00, 0x8b, 0x00, 0x4a, 0x00, 0xc8, 0x00, 0x6a, 0x00, 0xeb, 0x00, 0xab, 0x00,
    0xcb, 0x00, 0x4a, 0x00, 0x8a, 0x00, 0x4a, 0x00, 0xc4, 0x00, 0x00, 0x00, 0x00, 0x00, 0x00, 0x00,
    0x00, 0x00, 0x00, 0x00, 0x00, 0x00, 0x81, 0x00, 0x43, 0x00, 0xc2, 0x00, 0x00, 0x00, 0x00, 0x00,
    0x00, 0x00, 0x00, 0x00, 0x00, 0x00, 0x00, 0x00, 0x00, 0x00, 0x00, 0x00, 0x00, 0x00, 0x02, 0x00,
    0x88, 0x00, 0x67, 0x00, 0x27, 0x00, 0x25, 0x00, 0x27, 0x00, 0x20, 0x00, 0x00, 0x00, 0x00, 0x00,
    0x00, 0x00, 0x00, 0x00, 0x00, 0x00, 0x60, 0x00, 0x07, 0x00, 0xc7, 0x00, 0x25, 0x00, 0x64, 0x00,
    0xe5, 0x00, 0x67, 0x00, 0x26, 0x00, 0x44, 0x00, 0x25, 0x00, 0xe7, 0x00, 0xe6, 0x00, 0x49, 0x00,
    0x4b, 0x00, 0x6b, 0x00, 0xcc, 0x00, 0x6b, 0x00, 0xe8, 0x00, 0x05, 0x00, 0x45, 0x00, 0x65, 0x00,
    0x48, 0x00, 0x4a, 0x00, 0x6a, 0x00, 0x6a, 0x00, 0x09, 0x00, 0xa8, 0x00, 0x8a, 0x00, 0x8a, 0x00,
    0x6a, 0x00, 0xe9, 0x00, 0x68, 0x00, 0x25, 0x00, 0x60, 0x00, 0x00, 0x00, 0x00, 0x00, 0x00, 0x00,
    0x00, 0x00, 0x00, 0x00, 0x00, 0x00, 0x00, 0x00, 0x00, 0x00, 0x00, 0x00, 0x00, 0x00, 0x00, 0x00,
    0x00, 0x00, 0x00, 0x00, 0x00, 0x00, 0x00, 0x00, 0x00, 0x00, 0x00, 0x00, 0x00, 0x00, 0x00, 0x00,
    0x04, 0x00, 0xe6, 0x00, 0x47, 0x00, 0x27, 0x00, 0xc6, 0x00, 0x00, 0x00, 0x00, 0x00, 0x00, 0x00,
    0x00, 0x00, 0x00, 0x00, 0x00, 0x00, 0x22, 0x00, 0x27, 0x00, 0x46, 0x00, 0xc5, 0x00, 0xa5, 0x00,
    0x47, 0x00, 0x47, 0x00, 0xa5, 0x00, 0x64, 0x00, 0xa6, 0x00, 0x07, 0x00, 0x47, 0x00, 0xe8, 0x00,
    0xaa, 0x00, 0x2a, 0x00, 0x0c, 0x00, 0x2a, 0x00, 0x28, 0x00, 0xe4, 0x00, 0x05, 0x00, 0xc9, 0x00,
    0x88, 0x00, 0xa8, 0x00, 0x4a, 0x00, 0x4a, 0x00, 0x4a, 0x00, 0xa8, 0x00, 0xc9, 0x00, 0x29, 0x00,
    0x68, 0x00, 0xe6, 0x00, 0xe4, 0x00, 0x24, 0x00, 0x46, 0x00, 0x24, 0x00, 0x00, 0x00, 0x00, 0x00,
    0x00, 0x00, 0x00, 0x00, 0x00, 0x00, 0x00, 0x00, 0x00, 0x00, 0x00, 0x00, 0x00, 0x00, 0x00, 0x00,
    0x00, 0x00, 0x00, 0x00, 0x00, 0x00, 0x00, 0x00, 0x00, 0x00, 0x00, 0x00, 0x00, 0x00, 0x00, 0x00,
    0xa1, 0x00, 0x86, 0x00, 0xa8, 0x00, 0x06, 0x00, 0xe4, 0x00, 0x00, 0x00, 0x00, 0x00, 0x00, 0x00,
    0x00, 0x00, 0x00, 0x00, 0x00, 0x00, 0xa4, 0x00, 0xe7, 0x00, 0x64, 0x00, 0xe6, 0x00, 0xc5, 0x00,
    0x67, 0x00, 0x26, 0x00, 0x44, 0x00, 0xa4, 0x00, 0xc7, 0x00, 0x27, 0x00, 0x47, 0x00, 0x09, 0x00,
    0x29, 0x00, 0x0a, 0x00, 0x4a, 0x00, 0xea, 0x00, 0x49, 0x00, 0xe4, 0x00, 0x07, 0x00, 0xc9, 0x00,
    0xc9, 0x00, 0x47, 0x00, 0xc9, 0x00, 0xc9, 0x00, 0xe9, 0x00, 0xe9, 0x00, 0x88, 0x00, 0xe7, 0x00,
    0xc6, 0x00, 0x04, 0x00, 0x25, 0x00, 0xe6, 0x00, 0x26, 0x00, 0x68, 0x00, 0x64, 0x00, 0x00, 0x00,
    0x00, 0x00, 0x00, 0x00, 0x00, 0x00, 0x00, 0x00, 0x00, 0x00, 0x00, 0x00, 0x00, 0x00, 0x00, 0x00,
    0x00, 0x00, 0x00, 0x00, 0x00, 0x00, 0x00, 0x00, 0x00, 0x00, 0x00, 0x00, 0x60, 0x00, 0x02, 0x00,
    0x20, 0x00, 0x07, 0x00, 0xc8, 0x00, 0xe6, 0x00, 0x22, 0x00, 0x00, 0x00, 0x00, 0x00, 0x00, 0x00,
    0x00, 0x00, 0x00, 0x00, 0x00, 0x00, 0x05, 0x00, 0x45, 0x00, 0xe2, 0x00, 0x06, 0x00, 0xa5, 0x00,
    0x67, 0x00, 0xe5, 0x00, 0x64, 0x00, 0x05, 0x00, 0xe7, 0x00, 0xa6, 0x00, 0x47, 0x00, 0x09, 0x00,
    0xca, 0x00, 0x08, 0x00, 0xe8, 0x00, 0xe8, 0x00, 0xe8, 0x00, 0xe4, 0x00, 0x07, 0x00, 0x68, 0x00,
    0x88, 0x00, 0x88, 0x00, 0x07, 0x00, 0x88, 0x00, 0xa9, 0x00, 0x88, 0x00, 0x07, 0x00, 0x45, 0x00,
    0xe4, 0x00, 0x25, 0x00, 0xa6, 0x00, 0x06, 0x00, 0x26, 0x00, 0x67, 0x00, 0xea, 0x00, 0x22, 0x00,
    0x00, 0x00, 0x00, 0x00, 0x00, 0x00, 0x00, 0x00, 0x00, 0x00, 0x00, 0x00, 0x00, 0x00, 0x00, 0x00,
    0x00, 0x00, 0x00, 0x00, 0x00, 0x00, 0x00, 0x00, 0x00, 0x00, 0x00, 0x00, 0x61, 0x00, 0x68, 0x00,
    0xe2, 0x00, 0x27, 0x00, 0x88, 0x00, 0xa6, 0x00, 0x60, 0x00, 0x00, 0x00, 0x00, 0x00, 0x00, 0x00,
    0x00, 0x00, 0x00, 0x00, 0x00, 0x00, 0xa4, 0x00, 0xe2, 0x00, 0x24, 0x00, 0x06, 0x00, 0xa5, 0x00,
    0x26, 0x00, 0xc5, 0x00, 0x64, 0x00, 0xe5, 0x00, 0x08, 0x00, 0x05, 0x00, 0x07, 0x00, 0xc8, 0x00,
    0x08, 0x00, 0x08, 0x00, 0xe8, 0x00, 0xa8, 0x00, 0xa5, 0x00, 0x45, 0x00, 0x86, 0x00, 0x07, 0x00,
    0x48, 0x00, 0x28, 0x00, 0xe7, 0x00, 0xc7, 0x00, 0x86, 0x00, 0xe5, 0x00, 0x84, 0x00, 0xa4, 0x00,
    0x25, 0x00, 0x45, 0x00, 0xc6, 0x00, 0x47, 0x00, 0xc7, 0x00, 0x67, 0x00, 0x48, 0x00, 0x44, 0x00,
    0x00, 0x00, 0x00, 0x00, 0x00, 0x00, 0x00, 0x00, 0x00, 0x00, 0x00, 0x00, 0x00, 0x00, 0x00, 0x00,
    0x00, 0x00, 0x00, 0x00, 0x00, 0x00, 0x00, 0x00, 0x00, 0x00, 0x00, 0x00, 0x20, 0x00, 0x47, 0x00,
    0x04, 0x00, 0x47, 0x00, 0x27, 0x00, 0x04, 0x00, 0x00, 0x00, 0x00, 0x00, 0x00, 0x00, 0x00, 0x00,
    0x00, 0x00, 0x00, 0x00, 0x00, 0x00, 0x40, 0x00, 0x00, 0x00, 0xa5, 0x00, 0xe6, 0x00, 0xe6, 0x00,
    0xc5, 0x00, 0x84, 0x00, 0x64, 0x00, 0x64, 0x00, 0x08, 0x00, 0x46, 0x00, 0xe7, 0x00, 0x48, 0x00,
    0x88, 0x00, 0x89, 0x00, 0xe8, 0x00, 0x06, 0x00, 0x25, 0x00, 0xa6, 0x00, 0xc7, 0x00, 0x86, 0x00,
    0xc7, 0x00, 0xc7, 0x00, 0x45, 0x00, 0xc4, 0x00, 0xa4, 0x00, 0xe5, 0x00, 0x05, 0x00, 0x05, 0x00,
    0x25, 0x00, 0x45, 0x00, 0x85, 0x00, 0x06, 0x00, 0x06, 0x00, 0x87, 0x00, 0x08, 0x00, 0x83, 0x00,
    0x00, 0x00, 0x00, 0x00, 0x00, 0x00, 0x00, 0x00, 0x00, 0x00, 0x00, 0x00, 0x00, 0x00, 0x00, 0x00,
    0x00, 0x00, 0x00, 0x00, 0x00, 0x00, 0x00, 0x00, 0x00, 0x00, 0x00, 0x00, 0x40, 0x00, 0x07, 0x00,
    0x65, 0x00, 0x27, 0x00, 0xc6, 0x00, 0x02, 0x00, 0x00, 0x00, 0x00, 0x00, 0x00, 0x00, 0x00, 0x00,
    0x00, 0x00, 0x00, 0x00, 0x00, 0x00, 0x00, 0x00, 0x20, 0x00, 0xe6, 0x00, 0xe6, 0x00, 0xc5, 0x00,
    0x26, 0x00, 0xa5, 0x00, 0x44, 0x00, 0x64, 0x00, 0x05, 0x00, 0x46, 0x00, 0xc6, 0x00, 0x27, 0x00,
    0x47, 0x00, 0x87, 0x00, 0x47, 0x00, 0xa6, 0x00, 0xe4, 0x00, 0xa6, 0x00, 0xc7, 0x00, 0x86, 0x00,
    0x25, 0x00, 0xc4, 0x00, 0xc4, 0x00, 0x05, 0x00, 0x46, 0x00, 0x66, 0x00, 0x25, 0x00, 0xe5, 0x00,
    0x25, 0x00, 0x25, 0x00, 0x65, 0x00, 0x85, 0x00, 0xa6, 0x00, 0x06, 0x00, 0x26, 0x00, 0x81, 0x00,
    0x00, 0x00, 0x00, 0x00, 0x00, 0x00, 0x00, 0x00, 0x00, 0x00, 0x00, 0x00, 0x00, 0x00, 0x00, 0x00,
    0x00, 0x00, 0x00, 0x00, 0x00, 0x00, 0x00, 0x00, 0x00, 0x00, 0x00, 0x00, 0x02, 0x00, 0x68, 0x00,
    0xa6, 0x00, 0x27, 0x00, 0x24, 0x00, 0x00, 0x00, 0x00, 0x00, 0x00, 0x00, 0x00, 0x00, 0x00, 0x00,
    0x00, 0x00, 0x00, 0x00, 0x00, 0x00, 0x00, 0x00, 0x00, 0x00, 0xc5, 0x00, 0xe6, 0x00, 0xe6, 0x00,
    0x47, 0x00, 0xc5, 0x00, 0x44, 0x00, 0xc6, 0x00, 0xa5, 0x00, 0x64, 0x00, 0xa7, 0x00, 0x07, 0x00,
    0xc7, 0x00, 0x86, 0x00, 0xe6, 0x00, 0x04, 0x00, 0x66, 0x00, 0xa7, 0x00, 0xa7, 0x00, 0x86, 0x00,
    0x83, 0x00, 0x81, 0x00, 0xc2, 0x00, 0x43, 0x00, 0xa4, 0x00, 0xe5, 0x00, 0x05, 0x00, 0xe5, 0x00,
    0xe5, 0x00, 0x25, 0x00, 0x45, 0x00, 0x86, 0x00, 0xa6, 0x00, 0xa6, 0x00, 0x63, 0x00, 0x00, 0x00,
    0x00, 0x00, 0x40, 0x00, 0x00, 0x00, 0x00, 0x00, 0x00, 0x00, 0x00, 0x00, 0x00, 0x00, 0x00, 0x00,
    0x00, 0x00, 0x00, 0x00, 0x00, 0x00, 0x00, 0x00, 0x61, 0x00, 0x00, 0x00, 0x04, 0x00, 0x07, 0x00,
    0x27, 0x00, 0xc6, 0x00, 0xc1, 0x00, 0x00, 0x00, 0x00, 0x00, 0x00, 0x00, 0x00, 0x00, 0x00, 0x00,
    0x00, 0x00, 0x00, 0x00, 0x00, 0x00, 0x00, 0x00, 0x00, 0x00, 0xa5, 0x00, 0xa5, 0x00, 0xc5, 0x00,
    0x27, 0x00, 0xe6, 0x00, 0xa5, 0x00, 0xc5, 0x00, 0x47, 0x00, 0xa5, 0x00, 0x86, 0x00, 0x86, 0x00,
    0x25, 0x00, 0x25, 0x00, 0xc4, 0x00, 0x84, 0x00, 0x86, 0x00, 0x25, 0x00, 0x63, 0x00, 0xc2, 0x00,
    0x00, 0x00, 0x00, 0x00, 0x00, 0x00, 0x00, 0x00, 0x00, 0x00, 0x20, 0x00, 0x40, 0x00, 0x81, 0x00,
    0x43, 0x00, 0xc4, 0x00, 0x45, 0x00, 0x45, 0x00, 0x45, 0x00, 0xa4, 0x00, 0x40, 0x00, 0x63, 0x00,
    0xe8, 0x00, 0xc9, 0x00, 0x04, 0x00, 0x40, 0x00, 0x00, 0x00, 0x00, 0x00, 0x00, 0x00, 0x00, 0x00,
    0x00, 0x00, 0x00, 0x00, 0x00, 0x00, 0x20, 0x00, 0x45, 0x00, 0x61, 0x00, 0xe7, 0x00, 0x27, 0x00,
    0x47, 0x00, 0xc4, 0x00, 0x60, 0x00, 0x00, 0x00, 0x00, 0x00, 0x00, 0x00, 0x00, 0x00, 0x00, 0x00,
    0x00, 0x00, 0x00, 0x00, 0x00, 0x00, 0x00, 0x00, 0x00, 0x00, 0x44, 0x00, 0x84, 0x00, 0x85, 0x00,
    0x27, 0x00, 0x26, 0x00, 0x47, 0x00, 0xc5, 0x00, 0x27, 0x00, 0xc5, 0x00, 0x66, 0x00, 0x25, 0x00,
    0xc4, 0x00, 0x45, 0x00, 0x26, 0x00, 0x85, 0x00, 0x84, 0x00, 0xc6, 0x00, 0xe4, 0x00, 0x00, 0x00,
    0x00, 0x00, 0xa1, 0x00, 0xe1, 0x00, 0x00, 0x00, 0x00, 0x00, 0x00, 0x00, 0x00, 0x00, 0x00, 0x00,
    0x61, 0x00, 0x43, 0x00, 0xe4, 0x00, 0x25, 0x00, 0xa4, 0x00, 0xc3, 0x00, 0xc6, 0x00, 0x47, 0x00,
    0x28, 0x00, 0xe8, 0x00, 0x06, 0x00, 0x89, 0x00, 0xa3, 0x00, 0x00, 0x00, 0x00, 0x00, 0x00, 0x00,
    0x00, 0x00, 0x00, 0x00, 0x00, 0x00, 0x65, 0x00, 0xc6, 0x00, 0xe4, 0x00, 0x68, 0x00, 0x47, 0x00,
    0x85, 0x00, 0x65, 0x00, 0xc1, 0x00, 0x00, 0x00, 0x00, 0x00, 0x00, 0x00, 0x00, 0x00, 0x00, 0x00,
    0x00, 0x00, 0x00, 0x00, 0x00, 0x00, 0x00, 0x00, 0x00, 0x00, 0xc2, 0x00, 0xe2, 0x00, 0x43, 0x00,
    0x47, 0x00, 0x06, 0x00, 0x47, 0x00, 0x27, 0x00, 0xe6, 0x00, 0xe5, 0x00, 0x26, 0x00, 0x05, 0x00,
    0xe6, 0x00, 0xc6, 0x00, 0x87, 0x00, 0xa9, 0x00, 0xc5, 0x00, 0x25, 0x00, 0xc8, 0x00, 0xa3, 0x00,
    0xc6, 0x00, 0xc8, 0x00, 0xc6, 0x00, 0x60, 0x00, 0xe2, 0x00, 0xe3, 0x00, 0x65, 0x00, 0xa1, 0x00,
    0x81, 0x00, 0xe5, 0x00, 0x05, 0x00, 0x66, 0x00, 0x66, 0x00, 0xc6, 0x00, 0x07, 0x00, 0x85, 0x00,
    0x65, 0x00, 0x25, 0x00, 0x04, 0x00, 0xc8, 0x00, 0xa8, 0x00, 0x83, 0x00, 0x00, 0x00, 0x20, 0x00,
    0x00, 0x00, 0x00, 0x00, 0x24, 0x00, 0x49, 0x00, 0xa6, 0x00, 0xa8, 0x00, 0x68, 0x00, 0xc6, 0x00,
    0xe7, 0x00, 0xa4, 0x00, 0x00, 0x00, 0x00, 0x00, 0x00, 0x00, 0x00, 0x00, 0x00, 0x00, 0x00, 0x00,
    0x00, 0x00, 0x00, 0x00, 0x00, 0x00, 0x00, 0x00, 0x00, 0x00, 0x00, 0x00, 0x20, 0x00, 0xc2, 0x00,
    0x26, 0x00, 0x06, 0x00, 0x06, 0x00, 0x67, 0x00, 0x06, 0x00, 0xa5, 0x00, 0x67, 0x00, 0x46, 0x00,
    0x49, 0x00, 0xe8, 0x00, 0xa4, 0x00, 0x47, 0x00, 0xc8, 0x00, 0xe2, 0x00, 0x63, 0x00, 0x45, 0x00,
    0x65, 0x00, 0x65, 0x00, 0xc5, 0x00, 0xa7, 0x00, 0x28, 0x00, 0x49, 0x00, 0x67, 0x00, 0x22, 0x00,
    0x23, 0x00, 0x46, 0x00, 0x66, 0x00, 0x66, 0x00, 0x66, 0x00, 0x66, 0x00, 0x66, 0x00, 0x25, 0x00,
    0xe2, 0x00, 0x43, 0x00, 0x22, 0x00, 0x05, 0x00, 0x84, 0x00, 0xa4, 0x00, 0x00, 0x00, 0x00, 0x00,
    0x00, 0x00, 0xa5, 0x00, 0x69, 0x00, 0x07, 0x00, 0x88, 0x00, 0x88, 0x00, 0xa6, 0x00, 0xc6, 0x00,
    0xe4, 0x00, 0x00, 0x00, 0x00, 0x00, 0x00, 0x00, 0x00, 0x00, 0x00, 0x00, 0x00, 0x00, 0x00, 0x00,
    0x00, 0x00, 0x00, 0x00, 0x00, 0x00, 0x00, 0x00, 0x00, 0x00, 0x00, 0x00, 0x00, 0x00, 0x00, 0x00,
    0xa5, 0x00, 0x06, 0x00, 0xe6, 0x00, 0x06, 0x00, 0x67, 0x00, 0xa5, 0x00, 0x26, 0x00, 0x66, 0x00,
    0x07, 0x00, 0xc8, 0x00, 0x63, 0x00, 0x23, 0x00, 0xc4, 0x00, 0xa4, 0x00, 0x64, 0x00, 0x64, 0x00,
    0x45, 0x00, 0x07, 0x00, 0x87, 0x00, 0x47, 0x00, 0xa5, 0x00, 0x04, 0x00, 0xe4, 0x00, 0x25, 0x00,
    0x64, 0x00, 0x05, 0x00, 0x46, 0x00, 0x25, 0x00, 0xc4, 0x00, 0xa4, 0x00, 0x22, 0x00, 0x00, 0x00,
    0x00, 0x00, 0x00, 0x00, 0x00, 0x00, 0xc2, 0x00, 0x40, 0x00, 0x41, 0x00, 0x00, 0x00, 0x22, 0x00,
    0x26, 0x00, 0x08, 0x00, 0x27, 0x00, 0x07, 0x00, 0xe7, 0x00, 0xa6, 0x00, 0xa6, 0x00, 0xa4, 0x00,
    0x00, 0x00, 0x00, 0x00, 0x00, 0x00, 0x00, 0x00, 0x00, 0x00, 0x00, 0x00, 0x00, 0x00, 0x00, 0x00,
    0x00, 0x00, 0x00, 0x00, 0x00, 0x00, 0x00, 0x00, 0x00, 0x00, 0x00, 0x00, 0x00, 0x00, 0x00, 0x00,
    0x61, 0x00, 0x06, 0x00, 0xa5, 0x00, 0xe5, 0x00, 0x26, 0x00, 0x47, 0x00, 0x84, 0x00, 0xa4, 0x00,
    0x43, 0x00, 0x05, 0x00, 0x64, 0x00, 0x64, 0x00, 0xe3, 0x00, 0x64, 0x00, 0xe5, 0x00, 0xe5, 0x00,
    0x86, 0x00, 0xc6, 0x00, 0x86, 0x00, 0x45, 0x00, 0x66, 0x00, 0xa6, 0x00, 0xc6, 0x00, 0xa6, 0x00,
    0xe5, 0x00, 0x84, 0x00, 0x84, 0x00, 0x84, 0x00, 0xe4, 0x00, 0x45, 0x00, 0x26, 0x00, 0x26, 0x00,
    0x24, 0x00, 0x02, 0x00, 0xa1, 0x00, 0xa1, 0x00, 0x02, 0x00, 0x04, 0x00, 0x46, 0x00, 0x08, 0x00,
    0xe8, 0x00, 0x67, 0x00, 0x07, 0x00, 0x86, 0x00, 0x45, 0x00, 0x25, 0x00, 0xe2, 0x00, 0x00, 0x00,
    0x00, 0x00, 0x00, 0x00, 0x00, 0x00, 0x00, 0x00, 0x00, 0x00, 0x00, 0x00, 0x00, 0x00, 0x00, 0x00,
    0x00, 0x00, 0x00, 0x00, 0x00, 0x00, 0x00, 0x00, 0x00, 0x00, 0x00, 0x00, 0x00, 0x00, 0x00, 0x00,
    0x00, 0x00, 0xe3, 0x00, 0x26, 0x00, 0xa5, 0x00, 0x26, 0x00, 0x26, 0x00, 0x46, 0x00, 0xe5, 0x00,
    0x84, 0x00, 0x23, 0x00, 0xa5, 0x00, 0xe5, 0x00, 0xc5, 0x00, 0xe5, 0x00, 0x66, 0x00, 0xa6, 0x00,
    0x07, 0x00, 0x07, 0x00, 0xc6, 0x00, 0x66, 0x00, 0x66, 0x00, 0x86, 0x00, 0xa7, 0x00, 0xa7, 0x00,
    0xc7, 0x00, 0x86, 0x00, 0x46, 0x00, 0x66, 0x00, 0x45, 0x00, 0x65, 0x00, 0x27, 0x00, 0x08, 0x00,
    0x28, 0x00, 0x49, 0x00, 0x49, 0x00, 0x28, 0x00, 0x08, 0x00, 0xe8, 0x00, 0xc8, 0x00, 0x87, 0x00,
    0x27, 0x00, 0xc6, 0x00, 0x25, 0x00, 0x25, 0x00, 0xa4, 0x00, 0x61, 0x00, 0x00, 0x00, 0x00, 0x00,
    0x00, 0x00, 0x00, 0x00, 0x00, 0x00, 0x00, 0x00, 0x00, 0x00, 0x00, 0x00, 0x00, 0x00, 0x00, 0x00,
    0x00, 0x00, 0x00, 0x00, 0x00, 0x00, 0x00, 0x00, 0x00, 0x00, 0x00, 0x00, 0x00, 0x00, 0x00, 0x00,
    0x00, 0x00, 0x00, 0x00, 0x23, 0x00, 0x64, 0x00, 0x03, 0x00, 0x26, 0x00, 0x67, 0x00, 0x46, 0x00,
    0x26, 0x00, 0xe5, 0x00, 0xe5, 0x00, 0x06, 0x00, 0x06, 0x00, 0x26, 0x00, 0x46, 0x00, 0x66, 0x00,
    0x26, 0x00, 0x05, 0x00, 0x05, 0x00, 0x46, 0x00, 0x46, 0x00, 0x46, 0x00, 0x26, 0x00, 0x26, 0x00,
    0x05, 0x00, 0x05, 0x00, 0x05, 0x00, 0x25, 0x00, 0x25, 0x00, 0x05, 0x00, 0x05, 0x00, 0x86, 0x00,
    0xa6, 0x00, 0xc6, 0x00, 0x06, 0x00, 0xe6, 0x00, 0xe6, 0x00, 0xe6, 0x00, 0xc6, 0x00, 0x85, 0x00,
    0x65, 0x00, 0x65, 0x00, 0x86, 0x00, 0x86, 0x00, 0x63, 0x00, 0x20, 0x00, 0x00, 0x00, 0x00, 0x00,
    0x00, 0x00, 0x00, 0x00, 0x00, 0x00, 0x00, 0x00, 0x00, 0x00, 0x00, 0x00, 0x00, 0x00, 0x00, 0x00,
    0x00, 0x00, 0x00, 0x00, 0x00, 0x00, 0x00, 0x00, 0x00, 0x00, 0x00, 0x00, 0x00, 0x00, 0x00, 0x00,
    0x00, 0x00, 0x00, 0x00, 0x00, 0x00, 0x61, 0x00, 0x00, 0x00, 0xa2, 0x00, 0xc5, 0x00, 0x67, 0x00,
    0x06, 0x00, 0xc5, 0x00, 0xe5, 0x00, 0xe5, 0x00, 0x26, 0x00, 0x26, 0x00, 0x26, 0x00, 0xe5, 0x00,
    0xe5, 0x00, 0x05, 0x00, 0xc5, 0x00, 0x43, 0x00, 0xe2, 0x00, 0xc2, 0x00, 0xc2, 0x00, 0xc2, 0x00,
    0x23, 0x00, 0xc5, 0x00, 0xc4, 0x00, 0xa4, 0x00, 0x66, 0x00, 0x66, 0x00, 0x05, 0x00, 0xe4, 0x00,
    0x66, 0x00, 0xa6, 0x00, 0xe7, 0x00, 0x07, 0x00, 0x07, 0x00, 0x07, 0x00, 0xe7, 0x00, 0xe7, 0x00,
    0xc6, 0x00, 0x86, 0x00, 0xc4, 0x00, 0xa1, 0x00, 0x00, 0x00, 0x00, 0x00, 0x00, 0x00, 0x00, 0x00,
    0x00, 0x00, 0x00, 0x00, 0x00, 0x00, 0x00, 0x00, 0x00, 0x00, 0x00, 0x00, 0x00, 0x00, 0x00, 0x00,
    0x00, 0x00, 0x00, 0x00, 0x00, 0x00, 0x00, 0x00, 0x00, 0x00, 0x00, 0x00, 0x00, 0x00, 0x00, 0x00,
    0x00, 0x00, 0x00, 0x00, 0x00, 0x00, 0x00, 0x00, 0x00, 0x00, 0x00, 0x00, 0x20, 0x00, 0xe2, 0x00,
    0xc5, 0x00, 0x26, 0x00, 0x26, 0x00, 0x26, 0x00, 0x06, 0x00, 0x05, 0x00, 0xe5, 0x00, 0xe5, 0x00,
    0x84, 0x00, 0x81, 0x00, 0x00, 0x00, 0x00, 0x00, 0x00, 0x00, 0x00, 0x00, 0x00, 0x00, 0x00, 0x00,
    0x00, 0x00, 0x61, 0x00, 0x43, 0x00, 0x81, 0x00, 0x02, 0x00, 0x25, 0x00, 0xc7, 0x00, 0xa6, 0x00,
    0x45, 0x00, 0x25, 0x00, 0x45, 0x00, 0x25, 0x00, 0x25, 0x00, 0x25, 0x00, 0x25, 0x00, 0xa4, 0x00,
    0x02, 0x00, 0x60, 0x00, 0x00, 0x00, 0x00, 0x00, 0x00, 0x00, 0x00, 0x00, 0x00, 0x00, 0x00, 0x00,
    0x00, 0x00, 0x00, 0x00, 0x00, 0x00, 0x00, 0x00, 0x00, 0x00, 0x00, 0x00, 0x00, 0x00, 0x00, 0x00,
    0x00, 0x00, 0x00, 0x00, 0x00, 0x00, 0x00, 0x00, 0x00, 0x00, 0x00, 0x00, 0x00, 0x00, 0x00, 0x00,
    0x00, 0x00, 0x00, 0x00, 0x00, 0x00, 0x00, 0x00, 0x00, 0x00, 0x00, 0x00, 0x00, 0x00, 0x00, 0x00,
    0x00, 0x00, 0x61, 0x00, 0xc2, 0x00, 0x23, 0x00, 0x64, 0x00, 0x43, 0x00, 0x03, 0x00, 0xc2, 0x00,
    0x61, 0x00, 0x00, 0x00, 0x00, 0x00, 0x00, 0x00, 0x00, 0x00, 0x00, 0x00, 0x00, 0x00, 0x00, 0x00,
    0x00, 0x00, 0x00, 0x00, 0x00, 0x00, 0x00, 0x00, 0x00, 0x00, 0x20, 0x00, 0xe2, 0x00, 0xa4, 0x00,
    0x05, 0x00, 0x25, 0x00, 0x25, 0x00, 0xc4, 0x00, 0x81, 0x00, 0x20, 0x00, 0x00, 0x00, 0x00, 0x00,
    0x00, 0x00, 0x00, 0x00, 0x00, 0x00, 0x00, 0x00, 0x00, 0x00, 0x00, 0x00, 0x00, 0x00, 0x00, 0x00,
    0x00, 0x00, 0x00, 0x00, 0x00, 0x00, 0x00, 0x00, 0x00, 0x00, 0x00, 0x00, 0x00, 0x00, 0x00, 0x00,
    0x00, 0x00, 0x00, 0x00, 0x00, 0x00, 0x00, 0x00, 0x00, 0x00, 0x00, 0x00, 0x00, 0x00, 0x00, 0x00,
    0x00, 0x00, 0x00, 0x00, 0x00, 0x00, 0x00, 0x00, 0x00, 0x00, 0x00, 0x00, 0x00, 0x00, 0x00, 0x00,
    0x00, 0x00, 0x00, 0x00, 0x00, 0x00, 0x00, 0x00, 0x00, 0x00, 0x00, 0x00, 0x00, 0x00, 0x00, 0x00,
    0x00, 0x00, 0x00, 0x00, 0x00, 0x00, 0x00, 0x00, 0x00, 0x00, 0x00, 0x00, 0x00, 0x00, 0x00, 0x00,
    0x00, 0x00, 0x00, 0x00, 0x00, 0x00, 0x00, 0x00, 0x00, 0x00, 0x00, 0x00, 0x00, 0x00, 0x00, 0x00,
    0x00, 0x00, 0x00, 0x00, 0x00, 0x00, 0x20, 0x00, 0x00, 0x00, 0x00, 0x00, 0x00, 0x00, 0x00, 0x00,
    0x00, 0x00, 0x00, 0x00, 0x00, 0x00, 0x00, 0x00, 0x00, 0x00, 0x00, 0x00, 0x00, 0x00, 0x00, 0x00,
    0x00, 0x00, 0x00, 0x00, 0x00, 0x00, 0x00, 0x00, 0x00, 0x00, 0x00, 0x00, 0x00, 0x00, 0x00, 0x00,
    0x00, 0x00, 0x00, 0x00, 0x00, 0x00, 0x00, 0x00, 0x00, 0x00, 0x00, 0x00, 0x00, 0x00, 0x00, 0x00,
    0x00, 0x3b, 0x3c, 0x00, 0x00, 0x00, 0x00, 0x00, 0x00, 0x00, 0x00, 0x00, 0x00, 0x00, 0x00, 0x00,
    0x03, 0xd3, 0x05, 0x00, 0x00, 0x00, 0x00, 0x00, 0x00, 0x00, 0x00, 0x00, 0x00, 0x00, 0x00, 0x00,
    0x00, 0x00, 0x00, 0x00, 0x00, 0x00, 0x00, 0x00, 0x00, 0x00, 0x00, 0x00, 0x00, 0x00, 0x00, 0x00,
    0x00, 0x00, 0x00, 0x00, 0x00, 0x00, 0x00, 0x00, 0x00, 0x00, 0x00, 0x00, 0x00, 0x00, 0x00, 0x00,
    0x00, 0xa6, 0x89, 0x00, 0x00, 0x00, 0x00, 0x00, 0x00, 0x00, 0x00, 0x00, 0x00, 0x00, 0x00, 0x00,
    0x18, 0xff, 0x0d, 0x00, 0x00, 0x00, 0x00, 0x00, 0x00, 0x00, 0x00, 0x00, 0x00, 0x00, 0x00, 0x00,
    0x00, 0x00, 0x00, 0x00, 0x00, 0x00, 0x00, 0x00, 0x00, 0x00, 0x00, 0x00, 0x00, 0x00, 0x00, 0x00,
    0x00, 0x00, 0x00, 0x00, 0x00, 0x00, 0x00, 0x00, 0x00, 0x00, 0x00, 0x00, 0x00, 0x00, 0x00, 0x00,
    0x00, 0xb7, 0xf1, 0x03, 0x00, 0x00, 0x10, 0x74, 0x00, 0x00, 0x00, 0x00, 0x00, 0x00, 0x00, 0x00,
    0x1b, 0xff, 0x79, 0x00, 0x00, 0x01, 0x3d, 0x01, 0x00, 0x00, 0x00, 0x00, 0x00, 0x00, 0x00, 0x00,
    0x00, 0x00, 0x00, 0x00, 0x00, 0x00, 0x00, 0x00, 0x00, 0x00, 0x00, 0x00, 0x00, 0x00, 0x00, 0x00,
    0x00, 0x00, 0x00, 0x00, 0x00, 0x00, 0x00, 0x00, 0x00, 0x00, 0x00, 0x00, 0x00, 0x00, 0x00, 0x00,
    0x00, 0x7c, 0xff, 0x95, 0x02, 0x00, 0x69, 0xda, 0x00, 0x00, 0x00, 0x00, 0x00, 0x00, 0x00, 0x00,
    0x03, 0xe8, 0xff, 0x5e, 0x05, 0x39, 0xfd, 0x00, 0x00, 0x00, 0x00, 0x00, 0x00, 0x00, 0x00, 0x00,
    0x00, 0x00, 0x00, 0x00, 0x00, 0x00, 0x00, 0x00, 0x00, 0x00, 0x00, 0x00, 0x00, 0x00, 0x00, 0x00,
    0x00, 0x00, 0x00, 0x00, 0x00, 0x00, 0x00, 0x00, 0x00, 0x00, 0x00, 0x00, 0x00, 0x00, 0x00, 0x00,
    0x00, 0x18, 0xff, 0xff, 0xc0, 0x17, 0x5e, 0xff, 0x09, 0x00, 0x00, 0x00, 0x08, 0x00, 0x00, 0x06,
    0x00, 0x26, 0xff, 0xff, 0xf3, 0xe6, 0xfd, 0x27, 0x00, 0x00, 0x01, 0x2e, 0x00, 0x00, 0x00, 0x00,
    0x00, 0x00, 0x00, 0x00, 0x00, 0x00, 0x00, 0x00, 0x00, 0x00, 0x00, 0x00, 0x00, 0x00, 0x00, 0x00,
    0x00, 0x00, 0x00, 0x00, 0x00, 0x00, 0x00, 0x00, 0x00, 0x00, 0x00, 0x00, 0x00, 0x00, 0x00, 0x00,
    0x00, 0x00, 0x45, 0xf1, 0xff, 0xff, 0xe0, 0xfd, 0xa6, 0x01, 0x00, 0x2d, 0xa3, 0x00, 0x02, 0xda,
    0x38, 0x00, 0x21, 0xf7, 0xff, 0xff, 0xfb, 0xf3, 0x14, 0x00, 0x04, 0xff, 0x16, 0x00, 0x00, 0x00,
    0x00, 0x00, 0x00, 0x00, 0x00, 0x00, 0x00, 0x00, 0x00, 0x00, 0x00, 0x00, 0x00, 0x00, 0x00, 0x00,
    0x00, 0x00, 0x00, 0x00, 0x00, 0x00, 0x00, 0x00, 0x00, 0x00, 0x00, 0x00, 0x00, 0x00, 0x00, 0x22,
    0x55, 0x09, 0x06, 0x9b, 0xf5, 0xff, 0xff, 0xf5, 0xff, 0xb2, 0x0b, 0x3c, 0xfb, 0x08, 0x00, 0xb5,
    0xff, 0xa3, 0x0e, 0x3e, 0xfd, 0xf7, 0xfd, 0xff, 0xe8, 0x01, 0x43, 0xfb, 0x38, 0x00, 0x00, 0x00,
    0x00, 0x00, 0x00, 0x00, 0x00, 0x00, 0x00, 0x00, 0x00, 0x00, 0x00, 0x00, 0x00, 0x00, 0x00, 0x00,
    0x00, 0x00, 0x00, 0x00, 0x00, 0x00, 0x00, 0x00, 0x00, 0x00, 0x00, 0x00, 0x00, 0x00, 0x00, 0x0b,
    0xff, 0xff, 0xff, 0xff, 0xff, 0xe0, 0xff, 0xff, 0xf9, 0xff, 0xff, 0xc7, 0xfd, 0xe6, 0x41, 0x85,
    0xf9, 0xff, 0xff, 0x98, 0xf5, 0xff, 0xff, 0xfd, 0xff, 0xad, 0xf5, 0xff, 0x0e, 0x00, 0x00, 0x00,
    0x00, 0x00, 0x00, 0x00, 0x00, 0x00, 0x00, 0x00, 0x00, 0x00, 0x00, 0x00, 0x00, 0x00, 0x00, 0x00,
    0x00, 0x00, 0x00, 0x00, 0x00, 0x00, 0x00, 0x00, 0x00, 0x00, 0x00, 0x00, 0x00, 0x00, 0x00, 0x00,
    0x0a, 0x75, 0xa2, 0x7c, 0x24, 0x02, 0x0a, 0x63, 0xff, 0xff, 0xf9, 0xff, 0xff, 0xff, 0xff, 0xff,
    0xff, 0xfb, 0xfd, 0xff, 0xff, 0xff, 0xff, 0xff, 0xfd, 0xff, 0xff, 0x71, 0x00, 0x00, 0x00, 0x00,
    0x00, 0x00, 0x00, 0x00, 0x00, 0x00, 0x00, 0x00, 0x00, 0x00, 0x00, 0x00, 0x00, 0x00, 0x00, 0x00,
    0x00, 0x00, 0x00, 0x00, 0x00, 0x00, 0x00, 0x00, 0x00, 0x00, 0x00, 0x00, 0x00, 0x00, 0x00, 0x00,
    0x00, 0x00, 0x00, 0x00, 0x00, 0x00, 0x00, 0x00, 0x0d, 0x9a, 0xff, 0xff, 0xff, 0xfd, 0xf7, 0xfd,
    0xff, 0xff, 0xff, 0xfb, 0xff, 0xff, 0xff, 0xff, 0xff, 0xf5, 0xff, 0x11, 0x00, 0x00, 0x00, 0x00,
    0x00, 0x00, 0x00, 0x00, 0x00, 0x00, 0x00, 0x00, 0x00, 0x00, 0x00, 0x00, 0x00, 0x00, 0x00, 0x00,
    0x00, 0x00, 0x00, 0x00, 0x00, 0x00, 0x00, 0x00, 0x00, 0x00, 0x00, 0x00, 0x00, 0x00, 0x00, 0x00,
    0x00, 0x00, 0x00, 0x00, 0x07, 0x06, 0x00, 0x17, 0x2f, 0x05, 0x2b, 0xca, 0xfd, 0xfd, 0xff, 0xff,
    0xff, 0xff, 0xff, 0xff, 0xff, 0xff, 0xff, 0xff, 0xff, 0xff, 0xf9, 0x4e, 0x1f, 0x00, 0x00, 0x00,
    0x00, 0x00, 0x00, 0x00, 0x00, 0x00, 0x00, 0x00, 0x00, 0x00, 0x00, 0x00, 0x00, 0x00, 0x00, 0x00,
    0x00, 0x00, 0x00, 0x00, 0x00, 0x00, 0x00, 0x00, 0x00, 0x00, 0x00, 0x00, 0x00, 0x00, 0x00, 0x00,
    0x00, 0x00, 0x00, 0x00, 0x31, 0xf1, 0x46, 0x42, 0xff, 0xeb, 0x82, 0xab, 0xff, 0xfd, 0xff, 0xff,
    0xff, 0xff, 0xff, 0xff, 0xff, 0xff, 0xff, 0xff, 0xff, 0xff, 0xfb, 0xff, 0xcc, 0x01, 0x00, 0x00,
    0x00, 0x00, 0x00, 0x00, 0x00, 0x00, 0x00, 0x00, 0x00, 0x00, 0x00, 0x00, 0x00, 0x00, 0x00, 0x00,
    0x00, 0x00, 0x00, 0x00, 0x00, 0x00, 0x00, 0x00, 0x00, 0x00, 0x00, 0x00, 0x00, 0x00, 0x00, 0x00,
    0x00, 0x00, 0x00, 0x00, 0x05, 0xf7, 0xff, 0xf9, 0xf5, 0xff, 0xff, 0xff, 0xff, 0xff, 0xff, 0xff,
    0xff, 0xff, 0xff, 0xff, 0xff, 0xff, 0xff, 0xff, 0xff, 0xff, 0xff, 0xfd, 0xff, 0x06, 0x00, 0x00,
    0x00, 0x00, 0x00, 0x00, 0x00, 0x00, 0x00, 0x00, 0x00, 0x00, 0x00, 0x00, 0x00, 0x00, 0x00, 0x00,
    0x00, 0x00, 0x00, 0x00, 0x00, 0x00, 0x00, 0x00, 0x00, 0x00, 0x00, 0x00, 0x00, 0x00, 0x00, 0x00,
    0x00, 0x00, 0x00, 0x00, 0x00, 0x1d, 0xed, 0xff, 0xfd, 0xfd, 0xf9, 0xfb, 0xff, 0xff, 0xff, 0xff,
    0xff, 0xff, 0xff, 0xff, 0xff, 0xff, 0xff, 0xff, 0xff, 0xff, 0xff, 0xfd, 0xf9, 0x28, 0x01, 0x00,
    0x00, 0x00, 0x00, 0x00, 0x00, 0x00, 0x00, 0x00, 0x00, 0x00, 0x00, 0x00, 0x00, 0x00, 0x00, 0x00,
    0x00, 0x00, 0x00, 0x00, 0x00, 0x00, 0x00, 0x00, 0x00, 0x00, 0x00, 0x01, 0x0c, 0x50, 0x9b, 0x62,
    0x03, 0x00, 0x00, 0x05, 0x02, 0x00, 0x13, 0xd5, 0xfd, 0xfd, 0xff, 0xff, 0xff, 0xff, 0xff, 0xff,
    0xff, 0xff, 0xff, 0xff, 0xff, 0xff, 0xff, 0xff, 0xff, 0xff, 0xff, 0xff, 0xf7, 0xff, 0x17, 0x00,
    0x00, 0x00, 0x00, 0x00, 0x00, 0x00, 0x00, 0x00, 0x00, 0x00, 0x00, 0x07, 0x00, 0x00, 0x00, 0x00,
    0x00, 0x00, 0x00, 0x00, 0x00, 0x00, 0x00, 0x00, 0x00, 0x00, 0x15, 0xd3, 0xff, 0xff, 0xff, 0xff,
    0xa6, 0x01, 0x00, 0x2f, 0xfb, 0xc8, 0xb5, 0xed, 0xff, 0xff, 0xff, 0xff, 0xff, 0xff, 0xff, 0xff,
    0xff, 0xff, 0xff, 0xff, 0xff, 0xff, 0xff, 0xff, 0xff, 0xff, 0xff, 0xfd, 0xff, 0xf3, 0x07, 0x00,
    0x00, 0x00, 0x00, 0x00, 0x00, 0x00, 0x00, 0x00, 0x00, 0x00, 0x00, 0x7b, 0x26, 0x00, 0x00, 0x00,
    0x00, 0x00, 0x00, 0x00, 0x00, 0x00, 0x00, 0x00, 0x00, 0x01, 0xde, 0xff, 0xf9, 0xf9, 0xf9, 0xf5,
    0xff, 0x08, 0x00, 0x00, 0x4d, 0xff, 0xff, 0xff, 0xff, 0xff, 0xff, 0xff, 0xff, 0xff, 0xff, 0xff,
    0xff, 0xff, 0xff, 0xff, 0xff, 0xff, 0xff, 0xff, 0xff, 0xff, 0xff, 0xfb, 0xff, 0xc5, 0x00, 0x00,
    0x00, 0x00, 0x00, 0x00, 0x00, 0x00, 0x00, 0x00, 0x00, 0x00, 0x03, 0xe8, 0x8c, 0x00, 0x00, 0x00,
    0x00, 0x00, 0x00, 0x00, 0x00, 0x00, 0x00, 0x00, 0x00, 0x3c, 0xff, 0xf5, 0xff, 0xff, 0xff, 0xf9,
    0xfb, 0x5f, 0x00, 0x00, 0x00, 0x08, 0x73, 0xfd, 0xfb, 0xff, 0xff, 0xff, 0xff, 0xff, 0xff, 0xff,
    0xff, 0xff, 0xff, 0xff, 0xff, 0xff, 0xff, 0xff, 0xff, 0xff, 0xff, 0xff, 0xfd, 0xed, 0x78, 0x15,
    0x00, 0x00, 0x00, 0x00, 0x00, 0x00, 0x00, 0x00, 0x03, 0x2d, 0xc1, 0xff, 0xca, 0x00, 0x00, 0x00,
    0x00, 0x00, 0x00, 0x00, 0x00, 0x00, 0x00, 0x00, 0x04, 0xf1, 0xfd, 0xfd, 0xff, 0xff, 0xff, 0xff,
    0xf9, 0xff, 0x49, 0x00, 0x00, 0x01, 0x89, 0xfd, 0xfb, 0xff, 0xff, 0xff, 0xff, 0xff, 0xff, 0xff,
    0xff, 0xff, 0xff, 0xff, 0xff, 0xff, 0xff, 0xff, 0xff, 0xff, 0xff, 0xff, 0xff, 0xff, 0xff, 0xff,
    0x10, 0x00, 0x00, 0x00, 0x00, 0x00, 0x09, 0x75, 0xe6, 0xff, 0xff, 0xfd, 0xe8, 0x02, 0x00, 0x00,
    0x00, 0x00, 0x00, 0x00, 0x00, 0x00, 0x00, 0x00, 0x23, 0xff, 0xf7, 0xff, 0xff, 0xff, 0xff, 0xff,
    0xf9, 0xf5, 0x9e, 0x00, 0x07, 0xba, 0xff, 0xfb, 0xff, 0xff, 0xff, 0xff, 0xff, 0xff, 0xff, 0xff,
    0xff, 0xff, 0xff, 0xff, 0xff, 0xff, 0xff, 0xff, 0xff, 0xff, 0xff, 0xff, 0xff, 0xff, 0xef, 0xfb,
    0x49, 0x00, 0x00, 0x00, 0x00, 0x23, 0xf3, 0xff, 0xff, 0xf9, 0xf9, 0xff, 0xce, 0x00, 0x00, 0x00,
    0x00, 0x00, 0x00, 0x00, 0x00, 0x00, 0x00, 0x00, 0x3f, 0xfd, 0xf7, 0xff, 0xff, 0xff, 0xff, 0xff,
    0xf1, 0xff, 0x2e, 0x04, 0xf5, 0xff, 0xf9, 0xff, 0xff, 0xff, 0xff, 0xff, 0xff, 0xff, 0xff, 0xff,
    0xff, 0xff, 0xff, 0xff, 0xff, 0xff, 0xff, 0xff, 0xff, 0xff, 0xff, 0xff, 0xfb, 0xff, 0xf7, 0xff,
    0x33, 0x00, 0x00, 0x00, 0x0b, 0xfd, 0xff, 0xf7, 0xfd, 0xff, 0xf7, 0xfd, 0x7f, 0x00, 0x00, 0x00,
    0x00, 0x00, 0x00, 0x00, 0x00, 0x00, 0x00, 0x00, 0x35, 0xfd, 0xf7, 0xff, 0xff, 0xff, 0xff, 0xff,
    0xff, 0x82, 0x00, 0x10, 0x7b, 0x91, 0xfd, 0xff, 0xff, 0xff, 0xff, 0xff, 0xff, 0xff, 0xff, 0xff,
    0xff, 0xff, 0xff, 0xff, 0xff, 0xff, 0xff, 0xff, 0xff, 0xff, 0xff, 0xfd, 0xff, 0xf9, 0xf7, 0xd7,
    0x02, 0x00, 0x00, 0x00, 0x77, 0xff, 0xf5, 0xff, 0xff, 0xff, 0xf5, 0xff, 0x14, 0x00, 0x00, 0x00,
    0x00, 0x00, 0x00, 0x00, 0x00, 0x00, 0x00, 0x00, 0x0c, 0xff, 0xfb, 0xff, 0xff, 0xfd, 0xfb, 0xeb,
    0x3f, 0x00, 0x00, 0x00, 0x00, 0x2a, 0xfd, 0xf9, 0xff, 0xff, 0xff, 0xff, 0xff, 0xff, 0xff, 0xff,
    0xff, 0xff, 0xff, 0xff, 0xff, 0xff, 0xff, 0xff, 0xff, 0xff, 0xfd, 0xff, 0xc3, 0xff, 0xff, 0x1e,
    0x00, 0x00, 0x00, 0x00, 0xce, 0xfd, 0xfd, 0xff, 0xff, 0xf9, 0xff, 0x66, 0x00, 0x00, 0x00, 0x00,
    0x00, 0x00, 0x00, 0x00, 0x00, 0x00, 0x00, 0x00, 0x00, 0x85, 0xff, 0xf9, 0xff, 0xf9, 0xff, 0x7b,
    0x00, 0x00, 0x00, 0x00, 0x0c, 0xfb, 0xfd, 0xfd, 0xff, 0xff, 0xff, 0xff, 0xff, 0xff, 0xff, 0xff,
    0xff, 0xff, 0xff, 0xff, 0xff, 0xff, 0xff, 0xff, 0xff, 0xfd, 0xfd, 0xed, 0x0e, 0x3d, 0x44, 0x01,
    0x00, 0x00, 0x00, 0x01, 0xdc, 0xff, 0xfd, 0xfb, 0xf3, 0xf7, 0x68, 0x00, 0x00, 0x00, 0x00, 0x00,
    0x00, 0x00, 0x00, 0x00, 0x00, 0x00, 0x00, 0x00, 0x00, 0x1b, 0xff, 0xf7, 0xff, 0xfb, 0xff, 0xc8,
    0x01, 0x00, 0x00, 0x00, 0x61, 0xff, 0xf5, 0xff, 0xff, 0xff, 0xff, 0xff, 0xff, 0xff, 0xff, 0xff,
    0xff, 0xff, 0xff, 0xff, 0xff, 0xff, 0xff, 0xff, 0xff, 0xf9, 0xff, 0x46, 0x00, 0x00, 0x00, 0x00,
    0x00, 0x00, 0x03, 0x00, 0x86, 0xff, 0xf5, 0xff, 0xff, 0xff, 0x3e, 0x00, 0x00, 0x00, 0x00, 0x00,
    0x00, 0x00, 0x00, 0x00, 0x00, 0x00, 0x00, 0x00, 0x00, 0x11, 0xff, 0xfb, 0xff, 0xff, 0xf9, 0xff,
    0x4c, 0x00, 0x00, 0x00, 0x29, 0x88, 0xfb, 0xfb, 0xff, 0xff, 0xff, 0xff, 0xff, 0xff, 0xff, 0xff,
    0xff, 0xff, 0xff, 0xff, 0xff, 0xff, 0xff, 0xff, 0xfd, 0xff, 0xd9, 0x01, 0x00, 0x00, 0x00, 0x00,
    0x00, 0x74, 0xed, 0x8f, 0x6d, 0xfd, 0xff, 0xca, 0x52, 0x13, 0x01, 0x00, 0x00, 0x00, 0x00, 0x00,
    0x00, 0x00, 0x00, 0x00, 0x00, 0x00, 0x00, 0x00, 0x00, 0x02, 0xed, 0xff, 0xfd, 0xff, 0xfd, 0xfb,
    0xfb, 0x08, 0x00, 0x00, 0x00, 0x2a, 0xff, 0xf7, 0xff, 0xff, 0xff, 0xff, 0xff, 0xff, 0xff, 0xff,
    0xff, 0xff, 0xff, 0xff, 0xff, 0xff, 0xff, 0xff, 0xf7, 0xff, 0x67, 0x00, 0x00, 0x00, 0x00, 0x01,
    0x5c, 0xff, 0xff, 0xff, 0xff, 0xfd, 0x85, 0x01, 0x00, 0x00, 0x00, 0x00, 0x00, 0x00, 0x00, 0x00,
    0x00, 0x00, 0x00, 0x00, 0x00, 0x00, 0x00, 0x00, 0x00, 0x00, 0x8b, 0xff, 0xf7, 0xff, 0xff, 0xfd,
    0xff, 0xc0, 0x83, 0x4f, 0x0e, 0x1b, 0xfd, 0xf9, 0xff, 0xff, 0xff, 0xff, 0xff, 0xff, 0xff, 0xff,
    0xff, 0xff, 0xff, 0xff, 0xfd, 0xff, 0xff, 0xff, 0xf7, 0xff, 0x34, 0x00, 0x00, 0x00, 0x00, 0x97,
    0xff, 0xf5, 0xfd, 0xf9, 0xfb, 0xfd, 0x08, 0x00, 0x00, 0x00, 0x00, 0x00, 0x00, 0x00, 0x00, 0x00,
    0x00, 0x00, 0x00, 0x00, 0x00, 0x00, 0x00, 0x00, 0x00, 0x00, 0x0f, 0xf9, 0xf9, 0xff, 0xff, 0xff,
    0xff, 0xff, 0xff, 0xff, 0xff, 0xab, 0xfb, 0xff, 0xff, 0xff, 0xff, 0xff, 0xff, 0xff, 0xff, 0xff,
    0xff, 0xff, 0xff, 0xff, 0xff, 0xff, 0xff, 0xff, 0xf7, 0xff, 0x26, 0x00, 0x00, 0x00, 0x22, 0xff,
    0xf3, 0xff, 0xff, 0xff, 0xf9, 0xff, 0x23, 0x00, 0x00, 0x00, 0x00, 0x00, 0x00, 0x00, 0x00, 0x00,
    0x00, 0x00, 0x00, 0x00, 0x00, 0x00, 0x00, 0x00, 0x00, 0x01, 0x22, 0xbe, 0xfd, 0xfd, 0xff, 0xff,
    0xff, 0xfb, 0xf9, 0xf7, 0xfd, 0xff, 0xff, 0xff, 0xff, 0xff, 0xff, 0xff, 0xff, 0xff, 0xff, 0xff,
    0xff, 0xff, 0xff, 0xf9, 0xf5, 0xfb, 0xff, 0xff, 0xfb, 0xfb, 0x9b, 0x0f, 0x00, 0x00, 0x4f, 0xf9,
    0xf7, 0xff, 0xff, 0xff, 0xf7, 0xff, 0x63, 0x00, 0x00, 0x00, 0x00, 0x00, 0x00, 0x00, 0x00, 0x00,
    0x00, 0x00, 0x00, 0x00, 0x00, 0x00, 0x00, 0x00, 0x00, 0x00, 0x8b, 0xff, 0xff, 0xff, 0xff, 0xff,
    0xff, 0xff, 0xff, 0xff, 0xff, 0xfb, 0xff, 0xff, 0xff, 0xff, 0xff, 0xff, 0xff, 0xff, 0xff, 0xff,
    0xff, 0xf9, 0xff, 0x64, 0x37, 0xff, 0xf1, 0xfd, 0xfd, 0xf7, 0xff, 0x11, 0x00, 0x00, 0x2f, 0xff,
    0xf7, 0xff, 0xff, 0xff, 0xf9, 0xff, 0x9d, 0x00, 0x00, 0x00, 0x00, 0x00, 0x00, 0x00, 0x00, 0x00,
    0x00, 0x00, 0x00, 0x00, 0x00, 0x00, 0x00, 0x00, 0x00, 0x00, 0x00, 0x4a, 0xd1, 0xff, 0xff, 0xff,
    0xff, 0xff, 0xff, 0xff, 0xff, 0xff, 0xff, 0xff, 0xff, 0xff, 0xff, 0xff, 0xff, 0xff, 0xff, 0xff,
    0xff, 0xf9, 0xff, 0x7e, 0x00, 0xa6, 0xff, 0xff, 0xff, 0xff, 0xbe, 0x00, 0x00, 0x00, 0x04, 0xe0,
    0xfd, 0xfd, 0xff, 0xff, 0xf9, 0xff, 0xab, 0x00, 0x00, 0x00, 0x00, 0x00, 0x00, 0x00, 0x00, 0x00,
    0x00, 0x00, 0x00, 0x00, 0x00, 0x00, 0x00, 0x00, 0x00, 0x00, 0x00, 0x00, 0x09, 0x77, 0xf9, 0xfd,
    0xff, 0xff, 0xff, 0xff, 0xff, 0xff, 0xff, 0xff, 0xff, 0xff, 0xff, 0xff, 0xff, 0xff, 0xff, 0xff,
    0xff, 0xff, 0xfb, 0xff, 0x59, 0x0b, 0x4f, 0xc5, 0xe8, 0xaf, 0x0f, 0x00, 0x00, 0x00, 0x00, 0x8b,
    0xff, 0xf9, 0xff, 0xff, 0xf7, 0xff, 0x43, 0x00, 0x00, 0x05, 0x00, 0x00, 0x00, 0x00, 0x00, 0x00,
    0x00, 0x00, 0x00, 0x00, 0x00, 0x00, 0x00, 0x00, 0x00, 0x01, 0x0a, 0x21, 0x94, 0xf3, 0xfb, 0xff,
    0xff, 0xff, 0xff, 0xff, 0xff, 0xff, 0xff, 0xff, 0xff, 0xff, 0xff, 0xff, 0xff, 0xff, 0xff, 0xff,
    0xff, 0xff, 0xff, 0xfb, 0xff, 0xe4, 0x38, 0x00, 0x03, 0x00, 0x00, 0x00, 0x00, 0x00, 0x07, 0xe8,
    0xfd, 0xfd, 0xff, 0xfd, 0xf3, 0xff, 0x2d, 0x00, 0x06, 0x9e, 0x00, 0x00, 0x00, 0x00, 0x00, 0x00,
    0x00, 0x00, 0x00, 0x00, 0x00, 0x00, 0x01, 0x31, 0x95, 0xd3, 0xff, 0xff, 0xff, 0xff, 0xff, 0xff,
    0xff, 0xff, 0xff, 0xff, 0xff, 0xff, 0xff, 0xff, 0xff, 0xff, 0xff, 0xff, 0xff, 0xff, 0xff, 0xff,
    0xff, 0xff, 0xff, 0xff, 0xf9, 0xff, 0xff, 0x31, 0x00, 0x00, 0x00, 0x00, 0x00, 0x0b, 0xb9, 0xff,
    0xfb, 0xff, 0xfd, 0xff, 0xff, 0xff, 0xcc, 0x00, 0x34, 0xe8, 0x00, 0x00, 0x00, 0x00, 0x00, 0x00,
    0x00, 0x00, 0x00, 0x00, 0x00, 0x00, 0x14, 0xb4, 0xc8, 0xff, 0xff, 0xf7, 0xfb, 0xff, 0xff, 0xff,
    0xff, 0xff, 0xff, 0xff, 0xff, 0xff, 0xff, 0xff, 0xff, 0xff, 0xff, 0xff, 0xff, 0xff, 0xff, 0xff,
    0xff, 0xff, 0xff, 0xff, 0xff, 0xfd, 0xf9, 0xff, 0x9e, 0x2a, 0x01, 0x00, 0x46, 0xfb, 0xff, 0xfd,
    0xff, 0xfb, 0xff, 0xe2, 0x1e, 0xd3, 0xff, 0x3b, 0x3c, 0xff, 0x04, 0x00, 0x00, 0x00, 0x00, 0x00,
    0x00, 0x00, 0x00, 0x00, 0x00, 0x00, 0x00, 0x00, 0x26, 0xe8, 0xfb, 0xfd, 0xff, 0xff, 0xff, 0xff,
    0xff, 0xff, 0xff, 0xff, 0xff, 0xff, 0xff, 0xff, 0xff, 0xff, 0xff, 0xff, 0xff, 0xff, 0xff, 0xff,
    0xff, 0xff, 0xff, 0xff, 0xff, 0xff, 0xff, 0xfb, 0xff, 0xff, 0xb7, 0x55, 0xff, 0xff, 0xfb, 0xff,
    0xfd, 0xf9, 0xfd, 0x14, 0x00, 0x58, 0xff, 0xeb, 0xa5, 0xff, 0x38, 0x00, 0x00, 0x00, 0x00, 0x00,
    0x00, 0x00, 0x00, 0x00, 0x00, 0x00, 0x02, 0x79, 0xff, 0xff, 0xff, 0xff, 0xff, 0xff, 0xff, 0xff,
    0xff, 0xff, 0xff, 0xff, 0xff, 0xff, 0xff, 0xff, 0xff, 0xff, 0xff, 0xff, 0xff, 0xff, 0xff, 0xff,
    0xff, 0xff, 0xff, 0xff, 0xff, 0xff, 0xff, 0xff, 0xfb, 0xf9, 0xff, 0xff, 0xf9, 0xfd, 0xff, 0xff,
    0xf7, 0xff, 0x34, 0x00, 0x00, 0x04, 0xe8, 0xfd, 0xff, 0xff, 0xc3, 0x00, 0x00, 0x00, 0x00, 0x00,
    0x00, 0x00, 0x00, 0x00, 0x00, 0x09, 0xc5, 0xff, 0xf9, 0xff, 0xff, 0xff, 0xff, 0xff, 0xff, 0xff,
    0xff, 0xff, 0xff, 0xff, 0xff, 0xff, 0xff, 0xff, 0xff, 0xff, 0xff, 0xff, 0xff, 0xff, 0xff, 0xff,
    0xff, 0xff, 0xff, 0xff, 0xff, 0xff, 0xff, 0xff, 0xff, 0xff, 0xfb, 0xf9, 0xff, 0xff, 0xff, 0xf9,
    0xff, 0x78, 0x00, 0x00, 0x00, 0x00, 0x50, 0xff, 0xf5, 0xfb, 0xff, 0x13, 0x00, 0x00, 0x00, 0x00,
    0x00, 0x00, 0x00, 0x00, 0x05, 0xe9, 0xff, 0xf7, 0xff, 0xff, 0xff, 0xff, 0xff, 0xff, 0xff, 0xff,
    0xff, 0xff, 0xff, 0xff, 0xff, 0xff, 0xff, 0xff, 0xff, 0xff, 0xff, 0xff, 0xff, 0xff, 0xff, 0xff,
    0xff, 0xff, 0xff, 0xff, 0xff, 0xfd, 0xf9, 0xfd, 0xff, 0xff, 0xff, 0xff, 0xff, 0xff, 0xfb, 0xfd,
    0x9e, 0x01, 0x00, 0x00, 0x4e, 0x3b, 0x01, 0xd1, 0xfd, 0xf3, 0xfd, 0x4b, 0x00, 0x00, 0x00, 0x00,
    0x00, 0x00, 0x00, 0x00, 0x31, 0xb0, 0xef, 0xff, 0xff, 0xff, 0xff, 0xff, 0xff, 0xff, 0xff, 0xff,
    0xff, 0xff, 0xff, 0xff, 0xff, 0xff, 0xff, 0xff, 0xff, 0xff, 0xff, 0xff, 0xff, 0xff, 0xff, 0xff,
    0xff, 0xff, 0xff, 0xff, 0xff, 0xff, 0xff, 0xff, 0xf9, 0xf7, 0xfb, 0xff, 0xff, 0xfd, 0xf5, 0xf3,
    0x3d, 0x00, 0x00, 0x00, 0x38, 0xff, 0x89, 0xa3, 0xff, 0xf5, 0xff, 0x73, 0x00, 0x00, 0x00, 0x00,
    0x00, 0x00, 0x00, 0x00, 0x00, 0x5c, 0xff, 0xf9, 0xff, 0xff, 0xff, 0xff, 0xff, 0xff, 0xff, 0xff,
    0xff, 0xff, 0xff, 0xff, 0xff, 0xff, 0xff, 0xff, 0xff, 0xff, 0xff, 0xff, 0xff, 0xff, 0xff, 0xff,
    0xff, 0xff, 0xff, 0xfb, 0xfb, 0xc1, 0x43, 0xdc, 0xff, 0xff, 0xff, 0xf9, 0xf7, 0xfb, 0xff, 0xf9,
    0x41, 0x00, 0x00, 0x00, 0x00, 0x7c, 0xff, 0xff, 0xff, 0xf9, 0xff, 0x75, 0x00, 0x00, 0x00, 0x00,
    0x00, 0x00, 0x00, 0x00, 0x0b, 0xff, 0xfb, 0xff, 0xff, 0xff, 0xff, 0xff, 0xff, 0xff, 0xff, 0xff,
    0xff, 0xff, 0xff, 0xff, 0xff, 0xff, 0xff, 0xff, 0xff, 0xff, 0xff, 0xff, 0xff, 0xff, 0xff, 0xff,
    0xff, 0xff, 0xff, 0xf9, 0xff, 0x34, 0x00, 0x03, 0x29, 0x6c, 0xc1, 0xff, 0xff, 0xff, 0x6d, 0x0b,
    0x00, 0x00, 0x00, 0x00, 0x00, 0x00, 0x42, 0xff, 0xf9, 0xf7, 0xff, 0x71, 0x3e, 0x04, 0x00, 0x00,
    0x00, 0x00, 0x00, 0x00, 0x7f, 0xff, 0xf9, 0xff, 0xff, 0xff, 0xff, 0xff, 0xff, 0xff, 0xff, 0xff,
    0xff, 0xff, 0xff, 0xff, 0xff, 0xff, 0xff, 0xff, 0xff, 0xff, 0xff, 0xff, 0xff, 0xff, 0xff, 0xff,
    0xff, 0xff, 0xfb, 0xff, 0x82, 0x00, 0x00, 0x00, 0x00, 0x00, 0x00, 0x23, 0x6d, 0x49, 0x00, 0x00,
    0x00, 0x00, 0x00, 0x00, 0x00, 0x00, 0x00, 0x50, 0xff, 0xf9, 0xfd, 0xef, 0xe0, 0x01, 0x00, 0x00,
    0x00, 0x00, 0x00, 0x08, 0xfb, 0xfd, 0xff, 0xff, 0xff, 0xff, 0xff, 0xff, 0xff, 0xff, 0xff, 0xff,
    0xff, 0xff, 0xff, 0xff, 0xff, 0xff, 0xff, 0xff, 0xff, 0xff, 0xff, 0xff, 0xff, 0xff, 0xff, 0xff,
    0xff, 0xfd, 0xfb, 0xed, 0x18, 0x00, 0x00, 0x00, 0x00, 0x00, 0x00, 0x00, 0x00, 0x00, 0x00, 0x00,
    0x00, 0x00, 0x00, 0x00, 0x00, 0x00, 0x00, 0x00, 0xba, 0xff, 0xf7, 0xff, 0xb0, 0x00, 0x00, 0x00,
    0x00, 0x00, 0x00, 0x3b, 0xfd, 0xf7, 0xff, 0xff, 0xff, 0xff, 0xff, 0xff, 0xff, 0xff, 0xff, 0xff,
    0xff, 0xff, 0xff, 0xff, 0xff, 0xff, 0xff, 0xff, 0xff, 0xff, 0xff, 0xff, 0xff, 0xff, 0xff, 0xff,
    0xff, 0xff, 0xff, 0xfb, 0xff, 0x6c, 0x00, 0x00, 0x00, 0x00, 0x00, 0x00, 0x00, 0x00, 0x00, 0x00,
    0x00, 0x00, 0x00, 0x00, 0x00, 0x00, 0x00, 0x00, 0x2f, 0xff, 0xef, 0xfd, 0x70, 0x00, 0x00, 0x00,
    0x00, 0x00, 0x00, 0x79, 0xff, 0xfd, 0xff, 0xff, 0xff, 0xff, 0xff, 0xff, 0xff, 0xff, 0xff, 0xff,
    0xff, 0xff, 0xff, 0xff, 0xff, 0xff, 0xff, 0xff, 0xff, 0xff, 0xff, 0xff, 0xff, 0xff, 0xff, 0xff,
    0xff, 0xff, 0xff, 0xff, 0xfb, 0xff, 0x7c, 0x00, 0x00, 0x00, 0x00, 0x00, 0x00, 0x00, 0x00, 0x00,
    0x00, 0x00, 0x00, 0x00, 0x00, 0x00, 0x0c, 0x2f, 0x09, 0xff, 0xf3, 0xff, 0x30, 0x00, 0x00, 0x00,
    0x00, 0x00, 0x00, 0x9e, 0xed, 0xb2, 0xff, 0xfd, 0xff, 0xff, 0xff, 0xff, 0xff, 0xff, 0xff, 0xff,
    0xff, 0xff, 0xff, 0xff, 0xff, 0xff, 0xff, 0xff, 0xff, 0xff, 0xff, 0xff, 0xff, 0xff, 0xff, 0xff,
    0xff, 0xff, 0xff, 0xff, 0xff, 0xf3, 0xff, 0x20, 0x00, 0x00, 0x00, 0x00, 0x00, 0x00, 0x00, 0x00,
    0x00, 0x00, 0x00, 0x00, 0x00, 0x00, 0x0b, 0xff, 0x55, 0xf7, 0xfd, 0xfb, 0x08, 0x00, 0x00, 0x00,
    0x00, 0x00, 0x00, 0xa2, 0x4c, 0x9e, 0xff, 0xfb, 0xff, 0xff, 0xff, 0xff, 0xff, 0xff, 0xff, 0xff,
    0xff, 0xff, 0xff, 0xff, 0xff, 0xff, 0xff, 0xff, 0xff, 0xff, 0xff, 0xff, 0xff, 0xff, 0xff, 0xff,
    0xff, 0xff, 0xff, 0xff, 0xff, 0xf7, 0xfb, 0x6b, 0x00, 0x00, 0x00, 0x00, 0x00, 0x00, 0x00, 0x00,
    0x00, 0x00, 0x00, 0x00, 0x00, 0x00, 0x06, 0xfb, 0xff, 0xf7, 0xfd, 0xaf, 0x00, 0x00, 0x00, 0x00,
    0x00, 0x00, 0x00, 0x0b, 0x04, 0xe4, 0xff, 0xfd, 0xff, 0xff, 0xff, 0xff, 0xff, 0xff, 0xff, 0xff,
    0xff, 0xff, 0xff, 0xff, 0xff, 0xff, 0xff, 0xff, 0xfd, 0xf7, 0xf7, 0xf9, 0xfb, 0xfd, 0xff, 0xff,
    0xff, 0xff, 0xff, 0xff, 0xff, 0xf7, 0xfb, 0x5f, 0x00, 0x00, 0x00, 0x00, 0x00, 0x00, 0x00, 0x00,
    0x00, 0x00, 0x00, 0x00, 0x00, 0x00, 0x0b, 0xff, 0xfd, 0xf7, 0xff, 0x37, 0x00, 0x00, 0x00, 0x00,
    0x00, 0x00, 0x00, 0x00, 0x03, 0xf3, 0xff, 0xfd, 0xff, 0xff, 0xff, 0xff, 0xff, 0xff, 0xff, 0xff,
    0xff, 0xff, 0xff, 0xff, 0xff, 0xff, 0xff, 0xf9, 0xff, 0xff, 0xff, 0xff, 0xff, 0xff, 0xfd, 0xf7,
    0xfd, 0xff, 0xff, 0xff, 0xff, 0xf7, 0xff, 0x1e, 0x00, 0x00, 0x00, 0x00, 0x00, 0x00, 0x00, 0x00,
    0x00, 0x00, 0x00, 0x00, 0x00, 0x00, 0x31, 0xff, 0xf3, 0xff, 0xd7, 0x01, 0x00, 0x00, 0x00, 0x00,
    0x00, 0x00, 0x00, 0x00, 0x03, 0xeb, 0xff, 0xfd, 0xff, 0xff, 0xff, 0xff, 0xff, 0xff, 0xff, 0xff,
    0xff, 0xff, 0xff, 0xff, 0xff, 0xff, 0xff, 0xff, 0xda, 0x44, 0x57, 0x89, 0xb9, 0xe8, 0xff, 0xff,
    0xff, 0xff, 0xff, 0xff, 0xf9, 0xff, 0x86, 0x00, 0x01, 0x03, 0x00, 0x00, 0x00, 0x00, 0x00, 0x00,
    0x00, 0x00, 0x00, 0x00, 0x0b, 0x00, 0x9b, 0xff, 0xf3, 0xff, 0x26, 0x00, 0x00, 0x00, 0x00, 0x00,
    0x00, 0x00, 0x00, 0x00, 0x00, 0xc7, 0xfd, 0xfb, 0xff, 0xff, 0xff, 0xff, 0xff, 0xff, 0xff, 0xff,
    0xff, 0xff, 0xff, 0xff, 0xfd, 0xfd, 0xd7, 0x59, 0x03, 0x00, 0x00, 0x00, 0x00, 0x04, 0x0d, 0x39,
    0xcf, 0xfd, 0xfd, 0xfd, 0xfd, 0xcf, 0x10, 0x47, 0xcf, 0xe9, 0x63, 0x04, 0x00, 0x00, 0x00, 0x00,
    0x00, 0x00, 0x00, 0x02, 0xa3, 0x1b, 0xf9, 0xfb, 0xfd, 0xca, 0x0f, 0x00, 0x00, 0x00, 0x00, 0x00,
    0x00, 0x00, 0x00, 0x00, 0x00, 0x7e, 0xff, 0xf9, 0xff, 0xff, 0xff, 0xff, 0xff, 0xff, 0xff, 0xff,
    0xff, 0xff, 0xff, 0xff, 0xf9, 0xff, 0x8b, 0x00, 0x00, 0x0b, 0x14, 0x01, 0x00, 0x00, 0x00, 0x00,
    0x3a, 0xff, 0xf7, 0xff, 0xff, 0xeb, 0xf5, 0xff, 0xff, 0xff, 0xff, 0xef, 0x38, 0x00, 0x00, 0x00,
    0x00, 0x00, 0x00, 0x7e, 0xf3, 0xb9, 0xff, 0xfb, 0xf7, 0xff, 0x1c, 0x00, 0x00, 0x00, 0x00, 0x00,
    0x00, 0x00, 0x00, 0x00, 0x00, 0x31, 0x83, 0xb7, 0xfd, 0xfd, 0xff, 0xff, 0xff, 0xff, 0xff, 0xff,
    0xff, 0xff, 0xff, 0xff, 0xff, 0xfd, 0xff, 0x8e, 0xaf, 0xff, 0xff, 0x1a, 0x1c, 0x45, 0x57, 0x19,
    0x73, 0xff, 0xf9, 0xff, 0xff, 0xff, 0xff, 0xf7, 0xff, 0xff, 0xff, 0xf9, 0xff, 0x2f, 0x00, 0x00,
    0x00, 0x00, 0x63, 0xff, 0xfb, 0xff, 0xff, 0xf5, 0xff, 0x68, 0x00, 0x00, 0x00, 0x00, 0x00, 0x00,
    0x00, 0x00, 0x00, 0x00, 0x00, 0x02, 0x05, 0x43, 0xff, 0xf7, 0xff, 0xff, 0xff, 0xff, 0xff, 0xff,
    0xff, 0xff, 0xff, 0xff, 0xff, 0xff, 0xfd, 0xff, 0xff, 0xff, 0xef, 0xe9, 0xff, 0xff, 0xff, 0xb4,
    0xe0, 0xff, 0xfd, 0xff, 0xff, 0xfd, 0xff, 0xff, 0xb0, 0xe4, 0xcc, 0xff, 0xff, 0xa0, 0x00, 0x00,
    0x01, 0x79, 0xff, 0xf7, 0xff, 0xfb, 0xf5, 0xff, 0x97, 0x00, 0x00, 0x00, 0x00, 0x00, 0x00, 0x00,
    0x00, 0x00, 0x00, 0x00, 0x00, 0x00, 0x00, 0x02, 0xdc, 0xfb, 0xfb, 0xff, 0xff, 0xff, 0xff, 0xff,
    0xff, 0xff, 0xff, 0xff, 0xff, 0xff, 0xff, 0xf9, 0xfb, 0xff, 0xff, 0xff, 0xf9, 0xf7, 0xf7, 0xff,
    0xff, 0xff, 0xff, 0xff, 0xfd, 0xfd, 0xa5, 0x10, 0x00, 0x05, 0x00, 0x68, 0x44, 0x2e, 0x00, 0x22,
    0xc0, 0xff, 0xf7, 0xff, 0xfd, 0xfd, 0xff, 0x83, 0x01, 0x00, 0x00, 0x00, 0x00, 0x00, 0x00, 0x00,
    0x00, 0x00, 0x00, 0x00, 0x00, 0x00, 0x00, 0x00, 0x20, 0xff, 0xf5, 0xfd, 0xfb, 0xff, 0xff, 0xff,
    0xff, 0xff, 0xff, 0xff, 0xff, 0xff, 0xff, 0xff, 0xff, 0xff, 0xff, 0xfd, 0xff, 0xff, 0xff, 0xfd,
    0xfd, 0xff, 0xff, 0xff, 0xff, 0xff, 0xda, 0x8b, 0x45, 0x14, 0x0d, 0x18, 0x1a, 0x51, 0xb5, 0xff,
    0xff, 0xf9, 0xff, 0xfd, 0xff, 0xf5, 0x47, 0x00, 0x00, 0x00, 0x00, 0x00, 0x00, 0x00, 0x00, 0x00,
    0x00, 0x00, 0x00, 0x00, 0x00, 0x00, 0x00, 0x00, 0x00, 0x52, 0xff, 0xf9, 0xff, 0xf9, 0xfd, 0xff,
    0xff, 0xff, 0xff, 0xff, 0xff, 0xff, 0xff, 0xff, 0xff, 0xff, 0xfd, 0xf9, 0xf7, 0xf7, 0xf7, 0xf7,
    0xf9, 0xff, 0xff, 0xff, 0xff, 0xff, 0xff, 0xff, 0xff, 0xff, 0xff, 0xff, 0xff, 0xff, 0xff, 0xf9,
    0xfb, 0xff, 0xf7, 0xf5, 0xe0, 0x1f, 0x00, 0x00, 0x00, 0x00, 0x00, 0x00, 0x00, 0x00, 0x00, 0x00,
    0x00, 0x00, 0x00, 0x00, 0x00, 0x00, 0x00, 0x00, 0x00, 0x00, 0x58, 0xf3, 0x91, 0xff, 0xff, 0xf7,
    0xfd, 0xff, 0xff, 0xff, 0xff, 0xff, 0xff, 0xff, 0xff, 0xfd, 0xff, 0xff, 0xff, 0xff, 0xff, 0xff,
    0xff, 0xfd, 0xf9, 0xff, 0xf9, 0xfd, 0xfd, 0xf9, 0xf7, 0xf9, 0xfb, 0xfd, 0xf7, 0xf7, 0xf9, 0xf9,
    0xf7, 0xfd, 0xff, 0xff, 0x8c, 0x04, 0x00, 0x00, 0x00, 0x00, 0x00, 0x00, 0x00, 0x00, 0x00, 0x00,
    0x00, 0x00, 0x00, 0x00, 0x00, 0x00, 0x00, 0x00, 0x00, 0x00, 0x00, 0x16, 0x01, 0x37, 0xe4, 0xff,
    0xff, 0xfb, 0xf7, 0xf7, 0xf7, 0xf9, 0xf7, 0xf7, 0xfb, 0xff, 0xe6, 0x95, 0x56, 0x3b, 0x32, 0x47,
    0x9b, 0xff, 0xff, 0xfb, 0xff, 0xff, 0xf7, 0xf9, 0xfb, 0xfd, 0xfd, 0xfd, 0xff, 0xff, 0xff, 0xff,
    0xff, 0xff, 0x9d, 0x20, 0x00, 0x00, 0x00, 0x00, 0x00, 0x00, 0x00, 0x00, 0x00, 0x00, 0x00, 0x00,
    0x00, 0x00, 0x00, 0x00, 0x00, 0x00, 0x00, 0x00, 0x00, 0x00, 0x00, 0x00, 0x00, 0x00, 0x05, 0x52,
    0xc8, 0xff, 0xff, 0xff, 0xff, 0xff, 0xff, 0xff, 0xff, 0x34, 0x03, 0x00, 0x00, 0x00, 0x00, 0x00,
    0x00, 0x11, 0x89, 0x46, 0x5c, 0xf7, 0xff, 0xff, 0xff, 0xff, 0xff, 0xff, 0xff, 0xfb, 0xd1, 0x8e,
    0x42, 0x0d, 0x00, 0x00, 0x00, 0x00, 0x00, 0x00, 0x00, 0x00, 0x00, 0x00, 0x00, 0x00, 0x00, 0x00,
    0x00, 0x00, 0x00, 0x00, 0x00, 0x00, 0x00, 0x00, 0x00, 0x00, 0x00, 0x00, 0x00, 0x00, 0x00, 0x00,
    0x00, 0x10, 0x33, 0x58, 0x70, 0x73, 0x5c, 0x38, 0x11, 0x00, 0x00, 0x00, 0x00, 0x00, 0x00, 0x00,
    0x00, 0x00, 0x00, 0x00, 0x00, 0x06, 0x3c, 0x8c, 0xc3, 0xe0, 0xe4, 0xce, 0x2e, 0x05, 0x01, 0x00,
    0x00, 0x00, 0x00, 0x00, 0x00, 0x00, 0x00, 0x00, 0x00, 0x00, 0x00, 0x00, 0x00, 0x00, 0x00, 0x00,
    0x00, 0x00, 0x00, 0x00, 0x00, 0x00, 0x00, 0x00, 0x00, 0x00, 0x00, 0x00, 0x00, 0x00, 0x00, 0x00,
    0x00, 0x00, 0x00, 0x00, 0x00, 0x00, 0x00, 0x00, 0x00, 0x00, 0x00, 0x00, 0x00, 0x00, 0x00, 0x00,
    0x00, 0x00, 0x00, 0x00, 0x00, 0x00, 0x00, 0x00, 0x00, 0x03, 0x04, 0x01, 0x00, 0x00, 0x00, 0x00,
    0x00, 0x00, 0x00, 0x00, 0x00, 0x00, 0x00, 0x00, 0x00, 0x00, 0x00, 0x00, 0x00, 0x00, 0x00, 0x00,
};

const lv_image_dsc_t angry_frame_1_dsc = {
    .header.w = 64,
    .header.h = 64,
    .header.cf = LV_COLOR_FORMAT_RGB565A8,
    .data_size = 12288,
    .data = angry_frame_1_data,
};

/* Frame 2: frame_002.png */
static const uint8_t angry_frame_2_data[] = {
    0x00, 0x00, 0x00, 0x00, 0x00, 0x00, 0x00, 0x00, 0x00, 0x00, 0x00, 0x00, 0x00, 0x00, 0x00, 0x00,
    0x00, 0x00, 0x00, 0x00, 0x00, 0x00, 0x00, 0x00, 0x00, 0x00, 0x00, 0x00, 0x00, 0x00, 0x00, 0x00,
    0x00, 0x00, 0x00, 0x00, 0x00, 0x00, 0x00, 0x00, 0x00, 0x00, 0x00, 0x00, 0x00, 0x00, 0x00, 0x00,
    0x00, 0x00, 0x00, 0x00, 0x00, 0x00, 0x00, 0x00, 0x00, 0x00, 0x00, 0x00, 0x00, 0x00, 0x00, 0x00,
    0x00, 0x00, 0x00, 0x00, 0x00, 0x00, 0x00, 0x00, 0x00, 0x00, 0x00, 0x00, 0x00, 0x00, 0x00, 0x00,
    0x00, 0x00, 0x00, 0x00, 0x00, 0x00, 0x00, 0x00, 0x00, 0x00, 0x00, 0x00, 0x00, 0x00, 0x00, 0x00,
    0x00, 0x00, 0x00, 0x00, 0x00, 0x00, 0x00, 0x00, 0x00, 0x00, 0x00, 0x00, 0x00, 0x00, 0x00, 0x00,
    0x00, 0x00, 0x00, 0x00, 0x00, 0x00, 0x00, 0x00, 0x00, 0x00, 0x00, 0x00, 0x00, 0x00, 0x00, 0x00,
    0x00, 0x00, 0x00, 0x00, 0x00, 0x00, 0x00, 0x00, 0x00, 0x00, 0x00, 0x00, 0x00, 0x00, 0x00, 0x00,
    0x00, 0x00, 0x00, 0x00, 0x00, 0x00, 0x00, 0x00, 0x00, 0x00, 0x00, 0x00, 0x00, 0x00, 0x00, 0x00,
    0x00, 0x00, 0x00, 0x00, 0x00, 0x00, 0x00, 0x00, 0x00, 0x00, 0x00, 0x00, 0x00, 0x00, 0x00, 0x00,
    0x00, 0x00, 0x00, 0x00, 0x00, 0x00, 0x00, 0x00, 0x00, 0x00, 0x00, 0x00, 0x00, 0x00, 0x00, 0x00,
    0x00, 0x00, 0x00, 0x00, 0x00, 0x00, 0x00, 0x00, 0x00, 0x00, 0x00, 0x00, 0x00, 0x00, 0x00, 0x00,
    0x00, 0x00, 0x00, 0x00, 0x00, 0x00, 0x00, 0x00, 0x00, 0x00, 0x00, 0x00, 0x00, 0x00, 0x00, 0x00,
    0x00, 0x00, 0x00, 0x00, 0x00, 0x00, 0x00, 0x00, 0x00, 0x00, 0x00, 0x00, 0x00, 0x00, 0x00, 0x00,
    0x00, 0x00, 0x00, 0x00, 0x00, 0x00, 0x00, 0x00, 0x00, 0x00, 0x00, 0x00, 0x00, 0x00, 0x00, 0x00,
    0x00, 0x00, 0x00, 0x00, 0x00, 0x00, 0x00, 0x00, 0x00, 0x00, 0x00, 0x00, 0x00, 0x00, 0x00, 0x00,
    0x00, 0x00, 0x00, 0x00, 0x00, 0x00, 0x00, 0x00, 0x00, 0x00, 0x00, 0x00, 0x00, 0x00, 0x00, 0x00,
    0x00, 0x00, 0x00, 0x00, 0x00, 0x00, 0x00, 0x00, 0x00, 0x00, 0x00, 0x00, 0x00, 0x00, 0x00, 0x00,
    0x00, 0x00, 0x00, 0x00, 0x00, 0x00, 0x00, 0x00, 0x00, 0x00, 0x00, 0x00, 0x00, 0x00, 0x00, 0x00,
    0x00, 0x00, 0x00, 0x00, 0x00, 0x00, 0x00, 0x00, 0x00, 0x00, 0x00, 0x00, 0x00, 0x00, 0x00, 0x00,
    0x00, 0x00, 0x00, 0x00, 0x00, 0x00, 0x00, 0x00, 0x00, 0x00, 0x00, 0x00, 0x00, 0x00, 0x00, 0x00,
    0x00, 0x00, 0x00, 0x00, 0x00, 0x00, 0x00, 0x00, 0x00, 0x00, 0x00, 0x00, 0x00, 0x00, 0x00, 0x00,
    0x00, 0x00, 0x00, 0x00, 0x00, 0x00, 0x00, 0x00, 0x00, 0x00, 0x00, 0x00, 0x00, 0x00, 0x00, 0x00,
    0x00, 0x00, 0x00, 0x00, 0x00, 0x00, 0x00, 0x00, 0x00, 0x00, 0x00, 0x00, 0x00, 0x00, 0x00, 0x00,
    0x00, 0x00, 0x00, 0x00, 0x00, 0x00, 0x00, 0x00, 0x00, 0x00, 0x00, 0x00, 0x00, 0x00, 0x00, 0x00,
    0x00, 0x00, 0x00, 0x00, 0x00, 0x00, 0x00, 0x00, 0x00, 0x00, 0x00, 0x00, 0x61, 0x00, 0xe2, 0x00,
    0x00, 0x00, 0x00, 0x00, 0x00, 0x00, 0x00, 0x00, 0x00, 0x00, 0x00, 0x00, 0x00, 0x00, 0x00, 0x00,
    0x00, 0x00, 0x61, 0x00, 0xe2, 0x00, 0x00, 0x00, 0x00, 0x00, 0x00, 0x00, 0x00, 0x00, 0x00, 0x00,
    0x00, 0x00, 0x00, 0x00, 0x00, 0x00, 0x00, 0x00, 0x00, 0x00, 0x00, 0x00, 0x00, 0x00, 0x00, 0x00,
    0x00, 0x00, 0x00, 0x00, 0x00, 0x00, 0x00, 0x00, 0x00, 0x00, 0x00, 0x00, 0x00, 0x00, 0x00, 0x00,
    0x00, 0x00, 0x00, 0x00, 0x00, 0x00, 0x00, 0x00, 0x00, 0x00, 0x00, 0x00, 0x00, 0x00, 0x00, 0x00,
    0x00, 0x00, 0x00, 0x00, 0x00, 0x00, 0x00, 0x00, 0x00, 0x00, 0x00, 0x00, 0x00, 0x00, 0x00, 0x00,
    0x00, 0x00, 0x00, 0x00, 0x00, 0x00, 0x00, 0x00, 0x00, 0x00, 0x00, 0x00, 0x00, 0x00, 0x00, 0x00,
    0x00, 0x00, 0x00, 0x00, 0x00, 0x00, 0x00, 0x00, 0x00, 0x00, 0x00, 0x00, 0x26, 0x00, 0x67, 0x00,
    0x00, 0x00, 0x00, 0x00, 0x00, 0x00, 0x00, 0x00, 0x00, 0x00, 0x00, 0x00, 0x00, 0x00, 0x00, 0x00,
    0x00, 0x00, 0x05, 0x00, 0xc8, 0x00, 0x00, 0x00, 0x00, 0x00, 0x00, 0x00, 0x00, 0x00, 0x00, 0x00,
    0x00, 0x00, 0x00, 0x00, 0x00, 0x00, 0x00, 0x00, 0x00, 0x00, 0x00, 0x00, 0x00, 0x00, 0x00, 0x00,
    0x00, 0x00, 0x00, 0x00, 0x00, 0x00, 0x00, 0x00, 0x00, 0x00, 0x00, 0x00, 0x00, 0x00, 0x00, 0x00,
    0x00, 0x00, 0x00, 0x00, 0x00, 0x00, 0x00, 0x00, 0x00, 0x00, 0x00, 0x00, 0x00, 0x00, 0x00, 0x00,
    0x00, 0x00, 0x00, 0x00, 0x00, 0x00, 0x00, 0x00, 0x00, 0x00, 0x00, 0x00, 0x00, 0x00, 0x00, 0x00,
    0x00, 0x00, 0x00, 0x00, 0x00, 0x00, 0x00, 0x00, 0x00, 0x00, 0x00, 0x00, 0x00, 0x00, 0x00, 0x00,
    0x00, 0x00, 0xc2, 0x00, 0x05, 0x00, 0x00, 0x00, 0x00, 0x00, 0x00, 0x00, 0xc8, 0x00, 0xe8, 0x00,
    0x00, 0x00, 0x00, 0x00, 0x00, 0x00, 0x00, 0x00, 0x00, 0x00, 0x00, 0x00, 0x00, 0x00, 0x00, 0x00,
    0x00, 0x00, 0xc5, 0x00, 0xca, 0x00, 0x00, 0x00, 0x00, 0x00, 0x00, 0x00, 0x00, 0x00, 0x00, 0x00,
    0x00, 0x00, 0x00, 0x00, 0x00, 0x00, 0x00, 0x00, 0x00, 0x00, 0x00, 0x00, 0x00, 0x00, 0x00, 0x00,
    0x00, 0x00, 0x00, 0x00, 0x00, 0x00, 0x00, 0x00, 0x00, 0x00, 0x00, 0x00, 0x00, 0x00, 0x00, 0x00,
    0x00, 0x00, 0x00, 0x00, 0x00, 0x00, 0x00, 0x00, 0x00, 0x00, 0x00, 0x00, 0x00, 0x00, 0x00, 0x00,
    0x00, 0x00, 0x00, 0x00, 0x00, 0x00, 0x00, 0x00, 0x00, 0x00, 0x00, 0x00, 0x00, 0x00, 0x00, 0x00,
    0x00, 0x00, 0x00, 0x00, 0x00, 0x00, 0x00, 0x00, 0x00, 0x00, 0x00, 0x00, 0x00, 0x00, 0x00, 0x00,
    0x00, 0x00, 0x43, 0x00, 0x0b, 0x00, 0x61, 0x00, 0x00, 0x00, 0x00, 0x00, 0x05, 0x00, 0x0b, 0x00,
    0x00, 0x00, 0x00, 0x00, 0x00, 0x00, 0x64, 0x00, 0xc2, 0x00, 0x00, 0x00, 0x00, 0x00, 0x00, 0x00,
    0x00, 0x00, 0xa1, 0x00, 0xaa, 0x00, 0x05, 0x00, 0x00, 0x00, 0x40, 0x00, 0x20, 0x00, 0x00, 0x00,
    0x00, 0x00, 0x00, 0x00, 0x00, 0x00, 0x00, 0x00, 0x00, 0x00, 0x00, 0x00, 0x00, 0x00, 0x00, 0x00,
    0x00, 0x00, 0x00, 0x00, 0x00, 0x00, 0x00, 0x00, 0x00, 0x00, 0x00, 0x00, 0x00, 0x00, 0x00, 0x00,
    0x00, 0x00, 0x00, 0x00, 0x00, 0x00, 0x00, 0x00, 0x00, 0x00, 0x00, 0x00, 0x00, 0x00, 0x00, 0x00,
    0x00, 0x00, 0x00, 0x00, 0x00, 0x00, 0x00, 0x00, 0x00, 0x00, 0x00, 0x00, 0x00, 0x00, 0x00, 0x00,
    0x00, 0x00, 0x00, 0x00, 0x00, 0x00, 0x00, 0x00, 0x00, 0x00, 0x00, 0x00, 0x00, 0x00, 0x00, 0x00,
    0x00, 0x00, 0xa1, 0x00, 0x69, 0x00, 0x8a, 0x00, 0x02, 0x00, 0x00, 0x00, 0x61, 0x00, 0x89, 0x00,
    0x66, 0x00, 0x00, 0x00, 0x00, 0x00, 0x87, 0x00, 0x66, 0x00, 0x00, 0x00, 0x00, 0x00, 0x00, 0x00,
    0xa4, 0x00, 0x02, 0x00, 0xe4, 0x00, 0xaa, 0x00, 0x43, 0x00, 0x84, 0x00, 0xe5, 0x00, 0x00, 0x00,
    0x00, 0x00, 0x00, 0x00, 0x00, 0x00, 0x00, 0x00, 0x00, 0x00, 0x00, 0x00, 0x00, 0x00, 0x00, 0x00,
    0x00, 0x00, 0x00, 0x00, 0x00, 0x00, 0x00, 0x00, 0x00, 0x00, 0x00, 0x00, 0x00, 0x00, 0x00, 0x00,
    0x00, 0x00, 0x00, 0x00, 0x00, 0x00, 0x00, 0x00, 0x00, 0x00, 0x00, 0x00, 0x00, 0x00, 0x00, 0x00,
    0x00, 0x00, 0x00, 0x00, 0x00, 0x00, 0x00, 0x00, 0x00, 0x00, 0x00, 0x00, 0x00, 0x00, 0x00, 0x00,
    0x00, 0x00, 0x00, 0x00, 0x00, 0x00, 0x00, 0x00, 0x00, 0x00, 0x00, 0x00, 0x00, 0x00, 0x00, 0x00,
    0x00, 0x00, 0x00, 0x00, 0x84, 0x00, 0x49, 0x00, 0xca, 0x00, 0xc7, 0x00, 0xa4, 0x00, 0xa4, 0x00,
    0x49, 0x00, 0xa7, 0x00, 0xe2, 0x00, 0x05, 0x00, 0xaa, 0x00, 0x00, 0x00, 0x61, 0x00, 0x40, 0x00,
    0xc2, 0x00, 0x46, 0x00, 0x63, 0x00, 0xc4, 0x00, 0x86, 0x00, 0x05, 0x00, 0xaa, 0x00, 0x61, 0x00,
    0x00, 0x00, 0x00, 0x00, 0x20, 0x00, 0xe5, 0x00, 0x00, 0x00, 0x00, 0x00, 0x00, 0x00, 0x00, 0x00,
    0x00, 0x00, 0x00, 0x00, 0x00, 0x00, 0x00, 0x00, 0x00, 0x00, 0x00, 0x00, 0x00, 0x00, 0x00, 0x00,
    0x00, 0x00, 0x00, 0x00, 0x00, 0x00, 0x00, 0x00, 0x00, 0x00, 0x00, 0x00, 0x00, 0x00, 0x00, 0x00,
    0x00, 0x00, 0x00, 0x00, 0x00, 0x00, 0x00, 0x00, 0x00, 0x00, 0x00, 0x00, 0x00, 0x00, 0x00, 0x00,
    0x00, 0x00, 0x00, 0x00, 0x00, 0x00, 0x00, 0x00, 0x00, 0x00, 0x00, 0x00, 0x00, 0x00, 0x00, 0x00,
    0x00, 0x00, 0x00, 0x00, 0x41, 0x00, 0x64, 0x00, 0x26, 0x00, 0xc8, 0x00, 0x29, 0x00, 0xc5, 0x00,
    0xc4, 0x00, 0x28, 0x00, 0x28, 0x00, 0x05, 0x00, 0xea, 0x00, 0xe2, 0x00, 0xa2, 0x00, 0x89, 0x00,
    0x02, 0x00, 0x40, 0x00, 0x02, 0x00, 0x23, 0x00, 0xc4, 0x00, 0x84, 0x00, 0x28, 0x00, 0xe8, 0x00,
    0x00, 0x00, 0x00, 0x00, 0x40, 0x00, 0xea, 0x00, 0x81, 0x00, 0x00, 0x00, 0x00, 0x00, 0x00, 0x00,
    0x00, 0x00, 0x00, 0x00, 0x00, 0x00, 0x00, 0x00, 0x00, 0x00, 0x00, 0x00, 0x00, 0x00, 0x00, 0x00,
    0x00, 0x00, 0x00, 0x00, 0x00, 0x00, 0x00, 0x00, 0x00, 0x00, 0x00, 0x00, 0x00, 0x00, 0x00, 0x00,
    0x00, 0x00, 0x00, 0x00, 0x00, 0x00, 0x00, 0x00, 0x00, 0x00, 0x00, 0x00, 0x00, 0x00, 0x00, 0x00,
    0x00, 0x00, 0x00, 0x00, 0x00, 0x00, 0x00, 0x00, 0x00, 0x00, 0x00, 0x00, 0x00, 0x00, 0x00, 0x00,
    0x00, 0x00, 0x00, 0x00, 0x00, 0x00, 0x00, 0x00, 0xe2, 0x00, 0x84, 0x00, 0x64, 0x00, 0xa4, 0x00,
    0x23, 0x00, 0xe5, 0x00, 0xe8, 0x00, 0x05, 0x00, 0x28, 0x00, 0xea, 0x00, 0x81, 0x00, 0x08, 0x00,
    0x4b, 0x00, 0xa6, 0x00, 0xc2, 0x00, 0xa1, 0x00, 0x69, 0x00, 0xe5, 0x00, 0x43, 0x00, 0xa9, 0x00,
    0x86, 0x00, 0x20, 0x00, 0x46, 0x00, 0xed, 0x00, 0xc2, 0x00, 0x00, 0x00, 0x00, 0x00, 0x00, 0x00,
    0x00, 0x00, 0x00, 0x00, 0x00, 0x00, 0x00, 0x00, 0x00, 0x00, 0x00, 0x00, 0x00, 0x00, 0x00, 0x00,
    0x00, 0x00, 0x00, 0x00, 0x00, 0x00, 0x00, 0x00, 0x00, 0x00, 0x00, 0x00, 0x00, 0x00, 0x00, 0x00,
    0x00, 0x00, 0x00, 0x00, 0x00, 0x00, 0x00, 0x00, 0x00, 0x00, 0x00, 0x00, 0x00, 0x00, 0x00, 0x00,
    0x00, 0x00, 0x00, 0x00, 0x00, 0x00, 0x00, 0x00, 0x00, 0x00, 0x00, 0x00, 0x00, 0x00, 0x00, 0x00,
    0x00, 0x00, 0x00, 0x00, 0x00, 0x00, 0x44, 0x00, 0x26, 0x00, 0x06, 0x00, 0xa4, 0x00, 0x43, 0x00,
    0xa1, 0x00, 0x40, 0x00, 0x83, 0x00, 0x05, 0x00, 0x05, 0x00, 0x4b, 0x00, 0x28, 0x00, 0x63, 0x00,
    0x48, 0x00, 0x0a, 0x00, 0x89, 0x00, 0xa4, 0x00, 0x89, 0x00, 0x8b, 0x00, 0x43, 0x00, 0x84, 0x00,
    0x69, 0x00, 0x86, 0x00, 0xa9, 0x00, 0x4b, 0x00, 0xa1, 0x00, 0x00, 0x00, 0x00, 0x00, 0x00, 0x00,
    0x00, 0x00, 0x00, 0x00, 0x00, 0x00, 0x00, 0x00, 0x00, 0x00, 0x00, 0x00, 0x00, 0x00, 0x00, 0x00,
    0x00, 0x00, 0x00, 0x00, 0x00, 0x00, 0x00, 0x00, 0x00, 0x00, 0x00, 0x00, 0x00, 0x00, 0x00, 0x00,
    0x00, 0x00, 0x00, 0x00, 0x00, 0x00, 0x00, 0x00, 0x00, 0x00, 0x00, 0x00, 0x00, 0x00, 0x00, 0x00,
    0x00, 0x00, 0x00, 0x00, 0x00, 0x00, 0x00, 0x00, 0x00, 0x00, 0x00, 0x00, 0x00, 0x00, 0x00, 0x00,
    0x00, 0x00, 0x00, 0x00, 0x00, 0x00, 0x20, 0x00, 0x61, 0x00, 0x61, 0x00, 0x61, 0x00, 0x20, 0x00,
    0x84, 0x00, 0xc4, 0x00, 0x02, 0x00, 0x02, 0x00, 0x42, 0x00, 0xa6, 0x00, 0x2a, 0x00, 0xa9, 0x00,
    0xe5, 0x00, 0xa9, 0x00, 0x89, 0x00, 0x25, 0x00, 0xe7, 0x00, 0xab, 0x00, 0x0a, 0x00, 0x25, 0x00,
    0x05, 0x00, 0x86, 0x00, 0x69, 0x00, 0x05, 0x00, 0x00, 0x00, 0x00, 0x00, 0x00, 0x00, 0x00, 0x00,
    0x00, 0x00, 0x00, 0x00, 0x00, 0x00, 0x00, 0x00, 0x00, 0x00, 0x00, 0x00, 0x00, 0x00, 0x00, 0x00,
    0x00, 0x00, 0x00, 0x00, 0x00, 0x00, 0x00, 0x00, 0x00, 0x00, 0x00, 0x00, 0x00, 0x00, 0x00, 0x00,
    0x00, 0x00, 0x00, 0x00, 0x00, 0x00, 0x00, 0x00, 0x00, 0x00, 0x00, 0x00, 0x00, 0x00, 0x00, 0x00,
    0x00, 0x00, 0x00, 0x00, 0x00, 0x00, 0x00, 0x00, 0x00, 0x00, 0x00, 0x00, 0x00, 0x00, 0x00, 0x00,
    0x00, 0x00, 0x00, 0x00, 0x00, 0x00, 0x00, 0x00, 0x00, 0x00, 0x00, 0x00, 0x00, 0x00, 0x00, 0x00,
    0x61, 0x00, 0x87, 0x00, 0xe8, 0x00, 0x66, 0x00, 0x43, 0x00, 0x43, 0x00, 0x86, 0x00, 0xea, 0x00,
    0x66, 0x00, 0x05, 0x00, 0x0c, 0x00, 0x89, 0x00, 0xc4, 0x00, 0x07, 0x00, 0xe9, 0x00, 0xe9, 0x00,
    0x4b, 0x00, 0xc4, 0x00, 0x4b, 0x00, 0xe2, 0x00, 0x00, 0x00, 0x00, 0x00, 0x00, 0x00, 0x00, 0x00,
    0x00, 0x00, 0x00, 0x00, 0x00, 0x00, 0x00, 0x00, 0x00, 0x00, 0x00, 0x00, 0x00, 0x00, 0x00, 0x00,
    0x00, 0x00, 0x00, 0x00, 0x00, 0x00, 0x00, 0x00, 0x00, 0x00, 0x00, 0x00, 0x00, 0x00, 0x00, 0x00,
    0x00, 0x00, 0x00, 0x00, 0x00, 0x00, 0x00, 0x00, 0x00, 0x00, 0x00, 0x00, 0x00, 0x00, 0x00, 0x00,
    0x00, 0x00, 0x00, 0x00, 0x00, 0x00, 0x00, 0x00, 0x00, 0x00, 0x00, 0x00, 0x00, 0x00, 0x00, 0x00,
    0x00, 0x00, 0x00, 0x00, 0x00, 0x00, 0x00, 0x00, 0xe2, 0x00, 0xe7, 0x00, 0xe7, 0x00, 0xe7, 0x00,
    0xe5, 0x00, 0x84, 0x00, 0xc5, 0x00, 0x05, 0x00, 0x05, 0x00, 0x02, 0x00, 0xc4, 0x00, 0xcc, 0x00,
    0x6b, 0x00, 0x84, 0x00, 0x07, 0x00, 0x4d, 0x00, 0xea, 0x00, 0x46, 0x00, 0xec, 0x00, 0x48, 0x00,
    0xcc, 0x00, 0x4b, 0x00, 0x8b, 0x00, 0x05, 0x00, 0x00, 0x00, 0x00, 0x00, 0x00, 0x00, 0x00, 0x00,
    0x00, 0x00, 0x00, 0x00, 0x00, 0x00, 0x00, 0x00, 0x00, 0x00, 0x20, 0x00, 0xa1, 0x00, 0x00, 0x00,
    0x00, 0x00, 0x00, 0x00, 0x00, 0x00, 0x00, 0x00, 0x00, 0x00, 0x00, 0x00, 0x00, 0x00, 0x00, 0x00,
    0x00, 0x00, 0x00, 0x00, 0x00, 0x00, 0x00, 0x00, 0x00, 0x00, 0x00, 0x00, 0x00, 0x00, 0x00, 0x00,
    0x00, 0x00, 0x00, 0x00, 0x00, 0x00, 0x00, 0x00, 0x00, 0x00, 0x00, 0x00, 0x00, 0x00, 0x00, 0x00,
    0x00, 0x00, 0x00, 0x00, 0x00, 0x00, 0x00, 0x00, 0x00, 0x00, 0x84, 0x00, 0x08, 0x00, 0xe9, 0x00,
    0x0c, 0x00, 0x8d, 0x00, 0x2c, 0x00, 0x2a, 0x00, 0xa7, 0x00, 0xe2, 0x00, 0x43, 0x00, 0x68, 0x00,
    0xec, 0x00, 0xae, 0x00, 0x2d, 0x00, 0x4d, 0x00, 0x2c, 0x00, 0x6a, 0x00, 0x8b, 0x00, 0xcf, 0x00,
    0x6d, 0x00, 0x6d, 0x00, 0xef, 0x00, 0xea, 0x00, 0x07, 0x00, 0x63, 0x00, 0x00, 0x00, 0x00, 0x00,
    0x00, 0x00, 0x00, 0x00, 0x00, 0x00, 0x00, 0x00, 0xa1, 0x00, 0x4a, 0x00, 0x2e, 0x00, 0xa8, 0x00,
    0x20, 0x00, 0x00, 0x00, 0x00, 0x00, 0x00, 0x00, 0x00, 0x00, 0x00, 0x00, 0x00, 0x00, 0x00, 0x00,
    0x00, 0x00, 0x00, 0x00, 0x00, 0x00, 0x00, 0x00, 0x00, 0x00, 0x00, 0x00, 0x00, 0x00, 0x00, 0x00,
    0x00, 0x00, 0x00, 0x00, 0x00, 0x00, 0x00, 0x00, 0x00, 0x00, 0x00, 0x00, 0x00, 0x00, 0x00, 0x00,
    0x00, 0x00, 0x00, 0x00, 0x00, 0x00, 0x00, 0x00, 0x00, 0x00, 0x20, 0x00, 0x23, 0x00, 0x84, 0x00,
    0x64, 0x00, 0x66, 0x00, 0x2a, 0x00, 0x4d, 0x00, 0x8d, 0x00, 0xea, 0x00, 0x86, 0x00, 0xc7, 0x00,
    0xc6, 0x00, 0x2a, 0x00, 0x2c, 0x00, 0xee, 0x00, 0x2f, 0x00, 0xee, 0x00, 0xec, 0x00, 0x2c, 0x00,
    0x8d, 0x00, 0xcb, 0x00, 0x4d, 0x00, 0xa9, 0x00, 0x0c, 0x00, 0x4b, 0x00, 0x00, 0x00, 0x00, 0x00,
    0x00, 0x00, 0x00, 0x00, 0x61, 0x00, 0x07, 0x00, 0x07, 0x00, 0x09, 0x00, 0xcd, 0x00, 0x8f, 0x00,
    0x47, 0x00, 0x61, 0x00, 0x00, 0x00, 0x00, 0x00, 0x00, 0x00, 0x00, 0x00, 0x00, 0x00, 0x00, 0x00,
    0x00, 0x00, 0x00, 0x00, 0x00, 0x00, 0x00, 0x00, 0x00, 0x00, 0x00, 0x00, 0x00, 0x00, 0x00, 0x00,
    0x00, 0x00, 0x00, 0x00, 0x00, 0x00, 0x00, 0x00, 0x00, 0x00, 0x00, 0x00, 0x00, 0x00, 0x00, 0x00,
    0x20, 0x00, 0x04, 0x00, 0x43, 0x00, 0x00, 0x00, 0x00, 0x00, 0x00, 0x00, 0x00, 0x00, 0x03, 0x00,
    0x64, 0x00, 0x23, 0x00, 0x03, 0x00, 0x25, 0x00, 0xc9, 0x00, 0xab, 0x00, 0xe9, 0x00, 0x48, 0x00,
    0x07, 0x00, 0x45, 0x00, 0x46, 0x00, 0x88, 0x00, 0x09, 0x00, 0x6d, 0x00, 0x2c, 0x00, 0x8b, 0x00,
    0xc9, 0x00, 0x28, 0x00, 0xab, 0x00, 0xc9, 0x00, 0x2a, 0x00, 0x66, 0x00, 0x63, 0x00, 0x40, 0x00,
    0x00, 0x00, 0x00, 0x00, 0xa4, 0x00, 0x09, 0x00, 0xee, 0x00, 0x88, 0x00, 0x85, 0x00, 0x88, 0x00,
    0xe9, 0x00, 0x45, 0x00, 0x00, 0x00, 0x00, 0x00, 0x00, 0x00, 0x00, 0x00, 0x00, 0x00, 0x00, 0x00,
    0x00, 0x00, 0x00, 0x00, 0x00, 0x00, 0x00, 0x00, 0x00, 0x00, 0x00, 0x00, 0x00, 0x00, 0x00, 0x00,
    0x00, 0x00, 0x00, 0x00, 0x00, 0x00, 0x00, 0x00, 0x00, 0x00, 0x00, 0x00, 0x83, 0x00, 0x25, 0x00,
    0x04, 0x00, 0x6c, 0x00, 0x4f, 0x00, 0xc4, 0x00, 0x00, 0x00, 0x00, 0x00, 0x20, 0x00, 0xc2, 0x00,
    0x84, 0x00, 0x06, 0x00, 0xa5, 0x00, 0x03, 0x00, 0x23, 0x00, 0x45, 0x00, 0x07, 0x00, 0xc9, 0x00,
    0x8b, 0x00, 0x48, 0x00, 0x05, 0x00, 0x46, 0x00, 0x25, 0x00, 0x66, 0x00, 0x48, 0x00, 0xa7, 0x00,
    0xe7, 0x00, 0xe9, 0x00, 0x6b, 0x00, 0xcf, 0x00, 0xd1, 0x00, 0x8c, 0x00, 0xec, 0x00, 0x0a, 0x00,
    0x00, 0x00, 0x40, 0x00, 0x06, 0x00, 0xa6, 0x00, 0xe9, 0x00, 0x48, 0x00, 0x84, 0x00, 0x09, 0x00,
    0xb0, 0x00, 0xcc, 0x00, 0x00, 0x00, 0x00, 0x00, 0x00, 0x00, 0x00, 0x00, 0x00, 0x00, 0x00, 0x00,
    0x00, 0x00, 0x00, 0x00, 0x00, 0x00, 0x00, 0x00, 0x00, 0x00, 0x00, 0x00, 0x00, 0x00, 0x00, 0x00,
    0x00, 0x00, 0x00, 0x00, 0x00, 0x00, 0x00, 0x00, 0x00, 0x00, 0x63, 0x00, 0xcb, 0x00, 0x0e, 0x00,
    0x8a, 0x00, 0xc6, 0x00, 0xeb, 0x00, 0x29, 0x00, 0x20, 0x00, 0x40, 0x00, 0x47, 0x00, 0x0a, 0x00,
    0xe9, 0x00, 0xa8, 0x00, 0xe6, 0x00, 0x84, 0x00, 0xc5, 0x00, 0x25, 0x00, 0x86, 0x00, 0xe7, 0x00,
    0x2a, 0x00, 0x0c, 0x00, 0x6a, 0x00, 0xab, 0x00, 0xcc, 0x00, 0xa9, 0x00, 0x25, 0x00, 0x27, 0x00,
    0x4d, 0x00, 0x4a, 0x00, 0x66, 0x00, 0xe9, 0x00, 0x8d, 0x00, 0xad, 0x00, 0xc9, 0x00, 0xe7, 0x00,
    0x40, 0x00, 0x20, 0x00, 0x88, 0x00, 0xc5, 0x00, 0x03, 0x00, 0x47, 0x00, 0x26, 0x00, 0x8b, 0x00,
    0x6b, 0x00, 0x0d, 0x00, 0xc2, 0x00, 0x00, 0x00, 0x00, 0x00, 0x00, 0x00, 0x00, 0x00, 0x00, 0x00,
    0x00, 0x00, 0x00, 0x00, 0x00, 0x00, 0x00, 0x00, 0x00, 0x00, 0x00, 0x00, 0x00, 0x00, 0x00, 0x00,
    0x00, 0x00, 0x00, 0x00, 0x00, 0x00, 0x00, 0x00, 0x43, 0x00, 0x07, 0x00, 0x65, 0x00, 0xa8, 0x00,
    0xad, 0x00, 0x68, 0x00, 0xe4, 0x00, 0xe7, 0x00, 0x40, 0x00, 0x00, 0x00, 0xc2, 0x00, 0xc5, 0x00,
    0x27, 0x00, 0xc5, 0x00, 0xe5, 0x00, 0x87, 0x00, 0xe7, 0x00, 0xe9, 0x00, 0x8b, 0x00, 0x8b, 0x00,
    0x2c, 0x00, 0x90, 0x00, 0x4f, 0x00, 0x0f, 0x00, 0xee, 0x00, 0x0c, 0x00, 0x2a, 0x00, 0xec, 0x00,
    0x0c, 0x00, 0x4a, 0x00, 0xcc, 0x00, 0x4d, 0x00, 0xcb, 0x00, 0xcb, 0x00, 0x0a, 0x00, 0xc7, 0x00,
    0x20, 0x00, 0x00, 0x00, 0x27, 0x00, 0xc9, 0x00, 0x44, 0x00, 0xa2, 0x00, 0x46, 0x00, 0x69, 0x00,
    0x05, 0x00, 0x87, 0x00, 0x03, 0x00, 0x00, 0x00, 0x00, 0x00, 0x00, 0x00, 0x00, 0x00, 0x00, 0x00,
    0x00, 0x00, 0x00, 0x00, 0x00, 0x00, 0x00, 0x00, 0x00, 0x00, 0x00, 0x00, 0x00, 0x00, 0x00, 0x00,
    0x00, 0x00, 0x00, 0x00, 0x00, 0x00, 0x20, 0x00, 0x07, 0x00, 0xcb, 0x00, 0xcb, 0x00, 0x29, 0x00,
    0xa6, 0x00, 0xa6, 0x00, 0x43, 0x00, 0x07, 0x00, 0x45, 0x00, 0x00, 0x00, 0x00, 0x00, 0x00, 0x00,
    0xc2, 0x00, 0xe6, 0x00, 0xa8, 0x00, 0x87, 0x00, 0x66, 0x00, 0xa6, 0x00, 0x28, 0x00, 0x48, 0x00,
    0x88, 0x00, 0x8a, 0x00, 0x2c, 0x00, 0x2c, 0x00, 0xcb, 0x00, 0xab, 0x00, 0x8b, 0x00, 0x2a, 0x00,
    0x46, 0x00, 0xe5, 0x00, 0xe8, 0x00, 0xca, 0x00, 0x8c, 0x00, 0x6b, 0x00, 0x0b, 0x00, 0xe5, 0x00,
    0x00, 0x00, 0x00, 0x00, 0x81, 0x00, 0x88, 0x00, 0x47, 0x00, 0x27, 0x00, 0x06, 0x00, 0xc5, 0x00,
    0xe6, 0x00, 0xc9, 0x00, 0xa2, 0x00, 0x00, 0x00, 0x00, 0x00, 0x00, 0x00, 0x00, 0x00, 0x00, 0x00,
    0x00, 0x00, 0x00, 0x00, 0x00, 0x00, 0x00, 0x00, 0x00, 0x00, 0x00, 0x00, 0x00, 0x00, 0x00, 0x00,
    0x00, 0x00, 0x00, 0x00, 0x00, 0x00, 0xc2, 0x00, 0x27, 0x00, 0x09, 0x00, 0x0b, 0x00, 0xed, 0x00,
    0xa6, 0x00, 0x64, 0x00, 0xc7, 0x00, 0x0b, 0x00, 0x2c, 0x00, 0xe2, 0x00, 0x00, 0x00, 0x64, 0x00,
    0x06, 0x00, 0x47, 0x00, 0xa8, 0x00, 0xa7, 0x00, 0xa7, 0x00, 0x66, 0x00, 0x66, 0x00, 0x68, 0x00,
    0x68, 0x00, 0xea, 0x00, 0x89, 0x00, 0xea, 0x00, 0xec, 0x00, 0x48, 0x00, 0x63, 0x00, 0x85, 0x00,
    0x61, 0x00, 0x8f, 0x00, 0x6e, 0x00, 0x61, 0x00, 0x64, 0x00, 0xe5, 0x00, 0x67, 0x00, 0x20, 0x00,
    0x00, 0x00, 0x00, 0x00, 0x00, 0x00, 0x06, 0x00, 0x27, 0x00, 0xa8, 0x00, 0x88, 0x00, 0x27, 0x00,
    0xe9, 0x00, 0xc5, 0x00, 0x00, 0x00, 0x00, 0x00, 0x00, 0x00, 0x00, 0x00, 0x00, 0x00, 0x00, 0x00,
    0x00, 0x00, 0x00, 0x00, 0x00, 0x00, 0x00, 0x00, 0x00, 0x00, 0x00, 0x00, 0x00, 0x00, 0x00, 0x00,
    0x00, 0x00, 0x00, 0x00, 0x00, 0x00, 0x03, 0x00, 0x05, 0x00, 0x05, 0x00, 0x27, 0x00, 0x68, 0x00,
    0x66, 0x00, 0x44, 0x00, 0x06, 0x00, 0x86, 0x00, 0xa9, 0x00, 0x81, 0x00, 0x81, 0x00, 0xa9, 0x00,
    0x27, 0x00, 0x44, 0x00, 0x23, 0x00, 0x44, 0x00, 0x23, 0x00, 0x05, 0x00, 0x6b, 0x00, 0xec, 0x00,
    0x4a, 0x00, 0x0a, 0x00, 0xa9, 0x00, 0x0a, 0x00, 0x84, 0x00, 0x00, 0x00, 0x00, 0x00, 0x81, 0x00,
    0x40, 0x00, 0xc9, 0x00, 0x4b, 0x00, 0x20, 0x00, 0x00, 0x00, 0xc2, 0x00, 0x07, 0x00, 0x00, 0x00,
    0x00, 0x00, 0x00, 0x00, 0x44, 0x00, 0xe9, 0x00, 0x47, 0x00, 0x06, 0x00, 0xa8, 0x00, 0x88, 0x00,
    0x06, 0x00, 0x20, 0x00, 0x00, 0x00, 0x00, 0x00, 0x00, 0x00, 0x00, 0x00, 0x00, 0x00, 0x00, 0x00,
    0x00, 0x00, 0x00, 0x00, 0x00, 0x00, 0x00, 0x00, 0x00, 0x00, 0x00, 0x00, 0x00, 0x00, 0x00, 0x00,
    0x00, 0x00, 0x00, 0x00, 0x00, 0x00, 0x23, 0x00, 0x47, 0x00, 0x44, 0x00, 0x84, 0x00, 0xa4, 0x00,
    0x64, 0x00, 0x85, 0x00, 0x85, 0x00, 0x26, 0x00, 0xe5, 0x00, 0x00, 0x00, 0x85, 0x00, 0x88, 0x00,
    0x07, 0x00, 0x23, 0x00, 0x85, 0x00, 0x44, 0x00, 0xe6, 0x00, 0x49, 0x00, 0x89, 0x00, 0xca, 0x00,
    0x69, 0x00, 0x48, 0x00, 0x28, 0x00, 0x23, 0x00, 0x00, 0x00, 0x41, 0x00, 0x81, 0x00, 0xc2, 0x00,
    0xc2, 0x00, 0x00, 0x00, 0x41, 0x00, 0x41, 0x00, 0x00, 0x00, 0x00, 0x00, 0x00, 0x00, 0x00, 0x00,
    0x00, 0x00, 0xe2, 0x00, 0x48, 0x00, 0x08, 0x00, 0x08, 0x00, 0x47, 0x00, 0x27, 0x00, 0x68, 0x00,
    0x20, 0x00, 0x00, 0x00, 0x00, 0x00, 0x00, 0x00, 0x00, 0x00, 0x00, 0x00, 0x00, 0x00, 0x00, 0x00,
    0x00, 0x00, 0x00, 0x00, 0x00, 0x00, 0x00, 0x00, 0x00, 0x00, 0x00, 0x00, 0x00, 0x00, 0x00, 0x00,
    0x00, 0x00, 0x00, 0x00, 0x00, 0x00, 0xe2, 0x00, 0x68, 0x00, 0x47, 0x00, 0x64, 0x00, 0x65, 0x00,
    0x27, 0x00, 0x27, 0x00, 0xc5, 0x00, 0x64, 0x00, 0x20, 0x00, 0x00, 0x00, 0x07, 0x00, 0xc6, 0x00,
    0x44, 0x00, 0xa5, 0x00, 0xc6, 0x00, 0xa5, 0x00, 0x8a, 0x00, 0x69, 0x00, 0x49, 0x00, 0xc7, 0x00,
    0xa7, 0x00, 0xc7, 0x00, 0x07, 0x00, 0x05, 0x00, 0x61, 0x00, 0xe3, 0x00, 0xc3, 0x00, 0x44, 0x00,
    0x85, 0x00, 0xc2, 0x00, 0x03, 0x00, 0x20, 0x00, 0x00, 0x00, 0x00, 0x00, 0x00, 0x00, 0x00, 0x00,
    0x20, 0x00, 0x48, 0x00, 0xe9, 0x00, 0x68, 0x00, 0x69, 0x00, 0xc7, 0x00, 0xe9, 0x00, 0xe6, 0x00,
    0x00, 0x00, 0x00, 0x00, 0x00, 0x00, 0x00, 0x00, 0x00, 0x00, 0x00, 0x00, 0x00, 0x00, 0x00, 0x00,
    0x00, 0x00, 0x00, 0x00, 0x00, 0x00, 0x00, 0x00, 0x00, 0x00, 0x00, 0x00, 0x00, 0x00, 0x00, 0x00,
    0x00, 0x00, 0x00, 0x00, 0x00, 0x00, 0x40, 0x00, 0xe6, 0x00, 0x47, 0x00, 0x06, 0x00, 0x06, 0x00,
    0xc5, 0x00, 0x84, 0x00, 0x41, 0x00, 0x00, 0x00, 0x00, 0x00, 0x20, 0x00, 0xe3, 0x00, 0x20, 0x00,
    0xa5, 0x00, 0x07, 0x00, 0x27, 0x00, 0xc5, 0x00, 0xa5, 0x00, 0xa5, 0x00, 0xc5, 0x00, 0x46, 0x00,
    0x66, 0x00, 0xc7, 0x00, 0xe7, 0x00, 0x0a, 0x00, 0xe5, 0x00, 0x61, 0x00, 0x23, 0x00, 0xa5, 0x00,
    0xe6, 0x00, 0x44, 0x00, 0x04, 0x00, 0x00, 0x00, 0x00, 0x00, 0x00, 0x00, 0x00, 0x00, 0x00, 0x00,
    0xe5, 0x00, 0x8a, 0x00, 0x29, 0x00, 0x2a, 0x00, 0xe9, 0x00, 0xa7, 0x00, 0x09, 0x00, 0xc2, 0x00,
    0x00, 0x00, 0x00, 0x00, 0x00, 0x00, 0x00, 0x00, 0x00, 0x00, 0x00, 0x00, 0x00, 0x00, 0x00, 0x00,
    0x00, 0x00, 0x00, 0x00, 0x00, 0x00, 0x00, 0x00, 0x00, 0x00, 0x00, 0x00, 0x00, 0x00, 0x00, 0x00,
    0x00, 0x00, 0x00, 0x00, 0x00, 0x00, 0x00, 0x00, 0x23, 0x00, 0xc5, 0x00, 0x64, 0x00, 0x64, 0x00,
    0x64, 0x00, 0x87, 0x00, 0xc4, 0x00, 0x00, 0x00, 0x00, 0x00, 0x00, 0x00, 0x00, 0x00, 0x41, 0x00,
    0x27, 0x00, 0x07, 0x00, 0x27, 0x00, 0x85, 0x00, 0x23, 0x00, 0x23, 0x00, 0xa4, 0x00, 0x45, 0x00,
    0xe4, 0x00, 0x05, 0x00, 0xe7, 0x00, 0xe9, 0x00, 0x4a, 0x00, 0x20, 0x00, 0xa2, 0x00, 0x47, 0x00,
    0x88, 0x00, 0x85, 0x00, 0x24, 0x00, 0x00, 0x00, 0x00, 0x00, 0x40, 0x00, 0xc4, 0x00, 0xc7, 0x00,
    0x07, 0x00, 0x8a, 0x00, 0x6a, 0x00, 0xe9, 0x00, 0x27, 0x00, 0xc8, 0x00, 0x47, 0x00, 0x00, 0x00,
    0x00, 0x00, 0x00, 0x00, 0x00, 0x00, 0x00, 0x00, 0x00, 0x00, 0x00, 0x00, 0x00, 0x00, 0x00, 0x00,
    0x00, 0x00, 0x00, 0x00, 0x00, 0x00, 0x00, 0x00, 0x00, 0x00, 0x00, 0x00, 0x00, 0x00, 0x00, 0x00,
    0x00, 0x00, 0x00, 0x00, 0x00, 0x00, 0x00, 0x00, 0x24, 0x00, 0x27, 0x00, 0xc6, 0x00, 0xe6, 0x00,
    0x06, 0x00, 0xc7, 0x00, 0xe9, 0x00, 0x83, 0x00, 0x00, 0x00, 0x00, 0x00, 0x00, 0x00, 0x00, 0x00,
    0x85, 0x00, 0x03, 0x00, 0x07, 0x00, 0x85, 0x00, 0xe6, 0x00, 0x67, 0x00, 0xe6, 0x00, 0x23, 0x00,
    0x22, 0x00, 0x02, 0x00, 0x22, 0x00, 0x46, 0x00, 0xcc, 0x00, 0x66, 0x00, 0x03, 0x00, 0xa8, 0x00,
    0x29, 0x00, 0x27, 0x00, 0x85, 0x00, 0xa2, 0x00, 0x22, 0x00, 0x48, 0x00, 0xab, 0x00, 0xa8, 0x00,
    0xa6, 0x00, 0xeb, 0x00, 0x8a, 0x00, 0x48, 0x00, 0xa7, 0x00, 0x09, 0x00, 0xc2, 0x00, 0x00, 0x00,
    0x00, 0x00, 0x00, 0x00, 0x00, 0x00, 0x00, 0x00, 0x00, 0x00, 0x00, 0x00, 0x00, 0x00, 0x00, 0x00,
    0x00, 0x00, 0x00, 0x00, 0x00, 0x00, 0x00, 0x00, 0x00, 0x00, 0x00, 0x00, 0x00, 0x00, 0x00, 0x00,
    0x00, 0x00, 0x00, 0x00, 0x00, 0x00, 0x00, 0x00, 0x61, 0x00, 0x68, 0x00, 0x67, 0x00, 0x47, 0x00,
    0x87, 0x00, 0xa9, 0x00, 0xab, 0x00, 0xcb, 0x00, 0xe4, 0x00, 0x05, 0x00, 0xe5, 0x00, 0x02, 0x00,
    0x20, 0x00, 0x00, 0x00, 0xc6, 0x00, 0x64, 0x00, 0xe6, 0x00, 0x47, 0x00, 0x47, 0x00, 0x26, 0x00,
    0x84, 0x00, 0x04, 0x00, 0x24, 0x00, 0x63, 0x00, 0xa6, 0x00, 0x2a, 0x00, 0x44, 0x00, 0xc5, 0x00,
    0x09, 0x00, 0x67, 0x00, 0x44, 0x00, 0x64, 0x00, 0x88, 0x00, 0xab, 0x00, 0x8a, 0x00, 0x68, 0x00,
    0x48, 0x00, 0x09, 0x00, 0x09, 0x00, 0xe7, 0x00, 0xa8, 0x00, 0xc5, 0x00, 0x00, 0x00, 0x00, 0x00,
    0x00, 0x00, 0x00, 0x00, 0x00, 0x00, 0x00, 0x00, 0x00, 0x00, 0x00, 0x00, 0x00, 0x00, 0x00, 0x00,
    0x00, 0x00, 0x00, 0x00, 0x00, 0x00, 0x00, 0x00, 0x00, 0x00, 0x00, 0x00, 0x00, 0x00, 0x00, 0x00,
    0x00, 0x00, 0x00, 0x00, 0x00, 0x00, 0x00, 0x00, 0x00, 0x00, 0x44, 0x00, 0x88, 0x00, 0x47, 0x00,
    0xa7, 0x00, 0xa9, 0x00, 0x4a, 0x00, 0xcb, 0x00, 0x6a, 0x00, 0xcb, 0x00, 0x6d, 0x00, 0x0c, 0x00,
    0xab, 0x00, 0x66, 0x00, 0x64, 0x00, 0x64, 0x00, 0x26, 0x00, 0x46, 0x00, 0x06, 0x00, 0x26, 0x00,
    0xe6, 0x00, 0xc4, 0x00, 0x68, 0x00, 0x27, 0x00, 0x83, 0x00, 0xe9, 0x00, 0xc5, 0x00, 0xa2, 0x00,
    0xa5, 0x00, 0x85, 0x00, 0x24, 0x00, 0xa8, 0x00, 0x2b, 0x00, 0xe9, 0x00, 0x88, 0x00, 0x89, 0x00,
    0x69, 0x00, 0x48, 0x00, 0x08, 0x00, 0x47, 0x00, 0x88, 0x00, 0xa2, 0x00, 0x00, 0x00, 0x00, 0x00,
    0x00, 0x00, 0x00, 0x00, 0x00, 0x00, 0x00, 0x00, 0x00, 0x00, 0x00, 0x00, 0x00, 0x00, 0x00, 0x00,
    0x00, 0x00, 0x00, 0x00, 0x00, 0x00, 0x00, 0x00, 0x00, 0x00, 0x00, 0x00, 0x00, 0x00, 0x00, 0x00,
    0x00, 0x00, 0x00, 0x00, 0x00, 0x00, 0x00, 0x00, 0x00, 0x00, 0x00, 0x00, 0xc5, 0x00, 0x47, 0x00,
    0x87, 0x00, 0x66, 0x00, 0xa8, 0x00, 0x2c, 0x00, 0xcb, 0x00, 0xab, 0x00, 0xad, 0x00, 0x8d, 0x00,
    0xce, 0x00, 0xae, 0x00, 0x6a, 0x00, 0x68, 0x00, 0x86, 0x00, 0x08, 0x00, 0x68, 0x00, 0x86, 0x00,
    0xc5, 0x00, 0xc5, 0x00, 0x68, 0x00, 0x8b, 0x00, 0x45, 0x00, 0x86, 0x00, 0x48, 0x00, 0xcc, 0x00,
    0x65, 0x00, 0x24, 0x00, 0x85, 0x00, 0x8e, 0x00, 0xe8, 0x00, 0x86, 0x00, 0x28, 0x00, 0xc7, 0x00,
    0xa7, 0x00, 0xc8, 0x00, 0x67, 0x00, 0xc9, 0x00, 0xa8, 0x00, 0x81, 0x00, 0x00, 0x00, 0x00, 0x00,
    0x00, 0x00, 0x00, 0x00, 0x00, 0x00, 0x00, 0x00, 0x00, 0x00, 0x00, 0x00, 0x00, 0x00, 0x00, 0x00,
    0x00, 0x00, 0x00, 0x00, 0x00, 0x00, 0x00, 0x00, 0x00, 0x00, 0x00, 0x00, 0x00, 0x00, 0x00, 0x00,
    0x00, 0x00, 0x00, 0x00, 0x00, 0x00, 0x00, 0x00, 0x00, 0x00, 0x00, 0x00, 0x44, 0x00, 0x67, 0x00,
    0x47, 0x00, 0x86, 0x00, 0x48, 0x00, 0x6a, 0x00, 0x4a, 0x00, 0xa8, 0x00, 0xcb, 0x00, 0x6d, 0x00,
    0x2c, 0x00, 0x4c, 0x00, 0xae, 0x00, 0x6d, 0x00, 0x4a, 0x00, 0x68, 0x00, 0x48, 0x00, 0xea, 0x00,
    0x68, 0x00, 0x66, 0x00, 0x27, 0x00, 0x2a, 0x00, 0x68, 0x00, 0xc4, 0x00, 0x28, 0x00, 0xaa, 0x00,
    0xa4, 0x00, 0x03, 0x00, 0x06, 0x00, 0x09, 0x00, 0xe5, 0x00, 0x26, 0x00, 0x47, 0x00, 0xa8, 0x00,
    0xa8, 0x00, 0x47, 0x00, 0x47, 0x00, 0xc6, 0x00, 0x61, 0x00, 0x00, 0x00, 0x00, 0x00, 0x00, 0x00,
    0x00, 0x00, 0x00, 0x00, 0x00, 0x00, 0x00, 0x00, 0x00, 0x00, 0x00, 0x00, 0x00, 0x00, 0x00, 0x00,
    0x00, 0x00, 0x00, 0x00, 0x00, 0x00, 0x00, 0x00, 0x00, 0x00, 0x00, 0x00, 0x00, 0x00, 0x00, 0x00,
    0x00, 0x00, 0x00, 0x00, 0x00, 0x00, 0x00, 0x00, 0x61, 0x00, 0x64, 0x00, 0xa5, 0x00, 0xe6, 0x00,
    0xa8, 0x00, 0xc8, 0x00, 0x08, 0x00, 0x48, 0x00, 0xa8, 0x00, 0xc6, 0x00, 0xa6, 0x00, 0x27, 0x00,
    0x8a, 0x00, 0x8a, 0x00, 0x8b, 0x00, 0x29, 0x00, 0xeb, 0x00, 0x2c, 0x00, 0xa8, 0x00, 0x07, 0x00,
    0xe9, 0x00, 0x28, 0x00, 0x07, 0x00, 0x09, 0x00, 0xe9, 0x00, 0x86, 0x00, 0x84, 0x00, 0x46, 0x00,
    0xe7, 0x00, 0x07, 0x00, 0x66, 0x00, 0x43, 0x00, 0xa5, 0x00, 0x47, 0x00, 0x88, 0x00, 0x47, 0x00,
    0x03, 0x00, 0x61, 0x00, 0x20, 0x00, 0x00, 0x00, 0x00, 0x00, 0x00, 0x00, 0x00, 0x00, 0x00, 0x00,
    0x00, 0x00, 0x00, 0x00, 0x00, 0x00, 0x00, 0x00, 0x00, 0x00, 0x00, 0x00, 0x00, 0x00, 0x00, 0x00,
    0x00, 0x00, 0x00, 0x00, 0x00, 0x00, 0x00, 0x00, 0x00, 0x00, 0x00, 0x00, 0x00, 0x00, 0x00, 0x00,
    0x00, 0x00, 0x00, 0x00, 0x03, 0x00, 0xe8, 0x00, 0x0a, 0x00, 0x4b, 0x00, 0x48, 0x00, 0xe5, 0x00,
    0xe6, 0x00, 0x67, 0x00, 0xe8, 0x00, 0xc7, 0x00, 0x86, 0x00, 0xe7, 0x00, 0x28, 0x00, 0x86, 0x00,
    0xe7, 0x00, 0xe7, 0x00, 0x27, 0x00, 0x07, 0x00, 0x27, 0x00, 0x4a, 0x00, 0xe9, 0x00, 0xc6, 0x00,
    0xa6, 0x00, 0x48, 0x00, 0x28, 0x00, 0x2a, 0x00, 0x6d, 0x00, 0x8a, 0x00, 0xe6, 0x00, 0xa3, 0x00,
    0xa3, 0x00, 0xe4, 0x00, 0xe4, 0x00, 0x23, 0x00, 0x64, 0x00, 0xc5, 0x00, 0xc2, 0x00, 0x00, 0x00,
    0x00, 0x00, 0x00, 0x00, 0x00, 0x00, 0x00, 0x00, 0x00, 0x00, 0x00, 0x00, 0x00, 0x00, 0x00, 0x00,
    0x00, 0x00, 0x00, 0x00, 0x00, 0x00, 0x00, 0x00, 0x00, 0x00, 0x00, 0x00, 0x00, 0x00, 0x00, 0x00,
    0x00, 0x00, 0x00, 0x00, 0x00, 0x00, 0x00, 0x00, 0x00, 0x00, 0x00, 0x00, 0x00, 0x00, 0x00, 0x00,
    0xa2, 0x00, 0x87, 0x00, 0x8a, 0x00, 0x69, 0x00, 0xe8, 0x00, 0xa7, 0x00, 0xa7, 0x00, 0xe8, 0x00,
    0x46, 0x00, 0x84, 0x00, 0x06, 0x00, 0x26, 0x00, 0xe6, 0x00, 0xc5, 0x00, 0x06, 0x00, 0x26, 0x00,
    0x46, 0x00, 0x46, 0x00, 0x46, 0x00, 0x86, 0x00, 0x46, 0x00, 0x46, 0x00, 0x66, 0x00, 0x27, 0x00,
    0xc7, 0x00, 0xea, 0x00, 0x4b, 0x00, 0x48, 0x00, 0x8a, 0x00, 0x6d, 0x00, 0x0c, 0x00, 0x29, 0x00,
    0xe6, 0x00, 0x06, 0x00, 0xe9, 0x00, 0x66, 0x00, 0x84, 0x00, 0x00, 0x00, 0x00, 0x00, 0x00, 0x00,
    0x00, 0x00, 0x00, 0x00, 0x00, 0x00, 0x00, 0x00, 0x00, 0x00, 0x00, 0x00, 0x00, 0x00, 0x00, 0x00,
    0x00, 0x00, 0x00, 0x00, 0x00, 0x00, 0x00, 0x00, 0x00, 0x00, 0x00, 0x00, 0x00, 0x00, 0x00, 0x00,
    0x00, 0x00, 0x00, 0x00, 0x00, 0x00, 0x00, 0x00, 0x00, 0x00, 0x00, 0x00, 0x00, 0x00, 0x00, 0x00,
    0x44, 0x00, 0x64, 0x00, 0x84, 0x00, 0xa5, 0x00, 0x05, 0x00, 0xa7, 0x00, 0x68, 0x00, 0x0a, 0x00,
    0x0a, 0x00, 0x68, 0x00, 0x07, 0x00, 0xe7, 0x00, 0x48, 0x00, 0x68, 0x00, 0x66, 0x00, 0x25, 0x00,
    0xc5, 0x00, 0x23, 0x00, 0x64, 0x00, 0xc5, 0x00, 0xe5, 0x00, 0x26, 0x00, 0xe5, 0x00, 0x66, 0x00,
    0x07, 0x00, 0x0a, 0x00, 0x8c, 0x00, 0xea, 0x00, 0xec, 0x00, 0x8a, 0x00, 0x6d, 0x00, 0xee, 0x00,
    0xeb, 0x00, 0x8a, 0x00, 0xab, 0x00, 0xe7, 0x00, 0x67, 0x00, 0x61, 0x00, 0x00, 0x00, 0x00, 0x00,
    0x00, 0x00, 0x00, 0x00, 0x00, 0x00, 0x00, 0x00, 0x00, 0x00, 0x00, 0x00, 0x00, 0x00, 0x00, 0x00,
    0x00, 0x00, 0x00, 0x00, 0x00, 0x00, 0x00, 0x00, 0x00, 0x00, 0x00, 0x00, 0x00, 0x00, 0x00, 0x00,
    0x00, 0x00, 0x00, 0x00, 0x00, 0x00, 0x00, 0x00, 0x00, 0x00, 0x00, 0x00, 0x00, 0x00, 0x00, 0x00,
    0x00, 0x00, 0x23, 0x00, 0x05, 0x00, 0x66, 0x00, 0x68, 0x00, 0xe9, 0x00, 0x8b, 0x00, 0x6d, 0x00,
    0x0b, 0x00, 0x2c, 0x00, 0xc9, 0x00, 0x09, 0x00, 0x2c, 0x00, 0x6d, 0x00, 0x0c, 0x00, 0x88, 0x00,
    0xe7, 0x00, 0x84, 0x00, 0x20, 0x00, 0x20, 0x00, 0x03, 0x00, 0x43, 0x00, 0xe5, 0x00, 0xa7, 0x00,
    0x07, 0x00, 0x68, 0x00, 0xea, 0x00, 0xa9, 0x00, 0x4f, 0x00, 0x8e, 0x00, 0x29, 0x00, 0xeb, 0x00,
    0x2f, 0x00, 0xce, 0x00, 0xc9, 0x00, 0x4a, 0x00, 0x87, 0x00, 0xa1, 0x00, 0x00, 0x00, 0x00, 0x00,
    0x00, 0x00, 0x00, 0x00, 0x00, 0x00, 0x00, 0x00, 0x00, 0x00, 0x00, 0x00, 0x00, 0x00, 0x00, 0x00,
    0x00, 0x00, 0x00, 0x00, 0x00, 0x00, 0x00, 0x00, 0x00, 0x00, 0x00, 0x00, 0x00, 0x00, 0x00, 0x00,
    0x00, 0x00, 0x00, 0x00, 0x00, 0x00, 0x00, 0x00, 0x00, 0x00, 0x00, 0x00, 0x00, 0x00, 0x00, 0x00,
    0x84, 0x00, 0x87, 0x00, 0xe7, 0x00, 0xa9, 0x00, 0x4a, 0x00, 0xcb, 0x00, 0x4a, 0x00, 0xa8, 0x00,
    0xa8, 0x00, 0xe9, 0x00, 0x07, 0x00, 0x68, 0x00, 0x8a, 0x00, 0x6a, 0x00, 0x2a, 0x00, 0xa8, 0x00,
    0x07, 0x00, 0x86, 0x00, 0xc5, 0x00, 0x03, 0x00, 0x64, 0x00, 0x03, 0x00, 0x84, 0x00, 0x87, 0x00,
    0xc7, 0x00, 0x86, 0x00, 0x08, 0x00, 0x27, 0x00, 0x2c, 0x00, 0x2f, 0x00, 0xee, 0x00, 0xeb, 0x00,
    0xcb, 0x00, 0x4c, 0x00, 0xeb, 0x00, 0xad, 0x00, 0x25, 0x00, 0x00, 0x00, 0x00, 0x00, 0x00, 0x00,
    0x00, 0x00, 0x00, 0x00, 0x00, 0x00, 0x00, 0x00, 0x00, 0x00, 0x00, 0x00, 0x00, 0x00, 0x00, 0x00,
    0x00, 0x00, 0x00, 0x00, 0x00, 0x00, 0x00, 0x00, 0x00, 0x00, 0x00, 0x00, 0x00, 0x00, 0x00, 0x00,
    0x00, 0x00, 0x00, 0x00, 0x00, 0x00, 0x00, 0x00, 0x00, 0x00, 0x00, 0x00, 0x00, 0x00, 0xc2, 0x00,
    0x06, 0x00, 0xa7, 0x00, 0xc9, 0x00, 0x0a, 0x00, 0x2a, 0x00, 0x68, 0x00, 0x68, 0x00, 0x25, 0x00,
    0x46, 0x00, 0x46, 0x00, 0x05, 0x00, 0xe5, 0x00, 0x66, 0x00, 0xc7, 0x00, 0xe7, 0x00, 0x27, 0x00,
    0x88, 0x00, 0xc7, 0x00, 0xa7, 0x00, 0xe5, 0x00, 0x44, 0x00, 0x23, 0x00, 0xc5, 0x00, 0x05, 0x00,
    0xe8, 0x00, 0x46, 0x00, 0x26, 0x00, 0x68, 0x00, 0x4a, 0x00, 0x4c, 0x00, 0x6d, 0x00, 0x4f, 0x00,
    0xce, 0x00, 0xcb, 0x00, 0x8d, 0x00, 0x6c, 0x00, 0x05, 0x00, 0x00, 0x00, 0x00, 0x00, 0x00, 0x00,
    0x00, 0x00, 0x00, 0x00, 0x00, 0x00, 0x00, 0x00, 0x00, 0x00, 0x00, 0x00, 0x00, 0x00, 0x00, 0x00,
    0x00, 0x00, 0x00, 0x00, 0x00, 0x00, 0x00, 0x00, 0x00, 0x00, 0x00, 0x00, 0x00, 0x00, 0x00, 0x00,
    0x00, 0x00, 0x00, 0x00, 0x00, 0x00, 0x00, 0x00, 0x00, 0x00, 0x00, 0x00, 0x00, 0x00, 0x03, 0x00,
    0x08, 0x00, 0xe8, 0x00, 0x48, 0x00, 0x4a, 0x00, 0x68, 0x00, 0xc7, 0x00, 0xc5, 0x00, 0xa5, 0x00,
    0xa5, 0x00, 0x85, 0x00, 0xa5, 0x00, 0xa5, 0x00, 0xc5, 0x00, 0x05, 0x00, 0xa6, 0x00, 0x88, 0x00,
    0x68, 0x00, 0x27, 0x00, 0xc7, 0x00, 0x05, 0x00, 0xa5, 0x00, 0x64, 0x00, 0xe5, 0x00, 0x66, 0x00,
    0xe8, 0x00, 0x46, 0x00, 0x64, 0x00, 0x4a, 0x00, 0xe9, 0x00, 0x2a, 0x00, 0x0c, 0x00, 0x8e, 0x00,
    0x2f, 0x00, 0xec, 0x00, 0xeb, 0x00, 0x4a, 0x00, 0xa1, 0x00, 0x00, 0x00, 0x00, 0x00, 0x00, 0x00,
    0x00, 0x00, 0x00, 0x00, 0x00, 0x00, 0x00, 0x00, 0x00, 0x00, 0x00, 0x00, 0x00, 0x00, 0x00, 0x00,
    0x00, 0x00, 0x00, 0x00, 0x00, 0x00, 0x00, 0x00, 0x00, 0x00, 0x00, 0x00, 0x00, 0x00, 0x00, 0x00,
    0x00, 0x00, 0x00, 0x00, 0x00, 0x00, 0x00, 0x00, 0x00, 0x00, 0x00, 0x00, 0x00, 0x00, 0x67, 0x00,
    0x49, 0x00, 0xa7, 0x00, 0x68, 0x00, 0xa7, 0x00, 0xc4, 0x00, 0x84, 0x00, 0x64, 0x00, 0x44, 0x00,
    0x64, 0x00, 0xc5, 0x00, 0xc5, 0x00, 0xe6, 0x00, 0x06, 0x00, 0xa4, 0x00, 0x25, 0x00, 0x66, 0x00,
    0x66, 0x00, 0x46, 0x00, 0x26, 0x00, 0x05, 0x00, 0xc5, 0x00, 0xc5, 0x00, 0x06, 0x00, 0xa8, 0x00,
    0x67, 0x00, 0xe6, 0x00, 0x05, 0x00, 0x0a, 0x00, 0x2d, 0x00, 0x07, 0x00, 0x6a, 0x00, 0x4d, 0x00,
    0x8b, 0x00, 0x8a, 0x00, 0x6a, 0x00, 0xa6, 0x00, 0x20, 0x00, 0x00, 0x00, 0x00, 0x00, 0x00, 0x00,
    0x00, 0x00, 0x00, 0x00, 0x00, 0x00, 0x00, 0x00, 0x00, 0x00, 0x00, 0x00, 0x00, 0x00, 0x00, 0x00,
    0x00, 0x00, 0x00, 0x00, 0x00, 0x00, 0x00, 0x00, 0x00, 0x00, 0x00, 0x00, 0x00, 0x00, 0x00, 0x00,
    0x00, 0x00, 0x00, 0x00, 0x00, 0x00, 0x00, 0x00, 0x00, 0x00, 0x00, 0x00, 0x03, 0x00, 0xc8, 0x00,
    0x46, 0x00, 0xc8, 0x00, 0x87, 0x00, 0x64, 0x00, 0x44, 0x00, 0x85, 0x00, 0xa5, 0x00, 0xa5, 0x00,
    0xc6, 0x00, 0x64, 0x00, 0x64, 0x00, 0x47, 0x00, 0x88, 0x00, 0x26, 0x00, 0xc5, 0x00, 0x06, 0x00,
    0x64, 0x00, 0x84, 0x00, 0x45, 0x00, 0x66, 0x00, 0x05, 0x00, 0x06, 0x00, 0x06, 0x00, 0xc5, 0x00,
    0x26, 0x00, 0x27, 0x00, 0xe7, 0x00, 0xc9, 0x00, 0xab, 0x00, 0x88, 0x00, 0x48, 0x00, 0x2a, 0x00,
    0xcb, 0x00, 0x6a, 0x00, 0xa6, 0x00, 0x45, 0x00, 0x40, 0x00, 0x00, 0x00, 0x00, 0x00, 0x00, 0x00,
    0x00, 0x00, 0x00, 0x00, 0x00, 0x00, 0x00, 0x00, 0x00, 0x00, 0x00, 0x00, 0x00, 0x00, 0x00, 0x00,
    0x00, 0x00, 0x00, 0x00, 0x00, 0x00, 0x00, 0x00, 0x00, 0x00, 0x00, 0x00, 0x00, 0x00, 0x00, 0x00,
    0x00, 0x00, 0x00, 0x00, 0x00, 0x00, 0x00, 0x00, 0x00, 0x00, 0x00, 0x00, 0x47, 0x00, 0xa8, 0x00,
    0x67, 0x00, 0xa8, 0x00, 0xa5, 0x00, 0xa5, 0x00, 0xa5, 0x00, 0xa5, 0x00, 0x85, 0x00, 0x85, 0x00,
    0x61, 0x00, 0x00, 0x00, 0x20, 0x00, 0x81, 0x00, 0x84, 0x00, 0x47, 0x00, 0x06, 0x00, 0x84, 0x00,
    0x66, 0x00, 0x0a, 0x00, 0x8a, 0x00, 0x2c, 0x00, 0x0c, 0x00, 0x86, 0x00, 0xe6, 0x00, 0xc5, 0x00,
    0x27, 0x00, 0x26, 0x00, 0xea, 0x00, 0xea, 0x00, 0xc9, 0x00, 0xac, 0x00, 0xec, 0x00, 0x68, 0x00,
    0xc9, 0x00, 0xc6, 0x00, 0xc7, 0x00, 0x84, 0x00, 0x00, 0x00, 0x00, 0x00, 0x00, 0x00, 0x00, 0x00,
    0x00, 0x00, 0x00, 0x00, 0x00, 0x00, 0x00, 0x00, 0x00, 0x00, 0x00, 0x00, 0x00, 0x00, 0x00, 0x00,
    0x00, 0x00, 0x00, 0x00, 0x00, 0x00, 0x00, 0x00, 0x00, 0x00, 0x00, 0x00, 0x00, 0x00, 0x00, 0x00,
    0x00, 0x00, 0x00, 0x00, 0x00, 0x00, 0x00, 0x00, 0x00, 0x00, 0xa2, 0x00, 0x09, 0x00, 0x26, 0x00,
    0x26, 0x00, 0x67, 0x00, 0x64, 0x00, 0x06, 0x00, 0x85, 0x00, 0x65, 0x00, 0xa5, 0x00, 0x61, 0x00,
    0x00, 0x00, 0x00, 0x00, 0x00, 0x00, 0x00, 0x00, 0x00, 0x00, 0x44, 0x00, 0xa5, 0x00, 0x86, 0x00,
    0x4a, 0x00, 0xcb, 0x00, 0x4d, 0x00, 0x8d, 0x00, 0x4d, 0x00, 0x2a, 0x00, 0xe5, 0x00, 0xe6, 0x00,
    0x06, 0x00, 0x66, 0x00, 0x48, 0x00, 0xea, 0x00, 0x88, 0x00, 0x4b, 0x00, 0x8b, 0x00, 0xea, 0x00,
    0xa7, 0x00, 0xe7, 0x00, 0xe7, 0x00, 0x43, 0x00, 0xe2, 0x00, 0x00, 0x00, 0x00, 0x00, 0x00, 0x00,
    0x00, 0x00, 0x00, 0x00, 0x00, 0x00, 0x00, 0x00, 0x00, 0x00, 0x00, 0x00, 0x00, 0x00, 0x00, 0x00,
    0x00, 0x00, 0x00, 0x00, 0x00, 0x00, 0x00, 0x00, 0x00, 0x00, 0x00, 0x00, 0x00, 0x00, 0x00, 0x00,
    0x00, 0x00, 0x00, 0x00, 0x00, 0x00, 0x00, 0x00, 0x00, 0x00, 0x85, 0x00, 0xe9, 0x00, 0x85, 0x00,
    0x27, 0x00, 0xa5, 0x00, 0xa5, 0x00, 0x06, 0x00, 0xc5, 0x00, 0xc6, 0x00, 0xa5, 0x00, 0x00, 0x00,
    0x00, 0x00, 0x00, 0x00, 0x00, 0x00, 0x00, 0x00, 0x03, 0x00, 0xa5, 0x00, 0xe5, 0x00, 0x09, 0x00,
    0xc9, 0x00, 0x2c, 0x00, 0x90, 0x00, 0xae, 0x00, 0xec, 0x00, 0x6b, 0x00, 0xc7, 0x00, 0x64, 0x00,
    0x46, 0x00, 0x68, 0x00, 0xa7, 0x00, 0x28, 0x00, 0x68, 0x00, 0x68, 0x00, 0xea, 0x00, 0x28, 0x00,
    0x08, 0x00, 0xc7, 0x00, 0xe5, 0x00, 0x07, 0x00, 0xc9, 0x00, 0x68, 0x00, 0xc2, 0x00, 0x00, 0x00,
    0x00, 0x00, 0x00, 0x00, 0x00, 0x00, 0x00, 0x00, 0x00, 0x00, 0x00, 0x00, 0x00, 0x00, 0x00, 0x00,
    0x00, 0x00, 0x00, 0x00, 0x00, 0x00, 0x00, 0x00, 0x00, 0x00, 0x00, 0x00, 0x00, 0x00, 0x00, 0x00,
    0x00, 0x00, 0x00, 0x00, 0x00, 0x00, 0x00, 0x00, 0x00, 0x00, 0x85, 0x00, 0x06, 0x00, 0x64, 0x00,
    0x85, 0x00, 0x85, 0x00, 0xc5, 0x00, 0x85, 0x00, 0x27, 0x00, 0x27, 0x00, 0xa5, 0x00, 0x41, 0x00,
    0x00, 0x00, 0x00, 0x00, 0x00, 0x00, 0x00, 0x00, 0x23, 0x00, 0xa5, 0x00, 0x28, 0x00, 0xa9, 0x00,
    0xc9, 0x00, 0xeb, 0x00, 0x0c, 0x00, 0x4d, 0x00, 0x6d, 0x00, 0x2a, 0x00, 0x08, 0x00, 0x84, 0x00,
    0xe7, 0x00, 0x89, 0x00, 0xa9, 0x00, 0x66, 0x00, 0x07, 0x00, 0x28, 0x00, 0x08, 0x00, 0xc7, 0x00,
    0x87, 0x00, 0xa4, 0x00, 0xe5, 0x00, 0x88, 0x00, 0x4a, 0x00, 0xeb, 0x00, 0xcc, 0x00, 0xe2, 0x00,
    0x00, 0x00, 0x00, 0x00, 0x00, 0x00, 0x00, 0x00, 0x00, 0x00, 0x00, 0x00, 0x00, 0x00, 0x00, 0x00,
    0x00, 0x00, 0x00, 0x00, 0x00, 0x00, 0x00, 0x00, 0x00, 0x00, 0x00, 0x00, 0x00, 0x00, 0x00, 0x00,
    0x00, 0x00, 0x00, 0x00, 0x00, 0x00, 0x00, 0x00, 0x00, 0x00, 0x03, 0x00, 0x24, 0x00, 0xc5, 0x00,
    0x44, 0x00, 0xe6, 0x00, 0x67, 0x00, 0x06, 0x00, 0x47, 0x00, 0x47, 0x00, 0x23, 0x00, 0x20, 0x00,
    0x00, 0x00, 0x00, 0x00, 0x00, 0x00, 0x00, 0x00, 0x20, 0x00, 0x25, 0x00, 0x68, 0x00, 0x48, 0x00,
    0xe9, 0x00, 0x0c, 0x00, 0x2a, 0x00, 0xcb, 0x00, 0xcb, 0x00, 0x0b, 0x00, 0x26, 0x00, 0xe5, 0x00,
    0x69, 0x00, 0x08, 0x00, 0x89, 0x00, 0x08, 0x00, 0x46, 0x00, 0xc7, 0x00, 0x87, 0x00, 0xa7, 0x00,
    0x05, 0x00, 0x84, 0x00, 0x46, 0x00, 0x68, 0x00, 0xcb, 0x00, 0x0b, 0x00, 0xec, 0x00, 0x48, 0x00,
    0x00, 0x00, 0x00, 0x00, 0x00, 0x00, 0x00, 0x00, 0x00, 0x00, 0x00, 0x00, 0x00, 0x00, 0x00, 0x00,
    0x00, 0x00, 0x00, 0x00, 0x00, 0x00, 0x00, 0x00, 0x00, 0x00, 0x00, 0x00, 0x00, 0x00, 0x00, 0x00,
    0x00, 0x00, 0x00, 0x00, 0x00, 0x00, 0x00, 0x00, 0x00, 0x00, 0x20, 0x00, 0xc2, 0x00, 0x06, 0x00,
    0xa5, 0x00, 0x06, 0x00, 0xa8, 0x00, 0x26, 0x00, 0x26, 0x00, 0x06, 0x00, 0x44, 0x00, 0x00, 0x00,
    0x00, 0x00, 0xa2, 0x00, 0xa2, 0x00, 0x03, 0x00, 0xe5, 0x00, 0x87, 0x00, 0xa7, 0x00, 0x28, 0x00,
    0xc9, 0x00, 0x4a, 0x00, 0xa9, 0x00, 0x89, 0x00, 0xa9, 0x00, 0xe8, 0x00, 0x43, 0x00, 0xc4, 0x00,
    0xe7, 0x00, 0xe7, 0x00, 0xe7, 0x00, 0x08, 0x00, 0x86, 0x00, 0x46, 0x00, 0xc7, 0x00, 0x05, 0x00,
    0x64, 0x00, 0x26, 0x00, 0x86, 0x00, 0xa9, 0x00, 0xe9, 0x00, 0xe9, 0x00, 0x2a, 0x00, 0xea, 0x00,
    0x61, 0x00, 0x00, 0x00, 0x00, 0x00, 0x00, 0x00, 0x00, 0x00, 0x00, 0x00, 0x00, 0x00, 0x00, 0x00,
    0x00, 0x00, 0x00, 0x00, 0x00, 0x00, 0x00, 0x00, 0x00, 0x00, 0x00, 0x00, 0x00, 0x00, 0x00, 0x00,
    0x00, 0x00, 0x00, 0x00, 0x00, 0x00, 0x00, 0x00, 0x00, 0x00, 0x00, 0x00, 0x82, 0x00, 0xe6, 0x00,
    0xc6, 0x00, 0x85, 0x00, 0x68, 0x00, 0x27, 0x00, 0x47, 0x00, 0xa8, 0x00, 0xe6, 0x00, 0x00, 0x00,
    0x00, 0x00, 0x23, 0x00, 0x06, 0x00, 0x47, 0x00, 0x46, 0x00, 0xa7, 0x00, 0x87, 0x00, 0xe7, 0x00,
    0x08, 0x00, 0x28, 0x00, 0x69, 0x00, 0xaa, 0x00, 0x09, 0x00, 0x26, 0x00, 0xc5, 0x00, 0x66, 0x00,
    0x46, 0x00, 0x87, 0x00, 0x66, 0x00, 0x46, 0x00, 0x66, 0x00, 0x66, 0x00, 0xa4, 0x00, 0x44, 0x00,
    0x26, 0x00, 0x67, 0x00, 0xc7, 0x00, 0x08, 0x00, 0x68, 0x00, 0x08, 0x00, 0x0a, 0x00, 0x87, 0x00,
    0x20, 0x00, 0x00, 0x00, 0x00, 0x00, 0x00, 0x00, 0x00, 0x00, 0x00, 0x00, 0x00, 0x00, 0x00, 0x00,
    0x00, 0x00, 0x00, 0x00, 0x00, 0x00, 0x00, 0x00, 0x00, 0x00, 0x00, 0x00, 0x00, 0x00, 0x00, 0x00,
    0x00, 0x00, 0x00, 0x00, 0x00, 0x00, 0x00, 0x00, 0x00, 0x00, 0x00, 0x00, 0x40, 0x00, 0xa5, 0x00,
    0x06, 0x00, 0x44, 0x00, 0xc6, 0x00, 0x88, 0x00, 0xe6, 0x00, 0x67, 0x00, 0x88, 0x00, 0xa2, 0x00,
    0x00, 0x00, 0xa5, 0x00, 0x46, 0x00, 0xc8, 0x00, 0x47, 0x00, 0xa7, 0x00, 0x87, 0x00, 0x87, 0x00,
    0x46, 0x00, 0xc8, 0x00, 0xe9, 0x00, 0xa8, 0x00, 0xa8, 0x00, 0x26, 0x00, 0x05, 0x00, 0x87, 0x00,
    0x66, 0x00, 0x25, 0x00, 0x66, 0x00, 0x66, 0x00, 0xe5, 0x00, 0x44, 0x00, 0x85, 0x00, 0x67, 0x00,
    0x27, 0x00, 0x67, 0x00, 0x67, 0x00, 0x87, 0x00, 0x67, 0x00, 0xc8, 0x00, 0x29, 0x00, 0x03, 0x00,
    0x00, 0x00, 0x00, 0x00, 0x00, 0x00, 0x00, 0x00, 0x00, 0x00, 0x00, 0x00, 0x00, 0x00, 0x00, 0x00,
    0x00, 0x00, 0x00, 0x00, 0x00, 0x00, 0x00, 0x00, 0x00, 0x00, 0x00, 0x00, 0x00, 0x00, 0x00, 0x00,
    0x00, 0x00, 0x00, 0x00, 0x00, 0x00, 0x00, 0x00, 0x00, 0x00, 0x00, 0x00, 0x00, 0x00, 0x65, 0x00,
    0x07, 0x00, 0x44, 0x00, 0x24, 0x00, 0x27, 0x00, 0x47, 0x00, 0x67, 0x00, 0x67, 0x00, 0x47, 0x00,
    0xe3, 0x00, 0xe6, 0x00, 0x47, 0x00, 0xa8, 0x00, 0x88, 0x00, 0x67, 0x00, 0x87, 0x00, 0x27, 0x00,
    0x26, 0x00, 0x67, 0x00, 0x68, 0x00, 0xc9, 0x00, 0xe6, 0x00, 0xc5, 0x00, 0xa7, 0x00, 0xc8, 0x00,
    0xa7, 0x00, 0x46, 0x00, 0x64, 0x00, 0x81, 0x00, 0x81, 0x00, 0x85, 0x00, 0x27, 0x00, 0xa5, 0x00,
    0x84, 0x00, 0xc5, 0x00, 0x47, 0x00, 0x47, 0x00, 0x27, 0x00, 0x09, 0x00, 0x26, 0x00, 0x00, 0x00,
    0x00, 0x00, 0x00, 0x00, 0x00, 0x00, 0x00, 0x00, 0x00, 0x00, 0x00, 0x00, 0x00, 0x00, 0x00, 0x00,
    0x00, 0x00, 0x00, 0x00, 0x00, 0x00, 0x00, 0x00, 0x00, 0x00, 0x00, 0x00, 0x00, 0x00, 0x00, 0x00,
    0x00, 0x00, 0x00, 0x00, 0x00, 0x00, 0x00, 0x00, 0x00, 0x00, 0x00, 0x00, 0x00, 0x00, 0xc2, 0x00,
    0xe6, 0x00, 0x84, 0x00, 0x85, 0x00, 0x85, 0x00, 0x47, 0x00, 0x88, 0x00, 0x88, 0x00, 0x27, 0x00,
    0xa5, 0x00, 0xe6, 0x00, 0xa5, 0x00, 0xc5, 0x00, 0x67, 0x00, 0x67, 0x00, 0x06, 0x00, 0x27, 0x00,
    0x47, 0x00, 0x88, 0x00, 0x67, 0x00, 0x84, 0x00, 0x63, 0x00, 0xc5, 0x00, 0xc5, 0x00, 0x64, 0x00,
    0xc2, 0x00, 0x20, 0x00, 0x00, 0x00, 0x00, 0x00, 0x00, 0x00, 0x40, 0x00, 0x40, 0x00, 0x61, 0x00,
    0x85, 0x00, 0xe6, 0x00, 0x27, 0x00, 0x06, 0x00, 0x67, 0x00, 0x67, 0x00, 0x41, 0x00, 0x00, 0x00,
    0x00, 0x00, 0x00, 0x00, 0x00, 0x00, 0x00, 0x00, 0x00, 0x00, 0x00, 0x00, 0x00, 0x00, 0x00, 0x00,
    0x00, 0x00, 0x00, 0x00, 0x00, 0x00, 0x00, 0x00, 0x00, 0x00, 0x00, 0x00, 0x00, 0x00, 0x00, 0x00,
    0x00, 0x00, 0x00, 0x00, 0x00, 0x00, 0x00, 0x00, 0x00, 0x00, 0x00, 0x00, 0x00, 0x00, 0x20, 0x00,
    0xc6, 0x00, 0xa5, 0x00, 0xc6, 0x00, 0xe6, 0x00, 0x68, 0x00, 0x88, 0x00, 0x88, 0x00, 0x85, 0x00,
    0xe6, 0x00, 0xe6, 0x00, 0x85, 0x00, 0x44, 0x00, 0xe2, 0x00, 0x23, 0x00, 0xc5, 0x00, 0xe6, 0x00,
    0xa5, 0x00, 0x23, 0x00, 0x20, 0x00, 0x00, 0x00, 0x00, 0x00, 0x00, 0x00, 0x20, 0x00, 0x00, 0x00,
    0x00, 0x00, 0x00, 0x00, 0x00, 0x00, 0x00, 0x00, 0x00, 0x00, 0x00, 0x00, 0x00, 0x00, 0x85, 0x00,
    0xe6, 0x00, 0xc6, 0x00, 0xe6, 0x00, 0xe6, 0x00, 0xa5, 0x00, 0x61, 0x00, 0x00, 0x00, 0x00, 0x00,
    0x00, 0x00, 0x00, 0x00, 0x00, 0x00, 0x00, 0x00, 0x00, 0x00, 0x00, 0x00, 0x00, 0x00, 0x00, 0x00,
    0x00, 0x00, 0x00, 0x00, 0x00, 0x00, 0x00, 0x00, 0x00, 0x00, 0x00, 0x00, 0x00, 0x00, 0x00, 0x00,
    0x00, 0x00, 0x00, 0x00, 0x00, 0x00, 0x00, 0x00, 0x00, 0x00, 0x00, 0x00, 0x00, 0x00, 0x00, 0x00,
    0xe3, 0x00, 0x03, 0x00, 0xa5, 0x00, 0xe6, 0x00, 0x27, 0x00, 0x47, 0x00, 0xc5, 0x00, 0xa5, 0x00,
    0xa7, 0x00, 0x67, 0x00, 0x67, 0x00, 0x64, 0x00, 0x03, 0x00, 0x23, 0x00, 0x64, 0x00, 0x44, 0x00,
    0x03, 0x00, 0x43, 0x00, 0x64, 0x00, 0x23, 0x00, 0xc5, 0x00, 0x67, 0x00, 0xa8, 0x00, 0xa8, 0x00,
    0x44, 0x00, 0xa1, 0x00, 0x00, 0x00, 0x00, 0x00, 0x00, 0x00, 0x00, 0x00, 0xc2, 0x00, 0x07, 0x00,
    0xc6, 0x00, 0xc6, 0x00, 0xa5, 0x00, 0xe6, 0x00, 0x44, 0x00, 0x00, 0x00, 0x00, 0x00, 0x00, 0x00,
    0x00, 0x00, 0x00, 0x00, 0x00, 0x00, 0x00, 0x00, 0x00, 0x00, 0x00, 0x00, 0x00, 0x00, 0x00, 0x00,
    0x00, 0x00, 0x00, 0x00, 0x00, 0x00, 0x00, 0x00, 0x00, 0x00, 0x00, 0x00, 0x00, 0x00, 0x00, 0x00,
    0x00, 0x00, 0x00, 0x00, 0x00, 0x00, 0x00, 0x00, 0x00, 0x00, 0x00, 0x00, 0x00, 0x00, 0x00, 0x00,
    0x00, 0x00, 0x00, 0x00, 0xc2, 0x00, 0x07, 0x00, 0xe6, 0x00, 0xe6, 0x00, 0x85, 0x00, 0xc7, 0x00,
    0x28, 0x00, 0x87, 0x00, 0x67, 0x00, 0x64, 0x00, 0xa5, 0x00, 0x27, 0x00, 0x88, 0x00, 0x88, 0x00,
    0x67, 0x00, 0x88, 0x00, 0xc8, 0x00, 0xc8, 0x00, 0xa8, 0x00, 0xe9, 0x00, 0x29, 0x00, 0x87, 0x00,
    0xc8, 0x00, 0x09, 0x00, 0xc8, 0x00, 0xa5, 0x00, 0x20, 0x00, 0x00, 0x00, 0xc2, 0x00, 0x67, 0x00,
    0x47, 0x00, 0xa5, 0x00, 0x06, 0x00, 0xa8, 0x00, 0x8a, 0x00, 0xa7, 0x00, 0xe2, 0x00, 0x00, 0x00,
    0x00, 0x00, 0xc2, 0x00, 0xe2, 0x00, 0x20, 0x00, 0x00, 0x00, 0x00, 0x00, 0x00, 0x00, 0x00, 0x00,
    0x00, 0x00, 0x00, 0x00, 0x00, 0x00, 0x00, 0x00, 0x00, 0x00, 0x00, 0x00, 0x00, 0x00, 0x00, 0x00,
    0x00, 0x00, 0x00, 0x00, 0x00, 0x00, 0x00, 0x00, 0x00, 0x00, 0x00, 0x00, 0x00, 0x00, 0x00, 0x00,
    0x00, 0x00, 0x00, 0x00, 0x00, 0x00, 0xc2, 0x00, 0x27, 0x00, 0xc6, 0x00, 0x46, 0x00, 0x0a, 0x00,
    0x28, 0x00, 0xa7, 0x00, 0x66, 0x00, 0x43, 0x00, 0x84, 0x00, 0xc5, 0x00, 0xe6, 0x00, 0x88, 0x00,
    0x47, 0x00, 0xa8, 0x00, 0xe9, 0x00, 0xe9, 0x00, 0x67, 0x00, 0x67, 0x00, 0xa8, 0x00, 0x88, 0x00,
    0x47, 0x00, 0xa8, 0x00, 0xc8, 0x00, 0x4a, 0x00, 0x88, 0x00, 0x61, 0x00, 0x00, 0x00, 0x81, 0x00,
    0xa5, 0x00, 0x06, 0x00, 0xe6, 0x00, 0x47, 0x00, 0xe8, 0x00, 0xeb, 0x00, 0x6c, 0x00, 0xc7, 0x00,
    0xe5, 0x00, 0x4b, 0x00, 0xed, 0x00, 0x66, 0x00, 0xc5, 0x00, 0x40, 0x00, 0x00, 0x00, 0x00, 0x00,
    0x00, 0x00, 0x00, 0x00, 0x00, 0x00, 0x00, 0x00, 0x00, 0x00, 0x00, 0x00, 0x00, 0x00, 0x00, 0x00,
    0x00, 0x00, 0x00, 0x00, 0x00, 0x00, 0x00, 0x00, 0x00, 0x00, 0x00, 0x00, 0x00, 0x00, 0x00, 0x00,
    0x00, 0x00, 0x00, 0x00, 0x00, 0x00, 0x00, 0x00, 0x61, 0x00, 0x64, 0x00, 0xa7, 0x00, 0xe9, 0x00,
    0x86, 0x00, 0x28, 0x00, 0x2a, 0x00, 0x66, 0x00, 0x46, 0x00, 0x28, 0x00, 0xe5, 0x00, 0x85, 0x00,
    0x47, 0x00, 0x67, 0x00, 0x67, 0x00, 0x67, 0x00, 0x26, 0x00, 0xe6, 0x00, 0xa5, 0x00, 0x44, 0x00,
    0x03, 0x00, 0x03, 0x00, 0x44, 0x00, 0xe6, 0x00, 0xa8, 0x00, 0x67, 0x00, 0x40, 0x00, 0x00, 0x00,
    0x00, 0x00, 0x03, 0x00, 0x07, 0x00, 0x27, 0x00, 0x67, 0x00, 0xa8, 0x00, 0xc7, 0x00, 0xac, 0x00,
    0x48, 0x00, 0x25, 0x00, 0xea, 0x00, 0x8a, 0x00, 0xa8, 0x00, 0x26, 0x00, 0x00, 0x00, 0x00, 0x00,
    0x00, 0x00, 0x00, 0x00, 0x00, 0x00, 0x00, 0x00, 0x00, 0x00, 0x00, 0x00, 0x00, 0x00, 0x00, 0x00,
    0x00, 0x00, 0x00, 0x00, 0x00, 0x00, 0x00, 0x00, 0x00, 0x00, 0x00, 0x00, 0x00, 0x00, 0x00, 0x00,
    0x00, 0x00, 0x00, 0x00, 0x00, 0x00, 0x00, 0x00, 0x00, 0x00, 0x81, 0x00, 0xc7, 0x00, 0xcc, 0x00,
    0x25, 0x00, 0x86, 0x00, 0x6b, 0x00, 0x66, 0x00, 0xc5, 0x00, 0x48, 0x00, 0xc9, 0x00, 0x64, 0x00,
    0x27, 0x00, 0x67, 0x00, 0x47, 0x00, 0x06, 0x00, 0xe6, 0x00, 0xe3, 0x00, 0x00, 0x00, 0x00, 0x00,
    0x00, 0x00, 0x00, 0x00, 0x00, 0x00, 0x00, 0x00, 0x41, 0x00, 0x64, 0x00, 0x44, 0x00, 0x00, 0x00,
    0x00, 0x00, 0x00, 0x00, 0xc2, 0x00, 0x27, 0x00, 0x67, 0x00, 0x06, 0x00, 0xc5, 0x00, 0x28, 0x00,
    0xcb, 0x00, 0x87, 0x00, 0xe3, 0x00, 0x4b, 0x00, 0x27, 0x00, 0xe3, 0x00, 0x20, 0x00, 0x00, 0x00,
    0x00, 0x00, 0x00, 0x00, 0x00, 0x00, 0x00, 0x00, 0x00, 0x00, 0x00, 0x00, 0x00, 0x00, 0x00, 0x00,
    0x00, 0x00, 0x00, 0x00, 0x00, 0x00, 0x00, 0x00, 0x00, 0x00, 0x00, 0x00, 0x00, 0x00, 0x00, 0x00,
    0x00, 0x00, 0x00, 0x00, 0x00, 0x00, 0x00, 0x00, 0x00, 0x00, 0x61, 0x00, 0x26, 0x00, 0xab, 0x00,
    0x47, 0x00, 0x23, 0x00, 0x6a, 0x00, 0xe9, 0x00, 0x64, 0x00, 0xc5, 0x00, 0xc9, 0x00, 0x27, 0x00,
    0x81, 0x00, 0x03, 0x00, 0x03, 0x00, 0x03, 0x00, 0x81, 0x00, 0x00, 0x00, 0x00, 0x00, 0x00, 0x00,
    0x00, 0x00, 0x00, 0x00, 0x00, 0x00, 0x00, 0x00, 0x00, 0x00, 0x00, 0x00, 0x20, 0x00, 0x00, 0x00,
    0x00, 0x00, 0x00, 0x00, 0x00, 0x00, 0x41, 0x00, 0x24, 0x00, 0x03, 0x00, 0xc2, 0x00, 0x81, 0x00,
    0x47, 0x00, 0x0a, 0x00, 0x00, 0x00, 0x82, 0x00, 0xc2, 0x00, 0x00, 0x00, 0x00, 0x00, 0x00, 0x00,
    0x00, 0x00, 0x00, 0x00, 0x00, 0x00, 0x00, 0x00, 0x00, 0x00, 0x00, 0x00, 0x00, 0x00, 0x00, 0x00,
    0x00, 0x00, 0x00, 0x00, 0x00, 0x00, 0x00, 0x00, 0x00, 0x00, 0x00, 0x00, 0x00, 0x00, 0x00, 0x00,
    0x00, 0x00, 0x00, 0x00, 0x00, 0x00, 0x00, 0x00, 0x00, 0x00, 0x00, 0x00, 0x61, 0x00, 0x68, 0x00,
    0x64, 0x00, 0x00, 0x00, 0x64, 0x00, 0x07, 0x00, 0x40, 0x00, 0x40, 0x00, 0x82, 0x00, 0x44, 0x00,
    0x00, 0x00, 0x00, 0x00, 0x00, 0x00, 0x00, 0x00, 0x00, 0x00, 0x00, 0x00, 0x00, 0x00, 0x00, 0x00,
    0x00, 0x00, 0x00, 0x00, 0x00, 0x00, 0x00, 0x00, 0x00, 0x00, 0x00, 0x00, 0x00, 0x00, 0x00, 0x00,
    0x00, 0x00, 0x00, 0x00, 0x00, 0x00, 0x00, 0x00, 0x00, 0x00, 0x00, 0x00, 0x00, 0x00, 0x00, 0x00,
    0x00, 0x00, 0x82, 0x00, 0x00, 0x00, 0x00, 0x00, 0x00, 0x00, 0x00, 0x00, 0x00, 0x00, 0x00, 0x00,
    0x00, 0x00, 0x00, 0x00, 0x00, 0x00, 0x00, 0x00, 0x00, 0x00, 0x00, 0x00, 0x00, 0x00, 0x00, 0x00,
    0x00, 0x00, 0x00, 0x00, 0x00, 0x00, 0x00, 0x00, 0x00, 0x00, 0x00, 0x00, 0x00, 0x00, 0x00, 0x00,
    0x00, 0x00, 0x00, 0x00, 0x00, 0x00, 0x00, 0x00, 0x00, 0x00, 0x00, 0x00, 0x00, 0x00, 0x20, 0x00,
    0x00, 0x00, 0x00, 0x00, 0x00, 0x00, 0x00, 0x00, 0x00, 0x00, 0x00, 0x00, 0x00, 0x00, 0x00, 0x00,
    0x00, 0x00, 0x00, 0x00, 0x00, 0x00, 0x00, 0x00, 0x00, 0x00, 0x00, 0x00, 0x00, 0x00, 0x00, 0x00,
    0x00, 0x00, 0x00, 0x00, 0x00, 0x00, 0x00, 0x00, 0x00, 0x00, 0x00, 0x00, 0x00, 0x00, 0x00, 0x00,
    0x00, 0x00, 0x00, 0x00, 0x00, 0x00, 0x00, 0x00, 0x00, 0x00, 0x00, 0x00, 0x00, 0x00, 0x00, 0x00,
    0x00, 0x00, 0x00, 0x00, 0x00, 0x00, 0x00, 0x00, 0x00, 0x00, 0x00, 0x00, 0x00, 0x00, 0x00, 0x00,
    0x00, 0x00, 0x00, 0x00, 0x00, 0x00, 0x00, 0x00, 0x00, 0x00, 0x00, 0x00, 0x00, 0x00, 0x00, 0x00,
    0x00, 0x00, 0x00, 0x00, 0x00, 0x00, 0x00, 0x00, 0x00, 0x00, 0x00, 0x00, 0x00, 0x00, 0x00, 0x00,
    0x00, 0x00, 0x00, 0x00, 0x00, 0x00, 0x00, 0x00, 0x00, 0x00, 0x00, 0x00, 0x00, 0x00, 0x00, 0x00,
    0x00, 0x00, 0x00, 0x00, 0x00, 0x00, 0x00, 0x00, 0x00, 0x00, 0x00, 0x00, 0x00, 0x00, 0x00, 0x00,
    0x00, 0x00, 0x00, 0x00, 0x00, 0x00, 0x00, 0x00, 0x00, 0x00, 0x00, 0x00, 0x00, 0x00, 0x00, 0x00,
    0x00, 0x00, 0x00, 0x00, 0x00, 0x00, 0x00, 0x00, 0x00, 0x00, 0x00, 0x00, 0x00, 0x00, 0x00, 0x00,
    0x00, 0x00, 0x00, 0x00, 0x00, 0x00, 0x00, 0x00, 0x00, 0x00, 0x00, 0x00, 0x00, 0x00, 0x00, 0x00,
    0x00, 0x00, 0x00, 0x00, 0x00, 0x00, 0x00, 0x00, 0x00, 0x00, 0x00, 0x00, 0x00, 0x00, 0x00, 0x00,
    0x00, 0x00, 0x00, 0x00, 0x00, 0x00, 0x00, 0x00, 0x00, 0x00, 0x00, 0x00, 0x00, 0x00, 0x00, 0x00,
    0x00, 0x00, 0x00, 0x00, 0x00, 0x00, 0x00, 0x00, 0x00, 0x00, 0x00, 0x00, 0x00, 0x00, 0x00, 0x00,
    0x00, 0x00, 0x00, 0x00, 0x00, 0x00, 0x00, 0x00, 0x00, 0x00, 0x00, 0x00, 0x00, 0x00, 0x00, 0x00,
    0x00, 0x00, 0x00, 0x00, 0x00, 0x00, 0x00, 0x00, 0x00, 0x00, 0x00, 0x00, 0x00, 0x00, 0x00, 0x00,
    0x00, 0x00, 0x00, 0x00, 0x00, 0x00, 0x00, 0x00, 0x00, 0x00, 0x00, 0x00, 0x00, 0x00, 0x00, 0x00,
    0x00, 0x00, 0x00, 0x00, 0x00, 0x00, 0x00, 0x00, 0x00, 0x00, 0x00, 0x00, 0x00, 0x00, 0x00, 0x00,
    0x00, 0x00, 0x00, 0x00, 0x00, 0x00, 0x00, 0x00, 0x00, 0x00, 0x00, 0x00, 0x00, 0x00, 0x00, 0x00,
    0x00, 0x00, 0x00, 0x00, 0x00, 0x00, 0x00, 0x00, 0x00, 0x00, 0x00, 0x00, 0x00, 0x00, 0x00, 0x00,
    0x00, 0x00, 0x00, 0x00, 0x00, 0x00, 0x00, 0x00, 0x00, 0x00, 0x00, 0x00, 0x00, 0x00, 0x00, 0x00,
    0x00, 0x00, 0x00, 0x00, 0x00, 0x00, 0x00, 0x00, 0x00, 0x00, 0x00, 0x00, 0x00, 0x00, 0x00, 0x00,
    0x00, 0x00, 0x00, 0x00, 0x00, 0x00, 0x00, 0x00, 0x00, 0x00, 0x00, 0x00, 0x00, 0x00, 0x00, 0x00,
    0x00, 0x00, 0x00, 0x00, 0x00, 0x00, 0x00, 0x00, 0x00, 0x00, 0x00, 0x00, 0x00, 0x00, 0x00, 0x00,
    0x00, 0x00, 0x00, 0x00, 0x00, 0x00, 0x00, 0x00, 0x00, 0x00, 0x00, 0x00, 0x00, 0x00, 0x00, 0x00,
    0x00, 0x00, 0x00, 0x00, 0x00, 0x00, 0x00, 0x00, 0x00, 0x00, 0x00, 0x00, 0x00, 0x00, 0x00, 0x00,
    0x00, 0x00, 0x00, 0x00, 0x00, 0x00, 0x00, 0x00, 0x00, 0x00, 0x00, 0x00, 0x00, 0x00, 0x00, 0x00,
    0x00, 0x00, 0x00, 0x00, 0x00, 0x00, 0x00, 0x00, 0x00, 0x00, 0x00, 0x00, 0x00, 0x00, 0x00, 0x00,
    0x00, 0x00, 0x00, 0x00, 0x00, 0x00, 0x00, 0x00, 0x00, 0x00, 0x00, 0x00, 0x00, 0x00, 0x00, 0x00,
    0x00, 0x00, 0x00, 0x00, 0x00, 0x00, 0x00, 0x00, 0x00, 0x00, 0x00, 0x00, 0x00, 0x00, 0x00, 0x00,
    0x00, 0x00, 0x00, 0x00, 0x00, 0x00, 0x00, 0x00, 0x00, 0x00, 0x00, 0x00, 0x00, 0x00, 0x00, 0x00,
    0x00, 0x00, 0x00, 0x00, 0x00, 0x00, 0x00, 0x00, 0x00, 0x00, 0x00, 0x00, 0x00, 0x00, 0x00, 0x00,
    0x00, 0x00, 0x00, 0x00, 0x00, 0x00, 0x00, 0x00, 0x00, 0x00, 0x00, 0x00, 0x00, 0x00, 0x00, 0x00,
    0x00, 0x00, 0x00, 0x00, 0x00, 0x00, 0x00, 0x00, 0x00, 0x00, 0x00, 0x00, 0x00, 0x00, 0x00, 0x00,
    0x00, 0x00, 0x00, 0x00, 0x00, 0x00, 0x0b, 0x2a, 0x00, 0x00, 0x00, 0x00, 0x00, 0x00, 0x00, 0x00,
    0x00, 0x08, 0x2e, 0x00, 0x00, 0x00, 0x00, 0x00, 0x00, 0x00, 0x00, 0x00, 0x00, 0x00, 0x00, 0x00,
    0x00, 0x00, 0x00, 0x00, 0x00, 0x00, 0x00, 0x00, 0x00, 0x00, 0x00, 0x00, 0x00, 0x00, 0x00, 0x00,
    0x00, 0x00, 0x00, 0x00, 0x00, 0x00, 0x00, 0x00, 0x00, 0x00, 0x00, 0x00, 0x00, 0x00, 0x00, 0x00,
    0x00, 0x00, 0x05, 0x00, 0x00, 0x00, 0xa6, 0x75, 0x00, 0x00, 0x00, 0x00, 0x00, 0x00, 0x00, 0x00,
    0x00, 0x86, 0xa5, 0x00, 0x00, 0x00, 0x00, 0x00, 0x00, 0x00, 0x00, 0x00, 0x00, 0x00, 0x00, 0x00,
    0x00, 0x00, 0x00, 0x00, 0x00, 0x00, 0x00, 0x00, 0x00, 0x00, 0x00, 0x00, 0x00, 0x00, 0x00, 0x00,
    0x00, 0x00, 0x00, 0x00, 0x00, 0x00, 0x00, 0x00, 0x00, 0x00, 0x00, 0x00, 0x00, 0x00, 0x00, 0x00,
    0x00, 0x20, 0xa6, 0x00, 0x00, 0x00, 0xf5, 0x89, 0x00, 0x00, 0x00, 0x00, 0x00, 0x00, 0x00, 0x00,
    0x00, 0xb7, 0xd5, 0x00, 0x00, 0x00, 0x00, 0x00, 0x00, 0x00, 0x00, 0x00, 0x00, 0x00, 0x00, 0x00,
    0x00, 0x00, 0x00, 0x00, 0x00, 0x00, 0x00, 0x00, 0x00, 0x00, 0x00, 0x00, 0x00, 0x00, 0x00, 0x00,
    0x00, 0x00, 0x00, 0x00, 0x00, 0x00, 0x00, 0x00, 0x00, 0x00, 0x00, 0x00, 0x00, 0x00, 0x00, 0x00,
    0x00, 0x5b, 0xf9, 0x06, 0x00, 0x00, 0xca, 0xe8, 0x01, 0x00, 0x00, 0x78, 0x1b, 0x00, 0x00, 0x00,
    0x00, 0x58, 0xff, 0x4e, 0x00, 0x05, 0x03, 0x00, 0x00, 0x00, 0x00, 0x00, 0x00, 0x00, 0x00, 0x00,
    0x00, 0x00, 0x00, 0x00, 0x00, 0x00, 0x00, 0x00, 0x00, 0x00, 0x00, 0x00, 0x00, 0x00, 0x00, 0x00,
    0x00, 0x00, 0x00, 0x00, 0x00, 0x00, 0x00, 0x00, 0x00, 0x00, 0x00, 0x00, 0x00, 0x00, 0x00, 0x00,
    0x00, 0x3c, 0xff, 0xc3, 0x1f, 0x00, 0x5c, 0xff, 0x67, 0x00, 0x00, 0xf9, 0x6c, 0x00, 0x00, 0x02,
    0x8c, 0x5e, 0xf5, 0xff, 0x3d, 0x77, 0x5d, 0x00, 0x00, 0x00, 0x00, 0x00, 0x00, 0x00, 0x00, 0x00,
    0x00, 0x00, 0x00, 0x00, 0x00, 0x00, 0x00, 0x00, 0x00, 0x00, 0x00, 0x00, 0x00, 0x00, 0x00, 0x00,
    0x00, 0x00, 0x00, 0x00, 0x00, 0x00, 0x00, 0x00, 0x00, 0x00, 0x00, 0x00, 0x00, 0x00, 0x00, 0x00,
    0x00, 0x05, 0xed, 0xff, 0xff, 0xc8, 0xbe, 0xfd, 0xff, 0xb2, 0x3a, 0xd9, 0xe4, 0x00, 0x0d, 0x0b,
    0x61, 0xff, 0xff, 0xfb, 0xff, 0xfb, 0xe6, 0x05, 0x00, 0x00, 0x06, 0x7c, 0x00, 0x00, 0x00, 0x00,
    0x00, 0x00, 0x00, 0x00, 0x00, 0x00, 0x00, 0x00, 0x00, 0x00, 0x00, 0x00, 0x00, 0x00, 0x00, 0x00,
    0x00, 0x00, 0x00, 0x00, 0x00, 0x00, 0x00, 0x00, 0x00, 0x00, 0x00, 0x00, 0x00, 0x00, 0x00, 0x00,
    0x00, 0x00, 0x19, 0xe4, 0xff, 0xff, 0xff, 0xfd, 0xf7, 0xff, 0xff, 0xf9, 0xff, 0x26, 0x30, 0xf3,
    0x2b, 0x47, 0xc8, 0xfd, 0xf9, 0xf9, 0xff, 0xa2, 0x00, 0x00, 0x13, 0xff, 0x08, 0x00, 0x00, 0x00,
    0x00, 0x00, 0x00, 0x00, 0x00, 0x00, 0x00, 0x00, 0x00, 0x00, 0x00, 0x00, 0x00, 0x00, 0x00, 0x00,
    0x00, 0x00, 0x00, 0x00, 0x00, 0x00, 0x00, 0x00, 0x00, 0x00, 0x00, 0x00, 0x00, 0x00, 0x00, 0x00,
    0x00, 0x00, 0x00, 0x06, 0x8e, 0xf3, 0xf5, 0xff, 0xff, 0xff, 0xf7, 0xfd, 0xfd, 0xe0, 0x5c, 0xff,
    0xff, 0x8f, 0x55, 0xe2, 0xfd, 0xfd, 0xf9, 0xff, 0x8b, 0x07, 0x89, 0xfb, 0x19, 0x00, 0x00, 0x00,
    0x00, 0x00, 0x00, 0x00, 0x00, 0x00, 0x00, 0x00, 0x00, 0x00, 0x00, 0x00, 0x00, 0x00, 0x00, 0x00,
    0x00, 0x00, 0x00, 0x00, 0x00, 0x00, 0x00, 0x00, 0x00, 0x00, 0x00, 0x00, 0x00, 0x00, 0x00, 0x00,
    0x00, 0x00, 0x01, 0x7f, 0xfb, 0xff, 0xff, 0xe0, 0xa3, 0xd3, 0xfd, 0xff, 0xff, 0xff, 0xff, 0xfb,
    0xfb, 0xff, 0xff, 0xfd, 0xff, 0xff, 0xff, 0xfb, 0xff, 0xf9, 0xff, 0xff, 0x1c, 0x00, 0x00, 0x00,
    0x00, 0x00, 0x00, 0x00, 0x00, 0x00, 0x00, 0x00, 0x00, 0x00, 0x00, 0x00, 0x00, 0x00, 0x00, 0x00,
    0x00, 0x00, 0x00, 0x00, 0x00, 0x00, 0x00, 0x00, 0x00, 0x00, 0x00, 0x00, 0x00, 0x00, 0x00, 0x00,
    0x00, 0x00, 0x00, 0x07, 0x20, 0x25, 0x10, 0x04, 0x7f, 0x97, 0xed, 0xfd, 0xff, 0xfd, 0xff, 0xff,
    0xff, 0xfb, 0xfb, 0xff, 0xff, 0xff, 0xff, 0xff, 0xfb, 0xff, 0xfb, 0xeb, 0x03, 0x00, 0x00, 0x00,
    0x00, 0x00, 0x00, 0x00, 0x00, 0x00, 0x00, 0x00, 0x00, 0x00, 0x00, 0x00, 0x00, 0x00, 0x00, 0x00,
    0x00, 0x00, 0x00, 0x00, 0x00, 0x00, 0x00, 0x00, 0x00, 0x00, 0x00, 0x00, 0x00, 0x00, 0x00, 0x00,
    0x00, 0x00, 0x00, 0x00, 0x00, 0x00, 0x00, 0x00, 0x26, 0xff, 0xfb, 0xff, 0xff, 0xff, 0xff, 0xff,
    0xff, 0xff, 0xff, 0xff, 0xff, 0xff, 0xff, 0xff, 0xff, 0xf7, 0xff, 0x3d, 0x00, 0x00, 0x00, 0x00,
    0x00, 0x00, 0x00, 0x00, 0x00, 0x00, 0x00, 0x00, 0x00, 0x00, 0x00, 0x00, 0x00, 0x00, 0x00, 0x00,
    0x00, 0x00, 0x00, 0x00, 0x00, 0x00, 0x00, 0x00, 0x00, 0x00, 0x00, 0x00, 0x00, 0x00, 0x00, 0x00,
    0x00, 0x00, 0x00, 0x00, 0x36, 0xc3, 0x7f, 0x5f, 0x2f, 0x8b, 0xfd, 0xfb, 0xff, 0xff, 0xff, 0xff,
    0xff, 0xff, 0xff, 0xff, 0xff, 0xff, 0xff, 0xff, 0xff, 0xf7, 0xff, 0x42, 0x00, 0x00, 0x00, 0x00,
    0x00, 0x00, 0x00, 0x00, 0x00, 0x04, 0x10, 0x00, 0x00, 0x00, 0x00, 0x00, 0x00, 0x00, 0x00, 0x00,
    0x00, 0x00, 0x00, 0x00, 0x00, 0x00, 0x00, 0x00, 0x00, 0x00, 0x00, 0x00, 0x00, 0x00, 0x00, 0x00,
    0x00, 0x00, 0x00, 0x00, 0x03, 0xe0, 0xff, 0xff, 0xff, 0xff, 0xff, 0xff, 0xff, 0xff, 0xff, 0xff,
    0xff, 0xff, 0xff, 0xff, 0xff, 0xff, 0xff, 0xff, 0xff, 0xff, 0xfd, 0xfb, 0xb9, 0x29, 0x00, 0x00,
    0x00, 0x00, 0x00, 0x01, 0x2c, 0xe8, 0xff, 0xa8, 0x06, 0x00, 0x00, 0x00, 0x00, 0x00, 0x00, 0x00,
    0x00, 0x00, 0x00, 0x00, 0x00, 0x00, 0x00, 0x00, 0x00, 0x00, 0x00, 0x00, 0x00, 0x00, 0x00, 0x00,
    0x00, 0x00, 0x00, 0x00, 0x00, 0x08, 0xc8, 0xff, 0xf9, 0xff, 0xff, 0xff, 0xff, 0xff, 0xff, 0xff,
    0xff, 0xff, 0xff, 0xff, 0xff, 0xff, 0xff, 0xff, 0xff, 0xff, 0xff, 0xfd, 0xff, 0xff, 0x00, 0x00,
    0x00, 0x00, 0x0a, 0xc1, 0xff, 0xff, 0xf7, 0xff, 0xd3, 0x06, 0x00, 0x00, 0x00, 0x00, 0x00, 0x00,
    0x00, 0x00, 0x00, 0x00, 0x00, 0x00, 0x00, 0x00, 0x00, 0x00, 0x00, 0x00, 0x00, 0x00, 0x00, 0x00,
    0x08, 0x42, 0x20, 0x00, 0x00, 0x00, 0x02, 0x66, 0xeb, 0xfb, 0xff, 0xff, 0xff, 0xff, 0xff, 0xff,
    0xff, 0xff, 0xff, 0xff, 0xff, 0xff, 0xff, 0xff, 0xff, 0xff, 0xff, 0xfd, 0xfb, 0xe2, 0x2a, 0x02,
    0x00, 0x00, 0xb9, 0xff, 0xf5, 0xfd, 0xff, 0xf5, 0xff, 0x9e, 0x00, 0x00, 0x00, 0x00, 0x00, 0x00,
    0x00, 0x00, 0x00, 0x00, 0x00, 0x00, 0x00, 0x00, 0x00, 0x00, 0x00, 0x00, 0x00, 0x00, 0x2c, 0x58,
    0xe6, 0xff, 0xff, 0x43, 0x00, 0x00, 0x03, 0x34, 0xcf, 0xfd, 0xfd, 0xff, 0xff, 0xff, 0xff, 0xff,
    0xff, 0xff, 0xff, 0xff, 0xff, 0xff, 0xff, 0xff, 0xff, 0xff, 0xff, 0xff, 0xff, 0xf9, 0xff, 0xa6,
    0x00, 0x0a, 0xff, 0xf9, 0xff, 0xff, 0xff, 0xff, 0xfb, 0xff, 0x08, 0x00, 0x00, 0x00, 0x00, 0x00,
    0x00, 0x00, 0x00, 0x00, 0x00, 0x00, 0x00, 0x00, 0x00, 0x00, 0x00, 0x00, 0x00, 0x5b, 0xff, 0xff,
    0xff, 0xf5, 0xf9, 0xf3, 0x01, 0x13, 0xff, 0xff, 0xff, 0xff, 0xff, 0xff, 0xff, 0xff, 0xff, 0xff,
    0xff, 0xff, 0xff, 0xff, 0xff, 0xff, 0xff, 0xff, 0xff, 0xff, 0xff, 0xff, 0xff, 0xfd, 0xf9, 0xff,
    0x02, 0x05, 0xff, 0xfd, 0xff, 0xff, 0xff, 0xff, 0xf9, 0xfd, 0x1a, 0x00, 0x00, 0x00, 0x00, 0x00,
    0x00, 0x00, 0x00, 0x00, 0x00, 0x00, 0x00, 0x00, 0x00, 0x00, 0x00, 0x00, 0x40, 0xff, 0xf3, 0xf7,
    0xfd, 0xff, 0xf9, 0xff, 0x15, 0x00, 0x36, 0xc0, 0xf3, 0xfd, 0xff, 0xff, 0xff, 0xff, 0xff, 0xff,
    0xff, 0xff, 0xff, 0xff, 0xff, 0xff, 0xff, 0xff, 0xff, 0xff, 0xff, 0xff, 0xfd, 0xfd, 0xfd, 0xfd,
    0x05, 0x00, 0xc7, 0xff, 0xfb, 0xff, 0xff, 0xff, 0xf7, 0xfd, 0x32, 0x00, 0x00, 0x00, 0x00, 0x00,
    0x00, 0x00, 0x00, 0x00, 0x00, 0x00, 0x00, 0x00, 0x00, 0x00, 0x00, 0x07, 0xff, 0xfb, 0xfd, 0xff,
    0xff, 0xff, 0xfb, 0xfd, 0x9b, 0x01, 0x00, 0x01, 0x9a, 0xfd, 0xfb, 0xff, 0xff, 0xff, 0xff, 0xff,
    0xff, 0xff, 0xff, 0xff, 0xff, 0xff, 0xff, 0xff, 0xff, 0xff, 0xff, 0xfd, 0xff, 0xf9, 0xff, 0x8f,
    0x00, 0x00, 0x29, 0xff, 0xf9, 0xff, 0xff, 0xff, 0xf7, 0xff, 0x1b, 0x00, 0x00, 0x00, 0x00, 0x00,
    0x00, 0x00, 0x00, 0x00, 0x00, 0x00, 0x00, 0x00, 0x00, 0x00, 0x00, 0x3b, 0xfd, 0xf7, 0xff, 0xff,
    0xff, 0xff, 0xff, 0xf7, 0xff, 0x2b, 0x00, 0x7c, 0xff, 0xfb, 0xff, 0xff, 0xff, 0xff, 0xff, 0xff,
    0xff, 0xff, 0xff, 0xff, 0xff, 0xff, 0xff, 0xff, 0xff, 0xff, 0xff, 0xff, 0xd5, 0xf9, 0xef, 0x06,
    0x00, 0x00, 0x09, 0xff, 0xfb, 0xff, 0xff, 0xf9, 0xff, 0xb0, 0x00, 0x00, 0x00, 0x00, 0x00, 0x00,
    0x00, 0x00, 0x00, 0x00, 0x00, 0x00, 0x00, 0x00, 0x00, 0x00, 0x00, 0x6f, 0xff, 0xf7, 0xff, 0xff,
    0xff, 0xff, 0xff, 0xf3, 0xff, 0x21, 0x1b, 0xff, 0xf9, 0xff, 0xff, 0xff, 0xff, 0xff, 0xff, 0xff,
    0xff, 0xff, 0xff, 0xff, 0xff, 0xff, 0xff, 0xff, 0xff, 0xfb, 0xff, 0xad, 0x01, 0x41, 0x89, 0x00,
    0x00, 0x00, 0x73, 0xff, 0xf9, 0xff, 0xfb, 0xfb, 0xd5, 0x07, 0x00, 0x00, 0x00, 0x00, 0x00, 0x00,
    0x00, 0x00, 0x00, 0x00, 0x00, 0x00, 0x00, 0x00, 0x00, 0x00, 0x00, 0x7b, 0xff, 0xf9, 0xff, 0xff,
    0xff, 0xff, 0xff, 0xff, 0xe8, 0x02, 0x9b, 0xff, 0xfd, 0xff, 0xff, 0xff, 0xff, 0xff, 0xff, 0xff,
    0xff, 0xff, 0xff, 0xff, 0xff, 0xfb, 0xff, 0xff, 0xff, 0xf7, 0xff, 0x23, 0x00, 0x01, 0x01, 0x00,
    0x00, 0x35, 0xff, 0xf9, 0xff, 0xff, 0xfb, 0xff, 0x17, 0x00, 0x00, 0x00, 0x00, 0x00, 0x00, 0x00,
    0x00, 0x00, 0x00, 0x00, 0x00, 0x00, 0x00, 0x00, 0x00, 0x00, 0x00, 0x59, 0xff, 0xf7, 0xff, 0xff,
    0xff, 0xfd, 0xf7, 0xa6, 0x0d, 0x01, 0xff, 0xe9, 0xf1, 0xff, 0xff, 0xff, 0xff, 0xff, 0xff, 0xff,
    0xff, 0xff, 0xff, 0xff, 0xff, 0xff, 0xff, 0xff, 0xfd, 0xff, 0xf9, 0x06, 0x00, 0x00, 0x00, 0x00,
    0x0c, 0xfd, 0xf9, 0xfd, 0xff, 0xf9, 0xfd, 0xa8, 0x00, 0x00, 0x00, 0x00, 0x00, 0x00, 0x00, 0x00,
    0x00, 0x00, 0x00, 0x00, 0x00, 0x00, 0x00, 0x00, 0x00, 0x00, 0x00, 0x1b, 0xff, 0xf9, 0xff, 0xff,
    0xf9, 0xff, 0x2e, 0x00, 0x00, 0x07, 0x5c, 0x11, 0xed, 0xfb, 0xff, 0xff, 0xff, 0xff, 0xff, 0xff,
    0xff, 0xff, 0xfd, 0xff, 0xcc, 0xa6, 0xff, 0xfd, 0xfd, 0xff, 0xdc, 0x01, 0x00, 0x00, 0x00, 0x03,
    0xad, 0xff, 0xf9, 0xff, 0xff, 0xf9, 0xff, 0x27, 0x00, 0x00, 0x00, 0x00, 0x00, 0x00, 0x00, 0x00,
    0x00, 0x00, 0x00, 0x00, 0x00, 0x00, 0x00, 0x00, 0x00, 0x00, 0x00, 0x01, 0xe6, 0xff, 0xfd, 0xff,
    0xf9, 0xff, 0x70, 0x00, 0x00, 0x00, 0x00, 0x0b, 0xff, 0xff, 0xff, 0xff, 0xff, 0xff, 0xff, 0xff,
    0xff, 0xff, 0xff, 0xfd, 0xeb, 0x36, 0xeb, 0xff, 0xfd, 0xff, 0xeb, 0x02, 0x00, 0x0a, 0x5e, 0xdc,
    0xff, 0xfd, 0xff, 0xff, 0xfb, 0xfd, 0xc8, 0x00, 0x00, 0x00, 0x00, 0x00, 0x00, 0x00, 0x00, 0x00,
    0x00, 0x00, 0x00, 0x00, 0x00, 0x00, 0x00, 0x00, 0x00, 0x00, 0x00, 0x00, 0x98, 0xfb, 0xf9, 0xff,
    0xff, 0xf9, 0xff, 0x3c, 0x00, 0x00, 0x00, 0x00, 0xd7, 0x88, 0xf9, 0xff, 0xff, 0xff, 0xff, 0xff,
    0xff, 0xff, 0xff, 0xfd, 0xff, 0xbe, 0xe8, 0xff, 0xff, 0xfb, 0xff, 0x3c, 0x54, 0xfb, 0xff, 0xff,
    0xfd, 0xff, 0xff, 0xff, 0xf9, 0xff, 0x2b, 0x00, 0x00, 0x00, 0x00, 0x00, 0x00, 0x00, 0x00, 0x00,
    0x00, 0x00, 0x00, 0x00, 0x00, 0x00, 0x00, 0x00, 0x00, 0x00, 0x00, 0x00, 0x27, 0xff, 0xf7, 0xff,
    0xff, 0xff, 0xfd, 0xff, 0x8f, 0x69, 0x50, 0x25, 0x1a, 0x01, 0xe6, 0xff, 0xfd, 0xff, 0xff, 0xff,
    0xff, 0xff, 0xff, 0xff, 0xff, 0xff, 0xff, 0xff, 0xff, 0xff, 0xff, 0xff, 0xff, 0xff, 0xf7, 0xfd,
    0xff, 0xff, 0xff, 0xfb, 0xff, 0x8c, 0x00, 0x00, 0x00, 0x00, 0x00, 0x00, 0x00, 0x00, 0x00, 0x00,
    0x00, 0x00, 0x00, 0x00, 0x00, 0x00, 0x00, 0x00, 0x00, 0x00, 0x00, 0x00, 0x00, 0xaa, 0xff, 0xf9,
    0xff, 0xff, 0xff, 0xfd, 0xff, 0xff, 0xff, 0xff, 0xe6, 0x82, 0xd3, 0xff, 0xfd, 0xff, 0xff, 0xff,
    0xff, 0xff, 0xff, 0xff, 0xff, 0xfd, 0xff, 0xff, 0xff, 0xff, 0xff, 0xfd, 0xf9, 0xfd, 0xff, 0xff,
    0xff, 0xff, 0xfd, 0xf5, 0xf5, 0x2f, 0x00, 0x00, 0x00, 0x00, 0x00, 0x00, 0x00, 0x00, 0x00, 0x00,
    0x00, 0x00, 0x00, 0x00, 0x00, 0x00, 0x00, 0x00, 0x00, 0x00, 0x00, 0x00, 0x00, 0x05, 0xdc, 0xfd,
    0xfd, 0xff, 0xff, 0xff, 0xf9, 0xf7, 0xf7, 0xf9, 0xff, 0xff, 0xff, 0xff, 0xff, 0xff, 0xff, 0xff,
    0xff, 0xff, 0xff, 0xff, 0xff, 0xff, 0xff, 0xff, 0xff, 0xff, 0xff, 0xff, 0xff, 0xff, 0xff, 0xfb,
    0xf7, 0xf9, 0xfd, 0xff, 0xff, 0x20, 0x00, 0x00, 0x00, 0x00, 0x00, 0x00, 0x00, 0x00, 0x00, 0x00,
    0x00, 0x00, 0x00, 0x00, 0x00, 0x00, 0x00, 0x00, 0x00, 0x00, 0x00, 0x00, 0x00, 0x0b, 0xcf, 0xfb,
    0xfd, 0xff, 0xff, 0xff, 0xff, 0xff, 0xff, 0xff, 0xfd, 0xf9, 0xfd, 0xff, 0xff, 0xff, 0xff, 0xff,
    0xff, 0xff, 0xff, 0xff, 0xff, 0xff, 0xff, 0xff, 0xff, 0xff, 0xff, 0xff, 0xff, 0xfd, 0xf9, 0xff,
    0xff, 0xff, 0xff, 0xb0, 0x18, 0x00, 0x00, 0x00, 0x00, 0x00, 0x00, 0x00, 0x00, 0x00, 0x00, 0x00,
    0x00, 0x00, 0x00, 0x00, 0x00, 0x00, 0x00, 0x00, 0x00, 0x00, 0x00, 0x00, 0x0c, 0x7c, 0xff, 0xfb,
    0xff, 0xff, 0xff, 0xff, 0xff, 0xff, 0xff, 0xff, 0xff, 0xff, 0xff, 0xff, 0xff, 0xff, 0xff, 0xff,
    0xff, 0xff, 0xff, 0xff, 0xff, 0xff, 0xff, 0xff, 0xff, 0xff, 0xff, 0xff, 0xfd, 0xff, 0xff, 0xc8,
    0x56, 0x1b, 0x0b, 0x00, 0x00, 0x00, 0x00, 0x00, 0x00, 0x00, 0x00, 0x00, 0x00, 0x00, 0x00, 0x00,
    0x00, 0x00, 0x00, 0x00, 0x00, 0x00, 0x00, 0x00, 0x00, 0x00, 0x30, 0xab, 0xff, 0xff, 0xfd, 0xff,
    0xff, 0xff, 0xff, 0xff, 0xff, 0xff, 0xff, 0xff, 0xff, 0xfb, 0xfb, 0xff, 0xff, 0xff, 0xff, 0xff,
    0xff, 0xff, 0xff, 0xff, 0xff, 0xff, 0xff, 0xff, 0xff, 0xff, 0xff, 0xfd, 0xff, 0xe2, 0x30, 0x01,
    0x00, 0x00, 0x00, 0x00, 0x00, 0x00, 0x00, 0x00, 0x00, 0x00, 0x00, 0x00, 0x00, 0x00, 0x00, 0x00,
    0x00, 0x00, 0x00, 0x00, 0x00, 0x00, 0x00, 0x00, 0x19, 0xcc, 0xff, 0xff, 0xfd, 0xfb, 0xff, 0xff,
    0xff, 0xff, 0xff, 0xff, 0xff, 0xff, 0xff, 0xff, 0xff, 0xff, 0xff, 0xfd, 0xff, 0xff, 0xff, 0xff,
    0xff, 0xff, 0xff, 0xff, 0xff, 0xff, 0xff, 0xff, 0xff, 0xff, 0xfb, 0xfd, 0xc1, 0x05, 0x00, 0x00,
    0x00, 0x00, 0x00, 0x00, 0x00, 0x00, 0x00, 0x00, 0x00, 0x00, 0x00, 0x00, 0x00, 0x00, 0x00, 0x00,
    0x00, 0x00, 0x00, 0x00, 0x00, 0x00, 0x00, 0x03, 0x8b, 0x88, 0xe9, 0xfb, 0xfd, 0xff, 0xff, 0xff,
    0xff, 0xff, 0xff, 0xff, 0xff, 0xff, 0xff, 0xfd, 0xfb, 0x9b, 0xaf, 0xff, 0xfd, 0xff, 0xff, 0xff,
    0xff, 0xff, 0xff, 0xff, 0xff, 0xff, 0xff, 0xff, 0xff, 0xff, 0xfd, 0xff, 0xe4, 0x02, 0x00, 0x00,
    0x00, 0x00, 0x00, 0x00, 0x00, 0x00, 0x00, 0x00, 0x00, 0x00, 0x00, 0x00, 0x00, 0x00, 0x00, 0x00,
    0x00, 0x00, 0x00, 0x00, 0x00, 0x00, 0x00, 0x00, 0x00, 0x66, 0xf9, 0xfb, 0xff, 0xff, 0xff, 0xff,
    0xff, 0xff, 0xff, 0xff, 0xff, 0xff, 0xff, 0xfd, 0xfb, 0xad, 0x14, 0x2a, 0xff, 0xfb, 0xff, 0xff,
    0xff, 0xff, 0xff, 0xff, 0xff, 0xff, 0xff, 0xff, 0xff, 0xff, 0xff, 0xfb, 0xfb, 0x19, 0x00, 0x00,
    0x00, 0x00, 0x00, 0x00, 0x00, 0x00, 0x00, 0x00, 0x00, 0x00, 0x00, 0x00, 0x00, 0x00, 0x00, 0x00,
    0x00, 0x00, 0x00, 0x00, 0x00, 0x00, 0x00, 0x00, 0x86, 0xff, 0xfb, 0xff, 0xff, 0xff, 0xff, 0xff,
    0xff, 0xff, 0xff, 0xff, 0xff, 0xff, 0xff, 0xff, 0xfd, 0xff, 0xf5, 0xaa, 0xff, 0xfd, 0xff, 0xff,
    0xff, 0xff, 0xff, 0xff, 0xff, 0xff, 0xff, 0xff, 0xff, 0xff, 0xf7, 0xff, 0x74, 0x01, 0x00, 0x00,
    0x00, 0x00, 0x00, 0x00, 0x00, 0x00, 0x00, 0x00, 0x00, 0x00, 0x00, 0x00, 0x00, 0x00, 0x00, 0x00,
    0x00, 0x00, 0x00, 0x00, 0x00, 0x00, 0x00, 0x5b, 0xff, 0xf5, 0xff, 0xff, 0xff, 0xff, 0xff, 0xff,
    0xff, 0xff, 0xff, 0xff, 0xff, 0xff, 0xff, 0xff, 0xff, 0xfb, 0xff, 0xff, 0xff, 0xff, 0xff, 0xff,
    0xff, 0xff, 0xff, 0xff, 0xff, 0xff, 0xff, 0xff, 0xff, 0xff, 0xf7, 0xff, 0x4f, 0x00, 0x00, 0x00,
    0x00, 0x00, 0x00, 0x00, 0x00, 0x00, 0x00, 0x00, 0x00, 0x00, 0x00, 0x00, 0x00, 0x00, 0x00, 0x00,
    0x00, 0x00, 0x00, 0x00, 0x00, 0x00, 0x00, 0x8c, 0xf9, 0xfb, 0xff, 0xff, 0xff, 0xff, 0xff, 0xff,
    0xff, 0xfd, 0xfd, 0xff, 0xff, 0xff, 0xff, 0xff, 0xff, 0xff, 0xfd, 0xfb, 0xff, 0xff, 0xff, 0xff,
    0xff, 0xff, 0xff, 0xff, 0xff, 0xff, 0xff, 0xff, 0xff, 0xff, 0xf7, 0xff, 0x23, 0x00, 0x00, 0x00,
    0x00, 0x00, 0x00, 0x00, 0x00, 0x00, 0x00, 0x00, 0x00, 0x00, 0x00, 0x00, 0x00, 0x00, 0x00, 0x00,
    0x00, 0x00, 0x00, 0x00, 0x00, 0x00, 0x05, 0xda, 0xfd, 0xfd, 0xff, 0xff, 0xff, 0xff, 0xff, 0xfd,
    0xfb, 0xff, 0xff, 0xf9, 0xfb, 0xff, 0xff, 0xff, 0xff, 0xff, 0xff, 0xff, 0xff, 0xff, 0xff, 0xff,
    0xff, 0xff, 0xff, 0xff, 0xff, 0xff, 0xff, 0xff, 0xff, 0xff, 0xfd, 0xff, 0x0d, 0x00, 0x00, 0x00,
    0x00, 0x00, 0x00, 0x00, 0x00, 0x00, 0x00, 0x00, 0x00, 0x00, 0x00, 0x00, 0x00, 0x00, 0x00, 0x00,
    0x00, 0x00, 0x00, 0x00, 0x00, 0x00, 0x61, 0xff, 0xf7, 0xff, 0xff, 0xff, 0xff, 0xff, 0xff, 0xff,
    0xff, 0xd3, 0xeb, 0xff, 0xff, 0xff, 0xff, 0xff, 0xff, 0xff, 0xff, 0xff, 0xff, 0xff, 0xff, 0xff,
    0xff, 0xff, 0xff, 0xff, 0xff, 0xff, 0xff, 0xff, 0xff, 0xfd, 0xff, 0xe9, 0x02, 0x00, 0x00, 0x00,
    0x00, 0x00, 0x00, 0x00, 0x00, 0x00, 0x00, 0x00, 0x00, 0x00, 0x00, 0x00, 0x00, 0x00, 0x00, 0x00,
    0x00, 0x00, 0x00, 0x00, 0x00, 0x03, 0xeb, 0xfd, 0xfd, 0xff, 0xff, 0xff, 0xff, 0xfd, 0xfd, 0xe4,
    0x1a, 0x01, 0x04, 0x25, 0xad, 0xff, 0xfd, 0xff, 0xff, 0xff, 0xff, 0xff, 0xff, 0xff, 0xff, 0xff,
    0xff, 0xff, 0xff, 0xff, 0xff, 0xff, 0xff, 0xff, 0xff, 0xf7, 0xff, 0x68, 0x00, 0x00, 0x00, 0x00,
    0x00, 0x00, 0x00, 0x00, 0x00, 0x00, 0x00, 0x00, 0x00, 0x00, 0x00, 0x00, 0x00, 0x00, 0x00, 0x00,
    0x00, 0x00, 0x00, 0x00, 0x00, 0x27, 0xff, 0xf9, 0xff, 0xff, 0xff, 0xff, 0xff, 0xf7, 0xff, 0x38,
    0x00, 0x00, 0x00, 0x00, 0x00, 0xd9, 0xfd, 0xfd, 0xff, 0xff, 0xff, 0xff, 0xff, 0xff, 0xff, 0xff,
    0xff, 0xff, 0xff, 0xff, 0xff, 0xff, 0xff, 0xff, 0xff, 0xfb, 0xfd, 0x75, 0x1e, 0x01, 0x00, 0x00,
    0x00, 0x00, 0x00, 0x00, 0x00, 0x00, 0x00, 0x00, 0x00, 0x00, 0x00, 0x00, 0x00, 0x00, 0x00, 0x00,
    0x00, 0x00, 0x00, 0x00, 0x00, 0x66, 0xfd, 0xf7, 0xff, 0xff, 0xff, 0xff, 0xff, 0xfb, 0xff, 0x0f,
    0x00, 0x00, 0x00, 0x02, 0x7b, 0xfd, 0xfb, 0xff, 0xff, 0xff, 0xff, 0xff, 0xff, 0xff, 0xff, 0xff,
    0xff, 0xff, 0xff, 0xff, 0xff, 0xff, 0xff, 0xff, 0xff, 0xff, 0xff, 0xff, 0xff, 0xbc, 0x13, 0x00,
    0x00, 0x00, 0x00, 0x00, 0x00, 0x00, 0x00, 0x00, 0x00, 0x00, 0x00, 0x00, 0x00, 0x00, 0x00, 0x00,
    0x00, 0x00, 0x00, 0x00, 0x00, 0x8c, 0xff, 0xf9, 0xff, 0xff, 0xff, 0xff, 0xff, 0xfb, 0xff, 0x1b,
    0x00, 0x00, 0x00, 0x05, 0x88, 0xe9, 0xfd, 0xfd, 0xff, 0xff, 0xff, 0xff, 0xff, 0xff, 0xff, 0xff,
    0xff, 0xff, 0xff, 0xff, 0xff, 0xff, 0xff, 0xff, 0xff, 0xff, 0xff, 0xfb, 0xf7, 0xff, 0xf9, 0x12,
    0x00, 0x00, 0x00, 0x00, 0x00, 0x00, 0x00, 0x00, 0x00, 0x00, 0x00, 0x00, 0x00, 0x00, 0x00, 0x00,
    0x00, 0x00, 0x00, 0x00, 0x00, 0x8c, 0xc7, 0xfd, 0xfd, 0xff, 0xff, 0xff, 0xf9, 0xff, 0x7f, 0x05,
    0x00, 0x00, 0x00, 0x00, 0x10, 0xe9, 0xfd, 0xfd, 0xff, 0xff, 0xff, 0xff, 0xff, 0xff, 0xff, 0xff,
    0xff, 0xff, 0xff, 0xff, 0xff, 0xff, 0xff, 0xff, 0xff, 0xff, 0xff, 0xff, 0xff, 0xf7, 0xff, 0xba,
    0x00, 0x00, 0x00, 0x00, 0x00, 0x00, 0x00, 0x00, 0x00, 0x00, 0x00, 0x00, 0x00, 0x00, 0x00, 0x00,
    0x00, 0x00, 0x00, 0x00, 0x00, 0x1e, 0x56, 0xff, 0xf7, 0xff, 0xff, 0xff, 0xf9, 0xff, 0x9a, 0x00,
    0x00, 0x26, 0x43, 0x57, 0xff, 0xff, 0xff, 0xff, 0xff, 0xff, 0xff, 0xff, 0xff, 0xff, 0xff, 0xff,
    0xff, 0xff, 0xff, 0xff, 0xff, 0xff, 0xff, 0xff, 0xff, 0xff, 0xff, 0xff, 0xff, 0xff, 0xfd, 0xff,
    0x09, 0x00, 0x00, 0x00, 0x00, 0x00, 0x00, 0x00, 0x00, 0x00, 0x00, 0x00, 0x00, 0x00, 0x00, 0x00,
    0x00, 0x00, 0x00, 0x00, 0x00, 0x00, 0x2b, 0xfd, 0xf7, 0xff, 0xff, 0xff, 0xfd, 0xff, 0xf1, 0x05,
    0x00, 0x78, 0xff, 0xff, 0xff, 0xff, 0xff, 0xff, 0xff, 0xff, 0xff, 0xff, 0xff, 0xff, 0xff, 0xff,
    0xff, 0xfd, 0xf9, 0xf7, 0xf9, 0xff, 0xff, 0xfd, 0xff, 0xff, 0xff, 0xff, 0xff, 0xfd, 0xfb, 0xe9,
    0x07, 0x00, 0x00, 0x00, 0x00, 0x00, 0x00, 0x00, 0x00, 0x00, 0x00, 0x00, 0x00, 0x00, 0x00, 0x00,
    0x00, 0x00, 0x00, 0x00, 0x00, 0x00, 0x0f, 0xff, 0xfb, 0xff, 0xff, 0xff, 0xff, 0xf9, 0xf9, 0x23,
    0x02, 0xef, 0xf7, 0xf9, 0xff, 0xff, 0xff, 0xff, 0xff, 0xff, 0xff, 0xfd, 0xfd, 0xfd, 0xfb, 0xf9,
    0xf7, 0xff, 0xff, 0xff, 0xff, 0xfd, 0xfb, 0xff, 0xff, 0xff, 0xff, 0xff, 0xff, 0xf5, 0xff, 0x42,
    0x00, 0x00, 0x00, 0x00, 0x00, 0x00, 0x00, 0x00, 0x00, 0x00, 0x00, 0x00, 0x00, 0x00, 0x00, 0x00,
    0x00, 0x00, 0x00, 0x00, 0x00, 0x00, 0x00, 0xd1, 0xff, 0xfb, 0xff, 0xff, 0xff, 0xfd, 0xff, 0xef,
    0xb2, 0xff, 0xfd, 0xff, 0xfd, 0xfb, 0xff, 0xff, 0xfd, 0xf9, 0xfb, 0xff, 0xff, 0xff, 0xff, 0xff,
    0xff, 0xf9, 0x8c, 0x4a, 0x68, 0xff, 0xff, 0xe9, 0xfd, 0xff, 0xff, 0xff, 0xf9, 0xff, 0xcc, 0x01,
    0x00, 0x00, 0x00, 0x00, 0x00, 0x00, 0x00, 0x00, 0x00, 0x00, 0x00, 0x00, 0x00, 0x00, 0x00, 0x00,
    0x00, 0x00, 0x00, 0x00, 0x00, 0x00, 0x00, 0x57, 0xff, 0xf3, 0xff, 0xff, 0xff, 0xff, 0xff, 0xff,
    0xff, 0xff, 0xff, 0xff, 0xff, 0xff, 0xff, 0xff, 0xff, 0xff, 0xff, 0xef, 0xf1, 0xd1, 0xa6, 0x75,
    0x38, 0x08, 0x00, 0x00, 0x00, 0x0d, 0x0c, 0x46, 0xfd, 0xf9, 0xff, 0xfd, 0xff, 0xf1, 0x0e, 0x00,
    0x00, 0x00, 0x00, 0x00, 0x00, 0x00, 0x00, 0x00, 0x00, 0x00, 0x00, 0x00, 0x00, 0x00, 0x00, 0x00,
    0x00, 0x00, 0x00, 0x00, 0x00, 0x00, 0x00, 0x08, 0xfb, 0xff, 0xfd, 0xff, 0xff, 0xff, 0xff, 0xfd,
    0xfb, 0xff, 0xfd, 0xff, 0xce, 0xaf, 0xed, 0xeb, 0xca, 0x74, 0x1a, 0x04, 0x03, 0x09, 0x0b, 0x05,
    0x00, 0x00, 0x00, 0x00, 0x00, 0x00, 0x02, 0xe0, 0xfd, 0xfd, 0xfb, 0xfd, 0xb7, 0x0e, 0x00, 0x00,
    0x00, 0x00, 0x00, 0x00, 0x00, 0x00, 0x00, 0x00, 0x00, 0x00, 0x00, 0x00, 0x00, 0x00, 0x00, 0x00,
    0x00, 0x00, 0x00, 0x00, 0x00, 0x00, 0x00, 0x00, 0x5f, 0xb5, 0xf9, 0xf9, 0xff, 0xff, 0xff, 0xff,
    0xff, 0xff, 0xfd, 0xff, 0xc8, 0xa2, 0xbe, 0x95, 0x5f, 0x59, 0x92, 0x83, 0x9a, 0xe6, 0xff, 0xff,
    0x74, 0x14, 0x02, 0x00, 0x00, 0x00, 0x5e, 0xff, 0xf3, 0xff, 0xf9, 0xff, 0x6f, 0x00, 0x00, 0x00,
    0x00, 0x00, 0x00, 0x00, 0x00, 0x00, 0x00, 0x00, 0x00, 0x00, 0x00, 0x00, 0x00, 0x00, 0x00, 0x00,
    0x00, 0x00, 0x00, 0x00, 0x00, 0x00, 0x00, 0x00, 0x01, 0x02, 0x62, 0xff, 0xf5, 0xfd, 0xff, 0xff,
    0xff, 0xff, 0xff, 0xff, 0xff, 0xff, 0xff, 0xff, 0xff, 0xff, 0xff, 0xff, 0xff, 0xff, 0xfd, 0xf9,
    0xff, 0xff, 0xce, 0x55, 0x03, 0x00, 0x50, 0xff, 0xff, 0xf9, 0xff, 0xfd, 0xff, 0xb2, 0x1e, 0x00,
    0x01, 0x17, 0x21, 0x03, 0x00, 0x00, 0x00, 0x00, 0x00, 0x00, 0x00, 0x00, 0x00, 0x00, 0x00, 0x00,
    0x00, 0x00, 0x00, 0x00, 0x00, 0x00, 0x00, 0x00, 0x00, 0x00, 0x00, 0x61, 0xff, 0xff, 0xff, 0xff,
    0xff, 0xff, 0xff, 0xff, 0xfd, 0xfb, 0xfd, 0xfd, 0xf9, 0xf7, 0xfb, 0xfb, 0xfb, 0xf9, 0xff, 0xff,
    0xff, 0xff, 0xff, 0xff, 0xd1, 0x10, 0x00, 0x27, 0xbe, 0xff, 0xf9, 0xff, 0xfb, 0xff, 0xff, 0xc5,
    0xc7, 0xff, 0xff, 0xde, 0x74, 0x02, 0x00, 0x00, 0x00, 0x00, 0x00, 0x00, 0x00, 0x00, 0x00, 0x00,
    0x00, 0x00, 0x00, 0x00, 0x00, 0x00, 0x00, 0x00, 0x00, 0x00, 0x00, 0x00, 0x2a, 0xde, 0xfb, 0xfd,
    0xff, 0xff, 0xff, 0xff, 0xff, 0xff, 0xff, 0xfd, 0xf7, 0xf9, 0xf9, 0xf7, 0xf7, 0xff, 0xeb, 0x9a,
    0x69, 0x61, 0x7b, 0xbe, 0xff, 0xff, 0x07, 0x00, 0x01, 0x69, 0xff, 0xf9, 0xf7, 0xf5, 0xf3, 0xff,
    0xff, 0xf9, 0xf5, 0xfb, 0xff, 0x9b, 0x00, 0x00, 0x00, 0x00, 0x00, 0x00, 0x00, 0x00, 0x00, 0x00,
    0x00, 0x00, 0x00, 0x00, 0x00, 0x00, 0x00, 0x00, 0x00, 0x00, 0x00, 0x00, 0x00, 0x62, 0xf9, 0xf5,
    0xfb, 0xf9, 0xfb, 0xfd, 0xf9, 0xf9, 0xf9, 0xff, 0xff, 0xff, 0xff, 0xff, 0xff, 0xa5, 0x05, 0x00,
    0x00, 0x00, 0x00, 0x00, 0x12, 0x7e, 0x98, 0x00, 0x00, 0x00, 0x3a, 0xff, 0xff, 0xff, 0xff, 0xff,
    0xff, 0xfb, 0xff, 0xff, 0xad, 0x56, 0x01, 0x00, 0x00, 0x00, 0x00, 0x00, 0x00, 0x00, 0x00, 0x00,
    0x00, 0x00, 0x00, 0x00, 0x00, 0x00, 0x00, 0x00, 0x00, 0x00, 0x00, 0x00, 0x00, 0x38, 0xff, 0xfb,
    0xff, 0xff, 0xff, 0xff, 0xff, 0xff, 0xff, 0xe6, 0x67, 0x7f, 0x89, 0x67, 0x26, 0x00, 0x00, 0x00,
    0x00, 0x00, 0x00, 0x00, 0x00, 0x00, 0x0e, 0x01, 0x00, 0x00, 0x00, 0x14, 0x67, 0x73, 0x6d, 0x9d,
    0xd1, 0xff, 0x15, 0x27, 0x21, 0x00, 0x00, 0x00, 0x00, 0x00, 0x00, 0x00, 0x00, 0x00, 0x00, 0x00,
    0x00, 0x00, 0x00, 0x00, 0x00, 0x00, 0x00, 0x00, 0x00, 0x00, 0x00, 0x00, 0x00, 0x00, 0x55, 0xf5,
    0x67, 0x1e, 0x89, 0xb7, 0x19, 0x1b, 0x3c, 0x6d, 0x00, 0x00, 0x00, 0x00, 0x00, 0x00, 0x00, 0x00,
    0x00, 0x00, 0x00, 0x00, 0x00, 0x00, 0x00, 0x00, 0x00, 0x00, 0x00, 0x00, 0x00, 0x00, 0x00, 0x00,
    0x02, 0x19, 0x00, 0x00, 0x00, 0x00, 0x00, 0x00, 0x00, 0x00, 0x00, 0x00, 0x00, 0x00, 0x00, 0x00,
    0x00, 0x00, 0x00, 0x00, 0x00, 0x00, 0x00, 0x00, 0x00, 0x00, 0x00, 0x00, 0x00, 0x00, 0x00, 0x08,
    0x00, 0x00, 0x00, 0x03, 0x00, 0x00, 0x00, 0x00, 0x00, 0x00, 0x00, 0x00, 0x00, 0x00, 0x00, 0x00,
    0x00, 0x00, 0x00, 0x00, 0x00, 0x00, 0x00, 0x00, 0x00, 0x00, 0x00, 0x00, 0x00, 0x00, 0x00, 0x00,
    0x00, 0x00, 0x00, 0x00, 0x00, 0x00, 0x00, 0x00, 0x00, 0x00, 0x00, 0x00, 0x00, 0x00, 0x00, 0x00,
    0x00, 0x00, 0x00, 0x00, 0x00, 0x00, 0x00, 0x00, 0x00, 0x00, 0x00, 0x00, 0x00, 0x00, 0x00, 0x00,
    0x00, 0x00, 0x00, 0x00, 0x00, 0x00, 0x00, 0x00, 0x00, 0x00, 0x00, 0x00, 0x00, 0x00, 0x00, 0x00,
    0x00, 0x00, 0x00, 0x00, 0x00, 0x00, 0x00, 0x00, 0x00, 0x00, 0x00, 0x00, 0x00, 0x00, 0x00, 0x00,
    0x00, 0x00, 0x00, 0x00, 0x00, 0x00, 0x00, 0x00, 0x00, 0x00, 0x00, 0x00, 0x00, 0x00, 0x00, 0x00,
    0x00, 0x00, 0x00, 0x00, 0x00, 0x00, 0x00, 0x00, 0x00, 0x00, 0x00, 0x00, 0x00, 0x00, 0x00, 0x00,
    0x00, 0x00, 0x00, 0x00, 0x00, 0x00, 0x00, 0x00, 0x00, 0x00, 0x00, 0x00, 0x00, 0x00, 0x00, 0x00,
    0x00, 0x00, 0x00, 0x00, 0x00, 0x00, 0x00, 0x00, 0x00, 0x00, 0x00, 0x00, 0x00, 0x00, 0x00, 0x00,
    0x00, 0x00, 0x00, 0x00, 0x00, 0x00, 0x00, 0x00, 0x00, 0x00, 0x00, 0x00, 0x00, 0x00, 0x00, 0x00,
};

const lv_image_dsc_t angry_frame_2_dsc = {
    .header.w = 64,
    .header.h = 64,
    .header.cf = LV_COLOR_FORMAT_RGB565A8,
    .data_size = 12288,
    .data = angry_frame_2_data,
};

/* Frame 3: frame_003.png */
static const uint8_t angry_frame_3_data[] = {
    0x00, 0x00, 0x00, 0x00, 0x00, 0x00, 0x00, 0x00, 0x00, 0x00, 0x00, 0x00, 0x00, 0x00, 0x00, 0x00,
    0x00, 0x00, 0x00, 0x00, 0x00, 0x00, 0x00, 0x00, 0xa1, 0x00, 0xa1, 0x00, 0x00, 0x00, 0x00, 0x00,
    0x00, 0x00, 0x00, 0x00, 0x00, 0x00, 0x00, 0x00, 0x00, 0x00, 0x00, 0x00, 0x00, 0x00, 0x00, 0x00,
    0x00, 0x00, 0x00, 0x00, 0x00, 0x00, 0x00, 0x00, 0x00, 0x00, 0x81, 0x00, 0x86, 0x00, 0x00, 0x00,
    0x00, 0x00, 0x00, 0x00, 0x00, 0x00, 0x00, 0x00, 0x00, 0x00, 0x00, 0x00, 0x00, 0x00, 0x00, 0x00,
    0x00, 0x00, 0x00, 0x00, 0x00, 0x00, 0x00, 0x00, 0x00, 0x00, 0x00, 0x00, 0x00, 0x00, 0x00, 0x00,
    0x00, 0x00, 0x00, 0x00, 0x00, 0x00, 0x00, 0x00, 0x00, 0x00, 0x00, 0x00, 0x00, 0x00, 0x00, 0x00,
    0x00, 0x00, 0x00, 0x00, 0x00, 0x00, 0x00, 0x00, 0x00, 0x00, 0x00, 0x00, 0x00, 0x00, 0x00, 0x00,
    0x00, 0x00, 0x00, 0x00, 0x00, 0x00, 0x00, 0x00, 0x00, 0x00, 0x00, 0x00, 0x00, 0x00, 0x00, 0x00,
    0x00, 0x00, 0x00, 0x00, 0x00, 0x00, 0x00, 0x00, 0x84, 0x00, 0xa4, 0x00, 0x00, 0x00, 0x00, 0x00,
    0x00, 0x00, 0x00, 0x00, 0x00, 0x00, 0x40, 0x00, 0xa1, 0x00, 0x00, 0x00, 0x00, 0x00, 0x00, 0x00,
    0x20, 0x00, 0x81, 0x00, 0x00, 0x00, 0x00, 0x00, 0x00, 0x00, 0x02, 0x00, 0x28, 0x00, 0x40, 0x00,
    0x00, 0x00, 0x40, 0x00, 0x40, 0x00, 0x00, 0x00, 0x00, 0x00, 0x00, 0x00, 0x00, 0x00, 0x00, 0x00,
    0x00, 0x00, 0x00, 0x00, 0x00, 0x00, 0x00, 0x00, 0x00, 0x00, 0x00, 0x00, 0x00, 0x00, 0x00, 0x00,
    0x00, 0x00, 0x00, 0x00, 0x00, 0x00, 0x00, 0x00, 0x00, 0x00, 0x00, 0x00, 0x00, 0x00, 0x00, 0x00,
    0x00, 0x00, 0x00, 0x00, 0x00, 0x00, 0x00, 0x00, 0x00, 0x00, 0x00, 0x00, 0x00, 0x00, 0x00, 0x00,
    0x00, 0x00, 0x00, 0x00, 0x00, 0x00, 0x00, 0x00, 0x00, 0x00, 0x00, 0x00, 0x00, 0x00, 0x00, 0x00,
    0x00, 0x00, 0x00, 0x00, 0x00, 0x00, 0x00, 0x00, 0x43, 0x00, 0x89, 0x00, 0x20, 0x00, 0x00, 0x00,
    0x00, 0x00, 0x20, 0x00, 0x00, 0x00, 0xc4, 0x00, 0x87, 0x00, 0x00, 0x00, 0x20, 0x00, 0x00, 0x00,
    0x81, 0x00, 0x84, 0x00, 0x00, 0x00, 0x00, 0x00, 0x00, 0x00, 0xc2, 0x00, 0x48, 0x00, 0x66, 0x00,
    0x00, 0x00, 0xc4, 0x00, 0x63, 0x00, 0x00, 0x00, 0x00, 0x00, 0x00, 0x00, 0x00, 0x00, 0x00, 0x00,
    0x00, 0x00, 0x00, 0x00, 0x00, 0x00, 0x00, 0x00, 0x00, 0x00, 0x00, 0x00, 0x00, 0x00, 0x00, 0x00,
    0x00, 0x00, 0x00, 0x00, 0x00, 0x00, 0x00, 0x00, 0x00, 0x00, 0x00, 0x00, 0x00, 0x00, 0x00, 0x00,
    0x00, 0x00, 0x00, 0x00, 0x00, 0x00, 0x00, 0x00, 0x00, 0x00, 0x00, 0x00, 0x00, 0x00, 0x00, 0x00,
    0x00, 0x00, 0x00, 0x00, 0x00, 0x00, 0x00, 0x00, 0x00, 0x00, 0x00, 0x00, 0x00, 0x00, 0x00, 0x00,
    0x00, 0x00, 0x00, 0x00, 0x00, 0x00, 0x00, 0x00, 0x40, 0x00, 0x48, 0x00, 0x89, 0x00, 0xe2, 0x00,
    0x00, 0x00, 0x00, 0x00, 0x00, 0x00, 0xa4, 0x00, 0x6b, 0x00, 0xa1, 0x00, 0x00, 0x00, 0x40, 0x00,
    0x00, 0x00, 0x46, 0x00, 0xc2, 0x00, 0x00, 0x00, 0x00, 0x00, 0x40, 0x00, 0x05, 0x00, 0xa9, 0x00,
    0x66, 0x00, 0xc4, 0x00, 0x68, 0x00, 0x61, 0x00, 0x00, 0x00, 0x00, 0x00, 0x81, 0x00, 0x40, 0x00,
    0x00, 0x00, 0x00, 0x00, 0x00, 0x00, 0x00, 0x00, 0x00, 0x00, 0x00, 0x00, 0x00, 0x00, 0x00, 0x00,
    0x00, 0x00, 0x00, 0x00, 0x00, 0x00, 0x00, 0x00, 0x00, 0x00, 0x00, 0x00, 0x00, 0x00, 0x00, 0x00,
    0x00, 0x00, 0x00, 0x00, 0x00, 0x00, 0x00, 0x00, 0x00, 0x00, 0x00, 0x00, 0x00, 0x00, 0x00, 0x00,
    0x00, 0x00, 0x00, 0x00, 0x00, 0x00, 0x00, 0x00, 0x00, 0x00, 0x00, 0x00, 0x00, 0x00, 0x00, 0x00,
    0x00, 0x00, 0x00, 0x00, 0x00, 0x00, 0x00, 0x00, 0x00, 0x00, 0x43, 0x00, 0xca, 0x00, 0x4b, 0x00,
    0x08, 0x00, 0xc4, 0x00, 0xc2, 0x00, 0xe2, 0x00, 0xa9, 0x00, 0x4b, 0x00, 0x43, 0x00, 0x43, 0x00,
    0x61, 0x00, 0xc2, 0x00, 0x66, 0x00, 0x43, 0x00, 0x20, 0x00, 0x20, 0x00, 0x05, 0x00, 0xe7, 0x00,
    0x89, 0x00, 0x48, 0x00, 0x27, 0x00, 0x68, 0x00, 0xe2, 0x00, 0x00, 0x00, 0xe7, 0x00, 0xe2, 0x00,
    0x00, 0x00, 0x00, 0x00, 0x00, 0x00, 0x00, 0x00, 0x00, 0x00, 0x00, 0x00, 0x00, 0x00, 0x00, 0x00,
    0x00, 0x00, 0x00, 0x00, 0x00, 0x00, 0x00, 0x00, 0x00, 0x00, 0x00, 0x00, 0x00, 0x00, 0x00, 0x00,
    0x00, 0x00, 0x00, 0x00, 0x00, 0x00, 0x00, 0x00, 0x00, 0x00, 0x00, 0x00, 0x00, 0x00, 0x00, 0x00,
    0x00, 0x00, 0x00, 0x00, 0x00, 0x00, 0x00, 0x00, 0x00, 0x00, 0x00, 0x00, 0x00, 0x00, 0x00, 0x00,
    0x00, 0x00, 0x00, 0x00, 0x00, 0x00, 0x00, 0x00, 0x00, 0x00, 0x00, 0x00, 0x84, 0x00, 0xe8, 0x00,
    0xca, 0x00, 0xea, 0x00, 0xea, 0x00, 0xe7, 0x00, 0x05, 0x00, 0xa9, 0x00, 0x6c, 0x00, 0x69, 0x00,
    0xe7, 0x00, 0x43, 0x00, 0x43, 0x00, 0x05, 0x00, 0x05, 0x00, 0x43, 0x00, 0x83, 0x00, 0x28, 0x00,
    0xc9, 0x00, 0x89, 0x00, 0xc7, 0x00, 0xe7, 0x00, 0x89, 0x00, 0x05, 0x00, 0x68, 0x00, 0xc2, 0x00,
    0x00, 0x00, 0x00, 0x00, 0x00, 0x00, 0x00, 0x00, 0x00, 0x00, 0x00, 0x00, 0x00, 0x00, 0x00, 0x00,
    0x00, 0x00, 0x00, 0x00, 0x00, 0x00, 0x00, 0x00, 0x00, 0x00, 0x00, 0x00, 0x00, 0x00, 0x00, 0x00,
    0x00, 0x00, 0x00, 0x00, 0x00, 0x00, 0x00, 0x00, 0x00, 0x00, 0x00, 0x00, 0x00, 0x00, 0x00, 0x00,
    0x00, 0x00, 0x00, 0x00, 0x00, 0x00, 0x00, 0x00, 0x00, 0x00, 0x00, 0x00, 0x00, 0x00, 0x00, 0x00,
    0x00, 0x00, 0x00, 0x00, 0x00, 0x00, 0x00, 0x00, 0x00, 0x00, 0x00, 0x00, 0x00, 0x00, 0x23, 0x00,
    0xe5, 0x00, 0x25, 0x00, 0xa6, 0x00, 0xa7, 0x00, 0x25, 0x00, 0xc4, 0x00, 0x07, 0x00, 0xa9, 0x00,
    0x48, 0x00, 0xa9, 0x00, 0xc7, 0x00, 0x84, 0x00, 0x63, 0x00, 0xc4, 0x00, 0xe5, 0x00, 0x05, 0x00,
    0x08, 0x00, 0xcc, 0x00, 0x89, 0x00, 0xe4, 0x00, 0x66, 0x00, 0x25, 0x00, 0xe7, 0x00, 0x81, 0x00,
    0x00, 0x00, 0x00, 0x00, 0x00, 0x00, 0x00, 0x00, 0x00, 0x00, 0x00, 0x00, 0x00, 0x00, 0x00, 0x00,
    0x00, 0x00, 0x00, 0x00, 0x00, 0x00, 0x00, 0x00, 0x00, 0x00, 0x00, 0x00, 0x00, 0x00, 0x00, 0x00,
    0x00, 0x00, 0x00, 0x00, 0x00, 0x00, 0x00, 0x00, 0x00, 0x00, 0x00, 0x00, 0x00, 0x00, 0x00, 0x00,
    0x00, 0x00, 0x00, 0x00, 0x00, 0x00, 0x00, 0x00, 0x00, 0x00, 0x00, 0x00, 0x00, 0x00, 0x00, 0x00,
    0x00, 0x00, 0x00, 0x00, 0x00, 0x00, 0xe2, 0x00, 0xe2, 0x00, 0x23, 0x00, 0xe5, 0x00, 0x25, 0x00,
    0xc4, 0x00, 0x43, 0x00, 0xe2, 0x00, 0xe2, 0x00, 0x43, 0x00, 0x63, 0x00, 0x63, 0x00, 0x26, 0x00,
    0xa7, 0x00, 0x48, 0x00, 0xca, 0x00, 0x28, 0x00, 0x28, 0x00, 0xa6, 0x00, 0x43, 0x00, 0xc4, 0x00,
    0x25, 0x00, 0xc7, 0x00, 0x6b, 0x00, 0xa6, 0x00, 0xe4, 0x00, 0x25, 0x00, 0x66, 0x00, 0xa1, 0x00,
    0xa1, 0x00, 0xe2, 0x00, 0x00, 0x00, 0x00, 0x00, 0x00, 0x00, 0x00, 0x00, 0x00, 0x00, 0x00, 0x00,
    0x00, 0x00, 0x00, 0x00, 0x00, 0x00, 0x00, 0x00, 0x00, 0x00, 0x00, 0x00, 0x00, 0x00, 0x00, 0x00,
    0x00, 0x00, 0x00, 0x00, 0x00, 0x00, 0x00, 0x00, 0x00, 0x00, 0x00, 0x00, 0x00, 0x00, 0x00, 0x00,
    0x00, 0x00, 0x00, 0x00, 0x00, 0x00, 0x00, 0x00, 0x00, 0x00, 0x00, 0x00, 0x00, 0x00, 0x00, 0x00,
    0x00, 0x00, 0x00, 0x00, 0x00, 0x00, 0xc2, 0x00, 0x46, 0x00, 0xa7, 0x00, 0x66, 0x00, 0xc4, 0x00,
    0xe2, 0x00, 0x20, 0x00, 0x00, 0x00, 0x00, 0x00, 0x00, 0x00, 0x20, 0x00, 0x61, 0x00, 0x61, 0x00,
    0xc2, 0x00, 0x63, 0x00, 0x05, 0x00, 0x26, 0x00, 0x08, 0x00, 0x0d, 0x00, 0xac, 0x00, 0x66, 0x00,
    0x86, 0x00, 0x86, 0x00, 0x45, 0x00, 0x27, 0x00, 0x63, 0x00, 0x0a, 0x00, 0xc9, 0x00, 0x63, 0x00,
    0xe4, 0x00, 0x86, 0x00, 0x00, 0x00, 0x00, 0x00, 0x00, 0x00, 0x00, 0x00, 0x00, 0x00, 0x00, 0x00,
    0x00, 0x00, 0x00, 0x00, 0x00, 0x00, 0x00, 0x00, 0x00, 0x00, 0x00, 0x00, 0x00, 0x00, 0x00, 0x00,
    0x00, 0x00, 0x00, 0x00, 0x00, 0x00, 0x00, 0x00, 0x00, 0x00, 0x00, 0x00, 0x00, 0x00, 0x00, 0x00,
    0x00, 0x00, 0x00, 0x00, 0x00, 0x00, 0x00, 0x00, 0x00, 0x00, 0x00, 0x00, 0x00, 0x00, 0x00, 0x00,
    0x00, 0x00, 0x00, 0x00, 0x00, 0x00, 0x00, 0x00, 0x00, 0x00, 0x81, 0x00, 0x81, 0x00, 0x20, 0x00,
    0x00, 0x00, 0x00, 0x00, 0x00, 0x00, 0x00, 0x00, 0x00, 0x00, 0x00, 0x00, 0x00, 0x00, 0x40, 0x00,
    0xc2, 0x00, 0x23, 0x00, 0x02, 0x00, 0x22, 0x00, 0xc2, 0x00, 0xc4, 0x00, 0x6b, 0x00, 0x2d, 0x00,
    0xe9, 0x00, 0xea, 0x00, 0x48, 0x00, 0x07, 0x00, 0xc4, 0x00, 0x07, 0x00, 0x0f, 0x00, 0x68, 0x00,
    0xc4, 0x00, 0xc6, 0x00, 0x00, 0x00, 0x00, 0x00, 0x00, 0x00, 0x00, 0x00, 0x00, 0x00, 0x00, 0x00,
    0x00, 0x00, 0x00, 0x00, 0x00, 0x00, 0x00, 0x00, 0x00, 0x00, 0x00, 0x00, 0x00, 0x00, 0x00, 0x00,
    0x00, 0x00, 0x00, 0x00, 0x00, 0x00, 0x00, 0x00, 0x00, 0x00, 0x00, 0x00, 0x00, 0x00, 0x00, 0x00,
    0x00, 0x00, 0x00, 0x00, 0x00, 0x00, 0x00, 0x00, 0x00, 0x00, 0x00, 0x00, 0x00, 0x00, 0x00, 0x00,
    0x00, 0x00, 0x00, 0x00, 0x00, 0x00, 0x00, 0x00, 0x00, 0x00, 0x00, 0x00, 0x00, 0x00, 0x00, 0x00,
    0x40, 0x00, 0x00, 0x00, 0x00, 0x00, 0x00, 0x00, 0x00, 0x00, 0x00, 0x00, 0x40, 0x00, 0x43, 0x00,
    0xc5, 0x00, 0x26, 0x00, 0xc7, 0x00, 0x46, 0x00, 0x05, 0x00, 0x48, 0x00, 0x48, 0x00, 0xc9, 0x00,
    0x4d, 0x00, 0x0f, 0x00, 0xef, 0x00, 0x6e, 0x00, 0x0a, 0x00, 0xe7, 0x00, 0xec, 0x00, 0xcb, 0x00,
    0xea, 0x00, 0x28, 0x00, 0x02, 0x00, 0x00, 0x00, 0x00, 0x00, 0x00, 0x00, 0x00, 0x00, 0x00, 0x00,
    0x00, 0x00, 0x00, 0x00, 0x00, 0x00, 0x00, 0x00, 0x00, 0x00, 0x00, 0x00, 0x00, 0x00, 0x00, 0x00,
    0x00, 0x00, 0x00, 0x00, 0x00, 0x00, 0x00, 0x00, 0x00, 0x00, 0x00, 0x00, 0x00, 0x00, 0x00, 0x00,
    0x00, 0x00, 0x00, 0x00, 0x00, 0x00, 0x00, 0x00, 0x00, 0x00, 0x00, 0x00, 0x00, 0x00, 0x00, 0x00,
    0x00, 0x00, 0x00, 0x00, 0x00, 0x00, 0x00, 0x00, 0x00, 0x00, 0x00, 0x00, 0x00, 0x00, 0x00, 0x00,
    0xe2, 0x00, 0xe7, 0x00, 0xa4, 0x00, 0xc2, 0x00, 0x61, 0x00, 0x40, 0x00, 0x61, 0x00, 0x02, 0x00,
    0xa4, 0x00, 0x83, 0x00, 0x84, 0x00, 0x46, 0x00, 0xc7, 0x00, 0x28, 0x00, 0xca, 0x00, 0x0a, 0x00,
    0xea, 0x00, 0x0a, 0x00, 0x0a, 0x00, 0x4a, 0x00, 0x2d, 0x00, 0xec, 0x00, 0xec, 0x00, 0xec, 0x00,
    0xae, 0x00, 0x71, 0x00, 0xcf, 0x00, 0xc1, 0x00, 0x00, 0x00, 0x00, 0x00, 0x00, 0x00, 0x00, 0x00,
    0x00, 0x00, 0x00, 0x00, 0x00, 0x00, 0x00, 0x00, 0x00, 0x00, 0x00, 0x00, 0x00, 0x00, 0x00, 0x00,
    0x00, 0x00, 0x00, 0x00, 0x00, 0x00, 0x00, 0x00, 0x00, 0x00, 0x00, 0x00, 0x00, 0x00, 0x00, 0x00,
    0x00, 0x00, 0x00, 0x00, 0x00, 0x00, 0x00, 0x00, 0x00, 0x00, 0x00, 0x00, 0x00, 0x00, 0x00, 0x00,
    0x00, 0x00, 0x00, 0x00, 0x00, 0x00, 0x00, 0x00, 0x00, 0x00, 0x00, 0x00, 0x00, 0x00, 0x00, 0x00,
    0x00, 0x00, 0xc4, 0x00, 0x4b, 0x00, 0x6b, 0x00, 0x2a, 0x00, 0xa9, 0x00, 0x2b, 0x00, 0x8c, 0x00,
    0x4b, 0x00, 0xc9, 0x00, 0x07, 0x00, 0x28, 0x00, 0xc7, 0x00, 0xa6, 0x00, 0x68, 0x00, 0xa9, 0x00,
    0x4b, 0x00, 0xef, 0x00, 0x8e, 0x00, 0x8b, 0x00, 0xe9, 0x00, 0xec, 0x00, 0x6b, 0x00, 0x6d, 0x00,
    0x4d, 0x00, 0xcf, 0x00, 0xef, 0x00, 0x0a, 0x00, 0x4b, 0x00, 0x4d, 0x00, 0xa9, 0x00, 0x40, 0x00,
    0x00, 0x00, 0x00, 0x00, 0x00, 0x00, 0x00, 0x00, 0x00, 0x00, 0x00, 0x00, 0x00, 0x00, 0x00, 0x00,
    0x00, 0x00, 0x00, 0x00, 0x00, 0x00, 0x00, 0x00, 0x00, 0x00, 0x00, 0x00, 0x00, 0x00, 0x00, 0x00,
    0x00, 0x00, 0x00, 0x00, 0x00, 0x00, 0x00, 0x00, 0x00, 0x00, 0x00, 0x00, 0x00, 0x00, 0x00, 0x00,
    0x00, 0x00, 0x00, 0x00, 0x00, 0x00, 0x00, 0x00, 0x00, 0x00, 0x00, 0x00, 0x00, 0x00, 0x00, 0x00,
    0x00, 0x00, 0x00, 0x00, 0x02, 0x00, 0x08, 0x00, 0xca, 0x00, 0x28, 0x00, 0xe7, 0x00, 0xa9, 0x00,
    0x8c, 0x00, 0xed, 0x00, 0x0d, 0x00, 0x2d, 0x00, 0x6b, 0x00, 0xc9, 0x00, 0xea, 0x00, 0x68, 0x00,
    0x28, 0x00, 0x89, 0x00, 0x8c, 0x00, 0x6b, 0x00, 0x07, 0x00, 0x28, 0x00, 0x0a, 0x00, 0x4d, 0x00,
    0xcf, 0x00, 0x0f, 0x00, 0x4b, 0x00, 0x2b, 0x00, 0x30, 0x00, 0xef, 0x00, 0x30, 0x00, 0x66, 0x00,
    0x00, 0x00, 0x00, 0x00, 0x00, 0x00, 0x00, 0x00, 0x00, 0x00, 0x00, 0x00, 0x00, 0x00, 0x00, 0x00,
    0x00, 0x00, 0x00, 0x00, 0x00, 0x00, 0x00, 0x00, 0x00, 0x00, 0x00, 0x00, 0x00, 0x00, 0x00, 0x00,
    0x00, 0x00, 0x00, 0x00, 0x00, 0x00, 0x00, 0x00, 0x00, 0x00, 0x00, 0x00, 0x00, 0x00, 0x00, 0x00,
    0x00, 0x00, 0x00, 0x00, 0x00, 0x00, 0x00, 0x00, 0x00, 0x00, 0x00, 0x00, 0x00, 0x00, 0x00, 0x00,
    0x00, 0x00, 0x00, 0x00, 0x00, 0x00, 0x20, 0x00, 0x43, 0x00, 0x25, 0x00, 0x46, 0x00, 0xe5, 0x00,
    0x05, 0x00, 0xe7, 0x00, 0xca, 0x00, 0x0a, 0x00, 0x8b, 0x00, 0xcc, 0x00, 0x4d, 0x00, 0x2d, 0x00,
    0x8b, 0x00, 0x68, 0x00, 0xe7, 0x00, 0xe7, 0x00, 0xc7, 0x00, 0x28, 0x00, 0xec, 0x00, 0xae, 0x00,
    0xae, 0x00, 0xae, 0x00, 0xcc, 0x00, 0x2a, 0x00, 0x0c, 0x00, 0x0c, 0x00, 0x8d, 0x00, 0x48, 0x00,
    0x00, 0x00, 0x00, 0x00, 0x00, 0x00, 0x00, 0x00, 0x00, 0x00, 0x00, 0x00, 0x00, 0x00, 0x00, 0x00,
    0x00, 0x00, 0x00, 0x00, 0x00, 0x00, 0x00, 0x00, 0x00, 0x00, 0x00, 0x00, 0x00, 0x00, 0x00, 0x00,
    0x00, 0x00, 0x00, 0x00, 0x00, 0x00, 0x00, 0x00, 0x00, 0x00, 0x00, 0x00, 0x00, 0x00, 0x00, 0x00,
    0x00, 0x00, 0x00, 0x00, 0x00, 0x00, 0x00, 0x00, 0x00, 0x00, 0x00, 0x00, 0x00, 0x00, 0x00, 0x00,
    0x00, 0x00, 0x00, 0x00, 0x00, 0x00, 0x00, 0x00, 0x00, 0x00, 0x02, 0x00, 0x84, 0x00, 0x84, 0x00,
    0xa4, 0x00, 0x84, 0x00, 0x66, 0x00, 0xe7, 0x00, 0x68, 0x00, 0x89, 0x00, 0x8b, 0x00, 0xcf, 0x00,
    0x30, 0x00, 0x50, 0x00, 0xef, 0x00, 0x0f, 0x00, 0x0f, 0x00, 0xef, 0x00, 0xae, 0x00, 0x6e, 0x00,
    0x6d, 0x00, 0xec, 0x00, 0xec, 0x00, 0x8b, 0x00, 0x6b, 0x00, 0xec, 0x00, 0xec, 0x00, 0xc6, 0x00,
    0x00, 0x00, 0x00, 0x00, 0x00, 0x00, 0x00, 0x00, 0x00, 0x00, 0x00, 0x00, 0x00, 0x00, 0x00, 0x00,
    0x00, 0x00, 0x00, 0x00, 0x00, 0x00, 0x00, 0x00, 0x00, 0x00, 0x00, 0x00, 0x00, 0x00, 0x00, 0x00,
    0x00, 0x00, 0x00, 0x00, 0x00, 0x00, 0x00, 0x00, 0x00, 0x00, 0x00, 0x00, 0x00, 0x00, 0x00, 0x00,
    0x00, 0x00, 0x00, 0x00, 0x00, 0x00, 0x00, 0x00, 0x00, 0x00, 0x00, 0x00, 0x00, 0x00, 0x00, 0x00,
    0x00, 0x00, 0x00, 0x00, 0x00, 0x00, 0x00, 0x00, 0x23, 0x00, 0xc7, 0x00, 0x89, 0x00, 0xea, 0x00,
    0x0a, 0x00, 0x4b, 0x00, 0xac, 0x00, 0x8c, 0x00, 0xac, 0x00, 0xac, 0x00, 0xec, 0x00, 0xae, 0x00,
    0xef, 0x00, 0x30, 0x00, 0x30, 0x00, 0xef, 0x00, 0xef, 0x00, 0xcf, 0x00, 0x8e, 0x00, 0x2d, 0x00,
    0x8b, 0x00, 0xa9, 0x00, 0x86, 0x00, 0x86, 0x00, 0xc7, 0x00, 0x28, 0x00, 0x2a, 0x00, 0x43, 0x00,
    0x00, 0x00, 0x00, 0x00, 0x00, 0x00, 0x00, 0x00, 0x00, 0x00, 0x00, 0x00, 0x00, 0x00, 0x00, 0x00,
    0x00, 0x00, 0x00, 0x00, 0x00, 0x00, 0x00, 0x00, 0x00, 0x00, 0x00, 0x00, 0x00, 0x00, 0x00, 0x00,
    0x00, 0x00, 0x00, 0x00, 0x00, 0x00, 0x00, 0x00, 0x00, 0x00, 0x00, 0x00, 0x00, 0x00, 0x00, 0x00,
    0x00, 0x00, 0x00, 0x00, 0x00, 0x00, 0x00, 0x00, 0x00, 0x00, 0x00, 0x00, 0x00, 0x00, 0x00, 0x00,
    0x00, 0x00, 0x00, 0x00, 0x61, 0x00, 0xa7, 0x00, 0xaa, 0x00, 0xa7, 0x00, 0x25, 0x00, 0xa7, 0x00,
    0xc7, 0x00, 0x08, 0x00, 0xe7, 0x00, 0xc7, 0x00, 0x28, 0x00, 0xea, 0x00, 0xea, 0x00, 0xec, 0x00,
    0xae, 0x00, 0xce, 0x00, 0xce, 0x00, 0xce, 0x00, 0xae, 0x00, 0x2d, 0x00, 0x0a, 0x00, 0xc7, 0x00,
    0xa4, 0x00, 0xe2, 0x00, 0x23, 0x00, 0xa7, 0x00, 0x03, 0x00, 0xa1, 0x00, 0xa4, 0x00, 0x20, 0x00,
    0x00, 0x00, 0x00, 0x00, 0x00, 0x00, 0x00, 0x00, 0x00, 0x00, 0x00, 0x00, 0x00, 0x00, 0x00, 0x00,
    0x00, 0x00, 0x00, 0x00, 0x00, 0x00, 0x00, 0x00, 0x00, 0x00, 0x00, 0x00, 0x00, 0x00, 0x00, 0x00,
    0x00, 0x00, 0x00, 0x00, 0x00, 0x00, 0x00, 0x00, 0x00, 0x00, 0x00, 0x00, 0x00, 0x00, 0x00, 0x00,
    0x00, 0x00, 0x00, 0x00, 0x00, 0x00, 0x00, 0x00, 0x00, 0x00, 0x00, 0x00, 0x00, 0x00, 0x00, 0x00,
    0x00, 0x00, 0x03, 0x00, 0x69, 0x00, 0x0b, 0x00, 0xaa, 0x00, 0x28, 0x00, 0x46, 0x00, 0x84, 0x00,
    0xe2, 0x00, 0xc2, 0x00, 0x63, 0x00, 0x28, 0x00, 0x2a, 0x00, 0x4b, 0x00, 0xea, 0x00, 0xec, 0x00,
    0x6e, 0x00, 0xae, 0x00, 0xae, 0x00, 0x0c, 0x00, 0xc7, 0x00, 0x84, 0x00, 0x02, 0x00, 0xa2, 0x00,
    0xa2, 0x00, 0x03, 0x00, 0xc5, 0x00, 0x41, 0x00, 0x00, 0x00, 0x00, 0x00, 0x00, 0x00, 0x00, 0x00,
    0x00, 0x00, 0x00, 0x00, 0x00, 0x00, 0x00, 0x00, 0x00, 0x00, 0x00, 0x00, 0x00, 0x00, 0x00, 0x00,
    0x00, 0x00, 0x00, 0x00, 0x00, 0x00, 0x00, 0x00, 0x00, 0x00, 0x00, 0x00, 0x00, 0x00, 0x00, 0x00,
    0x00, 0x00, 0x00, 0x00, 0x00, 0x00, 0x00, 0x00, 0x00, 0x00, 0x00, 0x00, 0x00, 0x00, 0x00, 0x00,
    0x00, 0x00, 0x00, 0x00, 0x00, 0x00, 0x00, 0x00, 0x00, 0x00, 0x00, 0x00, 0x00, 0x00, 0x00, 0x00,
    0x00, 0x00, 0x23, 0x00, 0xa4, 0x00, 0x84, 0x00, 0x23, 0x00, 0x63, 0x00, 0x64, 0x00, 0x43, 0x00,
    0x64, 0x00, 0x46, 0x00, 0xea, 0x00, 0x0b, 0x00, 0xa9, 0x00, 0xc7, 0x00, 0xca, 0x00, 0x8b, 0x00,
    0x0c, 0x00, 0xcc, 0x00, 0x48, 0x00, 0x22, 0x00, 0x81, 0x00, 0xc2, 0x00, 0xc2, 0x00, 0xc2, 0x00,
    0x64, 0x00, 0x84, 0x00, 0xa2, 0x00, 0x00, 0x00, 0x00, 0x00, 0x00, 0x00, 0x00, 0x00, 0x00, 0x00,
    0x00, 0x00, 0x00, 0x00, 0x00, 0x00, 0x00, 0x00, 0x00, 0x00, 0x00, 0x00, 0x00, 0x00, 0x00, 0x00,
    0x00, 0x00, 0x00, 0x00, 0x00, 0x00, 0x00, 0x00, 0x00, 0x00, 0x00, 0x00, 0x00, 0x00, 0x00, 0x00,
    0x00, 0x00, 0x00, 0x00, 0x00, 0x00, 0x00, 0x00, 0x00, 0x00, 0x00, 0x00, 0x00, 0x00, 0x00, 0x00,
    0x00, 0x00, 0x00, 0x00, 0x00, 0x00, 0x00, 0x00, 0x00, 0x00, 0x00, 0x00, 0x00, 0x00, 0x00, 0x00,
    0x00, 0x00, 0x00, 0x00, 0x00, 0x00, 0x00, 0x00, 0x40, 0x00, 0x46, 0x00, 0x84, 0x00, 0xe5, 0x00,
    0x05, 0x00, 0x69, 0x00, 0xe7, 0x00, 0xe5, 0x00, 0xe2, 0x00, 0x66, 0x00, 0xea, 0x00, 0x6b, 0x00,
    0x8b, 0x00, 0x0c, 0x00, 0x0a, 0x00, 0x45, 0x00, 0xe2, 0x00, 0x64, 0x00, 0x64, 0x00, 0x43, 0x00,
    0x64, 0x00, 0x84, 0x00, 0x40, 0x00, 0x00, 0x00, 0x00, 0x00, 0x00, 0x00, 0x00, 0x00, 0x00, 0x00,
    0x00, 0x00, 0x00, 0x00, 0x00, 0x00, 0x00, 0x00, 0x00, 0x00, 0x00, 0x00, 0x00, 0x00, 0x00, 0x00,
    0x00, 0x00, 0x00, 0x00, 0x00, 0x00, 0x00, 0x00, 0x00, 0x00, 0x00, 0x00, 0x00, 0x00, 0x00, 0x00,
    0x00, 0x00, 0x00, 0x00, 0x00, 0x00, 0x00, 0x00, 0x00, 0x00, 0x00, 0x00, 0x00, 0x00, 0x00, 0x00,
    0x00, 0x00, 0x00, 0x00, 0x00, 0x00, 0x00, 0x00, 0x00, 0x00, 0x00, 0x00, 0x00, 0x00, 0x00, 0x00,
    0x00, 0x00, 0x00, 0x00, 0x00, 0x00, 0x00, 0x00, 0x66, 0x00, 0xa7, 0x00, 0xa4, 0x00, 0x67, 0x00,
    0xe5, 0x00, 0x43, 0x00, 0xc2, 0x00, 0xc2, 0x00, 0x05, 0x00, 0x89, 0x00, 0x89, 0x00, 0x08, 0x00,
    0xc7, 0x00, 0x4b, 0x00, 0x0d, 0x00, 0x8e, 0x00, 0x0a, 0x00, 0x84, 0x00, 0x47, 0x00, 0xa8, 0x00,
    0x46, 0x00, 0x44, 0x00, 0x00, 0x00, 0x00, 0x00, 0x00, 0x00, 0x00, 0x00, 0x00, 0x00, 0x00, 0x00,
    0x00, 0x00, 0x00, 0x00, 0x00, 0x00, 0x00, 0x00, 0x00, 0x00, 0x00, 0x00, 0x00, 0x00, 0x00, 0x00,
    0x00, 0x00, 0x00, 0x00, 0x00, 0x00, 0x00, 0x00, 0x00, 0x00, 0x00, 0x00, 0x00, 0x00, 0x00, 0x00,
    0x00, 0x00, 0x00, 0x00, 0x00, 0x00, 0x00, 0x00, 0x00, 0x00, 0x00, 0x00, 0x00, 0x00, 0x00, 0x00,
    0x00, 0x00, 0x00, 0x00, 0x00, 0x00, 0x00, 0x00, 0x00, 0x00, 0x00, 0x00, 0x00, 0x00, 0x00, 0x00,
    0x00, 0x00, 0x00, 0x00, 0x00, 0x00, 0x23, 0x00, 0x49, 0x00, 0x84, 0x00, 0x46, 0x00, 0xc8, 0x00,
    0x26, 0x00, 0xc2, 0x00, 0x23, 0x00, 0xe5, 0x00, 0xa7, 0x00, 0xe5, 0x00, 0x63, 0x00, 0x43, 0x00,
    0x08, 0x00, 0x4b, 0x00, 0x2b, 0x00, 0xab, 0x00, 0x6d, 0x00, 0x0a, 0x00, 0xe5, 0x00, 0x67, 0x00,
    0x09, 0x00, 0x87, 0x00, 0x20, 0x00, 0x00, 0x00, 0x00, 0x00, 0x00, 0x00, 0x00, 0x00, 0x00, 0x00,
    0x00, 0x00, 0x00, 0x00, 0x00, 0x00, 0x00, 0x00, 0x00, 0x00, 0x00, 0x00, 0x00, 0x00, 0x00, 0x00,
    0x00, 0x00, 0x00, 0x00, 0x00, 0x00, 0x00, 0x00, 0x00, 0x00, 0x00, 0x00, 0x00, 0x00, 0x00, 0x00,
    0x00, 0x00, 0x00, 0x00, 0x00, 0x00, 0x00, 0x00, 0x00, 0x00, 0x00, 0x00, 0x00, 0x00, 0x00, 0x00,
    0x00, 0x00, 0x00, 0x00, 0x00, 0x00, 0x00, 0x00, 0x00, 0x00, 0x00, 0x00, 0x00, 0x00, 0x00, 0x00,
    0x00, 0x00, 0x00, 0x00, 0x00, 0x00, 0x05, 0x00, 0x43, 0x00, 0x81, 0x00, 0xc8, 0x00, 0xe8, 0x00,
    0xe5, 0x00, 0xe2, 0x00, 0x64, 0x00, 0x84, 0x00, 0x64, 0x00, 0x02, 0x00, 0x64, 0x00, 0x25, 0x00,
    0x66, 0x00, 0xe4, 0x00, 0x25, 0x00, 0x48, 0x00, 0x0a, 0x00, 0xec, 0x00, 0x4a, 0x00, 0x46, 0x00,
    0x26, 0x00, 0xc8, 0x00, 0x26, 0x00, 0x05, 0x00, 0x40, 0x00, 0x00, 0x00, 0x00, 0x00, 0x00, 0x00,
    0x00, 0x00, 0x00, 0x00, 0x00, 0x00, 0x00, 0x00, 0x00, 0x00, 0x00, 0x00, 0x00, 0x00, 0x00, 0x00,
    0x00, 0x00, 0x00, 0x00, 0x00, 0x00, 0x00, 0x00, 0x00, 0x00, 0x00, 0x00, 0x00, 0x00, 0x00, 0x00,
    0x00, 0x00, 0x00, 0x00, 0x00, 0x00, 0x00, 0x00, 0x00, 0x00, 0x00, 0x00, 0x00, 0x00, 0x00, 0x00,
    0x00, 0x00, 0x00, 0x00, 0x00, 0x00, 0x00, 0x00, 0x00, 0x00, 0x00, 0x00, 0x00, 0x00, 0x00, 0x00,
    0x00, 0x00, 0x00, 0x00, 0x00, 0x00, 0x40, 0x00, 0x00, 0x00, 0xe2, 0x00, 0x08, 0x00, 0xc7, 0x00,
    0x43, 0x00, 0x43, 0x00, 0x64, 0x00, 0x06, 0x00, 0x46, 0x00, 0x05, 0x00, 0x25, 0x00, 0x65, 0x00,
    0x86, 0x00, 0x65, 0x00, 0xc4, 0x00, 0x63, 0x00, 0x02, 0x00, 0x45, 0x00, 0x6a, 0x00, 0x2d, 0x00,
    0x0a, 0x00, 0x28, 0x00, 0x28, 0x00, 0x2a, 0x00, 0x81, 0x00, 0x00, 0x00, 0x00, 0x00, 0x00, 0x00,
    0x00, 0x00, 0x00, 0x00, 0x00, 0x00, 0x00, 0x00, 0x00, 0x00, 0x00, 0x00, 0x00, 0x00, 0x00, 0x00,
    0x00, 0x00, 0x00, 0x00, 0x00, 0x00, 0x00, 0x00, 0x00, 0x00, 0x00, 0x00, 0x00, 0x00, 0x00, 0x00,
    0x00, 0x00, 0x00, 0x00, 0x00, 0x00, 0x00, 0x00, 0x00, 0x00, 0x00, 0x00, 0x00, 0x00, 0x00, 0x00,
    0x00, 0x00, 0x00, 0x00, 0x00, 0x00, 0x00, 0x00, 0x00, 0x00, 0x00, 0x00, 0x00, 0x00, 0x00, 0x00,
    0x00, 0x00, 0x00, 0x00, 0x00, 0x00, 0x00, 0x00, 0x00, 0x00, 0xc2, 0x00, 0x69, 0x00, 0xe5, 0x00,
    0x23, 0x00, 0xc5, 0x00, 0x43, 0x00, 0x46, 0x00, 0xc8, 0x00, 0x26, 0x00, 0xe8, 0x00, 0x05, 0x00,
    0xa6, 0x00, 0x07, 0x00, 0x47, 0x00, 0x67, 0x00, 0x25, 0x00, 0x00, 0x00, 0xc1, 0x00, 0x07, 0x00,
    0x0c, 0x00, 0x6d, 0x00, 0x4d, 0x00, 0x27, 0x00, 0x00, 0x00, 0x00, 0x00, 0x00, 0x00, 0x00, 0x00,
    0x00, 0x00, 0x00, 0x00, 0x00, 0x00, 0x00, 0x00, 0x00, 0x00, 0x00, 0x00, 0x00, 0x00, 0x00, 0x00,
    0x00, 0x00, 0x00, 0x00, 0x00, 0x00, 0x00, 0x00, 0x00, 0x00, 0x00, 0x00, 0x00, 0x00, 0x00, 0x00,
    0x00, 0x00, 0x00, 0x00, 0x00, 0x00, 0x00, 0x00, 0x00, 0x00, 0x00, 0x00, 0x00, 0x00, 0x00, 0x00,
    0x00, 0x00, 0x00, 0x00, 0x00, 0x00, 0x00, 0x00, 0x00, 0x00, 0x00, 0x00, 0x00, 0x00, 0x00, 0x00,
    0x00, 0x00, 0x00, 0x00, 0x00, 0x00, 0x00, 0x00, 0x00, 0x00, 0x81, 0x00, 0xe8, 0x00, 0xa2, 0x00,
    0xe5, 0x00, 0x05, 0x00, 0xc5, 0x00, 0xe5, 0x00, 0x08, 0x00, 0x66, 0x00, 0x28, 0x00, 0x66, 0x00,
    0xa6, 0x00, 0xa8, 0x00, 0x47, 0x00, 0x27, 0x00, 0xe9, 0x00, 0xa3, 0x00, 0x00, 0x00, 0x00, 0x00,
    0x83, 0x00, 0x68, 0x00, 0x28, 0x00, 0x81, 0x00, 0x00, 0x00, 0x00, 0x00, 0x00, 0x00, 0x00, 0x00,
    0x00, 0x00, 0x00, 0x00, 0x00, 0x00, 0x00, 0x00, 0x00, 0x00, 0x00, 0x00, 0x00, 0x00, 0x00, 0x00,
    0x00, 0x00, 0x00, 0x00, 0x00, 0x00, 0x00, 0x00, 0x00, 0x00, 0x00, 0x00, 0x00, 0x00, 0x00, 0x00,
    0x00, 0x00, 0x00, 0x00, 0x00, 0x00, 0x00, 0x00, 0x00, 0x00, 0x00, 0x00, 0x00, 0x00, 0x00, 0x00,
    0x00, 0x00, 0x00, 0x00, 0x00, 0x00, 0x00, 0x00, 0x00, 0x00, 0x00, 0x00, 0x00, 0x00, 0x00, 0x00,
    0x00, 0x00, 0x00, 0x00, 0x00, 0x00, 0x00, 0x00, 0x00, 0x00, 0x20, 0x00, 0xe2, 0x00, 0x20, 0x00,
    0x87, 0x00, 0xe5, 0x00, 0x46, 0x00, 0xa4, 0x00, 0x66, 0x00, 0xc7, 0x00, 0x69, 0x00, 0x68, 0x00,
    0xa6, 0x00, 0xc8, 0x00, 0x0b, 0x00, 0x6a, 0x00, 0xc9, 0x00, 0x68, 0x00, 0x40, 0x00, 0x00, 0x00,
    0x00, 0x00, 0x00, 0x00, 0x00, 0x00, 0x00, 0x00, 0x00, 0x00, 0x00, 0x00, 0x00, 0x00, 0x00, 0x00,
    0x00, 0x00, 0x00, 0x00, 0x00, 0x00, 0x00, 0x00, 0x00, 0x00, 0x00, 0x00, 0x00, 0x00, 0x00, 0x00,
    0x00, 0x00, 0x00, 0x00, 0x00, 0x00, 0x00, 0x00, 0x00, 0x00, 0x00, 0x00, 0x00, 0x00, 0x00, 0x00,
    0x00, 0x00, 0x00, 0x00, 0x00, 0x00, 0x00, 0x00, 0x00, 0x00, 0x00, 0x00, 0x00, 0x00, 0x00, 0x00,
    0x00, 0x00, 0x00, 0x00, 0x00, 0x00, 0x00, 0x00, 0x00, 0x00, 0x00, 0x00, 0x00, 0x00, 0x00, 0x00,
    0x00, 0x00, 0x00, 0x00, 0x00, 0x00, 0x00, 0x00, 0x00, 0x00, 0x00, 0x00, 0x00, 0x00, 0x00, 0x00,
    0x87, 0x00, 0xe5, 0x00, 0x26, 0x00, 0xe5, 0x00, 0xc7, 0x00, 0x28, 0x00, 0x4b, 0x00, 0x4b, 0x00,
    0x89, 0x00, 0x47, 0x00, 0xcb, 0x00, 0xad, 0x00, 0x0e, 0x00, 0x2f, 0x00, 0xa9, 0x00, 0x00, 0x00,
    0x00, 0x00, 0x00, 0x00, 0x00, 0x00, 0x00, 0x00, 0x00, 0x00, 0x00, 0x00, 0x00, 0x00, 0x00, 0x00,
    0x00, 0x00, 0x00, 0x00, 0x00, 0x00, 0x00, 0x00, 0x00, 0x00, 0x00, 0x00, 0x00, 0x00, 0x00, 0x00,
    0x00, 0x00, 0x00, 0x00, 0x00, 0x00, 0x00, 0x00, 0x00, 0x00, 0x00, 0x00, 0x00, 0x00, 0x00, 0x00,
    0x00, 0x00, 0x00, 0x00, 0x00, 0x00, 0x00, 0x00, 0x00, 0x00, 0x00, 0x00, 0x00, 0x00, 0x00, 0x00,
    0x00, 0x00, 0x00, 0x00, 0x00, 0x00, 0x00, 0x00, 0x00, 0x00, 0x00, 0x00, 0x00, 0x00, 0x00, 0x00,
    0x00, 0x00, 0x00, 0x00, 0x00, 0x00, 0x00, 0x00, 0x00, 0x00, 0x00, 0x00, 0x00, 0x00, 0x00, 0x00,
    0x84, 0x00, 0xe5, 0x00, 0x23, 0x00, 0x26, 0x00, 0x46, 0x00, 0x69, 0x00, 0x28, 0x00, 0xa9, 0x00,
    0xc9, 0x00, 0xa9, 0x00, 0x2c, 0x00, 0xce, 0x00, 0x8d, 0x00, 0x0e, 0x00, 0xee, 0x00, 0x09, 0x00,
    0x43, 0x00, 0x00, 0x00, 0x00, 0x00, 0x00, 0x00, 0x00, 0x00, 0x00, 0x00, 0x00, 0x00, 0x00, 0x00,
    0x00, 0x00, 0x00, 0x00, 0x00, 0x00, 0x00, 0x00, 0x00, 0x00, 0x00, 0x00, 0x00, 0x00, 0x00, 0x00,
    0x00, 0x00, 0x00, 0x00, 0x00, 0x00, 0x00, 0x00, 0x00, 0x00, 0x00, 0x00, 0x00, 0x00, 0x00, 0x00,
    0x00, 0x00, 0x00, 0x00, 0x00, 0x00, 0x00, 0x00, 0x00, 0x00, 0x00, 0x00, 0x00, 0x00, 0x00, 0x00,
    0x00, 0x00, 0x00, 0x00, 0x00, 0x00, 0x00, 0x00, 0x00, 0x00, 0x00, 0x00, 0x00, 0x00, 0x00, 0x00,
    0x00, 0x00, 0x00, 0x00, 0x00, 0x00, 0x00, 0x00, 0x00, 0x00, 0x00, 0x00, 0x00, 0x00, 0x00, 0x00,
    0x20, 0x00, 0x64, 0x00, 0x00, 0x00, 0xe5, 0x00, 0x84, 0x00, 0xe8, 0x00, 0x69, 0x00, 0x48, 0x00,
    0x88, 0x00, 0xea, 0x00, 0x2d, 0x00, 0x90, 0x00, 0xd1, 0x00, 0x70, 0x00, 0x8d, 0x00, 0x0c, 0x00,
    0xee, 0x00, 0x23, 0x00, 0x00, 0x00, 0x00, 0x00, 0x00, 0x00, 0x00, 0x00, 0x00, 0x00, 0x00, 0x00,
    0x00, 0x00, 0x00, 0x00, 0x00, 0x00, 0x00, 0x00, 0x00, 0x00, 0x00, 0x00, 0x00, 0x00, 0x00, 0x00,
    0x00, 0x00, 0x00, 0x00, 0x00, 0x00, 0x00, 0x00, 0x00, 0x00, 0x00, 0x00, 0x00, 0x00, 0x00, 0x00,
    0x00, 0x00, 0x00, 0x00, 0x00, 0x00, 0x00, 0x00, 0x00, 0x00, 0x00, 0x00, 0x00, 0x00, 0x00, 0x00,
    0x00, 0x00, 0x00, 0x00, 0x00, 0x00, 0x00, 0x00, 0x00, 0x00, 0x00, 0x00, 0x00, 0x00, 0x00, 0x00,
    0x00, 0x00, 0x00, 0x00, 0x00, 0x00, 0x00, 0x00, 0x00, 0x00, 0x00, 0x00, 0x00, 0x00, 0x00, 0x00,
    0x00, 0x00, 0x00, 0x00, 0x00, 0x00, 0x61, 0x00, 0xa4, 0x00, 0xc5, 0x00, 0x48, 0x00, 0x48, 0x00,
    0xea, 0x00, 0x2a, 0x00, 0xae, 0x00, 0xce, 0x00, 0xd1, 0x00, 0x12, 0x00, 0xf1, 0x00, 0xce, 0x00,
    0x0e, 0x00, 0x2a, 0x00, 0x00, 0x00, 0x00, 0x00, 0x00, 0x00, 0x00, 0x00, 0x00, 0x00, 0x00, 0x00,
    0x00, 0x00, 0x00, 0x00, 0x00, 0x00, 0x00, 0x00, 0x00, 0x00, 0x00, 0x00, 0x00, 0x00, 0x00, 0x00,
    0x00, 0x00, 0x00, 0x00, 0x00, 0x00, 0x00, 0x00, 0x00, 0x00, 0x00, 0x00, 0x00, 0x00, 0x00, 0x00,
    0x00, 0x00, 0x00, 0x00, 0x00, 0x00, 0x00, 0x00, 0x00, 0x00, 0x00, 0x00, 0x00, 0x00, 0x00, 0x00,
    0x00, 0x00, 0x00, 0x00, 0x00, 0x00, 0x00, 0x00, 0x00, 0x00, 0x02, 0x00, 0xe7, 0x00, 0xa9, 0x00,
    0x68, 0x00, 0xa6, 0x00, 0x43, 0x00, 0x00, 0x00, 0xe2, 0x00, 0xc2, 0x00, 0x00, 0x00, 0x00, 0x00,
    0x00, 0x00, 0x00, 0x00, 0x00, 0x00, 0x00, 0x00, 0x64, 0x00, 0x84, 0x00, 0x66, 0x00, 0x07, 0x00,
    0xa9, 0x00, 0x0a, 0x00, 0xcf, 0x00, 0x2d, 0x00, 0xcb, 0x00, 0x90, 0x00, 0xf1, 0x00, 0x52, 0x00,
    0x2f, 0x00, 0x4d, 0x00, 0x48, 0x00, 0x81, 0x00, 0x00, 0x00, 0x00, 0x00, 0x00, 0x00, 0x00, 0x00,
    0x00, 0x00, 0x00, 0x00, 0x00, 0x00, 0x00, 0x00, 0x00, 0x00, 0x00, 0x00, 0x00, 0x00, 0x00, 0x00,
    0x00, 0x00, 0x00, 0x00, 0x00, 0x00, 0x00, 0x00, 0x00, 0x00, 0x00, 0x00, 0x00, 0x00, 0x00, 0x00,
    0x00, 0x00, 0x00, 0x00, 0x00, 0x00, 0x00, 0x00, 0x00, 0x00, 0x00, 0x00, 0x00, 0x00, 0x00, 0x00,
    0x00, 0x00, 0x00, 0x00, 0x00, 0x00, 0x00, 0x00, 0x00, 0x00, 0x00, 0x00, 0x23, 0x00, 0xc9, 0x00,
    0x2d, 0x00, 0x6d, 0x00, 0x6d, 0x00, 0xa9, 0x00, 0x83, 0x00, 0xc9, 0x00, 0x25, 0x00, 0x00, 0x00,
    0x00, 0x00, 0x00, 0x00, 0x00, 0x00, 0x00, 0x00, 0xe2, 0x00, 0x81, 0x00, 0x25, 0x00, 0x86, 0x00,
    0x68, 0x00, 0x89, 0x00, 0xec, 0x00, 0x6d, 0x00, 0xe9, 0x00, 0x0c, 0x00, 0xae, 0x00, 0xce, 0x00,
    0x2f, 0x00, 0xee, 0x00, 0x4d, 0x00, 0x8b, 0x00, 0x40, 0x00, 0x00, 0x00, 0x00, 0x00, 0x00, 0x00,
    0x00, 0x00, 0x00, 0x00, 0x00, 0x00, 0x00, 0x00, 0x00, 0x00, 0x00, 0x00, 0x00, 0x00, 0x00, 0x00,
    0x00, 0x00, 0x00, 0x00, 0x00, 0x00, 0x00, 0x00, 0x00, 0x00, 0x00, 0x00, 0x00, 0x00, 0x00, 0x00,
    0x00, 0x00, 0x00, 0x00, 0x00, 0x00, 0x00, 0x00, 0x00, 0x00, 0x00, 0x00, 0x00, 0x00, 0x00, 0x00,
    0x00, 0x00, 0x00, 0x00, 0x00, 0x00, 0x00, 0x00, 0xa1, 0x00, 0xa4, 0x00, 0xc4, 0x00, 0xa4, 0x00,
    0x27, 0x00, 0x0a, 0x00, 0x6b, 0x00, 0xcc, 0x00, 0x48, 0x00, 0x05, 0x00, 0xcb, 0x00, 0xe9, 0x00,
    0xa1, 0x00, 0x00, 0x00, 0x00, 0x00, 0x00, 0x00, 0x00, 0x00, 0x00, 0x00, 0xa4, 0x00, 0x05, 0x00,
    0xe7, 0x00, 0xc9, 0x00, 0xe9, 0x00, 0xec, 0x00, 0x6d, 0x00, 0x4d, 0x00, 0x2f, 0x00, 0xad, 0x00,
    0x4c, 0x00, 0xeb, 0x00, 0xeb, 0x00, 0x90, 0x00, 0xc6, 0x00, 0x00, 0x00, 0x00, 0x00, 0x00, 0x00,
    0x00, 0x00, 0x00, 0x00, 0x00, 0x00, 0x00, 0x00, 0x00, 0x00, 0x00, 0x00, 0x00, 0x00, 0x00, 0x00,
    0x00, 0x00, 0x00, 0x00, 0x00, 0x00, 0x00, 0x00, 0x00, 0x00, 0x00, 0x00, 0x00, 0x00, 0x00, 0x00,
    0x00, 0x00, 0x00, 0x00, 0x00, 0x00, 0x00, 0x00, 0x00, 0x00, 0x00, 0x00, 0x00, 0x00, 0x00, 0x00,
    0x00, 0x00, 0x00, 0x00, 0x81, 0x00, 0xe7, 0x00, 0x6b, 0x00, 0x4b, 0x00, 0x68, 0x00, 0xe7, 0x00,
    0xa6, 0x00, 0x27, 0x00, 0xa9, 0x00, 0x88, 0x00, 0x47, 0x00, 0x25, 0x00, 0x25, 0x00, 0xc9, 0x00,
    0xc9, 0x00, 0x63, 0x00, 0x63, 0x00, 0x00, 0x00, 0x84, 0x00, 0xa4, 0x00, 0x63, 0x00, 0xc4, 0x00,
    0x66, 0x00, 0x68, 0x00, 0x0a, 0x00, 0x2d, 0x00, 0x8e, 0x00, 0x6a, 0x00, 0x90, 0x00, 0x11, 0x00,
    0xb0, 0x00, 0x0e, 0x00, 0x8d, 0x00, 0x4f, 0x00, 0x2c, 0x00, 0x20, 0x00, 0x00, 0x00, 0x00, 0x00,
    0x00, 0x00, 0x00, 0x00, 0x00, 0x00, 0x00, 0x00, 0x00, 0x00, 0x00, 0x00, 0x00, 0x00, 0x00, 0x00,
    0x00, 0x00, 0x00, 0x00, 0x00, 0x00, 0x00, 0x00, 0x00, 0x00, 0x00, 0x00, 0x00, 0x00, 0x00, 0x00,
    0x00, 0x00, 0x00, 0x00, 0x00, 0x00, 0x00, 0x00, 0x00, 0x00, 0x00, 0x00, 0x00, 0x00, 0x00, 0x00,
    0x00, 0x00, 0xc2, 0x00, 0x0a, 0x00, 0xec, 0x00, 0xc9, 0x00, 0xc6, 0x00, 0x27, 0x00, 0x0a, 0x00,
    0xcc, 0x00, 0x4d, 0x00, 0x2d, 0x00, 0xec, 0x00, 0x6b, 0x00, 0x0a, 0x00, 0x88, 0x00, 0x65, 0x00,
    0xa6, 0x00, 0xc6, 0x00, 0xa6, 0x00, 0xc2, 0x00, 0x43, 0x00, 0x05, 0x00, 0x23, 0x00, 0x05, 0x00,
    0x25, 0x00, 0x46, 0x00, 0x68, 0x00, 0xcc, 0x00, 0xce, 0x00, 0x6b, 0x00, 0x2c, 0x00, 0x32, 0x00,
    0xf1, 0x00, 0xb0, 0x00, 0x90, 0x00, 0x0f, 0x00, 0xee, 0x00, 0x83, 0x00, 0x00, 0x00, 0x00, 0x00,
    0x00, 0x00, 0x00, 0x00, 0x00, 0x00, 0x00, 0x00, 0x00, 0x00, 0x00, 0x00, 0x00, 0x00, 0x00, 0x00,
    0x00, 0x00, 0x00, 0x00, 0x00, 0x00, 0x00, 0x00, 0x00, 0x00, 0x00, 0x00, 0x00, 0x00, 0x00, 0x00,
    0x00, 0x00, 0x00, 0x00, 0x00, 0x00, 0x00, 0x00, 0x00, 0x00, 0x00, 0x00, 0x00, 0x00, 0x00, 0x00,
    0xa1, 0x00, 0x89, 0x00, 0x89, 0x00, 0x25, 0x00, 0x66, 0x00, 0x2a, 0x00, 0xec, 0x00, 0x0d, 0x00,
    0x8e, 0x00, 0x0c, 0x00, 0xcc, 0x00, 0xec, 0x00, 0x0c, 0x00, 0x0c, 0x00, 0xab, 0x00, 0x2a, 0x00,
    0xc6, 0x00, 0xe4, 0x00, 0x45, 0x00, 0x05, 0x00, 0x43, 0x00, 0x84, 0x00, 0x25, 0x00, 0x88, 0x00,
    0xc9, 0x00, 0x68, 0x00, 0x86, 0x00, 0x88, 0x00, 0x4d, 0x00, 0xab, 0x00, 0xe6, 0x00, 0x2c, 0x00,
    0xd1, 0x00, 0x32, 0x00, 0xd1, 0x00, 0x4f, 0x00, 0xae, 0x00, 0x09, 0x00, 0xa1, 0x00, 0x00, 0x00,
    0x00, 0x00, 0x00, 0x00, 0x00, 0x00, 0x00, 0x00, 0x00, 0x00, 0x00, 0x00, 0x00, 0x00, 0x00, 0x00,
    0x00, 0x00, 0x00, 0x00, 0x00, 0x00, 0x00, 0x00, 0x00, 0x00, 0x00, 0x00, 0x00, 0x00, 0x00, 0x00,
    0x00, 0x00, 0x00, 0x00, 0x00, 0x00, 0x00, 0x00, 0x00, 0x00, 0x00, 0x00, 0x00, 0x00, 0x00, 0x00,
    0x23, 0x00, 0xe2, 0x00, 0xa1, 0x00, 0xa4, 0x00, 0xac, 0x00, 0x0d, 0x00, 0x0a, 0x00, 0x8b, 0x00,
    0x0a, 0x00, 0x0a, 0x00, 0x6b, 0x00, 0xab, 0x00, 0xae, 0x00, 0x2d, 0x00, 0x2a, 0x00, 0xcc, 0x00,
    0xab, 0x00, 0x65, 0x00, 0xa4, 0x00, 0xc4, 0x00, 0x66, 0x00, 0x25, 0x00, 0x28, 0x00, 0x4a, 0x00,
    0x0c, 0x00, 0x0c, 0x00, 0x2a, 0x00, 0x28, 0x00, 0x0a, 0x00, 0xab, 0x00, 0xc9, 0x00, 0xab, 0x00,
    0xeb, 0x00, 0x2f, 0x00, 0x52, 0x00, 0x90, 0x00, 0x2c, 0x00, 0xcb, 0x00, 0x45, 0x00, 0x00, 0x00,
    0x00, 0x00, 0x00, 0x00, 0x00, 0x00, 0x00, 0x00, 0x00, 0x00, 0x00, 0x00, 0x00, 0x00, 0x00, 0x00,
    0x00, 0x00, 0x00, 0x00, 0x00, 0x00, 0x00, 0x00, 0x00, 0x00, 0x00, 0x00, 0x00, 0x00, 0x00, 0x00,
    0x00, 0x00, 0x00, 0x00, 0x00, 0x00, 0x00, 0x00, 0x00, 0x00, 0x00, 0x00, 0x00, 0x00, 0x00, 0x00,
    0x00, 0x00, 0xa4, 0x00, 0x86, 0x00, 0x2a, 0x00, 0x0a, 0x00, 0x68, 0x00, 0x4b, 0x00, 0xa9, 0x00,
    0x68, 0x00, 0x48, 0x00, 0x48, 0x00, 0x68, 0x00, 0xc9, 0x00, 0xab, 0x00, 0xe9, 0x00, 0x0a, 0x00,
    0xcc, 0x00, 0x0a, 0x00, 0x07, 0x00, 0x25, 0x00, 0x25, 0x00, 0x45, 0x00, 0x89, 0x00, 0x8b, 0x00,
    0x8e, 0x00, 0xcc, 0x00, 0x8b, 0x00, 0x2a, 0x00, 0x68, 0x00, 0x4a, 0x00, 0x6a, 0x00, 0x6f, 0x00,
    0x4f, 0x00, 0x6d, 0x00, 0xce, 0x00, 0xd1, 0x00, 0xcb, 0x00, 0x2c, 0x00, 0xa8, 0x00, 0x00, 0x00,
    0x00, 0x00, 0x00, 0x00, 0x00, 0x00, 0x00, 0x00, 0x00, 0x00, 0x00, 0x00, 0x00, 0x00, 0x00, 0x00,
    0x00, 0x00, 0x00, 0x00, 0x00, 0x00, 0x00, 0x00, 0x00, 0x00, 0x00, 0x00, 0x00, 0x00, 0x00, 0x00,
    0x00, 0x00, 0x00, 0x00, 0x00, 0x00, 0x00, 0x00, 0x00, 0x00, 0x00, 0x00, 0x00, 0x00, 0x20, 0x00,
    0xc7, 0x00, 0x08, 0x00, 0x46, 0x00, 0x68, 0x00, 0xa9, 0x00, 0x0d, 0x00, 0x2a, 0x00, 0x69, 0x00,
    0x49, 0x00, 0x08, 0x00, 0xe7, 0x00, 0x08, 0x00, 0x28, 0x00, 0xa9, 0x00, 0x8b, 0x00, 0x6b, 0x00,
    0x8b, 0x00, 0x2a, 0x00, 0x0a, 0x00, 0xe7, 0x00, 0xc4, 0x00, 0x08, 0x00, 0x28, 0x00, 0xcb, 0x00,
    0x6b, 0x00, 0xe9, 0x00, 0x6b, 0x00, 0x4a, 0x00, 0x88, 0x00, 0x88, 0x00, 0x2a, 0x00, 0x2f, 0x00,
    0x70, 0x00, 0x70, 0x00, 0x0c, 0x00, 0x0c, 0x00, 0x2c, 0x00, 0x4c, 0x00, 0xc9, 0x00, 0x61, 0x00,
    0x00, 0x00, 0x00, 0x00, 0x00, 0x00, 0x00, 0x00, 0x00, 0x00, 0x00, 0x00, 0x00, 0x00, 0x00, 0x00,
    0x00, 0x00, 0x00, 0x00, 0x00, 0x00, 0x00, 0x00, 0x00, 0x00, 0x00, 0x00, 0x00, 0x00, 0x00, 0x00,
    0x00, 0x00, 0x00, 0x00, 0x00, 0x00, 0x00, 0x00, 0x00, 0x00, 0x00, 0x00, 0x00, 0x00, 0x25, 0x00,
    0xaa, 0x00, 0xe5, 0x00, 0xe7, 0x00, 0xe7, 0x00, 0x4b, 0x00, 0xa9, 0x00, 0x28, 0x00, 0xe7, 0x00,
    0x66, 0x00, 0xc7, 0x00, 0xe7, 0x00, 0x08, 0x00, 0x28, 0x00, 0xa7, 0x00, 0x28, 0x00, 0xa9, 0x00,
    0x0a, 0x00, 0x0a, 0x00, 0x48, 0x00, 0x89, 0x00, 0x25, 0x00, 0xe7, 0x00, 0xa9, 0x00, 0x0a, 0x00,
    0xe9, 0x00, 0x6b, 0x00, 0xc9, 0x00, 0x68, 0x00, 0x0a, 0x00, 0xe7, 0x00, 0x8b, 0x00, 0x2c, 0x00,
    0x2c, 0x00, 0x8d, 0x00, 0xce, 0x00, 0x0c, 0x00, 0x2c, 0x00, 0x0c, 0x00, 0x07, 0x00, 0xa1, 0x00,
    0x00, 0x00, 0x00, 0x00, 0x00, 0x00, 0x00, 0x00, 0x00, 0x00, 0x00, 0x00, 0x00, 0x00, 0x00, 0x00,
    0x00, 0x00, 0x00, 0x00, 0x00, 0x00, 0x00, 0x00, 0x00, 0x00, 0x00, 0x00, 0x00, 0x00, 0x00, 0x00,
    0x00, 0x00, 0x00, 0x00, 0x00, 0x00, 0x00, 0x00, 0x00, 0x00, 0x00, 0x00, 0xa1, 0x00, 0x69, 0x00,
    0xc4, 0x00, 0x25, 0x00, 0x49, 0x00, 0xa9, 0x00, 0x08, 0x00, 0xa7, 0x00, 0xc7, 0x00, 0x05, 0x00,
    0x05, 0x00, 0x05, 0x00, 0x05, 0x00, 0x46, 0x00, 0xc7, 0x00, 0x28, 0x00, 0x07, 0x00, 0xe7, 0x00,
    0x28, 0x00, 0xc9, 0x00, 0x07, 0x00, 0xc7, 0x00, 0xc4, 0x00, 0x68, 0x00, 0x89, 0x00, 0x68, 0x00,
    0x2a, 0x00, 0x0a, 0x00, 0xe7, 0x00, 0xc9, 0x00, 0x48, 0x00, 0x25, 0x00, 0x8b, 0x00, 0x4d, 0x00,
    0xec, 0x00, 0x2c, 0x00, 0x8d, 0x00, 0xec, 0x00, 0xec, 0x00, 0xe9, 0x00, 0x45, 0x00, 0x40, 0x00,
    0x00, 0x00, 0x00, 0x00, 0x00, 0x00, 0x00, 0x00, 0x00, 0x00, 0x00, 0x00, 0x00, 0x00, 0x00, 0x00,
    0x00, 0x00, 0x00, 0x00, 0x00, 0x00, 0x00, 0x00, 0x00, 0x00, 0x00, 0x00, 0x00, 0x00, 0x00, 0x00,
    0x00, 0x00, 0x00, 0x00, 0x00, 0x00, 0x00, 0x00, 0x00, 0x00, 0x00, 0x00, 0x25, 0x00, 0x46, 0x00,
    0x84, 0x00, 0x46, 0x00, 0xea, 0x00, 0xea, 0x00, 0x87, 0x00, 0x87, 0x00, 0xc5, 0x00, 0x05, 0x00,
    0x46, 0x00, 0x87, 0x00, 0x87, 0x00, 0x25, 0x00, 0xc4, 0x00, 0x86, 0x00, 0x48, 0x00, 0x08, 0x00,
    0xe7, 0x00, 0x68, 0x00, 0x48, 0x00, 0xc4, 0x00, 0x46, 0x00, 0xc9, 0x00, 0x0a, 0x00, 0x48, 0x00,
    0x68, 0x00, 0x48, 0x00, 0x88, 0x00, 0xa9, 0x00, 0x65, 0x00, 0x4a, 0x00, 0x8b, 0x00, 0x6a, 0x00,
    0x0c, 0x00, 0xab, 0x00, 0xec, 0x00, 0x4a, 0x00, 0x2a, 0x00, 0xc6, 0x00, 0x63, 0x00, 0x00, 0x00,
    0x00, 0x00, 0x00, 0x00, 0x00, 0x00, 0x00, 0x00, 0x00, 0x00, 0x00, 0x00, 0x00, 0x00, 0x00, 0x00,
    0x00, 0x00, 0x00, 0x00, 0x00, 0x00, 0x00, 0x00, 0x00, 0x00, 0x00, 0x00, 0x00, 0x00, 0x00, 0x00,
    0x00, 0x00, 0x00, 0x00, 0x00, 0x00, 0x00, 0x00, 0x00, 0x00, 0x20, 0x00, 0xe2, 0x00, 0xe2, 0x00,
    0x26, 0x00, 0x87, 0x00, 0x0b, 0x00, 0x49, 0x00, 0xa7, 0x00, 0xc5, 0x00, 0xc5, 0x00, 0x26, 0x00,
    0x46, 0x00, 0x05, 0x00, 0xa4, 0x00, 0x23, 0x00, 0x23, 0x00, 0x02, 0x00, 0x86, 0x00, 0xc9, 0x00,
    0x07, 0x00, 0x08, 0x00, 0x48, 0x00, 0x05, 0x00, 0xe7, 0x00, 0xea, 0x00, 0x2a, 0x00, 0x28, 0x00,
    0x68, 0x00, 0x27, 0x00, 0x28, 0x00, 0x25, 0x00, 0xe7, 0x00, 0x8b, 0x00, 0x0c, 0x00, 0x2a, 0x00,
    0x09, 0x00, 0xab, 0x00, 0xcb, 0x00, 0xa8, 0x00, 0x88, 0x00, 0x66, 0x00, 0x43, 0x00, 0x00, 0x00,
    0x00, 0x00, 0x00, 0x00, 0x00, 0x00, 0x00, 0x00, 0x00, 0x00, 0x00, 0x00, 0x00, 0x00, 0x00, 0x00,
    0x00, 0x00, 0x00, 0x00, 0x00, 0x00, 0x00, 0x00, 0x00, 0x00, 0x00, 0x00, 0x00, 0x00, 0x00, 0x00,
    0x00, 0x00, 0x00, 0x00, 0x00, 0x00, 0x00, 0x00, 0x00, 0x00, 0x00, 0x00, 0x00, 0x00, 0xc5, 0x00,
    0x46, 0x00, 0xe8, 0x00, 0x69, 0x00, 0xe8, 0x00, 0x66, 0x00, 0x06, 0x00, 0x46, 0x00, 0x26, 0x00,
    0xe5, 0x00, 0x23, 0x00, 0x63, 0x00, 0x81, 0x00, 0x00, 0x00, 0x00, 0x00, 0x61, 0x00, 0xa6, 0x00,
    0x69, 0x00, 0xe7, 0x00, 0x86, 0x00, 0xa7, 0x00, 0xa9, 0x00, 0x2a, 0x00, 0x0a, 0x00, 0x48, 0x00,
    0xa9, 0x00, 0xc7, 0x00, 0xe4, 0x00, 0x04, 0x00, 0x07, 0x00, 0x2a, 0x00, 0x8b, 0x00, 0xec, 0x00,
    0x68, 0x00, 0xc9, 0x00, 0xe9, 0x00, 0xe9, 0x00, 0x45, 0x00, 0xe7, 0x00, 0xc7, 0x00, 0x00, 0x00,
    0x00, 0x00, 0x00, 0x00, 0x00, 0x00, 0x00, 0x00, 0x00, 0x00, 0x00, 0x00, 0x00, 0x00, 0x00, 0x00,
    0x00, 0x00, 0x00, 0x00, 0x00, 0x00, 0x00, 0x00, 0x00, 0x00, 0x00, 0x00, 0x00, 0x00, 0x00, 0x00,
    0x00, 0x00, 0x00, 0x00, 0x00, 0x00, 0x00, 0x00, 0x00, 0x00, 0x00, 0x00, 0x64, 0x00, 0x06, 0x00,
    0x66, 0x00, 0xc7, 0x00, 0x87, 0x00, 0x08, 0x00, 0x46, 0x00, 0xa7, 0x00, 0x46, 0x00, 0x05, 0x00,
    0x43, 0x00, 0xa4, 0x00, 0xc5, 0x00, 0x25, 0x00, 0x61, 0x00, 0x00, 0x00, 0x00, 0x00, 0x00, 0x00,
    0xe5, 0x00, 0xc7, 0x00, 0x25, 0x00, 0x48, 0x00, 0x2a, 0x00, 0xc9, 0x00, 0x2a, 0x00, 0x48, 0x00,
    0x07, 0x00, 0xe4, 0x00, 0x05, 0x00, 0x65, 0x00, 0xa6, 0x00, 0xe9, 0x00, 0x09, 0x00, 0x2a, 0x00,
    0xc9, 0x00, 0x68, 0x00, 0xc9, 0x00, 0xe6, 0x00, 0xa4, 0x00, 0x07, 0x00, 0xe9, 0x00, 0x43, 0x00,
    0x00, 0x00, 0x00, 0x00, 0x00, 0x00, 0x00, 0x00, 0x00, 0x00, 0x00, 0x00, 0x00, 0x00, 0x00, 0x00,
    0x00, 0x00, 0x00, 0x00, 0x00, 0x00, 0x00, 0x00, 0x00, 0x00, 0x00, 0x00, 0x00, 0x00, 0x00, 0x00,
    0x00, 0x00, 0x00, 0x00, 0x00, 0x00, 0x00, 0x00, 0x00, 0x00, 0x00, 0x00, 0x46, 0x00, 0xc5, 0x00,
    0xa7, 0x00, 0x46, 0x00, 0x08, 0x00, 0xe8, 0x00, 0x26, 0x00, 0x66, 0x00, 0x05, 0x00, 0x43, 0x00,
    0xa4, 0x00, 0xc4, 0x00, 0x64, 0x00, 0x05, 0x00, 0x83, 0x00, 0x00, 0x00, 0x00, 0x00, 0x00, 0x00,
    0x00, 0x00, 0xa1, 0x00, 0xc7, 0x00, 0x89, 0x00, 0x8b, 0x00, 0xec, 0x00, 0xa8, 0x00, 0x86, 0x00,
    0x45, 0x00, 0x25, 0x00, 0xe7, 0x00, 0x48, 0x00, 0x07, 0x00, 0x27, 0x00, 0x0a, 0x00, 0xe9, 0x00,
    0xa8, 0x00, 0xe9, 0x00, 0xe7, 0x00, 0x22, 0x00, 0x86, 0x00, 0x48, 0x00, 0xa8, 0x00, 0x4a, 0x00,
    0x02, 0x00, 0x00, 0x00, 0x00, 0x00, 0x00, 0x00, 0x00, 0x00, 0x00, 0x00, 0x00, 0x00, 0x00, 0x00,
    0x00, 0x00, 0x00, 0x00, 0x00, 0x00, 0x00, 0x00, 0x00, 0x00, 0x00, 0x00, 0x00, 0x00, 0x00, 0x00,
    0x00, 0x00, 0x00, 0x00, 0x00, 0x00, 0x00, 0x00, 0x00, 0x00, 0xa1, 0x00, 0xa7, 0x00, 0xa4, 0x00,
    0x67, 0x00, 0x66, 0x00, 0x29, 0x00, 0x66, 0x00, 0x66, 0x00, 0xe5, 0x00, 0xe5, 0x00, 0x43, 0x00,
    0x05, 0x00, 0x25, 0x00, 0xc4, 0x00, 0xe5, 0x00, 0x25, 0x00, 0x40, 0x00, 0x20, 0x00, 0xe5, 0x00,
    0xc4, 0x00, 0x05, 0x00, 0xe7, 0x00, 0x48, 0x00, 0x4a, 0x00, 0x0c, 0x00, 0xcc, 0x00, 0x27, 0x00,
    0x25, 0x00, 0x07, 0x00, 0x07, 0x00, 0x88, 0x00, 0xa9, 0x00, 0x47, 0x00, 0x68, 0x00, 0xc9, 0x00,
    0x88, 0x00, 0xa6, 0x00, 0x02, 0x00, 0xa4, 0x00, 0x25, 0x00, 0x48, 0x00, 0x0a, 0x00, 0x2c, 0x00,
    0xe9, 0x00, 0x40, 0x00, 0x00, 0x00, 0x00, 0x00, 0x00, 0x00, 0x00, 0x00, 0x00, 0x00, 0x00, 0x00,
    0x00, 0x00, 0x00, 0x00, 0x00, 0x00, 0x00, 0x00, 0x00, 0x00, 0x00, 0x00, 0x00, 0x00, 0x00, 0x00,
    0x00, 0x00, 0x00, 0x00, 0x00, 0x00, 0x00, 0x00, 0x00, 0x00, 0x23, 0x00, 0xc8, 0x00, 0x64, 0x00,
    0x06, 0x00, 0x66, 0x00, 0x67, 0x00, 0x05, 0x00, 0xc8, 0x00, 0xa7, 0x00, 0x05, 0x00, 0x23, 0x00,
    0xe5, 0x00, 0x86, 0x00, 0x25, 0x00, 0x05, 0x00, 0x46, 0x00, 0xc1, 0x00, 0x00, 0x00, 0x02, 0x00,
    0x28, 0x00, 0x28, 0x00, 0x66, 0x00, 0x08, 0x00, 0x4b, 0x00, 0x8b, 0x00, 0xec, 0x00, 0x0c, 0x00,
    0xa6, 0x00, 0xa6, 0x00, 0xc6, 0x00, 0x27, 0x00, 0x48, 0x00, 0xc9, 0x00, 0x88, 0x00, 0xe6, 0x00,
    0xa4, 0x00, 0xa1, 0x00, 0xa4, 0x00, 0xa4, 0x00, 0x45, 0x00, 0xc7, 0x00, 0x6b, 0x00, 0x6b, 0x00,
    0xec, 0x00, 0xa6, 0x00, 0x00, 0x00, 0x00, 0x00, 0x00, 0x00, 0x00, 0x00, 0x00, 0x00, 0x00, 0x00,
    0x00, 0x00, 0x00, 0x00, 0x00, 0x00, 0x00, 0x00, 0x00, 0x00, 0x00, 0x00, 0x00, 0x00, 0x00, 0x00,
    0x00, 0x00, 0x00, 0x00, 0x00, 0x00, 0x00, 0x00, 0x00, 0x00, 0x64, 0x00, 0xc8, 0x00, 0xe2, 0x00,
    0xc5, 0x00, 0xa7, 0x00, 0xc5, 0x00, 0x26, 0x00, 0xc8, 0x00, 0xa7, 0x00, 0xc5, 0x00, 0x64, 0x00,
    0xc5, 0x00, 0x26, 0x00, 0x66, 0x00, 0x45, 0x00, 0x25, 0x00, 0x61, 0x00, 0x00, 0x00, 0x00, 0x00,
    0x00, 0x00, 0xc2, 0x00, 0xa4, 0x00, 0x08, 0x00, 0x68, 0x00, 0xab, 0x00, 0xab, 0x00, 0x2d, 0x00,
    0x88, 0x00, 0xa3, 0x00, 0x85, 0x00, 0xa6, 0x00, 0xc6, 0x00, 0x85, 0x00, 0x83, 0x00, 0x81, 0x00,
    0x00, 0x00, 0x81, 0x00, 0x25, 0x00, 0xc4, 0x00, 0x05, 0x00, 0xe7, 0x00, 0xc9, 0x00, 0x4a, 0x00,
    0x6b, 0x00, 0xab, 0x00, 0x61, 0x00, 0x00, 0x00, 0x00, 0x00, 0x00, 0x00, 0x00, 0x00, 0x00, 0x00,
    0x00, 0x00, 0x00, 0x00, 0x00, 0x00, 0x00, 0x00, 0x00, 0x00, 0x00, 0x00, 0x00, 0x00, 0x00, 0x00,
    0x00, 0x00, 0x00, 0x00, 0x00, 0x00, 0x00, 0x00, 0x00, 0x00, 0x84, 0x00, 0x67, 0x00, 0x23, 0x00,
    0x84, 0x00, 0x67, 0x00, 0x05, 0x00, 0x87, 0x00, 0xe8, 0x00, 0xa7, 0x00, 0xa4, 0x00, 0x84, 0x00,
    0xe5, 0x00, 0x05, 0x00, 0x86, 0x00, 0x66, 0x00, 0x43, 0x00, 0x00, 0x00, 0x00, 0x00, 0x00, 0x00,
    0x61, 0x00, 0x05, 0x00, 0x66, 0x00, 0xc7, 0x00, 0xe7, 0x00, 0xa9, 0x00, 0xac, 0x00, 0xcb, 0x00,
    0x4a, 0x00, 0x81, 0x00, 0x60, 0x00, 0x81, 0x00, 0x40, 0x00, 0x00, 0x00, 0x00, 0x00, 0x00, 0x00,
    0x00, 0x00, 0x00, 0x00, 0xa1, 0x00, 0xa4, 0x00, 0xc4, 0x00, 0xe7, 0x00, 0xc9, 0x00, 0x0a, 0x00,
    0xab, 0x00, 0x6d, 0x00, 0x45, 0x00, 0x00, 0x00, 0x00, 0x00, 0x00, 0x00, 0x00, 0x00, 0x00, 0x00,
    0x00, 0x00, 0x00, 0x00, 0x00, 0x00, 0x00, 0x00, 0x00, 0x00, 0x00, 0x00, 0x00, 0x00, 0x00, 0x00,
    0x00, 0x00, 0x00, 0x00, 0x00, 0x00, 0x00, 0x00, 0x00, 0x00, 0x43, 0x00, 0xe5, 0x00, 0x23, 0x00,
    0x64, 0x00, 0x46, 0x00, 0x87, 0x00, 0xc8, 0x00, 0xc8, 0x00, 0xc8, 0x00, 0xe5, 0x00, 0xa4, 0x00,
    0xa4, 0x00, 0xe5, 0x00, 0x25, 0x00, 0x43, 0x00, 0x00, 0x00, 0x00, 0x00, 0x00, 0x00, 0x00, 0x00,
    0x00, 0x00, 0xe2, 0x00, 0x25, 0x00, 0x05, 0x00, 0xc7, 0x00, 0xe7, 0x00, 0x4a, 0x00, 0x2a, 0x00,
    0xab, 0x00, 0xc4, 0x00, 0x00, 0x00, 0x00, 0x00, 0x00, 0x00, 0x00, 0x00, 0x00, 0x00, 0x00, 0x00,
    0x00, 0x00, 0x00, 0x00, 0x00, 0x00, 0x00, 0x00, 0x61, 0x00, 0xe5, 0x00, 0x48, 0x00, 0x68, 0x00,
    0x2a, 0x00, 0x0c, 0x00, 0x6b, 0x00, 0x20, 0x00, 0x00, 0x00, 0x00, 0x00, 0x00, 0x00, 0x00, 0x00,
    0x00, 0x00, 0x00, 0x00, 0x00, 0x00, 0x00, 0x00, 0x00, 0x00, 0x00, 0x00, 0x00, 0x00, 0x00, 0x00,
    0x00, 0x00, 0x00, 0x00, 0x00, 0x00, 0x00, 0x00, 0x00, 0x00, 0xe2, 0x00, 0x43, 0x00, 0x03, 0x00,
    0x84, 0x00, 0x05, 0x00, 0xa7, 0x00, 0x09, 0x00, 0xe8, 0x00, 0xa7, 0x00, 0x26, 0x00, 0x84, 0x00,
    0x26, 0x00, 0xa4, 0x00, 0x81, 0x00, 0x00, 0x00, 0x00, 0x00, 0x00, 0x00, 0x00, 0x00, 0x00, 0x00,
    0x00, 0x00, 0x00, 0x00, 0x00, 0x00, 0x40, 0x00, 0xa4, 0x00, 0x48, 0x00, 0xc9, 0x00, 0x8b, 0x00,
    0x2a, 0x00, 0xe7, 0x00, 0x20, 0x00, 0x00, 0x00, 0x00, 0x00, 0x00, 0x00, 0x00, 0x00, 0x00, 0x00,
    0x00, 0x00, 0x00, 0x00, 0x00, 0x00, 0x00, 0x00, 0x00, 0x00, 0x20, 0x00, 0xe4, 0x00, 0x68, 0x00,
    0xa8, 0x00, 0x4a, 0x00, 0x4d, 0x00, 0xc4, 0x00, 0x00, 0x00, 0x00, 0x00, 0x00, 0x00, 0x00, 0x00,
    0x00, 0x00, 0x00, 0x00, 0x00, 0x00, 0x00, 0x00, 0x00, 0x00, 0x00, 0x00, 0x00, 0x00, 0x00, 0x00,
    0x00, 0x00, 0x00, 0x00, 0x00, 0x00, 0x00, 0x00, 0x00, 0x00, 0x40, 0x00, 0x40, 0x00, 0xc2, 0x00,
    0x05, 0x00, 0x64, 0x00, 0x67, 0x00, 0x87, 0x00, 0x29, 0x00, 0xa8, 0x00, 0x67, 0x00, 0x43, 0x00,
    0x06, 0x00, 0xe5, 0x00, 0x61, 0x00, 0x00, 0x00, 0x00, 0x00, 0x00, 0x00, 0x00, 0x00, 0x00, 0x00,
    0x00, 0x00, 0x00, 0x00, 0x00, 0x00, 0x00, 0x00, 0x00, 0x00, 0x05, 0x00, 0x48, 0x00, 0x0a, 0x00,
    0x0a, 0x00, 0xc9, 0x00, 0xa4, 0x00, 0x00, 0x00, 0x00, 0x00, 0x00, 0x00, 0x00, 0x00, 0x00, 0x00,
    0x00, 0x00, 0x00, 0x00, 0x00, 0x00, 0x00, 0x00, 0x00, 0x00, 0x00, 0x00, 0x00, 0x00, 0xa4, 0x00,
    0x28, 0x00, 0xe9, 0x00, 0x6a, 0x00, 0xa9, 0x00, 0x40, 0x00, 0x00, 0x00, 0x00, 0x00, 0x00, 0x00,
    0x00, 0x00, 0x00, 0x00, 0x00, 0x00, 0x00, 0x00, 0x00, 0x00, 0x00, 0x00, 0x00, 0x00, 0x00, 0x00,
    0x00, 0x00, 0x00, 0x00, 0x00, 0x00, 0x00, 0x00, 0x00, 0x00, 0x00, 0x00, 0x00, 0x00, 0x81, 0x00,
    0x26, 0x00, 0x44, 0x00, 0xa5, 0x00, 0x46, 0x00, 0xc8, 0x00, 0xa7, 0x00, 0xc8, 0x00, 0x46, 0x00,
    0x84, 0x00, 0x05, 0x00, 0x25, 0x00, 0x20, 0x00, 0x00, 0x00, 0x00, 0x00, 0x00, 0x00, 0x00, 0x00,
    0x00, 0x00, 0x00, 0x00, 0x00, 0x00, 0x00, 0x00, 0x00, 0x00, 0x20, 0x00, 0x66, 0x00, 0xc7, 0x00,
    0x68, 0x00, 0xc9, 0x00, 0xa9, 0x00, 0x81, 0x00, 0x00, 0x00, 0x00, 0x00, 0x00, 0x00, 0x00, 0x00,
    0x00, 0x00, 0x00, 0x00, 0x00, 0x00, 0x00, 0x00, 0x00, 0x00, 0x00, 0x00, 0x00, 0x00, 0x00, 0x00,
    0x66, 0x00, 0x4b, 0x00, 0xcc, 0x00, 0x2a, 0x00, 0xc4, 0x00, 0x00, 0x00, 0x00, 0x00, 0x00, 0x00,
    0x00, 0x00, 0x00, 0x00, 0x00, 0x00, 0x00, 0x00, 0x00, 0x00, 0x00, 0x00, 0x00, 0x00, 0x00, 0x00,
    0x00, 0x00, 0x00, 0x00, 0x00, 0x00, 0x00, 0x00, 0x00, 0x00, 0x00, 0x00, 0x00, 0x00, 0x00, 0x00,
    0xe5, 0x00, 0xe5, 0x00, 0x43, 0x00, 0xc5, 0x00, 0xc8, 0x00, 0xe8, 0x00, 0x67, 0x00, 0xe8, 0x00,
    0xa7, 0x00, 0xa4, 0x00, 0xe5, 0x00, 0xa4, 0x00, 0x40, 0x00, 0x40, 0x00, 0x40, 0x00, 0x00, 0x00,
    0x00, 0x00, 0x00, 0x00, 0x00, 0x00, 0x00, 0x00, 0x00, 0x00, 0x00, 0x00, 0xa1, 0x00, 0x08, 0x00,
    0x07, 0x00, 0xe9, 0x00, 0xe9, 0x00, 0x86, 0x00, 0x00, 0x00, 0x00, 0x00, 0x00, 0x00, 0x00, 0x00,
    0x00, 0x00, 0x00, 0x00, 0x00, 0x00, 0x00, 0x00, 0x00, 0x00, 0x00, 0x00, 0x00, 0x00, 0x00, 0x00,
    0xa4, 0x00, 0xc9, 0x00, 0xac, 0x00, 0xc9, 0x00, 0xe7, 0x00, 0xc2, 0x00, 0x00, 0x00, 0x00, 0x00,
    0x00, 0x00, 0x00, 0x00, 0x00, 0x00, 0x00, 0x00, 0x00, 0x00, 0x00, 0x00, 0x00, 0x00, 0x00, 0x00,
    0x00, 0x00, 0x00, 0x00, 0x00, 0x00, 0x00, 0x00, 0x00, 0x00, 0x00, 0x00, 0x00, 0x00, 0x00, 0x00,
    0xe2, 0x00, 0x26, 0x00, 0x64, 0x00, 0x43, 0x00, 0xe5, 0x00, 0xe8, 0x00, 0x67, 0x00, 0x06, 0x00,
    0xe8, 0x00, 0xe8, 0x00, 0x26, 0x00, 0x05, 0x00, 0xa4, 0x00, 0x84, 0x00, 0xc4, 0x00, 0xa4, 0x00,
    0x84, 0x00, 0xe4, 0x00, 0x05, 0x00, 0xc4, 0x00, 0x63, 0x00, 0xc2, 0x00, 0x00, 0x00, 0x45, 0x00,
    0x48, 0x00, 0x68, 0x00, 0x48, 0x00, 0x28, 0x00, 0xe2, 0x00, 0x00, 0x00, 0x00, 0x00, 0x00, 0x00,
    0x00, 0x00, 0x00, 0x00, 0x00, 0x00, 0x00, 0x00, 0x00, 0x00, 0x00, 0x00, 0x00, 0x00, 0x00, 0x00,
    0xc2, 0x00, 0x48, 0x00, 0xa9, 0x00, 0x0a, 0x00, 0xc7, 0x00, 0xa6, 0x00, 0x63, 0x00, 0x63, 0x00,
    0x66, 0x00, 0x45, 0x00, 0x20, 0x00, 0x00, 0x00, 0x00, 0x00, 0x00, 0x00, 0x00, 0x00, 0x00, 0x00,
    0x00, 0x00, 0x00, 0x00, 0x00, 0x00, 0x00, 0x00, 0x00, 0x00, 0x00, 0x00, 0x00, 0x00, 0x00, 0x00,
    0x00, 0x00, 0xc5, 0x00, 0x05, 0x00, 0x84, 0x00, 0x64, 0x00, 0xc5, 0x00, 0xa7, 0x00, 0xe5, 0x00,
    0x46, 0x00, 0xc8, 0x00, 0xa7, 0x00, 0x66, 0x00, 0xe8, 0x00, 0x08, 0x00, 0x08, 0x00, 0x28, 0x00,
    0x68, 0x00, 0x07, 0x00, 0xc7, 0x00, 0xa6, 0x00, 0x86, 0x00, 0x46, 0x00, 0x84, 0x00, 0xa4, 0x00,
    0x89, 0x00, 0x28, 0x00, 0xe7, 0x00, 0x0a, 0x00, 0xe4, 0x00, 0x00, 0x00, 0x20, 0x00, 0x00, 0x00,
    0x00, 0x00, 0x00, 0x00, 0x00, 0x00, 0x00, 0x00, 0x00, 0x00, 0x00, 0x00, 0x00, 0x00, 0x00, 0x00,
    0xc2, 0x00, 0x28, 0x00, 0x28, 0x00, 0x0a, 0x00, 0xc9, 0x00, 0x48, 0x00, 0x07, 0x00, 0xa9, 0x00,
    0x27, 0x00, 0xa8, 0x00, 0x05, 0x00, 0x00, 0x00, 0x00, 0x00, 0x00, 0x00, 0x00, 0x00, 0x00, 0x00,
    0x00, 0x00, 0x00, 0x00, 0x00, 0x00, 0x00, 0x00, 0x00, 0x00, 0x00, 0x00, 0x00, 0x00, 0x00, 0x00,
    0x00, 0x00, 0x40, 0x00, 0xe5, 0x00, 0xe2, 0x00, 0x84, 0x00, 0xa4, 0x00, 0xc5, 0x00, 0xe5, 0x00,
    0x84, 0x00, 0x26, 0x00, 0x66, 0x00, 0xe5, 0x00, 0xc5, 0x00, 0xc5, 0x00, 0xe5, 0x00, 0xc4, 0x00,
    0xc4, 0x00, 0x05, 0x00, 0xc4, 0x00, 0xa4, 0x00, 0xa4, 0x00, 0xc4, 0x00, 0xe5, 0x00, 0x63, 0x00,
    0x07, 0x00, 0x88, 0x00, 0x65, 0x00, 0x89, 0x00, 0xe7, 0x00, 0x43, 0x00, 0xa6, 0x00, 0x86, 0x00,
    0x00, 0x00, 0x00, 0x00, 0x00, 0x00, 0x00, 0x00, 0x00, 0x00, 0x00, 0x00, 0x00, 0x00, 0x00, 0x00,
    0x20, 0x00, 0xc2, 0x00, 0x83, 0x00, 0x28, 0x00, 0x07, 0x00, 0x48, 0x00, 0x66, 0x00, 0x45, 0x00,
    0x89, 0x00, 0xc4, 0x00, 0x26, 0x00, 0x61, 0x00, 0x00, 0x00, 0x00, 0x00, 0x00, 0x00, 0x00, 0x00,
    0x00, 0x00, 0x00, 0x00, 0x00, 0x00, 0x00, 0x00, 0x00, 0x00, 0x00, 0x00, 0x00, 0x00, 0x00, 0x00,
    0x00, 0x00, 0x00, 0x00, 0x20, 0x00, 0x40, 0x00, 0x20, 0x00, 0x64, 0x00, 0xc5, 0x00, 0xc5, 0x00,
    0x43, 0x00, 0x23, 0x00, 0x64, 0x00, 0x84, 0x00, 0x84, 0x00, 0xa4, 0x00, 0xc4, 0x00, 0xc4, 0x00,
    0x63, 0x00, 0xc1, 0x00, 0x20, 0x00, 0x00, 0x00, 0x00, 0x00, 0x20, 0x00, 0x61, 0x00, 0xa1, 0x00,
    0x65, 0x00, 0x88, 0x00, 0x83, 0x00, 0x05, 0x00, 0x68, 0x00, 0xe4, 0x00, 0xe4, 0x00, 0xe7, 0x00,
    0x05, 0x00, 0x00, 0x00, 0x00, 0x00, 0x00, 0x00, 0x00, 0x00, 0x00, 0x00, 0x00, 0x00, 0x00, 0x00,
    0x00, 0x00, 0x00, 0x00, 0x00, 0x00, 0xc1, 0x00, 0x04, 0x00, 0x43, 0x00, 0x66, 0x00, 0x23, 0x00,
    0xa4, 0x00, 0x03, 0x00, 0x20, 0x00, 0x20, 0x00, 0x00, 0x00, 0x00, 0x00, 0x00, 0x00, 0x00, 0x00,
    0x00, 0x00, 0x00, 0x00, 0x00, 0x00, 0x00, 0x00, 0x00, 0x00, 0x00, 0x00, 0x00, 0x00, 0x00, 0x00,
    0x00, 0x00, 0x00, 0x00, 0x00, 0x00, 0x00, 0x00, 0x00, 0x00, 0x00, 0x00, 0x81, 0x00, 0x43, 0x00,
    0x84, 0x00, 0xa4, 0x00, 0x43, 0x00, 0xe2, 0x00, 0xe2, 0x00, 0xc2, 0x00, 0xa1, 0x00, 0x20, 0x00,
    0x00, 0x00, 0x00, 0x00, 0x00, 0x00, 0x00, 0x00, 0x00, 0x00, 0x00, 0x00, 0x00, 0x00, 0x43, 0x00,
    0x45, 0x00, 0xe7, 0x00, 0xe4, 0x00, 0x83, 0x00, 0x86, 0x00, 0x86, 0x00, 0x83, 0x00, 0x63, 0x00,
    0x05, 0x00, 0x61, 0x00, 0x00, 0x00, 0x00, 0x00, 0x00, 0x00, 0x00, 0x00, 0x00, 0x00, 0x00, 0x00,
    0x00, 0x00, 0x00, 0x00, 0x00, 0x00, 0x00, 0x00, 0x00, 0x00, 0x20, 0x00, 0xa1, 0x00, 0x20, 0x00,
    0x00, 0x00, 0x00, 0x00, 0x00, 0x00, 0x00, 0x00, 0x00, 0x00, 0x00, 0x00, 0x00, 0x00, 0x00, 0x00,
    0x00, 0x00, 0x00, 0x00, 0x00, 0x00, 0x00, 0x00, 0x00, 0x00, 0x00, 0x00, 0x00, 0x00, 0x00, 0x00,
    0x00, 0x00, 0x00, 0x00, 0x00, 0x00, 0x00, 0x00, 0x00, 0x00, 0x00, 0x00, 0x00, 0x00, 0x00, 0x00,
    0x00, 0x00, 0x20, 0x00, 0x20, 0x00, 0x00, 0x00, 0x00, 0x00, 0x00, 0x00, 0x00, 0x00, 0x00, 0x00,
    0x00, 0x00, 0x00, 0x00, 0x00, 0x00, 0x00, 0x00, 0x00, 0x00, 0x00, 0x00, 0x00, 0x00, 0x61, 0x00,
    0xe2, 0x00, 0x05, 0x00, 0xc2, 0x00, 0xa1, 0x00, 0x03, 0x00, 0xa7, 0x00, 0x40, 0x00, 0x00, 0x00,
    0x40, 0x00, 0x20, 0x00, 0x00, 0x00, 0x00, 0x00, 0x00, 0x00, 0x00, 0x00, 0x00, 0x00, 0x00, 0x00,
    0x00, 0x00, 0x00, 0x00, 0x00, 0x00, 0x00, 0x00, 0x00, 0x00, 0x00, 0x00, 0x00, 0x00, 0x00, 0x00,
    0x00, 0x00, 0x00, 0x00, 0x00, 0x00, 0x00, 0x00, 0x00, 0x00, 0x00, 0x00, 0x00, 0x00, 0x00, 0x00,
    0x00, 0x00, 0x00, 0x00, 0x00, 0x00, 0x00, 0x00, 0x00, 0x00, 0x00, 0x00, 0x00, 0x00, 0x00, 0x00,
    0x00, 0x00, 0x00, 0x00, 0x00, 0x00, 0x00, 0x00, 0x00, 0x00, 0x00, 0x00, 0x00, 0x00, 0x00, 0x00,
    0x00, 0x00, 0x00, 0x00, 0x00, 0x00, 0x00, 0x00, 0x00, 0x00, 0x00, 0x00, 0x00, 0x00, 0x00, 0x00,
    0x00, 0x00, 0x00, 0x00, 0x00, 0x00, 0x00, 0x00, 0x00, 0x00, 0x00, 0x00, 0x00, 0x00, 0x00, 0x00,
    0x00, 0x00, 0x81, 0x00, 0x00, 0x00, 0x00, 0x00, 0x00, 0x00, 0xa1, 0x00, 0x00, 0x00, 0x00, 0x00,
    0x00, 0x00, 0x00, 0x00, 0x00, 0x00, 0x00, 0x00, 0x00, 0x00, 0x00, 0x00, 0x00, 0x00, 0x00, 0x00,
    0x00, 0x00, 0x00, 0x00, 0x00, 0x00, 0x00, 0x00, 0x00, 0x00, 0x00, 0x00, 0x00, 0x00, 0x00, 0x00,
    0x00, 0x00, 0x00, 0x00, 0x00, 0x00, 0x00, 0x00, 0x00, 0x00, 0x00, 0x00, 0x00, 0x00, 0x00, 0x00,
    0x00, 0x00, 0x00, 0x00, 0x00, 0x00, 0x00, 0x00, 0x00, 0x00, 0x00, 0x00, 0x1f, 0x1f, 0x00, 0x00,
    0x00, 0x00, 0x00, 0x00, 0x00, 0x00, 0x00, 0x00, 0x00, 0x00, 0x00, 0x00, 0x00, 0x16, 0xde, 0x00,
    0x00, 0x00, 0x00, 0x00, 0x00, 0x00, 0x00, 0x00, 0x00, 0x00, 0x00, 0x00, 0x00, 0x00, 0x00, 0x00,
    0x00, 0x00, 0x00, 0x00, 0x00, 0x00, 0x00, 0x00, 0x00, 0x00, 0x00, 0x00, 0x00, 0x00, 0x00, 0x00,
    0x00, 0x00, 0x00, 0x00, 0x00, 0x00, 0x00, 0x00, 0x00, 0x00, 0x00, 0x00, 0x62, 0x56, 0x00, 0x00,
    0x00, 0x00, 0x00, 0x09, 0x20, 0x00, 0x00, 0x00, 0x04, 0x1e, 0x00, 0x00, 0x00, 0x51, 0xff, 0x05,
    0x00, 0x06, 0x08, 0x00, 0x00, 0x00, 0x00, 0x00, 0x00, 0x00, 0x00, 0x00, 0x00, 0x00, 0x00, 0x00,
    0x00, 0x00, 0x00, 0x00, 0x00, 0x00, 0x00, 0x00, 0x00, 0x00, 0x00, 0x00, 0x00, 0x00, 0x00, 0x00,
    0x00, 0x00, 0x00, 0x00, 0x00, 0x00, 0x00, 0x00, 0x00, 0x00, 0x00, 0x00, 0x50, 0xe9, 0x03, 0x00,
    0x00, 0x00, 0x00, 0x79, 0x8e, 0x00, 0x00, 0x00, 0x19, 0x8e, 0x00, 0x00, 0x00, 0x46, 0xff, 0x83,
    0x00, 0x8b, 0x47, 0x00, 0x00, 0x00, 0x00, 0x00, 0x00, 0x00, 0x00, 0x00, 0x00, 0x00, 0x00, 0x00,
    0x00, 0x00, 0x00, 0x00, 0x00, 0x00, 0x00, 0x00, 0x00, 0x00, 0x00, 0x00, 0x00, 0x00, 0x00, 0x00,
    0x00, 0x00, 0x00, 0x00, 0x00, 0x00, 0x00, 0x00, 0x00, 0x00, 0x00, 0x00, 0x12, 0xff, 0xb4, 0x11,
    0x00, 0x00, 0x00, 0x86, 0xf5, 0x09, 0x00, 0x08, 0x03, 0xff, 0x1e, 0x00, 0x00, 0x0e, 0xf3, 0xff,
    0x6c, 0xb4, 0xe2, 0x06, 0x00, 0x00, 0x13, 0x05, 0x00, 0x00, 0x00, 0x00, 0x00, 0x00, 0x00, 0x00,
    0x00, 0x00, 0x00, 0x00, 0x00, 0x00, 0x00, 0x00, 0x00, 0x00, 0x00, 0x00, 0x00, 0x00, 0x00, 0x00,
    0x00, 0x00, 0x00, 0x00, 0x00, 0x00, 0x00, 0x00, 0x00, 0x00, 0x00, 0x00, 0x00, 0x8e, 0xff, 0xff,
    0x94, 0x3c, 0x12, 0x52, 0xff, 0xd7, 0x23, 0x73, 0x09, 0x77, 0xff, 0x51, 0x05, 0x07, 0xe4, 0xf9,
    0xff, 0xfd, 0xff, 0xd1, 0x11, 0x02, 0xf3, 0x19, 0x00, 0x00, 0x00, 0x00, 0x00, 0x00, 0x00, 0x00,
    0x00, 0x00, 0x00, 0x00, 0x00, 0x00, 0x00, 0x00, 0x00, 0x00, 0x00, 0x00, 0x00, 0x00, 0x00, 0x00,
    0x00, 0x00, 0x00, 0x00, 0x00, 0x00, 0x00, 0x00, 0x00, 0x00, 0x00, 0x00, 0x00, 0x04, 0xa8, 0xff,
    0xff, 0xff, 0xff, 0xed, 0xf9, 0xff, 0xff, 0xff, 0xe0, 0x7c, 0xf3, 0xff, 0xf3, 0x9a, 0xe2, 0xff,
    0xf9, 0xff, 0xfd, 0xff, 0xfd, 0xb9, 0xff, 0x1a, 0x00, 0x00, 0x00, 0x00, 0x00, 0x00, 0x00, 0x00,
    0x00, 0x00, 0x00, 0x00, 0x00, 0x00, 0x00, 0x00, 0x00, 0x00, 0x00, 0x00, 0x00, 0x00, 0x00, 0x00,
    0x00, 0x00, 0x00, 0x00, 0x00, 0x00, 0x00, 0x00, 0x00, 0x00, 0x00, 0x00, 0x00, 0x00, 0x01, 0x91,
    0xf1, 0xf3, 0xff, 0xff, 0xff, 0xff, 0xf3, 0xf9, 0xff, 0xff, 0xfd, 0xf9, 0xff, 0xff, 0xff, 0xff,
    0xff, 0xff, 0xff, 0xfd, 0xff, 0xff, 0xfd, 0x0f, 0x00, 0x00, 0x00, 0x00, 0x00, 0x00, 0x00, 0x00,
    0x00, 0x00, 0x00, 0x00, 0x00, 0x00, 0x00, 0x00, 0x00, 0x00, 0x00, 0x00, 0x00, 0x00, 0x00, 0x00,
    0x00, 0x00, 0x00, 0x00, 0x00, 0x00, 0x00, 0x00, 0x00, 0x00, 0x01, 0x3c, 0x2d, 0x44, 0x9e, 0xed,
    0xff, 0xfd, 0x9d, 0x78, 0x9d, 0xeb, 0xff, 0xff, 0xff, 0xfb, 0xff, 0xff, 0xfd, 0xf9, 0xfd, 0xff,
    0xff, 0xff, 0xff, 0xff, 0xfd, 0xf3, 0xff, 0x1a, 0x1c, 0x23, 0x00, 0x00, 0x00, 0x00, 0x00, 0x00,
    0x00, 0x00, 0x00, 0x00, 0x00, 0x00, 0x00, 0x00, 0x00, 0x00, 0x00, 0x00, 0x00, 0x00, 0x00, 0x00,
    0x00, 0x00, 0x00, 0x00, 0x00, 0x00, 0x00, 0x00, 0x00, 0x00, 0x00, 0x38, 0xff, 0xff, 0xff, 0xff,
    0x70, 0x0a, 0x00, 0x00, 0x00, 0x04, 0x28, 0x7f, 0xde, 0xfd, 0xff, 0xff, 0xff, 0xff, 0xff, 0xff,
    0xff, 0xff, 0xff, 0xff, 0xff, 0xfb, 0xff, 0xa8, 0xa3, 0xb0, 0x00, 0x00, 0x00, 0x00, 0x00, 0x00,
    0x00, 0x00, 0x00, 0x00, 0x00, 0x00, 0x00, 0x00, 0x00, 0x00, 0x00, 0x00, 0x00, 0x00, 0x00, 0x00,
    0x00, 0x00, 0x00, 0x00, 0x00, 0x00, 0x00, 0x00, 0x00, 0x00, 0x00, 0x00, 0x03, 0x2a, 0x31, 0x08,
    0x00, 0x00, 0x00, 0x00, 0x00, 0x00, 0x00, 0x08, 0x57, 0xf5, 0xfb, 0xff, 0xff, 0xff, 0xff, 0xff,
    0xff, 0xff, 0xff, 0xff, 0xff, 0xff, 0xff, 0xff, 0xff, 0xf1, 0x02, 0x00, 0x00, 0x00, 0x00, 0x00,
    0x00, 0x00, 0x00, 0x00, 0x00, 0x00, 0x00, 0x00, 0x00, 0x00, 0x00, 0x00, 0x00, 0x00, 0x00, 0x00,
    0x00, 0x00, 0x00, 0x00, 0x00, 0x00, 0x00, 0x00, 0x00, 0x00, 0x00, 0x00, 0x00, 0x00, 0x00, 0x00,
    0x02, 0x00, 0x00, 0x00, 0x00, 0x00, 0x0b, 0x89, 0xfb, 0xfd, 0xff, 0xff, 0xff, 0xff, 0xff, 0xff,
    0xff, 0xff, 0xff, 0xff, 0xff, 0xff, 0xff, 0xfb, 0xf9, 0xff, 0x2c, 0x00, 0x00, 0x00, 0x00, 0x00,
    0x00, 0x00, 0x00, 0x00, 0x00, 0x00, 0x00, 0x00, 0x00, 0x00, 0x00, 0x00, 0x00, 0x00, 0x00, 0x00,
    0x00, 0x00, 0x00, 0x00, 0x00, 0x00, 0x00, 0x00, 0x00, 0x00, 0x00, 0x00, 0x00, 0x00, 0x00, 0x00,
    0x28, 0xa5, 0x2f, 0x12, 0x08, 0x06, 0x0b, 0x4b, 0xe6, 0xfd, 0xfd, 0xff, 0xff, 0xff, 0xff, 0xff,
    0xff, 0xff, 0xff, 0xff, 0xff, 0xff, 0xff, 0xff, 0xff, 0xf7, 0xff, 0x20, 0x00, 0x03, 0x00, 0x00,
    0x00, 0x00, 0x00, 0x00, 0x00, 0x00, 0x00, 0x00, 0x00, 0x00, 0x00, 0x00, 0x00, 0x00, 0x00, 0x00,
    0x00, 0x00, 0x00, 0x00, 0x00, 0x00, 0x00, 0x00, 0x00, 0x00, 0x00, 0x00, 0x00, 0x00, 0x00, 0x00,
    0x00, 0x83, 0xff, 0xff, 0xfb, 0xf9, 0xff, 0xff, 0xff, 0xff, 0xff, 0xff, 0xff, 0xff, 0xff, 0xff,
    0xff, 0xff, 0xff, 0xff, 0xff, 0xff, 0xff, 0xff, 0xff, 0xfd, 0xfd, 0xc1, 0xaf, 0xe6, 0xa8, 0x08,
    0x00, 0x00, 0x00, 0x00, 0x00, 0x00, 0x00, 0x00, 0x00, 0x00, 0x00, 0x00, 0x00, 0x00, 0x00, 0x00,
    0x00, 0x00, 0x00, 0x00, 0x00, 0x00, 0x00, 0x00, 0x00, 0x00, 0x00, 0x00, 0x00, 0x00, 0x00, 0x00,
    0x00, 0x00, 0x3f, 0xe9, 0xff, 0xff, 0xfd, 0xf9, 0xff, 0xff, 0xff, 0xff, 0xff, 0xff, 0xff, 0xff,
    0xff, 0xff, 0xff, 0xff, 0xff, 0xff, 0xff, 0xff, 0xff, 0xff, 0xff, 0xff, 0xff, 0xff, 0xff, 0xa0,
    0x00, 0x00, 0x00, 0x00, 0x00, 0x00, 0x00, 0x00, 0x00, 0x00, 0x00, 0x00, 0x00, 0x00, 0x00, 0x00,
    0x00, 0x00, 0x00, 0x00, 0x00, 0x00, 0x00, 0x00, 0x00, 0x00, 0x00, 0x00, 0x00, 0x00, 0x00, 0x00,
    0x00, 0x00, 0x00, 0x07, 0x49, 0xb7, 0xfd, 0xfd, 0xff, 0xff, 0xff, 0xff, 0xff, 0xff, 0xff, 0xff,
    0xff, 0xff, 0xff, 0xff, 0xff, 0xff, 0xff, 0xff, 0xff, 0xff, 0xff, 0xfb, 0xfb, 0xfb, 0xfb, 0xed,
    0x02, 0x00, 0x00, 0x00, 0x00, 0x00, 0x00, 0x00, 0x00, 0x00, 0x00, 0x00, 0x00, 0x00, 0x00, 0x00,
    0x00, 0x00, 0x00, 0x00, 0x00, 0x00, 0x00, 0x00, 0x00, 0x00, 0x00, 0x00, 0x00, 0x00, 0x00, 0x00,
    0x00, 0x00, 0x00, 0x00, 0x00, 0x86, 0xfd, 0xf9, 0xff, 0xff, 0xff, 0xff, 0xff, 0xff, 0xff, 0xff,
    0xff, 0xff, 0xff, 0xff, 0xff, 0xff, 0xff, 0xff, 0xff, 0xff, 0xff, 0xfd, 0xf7, 0xf3, 0xfb, 0xd9,
    0x01, 0x00, 0x00, 0x00, 0x00, 0x00, 0x00, 0x00, 0x00, 0x00, 0x00, 0x00, 0x00, 0x00, 0x00, 0x00,
    0x00, 0x00, 0x00, 0x00, 0x00, 0x00, 0x00, 0x00, 0x00, 0x00, 0x00, 0x00, 0x00, 0x00, 0x00, 0x00,
    0x00, 0x00, 0x00, 0x01, 0x89, 0xff, 0xfb, 0xff, 0xff, 0xff, 0xff, 0xff, 0xff, 0xff, 0xff, 0xff,
    0xff, 0xff, 0xff, 0xff, 0xff, 0xff, 0xff, 0xff, 0xff, 0xff, 0xfd, 0xff, 0xff, 0xff, 0xff, 0x5e,
    0x00, 0x00, 0x00, 0x00, 0x00, 0x00, 0x00, 0x00, 0x00, 0x00, 0x00, 0x00, 0x00, 0x00, 0x00, 0x00,
    0x00, 0x00, 0x00, 0x00, 0x00, 0x00, 0x00, 0x00, 0x00, 0x00, 0x00, 0x00, 0x00, 0x00, 0x00, 0x00,
    0x00, 0x00, 0x0a, 0xab, 0xff, 0xf7, 0xff, 0xff, 0xff, 0xff, 0xff, 0xff, 0xff, 0xff, 0xff, 0xff,
    0xff, 0xff, 0xff, 0xff, 0xff, 0xff, 0xff, 0xff, 0xff, 0xfd, 0xff, 0xff, 0x61, 0x36, 0x9b, 0x04,
    0x00, 0x00, 0x00, 0x00, 0x00, 0x00, 0x00, 0x00, 0x00, 0x00, 0x00, 0x00, 0x00, 0x00, 0x00, 0x00,
    0x00, 0x00, 0x00, 0x00, 0x00, 0x00, 0x00, 0x00, 0x00, 0x00, 0x00, 0x00, 0x00, 0x00, 0x00, 0x00,
    0x00, 0x3d, 0xff, 0xff, 0xff, 0xff, 0xff, 0xff, 0xff, 0xff, 0xff, 0xff, 0xff, 0xff, 0xff, 0xff,
    0xff, 0xff, 0xff, 0xff, 0xff, 0xff, 0xff, 0xff, 0xfd, 0xfb, 0xf1, 0x19, 0x00, 0x00, 0x00, 0x00,
    0x00, 0x00, 0x00, 0x00, 0x00, 0x00, 0x00, 0x00, 0x00, 0x00, 0x00, 0x00, 0x00, 0x00, 0x00, 0x00,
    0x00, 0x00, 0x00, 0x00, 0x00, 0x00, 0x00, 0x00, 0x00, 0x00, 0x00, 0x00, 0x00, 0x00, 0x00, 0x00,
    0x02, 0x59, 0x73, 0x7b, 0x66, 0xd7, 0xff, 0xfd, 0xff, 0xff, 0xff, 0xff, 0xff, 0xff, 0xff, 0xff,
    0xff, 0xff, 0xff, 0xff, 0xff, 0xff, 0xff, 0xff, 0xf7, 0xff, 0x46, 0x00, 0x00, 0x00, 0x00, 0x00,
    0x00, 0x00, 0x00, 0x00, 0x00, 0x00, 0x00, 0x00, 0x00, 0x00, 0x00, 0x00, 0x00, 0x00, 0x00, 0x00,
    0x00, 0x00, 0x00, 0x00, 0x00, 0x00, 0x00, 0x00, 0x00, 0x00, 0x00, 0x00, 0x00, 0x00, 0x00, 0x00,
    0x00, 0x00, 0x00, 0x00, 0x15, 0xed, 0xf9, 0xff, 0xff, 0xff, 0xff, 0xff, 0xff, 0xff, 0xff, 0xff,
    0xff, 0xff, 0xff, 0xff, 0xff, 0xff, 0xff, 0xff, 0xfd, 0xfb, 0x08, 0x00, 0x00, 0x00, 0x00, 0x00,
    0x00, 0x00, 0x00, 0x00, 0x00, 0x00, 0x00, 0x00, 0x00, 0x00, 0x00, 0x00, 0x00, 0x00, 0x00, 0x00,
    0x00, 0x00, 0x00, 0x00, 0x00, 0x00, 0x00, 0x00, 0x00, 0x00, 0x00, 0x00, 0x00, 0x00, 0x00, 0x00,
    0x00, 0x00, 0x00, 0x03, 0xe0, 0xff, 0xfb, 0xff, 0xff, 0xff, 0xff, 0xff, 0xff, 0xff, 0xff, 0xff,
    0xff, 0xff, 0xff, 0xff, 0xff, 0xff, 0xff, 0xfd, 0xff, 0xe2, 0x01, 0x00, 0x00, 0x00, 0x00, 0x00,
    0x00, 0x00, 0x00, 0x00, 0x00, 0x00, 0x00, 0x00, 0x00, 0x00, 0x00, 0x00, 0x00, 0x00, 0x00, 0x00,
    0x00, 0x00, 0x00, 0x00, 0x00, 0x00, 0x00, 0x00, 0x00, 0x00, 0x00, 0x00, 0x00, 0x00, 0x00, 0x00,
    0x00, 0x00, 0x00, 0x4c, 0xff, 0xf3, 0xff, 0xff, 0xff, 0xff, 0xff, 0xff, 0xff, 0xff, 0xff, 0xff,
    0xff, 0xff, 0xff, 0xff, 0xfd, 0xfd, 0xff, 0xff, 0xfb, 0xf7, 0x14, 0x00, 0x00, 0x00, 0x00, 0x00,
    0x00, 0x00, 0x00, 0x00, 0x00, 0x00, 0x00, 0x00, 0x00, 0x00, 0x00, 0x00, 0x00, 0x00, 0x00, 0x00,
    0x00, 0x00, 0x00, 0x00, 0x00, 0x00, 0x00, 0x00, 0x00, 0x00, 0x00, 0x00, 0x00, 0x00, 0x00, 0x00,
    0x00, 0x00, 0x00, 0xca, 0x68, 0x4c, 0xff, 0xf7, 0xff, 0xff, 0xff, 0xff, 0xff, 0xff, 0xff, 0xff,
    0xff, 0xff, 0xff, 0xff, 0xff, 0xff, 0xf9, 0xfd, 0xfd, 0xff, 0xed, 0x91, 0x03, 0x00, 0x00, 0x00,
    0x00, 0x00, 0x00, 0x00, 0x00, 0x00, 0x00, 0x00, 0x00, 0x00, 0x00, 0x00, 0x00, 0x00, 0x00, 0x00,
    0x00, 0x00, 0x00, 0x00, 0x00, 0x00, 0x00, 0x00, 0x00, 0x00, 0x00, 0x00, 0x00, 0x00, 0x00, 0x00,
    0x00, 0x00, 0x00, 0x0b, 0x00, 0x39, 0xff, 0xf9, 0xff, 0xff, 0xff, 0xff, 0xff, 0xff, 0xff, 0xff,
    0xff, 0xff, 0xfd, 0xff, 0xe6, 0xda, 0xff, 0xff, 0xf9, 0xfd, 0xfd, 0xff, 0x10, 0x00, 0x00, 0x00,
    0x00, 0x00, 0x00, 0x00, 0x00, 0x00, 0x00, 0x00, 0x00, 0x00, 0x00, 0x00, 0x00, 0x00, 0x00, 0x00,
    0x00, 0x00, 0x00, 0x00, 0x00, 0x00, 0x00, 0x00, 0x00, 0x00, 0x00, 0x00, 0x00, 0x00, 0x00, 0x00,
    0x00, 0x00, 0x00, 0x00, 0x00, 0x31, 0xfd, 0xe8, 0xf7, 0xff, 0xff, 0xff, 0xff, 0xff, 0xff, 0xff,
    0xff, 0xff, 0xfd, 0xfd, 0xd9, 0x08, 0x30, 0xd3, 0xff, 0xff, 0xff, 0xce, 0x01, 0x00, 0x00, 0x00,
    0x00, 0x00, 0x00, 0x00, 0x00, 0x00, 0x00, 0x00, 0x00, 0x00, 0x00, 0x00, 0x00, 0x00, 0x00, 0x00,
    0x00, 0x00, 0x00, 0x00, 0x00, 0x00, 0x00, 0x00, 0x00, 0x00, 0x00, 0x00, 0x00, 0x00, 0x00, 0x00,
    0x00, 0x00, 0x00, 0x00, 0x00, 0x16, 0xff, 0x4b, 0xf5, 0xff, 0xff, 0xff, 0xff, 0xff, 0xff, 0xff,
    0xff, 0xff, 0xff, 0xf7, 0xff, 0x4f, 0x00, 0x03, 0x5f, 0xe8, 0xd9, 0x17, 0x00, 0x00, 0x00, 0x00,
    0x00, 0x00, 0x00, 0x00, 0x00, 0x00, 0x00, 0x00, 0x00, 0x00, 0x00, 0x00, 0x00, 0x00, 0x00, 0x00,
    0x00, 0x00, 0x00, 0x00, 0x00, 0x00, 0x00, 0x00, 0x00, 0x00, 0x00, 0x00, 0x00, 0x00, 0x00, 0x00,
    0x00, 0x00, 0x00, 0x00, 0x00, 0x03, 0x40, 0x0a, 0xff, 0xfd, 0xfd, 0xff, 0xff, 0xff, 0xff, 0xff,
    0xff, 0xff, 0xff, 0xfd, 0xfb, 0xf9, 0x0c, 0x00, 0x00, 0x03, 0x01, 0x00, 0x00, 0x00, 0x00, 0x00,
    0x00, 0x00, 0x00, 0x00, 0x00, 0x00, 0x00, 0x00, 0x00, 0x00, 0x00, 0x00, 0x00, 0x00, 0x00, 0x00,
    0x00, 0x00, 0x00, 0x00, 0x00, 0x00, 0x00, 0x00, 0x00, 0x00, 0x00, 0x00, 0x00, 0x00, 0x00, 0x00,
    0x00, 0x00, 0x00, 0x00, 0x00, 0x00, 0x00, 0x01, 0xe0, 0xff, 0xff, 0xfd, 0xff, 0xff, 0xff, 0xff,
    0xff, 0xff, 0xff, 0xff, 0xfb, 0xfd, 0xc8, 0x0b, 0x00, 0x00, 0x00, 0x00, 0x00, 0x00, 0x00, 0x00,
    0x00, 0x00, 0x00, 0x00, 0x00, 0x00, 0x00, 0x00, 0x00, 0x00, 0x00, 0x00, 0x00, 0x00, 0x00, 0x00,
    0x00, 0x00, 0x00, 0x00, 0x00, 0x00, 0x00, 0x00, 0x00, 0x00, 0x00, 0x00, 0x00, 0x00, 0x00, 0x00,
    0x00, 0x00, 0x00, 0x00, 0x00, 0x00, 0x00, 0x00, 0x64, 0xf1, 0x7c, 0xff, 0xfb, 0xff, 0xff, 0xff,
    0xff, 0xff, 0xff, 0xff, 0xff, 0xfd, 0xff, 0xed, 0x29, 0x00, 0x00, 0x00, 0x00, 0x00, 0x00, 0x00,
    0x00, 0x00, 0x00, 0x00, 0x00, 0x00, 0x00, 0x00, 0x00, 0x00, 0x00, 0x00, 0x00, 0x00, 0x00, 0x00,
    0x00, 0x00, 0x00, 0x00, 0x00, 0x00, 0x00, 0x00, 0x00, 0x00, 0x00, 0x00, 0x00, 0x00, 0x00, 0x00,
    0x00, 0x00, 0x00, 0x00, 0x00, 0x00, 0x00, 0x00, 0x05, 0x91, 0x02, 0xc7, 0xff, 0xfb, 0xff, 0xff,
    0xff, 0xff, 0xff, 0xff, 0xff, 0xff, 0xfb, 0xfd, 0xff, 0x23, 0x00, 0x00, 0x00, 0x00, 0x00, 0x00,
    0x00, 0x00, 0x00, 0x00, 0x00, 0x00, 0x00, 0x00, 0x00, 0x00, 0x00, 0x00, 0x00, 0x00, 0x00, 0x00,
    0x00, 0x00, 0x00, 0x00, 0x00, 0x00, 0x00, 0x00, 0x00, 0x00, 0x00, 0x00, 0x00, 0x00, 0x00, 0x00,
    0x00, 0x00, 0x00, 0x00, 0x00, 0x00, 0x00, 0x00, 0x00, 0x02, 0x00, 0x0f, 0xf7, 0xfb, 0xff, 0xff,
    0xff, 0xff, 0xff, 0xff, 0xff, 0xff, 0xff, 0xfb, 0xf9, 0xe0, 0x09, 0x00, 0x00, 0x00, 0x00, 0x00,
    0x00, 0x00, 0x00, 0x00, 0x00, 0x00, 0x00, 0x00, 0x00, 0x00, 0x00, 0x00, 0x00, 0x00, 0x00, 0x00,
    0x00, 0x00, 0x00, 0x00, 0x00, 0x00, 0x00, 0x00, 0x00, 0x00, 0x00, 0x00, 0x00, 0x40, 0xb2, 0xb2,
    0x9a, 0x5e, 0x1a, 0x00, 0x1b, 0x10, 0x00, 0x00, 0x00, 0x00, 0x00, 0x00, 0xa0, 0xff, 0xf9, 0xff,
    0xff, 0xff, 0xff, 0xff, 0xff, 0xff, 0xff, 0xff, 0xfb, 0xff, 0xdc, 0x0e, 0x00, 0x00, 0x00, 0x00,
    0x00, 0x00, 0x00, 0x00, 0x00, 0x00, 0x00, 0x00, 0x00, 0x00, 0x00, 0x00, 0x00, 0x00, 0x00, 0x00,
    0x00, 0x00, 0x00, 0x00, 0x00, 0x00, 0x00, 0x00, 0x00, 0x00, 0x00, 0x00, 0x00, 0x02, 0x49, 0xff,
    0xff, 0xff, 0xff, 0xa6, 0x82, 0xff, 0x4d, 0x01, 0x00, 0x00, 0x00, 0x00, 0x57, 0x42, 0xfd, 0xff,
    0xff, 0xff, 0xff, 0xff, 0xff, 0xff, 0xff, 0xff, 0xff, 0xfb, 0xff, 0xe8, 0x08, 0x00, 0x00, 0x00,
    0x00, 0x00, 0x00, 0x00, 0x00, 0x00, 0x00, 0x00, 0x00, 0x00, 0x00, 0x00, 0x00, 0x00, 0x00, 0x00,
    0x00, 0x00, 0x00, 0x00, 0x00, 0x00, 0x00, 0x00, 0x00, 0x00, 0x00, 0x00, 0x11, 0x42, 0x73, 0xe6,
    0xf9, 0xf7, 0xf9, 0xff, 0xff, 0xfb, 0xff, 0xb9, 0x0d, 0x00, 0x02, 0x00, 0x00, 0x03, 0xff, 0xfd,
    0xff, 0xff, 0xff, 0xff, 0xff, 0xff, 0xff, 0xff, 0xff, 0xff, 0xf7, 0xff, 0x92, 0x00, 0x00, 0x00,
    0x00, 0x00, 0x00, 0x00, 0x00, 0x00, 0x00, 0x00, 0x00, 0x00, 0x00, 0x00, 0x00, 0x00, 0x00, 0x00,
    0x00, 0x00, 0x00, 0x00, 0x00, 0x00, 0x00, 0x00, 0x00, 0x00, 0x11, 0x9b, 0xff, 0xff, 0xff, 0xff,
    0xff, 0xff, 0xff, 0xfb, 0xfb, 0xff, 0xf7, 0xff, 0xe8, 0x73, 0x3a, 0x00, 0x4f, 0x8f, 0xfd, 0xfd,
    0xff, 0xff, 0xff, 0xff, 0xff, 0xff, 0xff, 0xff, 0xff, 0xff, 0xff, 0xfb, 0xfd, 0x06, 0x00, 0x00,
    0x00, 0x00, 0x00, 0x00, 0x00, 0x00, 0x00, 0x00, 0x00, 0x00, 0x00, 0x00, 0x00, 0x00, 0x00, 0x00,
    0x00, 0x00, 0x00, 0x00, 0x00, 0x00, 0x00, 0x00, 0x00, 0x26, 0xff, 0xff, 0xfb, 0xf7, 0xf9, 0xff,
    0xff, 0xff, 0xff, 0xff, 0xff, 0xff, 0xff, 0xfb, 0xff, 0xff, 0xf3, 0x25, 0x8f, 0xff, 0xf9, 0xff,
    0xff, 0xff, 0xff, 0xff, 0xff, 0xff, 0xff, 0xff, 0xff, 0xff, 0xff, 0xf9, 0xff, 0x70, 0x00, 0x00,
    0x00, 0x00, 0x00, 0x00, 0x00, 0x00, 0x00, 0x00, 0x00, 0x00, 0x00, 0x00, 0x00, 0x00, 0x00, 0x00,
    0x00, 0x00, 0x00, 0x00, 0x00, 0x00, 0x00, 0x00, 0x1d, 0xff, 0xf3, 0xf3, 0xff, 0xff, 0xff, 0xff,
    0xff, 0xff, 0xff, 0xff, 0xff, 0xff, 0xff, 0xff, 0xfd, 0xf9, 0xff, 0xff, 0xef, 0xf9, 0xff, 0xff,
    0xff, 0xff, 0xff, 0xff, 0xff, 0xff, 0xff, 0xff, 0xff, 0xff, 0xff, 0xff, 0xf9, 0xff, 0x17, 0x00,
    0x00, 0x00, 0x00, 0x00, 0x00, 0x00, 0x00, 0x00, 0x00, 0x00, 0x00, 0x00, 0x00, 0x00, 0x00, 0x00,
    0x00, 0x00, 0x00, 0x00, 0x00, 0x00, 0x00, 0x00, 0x57, 0x34, 0x62, 0xef, 0xfb, 0xff, 0xff, 0xff,
    0xff, 0xff, 0xff, 0xff, 0xff, 0xff, 0xff, 0xff, 0xff, 0xff, 0xfd, 0xf9, 0xff, 0xff, 0xff, 0xff,
    0xff, 0xff, 0xff, 0xff, 0xff, 0xff, 0xff, 0xff, 0xff, 0xff, 0xff, 0xff, 0xf9, 0xfd, 0x91, 0x00,
    0x00, 0x00, 0x00, 0x00, 0x00, 0x00, 0x00, 0x00, 0x00, 0x00, 0x00, 0x00, 0x00, 0x00, 0x00, 0x00,
    0x00, 0x00, 0x00, 0x00, 0x00, 0x00, 0x00, 0x00, 0x01, 0x64, 0xf7, 0xff, 0xff, 0xff, 0xff, 0xff,
    0xff, 0xff, 0xff, 0xff, 0xff, 0xff, 0xff, 0xff, 0xff, 0xff, 0xff, 0xff, 0xff, 0xff, 0xff, 0xff,
    0xff, 0xff, 0xff, 0xff, 0xff, 0xff, 0xff, 0xff, 0xff, 0xff, 0xff, 0xff, 0xfd, 0xff, 0xed, 0x02,
    0x00, 0x00, 0x00, 0x00, 0x00, 0x00, 0x00, 0x00, 0x00, 0x00, 0x00, 0x00, 0x00, 0x00, 0x00, 0x00,
    0x00, 0x00, 0x00, 0x00, 0x00, 0x00, 0x00, 0x03, 0xba, 0xff, 0xfd, 0xff, 0xff, 0xff, 0xff, 0xff,
    0xff, 0xff, 0xff, 0xff, 0xff, 0xff, 0xff, 0xff, 0xff, 0xff, 0xff, 0xff, 0xff, 0xff, 0xff, 0xff,
    0xff, 0xff, 0xff, 0xff, 0xff, 0xff, 0xff, 0xff, 0xff, 0xff, 0xff, 0xff, 0xff, 0xfb, 0xff, 0x11,
    0x00, 0x00, 0x00, 0x00, 0x00, 0x00, 0x00, 0x00, 0x00, 0x00, 0x00, 0x00, 0x00, 0x00, 0x00, 0x00,
    0x00, 0x00, 0x00, 0x00, 0x00, 0x00, 0x00, 0x8e, 0xff, 0xf3, 0xff, 0xff, 0xff, 0xff, 0xff, 0xff,
    0xff, 0xff, 0xff, 0xff, 0xff, 0xff, 0xff, 0xff, 0xff, 0xff, 0xff, 0xff, 0xff, 0xff, 0xff, 0xff,
    0xff, 0xff, 0xff, 0xff, 0xff, 0xff, 0xff, 0xff, 0xff, 0xff, 0xff, 0xff, 0xff, 0xf9, 0xff, 0x17,
    0x00, 0x00, 0x00, 0x00, 0x00, 0x00, 0x00, 0x00, 0x00, 0x00, 0x00, 0x00, 0x00, 0x00, 0x00, 0x00,
    0x00, 0x00, 0x00, 0x00, 0x00, 0x00, 0x1a, 0xff, 0xf5, 0xff, 0xff, 0xff, 0xff, 0xff, 0xff, 0xff,
    0xff, 0xff, 0xff, 0xfb, 0xf9, 0xfb, 0xff, 0xff, 0xff, 0xff, 0xff, 0xff, 0xff, 0xff, 0xff, 0xff,
    0xff, 0xff, 0xff, 0xff, 0xff, 0xff, 0xff, 0xff, 0xff, 0xff, 0xff, 0xff, 0xfd, 0xff, 0xf9, 0x05,
    0x00, 0x00, 0x00, 0x00, 0x00, 0x00, 0x00, 0x00, 0x00, 0x00, 0x00, 0x00, 0x00, 0x00, 0x00, 0x00,
    0x00, 0x00, 0x00, 0x00, 0x00, 0x00, 0xbc, 0xff, 0xf9, 0xff, 0xff, 0xff, 0xff, 0xff, 0xff, 0xff,
    0xff, 0xff, 0xff, 0xff, 0xff, 0xff, 0xfd, 0xfd, 0xff, 0xff, 0xff, 0xff, 0xff, 0xff, 0xff, 0xff,
    0xff, 0xff, 0xff, 0xff, 0xff, 0xff, 0xff, 0xff, 0xff, 0xff, 0xff, 0xff, 0xf9, 0xff, 0x8b, 0x00,
    0x00, 0x00, 0x00, 0x00, 0x00, 0x00, 0x00, 0x00, 0x00, 0x00, 0x00, 0x00, 0x00, 0x00, 0x00, 0x00,
    0x00, 0x00, 0x00, 0x00, 0x00, 0x05, 0x59, 0xab, 0xff, 0xfb, 0xff, 0xff, 0xff, 0xff, 0xff, 0xff,
    0xff, 0xfd, 0xff, 0xa5, 0x85, 0xab, 0xff, 0xff, 0xf9, 0xff, 0xff, 0xff, 0xff, 0xff, 0xff, 0xff,
    0xff, 0xff, 0xff, 0xff, 0xff, 0xff, 0xff, 0xff, 0xff, 0xff, 0xff, 0xff, 0xf7, 0xff, 0x68, 0x00,
    0x00, 0x00, 0x00, 0x00, 0x00, 0x00, 0x00, 0x00, 0x00, 0x00, 0x00, 0x00, 0x00, 0x00, 0x00, 0x00,
    0x00, 0x00, 0x00, 0x00, 0x00, 0x00, 0x03, 0xe2, 0xfd, 0xfd, 0xff, 0xff, 0xff, 0xff, 0xff, 0xff,
    0xff, 0xf9, 0xff, 0x49, 0x00, 0x00, 0x18, 0xd3, 0xff, 0xf9, 0xff, 0xff, 0xff, 0xff, 0xff, 0xff,
    0xff, 0xff, 0xff, 0xff, 0xff, 0xff, 0xff, 0xff, 0xff, 0xff, 0xff, 0xff, 0xfb, 0xff, 0xce, 0x00,
    0x00, 0x00, 0x00, 0x00, 0x00, 0x00, 0x00, 0x00, 0x00, 0x00, 0x00, 0x00, 0x00, 0x00, 0x00, 0x00,
    0x00, 0x00, 0x00, 0x00, 0x00, 0x00, 0x67, 0xff, 0xf7, 0xff, 0xff, 0xff, 0xff, 0xff, 0xff, 0xff,
    0xff, 0xfd, 0xfb, 0xff, 0x0e, 0x00, 0x00, 0x04, 0x9b, 0xff, 0xfb, 0xff, 0xff, 0xff, 0xff, 0xff,
    0xff, 0xff, 0xff, 0xff, 0xff, 0xff, 0xff, 0xff, 0xff, 0xff, 0xff, 0xff, 0xff, 0xf9, 0xff, 0x57,
    0x00, 0x00, 0x00, 0x00, 0x00, 0x00, 0x00, 0x00, 0x00, 0x00, 0x00, 0x00, 0x00, 0x00, 0x00, 0x00,
    0x00, 0x00, 0x00, 0x00, 0x00, 0x02, 0xe8, 0xfd, 0xfd, 0xff, 0xff, 0xff, 0xff, 0xff, 0xff, 0xff,
    0xff, 0xff, 0xf9, 0xff, 0x88, 0x00, 0x01, 0x00, 0x00, 0x56, 0xfd, 0xf9, 0xff, 0xff, 0xff, 0xff,
    0xff, 0xff, 0xff, 0xff, 0xff, 0xff, 0xff, 0xff, 0xf9, 0xff, 0xff, 0xff, 0xff, 0xff, 0xf9, 0xff,
    0x30, 0x00, 0x00, 0x00, 0x00, 0x00, 0x00, 0x00, 0x00, 0x00, 0x00, 0x00, 0x00, 0x00, 0x00, 0x00,
    0x00, 0x00, 0x00, 0x00, 0x00, 0x20, 0xff, 0xf9, 0xff, 0xff, 0xff, 0xff, 0xff, 0xff, 0xff, 0xff,
    0xff, 0xff, 0xff, 0xfb, 0xfd, 0x06, 0x02, 0x88, 0x4d, 0xa8, 0xff, 0xfd, 0xff, 0xff, 0xff, 0xff,
    0xff, 0xff, 0xff, 0xff, 0xff, 0xfd, 0xf9, 0xfd, 0xff, 0xf9, 0xfd, 0xff, 0xff, 0xff, 0xfd, 0xf9,
    0xfd, 0x0c, 0x00, 0x00, 0x00, 0x00, 0x00, 0x00, 0x00, 0x00, 0x00, 0x00, 0x00, 0x00, 0x00, 0x00,
    0x00, 0x00, 0x00, 0x00, 0x00, 0x55, 0xfd, 0xf7, 0xff, 0xff, 0xff, 0xff, 0xff, 0xff, 0xff, 0xff,
    0xff, 0xff, 0xff, 0xf7, 0xfb, 0x30, 0x00, 0x35, 0xff, 0xff, 0xff, 0xff, 0xff, 0xff, 0xff, 0xff,
    0xff, 0xff, 0xf9, 0xf9, 0xfd, 0xff, 0xff, 0xff, 0x6f, 0x34, 0xf7, 0xf9, 0xff, 0xff, 0xff, 0xf9,
    0xff, 0xa2, 0x00, 0x00, 0x00, 0x00, 0x00, 0x00, 0x00, 0x00, 0x00, 0x00, 0x00, 0x00, 0x00, 0x00,
    0x00, 0x00, 0x00, 0x00, 0x00, 0x7c, 0xff, 0xf7, 0xff, 0xff, 0xff, 0xff, 0xff, 0xff, 0xff, 0xff,
    0xff, 0xff, 0xff, 0xf5, 0xff, 0x1d, 0x00, 0x00, 0x07, 0x4a, 0xe2, 0xfd, 0xfd, 0xff, 0xff, 0xff,
    0xfd, 0xff, 0xff, 0xff, 0xff, 0xcf, 0x67, 0x12, 0x00, 0x1e, 0xff, 0xff, 0xf7, 0xfd, 0xff, 0xff,
    0xf9, 0xff, 0x18, 0x00, 0x00, 0x00, 0x00, 0x00, 0x00, 0x00, 0x00, 0x00, 0x00, 0x00, 0x00, 0x00,
    0x00, 0x00, 0x00, 0x00, 0x00, 0x8b, 0xfd, 0xfb, 0xff, 0xff, 0xff, 0xff, 0xff, 0xff, 0xff, 0xff,
    0xff, 0xff, 0xf7, 0xff, 0xad, 0x01, 0x00, 0x00, 0x09, 0xb2, 0xfd, 0xf7, 0xfb, 0xff, 0xff, 0xfb,
    0xfb, 0x2f, 0x19, 0x1c, 0x0c, 0x01, 0x00, 0x00, 0x00, 0x00, 0x31, 0xda, 0xff, 0xff, 0xfb, 0xff,
    0xf9, 0xfd, 0x88, 0x00, 0x00, 0x00, 0x00, 0x00, 0x00, 0x00, 0x00, 0x00, 0x00, 0x00, 0x00, 0x00,
    0x00, 0x00, 0x00, 0x00, 0x00, 0x6d, 0xff, 0xed, 0xff, 0xff, 0xff, 0xff, 0xff, 0xff, 0xff, 0xff,
    0xff, 0xfb, 0xff, 0x95, 0x03, 0x00, 0x00, 0x00, 0x00, 0x38, 0xda, 0xff, 0xff, 0xfb, 0xff, 0xf7,
    0xff, 0x64, 0x00, 0x00, 0x00, 0x00, 0x00, 0x00, 0x00, 0x00, 0x00, 0x02, 0x25, 0xd1, 0xff, 0xf9,
    0xff, 0xfd, 0xf9, 0x08, 0x00, 0x00, 0x00, 0x00, 0x00, 0x00, 0x00, 0x00, 0x00, 0x00, 0x00, 0x00,
    0x00, 0x00, 0x00, 0x00, 0x00, 0x49, 0xb2, 0x80, 0xff, 0xf9, 0xff, 0xff, 0xff, 0xff, 0xff, 0xff,
    0xf9, 0xfd, 0x45, 0x00, 0x00, 0x00, 0x00, 0x00, 0x00, 0x00, 0x02, 0x21, 0xb9, 0xff, 0xf9, 0xff,
    0xfd, 0xf7, 0x07, 0x00, 0x00, 0x00, 0x00, 0x00, 0x00, 0x00, 0x00, 0x00, 0x00, 0x05, 0xab, 0xff,
    0xfb, 0xf9, 0xff, 0x70, 0x00, 0x00, 0x00, 0x00, 0x00, 0x00, 0x00, 0x00, 0x00, 0x00, 0x00, 0x00,
    0x00, 0x00, 0x00, 0x00, 0x00, 0x0b, 0x13, 0x40, 0xfd, 0xf7, 0xff, 0xff, 0xff, 0xff, 0xff, 0xff,
    0xf7, 0xff, 0x2a, 0x00, 0x00, 0x00, 0x00, 0x00, 0x00, 0x00, 0x00, 0x00, 0x04, 0xca, 0xff, 0xfb,
    0xf9, 0xff, 0x64, 0x00, 0x00, 0x00, 0x00, 0x00, 0x00, 0x00, 0x00, 0x00, 0x00, 0x00, 0x01, 0x98,
    0xff, 0xf9, 0xfb, 0xff, 0x10, 0x00, 0x00, 0x00, 0x00, 0x00, 0x00, 0x00, 0x00, 0x00, 0x00, 0x00,
    0x00, 0x00, 0x00, 0x00, 0x00, 0x00, 0x00, 0x1d, 0xff, 0xf9, 0xff, 0xff, 0xff, 0xff, 0xff, 0xff,
    0xfd, 0xfd, 0xe2, 0x06, 0x00, 0x00, 0x00, 0x00, 0x00, 0x00, 0x00, 0x00, 0x00, 0x09, 0xe4, 0xfb,
    0xfb, 0xfb, 0xf9, 0x0e, 0x00, 0x00, 0x00, 0x00, 0x00, 0x00, 0x00, 0x00, 0x00, 0x00, 0x00, 0x05,
    0xef, 0xfd, 0xf7, 0xff, 0x91, 0x00, 0x00, 0x00, 0x00, 0x00, 0x00, 0x00, 0x00, 0x00, 0x00, 0x00,
    0x00, 0x00, 0x00, 0x00, 0x00, 0x00, 0x00, 0x02, 0xe6, 0xfd, 0xfd, 0xff, 0xff, 0xff, 0xff, 0xff,
    0xff, 0xfb, 0xff, 0xcc, 0x17, 0x0f, 0x0b, 0x00, 0x00, 0x00, 0x00, 0x00, 0x00, 0x00, 0x29, 0xff,
    0xf9, 0xfb, 0xff, 0xb4, 0x00, 0x00, 0x00, 0x00, 0x00, 0x00, 0x00, 0x00, 0x00, 0x00, 0x00, 0x00,
    0x7e, 0xff, 0xf9, 0xf9, 0xff, 0x29, 0x00, 0x00, 0x00, 0x00, 0x00, 0x00, 0x00, 0x00, 0x00, 0x00,
    0x00, 0x00, 0x00, 0x00, 0x00, 0x00, 0x00, 0x00, 0x54, 0xff, 0xf5, 0xfd, 0xfd, 0xff, 0xff, 0xff,
    0xff, 0xff, 0xfd, 0xff, 0xff, 0xff, 0xff, 0xad, 0x51, 0x51, 0x78, 0x86, 0x64, 0x2b, 0x09, 0xd3,
    0xff, 0xfd, 0xf7, 0xff, 0x2e, 0x00, 0x00, 0x00, 0x00, 0x00, 0x00, 0x00, 0x00, 0x00, 0x00, 0x00,
    0x30, 0xf7, 0xf1, 0xfd, 0xfd, 0xff, 0x91, 0x88, 0xca, 0x6c, 0x01, 0x00, 0x00, 0x00, 0x00, 0x00,
    0x00, 0x00, 0x00, 0x00, 0x00, 0x00, 0x00, 0x00, 0x01, 0xc8, 0xff, 0xff, 0xff, 0xfb, 0xff, 0xff,
    0xff, 0xff, 0xff, 0xfd, 0xfb, 0xfb, 0xfd, 0xff, 0xff, 0xff, 0xff, 0xff, 0xff, 0xff, 0xde, 0xe0,
    0xff, 0xfd, 0xfd, 0xfb, 0xe0, 0x0b, 0x03, 0x00, 0x00, 0x00, 0x00, 0x00, 0x00, 0x00, 0x00, 0x00,
    0x4f, 0xff, 0xff, 0xfb, 0xfd, 0xfd, 0xff, 0xff, 0xff, 0xff, 0x94, 0x00, 0x00, 0x00, 0x00, 0x00,
    0x00, 0x00, 0x00, 0x00, 0x00, 0x00, 0x00, 0x00, 0x00, 0x0a, 0xe6, 0x95, 0xe4, 0xff, 0xf7, 0xf9,
    0xfd, 0xff, 0xfd, 0xf9, 0xf9, 0xf7, 0xf7, 0xf9, 0xff, 0xff, 0xff, 0xd7, 0xd1, 0xf9, 0xff, 0xff,
    0xff, 0xff, 0xff, 0xff, 0xff, 0xf5, 0xe9, 0x8e, 0x03, 0x00, 0x00, 0x00, 0x00, 0x00, 0x00, 0x00,
    0x04, 0x35, 0x7f, 0xff, 0xff, 0xff, 0xf3, 0xff, 0xff, 0xef, 0xff, 0x12, 0x00, 0x00, 0x00, 0x00,
    0x00, 0x00, 0x00, 0x00, 0x00, 0x00, 0x00, 0x00, 0x00, 0x00, 0x0a, 0x0c, 0x08, 0xa2, 0xff, 0xff,
    0xff, 0xfd, 0xff, 0xff, 0xff, 0xff, 0xff, 0xff, 0xa6, 0x39, 0x0b, 0x01, 0x01, 0x08, 0x21, 0xb4,
    0xf9, 0xfb, 0xf7, 0xf7, 0xf9, 0xff, 0xff, 0xff, 0xc3, 0x02, 0x00, 0x00, 0x00, 0x00, 0x00, 0x00,
    0x00, 0x00, 0x00, 0x34, 0xd5, 0xf5, 0xff, 0xc3, 0xc0, 0x55, 0x10, 0x05, 0x00, 0x00, 0x00, 0x00,
    0x00, 0x00, 0x00, 0x00, 0x00, 0x00, 0x00, 0x00, 0x00, 0x00, 0x00, 0x00, 0x00, 0x00, 0x26, 0x91,
    0xe6, 0xff, 0xf9, 0xa2, 0x82, 0x63, 0x38, 0x0c, 0x00, 0x00, 0x00, 0x00, 0x00, 0x00, 0x00, 0xaa,
    0xff, 0xf7, 0xff, 0xff, 0xff, 0xf9, 0xff, 0xe4, 0xff, 0x14, 0x00, 0x00, 0x00, 0x00, 0x00, 0x00,
    0x00, 0x00, 0x00, 0x00, 0x01, 0x05, 0x4c, 0x07, 0x00, 0x01, 0x00, 0x00, 0x00, 0x00, 0x00, 0x00,
    0x00, 0x00, 0x00, 0x00, 0x00, 0x00, 0x00, 0x00, 0x00, 0x00, 0x00, 0x00, 0x00, 0x00, 0x00, 0x00,
    0x02, 0x0b, 0x08, 0x00, 0x00, 0x00, 0x00, 0x00, 0x00, 0x00, 0x00, 0x00, 0x00, 0x00, 0x00, 0x13,
    0x7c, 0xff, 0x4c, 0x35, 0x8c, 0xff, 0x16, 0x02, 0x18, 0x02, 0x00, 0x00, 0x00, 0x00, 0x00, 0x00,
    0x00, 0x00, 0x00, 0x00, 0x00, 0x00, 0x00, 0x00, 0x00, 0x00, 0x00, 0x00, 0x00, 0x00, 0x00, 0x00,
    0x00, 0x00, 0x00, 0x00, 0x00, 0x00, 0x00, 0x00, 0x00, 0x00, 0x00, 0x00, 0x00, 0x00, 0x00, 0x00,
    0x00, 0x00, 0x00, 0x00, 0x00, 0x00, 0x00, 0x00, 0x00, 0x00, 0x00, 0x00, 0x00, 0x00, 0x00, 0x00,
    0x00, 0x2a, 0x00, 0x00, 0x00, 0x31, 0x00, 0x00, 0x00, 0x00, 0x00, 0x00, 0x00, 0x00, 0x00, 0x00,
    0x00, 0x00, 0x00, 0x00, 0x00, 0x00, 0x00, 0x00, 0x00, 0x00, 0x00, 0x00, 0x00, 0x00, 0x00, 0x00,
};

const lv_image_dsc_t angry_frame_3_dsc = {
    .header.w = 64,
    .header.h = 64,
    .header.cf = LV_COLOR_FORMAT_RGB565A8,
    .data_size = 12288,
    .data = angry_frame_3_data,
};

/* Frame 4: frame_004.png */
static const uint8_t angry_frame_4_data[] = {
    0x00, 0x00, 0x00, 0x00, 0x00, 0x00, 0x00, 0x00, 0x00, 0x00, 0x00, 0x00, 0x00, 0x00, 0x00, 0x00,
    0x00, 0x00, 0x00, 0x00, 0x00, 0x00, 0x00, 0x00, 0x00, 0x00, 0x00, 0x00, 0x00, 0x00, 0x00, 0x00,
    0x25, 0x00, 0x83, 0x00, 0x00, 0x00, 0x00, 0x00, 0x00, 0x00, 0x00, 0x00, 0x00, 0x00, 0x00, 0x00,
    0x00, 0x00, 0x00, 0x00, 0x00, 0x00, 0x00, 0x00, 0x00, 0x00, 0x00, 0x00, 0x00, 0x00, 0x02, 0x00,
    0x20, 0x00, 0x00, 0x00, 0x00, 0x00, 0x00, 0x00, 0x00, 0x00, 0x00, 0x00, 0x00, 0x00, 0x00, 0x00,
    0x00, 0x00, 0x00, 0x00, 0x00, 0x00, 0x00, 0x00, 0x00, 0x00, 0x00, 0x00, 0x00, 0x00, 0x00, 0x00,
    0x00, 0x00, 0x00, 0x00, 0x00, 0x00, 0x00, 0x00, 0x00, 0x00, 0x00, 0x00, 0x00, 0x00, 0x00, 0x00,
    0x00, 0x00, 0x00, 0x00, 0x00, 0x00, 0x00, 0x00, 0x00, 0x00, 0x00, 0x00, 0x00, 0x00, 0x00, 0x00,
    0x00, 0x00, 0x00, 0x00, 0x00, 0x00, 0x00, 0x00, 0x00, 0x00, 0x00, 0x00, 0x00, 0x00, 0x00, 0x00,
    0x00, 0x00, 0x00, 0x00, 0x00, 0x00, 0x00, 0x00, 0x00, 0x00, 0x00, 0x00, 0x00, 0x00, 0x00, 0x00,
    0x63, 0x00, 0xa7, 0x00, 0xc2, 0x00, 0x00, 0x00, 0x00, 0x00, 0x00, 0x00, 0x00, 0x00, 0x00, 0x00,
    0x00, 0x00, 0x02, 0x00, 0x40, 0x00, 0x00, 0x00, 0x00, 0x00, 0x00, 0x00, 0x00, 0x00, 0x66, 0x00,
    0x61, 0x00, 0x00, 0x00, 0x00, 0x00, 0x00, 0x00, 0x00, 0x00, 0x00, 0x00, 0x00, 0x00, 0x00, 0x00,
    0x00, 0x00, 0x00, 0x00, 0x00, 0x00, 0x00, 0x00, 0x00, 0x00, 0x00, 0x00, 0x00, 0x00, 0x00, 0x00,
    0x00, 0x00, 0x00, 0x00, 0x00, 0x00, 0x00, 0x00, 0x00, 0x00, 0x00, 0x00, 0x00, 0x00, 0x00, 0x00,
    0x00, 0x00, 0x00, 0x00, 0x00, 0x00, 0x00, 0x00, 0x00, 0x00, 0x00, 0x00, 0x00, 0x00, 0x00, 0x00,
    0x00, 0x00, 0x00, 0x00, 0x00, 0x00, 0x00, 0x00, 0x00, 0x00, 0x00, 0x00, 0x00, 0x00, 0x00, 0x00,
    0x00, 0x00, 0x00, 0x00, 0x00, 0x00, 0x00, 0x00, 0x00, 0x00, 0x00, 0x00, 0x00, 0x00, 0x00, 0x00,
    0x81, 0x00, 0x25, 0x00, 0xe7, 0x00, 0x22, 0x00, 0x00, 0x00, 0x61, 0x00, 0xe2, 0x00, 0x00, 0x00,
    0x40, 0x00, 0x25, 0x00, 0x20, 0x00, 0x00, 0x00, 0x00, 0x00, 0x00, 0x00, 0x00, 0x00, 0xc7, 0x00,
    0x43, 0x00, 0x00, 0x00, 0x20, 0x00, 0xc2, 0x00, 0x00, 0x00, 0x00, 0x00, 0x00, 0x00, 0x00, 0x00,
    0x00, 0x00, 0x00, 0x00, 0x00, 0x00, 0x00, 0x00, 0x00, 0x00, 0x00, 0x00, 0x00, 0x00, 0x00, 0x00,
    0x00, 0x00, 0x00, 0x00, 0x00, 0x00, 0x00, 0x00, 0x00, 0x00, 0x00, 0x00, 0x00, 0x00, 0x00, 0x00,
    0x00, 0x00, 0x00, 0x00, 0x00, 0x00, 0x00, 0x00, 0x00, 0x00, 0x00, 0x00, 0x00, 0x00, 0x00, 0x00,
    0x00, 0x00, 0x00, 0x00, 0x00, 0x00, 0x00, 0x00, 0x00, 0x00, 0x00, 0x00, 0x00, 0x00, 0x00, 0x00,
    0x00, 0x00, 0x00, 0x00, 0x00, 0x00, 0x00, 0x00, 0x00, 0x00, 0x00, 0x00, 0x00, 0x00, 0x00, 0x00,
    0x00, 0x00, 0x23, 0x00, 0x25, 0x00, 0x08, 0x00, 0xe5, 0x00, 0x63, 0x00, 0xe5, 0x00, 0x00, 0x00,
    0x81, 0x00, 0x86, 0x00, 0x20, 0x00, 0x00, 0x00, 0x00, 0x00, 0x00, 0x00, 0x00, 0x00, 0x05, 0x00,
    0xe7, 0x00, 0x00, 0x00, 0x22, 0x00, 0x83, 0x00, 0x00, 0x00, 0x00, 0x00, 0x81, 0x00, 0x00, 0x00,
    0x00, 0x00, 0x00, 0x00, 0x00, 0x00, 0x00, 0x00, 0x00, 0x00, 0x00, 0x00, 0x00, 0x00, 0x00, 0x00,
    0x00, 0x00, 0x00, 0x00, 0x00, 0x00, 0x00, 0x00, 0x00, 0x00, 0x00, 0x00, 0x00, 0x00, 0x00, 0x00,
    0x00, 0x00, 0x00, 0x00, 0x00, 0x00, 0x00, 0x00, 0x00, 0x00, 0x00, 0x00, 0x00, 0x00, 0x00, 0x00,
    0x00, 0x00, 0x00, 0x00, 0x00, 0x00, 0x00, 0x00, 0x00, 0x00, 0x00, 0x00, 0x00, 0x00, 0x00, 0x00,
    0x00, 0x00, 0x00, 0x00, 0x00, 0x00, 0x00, 0x00, 0x00, 0x00, 0x20, 0x00, 0x43, 0x00, 0x20, 0x00,
    0x00, 0x00, 0x00, 0x00, 0x22, 0x00, 0x25, 0x00, 0x07, 0x00, 0xe7, 0x00, 0xa7, 0x00, 0xe2, 0x00,
    0x20, 0x00, 0xe7, 0x00, 0xc2, 0x00, 0x00, 0x00, 0x00, 0x00, 0x00, 0x00, 0x20, 0x00, 0xc2, 0x00,
    0x48, 0x00, 0xa4, 0x00, 0x63, 0x00, 0x04, 0x00, 0x00, 0x00, 0x00, 0x00, 0xc4, 0x00, 0x61, 0x00,
    0x00, 0x00, 0x00, 0x00, 0x00, 0x00, 0x00, 0x00, 0x00, 0x00, 0x00, 0x00, 0x00, 0x00, 0x00, 0x00,
    0x00, 0x00, 0x00, 0x00, 0x00, 0x00, 0x00, 0x00, 0x00, 0x00, 0x00, 0x00, 0x00, 0x00, 0x00, 0x00,
    0x00, 0x00, 0x00, 0x00, 0x00, 0x00, 0x00, 0x00, 0x00, 0x00, 0x00, 0x00, 0x00, 0x00, 0x00, 0x00,
    0x00, 0x00, 0x00, 0x00, 0x00, 0x00, 0x00, 0x00, 0x00, 0x00, 0x00, 0x00, 0x00, 0x00, 0x00, 0x00,
    0x00, 0x00, 0x00, 0x00, 0x00, 0x00, 0x00, 0x00, 0x00, 0x00, 0x00, 0x00, 0x63, 0x00, 0x05, 0x00,
    0x43, 0x00, 0x02, 0x00, 0x43, 0x00, 0xc4, 0x00, 0xe5, 0x00, 0x66, 0x00, 0xa7, 0x00, 0xa7, 0x00,
    0xa4, 0x00, 0x46, 0x00, 0xa6, 0x00, 0x61, 0x00, 0x00, 0x00, 0x00, 0x00, 0x63, 0x00, 0x05, 0x00,
    0xa4, 0x00, 0xe7, 0x00, 0x65, 0x00, 0xe6, 0x00, 0xa1, 0x00, 0x00, 0x00, 0x45, 0x00, 0x22, 0x00,
    0x00, 0x00, 0x00, 0x00, 0x00, 0x00, 0x00, 0x00, 0x00, 0x00, 0x00, 0x00, 0x00, 0x00, 0x00, 0x00,
    0x00, 0x00, 0x00, 0x00, 0x00, 0x00, 0x00, 0x00, 0x00, 0x00, 0x00, 0x00, 0x00, 0x00, 0x00, 0x00,
    0x00, 0x00, 0x00, 0x00, 0x00, 0x00, 0x00, 0x00, 0x00, 0x00, 0x00, 0x00, 0x00, 0x00, 0x00, 0x00,
    0x00, 0x00, 0x00, 0x00, 0x00, 0x00, 0x00, 0x00, 0x00, 0x00, 0x00, 0x00, 0x00, 0x00, 0x00, 0x00,
    0x00, 0x00, 0x00, 0x00, 0x00, 0x00, 0x00, 0x00, 0x00, 0x00, 0x00, 0x00, 0x00, 0x00, 0x63, 0x00,
    0x25, 0x00, 0x25, 0x00, 0x05, 0x00, 0x43, 0x00, 0xe2, 0x00, 0xe2, 0x00, 0x84, 0x00, 0x25, 0x00,
    0x25, 0x00, 0xa4, 0x00, 0x86, 0x00, 0xe7, 0x00, 0x63, 0x00, 0x61, 0x00, 0x23, 0x00, 0x08, 0x00,
    0x45, 0x00, 0xa4, 0x00, 0x04, 0x00, 0x65, 0x00, 0xc6, 0x00, 0x40, 0x00, 0x04, 0x00, 0xa3, 0x00,
    0x00, 0x00, 0x00, 0x00, 0x00, 0x00, 0x00, 0x00, 0x00, 0x00, 0x00, 0x00, 0x00, 0x00, 0x00, 0x00,
    0x00, 0x00, 0x00, 0x00, 0x00, 0x00, 0x00, 0x00, 0x00, 0x00, 0x00, 0x00, 0x00, 0x00, 0x00, 0x00,
    0x00, 0x00, 0x00, 0x00, 0x00, 0x00, 0x00, 0x00, 0x00, 0x00, 0x00, 0x00, 0x00, 0x00, 0x00, 0x00,
    0x00, 0x00, 0x00, 0x00, 0x00, 0x00, 0x00, 0x00, 0x00, 0x00, 0x00, 0x00, 0x00, 0x00, 0x00, 0x00,
    0x00, 0x00, 0x00, 0x00, 0x00, 0x00, 0x00, 0x00, 0x00, 0x00, 0x00, 0x00, 0x00, 0x00, 0x00, 0x00,
    0x81, 0x00, 0xc2, 0x00, 0x81, 0x00, 0x00, 0x00, 0x00, 0x00, 0x00, 0x00, 0x00, 0x00, 0x61, 0x00,
    0x43, 0x00, 0xc5, 0x00, 0x84, 0x00, 0x25, 0x00, 0x08, 0x00, 0xe7, 0x00, 0xc4, 0x00, 0xc5, 0x00,
    0xc7, 0x00, 0x07, 0x00, 0x48, 0x00, 0x83, 0x00, 0x04, 0x00, 0x65, 0x00, 0xe4, 0x00, 0x04, 0x00,
    0x40, 0x00, 0x63, 0x00, 0x00, 0x00, 0x00, 0x00, 0x00, 0x00, 0x00, 0x00, 0x00, 0x00, 0x00, 0x00,
    0x00, 0x00, 0x00, 0x00, 0x00, 0x00, 0x00, 0x00, 0x00, 0x00, 0x00, 0x00, 0x00, 0x00, 0x00, 0x00,
    0x00, 0x00, 0x00, 0x00, 0x00, 0x00, 0x00, 0x00, 0x00, 0x00, 0x00, 0x00, 0x00, 0x00, 0x00, 0x00,
    0x00, 0x00, 0x00, 0x00, 0x00, 0x00, 0x00, 0x00, 0x00, 0x00, 0x00, 0x00, 0x00, 0x00, 0x00, 0x00,
    0x00, 0x00, 0x00, 0x00, 0x00, 0x00, 0x00, 0x00, 0x00, 0x00, 0x00, 0x00, 0x00, 0x00, 0x00, 0x00,
    0x00, 0x00, 0x00, 0x00, 0x00, 0x00, 0x00, 0x00, 0x00, 0x00, 0x00, 0x00, 0x60, 0x00, 0xa1, 0x00,
    0x20, 0x00, 0xa2, 0x00, 0x43, 0x00, 0x23, 0x00, 0x84, 0x00, 0x05, 0x00, 0xe4, 0x00, 0x23, 0x00,
    0x05, 0x00, 0xc7, 0x00, 0xa9, 0x00, 0x27, 0x00, 0x22, 0x00, 0x63, 0x00, 0x65, 0x00, 0x24, 0x00,
    0x40, 0x00, 0x27, 0x00, 0x43, 0x00, 0x00, 0x00, 0x00, 0x00, 0x00, 0x00, 0x00, 0x00, 0x00, 0x00,
    0x00, 0x00, 0x00, 0x00, 0x00, 0x00, 0x00, 0x00, 0x00, 0x00, 0x00, 0x00, 0x00, 0x00, 0x00, 0x00,
    0x00, 0x00, 0x00, 0x00, 0x00, 0x00, 0x00, 0x00, 0x00, 0x00, 0x00, 0x00, 0x00, 0x00, 0x00, 0x00,
    0x00, 0x00, 0x00, 0x00, 0x00, 0x00, 0x00, 0x00, 0x00, 0x00, 0x00, 0x00, 0x00, 0x00, 0x00, 0x00,
    0x00, 0x00, 0x00, 0x00, 0x00, 0x00, 0x00, 0x00, 0x00, 0x00, 0x00, 0x00, 0x00, 0x00, 0x00, 0x00,
    0x00, 0x00, 0x00, 0x00, 0xe2, 0x00, 0xa1, 0x00, 0x00, 0x00, 0x00, 0x00, 0x40, 0x00, 0x04, 0x00,
    0xc4, 0x00, 0x02, 0x00, 0xc1, 0x00, 0x02, 0x00, 0x02, 0x00, 0xc4, 0x00, 0xa6, 0x00, 0x65, 0x00,
    0x05, 0x00, 0x86, 0x00, 0x66, 0x00, 0x48, 0x00, 0xa9, 0x00, 0xa6, 0x00, 0x86, 0x00, 0xe7, 0x00,
    0x22, 0x00, 0xa6, 0x00, 0x27, 0x00, 0x00, 0x00, 0x00, 0x00, 0x00, 0x00, 0x00, 0x00, 0x00, 0x00,
    0x00, 0x00, 0x00, 0x00, 0x00, 0x00, 0x00, 0x00, 0x00, 0x00, 0x00, 0x00, 0x00, 0x00, 0x00, 0x00,
    0x00, 0x00, 0x00, 0x00, 0x00, 0x00, 0x00, 0x00, 0x00, 0x00, 0x00, 0x00, 0x00, 0x00, 0x00, 0x00,
    0x00, 0x00, 0x00, 0x00, 0x00, 0x00, 0x00, 0x00, 0x00, 0x00, 0x00, 0x00, 0x00, 0x00, 0x00, 0x00,
    0x00, 0x00, 0x00, 0x00, 0x00, 0x00, 0x00, 0x00, 0x00, 0x00, 0x00, 0x00, 0x00, 0x00, 0x00, 0x00,
    0x00, 0x00, 0x00, 0x00, 0xc1, 0x00, 0xc6, 0x00, 0x65, 0x00, 0x63, 0x00, 0x61, 0x00, 0xa1, 0x00,
    0x22, 0x00, 0x83, 0x00, 0xc4, 0x00, 0x63, 0x00, 0x23, 0x00, 0xe9, 0x00, 0xec, 0x00, 0x0c, 0x00,
    0x2c, 0x00, 0xae, 0x00, 0xcc, 0x00, 0x09, 0x00, 0x88, 0x00, 0xcb, 0x00, 0x0a, 0x00, 0x88, 0x00,
    0xe9, 0x00, 0x0a, 0x00, 0xc6, 0x00, 0x00, 0x00, 0x00, 0x00, 0x00, 0x00, 0x00, 0x00, 0x00, 0x00,
    0x00, 0x00, 0x00, 0x00, 0x00, 0x00, 0x00, 0x00, 0x00, 0x00, 0x00, 0x00, 0x00, 0x00, 0x00, 0x00,
    0x00, 0x00, 0x00, 0x00, 0x00, 0x00, 0x00, 0x00, 0x00, 0x00, 0x00, 0x00, 0x00, 0x00, 0x00, 0x00,
    0x00, 0x00, 0x00, 0x00, 0x00, 0x00, 0x00, 0x00, 0x00, 0x00, 0x00, 0x00, 0x00, 0x00, 0x00, 0x00,
    0x00, 0x00, 0x00, 0x00, 0x00, 0x00, 0x00, 0x00, 0x00, 0x00, 0x00, 0x00, 0x00, 0x00, 0x00, 0x00,
    0x00, 0x00, 0x00, 0x00, 0x00, 0x00, 0xc1, 0x00, 0xa6, 0x00, 0xa8, 0x00, 0xc9, 0x00, 0x88, 0x00,
    0xc6, 0x00, 0x86, 0x00, 0x45, 0x00, 0x45, 0x00, 0x25, 0x00, 0x84, 0x00, 0x86, 0x00, 0xc9, 0x00,
    0x0c, 0x00, 0x2c, 0x00, 0xad, 0x00, 0xce, 0x00, 0xce, 0x00, 0x6a, 0x00, 0x0c, 0x00, 0xab, 0x00,
    0xcb, 0x00, 0x6d, 0x00, 0x65, 0x00, 0x00, 0x00, 0x00, 0x00, 0x00, 0x00, 0x00, 0x00, 0x00, 0x00,
    0x00, 0x00, 0x00, 0x00, 0x00, 0x00, 0x00, 0x00, 0x00, 0x00, 0x00, 0x00, 0x00, 0x00, 0x00, 0x00,
    0x00, 0x00, 0x00, 0x00, 0x00, 0x00, 0x00, 0x00, 0x00, 0x00, 0x00, 0x00, 0x00, 0x00, 0x00, 0x00,
    0x00, 0x00, 0x00, 0x00, 0x00, 0x00, 0x00, 0x00, 0x00, 0x00, 0x00, 0x00, 0x00, 0x00, 0x00, 0x00,
    0x00, 0x00, 0x00, 0x00, 0x00, 0x00, 0x00, 0x00, 0x00, 0x00, 0x00, 0x00, 0x00, 0x00, 0x00, 0x00,
    0x00, 0x00, 0x00, 0x00, 0x00, 0x00, 0x00, 0x00, 0x40, 0x00, 0x63, 0x00, 0x28, 0x00, 0x8b, 0x00,
    0x0c, 0x00, 0xec, 0x00, 0xcc, 0x00, 0xcb, 0x00, 0xe9, 0x00, 0xa6, 0x00, 0xe4, 0x00, 0x25, 0x00,
    0x86, 0x00, 0x27, 0x00, 0x27, 0x00, 0x09, 0x00, 0x8d, 0x00, 0xad, 0x00, 0x8a, 0x00, 0x8a, 0x00,
    0xc8, 0x00, 0x6a, 0x00, 0x25, 0x00, 0x81, 0x00, 0x00, 0x00, 0x00, 0x00, 0x00, 0x00, 0x00, 0x00,
    0x00, 0x00, 0x00, 0x00, 0x00, 0x00, 0x00, 0x00, 0x00, 0x00, 0x00, 0x00, 0x00, 0x00, 0x00, 0x00,
    0x00, 0x00, 0x00, 0x00, 0x00, 0x00, 0x00, 0x00, 0x00, 0x00, 0x00, 0x00, 0x00, 0x00, 0x00, 0x00,
    0x00, 0x00, 0x00, 0x00, 0x00, 0x00, 0x00, 0x00, 0x00, 0x00, 0x00, 0x00, 0x00, 0x00, 0x00, 0x00,
    0x00, 0x00, 0x00, 0x00, 0x00, 0x00, 0x00, 0x00, 0x00, 0x00, 0x00, 0x00, 0x00, 0x00, 0x00, 0x00,
    0x00, 0x00, 0x00, 0x00, 0x00, 0x00, 0x00, 0x00, 0x00, 0x00, 0xa1, 0x00, 0x84, 0x00, 0xc4, 0x00,
    0xc7, 0x00, 0x89, 0x00, 0x2a, 0x00, 0xac, 0x00, 0x6b, 0x00, 0x8b, 0x00, 0x8b, 0x00, 0x4a, 0x00,
    0xa6, 0x00, 0x63, 0x00, 0x29, 0x00, 0x63, 0x00, 0x86, 0x00, 0xcb, 0x00, 0x2a, 0x00, 0xe9, 0x00,
    0x4c, 0x00, 0xce, 0x00, 0x0e, 0x00, 0x4c, 0x00, 0xe6, 0x00, 0x20, 0x00, 0x00, 0x00, 0x00, 0x00,
    0x00, 0x00, 0x00, 0x00, 0x00, 0x00, 0x00, 0x00, 0x00, 0x00, 0x00, 0x00, 0x00, 0x00, 0x00, 0x00,
    0x00, 0x00, 0x00, 0x00, 0x00, 0x00, 0x00, 0x00, 0x00, 0x00, 0x00, 0x00, 0x00, 0x00, 0x00, 0x00,
    0x00, 0x00, 0x00, 0x00, 0x00, 0x00, 0x00, 0x00, 0x00, 0x00, 0x00, 0x00, 0x00, 0x00, 0x00, 0x00,
    0x00, 0x00, 0x00, 0x00, 0x00, 0x00, 0x00, 0x00, 0x00, 0x00, 0x00, 0x00, 0x00, 0x00, 0x00, 0x00,
    0x00, 0x00, 0x00, 0x00, 0x00, 0x00, 0x00, 0x00, 0x00, 0x00, 0x20, 0x00, 0x64, 0x00, 0x05, 0x00,
    0x64, 0x00, 0x64, 0x00, 0xc4, 0x00, 0x46, 0x00, 0xe7, 0x00, 0x89, 0x00, 0x2c, 0x00, 0xee, 0x00,
    0x6d, 0x00, 0x48, 0x00, 0xef, 0x00, 0xe3, 0x00, 0x41, 0x00, 0x63, 0x00, 0xc9, 0x00, 0x6d, 0x00,
    0xad, 0x00, 0x8d, 0x00, 0xe9, 0x00, 0xeb, 0x00, 0x2c, 0x00, 0xc4, 0x00, 0x00, 0x00, 0x00, 0x00,
    0x00, 0x00, 0x00, 0x00, 0x00, 0x00, 0x00, 0x00, 0x00, 0x00, 0x00, 0x00, 0x00, 0x00, 0x00, 0x00,
    0x00, 0x00, 0x00, 0x00, 0x00, 0x00, 0x00, 0x00, 0x00, 0x00, 0x00, 0x00, 0x00, 0x00, 0x00, 0x00,
    0x00, 0x00, 0x00, 0x00, 0x00, 0x00, 0x00, 0x00, 0x00, 0x00, 0x00, 0x00, 0x00, 0x00, 0x00, 0x00,
    0x00, 0x00, 0x00, 0x00, 0x00, 0x00, 0x00, 0x00, 0x00, 0x00, 0x00, 0x00, 0x00, 0x00, 0x00, 0x00,
    0x00, 0x00, 0x00, 0x00, 0x00, 0x00, 0x00, 0x00, 0x60, 0x00, 0x43, 0x00, 0xa4, 0x00, 0x05, 0x00,
    0xa6, 0x00, 0xe7, 0x00, 0x48, 0x00, 0x28, 0x00, 0xc9, 0x00, 0x4a, 0x00, 0xab, 0x00, 0x6d, 0x00,
    0x0e, 0x00, 0xce, 0x00, 0x6b, 0x00, 0xc7, 0x00, 0x45, 0x00, 0x09, 0x00, 0x6d, 0x00, 0xce, 0x00,
    0xad, 0x00, 0xeb, 0x00, 0x09, 0x00, 0x4a, 0x00, 0x8a, 0x00, 0xe6, 0x00, 0x00, 0x00, 0x00, 0x00,
    0x00, 0x00, 0x00, 0x00, 0x00, 0x00, 0x00, 0x00, 0x00, 0x00, 0x00, 0x00, 0x00, 0x00, 0x00, 0x00,
    0x00, 0x00, 0x00, 0x00, 0x00, 0x00, 0x00, 0x00, 0x00, 0x00, 0x00, 0x00, 0x00, 0x00, 0x00, 0x00,
    0x00, 0x00, 0x00, 0x00, 0x00, 0x00, 0x00, 0x00, 0x00, 0x00, 0x00, 0x00, 0x00, 0x00, 0x00, 0x00,
    0x00, 0x00, 0x00, 0x00, 0x00, 0x00, 0x00, 0x00, 0x00, 0x00, 0x00, 0x00, 0x00, 0x00, 0x00, 0x00,
    0x00, 0x00, 0x00, 0x00, 0xa1, 0x00, 0x25, 0x00, 0x27, 0x00, 0x68, 0x00, 0x28, 0x00, 0x0a, 0x00,
    0x6b, 0x00, 0xac, 0x00, 0xed, 0x00, 0xac, 0x00, 0x6b, 0x00, 0x4b, 0x00, 0xec, 0x00, 0x4d, 0x00,
    0x4d, 0x00, 0x0f, 0x00, 0x0f, 0x00, 0xae, 0x00, 0xce, 0x00, 0xce, 0x00, 0x2c, 0x00, 0x8a, 0x00,
    0x8a, 0x00, 0x4c, 0x00, 0x8d, 0x00, 0x8a, 0x00, 0x6a, 0x00, 0x65, 0x00, 0x00, 0x00, 0x00, 0x00,
    0x00, 0x00, 0x00, 0x00, 0x00, 0x00, 0x00, 0x00, 0x00, 0x00, 0x00, 0x00, 0x00, 0x00, 0x00, 0x00,
    0x00, 0x00, 0x00, 0x00, 0x00, 0x00, 0x00, 0x00, 0x00, 0x00, 0x00, 0x00, 0x00, 0x00, 0x00, 0x00,
    0x00, 0x00, 0x00, 0x00, 0x00, 0x00, 0x00, 0x00, 0x00, 0x00, 0x00, 0x00, 0x00, 0x00, 0x00, 0x00,
    0x00, 0x00, 0x00, 0x00, 0x00, 0x00, 0x00, 0x00, 0x00, 0x00, 0x00, 0x00, 0x00, 0x00, 0x00, 0x00,
    0x00, 0x00, 0x00, 0x00, 0x60, 0x00, 0x63, 0x00, 0x65, 0x00, 0xa6, 0x00, 0x86, 0x00, 0x45, 0x00,
    0x05, 0x00, 0x25, 0x00, 0xa6, 0x00, 0x48, 0x00, 0x89, 0x00, 0x8b, 0x00, 0xcc, 0x00, 0x0c, 0x00,
    0x6d, 0x00, 0x6d, 0x00, 0x6d, 0x00, 0x4d, 0x00, 0x8a, 0x00, 0x88, 0x00, 0x24, 0x00, 0x83, 0x00,
    0x84, 0x00, 0x05, 0x00, 0x09, 0x00, 0x29, 0x00, 0xc8, 0x00, 0x81, 0x00, 0x00, 0x00, 0x00, 0x00,
    0x00, 0x00, 0x00, 0x00, 0x00, 0x00, 0x00, 0x00, 0x00, 0x00, 0x00, 0x00, 0x00, 0x00, 0x00, 0x00,
    0x00, 0x00, 0x00, 0x00, 0x00, 0x00, 0x00, 0x00, 0x00, 0x00, 0x00, 0x00, 0x00, 0x00, 0x00, 0x00,
    0x00, 0x00, 0x00, 0x00, 0x00, 0x00, 0x00, 0x00, 0x00, 0x00, 0x00, 0x00, 0x00, 0x00, 0x00, 0x00,
    0x00, 0x00, 0x00, 0x00, 0x00, 0x00, 0x00, 0x00, 0x00, 0x00, 0x00, 0x00, 0x00, 0x00, 0x00, 0x00,
    0x00, 0x00, 0x00, 0x00, 0x00, 0x00, 0x00, 0x00, 0x00, 0x00, 0x40, 0x00, 0xa1, 0x00, 0x84, 0x00,
    0x63, 0x00, 0x05, 0x00, 0xe7, 0x00, 0x48, 0x00, 0x48, 0x00, 0x89, 0x00, 0x0a, 0x00, 0x4a, 0x00,
    0xcb, 0x00, 0xec, 0x00, 0xcb, 0x00, 0x47, 0x00, 0x83, 0x00, 0xc2, 0x00, 0x81, 0x00, 0x23, 0x00,
    0x85, 0x00, 0x81, 0x00, 0xa1, 0x00, 0xa6, 0x00, 0x22, 0x00, 0x00, 0x00, 0x00, 0x00, 0x00, 0x00,
    0x00, 0x00, 0x00, 0x00, 0x00, 0x00, 0x00, 0x00, 0x00, 0x00, 0x00, 0x00, 0x00, 0x00, 0x00, 0x00,
    0x00, 0x00, 0x00, 0x00, 0x00, 0x00, 0x00, 0x00, 0x00, 0x00, 0x00, 0x00, 0x00, 0x00, 0x00, 0x00,
    0x00, 0x00, 0x00, 0x00, 0x00, 0x00, 0x00, 0x00, 0x00, 0x00, 0x00, 0x00, 0x00, 0x00, 0x00, 0x00,
    0x00, 0x00, 0x00, 0x00, 0x00, 0x00, 0x00, 0x00, 0x00, 0x00, 0x00, 0x00, 0x00, 0x00, 0x00, 0x00,
    0x00, 0x00, 0x00, 0x00, 0x00, 0x00, 0x00, 0x00, 0x00, 0x00, 0x00, 0x00, 0xe5, 0x00, 0x28, 0x00,
    0xa7, 0x00, 0x8c, 0x00, 0x2b, 0x00, 0x48, 0x00, 0xe7, 0x00, 0x07, 0x00, 0xa9, 0x00, 0xe9, 0x00,
    0x4a, 0x00, 0xab, 0x00, 0xc6, 0x00, 0x81, 0x00, 0xc2, 0x00, 0x23, 0x00, 0x23, 0x00, 0xe2, 0x00,
    0x43, 0x00, 0x40, 0x00, 0x00, 0x00, 0x00, 0x00, 0x00, 0x00, 0x00, 0x00, 0x00, 0x00, 0x00, 0x00,
    0x00, 0x00, 0x00, 0x00, 0x00, 0x00, 0x00, 0x00, 0x00, 0x00, 0x00, 0x00, 0x00, 0x00, 0x00, 0x00,
    0x00, 0x00, 0x00, 0x00, 0x00, 0x00, 0x00, 0x00, 0x00, 0x00, 0x00, 0x00, 0x00, 0x00, 0x00, 0x00,
    0x00, 0x00, 0x00, 0x00, 0x00, 0x00, 0x00, 0x00, 0x00, 0x00, 0x00, 0x00, 0x00, 0x00, 0x00, 0x00,
    0x00, 0x00, 0x00, 0x00, 0x00, 0x00, 0x04, 0x00, 0xa8, 0x00, 0xa4, 0x00, 0x00, 0x00, 0x00, 0x00,
    0x00, 0x00, 0x00, 0x00, 0x00, 0x00, 0x00, 0x00, 0x00, 0x00, 0x84, 0x00, 0xe7, 0x00, 0x87, 0x00,
    0xc5, 0x00, 0xa4, 0x00, 0x43, 0x00, 0x23, 0x00, 0xe2, 0x00, 0x08, 0x00, 0x0a, 0x00, 0xea, 0x00,
    0x0a, 0x00, 0x0c, 0x00, 0x27, 0x00, 0x61, 0x00, 0x63, 0x00, 0x83, 0x00, 0x43, 0x00, 0x02, 0x00,
    0xe2, 0x00, 0x00, 0x00, 0x00, 0x00, 0x00, 0x00, 0x00, 0x00, 0x00, 0x00, 0x00, 0x00, 0x00, 0x00,
    0x00, 0x00, 0x00, 0x00, 0x00, 0x00, 0x00, 0x00, 0x00, 0x00, 0x00, 0x00, 0x00, 0x00, 0x00, 0x00,
    0x00, 0x00, 0x00, 0x00, 0x00, 0x00, 0x00, 0x00, 0x00, 0x00, 0x00, 0x00, 0x00, 0x00, 0x00, 0x00,
    0x00, 0x00, 0x00, 0x00, 0x00, 0x00, 0x00, 0x00, 0x00, 0x00, 0x00, 0x00, 0x00, 0x00, 0x00, 0x00,
    0x00, 0x00, 0x00, 0x00, 0xa3, 0x00, 0xe9, 0x00, 0x09, 0x00, 0x2a, 0x00, 0x43, 0x00, 0x20, 0x00,
    0x00, 0x00, 0x00, 0x00, 0x00, 0x00, 0x00, 0x00, 0x20, 0x00, 0xe5, 0x00, 0x64, 0x00, 0xe5, 0x00,
    0x05, 0x00, 0x63, 0x00, 0x64, 0x00, 0xe2, 0x00, 0xe5, 0x00, 0x48, 0x00, 0xc7, 0x00, 0x08, 0x00,
    0x89, 0x00, 0xc9, 0x00, 0x4a, 0x00, 0x25, 0x00, 0x86, 0x00, 0x08, 0x00, 0x05, 0x00, 0x84, 0x00,
    0xe2, 0x00, 0x00, 0x00, 0x00, 0x00, 0x00, 0x00, 0x00, 0x00, 0x00, 0x00, 0x00, 0x00, 0x00, 0x00,
    0x00, 0x00, 0x00, 0x00, 0x00, 0x00, 0x00, 0x00, 0x00, 0x00, 0x00, 0x00, 0x00, 0x00, 0x00, 0x00,
    0x00, 0x00, 0x00, 0x00, 0x00, 0x00, 0x00, 0x00, 0x00, 0x00, 0x00, 0x00, 0x00, 0x00, 0x00, 0x00,
    0x00, 0x00, 0x00, 0x00, 0x00, 0x00, 0x00, 0x00, 0x00, 0x00, 0x00, 0x00, 0x00, 0x00, 0x00, 0x00,
    0x00, 0x00, 0x66, 0x00, 0xcd, 0x00, 0x0e, 0x00, 0x29, 0x00, 0x83, 0x00, 0xe9, 0x00, 0x2a, 0x00,
    0xc2, 0x00, 0x00, 0x00, 0x00, 0x00, 0x00, 0x00, 0x00, 0x00, 0x20, 0x00, 0x02, 0x00, 0xc8, 0x00,
    0xa4, 0x00, 0xe5, 0x00, 0xe5, 0x00, 0x64, 0x00, 0xc4, 0x00, 0xe4, 0x00, 0xc4, 0x00, 0xc4, 0x00,
    0x66, 0x00, 0x48, 0x00, 0x89, 0x00, 0x09, 0x00, 0x45, 0x00, 0xc7, 0x00, 0x07, 0x00, 0x46, 0x00,
    0x23, 0x00, 0x00, 0x00, 0x00, 0x00, 0x00, 0x00, 0x00, 0x00, 0x00, 0x00, 0x00, 0x00, 0x00, 0x00,
    0x00, 0x00, 0x00, 0x00, 0x00, 0x00, 0x00, 0x00, 0x00, 0x00, 0x00, 0x00, 0x00, 0x00, 0x00, 0x00,
    0x00, 0x00, 0x00, 0x00, 0x00, 0x00, 0x00, 0x00, 0x00, 0x00, 0x00, 0x00, 0x00, 0x00, 0x00, 0x00,
    0x00, 0x00, 0x00, 0x00, 0x00, 0x00, 0x00, 0x00, 0x00, 0x00, 0x00, 0x00, 0x00, 0x00, 0x00, 0x00,
    0x00, 0x00, 0x45, 0x00, 0x09, 0x00, 0x29, 0x00, 0xe7, 0x00, 0xa4, 0x00, 0xc6, 0x00, 0xe7, 0x00,
    0xa4, 0x00, 0x00, 0x00, 0x00, 0x00, 0x00, 0x00, 0x00, 0x00, 0x00, 0x00, 0xc5, 0x00, 0x46, 0x00,
    0x63, 0x00, 0xc5, 0x00, 0xc5, 0x00, 0x46, 0x00, 0x66, 0x00, 0x05, 0x00, 0x27, 0x00, 0x06, 0x00,
    0xe4, 0x00, 0xa4, 0x00, 0x46, 0x00, 0x2a, 0x00, 0x88, 0x00, 0xc2, 0x00, 0x86, 0x00, 0x07, 0x00,
    0xe4, 0x00, 0xe2, 0x00, 0x40, 0x00, 0x00, 0x00, 0x00, 0x00, 0x00, 0x00, 0x00, 0x00, 0x00, 0x00,
    0x00, 0x00, 0x00, 0x00, 0x00, 0x00, 0x00, 0x00, 0x00, 0x00, 0x00, 0x00, 0x00, 0x00, 0x00, 0x00,
    0x00, 0x00, 0x00, 0x00, 0x00, 0x00, 0x00, 0x00, 0x00, 0x00, 0x00, 0x00, 0x00, 0x00, 0x00, 0x00,
    0x00, 0x00, 0x00, 0x00, 0x00, 0x00, 0x00, 0x00, 0x00, 0x00, 0x00, 0x00, 0x00, 0x00, 0x00, 0x00,
    0x20, 0x00, 0xc7, 0x00, 0xcb, 0x00, 0xe9, 0x00, 0x83, 0x00, 0x81, 0x00, 0x43, 0x00, 0x23, 0x00,
    0xe2, 0x00, 0x00, 0x00, 0x00, 0x00, 0x00, 0x00, 0x00, 0x00, 0x00, 0x00, 0xa4, 0x00, 0x43, 0x00,
    0xc4, 0x00, 0x05, 0x00, 0xa7, 0x00, 0xc7, 0x00, 0x28, 0x00, 0xa6, 0x00, 0xe6, 0x00, 0x88, 0x00,
    0x67, 0x00, 0x44, 0x00, 0x02, 0x00, 0x63, 0x00, 0xa9, 0x00, 0x86, 0x00, 0x28, 0x00, 0x07, 0x00,
    0xe5, 0x00, 0x27, 0x00, 0x61, 0x00, 0x00, 0x00, 0x00, 0x00, 0x00, 0x00, 0x00, 0x00, 0x00, 0x00,
    0x00, 0x00, 0x00, 0x00, 0x00, 0x00, 0x00, 0x00, 0x00, 0x00, 0x00, 0x00, 0x00, 0x00, 0x00, 0x00,
    0x00, 0x00, 0x00, 0x00, 0x00, 0x00, 0x00, 0x00, 0x00, 0x00, 0x00, 0x00, 0x00, 0x00, 0x00, 0x00,
    0x00, 0x00, 0x00, 0x00, 0x00, 0x00, 0x00, 0x00, 0x00, 0x00, 0x00, 0x00, 0x00, 0x00, 0x00, 0x00,
    0x81, 0x00, 0x89, 0x00, 0xa9, 0x00, 0x07, 0x00, 0xe6, 0x00, 0xa1, 0x00, 0x23, 0x00, 0xc7, 0x00,
    0x84, 0x00, 0x00, 0x00, 0x00, 0x00, 0x00, 0x00, 0x00, 0x00, 0x00, 0x00, 0x61, 0x00, 0x40, 0x00,
    0xc5, 0x00, 0xe5, 0x00, 0x87, 0x00, 0xc7, 0x00, 0xca, 0x00, 0x68, 0x00, 0x29, 0x00, 0x47, 0x00,
    0x06, 0x00, 0xe6, 0x00, 0x44, 0x00, 0xc1, 0x00, 0x23, 0x00, 0xab, 0x00, 0x6a, 0x00, 0xc7, 0x00,
    0xc9, 0x00, 0xa8, 0x00, 0x00, 0x00, 0x00, 0x00, 0x00, 0x00, 0x00, 0x00, 0x00, 0x00, 0x00, 0x00,
    0x00, 0x00, 0x00, 0x00, 0x40, 0x00, 0x43, 0x00, 0xe6, 0x00, 0x6a, 0x00, 0xa3, 0x00, 0x00, 0x00,
    0x00, 0x00, 0x00, 0x00, 0x00, 0x00, 0x00, 0x00, 0x00, 0x00, 0x00, 0x00, 0x00, 0x00, 0x00, 0x00,
    0x00, 0x00, 0x00, 0x00, 0x00, 0x00, 0x00, 0x00, 0x00, 0x00, 0x00, 0x00, 0x00, 0x00, 0x00, 0x00,
    0x20, 0x00, 0x05, 0x00, 0xe5, 0x00, 0x83, 0x00, 0x83, 0x00, 0xa4, 0x00, 0x46, 0x00, 0xc5, 0x00,
    0x20, 0x00, 0x00, 0x00, 0x00, 0x00, 0x00, 0x00, 0x00, 0x00, 0x00, 0x00, 0x00, 0x00, 0x00, 0x00,
    0x84, 0x00, 0x43, 0x00, 0x26, 0x00, 0x49, 0x00, 0x0a, 0x00, 0x88, 0x00, 0x4a, 0x00, 0xaa, 0x00,
    0xe8, 0x00, 0xe6, 0x00, 0xe6, 0x00, 0xc6, 0x00, 0x60, 0x00, 0xa4, 0x00, 0x2a, 0x00, 0x4a, 0x00,
    0x09, 0x00, 0x43, 0x00, 0x00, 0x00, 0x00, 0x00, 0x00, 0x00, 0x00, 0x00, 0x00, 0x00, 0x00, 0x00,
    0x00, 0x00, 0x00, 0x00, 0x65, 0x00, 0xcb, 0x00, 0xaa, 0x00, 0xe8, 0x00, 0x09, 0x00, 0x81, 0x00,
    0x00, 0x00, 0x00, 0x00, 0x00, 0x00, 0x00, 0x00, 0x00, 0x00, 0x00, 0x00, 0x00, 0x00, 0x00, 0x00,
    0x00, 0x00, 0x00, 0x00, 0x00, 0x00, 0x00, 0x00, 0x00, 0x00, 0x00, 0x00, 0x00, 0x00, 0x00, 0x00,
    0x00, 0x00, 0xe2, 0x00, 0x66, 0x00, 0x05, 0x00, 0xe5, 0x00, 0xa7, 0x00, 0xa4, 0x00, 0x84, 0x00,
    0x00, 0x00, 0x00, 0x00, 0x00, 0x00, 0x00, 0x00, 0x00, 0x00, 0x00, 0x00, 0x00, 0x00, 0x00, 0x00,
    0x81, 0x00, 0x02, 0x00, 0x67, 0x00, 0xc7, 0x00, 0x28, 0x00, 0x48, 0x00, 0x88, 0x00, 0xaa, 0x00,
    0xaa, 0x00, 0x29, 0x00, 0xa8, 0x00, 0xc8, 0x00, 0x65, 0x00, 0x00, 0x00, 0xe2, 0x00, 0xa4, 0x00,
    0x81, 0x00, 0x00, 0x00, 0x00, 0x00, 0x00, 0x00, 0x00, 0x00, 0x00, 0x00, 0x00, 0x00, 0x00, 0x00,
    0x40, 0x00, 0x27, 0x00, 0x29, 0x00, 0xa5, 0x00, 0x65, 0x00, 0xc8, 0x00, 0x29, 0x00, 0x02, 0x00,
    0x00, 0x00, 0x00, 0x00, 0x00, 0x00, 0x00, 0x00, 0x00, 0x00, 0x00, 0x00, 0x00, 0x00, 0x00, 0x00,
    0x00, 0x00, 0x00, 0x00, 0x00, 0x00, 0x00, 0x00, 0x00, 0x00, 0x00, 0x00, 0x00, 0x00, 0x00, 0x00,
    0x00, 0x00, 0x20, 0x00, 0xa4, 0x00, 0xa7, 0x00, 0x28, 0x00, 0x66, 0x00, 0x66, 0x00, 0xa9, 0x00,
    0xa4, 0x00, 0x00, 0x00, 0x00, 0x00, 0x00, 0x00, 0x00, 0x00, 0x00, 0x00, 0x00, 0x00, 0x00, 0x00,
    0x00, 0x00, 0x20, 0x00, 0x26, 0x00, 0x28, 0x00, 0x8b, 0x00, 0x4a, 0x00, 0x09, 0x00, 0xeb, 0x00,
    0x8d, 0x00, 0xcb, 0x00, 0x09, 0x00, 0xc8, 0x00, 0xc8, 0x00, 0xc6, 0x00, 0x00, 0x00, 0x00, 0x00,
    0x00, 0x00, 0x00, 0x00, 0x00, 0x00, 0x00, 0x00, 0x00, 0x00, 0x00, 0x00, 0x00, 0x00, 0x00, 0x00,
    0x63, 0x00, 0xe9, 0x00, 0xca, 0x00, 0x68, 0x00, 0x25, 0x00, 0xe9, 0x00, 0xab, 0x00, 0x09, 0x00,
    0x20, 0x00, 0x00, 0x00, 0x00, 0x00, 0x00, 0x00, 0x00, 0x00, 0x00, 0x00, 0x00, 0x00, 0x00, 0x00,
    0x00, 0x00, 0x00, 0x00, 0x00, 0x00, 0x00, 0x00, 0x00, 0x00, 0x00, 0x00, 0x00, 0x00, 0x00, 0x00,
    0x00, 0x00, 0x00, 0x00, 0x20, 0x00, 0xc4, 0x00, 0x46, 0x00, 0xc7, 0x00, 0xea, 0x00, 0xe9, 0x00,
    0x6a, 0x00, 0xa6, 0x00, 0x00, 0x00, 0x00, 0x00, 0x00, 0x00, 0x00, 0x00, 0x61, 0x00, 0x05, 0x00,
    0x43, 0x00, 0x02, 0x00, 0x63, 0x00, 0xa4, 0x00, 0xa9, 0x00, 0x6b, 0x00, 0x8b, 0x00, 0xe9, 0x00,
    0xcc, 0x00, 0xef, 0x00, 0x0f, 0x00, 0xef, 0x00, 0xcb, 0x00, 0x0b, 0x00, 0x24, 0x00, 0x81, 0x00,
    0x00, 0x00, 0x00, 0x00, 0x00, 0x00, 0x00, 0x00, 0x00, 0x00, 0x00, 0x00, 0x00, 0x00, 0x00, 0x00,
    0x43, 0x00, 0x25, 0x00, 0xe6, 0x00, 0x22, 0x00, 0x43, 0x00, 0x68, 0x00, 0xe6, 0x00, 0xc4, 0x00,
    0x20, 0x00, 0x00, 0x00, 0x00, 0x00, 0x00, 0x00, 0x00, 0x00, 0x00, 0x00, 0x00, 0x00, 0x00, 0x00,
    0x00, 0x00, 0x00, 0x00, 0x00, 0x00, 0x00, 0x00, 0x00, 0x00, 0x00, 0x00, 0x00, 0x00, 0x00, 0x00,
    0x00, 0x00, 0x00, 0x00, 0x00, 0x00, 0x40, 0x00, 0xe5, 0x00, 0xa7, 0x00, 0xca, 0x00, 0x4a, 0x00,
    0x8b, 0x00, 0x4c, 0x00, 0x68, 0x00, 0x20, 0x00, 0x20, 0x00, 0xa1, 0x00, 0x22, 0x00, 0x86, 0x00,
    0x89, 0x00, 0xc9, 0x00, 0x0a, 0x00, 0x89, 0x00, 0xe7, 0x00, 0xc9, 0x00, 0x8b, 0x00, 0x4a, 0x00,
    0x6a, 0x00, 0x6e, 0x00, 0xae, 0x00, 0x50, 0x00, 0x91, 0x00, 0x8d, 0x00, 0xe8, 0x00, 0xc4, 0x00,
    0x43, 0x00, 0x00, 0x00, 0x00, 0x00, 0x00, 0x00, 0x00, 0x00, 0x00, 0x00, 0x00, 0x00, 0x00, 0x00,
    0xa1, 0x00, 0x25, 0x00, 0x83, 0x00, 0x20, 0x00, 0xc7, 0x00, 0xab, 0x00, 0xaa, 0x00, 0xa4, 0x00,
    0x00, 0x00, 0x00, 0x00, 0x00, 0x00, 0x00, 0x00, 0x00, 0x00, 0x00, 0x00, 0x00, 0x00, 0x00, 0x00,
    0x00, 0x00, 0x00, 0x00, 0x00, 0x00, 0x00, 0x00, 0x00, 0x00, 0x00, 0x00, 0x00, 0x00, 0x00, 0x00,
    0x00, 0x00, 0x00, 0x00, 0x00, 0x00, 0x00, 0x00, 0xe2, 0x00, 0xa7, 0x00, 0x28, 0x00, 0xc9, 0x00,
    0x8b, 0x00, 0xcb, 0x00, 0x6d, 0x00, 0xc9, 0x00, 0x0a, 0x00, 0x8d, 0x00, 0xce, 0x00, 0x4d, 0x00,
    0x0c, 0x00, 0x0c, 0x00, 0x6d, 0x00, 0xae, 0x00, 0xcc, 0x00, 0x2a, 0x00, 0xcb, 0x00, 0xab, 0x00,
    0x0c, 0x00, 0x50, 0x00, 0xd2, 0x00, 0x10, 0x00, 0x8e, 0x00, 0x8e, 0x00, 0x6a, 0x00, 0x09, 0x00,
    0xc4, 0x00, 0xe4, 0x00, 0x20, 0x00, 0x00, 0x00, 0x00, 0x00, 0x00, 0x00, 0x00, 0x00, 0x00, 0x00,
    0xe2, 0x00, 0x86, 0x00, 0x08, 0x00, 0xe5, 0x00, 0x84, 0x00, 0xe6, 0x00, 0x86, 0x00, 0x83, 0x00,
    0x00, 0x00, 0x00, 0x00, 0x00, 0x00, 0x00, 0x00, 0x00, 0x00, 0x00, 0x00, 0x00, 0x00, 0x00, 0x00,
    0x00, 0x00, 0x00, 0x00, 0x00, 0x00, 0x00, 0x00, 0x00, 0x00, 0x00, 0x00, 0x00, 0x00, 0x00, 0x00,
    0x00, 0x00, 0x00, 0x00, 0x00, 0x00, 0x00, 0x00, 0x20, 0x00, 0xc5, 0x00, 0xa7, 0x00, 0xa9, 0x00,
    0xe9, 0x00, 0xab, 0x00, 0x4c, 0x00, 0x4c, 0x00, 0xcb, 0x00, 0x2c, 0x00, 0x6d, 0x00, 0xad, 0x00,
    0x4c, 0x00, 0xec, 0x00, 0x2a, 0x00, 0xab, 0x00, 0x0c, 0x00, 0x6d, 0x00, 0xcb, 0x00, 0x2c, 0x00,
    0xec, 0x00, 0x50, 0x00, 0x75, 0x00, 0x75, 0x00, 0x71, 0x00, 0x0c, 0x00, 0x2c, 0x00, 0xce, 0x00,
    0x85, 0x00, 0x05, 0x00, 0x25, 0x00, 0x40, 0x00, 0x00, 0x00, 0x00, 0x00, 0x00, 0x00, 0x43, 0x00,
    0xa9, 0x00, 0xc7, 0x00, 0x86, 0x00, 0x08, 0x00, 0xa4, 0x00, 0x05, 0x00, 0x64, 0x00, 0x00, 0x00,
    0x00, 0x00, 0x00, 0x00, 0x00, 0x00, 0x00, 0x00, 0x00, 0x00, 0x00, 0x00, 0x00, 0x00, 0x00, 0x00,
    0x00, 0x00, 0x00, 0x00, 0x00, 0x00, 0x00, 0x00, 0x00, 0x00, 0x00, 0x00, 0x00, 0x00, 0x00, 0x00,
    0x00, 0x00, 0x00, 0x00, 0x00, 0x00, 0x00, 0x00, 0x00, 0x00, 0xa1, 0x00, 0x46, 0x00, 0x08, 0x00,
    0xe9, 0x00, 0x4a, 0x00, 0x0c, 0x00, 0x0c, 0x00, 0xab, 0x00, 0xc8, 0x00, 0xe9, 0x00, 0x4a, 0x00,
    0x8b, 0x00, 0x6b, 0x00, 0x88, 0x00, 0x27, 0x00, 0x0a, 0x00, 0x4d, 0x00, 0x4c, 0x00, 0x2c, 0x00,
    0xeb, 0x00, 0x6d, 0x00, 0x13, 0x00, 0x34, 0x00, 0x54, 0x00, 0xf3, 0x00, 0x50, 0x00, 0xae, 0x00,
    0x87, 0x00, 0x63, 0x00, 0xa6, 0x00, 0xc6, 0x00, 0x04, 0x00, 0xc1, 0x00, 0x86, 0x00, 0x8b, 0x00,
    0xc9, 0x00, 0xa9, 0x00, 0x25, 0x00, 0x46, 0x00, 0x46, 0x00, 0xe5, 0x00, 0x40, 0x00, 0x00, 0x00,
    0x00, 0x00, 0x00, 0x00, 0x00, 0x00, 0x00, 0x00, 0x00, 0x00, 0x00, 0x00, 0x00, 0x00, 0x00, 0x00,
    0x00, 0x00, 0x00, 0x00, 0x00, 0x00, 0x00, 0x00, 0x00, 0x00, 0x00, 0x00, 0x00, 0x00, 0x00, 0x00,
    0x00, 0x00, 0x00, 0x00, 0x00, 0x00, 0x00, 0x00, 0x00, 0x00, 0x00, 0x00, 0xa4, 0x00, 0x66, 0x00,
    0x48, 0x00, 0xc9, 0x00, 0x0a, 0x00, 0x4a, 0x00, 0xc9, 0x00, 0x68, 0x00, 0xa9, 0x00, 0x68, 0x00,
    0x68, 0x00, 0xe7, 0x00, 0x86, 0x00, 0x66, 0x00, 0x86, 0x00, 0xc9, 0x00, 0xcb, 0x00, 0x0c, 0x00,
    0x6d, 0x00, 0xab, 0x00, 0x8e, 0x00, 0x71, 0x00, 0x13, 0x00, 0x13, 0x00, 0x70, 0x00, 0xae, 0x00,
    0xe8, 0x00, 0x63, 0x00, 0xc4, 0x00, 0x28, 0x00, 0xe9, 0x00, 0xa8, 0x00, 0x4a, 0x00, 0xc9, 0x00,
    0xa9, 0x00, 0xea, 0x00, 0xe7, 0x00, 0xa4, 0x00, 0x43, 0x00, 0x40, 0x00, 0x00, 0x00, 0x00, 0x00,
    0x00, 0x00, 0x00, 0x00, 0x00, 0x00, 0x00, 0x00, 0x00, 0x00, 0x00, 0x00, 0x00, 0x00, 0x00, 0x00,
    0x00, 0x00, 0x00, 0x00, 0x00, 0x00, 0x00, 0x00, 0x00, 0x00, 0x00, 0x00, 0x00, 0x00, 0x00, 0x00,
    0x00, 0x00, 0x00, 0x00, 0x00, 0x00, 0x00, 0x00, 0x00, 0x00, 0x00, 0x00, 0x20, 0x00, 0xc5, 0x00,
    0x66, 0x00, 0xc7, 0x00, 0x68, 0x00, 0x48, 0x00, 0xe7, 0x00, 0x86, 0x00, 0x86, 0x00, 0x66, 0x00,
    0x66, 0x00, 0x45, 0x00, 0xc4, 0x00, 0xa4, 0x00, 0xe5, 0x00, 0xc7, 0x00, 0x88, 0x00, 0xcb, 0x00,
    0x0c, 0x00, 0xcf, 0x00, 0x71, 0x00, 0x10, 0x00, 0xae, 0x00, 0x71, 0x00, 0x91, 0x00, 0x6d, 0x00,
    0x09, 0x00, 0x04, 0x00, 0x43, 0x00, 0xa7, 0x00, 0x48, 0x00, 0x88, 0x00, 0x2a, 0x00, 0x2b, 0x00,
    0x2a, 0x00, 0x89, 0x00, 0xc7, 0x00, 0x84, 0x00, 0x00, 0x00, 0x00, 0x00, 0x00, 0x00, 0x00, 0x00,
    0x00, 0x00, 0x00, 0x00, 0x00, 0x00, 0x00, 0x00, 0x00, 0x00, 0x00, 0x00, 0x00, 0x00, 0x00, 0x00,
    0x00, 0x00, 0x00, 0x00, 0x00, 0x00, 0x00, 0x00, 0x00, 0x00, 0x00, 0x00, 0x00, 0x00, 0x00, 0x00,
    0x00, 0x00, 0x00, 0x00, 0x00, 0x00, 0x00, 0x00, 0x00, 0x00, 0x00, 0x00, 0x00, 0x00, 0x63, 0x00,
    0x46, 0x00, 0x87, 0x00, 0x46, 0x00, 0x05, 0x00, 0xe5, 0x00, 0x05, 0x00, 0x46, 0x00, 0x66, 0x00,
    0x45, 0x00, 0xe5, 0x00, 0x84, 0x00, 0x43, 0x00, 0x23, 0x00, 0x66, 0x00, 0x07, 0x00, 0x0a, 0x00,
    0x4a, 0x00, 0xce, 0x00, 0x91, 0x00, 0xd2, 0x00, 0x91, 0x00, 0xae, 0x00, 0x0f, 0x00, 0xcb, 0x00,
    0xcb, 0x00, 0xa5, 0x00, 0xe2, 0x00, 0x25, 0x00, 0xc7, 0x00, 0x68, 0x00, 0xca, 0x00, 0xca, 0x00,
    0x48, 0x00, 0xe7, 0x00, 0x05, 0x00, 0x61, 0x00, 0x00, 0x00, 0x00, 0x00, 0x00, 0x00, 0x00, 0x00,
    0x00, 0x00, 0x00, 0x00, 0x00, 0x00, 0x00, 0x00, 0x00, 0x00, 0x00, 0x00, 0x00, 0x00, 0x00, 0x00,
    0x00, 0x00, 0x00, 0x00, 0x00, 0x00, 0x00, 0x00, 0x00, 0x00, 0x00, 0x00, 0x00, 0x00, 0x00, 0x00,
    0x00, 0x00, 0x00, 0x00, 0x00, 0x00, 0x00, 0x00, 0x00, 0x00, 0x00, 0x00, 0x00, 0x00, 0x00, 0x00,
    0x20, 0x00, 0x23, 0x00, 0x05, 0x00, 0xe5, 0x00, 0x84, 0x00, 0x43, 0x00, 0x43, 0x00, 0x02, 0x00,
    0xa1, 0x00, 0x23, 0x00, 0x23, 0x00, 0xc2, 0x00, 0x43, 0x00, 0x05, 0x00, 0xa6, 0x00, 0x68, 0x00,
    0x29, 0x00, 0xcb, 0x00, 0x2f, 0x00, 0x50, 0x00, 0x13, 0x00, 0x91, 0x00, 0xec, 0x00, 0x8a, 0x00,
    0x8d, 0x00, 0x27, 0x00, 0xe2, 0x00, 0xe5, 0x00, 0x86, 0x00, 0x08, 0x00, 0x48, 0x00, 0x08, 0x00,
    0xe7, 0x00, 0x25, 0x00, 0x81, 0x00, 0x00, 0x00, 0x00, 0x00, 0x00, 0x00, 0x00, 0x00, 0x00, 0x00,
    0x00, 0x00, 0x00, 0x00, 0x00, 0x00, 0x00, 0x00, 0x00, 0x00, 0x00, 0x00, 0x00, 0x00, 0x00, 0x00,
    0x00, 0x00, 0x00, 0x00, 0x00, 0x00, 0x00, 0x00, 0x00, 0x00, 0x00, 0x00, 0x00, 0x00, 0x00, 0x00,
    0x00, 0x00, 0x00, 0x00, 0x00, 0x00, 0x00, 0x00, 0x00, 0x00, 0x00, 0x00, 0x00, 0x00, 0x00, 0x00,
    0x00, 0x00, 0x20, 0x00, 0xa1, 0x00, 0x40, 0x00, 0x00, 0x00, 0x00, 0x00, 0x00, 0x00, 0x00, 0x00,
    0x00, 0x00, 0xa2, 0x00, 0x23, 0x00, 0x81, 0x00, 0x84, 0x00, 0x46, 0x00, 0x48, 0x00, 0x6b, 0x00,
    0x2c, 0x00, 0xe9, 0x00, 0x0c, 0x00, 0x0f, 0x00, 0x70, 0x00, 0x91, 0x00, 0x0f, 0x00, 0x2c, 0x00,
    0x6c, 0x00, 0xe6, 0x00, 0x43, 0x00, 0x25, 0x00, 0x05, 0x00, 0x26, 0x00, 0x25, 0x00, 0x46, 0x00,
    0x05, 0x00, 0xa1, 0x00, 0x00, 0x00, 0x00, 0x00, 0x00, 0x00, 0x00, 0x00, 0x00, 0x00, 0x00, 0x00,
    0x00, 0x00, 0x00, 0x00, 0x00, 0x00, 0x00, 0x00, 0x00, 0x00, 0x00, 0x00, 0x00, 0x00, 0x00, 0x00,
    0x00, 0x00, 0x00, 0x00, 0x00, 0x00, 0x00, 0x00, 0x00, 0x00, 0x00, 0x00, 0x00, 0x00, 0x00, 0x00,
    0x00, 0x00, 0x00, 0x00, 0x00, 0x00, 0x00, 0x00, 0x00, 0x00, 0x00, 0x00, 0x00, 0x00, 0x00, 0x00,
    0x00, 0x00, 0x00, 0x00, 0x00, 0x00, 0x00, 0x00, 0x00, 0x00, 0x00, 0x00, 0x00, 0x00, 0x00, 0x00,
    0x00, 0x00, 0x20, 0x00, 0xc2, 0x00, 0x63, 0x00, 0xc4, 0x00, 0x46, 0x00, 0x68, 0x00, 0x6b, 0x00,
    0x8b, 0x00, 0x8a, 0x00, 0xab, 0x00, 0xcb, 0x00, 0x4d, 0x00, 0x0f, 0x00, 0xef, 0x00, 0x0c, 0x00,
    0xeb, 0x00, 0x04, 0x00, 0x40, 0x00, 0x84, 0x00, 0x05, 0x00, 0xe5, 0x00, 0x05, 0x00, 0xe5, 0x00,
    0x81, 0x00, 0x00, 0x00, 0x00, 0x00, 0x00, 0x00, 0x00, 0x00, 0x00, 0x00, 0x00, 0x00, 0x00, 0x00,
    0x00, 0x00, 0x00, 0x00, 0x00, 0x00, 0x00, 0x00, 0x00, 0x00, 0x00, 0x00, 0x00, 0x00, 0x00, 0x00,
    0x00, 0x00, 0x00, 0x00, 0x00, 0x00, 0x00, 0x00, 0x00, 0x00, 0x00, 0x00, 0x00, 0x00, 0x00, 0x00,
    0x00, 0x00, 0x00, 0x00, 0x00, 0x00, 0x00, 0x00, 0x00, 0x00, 0x00, 0x00, 0x00, 0x00, 0x00, 0x00,
    0x00, 0x00, 0x00, 0x00, 0x00, 0x00, 0x00, 0x00, 0x00, 0x00, 0x00, 0x00, 0x00, 0x00, 0x00, 0x00,
    0x00, 0x00, 0x00, 0x00, 0x84, 0x00, 0x84, 0x00, 0xe5, 0x00, 0xc7, 0x00, 0xa7, 0x00, 0xc9, 0x00,
    0xe9, 0x00, 0xec, 0x00, 0xeb, 0x00, 0x6d, 0x00, 0xec, 0x00, 0x0c, 0x00, 0x4c, 0x00, 0x2c, 0x00,
    0x09, 0x00, 0xe4, 0x00, 0x00, 0x00, 0x00, 0x00, 0xa1, 0x00, 0x23, 0x00, 0x02, 0x00, 0x43, 0x00,
    0xc2, 0x00, 0x00, 0x00, 0x00, 0x00, 0x00, 0x00, 0x00, 0x00, 0x00, 0x00, 0x00, 0x00, 0x00, 0x00,
    0x00, 0x00, 0x00, 0x00, 0x00, 0x00, 0x00, 0x00, 0x00, 0x00, 0x00, 0x00, 0x00, 0x00, 0x00, 0x00,
    0x00, 0x00, 0x00, 0x00, 0x00, 0x00, 0x00, 0x00, 0x00, 0x00, 0x00, 0x00, 0x00, 0x00, 0x00, 0x00,
    0x00, 0x00, 0x00, 0x00, 0x00, 0x00, 0x00, 0x00, 0x00, 0x00, 0x00, 0x00, 0x00, 0x00, 0x00, 0x00,
    0x00, 0x00, 0x00, 0x00, 0x00, 0x00, 0x00, 0x00, 0x00, 0x00, 0x00, 0x00, 0x00, 0x00, 0x00, 0x00,
    0x00, 0x00, 0x00, 0x00, 0x40, 0x00, 0xa1, 0x00, 0x46, 0x00, 0xc7, 0x00, 0x28, 0x00, 0xc9, 0x00,
    0x48, 0x00, 0x8b, 0x00, 0x0c, 0x00, 0x2c, 0x00, 0xae, 0x00, 0x4a, 0x00, 0x8a, 0x00, 0x09, 0x00,
    0x67, 0x00, 0xe4, 0x00, 0x00, 0x00, 0x00, 0x00, 0x00, 0x00, 0x00, 0x00, 0x00, 0x00, 0x00, 0x00,
    0x00, 0x00, 0x00, 0x00, 0x00, 0x00, 0x00, 0x00, 0x00, 0x00, 0x00, 0x00, 0x00, 0x00, 0x00, 0x00,
    0x00, 0x00, 0x00, 0x00, 0x00, 0x00, 0x00, 0x00, 0x00, 0x00, 0x00, 0x00, 0x00, 0x00, 0x00, 0x00,
    0x00, 0x00, 0x00, 0x00, 0x00, 0x00, 0x00, 0x00, 0x00, 0x00, 0x00, 0x00, 0x00, 0x00, 0x00, 0x00,
    0x00, 0x00, 0x00, 0x00, 0x00, 0x00, 0x00, 0x00, 0x00, 0x00, 0x00, 0x00, 0x00, 0x00, 0x00, 0x00,
    0x00, 0x00, 0x00, 0x00, 0x00, 0x00, 0x00, 0x00, 0x00, 0x00, 0x00, 0x00, 0x00, 0x00, 0x00, 0x00,
    0x00, 0x00, 0x00, 0x00, 0x00, 0x00, 0xe5, 0x00, 0x86, 0x00, 0xa7, 0x00, 0x69, 0x00, 0x89, 0x00,
    0xe7, 0x00, 0xc8, 0x00, 0xec, 0x00, 0x2c, 0x00, 0x0c, 0x00, 0x6a, 0x00, 0x09, 0x00, 0xc8, 0x00,
    0x08, 0x00, 0x02, 0x00, 0x00, 0x00, 0x00, 0x00, 0x00, 0x00, 0x00, 0x00, 0x00, 0x00, 0x00, 0x00,
    0x00, 0x00, 0x00, 0x00, 0x00, 0x00, 0x00, 0x00, 0x00, 0x00, 0x00, 0x00, 0x00, 0x00, 0x00, 0x00,
    0x00, 0x00, 0x00, 0x00, 0x00, 0x00, 0x00, 0x00, 0x00, 0x00, 0x00, 0x00, 0x00, 0x00, 0x00, 0x00,
    0x00, 0x00, 0x00, 0x00, 0x00, 0x00, 0x00, 0x00, 0x00, 0x00, 0x00, 0x00, 0x00, 0x00, 0x00, 0x00,
    0x00, 0x00, 0x00, 0x00, 0x00, 0x00, 0x00, 0x00, 0x00, 0x00, 0x00, 0x00, 0x00, 0x00, 0x00, 0x00,
    0x00, 0x00, 0x00, 0x00, 0x00, 0x00, 0x00, 0x00, 0x00, 0x00, 0x00, 0x00, 0x00, 0x00, 0x00, 0x00,
    0x00, 0x00, 0x81, 0x00, 0xc4, 0x00, 0xc7, 0x00, 0xc7, 0x00, 0x28, 0x00, 0x48, 0x00, 0x25, 0x00,
    0x88, 0x00, 0x4a, 0x00, 0x29, 0x00, 0xec, 0x00, 0xeb, 0x00, 0xcb, 0x00, 0xcb, 0x00, 0xaa, 0x00,
    0x06, 0x00, 0x00, 0x00, 0x00, 0x00, 0x00, 0x00, 0x00, 0x00, 0x00, 0x00, 0x00, 0x00, 0x00, 0x00,
    0x00, 0x00, 0x00, 0x00, 0x00, 0x00, 0x00, 0x00, 0x00, 0x00, 0x00, 0x00, 0x00, 0x00, 0x00, 0x00,
    0x00, 0x00, 0x00, 0x00, 0x00, 0x00, 0x00, 0x00, 0x00, 0x00, 0x00, 0x00, 0x00, 0x00, 0x00, 0x00,
    0x00, 0x00, 0x00, 0x00, 0x00, 0x00, 0x00, 0x00, 0x00, 0x00, 0x00, 0x00, 0x00, 0x00, 0x00, 0x00,
    0x00, 0x00, 0x00, 0x00, 0x00, 0x00, 0x00, 0x00, 0x00, 0x00, 0x00, 0x00, 0x00, 0x00, 0x00, 0x00,
    0x00, 0x00, 0x00, 0x00, 0x00, 0x00, 0x00, 0x00, 0x00, 0x00, 0x00, 0x00, 0x00, 0x00, 0x00, 0x00,
    0x00, 0x00, 0x64, 0x00, 0xe7, 0x00, 0x28, 0x00, 0xc7, 0x00, 0x68, 0x00, 0x08, 0x00, 0x25, 0x00,
    0xe9, 0x00, 0x4a, 0x00, 0x8a, 0x00, 0x29, 0x00, 0xaa, 0x00, 0x8a, 0x00, 0x4a, 0x00, 0xa8, 0x00,
    0x04, 0x00, 0x00, 0x00, 0x00, 0x00, 0x00, 0x00, 0x00, 0x00, 0x00, 0x00, 0x00, 0x00, 0x00, 0x00,
    0x00, 0x00, 0x00, 0x00, 0x00, 0x00, 0x00, 0x00, 0x00, 0x00, 0x00, 0x00, 0x00, 0x00, 0x00, 0x00,
    0x00, 0x00, 0x00, 0x00, 0x00, 0x00, 0x00, 0x00, 0x00, 0x00, 0x00, 0x00, 0x00, 0x00, 0x00, 0x00,
    0x00, 0x00, 0x00, 0x00, 0x00, 0x00, 0x00, 0x00, 0x00, 0x00, 0x00, 0x00, 0x00, 0x00, 0x00, 0x00,
    0x00, 0x00, 0x00, 0x00, 0x00, 0x00, 0x00, 0x00, 0x00, 0x00, 0x00, 0x00, 0x00, 0x00, 0x00, 0x00,
    0x00, 0x00, 0x00, 0x00, 0x00, 0x00, 0x00, 0x00, 0x00, 0x00, 0x00, 0x00, 0x00, 0x00, 0x40, 0x00,
    0xe2, 0x00, 0x05, 0x00, 0x89, 0x00, 0x89, 0x00, 0xe7, 0x00, 0x28, 0x00, 0x48, 0x00, 0x05, 0x00,
    0xa8, 0x00, 0x09, 0x00, 0x4a, 0x00, 0x8a, 0x00, 0xa8, 0x00, 0xc8, 0x00, 0x47, 0x00, 0x47, 0x00,
    0x83, 0x00, 0x00, 0x00, 0x00, 0x00, 0x00, 0x00, 0x00, 0x00, 0x00, 0x00, 0x00, 0x00, 0x00, 0x00,
    0x00, 0x00, 0x00, 0x00, 0x00, 0x00, 0x00, 0x00, 0x00, 0x00, 0x00, 0x00, 0x00, 0x00, 0x00, 0x00,
    0x00, 0x00, 0x00, 0x00, 0x00, 0x00, 0x00, 0x00, 0x00, 0x00, 0x00, 0x00, 0x00, 0x00, 0x00, 0x00,
    0x00, 0x00, 0x00, 0x00, 0x00, 0x00, 0x00, 0x00, 0x00, 0x00, 0x00, 0x00, 0x00, 0x00, 0x00, 0x00,
    0x00, 0x00, 0x00, 0x00, 0x00, 0x00, 0x00, 0x00, 0x00, 0x00, 0x00, 0x00, 0x00, 0x00, 0x00, 0x00,
    0x00, 0x00, 0x00, 0x00, 0x00, 0x00, 0x00, 0x00, 0x00, 0x00, 0x00, 0x00, 0xc1, 0x00, 0x66, 0x00,
    0x26, 0x00, 0x69, 0x00, 0xca, 0x00, 0xa9, 0x00, 0xca, 0x00, 0x48, 0x00, 0x08, 0x00, 0x86, 0x00,
    0x88, 0x00, 0x09, 0x00, 0x29, 0x00, 0x09, 0x00, 0xa8, 0x00, 0x06, 0x00, 0x67, 0x00, 0xa6, 0x00,
    0x43, 0x00, 0x40, 0x00, 0x00, 0x00, 0x00, 0x00, 0x00, 0x00, 0x00, 0x00, 0x00, 0x00, 0x00, 0x00,
    0x00, 0x00, 0x00, 0x00, 0x00, 0x00, 0x00, 0x00, 0x00, 0x00, 0x00, 0x00, 0x00, 0x00, 0x00, 0x00,
    0x00, 0x00, 0x00, 0x00, 0x00, 0x00, 0x00, 0x00, 0x00, 0x00, 0x00, 0x00, 0x00, 0x00, 0x00, 0x00,
    0x00, 0x00, 0x00, 0x00, 0x00, 0x00, 0x00, 0x00, 0x00, 0x00, 0x00, 0x00, 0x00, 0x00, 0x00, 0x00,
    0x00, 0x00, 0x00, 0x00, 0x00, 0x00, 0x00, 0x00, 0x00, 0x00, 0x00, 0x00, 0x00, 0x00, 0x00, 0x00,
    0x00, 0x00, 0x00, 0x00, 0x00, 0x00, 0x81, 0x00, 0xa4, 0x00, 0x83, 0x00, 0xa4, 0x00, 0xe5, 0x00,
    0x66, 0x00, 0x0b, 0x00, 0xa9, 0x00, 0xcc, 0x00, 0x2b, 0x00, 0x68, 0x00, 0x25, 0x00, 0x07, 0x00,
    0x2a, 0x00, 0x87, 0x00, 0xe8, 0x00, 0xa8, 0x00, 0x87, 0x00, 0x67, 0x00, 0xe6, 0x00, 0x63, 0x00,
    0x25, 0x00, 0x04, 0x00, 0x00, 0x00, 0x00, 0x00, 0x00, 0x00, 0x00, 0x00, 0x00, 0x00, 0x00, 0x00,
    0x00, 0x00, 0x00, 0x00, 0x00, 0x00, 0x00, 0x00, 0x00, 0x00, 0x00, 0x00, 0x00, 0x00, 0x00, 0x00,
    0x00, 0x00, 0x00, 0x00, 0x00, 0x00, 0x00, 0x00, 0x00, 0x00, 0x00, 0x00, 0x00, 0x00, 0x00, 0x00,
    0x00, 0x00, 0x00, 0x00, 0x00, 0x00, 0x00, 0x00, 0x00, 0x00, 0x00, 0x00, 0x00, 0x00, 0x00, 0x00,
    0x00, 0x00, 0x00, 0x00, 0x00, 0x00, 0x00, 0x00, 0x00, 0x00, 0x00, 0x00, 0x00, 0x00, 0x00, 0x00,
    0x00, 0x00, 0x00, 0x00, 0x00, 0x00, 0x40, 0x00, 0xe4, 0x00, 0x66, 0x00, 0x86, 0x00, 0xc4, 0x00,
    0x89, 0x00, 0xaa, 0x00, 0x2b, 0x00, 0x8c, 0x00, 0xa9, 0x00, 0x07, 0x00, 0xc4, 0x00, 0xe6, 0x00,
    0x09, 0x00, 0x67, 0x00, 0x27, 0x00, 0xa7, 0x00, 0x26, 0x00, 0x85, 0x00, 0x04, 0x00, 0x83, 0x00,
    0x45, 0x00, 0xc6, 0x00, 0xe4, 0x00, 0x20, 0x00, 0x00, 0x00, 0x00, 0x00, 0x00, 0x00, 0x00, 0x00,
    0x00, 0x00, 0x00, 0x00, 0x00, 0x00, 0x00, 0x00, 0x00, 0x00, 0x00, 0x00, 0x00, 0x00, 0x00, 0x00,
    0x00, 0x00, 0x00, 0x00, 0x00, 0x00, 0x00, 0x00, 0x00, 0x00, 0x00, 0x00, 0x00, 0x00, 0x00, 0x00,
    0x00, 0x00, 0x00, 0x00, 0x00, 0x00, 0x00, 0x00, 0x00, 0x00, 0x00, 0x00, 0x00, 0x00, 0x00, 0x00,
    0x00, 0x00, 0x00, 0x00, 0x00, 0x00, 0x00, 0x00, 0x00, 0x00, 0x00, 0x00, 0x00, 0x00, 0xa1, 0x00,
    0x44, 0x00, 0x44, 0x00, 0x65, 0x00, 0x86, 0x00, 0xc6, 0x00, 0xa6, 0x00, 0x05, 0x00, 0x05, 0x00,
    0xaa, 0x00, 0xea, 0x00, 0x0a, 0x00, 0x0a, 0x00, 0x2a, 0x00, 0x89, 0x00, 0xe5, 0x00, 0x45, 0x00,
    0x87, 0x00, 0x47, 0x00, 0x06, 0x00, 0xa5, 0x00, 0x44, 0x00, 0x65, 0x00, 0xc4, 0x00, 0xa4, 0x00,
    0xc6, 0x00, 0x88, 0x00, 0xa8, 0x00, 0x63, 0x00, 0x00, 0x00, 0x00, 0x00, 0x00, 0x00, 0x00, 0x00,
    0x00, 0x00, 0x00, 0x00, 0x00, 0x00, 0x00, 0x00, 0x00, 0x00, 0x00, 0x00, 0x00, 0x00, 0x00, 0x00,
    0x00, 0x00, 0x00, 0x00, 0x00, 0x00, 0x00, 0x00, 0x00, 0x00, 0x00, 0x00, 0x00, 0x00, 0x00, 0x00,
    0x00, 0x00, 0x00, 0x00, 0x00, 0x00, 0x00, 0x00, 0x00, 0x00, 0x00, 0x00, 0x00, 0x00, 0x00, 0x00,
    0x00, 0x00, 0x00, 0x00, 0x00, 0x00, 0x00, 0x00, 0x00, 0x00, 0x00, 0x00, 0x00, 0x00, 0x60, 0x00,
    0x65, 0x00, 0x68, 0x00, 0x09, 0x00, 0x0a, 0x00, 0x48, 0x00, 0xc7, 0x00, 0x05, 0x00, 0x46, 0x00,
    0x49, 0x00, 0x2b, 0x00, 0x0a, 0x00, 0xac, 0x00, 0x2a, 0x00, 0x48, 0x00, 0xc4, 0x00, 0x24, 0x00,
    0x26, 0x00, 0x47, 0x00, 0x06, 0x00, 0x85, 0x00, 0x65, 0x00, 0xe4, 0x00, 0x63, 0x00, 0x25, 0x00,
    0xc6, 0x00, 0xe8, 0x00, 0xc8, 0x00, 0xe6, 0x00, 0x20, 0x00, 0x00, 0x00, 0x00, 0x00, 0x00, 0x00,
    0x00, 0x00, 0x00, 0x00, 0x00, 0x00, 0x00, 0x00, 0x00, 0x00, 0x00, 0x00, 0x00, 0x00, 0x00, 0x00,
    0x00, 0x00, 0x00, 0x00, 0x00, 0x00, 0x00, 0x00, 0x00, 0x00, 0x00, 0x00, 0x00, 0x00, 0x00, 0x00,
    0x00, 0x00, 0x00, 0x00, 0x00, 0x00, 0x00, 0x00, 0x00, 0x00, 0x00, 0x00, 0x00, 0x00, 0x00, 0x00,
    0x00, 0x00, 0x00, 0x00, 0x00, 0x00, 0x00, 0x00, 0xa1, 0x00, 0x43, 0x00, 0x45, 0x00, 0xc9, 0x00,
    0xa9, 0x00, 0xa9, 0x00, 0xea, 0x00, 0xa9, 0x00, 0x49, 0x00, 0x08, 0x00, 0xa4, 0x00, 0x66, 0x00,
    0x69, 0x00, 0x4b, 0x00, 0x4b, 0x00, 0xcc, 0x00, 0x68, 0x00, 0x46, 0x00, 0x83, 0x00, 0xc6, 0x00,
    0xa5, 0x00, 0xa5, 0x00, 0x85, 0x00, 0x44, 0x00, 0xc3, 0x00, 0x02, 0x00, 0xc4, 0x00, 0x05, 0x00,
    0xc6, 0x00, 0xa8, 0x00, 0x49, 0x00, 0xa8, 0x00, 0xc1, 0x00, 0x00, 0x00, 0x00, 0x00, 0x00, 0x00,
    0x00, 0x00, 0x00, 0x00, 0x00, 0x00, 0x00, 0x00, 0x00, 0x00, 0x00, 0x00, 0x00, 0x00, 0x00, 0x00,
    0x00, 0x00, 0x00, 0x00, 0x00, 0x00, 0x00, 0x00, 0x00, 0x00, 0x00, 0x00, 0x00, 0x00, 0x00, 0x00,
    0x00, 0x00, 0x00, 0x00, 0x00, 0x00, 0x00, 0x00, 0x00, 0x00, 0x00, 0x00, 0x00, 0x00, 0x00, 0x00,
    0x00, 0x00, 0x00, 0x00, 0x00, 0x00, 0x00, 0x00, 0x43, 0x00, 0x48, 0x00, 0x8b, 0x00, 0x0a, 0x00,
    0x89, 0x00, 0x69, 0x00, 0x89, 0x00, 0x28, 0x00, 0x08, 0x00, 0x05, 0x00, 0x22, 0x00, 0xa7, 0x00,
    0x69, 0x00, 0x0a, 0x00, 0xea, 0x00, 0x88, 0x00, 0x66, 0x00, 0xa4, 0x00, 0xc4, 0x00, 0xe6, 0x00,
    0xe6, 0x00, 0x85, 0x00, 0x45, 0x00, 0x83, 0x00, 0x02, 0x00, 0x84, 0x00, 0xc4, 0x00, 0xe5, 0x00,
    0x27, 0x00, 0x09, 0x00, 0x29, 0x00, 0x29, 0x00, 0xa3, 0x00, 0x00, 0x00, 0x00, 0x00, 0x00, 0x00,
    0x00, 0x00, 0x00, 0x00, 0x00, 0x00, 0x00, 0x00, 0x00, 0x00, 0x00, 0x00, 0x00, 0x00, 0x00, 0x00,
    0x00, 0x00, 0x00, 0x00, 0x00, 0x00, 0x00, 0x00, 0x00, 0x00, 0x00, 0x00, 0x00, 0x00, 0x00, 0x00,
    0x00, 0x00, 0x00, 0x00, 0x00, 0x00, 0x00, 0x00, 0x00, 0x00, 0x00, 0x00, 0x00, 0x00, 0x00, 0x00,
    0x00, 0x00, 0x00, 0x00, 0x00, 0x00, 0x81, 0x00, 0xa7, 0x00, 0x0a, 0x00, 0xea, 0x00, 0x89, 0x00,
    0x89, 0x00, 0xc7, 0x00, 0x86, 0x00, 0x46, 0x00, 0x25, 0x00, 0xe4, 0x00, 0x43, 0x00, 0xc7, 0x00,
    0xa9, 0x00, 0xea, 0x00, 0x48, 0x00, 0x46, 0x00, 0x05, 0x00, 0x63, 0x00, 0x24, 0x00, 0x07, 0x00,
    0xa6, 0x00, 0xe4, 0x00, 0xc1, 0x00, 0x40, 0x00, 0xe2, 0x00, 0x83, 0x00, 0x84, 0x00, 0xe4, 0x00,
    0x46, 0x00, 0x48, 0x00, 0xa8, 0x00, 0xe9, 0x00, 0xe6, 0x00, 0x00, 0x00, 0x00, 0x00, 0x00, 0x00,
    0x00, 0x00, 0x00, 0x00, 0x00, 0x00, 0x00, 0x00, 0x00, 0x00, 0x00, 0x00, 0x00, 0x00, 0x00, 0x00,
    0x00, 0x00, 0x00, 0x00, 0x00, 0x00, 0x00, 0x00, 0x00, 0x00, 0x00, 0x00, 0x00, 0x00, 0x00, 0x00,
    0x00, 0x00, 0x00, 0x00, 0x00, 0x00, 0x00, 0x00, 0x00, 0x00, 0x00, 0x00, 0x00, 0x00, 0x00, 0x00,
    0x00, 0x00, 0x00, 0x00, 0x81, 0x00, 0xe7, 0x00, 0x69, 0x00, 0xea, 0x00, 0xe7, 0x00, 0xe7, 0x00,
    0xa7, 0x00, 0x45, 0x00, 0x45, 0x00, 0x45, 0x00, 0x25, 0x00, 0x63, 0x00, 0xc4, 0x00, 0x66, 0x00,
    0x48, 0x00, 0x89, 0x00, 0xa7, 0x00, 0x25, 0x00, 0xc4, 0x00, 0x04, 0x00, 0xe6, 0x00, 0x45, 0x00,
    0x02, 0x00, 0x00, 0x00, 0x00, 0x00, 0x00, 0x00, 0x00, 0x00, 0xe2, 0x00, 0x84, 0x00, 0xc4, 0x00,
    0xe4, 0x00, 0x05, 0x00, 0xa6, 0x00, 0x07, 0x00, 0x65, 0x00, 0x00, 0x00, 0x00, 0x00, 0x00, 0x00,
    0x00, 0x00, 0x00, 0x00, 0x00, 0x00, 0x00, 0x00, 0x00, 0x00, 0x00, 0x00, 0x00, 0x00, 0x00, 0x00,
    0x00, 0x00, 0x00, 0x00, 0x00, 0x00, 0x00, 0x00, 0x00, 0x00, 0x00, 0x00, 0x00, 0x00, 0x00, 0x00,
    0x00, 0x00, 0x00, 0x00, 0x00, 0x00, 0x00, 0x00, 0x00, 0x00, 0x00, 0x00, 0x00, 0x00, 0x00, 0x00,
    0x00, 0x00, 0x00, 0x00, 0xa6, 0x00, 0xe7, 0x00, 0x48, 0x00, 0x49, 0x00, 0xa7, 0x00, 0x66, 0x00,
    0x86, 0x00, 0x85, 0x00, 0xc6, 0x00, 0xc6, 0x00, 0xe4, 0x00, 0xa4, 0x00, 0x46, 0x00, 0x46, 0x00,
    0x46, 0x00, 0x66, 0x00, 0x25, 0x00, 0x84, 0x00, 0x22, 0x00, 0x62, 0x00, 0xa1, 0x00, 0x00, 0x00,
    0x00, 0x00, 0x00, 0x00, 0x00, 0x00, 0x00, 0x00, 0x00, 0x00, 0x61, 0x00, 0x84, 0x00, 0xa4, 0x00,
    0xc4, 0x00, 0xc4, 0x00, 0x05, 0x00, 0x25, 0x00, 0xc1, 0x00, 0x00, 0x00, 0x00, 0x00, 0x00, 0x00,
    0x00, 0x00, 0x00, 0x00, 0x00, 0x00, 0x00, 0x00, 0x00, 0x00, 0x00, 0x00, 0x00, 0x00, 0x00, 0x00,
    0x00, 0x00, 0x00, 0x00, 0x00, 0x00, 0x00, 0x00, 0x00, 0x00, 0x00, 0x00, 0x00, 0x00, 0x00, 0x00,
    0x00, 0x00, 0x00, 0x00, 0x00, 0x00, 0x00, 0x00, 0x00, 0x00, 0x00, 0x00, 0x00, 0x00, 0x00, 0x00,
    0x00, 0x00, 0x43, 0x00, 0x28, 0x00, 0xc7, 0x00, 0x69, 0x00, 0xc7, 0x00, 0xa6, 0x00, 0xc6, 0x00,
    0xe7, 0x00, 0xa6, 0x00, 0x85, 0x00, 0xc4, 0x00, 0x02, 0x00, 0x05, 0x00, 0x26, 0x00, 0x46, 0x00,
    0xe5, 0x00, 0xe5, 0x00, 0x84, 0x00, 0x20, 0x00, 0x00, 0x00, 0x00, 0x00, 0x00, 0x00, 0x00, 0x00,
    0x00, 0x00, 0x00, 0x00, 0x00, 0x00, 0x00, 0x00, 0x00, 0x00, 0xe2, 0x00, 0xc4, 0x00, 0x05, 0x00,
    0xe4, 0x00, 0xa4, 0x00, 0x84, 0x00, 0xc2, 0x00, 0x00, 0x00, 0x00, 0x00, 0x00, 0x00, 0x00, 0x00,
    0x00, 0x00, 0x00, 0x00, 0x00, 0x00, 0x00, 0x00, 0x00, 0x00, 0x00, 0x00, 0x00, 0x00, 0x00, 0x00,
    0x00, 0x00, 0x00, 0x00, 0x00, 0x00, 0x00, 0x00, 0x00, 0x00, 0x00, 0x00, 0x00, 0x00, 0x00, 0x00,
    0x00, 0x00, 0x00, 0x00, 0x00, 0x00, 0x00, 0x00, 0x00, 0x00, 0x00, 0x00, 0x00, 0x00, 0x00, 0x00,
    0x00, 0x00, 0x45, 0x00, 0xc7, 0x00, 0xe8, 0x00, 0xc7, 0x00, 0x86, 0x00, 0xc6, 0x00, 0x65, 0x00,
    0xa4, 0x00, 0x02, 0x00, 0x81, 0x00, 0x00, 0x00, 0x02, 0x00, 0x05, 0x00, 0xe5, 0x00, 0xa4, 0x00,
    0xc4, 0x00, 0xa4, 0x00, 0x20, 0x00, 0x00, 0x00, 0x00, 0x00, 0x00, 0x00, 0x00, 0x00, 0x00, 0x00,
    0x00, 0x00, 0x00, 0x00, 0x00, 0x00, 0x00, 0x00, 0x81, 0x00, 0x63, 0x00, 0xe5, 0x00, 0x66, 0x00,
    0xe5, 0x00, 0x63, 0x00, 0x81, 0x00, 0x00, 0x00, 0x00, 0x00, 0x00, 0x00, 0x00, 0x00, 0x00, 0x00,
    0x00, 0x00, 0x00, 0x00, 0x00, 0x00, 0x00, 0x00, 0x00, 0x00, 0x00, 0x00, 0x00, 0x00, 0x00, 0x00,
    0x00, 0x00, 0x00, 0x00, 0x00, 0x00, 0x00, 0x00, 0x00, 0x00, 0x00, 0x00, 0x00, 0x00, 0x00, 0x00,
    0x00, 0x00, 0x00, 0x00, 0x00, 0x00, 0x00, 0x00, 0x00, 0x00, 0x00, 0x00, 0x00, 0x00, 0x00, 0x00,
    0x40, 0x00, 0xc7, 0x00, 0xe8, 0x00, 0xc7, 0x00, 0x46, 0x00, 0x25, 0x00, 0x43, 0x00, 0x40, 0x00,
    0x00, 0x00, 0x00, 0x00, 0x00, 0x00, 0x00, 0x00, 0xe5, 0x00, 0x05, 0x00, 0xe5, 0x00, 0xc4, 0x00,
    0x84, 0x00, 0x20, 0x00, 0x00, 0x00, 0x00, 0x00, 0x00, 0x00, 0x00, 0x00, 0x00, 0x00, 0x00, 0x00,
    0x00, 0x00, 0x00, 0x00, 0x00, 0x00, 0x00, 0x00, 0x81, 0x00, 0x43, 0x00, 0xa4, 0x00, 0x25, 0x00,
    0xc4, 0x00, 0x25, 0x00, 0x61, 0x00, 0x00, 0x00, 0x00, 0x00, 0x00, 0x00, 0x00, 0x00, 0x00, 0x00,
    0x00, 0x00, 0x00, 0x00, 0x00, 0x00, 0x00, 0x00, 0x00, 0x00, 0x00, 0x00, 0x00, 0x00, 0x00, 0x00,
    0x00, 0x00, 0x00, 0x00, 0x00, 0x00, 0x00, 0x00, 0x00, 0x00, 0x00, 0x00, 0x00, 0x00, 0x00, 0x00,
    0x00, 0x00, 0x00, 0x00, 0x00, 0x00, 0x00, 0x00, 0x00, 0x00, 0x00, 0x00, 0x00, 0x00, 0x00, 0x00,
    0x40, 0x00, 0xc7, 0x00, 0xc7, 0x00, 0x46, 0x00, 0x26, 0x00, 0x23, 0x00, 0x00, 0x00, 0x00, 0x00,
    0x00, 0x00, 0x00, 0x00, 0x00, 0x00, 0x02, 0x00, 0x66, 0x00, 0x25, 0x00, 0xe5, 0x00, 0x83, 0x00,
    0x20, 0x00, 0x00, 0x00, 0x00, 0x00, 0x00, 0x00, 0x00, 0x00, 0x00, 0x00, 0x00, 0x00, 0x00, 0x00,
    0x00, 0x00, 0x00, 0x00, 0x00, 0x00, 0x00, 0x00, 0x00, 0x00, 0x60, 0x00, 0x84, 0x00, 0xc4, 0x00,
    0x05, 0x00, 0xa6, 0x00, 0x65, 0x00, 0x40, 0x00, 0x00, 0x00, 0x00, 0x00, 0x00, 0x00, 0x00, 0x00,
    0x00, 0x00, 0x00, 0x00, 0x00, 0x00, 0x00, 0x00, 0x00, 0x00, 0x00, 0x00, 0x00, 0x00, 0x00, 0x00,
    0x00, 0x00, 0x00, 0x00, 0x00, 0x00, 0x00, 0x00, 0x00, 0x00, 0x00, 0x00, 0x00, 0x00, 0x00, 0x00,
    0x00, 0x00, 0x00, 0x00, 0x00, 0x00, 0x00, 0x00, 0x00, 0x00, 0x00, 0x00, 0x00, 0x00, 0x00, 0x00,
    0x00, 0x00, 0x66, 0x00, 0x86, 0x00, 0xe5, 0x00, 0x66, 0x00, 0xa1, 0x00, 0x00, 0x00, 0x00, 0x00,
    0x00, 0x00, 0x00, 0x00, 0x81, 0x00, 0x66, 0x00, 0xc7, 0x00, 0xa7, 0x00, 0x66, 0x00, 0x43, 0x00,
    0x00, 0x00, 0x00, 0x00, 0x00, 0x00, 0x00, 0x00, 0x00, 0x00, 0x00, 0x00, 0x00, 0x00, 0x00, 0x00,
    0x00, 0x00, 0x00, 0x00, 0x00, 0x00, 0x00, 0x00, 0x00, 0x00, 0x00, 0x00, 0x61, 0x00, 0x84, 0x00,
    0x05, 0x00, 0xa6, 0x00, 0x48, 0x00, 0xc6, 0x00, 0x42, 0x00, 0xe2, 0x00, 0xa3, 0x00, 0x04, 0x00,
    0x61, 0x00, 0x00, 0x00, 0x00, 0x00, 0x00, 0x00, 0x00, 0x00, 0x00, 0x00, 0x00, 0x00, 0x00, 0x00,
    0x00, 0x00, 0x00, 0x00, 0x00, 0x00, 0x00, 0x00, 0x00, 0x00, 0x00, 0x00, 0x00, 0x00, 0x00, 0x00,
    0x00, 0x00, 0x00, 0x00, 0x00, 0x00, 0x00, 0x00, 0x00, 0x00, 0x00, 0x00, 0x00, 0x00, 0x00, 0x00,
    0x00, 0x00, 0x02, 0x00, 0xc7, 0x00, 0x25, 0x00, 0x46, 0x00, 0xa4, 0x00, 0x61, 0x00, 0x20, 0x00,
    0x81, 0x00, 0x02, 0x00, 0x46, 0x00, 0xa7, 0x00, 0x07, 0x00, 0x86, 0x00, 0x66, 0x00, 0xc4, 0x00,
    0x00, 0x00, 0x00, 0x00, 0x00, 0x00, 0x00, 0x00, 0x00, 0x00, 0x00, 0x00, 0x00, 0x00, 0x00, 0x00,
    0x00, 0x00, 0x00, 0x00, 0x00, 0x00, 0x00, 0x00, 0x00, 0x00, 0x00, 0x00, 0x00, 0x00, 0xe2, 0x00,
    0xc4, 0x00, 0x66, 0x00, 0x88, 0x00, 0xa8, 0x00, 0x67, 0x00, 0x88, 0x00, 0x09, 0x00, 0xc8, 0x00,
    0x65, 0x00, 0x63, 0x00, 0x00, 0x00, 0x00, 0x00, 0x00, 0x00, 0x00, 0x00, 0x00, 0x00, 0x00, 0x00,
    0x00, 0x00, 0x00, 0x00, 0x00, 0x00, 0x00, 0x00, 0x00, 0x00, 0x00, 0x00, 0x00, 0x00, 0x00, 0x00,
    0x00, 0x00, 0x00, 0x00, 0x00, 0x00, 0x00, 0x00, 0x00, 0x00, 0x00, 0x00, 0x00, 0x00, 0x00, 0x00,
    0x00, 0x00, 0x00, 0x00, 0x03, 0x00, 0x26, 0x00, 0x25, 0x00, 0x25, 0x00, 0x25, 0x00, 0xc4, 0x00,
    0xc4, 0x00, 0x28, 0x00, 0xe7, 0x00, 0x66, 0x00, 0xe9, 0x00, 0x86, 0x00, 0xe4, 0x00, 0x65, 0x00,
    0x02, 0x00, 0x00, 0x00, 0x00, 0x00, 0x00, 0x00, 0x00, 0x00, 0x00, 0x00, 0x00, 0x00, 0x00, 0x00,
    0x00, 0x00, 0x00, 0x00, 0x00, 0x00, 0x00, 0x00, 0x00, 0x00, 0x00, 0x00, 0x00, 0x00, 0x20, 0x00,
    0x84, 0x00, 0xc4, 0x00, 0x88, 0x00, 0x88, 0x00, 0x47, 0x00, 0xa6, 0x00, 0xc6, 0x00, 0x47, 0x00,
    0xe4, 0x00, 0x04, 0x00, 0xe2, 0x00, 0x00, 0x00, 0x00, 0x00, 0x00, 0x00, 0x00, 0x00, 0x00, 0x00,
    0x00, 0x00, 0x00, 0x00, 0x00, 0x00, 0x00, 0x00, 0x00, 0x00, 0x00, 0x00, 0x00, 0x00, 0x00, 0x00,
    0x00, 0x00, 0x00, 0x00, 0x00, 0x00, 0x00, 0x00, 0x00, 0x00, 0x00, 0x00, 0x00, 0x00, 0x00, 0x00,
    0x00, 0x00, 0x00, 0x00, 0x00, 0x00, 0x20, 0x00, 0xc2, 0x00, 0x02, 0x00, 0xe2, 0x00, 0x61, 0x00,
    0x05, 0x00, 0x27, 0x00, 0x05, 0x00, 0xe4, 0x00, 0x65, 0x00, 0x05, 0x00, 0x63, 0x00, 0x04, 0x00,
    0x63, 0x00, 0x00, 0x00, 0x00, 0x00, 0x00, 0x00, 0x00, 0x00, 0x00, 0x00, 0x00, 0x00, 0x00, 0x00,
    0x00, 0x00, 0x00, 0x00, 0x00, 0x00, 0x00, 0x00, 0x00, 0x00, 0x00, 0x00, 0x00, 0x00, 0x00, 0x00,
    0x23, 0x00, 0xc4, 0x00, 0x45, 0x00, 0xe4, 0x00, 0x65, 0x00, 0x02, 0x00, 0x81, 0x00, 0x83, 0x00,
    0x02, 0x00, 0x60, 0x00, 0xc1, 0x00, 0x00, 0x00, 0x00, 0x00, 0x00, 0x00, 0x00, 0x00, 0x00, 0x00,
    0x00, 0x00, 0x00, 0x00, 0x00, 0x00, 0x00, 0x00, 0x00, 0x00, 0x00, 0x00, 0x00, 0x00, 0x00, 0x00,
    0x00, 0x00, 0x00, 0x00, 0x00, 0x00, 0x00, 0x00, 0x00, 0x00, 0x00, 0x00, 0x00, 0x00, 0x00, 0x03,
    0xff, 0x5f, 0x00, 0x00, 0x00, 0x00, 0x00, 0x00, 0x00, 0x00, 0x00, 0x00, 0x00, 0x00, 0x00, 0x5c,
    0x02, 0x00, 0x00, 0x00, 0x00, 0x00, 0x00, 0x00, 0x00, 0x00, 0x00, 0x00, 0x00, 0x00, 0x00, 0x00,
    0x00, 0x00, 0x00, 0x00, 0x00, 0x00, 0x00, 0x00, 0x00, 0x00, 0x00, 0x00, 0x00, 0x00, 0x00, 0x00,
    0x00, 0x00, 0x00, 0x00, 0x00, 0x00, 0x00, 0x00, 0x00, 0x00, 0x00, 0x00, 0x00, 0x00, 0x00, 0x00,
    0xab, 0xfb, 0x20, 0x00, 0x00, 0x00, 0x00, 0x00, 0x00, 0x55, 0x05, 0x00, 0x00, 0x00, 0x02, 0xfd,
    0x0d, 0x00, 0x00, 0x00, 0x00, 0x00, 0x00, 0x00, 0x00, 0x00, 0x00, 0x00, 0x00, 0x00, 0x00, 0x00,
    0x00, 0x00, 0x00, 0x00, 0x00, 0x00, 0x00, 0x00, 0x00, 0x00, 0x00, 0x00, 0x00, 0x00, 0x00, 0x00,
    0x00, 0x00, 0x00, 0x00, 0x00, 0x00, 0x00, 0x00, 0x00, 0x00, 0x00, 0x00, 0x00, 0x00, 0x00, 0x00,
    0x2c, 0xff, 0xfd, 0x34, 0x00, 0x11, 0x28, 0x00, 0x06, 0xff, 0x05, 0x00, 0x00, 0x00, 0x02, 0xff,
    0x38, 0x00, 0x04, 0x2a, 0x00, 0x00, 0x00, 0x00, 0x00, 0x00, 0x00, 0x00, 0x00, 0x00, 0x00, 0x00,
    0x00, 0x00, 0x00, 0x00, 0x00, 0x00, 0x00, 0x00, 0x00, 0x00, 0x00, 0x00, 0x00, 0x00, 0x00, 0x00,
    0x00, 0x00, 0x00, 0x00, 0x00, 0x00, 0x00, 0x00, 0x00, 0x00, 0x00, 0x00, 0x00, 0x00, 0x00, 0x00,
    0x00, 0xa8, 0xff, 0xff, 0x6d, 0x7b, 0xa0, 0x00, 0x13, 0xfb, 0x03, 0x00, 0x00, 0x00, 0x00, 0xc1,
    0xce, 0x00, 0x42, 0x5c, 0x00, 0x00, 0x16, 0x00, 0x00, 0x00, 0x00, 0x00, 0x00, 0x00, 0x00, 0x00,
    0x00, 0x00, 0x00, 0x00, 0x00, 0x00, 0x00, 0x00, 0x00, 0x00, 0x00, 0x00, 0x00, 0x00, 0x00, 0x00,
    0x00, 0x00, 0x00, 0x00, 0x00, 0x00, 0x00, 0x00, 0x00, 0x00, 0x00, 0x00, 0x00, 0x07, 0x77, 0x02,
    0x00, 0x01, 0xb0, 0xf7, 0xff, 0xff, 0xf5, 0x1c, 0x11, 0xff, 0x26, 0x00, 0x00, 0x00, 0x01, 0x5b,
    0xff, 0x50, 0x78, 0x73, 0x00, 0x00, 0xa8, 0x0b, 0x00, 0x00, 0x00, 0x00, 0x00, 0x00, 0x00, 0x00,
    0x00, 0x00, 0x00, 0x00, 0x00, 0x00, 0x00, 0x00, 0x00, 0x00, 0x00, 0x00, 0x00, 0x00, 0x00, 0x00,
    0x00, 0x00, 0x00, 0x00, 0x00, 0x00, 0x00, 0x00, 0x00, 0x00, 0x00, 0x00, 0x00, 0x00, 0xaf, 0xe4,
    0x69, 0x51, 0xaa, 0xff, 0xff, 0xff, 0xff, 0xfd, 0xb2, 0xfb, 0xe0, 0x16, 0x00, 0x00, 0x54, 0xb4,
    0xef, 0xff, 0xf5, 0xef, 0x0a, 0x00, 0xe8, 0x28, 0x00, 0x00, 0x00, 0x00, 0x00, 0x00, 0x00, 0x00,
    0x00, 0x00, 0x00, 0x00, 0x00, 0x00, 0x00, 0x00, 0x00, 0x00, 0x00, 0x00, 0x00, 0x00, 0x00, 0x00,
    0x00, 0x00, 0x00, 0x00, 0x00, 0x00, 0x00, 0x00, 0x00, 0x00, 0x00, 0x00, 0x00, 0x00, 0x04, 0xbe,
    0xff, 0xff, 0xff, 0xe9, 0x8f, 0xa2, 0xf5, 0xff, 0xff, 0xfb, 0xff, 0xff, 0x78, 0x1e, 0x5d, 0xff,
    0xf7, 0xfb, 0xfd, 0xff, 0xca, 0x17, 0xff, 0x4a, 0x00, 0x00, 0x00, 0x00, 0x00, 0x00, 0x00, 0x00,
    0x00, 0x00, 0x00, 0x00, 0x00, 0x00, 0x00, 0x00, 0x00, 0x00, 0x00, 0x00, 0x00, 0x00, 0x00, 0x00,
    0x00, 0x00, 0x00, 0x00, 0x00, 0x00, 0x00, 0x00, 0x00, 0x00, 0x00, 0x00, 0x00, 0x00, 0x00, 0x00,
    0x24, 0x4c, 0x35, 0x05, 0x00, 0x00, 0x03, 0x3f, 0xf7, 0xff, 0xfd, 0xff, 0xff, 0xff, 0xff, 0xfd,
    0xff, 0xff, 0xff, 0xfd, 0xff, 0xff, 0xfd, 0x86, 0x06, 0x44, 0x00, 0x00, 0x00, 0x00, 0x00, 0x00,
    0x00, 0x00, 0x00, 0x00, 0x00, 0x00, 0x00, 0x00, 0x00, 0x00, 0x00, 0x00, 0x00, 0x00, 0x00, 0x00,
    0x00, 0x00, 0x00, 0x00, 0x00, 0x00, 0x00, 0x00, 0x00, 0x00, 0x00, 0x00, 0x00, 0x00, 0x00, 0x00,
    0x00, 0x00, 0x00, 0x00, 0x00, 0x00, 0x0d, 0x17, 0x13, 0x9e, 0xf9, 0xfb, 0xf9, 0xf9, 0xff, 0xff,
    0xff, 0xff, 0xff, 0xff, 0xfd, 0xfd, 0xfd, 0xef, 0x12, 0xf5, 0x21, 0x00, 0x00, 0x00, 0x00, 0x00,
    0x00, 0x00, 0x00, 0x00, 0x00, 0x00, 0x00, 0x00, 0x00, 0x00, 0x00, 0x00, 0x00, 0x00, 0x00, 0x00,
    0x00, 0x00, 0x00, 0x00, 0x00, 0x00, 0x00, 0x00, 0x00, 0x00, 0x00, 0x00, 0x00, 0x00, 0x00, 0x00,
    0x00, 0x00, 0x3b, 0x12, 0x00, 0x00, 0x0f, 0xff, 0xab, 0x80, 0xe9, 0xfd, 0xff, 0xff, 0xff, 0xff,
    0xff, 0xff, 0xff, 0xff, 0xff, 0xff, 0xfb, 0xff, 0xa3, 0xe6, 0xb4, 0x00, 0x00, 0x00, 0x00, 0x00,
    0x00, 0x00, 0x00, 0x00, 0x00, 0x00, 0x00, 0x00, 0x00, 0x00, 0x00, 0x00, 0x00, 0x00, 0x00, 0x00,
    0x00, 0x00, 0x00, 0x00, 0x00, 0x00, 0x00, 0x00, 0x00, 0x00, 0x00, 0x00, 0x00, 0x00, 0x00, 0x00,
    0x00, 0x00, 0x2c, 0xff, 0xa5, 0x4d, 0x21, 0xc0, 0xff, 0xff, 0xff, 0xff, 0xff, 0xff, 0xff, 0xff,
    0xff, 0xff, 0xff, 0xff, 0xff, 0xff, 0xff, 0xff, 0xff, 0xff, 0xd1, 0x00, 0x00, 0x00, 0x00, 0x00,
    0x00, 0x00, 0x00, 0x00, 0x00, 0x00, 0x00, 0x00, 0x00, 0x00, 0x00, 0x00, 0x00, 0x00, 0x00, 0x00,
    0x00, 0x00, 0x00, 0x00, 0x00, 0x00, 0x00, 0x00, 0x00, 0x00, 0x00, 0x00, 0x00, 0x00, 0x00, 0x00,
    0x00, 0x00, 0x00, 0x32, 0xff, 0xff, 0xff, 0xfd, 0xfb, 0xfb, 0xff, 0xff, 0xff, 0xff, 0xff, 0xff,
    0xff, 0xff, 0xff, 0xff, 0xff, 0xff, 0xff, 0xff, 0xf5, 0xff, 0x80, 0x00, 0x00, 0x00, 0x00, 0x00,
    0x00, 0x00, 0x00, 0x00, 0x00, 0x00, 0x00, 0x00, 0x00, 0x00, 0x00, 0x00, 0x00, 0x00, 0x00, 0x00,
    0x00, 0x00, 0x00, 0x00, 0x00, 0x00, 0x00, 0x00, 0x00, 0x00, 0x00, 0x00, 0x00, 0x00, 0x00, 0x00,
    0x00, 0x00, 0x00, 0x00, 0x14, 0x9e, 0xed, 0xfd, 0xff, 0xff, 0xff, 0xff, 0xff, 0xff, 0xff, 0xff,
    0xff, 0xff, 0xff, 0xff, 0xff, 0xff, 0xff, 0xff, 0xf9, 0xff, 0x74, 0x0a, 0x00, 0x00, 0x00, 0x00,
    0x00, 0x00, 0x00, 0x00, 0x00, 0x00, 0x00, 0x00, 0x00, 0x00, 0x00, 0x00, 0x00, 0x00, 0x00, 0x00,
    0x00, 0x00, 0x00, 0x00, 0x00, 0x00, 0x00, 0x00, 0x00, 0x00, 0x00, 0x00, 0x00, 0x00, 0x00, 0x00,
    0x00, 0x00, 0x00, 0x00, 0x00, 0x4a, 0xfb, 0xf9, 0xff, 0xff, 0xff, 0xff, 0xff, 0xff, 0xff, 0xff,
    0xff, 0xff, 0xff, 0xff, 0xff, 0xff, 0xff, 0xff, 0xff, 0xff, 0xff, 0xff, 0x8f, 0x02, 0x00, 0x00,
    0x00, 0x00, 0x00, 0x00, 0x00, 0x00, 0x00, 0x00, 0x00, 0x00, 0x00, 0x00, 0x00, 0x00, 0x00, 0x00,
    0x00, 0x00, 0x00, 0x00, 0x00, 0x00, 0x00, 0x00, 0x00, 0x00, 0x00, 0x00, 0x00, 0x00, 0x00, 0x00,
    0x00, 0x00, 0x00, 0x00, 0x00, 0x05, 0xa5, 0xfd, 0xfd, 0xff, 0xff, 0xff, 0xff, 0xff, 0xff, 0xff,
    0xff, 0xff, 0xff, 0xff, 0xff, 0xff, 0xff, 0xff, 0xff, 0xff, 0xfd, 0xf7, 0xff, 0x64, 0x00, 0x00,
    0x00, 0x00, 0x00, 0x00, 0x00, 0x00, 0x00, 0x00, 0x00, 0x00, 0x00, 0x00, 0x00, 0x00, 0x00, 0x00,
    0x00, 0x00, 0x00, 0x00, 0x00, 0x00, 0x00, 0x00, 0x00, 0x00, 0x00, 0x00, 0x00, 0x00, 0x00, 0x00,
    0x00, 0x00, 0x00, 0x00, 0x09, 0x40, 0xa2, 0xfd, 0xfd, 0xff, 0xff, 0xff, 0xff, 0xff, 0xff, 0xff,
    0xff, 0xff, 0xff, 0xff, 0xff, 0xff, 0xff, 0xff, 0xff, 0xff, 0xff, 0xfb, 0xf9, 0xca, 0x00, 0x00,
    0x00, 0x00, 0x00, 0x00, 0x00, 0x00, 0x00, 0x00, 0x00, 0x00, 0x00, 0x00, 0x00, 0x00, 0x00, 0x00,
    0x00, 0x00, 0x00, 0x00, 0x00, 0x00, 0x00, 0x00, 0x00, 0x00, 0x00, 0x00, 0x00, 0x00, 0x00, 0x00,
    0x00, 0x00, 0x1c, 0xa8, 0xff, 0xff, 0xff, 0xff, 0xff, 0xff, 0xff, 0xff, 0xff, 0xff, 0xff, 0xff,
    0xff, 0xff, 0xff, 0xff, 0xff, 0xff, 0xff, 0xff, 0xff, 0xfd, 0xf7, 0xf5, 0xfd, 0xa3, 0x00, 0x00,
    0x00, 0x00, 0x00, 0x00, 0x00, 0x00, 0x00, 0x00, 0x00, 0x00, 0x00, 0x00, 0x00, 0x00, 0x00, 0x00,
    0x00, 0x00, 0x00, 0x00, 0x00, 0x00, 0x00, 0x00, 0x00, 0x00, 0x00, 0x00, 0x00, 0x00, 0x00, 0x00,
    0x00, 0x00, 0x09, 0x75, 0xeb, 0xff, 0xff, 0xff, 0xff, 0xff, 0xff, 0xff, 0xff, 0xff, 0xff, 0xff,
    0xff, 0xff, 0xff, 0xff, 0xff, 0xff, 0xff, 0xff, 0xff, 0xff, 0xff, 0xff, 0xff, 0x14, 0x00, 0x00,
    0x00, 0x00, 0x00, 0x00, 0x00, 0x00, 0x00, 0x00, 0x00, 0x00, 0x00, 0x00, 0x00, 0x00, 0x00, 0x00,
    0x00, 0x00, 0x00, 0x00, 0x00, 0x00, 0x00, 0x00, 0x00, 0x00, 0x00, 0x00, 0x00, 0x00, 0x00, 0x00,
    0x00, 0x00, 0x00, 0x00, 0x05, 0x1b, 0x73, 0xff, 0xfb, 0xff, 0xff, 0xff, 0xff, 0xff, 0xff, 0xff,
    0xff, 0xff, 0xff, 0xff, 0xff, 0xff, 0xff, 0xfd, 0xff, 0xf5, 0x45, 0xc1, 0x46, 0x00, 0x00, 0x00,
    0x00, 0x00, 0x00, 0x00, 0x00, 0x00, 0x00, 0x00, 0x00, 0x00, 0x00, 0x00, 0x00, 0x00, 0x00, 0x00,
    0x00, 0x00, 0x00, 0x00, 0x00, 0x00, 0x00, 0x00, 0x00, 0x00, 0x00, 0x00, 0x00, 0x00, 0x00, 0x00,
    0x00, 0x00, 0x00, 0x00, 0x00, 0x01, 0xad, 0xfd, 0xfb, 0xff, 0xff, 0xff, 0xff, 0xff, 0xff, 0xff,
    0xff, 0xff, 0xff, 0xff, 0xff, 0xff, 0xff, 0xf9, 0xff, 0x27, 0x00, 0x00, 0x00, 0x00, 0x00, 0x00,
    0x00, 0x00, 0x00, 0x00, 0x00, 0x00, 0x00, 0x00, 0x00, 0x00, 0x00, 0x00, 0x00, 0x00, 0x00, 0x00,
    0x00, 0x00, 0x00, 0x00, 0x00, 0x00, 0x00, 0x00, 0x00, 0x00, 0x00, 0x4a, 0x83, 0x2a, 0x00, 0x00,
    0x00, 0x00, 0x00, 0x00, 0x00, 0x83, 0xff, 0xf9, 0xff, 0xff, 0xff, 0xff, 0xff, 0xff, 0xff, 0xff,
    0xff, 0xff, 0xff, 0xff, 0xff, 0xff, 0xfb, 0xff, 0xaf, 0x00, 0x00, 0x00, 0x00, 0x00, 0x00, 0x00,
    0x00, 0x00, 0x00, 0x00, 0x00, 0x00, 0x00, 0x00, 0x00, 0x00, 0x00, 0x00, 0x00, 0x00, 0x00, 0x00,
    0x00, 0x00, 0x00, 0x00, 0x00, 0x00, 0x00, 0x00, 0x00, 0x00, 0x6d, 0xff, 0xff, 0xff, 0x4e, 0x02,
    0x00, 0x00, 0x00, 0x00, 0x04, 0xf7, 0xe9, 0xfd, 0xff, 0xff, 0xff, 0xff, 0xff, 0xff, 0xff, 0xff,
    0xff, 0xff, 0xff, 0xff, 0xff, 0xff, 0xf9, 0xff, 0x7e, 0x00, 0x00, 0x00, 0x00, 0x00, 0x00, 0x00,
    0x00, 0x00, 0x00, 0x00, 0x00, 0x00, 0x00, 0x00, 0x00, 0x00, 0x00, 0x00, 0x00, 0x00, 0x00, 0x00,
    0x00, 0x00, 0x00, 0x00, 0x00, 0x00, 0x00, 0x00, 0x01, 0xa6, 0xff, 0xf5, 0xf9, 0xf7, 0xff, 0xde,
    0x1b, 0x00, 0x00, 0x00, 0x01, 0x06, 0x41, 0xfb, 0xf9, 0xff, 0xff, 0xff, 0xff, 0xff, 0xff, 0xff,
    0xff, 0xff, 0xff, 0xff, 0xff, 0xff, 0xfb, 0xff, 0xca, 0x00, 0x00, 0x00, 0x00, 0x00, 0x00, 0x00,
    0x00, 0x00, 0x00, 0x00, 0x00, 0x00, 0x00, 0x00, 0x00, 0x00, 0x00, 0x00, 0x00, 0x00, 0x00, 0x00,
    0x00, 0x00, 0x00, 0x00, 0x00, 0x00, 0x00, 0x00, 0x0b, 0xff, 0xf9, 0xff, 0xff, 0xff, 0xf3, 0xff,
    0xa8, 0x00, 0x00, 0x00, 0x00, 0x00, 0x77, 0xff, 0xf7, 0xff, 0xff, 0xff, 0xff, 0xff, 0xff, 0xff,
    0xff, 0xff, 0xff, 0xff, 0xfd, 0xff, 0xfd, 0xff, 0xe0, 0x33, 0x02, 0x00, 0x00, 0x00, 0x00, 0x00,
    0x00, 0x00, 0x00, 0x00, 0x00, 0x00, 0x00, 0x00, 0x00, 0x00, 0x00, 0x00, 0x00, 0x00, 0x00, 0x00,
    0x00, 0x00, 0x00, 0x00, 0x00, 0x00, 0x00, 0x00, 0x12, 0xf9, 0xfb, 0xff, 0xff, 0xff, 0xf7, 0xfb,
    0x74, 0x00, 0x00, 0x00, 0x00, 0x00, 0xaf, 0x9a, 0xd5, 0xff, 0xfd, 0xff, 0xff, 0xff, 0xff, 0xff,
    0xff, 0xff, 0xff, 0xfb, 0xff, 0xfb, 0xff, 0xfd, 0xf9, 0xfd, 0x05, 0x00, 0x00, 0x00, 0x00, 0x00,
    0x00, 0x00, 0x00, 0x00, 0x00, 0x00, 0x00, 0x00, 0x00, 0x00, 0x00, 0x00, 0x00, 0x00, 0x00, 0x00,
    0x00, 0x00, 0x00, 0x00, 0x00, 0x00, 0x00, 0x00, 0x33, 0xff, 0xf7, 0xff, 0xff, 0xff, 0xf7, 0xff,
    0x4a, 0x00, 0x00, 0x00, 0x00, 0x00, 0x0e, 0x08, 0xeb, 0xfb, 0xfd, 0xff, 0xff, 0xff, 0xff, 0xff,
    0xff, 0xff, 0xff, 0xe2, 0x97, 0xff, 0xf7, 0xf5, 0xfb, 0xd7, 0x00, 0x00, 0x00, 0x00, 0x00, 0x00,
    0x00, 0x00, 0x02, 0x22, 0x78, 0xb0, 0x2f, 0x00, 0x00, 0x00, 0x00, 0x00, 0x00, 0x00, 0x00, 0x00,
    0x00, 0x00, 0x00, 0x00, 0x00, 0x00, 0x00, 0x00, 0x05, 0xe6, 0xfb, 0xfd, 0xff, 0xfd, 0xfd, 0xd9,
    0x05, 0x00, 0x00, 0x00, 0x00, 0x00, 0x00, 0x00, 0xba, 0xff, 0xf9, 0xff, 0xff, 0xff, 0xff, 0xff,
    0xff, 0xff, 0xf9, 0xff, 0x5c, 0x66, 0xff, 0xff, 0xff, 0x4e, 0x00, 0x00, 0x00, 0x00, 0x00, 0x00,
    0x00, 0x08, 0xd5, 0xff, 0xff, 0xff, 0xff, 0x0e, 0x00, 0x00, 0x00, 0x00, 0x00, 0x00, 0x00, 0x00,
    0x00, 0x00, 0x00, 0x00, 0x00, 0x00, 0x00, 0x00, 0x00, 0x63, 0xff, 0xf5, 0xff, 0xfb, 0xff, 0xc5,
    0x00, 0x00, 0x00, 0x00, 0x00, 0x00, 0x00, 0x00, 0x26, 0xba, 0xfb, 0xfd, 0xff, 0xff, 0xff, 0xff,
    0xff, 0xff, 0xfd, 0xfb, 0xef, 0x08, 0x23, 0x71, 0x23, 0x00, 0x00, 0x00, 0x00, 0x00, 0x00, 0x00,
    0x0e, 0xda, 0xff, 0xf5, 0xf9, 0xf3, 0xfb, 0x30, 0x00, 0x00, 0x00, 0x00, 0x00, 0x00, 0x00, 0x00,
    0x00, 0x00, 0x00, 0x00, 0x00, 0x00, 0x00, 0x00, 0x00, 0x04, 0xdc, 0xff, 0xfb, 0xff, 0xfb, 0xff,
    0x63, 0x00, 0x00, 0x00, 0x00, 0x00, 0x00, 0x00, 0x00, 0x0a, 0xff, 0xfb, 0xff, 0xff, 0xff, 0xff,
    0xff, 0xff, 0xff, 0xfb, 0xff, 0xb9, 0x00, 0x00, 0x00, 0x00, 0x00, 0x00, 0x00, 0x00, 0x00, 0x00,
    0x8e, 0xff, 0xf5, 0xff, 0xff, 0xfd, 0xff, 0xe4, 0x02, 0x00, 0x00, 0x00, 0x00, 0x00, 0x00, 0x00,
    0x00, 0x00, 0x00, 0x00, 0x00, 0x00, 0x00, 0x00, 0x00, 0x00, 0x0b, 0xe6, 0xfb, 0xfd, 0xff, 0xfb,
    0xff, 0x80, 0x01, 0x00, 0x00, 0x00, 0x14, 0x92, 0x78, 0x94, 0xfd, 0xff, 0xff, 0xff, 0xff, 0xff,
    0xff, 0xff, 0xff, 0xff, 0xfb, 0xff, 0xca, 0x29, 0x00, 0x00, 0x00, 0x00, 0x00, 0x00, 0x00, 0x00,
    0x9e, 0xfd, 0xf9, 0xff, 0xff, 0xfb, 0xff, 0xc8, 0x02, 0x00, 0x00, 0x00, 0x00, 0x00, 0x00, 0x00,
    0x00, 0x00, 0x00, 0x00, 0x00, 0x00, 0x00, 0x00, 0x00, 0x00, 0x00, 0x18, 0xff, 0xf9, 0xff, 0xff,
    0xf7, 0xff, 0xa6, 0x03, 0x02, 0x10, 0x1f, 0xda, 0xff, 0xff, 0xff, 0xff, 0xff, 0xff, 0xff, 0xff,
    0xff, 0xff, 0xff, 0xff, 0xff, 0xfb, 0xff, 0xff, 0x74, 0x01, 0x00, 0x00, 0x00, 0x00, 0x00, 0x00,
    0x32, 0xff, 0xf7, 0xff, 0xff, 0xf9, 0xfb, 0x80, 0x00, 0x00, 0x00, 0x00, 0x00, 0x00, 0x00, 0x00,
    0x00, 0x00, 0x00, 0x00, 0x00, 0x00, 0x00, 0x00, 0x00, 0x00, 0x00, 0x00, 0x7e, 0xff, 0xf9, 0xff,
    0xff, 0xf9, 0xff, 0xd5, 0xe0, 0xff, 0xff, 0xf9, 0xf9, 0xf9, 0xff, 0xff, 0xff, 0xff, 0xff, 0xff,
    0xff, 0xff, 0xff, 0xff, 0xff, 0xff, 0xfb, 0xf7, 0xff, 0xab, 0x06, 0x00, 0x00, 0x00, 0x00, 0x00,
    0x3e, 0xff, 0xf7, 0xff, 0xff, 0xf5, 0xff, 0x5b, 0x00, 0x00, 0x00, 0x00, 0x00, 0x00, 0x00, 0x00,
    0x00, 0x00, 0x00, 0x00, 0x00, 0x00, 0x00, 0x00, 0x00, 0x00, 0x00, 0x00, 0x08, 0xf5, 0xf9, 0xfd,
    0xff, 0xff, 0xfb, 0xff, 0xff, 0xfb, 0xf9, 0xff, 0xff, 0xff, 0xff, 0xff, 0xff, 0xff, 0xff, 0xff,
    0xff, 0xff, 0xff, 0xff, 0xff, 0xff, 0xff, 0xff, 0xf7, 0xff, 0xd7, 0x13, 0x00, 0x00, 0x00, 0x33,
    0xf9, 0xfb, 0xfd, 0xff, 0xf7, 0xff, 0xbe, 0x01, 0x00, 0x00, 0x00, 0x00, 0x00, 0x00, 0x00, 0x00,
    0x00, 0x00, 0x00, 0x00, 0x00, 0x00, 0x00, 0x00, 0x00, 0x00, 0x00, 0x00, 0x00, 0x4e, 0xff, 0xf5,
    0xff, 0xff, 0xff, 0xfd, 0xfd, 0xff, 0xff, 0xff, 0xff, 0xff, 0xff, 0xff, 0xff, 0xff, 0xff, 0xff,
    0xff, 0xff, 0xff, 0xff, 0xff, 0xff, 0xff, 0xff, 0xff, 0xf9, 0xff, 0xff, 0x82, 0x20, 0xa0, 0xff,
    0xff, 0xff, 0xff, 0xf9, 0xff, 0xdc, 0x07, 0x00, 0x00, 0x00, 0x00, 0x00, 0x00, 0x00, 0x00, 0x00,
    0x00, 0x00, 0x00, 0x00, 0x00, 0x00, 0x00, 0x00, 0x00, 0x00, 0x00, 0x00, 0x00, 0x01, 0xb4, 0xff,
    0xf9, 0xff, 0xff, 0xff, 0xff, 0xff, 0xff, 0xff, 0xff, 0xff, 0xff, 0xff, 0xff, 0xff, 0xff, 0xff,
    0xff, 0xff, 0xff, 0xff, 0xff, 0xff, 0xff, 0xff, 0xff, 0xff, 0xfd, 0xff, 0xff, 0xff, 0xff, 0xf9,
    0xff, 0xff, 0xfb, 0xff, 0x9a, 0x08, 0x00, 0x00, 0x00, 0x00, 0x00, 0x00, 0x00, 0x00, 0x00, 0x00,
    0x00, 0x00, 0x00, 0x00, 0x00, 0x00, 0x00, 0x00, 0x00, 0x00, 0x00, 0x00, 0x00, 0x00, 0x04, 0xb9,
    0xff, 0xf9, 0xff, 0xff, 0xfd, 0xf9, 0xf9, 0xf7, 0xf7, 0xfd, 0xff, 0xff, 0xff, 0xff, 0xff, 0xff,
    0xff, 0xff, 0xff, 0xff, 0xff, 0xff, 0xff, 0xff, 0xff, 0xff, 0xff, 0xff, 0xf9, 0xf9, 0xfb, 0xff,
    0xff, 0xfb, 0xfd, 0xd5, 0x01, 0x00, 0x00, 0x00, 0x00, 0x00, 0x00, 0x00, 0x00, 0x00, 0x00, 0x00,
    0x00, 0x00, 0x00, 0x00, 0x00, 0x00, 0x00, 0x00, 0x00, 0x00, 0x00, 0x00, 0x00, 0x00, 0x00, 0x66,
    0xef, 0xff, 0xf7, 0xfd, 0xff, 0xff, 0xff, 0xff, 0xff, 0xff, 0xfd, 0xff, 0xff, 0xff, 0xff, 0xff,
    0xff, 0xff, 0xff, 0xff, 0xff, 0xff, 0xff, 0xff, 0xff, 0xff, 0xff, 0xff, 0xff, 0xff, 0xff, 0xff,
    0xfb, 0xf7, 0xff, 0x16, 0x00, 0x00, 0x00, 0x00, 0x00, 0x00, 0x00, 0x00, 0x00, 0x00, 0x00, 0x00,
    0x00, 0x00, 0x00, 0x00, 0x00, 0x00, 0x00, 0x00, 0x00, 0x00, 0x00, 0x00, 0x00, 0x00, 0x00, 0x00,
    0x04, 0x6f, 0xff, 0xff, 0xd1, 0x8f, 0x85, 0x68, 0x3a, 0xb9, 0xff, 0xff, 0xff, 0xff, 0xff, 0xff,
    0xff, 0xff, 0xff, 0xff, 0xff, 0xff, 0xff, 0xff, 0xff, 0xff, 0xf9, 0xfb, 0xff, 0xff, 0xff, 0xff,
    0xff, 0xff, 0x36, 0x00, 0x00, 0x00, 0x00, 0x00, 0x00, 0x00, 0x00, 0x00, 0x00, 0x00, 0x00, 0x00,
    0x00, 0x00, 0x00, 0x00, 0x00, 0x00, 0x00, 0x00, 0x00, 0x00, 0x00, 0x00, 0x00, 0x00, 0x00, 0x00,
    0x00, 0x04, 0x1a, 0x0b, 0x01, 0x00, 0x00, 0x00, 0x00, 0x33, 0xeb, 0xe6, 0xff, 0xff, 0xff, 0xff,
    0xff, 0xff, 0xff, 0xff, 0xff, 0xff, 0xff, 0xff, 0xff, 0xfd, 0xff, 0xff, 0xf9, 0xf9, 0xf7, 0xf3,
    0xd5, 0x2d, 0x00, 0x00, 0x00, 0x00, 0x00, 0x00, 0x00, 0x00, 0x00, 0x00, 0x00, 0x00, 0x00, 0x00,
    0x00, 0x00, 0x00, 0x00, 0x00, 0x00, 0x00, 0x00, 0x00, 0x00, 0x00, 0x00, 0x00, 0x00, 0x00, 0x00,
    0x00, 0x00, 0x00, 0x00, 0x00, 0x00, 0x00, 0x00, 0x00, 0x05, 0x51, 0xf1, 0xfb, 0xff, 0xff, 0xff,
    0xff, 0xff, 0xff, 0xff, 0xff, 0xff, 0xff, 0xfb, 0xff, 0xca, 0x25, 0xa5, 0xff, 0xff, 0xff, 0xff,
    0x2d, 0x00, 0x00, 0x00, 0x00, 0x00, 0x00, 0x00, 0x00, 0x00, 0x00, 0x00, 0x00, 0x00, 0x00, 0x00,
    0x00, 0x00, 0x00, 0x00, 0x00, 0x00, 0x00, 0x00, 0x00, 0x00, 0x00, 0x00, 0x00, 0x00, 0x00, 0x00,
    0x00, 0x00, 0x00, 0x00, 0x00, 0x00, 0x00, 0x00, 0x00, 0x00, 0x73, 0xfd, 0xf5, 0xff, 0xff, 0xff,
    0xff, 0xff, 0xff, 0xff, 0xff, 0xff, 0xff, 0xfb, 0xff, 0xb4, 0x00, 0x00, 0x23, 0x85, 0x66, 0x75,
    0x2b, 0x00, 0x00, 0x00, 0x00, 0x00, 0x00, 0x00, 0x00, 0x00, 0x00, 0x00, 0x00, 0x00, 0x00, 0x00,
    0x00, 0x00, 0x00, 0x00, 0x00, 0x00, 0x00, 0x00, 0x00, 0x00, 0x00, 0x00, 0x00, 0x00, 0x00, 0x00,
    0x00, 0x00, 0x00, 0x00, 0x00, 0x00, 0x00, 0x00, 0x00, 0x00, 0x06, 0x52, 0xfb, 0xf9, 0xff, 0xff,
    0xff, 0xff, 0xff, 0xff, 0xff, 0xff, 0xff, 0xf9, 0xff, 0x88, 0x00, 0x00, 0x00, 0x00, 0x00, 0x00,
    0x00, 0x00, 0x00, 0x00, 0x00, 0x00, 0x00, 0x00, 0x00, 0x00, 0x00, 0x00, 0x00, 0x00, 0x00, 0x00,
    0x00, 0x00, 0x00, 0x00, 0x00, 0x00, 0x00, 0x00, 0x00, 0x00, 0x00, 0x00, 0x00, 0x00, 0x00, 0x00,
    0x00, 0x00, 0x00, 0x00, 0x00, 0x00, 0x00, 0x00, 0x00, 0x00, 0x02, 0xca, 0xfd, 0xfb, 0xff, 0xff,
    0xff, 0xff, 0xff, 0xff, 0xff, 0xff, 0xff, 0xf7, 0xff, 0x47, 0x00, 0x00, 0x00, 0x00, 0x00, 0x00,
    0x00, 0x00, 0x00, 0x00, 0x00, 0x00, 0x00, 0x00, 0x00, 0x00, 0x00, 0x00, 0x00, 0x00, 0x00, 0x00,
    0x00, 0x00, 0x00, 0x00, 0x00, 0x00, 0x00, 0x00, 0x00, 0x00, 0x00, 0x00, 0x00, 0x00, 0x00, 0x00,
    0x00, 0x00, 0x00, 0x00, 0x00, 0x00, 0x00, 0x00, 0x00, 0x10, 0xc3, 0xff, 0xfb, 0xff, 0xff, 0xff,
    0xff, 0xff, 0xff, 0xff, 0xff, 0xff, 0xff, 0xfb, 0xff, 0x12, 0x00, 0x00, 0x00, 0x00, 0x00, 0x00,
    0x00, 0x00, 0x00, 0x00, 0x00, 0x00, 0x00, 0x00, 0x00, 0x00, 0x00, 0x00, 0x00, 0x00, 0x00, 0x00,
    0x00, 0x00, 0x00, 0x00, 0x00, 0x00, 0x00, 0x00, 0x00, 0x00, 0x00, 0x00, 0x00, 0x00, 0x00, 0x00,
    0x00, 0x00, 0x00, 0x00, 0x00, 0x00, 0x00, 0x00, 0x00, 0xc5, 0xff, 0xf9, 0xff, 0xff, 0xff, 0xff,
    0xff, 0xff, 0xff, 0xff, 0xff, 0xff, 0xfd, 0xff, 0xd9, 0x01, 0x00, 0x00, 0x00, 0x00, 0x00, 0x00,
    0x00, 0x00, 0x00, 0x00, 0x00, 0x00, 0x00, 0x00, 0x00, 0x00, 0x00, 0x00, 0x00, 0x00, 0x00, 0x00,
    0x00, 0x00, 0x00, 0x00, 0x00, 0x00, 0x00, 0x00, 0x00, 0x00, 0x00, 0x00, 0x00, 0x00, 0x00, 0x00,
    0x00, 0x00, 0x00, 0x00, 0x00, 0x00, 0x00, 0x04, 0x36, 0xd9, 0xf9, 0xfd, 0xff, 0xff, 0xff, 0xff,
    0xff, 0xff, 0xff, 0xff, 0xff, 0xff, 0xfb, 0xff, 0xb2, 0x00, 0x00, 0x00, 0x00, 0x00, 0x00, 0x00,
    0x00, 0x00, 0x00, 0x00, 0x00, 0x00, 0x00, 0x00, 0x00, 0x00, 0x00, 0x00, 0x00, 0x00, 0x00, 0x00,
    0x00, 0x00, 0x00, 0x00, 0x00, 0x00, 0x00, 0x00, 0x00, 0x00, 0x00, 0x00, 0x00, 0x00, 0x00, 0x00,
    0x00, 0x00, 0x00, 0x00, 0x00, 0x00, 0x1c, 0xeb, 0xff, 0xff, 0xff, 0xff, 0xff, 0xff, 0xff, 0xff,
    0xff, 0xff, 0xff, 0xff, 0xff, 0xff, 0xff, 0xfb, 0xf9, 0x16, 0x00, 0x00, 0x00, 0x00, 0x00, 0x00,
    0x00, 0x00, 0x00, 0x00, 0x00, 0x00, 0x00, 0x00, 0x00, 0x00, 0x00, 0x00, 0x00, 0x00, 0x00, 0x00,
    0x00, 0x00, 0x00, 0x00, 0x00, 0x00, 0x00, 0x00, 0x00, 0x00, 0x00, 0x00, 0x00, 0x00, 0x00, 0x00,
    0x00, 0x00, 0x00, 0x0f, 0x43, 0x4d, 0x97, 0xff, 0xf7, 0xfd, 0xff, 0xff, 0xff, 0xff, 0xff, 0xff,
    0xff, 0xff, 0xff, 0xff, 0xff, 0xff, 0xff, 0xfb, 0xfd, 0xd9, 0x07, 0x00, 0x00, 0x00, 0x00, 0x00,
    0x00, 0x00, 0x00, 0x00, 0x00, 0x00, 0x00, 0x00, 0x00, 0x00, 0x00, 0x00, 0x00, 0x00, 0x00, 0x00,
    0x00, 0x00, 0x00, 0x00, 0x00, 0x00, 0x00, 0x00, 0x00, 0x00, 0x00, 0x00, 0x00, 0x00, 0x00, 0x00,
    0x00, 0x00, 0x00, 0x11, 0xf5, 0xff, 0xff, 0xfd, 0xff, 0xff, 0xff, 0xff, 0xff, 0xff, 0xff, 0xff,
    0xff, 0xff, 0xff, 0xff, 0xff, 0xff, 0xff, 0xff, 0xfb, 0xff, 0xc5, 0x02, 0x00, 0x00, 0x00, 0x00,
    0x00, 0x00, 0x00, 0x00, 0x00, 0x00, 0x00, 0x00, 0x00, 0x00, 0x00, 0x00, 0x00, 0x00, 0x00, 0x00,
    0x00, 0x00, 0x00, 0x00, 0x00, 0x00, 0x00, 0x00, 0x00, 0x00, 0x00, 0x00, 0x00, 0x00, 0x00, 0x12,
    0x74, 0x7c, 0xa3, 0xd1, 0xed, 0xf7, 0xf9, 0xff, 0xff, 0xff, 0xff, 0xff, 0xff, 0xff, 0xff, 0xff,
    0xff, 0xff, 0xff, 0xff, 0xff, 0xff, 0xff, 0xff, 0xff, 0xf5, 0xff, 0x62, 0x00, 0x00, 0x00, 0x00,
    0x00, 0x00, 0x00, 0x00, 0x00, 0x00, 0x00, 0x00, 0x00, 0x00, 0x00, 0x00, 0x00, 0x00, 0x00, 0x00,
    0x00, 0x00, 0x00, 0x00, 0x00, 0x00, 0x00, 0x00, 0x00, 0x00, 0x00, 0x00, 0x00, 0x00, 0x00, 0x10,
    0xe4, 0xff, 0xff, 0xff, 0xff, 0xff, 0xff, 0xff, 0xff, 0xff, 0xff, 0xff, 0xff, 0xff, 0xff, 0xff,
    0xff, 0xff, 0xff, 0xff, 0xff, 0xff, 0xff, 0xff, 0xff, 0xfd, 0xfb, 0xf3, 0x04, 0x00, 0x00, 0x00,
    0x00, 0x00, 0x00, 0x00, 0x00, 0x00, 0x00, 0x00, 0x00, 0x00, 0x00, 0x00, 0x00, 0x00, 0x00, 0x00,
    0x00, 0x00, 0x00, 0x00, 0x00, 0x00, 0x00, 0x00, 0x00, 0x00, 0x00, 0x00, 0x13, 0x56, 0xa6, 0xe8,
    0xf3, 0xf9, 0xf9, 0xfd, 0xff, 0xff, 0xff, 0xff, 0xff, 0xff, 0xff, 0xff, 0xff, 0xff, 0xff, 0xff,
    0xff, 0xfd, 0xf7, 0xf7, 0xfd, 0xff, 0xff, 0xff, 0xff, 0xff, 0xf7, 0xff, 0x35, 0x00, 0x00, 0x00,
    0x00, 0x00, 0x00, 0x00, 0x00, 0x00, 0x00, 0x00, 0x00, 0x00, 0x00, 0x00, 0x00, 0x00, 0x00, 0x00,
    0x00, 0x00, 0x00, 0x00, 0x00, 0x00, 0x00, 0x00, 0x00, 0x00, 0x00, 0x00, 0x83, 0xff, 0xff, 0xff,
    0xff, 0xff, 0xff, 0xff, 0xff, 0xff, 0xff, 0xff, 0xff, 0xff, 0xff, 0xff, 0xff, 0xff, 0xff, 0xfd,
    0xf9, 0xff, 0xff, 0xff, 0xff, 0xfb, 0xff, 0xff, 0xff, 0xff, 0xf9, 0xfd, 0x97, 0x00, 0x00, 0x00,
    0x00, 0x00, 0x00, 0x00, 0x00, 0x00, 0x00, 0x00, 0x00, 0x00, 0x00, 0x00, 0x00, 0x00, 0x00, 0x00,
    0x00, 0x00, 0x00, 0x00, 0x00, 0x00, 0x00, 0x00, 0x00, 0x00, 0x00, 0x1c, 0xc7, 0xf3, 0xf9, 0xfd,
    0xff, 0xff, 0xff, 0xff, 0xff, 0xff, 0xff, 0xff, 0xff, 0xff, 0xff, 0xfd, 0xfb, 0xf9, 0xf7, 0xff,
    0xff, 0xfb, 0x5e, 0x55, 0xe2, 0xff, 0xfd, 0xff, 0xff, 0xff, 0xfd, 0xff, 0xe8, 0x02, 0x00, 0x00,
    0x00, 0x00, 0x00, 0x00, 0x00, 0x00, 0x00, 0x00, 0x00, 0x00, 0x00, 0x00, 0x00, 0x00, 0x00, 0x00,
    0x00, 0x00, 0x00, 0x00, 0x00, 0x00, 0x00, 0x00, 0x00, 0x00, 0x1e, 0xff, 0xff, 0xfd, 0xff, 0xff,
    0xff, 0xff, 0xff, 0xfd, 0xfd, 0xff, 0xff, 0xff, 0xff, 0xff, 0xfd, 0xff, 0xff, 0xff, 0xff, 0xe9,
    0x6d, 0x0b, 0x00, 0x00, 0x04, 0xa0, 0xfd, 0xfb, 0xff, 0xff, 0xfb, 0xfb, 0xda, 0x01, 0x00, 0x00,
    0x00, 0x00, 0x00, 0x00, 0x00, 0x00, 0x00, 0x00, 0x00, 0x00, 0x00, 0x00, 0x00, 0x00, 0x00, 0x00,
    0x00, 0x00, 0x00, 0x00, 0x00, 0x00, 0x00, 0x00, 0x00, 0x05, 0xed, 0xfd, 0xfb, 0xff, 0xff, 0xff,
    0xfb, 0xf7, 0xf7, 0xff, 0xff, 0xff, 0xff, 0xff, 0xff, 0xfb, 0xff, 0xf7, 0xb0, 0x73, 0x2e, 0x04,
    0x00, 0x00, 0x00, 0x00, 0x00, 0x2a, 0xff, 0xf7, 0xff, 0xff, 0xf3, 0xff, 0x39, 0x00, 0x00, 0x00,
    0x00, 0x00, 0x00, 0x00, 0x00, 0x00, 0x00, 0x00, 0x00, 0x00, 0x00, 0x00, 0x00, 0x00, 0x00, 0x00,
    0x00, 0x00, 0x00, 0x00, 0x00, 0x00, 0x00, 0x00, 0x00, 0x68, 0xff, 0xf7, 0xff, 0xff, 0xfb, 0xfb,
    0xff, 0xff, 0xff, 0xf9, 0xe4, 0xff, 0xff, 0xff, 0xfb, 0xff, 0xdc, 0x0d, 0x00, 0x00, 0x00, 0x00,
    0x00, 0x00, 0x00, 0x00, 0x00, 0x9b, 0xff, 0xfb, 0xff, 0xfb, 0xff, 0x73, 0x00, 0x00, 0x00, 0x00,
    0x00, 0x00, 0x00, 0x00, 0x00, 0x00, 0x00, 0x00, 0x00, 0x00, 0x00, 0x00, 0x00, 0x00, 0x00, 0x00,
    0x00, 0x00, 0x00, 0x00, 0x00, 0x00, 0x00, 0x00, 0x01, 0xe4, 0xfd, 0xfd, 0xff, 0xfb, 0xff, 0xff,
    0xc7, 0x68, 0x28, 0x07, 0xa6, 0xff, 0xfb, 0xfb, 0xff, 0xe4, 0x0b, 0x00, 0x00, 0x00, 0x00, 0x00,
    0x00, 0x00, 0x00, 0x00, 0x2a, 0xff, 0xf7, 0xff, 0xfb, 0xff, 0x50, 0x00, 0x00, 0x00, 0x00, 0x00,
    0x00, 0x00, 0x00, 0x00, 0x00, 0x00, 0x00, 0x00, 0x00, 0x00, 0x00, 0x00, 0x00, 0x00, 0x00, 0x00,
    0x00, 0x00, 0x00, 0x00, 0x00, 0x00, 0x00, 0x00, 0x14, 0xff, 0xfb, 0xff, 0xfd, 0xff, 0x9e, 0x19,
    0x01, 0x00, 0x00, 0x08, 0xff, 0xfb, 0xfb, 0xff, 0xe2, 0x0e, 0x00, 0x00, 0x00, 0x00, 0x00, 0x00,
    0x00, 0x00, 0x00, 0x00, 0x38, 0xff, 0xf7, 0xff, 0xf9, 0xff, 0x20, 0x00, 0x00, 0x00, 0x00, 0x00,
    0x00, 0x00, 0x00, 0x00, 0x00, 0x00, 0x00, 0x00, 0x00, 0x00, 0x00, 0x00, 0x00, 0x00, 0x00, 0x00,
    0x00, 0x00, 0x00, 0x00, 0x00, 0x00, 0x00, 0x00, 0x14, 0xff, 0xfb, 0xf9, 0xfd, 0x94, 0x00, 0x00,
    0x00, 0x00, 0x00, 0x89, 0xff, 0xf7, 0xfb, 0xf1, 0x12, 0x00, 0x00, 0x00, 0x00, 0x00, 0x00, 0x00,
    0x00, 0x00, 0x00, 0x00, 0x00, 0x27, 0xff, 0xf9, 0xfb, 0xfb, 0xed, 0x11, 0x00, 0x00, 0x00, 0x00,
    0x00, 0x00, 0x00, 0x00, 0x00, 0x00, 0x00, 0x00, 0x00, 0x00, 0x00, 0x00, 0x00, 0x00, 0x00, 0x00,
    0x00, 0x00, 0x00, 0x00, 0x00, 0x00, 0x00, 0x00, 0x02, 0xef, 0xf9, 0xf3, 0xff, 0x40, 0x00, 0x00,
    0x00, 0x00, 0x3d, 0xff, 0xfb, 0xfb, 0xff, 0xa6, 0x00, 0x00, 0x00, 0x00, 0x00, 0x00, 0x00, 0x00,
    0x00, 0x00, 0x00, 0x00, 0x00, 0x00, 0x3d, 0xff, 0xf9, 0xfd, 0xff, 0xf7, 0x58, 0x28, 0x69, 0x88,
    0x10, 0x00, 0x00, 0x00, 0x00, 0x00, 0x00, 0x00, 0x00, 0x00, 0x00, 0x00, 0x00, 0x00, 0x00, 0x00,
    0x00, 0x00, 0x00, 0x00, 0x00, 0x00, 0x00, 0x00, 0x00, 0x4e, 0xff, 0xf7, 0xf7, 0xc7, 0x13, 0x06,
    0x1b, 0x82, 0xff, 0xfb, 0xff, 0xfd, 0xfd, 0xdc, 0x04, 0x00, 0x00, 0x00, 0x00, 0x00, 0x00, 0x00,
    0x00, 0x00, 0x00, 0x00, 0x00, 0x00, 0x00, 0x92, 0xff, 0xf9, 0xfd, 0xff, 0xff, 0xff, 0xff, 0xff,
    0xff, 0x47, 0x00, 0x00, 0x00, 0x00, 0x00, 0x00, 0x00, 0x00, 0x00, 0x00, 0x00, 0x00, 0x00, 0x00,
    0x00, 0x00, 0x00, 0x00, 0x00, 0x00, 0x00, 0x00, 0x00, 0x00, 0x5f, 0xfd, 0xff, 0xff, 0xff, 0xff,
    0xff, 0xff, 0xfb, 0xff, 0xff, 0xff, 0xfb, 0xff, 0xad, 0x01, 0x00, 0x00, 0x00, 0x00, 0x00, 0x00,
    0x00, 0x00, 0x00, 0x00, 0x00, 0x00, 0x00, 0x08, 0xf3, 0xfb, 0xfd, 0xfd, 0xf7, 0xf7, 0xf9, 0xf9,
    0xfb, 0xff, 0x24, 0x00, 0x00, 0x00, 0x00, 0x00, 0x00, 0x00, 0x00, 0x00, 0x00, 0x00, 0x00, 0x00,
    0x00, 0x00, 0x00, 0x00, 0x00, 0x00, 0x00, 0x00, 0x00, 0x00, 0x00, 0x0f, 0x50, 0x86, 0x77, 0x43,
    0xd1, 0xf9, 0xfd, 0xff, 0xff, 0xff, 0xff, 0xfd, 0xff, 0x08, 0x00, 0x00, 0x00, 0x00, 0x00, 0x00,
    0x00, 0x00, 0x00, 0x00, 0x00, 0x00, 0x00, 0x00, 0x67, 0xff, 0xf9, 0xff, 0xff, 0xff, 0xf9, 0xff,
    0x7b, 0x2b, 0x39, 0x00, 0x00, 0x00, 0x00, 0x00, 0x00, 0x00, 0x00, 0x00, 0x00, 0x00, 0x00, 0x00,
};

const lv_image_dsc_t angry_frame_4_dsc = {
    .header.w = 64,
    .header.h = 64,
    .header.cf = LV_COLOR_FORMAT_RGB565A8,
    .data_size = 12288,
    .data = angry_frame_4_data,
};

/* Frame 5: frame_005.png */
static const uint8_t angry_frame_5_data[] = {
    0x00, 0x00, 0x00, 0x00, 0x00, 0x00, 0x00, 0x00, 0x00, 0x00, 0x00, 0x00, 0x00, 0x00, 0x00, 0x00,
    0x00, 0x00, 0x00, 0x00, 0x00, 0x00, 0x00, 0x00, 0x00, 0x00, 0x00, 0x00, 0x00, 0x00, 0x00, 0x00,
    0x00, 0x00, 0x00, 0x00, 0x00, 0x00, 0x00, 0x00, 0x00, 0x00, 0x00, 0x00, 0x00, 0x00, 0x00, 0x00,
    0x00, 0x00, 0x00, 0x00, 0x00, 0x00, 0x00, 0x00, 0x00, 0x00, 0x00, 0x00, 0x00, 0x00, 0x00, 0x00,
    0x00, 0x00, 0x00, 0x00, 0x00, 0x00, 0x00, 0x00, 0x00, 0x00, 0x00, 0x00, 0x00, 0x00, 0x00, 0x00,
    0x00, 0x00, 0x00, 0x00, 0x00, 0x00, 0x00, 0x00, 0x00, 0x00, 0x00, 0x00, 0x00, 0x00, 0x00, 0x00,
    0x00, 0x00, 0x00, 0x00, 0x00, 0x00, 0x00, 0x00, 0x00, 0x00, 0x00, 0x00, 0x00, 0x00, 0x00, 0x00,
    0x00, 0x00, 0x00, 0x00, 0x00, 0x00, 0x00, 0x00, 0x00, 0x00, 0x00, 0x00, 0x00, 0x00, 0x00, 0x00,
    0x00, 0x00, 0x00, 0x00, 0x00, 0x00, 0x00, 0x00, 0x00, 0x00, 0x00, 0x00, 0x00, 0x00, 0x00, 0x00,
    0x00, 0x00, 0x00, 0x00, 0x00, 0x00, 0x00, 0x00, 0x00, 0x00, 0x00, 0x00, 0x00, 0x00, 0x00, 0x00,
    0x00, 0x00, 0x00, 0x00, 0x00, 0x00, 0x00, 0x00, 0x00, 0x00, 0x00, 0x00, 0x00, 0x00, 0x03, 0x00,
    0x20, 0x00, 0x00, 0x00, 0x00, 0x00, 0x00, 0x00, 0x00, 0x00, 0x00, 0x00, 0x00, 0x00, 0x00, 0x00,
    0x00, 0x00, 0x00, 0x00, 0x00, 0x00, 0x00, 0x00, 0x00, 0x00, 0x00, 0x00, 0x00, 0x00, 0x00, 0x00,
    0x00, 0x00, 0x00, 0x00, 0x00, 0x00, 0x00, 0x00, 0x00, 0x00, 0x00, 0x00, 0x00, 0x00, 0x00, 0x00,
    0x00, 0x00, 0x00, 0x00, 0x00, 0x00, 0x00, 0x00, 0x00, 0x00, 0x00, 0x00, 0x00, 0x00, 0x00, 0x00,
    0x00, 0x00, 0x00, 0x00, 0x00, 0x00, 0x00, 0x00, 0x00, 0x00, 0x00, 0x00, 0x00, 0x00, 0x00, 0x00,
    0x00, 0x00, 0x00, 0x00, 0x00, 0x00, 0x00, 0x00, 0x00, 0x00, 0x00, 0x00, 0x00, 0x00, 0x00, 0x00,
    0x00, 0x00, 0x00, 0x00, 0x00, 0x00, 0x00, 0x00, 0x00, 0x00, 0x00, 0x00, 0x00, 0x00, 0x00, 0x00,
    0x00, 0x00, 0x00, 0x00, 0x00, 0x00, 0x00, 0x00, 0x00, 0x00, 0x00, 0x00, 0x23, 0x00, 0x64, 0x00,
    0x00, 0x00, 0x00, 0x00, 0x00, 0x00, 0x00, 0x00, 0x00, 0x00, 0x00, 0x00, 0x00, 0x00, 0x00, 0x00,
    0x00, 0x00, 0x00, 0x00, 0x41, 0x00, 0x00, 0x00, 0x00, 0x00, 0x00, 0x00, 0x00, 0x00, 0x00, 0x00,
    0x00, 0x00, 0x00, 0x00, 0x00, 0x00, 0x00, 0x00, 0x00, 0x00, 0x00, 0x00, 0x00, 0x00, 0x00, 0x00,
    0x00, 0x00, 0x00, 0x00, 0x00, 0x00, 0x00, 0x00, 0x00, 0x00, 0x00, 0x00, 0x00, 0x00, 0x00, 0x00,
    0x00, 0x00, 0x00, 0x00, 0x00, 0x00, 0x00, 0x00, 0x00, 0x00, 0x00, 0x00, 0x00, 0x00, 0x00, 0x00,
    0x00, 0x00, 0x00, 0x00, 0x00, 0x00, 0x00, 0x00, 0x00, 0x00, 0x00, 0x00, 0x00, 0x00, 0x00, 0x00,
    0x00, 0x00, 0x00, 0x00, 0x00, 0x00, 0x00, 0x00, 0x00, 0x00, 0x00, 0x00, 0x00, 0x00, 0x00, 0x00,
    0x00, 0x00, 0x00, 0x00, 0x00, 0x00, 0x00, 0x00, 0x00, 0x00, 0x00, 0x00, 0x67, 0x00, 0x44, 0x00,
    0x00, 0x00, 0x00, 0x00, 0x00, 0x00, 0x00, 0x00, 0x00, 0x00, 0x00, 0x00, 0x00, 0x00, 0x00, 0x00,
    0x00, 0x00, 0x44, 0x00, 0x44, 0x00, 0x00, 0x00, 0x00, 0x00, 0x00, 0x00, 0x00, 0x00, 0x00, 0x00,
    0x00, 0x00, 0x00, 0x00, 0x00, 0x00, 0x00, 0x00, 0x00, 0x00, 0x00, 0x00, 0x00, 0x00, 0x00, 0x00,
    0x00, 0x00, 0x00, 0x00, 0x00, 0x00, 0x00, 0x00, 0x00, 0x00, 0x00, 0x00, 0x00, 0x00, 0x00, 0x00,
    0x00, 0x00, 0x00, 0x00, 0x00, 0x00, 0x00, 0x00, 0x00, 0x00, 0x00, 0x00, 0x00, 0x00, 0x00, 0x00,
    0x00, 0x00, 0x00, 0x00, 0x00, 0x00, 0x00, 0x00, 0x00, 0x00, 0x00, 0x00, 0x00, 0x00, 0x00, 0x00,
    0x00, 0x00, 0x00, 0x00, 0x00, 0x00, 0x00, 0x00, 0x00, 0x00, 0x00, 0x00, 0x00, 0x00, 0x00, 0x00,
    0x00, 0x00, 0x00, 0x00, 0x00, 0x00, 0x00, 0x00, 0x00, 0x00, 0x00, 0x00, 0x68, 0x00, 0x47, 0x00,
    0x00, 0x00, 0x00, 0x00, 0x00, 0x00, 0x00, 0x00, 0x00, 0x00, 0x00, 0x00, 0x00, 0x00, 0x00, 0x00,
    0x00, 0x00, 0x87, 0x00, 0xc5, 0x00, 0x00, 0x00, 0x00, 0x00, 0x00, 0x00, 0x00, 0x00, 0x00, 0x00,
    0x00, 0x00, 0x00, 0x00, 0x00, 0x00, 0x00, 0x00, 0x00, 0x00, 0x00, 0x00, 0x00, 0x00, 0x00, 0x00,
    0x00, 0x00, 0x00, 0x00, 0x00, 0x00, 0x00, 0x00, 0x00, 0x00, 0x00, 0x00, 0x00, 0x00, 0x00, 0x00,
    0x00, 0x00, 0x00, 0x00, 0x00, 0x00, 0x00, 0x00, 0x00, 0x00, 0x00, 0x00, 0x00, 0x00, 0x00, 0x00,
    0x00, 0x00, 0x00, 0x00, 0x00, 0x00, 0x00, 0x00, 0x00, 0x00, 0x00, 0x00, 0x00, 0x00, 0x00, 0x00,
    0x00, 0x00, 0x00, 0x00, 0x00, 0x00, 0x00, 0x00, 0x00, 0x00, 0x00, 0x00, 0x00, 0x00, 0x00, 0x00,
    0x00, 0x00, 0x00, 0x00, 0x00, 0x00, 0x00, 0x00, 0x00, 0x00, 0x00, 0x00, 0xa5, 0x00, 0x6a, 0x00,
    0xe2, 0x00, 0x00, 0x00, 0x00, 0x00, 0x40, 0x00, 0xc5, 0x00, 0x00, 0x00, 0x00, 0x00, 0x00, 0x00,
    0x00, 0x00, 0xe5, 0x00, 0x4a, 0x00, 0x20, 0x00, 0x00, 0x00, 0x00, 0x00, 0x00, 0x00, 0x00, 0x00,
    0x00, 0x00, 0x00, 0x00, 0x00, 0x00, 0x00, 0x00, 0x00, 0x00, 0x00, 0x00, 0x00, 0x00, 0x00, 0x00,
    0x00, 0x00, 0x00, 0x00, 0x00, 0x00, 0x00, 0x00, 0x00, 0x00, 0x00, 0x00, 0x00, 0x00, 0x00, 0x00,
    0x00, 0x00, 0x00, 0x00, 0x00, 0x00, 0x00, 0x00, 0x00, 0x00, 0x00, 0x00, 0x00, 0x00, 0x00, 0x00,
    0x00, 0x00, 0x00, 0x00, 0x00, 0x00, 0x00, 0x00, 0x00, 0x00, 0x00, 0x00, 0x00, 0x00, 0x00, 0x00,
    0x00, 0x00, 0x00, 0x00, 0x00, 0x00, 0x00, 0x00, 0x00, 0x00, 0x00, 0x00, 0x00, 0x00, 0x00, 0x00,
    0x00, 0x00, 0x03, 0x00, 0xe3, 0x00, 0x00, 0x00, 0x00, 0x00, 0x00, 0x00, 0xc2, 0x00, 0xa8, 0x00,
    0x29, 0x00, 0xe2, 0x00, 0x00, 0x00, 0x81, 0x00, 0xc8, 0x00, 0x20, 0x00, 0x00, 0x00, 0x41, 0x00,
    0x61, 0x00, 0xe2, 0x00, 0x09, 0x00, 0xa8, 0x00, 0x40, 0x00, 0x00, 0x00, 0x20, 0x00, 0x20, 0x00,
    0x00, 0x00, 0x00, 0x00, 0x00, 0x00, 0x00, 0x00, 0x00, 0x00, 0x00, 0x00, 0x00, 0x00, 0x00, 0x00,
    0x00, 0x00, 0x00, 0x00, 0x00, 0x00, 0x00, 0x00, 0x00, 0x00, 0x00, 0x00, 0x00, 0x00, 0x00, 0x00,
    0x00, 0x00, 0x00, 0x00, 0x00, 0x00, 0x00, 0x00, 0x00, 0x00, 0x00, 0x00, 0x00, 0x00, 0x00, 0x00,
    0x00, 0x00, 0x00, 0x00, 0x00, 0x00, 0x00, 0x00, 0x00, 0x00, 0x00, 0x00, 0x00, 0x00, 0x00, 0x00,
    0x00, 0x00, 0x00, 0x00, 0x00, 0x00, 0x00, 0x00, 0x00, 0x00, 0x00, 0x00, 0x00, 0x00, 0x00, 0x00,
    0x00, 0x00, 0xa2, 0x00, 0xe9, 0x00, 0x44, 0x00, 0x00, 0x00, 0x00, 0x00, 0x00, 0x00, 0x23, 0x00,
    0x67, 0x00, 0x6a, 0x00, 0x06, 0x00, 0xa2, 0x00, 0xe9, 0x00, 0x26, 0x00, 0x00, 0x00, 0x81, 0x00,
    0xe9, 0x00, 0xc2, 0x00, 0xa5, 0x00, 0x29, 0x00, 0x09, 0x00, 0xc2, 0x00, 0x00, 0x00, 0x47, 0x00,
    0x40, 0x00, 0x00, 0x00, 0x00, 0x00, 0x00, 0x00, 0x00, 0x00, 0x00, 0x00, 0x00, 0x00, 0x00, 0x00,
    0x00, 0x00, 0x00, 0x00, 0x00, 0x00, 0x00, 0x00, 0x00, 0x00, 0x00, 0x00, 0x00, 0x00, 0x00, 0x00,
    0x00, 0x00, 0x00, 0x00, 0x00, 0x00, 0x00, 0x00, 0x00, 0x00, 0x00, 0x00, 0x00, 0x00, 0x00, 0x00,
    0x00, 0x00, 0x00, 0x00, 0x00, 0x00, 0x00, 0x00, 0x00, 0x00, 0x00, 0x00, 0x00, 0x00, 0x00, 0x00,
    0x00, 0x00, 0x00, 0x00, 0x00, 0x00, 0x00, 0x00, 0x00, 0x00, 0x00, 0x00, 0x00, 0x00, 0x00, 0x00,
    0x00, 0x00, 0x00, 0x00, 0x85, 0x00, 0x4b, 0x00, 0xa8, 0x00, 0xc5, 0x00, 0x84, 0x00, 0x43, 0x00,
    0x64, 0x00, 0x06, 0x00, 0x0a, 0x00, 0x88, 0x00, 0xa5, 0x00, 0xcb, 0x00, 0x27, 0x00, 0x00, 0x00,
    0xa8, 0x00, 0x6a, 0x00, 0x44, 0x00, 0x84, 0x00, 0xa7, 0x00, 0x8a, 0x00, 0x64, 0x00, 0x47, 0x00,
    0x87, 0x00, 0x00, 0x00, 0x20, 0x00, 0x00, 0x00, 0x00, 0x00, 0x00, 0x00, 0x00, 0x00, 0x00, 0x00,
    0x00, 0x00, 0x00, 0x00, 0x00, 0x00, 0x00, 0x00, 0x00, 0x00, 0x00, 0x00, 0x00, 0x00, 0x00, 0x00,
    0x00, 0x00, 0x00, 0x00, 0x00, 0x00, 0x00, 0x00, 0x00, 0x00, 0x00, 0x00, 0x00, 0x00, 0x00, 0x00,
    0x00, 0x00, 0x00, 0x00, 0x00, 0x00, 0x00, 0x00, 0x00, 0x00, 0x00, 0x00, 0x00, 0x00, 0x00, 0x00,
    0x00, 0x00, 0x00, 0x00, 0x00, 0x00, 0x00, 0x00, 0x00, 0x00, 0x00, 0x00, 0x00, 0x00, 0x00, 0x00,
    0x00, 0x00, 0x00, 0x00, 0x00, 0x00, 0x24, 0x00, 0x88, 0x00, 0x2a, 0x00, 0x2a, 0x00, 0x47, 0x00,
    0x64, 0x00, 0x84, 0x00, 0xc5, 0x00, 0x27, 0x00, 0x84, 0x00, 0x67, 0x00, 0x4d, 0x00, 0x4a, 0x00,
    0xe5, 0x00, 0xe9, 0x00, 0x0c, 0x00, 0x29, 0x00, 0xa5, 0x00, 0x46, 0x00, 0x8a, 0x00, 0x46, 0x00,
    0xab, 0x00, 0xc2, 0x00, 0x64, 0x00, 0x00, 0x00, 0x00, 0x00, 0x00, 0x00, 0x00, 0x00, 0x00, 0x00,
    0x00, 0x00, 0x00, 0x00, 0x00, 0x00, 0x00, 0x00, 0x00, 0x00, 0x00, 0x00, 0x00, 0x00, 0x00, 0x00,
    0x00, 0x00, 0x00, 0x00, 0x00, 0x00, 0x00, 0x00, 0x00, 0x00, 0x00, 0x00, 0x00, 0x00, 0x00, 0x00,
    0x00, 0x00, 0x00, 0x00, 0x00, 0x00, 0x00, 0x00, 0x00, 0x00, 0x00, 0x00, 0x00, 0x00, 0x00, 0x00,
    0x00, 0x00, 0x00, 0x00, 0x00, 0x00, 0x00, 0x00, 0x00, 0x00, 0x00, 0x00, 0x00, 0x00, 0x00, 0x00,
    0x00, 0x00, 0x00, 0x00, 0x00, 0x00, 0x00, 0x00, 0x40, 0x00, 0xc2, 0x00, 0xc2, 0x00, 0xa2, 0x00,
    0x40, 0x00, 0x61, 0x00, 0xc2, 0x00, 0x03, 0x00, 0x44, 0x00, 0x84, 0x00, 0xa7, 0x00, 0xcb, 0x00,
    0x4d, 0x00, 0x8a, 0x00, 0xc8, 0x00, 0x4c, 0x00, 0x8d, 0x00, 0x67, 0x00, 0xc5, 0x00, 0x46, 0x00,
    0xcb, 0x00, 0x47, 0x00, 0x29, 0x00, 0x20, 0x00, 0x00, 0x00, 0x00, 0x00, 0x00, 0x00, 0x00, 0x00,
    0x00, 0x00, 0x00, 0x00, 0x00, 0x00, 0x00, 0x00, 0x00, 0x00, 0x00, 0x00, 0x00, 0x00, 0x00, 0x00,
    0x00, 0x00, 0x00, 0x00, 0x00, 0x00, 0x00, 0x00, 0x00, 0x00, 0x00, 0x00, 0x00, 0x00, 0x00, 0x00,
    0x00, 0x00, 0x00, 0x00, 0x00, 0x00, 0x00, 0x00, 0x00, 0x00, 0x00, 0x00, 0x00, 0x00, 0x00, 0x00,
    0x00, 0x00, 0x00, 0x00, 0x00, 0x00, 0x00, 0x00, 0x00, 0x00, 0x00, 0x00, 0x00, 0x00, 0x00, 0x00,
    0x00, 0x00, 0x00, 0x00, 0x00, 0x00, 0x00, 0x00, 0x00, 0x00, 0x00, 0x00, 0x00, 0x00, 0x00, 0x00,
    0x00, 0x00, 0x00, 0x00, 0x61, 0x00, 0x26, 0x00, 0x46, 0x00, 0xe5, 0x00, 0x64, 0x00, 0x87, 0x00,
    0x2c, 0x00, 0x0f, 0x00, 0x4d, 0x00, 0x09, 0x00, 0x2c, 0x00, 0x2f, 0x00, 0x29, 0x00, 0xa4, 0x00,
    0xcb, 0x00, 0x0c, 0x00, 0x2d, 0x00, 0x20, 0x00, 0x00, 0x00, 0x00, 0x00, 0x00, 0x00, 0x00, 0x00,
    0x00, 0x00, 0x00, 0x00, 0x00, 0x00, 0x00, 0x00, 0x00, 0x00, 0x00, 0x00, 0x00, 0x00, 0x00, 0x00,
    0x00, 0x00, 0x00, 0x00, 0x00, 0x00, 0x00, 0x00, 0x00, 0x00, 0x00, 0x00, 0x00, 0x00, 0x00, 0x00,
    0x00, 0x00, 0x00, 0x00, 0x00, 0x00, 0x00, 0x00, 0x00, 0x00, 0x00, 0x00, 0x00, 0x00, 0x00, 0x00,
    0x00, 0x00, 0x00, 0x00, 0x00, 0x00, 0x00, 0x00, 0x00, 0x00, 0x00, 0x00, 0x00, 0x00, 0x00, 0x00,
    0x00, 0x00, 0x00, 0x00, 0x00, 0x00, 0x00, 0x00, 0x00, 0x00, 0x61, 0x00, 0x23, 0x00, 0xc2, 0x00,
    0x61, 0x00, 0x20, 0x00, 0x61, 0x00, 0xa5, 0x00, 0xa7, 0x00, 0x46, 0x00, 0xc5, 0x00, 0x84, 0x00,
    0x26, 0x00, 0x4a, 0x00, 0x6d, 0x00, 0xef, 0x00, 0x2f, 0x00, 0x0f, 0x00, 0x8e, 0x00, 0x29, 0x00,
    0xe8, 0x00, 0x4c, 0x00, 0x4d, 0x00, 0xc5, 0x00, 0x20, 0x00, 0x00, 0x00, 0x00, 0x00, 0x00, 0x00,
    0x00, 0x00, 0x00, 0x00, 0x00, 0x00, 0x00, 0x00, 0x00, 0x00, 0x00, 0x00, 0x00, 0x00, 0x00, 0x00,
    0x00, 0x00, 0x00, 0x00, 0x00, 0x00, 0x00, 0x00, 0x00, 0x00, 0x00, 0x00, 0x00, 0x00, 0x00, 0x00,
    0x00, 0x00, 0x00, 0x00, 0x00, 0x00, 0x00, 0x00, 0x00, 0x00, 0x00, 0x00, 0x00, 0x00, 0x00, 0x00,
    0x00, 0x00, 0x00, 0x00, 0x00, 0x00, 0x00, 0x00, 0x00, 0x00, 0x00, 0x00, 0x00, 0x00, 0x00, 0x00,
    0x00, 0x00, 0x00, 0x00, 0x00, 0x00, 0x00, 0x00, 0x00, 0x00, 0x81, 0x00, 0x09, 0x00, 0xec, 0x00,
    0x2d, 0x00, 0x8d, 0x00, 0xcf, 0x00, 0xef, 0x00, 0xce, 0x00, 0xeb, 0x00, 0xab, 0x00, 0xab, 0x00,
    0x0c, 0x00, 0x2c, 0x00, 0x29, 0x00, 0x46, 0x00, 0xc8, 0x00, 0xce, 0x00, 0x2f, 0x00, 0x91, 0x00,
    0x50, 0x00, 0x4d, 0x00, 0xcc, 0x00, 0xa8, 0x00, 0x00, 0x00, 0x00, 0x00, 0x00, 0x00, 0x00, 0x00,
    0x00, 0x00, 0x00, 0x00, 0x00, 0x00, 0x00, 0x00, 0x00, 0x00, 0x00, 0x00, 0x00, 0x00, 0x00, 0x00,
    0x00, 0x00, 0x00, 0x00, 0x00, 0x00, 0x00, 0x00, 0x00, 0x00, 0x00, 0x00, 0x00, 0x00, 0x00, 0x00,
    0x00, 0x00, 0x00, 0x00, 0x00, 0x00, 0x00, 0x00, 0x00, 0x00, 0x00, 0x00, 0x00, 0x00, 0x00, 0x00,
    0x00, 0x00, 0x00, 0x00, 0x00, 0x00, 0x00, 0x00, 0x00, 0x00, 0x00, 0x00, 0x00, 0x00, 0x00, 0x00,
    0x00, 0x00, 0x00, 0x00, 0x00, 0x00, 0x00, 0x00, 0x00, 0x00, 0x00, 0x00, 0x20, 0x00, 0xa5, 0x00,
    0x09, 0x00, 0xeb, 0x00, 0x6d, 0x00, 0xce, 0x00, 0xae, 0x00, 0x0c, 0x00, 0xce, 0x00, 0x2f, 0x00,
    0x2f, 0x00, 0x4d, 0x00, 0xa5, 0x00, 0xa1, 0x00, 0xe5, 0x00, 0x64, 0x00, 0x0c, 0x00, 0xef, 0x00,
    0xb1, 0x00, 0xf2, 0x00, 0xcf, 0x00, 0xab, 0x00, 0xa5, 0x00, 0x20, 0x00, 0x00, 0x00, 0x00, 0x00,
    0x00, 0x00, 0x00, 0x00, 0x00, 0x00, 0x00, 0x00, 0x00, 0x00, 0x00, 0x00, 0x00, 0x00, 0x00, 0x00,
    0x00, 0x00, 0x00, 0x00, 0x00, 0x00, 0x00, 0x00, 0x00, 0x00, 0x00, 0x00, 0x00, 0x00, 0x00, 0x00,
    0x00, 0x00, 0x00, 0x00, 0x00, 0x00, 0x00, 0x00, 0x00, 0x00, 0x00, 0x00, 0x00, 0x00, 0x00, 0x00,
    0x00, 0x00, 0x00, 0x00, 0x00, 0x00, 0x00, 0x00, 0x00, 0x00, 0x00, 0x00, 0x00, 0x00, 0x00, 0x00,
    0x00, 0x00, 0x00, 0x00, 0x00, 0x00, 0x00, 0x00, 0x00, 0x00, 0x00, 0x00, 0x00, 0x00, 0x00, 0x00,
    0x40, 0x00, 0x03, 0x00, 0xa5, 0x00, 0x67, 0x00, 0x29, 0x00, 0xa7, 0x00, 0x29, 0x00, 0xaa, 0x00,
    0xcb, 0x00, 0x4a, 0x00, 0xc5, 0x00, 0x43, 0x00, 0xa7, 0x00, 0xe2, 0x00, 0xe6, 0x00, 0x2c, 0x00,
    0x0f, 0x00, 0x50, 0x00, 0xd2, 0x00, 0xf2, 0x00, 0x13, 0x00, 0xaf, 0x00, 0x03, 0x00, 0x00, 0x00,
    0x00, 0x00, 0x00, 0x00, 0x00, 0x00, 0x00, 0x00, 0x00, 0x00, 0x00, 0x00, 0x00, 0x00, 0x00, 0x00,
    0x00, 0x00, 0x00, 0x00, 0x00, 0x00, 0x00, 0x00, 0x00, 0x00, 0x00, 0x00, 0x00, 0x00, 0x00, 0x00,
    0x00, 0x00, 0x00, 0x00, 0x00, 0x00, 0x00, 0x00, 0x00, 0x00, 0x00, 0x00, 0x00, 0x00, 0x00, 0x00,
    0x00, 0x00, 0x00, 0x00, 0x00, 0x00, 0x00, 0x00, 0x00, 0x00, 0x00, 0x00, 0x00, 0x00, 0x00, 0x00,
    0x00, 0x00, 0x00, 0x00, 0x00, 0x00, 0x00, 0x00, 0x00, 0x00, 0x00, 0x00, 0xc2, 0x00, 0x06, 0x00,
    0x67, 0x00, 0x26, 0x00, 0xe5, 0x00, 0x64, 0x00, 0x84, 0x00, 0x87, 0x00, 0xab, 0x00, 0xeb, 0x00,
    0x6a, 0x00, 0xc8, 0x00, 0x26, 0x00, 0x6a, 0x00, 0x87, 0x00, 0x67, 0x00, 0xc5, 0x00, 0x87, 0x00,
    0xcb, 0x00, 0xce, 0x00, 0xec, 0x00, 0x09, 0x00, 0x13, 0x00, 0x94, 0x00, 0x4d, 0x00, 0x00, 0x00,
    0x00, 0x00, 0x00, 0x00, 0x00, 0x00, 0x00, 0x00, 0x00, 0x00, 0x00, 0x00, 0x00, 0x00, 0x00, 0x00,
    0x00, 0x00, 0x00, 0x00, 0x00, 0x00, 0x00, 0x00, 0x00, 0x00, 0x00, 0x00, 0x00, 0x00, 0x00, 0x00,
    0x00, 0x00, 0x00, 0x00, 0x00, 0x00, 0x00, 0x00, 0x00, 0x00, 0x00, 0x00, 0x00, 0x00, 0x00, 0x00,
    0x00, 0x00, 0x00, 0x00, 0x00, 0x00, 0x00, 0x00, 0x00, 0x00, 0x00, 0x00, 0x00, 0x00, 0x00, 0x00,
    0x00, 0x00, 0x00, 0x00, 0x00, 0x00, 0x00, 0x00, 0x00, 0x00, 0x64, 0x00, 0xe9, 0x00, 0x4a, 0x00,
    0xc8, 0x00, 0x87, 0x00, 0xc8, 0x00, 0x6a, 0x00, 0x0c, 0x00, 0x2c, 0x00, 0x2c, 0x00, 0xce, 0x00,
    0x2f, 0x00, 0x0f, 0x00, 0x0c, 0x00, 0xab, 0x00, 0x6a, 0x00, 0x8a, 0x00, 0xcb, 0x00, 0x2c, 0x00,
    0xae, 0x00, 0xb1, 0x00, 0x54, 0x00, 0x91, 0x00, 0x94, 0x00, 0x94, 0x00, 0xec, 0x00, 0x00, 0x00,
    0x00, 0x00, 0x00, 0x00, 0x00, 0x00, 0x00, 0x00, 0x00, 0x00, 0x00, 0x00, 0x00, 0x00, 0x00, 0x00,
    0x00, 0x00, 0x00, 0x00, 0x00, 0x00, 0x00, 0x00, 0x00, 0x00, 0x00, 0x00, 0x00, 0x00, 0x00, 0x00,
    0x00, 0x00, 0x00, 0x00, 0x00, 0x00, 0x00, 0x00, 0x00, 0x00, 0x00, 0x00, 0x00, 0x00, 0x00, 0x00,
    0x00, 0x00, 0x00, 0x00, 0x00, 0x00, 0x00, 0x00, 0x00, 0x00, 0x00, 0x00, 0x00, 0x00, 0x00, 0x00,
    0x00, 0x00, 0x00, 0x00, 0x00, 0x00, 0x00, 0x00, 0x00, 0x00, 0x41, 0x00, 0x40, 0x00, 0x61, 0x00,
    0x03, 0x00, 0x06, 0x00, 0x09, 0x00, 0xeb, 0x00, 0xab, 0x00, 0x29, 0x00, 0x2c, 0x00, 0xee, 0x00,
    0x70, 0x00, 0xf2, 0x00, 0xd5, 0x00, 0x94, 0x00, 0x70, 0x00, 0xb1, 0x00, 0xd1, 0x00, 0xd2, 0x00,
    0x50, 0x00, 0x50, 0x00, 0x90, 0x00, 0x91, 0x00, 0x70, 0x00, 0xce, 0x00, 0x43, 0x00, 0x00, 0x00,
    0x00, 0x00, 0x00, 0x00, 0x00, 0x00, 0x00, 0x00, 0x00, 0x00, 0x00, 0x00, 0x00, 0x00, 0x00, 0x00,
    0x00, 0x00, 0x00, 0x00, 0x00, 0x00, 0x00, 0x00, 0x00, 0x00, 0x00, 0x00, 0x00, 0x00, 0x00, 0x00,
    0x00, 0x00, 0x00, 0x00, 0x00, 0x00, 0x00, 0x00, 0x00, 0x00, 0x00, 0x00, 0x00, 0x00, 0x00, 0x00,
    0x00, 0x00, 0x00, 0x00, 0x00, 0x00, 0x00, 0x00, 0x00, 0x00, 0x00, 0x00, 0x00, 0x00, 0x00, 0x00,
    0x00, 0x00, 0x00, 0x00, 0x00, 0x00, 0x00, 0x00, 0x00, 0x00, 0x00, 0x00, 0x00, 0x00, 0xc5, 0x00,
    0x29, 0x00, 0x29, 0x00, 0x06, 0x00, 0x43, 0x00, 0xe5, 0x00, 0xc8, 0x00, 0x4a, 0x00, 0xeb, 0x00,
    0xee, 0x00, 0x50, 0x00, 0xee, 0x00, 0x70, 0x00, 0x33, 0x00, 0x33, 0x00, 0x90, 0x00, 0x8d, 0x00,
    0x2c, 0x00, 0x87, 0x00, 0xa5, 0x00, 0xa5, 0x00, 0x26, 0x00, 0x02, 0x00, 0x00, 0x00, 0x00, 0x00,
    0x00, 0x00, 0x00, 0x00, 0x00, 0x00, 0x00, 0x00, 0x00, 0x00, 0x00, 0x00, 0x00, 0x00, 0x00, 0x00,
    0x00, 0x00, 0x00, 0x00, 0x00, 0x00, 0x00, 0x00, 0x00, 0x00, 0x00, 0x00, 0x00, 0x00, 0x00, 0x00,
    0x00, 0x00, 0x00, 0x00, 0x00, 0x00, 0x00, 0x00, 0x00, 0x00, 0x00, 0x00, 0x00, 0x00, 0x00, 0x00,
    0x00, 0x00, 0x00, 0x00, 0x00, 0x00, 0x00, 0x00, 0x00, 0x00, 0x00, 0x00, 0x00, 0x00, 0x00, 0x00,
    0x00, 0x00, 0x00, 0x00, 0x00, 0x00, 0x00, 0x00, 0x00, 0x00, 0x00, 0x00, 0xa5, 0x00, 0xab, 0x00,
    0xcb, 0x00, 0x09, 0x00, 0x06, 0x00, 0x88, 0x00, 0xc8, 0x00, 0x09, 0x00, 0x29, 0x00, 0x6a, 0x00,
    0x0c, 0x00, 0x8d, 0x00, 0x2c, 0x00, 0x49, 0x00, 0xe8, 0x00, 0x6a, 0x00, 0xc8, 0x00, 0x06, 0x00,
    0x84, 0x00, 0x84, 0x00, 0xc5, 0x00, 0x20, 0x00, 0x00, 0x00, 0x00, 0x00, 0x00, 0x00, 0x00, 0x00,
    0x00, 0x00, 0x00, 0x00, 0x00, 0x00, 0x00, 0x00, 0x00, 0x00, 0x00, 0x00, 0x00, 0x00, 0x00, 0x00,
    0x00, 0x00, 0x00, 0x00, 0x00, 0x00, 0x00, 0x00, 0x00, 0x00, 0x00, 0x00, 0x00, 0x00, 0x00, 0x00,
    0x00, 0x00, 0x00, 0x00, 0x00, 0x00, 0x00, 0x00, 0x00, 0x00, 0x00, 0x00, 0x00, 0x00, 0x00, 0x00,
    0x00, 0x00, 0x00, 0x00, 0x00, 0x00, 0x00, 0x00, 0x00, 0x00, 0x00, 0x00, 0x00, 0x00, 0x00, 0x00,
    0x00, 0x00, 0x00, 0x00, 0x00, 0x00, 0x00, 0x00, 0x00, 0x00, 0x03, 0x00, 0x6a, 0x00, 0x4a, 0x00,
    0x67, 0x00, 0xa5, 0x00, 0xa8, 0x00, 0xc8, 0x00, 0x67, 0x00, 0x47, 0x00, 0x47, 0x00, 0x87, 0x00,
    0xa8, 0x00, 0xe9, 0x00, 0xeb, 0x00, 0xee, 0x00, 0x4f, 0x00, 0x2f, 0x00, 0x8a, 0x00, 0x26, 0x00,
    0xc5, 0x00, 0xc6, 0x00, 0x87, 0x00, 0xa8, 0x00, 0x49, 0x00, 0x61, 0x00, 0x00, 0x00, 0x00, 0x00,
    0x00, 0x00, 0x00, 0x00, 0x00, 0x00, 0x00, 0x00, 0x00, 0x00, 0x00, 0x00, 0x00, 0x00, 0x00, 0x00,
    0x00, 0x00, 0x00, 0x00, 0x00, 0x00, 0x00, 0x00, 0x00, 0x00, 0x00, 0x00, 0x00, 0x00, 0x00, 0x00,
    0x00, 0x00, 0x00, 0x00, 0x00, 0x00, 0x00, 0x00, 0x00, 0x00, 0x00, 0x00, 0x00, 0x00, 0x00, 0x00,
    0x00, 0x00, 0x00, 0x00, 0x00, 0x00, 0x00, 0x00, 0x00, 0x00, 0x00, 0x00, 0x00, 0x00, 0x00, 0x00,
    0x00, 0x00, 0x00, 0x00, 0x00, 0x00, 0x00, 0x00, 0x00, 0x00, 0xc5, 0x00, 0x06, 0x00, 0x23, 0x00,
    0xa5, 0x00, 0x85, 0x00, 0x64, 0x00, 0x23, 0x00, 0x03, 0x00, 0x64, 0x00, 0x85, 0x00, 0xc5, 0x00,
    0x47, 0x00, 0xe8, 0x00, 0x29, 0x00, 0xeb, 0x00, 0x0e, 0x00, 0x8f, 0x00, 0x11, 0x00, 0x32, 0x00,
    0xd1, 0x00, 0xce, 0x00, 0x2c, 0x00, 0xce, 0x00, 0xee, 0x00, 0x41, 0x00, 0x00, 0x00, 0x00, 0x00,
    0x00, 0x00, 0x00, 0x00, 0x00, 0x00, 0x00, 0x00, 0x00, 0x00, 0x00, 0x00, 0x00, 0x00, 0x00, 0x00,
    0x00, 0x00, 0x00, 0x00, 0x00, 0x00, 0x00, 0x00, 0x00, 0x00, 0x00, 0x00, 0x00, 0x00, 0x00, 0x00,
    0x00, 0x00, 0x00, 0x00, 0x00, 0x00, 0x00, 0x00, 0x00, 0x00, 0x00, 0x00, 0x00, 0x00, 0x00, 0x00,
    0x00, 0x00, 0x00, 0x00, 0x00, 0x00, 0x00, 0x00, 0x00, 0x00, 0x00, 0x00, 0x00, 0x00, 0x00, 0x00,
    0x00, 0x00, 0x00, 0x00, 0x00, 0x00, 0x00, 0x00, 0x00, 0x00, 0x20, 0x00, 0x00, 0x00, 0x82, 0x00,
    0xc8, 0x00, 0x06, 0x00, 0x44, 0x00, 0x85, 0x00, 0xa5, 0x00, 0x67, 0x00, 0xe6, 0x00, 0x47, 0x00,
    0xc8, 0x00, 0x87, 0x00, 0x67, 0x00, 0x08, 0x00, 0x49, 0x00, 0x69, 0x00, 0xca, 0x00, 0x8c, 0x00,
    0x4f, 0x00, 0x8f, 0x00, 0xb0, 0x00, 0xcd, 0x00, 0x05, 0x00, 0x00, 0x00, 0x00, 0x00, 0x00, 0x00,
    0x00, 0x00, 0x00, 0x00, 0x00, 0x00, 0x00, 0x00, 0x00, 0x00, 0x00, 0x00, 0x00, 0x00, 0x00, 0x00,
    0x00, 0x00, 0x00, 0x00, 0x00, 0x00, 0x00, 0x00, 0x00, 0x00, 0x00, 0x00, 0x00, 0x00, 0x00, 0x00,
    0x00, 0x00, 0x00, 0x00, 0x00, 0x00, 0x00, 0x00, 0x00, 0x00, 0x00, 0x00, 0x00, 0x00, 0x00, 0x00,
    0x00, 0x00, 0x00, 0x00, 0x00, 0x00, 0x00, 0x00, 0x00, 0x00, 0x00, 0x00, 0x00, 0x00, 0x00, 0x00,
    0x00, 0x00, 0x00, 0x00, 0x00, 0x00, 0x00, 0x00, 0x00, 0x00, 0x00, 0x00, 0x00, 0x00, 0xa5, 0x00,
    0xe9, 0x00, 0x44, 0x00, 0xe6, 0x00, 0xc6, 0x00, 0x27, 0x00, 0x47, 0x00, 0x64, 0x00, 0x27, 0x00,
    0xe6, 0x00, 0x84, 0x00, 0x64, 0x00, 0xa5, 0x00, 0xe5, 0x00, 0x26, 0x00, 0xe8, 0x00, 0xc5, 0x00,
    0xe2, 0x00, 0x23, 0x00, 0x63, 0x00, 0xc2, 0x00, 0x00, 0x00, 0x00, 0x00, 0x00, 0x00, 0x00, 0x00,
    0x00, 0x00, 0x00, 0x00, 0x00, 0x00, 0x00, 0x00, 0x00, 0x00, 0x00, 0x00, 0x00, 0x00, 0x00, 0x00,
    0x00, 0x00, 0x00, 0x00, 0x00, 0x00, 0x00, 0x00, 0x00, 0x00, 0x00, 0x00, 0x00, 0x00, 0x00, 0x00,
    0x00, 0x00, 0x00, 0x00, 0x00, 0x00, 0x00, 0x00, 0x00, 0x00, 0x00, 0x00, 0x00, 0x00, 0x00, 0x00,
    0x00, 0x00, 0x00, 0x00, 0x00, 0x00, 0x00, 0x00, 0x00, 0x00, 0x00, 0x00, 0x00, 0x00, 0x00, 0x00,
    0x00, 0x00, 0x00, 0x00, 0x00, 0x00, 0x00, 0x00, 0x00, 0x00, 0x00, 0x00, 0x00, 0x00, 0x47, 0x00,
    0x27, 0x00, 0x24, 0x00, 0x67, 0x00, 0xc6, 0x00, 0xa5, 0x00, 0x84, 0x00, 0xe6, 0x00, 0xa5, 0x00,
    0x64, 0x00, 0xe5, 0x00, 0x26, 0x00, 0x46, 0x00, 0xa7, 0x00, 0x69, 0x00, 0xe5, 0x00, 0x00, 0x00,
    0x00, 0x00, 0x00, 0x00, 0x00, 0x00, 0x00, 0x00, 0x00, 0x00, 0x00, 0x00, 0x00, 0x00, 0x00, 0x00,
    0x00, 0x00, 0x00, 0x00, 0x00, 0x00, 0x00, 0x00, 0x00, 0x00, 0x00, 0x00, 0x00, 0x00, 0x00, 0x00,
    0x00, 0x00, 0x00, 0x00, 0x00, 0x00, 0x00, 0x00, 0x00, 0x00, 0x00, 0x00, 0x00, 0x00, 0x00, 0x00,
    0x00, 0x00, 0x00, 0x00, 0x00, 0x00, 0x00, 0x00, 0x00, 0x00, 0x00, 0x00, 0x00, 0x00, 0x00, 0x00,
    0x00, 0x00, 0x00, 0x00, 0x00, 0x00, 0x00, 0x00, 0x00, 0x00, 0x00, 0x00, 0x00, 0x00, 0x00, 0x00,
    0x00, 0x00, 0x00, 0x00, 0x00, 0x00, 0x00, 0x00, 0x00, 0x00, 0x00, 0x00, 0x00, 0x00, 0x06, 0x00,
    0xc2, 0x00, 0xc5, 0x00, 0xc9, 0x00, 0xe6, 0x00, 0x85, 0x00, 0xa5, 0x00, 0x06, 0x00, 0x06, 0x00,
    0xe5, 0x00, 0x26, 0x00, 0x67, 0x00, 0xc8, 0x00, 0x29, 0x00, 0xaa, 0x00, 0xa1, 0x00, 0x00, 0x00,
    0x00, 0x00, 0x00, 0x00, 0x00, 0x00, 0x00, 0x00, 0x00, 0x00, 0x00, 0x00, 0x00, 0x00, 0x00, 0x00,
    0x00, 0x00, 0x00, 0x00, 0x00, 0x00, 0x00, 0x00, 0x00, 0x00, 0x00, 0x00, 0x00, 0x00, 0x00, 0x00,
    0x00, 0x00, 0x00, 0x00, 0x00, 0x00, 0x00, 0x00, 0x00, 0x00, 0x00, 0x00, 0x00, 0x00, 0x00, 0x00,
    0x00, 0x00, 0x00, 0x00, 0x00, 0x00, 0x00, 0x00, 0x00, 0x00, 0x00, 0x00, 0x00, 0x00, 0x00, 0x00,
    0x00, 0x00, 0x00, 0x00, 0x00, 0x00, 0x00, 0x00, 0x00, 0x00, 0x00, 0x00, 0x00, 0x00, 0x00, 0x00,
    0x00, 0x00, 0x00, 0x00, 0x00, 0x00, 0x00, 0x00, 0x00, 0x00, 0x00, 0x00, 0x00, 0x00, 0x61, 0x00,
    0x00, 0x00, 0x06, 0x00, 0xa9, 0x00, 0x85, 0x00, 0xc5, 0x00, 0xa5, 0x00, 0x06, 0x00, 0x26, 0x00,
    0x47, 0x00, 0x26, 0x00, 0x69, 0x00, 0xaa, 0x00, 0x8a, 0x00, 0x0b, 0x00, 0x46, 0x00, 0x00, 0x00,
    0x00, 0x00, 0x00, 0x00, 0x00, 0x00, 0x00, 0x00, 0x00, 0x00, 0x00, 0x00, 0x00, 0x00, 0x00, 0x00,
    0x00, 0x00, 0x00, 0x00, 0x00, 0x00, 0x00, 0x00, 0x00, 0x00, 0x00, 0x00, 0x00, 0x00, 0x00, 0x00,
    0x00, 0x00, 0x00, 0x00, 0x00, 0x00, 0x00, 0x00, 0x00, 0x00, 0x00, 0x00, 0x00, 0x00, 0x00, 0x00,
    0x00, 0x00, 0x00, 0x00, 0x00, 0x00, 0x00, 0x00, 0x00, 0x00, 0x00, 0x00, 0x00, 0x00, 0x00, 0x00,
    0x00, 0x00, 0x00, 0x00, 0x00, 0x00, 0x00, 0x00, 0x00, 0x00, 0x00, 0x00, 0x00, 0x00, 0x00, 0x00,
    0x00, 0x00, 0x00, 0x00, 0x00, 0x00, 0x00, 0x00, 0x00, 0x00, 0x00, 0x00, 0x00, 0x00, 0x00, 0x00,
    0x00, 0x00, 0x84, 0x00, 0x88, 0x00, 0xc2, 0x00, 0x67, 0x00, 0xc5, 0x00, 0x47, 0x00, 0x26, 0x00,
    0x67, 0x00, 0x67, 0x00, 0x29, 0x00, 0x6c, 0x00, 0x4e, 0x00, 0x6f, 0x00, 0x6f, 0x00, 0x64, 0x00,
    0x00, 0x00, 0x00, 0x00, 0x00, 0x00, 0x00, 0x00, 0x00, 0x00, 0x00, 0x00, 0x00, 0x00, 0x00, 0x00,
    0x00, 0x00, 0x00, 0x00, 0x00, 0x00, 0x00, 0x00, 0x00, 0x00, 0x00, 0x00, 0x00, 0x00, 0x20, 0x00,
    0x00, 0x00, 0x00, 0x00, 0x00, 0x00, 0x00, 0x00, 0x00, 0x00, 0x00, 0x00, 0x00, 0x00, 0x00, 0x00,
    0x00, 0x00, 0x00, 0x00, 0x00, 0x00, 0x00, 0x00, 0x00, 0x00, 0x00, 0x00, 0x00, 0x00, 0x00, 0x00,
    0x00, 0x00, 0x00, 0x00, 0x00, 0x00, 0x00, 0x00, 0x00, 0x00, 0x00, 0x00, 0x00, 0x00, 0x00, 0x00,
    0x00, 0x00, 0x00, 0x00, 0x00, 0x00, 0x00, 0x00, 0x00, 0x00, 0x00, 0x00, 0x00, 0x00, 0x00, 0x00,
    0x00, 0x00, 0x61, 0x00, 0xa5, 0x00, 0x20, 0x00, 0x47, 0x00, 0x64, 0x00, 0xc5, 0x00, 0x47, 0x00,
    0xe6, 0x00, 0x87, 0x00, 0xc8, 0x00, 0x69, 0x00, 0x2c, 0x00, 0x6c, 0x00, 0xcd, 0x00, 0xcd, 0x00,
    0xa8, 0x00, 0x00, 0x00, 0x00, 0x00, 0x00, 0x00, 0x00, 0x00, 0x00, 0x00, 0x00, 0x00, 0x00, 0x00,
    0x00, 0x00, 0x00, 0x00, 0x00, 0x00, 0x00, 0x00, 0x00, 0x00, 0x00, 0x00, 0x84, 0x00, 0x23, 0x00,
    0x00, 0x00, 0x00, 0x00, 0x00, 0x00, 0x00, 0x00, 0x00, 0x00, 0x00, 0x00, 0x00, 0x00, 0x00, 0x00,
    0x00, 0x00, 0x00, 0x00, 0x00, 0x00, 0x00, 0x00, 0x00, 0x00, 0x00, 0x00, 0x00, 0x00, 0x00, 0x00,
    0x00, 0x00, 0x00, 0x00, 0x00, 0x00, 0x00, 0x00, 0x00, 0x00, 0x00, 0x00, 0x00, 0x00, 0x00, 0x00,
    0x00, 0x00, 0x00, 0x00, 0x00, 0x00, 0x00, 0x00, 0x00, 0x00, 0x00, 0x00, 0x00, 0x00, 0x00, 0x00,
    0x00, 0x00, 0x00, 0x00, 0x00, 0x00, 0x00, 0x00, 0xe2, 0x00, 0xe3, 0x00, 0x03, 0x00, 0xc5, 0x00,
    0x06, 0x00, 0x67, 0x00, 0xab, 0x00, 0x8a, 0x00, 0xed, 0x00, 0x6f, 0x00, 0xb0, 0x00, 0xb0, 0x00,
    0x32, 0x00, 0xeb, 0x00, 0x41, 0x00, 0x00, 0x00, 0x00, 0x00, 0x00, 0x00, 0x00, 0x00, 0x00, 0x00,
    0x00, 0x00, 0x00, 0x00, 0x00, 0x00, 0x00, 0x00, 0x40, 0x00, 0x67, 0x00, 0x6a, 0x00, 0x61, 0x00,
    0x00, 0x00, 0x00, 0x00, 0x00, 0x00, 0x00, 0x00, 0x00, 0x00, 0x00, 0x00, 0x00, 0x00, 0x00, 0x00,
    0x00, 0x00, 0x00, 0x00, 0x00, 0x00, 0x00, 0x00, 0x00, 0x00, 0x00, 0x00, 0x00, 0x00, 0x00, 0x00,
    0x00, 0x00, 0x00, 0x00, 0x00, 0x00, 0x00, 0x00, 0x00, 0x00, 0x00, 0x00, 0x00, 0x00, 0x00, 0x00,
    0x23, 0x00, 0xa8, 0x00, 0x09, 0x00, 0xc8, 0x00, 0xc5, 0x00, 0x81, 0x00, 0x84, 0x00, 0xa5, 0x00,
    0x41, 0x00, 0x00, 0x00, 0x00, 0x00, 0x00, 0x00, 0x00, 0x00, 0x00, 0x00, 0x81, 0x00, 0xa5, 0x00,
    0x64, 0x00, 0x06, 0x00, 0xab, 0x00, 0xae, 0x00, 0x8a, 0x00, 0x4c, 0x00, 0xad, 0x00, 0x2e, 0x00,
    0x4f, 0x00, 0x11, 0x00, 0xeb, 0x00, 0x81, 0x00, 0x00, 0x00, 0x00, 0x00, 0x00, 0x00, 0x00, 0x00,
    0x00, 0x00, 0x00, 0x00, 0x00, 0x00, 0x61, 0x00, 0x2a, 0x00, 0x2d, 0x00, 0xe5, 0x00, 0x00, 0x00,
    0x00, 0x00, 0x00, 0x00, 0x00, 0x00, 0x00, 0x00, 0x00, 0x00, 0x00, 0x00, 0x00, 0x00, 0x00, 0x00,
    0x00, 0x00, 0x00, 0x00, 0x00, 0x00, 0x00, 0x00, 0x00, 0x00, 0x00, 0x00, 0x00, 0x00, 0x00, 0x00,
    0x00, 0x00, 0x00, 0x00, 0x00, 0x00, 0x00, 0x00, 0x00, 0x00, 0x00, 0x00, 0x00, 0x00, 0x00, 0x00,
    0x44, 0x00, 0x6a, 0x00, 0x6d, 0x00, 0xef, 0x00, 0x50, 0x00, 0x4d, 0x00, 0x4a, 0x00, 0x0c, 0x00,
    0x2c, 0x00, 0xe6, 0x00, 0x00, 0x00, 0x00, 0x00, 0x00, 0x00, 0x00, 0x00, 0x00, 0x00, 0xc5, 0x00,
    0xe6, 0x00, 0xc5, 0x00, 0x29, 0x00, 0xee, 0x00, 0x4c, 0x00, 0xe8, 0x00, 0xeb, 0x00, 0x6c, 0x00,
    0x4c, 0x00, 0x2c, 0x00, 0x8d, 0x00, 0xcb, 0x00, 0x20, 0x00, 0x00, 0x00, 0x00, 0x00, 0x00, 0x00,
    0x00, 0x00, 0x00, 0x00, 0x00, 0x00, 0xa8, 0x00, 0x0c, 0x00, 0xa8, 0x00, 0x41, 0x00, 0x00, 0x00,
    0x00, 0x00, 0x00, 0x00, 0x00, 0x00, 0x00, 0x00, 0x00, 0x00, 0x00, 0x00, 0x00, 0x00, 0x00, 0x00,
    0x00, 0x00, 0x00, 0x00, 0x00, 0x00, 0x00, 0x00, 0x00, 0x00, 0x00, 0x00, 0x00, 0x00, 0x00, 0x00,
    0x00, 0x00, 0x00, 0x00, 0x00, 0x00, 0x00, 0x00, 0x00, 0x00, 0x00, 0x00, 0x61, 0x00, 0x84, 0x00,
    0x06, 0x00, 0x46, 0x00, 0xa7, 0x00, 0x6a, 0x00, 0xaa, 0x00, 0x09, 0x00, 0x67, 0x00, 0x05, 0x00,
    0xe8, 0x00, 0x0c, 0x00, 0xa8, 0x00, 0x61, 0x00, 0x81, 0x00, 0x00, 0x00, 0x20, 0x00, 0x84, 0x00,
    0xe6, 0x00, 0x47, 0x00, 0xe8, 0x00, 0xeb, 0x00, 0x0f, 0x00, 0x6d, 0x00, 0xcd, 0x00, 0x6f, 0x00,
    0x4f, 0x00, 0x6f, 0x00, 0x4f, 0x00, 0x4f, 0x00, 0x67, 0x00, 0x00, 0x00, 0x00, 0x00, 0x00, 0x00,
    0x00, 0x00, 0x00, 0x00, 0xe2, 0x00, 0xab, 0x00, 0xc8, 0x00, 0x23, 0x00, 0x00, 0x00, 0x00, 0x00,
    0x00, 0x00, 0x00, 0x00, 0x00, 0x00, 0x00, 0x00, 0x00, 0x00, 0x00, 0x00, 0x00, 0x00, 0x00, 0x00,
    0x00, 0x00, 0x00, 0x00, 0x00, 0x00, 0x00, 0x00, 0x00, 0x00, 0x00, 0x00, 0x00, 0x00, 0x00, 0x00,
    0x00, 0x00, 0x00, 0x00, 0x00, 0x00, 0x00, 0x00, 0x61, 0x00, 0x27, 0x00, 0x4a, 0x00, 0x4a, 0x00,
    0x09, 0x00, 0x87, 0x00, 0x87, 0x00, 0x09, 0x00, 0x8a, 0x00, 0xeb, 0x00, 0xeb, 0x00, 0x29, 0x00,
    0x26, 0x00, 0x26, 0x00, 0xe8, 0x00, 0x47, 0x00, 0x26, 0x00, 0x41, 0x00, 0x41, 0x00, 0x40, 0x00,
    0xc5, 0x00, 0x26, 0x00, 0xe8, 0x00, 0xcb, 0x00, 0xce, 0x00, 0x4d, 0x00, 0x69, 0x00, 0x4f, 0x00,
    0x8f, 0x00, 0x8f, 0x00, 0x8f, 0x00, 0xb0, 0x00, 0xee, 0x00, 0xe2, 0x00, 0x00, 0x00, 0x00, 0x00,
    0x00, 0x00, 0x00, 0x00, 0x84, 0x00, 0x4a, 0x00, 0x67, 0x00, 0x40, 0x00, 0x00, 0x00, 0x00, 0x00,
    0x00, 0x00, 0x00, 0x00, 0x00, 0x00, 0x00, 0x00, 0x00, 0x00, 0x00, 0x00, 0x00, 0x00, 0x00, 0x00,
    0x00, 0x00, 0x00, 0x00, 0x00, 0x00, 0x00, 0x00, 0x00, 0x00, 0x00, 0x00, 0x00, 0x00, 0x00, 0x00,
    0x00, 0x00, 0x00, 0x00, 0x00, 0x00, 0x23, 0x00, 0x2a, 0x00, 0xe9, 0x00, 0x06, 0x00, 0xc5, 0x00,
    0xa8, 0x00, 0xcb, 0x00, 0xae, 0x00, 0x0f, 0x00, 0xce, 0x00, 0xae, 0x00, 0x2f, 0x00, 0xef, 0x00,
    0x0f, 0x00, 0x6d, 0x00, 0xc8, 0x00, 0x06, 0x00, 0x67, 0x00, 0x84, 0x00, 0x23, 0x00, 0xc2, 0x00,
    0xc5, 0x00, 0x47, 0x00, 0x09, 0x00, 0xeb, 0x00, 0x0c, 0x00, 0x2c, 0x00, 0x87, 0x00, 0xea, 0x00,
    0xad, 0x00, 0x4e, 0x00, 0x6f, 0x00, 0x4f, 0x00, 0x8f, 0x00, 0x46, 0x00, 0x00, 0x00, 0x00, 0x00,
    0x00, 0x00, 0x00, 0x00, 0xa5, 0x00, 0x8b, 0x00, 0x47, 0x00, 0x00, 0x00, 0x00, 0x00, 0x00, 0x00,
    0x00, 0x00, 0x00, 0x00, 0x00, 0x00, 0x00, 0x00, 0x00, 0x00, 0x00, 0x00, 0x00, 0x00, 0x00, 0x00,
    0x00, 0x00, 0x00, 0x00, 0x00, 0x00, 0x00, 0x00, 0x00, 0x00, 0x00, 0x00, 0x00, 0x00, 0x00, 0x00,
    0x00, 0x00, 0x00, 0x00, 0x81, 0x00, 0xa5, 0x00, 0x23, 0x00, 0x64, 0x00, 0x46, 0x00, 0xcb, 0x00,
    0xce, 0x00, 0xce, 0x00, 0x6d, 0x00, 0x4d, 0x00, 0x6d, 0x00, 0xee, 0x00, 0x2f, 0x00, 0xce, 0x00,
    0xce, 0x00, 0xee, 0x00, 0xee, 0x00, 0xcb, 0x00, 0x06, 0x00, 0xc5, 0x00, 0x64, 0x00, 0x44, 0x00,
    0xa5, 0x00, 0x87, 0x00, 0xc8, 0x00, 0x0b, 0x00, 0x4c, 0x00, 0xae, 0x00, 0x2c, 0x00, 0xca, 0x00,
    0x8c, 0x00, 0xeb, 0x00, 0xed, 0x00, 0x6f, 0x00, 0xcd, 0x00, 0x49, 0x00, 0x20, 0x00, 0x00, 0x00,
    0x00, 0x00, 0x41, 0x00, 0x23, 0x00, 0x4a, 0x00, 0xa8, 0x00, 0x20, 0x00, 0x00, 0x00, 0x00, 0x00,
    0x00, 0x00, 0x00, 0x00, 0x00, 0x00, 0x00, 0x00, 0x00, 0x00, 0x00, 0x00, 0x00, 0x00, 0x00, 0x00,
    0x00, 0x00, 0x00, 0x00, 0x00, 0x00, 0x00, 0x00, 0x00, 0x00, 0x00, 0x00, 0x00, 0x00, 0x00, 0x00,
    0x00, 0x00, 0x00, 0x00, 0x00, 0x00, 0x20, 0x00, 0xc5, 0x00, 0xa8, 0x00, 0xcb, 0x00, 0xae, 0x00,
    0x2c, 0x00, 0x4d, 0x00, 0x6d, 0x00, 0x2c, 0x00, 0x4d, 0x00, 0x0c, 0x00, 0x8d, 0x00, 0xcb, 0x00,
    0x2c, 0x00, 0x8d, 0x00, 0x2c, 0x00, 0xcb, 0x00, 0x4a, 0x00, 0xc5, 0x00, 0xe3, 0x00, 0x43, 0x00,
    0x26, 0x00, 0xa8, 0x00, 0xaa, 0x00, 0xcb, 0x00, 0xce, 0x00, 0xcb, 0x00, 0x09, 0x00, 0xea, 0x00,
    0xaf, 0x00, 0x0e, 0x00, 0xea, 0x00, 0x8c, 0x00, 0x0b, 0x00, 0x4c, 0x00, 0xa2, 0x00, 0x00, 0x00,
    0x00, 0x00, 0x23, 0x00, 0x67, 0x00, 0x67, 0x00, 0xab, 0x00, 0xe2, 0x00, 0x03, 0x00, 0x00, 0x00,
    0x00, 0x00, 0x00, 0x00, 0x00, 0x00, 0x00, 0x00, 0x00, 0x00, 0x00, 0x00, 0x00, 0x00, 0x00, 0x00,
    0x00, 0x00, 0x00, 0x00, 0x00, 0x00, 0x00, 0x00, 0x00, 0x00, 0x00, 0x00, 0x00, 0x00, 0x00, 0x00,
    0x00, 0x00, 0x00, 0x00, 0xc2, 0x00, 0x09, 0x00, 0x09, 0x00, 0xcb, 0x00, 0xec, 0x00, 0x6d, 0x00,
    0x4d, 0x00, 0x6d, 0x00, 0x0c, 0x00, 0xcb, 0x00, 0x0c, 0x00, 0x6a, 0x00, 0xc8, 0x00, 0xe8, 0x00,
    0xaa, 0x00, 0x8a, 0x00, 0x2c, 0x00, 0xcb, 0x00, 0x4a, 0x00, 0xe8, 0x00, 0x26, 0x00, 0x26, 0x00,
    0xe8, 0x00, 0x29, 0x00, 0x0c, 0x00, 0x4c, 0x00, 0x0c, 0x00, 0xad, 0x00, 0x87, 0x00, 0x49, 0x00,
    0x6f, 0x00, 0x4e, 0x00, 0x6f, 0x00, 0x0b, 0x00, 0x0b, 0x00, 0xee, 0x00, 0xc2, 0x00, 0x00, 0x00,
    0x00, 0x00, 0x41, 0x00, 0x29, 0x00, 0x87, 0x00, 0x2a, 0x00, 0xa8, 0x00, 0x47, 0x00, 0x20, 0x00,
    0x00, 0x00, 0x00, 0x00, 0x00, 0x00, 0x00, 0x00, 0x00, 0x00, 0x00, 0x00, 0x00, 0x00, 0x00, 0x00,
    0x00, 0x00, 0x00, 0x00, 0x00, 0x00, 0x00, 0x00, 0x00, 0x00, 0x00, 0x00, 0x00, 0x00, 0x00, 0x00,
    0x00, 0x00, 0xa2, 0x00, 0x8b, 0x00, 0xe9, 0x00, 0x09, 0x00, 0x4a, 0x00, 0x4d, 0x00, 0x8d, 0x00,
    0xec, 0x00, 0x29, 0x00, 0x87, 0x00, 0xa8, 0x00, 0xc8, 0x00, 0xc8, 0x00, 0x87, 0x00, 0x87, 0x00,
    0x29, 0x00, 0xe8, 0x00, 0x6a, 0x00, 0xab, 0x00, 0x6a, 0x00, 0x09, 0x00, 0xa8, 0x00, 0x47, 0x00,
    0xaa, 0x00, 0x6a, 0x00, 0x6a, 0x00, 0xee, 0x00, 0x6d, 0x00, 0x2c, 0x00, 0x08, 0x00, 0x87, 0x00,
    0xcd, 0x00, 0x4e, 0x00, 0x4e, 0x00, 0x0e, 0x00, 0xcd, 0x00, 0x4c, 0x00, 0xa2, 0x00, 0x00, 0x00,
    0x00, 0x00, 0x00, 0x00, 0x85, 0x00, 0x6a, 0x00, 0xc8, 0x00, 0x2a, 0x00, 0xa8, 0x00, 0xe2, 0x00,
    0x00, 0x00, 0x00, 0x00, 0x00, 0x00, 0x00, 0x00, 0x00, 0x00, 0x00, 0x00, 0x00, 0x00, 0x00, 0x00,
    0x00, 0x00, 0x00, 0x00, 0x00, 0x00, 0x00, 0x00, 0x00, 0x00, 0x00, 0x00, 0x00, 0x00, 0x00, 0x00,
    0x41, 0x00, 0xc9, 0x00, 0x88, 0x00, 0xa8, 0x00, 0x2a, 0x00, 0xab, 0x00, 0x2d, 0x00, 0x6a, 0x00,
    0xe9, 0x00, 0x87, 0x00, 0x67, 0x00, 0x88, 0x00, 0xc8, 0x00, 0xc8, 0x00, 0xa8, 0x00, 0xe8, 0x00,
    0xe8, 0x00, 0xc8, 0x00, 0x09, 0x00, 0xe8, 0x00, 0xe9, 0x00, 0xa8, 0x00, 0xc5, 0x00, 0xc8, 0x00,
    0x6a, 0x00, 0x8a, 0x00, 0x29, 0x00, 0x4c, 0x00, 0xad, 0x00, 0x49, 0x00, 0x67, 0x00, 0xe8, 0x00,
    0xaa, 0x00, 0xed, 0x00, 0xed, 0x00, 0xac, 0x00, 0x8c, 0x00, 0x29, 0x00, 0x40, 0x00, 0x00, 0x00,
    0x00, 0x00, 0x00, 0x00, 0x00, 0x00, 0xe5, 0x00, 0x2a, 0x00, 0x09, 0x00, 0xc8, 0x00, 0x26, 0x00,
    0x00, 0x00, 0x00, 0x00, 0x00, 0x00, 0x00, 0x00, 0x00, 0x00, 0x00, 0x00, 0x00, 0x00, 0x00, 0x00,
    0x00, 0x00, 0x00, 0x00, 0x00, 0x00, 0x00, 0x00, 0x00, 0x00, 0x00, 0x00, 0x00, 0x00, 0x00, 0x00,
    0xa2, 0x00, 0x24, 0x00, 0xc5, 0x00, 0xc9, 0x00, 0xc9, 0x00, 0x8b, 0x00, 0x4a, 0x00, 0xe9, 0x00,
    0x67, 0x00, 0x67, 0x00, 0x87, 0x00, 0x67, 0x00, 0x26, 0x00, 0xe6, 0x00, 0x06, 0x00, 0x47, 0x00,
    0x47, 0x00, 0xa8, 0x00, 0xa8, 0x00, 0xc8, 0x00, 0x87, 0x00, 0x06, 0x00, 0xa8, 0x00, 0x09, 0x00,
    0x29, 0x00, 0x8a, 0x00, 0xcb, 0x00, 0x6a, 0x00, 0x2c, 0x00, 0xe8, 0x00, 0x26, 0x00, 0xaa, 0x00,
    0x08, 0x00, 0x49, 0x00, 0x6c, 0x00, 0x2b, 0x00, 0xaa, 0x00, 0x87, 0x00, 0x00, 0x00, 0x00, 0x00,
    0x00, 0x00, 0x00, 0x00, 0x00, 0x00, 0x00, 0x00, 0x44, 0x00, 0xa8, 0x00, 0x09, 0x00, 0xe9, 0x00,
    0xe3, 0x00, 0x00, 0x00, 0x00, 0x00, 0x00, 0x00, 0x00, 0x00, 0x00, 0x00, 0x00, 0x00, 0x00, 0x00,
    0x00, 0x00, 0x00, 0x00, 0x00, 0x00, 0x00, 0x00, 0x00, 0x00, 0x00, 0x00, 0x00, 0x00, 0x00, 0x00,
    0x00, 0x00, 0xe3, 0x00, 0x68, 0x00, 0xc8, 0x00, 0xc9, 0x00, 0xe9, 0x00, 0x2a, 0x00, 0xe9, 0x00,
    0x47, 0x00, 0x67, 0x00, 0x06, 0x00, 0x06, 0x00, 0xc8, 0x00, 0x29, 0x00, 0x87, 0x00, 0xa5, 0x00,
    0xc5, 0x00, 0x06, 0x00, 0x67, 0x00, 0x06, 0x00, 0x26, 0x00, 0xa5, 0x00, 0x87, 0x00, 0xc8, 0x00,
    0x6a, 0x00, 0x6a, 0x00, 0x4a, 0x00, 0x4a, 0x00, 0x09, 0x00, 0x26, 0x00, 0xe8, 0x00, 0xeb, 0x00,
    0x8a, 0x00, 0x69, 0x00, 0x8a, 0x00, 0x29, 0x00, 0x6a, 0x00, 0xa4, 0x00, 0x00, 0x00, 0x00, 0x00,
    0x00, 0x00, 0x00, 0x00, 0x00, 0x00, 0x00, 0x00, 0x00, 0x00, 0x40, 0x00, 0x47, 0x00, 0xab, 0x00,
    0x06, 0x00, 0x61, 0x00, 0x20, 0x00, 0x00, 0x00, 0x00, 0x00, 0x00, 0x00, 0x00, 0x00, 0x00, 0x00,
    0x00, 0x00, 0x00, 0x00, 0x00, 0x00, 0x00, 0x00, 0x00, 0x00, 0x00, 0x00, 0x00, 0x00, 0x00, 0x00,
    0x41, 0x00, 0x07, 0x00, 0x47, 0x00, 0xa8, 0x00, 0xa8, 0x00, 0xe9, 0x00, 0xe9, 0x00, 0x06, 0x00,
    0x47, 0x00, 0x27, 0x00, 0x27, 0x00, 0x8a, 0x00, 0x4c, 0x00, 0x2f, 0x00, 0x90, 0x00, 0xeb, 0x00,
    0x67, 0x00, 0x47, 0x00, 0x06, 0x00, 0xe6, 0x00, 0x06, 0x00, 0x85, 0x00, 0x67, 0x00, 0xa8, 0x00,
    0xe8, 0x00, 0x6a, 0x00, 0x49, 0x00, 0x29, 0x00, 0x67, 0x00, 0x46, 0x00, 0xca, 0x00, 0xeb, 0x00,
    0xeb, 0x00, 0xca, 0x00, 0xe8, 0x00, 0x49, 0x00, 0x49, 0x00, 0x41, 0x00, 0x00, 0x00, 0x00, 0x00,
    0x00, 0x00, 0x00, 0x00, 0x00, 0x00, 0x00, 0x00, 0x20, 0x00, 0xe3, 0x00, 0xa2, 0x00, 0x09, 0x00,
    0x8b, 0x00, 0x06, 0x00, 0x20, 0x00, 0x00, 0x00, 0x00, 0x00, 0x00, 0x00, 0x00, 0x00, 0x00, 0x00,
    0x00, 0x00, 0x00, 0x00, 0x00, 0x00, 0x00, 0x00, 0x00, 0x00, 0x00, 0x00, 0x00, 0x00, 0x00, 0x00,
    0x44, 0x00, 0x27, 0x00, 0x06, 0x00, 0x47, 0x00, 0xa8, 0x00, 0x0a, 0x00, 0x67, 0x00, 0x27, 0x00,
    0x27, 0x00, 0xe6, 0x00, 0x6a, 0x00, 0x2c, 0x00, 0xab, 0x00, 0xad, 0x00, 0x70, 0x00, 0x90, 0x00,
    0x29, 0x00, 0xa7, 0x00, 0xc8, 0x00, 0x46, 0x00, 0x84, 0x00, 0xe5, 0x00, 0x47, 0x00, 0x67, 0x00,
    0x6a, 0x00, 0x09, 0x00, 0xc8, 0x00, 0x87, 0x00, 0x06, 0x00, 0xc7, 0x00, 0x49, 0x00, 0xeb, 0x00,
    0x0b, 0x00, 0x69, 0x00, 0xeb, 0x00, 0xcb, 0x00, 0x64, 0x00, 0x00, 0x00, 0x00, 0x00, 0x00, 0x00,
    0x00, 0x00, 0x00, 0x00, 0x00, 0x00, 0x00, 0x00, 0x00, 0x00, 0xe2, 0x00, 0x27, 0x00, 0x47, 0x00,
    0xcc, 0x00, 0x88, 0x00, 0x41, 0x00, 0x00, 0x00, 0x00, 0x00, 0x00, 0x00, 0x00, 0x00, 0x00, 0x00,
    0x00, 0x00, 0x00, 0x00, 0x00, 0x00, 0x00, 0x00, 0x00, 0x00, 0x00, 0x00, 0x00, 0x00, 0x00, 0x00,
    0x07, 0x00, 0xc6, 0x00, 0xe6, 0x00, 0x67, 0x00, 0x0a, 0x00, 0xe9, 0x00, 0x67, 0x00, 0x47, 0x00,
    0xc5, 0x00, 0xc8, 0x00, 0x29, 0x00, 0x29, 0x00, 0xab, 0x00, 0x2c, 0x00, 0x0f, 0x00, 0xee, 0x00,
    0xeb, 0x00, 0x46, 0x00, 0x09, 0x00, 0x67, 0x00, 0x84, 0x00, 0x26, 0x00, 0xe8, 0x00, 0x29, 0x00,
    0x6a, 0x00, 0x46, 0x00, 0x06, 0x00, 0xe5, 0x00, 0x87, 0x00, 0x08, 0x00, 0x29, 0x00, 0xca, 0x00,
    0xaa, 0x00, 0x8a, 0x00, 0x69, 0x00, 0xc5, 0x00, 0x00, 0x00, 0x00, 0x00, 0x00, 0x00, 0x00, 0x00,
    0x00, 0x00, 0x00, 0x00, 0x00, 0x00, 0x00, 0x00, 0x00, 0x00, 0x00, 0x00, 0x64, 0x00, 0x67, 0x00,
    0x4a, 0x00, 0xc8, 0x00, 0x61, 0x00, 0x00, 0x00, 0x00, 0x00, 0x00, 0x00, 0x00, 0x00, 0x00, 0x00,
    0x00, 0x00, 0x00, 0x00, 0x00, 0x00, 0x00, 0x00, 0x00, 0x00, 0x00, 0x00, 0x00, 0x00, 0x82, 0x00,
    0x27, 0x00, 0xa5, 0x00, 0xe6, 0x00, 0x47, 0x00, 0x4a, 0x00, 0xa8, 0x00, 0x88, 0x00, 0xc6, 0x00,
    0x06, 0x00, 0xe9, 0x00, 0x88, 0x00, 0x29, 0x00, 0x8a, 0x00, 0x6a, 0x00, 0x6d, 0x00, 0x2c, 0x00,
    0x49, 0x00, 0xc5, 0x00, 0xe5, 0x00, 0xa5, 0x00, 0x06, 0x00, 0x26, 0x00, 0x6a, 0x00, 0x8a, 0x00,
    0x49, 0x00, 0x87, 0x00, 0xc5, 0x00, 0x26, 0x00, 0xc8, 0x00, 0x49, 0x00, 0x69, 0x00, 0x49, 0x00,
    0x69, 0x00, 0xe8, 0x00, 0xe5, 0x00, 0x81, 0x00, 0x00, 0x00, 0x00, 0x00, 0x00, 0x00, 0x00, 0x00,
    0x00, 0x00, 0x00, 0x00, 0x00, 0x00, 0x00, 0x00, 0x00, 0x00, 0x00, 0x00, 0x61, 0x00, 0x26, 0x00,
    0x4a, 0x00, 0xe9, 0x00, 0x81, 0x00, 0x00, 0x00, 0x00, 0x00, 0x00, 0x00, 0x00, 0x00, 0x00, 0x00,
    0x00, 0x00, 0x00, 0x00, 0x00, 0x00, 0x00, 0x00, 0x00, 0x00, 0x00, 0x00, 0x00, 0x00, 0x23, 0x00,
    0xc6, 0x00, 0x44, 0x00, 0x27, 0x00, 0x68, 0x00, 0x4a, 0x00, 0x47, 0x00, 0x88, 0x00, 0xa5, 0x00,
    0x67, 0x00, 0x26, 0x00, 0x06, 0x00, 0x47, 0x00, 0x6a, 0x00, 0xa8, 0x00, 0x49, 0x00, 0x8a, 0x00,
    0x47, 0x00, 0x06, 0x00, 0x03, 0x00, 0x23, 0x00, 0x27, 0x00, 0x47, 0x00, 0xc8, 0x00, 0xe8, 0x00,
    0x2c, 0x00, 0x8a, 0x00, 0x06, 0x00, 0x67, 0x00, 0xe8, 0x00, 0x29, 0x00, 0x29, 0x00, 0x69, 0x00,
    0xc7, 0x00, 0xc5, 0x00, 0x67, 0x00, 0x23, 0x00, 0x00, 0x00, 0x00, 0x00, 0x00, 0x00, 0x00, 0x00,
    0x00, 0x00, 0x00, 0x00, 0x00, 0x00, 0x00, 0x00, 0x00, 0x00, 0x00, 0x00, 0x00, 0x00, 0xe5, 0x00,
    0x09, 0x00, 0xc8, 0x00, 0x41, 0x00, 0x00, 0x00, 0x00, 0x00, 0x00, 0x00, 0x00, 0x00, 0x00, 0x00,
    0x00, 0x00, 0x00, 0x00, 0x00, 0x00, 0x00, 0x00, 0x00, 0x00, 0x00, 0x00, 0x00, 0x00, 0x23, 0x00,
    0x85, 0x00, 0xc6, 0x00, 0x06, 0x00, 0x27, 0x00, 0xa9, 0x00, 0x06, 0x00, 0x88, 0x00, 0xa5, 0x00,
    0x47, 0x00, 0xe6, 0x00, 0xa5, 0x00, 0x47, 0x00, 0xc8, 0x00, 0x47, 0x00, 0x47, 0x00, 0xa8, 0x00,
    0xe6, 0x00, 0xc5, 0x00, 0x85, 0x00, 0x03, 0x00, 0x23, 0x00, 0x06, 0x00, 0x88, 0x00, 0x09, 0x00,
    0xcb, 0x00, 0xcb, 0x00, 0x67, 0x00, 0x67, 0x00, 0xa7, 0x00, 0x87, 0x00, 0xa7, 0x00, 0x06, 0x00,
    0xa4, 0x00, 0x46, 0x00, 0xe8, 0x00, 0x66, 0x00, 0x00, 0x00, 0x00, 0x00, 0x00, 0x00, 0x00, 0x00,
    0x00, 0x00, 0x00, 0x00, 0x00, 0x00, 0x00, 0x00, 0x00, 0x00, 0x20, 0x00, 0x00, 0x00, 0x84, 0x00,
    0x09, 0x00, 0x87, 0x00, 0x20, 0x00, 0x00, 0x00, 0x00, 0x00, 0x00, 0x00, 0x00, 0x00, 0x00, 0x00,
    0x00, 0x00, 0x00, 0x00, 0x00, 0x00, 0x00, 0x00, 0x00, 0x00, 0x00, 0x00, 0x00, 0x00, 0x20, 0x00,
    0x64, 0x00, 0xa5, 0x00, 0xc5, 0x00, 0xc5, 0x00, 0x27, 0x00, 0xa9, 0x00, 0x88, 0x00, 0xa5, 0x00,
    0x27, 0x00, 0xe6, 0x00, 0x06, 0x00, 0x47, 0x00, 0x88, 0x00, 0x67, 0x00, 0x67, 0x00, 0x06, 0x00,
    0xe6, 0x00, 0xc6, 0x00, 0x85, 0x00, 0x85, 0x00, 0x40, 0x00, 0x23, 0x00, 0x87, 0x00, 0xe8, 0x00,
    0x6a, 0x00, 0xeb, 0x00, 0xe8, 0x00, 0x40, 0x00, 0x40, 0x00, 0x20, 0x00, 0x20, 0x00, 0x64, 0x00,
    0x67, 0x00, 0xc8, 0x00, 0x09, 0x00, 0xe8, 0x00, 0x61, 0x00, 0x00, 0x00, 0x00, 0x00, 0x00, 0x00,
    0x00, 0x00, 0x00, 0x00, 0x00, 0x00, 0x00, 0x00, 0x00, 0x00, 0x81, 0x00, 0x23, 0x00, 0xe6, 0x00,
    0x2a, 0x00, 0xa5, 0x00, 0x00, 0x00, 0x00, 0x00, 0x00, 0x00, 0x00, 0x00, 0x00, 0x00, 0x00, 0x00,
    0x00, 0x00, 0x00, 0x00, 0x00, 0x00, 0x00, 0x00, 0x00, 0x00, 0x00, 0x00, 0x00, 0x00, 0x00, 0x00,
    0x64, 0x00, 0xc6, 0x00, 0x44, 0x00, 0x47, 0x00, 0x68, 0x00, 0x68, 0x00, 0x67, 0x00, 0xe6, 0x00,
    0xe6, 0x00, 0xa5, 0x00, 0x27, 0x00, 0x67, 0x00, 0x47, 0x00, 0x47, 0x00, 0xc5, 0x00, 0xe6, 0x00,
    0xa5, 0x00, 0xc5, 0x00, 0xc6, 0x00, 0xe2, 0x00, 0x00, 0x00, 0x40, 0x00, 0xa5, 0x00, 0x67, 0x00,
    0x6a, 0x00, 0xcb, 0x00, 0xcb, 0x00, 0x61, 0x00, 0x00, 0x00, 0x00, 0x00, 0x00, 0x00, 0x20, 0x00,
    0xa5, 0x00, 0x09, 0x00, 0xa8, 0x00, 0x29, 0x00, 0x64, 0x00, 0x00, 0x00, 0x00, 0x00, 0x00, 0x00,
    0x00, 0x00, 0x00, 0x00, 0x00, 0x00, 0x00, 0x00, 0x00, 0x00, 0xa2, 0x00, 0x26, 0x00, 0xe9, 0x00,
    0xa8, 0x00, 0xc2, 0x00, 0x00, 0x00, 0x00, 0x00, 0x00, 0x00, 0x00, 0x00, 0x00, 0x00, 0x00, 0x00,
    0x00, 0x00, 0x00, 0x00, 0x00, 0x00, 0x00, 0x00, 0x00, 0x00, 0x00, 0x00, 0x00, 0x00, 0x00, 0x00,
    0x44, 0x00, 0x06, 0x00, 0x03, 0x00, 0x88, 0x00, 0x2a, 0x00, 0xa8, 0x00, 0x67, 0x00, 0xc6, 0x00,
    0x64, 0x00, 0xc5, 0x00, 0x27, 0x00, 0x27, 0x00, 0x47, 0x00, 0x44, 0x00, 0xa5, 0x00, 0xe6, 0x00,
    0xa5, 0x00, 0xe6, 0x00, 0xa2, 0x00, 0x00, 0x00, 0x00, 0x00, 0x00, 0x00, 0x61, 0x00, 0x06, 0x00,
    0xa8, 0x00, 0x8a, 0x00, 0x4c, 0x00, 0x26, 0x00, 0x00, 0x00, 0x00, 0x00, 0x00, 0x00, 0x00, 0x00,
    0x00, 0x00, 0xa4, 0x00, 0xe8, 0x00, 0xe8, 0x00, 0x8a, 0x00, 0xc5, 0x00, 0x00, 0x00, 0x00, 0x00,
    0x00, 0x00, 0x00, 0x00, 0x00, 0x00, 0x00, 0x00, 0x00, 0x00, 0x23, 0x00, 0x67, 0x00, 0xc9, 0x00,
    0x47, 0x00, 0xe6, 0x00, 0x20, 0x00, 0x00, 0x00, 0x00, 0x00, 0x00, 0x00, 0x00, 0x00, 0x00, 0x00,
    0x00, 0x00, 0x00, 0x00, 0x00, 0x00, 0x00, 0x00, 0x00, 0x00, 0x00, 0x00, 0x00, 0x00, 0x00, 0x00,
    0xc2, 0x00, 0x27, 0x00, 0x64, 0x00, 0x27, 0x00, 0x2a, 0x00, 0x6b, 0x00, 0x4a, 0x00, 0x26, 0x00,
    0x23, 0x00, 0x06, 0x00, 0xa5, 0x00, 0x06, 0x00, 0x64, 0x00, 0x40, 0x00, 0xa5, 0x00, 0xc5, 0x00,
    0xe6, 0x00, 0xc5, 0x00, 0xe2, 0x00, 0xc2, 0x00, 0xa2, 0x00, 0x81, 0x00, 0x00, 0x00, 0xa2, 0x00,
    0x87, 0x00, 0xe8, 0x00, 0x4c, 0x00, 0xeb, 0x00, 0x41, 0x00, 0x00, 0x00, 0x00, 0x00, 0x00, 0x00,
    0x00, 0x00, 0x00, 0x00, 0x67, 0x00, 0x09, 0x00, 0xc8, 0x00, 0x2c, 0x00, 0x09, 0x00, 0xc5, 0x00,
    0xe5, 0x00, 0x00, 0x00, 0x00, 0x00, 0x00, 0x00, 0x00, 0x00, 0x26, 0x00, 0xc9, 0x00, 0x88, 0x00,
    0xc8, 0x00, 0x44, 0x00, 0x00, 0x00, 0x00, 0x00, 0x00, 0x00, 0x00, 0x00, 0x00, 0x00, 0x00, 0x00,
    0x00, 0x00, 0x00, 0x00, 0x00, 0x00, 0x00, 0x00, 0x00, 0x00, 0x00, 0x00, 0x00, 0x00, 0x00, 0x00,
    0x41, 0x00, 0x27, 0x00, 0x85, 0x00, 0x06, 0x00, 0x88, 0x00, 0xe9, 0x00, 0xac, 0x00, 0x2a, 0x00,
    0xe6, 0x00, 0x85, 0x00, 0xa5, 0x00, 0x85, 0x00, 0x85, 0x00, 0xa2, 0x00, 0xa2, 0x00, 0x44, 0x00,
    0xa5, 0x00, 0xe6, 0x00, 0x26, 0x00, 0x47, 0x00, 0x87, 0x00, 0x29, 0x00, 0x87, 0x00, 0x00, 0x00,
    0x64, 0x00, 0x87, 0x00, 0xe8, 0x00, 0x4c, 0x00, 0x46, 0x00, 0x00, 0x00, 0x00, 0x00, 0x00, 0x00,
    0x00, 0x00, 0x00, 0x00, 0x03, 0x00, 0xcb, 0x00, 0x2c, 0x00, 0x49, 0x00, 0xeb, 0x00, 0xce, 0x00,
    0x2c, 0x00, 0x29, 0x00, 0x61, 0x00, 0x00, 0x00, 0x03, 0x00, 0x09, 0x00, 0xc9, 0x00, 0xa8, 0x00,
    0x26, 0x00, 0x00, 0x00, 0x00, 0x00, 0x00, 0x00, 0x00, 0x00, 0x00, 0x00, 0x00, 0x00, 0x00, 0x00,
    0x00, 0x00, 0x00, 0x00, 0x00, 0x00, 0x00, 0x00, 0x00, 0x00, 0x00, 0x00, 0x00, 0x00, 0x00, 0x00,
    0x00, 0x00, 0x85, 0x00, 0x24, 0x00, 0xc6, 0x00, 0x88, 0x00, 0x88, 0x00, 0xc9, 0x00, 0x4a, 0x00,
    0x4a, 0x00, 0xc5, 0x00, 0xa5, 0x00, 0x26, 0x00, 0x06, 0x00, 0xe6, 0x00, 0xc5, 0x00, 0x44, 0x00,
    0xa5, 0x00, 0xc5, 0x00, 0x64, 0x00, 0xa5, 0x00, 0x67, 0x00, 0x46, 0x00, 0xe8, 0x00, 0x84, 0x00,
    0x00, 0x00, 0x47, 0x00, 0x29, 0x00, 0xaa, 0x00, 0x8d, 0x00, 0x06, 0x00, 0xa2, 0x00, 0x00, 0x00,
    0x00, 0x00, 0x00, 0x00, 0x00, 0x00, 0xc5, 0x00, 0x8a, 0x00, 0xcb, 0x00, 0x67, 0x00, 0xe5, 0x00,
    0x87, 0x00, 0xc5, 0x00, 0xa2, 0x00, 0x61, 0x00, 0x09, 0x00, 0x6a, 0x00, 0xa8, 0x00, 0x88, 0x00,
    0x81, 0x00, 0x00, 0x00, 0x00, 0x00, 0x00, 0x00, 0x00, 0x00, 0x00, 0x00, 0x00, 0x00, 0x00, 0x00,
    0x00, 0x00, 0x00, 0x00, 0x00, 0x00, 0x00, 0x00, 0x00, 0x00, 0x00, 0x00, 0x00, 0x00, 0x00, 0x00,
    0x00, 0x00, 0x61, 0x00, 0x61, 0x00, 0xe6, 0x00, 0x27, 0x00, 0xc9, 0x00, 0x88, 0x00, 0xc9, 0x00,
    0x6b, 0x00, 0xab, 0x00, 0xc8, 0x00, 0xe5, 0x00, 0x47, 0x00, 0x88, 0x00, 0x88, 0x00, 0xe8, 0x00,
    0xe5, 0x00, 0x26, 0x00, 0x81, 0x00, 0x00, 0x00, 0x41, 0x00, 0xe2, 0x00, 0x00, 0x00, 0x00, 0x00,
    0x00, 0x00, 0x23, 0x00, 0xab, 0x00, 0x49, 0x00, 0x6a, 0x00, 0x2c, 0x00, 0x6a, 0x00, 0xeb, 0x00,
    0x03, 0x00, 0x00, 0x00, 0x00, 0x00, 0x00, 0x00, 0x40, 0x00, 0xc2, 0x00, 0x64, 0x00, 0x00, 0x00,
    0x20, 0x00, 0x00, 0x00, 0x40, 0x00, 0x29, 0x00, 0x0c, 0x00, 0x09, 0x00, 0x06, 0x00, 0xa2, 0x00,
    0x00, 0x00, 0x00, 0x00, 0x00, 0x00, 0x00, 0x00, 0x00, 0x00, 0x00, 0x00, 0x00, 0x00, 0x00, 0x00,
    0x00, 0x00, 0x00, 0x00, 0x00, 0x00, 0x00, 0x00, 0x00, 0x00, 0x00, 0x00, 0x00, 0x00, 0x00, 0x00,
    0x00, 0x00, 0x00, 0x00, 0x00, 0x00, 0x64, 0x00, 0x68, 0x00, 0x88, 0x00, 0xc9, 0x00, 0xa8, 0x00,
    0xe9, 0x00, 0x2a, 0x00, 0x8b, 0x00, 0x4a, 0x00, 0x26, 0x00, 0xa8, 0x00, 0xe9, 0x00, 0x29, 0x00,
    0xc8, 0x00, 0xc8, 0x00, 0x4a, 0x00, 0x6a, 0x00, 0x09, 0x00, 0x29, 0x00, 0x09, 0x00, 0x06, 0x00,
    0xe3, 0x00, 0xc2, 0x00, 0xc5, 0x00, 0xa8, 0x00, 0x87, 0x00, 0xaa, 0x00, 0x0c, 0x00, 0x6a, 0x00,
    0xeb, 0x00, 0x81, 0x00, 0x00, 0x00, 0x00, 0x00, 0x00, 0x00, 0x00, 0x00, 0x00, 0x00, 0x00, 0x00,
    0x00, 0x00, 0xa2, 0x00, 0x4a, 0x00, 0x4d, 0x00, 0x4a, 0x00, 0x47, 0x00, 0x03, 0x00, 0x00, 0x00,
    0x00, 0x00, 0x00, 0x00, 0x00, 0x00, 0x00, 0x00, 0x00, 0x00, 0x00, 0x00, 0x00, 0x00, 0x00, 0x00,
    0x00, 0x00, 0x00, 0x00, 0x00, 0x00, 0x00, 0x00, 0x00, 0x00, 0x00, 0x00, 0x00, 0x00, 0x00, 0x00,
    0x00, 0x00, 0x00, 0x00, 0x00, 0x00, 0x20, 0x00, 0xc6, 0x00, 0x47, 0x00, 0x47, 0x00, 0x27, 0x00,
    0x67, 0x00, 0xc9, 0x00, 0xe9, 0x00, 0x8b, 0x00, 0x8b, 0x00, 0x2a, 0x00, 0x4a, 0x00, 0xab, 0x00,
    0x2c, 0x00, 0x6d, 0x00, 0xeb, 0x00, 0x2c, 0x00, 0x4d, 0x00, 0x0c, 0x00, 0x2c, 0x00, 0x6d, 0x00,
    0x0c, 0x00, 0xcb, 0x00, 0xe8, 0x00, 0x67, 0x00, 0x47, 0x00, 0xc2, 0x00, 0x06, 0x00, 0x06, 0x00,
    0x03, 0x00, 0xc2, 0x00, 0x00, 0x00, 0x00, 0x00, 0x00, 0x00, 0x00, 0x00, 0x00, 0x00, 0x41, 0x00,
    0x06, 0x00, 0x2d, 0x00, 0x2c, 0x00, 0xe9, 0x00, 0x26, 0x00, 0x26, 0x00, 0xa2, 0x00, 0x00, 0x00,
    0x00, 0x00, 0x00, 0x00, 0x00, 0x00, 0x00, 0x00, 0x00, 0x00, 0x00, 0x00, 0x00, 0x00, 0x00, 0x00,
    0x00, 0x00, 0x00, 0x00, 0x00, 0x00, 0x00, 0x00, 0x00, 0x00, 0x00, 0x00, 0x00, 0x00, 0x00, 0x00,
    0x00, 0x00, 0x00, 0x00, 0x00, 0x00, 0x00, 0x00, 0x61, 0x00, 0xa5, 0x00, 0xc5, 0x00, 0x27, 0x00,
    0x27, 0x00, 0x47, 0x00, 0x88, 0x00, 0xa8, 0x00, 0x2a, 0x00, 0x2a, 0x00, 0x4a, 0x00, 0x8b, 0x00,
    0xab, 0x00, 0x49, 0x00, 0x29, 0x00, 0xe8, 0x00, 0xc8, 0x00, 0x67, 0x00, 0xc8, 0x00, 0xc8, 0x00,
    0x6a, 0x00, 0x8a, 0x00, 0x8a, 0x00, 0xab, 0x00, 0x6a, 0x00, 0xa8, 0x00, 0xa5, 0x00, 0x64, 0x00,
    0x41, 0x00, 0x40, 0x00, 0x20, 0x00, 0x20, 0x00, 0xa2, 0x00, 0x44, 0x00, 0x26, 0x00, 0x8b, 0x00,
    0x2d, 0x00, 0x8b, 0x00, 0x88, 0x00, 0x67, 0x00, 0xe6, 0x00, 0x81, 0x00, 0x00, 0x00, 0x00, 0x00,
    0x00, 0x00, 0x00, 0x00, 0x00, 0x00, 0x00, 0x00, 0x00, 0x00, 0x00, 0x00, 0x00, 0x00, 0x00, 0x00,
    0x00, 0x00, 0x00, 0x00, 0x00, 0x00, 0x00, 0x00, 0x00, 0x00, 0x00, 0x00, 0x00, 0x00, 0x00, 0x00,
    0x00, 0x00, 0x00, 0x00, 0x00, 0x00, 0x00, 0x00, 0x00, 0x00, 0x20, 0x00, 0x61, 0x00, 0xe3, 0x00,
    0xe6, 0x00, 0x47, 0x00, 0x06, 0x00, 0xe6, 0x00, 0x26, 0x00, 0x47, 0x00, 0x47, 0x00, 0x26, 0x00,
    0x26, 0x00, 0x67, 0x00, 0x46, 0x00, 0x67, 0x00, 0x47, 0x00, 0x06, 0x00, 0xc5, 0x00, 0x26, 0x00,
    0x46, 0x00, 0xa8, 0x00, 0xa7, 0x00, 0xc8, 0x00, 0x29, 0x00, 0x6a, 0x00, 0x6a, 0x00, 0x6a, 0x00,
    0x6a, 0x00, 0x6a, 0x00, 0x6a, 0x00, 0x4a, 0x00, 0xcb, 0x00, 0x0c, 0x00, 0xec, 0x00, 0x8a, 0x00,
    0xe9, 0x00, 0x87, 0x00, 0xe5, 0x00, 0x03, 0x00, 0x00, 0x00, 0x00, 0x00, 0x00, 0x00, 0x00, 0x00,
    0x00, 0x00, 0x00, 0x00, 0x00, 0x00, 0x00, 0x00, 0x00, 0x00, 0x00, 0x00, 0x00, 0x00, 0x00, 0x00,
    0x00, 0x00, 0x00, 0x00, 0x00, 0x00, 0x00, 0x00, 0x00, 0x00, 0x00, 0x00, 0x00, 0x00, 0x00, 0x00,
    0x00, 0x00, 0x00, 0x00, 0x00, 0x00, 0x00, 0x00, 0x00, 0x00, 0x00, 0x00, 0x00, 0x00, 0x00, 0x00,
    0x41, 0x00, 0x44, 0x00, 0xe6, 0x00, 0xe6, 0x00, 0x06, 0x00, 0x47, 0x00, 0x47, 0x00, 0x06, 0x00,
    0xe6, 0x00, 0x06, 0x00, 0xa5, 0x00, 0x03, 0x00, 0xa2, 0x00, 0x40, 0x00, 0x40, 0x00, 0x61, 0x00,
    0xa2, 0x00, 0x03, 0x00, 0x64, 0x00, 0xe5, 0x00, 0x47, 0x00, 0xa8, 0x00, 0xc8, 0x00, 0xe8, 0x00,
    0x29, 0x00, 0x4a, 0x00, 0x8a, 0x00, 0x4a, 0x00, 0x6a, 0x00, 0x29, 0x00, 0xe8, 0x00, 0x47, 0x00,
    0x84, 0x00, 0xc2, 0x00, 0x00, 0x00, 0x00, 0x00, 0x00, 0x00, 0x00, 0x00, 0x00, 0x00, 0x00, 0x00,
    0x00, 0x00, 0x00, 0x00, 0x00, 0x00, 0x00, 0x00, 0x00, 0x00, 0x00, 0x00, 0x00, 0x00, 0x00, 0x00,
    0x00, 0x00, 0x00, 0x00, 0x00, 0x00, 0x00, 0x00, 0x00, 0x00, 0x00, 0x00, 0x00, 0x00, 0x00, 0x00,
    0x00, 0x00, 0x00, 0x00, 0x00, 0x00, 0x00, 0x00, 0x00, 0x00, 0x00, 0x00, 0x00, 0x00, 0x00, 0x00,
    0x00, 0x00, 0x00, 0x00, 0x40, 0x00, 0x81, 0x00, 0x61, 0x00, 0xc2, 0x00, 0x44, 0x00, 0x84, 0x00,
    0x84, 0x00, 0x64, 0x00, 0xe3, 0x00, 0x00, 0x00, 0x00, 0x00, 0x00, 0x00, 0x00, 0x00, 0x00, 0x00,
    0x00, 0x00, 0x00, 0x00, 0x00, 0x00, 0x20, 0x00, 0x81, 0x00, 0xe3, 0x00, 0x84, 0x00, 0x06, 0x00,
    0x47, 0x00, 0x87, 0x00, 0x09, 0x00, 0x09, 0x00, 0xa8, 0x00, 0x06, 0x00, 0x03, 0x00, 0x40, 0x00,
    0x00, 0x00, 0x00, 0x00, 0x00, 0x00, 0x00, 0x00, 0x00, 0x00, 0x00, 0x00, 0x00, 0x00, 0x00, 0x00,
    0x00, 0x00, 0x00, 0x00, 0x00, 0x00, 0x00, 0x00, 0x00, 0x00, 0x00, 0x00, 0x00, 0x00, 0x00, 0x00,
    0x00, 0x00, 0x00, 0x00, 0x00, 0x00, 0x00, 0x00, 0x00, 0x00, 0x00, 0x00, 0x00, 0x00, 0x00, 0x00,
    0x00, 0x00, 0x00, 0x00, 0x00, 0x00, 0x00, 0x00, 0x00, 0x00, 0x00, 0x00, 0x00, 0x00, 0x00, 0x00,
    0x00, 0x00, 0x00, 0x00, 0x00, 0x00, 0x00, 0x00, 0x00, 0x00, 0x00, 0x00, 0x00, 0x00, 0x00, 0x00,
    0x00, 0x00, 0x00, 0x00, 0x00, 0x00, 0x00, 0x00, 0x00, 0x00, 0x00, 0x00, 0x00, 0x00, 0x00, 0x00,
    0x00, 0x00, 0x00, 0x00, 0x00, 0x00, 0x00, 0x00, 0x00, 0x00, 0x00, 0x00, 0x00, 0x00, 0x00, 0x00,
    0x20, 0x00, 0x61, 0x00, 0xa2, 0x00, 0xe2, 0x00, 0xc2, 0x00, 0x40, 0x00, 0x00, 0x00, 0x00, 0x00,
    0x00, 0x00, 0x00, 0x00, 0x00, 0x00, 0x00, 0x00, 0x00, 0x00, 0x00, 0x00, 0x00, 0x00, 0x00, 0x00,
    0x00, 0x00, 0x00, 0x00, 0x00, 0x00, 0x00, 0x00, 0x00, 0x00, 0x00, 0x00, 0x00, 0x00, 0x00, 0x00,
    0x00, 0x00, 0x00, 0x00, 0x00, 0x00, 0x00, 0x00, 0x00, 0x00, 0x00, 0x00, 0x00, 0x00, 0x00, 0x00,
    0x00, 0x00, 0x00, 0x00, 0x00, 0x00, 0x00, 0x00, 0x00, 0x00, 0x00, 0x00, 0x00, 0x00, 0x00, 0x00,
    0x00, 0x00, 0x00, 0x00, 0x00, 0x00, 0x00, 0x00, 0x00, 0x00, 0x00, 0x00, 0x00, 0x00, 0x00, 0x00,
    0x00, 0x00, 0x00, 0x00, 0x00, 0x00, 0x00, 0x00, 0x00, 0x00, 0x00, 0x00, 0x00, 0x00, 0x00, 0x00,
    0x00, 0x00, 0x00, 0x00, 0x00, 0x00, 0x00, 0x00, 0x00, 0x00, 0x00, 0x00, 0x00, 0x00, 0x00, 0x00,
    0x00, 0x00, 0x00, 0x00, 0x00, 0x00, 0x00, 0x00, 0x00, 0x00, 0x00, 0x00, 0x00, 0x00, 0x00, 0x00,
    0x00, 0x00, 0x00, 0x00, 0x00, 0x00, 0x00, 0x00, 0x00, 0x00, 0x00, 0x00, 0x00, 0x00, 0x00, 0x00,
    0x00, 0x00, 0x00, 0x00, 0x00, 0x00, 0x00, 0x00, 0x00, 0x00, 0x00, 0x00, 0x00, 0x00, 0x00, 0x00,
    0x00, 0x00, 0x00, 0x00, 0x00, 0x00, 0x00, 0x00, 0x00, 0x00, 0x00, 0x00, 0x00, 0x00, 0x00, 0x00,
    0x00, 0x00, 0x00, 0x00, 0x00, 0x00, 0x00, 0x00, 0x00, 0x00, 0x00, 0x00, 0x00, 0x00, 0x00, 0x00,
    0x00, 0x00, 0x00, 0x00, 0x00, 0x00, 0x00, 0x00, 0x00, 0x00, 0x00, 0x00, 0x00, 0x00, 0x00, 0x00,
    0x00, 0x00, 0x00, 0x00, 0x00, 0x00, 0x00, 0x00, 0x00, 0x00, 0x00, 0x00, 0x00, 0x00, 0x00, 0x00,
    0x00, 0x00, 0x00, 0x00, 0x00, 0x00, 0x00, 0x00, 0x00, 0x00, 0x00, 0x00, 0x00, 0x00, 0x00, 0x00,
    0x00, 0x00, 0x00, 0x00, 0x00, 0x00, 0x01, 0x57, 0x02, 0x00, 0x00, 0x00, 0x00, 0x00, 0x00, 0x00,
    0x00, 0x00, 0x00, 0x00, 0x00, 0x00, 0x00, 0x00, 0x00, 0x00, 0x00, 0x00, 0x00, 0x00, 0x00, 0x00,
    0x00, 0x00, 0x00, 0x00, 0x00, 0x00, 0x00, 0x00, 0x00, 0x00, 0x00, 0x00, 0x00, 0x00, 0x00, 0x00,
    0x00, 0x00, 0x00, 0x00, 0x00, 0x00, 0x00, 0x00, 0x00, 0x00, 0x00, 0x00, 0x00, 0x00, 0x00, 0x00,
    0x00, 0x00, 0x00, 0x00, 0x00, 0x00, 0x58, 0x8c, 0x00, 0x00, 0x00, 0x00, 0x00, 0x00, 0x00, 0x00,
    0x00, 0x00, 0x09, 0x00, 0x00, 0x00, 0x00, 0x00, 0x00, 0x00, 0x00, 0x00, 0x00, 0x00, 0x00, 0x00,
    0x00, 0x00, 0x00, 0x00, 0x00, 0x00, 0x00, 0x00, 0x00, 0x00, 0x00, 0x00, 0x00, 0x00, 0x00, 0x00,
    0x00, 0x00, 0x00, 0x00, 0x00, 0x00, 0x00, 0x00, 0x00, 0x00, 0x00, 0x00, 0x00, 0x00, 0x00, 0x00,
    0x00, 0x00, 0x00, 0x00, 0x00, 0x00, 0xf1, 0x42, 0x00, 0x00, 0x00, 0x00, 0x00, 0x00, 0x00, 0x00,
    0x00, 0x5d, 0x58, 0x00, 0x00, 0x00, 0x00, 0x00, 0x00, 0x00, 0x00, 0x00, 0x00, 0x00, 0x00, 0x00,
    0x00, 0x00, 0x00, 0x00, 0x00, 0x00, 0x00, 0x00, 0x00, 0x00, 0x00, 0x00, 0x00, 0x00, 0x00, 0x00,
    0x00, 0x00, 0x00, 0x00, 0x00, 0x00, 0x00, 0x00, 0x00, 0x00, 0x00, 0x00, 0x00, 0x00, 0x00, 0x00,
    0x00, 0x00, 0x00, 0x00, 0x00, 0x03, 0xff, 0x8f, 0x00, 0x00, 0x00, 0x00, 0x02, 0x00, 0x00, 0x00,
    0x01, 0xff, 0x5c, 0x00, 0x00, 0x00, 0x00, 0x00, 0x00, 0x00, 0x00, 0x00, 0x00, 0x00, 0x00, 0x00,
    0x00, 0x00, 0x00, 0x00, 0x00, 0x00, 0x00, 0x00, 0x00, 0x00, 0x00, 0x00, 0x00, 0x00, 0x00, 0x00,
    0x00, 0x00, 0x00, 0x00, 0x00, 0x00, 0x00, 0x00, 0x00, 0x00, 0x00, 0x00, 0x00, 0x00, 0x00, 0x00,
    0x00, 0x00, 0x00, 0x00, 0x00, 0x00, 0xce, 0xfd, 0x17, 0x00, 0x00, 0x0b, 0xb4, 0x00, 0x00, 0x00,
    0x00, 0xed, 0xe6, 0x05, 0x00, 0x00, 0x00, 0x00, 0x00, 0x00, 0x00, 0x00, 0x00, 0x00, 0x00, 0x00,
    0x00, 0x00, 0x00, 0x00, 0x00, 0x00, 0x00, 0x00, 0x00, 0x00, 0x00, 0x00, 0x00, 0x00, 0x00, 0x00,
    0x00, 0x00, 0x00, 0x00, 0x00, 0x00, 0x00, 0x00, 0x00, 0x00, 0x00, 0x00, 0x00, 0x00, 0x00, 0x00,
    0x00, 0x46, 0x2a, 0x00, 0x00, 0x00, 0x58, 0xff, 0xe8, 0x1c, 0x00, 0x33, 0xff, 0x03, 0x00, 0x0b,
    0x15, 0x8b, 0xff, 0xb4, 0x04, 0x00, 0x02, 0x05, 0x00, 0x00, 0x00, 0x00, 0x00, 0x00, 0x00, 0x00,
    0x00, 0x00, 0x00, 0x00, 0x00, 0x00, 0x00, 0x00, 0x00, 0x00, 0x00, 0x00, 0x00, 0x00, 0x00, 0x00,
    0x00, 0x00, 0x00, 0x00, 0x00, 0x00, 0x00, 0x00, 0x00, 0x00, 0x00, 0x00, 0x00, 0x00, 0x00, 0x00,
    0x00, 0x3e, 0xff, 0x2f, 0x00, 0x00, 0x00, 0xc0, 0xff, 0xff, 0x62, 0x5d, 0xfd, 0x6d, 0x00, 0x22,
    0xeb, 0x4e, 0xef, 0xff, 0xcc, 0x14, 0x01, 0xc7, 0x05, 0x00, 0x00, 0x00, 0x00, 0x00, 0x00, 0x00,
    0x00, 0x00, 0x00, 0x00, 0x00, 0x00, 0x00, 0x00, 0x00, 0x00, 0x00, 0x00, 0x00, 0x00, 0x00, 0x00,
    0x00, 0x00, 0x00, 0x00, 0x00, 0x00, 0x00, 0x00, 0x00, 0x00, 0x00, 0x00, 0x00, 0x00, 0x00, 0x00,
    0x00, 0x01, 0xc7, 0xff, 0xaa, 0x51, 0x42, 0xad, 0xf7, 0xf3, 0xff, 0xff, 0xfb, 0xff, 0x4e, 0x12,
    0xfd, 0xca, 0xce, 0xfb, 0xff, 0xff, 0x3a, 0xb7, 0x8b, 0x00, 0x01, 0x00, 0x00, 0x00, 0x00, 0x00,
    0x00, 0x00, 0x00, 0x00, 0x00, 0x00, 0x00, 0x00, 0x00, 0x00, 0x00, 0x00, 0x00, 0x00, 0x00, 0x00,
    0x00, 0x00, 0x00, 0x00, 0x00, 0x00, 0x00, 0x00, 0x00, 0x00, 0x00, 0x00, 0x00, 0x00, 0x00, 0x00,
    0x00, 0x00, 0x05, 0x92, 0xff, 0xff, 0xff, 0xff, 0xff, 0xff, 0xff, 0xff, 0xff, 0xfb, 0xff, 0xca,
    0xf3, 0xff, 0xff, 0xff, 0xfb, 0xfd, 0xff, 0xf1, 0xf5, 0x2a, 0x67, 0x00, 0x00, 0x00, 0x00, 0x00,
    0x00, 0x00, 0x00, 0x00, 0x00, 0x00, 0x00, 0x00, 0x00, 0x00, 0x00, 0x00, 0x00, 0x00, 0x00, 0x00,
    0x00, 0x00, 0x00, 0x00, 0x00, 0x00, 0x00, 0x00, 0x00, 0x00, 0x00, 0x00, 0x00, 0x00, 0x00, 0x00,
    0x00, 0x00, 0x00, 0x00, 0x18, 0x52, 0x5f, 0x3f, 0x17, 0x20, 0x66, 0xb5, 0xf9, 0xfd, 0xf9, 0xff,
    0xff, 0xfd, 0xff, 0xff, 0xff, 0xff, 0xfb, 0xff, 0xff, 0xb0, 0xd5, 0x01, 0x00, 0x00, 0x00, 0x00,
    0x00, 0x00, 0x00, 0x00, 0x00, 0x00, 0x00, 0x00, 0x00, 0x00, 0x00, 0x00, 0x00, 0x00, 0x00, 0x00,
    0x00, 0x00, 0x00, 0x00, 0x00, 0x00, 0x00, 0x00, 0x00, 0x00, 0x00, 0x00, 0x00, 0x00, 0x00, 0x00,
    0x00, 0x00, 0x00, 0x00, 0x00, 0x00, 0x00, 0x00, 0x00, 0x00, 0x1a, 0xb0, 0xef, 0xff, 0xff, 0xfd,
    0xff, 0xff, 0xff, 0xff, 0xff, 0xff, 0xff, 0xff, 0xfd, 0xff, 0xfd, 0x09, 0x00, 0x00, 0x00, 0x00,
    0x00, 0x00, 0x00, 0x00, 0x00, 0x00, 0x00, 0x00, 0x00, 0x00, 0x00, 0x00, 0x00, 0x00, 0x00, 0x00,
    0x00, 0x00, 0x00, 0x00, 0x00, 0x00, 0x00, 0x00, 0x00, 0x00, 0x00, 0x00, 0x00, 0x00, 0x00, 0x00,
    0x00, 0x00, 0x00, 0x00, 0x00, 0x0e, 0x1b, 0x10, 0x07, 0x04, 0x0c, 0xb4, 0xff, 0xfb, 0xff, 0xff,
    0xff, 0xff, 0xff, 0xff, 0xff, 0xff, 0xff, 0xff, 0xff, 0xfb, 0xfd, 0x98, 0x00, 0x00, 0x00, 0x00,
    0x00, 0x00, 0x00, 0x00, 0x00, 0x00, 0x00, 0x00, 0x00, 0x00, 0x00, 0x00, 0x00, 0x00, 0x00, 0x00,
    0x00, 0x00, 0x00, 0x00, 0x00, 0x00, 0x00, 0x00, 0x00, 0x00, 0x00, 0x00, 0x00, 0x00, 0x00, 0x00,
    0x00, 0x00, 0x00, 0x00, 0x00, 0x26, 0xff, 0xff, 0xf5, 0xeb, 0xe6, 0xed, 0xff, 0xff, 0xff, 0xff,
    0xff, 0xff, 0xff, 0xff, 0xff, 0xff, 0xff, 0xff, 0xff, 0xfd, 0xff, 0xe6, 0x00, 0x00, 0x00, 0x00,
    0x00, 0x00, 0x00, 0x00, 0x00, 0x00, 0x00, 0x00, 0x00, 0x00, 0x00, 0x00, 0x00, 0x00, 0x00, 0x00,
    0x00, 0x00, 0x00, 0x00, 0x00, 0x00, 0x00, 0x00, 0x00, 0x00, 0x00, 0x00, 0x00, 0x00, 0x00, 0x00,
    0x00, 0x00, 0x00, 0x00, 0x00, 0x00, 0x11, 0xaf, 0xff, 0xff, 0xff, 0xff, 0xff, 0xff, 0xff, 0xff,
    0xff, 0xff, 0xff, 0xff, 0xff, 0xff, 0xff, 0xff, 0xff, 0xff, 0xfd, 0xf5, 0x40, 0x04, 0x00, 0x00,
    0x00, 0x00, 0x00, 0x00, 0x00, 0x00, 0x00, 0x00, 0x00, 0x00, 0x00, 0x00, 0x00, 0x00, 0x00, 0x00,
    0x00, 0x00, 0x00, 0x00, 0x00, 0x00, 0x00, 0x00, 0x00, 0x00, 0x00, 0x00, 0x00, 0x00, 0x00, 0x00,
    0x00, 0x00, 0x00, 0x00, 0x00, 0x00, 0x00, 0x00, 0x27, 0xa6, 0xfb, 0xfd, 0xff, 0xff, 0xff, 0xff,
    0xff, 0xff, 0xff, 0xff, 0xff, 0xff, 0xff, 0xff, 0xff, 0xff, 0xff, 0xff, 0xff, 0xe9, 0x21, 0x00,
    0x00, 0x00, 0x00, 0x00, 0x00, 0x00, 0x00, 0x00, 0x00, 0x00, 0x00, 0x00, 0x00, 0x00, 0x00, 0x00,
    0x00, 0x00, 0x00, 0x00, 0x00, 0x00, 0x00, 0x00, 0x00, 0x00, 0x00, 0x00, 0x00, 0x00, 0x00, 0x00,
    0x00, 0x00, 0x00, 0x00, 0x00, 0x00, 0x16, 0x62, 0xa6, 0xe0, 0xff, 0xff, 0xff, 0xff, 0xff, 0xff,
    0xff, 0xff, 0xff, 0xff, 0xff, 0xff, 0xff, 0xff, 0xff, 0xff, 0xff, 0xff, 0xf5, 0xff, 0xd1, 0x00,
    0x00, 0x00, 0x00, 0x00, 0x00, 0x00, 0x00, 0x00, 0x00, 0x00, 0x00, 0x00, 0x00, 0x00, 0x00, 0x00,
    0x00, 0x00, 0x00, 0x00, 0x00, 0x00, 0x00, 0x00, 0x00, 0x00, 0x00, 0x00, 0x00, 0x00, 0x00, 0x00,
    0x00, 0x00, 0x00, 0x00, 0x00, 0x82, 0xff, 0xff, 0xff, 0xff, 0xff, 0xff, 0xff, 0xff, 0xff, 0xff,
    0xff, 0xff, 0xff, 0xff, 0xff, 0xff, 0xff, 0xff, 0xff, 0xff, 0xff, 0xfd, 0xf9, 0xf7, 0xdc, 0x01,
    0x00, 0x00, 0x00, 0x00, 0x00, 0x00, 0x00, 0x00, 0x00, 0x00, 0x00, 0x00, 0x00, 0x00, 0x00, 0x00,
    0x00, 0x00, 0x00, 0x00, 0x00, 0x00, 0x00, 0x00, 0x00, 0x00, 0x00, 0x00, 0x00, 0x00, 0x00, 0x00,
    0x00, 0x00, 0x00, 0x00, 0x00, 0x0e, 0x12, 0x33, 0xde, 0xfd, 0xfd, 0xff, 0xff, 0xff, 0xff, 0xff,
    0xff, 0xff, 0xff, 0xff, 0xff, 0xff, 0xff, 0xff, 0xff, 0xff, 0xff, 0xff, 0xff, 0xff, 0x5c, 0x00,
    0x00, 0x00, 0x00, 0x00, 0x00, 0x00, 0x00, 0x00, 0x00, 0x00, 0x00, 0x00, 0x00, 0x00, 0x00, 0x00,
    0x00, 0x00, 0x00, 0x00, 0x00, 0x00, 0x00, 0x00, 0x00, 0x00, 0x00, 0x00, 0x00, 0x00, 0x00, 0x00,
    0x00, 0x00, 0x00, 0x00, 0x00, 0x00, 0x00, 0x82, 0xf9, 0xfb, 0xff, 0xff, 0xff, 0xff, 0xff, 0xff,
    0xff, 0xff, 0xff, 0xff, 0xff, 0xff, 0xff, 0xff, 0xff, 0xff, 0xff, 0xe9, 0xca, 0x4f, 0x00, 0x00,
    0x00, 0x00, 0x00, 0x00, 0x00, 0x00, 0x00, 0x00, 0x00, 0x00, 0x00, 0x00, 0x00, 0x00, 0x00, 0x00,
    0x00, 0x00, 0x00, 0x00, 0x00, 0x00, 0x00, 0x00, 0x00, 0x00, 0x00, 0x00, 0x00, 0x00, 0x00, 0x00,
    0x00, 0x00, 0x00, 0x00, 0x00, 0x00, 0x94, 0xff, 0xfb, 0xff, 0xff, 0xff, 0xff, 0xff, 0xff, 0xff,
    0xff, 0xff, 0xff, 0xff, 0xff, 0xff, 0xff, 0xff, 0xff, 0xfd, 0xfd, 0x1a, 0x00, 0x00, 0x00, 0x00,
    0x00, 0x00, 0x00, 0x00, 0x00, 0x00, 0x00, 0x00, 0x00, 0x00, 0x00, 0x00, 0x00, 0x00, 0x00, 0x00,
    0x00, 0x00, 0x00, 0x00, 0x00, 0x00, 0x00, 0x00, 0x00, 0x00, 0x00, 0x00, 0x00, 0x00, 0x00, 0x00,
    0x00, 0x00, 0x00, 0x00, 0x00, 0x30, 0xff, 0xff, 0xff, 0xff, 0xff, 0xff, 0xff, 0xff, 0xff, 0xff,
    0xff, 0xff, 0xff, 0xff, 0xff, 0xff, 0xff, 0xff, 0xff, 0xfd, 0xff, 0xca, 0x98, 0x09, 0x00, 0x00,
    0x00, 0x00, 0x00, 0x00, 0x00, 0x00, 0x00, 0x00, 0x00, 0x00, 0x00, 0x00, 0x00, 0x00, 0x00, 0x00,
    0x00, 0x00, 0x00, 0x00, 0x00, 0x00, 0x00, 0x00, 0x00, 0x00, 0x00, 0x00, 0x00, 0x00, 0x00, 0x00,
    0x00, 0x00, 0x00, 0x00, 0x00, 0xb0, 0xb4, 0x77, 0xf1, 0xff, 0xff, 0xff, 0xff, 0xff, 0xff, 0xff,
    0xff, 0xff, 0xff, 0xff, 0xff, 0xff, 0xff, 0xfb, 0xf7, 0xf7, 0xf7, 0xff, 0xff, 0x0f, 0x00, 0x00,
    0x00, 0x00, 0x00, 0x00, 0x00, 0x00, 0x00, 0x00, 0x00, 0x00, 0x00, 0x00, 0x00, 0x00, 0x00, 0x00,
    0x00, 0x00, 0x00, 0x00, 0x00, 0x00, 0x00, 0x00, 0x00, 0x00, 0x00, 0x00, 0x00, 0x00, 0x00, 0x00,
    0x00, 0x00, 0x00, 0x00, 0x00, 0x07, 0x00, 0x1c, 0xfb, 0xf7, 0xff, 0xff, 0xff, 0xff, 0xff, 0xff,
    0xff, 0xff, 0xff, 0xff, 0xff, 0xff, 0xfb, 0xff, 0xff, 0xff, 0xff, 0xff, 0x73, 0x00, 0x00, 0x00,
    0x00, 0x00, 0x00, 0x00, 0x00, 0x00, 0x00, 0x00, 0x00, 0x00, 0x00, 0x00, 0x00, 0x00, 0x00, 0x00,
    0x00, 0x00, 0x00, 0x00, 0x00, 0x00, 0x00, 0x00, 0x00, 0x00, 0x00, 0x00, 0x00, 0x00, 0x00, 0x00,
    0x00, 0x00, 0x00, 0x00, 0x00, 0x00, 0x00, 0x92, 0xff, 0xff, 0xff, 0xff, 0xff, 0xff, 0xff, 0xff,
    0xff, 0xff, 0xff, 0xff, 0xff, 0xfd, 0xff, 0xa6, 0x3f, 0x54, 0x57, 0x23, 0x00, 0x00, 0x00, 0x00,
    0x00, 0x00, 0x00, 0x00, 0x00, 0x00, 0x00, 0x00, 0x00, 0x00, 0x00, 0x00, 0x00, 0x00, 0x00, 0x00,
    0x00, 0x00, 0x00, 0x00, 0x00, 0x00, 0x00, 0x00, 0x00, 0x00, 0x00, 0x00, 0x00, 0x00, 0x00, 0x00,
    0x00, 0x00, 0x00, 0x00, 0x00, 0x00, 0x00, 0xd5, 0xe9, 0xba, 0xff, 0xfd, 0xff, 0xff, 0xff, 0xff,
    0xff, 0xff, 0xff, 0xff, 0xfb, 0xfd, 0x91, 0x00, 0x00, 0x00, 0x00, 0x00, 0x00, 0x00, 0x00, 0x00,
    0x00, 0x00, 0x00, 0x00, 0x00, 0x00, 0x00, 0x00, 0x00, 0x00, 0x00, 0x00, 0x00, 0x00, 0x00, 0x00,
    0x00, 0x00, 0x00, 0x00, 0x00, 0x00, 0x00, 0x00, 0x00, 0x00, 0x00, 0x00, 0x00, 0x00, 0x00, 0x00,
    0x00, 0x00, 0x00, 0x00, 0x00, 0x00, 0x00, 0xe8, 0x38, 0x85, 0xff, 0xf7, 0xff, 0xff, 0xff, 0xff,
    0xff, 0xff, 0xff, 0xff, 0xf7, 0xff, 0x25, 0x00, 0x00, 0x00, 0x00, 0x00, 0x00, 0x00, 0x00, 0x00,
    0x00, 0x00, 0x00, 0x00, 0x00, 0x00, 0x00, 0x00, 0x00, 0x00, 0x00, 0x00, 0x00, 0x00, 0x00, 0x00,
    0x00, 0x00, 0x00, 0x00, 0x00, 0x00, 0x00, 0x00, 0x00, 0x00, 0x00, 0x00, 0x00, 0x00, 0x00, 0x00,
    0x00, 0x00, 0x00, 0x00, 0x00, 0x00, 0x00, 0x1c, 0x00, 0x9d, 0xfd, 0xff, 0xfd, 0xff, 0xff, 0xff,
    0xff, 0xff, 0xff, 0xff, 0xf9, 0xff, 0x8f, 0x00, 0x00, 0x00, 0x00, 0x00, 0x00, 0x00, 0x00, 0x00,
    0x00, 0x00, 0x00, 0x00, 0x00, 0x00, 0x00, 0x00, 0x00, 0x00, 0x00, 0x00, 0x00, 0x00, 0x00, 0x00,
    0x00, 0x00, 0x00, 0x00, 0x00, 0x00, 0x00, 0x00, 0x00, 0x00, 0x00, 0x00, 0x00, 0x00, 0x00, 0x00,
    0x00, 0x00, 0x00, 0x00, 0x00, 0x00, 0x00, 0x00, 0x00, 0x6b, 0xff, 0x83, 0xff, 0xfb, 0xfd, 0xff,
    0xff, 0xff, 0xff, 0xff, 0xff, 0xf9, 0xff, 0x4b, 0x00, 0x00, 0x00, 0x00, 0x00, 0x00, 0x00, 0x00,
    0x00, 0x00, 0x00, 0x00, 0x00, 0x00, 0x00, 0x02, 0x00, 0x00, 0x00, 0x00, 0x00, 0x00, 0x00, 0x00,
    0x00, 0x00, 0x00, 0x00, 0x00, 0x00, 0x00, 0x00, 0x00, 0x00, 0x00, 0x00, 0x00, 0x00, 0x00, 0x00,
    0x00, 0x00, 0x00, 0x00, 0x00, 0x00, 0x00, 0x00, 0x00, 0x12, 0xce, 0x07, 0xef, 0xff, 0xff, 0xff,
    0xff, 0xff, 0xff, 0xff, 0xff, 0xff, 0xf9, 0xff, 0x71, 0x02, 0x00, 0x00, 0x00, 0x00, 0x00, 0x00,
    0x00, 0x00, 0x00, 0x00, 0x00, 0x00, 0x61, 0x49, 0x00, 0x00, 0x00, 0x00, 0x00, 0x00, 0x00, 0x00,
    0x00, 0x00, 0x00, 0x00, 0x00, 0x00, 0x00, 0x00, 0x00, 0x00, 0x00, 0x00, 0x00, 0x00, 0x00, 0x00,
    0x00, 0x00, 0x00, 0x00, 0x00, 0x00, 0x00, 0x00, 0x00, 0x00, 0x05, 0x00, 0x4d, 0xa2, 0xbe, 0xff,
    0xfd, 0xff, 0xff, 0xff, 0xff, 0xff, 0xff, 0xf9, 0xff, 0xc3, 0x0b, 0x00, 0x00, 0x00, 0x00, 0x00,
    0x00, 0x00, 0x00, 0x00, 0x06, 0x8f, 0xff, 0x13, 0x00, 0x00, 0x00, 0x00, 0x00, 0x00, 0x00, 0x00,
    0x00, 0x00, 0x00, 0x00, 0x00, 0x00, 0x00, 0x00, 0x00, 0x00, 0x00, 0x00, 0x00, 0x00, 0x00, 0x01,
    0x2d, 0x6f, 0x8b, 0x6c, 0x30, 0x0c, 0x42, 0x27, 0x03, 0x00, 0x00, 0x00, 0x00, 0x01, 0x42, 0xfd,
    0xf7, 0xff, 0xff, 0xff, 0xff, 0xff, 0xff, 0xff, 0xf7, 0xff, 0xe9, 0x0f, 0x00, 0x00, 0x00, 0x00,
    0x00, 0x00, 0x00, 0x0e, 0xda, 0xff, 0xaa, 0x00, 0x00, 0x00, 0x00, 0x00, 0x00, 0x00, 0x00, 0x00,
    0x00, 0x00, 0x00, 0x00, 0x00, 0x00, 0x00, 0x00, 0x00, 0x00, 0x00, 0x00, 0x00, 0x00, 0x00, 0x00,
    0x5f, 0xff, 0xff, 0xff, 0xff, 0xff, 0xff, 0xff, 0xe4, 0x4d, 0x01, 0x00, 0x00, 0x00, 0x08, 0xff,
    0xff, 0xfd, 0xff, 0xff, 0xff, 0xff, 0xff, 0xff, 0xff, 0xf9, 0xff, 0xda, 0x04, 0x00, 0x00, 0x00,
    0x00, 0x00, 0x02, 0xd5, 0xff, 0xf5, 0x0f, 0x00, 0x00, 0x00, 0x00, 0x00, 0x00, 0x00, 0x00, 0x00,
    0x00, 0x00, 0x00, 0x00, 0x00, 0x00, 0x00, 0x00, 0x00, 0x00, 0x00, 0x00, 0x00, 0x00, 0x05, 0x32,
    0x61, 0xd9, 0xf9, 0xf7, 0xf7, 0xff, 0xf9, 0xf7, 0xff, 0xff, 0x9d, 0x15, 0x17, 0x00, 0x03, 0xfb,
    0xfb, 0xff, 0xff, 0xff, 0xff, 0xff, 0xff, 0xff, 0xff, 0xff, 0xf7, 0xff, 0x8c, 0x00, 0x00, 0x00,
    0x00, 0x00, 0x39, 0xff, 0xfd, 0x61, 0x00, 0x00, 0x00, 0x00, 0x00, 0x00, 0x00, 0x00, 0x00, 0x00,
    0x00, 0x00, 0x00, 0x00, 0x00, 0x00, 0x00, 0x00, 0x00, 0x00, 0x00, 0x00, 0x05, 0x66, 0xef, 0xff,
    0xff, 0xff, 0xff, 0xff, 0xff, 0xff, 0xff, 0xff, 0xfd, 0xf7, 0xff, 0xfb, 0xef, 0x1c, 0x17, 0x29,
    0xfb, 0xfd, 0xff, 0xff, 0xff, 0xff, 0xff, 0xff, 0xff, 0xff, 0xff, 0xf7, 0xff, 0x1b, 0x00, 0x00,
    0x00, 0x00, 0x77, 0xfd, 0xf9, 0x0a, 0x00, 0x00, 0x00, 0x00, 0x00, 0x00, 0x00, 0x00, 0x00, 0x00,
    0x00, 0x00, 0x00, 0x00, 0x00, 0x00, 0x00, 0x00, 0x00, 0x00, 0x00, 0x37, 0xff, 0xff, 0xff, 0xf7,
    0xf9, 0xfd, 0xff, 0xff, 0xff, 0xff, 0xff, 0xff, 0xff, 0xff, 0xfb, 0xfd, 0xff, 0xde, 0xde, 0x73,
    0xff, 0xfd, 0xff, 0xff, 0xff, 0xff, 0xff, 0xff, 0xff, 0xff, 0xff, 0xf9, 0xfd, 0x8f, 0x00, 0x00,
    0x00, 0x00, 0x73, 0xff, 0xce, 0x01, 0x00, 0x00, 0x00, 0x00, 0x00, 0x00, 0x00, 0x00, 0x00, 0x00,
    0x00, 0x00, 0x00, 0x00, 0x00, 0x00, 0x00, 0x00, 0x00, 0x00, 0x19, 0xaf, 0x70, 0xc5, 0xfd, 0xfd,
    0xff, 0xff, 0xff, 0xff, 0xff, 0xff, 0xff, 0xff, 0xff, 0xff, 0xff, 0xff, 0xfd, 0xff, 0xff, 0xff,
    0xff, 0xff, 0xff, 0xff, 0xff, 0xff, 0xff, 0xff, 0xff, 0xff, 0xff, 0xfd, 0xff, 0xeb, 0x02, 0x00,
    0x00, 0x0a, 0x79, 0xff, 0xe9, 0x02, 0x00, 0x00, 0x00, 0x00, 0x00, 0x00, 0x00, 0x00, 0x00, 0x00,
    0x00, 0x00, 0x00, 0x00, 0x00, 0x00, 0x00, 0x00, 0x00, 0x00, 0x00, 0x06, 0x74, 0xef, 0xfb, 0xff,
    0xff, 0xff, 0xff, 0xff, 0xff, 0xff, 0xff, 0xff, 0xff, 0xff, 0xff, 0xff, 0xff, 0xfd, 0xfd, 0xfb,
    0xff, 0xff, 0xff, 0xff, 0xff, 0xff, 0xff, 0xff, 0xff, 0xff, 0xff, 0xff, 0xfb, 0xff, 0x0f, 0x00,
    0x00, 0x58, 0xf5, 0xf3, 0xff, 0x3b, 0x4e, 0x01, 0x00, 0x00, 0x00, 0x00, 0x00, 0x00, 0x00, 0x00,
    0x00, 0x00, 0x00, 0x00, 0x00, 0x00, 0x00, 0x00, 0x00, 0x00, 0x15, 0xe2, 0xff, 0xff, 0xff, 0xff,
    0xff, 0xff, 0xff, 0xff, 0xff, 0xff, 0xff, 0xff, 0xff, 0xff, 0xff, 0xff, 0xff, 0xff, 0xff, 0xff,
    0xff, 0xff, 0xff, 0xff, 0xff, 0xff, 0xff, 0xff, 0xff, 0xff, 0xff, 0xff, 0xf9, 0xff, 0x19, 0x00,
    0x00, 0x11, 0xff, 0xf7, 0xfd, 0xff, 0xff, 0x02, 0x00, 0x00, 0x00, 0x00, 0x00, 0x00, 0x00, 0x00,
    0x00, 0x00, 0x00, 0x00, 0x00, 0x00, 0x00, 0x00, 0x00, 0x14, 0xfb, 0xff, 0xf7, 0xff, 0xff, 0xff,
    0xff, 0xff, 0xff, 0xff, 0xff, 0xff, 0xff, 0xff, 0xff, 0xff, 0xff, 0xff, 0xff, 0xff, 0xff, 0xff,
    0xff, 0xff, 0xff, 0xff, 0xff, 0xff, 0xff, 0xff, 0xff, 0xff, 0xff, 0xff, 0xf9, 0xff, 0x17, 0x00,
    0x00, 0x00, 0x85, 0xff, 0xf3, 0xf7, 0xfd, 0x23, 0x00, 0x00, 0x00, 0x00, 0x00, 0x00, 0x00, 0x00,
    0x00, 0x00, 0x00, 0x00, 0x00, 0x00, 0x00, 0x00, 0x08, 0xfd, 0xfd, 0xfb, 0xff, 0xff, 0xff, 0xff,
    0xff, 0xff, 0xff, 0xff, 0xff, 0xff, 0xff, 0xff, 0xff, 0xff, 0xff, 0xff, 0xff, 0xff, 0xff, 0xff,
    0xff, 0xff, 0xff, 0xff, 0xff, 0xff, 0xff, 0xff, 0xff, 0xff, 0xff, 0xff, 0xfd, 0xff, 0x09, 0x00,
    0x00, 0x00, 0x02, 0xb5, 0xff, 0xf1, 0xfd, 0xb4, 0x00, 0x00, 0x00, 0x00, 0x00, 0x00, 0x00, 0x00,
    0x00, 0x00, 0x00, 0x00, 0x00, 0x00, 0x00, 0x00, 0x23, 0x73, 0xeb, 0xfd, 0xff, 0xff, 0xff, 0xff,
    0xff, 0xff, 0xff, 0xff, 0xff, 0xff, 0xff, 0xff, 0xff, 0xff, 0xff, 0xff, 0xff, 0xff, 0xff, 0xff,
    0xff, 0xff, 0xff, 0xff, 0xff, 0xff, 0xff, 0xff, 0xff, 0xff, 0xff, 0xfb, 0xff, 0xce, 0x00, 0x00,
    0x00, 0x00, 0x00, 0x02, 0x89, 0xff, 0xfd, 0xff, 0x2a, 0x00, 0x00, 0x00, 0x00, 0x00, 0x00, 0x00,
    0x00, 0x00, 0x00, 0x00, 0x00, 0x00, 0x00, 0x00, 0x00, 0x66, 0xff, 0xf9, 0xff, 0xff, 0xff, 0xff,
    0xff, 0xff, 0xff, 0xff, 0xff, 0xff, 0xff, 0xff, 0xff, 0xff, 0xff, 0xff, 0xff, 0xff, 0xff, 0xff,
    0xff, 0xff, 0xff, 0xff, 0xff, 0xff, 0xff, 0xff, 0xff, 0xff, 0xff, 0xf7, 0xff, 0x5e, 0x00, 0x00,
    0x00, 0x00, 0x00, 0x00, 0x00, 0x26, 0xe0, 0xff, 0xa6, 0x1c, 0x01, 0x00, 0x00, 0x00, 0x00, 0x00,
    0x00, 0x00, 0x00, 0x00, 0x00, 0x00, 0x00, 0x00, 0x0c, 0xff, 0xfb, 0xff, 0xff, 0xff, 0xff, 0xff,
    0xff, 0xff, 0xff, 0xff, 0xff, 0xff, 0xff, 0xff, 0xff, 0xff, 0xff, 0xff, 0xff, 0xff, 0xff, 0xff,
    0xff, 0xff, 0xff, 0xff, 0xff, 0xff, 0xff, 0xff, 0xff, 0xff, 0xff, 0xf9, 0xff, 0x09, 0x00, 0x00,
    0x00, 0x00, 0x00, 0x00, 0x02, 0x42, 0x67, 0xf9, 0xfb, 0xf3, 0x04, 0x00, 0x00, 0x00, 0x00, 0x00,
    0x00, 0x00, 0x00, 0x00, 0x00, 0x00, 0x00, 0x00, 0x69, 0xff, 0xf7, 0xff, 0xff, 0xff, 0xff, 0xff,
    0xff, 0xff, 0xff, 0xff, 0xff, 0xff, 0xff, 0xff, 0xff, 0xff, 0xff, 0xff, 0xff, 0xff, 0xff, 0xff,
    0xff, 0xff, 0xff, 0xff, 0xff, 0xff, 0xff, 0xff, 0xff, 0xff, 0xf9, 0xff, 0x66, 0x00, 0x00, 0x00,
    0x00, 0x00, 0x00, 0x00, 0x00, 0x3e, 0xff, 0xf7, 0xff, 0xff, 0x09, 0x00, 0x00, 0x00, 0x00, 0x00,
    0x00, 0x00, 0x00, 0x00, 0x00, 0x00, 0x00, 0x02, 0xe9, 0xff, 0xfd, 0xff, 0xff, 0xff, 0xff, 0xff,
    0xff, 0xff, 0xff, 0xff, 0xff, 0xff, 0xff, 0xff, 0xff, 0xff, 0xff, 0xff, 0xff, 0xff, 0xff, 0xff,
    0xff, 0xff, 0xff, 0xff, 0xff, 0xff, 0xff, 0xff, 0xff, 0xfb, 0xfd, 0xb7, 0x01, 0x00, 0x00, 0x00,
    0x00, 0x00, 0x00, 0x00, 0x00, 0x00, 0x88, 0xff, 0xf5, 0xfd, 0x11, 0x00, 0x00, 0x00, 0x00, 0x00,
    0x00, 0x00, 0x00, 0x00, 0x00, 0x00, 0x00, 0x20, 0xff, 0xf9, 0xff, 0xff, 0xff, 0xff, 0xff, 0xff,
    0xff, 0xff, 0xff, 0xff, 0xff, 0xff, 0xff, 0xff, 0xff, 0xff, 0xff, 0xff, 0xff, 0xff, 0xff, 0xff,
    0xff, 0xff, 0xff, 0xff, 0xff, 0xfd, 0xff, 0xff, 0xff, 0xf7, 0xff, 0x34, 0x00, 0x00, 0x00, 0x00,
    0x00, 0x00, 0x00, 0x00, 0x00, 0x00, 0x17, 0xff, 0xf5, 0xff, 0x13, 0x00, 0x00, 0x00, 0x00, 0x00,
    0x00, 0x00, 0x00, 0x00, 0x00, 0x00, 0x00, 0x4e, 0xfd, 0xf7, 0xff, 0xff, 0xff, 0xff, 0xff, 0xff,
    0xff, 0xff, 0xff, 0xff, 0xff, 0xff, 0xff, 0xff, 0xff, 0xff, 0xff, 0xff, 0xfb, 0xfb, 0xff, 0xff,
    0xff, 0xff, 0xff, 0xfd, 0xff, 0xff, 0xfb, 0xfd, 0xff, 0xf7, 0xff, 0x4d, 0x00, 0x00, 0x00, 0x00,
    0x00, 0x00, 0x00, 0x00, 0x00, 0x00, 0x01, 0xeb, 0xff, 0xff, 0x10, 0x00, 0x00, 0x00, 0x00, 0x00,
    0x00, 0x00, 0x00, 0x00, 0x00, 0x00, 0x00, 0x6c, 0xff, 0xf9, 0xff, 0xff, 0xff, 0xff, 0xff, 0xff,
    0xff, 0xff, 0xff, 0xff, 0xff, 0xff, 0xff, 0xff, 0xff, 0xff, 0xff, 0xfb, 0xff, 0xff, 0xfd, 0xff,
    0xff, 0xff, 0xff, 0xff, 0xff, 0xed, 0xff, 0xff, 0xfb, 0xfb, 0xff, 0xc0, 0x00, 0x00, 0x00, 0x00,
    0x00, 0x00, 0x00, 0x00, 0x00, 0x02, 0x05, 0xca, 0xff, 0xf7, 0x05, 0x00, 0x00, 0x00, 0x00, 0x00,
    0x00, 0x00, 0x00, 0x00, 0x00, 0x00, 0x00, 0x13, 0xb0, 0xff, 0xfb, 0xff, 0xff, 0xff, 0xff, 0xff,
    0xff, 0xff, 0xff, 0xff, 0xff, 0xfd, 0xff, 0xff, 0xff, 0xff, 0xf5, 0xff, 0x42, 0x88, 0xff, 0xf9,
    0xff, 0xfd, 0xfd, 0x25, 0x09, 0x03, 0x1e, 0xde, 0xff, 0xf9, 0xfb, 0xff, 0x14, 0x00, 0x00, 0x00,
    0x00, 0x00, 0x00, 0x00, 0x00, 0x1b, 0xa8, 0xd1, 0xff, 0x9d, 0x00, 0x00, 0x00, 0x00, 0x00, 0x00,
    0x00, 0x00, 0x00, 0x00, 0x00, 0x00, 0x00, 0x00, 0x83, 0xff, 0xf9, 0xff, 0xff, 0xff, 0xff, 0xff,
    0xff, 0xff, 0xff, 0xff, 0xff, 0xff, 0xff, 0xff, 0xff, 0xfb, 0xff, 0x83, 0x00, 0x09, 0xf9, 0xf9,
    0xfd, 0xf7, 0xff, 0x1e, 0x00, 0x00, 0x00, 0x08, 0xba, 0xff, 0xf5, 0xfd, 0xa2, 0x00, 0x00, 0x00,
    0x00, 0x00, 0x00, 0x00, 0x00, 0x22, 0xff, 0xf7, 0xfd, 0x75, 0x04, 0x00, 0x00, 0x00, 0x00, 0x00,
    0x00, 0x00, 0x00, 0x00, 0x00, 0x00, 0x00, 0x00, 0x68, 0xff, 0xf7, 0xff, 0xff, 0xff, 0xff, 0xff,
    0xff, 0xff, 0xff, 0xff, 0xff, 0xd7, 0xf9, 0xfd, 0xf9, 0xfd, 0x52, 0x00, 0x00, 0x00, 0x27, 0xff,
    0xf7, 0xf9, 0xff, 0x95, 0x00, 0x00, 0x00, 0x00, 0x03, 0xc8, 0xfd, 0xf7, 0xff, 0x5b, 0x00, 0x00,
    0x00, 0x00, 0x00, 0x00, 0x00, 0x5b, 0xfb, 0xf5, 0xfd, 0xf3, 0x05, 0x00, 0x00, 0x00, 0x00, 0x00,
    0x00, 0x00, 0x00, 0x00, 0x00, 0x00, 0x00, 0x00, 0x35, 0xff, 0xf5, 0xff, 0xff, 0xff, 0xff, 0xff,
    0xff, 0xff, 0xfd, 0xff, 0xc5, 0x2c, 0xff, 0xff, 0xfd, 0xff, 0x82, 0x34, 0x25, 0x17, 0x00, 0x59,
    0xff, 0xf9, 0xfb, 0xff, 0x0e, 0x00, 0x00, 0x00, 0x00, 0x10, 0xfd, 0xf7, 0xf9, 0xff, 0xa6, 0x4b,
    0x45, 0x02, 0x00, 0x00, 0x00, 0xcc, 0xff, 0xf5, 0xff, 0x71, 0x00, 0x00, 0x00, 0x00, 0x00, 0x00,
    0x00, 0x00, 0x00, 0x00, 0x00, 0x00, 0x00, 0x00, 0x0b, 0xff, 0xfd, 0xff, 0xff, 0xff, 0xff, 0xff,
    0xff, 0xff, 0xff, 0xfb, 0xf1, 0x5e, 0x78, 0xcf, 0xfd, 0xff, 0xff, 0xff, 0xff, 0xff, 0xb9, 0x06,
    0xb2, 0xfd, 0xf5, 0xfd, 0xaa, 0x00, 0x00, 0x00, 0x00, 0x00, 0x68, 0xff, 0xf5, 0xf3, 0xff, 0xff,
    0xff, 0xe2, 0x0c, 0x00, 0x41, 0xff, 0xf5, 0xf9, 0xed, 0x05, 0x00, 0x00, 0x00, 0x00, 0x00, 0x00,
    0x00, 0x00, 0x00, 0x00, 0x00, 0x00, 0x00, 0x00, 0x00, 0xb4, 0xfb, 0xf7, 0xff, 0xff, 0xff, 0xff,
    0xff, 0xff, 0xff, 0xff, 0xff, 0xff, 0xc3, 0xbe, 0xfd, 0xfd, 0xc3, 0xe8, 0xff, 0xff, 0xff, 0x6c,
    0x0e, 0xff, 0xfb, 0xfb, 0xff, 0x8f, 0x17, 0x02, 0x00, 0x00, 0x03, 0xaa, 0xff, 0xff, 0xfb, 0x83,
    0xe4, 0x8f, 0x16, 0x09, 0xf7, 0xf9, 0xfb, 0xff, 0x24, 0x00, 0x00, 0x00, 0x00, 0x00, 0x00, 0x00,
    0x00, 0x00, 0x00, 0x00, 0x00, 0x00, 0x00, 0x00, 0x00, 0x17, 0x43, 0xeb, 0xfd, 0xff, 0xff, 0xff,
    0xff, 0xff, 0xff, 0xff, 0xff, 0xfd, 0xff, 0xff, 0xfb, 0xfd, 0x54, 0x0c, 0x29, 0x6f, 0x14, 0x0a,
    0x00, 0x88, 0xff, 0xf9, 0xfb, 0xff, 0xff, 0xd3, 0x1f, 0x00, 0x00, 0x00, 0x0f, 0x2e, 0x5b, 0x00,
    0x07, 0x00, 0x06, 0xd5, 0xfd, 0xf7, 0xef, 0x38, 0x00, 0x00, 0x00, 0x00, 0x00, 0x00, 0x00, 0x00,
    0x00, 0x00, 0x00, 0x00, 0x00, 0x00, 0x00, 0x00, 0x00, 0x00, 0x00, 0x91, 0xff, 0xf7, 0xff, 0xff,
    0xff, 0xff, 0xff, 0xff, 0xff, 0xff, 0xfd, 0xfd, 0xff, 0xff, 0xff, 0xcf, 0xb2, 0xa5, 0x98, 0x5e,
    0x26, 0x55, 0xff, 0xf9, 0xff, 0xff, 0xff, 0xff, 0xff, 0x10, 0x00, 0x00, 0x00, 0x00, 0x00, 0x00,
    0x00, 0x13, 0xd9, 0xff, 0xf3, 0xfd, 0x9b, 0x00, 0x00, 0x00, 0x00, 0x00, 0x00, 0x00, 0x00, 0x00,
    0x00, 0x00, 0x00, 0x00, 0x00, 0x00, 0x00, 0x00, 0x00, 0x00, 0x00, 0x08, 0xef, 0xff, 0xf5, 0xfb,
    0xff, 0xff, 0xff, 0xff, 0xff, 0xff, 0xff, 0xff, 0xff, 0xff, 0xfd, 0xff, 0xff, 0xff, 0xff, 0xff,
    0xff, 0xff, 0xff, 0xfd, 0xff, 0x97, 0x95, 0xb5, 0x42, 0x29, 0x00, 0x00, 0x00, 0x00, 0x00, 0x07,
    0x5e, 0xff, 0xff, 0xf3, 0xff, 0xff, 0x28, 0x00, 0x00, 0x00, 0x00, 0x00, 0x00, 0x00, 0x00, 0x00,
    0x00, 0x00, 0x00, 0x00, 0x00, 0x00, 0x00, 0x00, 0x00, 0x00, 0x00, 0x00, 0x13, 0xda, 0xff, 0xff,
    0xfb, 0xfb, 0xff, 0xff, 0xff, 0xff, 0xff, 0xff, 0xff, 0xff, 0xff, 0xf7, 0xf3, 0xf3, 0xf3, 0xf1,
    0xef, 0xf7, 0xfb, 0xfd, 0xfd, 0xd1, 0x80, 0x7e, 0x0e, 0x05, 0x03, 0x04, 0x0e, 0x30, 0x80, 0xf5,
    0xff, 0xf7, 0xff, 0xff, 0xd3, 0x1a, 0x00, 0x00, 0x00, 0x00, 0x00, 0x00, 0x00, 0x00, 0x00, 0x00,
    0x00, 0x00, 0x00, 0x00, 0x00, 0x00, 0x00, 0x00, 0x00, 0x00, 0x00, 0x00, 0x00, 0x04, 0x35, 0x82,
    0xff, 0xff, 0xfb, 0xf7, 0xfb, 0xf7, 0xf9, 0xfb, 0xfb, 0xfb, 0xf9, 0xff, 0xff, 0xff, 0xff, 0xff,
    0xff, 0xff, 0xff, 0xff, 0xf7, 0xff, 0xff, 0xff, 0xff, 0xf5, 0xed, 0xf3, 0xff, 0xff, 0xff, 0xfd,
    0xff, 0xff, 0xe4, 0x57, 0x03, 0x00, 0x00, 0x00, 0x00, 0x00, 0x00, 0x00, 0x00, 0x00, 0x00, 0x00,
    0x00, 0x00, 0x00, 0x00, 0x00, 0x00, 0x00, 0x00, 0x00, 0x00, 0x00, 0x00, 0x00, 0x00, 0x00, 0x00,
    0x22, 0xaa, 0xff, 0xff, 0xff, 0xff, 0xff, 0xff, 0xff, 0xff, 0xff, 0x97, 0x3f, 0x27, 0x1a, 0x22,
    0x3a, 0x75, 0xc0, 0xff, 0xff, 0xff, 0xff, 0xff, 0xfb, 0xfd, 0xfd, 0xfb, 0xf5, 0xf1, 0xff, 0xff,
    0xb4, 0x3a, 0x04, 0x00, 0x00, 0x00, 0x00, 0x00, 0x00, 0x00, 0x00, 0x00, 0x00, 0x00, 0x00, 0x00,
    0x00, 0x00, 0x00, 0x00, 0x00, 0x00, 0x00, 0x00, 0x00, 0x00, 0x00, 0x00, 0x00, 0x00, 0x00, 0x00,
    0x00, 0x00, 0x12, 0x50, 0x3b, 0x39, 0x79, 0xa3, 0xb4, 0x9a, 0x62, 0x05, 0x00, 0x00, 0x00, 0x00,
    0x00, 0x00, 0x00, 0x0a, 0x2f, 0x69, 0xad, 0xe4, 0xff, 0xff, 0xff, 0xff, 0xff, 0xff, 0x83, 0x13,
    0x00, 0x00, 0x00, 0x00, 0x00, 0x00, 0x00, 0x00, 0x00, 0x00, 0x00, 0x00, 0x00, 0x00, 0x00, 0x00,
    0x00, 0x00, 0x00, 0x00, 0x00, 0x00, 0x00, 0x00, 0x00, 0x00, 0x00, 0x00, 0x00, 0x00, 0x00, 0x00,
    0x00, 0x00, 0x00, 0x00, 0x00, 0x00, 0x00, 0x00, 0x00, 0x00, 0x00, 0x00, 0x00, 0x00, 0x00, 0x00,
    0x00, 0x00, 0x00, 0x00, 0x00, 0x00, 0x00, 0x02, 0x09, 0x1a, 0x2c, 0x30, 0x2b, 0x17, 0x00, 0x00,
    0x00, 0x00, 0x00, 0x00, 0x00, 0x00, 0x00, 0x00, 0x00, 0x00, 0x00, 0x00, 0x00, 0x00, 0x00, 0x00,
    0x00, 0x00, 0x00, 0x00, 0x00, 0x00, 0x00, 0x00, 0x00, 0x00, 0x00, 0x00, 0x00, 0x00, 0x00, 0x00,
    0x00, 0x00, 0x00, 0x00, 0x00, 0x00, 0x00, 0x00, 0x00, 0x00, 0x00, 0x00, 0x00, 0x00, 0x00, 0x00,
    0x00, 0x00, 0x00, 0x00, 0x00, 0x00, 0x00, 0x00, 0x00, 0x00, 0x00, 0x00, 0x00, 0x00, 0x00, 0x00,
    0x00, 0x00, 0x00, 0x00, 0x00, 0x00, 0x00, 0x00, 0x00, 0x00, 0x00, 0x00, 0x00, 0x00, 0x00, 0x00,
};

const lv_image_dsc_t angry_frame_5_dsc = {
    .header.w = 64,
    .header.h = 64,
    .header.cf = LV_COLOR_FORMAT_RGB565A8,
    .data_size = 12288,
    .data = angry_frame_5_data,
};

/* Frame 6: frame_006.png */
static const uint8_t angry_frame_6_data[] = {
    0x00, 0x00, 0x00, 0x00, 0x00, 0x00, 0x00, 0x00, 0x00, 0x00, 0x00, 0x00, 0x00, 0x00, 0x00, 0x00,
    0x00, 0x00, 0x00, 0x00, 0x00, 0x00, 0x00, 0x00, 0x00, 0x00, 0x00, 0x00, 0x00, 0x00, 0x00, 0x00,
    0x00, 0x00, 0x00, 0x00, 0x00, 0x00, 0x00, 0x00, 0x00, 0x00, 0x00, 0x00, 0x00, 0x00, 0x00, 0x00,
    0x00, 0x00, 0x00, 0x00, 0x00, 0x00, 0x00, 0x00, 0x00, 0x00, 0x00, 0x00, 0x00, 0x00, 0x00, 0x00,
    0x00, 0x00, 0x00, 0x00, 0x00, 0x00, 0x00, 0x00, 0x00, 0x00, 0x00, 0x00, 0x00, 0x00, 0x00, 0x00,
    0x00, 0x00, 0x00, 0x00, 0x00, 0x00, 0x00, 0x00, 0x00, 0x00, 0x00, 0x00, 0x00, 0x00, 0x00, 0x00,
    0x00, 0x00, 0x00, 0x00, 0x00, 0x00, 0x00, 0x00, 0x00, 0x00, 0x00, 0x00, 0x00, 0x00, 0x00, 0x00,
    0x00, 0x00, 0x00, 0x00, 0x00, 0x00, 0x00, 0x00, 0x00, 0x00, 0x00, 0x00, 0x00, 0x00, 0x00, 0x00,
    0x00, 0x00, 0x00, 0x00, 0x00, 0x00, 0x00, 0x00, 0x00, 0x00, 0x00, 0x00, 0x00, 0x00, 0x00, 0x00,
    0x00, 0x00, 0x00, 0x00, 0x00, 0x00, 0x00, 0x00, 0x00, 0x00, 0x00, 0x00, 0x00, 0x00, 0x00, 0x00,
    0x00, 0x00, 0x00, 0x00, 0x00, 0x00, 0x00, 0x00, 0x00, 0x00, 0x00, 0x00, 0x00, 0x00, 0x00, 0x00,
    0x00, 0x00, 0x00, 0x00, 0x00, 0x00, 0x00, 0x00, 0x00, 0x00, 0x00, 0x00, 0x00, 0x00, 0x00, 0x00,
    0x00, 0x00, 0x00, 0x00, 0x00, 0x00, 0x00, 0x00, 0x00, 0x00, 0x00, 0x00, 0x00, 0x00, 0x00, 0x00,
    0x00, 0x00, 0x00, 0x00, 0x00, 0x00, 0x00, 0x00, 0x00, 0x00, 0x00, 0x00, 0x00, 0x00, 0x00, 0x00,
    0x00, 0x00, 0x00, 0x00, 0x00, 0x00, 0x00, 0x00, 0x00, 0x00, 0x00, 0x00, 0x00, 0x00, 0x00, 0x00,
    0x00, 0x00, 0x00, 0x00, 0x00, 0x00, 0x00, 0x00, 0x00, 0x00, 0x00, 0x00, 0x00, 0x00, 0x00, 0x00,
    0x00, 0x00, 0x00, 0x00, 0x00, 0x00, 0x00, 0x00, 0x00, 0x00, 0x00, 0x00, 0x00, 0x00, 0x00, 0x00,
    0x00, 0x00, 0x00, 0x00, 0x00, 0x00, 0x00, 0x00, 0x00, 0x00, 0x00, 0x00, 0x00, 0x00, 0x00, 0x00,
    0x00, 0x00, 0x00, 0x00, 0x00, 0x00, 0x00, 0x00, 0x00, 0x00, 0x00, 0x00, 0x00, 0x00, 0x00, 0x00,
    0x00, 0x00, 0x00, 0x00, 0x00, 0x00, 0x00, 0x00, 0x00, 0x00, 0x00, 0x00, 0x00, 0x00, 0x00, 0x00,
    0x00, 0x00, 0x00, 0x00, 0x00, 0x00, 0x00, 0x00, 0x00, 0x00, 0x00, 0x00, 0x00, 0x00, 0x00, 0x00,
    0x00, 0x00, 0x00, 0x00, 0x00, 0x00, 0x00, 0x00, 0x00, 0x00, 0x00, 0x00, 0x00, 0x00, 0x00, 0x00,
    0x00, 0x00, 0x00, 0x00, 0x00, 0x00, 0x00, 0x00, 0x00, 0x00, 0x00, 0x00, 0x00, 0x00, 0x00, 0x00,
    0x00, 0x00, 0x00, 0x00, 0x00, 0x00, 0x00, 0x00, 0x00, 0x00, 0x00, 0x00, 0x00, 0x00, 0x00, 0x00,
    0x00, 0x00, 0x00, 0x00, 0x00, 0x00, 0x00, 0x00, 0x00, 0x00, 0x00, 0x00, 0x00, 0x00, 0x00, 0x00,
    0x00, 0x00, 0x00, 0x00, 0x00, 0x00, 0x00, 0x00, 0x00, 0x00, 0x00, 0x00, 0x00, 0x00, 0x00, 0x00,
    0x00, 0x00, 0x00, 0x00, 0x00, 0x00, 0x00, 0x00, 0x00, 0x00, 0x00, 0x00, 0x00, 0x00, 0xa1, 0x00,
    0x61, 0x00, 0x00, 0x00, 0x00, 0x00, 0x00, 0x00, 0x00, 0x00, 0x00, 0x00, 0x00, 0x00, 0x00, 0x00,
    0x00, 0x00, 0x00, 0x00, 0x00, 0x00, 0x00, 0x00, 0x00, 0x00, 0x00, 0x00, 0x00, 0x00, 0x00, 0x00,
    0x00, 0x00, 0x00, 0x00, 0x00, 0x00, 0x00, 0x00, 0x00, 0x00, 0x00, 0x00, 0x00, 0x00, 0x00, 0x00,
    0x00, 0x00, 0x00, 0x00, 0x00, 0x00, 0x00, 0x00, 0x00, 0x00, 0x00, 0x00, 0x00, 0x00, 0x00, 0x00,
    0x00, 0x00, 0x00, 0x00, 0x00, 0x00, 0x00, 0x00, 0x00, 0x00, 0x00, 0x00, 0x00, 0x00, 0x00, 0x00,
    0x00, 0x00, 0x00, 0x00, 0x00, 0x00, 0x00, 0x00, 0x00, 0x00, 0x00, 0x00, 0x00, 0x00, 0x00, 0x00,
    0x00, 0x00, 0x00, 0x00, 0x00, 0x00, 0x00, 0x00, 0x00, 0x00, 0x00, 0x00, 0x00, 0x00, 0x00, 0x00,
    0x00, 0x00, 0x00, 0x00, 0x00, 0x00, 0x00, 0x00, 0x00, 0x00, 0x00, 0x00, 0x00, 0x00, 0xc7, 0x00,
    0x81, 0x00, 0x00, 0x00, 0x00, 0x00, 0x00, 0x00, 0x00, 0x00, 0x00, 0x00, 0x00, 0x00, 0x00, 0x00,
    0x00, 0x00, 0x00, 0x00, 0x23, 0x00, 0x20, 0x00, 0x00, 0x00, 0x00, 0x00, 0x00, 0x00, 0x00, 0x00,
    0x00, 0x00, 0x00, 0x00, 0x00, 0x00, 0x00, 0x00, 0x00, 0x00, 0x00, 0x00, 0x00, 0x00, 0x00, 0x00,
    0x00, 0x00, 0x00, 0x00, 0x00, 0x00, 0x00, 0x00, 0x00, 0x00, 0x00, 0x00, 0x00, 0x00, 0x00, 0x00,
    0x00, 0x00, 0x00, 0x00, 0x00, 0x00, 0x00, 0x00, 0x00, 0x00, 0x00, 0x00, 0x00, 0x00, 0x00, 0x00,
    0x00, 0x00, 0x00, 0x00, 0x00, 0x00, 0x00, 0x00, 0x00, 0x00, 0x00, 0x00, 0x00, 0x00, 0x00, 0x00,
    0x00, 0x00, 0x00, 0x00, 0x00, 0x00, 0x00, 0x00, 0x00, 0x00, 0x00, 0x00, 0x00, 0x00, 0x00, 0x00,
    0x00, 0x00, 0x00, 0x00, 0x00, 0x00, 0x00, 0x00, 0x00, 0x00, 0x00, 0x00, 0xa1, 0x00, 0x49, 0x00,
    0x40, 0x00, 0x00, 0x00, 0x00, 0x00, 0x00, 0x00, 0x00, 0x00, 0x00, 0x00, 0x00, 0x00, 0x00, 0x00,
    0x00, 0x00, 0x00, 0x00, 0x86, 0x00, 0x40, 0x00, 0x00, 0x00, 0x00, 0x00, 0x00, 0x00, 0x00, 0x00,
    0x00, 0x00, 0x00, 0x00, 0x00, 0x00, 0x00, 0x00, 0x00, 0x00, 0x00, 0x00, 0x00, 0x00, 0x00, 0x00,
    0x00, 0x00, 0x00, 0x00, 0x00, 0x00, 0x00, 0x00, 0x00, 0x00, 0x00, 0x00, 0x00, 0x00, 0x00, 0x00,
    0x00, 0x00, 0x00, 0x00, 0x00, 0x00, 0x00, 0x00, 0x00, 0x00, 0x00, 0x00, 0x00, 0x00, 0x00, 0x00,
    0x00, 0x00, 0x00, 0x00, 0x00, 0x00, 0x00, 0x00, 0x00, 0x00, 0x00, 0x00, 0x00, 0x00, 0x00, 0x00,
    0x00, 0x00, 0x00, 0x00, 0x00, 0x00, 0x00, 0x00, 0x00, 0x00, 0x00, 0x00, 0x00, 0x00, 0x00, 0x00,
    0x00, 0x00, 0x00, 0x00, 0x00, 0x00, 0x00, 0x00, 0x00, 0x00, 0x00, 0x00, 0xc2, 0x00, 0x69, 0x00,
    0x23, 0x00, 0x00, 0x00, 0x00, 0x00, 0x00, 0x00, 0xa1, 0x00, 0xa4, 0x00, 0x00, 0x00, 0x00, 0x00,
    0x00, 0x00, 0x00, 0x00, 0x66, 0x00, 0xe5, 0x00, 0x00, 0x00, 0x00, 0x00, 0x61, 0x00, 0x00, 0x00,
    0x00, 0x00, 0x00, 0x00, 0x00, 0x00, 0x00, 0x00, 0x00, 0x00, 0x00, 0x00, 0x00, 0x00, 0x00, 0x00,
    0x00, 0x00, 0x00, 0x00, 0x00, 0x00, 0x00, 0x00, 0x00, 0x00, 0x00, 0x00, 0x00, 0x00, 0x00, 0x00,
    0x00, 0x00, 0x00, 0x00, 0x00, 0x00, 0x00, 0x00, 0x00, 0x00, 0x00, 0x00, 0x00, 0x00, 0x00, 0x00,
    0x00, 0x00, 0x00, 0x00, 0x00, 0x00, 0x00, 0x00, 0x00, 0x00, 0x00, 0x00, 0x00, 0x00, 0x00, 0x00,
    0x00, 0x00, 0x00, 0x00, 0x00, 0x00, 0x00, 0x00, 0x00, 0x00, 0x00, 0x00, 0x00, 0x00, 0x00, 0x00,
    0x00, 0x00, 0x00, 0x00, 0x00, 0x00, 0x00, 0x00, 0x00, 0x00, 0x00, 0x00, 0x40, 0x00, 0x66, 0x00,
    0x29, 0x00, 0xc2, 0x00, 0x61, 0x00, 0x00, 0x00, 0x02, 0x00, 0x07, 0x00, 0x00, 0x00, 0x00, 0x00,
    0x00, 0x00, 0x00, 0x00, 0x23, 0x00, 0x28, 0x00, 0xc4, 0x00, 0x00, 0x00, 0xa3, 0x00, 0xa1, 0x00,
    0x00, 0x00, 0x00, 0x00, 0x00, 0x00, 0x00, 0x00, 0x00, 0x00, 0x00, 0x00, 0x00, 0x00, 0x00, 0x00,
    0x00, 0x00, 0x00, 0x00, 0x00, 0x00, 0x00, 0x00, 0x00, 0x00, 0x00, 0x00, 0x00, 0x00, 0x00, 0x00,
    0x00, 0x00, 0x00, 0x00, 0x00, 0x00, 0x00, 0x00, 0x00, 0x00, 0x00, 0x00, 0x00, 0x00, 0x00, 0x00,
    0x00, 0x00, 0x00, 0x00, 0x00, 0x00, 0x00, 0x00, 0x00, 0x00, 0x00, 0x00, 0x00, 0x00, 0x00, 0x00,
    0x00, 0x00, 0x00, 0x00, 0x00, 0x00, 0x00, 0x00, 0x00, 0x00, 0x00, 0x00, 0x00, 0x00, 0x00, 0x00,
    0x00, 0x00, 0x00, 0x00, 0x00, 0x00, 0x00, 0x00, 0x00, 0x00, 0x00, 0x00, 0x00, 0x00, 0x23, 0x00,
    0x46, 0x00, 0xe8, 0x00, 0x46, 0x00, 0xa4, 0x00, 0xa1, 0x00, 0x28, 0x00, 0x45, 0x00, 0x00, 0x00,
    0x20, 0x00, 0x02, 0x00, 0x00, 0x00, 0x63, 0x00, 0xc6, 0x00, 0x86, 0x00, 0x45, 0x00, 0x83, 0x00,
    0x00, 0x00, 0x00, 0x00, 0x00, 0x00, 0x00, 0x00, 0x00, 0x00, 0x00, 0x00, 0x00, 0x00, 0x00, 0x00,
    0x00, 0x00, 0x00, 0x00, 0x00, 0x00, 0x00, 0x00, 0x00, 0x00, 0x00, 0x00, 0x00, 0x00, 0x00, 0x00,
    0x00, 0x00, 0x00, 0x00, 0x00, 0x00, 0x00, 0x00, 0x00, 0x00, 0x00, 0x00, 0x00, 0x00, 0x00, 0x00,
    0x00, 0x00, 0x00, 0x00, 0x00, 0x00, 0x00, 0x00, 0x00, 0x00, 0x00, 0x00, 0x00, 0x00, 0x00, 0x00,
    0x00, 0x00, 0x00, 0x00, 0x00, 0x00, 0x00, 0x00, 0x00, 0x00, 0x00, 0x00, 0x00, 0x00, 0x00, 0x00,
    0x00, 0x00, 0x00, 0x00, 0x00, 0x00, 0x00, 0x00, 0x00, 0x00, 0x00, 0x00, 0x00, 0x00, 0x00, 0x00,
    0x02, 0x00, 0x64, 0x00, 0x06, 0x00, 0x87, 0x00, 0xa4, 0x00, 0x63, 0x00, 0x48, 0x00, 0x66, 0x00,
    0x81, 0x00, 0x86, 0x00, 0x86, 0x00, 0x40, 0x00, 0x65, 0x00, 0x07, 0x00, 0xa8, 0x00, 0xc9, 0x00,
    0x02, 0x00, 0x00, 0x00, 0x40, 0x00, 0x00, 0x00, 0x00, 0x00, 0x00, 0x00, 0x00, 0x00, 0x00, 0x00,
    0x00, 0x00, 0x00, 0x00, 0x00, 0x00, 0x00, 0x00, 0x00, 0x00, 0x00, 0x00, 0x00, 0x00, 0x00, 0x00,
    0x00, 0x00, 0x00, 0x00, 0x00, 0x00, 0x00, 0x00, 0x00, 0x00, 0x00, 0x00, 0x00, 0x00, 0x00, 0x00,
    0x00, 0x00, 0x00, 0x00, 0x00, 0x00, 0x00, 0x00, 0x00, 0x00, 0x00, 0x00, 0x00, 0x00, 0x00, 0x00,
    0x00, 0x00, 0x00, 0x00, 0x00, 0x00, 0x00, 0x00, 0x00, 0x00, 0x00, 0x00, 0x00, 0x00, 0x00, 0x00,
    0x00, 0x00, 0x00, 0x00, 0x00, 0x00, 0x64, 0x00, 0xe2, 0x00, 0x40, 0x00, 0xa1, 0x00, 0x84, 0x00,
    0xc5, 0x00, 0xe5, 0x00, 0x05, 0x00, 0x26, 0x00, 0x86, 0x00, 0x86, 0x00, 0xc4, 0x00, 0x66, 0x00,
    0x27, 0x00, 0x24, 0x00, 0xe9, 0x00, 0x67, 0x00, 0x45, 0x00, 0x47, 0x00, 0xe7, 0x00, 0xa8, 0x00,
    0x29, 0x00, 0x23, 0x00, 0xa4, 0x00, 0xa1, 0x00, 0x00, 0x00, 0x00, 0x00, 0x00, 0x00, 0x00, 0x00,
    0x00, 0x00, 0x00, 0x00, 0x00, 0x00, 0x00, 0x00, 0x00, 0x00, 0x00, 0x00, 0x00, 0x00, 0x00, 0x00,
    0x00, 0x00, 0x00, 0x00, 0x00, 0x00, 0x00, 0x00, 0x00, 0x00, 0x00, 0x00, 0x00, 0x00, 0x00, 0x00,
    0x00, 0x00, 0x00, 0x00, 0x00, 0x00, 0x00, 0x00, 0x00, 0x00, 0x00, 0x00, 0x00, 0x00, 0x00, 0x00,
    0x00, 0x00, 0x00, 0x00, 0x00, 0x00, 0x00, 0x00, 0x00, 0x00, 0x00, 0x00, 0x00, 0x00, 0x00, 0x00,
    0x00, 0x00, 0x00, 0x00, 0x00, 0x00, 0x03, 0x00, 0x87, 0x00, 0x67, 0x00, 0x46, 0x00, 0xe5, 0x00,
    0x02, 0x00, 0x81, 0x00, 0xa1, 0x00, 0xa1, 0x00, 0xe2, 0x00, 0x63, 0x00, 0x66, 0x00, 0x65, 0x00,
    0xa6, 0x00, 0xc6, 0x00, 0xc4, 0x00, 0xe9, 0x00, 0x29, 0x00, 0xc6, 0x00, 0x06, 0x00, 0xab, 0x00,
    0x27, 0x00, 0xe8, 0x00, 0x47, 0x00, 0x83, 0x00, 0x00, 0x00, 0x00, 0x00, 0x00, 0x00, 0x00, 0x00,
    0x00, 0x00, 0x00, 0x00, 0x00, 0x00, 0x00, 0x00, 0x00, 0x00, 0x00, 0x00, 0x00, 0x00, 0x00, 0x00,
    0x00, 0x00, 0x00, 0x00, 0x00, 0x00, 0x00, 0x00, 0x00, 0x00, 0x00, 0x00, 0x00, 0x00, 0x00, 0x00,
    0x00, 0x00, 0x00, 0x00, 0x00, 0x00, 0x00, 0x00, 0x00, 0x00, 0x00, 0x00, 0x00, 0x00, 0x00, 0x00,
    0x00, 0x00, 0x00, 0x00, 0x00, 0x00, 0x00, 0x00, 0x00, 0x00, 0x00, 0x00, 0x00, 0x00, 0x00, 0x00,
    0x00, 0x00, 0x00, 0x00, 0x00, 0x00, 0x00, 0x00, 0x81, 0x00, 0x63, 0x00, 0x84, 0x00, 0x81, 0x00,
    0x00, 0x00, 0x00, 0x00, 0x00, 0x00, 0x02, 0x00, 0x45, 0x00, 0xa4, 0x00, 0x43, 0x00, 0xa6, 0x00,
    0xa6, 0x00, 0x6a, 0x00, 0xc9, 0x00, 0x27, 0x00, 0xe8, 0x00, 0x09, 0x00, 0xc3, 0x00, 0xa7, 0x00,
    0x69, 0x00, 0x67, 0x00, 0xc8, 0x00, 0xc4, 0x00, 0x00, 0x00, 0x00, 0x00, 0x00, 0x00, 0x00, 0x00,
    0x00, 0x00, 0x00, 0x00, 0x00, 0x00, 0x00, 0x00, 0x00, 0x00, 0x00, 0x00, 0x00, 0x00, 0x00, 0x00,
    0x00, 0x00, 0x00, 0x00, 0x00, 0x00, 0x00, 0x00, 0x00, 0x00, 0x00, 0x00, 0x00, 0x00, 0x00, 0x00,
    0x00, 0x00, 0x00, 0x00, 0x00, 0x00, 0x00, 0x00, 0x00, 0x00, 0x00, 0x00, 0x00, 0x00, 0x00, 0x00,
    0x00, 0x00, 0x00, 0x00, 0x00, 0x00, 0x00, 0x00, 0x00, 0x00, 0x00, 0x00, 0x00, 0x00, 0x00, 0x00,
    0x00, 0x00, 0x00, 0x00, 0x00, 0x00, 0x00, 0x00, 0x00, 0x00, 0x00, 0x00, 0x00, 0x00, 0x00, 0x00,
    0x00, 0x00, 0x00, 0x00, 0x00, 0x00, 0x20, 0x00, 0x23, 0x00, 0x45, 0x00, 0xe5, 0x00, 0xa4, 0x00,
    0x25, 0x00, 0x07, 0x00, 0x2c, 0x00, 0xab, 0x00, 0xe9, 0x00, 0x0b, 0x00, 0x2c, 0x00, 0xeb, 0x00,
    0xca, 0x00, 0x89, 0x00, 0xe8, 0x00, 0x06, 0x00, 0x20, 0x00, 0x00, 0x00, 0x00, 0x00, 0x00, 0x00,
    0x00, 0x00, 0x00, 0x00, 0x00, 0x00, 0x00, 0x00, 0x00, 0x00, 0x00, 0x00, 0x00, 0x00, 0x00, 0x00,
    0x00, 0x00, 0x00, 0x00, 0x00, 0x00, 0x00, 0x00, 0x00, 0x00, 0x00, 0x00, 0x00, 0x00, 0x00, 0x00,
    0x00, 0x00, 0x00, 0x00, 0x00, 0x00, 0x00, 0x00, 0x00, 0x00, 0x00, 0x00, 0x00, 0x00, 0x00, 0x00,
    0x00, 0x00, 0x00, 0x00, 0x00, 0x00, 0x00, 0x00, 0x00, 0x00, 0x00, 0x00, 0x00, 0x00, 0x00, 0x00,
    0x00, 0x00, 0x00, 0x00, 0x00, 0x00, 0x00, 0x00, 0x00, 0x00, 0x00, 0x00, 0x00, 0x00, 0x00, 0x00,
    0x00, 0x00, 0x00, 0x00, 0x20, 0x00, 0x81, 0x00, 0xe2, 0x00, 0x63, 0x00, 0xe4, 0x00, 0x83, 0x00,
    0x47, 0x00, 0x04, 0x00, 0x68, 0x00, 0xab, 0x00, 0x6d, 0x00, 0x2c, 0x00, 0x2f, 0x00, 0xb0, 0x00,
    0x90, 0x00, 0x4c, 0x00, 0xaa, 0x00, 0x29, 0x00, 0xa1, 0x00, 0x00, 0x00, 0x20, 0x00, 0x00, 0x00,
    0x00, 0x00, 0x00, 0x00, 0x00, 0x00, 0x00, 0x00, 0x00, 0x00, 0x00, 0x00, 0x00, 0x00, 0x00, 0x00,
    0x00, 0x00, 0x00, 0x00, 0x00, 0x00, 0x00, 0x00, 0x00, 0x00, 0x00, 0x00, 0x00, 0x00, 0x00, 0x00,
    0x00, 0x00, 0x00, 0x00, 0x00, 0x00, 0x00, 0x00, 0x00, 0x00, 0x00, 0x00, 0x00, 0x00, 0x00, 0x00,
    0x00, 0x00, 0x00, 0x00, 0x00, 0x00, 0x00, 0x00, 0x00, 0x00, 0x00, 0x00, 0x00, 0x00, 0x00, 0x00,
    0x00, 0x00, 0x00, 0x00, 0x00, 0x00, 0x00, 0x00, 0x00, 0x00, 0x00, 0x00, 0x00, 0x00, 0x02, 0x00,
    0x46, 0x00, 0xa7, 0x00, 0x48, 0x00, 0xea, 0x00, 0x6b, 0x00, 0xcb, 0x00, 0xec, 0x00, 0x4a, 0x00,
    0x09, 0x00, 0x6a, 0x00, 0xe9, 0x00, 0xab, 0x00, 0xec, 0x00, 0xa8, 0x00, 0x07, 0x00, 0x8b, 0x00,
    0xb1, 0x00, 0xef, 0x00, 0x4c, 0x00, 0xaa, 0x00, 0x22, 0x00, 0x00, 0x00, 0x00, 0x00, 0x00, 0x00,
    0x00, 0x00, 0x00, 0x00, 0x00, 0x00, 0x00, 0x00, 0x00, 0x00, 0x00, 0x00, 0x00, 0x00, 0x00, 0x00,
    0x00, 0x00, 0x00, 0x00, 0x00, 0x00, 0x00, 0x00, 0x00, 0x00, 0x00, 0x00, 0x00, 0x00, 0x00, 0x00,
    0x00, 0x00, 0x00, 0x00, 0x00, 0x00, 0x00, 0x00, 0x00, 0x00, 0x00, 0x00, 0x00, 0x00, 0x00, 0x00,
    0x00, 0x00, 0x00, 0x00, 0x00, 0x00, 0x00, 0x00, 0x00, 0x00, 0x00, 0x00, 0x00, 0x00, 0x00, 0x00,
    0x00, 0x00, 0x00, 0x00, 0x00, 0x00, 0x00, 0x00, 0x00, 0x00, 0x00, 0x00, 0x00, 0x00, 0x61, 0x00,
    0x84, 0x00, 0x46, 0x00, 0xa7, 0x00, 0xa7, 0x00, 0xe7, 0x00, 0x07, 0x00, 0xe9, 0x00, 0xab, 0x00,
    0x6a, 0x00, 0x6b, 0x00, 0x4a, 0x00, 0xe9, 0x00, 0x09, 0x00, 0x66, 0x00, 0xc1, 0x00, 0x81, 0x00,
    0x85, 0x00, 0xce, 0x00, 0xce, 0x00, 0x2c, 0x00, 0x4d, 0x00, 0xac, 0x00, 0xea, 0x00, 0x61, 0x00,
    0x00, 0x00, 0x00, 0x00, 0x00, 0x00, 0x00, 0x00, 0x00, 0x00, 0x00, 0x00, 0x00, 0x00, 0x00, 0x00,
    0x00, 0x00, 0x00, 0x00, 0x00, 0x00, 0x00, 0x00, 0x00, 0x00, 0x00, 0x00, 0x00, 0x00, 0x00, 0x00,
    0x00, 0x00, 0x00, 0x00, 0x00, 0x00, 0x00, 0x00, 0x00, 0x00, 0x00, 0x00, 0x00, 0x00, 0x00, 0x00,
    0x00, 0x00, 0x00, 0x00, 0x00, 0x00, 0x00, 0x00, 0x00, 0x00, 0x00, 0x00, 0x00, 0x00, 0x00, 0x00,
    0x00, 0x00, 0x00, 0x00, 0x00, 0x00, 0x00, 0x00, 0x00, 0x00, 0x00, 0x00, 0x00, 0x00, 0x00, 0x00,
    0x00, 0x00, 0x61, 0x00, 0x23, 0x00, 0x84, 0x00, 0xc4, 0x00, 0xa4, 0x00, 0x23, 0x00, 0x65, 0x00,
    0x2a, 0x00, 0x4a, 0x00, 0x4a, 0x00, 0x8b, 0x00, 0xc6, 0x00, 0xce, 0x00, 0x4f, 0x00, 0xc5, 0x00,
    0xc4, 0x00, 0xea, 0x00, 0xcf, 0x00, 0xef, 0x00, 0x70, 0x00, 0x50, 0x00, 0xf5, 0x00, 0x0a, 0x00,
    0x00, 0x00, 0x00, 0x00, 0x00, 0x00, 0x00, 0x00, 0x00, 0x00, 0x00, 0x00, 0x00, 0x00, 0x00, 0x00,
    0x00, 0x00, 0x00, 0x00, 0x00, 0x00, 0x00, 0x00, 0x00, 0x00, 0x00, 0x00, 0x00, 0x00, 0x00, 0x00,
    0x00, 0x00, 0x00, 0x00, 0x00, 0x00, 0x00, 0x00, 0x00, 0x00, 0x00, 0x00, 0x00, 0x00, 0x00, 0x00,
    0x00, 0x00, 0x00, 0x00, 0x00, 0x00, 0x00, 0x00, 0x00, 0x00, 0x00, 0x00, 0x00, 0x00, 0x00, 0x00,
    0x00, 0x00, 0x00, 0x00, 0x00, 0x00, 0x00, 0x00, 0x00, 0x00, 0x00, 0x00, 0x00, 0x00, 0xe2, 0x00,
    0x05, 0x00, 0xa7, 0x00, 0x67, 0x00, 0x05, 0x00, 0x84, 0x00, 0x43, 0x00, 0x66, 0x00, 0x8a, 0x00,
    0x4c, 0x00, 0xad, 0x00, 0x0e, 0x00, 0x2f, 0x00, 0xce, 0x00, 0xef, 0x00, 0x51, 0x00, 0xb0, 0x00,
    0x2e, 0x00, 0x2d, 0x00, 0x30, 0x00, 0x91, 0x00, 0x30, 0x00, 0x2d, 0x00, 0xb1, 0x00, 0xec, 0x00,
    0x00, 0x00, 0x00, 0x00, 0x00, 0x00, 0x00, 0x00, 0x00, 0x00, 0x00, 0x00, 0x00, 0x00, 0x00, 0x00,
    0x00, 0x00, 0x00, 0x00, 0x00, 0x00, 0x00, 0x00, 0x00, 0x00, 0x00, 0x00, 0x00, 0x00, 0x00, 0x00,
    0x00, 0x00, 0x00, 0x00, 0x00, 0x00, 0x00, 0x00, 0x00, 0x00, 0x00, 0x00, 0x00, 0x00, 0x00, 0x00,
    0x00, 0x00, 0x00, 0x00, 0x00, 0x00, 0x00, 0x00, 0x00, 0x00, 0x00, 0x00, 0x00, 0x00, 0x00, 0x00,
    0x00, 0x00, 0x00, 0x00, 0x00, 0x00, 0x00, 0x00, 0x00, 0x00, 0x00, 0x00, 0xc2, 0x00, 0xa7, 0x00,
    0x08, 0x00, 0xe8, 0x00, 0x67, 0x00, 0xe5, 0x00, 0x64, 0x00, 0xe4, 0x00, 0x48, 0x00, 0xe9, 0x00,
    0xeb, 0x00, 0xad, 0x00, 0x8d, 0x00, 0xce, 0x00, 0x90, 0x00, 0xb0, 0x00, 0x2f, 0x00, 0x50, 0x00,
    0xb1, 0x00, 0x50, 0x00, 0x30, 0x00, 0x50, 0x00, 0x91, 0x00, 0x50, 0x00, 0xee, 0x00, 0xc7, 0x00,
    0x00, 0x00, 0x00, 0x00, 0x00, 0x00, 0x00, 0x00, 0x00, 0x00, 0x00, 0x00, 0x00, 0x00, 0x00, 0x00,
    0x00, 0x00, 0x00, 0x00, 0x00, 0x00, 0x00, 0x00, 0x00, 0x00, 0x00, 0x00, 0x00, 0x00, 0x00, 0x00,
    0x00, 0x00, 0x00, 0x00, 0x00, 0x00, 0x00, 0x00, 0x00, 0x00, 0x00, 0x00, 0x00, 0x00, 0x00, 0x00,
    0x00, 0x00, 0x00, 0x00, 0x00, 0x00, 0x00, 0x00, 0x00, 0x00, 0x00, 0x00, 0x00, 0x00, 0x00, 0x00,
    0x00, 0x00, 0x00, 0x00, 0x00, 0x00, 0x00, 0x00, 0x00, 0x00, 0x00, 0x00, 0x00, 0x00, 0x00, 0x00,
    0x61, 0x00, 0xa1, 0x00, 0xe2, 0x00, 0x03, 0x00, 0xe3, 0x00, 0x23, 0x00, 0x48, 0x00, 0x4a, 0x00,
    0xcb, 0x00, 0xeb, 0x00, 0xeb, 0x00, 0xeb, 0x00, 0xcb, 0x00, 0xab, 0x00, 0xec, 0x00, 0x0c, 0x00,
    0x4d, 0x00, 0x0c, 0x00, 0x0d, 0x00, 0x0d, 0x00, 0xec, 0x00, 0x0d, 0x00, 0x6b, 0x00, 0xa1, 0x00,
    0x00, 0x00, 0x00, 0x00, 0x00, 0x00, 0x00, 0x00, 0x00, 0x00, 0x00, 0x00, 0x00, 0x00, 0x00, 0x00,
    0x00, 0x00, 0x00, 0x00, 0x00, 0x00, 0x00, 0x00, 0x00, 0x00, 0x00, 0x00, 0x00, 0x00, 0x00, 0x00,
    0x00, 0x00, 0x00, 0x00, 0x00, 0x00, 0x00, 0x00, 0x00, 0x00, 0x00, 0x00, 0x00, 0x00, 0x00, 0x00,
    0x00, 0x00, 0x00, 0x00, 0x00, 0x00, 0x00, 0x00, 0x00, 0x00, 0x00, 0x00, 0x00, 0x00, 0x00, 0x00,
    0x00, 0x00, 0x00, 0x00, 0x00, 0x00, 0x00, 0x00, 0x00, 0x00, 0x00, 0x00, 0x00, 0x00, 0x00, 0x00,
    0x00, 0x00, 0xe2, 0x00, 0xe6, 0x00, 0xa5, 0x00, 0x43, 0x00, 0xa7, 0x00, 0x28, 0x00, 0xa6, 0x00,
    0x45, 0x00, 0x68, 0x00, 0x2a, 0x00, 0x4a, 0x00, 0x4a, 0x00, 0xeb, 0x00, 0x6d, 0x00, 0x8d, 0x00,
    0xcb, 0x00, 0x4a, 0x00, 0xab, 0x00, 0xec, 0x00, 0x0c, 0x00, 0x4d, 0x00, 0x86, 0x00, 0x00, 0x00,
    0x00, 0x00, 0x00, 0x00, 0x00, 0x00, 0x00, 0x00, 0x00, 0x00, 0x00, 0x00, 0x00, 0x00, 0x40, 0x00,
    0xe4, 0x00, 0x00, 0x00, 0x00, 0x00, 0x00, 0x00, 0x00, 0x00, 0x00, 0x00, 0x00, 0x00, 0x00, 0x00,
    0x00, 0x00, 0x00, 0x00, 0x00, 0x00, 0x00, 0x00, 0x00, 0x00, 0x00, 0x00, 0x00, 0x00, 0x00, 0x00,
    0x00, 0x00, 0x00, 0x00, 0x00, 0x00, 0x00, 0x00, 0x00, 0x00, 0x00, 0x00, 0x00, 0x00, 0x00, 0x00,
    0x00, 0x00, 0x00, 0x00, 0x00, 0x00, 0x00, 0x00, 0x00, 0x00, 0x00, 0x00, 0x00, 0x00, 0x00, 0x00,
    0x61, 0x00, 0x67, 0x00, 0x26, 0x00, 0x44, 0x00, 0xe2, 0x00, 0x43, 0x00, 0x03, 0x00, 0xa2, 0x00,
    0xe5, 0x00, 0x68, 0x00, 0x47, 0x00, 0x68, 0x00, 0x09, 0x00, 0x09, 0x00, 0x09, 0x00, 0xe9, 0x00,
    0x88, 0x00, 0x07, 0x00, 0x66, 0x00, 0xc4, 0x00, 0x63, 0x00, 0xc2, 0x00, 0x00, 0x00, 0x00, 0x00,
    0x00, 0x00, 0x00, 0x00, 0x00, 0x00, 0x00, 0x00, 0x00, 0x00, 0x20, 0x00, 0x00, 0x00, 0x02, 0x00,
    0x8a, 0x00, 0x20, 0x00, 0x00, 0x00, 0x00, 0x00, 0x00, 0x00, 0x00, 0x00, 0x00, 0x00, 0x00, 0x00,
    0x00, 0x00, 0x00, 0x00, 0x00, 0x00, 0x00, 0x00, 0x00, 0x00, 0x00, 0x00, 0x00, 0x00, 0x00, 0x00,
    0x00, 0x00, 0x00, 0x00, 0x00, 0x00, 0x00, 0x00, 0x00, 0x00, 0x00, 0x00, 0x00, 0x00, 0x00, 0x00,
    0x00, 0x00, 0x00, 0x00, 0x00, 0x00, 0x00, 0x00, 0x00, 0x00, 0x00, 0x00, 0x00, 0x00, 0x00, 0x00,
    0xc5, 0x00, 0x88, 0x00, 0x03, 0x00, 0xe2, 0x00, 0xa5, 0x00, 0x64, 0x00, 0x64, 0x00, 0xc5, 0x00,
    0x08, 0x00, 0x66, 0x00, 0x05, 0x00, 0x07, 0x00, 0x86, 0x00, 0xc4, 0x00, 0xc4, 0x00, 0xc4, 0x00,
    0x63, 0x00, 0x40, 0x00, 0x00, 0x00, 0x00, 0x00, 0x00, 0x00, 0x00, 0x00, 0x00, 0x00, 0x00, 0x00,
    0x00, 0x00, 0x00, 0x00, 0x00, 0x00, 0x00, 0x00, 0x00, 0x00, 0x00, 0x00, 0xa1, 0x00, 0x49, 0x00,
    0x8c, 0x00, 0xe1, 0x00, 0x00, 0x00, 0x00, 0x00, 0x00, 0x00, 0x00, 0x00, 0x00, 0x00, 0x00, 0x00,
    0x00, 0x00, 0x00, 0x00, 0x00, 0x00, 0x00, 0x00, 0x00, 0x00, 0x00, 0x00, 0x00, 0x00, 0x00, 0x00,
    0x00, 0x00, 0x00, 0x00, 0x00, 0x00, 0x00, 0x00, 0x00, 0x00, 0x00, 0x00, 0x00, 0x00, 0x00, 0x00,
    0x00, 0x00, 0x00, 0x00, 0x00, 0x00, 0x00, 0x00, 0x00, 0x00, 0x00, 0x00, 0x00, 0x00, 0x20, 0x00,
    0x06, 0x00, 0xc2, 0x00, 0x20, 0x00, 0x26, 0x00, 0x27, 0x00, 0xc5, 0x00, 0xa5, 0x00, 0xe5, 0x00,
    0x64, 0x00, 0xe2, 0x00, 0x23, 0x00, 0x83, 0x00, 0x63, 0x00, 0xc4, 0x00, 0x25, 0x00, 0x04, 0x00,
    0x40, 0x00, 0x00, 0x00, 0x00, 0x00, 0x00, 0x00, 0x00, 0x00, 0x00, 0x00, 0x00, 0x00, 0x00, 0x00,
    0x00, 0x00, 0x00, 0x00, 0x00, 0x00, 0x00, 0x00, 0x20, 0x00, 0xa6, 0x00, 0x4b, 0x00, 0xed, 0x00,
    0x0b, 0x00, 0x02, 0x00, 0x00, 0x00, 0x00, 0x00, 0x00, 0x00, 0x00, 0x00, 0x00, 0x00, 0x00, 0x00,
    0x00, 0x00, 0x00, 0x00, 0x00, 0x00, 0x00, 0x00, 0x00, 0x00, 0x00, 0x00, 0x00, 0x00, 0x00, 0x00,
    0x00, 0x00, 0x00, 0x00, 0x00, 0x00, 0x00, 0x00, 0x00, 0x00, 0x00, 0x00, 0x00, 0x00, 0x00, 0x00,
    0x00, 0x00, 0x00, 0x00, 0x00, 0x00, 0x00, 0x00, 0x00, 0x00, 0x00, 0x00, 0x00, 0x00, 0x20, 0x00,
    0x20, 0x00, 0x00, 0x00, 0xe2, 0x00, 0xc8, 0x00, 0x26, 0x00, 0x84, 0x00, 0xc5, 0x00, 0x64, 0x00,
    0x44, 0x00, 0x64, 0x00, 0x43, 0x00, 0x83, 0x00, 0xa6, 0x00, 0xa6, 0x00, 0xa6, 0x00, 0x22, 0x00,
    0x00, 0x00, 0x00, 0x00, 0x00, 0x00, 0x00, 0x00, 0x00, 0x00, 0x00, 0x00, 0x00, 0x00, 0x00, 0x00,
    0x00, 0x00, 0x00, 0x00, 0x00, 0x00, 0xc1, 0x00, 0xca, 0x00, 0xec, 0x00, 0x8b, 0x00, 0x2b, 0x00,
    0x69, 0x00, 0x60, 0x00, 0x00, 0x00, 0x00, 0x00, 0x00, 0x00, 0x00, 0x00, 0x00, 0x00, 0x00, 0x00,
    0x00, 0x00, 0x00, 0x00, 0x00, 0x00, 0x00, 0x00, 0x00, 0x00, 0x00, 0x00, 0x00, 0x00, 0x00, 0x00,
    0x00, 0x00, 0x00, 0x00, 0x00, 0x00, 0x00, 0x00, 0x00, 0x00, 0x00, 0x00, 0x00, 0x00, 0x00, 0x00,
    0x00, 0x00, 0x00, 0x00, 0x00, 0x00, 0x00, 0x00, 0x00, 0x00, 0x00, 0x00, 0x00, 0x00, 0x00, 0x00,
    0x00, 0x00, 0x00, 0x00, 0x64, 0x00, 0x08, 0x00, 0xa5, 0x00, 0x23, 0x00, 0x64, 0x00, 0xa5, 0x00,
    0x64, 0x00, 0x84, 0x00, 0xa4, 0x00, 0x27, 0x00, 0xa8, 0x00, 0x88, 0x00, 0xc8, 0x00, 0xc3, 0x00,
    0x00, 0x00, 0x00, 0x00, 0x00, 0x00, 0x00, 0x00, 0x00, 0x00, 0x00, 0x00, 0x00, 0x00, 0x00, 0x00,
    0x00, 0x00, 0xe2, 0x00, 0x63, 0x00, 0xc8, 0x00, 0x4a, 0x00, 0xc9, 0x00, 0xe9, 0x00, 0xea, 0x00,
    0x26, 0x00, 0x00, 0x00, 0x00, 0x00, 0x00, 0x00, 0x00, 0x00, 0x00, 0x00, 0x00, 0x00, 0x00, 0x00,
    0x00, 0x00, 0x00, 0x00, 0x00, 0x00, 0x00, 0x00, 0x00, 0x00, 0x00, 0x00, 0x00, 0x00, 0x00, 0x00,
    0x00, 0x00, 0x00, 0x00, 0x00, 0x00, 0x00, 0x00, 0x00, 0x00, 0x00, 0x00, 0x00, 0x00, 0x00, 0x00,
    0x00, 0x00, 0x00, 0x00, 0x00, 0x00, 0x00, 0x00, 0x00, 0x00, 0x00, 0x00, 0x00, 0x00, 0x00, 0x00,
    0x00, 0x00, 0x00, 0x00, 0x43, 0x00, 0xe8, 0x00, 0xa2, 0x00, 0x23, 0x00, 0x84, 0x00, 0xe5, 0x00,
    0x43, 0x00, 0x84, 0x00, 0xa6, 0x00, 0xc8, 0x00, 0x49, 0x00, 0x49, 0x00, 0x08, 0x00, 0x87, 0x00,
    0x20, 0x00, 0x00, 0x00, 0x00, 0x00, 0x00, 0x00, 0x00, 0x00, 0x00, 0x00, 0x00, 0x00, 0x00, 0x00,
    0x00, 0x00, 0x06, 0x00, 0xc8, 0x00, 0x08, 0x00, 0x89, 0x00, 0xa9, 0x00, 0x89, 0x00, 0x29, 0x00,
    0xe2, 0x00, 0x00, 0x00, 0x00, 0x00, 0x00, 0x00, 0x00, 0x00, 0x00, 0x00, 0x00, 0x00, 0x00, 0x00,
    0x00, 0x00, 0x00, 0x00, 0x00, 0x00, 0x00, 0x00, 0x00, 0x00, 0x00, 0x00, 0x00, 0x00, 0x00, 0x00,
    0x00, 0x00, 0x00, 0x00, 0x00, 0x00, 0x00, 0x00, 0x00, 0x00, 0x00, 0x00, 0x00, 0x00, 0x00, 0x00,
    0x00, 0x00, 0x40, 0x00, 0x02, 0x00, 0x61, 0x00, 0x00, 0x00, 0x00, 0x00, 0x00, 0x00, 0x00, 0x00,
    0x00, 0x00, 0x00, 0x00, 0xe2, 0x00, 0xa5, 0x00, 0x00, 0x00, 0xa5, 0x00, 0xc5, 0x00, 0x64, 0x00,
    0x23, 0x00, 0xe5, 0x00, 0x47, 0x00, 0xa8, 0x00, 0xca, 0x00, 0x2b, 0x00, 0xca, 0x00, 0x0a, 0x00,
    0xc5, 0x00, 0x00, 0x00, 0x00, 0x00, 0x00, 0x00, 0x00, 0x00, 0x00, 0x00, 0x00, 0x00, 0x00, 0x00,
    0x20, 0x00, 0x49, 0x00, 0x49, 0x00, 0xa7, 0x00, 0x28, 0x00, 0x08, 0x00, 0xa8, 0x00, 0x83, 0x00,
    0x00, 0x00, 0x00, 0x00, 0x00, 0x00, 0x00, 0x00, 0x00, 0x00, 0x00, 0x00, 0x00, 0x00, 0x00, 0x00,
    0x00, 0x00, 0x00, 0x00, 0x00, 0x00, 0x00, 0x00, 0x00, 0x00, 0x00, 0x00, 0x00, 0x00, 0x00, 0x00,
    0x00, 0x00, 0x00, 0x00, 0x00, 0x00, 0x00, 0x00, 0x00, 0x00, 0x00, 0x00, 0x00, 0x00, 0x00, 0x00,
    0x00, 0x00, 0x00, 0x00, 0x47, 0x00, 0xca, 0x00, 0x27, 0x00, 0xc2, 0x00, 0x00, 0x00, 0x00, 0x00,
    0x00, 0x00, 0x00, 0x00, 0x20, 0x00, 0x00, 0x00, 0x00, 0x00, 0xa4, 0x00, 0xe6, 0x00, 0xc2, 0x00,
    0x43, 0x00, 0xe5, 0x00, 0x07, 0x00, 0x49, 0x00, 0x8a, 0x00, 0x0d, 0x00, 0x4e, 0x00, 0xcc, 0x00,
    0x0d, 0x00, 0x83, 0x00, 0x00, 0x00, 0x00, 0x00, 0x00, 0x00, 0x00, 0x00, 0x00, 0x00, 0x00, 0x00,
    0x40, 0x00, 0xe8, 0x00, 0xa8, 0x00, 0x07, 0x00, 0x88, 0x00, 0xc6, 0x00, 0x43, 0x00, 0x61, 0x00,
    0x00, 0x00, 0x00, 0x00, 0x00, 0x00, 0x00, 0x00, 0x00, 0x00, 0x00, 0x00, 0x00, 0x00, 0x00, 0x00,
    0x00, 0x00, 0x00, 0x00, 0x00, 0x00, 0x00, 0x00, 0x00, 0x00, 0x00, 0x00, 0x00, 0x00, 0x00, 0x00,
    0x00, 0x00, 0x00, 0x00, 0x00, 0x00, 0x00, 0x00, 0x00, 0x00, 0xa1, 0x00, 0xa4, 0x00, 0x25, 0x00,
    0x04, 0x00, 0x43, 0x00, 0xa1, 0x00, 0xe6, 0x00, 0x89, 0x00, 0x8a, 0x00, 0x83, 0x00, 0xa1, 0x00,
    0x02, 0x00, 0x00, 0x00, 0x00, 0x00, 0x00, 0x00, 0x00, 0x00, 0x23, 0x00, 0x06, 0x00, 0xa1, 0x00,
    0x43, 0x00, 0xa4, 0x00, 0x07, 0x00, 0x49, 0x00, 0xaa, 0x00, 0xea, 0x00, 0x2e, 0x00, 0xaf, 0x00,
    0xef, 0x00, 0x4b, 0x00, 0x60, 0x00, 0x00, 0x00, 0x00, 0x00, 0x00, 0x00, 0x00, 0x00, 0x00, 0x00,
    0x20, 0x00, 0x67, 0x00, 0x07, 0x00, 0x07, 0x00, 0xa6, 0x00, 0xe4, 0x00, 0xa6, 0x00, 0xc4, 0x00,
    0x00, 0x00, 0x00, 0x00, 0x00, 0x00, 0x00, 0x00, 0x00, 0x00, 0x00, 0x00, 0x00, 0x00, 0x00, 0x00,
    0x00, 0x00, 0x00, 0x00, 0x00, 0x00, 0x00, 0x00, 0x00, 0x00, 0x00, 0x00, 0x00, 0x00, 0x00, 0x00,
    0x00, 0x00, 0x00, 0x00, 0x00, 0x00, 0x00, 0x00, 0x00, 0x00, 0x43, 0x00, 0xe7, 0x00, 0x88, 0x00,
    0xe9, 0x00, 0xc8, 0x00, 0x27, 0x00, 0x85, 0x00, 0xc5, 0x00, 0x46, 0x00, 0xc8, 0x00, 0x04, 0x00,
    0xcb, 0x00, 0x83, 0x00, 0x00, 0x00, 0x00, 0x00, 0x00, 0x00, 0x81, 0x00, 0x23, 0x00, 0x40, 0x00,
    0x64, 0x00, 0x63, 0x00, 0x07, 0x00, 0x8a, 0x00, 0xcb, 0x00, 0x8a, 0x00, 0xca, 0x00, 0x6c, 0x00,
    0x8c, 0x00, 0x8e, 0x00, 0xe6, 0x00, 0x00, 0x00, 0x00, 0x00, 0x00, 0x00, 0x00, 0x00, 0x00, 0x00,
    0x00, 0x00, 0x86, 0x00, 0x27, 0x00, 0xc6, 0x00, 0x05, 0x00, 0x65, 0x00, 0x22, 0x00, 0x00, 0x00,
    0x00, 0x00, 0x00, 0x00, 0x00, 0x00, 0x00, 0x00, 0x00, 0x00, 0x00, 0x00, 0x00, 0x00, 0x00, 0x00,
    0x00, 0x00, 0x00, 0x00, 0x00, 0x00, 0x00, 0x00, 0x00, 0x00, 0x00, 0x00, 0x00, 0x00, 0x00, 0x00,
    0x00, 0x00, 0x00, 0x00, 0x00, 0x00, 0x00, 0x00, 0xe2, 0x00, 0xc4, 0x00, 0x45, 0x00, 0xa6, 0x00,
    0x45, 0x00, 0x44, 0x00, 0xc5, 0x00, 0xe6, 0x00, 0x06, 0x00, 0xc5, 0x00, 0xa5, 0x00, 0x44, 0x00,
    0x87, 0x00, 0xeb, 0x00, 0x02, 0x00, 0x00, 0x00, 0x20, 0x00, 0x00, 0x00, 0x00, 0x00, 0x20, 0x00,
    0x84, 0x00, 0x84, 0x00, 0xe7, 0x00, 0xc8, 0x00, 0xaa, 0x00, 0xeb, 0x00, 0x6c, 0x00, 0x8f, 0x00,
    0xac, 0x00, 0x0b, 0x00, 0xaa, 0x00, 0x22, 0x00, 0x00, 0x00, 0x00, 0x00, 0x00, 0x00, 0x40, 0x00,
    0x20, 0x00, 0xa4, 0x00, 0x27, 0x00, 0x25, 0x00, 0xe2, 0x00, 0x00, 0x00, 0x00, 0x00, 0x00, 0x00,
    0x00, 0x00, 0x00, 0x00, 0x00, 0x00, 0x00, 0x00, 0x00, 0x00, 0x00, 0x00, 0x00, 0x00, 0x00, 0x00,
    0x00, 0x00, 0x00, 0x00, 0x00, 0x00, 0x00, 0x00, 0x00, 0x00, 0x00, 0x00, 0x00, 0x00, 0x00, 0x00,
    0x00, 0x00, 0x00, 0x00, 0xe2, 0x00, 0xe7, 0x00, 0xe9, 0x00, 0xa9, 0x00, 0xe7, 0x00, 0xa6, 0x00,
    0x87, 0x00, 0xaa, 0x00, 0x2b, 0x00, 0x6b, 0x00, 0x6b, 0x00, 0x89, 0x00, 0xa7, 0x00, 0x06, 0x00,
    0x44, 0x00, 0xc8, 0x00, 0x88, 0x00, 0xa1, 0x00, 0x83, 0x00, 0x00, 0x00, 0x00, 0x00, 0x00, 0x00,
    0x02, 0x00, 0xe4, 0x00, 0x07, 0x00, 0x06, 0x00, 0x68, 0x00, 0x6a, 0x00, 0xaa, 0x00, 0x0d, 0x00,
    0xae, 0x00, 0x6e, 0x00, 0xed, 0x00, 0xa8, 0x00, 0x00, 0x00, 0x00, 0x00, 0x00, 0x00, 0x61, 0x00,
    0x25, 0x00, 0x43, 0x00, 0x07, 0x00, 0x43, 0x00, 0x00, 0x00, 0x00, 0x00, 0x00, 0x00, 0x00, 0x00,
    0x00, 0x00, 0x00, 0x00, 0x00, 0x00, 0x00, 0x00, 0x00, 0x00, 0x00, 0x00, 0x00, 0x00, 0x00, 0x00,
    0x00, 0x00, 0x00, 0x00, 0x00, 0x00, 0x00, 0x00, 0x00, 0x00, 0x00, 0x00, 0x00, 0x00, 0x00, 0x00,
    0x00, 0x00, 0x00, 0x00, 0xe2, 0x00, 0x23, 0x00, 0x83, 0x00, 0x04, 0x00, 0xe7, 0x00, 0x09, 0x00,
    0xad, 0x00, 0x0d, 0x00, 0x2e, 0x00, 0x2d, 0x00, 0xcc, 0x00, 0xac, 0x00, 0x6b, 0x00, 0x4b, 0x00,
    0x28, 0x00, 0x85, 0x00, 0x06, 0x00, 0x65, 0x00, 0x65, 0x00, 0xa1, 0x00, 0x61, 0x00, 0x00, 0x00,
    0xa1, 0x00, 0x25, 0x00, 0x07, 0x00, 0xc8, 0x00, 0x29, 0x00, 0x29, 0x00, 0x87, 0x00, 0xaa, 0x00,
    0x8c, 0x00, 0x6e, 0x00, 0x6e, 0x00, 0x0b, 0x00, 0xc1, 0x00, 0x00, 0x00, 0x00, 0x00, 0x00, 0x00,
    0x27, 0x00, 0xe7, 0x00, 0xe7, 0x00, 0xe2, 0x00, 0x00, 0x00, 0x00, 0x00, 0x00, 0x00, 0x00, 0x00,
    0x00, 0x00, 0x00, 0x00, 0x00, 0x00, 0x00, 0x00, 0x00, 0x00, 0x00, 0x00, 0x00, 0x00, 0x00, 0x00,
    0x00, 0x00, 0x00, 0x00, 0x00, 0x00, 0x00, 0x00, 0x00, 0x00, 0x00, 0x00, 0x00, 0x00, 0x00, 0x00,
    0x00, 0x00, 0x00, 0x00, 0x40, 0x00, 0xc4, 0x00, 0x25, 0x00, 0x48, 0x00, 0x2a, 0x00, 0x2c, 0x00,
    0xee, 0x00, 0xcd, 0x00, 0x2b, 0x00, 0x8a, 0x00, 0x2b, 0x00, 0x4b, 0x00, 0x6b, 0x00, 0x4b, 0x00,
    0xac, 0x00, 0xea, 0x00, 0x64, 0x00, 0x24, 0x00, 0x65, 0x00, 0x25, 0x00, 0x23, 0x00, 0x23, 0x00,
    0xa4, 0x00, 0xa6, 0x00, 0xa8, 0x00, 0xca, 0x00, 0x69, 0x00, 0x49, 0x00, 0x09, 0x00, 0x2b, 0x00,
    0x4b, 0x00, 0xea, 0x00, 0x0d, 0x00, 0x2b, 0x00, 0xe4, 0x00, 0x00, 0x00, 0x20, 0x00, 0x00, 0x00,
    0xe4, 0x00, 0x4a, 0x00, 0x07, 0x00, 0x43, 0x00, 0x00, 0x00, 0x00, 0x00, 0x00, 0x00, 0x00, 0x00,
    0x00, 0x00, 0x00, 0x00, 0x00, 0x00, 0x00, 0x00, 0x00, 0x00, 0x00, 0x00, 0x00, 0x00, 0x00, 0x00,
    0x00, 0x00, 0x00, 0x00, 0x00, 0x00, 0x00, 0x00, 0x00, 0x00, 0x00, 0x00, 0x00, 0x00, 0x00, 0x00,
    0x00, 0x00, 0x43, 0x00, 0x89, 0x00, 0x07, 0x00, 0x48, 0x00, 0x8a, 0x00, 0xeb, 0x00, 0xad, 0x00,
    0x2c, 0x00, 0xe9, 0x00, 0xa6, 0x00, 0x86, 0x00, 0xc6, 0x00, 0x68, 0x00, 0xe8, 0x00, 0xca, 0x00,
    0x2b, 0x00, 0x6b, 0x00, 0x49, 0x00, 0xe6, 0x00, 0xe4, 0x00, 0x04, 0x00, 0x83, 0x00, 0x83, 0x00,
    0x86, 0x00, 0x67, 0x00, 0xaa, 0x00, 0x6b, 0x00, 0x0b, 0x00, 0x8a, 0x00, 0x29, 0x00, 0x6c, 0x00,
    0xae, 0x00, 0x8c, 0x00, 0xca, 0x00, 0x8a, 0x00, 0x27, 0x00, 0x00, 0x00, 0x00, 0x00, 0x00, 0x00,
    0x20, 0x00, 0x48, 0x00, 0x88, 0x00, 0x05, 0x00, 0x00, 0x00, 0x00, 0x00, 0x00, 0x00, 0x00, 0x00,
    0x00, 0x00, 0x00, 0x00, 0x00, 0x00, 0x00, 0x00, 0x00, 0x00, 0x00, 0x00, 0x00, 0x00, 0x00, 0x00,
    0x00, 0x00, 0x00, 0x00, 0x00, 0x00, 0x00, 0x00, 0x00, 0x00, 0x00, 0x00, 0x00, 0x00, 0x00, 0x00,
    0x63, 0x00, 0xc9, 0x00, 0x66, 0x00, 0xe7, 0x00, 0x4a, 0x00, 0xcb, 0x00, 0xcb, 0x00, 0xcb, 0x00,
    0x07, 0x00, 0x86, 0x00, 0x46, 0x00, 0x05, 0x00, 0x86, 0x00, 0x07, 0x00, 0x47, 0x00, 0x47, 0x00,
    0x29, 0x00, 0x69, 0x00, 0x49, 0x00, 0x88, 0x00, 0x07, 0x00, 0xe4, 0x00, 0x63, 0x00, 0x45, 0x00,
    0x07, 0x00, 0xe8, 0x00, 0xaa, 0x00, 0xea, 0x00, 0x0d, 0x00, 0xca, 0x00, 0xa8, 0x00, 0xaa, 0x00,
    0x8e, 0x00, 0x6e, 0x00, 0xac, 0x00, 0xca, 0x00, 0x6a, 0x00, 0x20, 0x00, 0x00, 0x00, 0x00, 0x00,
    0x00, 0x00, 0xc1, 0x00, 0x48, 0x00, 0x07, 0x00, 0xa1, 0x00, 0xa1, 0x00, 0xa1, 0x00, 0x00, 0x00,
    0x00, 0x00, 0x00, 0x00, 0x00, 0x00, 0x00, 0x00, 0x00, 0x00, 0x00, 0x00, 0x00, 0x00, 0x00, 0x00,
    0x00, 0x00, 0x00, 0x00, 0x00, 0x00, 0x00, 0x00, 0x00, 0x00, 0x00, 0x00, 0x00, 0x00, 0xe2, 0x00,
    0xe7, 0x00, 0xc4, 0x00, 0xa7, 0x00, 0xe9, 0x00, 0x8b, 0x00, 0x6a, 0x00, 0xc9, 0x00, 0x86, 0x00,
    0x46, 0x00, 0x25, 0x00, 0x63, 0x00, 0x83, 0x00, 0xe5, 0x00, 0x66, 0x00, 0xa6, 0x00, 0xe7, 0x00,
    0x27, 0x00, 0x67, 0x00, 0xa8, 0x00, 0x27, 0x00, 0x27, 0x00, 0x65, 0x00, 0x45, 0x00, 0xe6, 0x00,
    0x87, 0x00, 0x29, 0x00, 0x49, 0x00, 0xaa, 0x00, 0x0b, 0x00, 0xca, 0x00, 0x47, 0x00, 0xe8, 0x00,
    0x0d, 0x00, 0x6e, 0x00, 0x4e, 0x00, 0xcc, 0x00, 0x49, 0x00, 0x20, 0x00, 0x00, 0x00, 0x00, 0x00,
    0x00, 0x00, 0x00, 0x00, 0xe2, 0x00, 0x48, 0x00, 0x45, 0x00, 0x43, 0x00, 0x05, 0x00, 0x00, 0x00,
    0x00, 0x00, 0x00, 0x00, 0x00, 0x00, 0x00, 0x00, 0x00, 0x00, 0x00, 0x00, 0x00, 0x00, 0x00, 0x00,
    0x00, 0x00, 0x00, 0x00, 0x00, 0x00, 0x00, 0x00, 0x00, 0x00, 0x00, 0x00, 0x00, 0x00, 0x03, 0x00,
    0xe2, 0x00, 0x46, 0x00, 0xa9, 0x00, 0xea, 0x00, 0x48, 0x00, 0x45, 0x00, 0xc7, 0x00, 0x25, 0x00,
    0x05, 0x00, 0xc4, 0x00, 0x25, 0x00, 0x65, 0x00, 0xc4, 0x00, 0xa4, 0x00, 0xc5, 0x00, 0x46, 0x00,
    0xc7, 0x00, 0xe7, 0x00, 0x68, 0x00, 0x27, 0x00, 0xc6, 0x00, 0x25, 0x00, 0x86, 0x00, 0x86, 0x00,
    0xa8, 0x00, 0xa8, 0x00, 0xe8, 0x00, 0x6a, 0x00, 0x49, 0x00, 0x4a, 0x00, 0x07, 0x00, 0xea, 0x00,
    0x4b, 0x00, 0x2d, 0x00, 0x0d, 0x00, 0xac, 0x00, 0xc8, 0x00, 0x00, 0x00, 0x00, 0x00, 0x00, 0x00,
    0x00, 0x00, 0x00, 0x00, 0x00, 0x00, 0x81, 0x00, 0xc7, 0x00, 0x86, 0x00, 0x86, 0x00, 0x61, 0x00,
    0x00, 0x00, 0x00, 0x00, 0x00, 0x00, 0x00, 0x00, 0x00, 0x00, 0x00, 0x00, 0x00, 0x00, 0x00, 0x00,
    0x00, 0x00, 0x00, 0x00, 0x00, 0x00, 0x00, 0x00, 0x00, 0x00, 0x00, 0x00, 0x00, 0x00, 0x00, 0x00,
    0x26, 0x00, 0xa7, 0x00, 0x69, 0x00, 0x07, 0x00, 0x68, 0x00, 0xc7, 0x00, 0xc5, 0x00, 0xa4, 0x00,
    0xe5, 0x00, 0xa4, 0x00, 0xe1, 0x00, 0xe2, 0x00, 0xa3, 0x00, 0x04, 0x00, 0xc4, 0x00, 0x05, 0x00,
    0xa6, 0x00, 0xc7, 0x00, 0xe7, 0x00, 0xe7, 0x00, 0xe7, 0x00, 0x66, 0x00, 0xa4, 0x00, 0xa6, 0x00,
    0x27, 0x00, 0x88, 0x00, 0xa8, 0x00, 0x09, 0x00, 0x29, 0x00, 0x68, 0x00, 0x86, 0x00, 0xac, 0x00,
    0x8c, 0x00, 0xaa, 0x00, 0x4b, 0x00, 0xea, 0x00, 0x27, 0x00, 0x00, 0x00, 0x00, 0x00, 0x00, 0x00,
    0x00, 0x00, 0x00, 0x00, 0x40, 0x00, 0x02, 0x00, 0x23, 0x00, 0xa7, 0x00, 0xa7, 0x00, 0x02, 0x00,
    0x00, 0x00, 0x00, 0x00, 0x00, 0x00, 0x00, 0x00, 0x00, 0x00, 0x00, 0x00, 0x00, 0x00, 0x00, 0x00,
    0x00, 0x00, 0x00, 0x00, 0x00, 0x00, 0x00, 0x00, 0x00, 0x00, 0x00, 0x00, 0x00, 0x00, 0xa4, 0x00,
    0xa8, 0x00, 0x87, 0x00, 0x48, 0x00, 0xa9, 0x00, 0x89, 0x00, 0xa4, 0x00, 0xe5, 0x00, 0x26, 0x00,
    0x83, 0x00, 0x00, 0x00, 0x00, 0x00, 0x00, 0x00, 0x00, 0x00, 0x60, 0x00, 0xc4, 0x00, 0xe4, 0x00,
    0xe5, 0x00, 0x66, 0x00, 0xa6, 0x00, 0xa6, 0x00, 0x66, 0x00, 0x05, 0x00, 0x45, 0x00, 0x47, 0x00,
    0x07, 0x00, 0x68, 0x00, 0x48, 0x00, 0x48, 0x00, 0xc9, 0x00, 0xa6, 0x00, 0x27, 0x00, 0x4b, 0x00,
    0x69, 0x00, 0x6a, 0x00, 0xc8, 0x00, 0x49, 0x00, 0xe4, 0x00, 0x00, 0x00, 0x00, 0x00, 0x00, 0x00,
    0x00, 0x00, 0x00, 0x00, 0x00, 0x00, 0x63, 0x00, 0xe7, 0x00, 0xa7, 0x00, 0xc7, 0x00, 0xc4, 0x00,
    0x00, 0x00, 0x00, 0x00, 0x00, 0x00, 0x00, 0x00, 0x00, 0x00, 0x00, 0x00, 0x00, 0x00, 0x00, 0x00,
    0x00, 0x00, 0x00, 0x00, 0x00, 0x00, 0x00, 0x00, 0x00, 0x00, 0x00, 0x00, 0x61, 0x00, 0xa8, 0x00,
    0x26, 0x00, 0x46, 0x00, 0x89, 0x00, 0x0a, 0x00, 0x46, 0x00, 0x06, 0x00, 0x87, 0x00, 0xc4, 0x00,
    0x00, 0x00, 0x00, 0x00, 0x00, 0x00, 0x00, 0x00, 0x00, 0x00, 0x00, 0x00, 0x20, 0x00, 0x04, 0x00,
    0xc4, 0x00, 0xa4, 0x00, 0x05, 0x00, 0x25, 0x00, 0xc4, 0x00, 0x63, 0x00, 0xa6, 0x00, 0xc6, 0x00,
    0xe7, 0x00, 0x07, 0x00, 0x07, 0x00, 0x48, 0x00, 0xe7, 0x00, 0xc4, 0x00, 0x09, 0x00, 0x6a, 0x00,
    0x29, 0x00, 0x6a, 0x00, 0x29, 0x00, 0xa8, 0x00, 0x61, 0x00, 0x00, 0x00, 0x00, 0x00, 0x00, 0x00,
    0x00, 0x00, 0x00, 0x00, 0x00, 0x00, 0x00, 0x00, 0xa1, 0x00, 0x66, 0x00, 0x07, 0x00, 0xc7, 0x00,
    0x40, 0x00, 0xa1, 0x00, 0x00, 0x00, 0x00, 0x00, 0x00, 0x00, 0x00, 0x00, 0x00, 0x00, 0x00, 0x00,
    0x00, 0x00, 0x00, 0x00, 0x00, 0x00, 0x00, 0x00, 0x00, 0x00, 0x00, 0x00, 0xa4, 0x00, 0xc8, 0x00,
    0xe5, 0x00, 0x26, 0x00, 0xa9, 0x00, 0x48, 0x00, 0x05, 0x00, 0x87, 0x00, 0xe5, 0x00, 0x61, 0x00,
    0x00, 0x00, 0x00, 0x00, 0x00, 0x00, 0x00, 0x00, 0x00, 0x00, 0x00, 0x00, 0x81, 0x00, 0x02, 0x00,
    0x04, 0x00, 0xc4, 0x00, 0x64, 0x00, 0x84, 0x00, 0x64, 0x00, 0xa4, 0x00, 0x86, 0x00, 0xa6, 0x00,
    0xe7, 0x00, 0x07, 0x00, 0x07, 0x00, 0xe7, 0x00, 0xa4, 0x00, 0xc6, 0x00, 0xc8, 0x00, 0xc8, 0x00,
    0xc8, 0x00, 0xa8, 0x00, 0x88, 0x00, 0x43, 0x00, 0x00, 0x00, 0x00, 0x00, 0x00, 0x00, 0x00, 0x00,
    0x00, 0x00, 0x00, 0x00, 0x00, 0x00, 0x00, 0x00, 0x00, 0x00, 0x81, 0x00, 0xc7, 0x00, 0x48, 0x00,
    0x83, 0x00, 0xc4, 0x00, 0x00, 0x00, 0x00, 0x00, 0x00, 0x00, 0x00, 0x00, 0x00, 0x00, 0x00, 0x00,
    0x00, 0x00, 0x00, 0x00, 0x00, 0x00, 0x00, 0x00, 0x00, 0x00, 0x00, 0x00, 0x87, 0x00, 0x46, 0x00,
    0xe6, 0x00, 0x06, 0x00, 0x69, 0x00, 0xa7, 0x00, 0x87, 0x00, 0x46, 0x00, 0x64, 0x00, 0x00, 0x00,
    0x00, 0x00, 0x00, 0x00, 0x00, 0x00, 0x00, 0x00, 0x00, 0x00, 0x23, 0x00, 0x25, 0x00, 0x05, 0x00,
    0x63, 0x00, 0x05, 0x00, 0x05, 0x00, 0x84, 0x00, 0xe5, 0x00, 0x05, 0x00, 0xa6, 0x00, 0x27, 0x00,
    0x27, 0x00, 0x86, 0x00, 0xa6, 0x00, 0xc4, 0x00, 0x24, 0x00, 0x47, 0x00, 0x07, 0x00, 0x27, 0x00,
    0x68, 0x00, 0xe6, 0x00, 0xe4, 0x00, 0x20, 0x00, 0x00, 0x00, 0x00, 0x00, 0x00, 0x00, 0x00, 0x00,
    0x00, 0x00, 0x00, 0x00, 0x00, 0x00, 0x00, 0x00, 0x00, 0x00, 0x00, 0x00, 0xc4, 0x00, 0x68, 0x00,
    0x86, 0x00, 0x25, 0x00, 0x00, 0x00, 0x00, 0x00, 0x00, 0x00, 0x00, 0x00, 0x00, 0x00, 0x00, 0x00,
    0x00, 0x00, 0x00, 0x00, 0x00, 0x00, 0x00, 0x00, 0x00, 0x00, 0x41, 0x00, 0xc8, 0x00, 0xc5, 0x00,
    0xc5, 0x00, 0x06, 0x00, 0x87, 0x00, 0xe7, 0x00, 0xe8, 0x00, 0x87, 0x00, 0xc4, 0x00, 0x00, 0x00,
    0x00, 0x00, 0x00, 0x00, 0x00, 0x00, 0x00, 0x00, 0xe2, 0x00, 0x87, 0x00, 0x86, 0x00, 0x86, 0x00,
    0x25, 0x00, 0x84, 0x00, 0x05, 0x00, 0xe4, 0x00, 0xe5, 0x00, 0xc4, 0x00, 0x27, 0x00, 0x47, 0x00,
    0xa8, 0x00, 0x65, 0x00, 0x63, 0x00, 0xa3, 0x00, 0xc6, 0x00, 0xc6, 0x00, 0xe6, 0x00, 0x07, 0x00,
    0x25, 0x00, 0x63, 0x00, 0x83, 0x00, 0x20, 0x00, 0x00, 0x00, 0x00, 0x00, 0x00, 0x00, 0x00, 0x00,
    0x00, 0x00, 0x00, 0x00, 0x00, 0x00, 0x00, 0x00, 0x00, 0x00, 0x00, 0x00, 0x43, 0x00, 0x48, 0x00,
    0xe7, 0x00, 0x05, 0x00, 0x00, 0x00, 0x00, 0x00, 0x00, 0x00, 0x00, 0x00, 0x00, 0x00, 0x00, 0x00,
    0x00, 0x00, 0x00, 0x00, 0x00, 0x00, 0x00, 0x00, 0x00, 0x00, 0x61, 0x00, 0xa8, 0x00, 0x44, 0x00,
    0xa5, 0x00, 0x67, 0x00, 0xe5, 0x00, 0xe8, 0x00, 0x48, 0x00, 0xe7, 0x00, 0x46, 0x00, 0x20, 0x00,
    0x00, 0x00, 0x00, 0x00, 0x00, 0x00, 0x40, 0x00, 0x05, 0x00, 0xc7, 0x00, 0xc7, 0x00, 0x86, 0x00,
    0x46, 0x00, 0x05, 0x00, 0x43, 0x00, 0x63, 0x00, 0x43, 0x00, 0xc4, 0x00, 0x47, 0x00, 0x87, 0x00,
    0x28, 0x00, 0x87, 0x00, 0xe4, 0x00, 0x24, 0x00, 0x65, 0x00, 0x65, 0x00, 0x45, 0x00, 0xa3, 0x00,
    0x43, 0x00, 0xe4, 0x00, 0x04, 0x00, 0x40, 0x00, 0x00, 0x00, 0x00, 0x00, 0x00, 0x00, 0x00, 0x00,
    0x00, 0x00, 0x00, 0x00, 0x00, 0x00, 0x00, 0x00, 0x00, 0x00, 0x20, 0x00, 0xc2, 0x00, 0x28, 0x00,
    0x07, 0x00, 0xc4, 0x00, 0x00, 0x00, 0x00, 0x00, 0x00, 0x00, 0x00, 0x00, 0x00, 0x00, 0x00, 0x00,
    0x00, 0x00, 0x00, 0x00, 0x00, 0x00, 0x00, 0x00, 0x00, 0x00, 0x61, 0x00, 0x84, 0x00, 0x03, 0x00,
    0xa5, 0x00, 0x47, 0x00, 0x66, 0x00, 0x28, 0x00, 0x69, 0x00, 0x07, 0x00, 0xa6, 0x00, 0x02, 0x00,
    0x00, 0x00, 0x00, 0x00, 0x00, 0x00, 0x40, 0x00, 0x46, 0x00, 0x66, 0x00, 0xc7, 0x00, 0x66, 0x00,
    0x26, 0x00, 0x05, 0x00, 0x64, 0x00, 0xe2, 0x00, 0x02, 0x00, 0xc4, 0x00, 0x86, 0x00, 0x67, 0x00,
    0xaa, 0x00, 0x08, 0x00, 0xa5, 0x00, 0x42, 0x00, 0x63, 0x00, 0x02, 0x00, 0x43, 0x00, 0xa4, 0x00,
    0x25, 0x00, 0x45, 0x00, 0xc6, 0x00, 0x02, 0x00, 0x00, 0x00, 0x00, 0x00, 0x00, 0x00, 0x00, 0x00,
    0x00, 0x00, 0x00, 0x00, 0x00, 0x00, 0x00, 0x00, 0x00, 0x00, 0x23, 0x00, 0x02, 0x00, 0x28, 0x00,
    0xc7, 0x00, 0x43, 0x00, 0x00, 0x00, 0x00, 0x00, 0x00, 0x00, 0x00, 0x00, 0x00, 0x00, 0x00, 0x00,
    0x00, 0x00, 0x00, 0x00, 0x00, 0x00, 0x00, 0x00, 0x00, 0x00, 0x20, 0x00, 0x20, 0x00, 0x03, 0x00,
    0xe6, 0x00, 0x26, 0x00, 0x46, 0x00, 0xe8, 0x00, 0x28, 0x00, 0xe7, 0x00, 0xc7, 0x00, 0xe4, 0x00,
    0x00, 0x00, 0x00, 0x00, 0x00, 0x00, 0xc2, 0x00, 0x05, 0x00, 0xe5, 0x00, 0x46, 0x00, 0x46, 0x00,
    0x05, 0x00, 0xa5, 0x00, 0x64, 0x00, 0x23, 0x00, 0xc2, 0x00, 0x63, 0x00, 0xe5, 0x00, 0xa6, 0x00,
    0x08, 0x00, 0x28, 0x00, 0x05, 0x00, 0x60, 0x00, 0x00, 0x00, 0x20, 0x00, 0xc4, 0x00, 0x05, 0x00,
    0x65, 0x00, 0x85, 0x00, 0x87, 0x00, 0x06, 0x00, 0x00, 0x00, 0x00, 0x00, 0x00, 0x00, 0x00, 0x00,
    0x00, 0x00, 0x00, 0x00, 0x00, 0x00, 0x00, 0x00, 0x00, 0x00, 0x23, 0x00, 0xe5, 0x00, 0x07, 0x00,
    0x86, 0x00, 0xa1, 0x00, 0x00, 0x00, 0x00, 0x00, 0x00, 0x00, 0x00, 0x00, 0x00, 0x00, 0x00, 0x00,
    0x00, 0x00, 0x00, 0x00, 0x00, 0x00, 0x00, 0x00, 0x00, 0x00, 0x00, 0x00, 0x00, 0x00, 0xc2, 0x00,
    0x47, 0x00, 0x64, 0x00, 0xc5, 0x00, 0x87, 0x00, 0xe8, 0x00, 0x48, 0x00, 0x28, 0x00, 0x45, 0x00,
    0xc1, 0x00, 0x00, 0x00, 0x00, 0x00, 0x43, 0x00, 0xc5, 0x00, 0xe5, 0x00, 0x26, 0x00, 0x26, 0x00,
    0xc5, 0x00, 0x84, 0x00, 0x23, 0x00, 0x23, 0x00, 0x40, 0x00, 0x81, 0x00, 0x84, 0x00, 0x25, 0x00,
    0x27, 0x00, 0xe8, 0x00, 0xa7, 0x00, 0xc1, 0x00, 0x00, 0x00, 0x00, 0x00, 0x22, 0x00, 0x25, 0x00,
    0x65, 0x00, 0x27, 0x00, 0xc8, 0x00, 0x48, 0x00, 0x02, 0x00, 0x00, 0x00, 0x00, 0x00, 0x00, 0x00,
    0x00, 0x00, 0x00, 0x00, 0x00, 0x00, 0x00, 0x00, 0x00, 0x00, 0x43, 0x00, 0x66, 0x00, 0x08, 0x00,
    0x25, 0x00, 0x61, 0x00, 0x00, 0x00, 0x00, 0x00, 0x00, 0x00, 0x00, 0x00, 0x00, 0x00, 0x00, 0x00,
    0x00, 0x00, 0x00, 0x00, 0x00, 0x00, 0x00, 0x00, 0x00, 0x00, 0x00, 0x00, 0x00, 0x00, 0x61, 0x00,
    0x47, 0x00, 0x85, 0x00, 0x03, 0x00, 0x87, 0x00, 0x67, 0x00, 0xe7, 0x00, 0x68, 0x00, 0xe7, 0x00,
    0x05, 0x00, 0x84, 0x00, 0x23, 0x00, 0xe5, 0x00, 0x84, 0x00, 0x26, 0x00, 0x06, 0x00, 0xe5, 0x00,
    0x64, 0x00, 0x44, 0x00, 0x23, 0x00, 0x81, 0x00, 0x00, 0x00, 0x00, 0x00, 0xa1, 0x00, 0xc4, 0x00,
    0xa6, 0x00, 0x26, 0x00, 0x28, 0x00, 0xa3, 0x00, 0x00, 0x00, 0x00, 0x00, 0x00, 0x00, 0x83, 0x00,
    0xa6, 0x00, 0x26, 0x00, 0xa7, 0x00, 0x48, 0x00, 0x24, 0x00, 0x00, 0x00, 0x00, 0x00, 0x00, 0x00,
    0x00, 0x00, 0x00, 0x00, 0x00, 0x00, 0x00, 0x00, 0x00, 0x00, 0x84, 0x00, 0xc7, 0x00, 0x28, 0x00,
    0x63, 0x00, 0x43, 0x00, 0x00, 0x00, 0x00, 0x00, 0x00, 0x00, 0x00, 0x00, 0x00, 0x00, 0x00, 0x00,
    0x00, 0x00, 0x00, 0x00, 0x00, 0x00, 0x00, 0x00, 0x00, 0x00, 0x00, 0x00, 0x00, 0x00, 0x00, 0x00,
    0xe6, 0x00, 0xe6, 0x00, 0x85, 0x00, 0xc5, 0x00, 0xa8, 0x00, 0x87, 0x00, 0x08, 0x00, 0x08, 0x00,
    0x26, 0x00, 0xe5, 0x00, 0xa7, 0x00, 0xe5, 0x00, 0x05, 0x00, 0x46, 0x00, 0xe5, 0x00, 0x84, 0x00,
    0x03, 0x00, 0xe2, 0x00, 0x61, 0x00, 0x00, 0x00, 0x00, 0x00, 0x00, 0x00, 0x00, 0x00, 0x23, 0x00,
    0x25, 0x00, 0xc6, 0x00, 0xe8, 0x00, 0x26, 0x00, 0x00, 0x00, 0x00, 0x00, 0x00, 0x00, 0x00, 0x00,
    0x22, 0x00, 0x85, 0x00, 0x27, 0x00, 0xc7, 0x00, 0xe8, 0x00, 0xe1, 0x00, 0x00, 0x00, 0x00, 0x00,
    0x00, 0x00, 0x00, 0x00, 0x00, 0x00, 0x00, 0x00, 0x61, 0x00, 0x25, 0x00, 0x28, 0x00, 0x25, 0x00,
    0x25, 0x00, 0xe2, 0x00, 0x00, 0x00, 0x00, 0x00, 0x00, 0x00, 0x00, 0x00, 0x00, 0x00, 0x00, 0x00,
    0x00, 0x00, 0x00, 0x00, 0x00, 0x00, 0x00, 0x00, 0x00, 0x00, 0x00, 0x00, 0x00, 0x00, 0x00, 0x00,
    0x23, 0x00, 0x27, 0x00, 0xc6, 0x00, 0x06, 0x00, 0x26, 0x00, 0x67, 0x00, 0xe8, 0x00, 0xe8, 0x00,
    0x26, 0x00, 0xa4, 0x00, 0x84, 0x00, 0xa5, 0x00, 0xc7, 0x00, 0x26, 0x00, 0x44, 0x00, 0x03, 0x00,
    0x03, 0x00, 0x23, 0x00, 0x43, 0x00, 0xa4, 0x00, 0xa4, 0x00, 0x23, 0x00, 0x20, 0x00, 0x00, 0x00,
    0x84, 0x00, 0x66, 0x00, 0x87, 0x00, 0xe8, 0x00, 0x62, 0x00, 0x00, 0x00, 0x00, 0x00, 0x00, 0x00,
    0x00, 0x00, 0x81, 0x00, 0x65, 0x00, 0x27, 0x00, 0xc7, 0x00, 0xc7, 0x00, 0xa1, 0x00, 0x00, 0x00,
    0x61, 0x00, 0x20, 0x00, 0x00, 0x00, 0x00, 0x00, 0xa4, 0x00, 0xa8, 0x00, 0xc7, 0x00, 0x46, 0x00,
    0xe4, 0x00, 0x00, 0x00, 0x00, 0x00, 0x00, 0x00, 0x00, 0x00, 0x00, 0x00, 0x00, 0x00, 0x00, 0x00,
    0x00, 0x00, 0x00, 0x00, 0x00, 0x00, 0x00, 0x00, 0x00, 0x00, 0x00, 0x00, 0x00, 0x00, 0x00, 0x00,
    0x20, 0x00, 0xe6, 0x00, 0x64, 0x00, 0x27, 0x00, 0x67, 0x00, 0x26, 0x00, 0x47, 0x00, 0xa7, 0x00,
    0x67, 0x00, 0xe5, 0x00, 0x23, 0x00, 0xa5, 0x00, 0x87, 0x00, 0x66, 0x00, 0xe5, 0x00, 0x43, 0x00,
    0xe5, 0x00, 0x26, 0x00, 0xe5, 0x00, 0x84, 0x00, 0x64, 0x00, 0x63, 0x00, 0x64, 0x00, 0x23, 0x00,
    0xc2, 0x00, 0xa4, 0x00, 0xe6, 0x00, 0x49, 0x00, 0x06, 0x00, 0x61, 0x00, 0x00, 0x00, 0x00, 0x00,
    0x00, 0x00, 0x00, 0x00, 0x81, 0x00, 0xe6, 0x00, 0xa8, 0x00, 0x08, 0x00, 0x28, 0x00, 0x66, 0x00,
    0x08, 0x00, 0x87, 0x00, 0xa1, 0x00, 0x43, 0x00, 0xc9, 0x00, 0x68, 0x00, 0x46, 0x00, 0xe5, 0x00,
    0x20, 0x00, 0x00, 0x00, 0x00, 0x00, 0x00, 0x00, 0x00, 0x00, 0x00, 0x00, 0x00, 0x00, 0x00, 0x00,
    0x00, 0x00, 0x00, 0x00, 0x00, 0x00, 0x00, 0x00, 0x00, 0x00, 0x00, 0x00, 0x00, 0x00, 0x00, 0x00,
    0x00, 0x00, 0xa2, 0x00, 0xc2, 0x00, 0x85, 0x00, 0x47, 0x00, 0x47, 0x00, 0xe6, 0x00, 0x47, 0x00,
    0x67, 0x00, 0x06, 0x00, 0xa5, 0x00, 0x44, 0x00, 0x26, 0x00, 0x26, 0x00, 0x86, 0x00, 0x25, 0x00,
    0xc4, 0x00, 0x25, 0x00, 0x05, 0x00, 0x84, 0x00, 0xc5, 0x00, 0x05, 0x00, 0x26, 0x00, 0x66, 0x00,
    0x64, 0x00, 0x43, 0x00, 0x27, 0x00, 0x49, 0x00, 0x49, 0x00, 0x85, 0x00, 0xc3, 0x00, 0xe2, 0x00,
    0x40, 0x00, 0x00, 0x00, 0x00, 0x00, 0x02, 0x00, 0x88, 0x00, 0x87, 0x00, 0xc7, 0x00, 0x89, 0x00,
    0x29, 0x00, 0x27, 0x00, 0x45, 0x00, 0xa8, 0x00, 0x68, 0x00, 0x46, 0x00, 0xc4, 0x00, 0x61, 0x00,
    0x00, 0x00, 0x00, 0x00, 0x00, 0x00, 0x00, 0x00, 0x00, 0x00, 0x00, 0x00, 0x00, 0x00, 0x00, 0x00,
    0x00, 0x00, 0x00, 0x00, 0x00, 0x00, 0x00, 0x00, 0x00, 0x00, 0x00, 0x00, 0x00, 0x00, 0x00, 0x00,
    0x00, 0x00, 0x00, 0x00, 0x00, 0x00, 0x61, 0x00, 0xe6, 0x00, 0x27, 0x00, 0xe6, 0x00, 0xc6, 0x00,
    0x47, 0x00, 0x26, 0x00, 0x06, 0x00, 0x23, 0x00, 0xa5, 0x00, 0x26, 0x00, 0xa7, 0x00, 0x88, 0x00,
    0xe6, 0x00, 0x47, 0x00, 0xc6, 0x00, 0xa6, 0x00, 0xc4, 0x00, 0xc5, 0x00, 0xe5, 0x00, 0x64, 0x00,
    0x44, 0x00, 0x43, 0x00, 0x88, 0x00, 0x69, 0x00, 0xc8, 0x00, 0x0b, 0x00, 0xe6, 0x00, 0x06, 0x00,
    0x04, 0x00, 0xa3, 0x00, 0x22, 0x00, 0xc2, 0x00, 0xc4, 0x00, 0x45, 0x00, 0xe4, 0x00, 0xe4, 0x00,
    0x86, 0x00, 0xc6, 0x00, 0x05, 0x00, 0xe7, 0x00, 0x46, 0x00, 0x46, 0x00, 0x63, 0x00, 0x20, 0x00,
    0x00, 0x00, 0x00, 0x00, 0x00, 0x00, 0x00, 0x00, 0x00, 0x00, 0x00, 0x00, 0x00, 0x00, 0x00, 0x00,
    0x00, 0x00, 0x00, 0x00, 0x00, 0x00, 0x00, 0x00, 0x00, 0x00, 0x00, 0x00, 0x00, 0x00, 0x00, 0x00,
    0x00, 0x00, 0x00, 0x00, 0x00, 0x00, 0x00, 0x00, 0x61, 0x00, 0xa5, 0x00, 0x27, 0x00, 0xc5, 0x00,
    0xa5, 0x00, 0x06, 0x00, 0xc6, 0x00, 0x64, 0x00, 0xe2, 0x00, 0xe5, 0x00, 0x66, 0x00, 0xa9, 0x00,
    0x09, 0x00, 0x88, 0x00, 0x8b, 0x00, 0x68, 0x00, 0xe7, 0x00, 0x64, 0x00, 0x84, 0x00, 0x84, 0x00,
    0x23, 0x00, 0x84, 0x00, 0x86, 0x00, 0x09, 0x00, 0xa6, 0x00, 0x6a, 0x00, 0xeb, 0x00, 0x29, 0x00,
    0x8a, 0x00, 0x25, 0x00, 0x66, 0x00, 0x86, 0x00, 0x66, 0x00, 0x46, 0x00, 0x66, 0x00, 0x46, 0x00,
    0x25, 0x00, 0x25, 0x00, 0x66, 0x00, 0x05, 0x00, 0xe5, 0x00, 0x23, 0x00, 0x00, 0x00, 0x00, 0x00,
    0x00, 0x00, 0x00, 0x00, 0x00, 0x00, 0x00, 0x00, 0x00, 0x00, 0x00, 0x00, 0x00, 0x00, 0x00, 0x00,
    0x00, 0x00, 0x00, 0x00, 0x00, 0x00, 0x00, 0x00, 0x00, 0x00, 0x00, 0x00, 0x00, 0x00, 0x00, 0x00,
    0x00, 0x00, 0x00, 0x00, 0x00, 0x00, 0x00, 0x00, 0x00, 0x00, 0x00, 0x00, 0xc2, 0x00, 0x85, 0x00,
    0x23, 0x00, 0x03, 0x00, 0x85, 0x00, 0xa5, 0x00, 0x44, 0x00, 0x23, 0x00, 0xa5, 0x00, 0x05, 0x00,
    0xa9, 0x00, 0xa6, 0x00, 0x46, 0x00, 0x28, 0x00, 0x25, 0x00, 0x63, 0x00, 0x20, 0x00, 0x61, 0x00,
    0x61, 0x00, 0xe2, 0x00, 0x26, 0x00, 0x68, 0x00, 0x09, 0x00, 0xc4, 0x00, 0x2c, 0x00, 0xc9, 0x00,
    0x4a, 0x00, 0xc6, 0x00, 0x84, 0x00, 0x66, 0x00, 0xa7, 0x00, 0xa6, 0x00, 0x86, 0x00, 0x66, 0x00,
    0x46, 0x00, 0xc5, 0x00, 0x43, 0x00, 0xc2, 0x00, 0x20, 0x00, 0x00, 0x00, 0x00, 0x00, 0x00, 0x00,
    0x00, 0x00, 0x00, 0x00, 0x00, 0x00, 0x00, 0x00, 0x00, 0x00, 0x00, 0x00, 0x00, 0x00, 0x00, 0x00,
    0x00, 0x00, 0x00, 0x00, 0x00, 0x00, 0x00, 0x00, 0x00, 0x00, 0x00, 0x00, 0x00, 0x00, 0x00, 0x00,
    0x00, 0x00, 0x00, 0x00, 0x00, 0x00, 0x00, 0x00, 0x00, 0x00, 0x00, 0x00, 0x00, 0x00, 0x00, 0x00,
    0x20, 0x00, 0x00, 0x00, 0x20, 0x00, 0x81, 0x00, 0xc2, 0x00, 0x81, 0x00, 0x40, 0x00, 0x81, 0x00,
    0x23, 0x00, 0x05, 0x00, 0x00, 0x00, 0x43, 0x00, 0x23, 0x00, 0x40, 0x00, 0x00, 0x00, 0x00, 0x00,
    0x00, 0x00, 0x00, 0x00, 0xe2, 0x00, 0x45, 0x00, 0xa9, 0x00, 0xa4, 0x00, 0xe4, 0x00, 0x6a, 0x00,
    0xc4, 0x00, 0x05, 0x00, 0x61, 0x00, 0x23, 0x00, 0xe5, 0x00, 0x46, 0x00, 0x66, 0x00, 0x25, 0x00,
    0x23, 0x00, 0x20, 0x00, 0x00, 0x00, 0x00, 0x00, 0x00, 0x00, 0x00, 0x00, 0x00, 0x00, 0x00, 0x00,
    0x00, 0x00, 0x00, 0x00, 0x00, 0x00, 0x00, 0x00, 0x00, 0x00, 0x00, 0x00, 0x00, 0x00, 0x00, 0x00,
    0x00, 0x00, 0x00, 0x00, 0x00, 0x00, 0x00, 0x00, 0x00, 0x00, 0x00, 0x00, 0x00, 0x00, 0x00, 0x00,
    0x00, 0x00, 0x00, 0x00, 0x00, 0x00, 0x00, 0x00, 0x00, 0x00, 0x00, 0x00, 0x00, 0x00, 0x00, 0x00,
    0x00, 0x00, 0x00, 0x00, 0x00, 0x00, 0x00, 0x00, 0x00, 0x00, 0x00, 0x00, 0x00, 0x00, 0x00, 0x00,
    0x00, 0x00, 0x20, 0x00, 0x00, 0x00, 0x00, 0x00, 0x20, 0x00, 0x00, 0x00, 0x00, 0x00, 0x00, 0x00,
    0x00, 0x00, 0x00, 0x00, 0x00, 0x00, 0x20, 0x00, 0x22, 0x00, 0x02, 0x00, 0x00, 0x00, 0x43, 0x00,
    0x02, 0x00, 0x20, 0x00, 0x00, 0x00, 0x00, 0x00, 0x00, 0x00, 0x20, 0x00, 0x40, 0x00, 0x40, 0x00,
    0x00, 0x00, 0x00, 0x00, 0x00, 0x00, 0x00, 0x00, 0x00, 0x00, 0x00, 0x00, 0x00, 0x00, 0x00, 0x00,
    0x00, 0x00, 0x00, 0x00, 0x00, 0x00, 0x00, 0x00, 0x00, 0x00, 0x00, 0x00, 0x00, 0x00, 0x00, 0x00,
    0x00, 0x00, 0x00, 0x00, 0x00, 0x00, 0x00, 0x00, 0x00, 0x00, 0x00, 0x00, 0x00, 0x00, 0x00, 0x00,
    0x00, 0x00, 0x00, 0x00, 0x00, 0x00, 0x00, 0x00, 0x00, 0x00, 0x00, 0x00, 0x00, 0x00, 0x00, 0x00,
    0x00, 0x00, 0x00, 0x00, 0x00, 0x00, 0x00, 0x00, 0x00, 0x00, 0x00, 0x00, 0x00, 0x00, 0x00, 0x00,
    0x00, 0x00, 0x00, 0x00, 0x00, 0x00, 0x00, 0x00, 0x00, 0x00, 0x00, 0x00, 0x00, 0x00, 0x00, 0x00,
    0x00, 0x00, 0x00, 0x00, 0x00, 0x00, 0x00, 0x00, 0x00, 0x00, 0x00, 0x00, 0x00, 0x00, 0x00, 0x00,
    0x00, 0x00, 0x00, 0x00, 0x00, 0x00, 0x00, 0x00, 0x00, 0x00, 0x00, 0x00, 0x00, 0x00, 0x00, 0x00,
    0x00, 0x00, 0x00, 0x00, 0x00, 0x00, 0x00, 0x00, 0x00, 0x00, 0x00, 0x00, 0x00, 0x00, 0x00, 0x00,
    0x00, 0x00, 0x00, 0x00, 0x00, 0x00, 0x00, 0x00, 0x00, 0x00, 0x00, 0x00, 0x00, 0x00, 0x00, 0x00,
    0x00, 0x00, 0x00, 0x00, 0x00, 0x00, 0x00, 0x00, 0x00, 0x00, 0x00, 0x00, 0x00, 0x00, 0x00, 0x00,
    0x00, 0x00, 0x00, 0x00, 0x00, 0x00, 0x00, 0x00, 0x00, 0x00, 0x00, 0x00, 0x00, 0x00, 0x00, 0x00,
    0x00, 0x00, 0x00, 0x00, 0x00, 0x00, 0x00, 0x00, 0x00, 0x00, 0x00, 0x00, 0x00, 0x00, 0x00, 0x00,
    0x00, 0x00, 0x00, 0x00, 0x00, 0x00, 0x00, 0x00, 0x00, 0x00, 0x00, 0x00, 0x00, 0x00, 0x00, 0x00,
    0x00, 0x00, 0x00, 0x00, 0x00, 0x00, 0x00, 0x00, 0x00, 0x00, 0x00, 0x00, 0x00, 0x00, 0x00, 0x00,
    0x00, 0x00, 0x00, 0x00, 0x00, 0x00, 0x00, 0x00, 0x00, 0x00, 0x00, 0x00, 0x00, 0x00, 0x00, 0x00,
    0x00, 0x00, 0x00, 0x00, 0x00, 0x00, 0x00, 0x00, 0x00, 0x00, 0x00, 0x00, 0x00, 0x00, 0x00, 0x00,
    0x00, 0x00, 0x00, 0x00, 0x00, 0x00, 0x00, 0x00, 0x00, 0x00, 0x00, 0x00, 0x00, 0x00, 0x00, 0x00,
    0x00, 0x00, 0x00, 0x00, 0x00, 0x00, 0x00, 0x00, 0x00, 0x00, 0x00, 0x00, 0x00, 0x00, 0x00, 0x00,
    0x00, 0x00, 0x00, 0x00, 0x00, 0x00, 0x00, 0x00, 0x00, 0x00, 0x00, 0x00, 0x00, 0x00, 0x00, 0x00,
    0x00, 0x00, 0x00, 0x00, 0x00, 0x00, 0x00, 0x00, 0x00, 0x00, 0x00, 0x00, 0x00, 0x00, 0x00, 0x00,
    0x00, 0x00, 0x00, 0x00, 0x00, 0x00, 0x00, 0x00, 0x00, 0x00, 0x00, 0x00, 0x00, 0x00, 0x00, 0x00,
    0x00, 0x00, 0x00, 0x00, 0x00, 0x00, 0x00, 0x00, 0x00, 0x00, 0x00, 0x00, 0x00, 0x00, 0x00, 0x00,
    0x00, 0x00, 0x00, 0x00, 0x00, 0x00, 0x00, 0x00, 0x00, 0x00, 0x00, 0x00, 0x00, 0x00, 0x00, 0x00,
    0x00, 0x00, 0x00, 0x00, 0x00, 0x00, 0x00, 0x00, 0x00, 0x00, 0x00, 0x00, 0x00, 0x00, 0x00, 0x00,
    0x00, 0x00, 0x00, 0x00, 0x00, 0x00, 0x00, 0x00, 0x00, 0x00, 0x00, 0x00, 0x00, 0x00, 0x00, 0x00,
    0x00, 0x00, 0x00, 0x00, 0x00, 0x00, 0x00, 0x00, 0x00, 0x00, 0x00, 0x00, 0x00, 0x00, 0x00, 0x00,
    0x00, 0x00, 0x00, 0x00, 0x00, 0x00, 0x00, 0x00, 0x00, 0x00, 0x00, 0x00, 0x00, 0x00, 0x00, 0x00,
    0x00, 0x00, 0x00, 0x00, 0x00, 0x00, 0x00, 0x00, 0x00, 0x00, 0x00, 0x00, 0x00, 0x00, 0x00, 0x00,
    0x00, 0x00, 0x00, 0x00, 0x00, 0x00, 0x00, 0x00, 0x00, 0x00, 0x00, 0x00, 0x00, 0x00, 0x00, 0x00,
    0x00, 0x00, 0x00, 0x00, 0x00, 0x00, 0x00, 0x00, 0x00, 0x00, 0x00, 0x00, 0x00, 0x00, 0x00, 0x00,
    0x00, 0x00, 0x00, 0x00, 0x00, 0x00, 0x00, 0x00, 0x00, 0x00, 0x00, 0x00, 0x00, 0x00, 0x00, 0x00,
    0x00, 0x00, 0x00, 0x00, 0x00, 0x00, 0x00, 0x00, 0x00, 0x00, 0x00, 0x00, 0x00, 0x00, 0x00, 0x00,
    0x00, 0x00, 0x00, 0x00, 0x00, 0x00, 0x00, 0x00, 0x00, 0x00, 0x00, 0x00, 0x00, 0x00, 0x00, 0x00,
    0x00, 0x00, 0x00, 0x00, 0x00, 0x00, 0x00, 0x00, 0x00, 0x00, 0x00, 0x00, 0x00, 0x00, 0x00, 0x00,
    0x00, 0x00, 0x00, 0x00, 0x00, 0x00, 0x00, 0x00, 0x00, 0x00, 0x00, 0x00, 0x00, 0x00, 0x00, 0x00,
    0x00, 0x00, 0x00, 0x00, 0x00, 0x00, 0x00, 0x00, 0x00, 0x00, 0x00, 0x00, 0x00, 0x00, 0x00, 0x00,
    0x00, 0x00, 0x00, 0x00, 0x00, 0x00, 0x00, 0x00, 0x00, 0x00, 0x00, 0x00, 0x00, 0x00, 0x00, 0x00,
    0x00, 0x00, 0x00, 0x00, 0x00, 0x00, 0x00, 0x00, 0x00, 0x00, 0x00, 0x00, 0x00, 0x00, 0x00, 0x00,
    0x00, 0x00, 0x00, 0x00, 0x00, 0x00, 0x00, 0x00, 0x00, 0x00, 0x00, 0x00, 0x00, 0x00, 0x00, 0x00,
    0x00, 0x00, 0x00, 0x00, 0x00, 0x00, 0x00, 0x00, 0x00, 0x00, 0x00, 0x00, 0x00, 0x00, 0x00, 0x00,
    0x00, 0x00, 0x00, 0x00, 0x00, 0x00, 0x00, 0x00, 0x00, 0x00, 0x00, 0x00, 0x00, 0x00, 0x00, 0x00,
    0x00, 0x00, 0x00, 0x00, 0x00, 0x00, 0x00, 0x00, 0x00, 0x00, 0x00, 0x00, 0x00, 0x00, 0x00, 0x00,
    0x00, 0x00, 0x00, 0x00, 0x00, 0x00, 0x00, 0x00, 0x00, 0x00, 0x00, 0x00, 0x00, 0x00, 0x00, 0x00,
    0x00, 0x00, 0x00, 0x00, 0x00, 0x00, 0x00, 0x00, 0x00, 0x00, 0x00, 0x00, 0x00, 0x00, 0x00, 0x00,
    0x00, 0x00, 0x00, 0x00, 0x00, 0x00, 0x00, 0x00, 0x00, 0x00, 0x00, 0x00, 0x00, 0x00, 0x00, 0x00,
    0x00, 0x00, 0x00, 0x00, 0x00, 0x00, 0x00, 0x00, 0x00, 0x00, 0x00, 0x00, 0x00, 0x00, 0x00, 0x00,
    0x00, 0x00, 0x00, 0x00, 0x00, 0x00, 0x00, 0x1c, 0x10, 0x00, 0x00, 0x00, 0x00, 0x00, 0x00, 0x00,
    0x00, 0x00, 0x00, 0x00, 0x00, 0x00, 0x00, 0x00, 0x00, 0x00, 0x00, 0x00, 0x00, 0x00, 0x00, 0x00,
    0x00, 0x00, 0x00, 0x00, 0x00, 0x00, 0x00, 0x00, 0x00, 0x00, 0x00, 0x00, 0x00, 0x00, 0x00, 0x00,
    0x00, 0x00, 0x00, 0x00, 0x00, 0x00, 0x00, 0x00, 0x00, 0x00, 0x00, 0x00, 0x00, 0x00, 0x00, 0x00,
    0x00, 0x00, 0x00, 0x00, 0x00, 0x00, 0x05, 0xf3, 0x0b, 0x00, 0x00, 0x00, 0x00, 0x00, 0x00, 0x00,
    0x00, 0x00, 0x64, 0x02, 0x00, 0x00, 0x00, 0x00, 0x00, 0x00, 0x00, 0x00, 0x00, 0x00, 0x00, 0x00,
    0x00, 0x00, 0x00, 0x00, 0x00, 0x00, 0x00, 0x00, 0x00, 0x00, 0x00, 0x00, 0x00, 0x00, 0x00, 0x00,
    0x00, 0x00, 0x00, 0x00, 0x00, 0x00, 0x00, 0x00, 0x00, 0x00, 0x00, 0x00, 0x00, 0x00, 0x00, 0x00,
    0x00, 0x00, 0x00, 0x00, 0x00, 0x00, 0x3d, 0xff, 0x04, 0x00, 0x00, 0x00, 0x00, 0x05, 0x00, 0x00,
    0x00, 0x0b, 0xff, 0x04, 0x00, 0x00, 0x00, 0x00, 0x00, 0x00, 0x00, 0x00, 0x00, 0x00, 0x00, 0x00,
    0x00, 0x00, 0x00, 0x00, 0x00, 0x00, 0x00, 0x00, 0x00, 0x00, 0x00, 0x00, 0x00, 0x00, 0x00, 0x00,
    0x00, 0x00, 0x00, 0x00, 0x00, 0x00, 0x00, 0x00, 0x00, 0x00, 0x00, 0x00, 0x00, 0x00, 0x00, 0x00,
    0x00, 0x00, 0x00, 0x00, 0x00, 0x00, 0x4f, 0xfb, 0x2e, 0x00, 0x00, 0x00, 0x24, 0x85, 0x00, 0x00,
    0x00, 0x07, 0xff, 0x5b, 0x00, 0x00, 0x0d, 0x01, 0x00, 0x00, 0x00, 0x00, 0x00, 0x00, 0x00, 0x00,
    0x00, 0x00, 0x00, 0x00, 0x00, 0x00, 0x00, 0x00, 0x00, 0x00, 0x00, 0x00, 0x00, 0x00, 0x00, 0x00,
    0x00, 0x00, 0x00, 0x00, 0x00, 0x00, 0x00, 0x00, 0x00, 0x00, 0x00, 0x00, 0x00, 0x00, 0x00, 0x00,
    0x00, 0x00, 0x00, 0x00, 0x00, 0x00, 0x20, 0xff, 0xdc, 0x0c, 0x1c, 0x00, 0x6d, 0xe9, 0x00, 0x00,
    0x00, 0x00, 0xab, 0xff, 0x4c, 0x00, 0x9b, 0x10, 0x00, 0x00, 0x00, 0x00, 0x00, 0x00, 0x00, 0x00,
    0x00, 0x00, 0x00, 0x00, 0x00, 0x00, 0x00, 0x00, 0x00, 0x00, 0x00, 0x00, 0x00, 0x00, 0x00, 0x00,
    0x00, 0x00, 0x00, 0x00, 0x00, 0x00, 0x00, 0x00, 0x00, 0x00, 0x00, 0x00, 0x00, 0x00, 0x00, 0x00,
    0x00, 0x00, 0x00, 0x00, 0x00, 0x00, 0x01, 0xc3, 0xff, 0xeb, 0xdc, 0x5b, 0x54, 0xff, 0x6c, 0x00,
    0x04, 0x2d, 0x0a, 0xef, 0xff, 0x9b, 0xde, 0x6b, 0x00, 0x00, 0x00, 0x00, 0x00, 0x00, 0x00, 0x00,
    0x00, 0x00, 0x00, 0x00, 0x00, 0x00, 0x00, 0x00, 0x00, 0x00, 0x00, 0x00, 0x00, 0x00, 0x00, 0x00,
    0x00, 0x00, 0x00, 0x00, 0x00, 0x00, 0x00, 0x00, 0x00, 0x00, 0x00, 0x00, 0x00, 0x00, 0x00, 0x00,
    0x00, 0x00, 0x00, 0x00, 0x00, 0x00, 0x00, 0x08, 0xbc, 0xf7, 0xfb, 0xff, 0xe6, 0xf9, 0xff, 0x8e,
    0x1e, 0xff, 0x62, 0x47, 0xe8, 0xff, 0xfd, 0xfd, 0x23, 0x00, 0x06, 0x00, 0x00, 0x00, 0x00, 0x00,
    0x00, 0x00, 0x00, 0x00, 0x00, 0x00, 0x00, 0x00, 0x00, 0x00, 0x00, 0x00, 0x00, 0x00, 0x00, 0x00,
    0x00, 0x00, 0x00, 0x00, 0x00, 0x00, 0x00, 0x00, 0x00, 0x00, 0x00, 0x00, 0x00, 0x00, 0x00, 0x00,
    0x00, 0x00, 0x01, 0x6b, 0x21, 0x07, 0x23, 0x98, 0xf5, 0xff, 0xff, 0xff, 0xff, 0xff, 0xfb, 0xff,
    0xff, 0xf5, 0xff, 0xdc, 0xef, 0xfb, 0xfb, 0xfb, 0xff, 0x1b, 0x69, 0x0a, 0x00, 0x00, 0x00, 0x00,
    0x00, 0x00, 0x00, 0x00, 0x00, 0x00, 0x00, 0x00, 0x00, 0x00, 0x00, 0x00, 0x00, 0x00, 0x00, 0x00,
    0x00, 0x00, 0x00, 0x00, 0x00, 0x00, 0x00, 0x00, 0x00, 0x00, 0x00, 0x00, 0x00, 0x00, 0x00, 0x00,
    0x00, 0x00, 0x00, 0x5f, 0xff, 0xff, 0xff, 0xff, 0x9a, 0x41, 0x3d, 0x4c, 0x85, 0xe6, 0xfd, 0xf9,
    0xfd, 0xff, 0xf9, 0xff, 0xff, 0xff, 0xff, 0xfd, 0xff, 0xf9, 0xf5, 0x3e, 0x00, 0x00, 0x00, 0x00,
    0x00, 0x00, 0x00, 0x00, 0x00, 0x00, 0x00, 0x00, 0x00, 0x00, 0x00, 0x00, 0x00, 0x00, 0x00, 0x00,
    0x00, 0x00, 0x00, 0x00, 0x00, 0x00, 0x00, 0x00, 0x00, 0x00, 0x00, 0x00, 0x00, 0x00, 0x00, 0x00,
    0x00, 0x00, 0x00, 0x00, 0x36, 0xca, 0xde, 0x35, 0x00, 0x00, 0x00, 0x3f, 0x97, 0xc0, 0xfd, 0xfd,
    0xff, 0xff, 0xff, 0xfd, 0xff, 0xff, 0xff, 0xff, 0xfd, 0xf9, 0xff, 0x85, 0x00, 0x00, 0x00, 0x00,
    0x00, 0x00, 0x00, 0x00, 0x00, 0x00, 0x00, 0x00, 0x00, 0x00, 0x00, 0x00, 0x00, 0x00, 0x00, 0x00,
    0x00, 0x00, 0x00, 0x00, 0x00, 0x00, 0x00, 0x00, 0x00, 0x00, 0x00, 0x00, 0x00, 0x00, 0x00, 0x00,
    0x00, 0x00, 0x00, 0x00, 0x00, 0x00, 0x02, 0x00, 0x00, 0x00, 0x00, 0x0b, 0x86, 0xfb, 0xfb, 0xff,
    0xff, 0xff, 0xff, 0xff, 0xff, 0xff, 0xff, 0xff, 0xff, 0xfb, 0xff, 0xda, 0x01, 0x00, 0x00, 0x00,
    0x00, 0x00, 0x00, 0x00, 0x00, 0x00, 0x00, 0x00, 0x00, 0x00, 0x00, 0x00, 0x00, 0x00, 0x00, 0x00,
    0x00, 0x00, 0x00, 0x00, 0x00, 0x00, 0x00, 0x00, 0x00, 0x00, 0x00, 0x00, 0x00, 0x00, 0x00, 0x00,
    0x00, 0x00, 0x00, 0x00, 0x00, 0x00, 0x00, 0x00, 0x00, 0x00, 0x05, 0x0b, 0x1c, 0x92, 0xfd, 0xfb,
    0xff, 0xff, 0xff, 0xff, 0xff, 0xff, 0xff, 0xff, 0xff, 0xff, 0xf9, 0xff, 0x13, 0x00, 0x00, 0x00,
    0x00, 0x00, 0x00, 0x00, 0x00, 0x00, 0x00, 0x00, 0x00, 0x00, 0x00, 0x00, 0x00, 0x00, 0x00, 0x00,
    0x00, 0x00, 0x00, 0x00, 0x00, 0x00, 0x00, 0x00, 0x00, 0x00, 0x00, 0x00, 0x00, 0x00, 0x00, 0x00,
    0x00, 0x00, 0x00, 0x00, 0x00, 0x00, 0x00, 0x4f, 0xa6, 0xc1, 0xf5, 0xff, 0xff, 0xff, 0xff, 0xff,
    0xff, 0xff, 0xff, 0xff, 0xff, 0xff, 0xff, 0xff, 0xff, 0xff, 0xf7, 0xfd, 0x50, 0x00, 0x00, 0x00,
    0x00, 0x00, 0x00, 0x00, 0x00, 0x00, 0x00, 0x00, 0x00, 0x00, 0x00, 0x00, 0x00, 0x00, 0x00, 0x00,
    0x00, 0x00, 0x00, 0x00, 0x00, 0x00, 0x00, 0x00, 0x00, 0x00, 0x00, 0x00, 0x00, 0x00, 0x00, 0x00,
    0x00, 0x00, 0x00, 0x00, 0x00, 0x00, 0x00, 0x16, 0xaf, 0xff, 0xff, 0xfb, 0xf9, 0xff, 0xff, 0xff,
    0xff, 0xff, 0xff, 0xff, 0xff, 0xff, 0xff, 0xff, 0xff, 0xff, 0xff, 0xff, 0xfb, 0xbc, 0x86, 0x07,
    0x00, 0x00, 0x00, 0x00, 0x00, 0x00, 0x00, 0x00, 0x00, 0x00, 0x00, 0x00, 0x00, 0x00, 0x00, 0x00,
    0x00, 0x00, 0x00, 0x00, 0x00, 0x00, 0x00, 0x00, 0x00, 0x00, 0x00, 0x00, 0x00, 0x00, 0x00, 0x00,
    0x00, 0x00, 0x00, 0x00, 0x00, 0x00, 0x00, 0x00, 0x00, 0x3f, 0xed, 0xfb, 0xff, 0xff, 0xff, 0xff,
    0xff, 0xff, 0xff, 0xff, 0xff, 0xff, 0xff, 0xff, 0xff, 0xff, 0xff, 0xff, 0xff, 0xff, 0xff, 0x9e,
    0x00, 0x00, 0x00, 0x00, 0x00, 0x00, 0x00, 0x00, 0x00, 0x00, 0x00, 0x00, 0x00, 0x00, 0x00, 0x00,
    0x00, 0x00, 0x00, 0x00, 0x00, 0x00, 0x00, 0x00, 0x00, 0x00, 0x00, 0x00, 0x00, 0x00, 0x00, 0x00,
    0x00, 0x00, 0x00, 0x00, 0x00, 0x00, 0x00, 0x23, 0x8c, 0xce, 0xfb, 0xff, 0xff, 0xff, 0xff, 0xff,
    0xff, 0xff, 0xff, 0xff, 0xff, 0xff, 0xff, 0xff, 0xff, 0xff, 0xff, 0xff, 0xff, 0xf9, 0xf9, 0xe4,
    0x01, 0x00, 0x00, 0x00, 0x00, 0x00, 0x00, 0x00, 0x00, 0x00, 0x00, 0x00, 0x00, 0x00, 0x00, 0x00,
    0x00, 0x00, 0x00, 0x00, 0x00, 0x00, 0x00, 0x00, 0x00, 0x00, 0x00, 0x00, 0x00, 0x00, 0x00, 0x00,
    0x00, 0x00, 0x00, 0x00, 0x00, 0x00, 0x41, 0xff, 0xff, 0xff, 0xff, 0xff, 0xff, 0xff, 0xff, 0xff,
    0xff, 0xff, 0xff, 0xff, 0xff, 0xff, 0xff, 0xff, 0xff, 0xff, 0xff, 0xff, 0xff, 0xf9, 0xfb, 0x95,
    0x00, 0x00, 0x00, 0x00, 0x00, 0x00, 0x00, 0x00, 0x00, 0x00, 0x00, 0x00, 0x00, 0x00, 0x00, 0x00,
    0x00, 0x00, 0x00, 0x00, 0x00, 0x00, 0x00, 0x00, 0x00, 0x00, 0x00, 0x00, 0x00, 0x00, 0x00, 0x00,
    0x00, 0x00, 0x00, 0x00, 0x00, 0x00, 0x00, 0x08, 0x23, 0x45, 0xf1, 0xfd, 0xff, 0xff, 0xff, 0xff,
    0xff, 0xff, 0xff, 0xff, 0xff, 0xff, 0xff, 0xff, 0xff, 0xff, 0xfd, 0xfb, 0xf9, 0xf1, 0xff, 0x21,
    0x00, 0x00, 0x00, 0x00, 0x00, 0x00, 0x00, 0x00, 0x03, 0x00, 0x00, 0x00, 0x00, 0x00, 0x00, 0x00,
    0x00, 0x00, 0x00, 0x00, 0x00, 0x00, 0x00, 0x00, 0x00, 0x00, 0x00, 0x00, 0x00, 0x00, 0x00, 0x00,
    0x00, 0x00, 0x00, 0x00, 0x00, 0x00, 0x00, 0x00, 0x00, 0x54, 0xf9, 0xf9, 0xff, 0xff, 0xff, 0xff,
    0xff, 0xff, 0xff, 0xff, 0xff, 0xff, 0xff, 0xff, 0xfd, 0xf9, 0xff, 0xff, 0xff, 0xff, 0x8c, 0x00,
    0x00, 0x00, 0x00, 0x00, 0x00, 0x00, 0x00, 0x03, 0x83, 0x00, 0x00, 0x00, 0x00, 0x00, 0x00, 0x00,
    0x00, 0x00, 0x00, 0x00, 0x00, 0x00, 0x00, 0x00, 0x00, 0x00, 0x00, 0x00, 0x00, 0x00, 0x00, 0x00,
    0x00, 0x00, 0x00, 0x00, 0x00, 0x00, 0x00, 0x00, 0x1b, 0xff, 0xff, 0xff, 0xff, 0xff, 0xff, 0xff,
    0xff, 0xff, 0xff, 0xff, 0xff, 0xff, 0xff, 0xff, 0xff, 0xff, 0xe9, 0xad, 0x7b, 0x36, 0x01, 0x00,
    0x00, 0x00, 0x00, 0x00, 0x00, 0x00, 0x00, 0x28, 0xff, 0x05, 0x00, 0x00, 0x00, 0x00, 0x00, 0x00,
    0x00, 0x00, 0x00, 0x00, 0x00, 0x00, 0x00, 0x00, 0x00, 0x00, 0x00, 0x00, 0x00, 0x00, 0x00, 0x00,
    0x00, 0x00, 0x00, 0x00, 0x00, 0x00, 0x00, 0x00, 0xa3, 0xff, 0xb5, 0xe0, 0xff, 0xfd, 0xff, 0xff,
    0xff, 0xff, 0xff, 0xff, 0xff, 0xff, 0xfd, 0xfd, 0xf1, 0x36, 0x03, 0x00, 0x00, 0x00, 0x00, 0x00,
    0x00, 0x00, 0x00, 0x00, 0x00, 0x00, 0x11, 0xd5, 0xfd, 0x1c, 0x00, 0x00, 0x00, 0x00, 0x00, 0x00,
    0x00, 0x00, 0x00, 0x00, 0x00, 0x00, 0x00, 0x00, 0x00, 0x00, 0x00, 0x00, 0x00, 0x00, 0x00, 0x00,
    0x00, 0x00, 0x00, 0x00, 0x00, 0x00, 0x00, 0x0c, 0xeb, 0x34, 0x11, 0xed, 0xfb, 0xff, 0xff, 0xff,
    0xff, 0xff, 0xff, 0xff, 0xff, 0xff, 0xfb, 0xf9, 0x18, 0x00, 0x00, 0x00, 0x00, 0x00, 0x00, 0x00,
    0x00, 0x00, 0x00, 0x00, 0x04, 0x67, 0xff, 0xfd, 0xfd, 0x23, 0x00, 0x00, 0x00, 0x00, 0x00, 0x00,
    0x00, 0x00, 0x00, 0x00, 0x00, 0x00, 0x00, 0x00, 0x00, 0x00, 0x00, 0x00, 0x00, 0x00, 0x00, 0x00,
    0x00, 0x00, 0x00, 0x00, 0x00, 0x00, 0x00, 0x06, 0x08, 0x00, 0x4e, 0xff, 0xf3, 0xff, 0xff, 0xff,
    0xff, 0xff, 0xff, 0xff, 0xff, 0xf9, 0xff, 0x8e, 0x00, 0x00, 0x00, 0x00, 0x00, 0x00, 0x00, 0x00,
    0x00, 0x00, 0x00, 0x14, 0xde, 0xff, 0xfd, 0xf9, 0xff, 0x0f, 0x00, 0x00, 0x00, 0x00, 0x00, 0x00,
    0x00, 0x00, 0x00, 0x00, 0x00, 0x00, 0x00, 0x00, 0x00, 0x00, 0x00, 0x00, 0x00, 0x00, 0x00, 0x00,
    0x00, 0x00, 0x00, 0x00, 0x00, 0x00, 0x00, 0x00, 0x00, 0x00, 0x74, 0xfb, 0xff, 0xff, 0xff, 0xff,
    0xff, 0xff, 0xff, 0xff, 0xff, 0xf9, 0xff, 0x91, 0x00, 0x00, 0x00, 0x00, 0x00, 0x00, 0x00, 0x00,
    0x00, 0x23, 0x70, 0xd5, 0xff, 0xf5, 0xfb, 0xfb, 0xca, 0x00, 0x00, 0x00, 0x00, 0x00, 0x00, 0x00,
    0x00, 0x00, 0x00, 0x00, 0x00, 0x00, 0x00, 0x00, 0x00, 0x00, 0x00, 0x00, 0x00, 0x00, 0x00, 0x00,
    0x00, 0x00, 0x00, 0x00, 0x00, 0x00, 0x00, 0x00, 0x00, 0x00, 0x57, 0xff, 0xa0, 0xe2, 0xff, 0xfd,
    0xff, 0xff, 0xff, 0xff, 0xff, 0xff, 0xfb, 0xf9, 0x0a, 0x00, 0x00, 0x00, 0x00, 0x00, 0x00, 0x00,
    0x00, 0xb7, 0xff, 0xff, 0xfd, 0xff, 0xf7, 0xff, 0x2f, 0x00, 0x00, 0x00, 0x00, 0x00, 0x00, 0x00,
    0x00, 0x00, 0x00, 0x00, 0x00, 0x00, 0x00, 0x00, 0x00, 0x00, 0x00, 0x00, 0x00, 0x00, 0x00, 0x00,
    0x00, 0x05, 0x17, 0x06, 0x00, 0x00, 0x00, 0x00, 0x00, 0x00, 0x3e, 0xba, 0x03, 0xd9, 0xff, 0xfb,
    0xff, 0xff, 0xff, 0xff, 0xff, 0xff, 0xf9, 0xff, 0x9a, 0x00, 0x00, 0x00, 0x00, 0x00, 0x00, 0x00,
    0x09, 0xff, 0xfb, 0xfd, 0xff, 0xf9, 0xff, 0x70, 0x00, 0x00, 0x00, 0x00, 0x00, 0x00, 0x00, 0x00,
    0x00, 0x00, 0x00, 0x00, 0x00, 0x00, 0x00, 0x00, 0x00, 0x00, 0x00, 0x00, 0x00, 0x00, 0x00, 0x00,
    0x00, 0x04, 0xf1, 0xfb, 0x8f, 0x11, 0x00, 0x00, 0x00, 0x00, 0x05, 0x04, 0x00, 0xbe, 0xfd, 0xff,
    0xff, 0xff, 0xff, 0xff, 0xff, 0xff, 0xff, 0xf9, 0xff, 0x47, 0x00, 0x00, 0x00, 0x00, 0x00, 0x00,
    0x13, 0xfd, 0xfb, 0xff, 0xfb, 0xfb, 0xa0, 0x0e, 0x00, 0x00, 0x00, 0x00, 0x00, 0x00, 0x00, 0x00,
    0x00, 0x00, 0x00, 0x00, 0x00, 0x00, 0x00, 0x00, 0x00, 0x00, 0x00, 0x00, 0x00, 0x11, 0x37, 0x51,
    0x4f, 0x25, 0x41, 0xf5, 0xff, 0xff, 0x2f, 0x11, 0x1d, 0x00, 0x00, 0x00, 0x00, 0x6c, 0xff, 0xd3,
    0xff, 0xfd, 0xff, 0xff, 0xff, 0xff, 0xff, 0xfd, 0xf7, 0xff, 0x11, 0x00, 0x00, 0x00, 0x00, 0x00,
    0x0c, 0xff, 0xfd, 0xff, 0xf9, 0xff, 0xff, 0x89, 0x01, 0x00, 0x00, 0x00, 0x00, 0x00, 0x00, 0x00,
    0x00, 0x00, 0x00, 0x00, 0x00, 0x00, 0x00, 0x00, 0x00, 0x00, 0x00, 0x00, 0x00, 0x59, 0xfb, 0xff,
    0xff, 0xff, 0xf5, 0xf7, 0xf9, 0xfd, 0xff, 0xa2, 0xff, 0x2a, 0x00, 0x00, 0x00, 0x24, 0x85, 0x2b,
    0xff, 0xf7, 0xff, 0xff, 0xff, 0xff, 0xff, 0xff, 0xfb, 0xff, 0xb9, 0x00, 0x00, 0x00, 0x00, 0x00,
    0x00, 0xe0, 0xff, 0xf9, 0xff, 0xce, 0x39, 0x00, 0x00, 0x00, 0x00, 0x00, 0x00, 0x00, 0x00, 0x00,
    0x00, 0x00, 0x00, 0x00, 0x00, 0x00, 0x00, 0x00, 0x00, 0x00, 0x00, 0x01, 0x22, 0x59, 0xc3, 0xf5,
    0xf5, 0xf7, 0xff, 0xff, 0xff, 0xff, 0xfd, 0xff, 0xf9, 0xff, 0x26, 0x00, 0x05, 0x00, 0x01, 0x0b,
    0xff, 0xfd, 0xff, 0xff, 0xff, 0xff, 0xff, 0xff, 0xff, 0xf7, 0xff, 0x34, 0x00, 0x00, 0x00, 0x05,
    0x09, 0x7b, 0xff, 0xff, 0x6b, 0x01, 0x00, 0x00, 0x00, 0x00, 0x00, 0x00, 0x00, 0x00, 0x00, 0x00,
    0x00, 0x00, 0x00, 0x00, 0x00, 0x00, 0x00, 0x00, 0x00, 0x00, 0x35, 0xe8, 0xff, 0xff, 0xff, 0xff,
    0xff, 0xff, 0xff, 0xff, 0xff, 0xff, 0xff, 0xfb, 0xfd, 0xfb, 0xef, 0x39, 0x7b, 0x00, 0x00, 0x00,
    0xba, 0xff, 0xfb, 0xff, 0xff, 0xff, 0xff, 0xff, 0xff, 0xfb, 0xfd, 0xd3, 0x01, 0x00, 0x00, 0x0b,
    0x9d, 0x51, 0xff, 0xa8, 0x00, 0x00, 0x00, 0x00, 0x00, 0x00, 0x00, 0x00, 0x00, 0x00, 0x00, 0x00,
    0x00, 0x00, 0x00, 0x00, 0x00, 0x00, 0x00, 0x00, 0x00, 0x01, 0x35, 0x5c, 0xca, 0xf7, 0xfb, 0xff,
    0xff, 0xff, 0xff, 0xff, 0xff, 0xff, 0xff, 0xff, 0xff, 0xfd, 0xff, 0xf5, 0xfd, 0x2f, 0x26, 0x06,
    0x94, 0xff, 0xf9, 0xff, 0xff, 0xff, 0xff, 0xff, 0xff, 0xff, 0xf9, 0xff, 0x24, 0x00, 0x00, 0x00,
    0xda, 0xe4, 0xff, 0x4b, 0x00, 0x00, 0x00, 0x00, 0x00, 0x00, 0x00, 0x00, 0x00, 0x00, 0x00, 0x00,
    0x00, 0x00, 0x00, 0x00, 0x00, 0x00, 0x00, 0x00, 0x00, 0x00, 0x0b, 0x89, 0xf1, 0xfd, 0xff, 0xff,
    0xff, 0xff, 0xff, 0xff, 0xff, 0xff, 0xff, 0xff, 0xff, 0xff, 0xfd, 0xff, 0xff, 0xf3, 0xf7, 0xf9,
    0xff, 0xff, 0xff, 0xff, 0xff, 0xff, 0xff, 0xff, 0xff, 0xff, 0xf9, 0xfd, 0x82, 0x00, 0x00, 0x00,
    0x66, 0xff, 0xff, 0x59, 0x00, 0x00, 0x00, 0x00, 0x00, 0x00, 0x00, 0x00, 0x00, 0x00, 0x00, 0x00,
    0x00, 0x00, 0x00, 0x00, 0x00, 0x00, 0x00, 0x00, 0x00, 0x3b, 0xff, 0xff, 0xff, 0xff, 0xff, 0xff,
    0xff, 0xff, 0xff, 0xff, 0xff, 0xff, 0xff, 0xff, 0xff, 0xff, 0xff, 0xff, 0xff, 0xff, 0xff, 0xff,
    0xff, 0xff, 0xff, 0xff, 0xff, 0xff, 0xff, 0xff, 0xff, 0xff, 0xfd, 0xff, 0xcf, 0x00, 0x00, 0x00,
    0x07, 0xf1, 0xfd, 0xbc, 0x00, 0x00, 0x00, 0x00, 0x00, 0x00, 0x00, 0x00, 0x00, 0x00, 0x00, 0x00,
    0x00, 0x00, 0x00, 0x00, 0x00, 0x00, 0x00, 0x00, 0x47, 0xff, 0xf9, 0xf9, 0xff, 0xff, 0xff, 0xff,
    0xff, 0xff, 0xff, 0xff, 0xff, 0xff, 0xff, 0xff, 0xff, 0xff, 0xff, 0xff, 0xff, 0xfd, 0xfd, 0xfd,
    0xff, 0xff, 0xff, 0xff, 0xff, 0xff, 0xff, 0xff, 0xff, 0xff, 0xfd, 0xff, 0xf7, 0x05, 0x00, 0x00,
    0x00, 0x2a, 0xff, 0xff, 0x1e, 0x1f, 0x1a, 0x00, 0x00, 0x00, 0x00, 0x00, 0x00, 0x00, 0x00, 0x00,
    0x00, 0x00, 0x00, 0x00, 0x00, 0x00, 0x00, 0x2d, 0xff, 0xf5, 0xfd, 0xff, 0xff, 0xff, 0xff, 0xff,
    0xff, 0xfd, 0xf7, 0xf7, 0xfb, 0xff, 0xff, 0xff, 0xff, 0xff, 0xff, 0xff, 0xff, 0xff, 0xff, 0xff,
    0xff, 0xff, 0xff, 0xff, 0xff, 0xff, 0xff, 0xff, 0xff, 0xff, 0xfd, 0xff, 0xfb, 0x06, 0x00, 0x00,
    0x00, 0x00, 0x3a, 0xff, 0xca, 0x85, 0x94, 0x00, 0x00, 0x00, 0x00, 0x00, 0x00, 0x00, 0x00, 0x00,
    0x00, 0x00, 0x00, 0x00, 0x00, 0x00, 0x02, 0x69, 0x95, 0xfd, 0xfb, 0xff, 0xff, 0xff, 0xff, 0xff,
    0xfb, 0xff, 0xff, 0xff, 0xff, 0xfb, 0xfd, 0xff, 0xff, 0xff, 0xff, 0xff, 0xff, 0xff, 0xff, 0xff,
    0xff, 0xff, 0xff, 0xff, 0xff, 0xff, 0xff, 0xff, 0xff, 0xff, 0xfd, 0xff, 0xe4, 0x02, 0x00, 0x00,
    0x00, 0x00, 0x00, 0x21, 0xf1, 0xff, 0xf9, 0x08, 0x00, 0x00, 0x00, 0x00, 0x00, 0x00, 0x00, 0x00,
    0x00, 0x00, 0x00, 0x00, 0x00, 0x00, 0x01, 0x0d, 0xe0, 0xfb, 0xfd, 0xff, 0xff, 0xff, 0xff, 0xfb,
    0xff, 0xe4, 0x61, 0x58, 0xa3, 0xff, 0xff, 0xfd, 0xff, 0xff, 0xff, 0xff, 0xff, 0xff, 0xff, 0xff,
    0xff, 0xff, 0xff, 0xff, 0xff, 0xff, 0xff, 0xff, 0xff, 0xff, 0xfb, 0xff, 0xb0, 0x00, 0x00, 0x00,
    0x00, 0x00, 0x0f, 0x36, 0x62, 0xf5, 0xff, 0x49, 0x00, 0x00, 0x00, 0x00, 0x00, 0x00, 0x00, 0x00,
    0x00, 0x00, 0x00, 0x00, 0x00, 0x00, 0x00, 0x95, 0xff, 0xf9, 0xff, 0xff, 0xff, 0xff, 0xfb, 0xff,
    0xaf, 0x06, 0x00, 0x00, 0x00, 0x20, 0xef, 0xff, 0xfd, 0xff, 0xff, 0xff, 0xff, 0xff, 0xff, 0xff,
    0xff, 0xff, 0xff, 0xff, 0xff, 0xff, 0xff, 0xff, 0xff, 0xff, 0xf7, 0xfd, 0x62, 0x00, 0x00, 0x00,
    0x00, 0x00, 0x02, 0x6c, 0xff, 0xf5, 0xff, 0xb5, 0x00, 0x00, 0x00, 0x00, 0x00, 0x00, 0x00, 0x00,
    0x00, 0x00, 0x00, 0x00, 0x00, 0x00, 0x14, 0xff, 0xf9, 0xff, 0xff, 0xff, 0xff, 0xfd, 0xfd, 0xda,
    0x04, 0x00, 0x00, 0x00, 0x00, 0x00, 0x0b, 0xe6, 0xfb, 0xfd, 0xff, 0xff, 0xff, 0xff, 0xff, 0xff,
    0xff, 0xff, 0xff, 0xff, 0xff, 0xff, 0xff, 0xff, 0xff, 0xff, 0xfb, 0xff, 0x12, 0x00, 0x00, 0x00,
    0x00, 0x00, 0x00, 0x00, 0x2a, 0xfb, 0xfb, 0xf5, 0x11, 0x1f, 0x00, 0x00, 0x00, 0x00, 0x00, 0x00,
    0x00, 0x00, 0x00, 0x00, 0x00, 0x00, 0x7c, 0xfd, 0xf7, 0xff, 0xff, 0xff, 0xff, 0xf7, 0xff, 0x33,
    0x00, 0x00, 0x00, 0x00, 0x00, 0x00, 0x33, 0xe0, 0xfd, 0xfd, 0xff, 0xff, 0xff, 0xff, 0xff, 0xff,
    0xff, 0xff, 0xff, 0xff, 0xff, 0xff, 0xff, 0xff, 0xff, 0xf9, 0xff, 0x8f, 0x00, 0x00, 0x00, 0x00,
    0x00, 0x00, 0x00, 0x00, 0x00, 0x3b, 0xff, 0xf5, 0x8b, 0x98, 0x00, 0x00, 0x00, 0x00, 0x00, 0x00,
    0x00, 0x00, 0x00, 0x00, 0x00, 0x01, 0xe4, 0xff, 0xfd, 0xff, 0xff, 0xff, 0xfd, 0xff, 0xf5, 0x05,
    0x00, 0x00, 0x00, 0x00, 0x00, 0x92, 0xff, 0xff, 0xff, 0xff, 0xff, 0xff, 0xff, 0xff, 0xff, 0xff,
    0xff, 0xff, 0xff, 0xff, 0xff, 0xff, 0xff, 0xff, 0xff, 0xf9, 0xff, 0x1c, 0x00, 0x00, 0x00, 0x00,
    0x00, 0x00, 0x00, 0x00, 0x00, 0x01, 0xd7, 0xfd, 0xff, 0xc7, 0x00, 0x00, 0x00, 0x00, 0x00, 0x00,
    0x00, 0x00, 0x00, 0x00, 0x00, 0x0e, 0xff, 0xfd, 0xff, 0xff, 0xff, 0xff, 0xfd, 0xff, 0xe6, 0x02,
    0x00, 0x00, 0x00, 0x01, 0x7c, 0xff, 0xf3, 0xff, 0xff, 0xff, 0xff, 0xff, 0xff, 0xff, 0xff, 0xff,
    0xff, 0xff, 0xff, 0xfd, 0xfb, 0xfd, 0xff, 0xff, 0xff, 0xff, 0xff, 0x09, 0x00, 0x00, 0x00, 0x00,
    0x00, 0x00, 0x00, 0x00, 0x00, 0x00, 0x71, 0xff, 0xfd, 0xc5, 0x00, 0x00, 0x00, 0x00, 0x00, 0x00,
    0x00, 0x00, 0x00, 0x00, 0x00, 0x1a, 0xff, 0xf3, 0xff, 0xff, 0xff, 0xff, 0xff, 0xfb, 0xff, 0x0c,
    0x00, 0x00, 0x00, 0x2a, 0xff, 0xf7, 0xff, 0xff, 0xff, 0xff, 0xff, 0xff, 0xff, 0xff, 0xff, 0xff,
    0xff, 0xff, 0xff, 0xff, 0xff, 0xff, 0xff, 0xff, 0xff, 0xfb, 0xff, 0x0e, 0x00, 0x00, 0x00, 0x00,
    0x00, 0x00, 0x00, 0x00, 0x00, 0x05, 0x36, 0xff, 0xff, 0xa5, 0x00, 0x00, 0x00, 0x00, 0x00, 0x00,
    0x00, 0x00, 0x00, 0x00, 0x00, 0x18, 0xca, 0x77, 0xff, 0xf9, 0xff, 0xff, 0xff, 0xf7, 0xff, 0x55,
    0x00, 0x00, 0x00, 0x20, 0xf9, 0xf9, 0xff, 0xff, 0xff, 0xff, 0xff, 0xff, 0xfb, 0xfb, 0xff, 0xff,
    0xff, 0xff, 0xff, 0xe4, 0xc5, 0xd9, 0xfb, 0xfd, 0xff, 0xf7, 0xff, 0x42, 0x00, 0x00, 0x00, 0x00,
    0x00, 0x00, 0x00, 0x00, 0x00, 0x6c, 0x6b, 0xf9, 0xff, 0x70, 0x00, 0x00, 0x00, 0x00, 0x00, 0x00,
    0x00, 0x00, 0x00, 0x00, 0x00, 0x07, 0x18, 0x50, 0xff, 0xf7, 0xff, 0xff, 0xff, 0xfd, 0xfd, 0xeb,
    0x04, 0x00, 0x00, 0x66, 0xff, 0xf7, 0xff, 0xff, 0xff, 0xff, 0xff, 0xfb, 0xff, 0xff, 0xfb, 0xff,
    0xff, 0xf9, 0xff, 0x21, 0x00, 0x22, 0xff, 0xf5, 0xff, 0xfd, 0xff, 0xd5, 0x01, 0x00, 0x00, 0x00,
    0x00, 0x00, 0x00, 0x00, 0x00, 0x71, 0xf3, 0xed, 0xff, 0x29, 0x00, 0x00, 0x00, 0x00, 0x00, 0x00,
    0x00, 0x00, 0x00, 0x00, 0x00, 0x00, 0x00, 0x49, 0xfd, 0xf7, 0xff, 0xff, 0xff, 0xff, 0xfb, 0xff,
    0x4e, 0x00, 0x00, 0xb0, 0xff, 0xfb, 0xff, 0xff, 0xff, 0xff, 0xf5, 0xff, 0x49, 0x61, 0xff, 0xf7,
    0xff, 0xf7, 0xff, 0x3c, 0x00, 0x00, 0xa6, 0xff, 0xf5, 0xff, 0xf7, 0xff, 0x33, 0x00, 0x00, 0x00,
    0x00, 0x00, 0x00, 0x00, 0x00, 0x8c, 0xff, 0xfb, 0xe4, 0x2d, 0x01, 0x00, 0x00, 0x00, 0x00, 0x00,
    0x00, 0x00, 0x00, 0x00, 0x00, 0x00, 0x00, 0x1d, 0xff, 0xf9, 0xff, 0xff, 0xff, 0xff, 0xff, 0xfd,
    0xff, 0xaa, 0x82, 0xff, 0xff, 0xff, 0xff, 0xff, 0xff, 0xff, 0xff, 0x8c, 0x00, 0x00, 0x94, 0xff,
    0xf9, 0xf9, 0xff, 0x97, 0x00, 0x00, 0x04, 0xbc, 0xff, 0xf7, 0xf9, 0xfd, 0xb4, 0x00, 0x00, 0x00,
    0x00, 0x00, 0x00, 0x00, 0x01, 0xe0, 0xff, 0xfd, 0xd7, 0x86, 0x00, 0x00, 0x00, 0x00, 0x00, 0x00,
    0x00, 0x00, 0x00, 0x00, 0x00, 0x00, 0x00, 0x02, 0xe8, 0xfd, 0xfd, 0xff, 0xff, 0xff, 0xff, 0xff,
    0xfb, 0xff, 0xff, 0xff, 0xff, 0xff, 0xff, 0xff, 0xfb, 0xeb, 0x64, 0x02, 0x01, 0x00, 0x02, 0xda,
    0xff, 0xfb, 0xfd, 0xf7, 0x08, 0x00, 0x00, 0x02, 0x7c, 0xff, 0xfb, 0xf9, 0xff, 0x30, 0x00, 0x00,
    0x00, 0x00, 0x00, 0x00, 0x21, 0xff, 0xf9, 0xf7, 0xff, 0x2d, 0x00, 0x00, 0x00, 0x00, 0x00, 0x00,
    0x00, 0x00, 0x00, 0x00, 0x00, 0x00, 0x00, 0x00, 0x6f, 0xff, 0xf5, 0xfd, 0xff, 0xff, 0xff, 0xff,
    0xff, 0xfb, 0xf9, 0xff, 0xff, 0xff, 0xff, 0xfd, 0xff, 0xd7, 0x9a, 0xcc, 0xda, 0xab, 0x10, 0x0a,
    0xed, 0xfb, 0xf7, 0xff, 0x78, 0x00, 0x00, 0x00, 0x00, 0x35, 0xfd, 0xf7, 0xf9, 0xf5, 0x15, 0x00,
    0x07, 0x02, 0x00, 0x00, 0xb5, 0xfd, 0xf5, 0xff, 0xb4, 0x00, 0x00, 0x00, 0x00, 0x00, 0x00, 0x00,
    0x00, 0x00, 0x00, 0x00, 0x00, 0x00, 0x00, 0x00, 0x08, 0xf9, 0xff, 0xff, 0xff, 0xff, 0xff, 0xff,
    0xff, 0xff, 0xff, 0xff, 0xff, 0xff, 0xff, 0xff, 0xff, 0xff, 0xff, 0xff, 0xff, 0xe4, 0x9a, 0x59,
    0xb7, 0xff, 0xfb, 0xfb, 0xff, 0x31, 0x00, 0x00, 0x00, 0x00, 0x35, 0xff, 0xf9, 0xff, 0xfb, 0xaa,
    0xfb, 0xd9, 0x1a, 0x73, 0xff, 0xf9, 0xfb, 0xd7, 0x0a, 0x00, 0x00, 0x00, 0x00, 0x00, 0x00, 0x00,
    0x00, 0x00, 0x00, 0x00, 0x00, 0x00, 0x00, 0x00, 0x00, 0x40, 0x8b, 0xe4, 0xfd, 0xfb, 0xff, 0xff,
    0xff, 0xff, 0xff, 0xff, 0xff, 0xff, 0xff, 0xff, 0xff, 0xfd, 0xfb, 0xfd, 0xfd, 0xff, 0xff, 0xff,
    0xff, 0xff, 0xff, 0xff, 0xfd, 0xff, 0xaf, 0x3d, 0x09, 0x00, 0x00, 0x7c, 0xff, 0xf7, 0xff, 0xff,
    0xff, 0xff, 0xff, 0xff, 0xfb, 0xf3, 0xff, 0x31, 0x00, 0x00, 0x00, 0x00, 0x00, 0x00, 0x00, 0x00,
    0x00, 0x00, 0x00, 0x00, 0x00, 0x00, 0x00, 0x00, 0x00, 0x00, 0x02, 0x25, 0xff, 0xff, 0xf7, 0xfd,
    0xff, 0xfd, 0xff, 0xff, 0xff, 0xff, 0xff, 0xff, 0xff, 0xff, 0xff, 0xff, 0xff, 0xfd, 0xf5, 0xf1,
    0xf5, 0xf9, 0xff, 0xff, 0xff, 0xfb, 0xff, 0xff, 0xfd, 0xad, 0x6b, 0x71, 0xfb, 0xfd, 0xfd, 0xfb,
    0xfd, 0xfb, 0xf7, 0xf3, 0xfb, 0xff, 0xb9, 0x07, 0x00, 0x00, 0x00, 0x00, 0x00, 0x00, 0x00, 0x00,
    0x00, 0x00, 0x00, 0x00, 0x00, 0x00, 0x00, 0x00, 0x00, 0x00, 0x00, 0x00, 0x23, 0xe2, 0xff, 0xff,
    0xfb, 0xff, 0xfd, 0xf7, 0xf7, 0xf7, 0xf7, 0xf7, 0xfb, 0xff, 0xf9, 0xfb, 0xff, 0xfb, 0xff, 0xff,
    0xff, 0xff, 0xfb, 0xff, 0xff, 0xfd, 0xf9, 0xf7, 0xff, 0xff, 0xff, 0xff, 0xfd, 0xff, 0xff, 0xff,
    0xfd, 0xff, 0xff, 0xff, 0xff, 0x67, 0x02, 0x00, 0x00, 0x00, 0x00, 0x00, 0x00, 0x00, 0x00, 0x00,
    0x00, 0x00, 0x00, 0x00, 0x00, 0x00, 0x00, 0x00, 0x00, 0x00, 0x00, 0x00, 0x00, 0x05, 0x54, 0xce,
    0xff, 0xde, 0xff, 0xff, 0xff, 0xff, 0xff, 0xff, 0xff, 0xfb, 0xff, 0xff, 0xff, 0xab, 0x14, 0x26,
    0x3d, 0x86, 0xff, 0xf9, 0xf9, 0xff, 0xff, 0xf9, 0xff, 0xf9, 0xff, 0xff, 0xff, 0xff, 0xfd, 0xff,
    0xff, 0xef, 0xb0, 0x4f, 0x0b, 0x00, 0x00, 0x00, 0x00, 0x00, 0x00, 0x00, 0x00, 0x00, 0x00, 0x00,
    0x00, 0x00, 0x00, 0x00, 0x00, 0x00, 0x00, 0x00, 0x00, 0x00, 0x00, 0x00, 0x00, 0x00, 0x00, 0x01,
    0x12, 0x08, 0x0e, 0x3a, 0x56, 0x3c, 0x2a, 0x6b, 0xaf, 0xe4, 0x32, 0xb9, 0x7e, 0x12, 0x00, 0x00,
    0x00, 0x00, 0x77, 0xff, 0xff, 0xe9, 0xff, 0xff, 0xe2, 0xd1, 0x2c, 0x7e, 0xd1, 0xfd, 0xff, 0xff,
    0xc3, 0x19, 0x00, 0x00, 0x00, 0x00, 0x00, 0x00, 0x00, 0x00, 0x00, 0x00, 0x00, 0x00, 0x00, 0x00,
    0x00, 0x00, 0x00, 0x00, 0x00, 0x00, 0x00, 0x00, 0x00, 0x00, 0x00, 0x00, 0x00, 0x00, 0x00, 0x00,
    0x00, 0x00, 0x00, 0x00, 0x00, 0x00, 0x00, 0x00, 0x00, 0x0d, 0x00, 0x00, 0x05, 0x00, 0x00, 0x00,
    0x00, 0x00, 0x00, 0x16, 0x79, 0x3f, 0x0c, 0x78, 0x3b, 0x0b, 0x00, 0x00, 0x01, 0x07, 0x0b, 0x08,
    0x01, 0x00, 0x00, 0x00, 0x00, 0x00, 0x00, 0x00, 0x00, 0x00, 0x00, 0x00, 0x00, 0x00, 0x00, 0x00,
    0x00, 0x00, 0x00, 0x00, 0x00, 0x00, 0x00, 0x00, 0x00, 0x00, 0x00, 0x00, 0x00, 0x00, 0x00, 0x00,
    0x00, 0x00, 0x00, 0x00, 0x00, 0x00, 0x00, 0x00, 0x00, 0x00, 0x00, 0x00, 0x00, 0x00, 0x00, 0x00,
    0x00, 0x00, 0x00, 0x00, 0x00, 0x00, 0x00, 0x00, 0x00, 0x00, 0x00, 0x00, 0x00, 0x00, 0x00, 0x00,
    0x00, 0x00, 0x00, 0x00, 0x00, 0x00, 0x00, 0x00, 0x00, 0x00, 0x00, 0x00, 0x00, 0x00, 0x00, 0x00,
    0x00, 0x00, 0x00, 0x00, 0x00, 0x00, 0x00, 0x00, 0x00, 0x00, 0x00, 0x00, 0x00, 0x00, 0x00, 0x00,
    0x00, 0x00, 0x00, 0x00, 0x00, 0x00, 0x00, 0x00, 0x00, 0x00, 0x00, 0x00, 0x00, 0x00, 0x00, 0x00,
    0x00, 0x00, 0x00, 0x00, 0x00, 0x00, 0x00, 0x00, 0x00, 0x00, 0x00, 0x00, 0x00, 0x00, 0x00, 0x00,
    0x00, 0x00, 0x00, 0x00, 0x00, 0x00, 0x00, 0x00, 0x00, 0x00, 0x00, 0x00, 0x00, 0x00, 0x00, 0x00,
    0x00, 0x00, 0x00, 0x00, 0x00, 0x00, 0x00, 0x00, 0x00, 0x00, 0x00, 0x00, 0x00, 0x00, 0x00, 0x00,
    0x00, 0x00, 0x00, 0x00, 0x00, 0x00, 0x00, 0x00, 0x00, 0x00, 0x00, 0x00, 0x00, 0x00, 0x00, 0x00,
    0x00, 0x00, 0x00, 0x00, 0x00, 0x00, 0x00, 0x00, 0x00, 0x00, 0x00, 0x00, 0x00, 0x00, 0x00, 0x00,
    0x00, 0x00, 0x00, 0x00, 0x00, 0x00, 0x00, 0x00, 0x00, 0x00, 0x00, 0x00, 0x00, 0x00, 0x00, 0x00,
    0x00, 0x00, 0x00, 0x00, 0x00, 0x00, 0x00, 0x00, 0x00, 0x00, 0x00, 0x00, 0x00, 0x00, 0x00, 0x00,
    0x00, 0x00, 0x00, 0x00, 0x00, 0x00, 0x00, 0x00, 0x00, 0x00, 0x00, 0x00, 0x00, 0x00, 0x00, 0x00,
    0x00, 0x00, 0x00, 0x00, 0x00, 0x00, 0x00, 0x00, 0x00, 0x00, 0x00, 0x00, 0x00, 0x00, 0x00, 0x00,
    0x00, 0x00, 0x00, 0x00, 0x00, 0x00, 0x00, 0x00, 0x00, 0x00, 0x00, 0x00, 0x00, 0x00, 0x00, 0x00,
};

const lv_image_dsc_t angry_frame_6_dsc = {
    .header.w = 64,
    .header.h = 64,
    .header.cf = LV_COLOR_FORMAT_RGB565A8,
    .data_size = 12288,
    .data = angry_frame_6_data,
};

/* Frame 7: frame_007.png */
static const uint8_t angry_frame_7_data[] = {
    0x00, 0x00, 0x00, 0x00, 0x00, 0x00, 0x00, 0x00, 0x00, 0x00, 0x00, 0x00, 0x00, 0x00, 0x00, 0x00,
    0x00, 0x00, 0x00, 0x00, 0x00, 0x00, 0x00, 0x00, 0x00, 0x00, 0x00, 0x00, 0x00, 0x00, 0x00, 0x00,
    0x00, 0x00, 0x00, 0x00, 0x00, 0x00, 0x00, 0x00, 0xa1, 0x00, 0x20, 0x00, 0x00, 0x00, 0x00, 0x00,
    0x00, 0x00, 0x00, 0x00, 0x00, 0x00, 0x00, 0x00, 0x00, 0x00, 0x00, 0x00, 0x00, 0x00, 0x00, 0x00,
    0x00, 0x00, 0x00, 0x00, 0x61, 0x00, 0x60, 0x00, 0x00, 0x00, 0x00, 0x00, 0x00, 0x00, 0x00, 0x00,
    0x00, 0x00, 0x00, 0x00, 0x00, 0x00, 0x00, 0x00, 0x00, 0x00, 0x00, 0x00, 0x00, 0x00, 0x00, 0x00,
    0x00, 0x00, 0x00, 0x00, 0x00, 0x00, 0x00, 0x00, 0x00, 0x00, 0x00, 0x00, 0x00, 0x00, 0x00, 0x00,
    0x00, 0x00, 0x00, 0x00, 0x00, 0x00, 0x00, 0x00, 0x00, 0x00, 0x00, 0x00, 0x00, 0x00, 0x00, 0x00,
    0x00, 0x00, 0x00, 0x00, 0x00, 0x00, 0x00, 0x00, 0x00, 0x00, 0x00, 0x00, 0x00, 0x00, 0x00, 0x00,
    0x00, 0x00, 0x00, 0x00, 0x00, 0x00, 0x00, 0x00, 0x00, 0x00, 0x00, 0x00, 0x00, 0x00, 0x00, 0x00,
    0x00, 0x00, 0x00, 0x00, 0x00, 0x00, 0xa1, 0x00, 0x45, 0x00, 0x00, 0x00, 0x00, 0x00, 0x00, 0x00,
    0x00, 0x00, 0x00, 0x00, 0x00, 0x00, 0x00, 0x00, 0x00, 0x00, 0x00, 0x00, 0x00, 0x00, 0x00, 0x00,
    0x00, 0x00, 0x00, 0x00, 0x25, 0x00, 0x81, 0x00, 0x00, 0x00, 0x00, 0x00, 0x00, 0x00, 0x00, 0x00,
    0x00, 0x00, 0x00, 0x00, 0x00, 0x00, 0x00, 0x00, 0x00, 0x00, 0x00, 0x00, 0x00, 0x00, 0x00, 0x00,
    0x00, 0x00, 0x00, 0x00, 0x00, 0x00, 0x00, 0x00, 0x00, 0x00, 0x00, 0x00, 0x00, 0x00, 0x00, 0x00,
    0x00, 0x00, 0x00, 0x00, 0x00, 0x00, 0x00, 0x00, 0x00, 0x00, 0x00, 0x00, 0x00, 0x00, 0x00, 0x00,
    0x00, 0x00, 0x00, 0x00, 0x00, 0x00, 0x00, 0x00, 0x00, 0x00, 0x00, 0x00, 0x00, 0x00, 0x00, 0x00,
    0x00, 0x00, 0x00, 0x00, 0x00, 0x00, 0x00, 0x00, 0x00, 0x00, 0x00, 0x00, 0x00, 0x00, 0x00, 0x00,
    0x00, 0x00, 0x00, 0x00, 0x00, 0x00, 0x05, 0x00, 0x25, 0x00, 0x00, 0x00, 0x00, 0x00, 0x00, 0x00,
    0x00, 0x00, 0x00, 0x00, 0x00, 0x00, 0x00, 0x00, 0x00, 0x00, 0x00, 0x00, 0x00, 0x00, 0x00, 0x00,
    0x00, 0x00, 0xa1, 0x00, 0x28, 0x00, 0x40, 0x00, 0x00, 0x00, 0x00, 0x00, 0x00, 0x00, 0x00, 0x00,
    0x00, 0x00, 0x00, 0x00, 0x00, 0x00, 0x00, 0x00, 0x00, 0x00, 0x00, 0x00, 0x00, 0x00, 0x00, 0x00,
    0x00, 0x00, 0x00, 0x00, 0x00, 0x00, 0x00, 0x00, 0x00, 0x00, 0x00, 0x00, 0x00, 0x00, 0x00, 0x00,
    0x00, 0x00, 0x00, 0x00, 0x00, 0x00, 0x00, 0x00, 0x00, 0x00, 0x00, 0x00, 0x00, 0x00, 0x00, 0x00,
    0x00, 0x00, 0x00, 0x00, 0x00, 0x00, 0x00, 0x00, 0x00, 0x00, 0x00, 0x00, 0x00, 0x00, 0x00, 0x00,
    0x00, 0x00, 0x00, 0x00, 0x00, 0x00, 0x00, 0x00, 0x00, 0x00, 0x00, 0x00, 0x00, 0x00, 0x00, 0x00,
    0x00, 0x00, 0x00, 0x00, 0x00, 0x00, 0xa7, 0x00, 0x86, 0x00, 0x00, 0x00, 0x00, 0x00, 0x00, 0x00,
    0x00, 0x00, 0x00, 0x00, 0x00, 0x00, 0x00, 0x00, 0x00, 0x00, 0x00, 0x00, 0x00, 0x00, 0x00, 0x00,
    0x00, 0x00, 0x02, 0x00, 0x89, 0x00, 0xc2, 0x00, 0x00, 0x00, 0x00, 0x00, 0x81, 0x00, 0x61, 0x00,
    0x00, 0x00, 0x00, 0x00, 0x00, 0x00, 0x00, 0x00, 0x00, 0x00, 0x00, 0x00, 0x00, 0x00, 0x00, 0x00,
    0x00, 0x00, 0x00, 0x00, 0x00, 0x00, 0x00, 0x00, 0x00, 0x00, 0x00, 0x00, 0x00, 0x00, 0x00, 0x00,
    0x00, 0x00, 0x00, 0x00, 0x00, 0x00, 0x00, 0x00, 0x00, 0x00, 0x00, 0x00, 0x00, 0x00, 0x00, 0x00,
    0x00, 0x00, 0x00, 0x00, 0x00, 0x00, 0x00, 0x00, 0x00, 0x00, 0x00, 0x00, 0x00, 0x00, 0x00, 0x00,
    0x00, 0x00, 0x00, 0x00, 0x00, 0x00, 0x00, 0x00, 0x00, 0x00, 0x00, 0x00, 0x00, 0x00, 0x00, 0x00,
    0x00, 0x00, 0x00, 0x00, 0x20, 0x00, 0xa6, 0x00, 0xa8, 0x00, 0x00, 0x00, 0x00, 0x00, 0x00, 0x00,
    0x00, 0x00, 0x00, 0x00, 0x00, 0x00, 0x00, 0x00, 0x00, 0x00, 0x00, 0x00, 0x00, 0x00, 0x00, 0x00,
    0x00, 0x00, 0xe2, 0x00, 0x69, 0x00, 0xa7, 0x00, 0x00, 0x00, 0x00, 0x00, 0x05, 0x00, 0xe2, 0x00,
    0x00, 0x00, 0x00, 0x00, 0x00, 0x00, 0x00, 0x00, 0x00, 0x00, 0x00, 0x00, 0x00, 0x00, 0x00, 0x00,
    0x00, 0x00, 0x00, 0x00, 0x00, 0x00, 0x00, 0x00, 0x00, 0x00, 0x00, 0x00, 0x00, 0x00, 0x00, 0x00,
    0x00, 0x00, 0x00, 0x00, 0x00, 0x00, 0x00, 0x00, 0x00, 0x00, 0x00, 0x00, 0x00, 0x00, 0x00, 0x00,
    0x00, 0x00, 0x00, 0x00, 0x00, 0x00, 0x00, 0x00, 0x00, 0x00, 0x00, 0x00, 0x00, 0x00, 0x00, 0x00,
    0x00, 0x00, 0x00, 0x00, 0x00, 0x00, 0x00, 0x00, 0x00, 0x00, 0x00, 0x00, 0x00, 0x00, 0x00, 0x00,
    0x00, 0x00, 0x00, 0x00, 0x00, 0x00, 0xe5, 0x00, 0x2a, 0x00, 0x25, 0x00, 0x00, 0x00, 0x00, 0x00,
    0x02, 0x00, 0x61, 0x00, 0x00, 0x00, 0x00, 0x00, 0xa4, 0x00, 0x61, 0x00, 0x00, 0x00, 0x00, 0x00,
    0x00, 0x00, 0x40, 0x00, 0x46, 0x00, 0xa9, 0x00, 0xe5, 0x00, 0x00, 0x00, 0xe7, 0x00, 0x84, 0x00,
    0x00, 0x00, 0x00, 0x00, 0x00, 0x00, 0x00, 0x00, 0x00, 0x00, 0x00, 0x00, 0x00, 0x00, 0x00, 0x00,
    0x00, 0x00, 0x00, 0x00, 0x00, 0x00, 0x00, 0x00, 0x00, 0x00, 0x00, 0x00, 0x00, 0x00, 0x00, 0x00,
    0x00, 0x00, 0x00, 0x00, 0x00, 0x00, 0x00, 0x00, 0x00, 0x00, 0x00, 0x00, 0x00, 0x00, 0x00, 0x00,
    0x00, 0x00, 0x00, 0x00, 0x00, 0x00, 0x00, 0x00, 0x00, 0x00, 0x00, 0x00, 0x00, 0x00, 0x00, 0x00,
    0x00, 0x00, 0x00, 0x00, 0x00, 0x00, 0x00, 0x00, 0x00, 0x00, 0x00, 0x00, 0x00, 0x00, 0x00, 0x00,
    0x00, 0x00, 0x00, 0x00, 0x00, 0x00, 0x23, 0x00, 0x27, 0x00, 0x09, 0x00, 0x25, 0x00, 0x00, 0x00,
    0x63, 0x00, 0x83, 0x00, 0x00, 0x00, 0x40, 0x00, 0xc7, 0x00, 0x81, 0x00, 0x00, 0x00, 0x20, 0x00,
    0x00, 0x00, 0x00, 0x00, 0xa2, 0x00, 0x46, 0x00, 0x28, 0x00, 0x46, 0x00, 0x46, 0x00, 0x28, 0x00,
    0x00, 0x00, 0x00, 0x00, 0x00, 0x00, 0x40, 0x00, 0x00, 0x00, 0x00, 0x00, 0x00, 0x00, 0x00, 0x00,
    0x00, 0x00, 0x00, 0x00, 0x00, 0x00, 0x00, 0x00, 0x00, 0x00, 0x00, 0x00, 0x00, 0x00, 0x00, 0x00,
    0x00, 0x00, 0x00, 0x00, 0x00, 0x00, 0x00, 0x00, 0x00, 0x00, 0x00, 0x00, 0x00, 0x00, 0x00, 0x00,
    0x00, 0x00, 0x00, 0x00, 0x00, 0x00, 0x00, 0x00, 0x00, 0x00, 0x00, 0x00, 0x00, 0x00, 0x00, 0x00,
    0x00, 0x00, 0x00, 0x00, 0x00, 0x00, 0x00, 0x00, 0x00, 0x00, 0x00, 0x00, 0x00, 0x00, 0x40, 0x00,
    0xa1, 0x00, 0x00, 0x00, 0x00, 0x00, 0x00, 0x00, 0xc4, 0x00, 0xa6, 0x00, 0xa8, 0x00, 0x86, 0x00,
    0x43, 0x00, 0x48, 0x00, 0x61, 0x00, 0x20, 0x00, 0x28, 0x00, 0x83, 0x00, 0x00, 0x00, 0x23, 0x00,
    0x06, 0x00, 0x81, 0x00, 0x00, 0x00, 0x08, 0x00, 0x86, 0x00, 0x66, 0x00, 0x66, 0x00, 0x68, 0x00,
    0x86, 0x00, 0x00, 0x00, 0x20, 0x00, 0x66, 0x00, 0x00, 0x00, 0x00, 0x00, 0x00, 0x00, 0x00, 0x00,
    0x00, 0x00, 0x00, 0x00, 0x00, 0x00, 0x00, 0x00, 0x00, 0x00, 0x00, 0x00, 0x00, 0x00, 0x00, 0x00,
    0x00, 0x00, 0x00, 0x00, 0x00, 0x00, 0x00, 0x00, 0x00, 0x00, 0x00, 0x00, 0x00, 0x00, 0x00, 0x00,
    0x00, 0x00, 0x00, 0x00, 0x00, 0x00, 0x00, 0x00, 0x00, 0x00, 0x00, 0x00, 0x00, 0x00, 0x00, 0x00,
    0x00, 0x00, 0x00, 0x00, 0x00, 0x00, 0x00, 0x00, 0x00, 0x00, 0x00, 0x00, 0x00, 0x00, 0x40, 0x00,
    0xc7, 0x00, 0xa7, 0x00, 0x05, 0x00, 0x05, 0x00, 0xc7, 0x00, 0x86, 0x00, 0xa6, 0x00, 0x28, 0x00,
    0x66, 0x00, 0xa7, 0x00, 0x48, 0x00, 0x23, 0x00, 0x86, 0x00, 0x68, 0x00, 0x40, 0x00, 0x40, 0x00,
    0x08, 0x00, 0x29, 0x00, 0xa4, 0x00, 0xc8, 0x00, 0x0b, 0x00, 0x49, 0x00, 0x66, 0x00, 0xa6, 0x00,
    0xc9, 0x00, 0xc4, 0x00, 0x23, 0x00, 0xa9, 0x00, 0x40, 0x00, 0x00, 0x00, 0x00, 0x00, 0x00, 0x00,
    0x00, 0x00, 0x00, 0x00, 0x00, 0x00, 0x00, 0x00, 0x00, 0x00, 0x00, 0x00, 0x00, 0x00, 0x00, 0x00,
    0x00, 0x00, 0x00, 0x00, 0x00, 0x00, 0x00, 0x00, 0x00, 0x00, 0x00, 0x00, 0x00, 0x00, 0x00, 0x00,
    0x00, 0x00, 0x00, 0x00, 0x00, 0x00, 0x00, 0x00, 0x00, 0x00, 0x00, 0x00, 0x00, 0x00, 0x00, 0x00,
    0x00, 0x00, 0x00, 0x00, 0x00, 0x00, 0x00, 0x00, 0x00, 0x00, 0x00, 0x00, 0x00, 0x00, 0x00, 0x00,
    0xe2, 0x00, 0xa7, 0x00, 0x08, 0x00, 0x08, 0x00, 0x66, 0x00, 0x84, 0x00, 0x43, 0x00, 0x63, 0x00,
    0x25, 0x00, 0x46, 0x00, 0x48, 0x00, 0x89, 0x00, 0x25, 0x00, 0xa8, 0x00, 0x07, 0x00, 0x81, 0x00,
    0x05, 0x00, 0x29, 0x00, 0xe8, 0x00, 0x67, 0x00, 0xcb, 0x00, 0xcd, 0x00, 0x2b, 0x00, 0x25, 0x00,
    0x69, 0x00, 0x27, 0x00, 0xa6, 0x00, 0xe9, 0x00, 0x40, 0x00, 0x00, 0x00, 0x00, 0x00, 0x00, 0x00,
    0x00, 0x00, 0x00, 0x00, 0x00, 0x00, 0x00, 0x00, 0x00, 0x00, 0x00, 0x00, 0x00, 0x00, 0x00, 0x00,
    0x00, 0x00, 0x00, 0x00, 0x00, 0x00, 0x00, 0x00, 0x00, 0x00, 0x00, 0x00, 0x00, 0x00, 0x00, 0x00,
    0x00, 0x00, 0x00, 0x00, 0x00, 0x00, 0x00, 0x00, 0x00, 0x00, 0x00, 0x00, 0x00, 0x00, 0x00, 0x00,
    0x00, 0x00, 0x00, 0x00, 0x00, 0x00, 0x00, 0x00, 0x00, 0x00, 0x00, 0x00, 0x00, 0x00, 0x00, 0x00,
    0x00, 0x00, 0x41, 0x00, 0xc2, 0x00, 0x81, 0x00, 0x20, 0x00, 0x00, 0x00, 0x00, 0x00, 0x00, 0x00,
    0x40, 0x00, 0x63, 0x00, 0xa7, 0x00, 0x28, 0x00, 0x07, 0x00, 0xc6, 0x00, 0x2a, 0x00, 0x48, 0x00,
    0x64, 0x00, 0x87, 0x00, 0xc8, 0x00, 0x26, 0x00, 0x8a, 0x00, 0x4c, 0x00, 0x0e, 0x00, 0x89, 0x00,
    0x0b, 0x00, 0x6b, 0x00, 0x46, 0x00, 0xc7, 0x00, 0x00, 0x00, 0x00, 0x00, 0x00, 0x00, 0x00, 0x00,
    0x00, 0x00, 0x00, 0x00, 0x00, 0x00, 0x00, 0x00, 0x00, 0x00, 0x00, 0x00, 0x00, 0x00, 0x00, 0x00,
    0x00, 0x00, 0x00, 0x00, 0x00, 0x00, 0x00, 0x00, 0x00, 0x00, 0x00, 0x00, 0x00, 0x00, 0x00, 0x00,
    0x00, 0x00, 0x00, 0x00, 0x00, 0x00, 0x00, 0x00, 0x00, 0x00, 0x00, 0x00, 0x00, 0x00, 0x00, 0x00,
    0x00, 0x00, 0x00, 0x00, 0x00, 0x00, 0x00, 0x00, 0x00, 0x00, 0x00, 0x00, 0x00, 0x00, 0x00, 0x00,
    0x00, 0x00, 0x00, 0x00, 0x00, 0x00, 0x00, 0x00, 0x00, 0x00, 0x00, 0x00, 0x00, 0x00, 0x00, 0x00,
    0x00, 0x00, 0x00, 0x00, 0x81, 0x00, 0xe5, 0x00, 0xa7, 0x00, 0x07, 0x00, 0x48, 0x00, 0x6b, 0x00,
    0x28, 0x00, 0xe5, 0x00, 0x87, 0x00, 0xa5, 0x00, 0x08, 0x00, 0x0b, 0x00, 0x2c, 0x00, 0xed, 0x00,
    0x89, 0x00, 0x2e, 0x00, 0x6b, 0x00, 0xa1, 0x00, 0x00, 0x00, 0x00, 0x00, 0x00, 0x00, 0x00, 0x00,
    0x00, 0x00, 0x00, 0x00, 0x00, 0x00, 0x00, 0x00, 0x00, 0x00, 0x00, 0x00, 0x00, 0x00, 0x00, 0x00,
    0x00, 0x00, 0x00, 0x00, 0x00, 0x00, 0x00, 0x00, 0x00, 0x00, 0x00, 0x00, 0x00, 0x00, 0x00, 0x00,
    0x00, 0x00, 0x00, 0x00, 0x00, 0x00, 0x00, 0x00, 0x00, 0x00, 0x00, 0x00, 0x00, 0x00, 0x00, 0x00,
    0x00, 0x00, 0x00, 0x00, 0x00, 0x00, 0x00, 0x00, 0x00, 0x00, 0x00, 0x00, 0x00, 0x00, 0x00, 0x00,
    0x00, 0x00, 0x00, 0x00, 0x00, 0x00, 0x00, 0x00, 0x20, 0x00, 0xa2, 0x00, 0xa2, 0x00, 0xc2, 0x00,
    0x81, 0x00, 0xe2, 0x00, 0x84, 0x00, 0xa4, 0x00, 0x84, 0x00, 0x46, 0x00, 0xe7, 0x00, 0xea, 0x00,
    0x8c, 0x00, 0x08, 0x00, 0x8d, 0x00, 0xa7, 0x00, 0xe5, 0x00, 0xcb, 0x00, 0x8a, 0x00, 0x0b, 0x00,
    0x6c, 0x00, 0xca, 0x00, 0x6e, 0x00, 0x02, 0x00, 0x00, 0x00, 0x00, 0x00, 0x00, 0x00, 0x00, 0x00,
    0x00, 0x00, 0x00, 0x00, 0x00, 0x00, 0x00, 0x00, 0x00, 0x00, 0x00, 0x00, 0x00, 0x00, 0x00, 0x00,
    0x00, 0x00, 0x00, 0x00, 0x00, 0x00, 0x00, 0x00, 0x00, 0x00, 0x00, 0x00, 0x00, 0x00, 0x00, 0x00,
    0x00, 0x00, 0x00, 0x00, 0x00, 0x00, 0x00, 0x00, 0x00, 0x00, 0x00, 0x00, 0x00, 0x00, 0x00, 0x00,
    0x00, 0x00, 0x00, 0x00, 0x00, 0x00, 0x00, 0x00, 0x00, 0x00, 0x00, 0x00, 0x00, 0x00, 0x00, 0x00,
    0x00, 0x00, 0x00, 0x00, 0x00, 0x00, 0x00, 0x00, 0x40, 0x00, 0x67, 0x00, 0xcc, 0x00, 0x4d, 0x00,
    0x6d, 0x00, 0xcb, 0x00, 0x6a, 0x00, 0xc8, 0x00, 0xa5, 0x00, 0x02, 0x00, 0x87, 0x00, 0x28, 0x00,
    0x28, 0x00, 0xa7, 0x00, 0x6c, 0x00, 0x90, 0x00, 0xa7, 0x00, 0x87, 0x00, 0x8a, 0x00, 0x29, 0x00,
    0xad, 0x00, 0xed, 0x00, 0x6b, 0x00, 0x46, 0x00, 0x84, 0x00, 0xc4, 0x00, 0x00, 0x00, 0x00, 0x00,
    0x00, 0x00, 0x00, 0x00, 0x00, 0x00, 0x00, 0x00, 0x00, 0x00, 0x00, 0x00, 0x00, 0x00, 0x00, 0x00,
    0x00, 0x00, 0x00, 0x00, 0x00, 0x00, 0x00, 0x00, 0x00, 0x00, 0x00, 0x00, 0x00, 0x00, 0x00, 0x00,
    0x00, 0x00, 0x00, 0x00, 0x00, 0x00, 0x00, 0x00, 0x00, 0x00, 0x00, 0x00, 0x00, 0x00, 0x00, 0x00,
    0x00, 0x00, 0x00, 0x00, 0x00, 0x00, 0x00, 0x00, 0x00, 0x00, 0x00, 0x00, 0x00, 0x00, 0x00, 0x00,
    0x00, 0x00, 0x00, 0x00, 0x00, 0x00, 0x00, 0x00, 0x00, 0x00, 0x20, 0x00, 0x44, 0x00, 0x88, 0x00,
    0x6a, 0x00, 0x6d, 0x00, 0xae, 0x00, 0x6d, 0x00, 0xcb, 0x00, 0x06, 0x00, 0x67, 0x00, 0x4f, 0x00,
    0x6c, 0x00, 0x87, 0x00, 0xa7, 0x00, 0xce, 0x00, 0xce, 0x00, 0x67, 0x00, 0x08, 0x00, 0xa7, 0x00,
    0xca, 0x00, 0xf1, 0x00, 0x6c, 0x00, 0x69, 0x00, 0xc9, 0x00, 0x89, 0x00, 0x00, 0x00, 0x00, 0x00,
    0x00, 0x00, 0x00, 0x00, 0x00, 0x00, 0x00, 0x00, 0x00, 0x00, 0x00, 0x00, 0x00, 0x00, 0x00, 0x00,
    0x00, 0x00, 0x00, 0x00, 0x00, 0x00, 0x00, 0x00, 0x00, 0x00, 0x00, 0x00, 0x00, 0x00, 0x00, 0x00,
    0x00, 0x00, 0x00, 0x00, 0x00, 0x00, 0x00, 0x00, 0x00, 0x00, 0x00, 0x00, 0x00, 0x00, 0x00, 0x00,
    0x00, 0x00, 0x00, 0x00, 0x00, 0x00, 0x00, 0x00, 0x00, 0x00, 0x00, 0x00, 0x00, 0x00, 0x00, 0x00,
    0x00, 0x00, 0x00, 0x00, 0x00, 0x00, 0x00, 0x00, 0x00, 0x00, 0x00, 0x00, 0xe2, 0x00, 0xc5, 0x00,
    0x84, 0x00, 0xe6, 0x00, 0x6a, 0x00, 0x2d, 0x00, 0x2d, 0x00, 0xcb, 0x00, 0x87, 0x00, 0x49, 0x00,
    0x2f, 0x00, 0xd1, 0x00, 0x0b, 0x00, 0xeb, 0x00, 0xee, 0x00, 0x0b, 0x00, 0xaa, 0x00, 0x0b, 0x00,
    0x29, 0x00, 0x0e, 0x00, 0xee, 0x00, 0x4c, 0x00, 0xea, 0x00, 0xca, 0x00, 0x00, 0x00, 0x00, 0x00,
    0x00, 0x00, 0x00, 0x00, 0x00, 0x00, 0x00, 0x00, 0x00, 0x00, 0x00, 0x00, 0x00, 0x00, 0x00, 0x00,
    0x00, 0x00, 0x00, 0x00, 0x00, 0x00, 0x00, 0x00, 0x00, 0x00, 0x00, 0x00, 0x00, 0x00, 0x00, 0x00,
    0x00, 0x00, 0x00, 0x00, 0x00, 0x00, 0x00, 0x00, 0x00, 0x00, 0x00, 0x00, 0x00, 0x00, 0x00, 0x00,
    0x00, 0x00, 0x00, 0x00, 0x00, 0x00, 0x00, 0x00, 0x00, 0x00, 0x00, 0x00, 0x00, 0x00, 0x00, 0x00,
    0x00, 0x00, 0x00, 0x00, 0x40, 0x00, 0xe2, 0x00, 0x85, 0x00, 0x88, 0x00, 0xa8, 0x00, 0x67, 0x00,
    0x67, 0x00, 0xc5, 0x00, 0xa5, 0x00, 0xe9, 0x00, 0x0c, 0x00, 0xec, 0x00, 0xab, 0x00, 0x29, 0x00,
    0x29, 0x00, 0x8d, 0x00, 0x90, 0x00, 0x4f, 0x00, 0xb0, 0x00, 0xb0, 0x00, 0x4c, 0x00, 0xce, 0x00,
    0x8d, 0x00, 0xad, 0x00, 0xee, 0x00, 0x0e, 0x00, 0xed, 0x00, 0x07, 0x00, 0x00, 0x00, 0x00, 0x00,
    0x00, 0x00, 0x00, 0x00, 0x00, 0x00, 0x00, 0x00, 0x00, 0x00, 0x00, 0x00, 0x00, 0x00, 0x00, 0x00,
    0x00, 0x00, 0x00, 0x00, 0x00, 0x00, 0x00, 0x00, 0x00, 0x00, 0x00, 0x00, 0x00, 0x00, 0x00, 0x00,
    0x00, 0x00, 0x00, 0x00, 0x00, 0x00, 0x00, 0x00, 0x00, 0x00, 0x00, 0x00, 0x00, 0x00, 0x00, 0x00,
    0x00, 0x00, 0x00, 0x00, 0x00, 0x00, 0x00, 0x00, 0x00, 0x00, 0x00, 0x00, 0x00, 0x00, 0x00, 0x00,
    0x00, 0x00, 0x00, 0x00, 0x61, 0x00, 0x88, 0x00, 0x6b, 0x00, 0x09, 0x00, 0xa8, 0x00, 0x06, 0x00,
    0xe5, 0x00, 0x67, 0x00, 0x26, 0x00, 0xa5, 0x00, 0x87, 0x00, 0x8b, 0x00, 0x6a, 0x00, 0xab, 0x00,
    0x2c, 0x00, 0x4c, 0x00, 0xce, 0x00, 0xb0, 0x00, 0xb0, 0x00, 0x52, 0x00, 0xf1, 0x00, 0xee, 0x00,
    0x2f, 0x00, 0x4f, 0x00, 0x70, 0x00, 0x2e, 0x00, 0x72, 0x00, 0xe7, 0x00, 0x00, 0x00, 0x00, 0x00,
    0x00, 0x00, 0x00, 0x00, 0x00, 0x00, 0x00, 0x00, 0x00, 0x00, 0x00, 0x00, 0x00, 0x00, 0x00, 0x00,
    0x00, 0x00, 0x00, 0x00, 0x00, 0x00, 0x00, 0x00, 0x00, 0x00, 0x00, 0x00, 0x00, 0x00, 0x00, 0x00,
    0x00, 0x00, 0x00, 0x00, 0x00, 0x00, 0x00, 0x00, 0x00, 0x00, 0x00, 0x00, 0x00, 0x00, 0x00, 0x00,
    0x00, 0x00, 0x00, 0x00, 0x00, 0x00, 0x00, 0x00, 0x00, 0x00, 0x00, 0x00, 0x00, 0x00, 0x00, 0x00,
    0x00, 0x00, 0x00, 0x00, 0x00, 0x00, 0x00, 0x00, 0x03, 0x00, 0x85, 0x00, 0x85, 0x00, 0x64, 0x00,
    0x03, 0x00, 0xc5, 0x00, 0x26, 0x00, 0xc5, 0x00, 0x43, 0x00, 0xc5, 0x00, 0xa8, 0x00, 0x4a, 0x00,
    0xeb, 0x00, 0x2c, 0x00, 0x6c, 0x00, 0x8d, 0x00, 0x8d, 0x00, 0x4c, 0x00, 0x4f, 0x00, 0x6f, 0x00,
    0xee, 0x00, 0x0e, 0x00, 0x32, 0x00, 0x6f, 0x00, 0xf0, 0x00, 0x89, 0x00, 0x20, 0x00, 0x00, 0x00,
    0x00, 0x00, 0x00, 0x00, 0x00, 0x00, 0x00, 0x00, 0x00, 0x00, 0x00, 0x00, 0x00, 0x00, 0x00, 0x00,
    0x00, 0x00, 0x00, 0x00, 0x00, 0x00, 0x00, 0x00, 0x00, 0x00, 0x00, 0x00, 0x00, 0x00, 0x00, 0x00,
    0x00, 0x00, 0x00, 0x00, 0x00, 0x00, 0x00, 0x00, 0x00, 0x00, 0x00, 0x00, 0x00, 0x00, 0x00, 0x00,
    0x00, 0x00, 0x00, 0x00, 0x00, 0x00, 0x00, 0x00, 0x00, 0x00, 0x00, 0x00, 0x00, 0x00, 0x00, 0x00,
    0x00, 0x00, 0x00, 0x00, 0x00, 0x00, 0x00, 0x00, 0x00, 0x00, 0x00, 0x00, 0xc2, 0x00, 0x27, 0x00,
    0x4b, 0x00, 0xec, 0x00, 0x8b, 0x00, 0xe9, 0x00, 0x88, 0x00, 0x67, 0x00, 0xa8, 0x00, 0xc8, 0x00,
    0xe8, 0x00, 0x08, 0x00, 0x29, 0x00, 0x2b, 0x00, 0x0e, 0x00, 0x8d, 0x00, 0x69, 0x00, 0x4c, 0x00,
    0x2f, 0x00, 0xce, 0x00, 0xf1, 0x00, 0xf1, 0x00, 0x6c, 0x00, 0x66, 0x00, 0x00, 0x00, 0x00, 0x00,
    0x00, 0x00, 0x00, 0x00, 0x00, 0x00, 0x00, 0x00, 0x00, 0x00, 0x00, 0x00, 0x00, 0x00, 0x00, 0x00,
    0x00, 0x00, 0x00, 0x00, 0x00, 0x00, 0x00, 0x00, 0x00, 0x00, 0x00, 0x00, 0x00, 0x00, 0x00, 0x00,
    0x00, 0x00, 0x00, 0x00, 0x00, 0x00, 0x00, 0x00, 0x00, 0x00, 0x00, 0x00, 0x00, 0x00, 0x00, 0x00,
    0x00, 0x00, 0x00, 0x00, 0x00, 0x00, 0x00, 0x00, 0x00, 0x00, 0x00, 0x00, 0x00, 0x00, 0x00, 0x00,
    0x00, 0x00, 0x00, 0x00, 0x00, 0x00, 0x00, 0x00, 0x00, 0x00, 0x03, 0x00, 0x27, 0x00, 0x47, 0x00,
    0x0a, 0x00, 0x6b, 0x00, 0x6b, 0x00, 0x6b, 0x00, 0xe9, 0x00, 0xe9, 0x00, 0x8b, 0x00, 0x6a, 0x00,
    0x8a, 0x00, 0xeb, 0x00, 0xe8, 0x00, 0x0b, 0x00, 0xee, 0x00, 0x6f, 0x00, 0xeb, 0x00, 0x29, 0x00,
    0xce, 0x00, 0x0e, 0x00, 0xf1, 0x00, 0x52, 0x00, 0x6c, 0x00, 0x27, 0x00, 0x20, 0x00, 0x00, 0x00,
    0x00, 0x00, 0x00, 0x00, 0x00, 0x00, 0x00, 0x00, 0x00, 0x00, 0x00, 0x00, 0x00, 0x00, 0x00, 0x00,
    0x00, 0x00, 0x00, 0x00, 0x81, 0x00, 0xe2, 0x00, 0x00, 0x00, 0x00, 0x00, 0x00, 0x00, 0x00, 0x00,
    0x00, 0x00, 0x00, 0x00, 0x00, 0x00, 0x00, 0x00, 0x00, 0x00, 0x00, 0x00, 0x00, 0x00, 0x00, 0x00,
    0x00, 0x00, 0x00, 0x00, 0x00, 0x00, 0x00, 0x00, 0x00, 0x00, 0x00, 0x00, 0x00, 0x00, 0x00, 0x00,
    0x00, 0x00, 0x00, 0x00, 0x00, 0x00, 0x00, 0x00, 0x81, 0x00, 0x88, 0x00, 0x27, 0x00, 0xa5, 0x00,
    0x23, 0x00, 0x64, 0x00, 0x85, 0x00, 0xa5, 0x00, 0xc5, 0x00, 0x06, 0x00, 0x4a, 0x00, 0x0c, 0x00,
    0x8d, 0x00, 0x0f, 0x00, 0xe8, 0x00, 0x43, 0x00, 0x67, 0x00, 0x66, 0x00, 0xaa, 0x00, 0x69, 0x00,
    0x6c, 0x00, 0x2f, 0x00, 0xd1, 0x00, 0x11, 0x00, 0x2b, 0x00, 0x05, 0x00, 0x00, 0x00, 0x00, 0x00,
    0x00, 0x00, 0x00, 0x00, 0x00, 0x00, 0x00, 0x00, 0x00, 0x00, 0x00, 0x00, 0x00, 0x00, 0x00, 0x00,
    0x00, 0x00, 0x00, 0x00, 0xa4, 0x00, 0x89, 0x00, 0x00, 0x00, 0x00, 0x00, 0x00, 0x00, 0x00, 0x00,
    0x00, 0x00, 0x00, 0x00, 0x00, 0x00, 0x00, 0x00, 0x00, 0x00, 0x00, 0x00, 0x00, 0x00, 0x00, 0x00,
    0x00, 0x00, 0x00, 0x00, 0x00, 0x00, 0x00, 0x00, 0x00, 0x00, 0x00, 0x00, 0x00, 0x00, 0x00, 0x00,
    0x00, 0x00, 0x00, 0x00, 0x00, 0x00, 0x00, 0x00, 0x27, 0x00, 0x88, 0x00, 0xa5, 0x00, 0xe6, 0x00,
    0x85, 0x00, 0x23, 0x00, 0x03, 0x00, 0x85, 0x00, 0x68, 0x00, 0xa8, 0x00, 0xe9, 0x00, 0xec, 0x00,
    0x6d, 0x00, 0x2f, 0x00, 0xae, 0x00, 0x29, 0x00, 0xe9, 0x00, 0xc2, 0x00, 0x84, 0x00, 0x0b, 0x00,
    0x2c, 0x00, 0x90, 0x00, 0xf1, 0x00, 0xd1, 0x00, 0xeb, 0x00, 0x61, 0x00, 0x00, 0x00, 0x00, 0x00,
    0x00, 0x00, 0x00, 0x00, 0x00, 0x00, 0x00, 0x00, 0x00, 0x00, 0x00, 0x00, 0x00, 0x00, 0x00, 0x00,
    0x00, 0x00, 0x00, 0x00, 0x69, 0x00, 0x8c, 0x00, 0x00, 0x00, 0x00, 0x00, 0x00, 0x00, 0x00, 0x00,
    0x00, 0x00, 0x00, 0x00, 0x00, 0x00, 0x00, 0x00, 0x00, 0x00, 0x00, 0x00, 0x00, 0x00, 0x00, 0x00,
    0x00, 0x00, 0x00, 0x00, 0x00, 0x00, 0x00, 0x00, 0x00, 0x00, 0x00, 0x00, 0x00, 0x00, 0x00, 0x00,
    0x00, 0x00, 0x00, 0x00, 0x00, 0x00, 0x81, 0x00, 0x27, 0x00, 0x81, 0x00, 0xc6, 0x00, 0x47, 0x00,
    0xe6, 0x00, 0x24, 0x00, 0x47, 0x00, 0xac, 0x00, 0x8c, 0x00, 0xa8, 0x00, 0x09, 0x00, 0xab, 0x00,
    0x2d, 0x00, 0x8d, 0x00, 0xce, 0x00, 0x4f, 0x00, 0xad, 0x00, 0x6c, 0x00, 0x8d, 0x00, 0xcd, 0x00,
    0x2e, 0x00, 0x90, 0x00, 0x52, 0x00, 0x32, 0x00, 0x11, 0x00, 0x6a, 0x00, 0x00, 0x00, 0x00, 0x00,
    0x00, 0x00, 0x00, 0x00, 0x00, 0x00, 0x00, 0x00, 0x00, 0x00, 0x00, 0x00, 0x00, 0x00, 0x00, 0x00,
    0xc2, 0x00, 0x48, 0x00, 0xac, 0x00, 0xac, 0x00, 0x40, 0x00, 0x00, 0x00, 0x00, 0x00, 0x00, 0x00,
    0x00, 0x00, 0x00, 0x00, 0x00, 0x00, 0x00, 0x00, 0x00, 0x00, 0x00, 0x00, 0x00, 0x00, 0x00, 0x00,
    0x00, 0x00, 0x00, 0x00, 0x00, 0x00, 0x00, 0x00, 0x00, 0x00, 0x00, 0x00, 0x00, 0x00, 0x00, 0x00,
    0x00, 0x00, 0x00, 0x00, 0x00, 0x00, 0x20, 0x00, 0x00, 0x00, 0x41, 0x00, 0x68, 0x00, 0x48, 0x00,
    0xa5, 0x00, 0xa5, 0x00, 0xc5, 0x00, 0x85, 0x00, 0x68, 0x00, 0x4b, 0x00, 0x2a, 0x00, 0x6b, 0x00,
    0xab, 0x00, 0x6a, 0x00, 0x09, 0x00, 0xeb, 0x00, 0x6f, 0x00, 0x6f, 0x00, 0xb0, 0x00, 0xd1, 0x00,
    0x6f, 0x00, 0x6f, 0x00, 0xd1, 0x00, 0x32, 0x00, 0xf1, 0x00, 0x52, 0x00, 0xeb, 0x00, 0x20, 0x00,
    0x00, 0x00, 0x00, 0x00, 0x00, 0x00, 0x00, 0x00, 0x00, 0x00, 0x00, 0x00, 0xc2, 0x00, 0x48, 0x00,
    0xed, 0x00, 0xed, 0x00, 0x6c, 0x00, 0x4b, 0x00, 0x20, 0x00, 0x00, 0x00, 0x00, 0x00, 0x00, 0x00,
    0x00, 0x00, 0x00, 0x00, 0x00, 0x00, 0x00, 0x00, 0x00, 0x00, 0x00, 0x00, 0x00, 0x00, 0x00, 0x00,
    0x00, 0x00, 0x00, 0x00, 0x00, 0x00, 0x00, 0x00, 0x00, 0x00, 0x00, 0x00, 0x00, 0x00, 0x00, 0x00,
    0x00, 0x00, 0x00, 0x00, 0x00, 0x00, 0x00, 0x00, 0x00, 0x00, 0xc2, 0x00, 0xc9, 0x00, 0x27, 0x00,
    0x44, 0x00, 0x68, 0x00, 0xa5, 0x00, 0x03, 0x00, 0xa9, 0x00, 0x2a, 0x00, 0xcc, 0x00, 0x8b, 0x00,
    0x6a, 0x00, 0x4a, 0x00, 0xe8, 0x00, 0x05, 0x00, 0x49, 0x00, 0xee, 0x00, 0x2f, 0x00, 0x90, 0x00,
    0x90, 0x00, 0x90, 0x00, 0x0b, 0x00, 0x0e, 0x00, 0x90, 0x00, 0x0e, 0x00, 0xee, 0x00, 0x61, 0x00,
    0x00, 0x00, 0x00, 0x00, 0x00, 0x00, 0x00, 0x00, 0x20, 0x00, 0x84, 0x00, 0xac, 0x00, 0x2d, 0x00,
    0x8c, 0x00, 0xca, 0x00, 0xed, 0x00, 0x69, 0x00, 0x00, 0x00, 0x00, 0x00, 0x00, 0x00, 0x00, 0x00,
    0x00, 0x00, 0x00, 0x00, 0x00, 0x00, 0x00, 0x00, 0x00, 0x00, 0x00, 0x00, 0x00, 0x00, 0x00, 0x00,
    0x00, 0x00, 0x00, 0x00, 0x00, 0x00, 0x00, 0x00, 0x00, 0x00, 0x00, 0x00, 0x00, 0x00, 0x00, 0x00,
    0x00, 0x00, 0x00, 0x00, 0x00, 0x00, 0x00, 0x00, 0x00, 0x00, 0x24, 0x00, 0xa8, 0x00, 0x44, 0x00,
    0xc6, 0x00, 0xa9, 0x00, 0x88, 0x00, 0x47, 0x00, 0xc6, 0x00, 0x47, 0x00, 0x2a, 0x00, 0x87, 0x00,
    0x09, 0x00, 0x0c, 0x00, 0x4c, 0x00, 0x0b, 0x00, 0x66, 0x00, 0x05, 0x00, 0xaa, 0x00, 0x8d, 0x00,
    0x0e, 0x00, 0x4f, 0x00, 0x0e, 0x00, 0xce, 0x00, 0x4f, 0x00, 0x0e, 0x00, 0xe8, 0x00, 0x00, 0x00,
    0x00, 0x00, 0x00, 0x00, 0x00, 0x00, 0x40, 0x00, 0x89, 0x00, 0x8b, 0x00, 0xcc, 0x00, 0x4b, 0x00,
    0xca, 0x00, 0x4b, 0x00, 0xad, 0x00, 0x84, 0x00, 0x00, 0x00, 0x00, 0x00, 0x00, 0x00, 0x00, 0x00,
    0x00, 0x00, 0x00, 0x00, 0x00, 0x00, 0x00, 0x00, 0x00, 0x00, 0x00, 0x00, 0x00, 0x00, 0x00, 0x00,
    0x00, 0x00, 0x00, 0x00, 0x00, 0x00, 0x00, 0x00, 0x00, 0x00, 0x00, 0x00, 0x00, 0x00, 0x00, 0x00,
    0x00, 0x00, 0x00, 0x00, 0x00, 0x00, 0x00, 0x00, 0x00, 0x00, 0xc2, 0x00, 0x81, 0x00, 0x03, 0x00,
    0x27, 0x00, 0x47, 0x00, 0xa9, 0x00, 0x88, 0x00, 0xa9, 0x00, 0xc5, 0x00, 0x23, 0x00, 0x63, 0x00,
    0xa4, 0x00, 0xe5, 0x00, 0xc8, 0x00, 0xeb, 0x00, 0x6d, 0x00, 0x67, 0x00, 0xe2, 0x00, 0xe5, 0x00,
    0xe8, 0x00, 0x49, 0x00, 0xeb, 0x00, 0x4c, 0x00, 0x4c, 0x00, 0x0b, 0x00, 0xc2, 0x00, 0x00, 0x00,
    0x00, 0x00, 0x00, 0x00, 0x00, 0x00, 0x66, 0x00, 0x8c, 0x00, 0x4b, 0x00, 0x2b, 0x00, 0xca, 0x00,
    0x0b, 0x00, 0x0b, 0x00, 0xa7, 0x00, 0x20, 0x00, 0x00, 0x00, 0x00, 0x00, 0x00, 0x00, 0x00, 0x00,
    0x00, 0x00, 0x00, 0x00, 0x00, 0x00, 0x00, 0x00, 0x00, 0x00, 0x00, 0x00, 0x00, 0x00, 0x00, 0x00,
    0x00, 0x00, 0x00, 0x00, 0x00, 0x00, 0x00, 0x00, 0x00, 0x00, 0x00, 0x00, 0x00, 0x00, 0x00, 0x00,
    0x00, 0x00, 0x00, 0x00, 0x00, 0x00, 0x00, 0x00, 0x00, 0x00, 0x00, 0x00, 0x00, 0x00, 0xe3, 0x00,
    0x88, 0x00, 0x85, 0x00, 0xe6, 0x00, 0x88, 0x00, 0x8b, 0x00, 0xa9, 0x00, 0x06, 0x00, 0x86, 0x00,
    0xa7, 0x00, 0x45, 0x00, 0xe5, 0x00, 0xe5, 0x00, 0x87, 0x00, 0x0b, 0x00, 0xeb, 0x00, 0x87, 0x00,
    0x26, 0x00, 0xe5, 0x00, 0xc5, 0x00, 0xa7, 0x00, 0x66, 0x00, 0x81, 0x00, 0x00, 0x00, 0x00, 0x00,
    0x00, 0x00, 0x00, 0x00, 0x00, 0x00, 0x48, 0x00, 0xea, 0x00, 0xca, 0x00, 0x69, 0x00, 0x4b, 0x00,
    0xaa, 0x00, 0x08, 0x00, 0xc7, 0x00, 0x61, 0x00, 0x00, 0x00, 0x00, 0x00, 0x00, 0x00, 0x00, 0x00,
    0x00, 0x00, 0x00, 0x00, 0x00, 0x00, 0x00, 0x00, 0x00, 0x00, 0x00, 0x00, 0x00, 0x00, 0x00, 0x00,
    0x00, 0x00, 0x00, 0x00, 0x00, 0x00, 0x00, 0x00, 0x00, 0x00, 0x00, 0x00, 0x23, 0x00, 0x66, 0x00,
    0x46, 0x00, 0x23, 0x00, 0x00, 0x00, 0x00, 0x00, 0x00, 0x00, 0x00, 0x00, 0x00, 0x00, 0x61, 0x00,
    0x47, 0x00, 0xe3, 0x00, 0x07, 0x00, 0x68, 0x00, 0x0a, 0x00, 0xe9, 0x00, 0xa8, 0x00, 0x46, 0x00,
    0x28, 0x00, 0x69, 0x00, 0x68, 0x00, 0x68, 0x00, 0xa4, 0x00, 0x40, 0x00, 0xa7, 0x00, 0x8c, 0x00,
    0x4c, 0x00, 0xeb, 0x00, 0x09, 0x00, 0xc2, 0x00, 0x00, 0x00, 0x00, 0x00, 0x00, 0x00, 0x00, 0x00,
    0x00, 0x00, 0x00, 0x00, 0x20, 0x00, 0xc8, 0x00, 0x69, 0x00, 0x08, 0x00, 0xea, 0x00, 0xaa, 0x00,
    0x49, 0x00, 0x29, 0x00, 0x84, 0x00, 0x00, 0x00, 0x00, 0x00, 0x00, 0x00, 0x00, 0x00, 0x00, 0x00,
    0x00, 0x00, 0x00, 0x00, 0x00, 0x00, 0x00, 0x00, 0x00, 0x00, 0x00, 0x00, 0x00, 0x00, 0x00, 0x00,
    0x00, 0x00, 0x00, 0x00, 0x00, 0x00, 0x00, 0x00, 0x00, 0x00, 0x00, 0x00, 0x20, 0x00, 0xc7, 0x00,
    0x4b, 0x00, 0x4b, 0x00, 0x28, 0x00, 0x81, 0x00, 0x40, 0x00, 0x63, 0x00, 0x00, 0x00, 0x20, 0x00,
    0xa2, 0x00, 0x41, 0x00, 0x68, 0x00, 0x27, 0x00, 0xc9, 0x00, 0xc9, 0x00, 0x4a, 0x00, 0xc8, 0x00,
    0x86, 0x00, 0x68, 0x00, 0x89, 0x00, 0xea, 0x00, 0x89, 0x00, 0xc2, 0x00, 0x00, 0x00, 0x02, 0x00,
    0x66, 0x00, 0x26, 0x00, 0xa1, 0x00, 0x00, 0x00, 0x00, 0x00, 0x00, 0x00, 0x00, 0x00, 0x00, 0x00,
    0x00, 0x00, 0x00, 0x00, 0x00, 0x00, 0xc5, 0x00, 0x08, 0x00, 0x69, 0x00, 0x69, 0x00, 0x08, 0x00,
    0xa7, 0x00, 0x43, 0x00, 0x00, 0x00, 0x00, 0x00, 0x00, 0x00, 0x00, 0x00, 0x00, 0x00, 0x00, 0x00,
    0x00, 0x00, 0x00, 0x00, 0x00, 0x00, 0x00, 0x00, 0x00, 0x00, 0x00, 0x00, 0x00, 0x00, 0x00, 0x00,
    0x00, 0x00, 0x61, 0x00, 0x05, 0x00, 0xc7, 0x00, 0x28, 0x00, 0xe7, 0x00, 0xc4, 0x00, 0x81, 0x00,
    0xa4, 0x00, 0x86, 0x00, 0x48, 0x00, 0x28, 0x00, 0xc2, 0x00, 0xca, 0x00, 0x46, 0x00, 0x00, 0x00,
    0x00, 0x00, 0x00, 0x00, 0xe6, 0x00, 0x27, 0x00, 0x88, 0x00, 0x2a, 0x00, 0x8a, 0x00, 0xeb, 0x00,
    0xc7, 0x00, 0xa9, 0x00, 0xcc, 0x00, 0x6b, 0x00, 0x86, 0x00, 0x86, 0x00, 0xa1, 0x00, 0x00, 0x00,
    0x00, 0x00, 0x00, 0x00, 0x00, 0x00, 0x00, 0x00, 0x00, 0x00, 0x00, 0x00, 0x00, 0x00, 0x00, 0x00,
    0x00, 0x00, 0x00, 0x00, 0x00, 0x00, 0x61, 0x00, 0x87, 0x00, 0x49, 0x00, 0x26, 0x00, 0x23, 0x00,
    0x40, 0x00, 0x00, 0x00, 0x00, 0x00, 0x00, 0x00, 0x00, 0x00, 0x00, 0x00, 0x00, 0x00, 0x00, 0x00,
    0x00, 0x00, 0x00, 0x00, 0x00, 0x00, 0x00, 0x00, 0x00, 0x00, 0x00, 0x00, 0x00, 0x00, 0x00, 0x00,
    0x84, 0x00, 0x89, 0x00, 0xea, 0x00, 0xa9, 0x00, 0x89, 0x00, 0x08, 0x00, 0xc7, 0x00, 0x08, 0x00,
    0xe7, 0x00, 0x48, 0x00, 0x08, 0x00, 0xc7, 0x00, 0xe5, 0x00, 0x25, 0x00, 0x2b, 0x00, 0x23, 0x00,
    0x00, 0x00, 0x00, 0x00, 0x20, 0x00, 0x27, 0x00, 0xa5, 0x00, 0x09, 0x00, 0x8a, 0x00, 0xad, 0x00,
    0xad, 0x00, 0x4b, 0x00, 0xd2, 0x00, 0x71, 0x00, 0x2d, 0x00, 0xca, 0x00, 0xc7, 0x00, 0x00, 0x00,
    0x20, 0x00, 0x00, 0x00, 0x00, 0x00, 0x00, 0x00, 0x00, 0x00, 0x00, 0x00, 0x00, 0x00, 0x00, 0x00,
    0x00, 0x00, 0x00, 0x00, 0x00, 0x00, 0x00, 0x00, 0xa5, 0x00, 0x67, 0x00, 0x20, 0x00, 0x00, 0x00,
    0x00, 0x00, 0x00, 0x00, 0x00, 0x00, 0x00, 0x00, 0x00, 0x00, 0x00, 0x00, 0x00, 0x00, 0x00, 0x00,
    0x00, 0x00, 0x00, 0x00, 0x00, 0x00, 0x00, 0x00, 0x00, 0x00, 0x00, 0x00, 0x00, 0x00, 0x00, 0x00,
    0xe2, 0x00, 0x84, 0x00, 0xc4, 0x00, 0xc5, 0x00, 0xa7, 0x00, 0x69, 0x00, 0x6c, 0x00, 0x0e, 0x00,
    0x0e, 0x00, 0x0d, 0x00, 0x0e, 0x00, 0x8c, 0x00, 0xea, 0x00, 0x66, 0x00, 0x46, 0x00, 0x08, 0x00,
    0x20, 0x00, 0x44, 0x00, 0xe2, 0x00, 0x41, 0x00, 0xa5, 0x00, 0x06, 0x00, 0x8b, 0x00, 0xcb, 0x00,
    0xad, 0x00, 0x0a, 0x00, 0x10, 0x00, 0xb2, 0x00, 0x51, 0x00, 0xcf, 0x00, 0x2d, 0x00, 0xe5, 0x00,
    0x00, 0x00, 0x00, 0x00, 0x00, 0x00, 0x00, 0x00, 0x00, 0x00, 0x00, 0x00, 0x00, 0x00, 0x00, 0x00,
    0x00, 0x00, 0x00, 0x00, 0x00, 0x00, 0x00, 0x00, 0x23, 0x00, 0xa4, 0x00, 0x00, 0x00, 0x00, 0x00,
    0x00, 0x00, 0x00, 0x00, 0x00, 0x00, 0x00, 0x00, 0x00, 0x00, 0x00, 0x00, 0x00, 0x00, 0x00, 0x00,
    0x00, 0x00, 0x00, 0x00, 0x00, 0x00, 0x00, 0x00, 0x00, 0x00, 0x00, 0x00, 0x00, 0x00, 0x00, 0x00,
    0x43, 0x00, 0x87, 0x00, 0x46, 0x00, 0xe8, 0x00, 0x2c, 0x00, 0xad, 0x00, 0xcd, 0x00, 0x0e, 0x00,
    0xaf, 0x00, 0xf0, 0x00, 0xd0, 0x00, 0x0e, 0x00, 0x0b, 0x00, 0xaa, 0x00, 0xc8, 0x00, 0xc8, 0x00,
    0xe5, 0x00, 0xa5, 0x00, 0x06, 0x00, 0x20, 0x00, 0x44, 0x00, 0xc6, 0x00, 0xe8, 0x00, 0x8a, 0x00,
    0x2b, 0x00, 0xac, 0x00, 0x8c, 0x00, 0xef, 0x00, 0xd2, 0x00, 0x92, 0x00, 0x0f, 0x00, 0xac, 0x00,
    0xa1, 0x00, 0x00, 0x00, 0x00, 0x00, 0x00, 0x00, 0x00, 0x00, 0x00, 0x00, 0x06, 0x00, 0x69, 0x00,
    0xc2, 0x00, 0x40, 0x00, 0x20, 0x00, 0x00, 0x00, 0x03, 0x00, 0x46, 0x00, 0x00, 0x00, 0x00, 0x00,
    0x00, 0x00, 0x00, 0x00, 0x00, 0x00, 0x00, 0x00, 0x00, 0x00, 0x00, 0x00, 0x00, 0x00, 0x00, 0x00,
    0x00, 0x00, 0x00, 0x00, 0x00, 0x00, 0x00, 0x00, 0x00, 0x00, 0x00, 0x00, 0x61, 0x00, 0xa7, 0x00,
    0x49, 0x00, 0x87, 0x00, 0x09, 0x00, 0xcb, 0x00, 0xcb, 0x00, 0x4c, 0x00, 0xee, 0x00, 0x2e, 0x00,
    0x2e, 0x00, 0x2e, 0x00, 0x2e, 0x00, 0x6f, 0x00, 0x8d, 0x00, 0x8a, 0x00, 0x8a, 0x00, 0xa8, 0x00,
    0xa8, 0x00, 0x47, 0x00, 0x84, 0x00, 0x23, 0x00, 0x85, 0x00, 0xe6, 0x00, 0xe9, 0x00, 0x49, 0x00,
    0x8c, 0x00, 0x6c, 0x00, 0x0d, 0x00, 0xcf, 0x00, 0x4e, 0x00, 0x30, 0x00, 0xd2, 0x00, 0x0d, 0x00,
    0x05, 0x00, 0x20, 0x00, 0x00, 0x00, 0x00, 0x00, 0x00, 0x00, 0xe2, 0x00, 0x49, 0x00, 0xcb, 0x00,
    0x49, 0x00, 0x6c, 0x00, 0x87, 0x00, 0x00, 0x00, 0x81, 0x00, 0x28, 0x00, 0x20, 0x00, 0x00, 0x00,
    0x00, 0x00, 0x00, 0x00, 0x00, 0x00, 0x00, 0x00, 0x00, 0x00, 0x00, 0x00, 0x00, 0x00, 0x00, 0x00,
    0x00, 0x00, 0x00, 0x00, 0x00, 0x00, 0x00, 0x00, 0x00, 0x00, 0x61, 0x00, 0x09, 0x00, 0xe8, 0x00,
    0x26, 0x00, 0x29, 0x00, 0xeb, 0x00, 0xeb, 0x00, 0x2c, 0x00, 0x0e, 0x00, 0xee, 0x00, 0x4f, 0x00,
    0x4f, 0x00, 0x0e, 0x00, 0x4c, 0x00, 0xeb, 0x00, 0x0c, 0x00, 0x6a, 0x00, 0xab, 0x00, 0x4a, 0x00,
    0x87, 0x00, 0xa8, 0x00, 0xc5, 0x00, 0xa5, 0x00, 0x27, 0x00, 0x88, 0x00, 0x4a, 0x00, 0x6a, 0x00,
    0x0b, 0x00, 0x2b, 0x00, 0x4b, 0x00, 0xd2, 0x00, 0xb2, 0x00, 0xaf, 0x00, 0xcf, 0x00, 0x2d, 0x00,
    0x0a, 0x00, 0x81, 0x00, 0x00, 0x00, 0x00, 0x00, 0x00, 0x00, 0x23, 0x00, 0x87, 0x00, 0xe8, 0x00,
    0xc8, 0x00, 0xaa, 0x00, 0x84, 0x00, 0x00, 0x00, 0x00, 0x00, 0x08, 0x00, 0x84, 0x00, 0x00, 0x00,
    0x00, 0x00, 0x00, 0x00, 0x00, 0x00, 0x00, 0x00, 0x00, 0x00, 0x00, 0x00, 0x00, 0x00, 0x00, 0x00,
    0x00, 0x00, 0x00, 0x00, 0x00, 0x00, 0x00, 0x00, 0x00, 0x00, 0xe5, 0x00, 0x06, 0x00, 0x85, 0x00,
    0x29, 0x00, 0xeb, 0x00, 0xaa, 0x00, 0xca, 0x00, 0xad, 0x00, 0x4c, 0x00, 0x2b, 0x00, 0x8a, 0x00,
    0x49, 0x00, 0x8a, 0x00, 0x49, 0x00, 0x29, 0x00, 0xab, 0x00, 0x6a, 0x00, 0x09, 0x00, 0xc8, 0x00,
    0x87, 0x00, 0x06, 0x00, 0xc5, 0x00, 0x88, 0x00, 0x2a, 0x00, 0xcb, 0x00, 0x4a, 0x00, 0xcb, 0x00,
    0xaa, 0x00, 0x0b, 0x00, 0x28, 0x00, 0x30, 0x00, 0xb2, 0x00, 0xf3, 0x00, 0x8e, 0x00, 0x6e, 0x00,
    0x10, 0x00, 0x23, 0x00, 0x00, 0x00, 0x20, 0x00, 0x00, 0x00, 0xe5, 0x00, 0x6a, 0x00, 0x08, 0x00,
    0x67, 0x00, 0x66, 0x00, 0xa7, 0x00, 0x00, 0x00, 0x00, 0x00, 0x64, 0x00, 0x28, 0x00, 0x20, 0x00,
    0x00, 0x00, 0x00, 0x00, 0x00, 0x00, 0x00, 0x00, 0x00, 0x00, 0x00, 0x00, 0x00, 0x00, 0x00, 0x00,
    0x00, 0x00, 0x00, 0x00, 0x00, 0x00, 0x00, 0x00, 0x00, 0x00, 0x40, 0x00, 0xe2, 0x00, 0xc8, 0x00,
    0x8a, 0x00, 0xe8, 0x00, 0xeb, 0x00, 0x4c, 0x00, 0x0b, 0x00, 0x49, 0x00, 0x26, 0x00, 0x06, 0x00,
    0x27, 0x00, 0x06, 0x00, 0xe5, 0x00, 0x67, 0x00, 0x8b, 0x00, 0x6a, 0x00, 0x67, 0x00, 0x67, 0x00,
    0x27, 0x00, 0x85, 0x00, 0x67, 0x00, 0x09, 0x00, 0xec, 0x00, 0xae, 0x00, 0x0c, 0x00, 0x29, 0x00,
    0x69, 0x00, 0x89, 0x00, 0xc7, 0x00, 0x2d, 0x00, 0x51, 0x00, 0x91, 0x00, 0x91, 0x00, 0x30, 0x00,
    0x0f, 0x00, 0x83, 0x00, 0x00, 0x00, 0x00, 0x00, 0x00, 0x00, 0x08, 0x00, 0x29, 0x00, 0xe8, 0x00,
    0xc8, 0x00, 0x49, 0x00, 0x49, 0x00, 0x81, 0x00, 0x00, 0x00, 0x20, 0x00, 0x08, 0x00, 0xc5, 0x00,
    0x40, 0x00, 0x43, 0x00, 0x00, 0x00, 0x00, 0x00, 0x00, 0x00, 0x00, 0x00, 0x00, 0x00, 0x00, 0x00,
    0x00, 0x00, 0x00, 0x00, 0x00, 0x00, 0x00, 0x00, 0x00, 0x00, 0x03, 0x00, 0xa8, 0x00, 0x29, 0x00,
    0x26, 0x00, 0xaa, 0x00, 0x2f, 0x00, 0xad, 0x00, 0x29, 0x00, 0xc5, 0x00, 0x29, 0x00, 0x4a, 0x00,
    0xc8, 0x00, 0x67, 0x00, 0xe6, 0x00, 0x85, 0x00, 0x47, 0x00, 0x09, 0x00, 0x67, 0x00, 0x47, 0x00,
    0xe6, 0x00, 0x06, 0x00, 0x6a, 0x00, 0xec, 0x00, 0xeb, 0x00, 0xaa, 0x00, 0x0c, 0x00, 0xc8, 0x00,
    0x49, 0x00, 0xc7, 0x00, 0x48, 0x00, 0x4b, 0x00, 0x2d, 0x00, 0x51, 0x00, 0x50, 0x00, 0x10, 0x00,
    0x6e, 0x00, 0x66, 0x00, 0x22, 0x00, 0x40, 0x00, 0x46, 0x00, 0x8a, 0x00, 0xe8, 0x00, 0xc8, 0x00,
    0xe5, 0x00, 0x81, 0x00, 0x06, 0x00, 0x61, 0x00, 0x00, 0x00, 0x00, 0x00, 0x23, 0x00, 0x49, 0x00,
    0x25, 0x00, 0xe8, 0x00, 0x00, 0x00, 0x00, 0x00, 0x00, 0x00, 0x00, 0x00, 0x00, 0x00, 0x00, 0x00,
    0x00, 0x00, 0x00, 0x00, 0x00, 0x00, 0x00, 0x00, 0x61, 0x00, 0x87, 0x00, 0x67, 0x00, 0x47, 0x00,
    0xe8, 0x00, 0xce, 0x00, 0xad, 0x00, 0x6a, 0x00, 0xe5, 0x00, 0xc8, 0x00, 0xe9, 0x00, 0x87, 0x00,
    0x47, 0x00, 0x06, 0x00, 0x06, 0x00, 0x06, 0x00, 0xa5, 0x00, 0x47, 0x00, 0x88, 0x00, 0x67, 0x00,
    0xe6, 0x00, 0x09, 0x00, 0x6d, 0x00, 0x0c, 0x00, 0x0c, 0x00, 0x6a, 0x00, 0x09, 0x00, 0x87, 0x00,
    0x08, 0x00, 0x66, 0x00, 0xc9, 0x00, 0x2d, 0x00, 0xac, 0x00, 0xed, 0x00, 0xef, 0x00, 0x0f, 0x00,
    0xea, 0x00, 0xe5, 0x00, 0x46, 0x00, 0x08, 0x00, 0xca, 0x00, 0x29, 0x00, 0xe8, 0x00, 0xa5, 0x00,
    0x00, 0x00, 0x20, 0x00, 0xa1, 0x00, 0x00, 0x00, 0x00, 0x00, 0x00, 0x00, 0x20, 0x00, 0xe8, 0x00,
    0xa9, 0x00, 0x28, 0x00, 0x81, 0x00, 0x00, 0x00, 0x00, 0x00, 0x00, 0x00, 0x00, 0x00, 0x00, 0x00,
    0x00, 0x00, 0x00, 0x00, 0x00, 0x00, 0x00, 0x00, 0xa5, 0x00, 0x88, 0x00, 0xc5, 0x00, 0x87, 0x00,
    0xcb, 0x00, 0x8d, 0x00, 0xcb, 0x00, 0xa7, 0x00, 0x26, 0x00, 0x87, 0x00, 0x87, 0x00, 0x87, 0x00,
    0x87, 0x00, 0xa7, 0x00, 0x47, 0x00, 0x06, 0x00, 0x06, 0x00, 0x84, 0x00, 0x06, 0x00, 0x26, 0x00,
    0x47, 0x00, 0xab, 0x00, 0x6d, 0x00, 0xad, 0x00, 0x69, 0x00, 0x09, 0x00, 0x87, 0x00, 0xa8, 0x00,
    0x46, 0x00, 0xa7, 0x00, 0x2a, 0x00, 0xec, 0x00, 0xef, 0x00, 0x4b, 0x00, 0xec, 0x00, 0x2a, 0x00,
    0x45, 0x00, 0xa4, 0x00, 0x26, 0x00, 0x89, 0x00, 0xaa, 0x00, 0x29, 0x00, 0xc8, 0x00, 0xa1, 0x00,
    0x00, 0x00, 0x00, 0x00, 0x00, 0x00, 0x00, 0x00, 0x00, 0x00, 0x00, 0x00, 0x00, 0x00, 0xc5, 0x00,
    0xca, 0x00, 0x48, 0x00, 0x23, 0x00, 0x00, 0x00, 0x00, 0x00, 0x00, 0x00, 0x00, 0x00, 0x00, 0x00,
    0x00, 0x00, 0x00, 0x00, 0x00, 0x00, 0x20, 0x00, 0xa8, 0x00, 0x87, 0x00, 0x26, 0x00, 0xe9, 0x00,
    0x4a, 0x00, 0x09, 0x00, 0xeb, 0x00, 0xa7, 0x00, 0x67, 0x00, 0xe8, 0x00, 0xc7, 0x00, 0x66, 0x00,
    0x43, 0x00, 0x43, 0x00, 0x66, 0x00, 0xa7, 0x00, 0x26, 0x00, 0x06, 0x00, 0x84, 0x00, 0xc5, 0x00,
    0x29, 0x00, 0xcb, 0x00, 0x4c, 0x00, 0x2c, 0x00, 0xe8, 0x00, 0xe5, 0x00, 0xe5, 0x00, 0xc5, 0x00,
    0x25, 0x00, 0x48, 0x00, 0x4a, 0x00, 0x0d, 0x00, 0xec, 0x00, 0x2a, 0x00, 0x89, 0x00, 0xc9, 0x00,
    0x05, 0x00, 0x06, 0x00, 0xa8, 0x00, 0x29, 0x00, 0x49, 0x00, 0x09, 0x00, 0xe5, 0x00, 0x00, 0x00,
    0x00, 0x00, 0x00, 0x00, 0x00, 0x00, 0x00, 0x00, 0x00, 0x00, 0x00, 0x00, 0x00, 0x00, 0xc2, 0x00,
    0xca, 0x00, 0x89, 0x00, 0x23, 0x00, 0x00, 0x00, 0x00, 0x00, 0x00, 0x00, 0x00, 0x00, 0x00, 0x00,
    0x00, 0x00, 0x00, 0x00, 0x00, 0x00, 0xe2, 0x00, 0x29, 0x00, 0x47, 0x00, 0x47, 0x00, 0x2a, 0x00,
    0x8b, 0x00, 0x4a, 0x00, 0x0c, 0x00, 0x67, 0x00, 0xe8, 0x00, 0x28, 0x00, 0xe7, 0x00, 0x02, 0x00,
    0x00, 0x00, 0x00, 0x00, 0x61, 0x00, 0x66, 0x00, 0xc7, 0x00, 0xe5, 0x00, 0xa5, 0x00, 0xe9, 0x00,
    0x6a, 0x00, 0xab, 0x00, 0x2c, 0x00, 0x4d, 0x00, 0x6c, 0x00, 0xeb, 0x00, 0xca, 0x00, 0xe8, 0x00,
    0xa7, 0x00, 0xe7, 0x00, 0xa9, 0x00, 0xcc, 0x00, 0x8b, 0x00, 0x4a, 0x00, 0x8b, 0x00, 0xc9, 0x00,
    0xc5, 0x00, 0x26, 0x00, 0xa8, 0x00, 0xa8, 0x00, 0xc8, 0x00, 0xa7, 0x00, 0x61, 0x00, 0x00, 0x00,
    0x00, 0x00, 0x00, 0x00, 0x00, 0x00, 0x00, 0x00, 0x00, 0x00, 0x00, 0x00, 0x00, 0x00, 0x40, 0x00,
    0x69, 0x00, 0x0a, 0x00, 0xe2, 0x00, 0x00, 0x00, 0x00, 0x00, 0x00, 0x00, 0x00, 0x00, 0x00, 0x00,
    0x00, 0x00, 0x00, 0x00, 0x00, 0x00, 0x84, 0x00, 0x08, 0x00, 0xe6, 0x00, 0x68, 0x00, 0xe9, 0x00,
    0xcc, 0x00, 0x6a, 0x00, 0x09, 0x00, 0x67, 0x00, 0x08, 0x00, 0xe8, 0x00, 0x86, 0x00, 0x20, 0x00,
    0x00, 0x00, 0x00, 0x00, 0x00, 0x00, 0x60, 0x00, 0x46, 0x00, 0xa5, 0x00, 0x26, 0x00, 0x8b, 0x00,
    0x4a, 0x00, 0xab, 0x00, 0x2c, 0x00, 0x4c, 0x00, 0x0c, 0x00, 0x0c, 0x00, 0xcb, 0x00, 0xeb, 0x00,
    0x2c, 0x00, 0xeb, 0x00, 0x69, 0x00, 0x48, 0x00, 0xc9, 0x00, 0xa9, 0x00, 0xe9, 0x00, 0xa4, 0x00,
    0xa5, 0x00, 0x47, 0x00, 0xa8, 0x00, 0x87, 0x00, 0x67, 0x00, 0xe2, 0x00, 0x00, 0x00, 0x00, 0x00,
    0x00, 0x00, 0x00, 0x00, 0x00, 0x00, 0x00, 0x00, 0x00, 0x00, 0x00, 0x00, 0x00, 0x00, 0x00, 0x00,
    0xc7, 0x00, 0x0b, 0x00, 0xc2, 0x00, 0x00, 0x00, 0x00, 0x00, 0x00, 0x00, 0x00, 0x00, 0x00, 0x00,
    0x00, 0x00, 0x00, 0x00, 0x00, 0x00, 0xe5, 0x00, 0xe5, 0x00, 0x85, 0x00, 0x88, 0x00, 0xa8, 0x00,
    0xcc, 0x00, 0x6b, 0x00, 0xa8, 0x00, 0x67, 0x00, 0xe8, 0x00, 0x28, 0x00, 0xa7, 0x00, 0x00, 0x00,
    0x00, 0x00, 0x00, 0x00, 0x00, 0x00, 0xe2, 0x00, 0x88, 0x00, 0x09, 0x00, 0x47, 0x00, 0x4a, 0x00,
    0x6a, 0x00, 0xcb, 0x00, 0x0c, 0x00, 0xeb, 0x00, 0x6a, 0x00, 0x49, 0x00, 0x49, 0x00, 0x4a, 0x00,
    0x2c, 0x00, 0xaa, 0x00, 0x2b, 0x00, 0xea, 0x00, 0x48, 0x00, 0x48, 0x00, 0x05, 0x00, 0x00, 0x00,
    0x81, 0x00, 0x06, 0x00, 0x67, 0x00, 0x26, 0x00, 0xe2, 0x00, 0x00, 0x00, 0x00, 0x00, 0x00, 0x00,
    0x00, 0x00, 0x00, 0x00, 0x00, 0x00, 0x00, 0x00, 0x00, 0x00, 0x00, 0x00, 0x81, 0x00, 0x20, 0x00,
    0x46, 0x00, 0xea, 0x00, 0xc4, 0x00, 0x03, 0x00, 0x00, 0x00, 0x00, 0x00, 0x00, 0x00, 0x00, 0x00,
    0x00, 0x00, 0x00, 0x00, 0x00, 0x00, 0x03, 0x00, 0x61, 0x00, 0xa5, 0x00, 0x68, 0x00, 0x68, 0x00,
    0x0a, 0x00, 0x2a, 0x00, 0xc8, 0x00, 0x46, 0x00, 0x28, 0x00, 0xea, 0x00, 0xa6, 0x00, 0x00, 0x00,
    0x00, 0x00, 0x00, 0x00, 0x64, 0x00, 0x09, 0x00, 0xcc, 0x00, 0xec, 0x00, 0xe9, 0x00, 0x47, 0x00,
    0xa8, 0x00, 0x09, 0x00, 0xc8, 0x00, 0x46, 0x00, 0x06, 0x00, 0x06, 0x00, 0xe5, 0x00, 0x87, 0x00,
    0x0b, 0x00, 0xca, 0x00, 0x6c, 0x00, 0x0b, 0x00, 0x4c, 0x00, 0x48, 0x00, 0x00, 0x00, 0x00, 0x00,
    0x00, 0x00, 0xa2, 0x00, 0xc5, 0x00, 0x84, 0x00, 0x40, 0x00, 0x00, 0x00, 0x00, 0x00, 0x00, 0x00,
    0x00, 0x00, 0x00, 0x00, 0x00, 0x00, 0x00, 0x00, 0x00, 0x00, 0x00, 0x00, 0xe2, 0x00, 0x46, 0x00,
    0xc7, 0x00, 0xea, 0x00, 0x28, 0x00, 0x25, 0x00, 0x00, 0x00, 0x00, 0x00, 0x00, 0x00, 0x00, 0x00,
    0x00, 0x00, 0x00, 0x00, 0x00, 0x00, 0x00, 0x00, 0x20, 0x00, 0xe6, 0x00, 0x47, 0x00, 0x88, 0x00,
    0x68, 0x00, 0xa8, 0x00, 0xe9, 0x00, 0x67, 0x00, 0x89, 0x00, 0xca, 0x00, 0x07, 0x00, 0x00, 0x00,
    0x00, 0x00, 0xa2, 0x00, 0xa8, 0x00, 0xc8, 0x00, 0x8b, 0x00, 0xab, 0x00, 0x0c, 0x00, 0x6a, 0x00,
    0xe5, 0x00, 0xa4, 0x00, 0xe5, 0x00, 0x46, 0x00, 0x87, 0x00, 0xc7, 0x00, 0x46, 0x00, 0x06, 0x00,
    0x4c, 0x00, 0xca, 0x00, 0x89, 0x00, 0x8c, 0x00, 0x08, 0x00, 0x6c, 0x00, 0x23, 0x00, 0x00, 0x00,
    0x00, 0x00, 0x00, 0x00, 0x20, 0x00, 0x00, 0x00, 0x00, 0x00, 0x00, 0x00, 0x00, 0x00, 0x00, 0x00,
    0x00, 0x00, 0x00, 0x00, 0x00, 0x00, 0x00, 0x00, 0x00, 0x00, 0x00, 0x00, 0x61, 0x00, 0x08, 0x00,
    0xe8, 0x00, 0x69, 0x00, 0x49, 0x00, 0x63, 0x00, 0x00, 0x00, 0x00, 0x00, 0x00, 0x00, 0x00, 0x00,
    0x00, 0x00, 0x00, 0x00, 0x00, 0x00, 0x00, 0x00, 0x41, 0x00, 0xe6, 0x00, 0x07, 0x00, 0xa8, 0x00,
    0xa8, 0x00, 0xc8, 0x00, 0x09, 0x00, 0x46, 0x00, 0x28, 0x00, 0xe8, 0x00, 0xa9, 0x00, 0x81, 0x00,
    0x00, 0x00, 0xe6, 0x00, 0x88, 0x00, 0x09, 0x00, 0x6a, 0x00, 0x29, 0x00, 0xcb, 0x00, 0x6d, 0x00,
    0xab, 0x00, 0x06, 0x00, 0x66, 0x00, 0xa7, 0x00, 0xc7, 0x00, 0xe8, 0x00, 0xe8, 0x00, 0x25, 0x00,
    0xe8, 0x00, 0xaa, 0x00, 0x87, 0x00, 0xaa, 0x00, 0xe8, 0x00, 0x66, 0x00, 0xc4, 0x00, 0x00, 0x00,
    0x00, 0x00, 0x00, 0x00, 0x00, 0x00, 0x00, 0x00, 0x00, 0x00, 0x00, 0x00, 0x00, 0x00, 0x00, 0x00,
    0x00, 0x00, 0x00, 0x00, 0x00, 0x00, 0x00, 0x00, 0x00, 0x00, 0x00, 0x00, 0xc2, 0x00, 0xe8, 0x00,
    0xa7, 0x00, 0x08, 0x00, 0x28, 0x00, 0x81, 0x00, 0x00, 0x00, 0x00, 0x00, 0x00, 0x00, 0x00, 0x00,
    0x00, 0x00, 0x00, 0x00, 0x00, 0x00, 0x00, 0x00, 0x40, 0x00, 0xe6, 0x00, 0xc6, 0x00, 0x47, 0x00,
    0xc9, 0x00, 0x47, 0x00, 0xe9, 0x00, 0x27, 0x00, 0xe7, 0x00, 0xca, 0x00, 0x0a, 0x00, 0xc4, 0x00,
    0x00, 0x00, 0x88, 0x00, 0x88, 0x00, 0xe9, 0x00, 0x6a, 0x00, 0x8a, 0x00, 0xab, 0x00, 0x8d, 0x00,
    0x6d, 0x00, 0xa8, 0x00, 0x87, 0x00, 0xe8, 0x00, 0xe8, 0x00, 0xe8, 0x00, 0x87, 0x00, 0xc5, 0x00,
    0xe5, 0x00, 0x67, 0x00, 0x84, 0x00, 0xe5, 0x00, 0xa4, 0x00, 0xe5, 0x00, 0x23, 0x00, 0x00, 0x00,
    0x00, 0x00, 0x00, 0x00, 0x00, 0x00, 0x00, 0x00, 0x00, 0x00, 0x00, 0x00, 0x00, 0x00, 0x00, 0x00,
    0x00, 0x00, 0x00, 0x00, 0x00, 0x00, 0x00, 0x00, 0x00, 0x00, 0x00, 0x00, 0xa4, 0x00, 0x29, 0x00,
    0xc8, 0x00, 0xc8, 0x00, 0x06, 0x00, 0x00, 0x00, 0x00, 0x00, 0x00, 0x00, 0x00, 0x00, 0x00, 0x00,
    0x00, 0x00, 0x00, 0x00, 0x00, 0x00, 0x00, 0x00, 0x20, 0x00, 0xe6, 0x00, 0xa5, 0x00, 0xc6, 0x00,
    0x88, 0x00, 0x27, 0x00, 0x68, 0x00, 0x2a, 0x00, 0x87, 0x00, 0xa9, 0x00, 0xca, 0x00, 0x89, 0x00,
    0x64, 0x00, 0x47, 0x00, 0xa8, 0x00, 0x2a, 0x00, 0x6a, 0x00, 0xcb, 0x00, 0x0b, 0x00, 0xad, 0x00,
    0x2c, 0x00, 0xe8, 0x00, 0x26, 0x00, 0x26, 0x00, 0xe5, 0x00, 0xc5, 0x00, 0xa5, 0x00, 0xa5, 0x00,
    0xc5, 0x00, 0xa5, 0x00, 0x81, 0x00, 0x06, 0x00, 0xe2, 0x00, 0xe2, 0x00, 0x20, 0x00, 0x00, 0x00,
    0x00, 0x00, 0x00, 0x00, 0x00, 0x00, 0x00, 0x00, 0x00, 0x00, 0x00, 0x00, 0x00, 0x00, 0x00, 0x00,
    0x00, 0x00, 0x00, 0x00, 0x00, 0x00, 0x00, 0x00, 0x00, 0x00, 0x40, 0x00, 0xc8, 0x00, 0x69, 0x00,
    0x87, 0x00, 0x87, 0x00, 0x81, 0x00, 0x00, 0x00, 0x00, 0x00, 0x00, 0x00, 0x00, 0x00, 0x00, 0x00,
    0x00, 0x00, 0x00, 0x00, 0x00, 0x00, 0x00, 0x00, 0x00, 0x00, 0xa5, 0x00, 0x64, 0x00, 0x64, 0x00,
    0x07, 0x00, 0x27, 0x00, 0xe6, 0x00, 0x0a, 0x00, 0x4a, 0x00, 0xc8, 0x00, 0xa9, 0x00, 0xa9, 0x00,
    0x26, 0x00, 0x07, 0x00, 0xa8, 0x00, 0x09, 0x00, 0x8a, 0x00, 0xcb, 0x00, 0xcb, 0x00, 0x0c, 0x00,
    0x0b, 0x00, 0xc8, 0x00, 0x44, 0x00, 0x85, 0x00, 0x64, 0x00, 0xc5, 0x00, 0x26, 0x00, 0x06, 0x00,
    0x27, 0x00, 0xa5, 0x00, 0x00, 0x00, 0xc2, 0x00, 0x00, 0x00, 0x00, 0x00, 0x00, 0x00, 0x00, 0x00,
    0x00, 0x00, 0x00, 0x00, 0x00, 0x00, 0x00, 0x00, 0x00, 0x00, 0x00, 0x00, 0x00, 0x00, 0x00, 0x00,
    0x00, 0x00, 0x00, 0x00, 0x00, 0x00, 0x00, 0x00, 0x00, 0x00, 0xa5, 0x00, 0x29, 0x00, 0xa8, 0x00,
    0xa8, 0x00, 0xa5, 0x00, 0x20, 0x00, 0x00, 0x00, 0x00, 0x00, 0x00, 0x00, 0x00, 0x00, 0x00, 0x00,
    0x00, 0x00, 0x00, 0x00, 0x00, 0x00, 0x00, 0x00, 0x00, 0x00, 0x03, 0x00, 0x03, 0x00, 0x23, 0x00,
    0x06, 0x00, 0x07, 0x00, 0x27, 0x00, 0x27, 0x00, 0xea, 0x00, 0xa9, 0x00, 0x08, 0x00, 0x67, 0x00,
    0x85, 0x00, 0x27, 0x00, 0x47, 0x00, 0xa8, 0x00, 0x4a, 0x00, 0x6a, 0x00, 0x4a, 0x00, 0x6a, 0x00,
    0xaa, 0x00, 0x06, 0x00, 0x23, 0x00, 0xe6, 0x00, 0xa5, 0x00, 0xc6, 0x00, 0x88, 0x00, 0x88, 0x00,
    0xc9, 0x00, 0xe3, 0x00, 0x00, 0x00, 0x00, 0x00, 0x00, 0x00, 0x00, 0x00, 0x00, 0x00, 0x00, 0x00,
    0x00, 0x00, 0x00, 0x00, 0x00, 0x00, 0x00, 0x00, 0x00, 0x00, 0x00, 0x00, 0x00, 0x00, 0x00, 0x00,
    0x00, 0x00, 0x00, 0x00, 0xe2, 0x00, 0xc2, 0x00, 0x61, 0x00, 0x69, 0x00, 0x08, 0x00, 0x87, 0x00,
    0x87, 0x00, 0x05, 0x00, 0x61, 0x00, 0x00, 0x00, 0x00, 0x00, 0x00, 0x00, 0x00, 0x00, 0x00, 0x00,
    0x00, 0x00, 0x00, 0x00, 0x00, 0x00, 0x00, 0x00, 0x00, 0x00, 0x20, 0x00, 0x20, 0x00, 0xa2, 0x00,
    0x27, 0x00, 0x27, 0x00, 0x47, 0x00, 0x47, 0x00, 0xa9, 0x00, 0xc9, 0x00, 0x27, 0x00, 0xe6, 0x00,
    0x07, 0x00, 0xc5, 0x00, 0x47, 0x00, 0x67, 0x00, 0xa8, 0x00, 0xe8, 0x00, 0xe8, 0x00, 0xe8, 0x00,
    0x67, 0x00, 0x41, 0x00, 0x00, 0x00, 0xe3, 0x00, 0xc5, 0x00, 0x27, 0x00, 0x67, 0x00, 0x06, 0x00,
    0xa2, 0x00, 0x00, 0x00, 0x00, 0x00, 0x00, 0x00, 0x00, 0x00, 0x00, 0x00, 0x00, 0x00, 0x00, 0x00,
    0x00, 0x00, 0x00, 0x00, 0x00, 0x00, 0x00, 0x00, 0x00, 0x00, 0x00, 0x00, 0x00, 0x00, 0x00, 0x00,
    0x00, 0x00, 0x00, 0x00, 0x28, 0x00, 0xe5, 0x00, 0xc7, 0x00, 0x8a, 0x00, 0xe8, 0x00, 0x87, 0x00,
    0xa8, 0x00, 0xe2, 0x00, 0x00, 0x00, 0x00, 0x00, 0x00, 0x00, 0x00, 0x00, 0x00, 0x00, 0x00, 0x00,
    0x00, 0x00, 0x00, 0x00, 0x00, 0x00, 0x00, 0x00, 0x00, 0x00, 0x00, 0x00, 0x00, 0x00, 0x00, 0x00,
    0xa5, 0x00, 0x07, 0x00, 0x07, 0x00, 0x27, 0x00, 0xa9, 0x00, 0xc9, 0x00, 0x47, 0x00, 0xc5, 0x00,
    0x47, 0x00, 0xc5, 0x00, 0xc5, 0x00, 0xa5, 0x00, 0x44, 0x00, 0x64, 0x00, 0xc5, 0x00, 0xa5, 0x00,
    0x61, 0x00, 0x00, 0x00, 0x61, 0x00, 0xa5, 0x00, 0xc5, 0x00, 0xc5, 0x00, 0x85, 0x00, 0xc2, 0x00,
    0x03, 0x00, 0x64, 0x00, 0x84, 0x00, 0xa4, 0x00, 0x43, 0x00, 0x81, 0x00, 0x00, 0x00, 0x00, 0x00,
    0x00, 0x00, 0x00, 0x00, 0x00, 0x00, 0x00, 0x00, 0x00, 0x00, 0x00, 0x00, 0x00, 0x00, 0x00, 0x00,
    0x00, 0x00, 0x46, 0x00, 0x28, 0x00, 0x89, 0x00, 0xca, 0x00, 0x49, 0x00, 0xc8, 0x00, 0xc8, 0x00,
    0x23, 0x00, 0x00, 0x00, 0x00, 0x00, 0x00, 0x00, 0x00, 0x00, 0x00, 0x00, 0x00, 0x00, 0x00, 0x00,
    0x00, 0x00, 0x00, 0x00, 0x00, 0x00, 0x00, 0x00, 0x00, 0x00, 0x00, 0x00, 0x00, 0x00, 0x00, 0x00,
    0x81, 0x00, 0x27, 0x00, 0xe6, 0x00, 0x07, 0x00, 0x47, 0x00, 0x47, 0x00, 0x68, 0x00, 0xc6, 0x00,
    0x47, 0x00, 0x47, 0x00, 0x07, 0x00, 0xc5, 0x00, 0x64, 0x00, 0x27, 0x00, 0x88, 0x00, 0xc8, 0x00,
    0xe9, 0x00, 0x26, 0x00, 0xa5, 0x00, 0x06, 0x00, 0xe6, 0x00, 0x27, 0x00, 0x67, 0x00, 0x06, 0x00,
    0x47, 0x00, 0x09, 0x00, 0xaa, 0x00, 0xca, 0x00, 0x8a, 0x00, 0x8a, 0x00, 0xe8, 0x00, 0x05, 0x00,
    0xc2, 0x00, 0x20, 0x00, 0x20, 0x00, 0x40, 0x00, 0x81, 0x00, 0x00, 0x00, 0x00, 0x00, 0x23, 0x00,
    0xa7, 0x00, 0xaa, 0x00, 0xca, 0x00, 0xea, 0x00, 0x29, 0x00, 0x09, 0x00, 0x46, 0x00, 0xe3, 0x00,
    0x00, 0x00, 0x00, 0x00, 0x00, 0x00, 0x00, 0x00, 0x00, 0x00, 0x00, 0x00, 0x00, 0x00, 0x00, 0x00,
    0x00, 0x00, 0x00, 0x00, 0x00, 0x00, 0x00, 0x00, 0x00, 0x00, 0x00, 0x00, 0x00, 0x00, 0x00, 0x00,
    0x00, 0x00, 0xe3, 0x00, 0x47, 0x00, 0xe6, 0x00, 0xe6, 0x00, 0x47, 0x00, 0x48, 0x00, 0xe6, 0x00,
    0xe6, 0x00, 0x88, 0x00, 0x68, 0x00, 0x88, 0x00, 0xa5, 0x00, 0xc5, 0x00, 0x88, 0x00, 0xc8, 0x00,
    0xc8, 0x00, 0xc8, 0x00, 0x27, 0x00, 0xc5, 0x00, 0x06, 0x00, 0x47, 0x00, 0xa8, 0x00, 0xc8, 0x00,
    0x67, 0x00, 0x26, 0x00, 0x87, 0x00, 0xe8, 0x00, 0xa7, 0x00, 0x28, 0x00, 0xea, 0x00, 0x4b, 0x00,
    0x2b, 0x00, 0x69, 0x00, 0x28, 0x00, 0x49, 0x00, 0x08, 0x00, 0x46, 0x00, 0x08, 0x00, 0xca, 0x00,
    0x0b, 0x00, 0x2b, 0x00, 0x8a, 0x00, 0xe8, 0x00, 0x87, 0x00, 0x47, 0x00, 0x64, 0x00, 0x00, 0x00,
    0x00, 0x00, 0x00, 0x00, 0x00, 0x00, 0x00, 0x00, 0x00, 0x00, 0x00, 0x00, 0x00, 0x00, 0x00, 0x00,
    0x00, 0x00, 0x00, 0x00, 0x00, 0x00, 0x00, 0x00, 0x00, 0x00, 0x00, 0x00, 0x00, 0x00, 0x00, 0x00,
    0x00, 0x00, 0x00, 0x00, 0x81, 0x00, 0x06, 0x00, 0x64, 0x00, 0x03, 0x00, 0x07, 0x00, 0x27, 0x00,
    0xc6, 0x00, 0x88, 0x00, 0x88, 0x00, 0x09, 0x00, 0xc9, 0x00, 0xc5, 0x00, 0x64, 0x00, 0xc5, 0x00,
    0xa5, 0x00, 0x27, 0x00, 0x67, 0x00, 0x06, 0x00, 0xc5, 0x00, 0x06, 0x00, 0x88, 0x00, 0xe8, 0x00,
    0xe9, 0x00, 0x29, 0x00, 0x47, 0x00, 0xc8, 0x00, 0x8a, 0x00, 0xe8, 0x00, 0xc7, 0x00, 0xaa, 0x00,
    0xaa, 0x00, 0x89, 0x00, 0x89, 0x00, 0xea, 0x00, 0x2b, 0x00, 0x2b, 0x00, 0x0b, 0x00, 0x2b, 0x00,
    0xca, 0x00, 0x29, 0x00, 0xc8, 0x00, 0x67, 0x00, 0x06, 0x00, 0xa5, 0x00, 0x81, 0x00, 0x00, 0x00,
    0x00, 0x00, 0x00, 0x00, 0x00, 0x00, 0x00, 0x00, 0x00, 0x00, 0x00, 0x00, 0x00, 0x00, 0x00, 0x00,
    0x00, 0x00, 0x00, 0x00, 0x00, 0x00, 0x00, 0x00, 0x00, 0x00, 0x00, 0x00, 0x00, 0x00, 0x00, 0x00,
    0x00, 0x00, 0x00, 0x00, 0x00, 0x00, 0x20, 0x00, 0xe3, 0x00, 0x00, 0x00, 0x41, 0x00, 0xe3, 0x00,
    0x03, 0x00, 0x06, 0x00, 0xe9, 0x00, 0xa8, 0x00, 0xe9, 0x00, 0xab, 0x00, 0x47, 0x00, 0x67, 0x00,
    0xe8, 0x00, 0x44, 0x00, 0xa2, 0x00, 0x81, 0x00, 0x40, 0x00, 0x61, 0x00, 0xc5, 0x00, 0xa8, 0x00,
    0xa8, 0x00, 0x29, 0x00, 0xaa, 0x00, 0xe8, 0x00, 0x09, 0x00, 0x69, 0x00, 0xa7, 0x00, 0xc5, 0x00,
    0x87, 0x00, 0x08, 0x00, 0x69, 0x00, 0x08, 0x00, 0xe8, 0x00, 0xe8, 0x00, 0xa7, 0x00, 0xa7, 0x00,
    0x87, 0x00, 0x87, 0x00, 0x84, 0x00, 0xa2, 0x00, 0x61, 0x00, 0x00, 0x00, 0x00, 0x00, 0x00, 0x00,
    0x00, 0x00, 0x00, 0x00, 0x00, 0x00, 0x00, 0x00, 0x00, 0x00, 0x00, 0x00, 0x00, 0x00, 0x00, 0x00,
    0x00, 0x00, 0x00, 0x00, 0x00, 0x00, 0x00, 0x00, 0x00, 0x00, 0x00, 0x00, 0x00, 0x00, 0x00, 0x00,
    0x00, 0x00, 0x00, 0x00, 0x00, 0x00, 0x00, 0x00, 0x00, 0x00, 0x00, 0x00, 0x00, 0x00, 0x00, 0x00,
    0x00, 0x00, 0x23, 0x00, 0xc9, 0x00, 0xe9, 0x00, 0x67, 0x00, 0xc8, 0x00, 0xcb, 0x00, 0x66, 0x00,
    0x08, 0x00, 0x48, 0x00, 0x20, 0x00, 0x00, 0x00, 0x00, 0x00, 0x00, 0x00, 0x00, 0x00, 0x03, 0x00,
    0xa4, 0x00, 0x06, 0x00, 0x87, 0x00, 0x46, 0x00, 0x84, 0x00, 0x26, 0x00, 0x84, 0x00, 0x81, 0x00,
    0x20, 0x00, 0x03, 0x00, 0xc5, 0x00, 0x67, 0x00, 0xa8, 0x00, 0x87, 0x00, 0x47, 0x00, 0x26, 0x00,
    0xa4, 0x00, 0x40, 0x00, 0x00, 0x00, 0x00, 0x00, 0x00, 0x00, 0x00, 0x00, 0x00, 0x00, 0x00, 0x00,
    0x00, 0x00, 0x00, 0x00, 0x00, 0x00, 0x00, 0x00, 0x00, 0x00, 0x00, 0x00, 0x00, 0x00, 0x00, 0x00,
    0x00, 0x00, 0x00, 0x00, 0x00, 0x00, 0x00, 0x00, 0x00, 0x00, 0x00, 0x00, 0x00, 0x00, 0x00, 0x00,
    0x00, 0x00, 0x00, 0x00, 0x00, 0x00, 0x00, 0x00, 0x00, 0x00, 0x00, 0x00, 0x00, 0x00, 0x00, 0x00,
    0x00, 0x00, 0x40, 0x00, 0x26, 0x00, 0xe8, 0x00, 0x69, 0x00, 0x26, 0x00, 0x49, 0x00, 0x89, 0x00,
    0xa4, 0x00, 0xe8, 0x00, 0x43, 0x00, 0x00, 0x00, 0x00, 0x00, 0x00, 0x00, 0x00, 0x00, 0x00, 0x00,
    0x00, 0x00, 0x00, 0x00, 0x00, 0x00, 0xe3, 0x00, 0x40, 0x00, 0x61, 0x00, 0x61, 0x00, 0x00, 0x00,
    0x00, 0x00, 0x00, 0x00, 0x00, 0x00, 0x20, 0x00, 0xc2, 0x00, 0x43, 0x00, 0x44, 0x00, 0x23, 0x00,
    0xa2, 0x00, 0x00, 0x00, 0x00, 0x00, 0x00, 0x00, 0x00, 0x00, 0x00, 0x00, 0x00, 0x00, 0x00, 0x00,
    0x00, 0x00, 0x00, 0x00, 0x00, 0x00, 0x00, 0x00, 0x00, 0x00, 0x00, 0x00, 0x00, 0x00, 0x00, 0x00,
    0x00, 0x00, 0x00, 0x00, 0x00, 0x00, 0x00, 0x00, 0x00, 0x00, 0x00, 0x00, 0x00, 0x00, 0x00, 0x00,
    0x00, 0x00, 0x00, 0x00, 0x00, 0x00, 0x00, 0x00, 0x00, 0x00, 0x00, 0x00, 0x00, 0x00, 0x00, 0x00,
    0x00, 0x00, 0x00, 0x00, 0x81, 0x00, 0x64, 0x00, 0x06, 0x00, 0x23, 0x00, 0x43, 0x00, 0x87, 0x00,
    0xe2, 0x00, 0x41, 0x00, 0xc2, 0x00, 0x00, 0x00, 0x00, 0x00, 0x00, 0x00, 0x00, 0x00, 0x00, 0x00,
    0x00, 0x00, 0x00, 0x00, 0x00, 0x00, 0x00, 0x00, 0x00, 0x00, 0x00, 0x00, 0x00, 0x00, 0x00, 0x00,
    0x00, 0x00, 0x00, 0x00, 0x00, 0x00, 0x00, 0x00, 0x00, 0x00, 0x00, 0x00, 0x00, 0x00, 0x00, 0x00,
    0x00, 0x00, 0x00, 0x00, 0x00, 0x00, 0x00, 0x00, 0x00, 0x00, 0x00, 0x00, 0x00, 0x00, 0x00, 0x00,
    0x00, 0x00, 0x00, 0x00, 0x00, 0x00, 0x00, 0x00, 0x00, 0x00, 0x00, 0x00, 0x00, 0x00, 0x00, 0x00,
    0x00, 0x00, 0x00, 0x00, 0x00, 0x00, 0x00, 0x00, 0x00, 0x00, 0x00, 0x00, 0x00, 0x00, 0x00, 0x00,
    0x00, 0x00, 0x00, 0x00, 0x00, 0x00, 0x00, 0x00, 0x00, 0x00, 0x00, 0x00, 0x00, 0x00, 0x00, 0x00,
    0x00, 0x00, 0x00, 0x00, 0x00, 0x00, 0x00, 0x00, 0x20, 0x00, 0x20, 0x00, 0x00, 0x00, 0x61, 0x00,
    0x61, 0x00, 0x00, 0x00, 0x00, 0x00, 0x00, 0x00, 0x00, 0x00, 0x00, 0x00, 0x00, 0x00, 0x00, 0x00,
    0x00, 0x00, 0x00, 0x00, 0x00, 0x00, 0x00, 0x00, 0x00, 0x00, 0x00, 0x00, 0x00, 0x00, 0x00, 0x00,
    0x00, 0x00, 0x00, 0x00, 0x00, 0x00, 0x00, 0x00, 0x00, 0x00, 0x00, 0x00, 0x00, 0x00, 0x00, 0x00,
    0x00, 0x00, 0x00, 0x00, 0x00, 0x00, 0x00, 0x00, 0x00, 0x00, 0x00, 0x00, 0x00, 0x00, 0x00, 0x00,
    0x00, 0x00, 0x00, 0x00, 0x00, 0x00, 0x00, 0x00, 0x00, 0x00, 0x00, 0x00, 0x00, 0x00, 0x00, 0x00,
    0x00, 0x00, 0x00, 0x00, 0x00, 0x00, 0x00, 0x00, 0x00, 0x00, 0x00, 0x00, 0x00, 0x00, 0x00, 0x00,
    0x00, 0x00, 0x00, 0x00, 0x00, 0x00, 0x00, 0x00, 0x00, 0x00, 0x00, 0x00, 0x00, 0x00, 0x00, 0x00,
    0x00, 0x00, 0x00, 0x00, 0x00, 0x00, 0x00, 0x00, 0x00, 0x00, 0x00, 0x00, 0x00, 0x00, 0x00, 0x00,
    0x00, 0x00, 0x00, 0x00, 0x00, 0x00, 0x00, 0x00, 0x00, 0x00, 0x00, 0x00, 0x00, 0x00, 0x00, 0x00,
    0x00, 0x00, 0x00, 0x00, 0x00, 0x00, 0x00, 0x00, 0x00, 0x00, 0x00, 0x00, 0x00, 0x00, 0x00, 0x00,
    0x00, 0x00, 0x00, 0x00, 0x00, 0x00, 0x00, 0x00, 0x00, 0x00, 0x00, 0x00, 0x00, 0x00, 0x00, 0x00,
    0x00, 0x00, 0x00, 0x00, 0x00, 0x00, 0x00, 0x00, 0x00, 0x00, 0x00, 0x00, 0x00, 0x00, 0x00, 0x00,
    0x00, 0x00, 0x00, 0x00, 0x00, 0x00, 0x00, 0x00, 0x00, 0x00, 0x00, 0x00, 0x00, 0x00, 0x00, 0x00,
    0x00, 0x00, 0x00, 0x00, 0x00, 0x00, 0x00, 0x00, 0x00, 0x00, 0x00, 0x00, 0x00, 0x00, 0x00, 0x00,
    0x00, 0x00, 0x00, 0x00, 0x15, 0x01, 0x00, 0x00, 0x00, 0x00, 0x00, 0x00, 0x00, 0x00, 0x00, 0x00,
    0x00, 0x00, 0x0b, 0x05, 0x00, 0x00, 0x00, 0x00, 0x00, 0x00, 0x00, 0x00, 0x00, 0x00, 0x00, 0x00,
    0x00, 0x00, 0x00, 0x00, 0x00, 0x00, 0x00, 0x00, 0x00, 0x00, 0x00, 0x00, 0x00, 0x00, 0x00, 0x00,
    0x00, 0x00, 0x00, 0x00, 0x00, 0x00, 0x00, 0x00, 0x00, 0x00, 0x00, 0x00, 0x00, 0x00, 0x00, 0x00,
    0x00, 0x00, 0x00, 0x25, 0xba, 0x00, 0x00, 0x00, 0x00, 0x00, 0x00, 0x00, 0x00, 0x00, 0x00, 0x00,
    0x00, 0x02, 0xc5, 0x08, 0x00, 0x00, 0x00, 0x00, 0x00, 0x00, 0x00, 0x00, 0x00, 0x00, 0x00, 0x00,
    0x00, 0x00, 0x00, 0x00, 0x00, 0x00, 0x00, 0x00, 0x00, 0x00, 0x00, 0x00, 0x00, 0x00, 0x00, 0x00,
    0x00, 0x00, 0x00, 0x00, 0x00, 0x00, 0x00, 0x00, 0x00, 0x00, 0x00, 0x00, 0x00, 0x00, 0x00, 0x00,
    0x00, 0x00, 0x00, 0xd7, 0x7b, 0x00, 0x00, 0x00, 0x00, 0x00, 0x00, 0x00, 0x00, 0x00, 0x00, 0x00,
    0x00, 0x29, 0xff, 0x02, 0x00, 0x00, 0x00, 0x00, 0x00, 0x00, 0x00, 0x00, 0x00, 0x00, 0x00, 0x00,
    0x00, 0x00, 0x00, 0x00, 0x00, 0x00, 0x00, 0x00, 0x00, 0x00, 0x00, 0x00, 0x00, 0x00, 0x00, 0x00,
    0x00, 0x00, 0x00, 0x00, 0x00, 0x00, 0x00, 0x00, 0x00, 0x00, 0x00, 0x00, 0x00, 0x00, 0x00, 0x00,
    0x00, 0x00, 0x05, 0xff, 0x79, 0x00, 0x00, 0x00, 0x00, 0x00, 0x00, 0x00, 0x00, 0x00, 0x00, 0x00,
    0x00, 0x4e, 0xfb, 0x0e, 0x00, 0x00, 0x11, 0x0a, 0x00, 0x00, 0x00, 0x00, 0x00, 0x00, 0x00, 0x00,
    0x00, 0x00, 0x00, 0x00, 0x00, 0x00, 0x00, 0x00, 0x00, 0x00, 0x00, 0x00, 0x00, 0x00, 0x00, 0x00,
    0x00, 0x00, 0x00, 0x00, 0x00, 0x00, 0x00, 0x00, 0x00, 0x00, 0x00, 0x00, 0x00, 0x00, 0x00, 0x00,
    0x00, 0x00, 0x0b, 0xfd, 0xd9, 0x01, 0x00, 0x00, 0x00, 0x00, 0x00, 0x00, 0x00, 0x00, 0x00, 0x00,
    0x00, 0x41, 0xff, 0x82, 0x00, 0x00, 0xaa, 0x16, 0x00, 0x00, 0x00, 0x00, 0x00, 0x00, 0x00, 0x00,
    0x00, 0x00, 0x00, 0x00, 0x00, 0x00, 0x00, 0x00, 0x00, 0x00, 0x00, 0x00, 0x00, 0x00, 0x00, 0x00,
    0x00, 0x00, 0x00, 0x00, 0x00, 0x00, 0x00, 0x00, 0x00, 0x00, 0x00, 0x00, 0x00, 0x00, 0x00, 0x00,
    0x00, 0x00, 0x03, 0xed, 0xff, 0x6b, 0x00, 0x00, 0x3d, 0x0b, 0x00, 0x00, 0x85, 0x08, 0x00, 0x00,
    0x00, 0x0b, 0xff, 0xff, 0x5c, 0x05, 0xff, 0x31, 0x00, 0x00, 0x00, 0x00, 0x00, 0x00, 0x00, 0x00,
    0x00, 0x00, 0x00, 0x00, 0x00, 0x00, 0x00, 0x00, 0x00, 0x00, 0x00, 0x00, 0x00, 0x00, 0x00, 0x00,
    0x00, 0x00, 0x00, 0x00, 0x00, 0x00, 0x00, 0x00, 0x00, 0x00, 0x00, 0x00, 0x00, 0x00, 0x00, 0x00,
    0x00, 0x00, 0x00, 0x9e, 0xff, 0xff, 0x78, 0x01, 0x5b, 0x44, 0x00, 0x11, 0xff, 0x07, 0x00, 0x01,
    0x00, 0x00, 0x3a, 0xfd, 0xff, 0xd3, 0xfd, 0xc1, 0x00, 0x00, 0x00, 0x07, 0x00, 0x00, 0x00, 0x00,
    0x00, 0x00, 0x00, 0x00, 0x00, 0x00, 0x00, 0x00, 0x00, 0x00, 0x00, 0x00, 0x00, 0x00, 0x00, 0x00,
    0x00, 0x00, 0x00, 0x00, 0x00, 0x00, 0x00, 0x00, 0x00, 0x00, 0x00, 0x00, 0x00, 0x00, 0x00, 0x0f,
    0x10, 0x00, 0x00, 0x0c, 0xed, 0xef, 0xff, 0xb9, 0x9a, 0xe4, 0x04, 0x18, 0xfd, 0x38, 0x00, 0x49,
    0x8f, 0x0c, 0x03, 0xfd, 0xf9, 0xff, 0xf9, 0xff, 0x6f, 0x00, 0x05, 0xb0, 0x00, 0x00, 0x00, 0x00,
    0x00, 0x00, 0x00, 0x00, 0x00, 0x00, 0x00, 0x00, 0x00, 0x00, 0x00, 0x00, 0x00, 0x00, 0x00, 0x00,
    0x00, 0x00, 0x00, 0x00, 0x00, 0x00, 0x00, 0x00, 0x00, 0x00, 0x00, 0x00, 0x00, 0x00, 0x00, 0x14,
    0xff, 0xad, 0x71, 0x74, 0xeb, 0xff, 0xff, 0xff, 0xff, 0xff, 0xda, 0x9d, 0xfb, 0xe6, 0x07, 0x0d,
    0xff, 0xfb, 0x91, 0xf5, 0xff, 0xfd, 0xff, 0xf9, 0xff, 0x42, 0x67, 0xff, 0x02, 0x00, 0x00, 0x00,
    0x00, 0x00, 0x00, 0x00, 0x00, 0x00, 0x00, 0x00, 0x00, 0x00, 0x00, 0x00, 0x00, 0x00, 0x00, 0x00,
    0x00, 0x00, 0x00, 0x00, 0x00, 0x00, 0x00, 0x00, 0x00, 0x00, 0x00, 0x00, 0x00, 0x00, 0x00, 0x00,
    0x55, 0xff, 0xff, 0xff, 0xff, 0xa6, 0x7b, 0xa6, 0xff, 0xff, 0xff, 0xff, 0xfd, 0xff, 0xd7, 0x50,
    0xf5, 0xff, 0xff, 0xff, 0xff, 0xff, 0xff, 0xff, 0xfb, 0xff, 0xff, 0xeb, 0x02, 0x00, 0x00, 0x00,
    0x00, 0x00, 0x00, 0x00, 0x00, 0x00, 0x00, 0x00, 0x00, 0x00, 0x00, 0x00, 0x00, 0x00, 0x00, 0x00,
    0x00, 0x00, 0x00, 0x00, 0x00, 0x00, 0x00, 0x00, 0x00, 0x00, 0x00, 0x00, 0x00, 0x00, 0x00, 0x00,
    0x00, 0x14, 0x39, 0x2f, 0x0a, 0x00, 0x00, 0x00, 0x17, 0xa6, 0xff, 0xf7, 0xff, 0xfd, 0xff, 0xff,
    0xff, 0xfd, 0xf9, 0xff, 0xff, 0xff, 0xff, 0xff, 0xff, 0xf5, 0xfb, 0xab, 0x00, 0x00, 0x00, 0x00,
    0x00, 0x00, 0x00, 0x00, 0x00, 0x00, 0x00, 0x00, 0x00, 0x00, 0x00, 0x00, 0x00, 0x00, 0x00, 0x00,
    0x00, 0x00, 0x00, 0x00, 0x00, 0x00, 0x00, 0x00, 0x00, 0x00, 0x00, 0x00, 0x00, 0x00, 0x00, 0x00,
    0x00, 0x00, 0x00, 0x00, 0x00, 0x00, 0x00, 0x00, 0x00, 0x00, 0x56, 0xfd, 0xfb, 0xff, 0xfd, 0xf9,
    0xff, 0xff, 0xff, 0xff, 0xff, 0xff, 0xff, 0xff, 0xff, 0xf7, 0xff, 0x43, 0x00, 0x00, 0x00, 0x00,
    0x00, 0x00, 0x00, 0x00, 0x00, 0x00, 0x00, 0x00, 0x00, 0x00, 0x00, 0x00, 0x00, 0x00, 0x00, 0x00,
    0x00, 0x00, 0x00, 0x00, 0x00, 0x00, 0x00, 0x00, 0x00, 0x00, 0x00, 0x00, 0x00, 0x00, 0x00, 0x00,
    0x00, 0x00, 0x00, 0x00, 0x03, 0x11, 0x0b, 0x10, 0x1b, 0x46, 0xa8, 0xfd, 0xfd, 0xff, 0xff, 0xff,
    0xff, 0xff, 0xff, 0xff, 0xff, 0xff, 0xff, 0xff, 0xff, 0xf7, 0xff, 0x26, 0x00, 0x00, 0x00, 0x00,
    0x00, 0x00, 0x00, 0x00, 0x00, 0x00, 0x00, 0x00, 0x00, 0x00, 0x00, 0x00, 0x00, 0x00, 0x00, 0x00,
    0x00, 0x00, 0x00, 0x00, 0x00, 0x00, 0x00, 0x00, 0x00, 0x00, 0x00, 0x00, 0x00, 0x00, 0x00, 0x00,
    0x00, 0x00, 0x00, 0x00, 0x08, 0xf7, 0xff, 0xff, 0xff, 0xff, 0xff, 0xff, 0xff, 0xff, 0xff, 0xff,
    0xff, 0xff, 0xff, 0xff, 0xff, 0xff, 0xff, 0xff, 0xff, 0xf7, 0xff, 0x4b, 0x44, 0x38, 0x00, 0x00,
    0x00, 0x00, 0x00, 0x00, 0x00, 0x00, 0x00, 0x00, 0x00, 0x00, 0x00, 0x00, 0x00, 0x00, 0x00, 0x00,
    0x00, 0x00, 0x00, 0x00, 0x00, 0x00, 0x00, 0x00, 0x00, 0x00, 0x00, 0x00, 0x00, 0x00, 0x00, 0x00,
    0x00, 0x00, 0x00, 0x00, 0x00, 0x07, 0x91, 0xf7, 0xf7, 0xf7, 0xfb, 0xff, 0xff, 0xff, 0xff, 0xff,
    0xff, 0xff, 0xff, 0xff, 0xff, 0xff, 0xff, 0xff, 0xff, 0xfd, 0xff, 0xde, 0xff, 0x9d, 0x00, 0x00,
    0x00, 0x00, 0x00, 0x00, 0x00, 0x00, 0x00, 0x00, 0x00, 0x00, 0x00, 0x00, 0x00, 0x00, 0x00, 0x00,
    0x00, 0x00, 0x00, 0x00, 0x00, 0x00, 0x00, 0x00, 0x00, 0x00, 0x00, 0x00, 0x00, 0x00, 0x00, 0x00,
    0x00, 0x00, 0x00, 0x00, 0x00, 0x01, 0x51, 0xfb, 0xfb, 0xff, 0xff, 0xff, 0xff, 0xff, 0xff, 0xff,
    0xff, 0xff, 0xff, 0xff, 0xff, 0xff, 0xff, 0xff, 0xff, 0xff, 0xff, 0xff, 0xff, 0xbc, 0x00, 0x00,
    0x00, 0x00, 0x00, 0x00, 0x00, 0x00, 0x00, 0x00, 0x00, 0x00, 0x00, 0x00, 0x00, 0x00, 0x00, 0x00,
    0x00, 0x00, 0x00, 0x00, 0x00, 0x00, 0x00, 0x00, 0x00, 0x00, 0x00, 0x00, 0x00, 0x00, 0x00, 0x00,
    0x00, 0x00, 0x04, 0x1a, 0x52, 0xe0, 0xff, 0xfd, 0xff, 0xff, 0xff, 0xff, 0xff, 0xff, 0xff, 0xff,
    0xff, 0xff, 0xff, 0xff, 0xff, 0xff, 0xff, 0xff, 0xff, 0xff, 0xff, 0xf9, 0xff, 0xa8, 0x00, 0x00,
    0x00, 0x00, 0x00, 0x00, 0x00, 0x00, 0x00, 0x00, 0x00, 0x00, 0x00, 0x00, 0x00, 0x00, 0x00, 0x00,
    0x00, 0x00, 0x00, 0x00, 0x00, 0x00, 0x00, 0x00, 0x00, 0x00, 0x00, 0x00, 0x00, 0x00, 0x00, 0x00,
    0x00, 0x00, 0x0e, 0xf9, 0xff, 0xff, 0xff, 0xff, 0xff, 0xff, 0xff, 0xff, 0xff, 0xff, 0xff, 0xff,
    0xff, 0xff, 0xff, 0xff, 0xff, 0xff, 0xff, 0xff, 0xff, 0xff, 0xff, 0xfb, 0xff, 0xa3, 0x00, 0x00,
    0x00, 0x00, 0x00, 0x00, 0x00, 0x00, 0x00, 0x00, 0x00, 0x00, 0x00, 0x00, 0x00, 0x00, 0x00, 0x00,
    0x00, 0x00, 0x00, 0x00, 0x00, 0x00, 0x00, 0x00, 0x00, 0x00, 0x00, 0x00, 0x00, 0x00, 0x00, 0x00,
    0x00, 0x00, 0x00, 0x05, 0x4f, 0xaa, 0xd9, 0xff, 0xff, 0xff, 0xff, 0xff, 0xff, 0xff, 0xff, 0xff,
    0xff, 0xff, 0xff, 0xff, 0xff, 0xff, 0xff, 0xff, 0xff, 0xff, 0xff, 0xfd, 0xff, 0xdc, 0x01, 0x00,
    0x00, 0x00, 0x00, 0x00, 0x00, 0x00, 0x00, 0x00, 0x00, 0x00, 0x00, 0x00, 0x00, 0x00, 0x00, 0x00,
    0x00, 0x00, 0x00, 0x00, 0x00, 0x00, 0x00, 0x00, 0x00, 0x00, 0x00, 0x00, 0x00, 0x00, 0x00, 0x00,
    0x00, 0x00, 0x00, 0x00, 0x00, 0x00, 0x7c, 0xff, 0xf9, 0xff, 0xff, 0xff, 0xff, 0xff, 0xff, 0xff,
    0xff, 0xff, 0xff, 0xff, 0xff, 0xff, 0xff, 0xff, 0xff, 0xff, 0xff, 0xfb, 0xff, 0xaa, 0x00, 0x00,
    0x00, 0x00, 0x00, 0x00, 0x00, 0x00, 0x00, 0x00, 0x00, 0x00, 0x00, 0x00, 0x00, 0x00, 0x00, 0x00,
    0x00, 0x00, 0x00, 0x00, 0x00, 0x00, 0x00, 0x00, 0x00, 0x00, 0x00, 0x00, 0x00, 0x00, 0x00, 0x00,
    0x00, 0x00, 0x00, 0x00, 0x00, 0x4f, 0xff, 0xf9, 0xff, 0xff, 0xff, 0xff, 0xff, 0xff, 0xff, 0xff,
    0xff, 0xff, 0xff, 0xff, 0xff, 0xff, 0xff, 0xff, 0xff, 0xff, 0xff, 0xfb, 0xff, 0xc5, 0x00, 0x00,
    0x00, 0x00, 0x00, 0x00, 0x00, 0x00, 0x00, 0x00, 0x00, 0x00, 0x0d, 0x17, 0x00, 0x00, 0x00, 0x00,
    0x00, 0x00, 0x00, 0x00, 0x00, 0x00, 0x00, 0x00, 0x00, 0x00, 0x00, 0x00, 0x00, 0x00, 0x00, 0x00,
    0x00, 0x00, 0x00, 0x00, 0x17, 0xff, 0xf9, 0xff, 0xff, 0xff, 0xff, 0xff, 0xff, 0xff, 0xff, 0xff,
    0xff, 0xff, 0xff, 0xff, 0xff, 0xff, 0xff, 0xff, 0xff, 0xff, 0xff, 0xf9, 0xff, 0x88, 0x00, 0x00,
    0x00, 0x00, 0x00, 0x00, 0x00, 0x00, 0x00, 0x00, 0x00, 0x00, 0x41, 0xaf, 0x00, 0x00, 0x00, 0x00,
    0x00, 0x00, 0x00, 0x00, 0x00, 0x00, 0x00, 0x00, 0x00, 0x00, 0x00, 0x00, 0x00, 0x00, 0x00, 0x00,
    0x00, 0x00, 0x00, 0x00, 0xc8, 0xff, 0xf7, 0xff, 0xff, 0xff, 0xff, 0xff, 0xff, 0xff, 0xff, 0xff,
    0xff, 0xff, 0xff, 0xff, 0xff, 0xff, 0xff, 0xff, 0xff, 0xff, 0xff, 0xf7, 0xff, 0x33, 0x00, 0x00,
    0x00, 0x00, 0x00, 0x00, 0x00, 0x00, 0x00, 0x00, 0x00, 0x00, 0xc0, 0xe2, 0x00, 0x00, 0x00, 0x00,
    0x00, 0x00, 0x00, 0x00, 0x00, 0x00, 0x00, 0x00, 0x00, 0x00, 0x00, 0x00, 0x00, 0x00, 0x00, 0x00,
    0x00, 0x00, 0x00, 0x16, 0xd5, 0x39, 0xe2, 0xff, 0xfd, 0xff, 0xff, 0xff, 0xff, 0xff, 0xff, 0xff,
    0xff, 0xff, 0xff, 0xff, 0xff, 0xff, 0xff, 0xff, 0xff, 0xff, 0xff, 0xfb, 0xfd, 0x95, 0x01, 0x00,
    0x00, 0x00, 0x00, 0x00, 0x00, 0x00, 0x00, 0x00, 0x0f, 0x9b, 0xff, 0xed, 0x04, 0x00, 0x00, 0x00,
    0x00, 0x00, 0x00, 0x00, 0x00, 0x00, 0x00, 0x00, 0x00, 0x00, 0x00, 0x00, 0x00, 0x00, 0x00, 0x00,
    0x00, 0x00, 0x00, 0x03, 0x01, 0x09, 0xff, 0xf9, 0xff, 0xff, 0xff, 0xff, 0xff, 0xff, 0xff, 0xff,
    0xff, 0xff, 0xff, 0xff, 0xff, 0xff, 0xff, 0xff, 0xff, 0xff, 0xff, 0xff, 0xfb, 0xff, 0xaa, 0x01,
    0x00, 0x00, 0x00, 0x00, 0x00, 0x00, 0x0e, 0x88, 0xff, 0xff, 0xfd, 0xef, 0x03, 0x00, 0x00, 0x00,
    0x00, 0x00, 0x00, 0x00, 0x00, 0x00, 0x00, 0x00, 0x00, 0x00, 0x00, 0x00, 0x00, 0x00, 0x00, 0x00,
    0x00, 0x00, 0x00, 0x00, 0x00, 0x2d, 0xfd, 0xfd, 0xff, 0xff, 0xff, 0xff, 0xff, 0xff, 0xff, 0xff,
    0xff, 0xff, 0xff, 0xff, 0xff, 0xff, 0xff, 0xff, 0xff, 0xff, 0xff, 0xff, 0xff, 0xf9, 0xff, 0x09,
    0x00, 0x00, 0x00, 0x00, 0x04, 0x37, 0xfb, 0xff, 0xfd, 0xf7, 0xff, 0xc0, 0x00, 0x00, 0x00, 0x00,
    0x00, 0x00, 0x00, 0x00, 0x00, 0x00, 0x00, 0x00, 0x00, 0x00, 0x00, 0x00, 0x00, 0x00, 0x00, 0x00,
    0x00, 0x00, 0x00, 0x00, 0x00, 0x49, 0xff, 0xdc, 0xff, 0xff, 0xff, 0xff, 0xff, 0xff, 0xff, 0xff,
    0xff, 0xff, 0xff, 0xff, 0xff, 0xff, 0xff, 0xff, 0xff, 0xff, 0xff, 0xff, 0xf9, 0xff, 0xcf, 0x00,
    0x00, 0x00, 0x00, 0x04, 0xd1, 0xff, 0xfd, 0xf9, 0xff, 0xf7, 0xff, 0x50, 0x00, 0x00, 0x00, 0x00,
    0x00, 0x00, 0x00, 0x00, 0x00, 0x00, 0x00, 0x00, 0x00, 0x00, 0x00, 0x00, 0x00, 0x00, 0x00, 0x00,
    0x00, 0x00, 0x00, 0x00, 0x00, 0x24, 0x1d, 0x54, 0xff, 0xf3, 0xff, 0xff, 0xff, 0xff, 0xff, 0xff,
    0xff, 0xff, 0xff, 0xff, 0xff, 0xfb, 0xf9, 0xff, 0xff, 0xff, 0xff, 0xfb, 0xff, 0xff, 0x20, 0x00,
    0x00, 0x00, 0x00, 0x74, 0xff, 0xf3, 0xff, 0xff, 0xff, 0xfb, 0xf1, 0x0b, 0x00, 0x00, 0x00, 0x00,
    0x00, 0x00, 0x00, 0x00, 0x00, 0x00, 0x00, 0x00, 0x00, 0x00, 0x00, 0x00, 0x00, 0x00, 0x00, 0x00,
    0x00, 0x00, 0x00, 0x00, 0x00, 0x00, 0x00, 0x3a, 0xfd, 0xff, 0xff, 0xff, 0xff, 0xff, 0xff, 0xff,
    0xff, 0xff, 0xff, 0xff, 0xfb, 0xff, 0xff, 0xf9, 0xf9, 0xf9, 0xfd, 0xff, 0xd9, 0x1f, 0x00, 0x00,
    0x00, 0x00, 0x01, 0xe0, 0xfd, 0xfd, 0xff, 0xff, 0xfd, 0xf7, 0xff, 0x0a, 0x00, 0x00, 0x00, 0x00,
    0x00, 0x00, 0x00, 0x00, 0x00, 0x00, 0x00, 0x00, 0x00, 0x00, 0x00, 0x00, 0x00, 0x00, 0x47, 0x83,
    0x59, 0x1e, 0x00, 0x00, 0x00, 0x00, 0x00, 0x14, 0xff, 0xa6, 0xfd, 0xfd, 0xff, 0xff, 0xff, 0xff,
    0xff, 0xff, 0xfd, 0xff, 0xdc, 0x14, 0x8f, 0xff, 0xff, 0xff, 0xff, 0x22, 0x02, 0x00, 0x00, 0x00,
    0x00, 0x00, 0x02, 0xeb, 0xff, 0xfd, 0xfd, 0xf9, 0xf9, 0xff, 0x68, 0x00, 0x00, 0x00, 0x00, 0x00,
    0x00, 0x00, 0x00, 0x00, 0x00, 0x00, 0x00, 0x00, 0x00, 0x00, 0x00, 0x00, 0x00, 0x00, 0x05, 0xd3,
    0xff, 0xff, 0xa8, 0x07, 0x08, 0x33, 0x00, 0x02, 0x30, 0x11, 0xff, 0xf9, 0xff, 0xff, 0xff, 0xff,
    0xff, 0xff, 0xff, 0xf9, 0xff, 0x25, 0x00, 0x29, 0x88, 0x83, 0x14, 0x00, 0x00, 0x00, 0x00, 0x00,
    0x00, 0x00, 0x00, 0x98, 0xff, 0xf9, 0xff, 0xff, 0xff, 0x5d, 0x00, 0x00, 0x00, 0x00, 0x00, 0x00,
    0x00, 0x00, 0x00, 0x00, 0x00, 0x00, 0x00, 0x00, 0x00, 0x04, 0x41, 0x8f, 0xb4, 0xa5, 0x50, 0x3f,
    0xdc, 0xf3, 0xff, 0xde, 0x34, 0xff, 0x55, 0x00, 0x00, 0x00, 0xad, 0xff, 0xf9, 0xff, 0xff, 0xff,
    0xff, 0xff, 0xff, 0xfd, 0xfb, 0xef, 0x07, 0x00, 0x00, 0x00, 0x00, 0x00, 0x00, 0x00, 0x00, 0x00,
    0x00, 0x00, 0x00, 0x12, 0xf9, 0xfb, 0xf9, 0x63, 0x0c, 0x00, 0x00, 0x00, 0x00, 0x00, 0x00, 0x00,
    0x00, 0x00, 0x00, 0x00, 0x00, 0x00, 0x00, 0x00, 0x4a, 0xff, 0xff, 0xff, 0xff, 0xff, 0xff, 0xff,
    0xf7, 0xff, 0xf9, 0xff, 0xff, 0xed, 0xff, 0x2d, 0x00, 0x00, 0x07, 0xef, 0xfd, 0xfd, 0xff, 0xff,
    0xff, 0xff, 0xff, 0xff, 0xf9, 0xff, 0xa5, 0x00, 0x00, 0x00, 0x00, 0x00, 0x00, 0x00, 0x00, 0x00,
    0x00, 0x00, 0x00, 0x00, 0x9b, 0xf5, 0x12, 0x00, 0x00, 0x00, 0x00, 0x00, 0x00, 0x00, 0x00, 0x00,
    0x00, 0x00, 0x00, 0x00, 0x00, 0x00, 0x00, 0x00, 0x2f, 0x8f, 0xf1, 0xf7, 0xfb, 0xfb, 0xf7, 0xfd,
    0xff, 0xff, 0xff, 0xfd, 0xff, 0xff, 0xf9, 0xf1, 0x03, 0x70, 0x26, 0x12, 0xf9, 0xfb, 0xff, 0xff,
    0xff, 0xff, 0xff, 0xff, 0xff, 0xf7, 0xff, 0x4f, 0x00, 0x00, 0x00, 0x00, 0x00, 0x00, 0x00, 0x00,
    0x00, 0x00, 0x00, 0x00, 0x64, 0x98, 0x00, 0x00, 0x00, 0x00, 0x00, 0x00, 0x00, 0x00, 0x00, 0x00,
    0x00, 0x00, 0x00, 0x00, 0x00, 0x00, 0x00, 0x00, 0x2a, 0xb4, 0xfb, 0xfd, 0xff, 0xff, 0xff, 0xff,
    0xff, 0xff, 0xff, 0xff, 0xff, 0xff, 0xfb, 0xff, 0x98, 0xe2, 0xe6, 0x08, 0xeb, 0xff, 0xfd, 0xff,
    0xff, 0xff, 0xff, 0xff, 0xff, 0xff, 0xf7, 0xff, 0x16, 0x00, 0x00, 0x00, 0x00, 0x00, 0x73, 0xc5,
    0x0b, 0x04, 0x02, 0x00, 0x41, 0xa3, 0x00, 0x00, 0x00, 0x00, 0x00, 0x00, 0x00, 0x00, 0x00, 0x00,
    0x00, 0x00, 0x00, 0x00, 0x00, 0x00, 0x07, 0xad, 0xff, 0xff, 0xff, 0xff, 0xff, 0xff, 0xff, 0xff,
    0xff, 0xff, 0xff, 0xff, 0xff, 0xff, 0xff, 0xfd, 0xff, 0xff, 0xfb, 0xce, 0xff, 0xff, 0xff, 0xff,
    0xff, 0xff, 0xff, 0xff, 0xff, 0xff, 0xfb, 0xfd, 0xc0, 0x00, 0x00, 0x00, 0x00, 0x24, 0xff, 0xff,
    0xcf, 0xe9, 0x59, 0x00, 0x18, 0xf3, 0x01, 0x00, 0x00, 0x00, 0x00, 0x00, 0x00, 0x00, 0x00, 0x00,
    0x00, 0x00, 0x00, 0x00, 0x00, 0x07, 0xe4, 0xff, 0xf5, 0xfd, 0xff, 0xff, 0xff, 0xff, 0xff, 0xff,
    0xff, 0xff, 0xff, 0xff, 0xff, 0xff, 0xff, 0xff, 0xfb, 0xff, 0xff, 0xff, 0xff, 0xff, 0xff, 0xff,
    0xff, 0xff, 0xff, 0xff, 0xff, 0xff, 0xff, 0xf9, 0xff, 0x15, 0x00, 0x00, 0x00, 0x4c, 0xfb, 0xf3,
    0xff, 0xff, 0x47, 0x00, 0x01, 0xf7, 0x36, 0x00, 0x00, 0x00, 0x00, 0x00, 0x00, 0x00, 0x00, 0x00,
    0x00, 0x00, 0x00, 0x00, 0x00, 0x9a, 0xc5, 0xef, 0xff, 0xff, 0xff, 0xff, 0xff, 0xff, 0xff, 0xff,
    0xff, 0xff, 0xff, 0xff, 0xff, 0xff, 0xff, 0xff, 0xff, 0xff, 0xff, 0xfb, 0xff, 0xff, 0xff, 0xff,
    0xff, 0xff, 0xff, 0xff, 0xff, 0xff, 0xff, 0xf7, 0xfd, 0x40, 0x00, 0x00, 0x00, 0x77, 0xff, 0xf9,
    0xf3, 0xf7, 0x94, 0x00, 0x00, 0x5e, 0xe6, 0x01, 0x00, 0x00, 0x00, 0x00, 0x00, 0x00, 0x00, 0x00,
    0x00, 0x00, 0x00, 0x00, 0x01, 0x0a, 0x80, 0xfb, 0xfb, 0xff, 0xff, 0xff, 0xff, 0xff, 0xff, 0xff,
    0xff, 0xff, 0xff, 0xff, 0xff, 0xff, 0xff, 0xff, 0xff, 0xff, 0xff, 0xff, 0xff, 0xff, 0xff, 0xff,
    0xff, 0xff, 0xff, 0xff, 0xff, 0xff, 0xff, 0xf9, 0xff, 0x74, 0x00, 0x00, 0x07, 0xf7, 0xfd, 0xfb,
    0xff, 0xff, 0xff, 0x0b, 0x00, 0x04, 0xff, 0x47, 0x09, 0x28, 0x00, 0x00, 0x00, 0x00, 0x00, 0x00,
    0x00, 0x00, 0x00, 0x00, 0x00, 0x47, 0xff, 0xf9, 0xff, 0xff, 0xff, 0xff, 0xff, 0xff, 0xff, 0xff,
    0xff, 0xff, 0xff, 0xff, 0xff, 0xff, 0xff, 0xff, 0xff, 0xff, 0xff, 0xff, 0xff, 0xff, 0xff, 0xff,
    0xff, 0xff, 0xff, 0xff, 0xff, 0xff, 0xff, 0xff, 0xfb, 0xf9, 0x3d, 0x05, 0xa0, 0xff, 0xf7, 0xff,
    0xb9, 0x80, 0xff, 0x04, 0x00, 0x00, 0x59, 0xf7, 0x9b, 0xc3, 0x00, 0x00, 0x00, 0x00, 0x00, 0x00,
    0x00, 0x00, 0x00, 0x00, 0x0d, 0xff, 0xf9, 0xfd, 0xff, 0xff, 0xff, 0xff, 0xff, 0xff, 0xff, 0xff,
    0xf9, 0xf9, 0xfd, 0xff, 0xff, 0xff, 0xff, 0xff, 0xff, 0xff, 0xff, 0xff, 0xff, 0xff, 0xff, 0xff,
    0xff, 0xff, 0xff, 0xff, 0xff, 0xff, 0xff, 0xff, 0xff, 0xff, 0xff, 0xf7, 0xff, 0xfb, 0xfb, 0xc8,
    0x01, 0x0d, 0x20, 0x00, 0x00, 0x00, 0x06, 0xf7, 0xff, 0xf9, 0x07, 0x00, 0x00, 0x00, 0x00, 0x00,
    0x00, 0x00, 0x00, 0x00, 0x80, 0xfd, 0xf9, 0xff, 0xff, 0xff, 0xff, 0xff, 0xff, 0xff, 0xff, 0xfd,
    0xff, 0xff, 0xff, 0xfd, 0xff, 0xff, 0xff, 0xff, 0xff, 0xff, 0xff, 0xff, 0xff, 0xff, 0xff, 0xff,
    0xff, 0xff, 0xff, 0xff, 0xff, 0xff, 0xff, 0xff, 0xff, 0xff, 0xfb, 0xff, 0xfb, 0xf7, 0xff, 0x24,
    0x00, 0x00, 0x00, 0x00, 0x00, 0x00, 0x00, 0x8f, 0xfb, 0xff, 0x26, 0x00, 0x00, 0x00, 0x00, 0x00,
    0x00, 0x00, 0x00, 0x04, 0xf5, 0xfd, 0xfd, 0xff, 0xff, 0xff, 0xff, 0xff, 0xff, 0xff, 0xfd, 0xff,
    0x77, 0x77, 0xff, 0xff, 0xfd, 0xff, 0xff, 0xff, 0xff, 0xff, 0xff, 0xff, 0xff, 0xff, 0xff, 0xff,
    0xff, 0xff, 0xff, 0xff, 0xff, 0xff, 0xff, 0xf9, 0xfd, 0xff, 0xff, 0xfd, 0xfb, 0xff, 0xbc, 0x00,
    0x00, 0x00, 0x00, 0x00, 0x00, 0x00, 0x00, 0x35, 0xff, 0xff, 0x41, 0x00, 0x00, 0x00, 0x00, 0x00,
    0x00, 0x00, 0x00, 0x26, 0xfd, 0xf7, 0xff, 0xff, 0xff, 0xff, 0xff, 0xff, 0xff, 0xf9, 0xff, 0x5e,
    0x00, 0x00, 0x15, 0xf3, 0xff, 0xfd, 0xff, 0xff, 0xff, 0xff, 0xff, 0xff, 0xff, 0xff, 0xff, 0xff,
    0xff, 0xff, 0xff, 0xff, 0xff, 0xff, 0xfb, 0xff, 0xff, 0xff, 0xff, 0xfd, 0xf5, 0xff, 0x12, 0x00,
    0x00, 0x00, 0x00, 0x00, 0x00, 0x00, 0x00, 0x0e, 0xfd, 0xff, 0x38, 0x00, 0x00, 0x00, 0x00, 0x00,
    0x00, 0x00, 0x00, 0x50, 0xff, 0xfd, 0xff, 0xff, 0xff, 0xff, 0xff, 0xff, 0xff, 0xfd, 0xf5, 0x06,
    0x00, 0x00, 0x00, 0x13, 0xf5, 0xfb, 0xff, 0xff, 0xff, 0xff, 0xff, 0xff, 0xff, 0xff, 0xff, 0xff,
    0xff, 0xff, 0xff, 0xff, 0xff, 0xfd, 0xff, 0x74, 0xe8, 0xfb, 0xfb, 0xf7, 0xff, 0x46, 0x00, 0x00,
    0x00, 0x00, 0x00, 0x00, 0x00, 0x00, 0x00, 0x01, 0xe4, 0xff, 0x21, 0x00, 0x00, 0x00, 0x00, 0x00,
    0x00, 0x00, 0x00, 0x85, 0xd5, 0xcc, 0xff, 0xfd, 0xff, 0xff, 0xff, 0xff, 0xfb, 0xff, 0xc3, 0x00,
    0x00, 0x00, 0x00, 0x34, 0xf5, 0xfb, 0xff, 0xff, 0xff, 0xff, 0xff, 0xff, 0xff, 0xff, 0xff, 0xff,
    0xff, 0xff, 0xff, 0xff, 0xfb, 0xff, 0x95, 0x00, 0x28, 0xff, 0xfd, 0xff, 0x5d, 0x00, 0x00, 0x00,
    0x00, 0x00, 0x00, 0x00, 0x00, 0x00, 0x10, 0x06, 0xb9, 0xff, 0x68, 0x20, 0x00, 0x00, 0x00, 0x00,
    0x00, 0x00, 0x00, 0x4a, 0x1c, 0xcc, 0xff, 0xfd, 0xff, 0xff, 0xff, 0xff, 0xfb, 0xff, 0xaf, 0x00,
    0x00, 0x00, 0x58, 0xff, 0xfd, 0xff, 0xff, 0xff, 0xff, 0xff, 0xff, 0xff, 0xff, 0xff, 0xff, 0xff,
    0xff, 0xff, 0xff, 0xfd, 0xfd, 0xcf, 0x01, 0x00, 0x00, 0x39, 0xe9, 0xcf, 0x10, 0x00, 0x00, 0x00,
    0x00, 0x00, 0x00, 0x00, 0x00, 0x00, 0x23, 0xb0, 0xcc, 0xfd, 0xff, 0x5c, 0x00, 0x00, 0x00, 0x00,
    0x00, 0x00, 0x00, 0x00, 0x05, 0xff, 0xff, 0xff, 0xff, 0xff, 0xff, 0xff, 0xfb, 0xff, 0xcf, 0x01,
    0x00, 0x25, 0xff, 0xf5, 0xff, 0xff, 0xff, 0xff, 0xff, 0xff, 0xff, 0xff, 0xff, 0xff, 0xff, 0xff,
    0xff, 0xff, 0xff, 0xff, 0xf7, 0xf3, 0x19, 0x00, 0x00, 0x00, 0x03, 0x00, 0x00, 0x00, 0x00, 0x00,
    0x00, 0x00, 0x00, 0x00, 0x00, 0x00, 0x09, 0xff, 0xff, 0xf7, 0xfd, 0x2f, 0x00, 0x00, 0x00, 0x00,
    0x00, 0x00, 0x00, 0x00, 0x0f, 0xff, 0xfb, 0xff, 0xff, 0xff, 0xff, 0xff, 0xff, 0xfd, 0xfd, 0x0a,
    0x00, 0xb5, 0xfb, 0xf9, 0xff, 0xff, 0xff, 0xff, 0xff, 0xff, 0xff, 0xff, 0xff, 0xff, 0xff, 0xff,
    0xff, 0xff, 0xfb, 0xff, 0xff, 0xff, 0x79, 0x00, 0x00, 0x00, 0x00, 0x00, 0x00, 0x00, 0x00, 0x00,
    0x00, 0x00, 0x00, 0x00, 0x00, 0x00, 0x1c, 0xfb, 0xf7, 0xfd, 0xfd, 0x09, 0x00, 0x00, 0x00, 0x00,
    0x00, 0x00, 0x00, 0x00, 0x0d, 0xff, 0xfb, 0xff, 0xff, 0xff, 0xff, 0xff, 0xff, 0xf7, 0xff, 0x4f,
    0x05, 0xff, 0xfb, 0xff, 0xff, 0xff, 0xff, 0xff, 0xff, 0xff, 0xff, 0xff, 0xff, 0xff, 0xff, 0xff,
    0xff, 0xff, 0xff, 0xfb, 0xcc, 0xff, 0x59, 0x00, 0x00, 0x00, 0x00, 0x00, 0x00, 0x00, 0x00, 0x00,
    0x00, 0x00, 0x00, 0x00, 0x00, 0x00, 0x66, 0xff, 0xf1, 0xff, 0x9d, 0x00, 0x00, 0x00, 0x00, 0x00,
    0x00, 0x00, 0x00, 0x00, 0x05, 0xf9, 0xff, 0xff, 0xff, 0xff, 0xff, 0xff, 0xff, 0xff, 0xff, 0xeb,
    0x94, 0xff, 0xfb, 0xff, 0xff, 0xff, 0xff, 0xff, 0xff, 0xfb, 0xfd, 0xff, 0xff, 0xff, 0xff, 0xff,
    0xfd, 0xfd, 0x5e, 0xff, 0x37, 0x51, 0x02, 0x00, 0x00, 0x00, 0x00, 0x00, 0x00, 0x00, 0x00, 0x00,
    0x00, 0x00, 0x00, 0x00, 0x00, 0x06, 0xf1, 0xfd, 0xf9, 0xff, 0x16, 0x00, 0x00, 0x00, 0x00, 0x00,
    0x00, 0x00, 0x00, 0x00, 0x00, 0xca, 0xe9, 0xf5, 0xff, 0xff, 0xff, 0xff, 0xff, 0xff, 0xff, 0xff,
    0xff, 0xff, 0xff, 0xff, 0xff, 0xff, 0xff, 0xff, 0xfd, 0xff, 0xff, 0xfd, 0xff, 0xff, 0xff, 0xf7,
    0xf9, 0xb9, 0x01, 0x42, 0x00, 0x00, 0x00, 0x00, 0x00, 0x00, 0x00, 0x00, 0x00, 0x00, 0x00, 0x00,
    0x00, 0x00, 0x00, 0x00, 0x00, 0x77, 0xff, 0xf5, 0xff, 0xa6, 0x02, 0x00, 0x00, 0x00, 0x00, 0x00,
    0x00, 0x00, 0x00, 0x00, 0x00, 0x69, 0x70, 0x9b, 0xfd, 0xfb, 0xff, 0xff, 0xff, 0xff, 0xff, 0xfd,
    0xfb, 0xff, 0xff, 0xff, 0xff, 0xff, 0xff, 0xfd, 0xff, 0xbe, 0xd3, 0xff, 0xfd, 0xff, 0xff, 0xff,
    0xff, 0x33, 0x00, 0x00, 0x00, 0x00, 0x00, 0x00, 0x00, 0x00, 0x00, 0x00, 0x00, 0x00, 0x00, 0x00,
    0x00, 0x00, 0x18, 0x10, 0x0f, 0xff, 0xf9, 0xfb, 0xfb, 0xda, 0x06, 0x00, 0x00, 0x00, 0x00, 0x00,
    0x00, 0x00, 0x00, 0x00, 0x00, 0x06, 0x08, 0x33, 0xff, 0xf7, 0xff, 0xff, 0xff, 0xff, 0xff, 0xff,
    0xff, 0xff, 0xff, 0xff, 0xff, 0xff, 0xfd, 0xf9, 0xbc, 0x07, 0x01, 0xaf, 0xfd, 0xf9, 0xfb, 0xb9,
    0x26, 0x00, 0x00, 0x00, 0x00, 0x00, 0x00, 0x00, 0x00, 0x00, 0x00, 0x00, 0x00, 0x00, 0x00, 0x00,
    0x00, 0x01, 0xd3, 0x71, 0xbe, 0xff, 0xfb, 0xf5, 0xff, 0x2c, 0x00, 0x00, 0x00, 0x00, 0x00, 0x00,
    0x00, 0x00, 0x00, 0x00, 0x00, 0x00, 0x00, 0x02, 0xda, 0xfb, 0xfb, 0xff, 0xff, 0xff, 0xff, 0xff,
    0xff, 0xff, 0xff, 0xff, 0xff, 0xfd, 0xfb, 0xd9, 0x1d, 0x00, 0x18, 0xe0, 0xfb, 0xfd, 0xf7, 0x4e,
    0x35, 0x61, 0x69, 0x5b, 0x34, 0x0e, 0x00, 0x00, 0x00, 0x00, 0x00, 0x00, 0x00, 0x00, 0x00, 0x00,
    0x01, 0x8b, 0xff, 0xff, 0xff, 0xff, 0xfd, 0xff, 0x50, 0x00, 0x00, 0x00, 0x00, 0x00, 0x00, 0x00,
    0x00, 0x00, 0x00, 0x00, 0x00, 0x00, 0x00, 0x00, 0x22, 0xff, 0xf5, 0xfd, 0xff, 0xf9, 0xff, 0xff,
    0xff, 0xff, 0xff, 0xff, 0xff, 0xff, 0xff, 0xff, 0xff, 0xb0, 0xf3, 0xff, 0xfd, 0xff, 0xff, 0xff,
    0xff, 0xff, 0xff, 0xff, 0xff, 0xff, 0xc3, 0x5c, 0x19, 0x04, 0x01, 0x04, 0x11, 0x02, 0x01, 0x26,
    0xbe, 0xff, 0xfb, 0xfd, 0xfb, 0xf7, 0xef, 0x51, 0x00, 0x00, 0x00, 0x00, 0x00, 0x00, 0x00, 0x00,
    0x00, 0x00, 0x00, 0x00, 0x00, 0x00, 0x00, 0x00, 0x00, 0x44, 0xff, 0xff, 0xfb, 0xff, 0xfd, 0xf7,
    0xfb, 0xff, 0xff, 0xff, 0xff, 0xff, 0xff, 0xff, 0xff, 0xff, 0xfb, 0xf7, 0xfb, 0xf9, 0xfb, 0xf9,
    0xf7, 0xf7, 0xf7, 0xf7, 0xf7, 0xfd, 0xff, 0xff, 0xff, 0xef, 0xde, 0xf1, 0xff, 0x9a, 0xcc, 0xff,
    0xff, 0xf9, 0xfb, 0xf7, 0xf7, 0xff, 0xaa, 0x00, 0x00, 0x00, 0x00, 0x00, 0x00, 0x00, 0x00, 0x00,
    0x00, 0x00, 0x00, 0x00, 0x00, 0x00, 0x00, 0x00, 0x00, 0x00, 0x25, 0xe9, 0xc3, 0x7b, 0xff, 0xff,
    0xff, 0xff, 0xff, 0xff, 0xff, 0xff, 0xff, 0xff, 0xff, 0xff, 0xff, 0xff, 0xff, 0xff, 0xff, 0xf7,
    0xfb, 0xfd, 0xfd, 0xff, 0xfb, 0xfd, 0xf9, 0xff, 0xf9, 0xfb, 0xff, 0xff, 0xfd, 0xff, 0xff, 0xf9,
    0xfb, 0xff, 0xff, 0xff, 0xff, 0xa2, 0x13, 0x00, 0x00, 0x00, 0x00, 0x00, 0x00, 0x00, 0x00, 0x00,
    0x00, 0x00, 0x00, 0x00, 0x00, 0x00, 0x00, 0x00, 0x00, 0x00, 0x00, 0x05, 0x3f, 0x00, 0x10, 0x54,
    0x9d, 0xfd, 0xfd, 0xff, 0xff, 0xff, 0xff, 0xfb, 0xff, 0xa8, 0x3b, 0x26, 0x14, 0x1f, 0xb5, 0xff,
    0xff, 0xff, 0xff, 0xfb, 0xff, 0xfb, 0xff, 0xd3, 0xff, 0xff, 0xff, 0xfd, 0xf7, 0xf1, 0xf3, 0xf7,
    0xfb, 0xff, 0xb9, 0x55, 0x12, 0x00, 0x00, 0x00, 0x00, 0x00, 0x00, 0x00, 0x00, 0x00, 0x00, 0x00,
    0x00, 0x00, 0x00, 0x00, 0x00, 0x00, 0x00, 0x00, 0x00, 0x00, 0x00, 0x00, 0x00, 0x00, 0x00, 0x00,
    0x00, 0x8c, 0xff, 0xf3, 0xfd, 0xfd, 0xf9, 0xfb, 0xff, 0xba, 0x01, 0x00, 0x00, 0x00, 0x01, 0x44,
    0xa5, 0xcf, 0xf1, 0xff, 0xba, 0xff, 0xb4, 0x1d, 0x0b, 0x56, 0xbc, 0xff, 0xff, 0xff, 0xff, 0xff,
    0xe0, 0x17, 0x00, 0x00, 0x00, 0x00, 0x00, 0x00, 0x00, 0x00, 0x00, 0x00, 0x00, 0x00, 0x00, 0x00,
    0x00, 0x00, 0x00, 0x00, 0x00, 0x00, 0x00, 0x00, 0x00, 0x00, 0x00, 0x00, 0x00, 0x00, 0x00, 0x00,
    0x00, 0x0e, 0xff, 0xff, 0xff, 0xff, 0xff, 0xfb, 0xeb, 0xff, 0x69, 0x00, 0x00, 0x00, 0x00, 0x00,
    0x00, 0x01, 0x04, 0x56, 0x08, 0x14, 0x11, 0x00, 0x00, 0x00, 0x00, 0x0b, 0x2e, 0x4b, 0x52, 0x42,
    0x1d, 0x00, 0x00, 0x00, 0x00, 0x00, 0x00, 0x00, 0x00, 0x00, 0x00, 0x00, 0x00, 0x00, 0x00, 0x00,
    0x00, 0x00, 0x00, 0x00, 0x00, 0x00, 0x00, 0x00, 0x00, 0x00, 0x00, 0x00, 0x00, 0x00, 0x00, 0x00,
    0x00, 0x00, 0x18, 0xa5, 0xf1, 0x58, 0x69, 0xff, 0x4f, 0x22, 0x41, 0x00, 0x00, 0x00, 0x00, 0x00,
    0x00, 0x00, 0x00, 0x00, 0x00, 0x00, 0x00, 0x00, 0x00, 0x00, 0x00, 0x00, 0x00, 0x00, 0x00, 0x00,
    0x00, 0x00, 0x00, 0x00, 0x00, 0x00, 0x00, 0x00, 0x00, 0x00, 0x00, 0x00, 0x00, 0x00, 0x00, 0x00,
    0x00, 0x00, 0x00, 0x00, 0x00, 0x00, 0x00, 0x00, 0x00, 0x00, 0x00, 0x00, 0x00, 0x00, 0x00, 0x00,
    0x00, 0x00, 0x00, 0x00, 0x05, 0x05, 0x00, 0x1c, 0x13, 0x00, 0x00, 0x00, 0x00, 0x00, 0x00, 0x00,
    0x00, 0x00, 0x00, 0x00, 0x00, 0x00, 0x00, 0x00, 0x00, 0x00, 0x00, 0x00, 0x00, 0x00, 0x00, 0x00,
    0x00, 0x00, 0x00, 0x00, 0x00, 0x00, 0x00, 0x00, 0x00, 0x00, 0x00, 0x00, 0x00, 0x00, 0x00, 0x00,
    0x00, 0x00, 0x00, 0x00, 0x00, 0x00, 0x00, 0x00, 0x00, 0x00, 0x00, 0x00, 0x00, 0x00, 0x00, 0x00,
    0x00, 0x00, 0x00, 0x00, 0x00, 0x00, 0x00, 0x00, 0x00, 0x00, 0x00, 0x00, 0x00, 0x00, 0x00, 0x00,
    0x00, 0x00, 0x00, 0x00, 0x00, 0x00, 0x00, 0x00, 0x00, 0x00, 0x00, 0x00, 0x00, 0x00, 0x00, 0x00,
    0x00, 0x00, 0x00, 0x00, 0x00, 0x00, 0x00, 0x00, 0x00, 0x00, 0x00, 0x00, 0x00, 0x00, 0x00, 0x00,
};

const lv_image_dsc_t angry_frame_7_dsc = {
    .header.w = 64,
    .header.h = 64,
    .header.cf = LV_COLOR_FORMAT_RGB565A8,
    .data_size = 12288,
    .data = angry_frame_7_data,
};

/* Frame 8: frame_008.png */
static const uint8_t angry_frame_8_data[] = {
    0x00, 0x00, 0x00, 0x00, 0x00, 0x00, 0x00, 0x00, 0x00, 0x00, 0x00, 0x00, 0x00, 0x00, 0x00, 0x00,
    0x00, 0x00, 0x00, 0x00, 0x00, 0x00, 0x00, 0x00, 0x00, 0x00, 0x00, 0x00, 0x00, 0x00, 0x00, 0x00,
    0x00, 0x00, 0x00, 0x00, 0x00, 0x00, 0x00, 0x00, 0x00, 0x00, 0x00, 0x00, 0x00, 0x00, 0x00, 0x00,
    0x00, 0x00, 0x00, 0x00, 0x00, 0x00, 0x00, 0x00, 0x00, 0x00, 0x00, 0x00, 0x00, 0x00, 0x00, 0x00,
    0x00, 0x00, 0x00, 0x00, 0x00, 0x00, 0x00, 0x00, 0x00, 0x00, 0x00, 0x00, 0x00, 0x00, 0x00, 0x00,
    0x00, 0x00, 0x00, 0x00, 0x00, 0x00, 0x00, 0x00, 0x00, 0x00, 0x00, 0x00, 0x00, 0x00, 0x00, 0x00,
    0x00, 0x00, 0x00, 0x00, 0x00, 0x00, 0x00, 0x00, 0x00, 0x00, 0x00, 0x00, 0x00, 0x00, 0x00, 0x00,
    0x00, 0x00, 0x00, 0x00, 0x00, 0x00, 0x00, 0x00, 0x00, 0x00, 0x00, 0x00, 0x00, 0x00, 0x00, 0x00,
    0x00, 0x00, 0x00, 0x00, 0x00, 0x00, 0x00, 0x00, 0x00, 0x00, 0x00, 0x00, 0x00, 0x00, 0x00, 0x00,
    0x00, 0x00, 0x00, 0x00, 0x00, 0x00, 0x00, 0x00, 0x00, 0x00, 0x00, 0x00, 0x00, 0x00, 0x00, 0x00,
    0x00, 0x00, 0x00, 0x00, 0x00, 0x00, 0x00, 0x00, 0x23, 0x00, 0x23, 0x00, 0x00, 0x00, 0x00, 0x00,
    0x00, 0x00, 0x00, 0x00, 0x00, 0x00, 0x00, 0x00, 0x00, 0x00, 0x00, 0x00, 0x00, 0x00, 0x00, 0x00,
    0x00, 0x00, 0x00, 0x00, 0x00, 0x00, 0x23, 0x00, 0x81, 0x00, 0x00, 0x00, 0x00, 0x00, 0x00, 0x00,
    0x00, 0x00, 0x00, 0x00, 0x00, 0x00, 0x00, 0x00, 0x00, 0x00, 0x00, 0x00, 0x00, 0x00, 0x00, 0x00,
    0x00, 0x00, 0x00, 0x00, 0x00, 0x00, 0x00, 0x00, 0x00, 0x00, 0x00, 0x00, 0x00, 0x00, 0x00, 0x00,
    0x00, 0x00, 0x00, 0x00, 0x00, 0x00, 0x00, 0x00, 0x00, 0x00, 0x00, 0x00, 0x00, 0x00, 0x00, 0x00,
    0x00, 0x00, 0x00, 0x00, 0x00, 0x00, 0x00, 0x00, 0x00, 0x00, 0x00, 0x00, 0x00, 0x00, 0x00, 0x00,
    0x00, 0x00, 0x00, 0x00, 0x00, 0x00, 0x00, 0x00, 0x00, 0x00, 0x00, 0x00, 0x00, 0x00, 0x00, 0x00,
    0x00, 0x00, 0x00, 0x00, 0x00, 0x00, 0x00, 0x00, 0x09, 0x00, 0x43, 0x00, 0x00, 0x00, 0x00, 0x00,
    0x00, 0x00, 0x00, 0x00, 0x00, 0x00, 0x00, 0x00, 0x00, 0x00, 0x00, 0x00, 0x00, 0x00, 0x00, 0x00,
    0x00, 0x00, 0x00, 0x00, 0x41, 0x00, 0x09, 0x00, 0x81, 0x00, 0x00, 0x00, 0x00, 0x00, 0x00, 0x00,
    0x00, 0x00, 0x00, 0x00, 0x00, 0x00, 0x00, 0x00, 0x00, 0x00, 0x00, 0x00, 0x00, 0x00, 0x00, 0x00,
    0x00, 0x00, 0x00, 0x00, 0x00, 0x00, 0x00, 0x00, 0x00, 0x00, 0x00, 0x00, 0x00, 0x00, 0x00, 0x00,
    0x00, 0x00, 0x00, 0x00, 0x00, 0x00, 0x00, 0x00, 0x00, 0x00, 0x00, 0x00, 0x00, 0x00, 0x00, 0x00,
    0x00, 0x00, 0x00, 0x00, 0x00, 0x00, 0x00, 0x00, 0x00, 0x00, 0x00, 0x00, 0x00, 0x00, 0x00, 0x00,
    0x00, 0x00, 0x00, 0x00, 0x00, 0x00, 0x00, 0x00, 0x00, 0x00, 0x00, 0x00, 0x00, 0x00, 0x00, 0x00,
    0x00, 0x00, 0x00, 0x00, 0x00, 0x00, 0x41, 0x00, 0x29, 0x00, 0x84, 0x00, 0x00, 0x00, 0x00, 0x00,
    0x00, 0x00, 0x00, 0x00, 0x00, 0x00, 0x00, 0x00, 0x00, 0x00, 0x00, 0x00, 0x00, 0x00, 0x00, 0x00,
    0x00, 0x00, 0x00, 0x00, 0xc2, 0x00, 0x6a, 0x00, 0xa1, 0x00, 0x00, 0x00, 0x00, 0x00, 0x00, 0x00,
    0x00, 0x00, 0x00, 0x00, 0x00, 0x00, 0x00, 0x00, 0x00, 0x00, 0x00, 0x00, 0x00, 0x00, 0x00, 0x00,
    0x00, 0x00, 0x00, 0x00, 0x00, 0x00, 0x00, 0x00, 0x00, 0x00, 0x00, 0x00, 0x00, 0x00, 0x00, 0x00,
    0x00, 0x00, 0x00, 0x00, 0x00, 0x00, 0x00, 0x00, 0x00, 0x00, 0x00, 0x00, 0x00, 0x00, 0x00, 0x00,
    0x00, 0x00, 0x00, 0x00, 0x00, 0x00, 0x00, 0x00, 0x00, 0x00, 0x00, 0x00, 0x00, 0x00, 0x00, 0x00,
    0x00, 0x00, 0x00, 0x00, 0x00, 0x00, 0x00, 0x00, 0x00, 0x00, 0x00, 0x00, 0x00, 0x00, 0x00, 0x00,
    0x00, 0x00, 0x00, 0x00, 0x00, 0x00, 0x40, 0x00, 0xc8, 0x00, 0xa8, 0x00, 0x00, 0x00, 0x00, 0x00,
    0x00, 0x00, 0x00, 0x00, 0xe2, 0x00, 0x00, 0x00, 0x00, 0x00, 0x00, 0x00, 0x00, 0x00, 0x00, 0x00,
    0x00, 0x00, 0x00, 0x00, 0xa1, 0x00, 0x29, 0x00, 0xc5, 0x00, 0x00, 0x00, 0x20, 0x00, 0x05, 0x00,
    0x61, 0x00, 0x00, 0x00, 0x00, 0x00, 0x00, 0x00, 0x00, 0x00, 0x00, 0x00, 0x00, 0x00, 0x00, 0x00,
    0x00, 0x00, 0x00, 0x00, 0x00, 0x00, 0x00, 0x00, 0x00, 0x00, 0x00, 0x00, 0x00, 0x00, 0x00, 0x00,
    0x00, 0x00, 0x00, 0x00, 0x00, 0x00, 0x00, 0x00, 0x00, 0x00, 0x00, 0x00, 0x00, 0x00, 0x00, 0x00,
    0x00, 0x00, 0x00, 0x00, 0x00, 0x00, 0x00, 0x00, 0x00, 0x00, 0x00, 0x00, 0x00, 0x00, 0x00, 0x00,
    0x00, 0x00, 0x00, 0x00, 0x00, 0x00, 0x00, 0x00, 0x00, 0x00, 0x00, 0x00, 0x00, 0x00, 0x00, 0x00,
    0x00, 0x00, 0x00, 0x00, 0x00, 0x00, 0x00, 0x00, 0xc5, 0x00, 0x6a, 0x00, 0x03, 0x00, 0x00, 0x00,
    0x00, 0x00, 0x23, 0x00, 0x67, 0x00, 0x00, 0x00, 0x00, 0x00, 0x00, 0x00, 0x00, 0x00, 0x40, 0x00,
    0x43, 0x00, 0x00, 0x00, 0x20, 0x00, 0x06, 0x00, 0x49, 0x00, 0xc2, 0x00, 0x61, 0x00, 0x09, 0x00,
    0x20, 0x00, 0x00, 0x00, 0x00, 0x00, 0x00, 0x00, 0x00, 0x00, 0x00, 0x00, 0x00, 0x00, 0x00, 0x00,
    0x00, 0x00, 0x00, 0x00, 0x00, 0x00, 0x00, 0x00, 0x00, 0x00, 0x00, 0x00, 0x00, 0x00, 0x00, 0x00,
    0x00, 0x00, 0x00, 0x00, 0x00, 0x00, 0x00, 0x00, 0x00, 0x00, 0x00, 0x00, 0x00, 0x00, 0x00, 0x00,
    0x00, 0x00, 0x00, 0x00, 0x00, 0x00, 0x00, 0x00, 0x00, 0x00, 0x00, 0x00, 0x00, 0x00, 0x00, 0x00,
    0x00, 0x00, 0x00, 0x00, 0x00, 0x00, 0x00, 0x00, 0x00, 0x00, 0x00, 0x00, 0x00, 0x00, 0x00, 0x00,
    0x00, 0x00, 0x00, 0x00, 0x00, 0x00, 0x00, 0x00, 0xc2, 0x00, 0x67, 0x00, 0x49, 0x00, 0xe2, 0x00,
    0x00, 0x00, 0xe5, 0x00, 0x09, 0x00, 0x00, 0x00, 0x00, 0x00, 0x00, 0x00, 0x00, 0x00, 0x81, 0x00,
    0xc7, 0x00, 0xe2, 0x00, 0x00, 0x00, 0xc2, 0x00, 0x67, 0x00, 0x09, 0x00, 0xe5, 0x00, 0x09, 0x00,
    0xe2, 0x00, 0x00, 0x00, 0x00, 0x00, 0x00, 0x00, 0x00, 0x00, 0x00, 0x00, 0x00, 0x00, 0x00, 0x00,
    0x00, 0x00, 0x00, 0x00, 0x00, 0x00, 0x00, 0x00, 0x00, 0x00, 0x00, 0x00, 0x00, 0x00, 0x00, 0x00,
    0x00, 0x00, 0x00, 0x00, 0x00, 0x00, 0x00, 0x00, 0x00, 0x00, 0x00, 0x00, 0x00, 0x00, 0x00, 0x00,
    0x00, 0x00, 0x00, 0x00, 0x00, 0x00, 0x00, 0x00, 0x00, 0x00, 0x00, 0x00, 0x00, 0x00, 0x00, 0x00,
    0x00, 0x00, 0x00, 0x00, 0x00, 0x00, 0x00, 0x00, 0x00, 0x00, 0x00, 0x00, 0x00, 0x00, 0x00, 0x00,
    0x00, 0x00, 0x00, 0x00, 0x00, 0x00, 0x00, 0x00, 0x20, 0x00, 0x43, 0x00, 0x67, 0x00, 0x49, 0x00,
    0x64, 0x00, 0xa5, 0x00, 0xcb, 0x00, 0x03, 0x00, 0x00, 0x00, 0x41, 0x00, 0xe2, 0x00, 0x61, 0x00,
    0x87, 0x00, 0xe8, 0x00, 0xa4, 0x00, 0x20, 0x00, 0xe2, 0x00, 0xe5, 0x00, 0x87, 0x00, 0xc8, 0x00,
    0x09, 0x00, 0x41, 0x00, 0x00, 0x00, 0x00, 0x00, 0x00, 0x00, 0x00, 0x00, 0x00, 0x00, 0x00, 0x00,
    0x00, 0x00, 0x00, 0x00, 0x00, 0x00, 0x00, 0x00, 0x00, 0x00, 0x00, 0x00, 0x00, 0x00, 0x00, 0x00,
    0x00, 0x00, 0x00, 0x00, 0x00, 0x00, 0x00, 0x00, 0x00, 0x00, 0x00, 0x00, 0x00, 0x00, 0x00, 0x00,
    0x00, 0x00, 0x00, 0x00, 0x00, 0x00, 0x00, 0x00, 0x00, 0x00, 0x00, 0x00, 0x00, 0x00, 0x00, 0x00,
    0x00, 0x00, 0x00, 0x00, 0x00, 0x00, 0x00, 0x00, 0x00, 0x00, 0x00, 0x00, 0x00, 0x00, 0x00, 0x00,
    0x23, 0x00, 0xe5, 0x00, 0x84, 0x00, 0x26, 0x00, 0xa7, 0x00, 0xe5, 0x00, 0xa5, 0x00, 0x06, 0x00,
    0xa7, 0x00, 0x06, 0x00, 0xa8, 0x00, 0x8a, 0x00, 0x44, 0x00, 0x00, 0x00, 0x46, 0x00, 0xa1, 0x00,
    0xe5, 0x00, 0xc7, 0x00, 0x08, 0x00, 0xc7, 0x00, 0x84, 0x00, 0x69, 0x00, 0x08, 0x00, 0xa4, 0x00,
    0xc8, 0x00, 0xe8, 0x00, 0x61, 0x00, 0x00, 0x00, 0x64, 0x00, 0x00, 0x00, 0x00, 0x00, 0x00, 0x00,
    0x00, 0x00, 0x00, 0x00, 0x00, 0x00, 0x00, 0x00, 0x00, 0x00, 0x00, 0x00, 0x00, 0x00, 0x00, 0x00,
    0x00, 0x00, 0x00, 0x00, 0x00, 0x00, 0x00, 0x00, 0x00, 0x00, 0x00, 0x00, 0x00, 0x00, 0x00, 0x00,
    0x00, 0x00, 0x00, 0x00, 0x00, 0x00, 0x00, 0x00, 0x00, 0x00, 0x00, 0x00, 0x00, 0x00, 0x00, 0x00,
    0x00, 0x00, 0x00, 0x00, 0x00, 0x00, 0x00, 0x00, 0x00, 0x00, 0x00, 0x00, 0x00, 0x00, 0x00, 0x00,
    0x61, 0x00, 0x46, 0x00, 0xc8, 0x00, 0xa8, 0x00, 0x47, 0x00, 0xe5, 0x00, 0x84, 0x00, 0x43, 0x00,
    0x64, 0x00, 0x84, 0x00, 0xe5, 0x00, 0xc8, 0x00, 0x8a, 0x00, 0x87, 0x00, 0x46, 0x00, 0x08, 0x00,
    0x84, 0x00, 0x87, 0x00, 0xe7, 0x00, 0x48, 0x00, 0xe7, 0x00, 0x08, 0x00, 0x6e, 0x00, 0xea, 0x00,
    0xa5, 0x00, 0xc8, 0x00, 0x26, 0x00, 0x00, 0x00, 0x67, 0x00, 0x81, 0x00, 0x00, 0x00, 0x00, 0x00,
    0x00, 0x00, 0x00, 0x00, 0x00, 0x00, 0x00, 0x00, 0x00, 0x00, 0x00, 0x00, 0x00, 0x00, 0x00, 0x00,
    0x00, 0x00, 0x00, 0x00, 0x00, 0x00, 0x00, 0x00, 0x00, 0x00, 0x00, 0x00, 0x00, 0x00, 0x00, 0x00,
    0x00, 0x00, 0x00, 0x00, 0x00, 0x00, 0x00, 0x00, 0x00, 0x00, 0x00, 0x00, 0x00, 0x00, 0x00, 0x00,
    0x00, 0x00, 0x00, 0x00, 0x00, 0x00, 0x00, 0x00, 0x00, 0x00, 0x00, 0x00, 0x00, 0x00, 0x00, 0x00,
    0x00, 0x00, 0x00, 0x00, 0xc2, 0x00, 0xe2, 0x00, 0xa1, 0x00, 0x20, 0x00, 0x00, 0x00, 0x00, 0x00,
    0x40, 0x00, 0xa1, 0x00, 0x23, 0x00, 0xa4, 0x00, 0x26, 0x00, 0x49, 0x00, 0xc8, 0x00, 0x67, 0x00,
    0x49, 0x00, 0x67, 0x00, 0x86, 0x00, 0xe8, 0x00, 0xc7, 0x00, 0x66, 0x00, 0x4b, 0x00, 0x8e, 0x00,
    0x2a, 0x00, 0xa5, 0x00, 0x28, 0x00, 0x03, 0x00, 0xa7, 0x00, 0xc2, 0x00, 0x00, 0x00, 0x00, 0x00,
    0x00, 0x00, 0x00, 0x00, 0x00, 0x00, 0x00, 0x00, 0x00, 0x00, 0x00, 0x00, 0x00, 0x00, 0x00, 0x00,
    0x00, 0x00, 0x00, 0x00, 0x00, 0x00, 0x00, 0x00, 0x00, 0x00, 0x00, 0x00, 0x00, 0x00, 0x00, 0x00,
    0x00, 0x00, 0x00, 0x00, 0x00, 0x00, 0x00, 0x00, 0x00, 0x00, 0x00, 0x00, 0x00, 0x00, 0x00, 0x00,
    0x00, 0x00, 0x00, 0x00, 0x00, 0x00, 0x00, 0x00, 0x00, 0x00, 0x00, 0x00, 0x00, 0x00, 0x00, 0x00,
    0x00, 0x00, 0x00, 0x00, 0x00, 0x00, 0x00, 0x00, 0x00, 0x00, 0x00, 0x00, 0x23, 0x00, 0x61, 0x00,
    0x00, 0x00, 0x00, 0x00, 0x00, 0x00, 0x81, 0x00, 0x23, 0x00, 0xc5, 0x00, 0x26, 0x00, 0xc7, 0x00,
    0x49, 0x00, 0x49, 0x00, 0x87, 0x00, 0x05, 0x00, 0x48, 0x00, 0xa7, 0x00, 0x08, 0x00, 0x8b, 0x00,
    0x2d, 0x00, 0x89, 0x00, 0x4e, 0x00, 0x28, 0x00, 0x46, 0x00, 0x61, 0x00, 0x00, 0x00, 0x00, 0x00,
    0x00, 0x00, 0x00, 0x00, 0x00, 0x00, 0x00, 0x00, 0x00, 0x00, 0x00, 0x00, 0x00, 0x00, 0x00, 0x00,
    0x00, 0x00, 0x00, 0x00, 0x00, 0x00, 0x00, 0x00, 0x00, 0x00, 0x00, 0x00, 0x00, 0x00, 0x00, 0x00,
    0x00, 0x00, 0x00, 0x00, 0x00, 0x00, 0x00, 0x00, 0x00, 0x00, 0x00, 0x00, 0x00, 0x00, 0x00, 0x00,
    0x00, 0x00, 0x00, 0x00, 0x00, 0x00, 0x00, 0x00, 0x00, 0x00, 0x00, 0x00, 0x00, 0x00, 0x00, 0x00,
    0x00, 0x00, 0x00, 0x00, 0x00, 0x00, 0x00, 0x00, 0x00, 0x00, 0x00, 0x00, 0x64, 0x00, 0xc7, 0x00,
    0x86, 0x00, 0xc4, 0x00, 0xc4, 0x00, 0xe5, 0x00, 0x23, 0x00, 0xa1, 0x00, 0x03, 0x00, 0x26, 0x00,
    0x4b, 0x00, 0x2b, 0x00, 0x89, 0x00, 0xea, 0x00, 0x2b, 0x00, 0xcc, 0x00, 0xea, 0x00, 0x28, 0x00,
    0x4b, 0x00, 0x0d, 0x00, 0x10, 0x00, 0x8c, 0x00, 0x69, 0x00, 0xa4, 0x00, 0x00, 0x00, 0x00, 0x00,
    0x00, 0x00, 0x00, 0x00, 0x00, 0x00, 0x00, 0x00, 0x00, 0x00, 0x00, 0x00, 0x00, 0x00, 0x00, 0x00,
    0x00, 0x00, 0x00, 0x00, 0x00, 0x00, 0x00, 0x00, 0x00, 0x00, 0x00, 0x00, 0x00, 0x00, 0x00, 0x00,
    0x00, 0x00, 0x00, 0x00, 0x00, 0x00, 0x00, 0x00, 0x00, 0x00, 0x00, 0x00, 0x00, 0x00, 0x00, 0x00,
    0x00, 0x00, 0x00, 0x00, 0x00, 0x00, 0x00, 0x00, 0x00, 0x00, 0x00, 0x00, 0x00, 0x00, 0x00, 0x00,
    0x00, 0x00, 0x00, 0x00, 0x00, 0x00, 0x00, 0x00, 0x00, 0x00, 0x00, 0x00, 0x20, 0x00, 0xa4, 0x00,
    0x87, 0x00, 0x2b, 0x00, 0x0d, 0x00, 0xec, 0x00, 0x2b, 0x00, 0xe7, 0x00, 0x84, 0x00, 0xe2, 0x00,
    0xc5, 0x00, 0x0a, 0x00, 0x2b, 0x00, 0xea, 0x00, 0x4e, 0x00, 0x8e, 0x00, 0xef, 0x00, 0x8e, 0x00,
    0x6e, 0x00, 0x6e, 0x00, 0x2e, 0x00, 0x4e, 0x00, 0x0d, 0x00, 0x2b, 0x00, 0x4b, 0x00, 0x41, 0x00,
    0x00, 0x00, 0x00, 0x00, 0x00, 0x00, 0x00, 0x00, 0x00, 0x00, 0x00, 0x00, 0x00, 0x00, 0x00, 0x00,
    0x00, 0x00, 0x00, 0x00, 0x00, 0x00, 0x00, 0x00, 0x00, 0x00, 0x00, 0x00, 0x00, 0x00, 0x00, 0x00,
    0x00, 0x00, 0x00, 0x00, 0x00, 0x00, 0x00, 0x00, 0x00, 0x00, 0x00, 0x00, 0x00, 0x00, 0x00, 0x00,
    0x00, 0x00, 0x00, 0x00, 0x00, 0x00, 0x00, 0x00, 0x00, 0x00, 0x00, 0x00, 0x00, 0x00, 0x00, 0x00,
    0x00, 0x00, 0x00, 0x00, 0x00, 0x00, 0x00, 0x00, 0x00, 0x00, 0x00, 0x00, 0x00, 0x00, 0x00, 0x00,
    0x02, 0x00, 0x23, 0x00, 0x28, 0x00, 0x6b, 0x00, 0xac, 0x00, 0x2d, 0x00, 0xec, 0x00, 0x89, 0x00,
    0xa7, 0x00, 0xe5, 0x00, 0x48, 0x00, 0x28, 0x00, 0xc7, 0x00, 0x6b, 0x00, 0xcf, 0x00, 0x0f, 0x00,
    0xcf, 0x00, 0x8f, 0x00, 0x6e, 0x00, 0xcf, 0x00, 0x8e, 0x00, 0xac, 0x00, 0x91, 0x00, 0xc7, 0x00,
    0x00, 0x00, 0x00, 0x00, 0x00, 0x00, 0x00, 0x00, 0x00, 0x00, 0x00, 0x00, 0x00, 0x00, 0x00, 0x00,
    0x00, 0x00, 0x00, 0x00, 0x00, 0x00, 0x00, 0x00, 0x00, 0x00, 0x00, 0x00, 0x00, 0x00, 0x00, 0x00,
    0x00, 0x00, 0x00, 0x00, 0x00, 0x00, 0x00, 0x00, 0x00, 0x00, 0x00, 0x00, 0x00, 0x00, 0x00, 0x00,
    0x00, 0x00, 0x00, 0x00, 0x00, 0x00, 0x00, 0x00, 0x00, 0x00, 0x00, 0x00, 0x00, 0x00, 0x00, 0x00,
    0x00, 0x00, 0x00, 0x00, 0x00, 0x00, 0x00, 0x00, 0x20, 0x00, 0xa1, 0x00, 0x84, 0x00, 0x26, 0x00,
    0x46, 0x00, 0xe5, 0x00, 0x64, 0x00, 0xc7, 0x00, 0xaa, 0x00, 0x0a, 0x00, 0x8c, 0x00, 0x6b, 0x00,
    0x4b, 0x00, 0xa9, 0x00, 0x46, 0x00, 0xa7, 0x00, 0x05, 0x00, 0x43, 0x00, 0xc7, 0x00, 0x2d, 0x00,
    0xcf, 0x00, 0xed, 0x00, 0x6e, 0x00, 0x2d, 0x00, 0xcc, 0x00, 0xac, 0x00, 0x4b, 0x00, 0x84, 0x00,
    0x00, 0x00, 0x00, 0x00, 0x00, 0x00, 0x00, 0x00, 0x00, 0x00, 0x00, 0x00, 0x00, 0x00, 0x00, 0x00,
    0x00, 0x00, 0x00, 0x00, 0x00, 0x00, 0x00, 0x00, 0x00, 0x00, 0x00, 0x00, 0x00, 0x00, 0x00, 0x00,
    0x00, 0x00, 0x00, 0x00, 0x00, 0x00, 0x00, 0x00, 0x00, 0x00, 0x00, 0x00, 0x00, 0x00, 0x00, 0x00,
    0x00, 0x00, 0x00, 0x00, 0x00, 0x00, 0x00, 0x00, 0x00, 0x00, 0x00, 0x00, 0x00, 0x00, 0x00, 0x00,
    0x00, 0x00, 0x00, 0x00, 0x00, 0x00, 0x26, 0x00, 0x8a, 0x00, 0xaa, 0x00, 0xca, 0x00, 0xaa, 0x00,
    0x08, 0x00, 0x46, 0x00, 0xc5, 0x00, 0x43, 0x00, 0xc5, 0x00, 0xe8, 0x00, 0xca, 0x00, 0x2b, 0x00,
    0x0a, 0x00, 0x2a, 0x00, 0x89, 0x00, 0xe5, 0x00, 0x0b, 0x00, 0x69, 0x00, 0xc2, 0x00, 0x63, 0x00,
    0x0a, 0x00, 0x4d, 0x00, 0x6e, 0x00, 0xec, 0x00, 0x2d, 0x00, 0xed, 0x00, 0x4b, 0x00, 0x05, 0x00,
    0x20, 0x00, 0x00, 0x00, 0x00, 0x00, 0x00, 0x00, 0x00, 0x00, 0x00, 0x00, 0x00, 0x00, 0x00, 0x00,
    0x00, 0x00, 0x00, 0x00, 0x00, 0x00, 0x00, 0x00, 0x00, 0x00, 0x00, 0x00, 0x00, 0x00, 0x00, 0x00,
    0x00, 0x00, 0x00, 0x00, 0x00, 0x00, 0x00, 0x00, 0x00, 0x00, 0x00, 0x00, 0x00, 0x00, 0x00, 0x00,
    0x00, 0x00, 0x00, 0x00, 0x00, 0x00, 0x00, 0x00, 0x00, 0x00, 0x00, 0x00, 0x00, 0x00, 0x00, 0x00,
    0x00, 0x00, 0x00, 0x00, 0x00, 0x00, 0x40, 0x00, 0xc5, 0x00, 0xc8, 0x00, 0x08, 0x00, 0xc7, 0x00,
    0xe8, 0x00, 0x08, 0x00, 0x08, 0x00, 0x28, 0x00, 0x28, 0x00, 0x07, 0x00, 0xa7, 0x00, 0x49, 0x00,
    0x2b, 0x00, 0x2d, 0x00, 0x4b, 0x00, 0x28, 0x00, 0x4e, 0x00, 0x2e, 0x00, 0xe4, 0x00, 0x44, 0x00,
    0xe5, 0x00, 0x0a, 0x00, 0xaf, 0x00, 0x10, 0x00, 0x30, 0x00, 0xf2, 0x00, 0x12, 0x00, 0x30, 0x00,
    0xa9, 0x00, 0x20, 0x00, 0x00, 0x00, 0x00, 0x00, 0x00, 0x00, 0x00, 0x00, 0x00, 0x00, 0x00, 0x00,
    0x00, 0x00, 0x00, 0x00, 0x00, 0x00, 0x00, 0x00, 0x00, 0x00, 0x00, 0x00, 0x00, 0x00, 0x00, 0x00,
    0x00, 0x00, 0x00, 0x00, 0x00, 0x00, 0x00, 0x00, 0x00, 0x00, 0x00, 0x00, 0x00, 0x00, 0x00, 0x00,
    0x00, 0x00, 0x00, 0x00, 0x00, 0x00, 0x00, 0x00, 0x00, 0x00, 0x00, 0x00, 0x00, 0x00, 0x00, 0x00,
    0x00, 0x00, 0x00, 0x00, 0x00, 0x00, 0x00, 0x00, 0x00, 0x00, 0x00, 0x00, 0x02, 0x00, 0xc5, 0x00,
    0x66, 0x00, 0x6b, 0x00, 0xec, 0x00, 0xec, 0x00, 0xcc, 0x00, 0x6b, 0x00, 0xea, 0x00, 0x2a, 0x00,
    0x2d, 0x00, 0x0f, 0x00, 0x50, 0x00, 0xaf, 0x00, 0x4e, 0x00, 0xef, 0x00, 0x89, 0x00, 0xe7, 0x00,
    0x6b, 0x00, 0x0d, 0x00, 0xcf, 0x00, 0xef, 0x00, 0x10, 0x00, 0x6e, 0x00, 0x0f, 0x00, 0x0f, 0x00,
    0x4d, 0x00, 0x23, 0x00, 0x00, 0x00, 0x00, 0x00, 0x00, 0x00, 0x00, 0x00, 0x00, 0x00, 0x00, 0x00,
    0x00, 0x00, 0x00, 0x00, 0x00, 0x00, 0x00, 0x00, 0x00, 0x00, 0x00, 0x00, 0x00, 0x00, 0x00, 0x00,
    0x00, 0x00, 0x00, 0x00, 0x00, 0x00, 0x00, 0x00, 0x00, 0x00, 0x00, 0x00, 0x00, 0x00, 0x00, 0x00,
    0x00, 0x00, 0x00, 0x00, 0x00, 0x00, 0x00, 0x00, 0x00, 0x00, 0x00, 0x00, 0x00, 0x00, 0x00, 0x00,
    0x00, 0x00, 0x00, 0x00, 0x00, 0x00, 0x00, 0x00, 0x00, 0x00, 0x63, 0x00, 0xc8, 0x00, 0xe8, 0x00,
    0x47, 0x00, 0x05, 0x00, 0x66, 0x00, 0x28, 0x00, 0xca, 0x00, 0x0a, 0x00, 0x4b, 0x00, 0xcc, 0x00,
    0xae, 0x00, 0x0f, 0x00, 0xef, 0x00, 0x50, 0x00, 0xb1, 0x00, 0x91, 0x00, 0x30, 0x00, 0xef, 0x00,
    0x2f, 0x00, 0x2f, 0x00, 0xef, 0x00, 0xce, 0x00, 0xef, 0x00, 0xce, 0x00, 0x4d, 0x00, 0x8e, 0x00,
    0xec, 0x00, 0x63, 0x00, 0x00, 0x00, 0x00, 0x00, 0x00, 0x00, 0x00, 0x00, 0x00, 0x00, 0x00, 0x00,
    0x00, 0x00, 0x00, 0x00, 0x00, 0x00, 0x00, 0x00, 0x00, 0x00, 0x00, 0x00, 0x00, 0x00, 0x00, 0x00,
    0x00, 0x00, 0x00, 0x00, 0x00, 0x00, 0x00, 0x00, 0x00, 0x00, 0x00, 0x00, 0x00, 0x00, 0x00, 0x00,
    0x00, 0x00, 0x00, 0x00, 0x00, 0x00, 0x00, 0x00, 0x00, 0x00, 0x00, 0x00, 0x00, 0x00, 0x00, 0x00,
    0x00, 0x00, 0x00, 0x00, 0x00, 0x00, 0x00, 0x00, 0xc5, 0x00, 0x69, 0x00, 0x09, 0x00, 0xe8, 0x00,
    0x87, 0x00, 0x46, 0x00, 0x23, 0x00, 0xe2, 0x00, 0x84, 0x00, 0xe8, 0x00, 0x0a, 0x00, 0x8b, 0x00,
    0x0d, 0x00, 0xae, 0x00, 0xce, 0x00, 0xef, 0x00, 0x0f, 0x00, 0x30, 0x00, 0xef, 0x00, 0xef, 0x00,
    0x0f, 0x00, 0x8b, 0x00, 0x2a, 0x00, 0x2a, 0x00, 0x68, 0x00, 0x8b, 0x00, 0xec, 0x00, 0x8b, 0x00,
    0xa9, 0x00, 0x61, 0x00, 0x00, 0x00, 0x00, 0x00, 0x00, 0x00, 0x00, 0x00, 0x00, 0x00, 0x00, 0x00,
    0x00, 0x00, 0x00, 0x00, 0x00, 0x00, 0x00, 0x00, 0x00, 0x00, 0x00, 0x00, 0x00, 0x00, 0x00, 0x00,
    0x00, 0x00, 0x00, 0x00, 0x00, 0x00, 0x00, 0x00, 0x00, 0x00, 0x00, 0x00, 0x00, 0x00, 0x00, 0x00,
    0x00, 0x00, 0x00, 0x00, 0x00, 0x00, 0x00, 0x00, 0x00, 0x00, 0x00, 0x00, 0x00, 0x00, 0x00, 0x00,
    0x00, 0x00, 0x00, 0x00, 0x20, 0x00, 0x26, 0x00, 0x6a, 0x00, 0x08, 0x00, 0xa8, 0x00, 0x26, 0x00,
    0x67, 0x00, 0x66, 0x00, 0xc7, 0x00, 0x28, 0x00, 0x28, 0x00, 0xe7, 0x00, 0x08, 0x00, 0xaa, 0x00,
    0x4b, 0x00, 0xcc, 0x00, 0x4d, 0x00, 0x6d, 0x00, 0x4d, 0x00, 0x6d, 0x00, 0xae, 0x00, 0x0c, 0x00,
    0xc7, 0x00, 0x81, 0x00, 0x0b, 0x00, 0x8a, 0x00, 0xe3, 0x00, 0xa4, 0x00, 0x46, 0x00, 0xa9, 0x00,
    0xe5, 0x00, 0x00, 0x00, 0x00, 0x00, 0x00, 0x00, 0x00, 0x00, 0x00, 0x00, 0x00, 0x00, 0x00, 0x00,
    0x00, 0x00, 0x00, 0x00, 0x00, 0x00, 0x00, 0x00, 0x00, 0x00, 0x00, 0x00, 0x00, 0x00, 0x00, 0x00,
    0x00, 0x00, 0x00, 0x00, 0x00, 0x00, 0x00, 0x00, 0x00, 0x00, 0x00, 0x00, 0x00, 0x00, 0x00, 0x00,
    0x00, 0x00, 0x00, 0x00, 0x00, 0x00, 0x00, 0x00, 0x00, 0x00, 0x00, 0x00, 0x00, 0x00, 0x00, 0x00,
    0x00, 0x00, 0x00, 0x00, 0x40, 0x00, 0x84, 0x00, 0xa5, 0x00, 0x84, 0x00, 0x02, 0x00, 0x67, 0x00,
    0xe8, 0x00, 0x26, 0x00, 0x48, 0x00, 0xca, 0x00, 0x0b, 0x00, 0x0a, 0x00, 0x69, 0x00, 0x48, 0x00,
    0xa9, 0x00, 0x6b, 0x00, 0x6b, 0x00, 0x8b, 0x00, 0xec, 0x00, 0xab, 0x00, 0x48, 0x00, 0x23, 0x00,
    0xc2, 0x00, 0x23, 0x00, 0x64, 0x00, 0x43, 0x00, 0x84, 0x00, 0xc5, 0x00, 0xe2, 0x00, 0x89, 0x00,
    0x81, 0x00, 0x00, 0x00, 0x00, 0x00, 0x00, 0x00, 0x00, 0x00, 0x00, 0x00, 0x00, 0x00, 0x00, 0x00,
    0x00, 0x00, 0x00, 0x00, 0x00, 0x00, 0x00, 0x00, 0x00, 0x00, 0x00, 0x00, 0x00, 0x00, 0x00, 0x00,
    0x00, 0x00, 0x00, 0x00, 0x00, 0x00, 0x00, 0x00, 0x00, 0x00, 0x00, 0x00, 0x00, 0x00, 0x00, 0x00,
    0x00, 0x00, 0x00, 0x00, 0x00, 0x00, 0x00, 0x00, 0x00, 0x00, 0x00, 0x00, 0x00, 0x00, 0x00, 0x00,
    0x00, 0x00, 0x00, 0x00, 0x00, 0x00, 0x00, 0x00, 0x00, 0x00, 0x00, 0x00, 0x84, 0x00, 0x69, 0x00,
    0xe8, 0x00, 0xe5, 0x00, 0xe2, 0x00, 0x84, 0x00, 0xa5, 0x00, 0xa4, 0x00, 0x28, 0x00, 0xea, 0x00,
    0xca, 0x00, 0xca, 0x00, 0xca, 0x00, 0x4b, 0x00, 0x2b, 0x00, 0xca, 0x00, 0x84, 0x00, 0xc2, 0x00,
    0x23, 0x00, 0xe2, 0x00, 0x03, 0x00, 0x23, 0x00, 0xa4, 0x00, 0xa1, 0x00, 0x00, 0x00, 0x61, 0x00,
    0x00, 0x00, 0x00, 0x00, 0x00, 0x00, 0x00, 0x00, 0x00, 0x00, 0x00, 0x00, 0x00, 0x00, 0x00, 0x00,
    0x00, 0x00, 0x00, 0x00, 0x00, 0x00, 0x00, 0x00, 0x00, 0x00, 0x00, 0x00, 0x00, 0x00, 0x00, 0x00,
    0x00, 0x00, 0x00, 0x00, 0x00, 0x00, 0x00, 0x00, 0x00, 0x00, 0x00, 0x00, 0x00, 0x00, 0x00, 0x00,
    0x00, 0x00, 0x00, 0x00, 0x00, 0x00, 0x00, 0x00, 0x00, 0x00, 0x00, 0x00, 0x00, 0x00, 0x00, 0x00,
    0x00, 0x00, 0x00, 0x00, 0x00, 0x00, 0x00, 0x00, 0x00, 0x00, 0x81, 0x00, 0x08, 0x00, 0x09, 0x00,
    0x67, 0x00, 0x44, 0x00, 0xc5, 0x00, 0xc5, 0x00, 0xa4, 0x00, 0xe8, 0x00, 0x0a, 0x00, 0x4b, 0x00,
    0x0a, 0x00, 0xca, 0x00, 0xa9, 0x00, 0x89, 0x00, 0x0d, 0x00, 0xf0, 0x00, 0xc8, 0x00, 0x64, 0x00,
    0xe5, 0x00, 0xe5, 0x00, 0x23, 0x00, 0x43, 0x00, 0x64, 0x00, 0x00, 0x00, 0x00, 0x00, 0x00, 0x00,
    0x00, 0x00, 0x00, 0x00, 0x00, 0x00, 0x00, 0x00, 0x00, 0x00, 0x00, 0x00, 0x00, 0x00, 0x00, 0x00,
    0x00, 0x00, 0x00, 0x00, 0x00, 0x00, 0x00, 0x00, 0x00, 0x00, 0x00, 0x00, 0x00, 0x00, 0x00, 0x00,
    0x00, 0x00, 0x00, 0x00, 0x00, 0x00, 0x00, 0x00, 0x00, 0x00, 0x00, 0x00, 0x00, 0x00, 0x00, 0x00,
    0x00, 0x00, 0x00, 0x00, 0x00, 0x00, 0x00, 0x00, 0x00, 0x00, 0x00, 0x00, 0x00, 0x00, 0x00, 0x00,
    0x00, 0x00, 0x00, 0x00, 0x00, 0x00, 0x00, 0x00, 0x00, 0x00, 0x84, 0x00, 0x09, 0x00, 0x26, 0x00,
    0x23, 0x00, 0x26, 0x00, 0x67, 0x00, 0xe5, 0x00, 0x08, 0x00, 0x69, 0x00, 0x28, 0x00, 0x87, 0x00,
    0xa7, 0x00, 0x28, 0x00, 0x89, 0x00, 0x89, 0x00, 0x2b, 0x00, 0x71, 0x00, 0x2b, 0x00, 0xc5, 0x00,
    0x4a, 0x00, 0x8a, 0x00, 0x49, 0x00, 0xe5, 0x00, 0xe2, 0x00, 0x00, 0x00, 0x00, 0x00, 0x00, 0x00,
    0x00, 0x00, 0x00, 0x00, 0x00, 0x00, 0x00, 0x00, 0x00, 0x00, 0x00, 0x00, 0x00, 0x00, 0x00, 0x00,
    0x00, 0x00, 0x00, 0x00, 0x61, 0x00, 0x00, 0x00, 0x00, 0x00, 0x00, 0x00, 0x00, 0x00, 0x00, 0x00,
    0x00, 0x00, 0x00, 0x00, 0x00, 0x00, 0x00, 0x00, 0x00, 0x00, 0x00, 0x00, 0x00, 0x00, 0x00, 0x00,
    0x00, 0x00, 0x00, 0x00, 0x00, 0x00, 0x00, 0x00, 0x00, 0x00, 0x00, 0x00, 0x00, 0x00, 0x00, 0x00,
    0x00, 0x00, 0x00, 0x00, 0x00, 0x00, 0x00, 0x00, 0x00, 0x00, 0xc5, 0x00, 0xe5, 0x00, 0x40, 0x00,
    0xc5, 0x00, 0xe8, 0x00, 0xe8, 0x00, 0x67, 0x00, 0x43, 0x00, 0x43, 0x00, 0x64, 0x00, 0x03, 0x00,
    0xc4, 0x00, 0xc7, 0x00, 0x08, 0x00, 0x89, 0x00, 0x8a, 0x00, 0xed, 0x00, 0xd0, 0x00, 0xe5, 0x00,
    0x29, 0x00, 0xcb, 0x00, 0x2c, 0x00, 0x09, 0x00, 0xa2, 0x00, 0x00, 0x00, 0x00, 0x00, 0x00, 0x00,
    0x00, 0x00, 0x00, 0x00, 0x00, 0x00, 0x00, 0x00, 0x00, 0x00, 0x00, 0x00, 0x00, 0x00, 0x00, 0x00,
    0x00, 0x00, 0x00, 0x00, 0x66, 0x00, 0x81, 0x00, 0x00, 0x00, 0x00, 0x00, 0x00, 0x00, 0x00, 0x00,
    0x00, 0x00, 0x00, 0x00, 0x00, 0x00, 0x00, 0x00, 0x00, 0x00, 0x00, 0x00, 0x00, 0x00, 0x00, 0x00,
    0x00, 0x00, 0x00, 0x00, 0x00, 0x00, 0x00, 0x00, 0x00, 0x00, 0x00, 0x00, 0x00, 0x00, 0x00, 0x00,
    0x00, 0x00, 0x00, 0x00, 0x00, 0x00, 0x00, 0x00, 0x00, 0x00, 0x41, 0x00, 0x00, 0x00, 0x61, 0x00,
    0x87, 0x00, 0x09, 0x00, 0xc8, 0x00, 0x84, 0x00, 0xa4, 0x00, 0xc5, 0x00, 0x06, 0x00, 0xc5, 0x00,
    0xc4, 0x00, 0x84, 0x00, 0x25, 0x00, 0x46, 0x00, 0x08, 0x00, 0x69, 0x00, 0x2e, 0x00, 0x49, 0x00,
    0x26, 0x00, 0x8a, 0x00, 0x0c, 0x00, 0xaa, 0x00, 0x81, 0x00, 0x00, 0x00, 0x00, 0x00, 0x00, 0x00,
    0x00, 0x00, 0x00, 0x00, 0x00, 0x00, 0x00, 0x00, 0x00, 0x00, 0x00, 0x00, 0x00, 0x00, 0x00, 0x00,
    0x00, 0x00, 0x20, 0x00, 0x0a, 0x00, 0x43, 0x00, 0x00, 0x00, 0x00, 0x00, 0x00, 0x00, 0x00, 0x00,
    0x00, 0x00, 0x00, 0x00, 0x00, 0x00, 0x00, 0x00, 0x00, 0x00, 0x00, 0x00, 0x00, 0x00, 0x00, 0x00,
    0x00, 0x00, 0x00, 0x00, 0x00, 0x00, 0x00, 0x00, 0x00, 0x00, 0x00, 0x00, 0x00, 0x00, 0x00, 0x00,
    0x00, 0x00, 0x00, 0x00, 0x00, 0x00, 0x00, 0x00, 0x00, 0x00, 0x00, 0x00, 0x00, 0x00, 0xa1, 0x00,
    0xa8, 0x00, 0x87, 0x00, 0xa4, 0x00, 0x06, 0x00, 0x47, 0x00, 0x46, 0x00, 0xc7, 0x00, 0x05, 0x00,
    0x25, 0x00, 0x46, 0x00, 0xe7, 0x00, 0xc7, 0x00, 0x25, 0x00, 0x46, 0x00, 0xca, 0x00, 0xad, 0x00,
    0x67, 0x00, 0x8f, 0x00, 0xaa, 0x00, 0x0c, 0x00, 0x84, 0x00, 0x84, 0x00, 0x40, 0x00, 0x00, 0x00,
    0x00, 0x00, 0x00, 0x00, 0x00, 0x00, 0x00, 0x00, 0x00, 0x00, 0x00, 0x00, 0x00, 0x00, 0x00, 0x00,
    0x00, 0x00, 0xa6, 0x00, 0xac, 0x00, 0xc4, 0x00, 0x00, 0x00, 0x00, 0x00, 0x00, 0x00, 0x00, 0x00,
    0x00, 0x00, 0x00, 0x00, 0x00, 0x00, 0x00, 0x00, 0x00, 0x00, 0x00, 0x00, 0x00, 0x00, 0x00, 0x00,
    0x00, 0x00, 0x00, 0x00, 0x00, 0x00, 0x00, 0x00, 0x00, 0x00, 0x00, 0x00, 0x00, 0x00, 0x46, 0x00,
    0x48, 0x00, 0xa4, 0x00, 0x00, 0x00, 0x00, 0x00, 0x00, 0x00, 0x00, 0x00, 0x00, 0x00, 0x40, 0x00,
    0x26, 0x00, 0x23, 0x00, 0x26, 0x00, 0x26, 0x00, 0x26, 0x00, 0x46, 0x00, 0xe8, 0x00, 0x66, 0x00,
    0xc5, 0x00, 0xc7, 0x00, 0x08, 0x00, 0xca, 0x00, 0x89, 0x00, 0xa4, 0x00, 0x84, 0x00, 0x6c, 0x00,
    0x4c, 0x00, 0x69, 0x00, 0x87, 0x00, 0x4a, 0x00, 0x8a, 0x00, 0xa8, 0x00, 0x00, 0x00, 0x00, 0x00,
    0x00, 0x00, 0x00, 0x00, 0x00, 0x00, 0x00, 0x00, 0x00, 0x00, 0x00, 0x00, 0x00, 0x00, 0x00, 0x00,
    0xc7, 0x00, 0xac, 0x00, 0x8c, 0x00, 0x05, 0x00, 0x00, 0x00, 0x00, 0x00, 0x00, 0x00, 0x00, 0x00,
    0x00, 0x00, 0x00, 0x00, 0x00, 0x00, 0x00, 0x00, 0x00, 0x00, 0x00, 0x00, 0x00, 0x00, 0x00, 0x00,
    0x00, 0x00, 0x00, 0x00, 0x20, 0x00, 0xc2, 0x00, 0x23, 0x00, 0x43, 0x00, 0xc2, 0x00, 0x02, 0x00,
    0x69, 0x00, 0x2b, 0x00, 0x69, 0x00, 0xa1, 0x00, 0xa1, 0x00, 0xa4, 0x00, 0x00, 0x00, 0x00, 0x00,
    0x61, 0x00, 0x44, 0x00, 0x87, 0x00, 0x26, 0x00, 0xa5, 0x00, 0x66, 0x00, 0x28, 0x00, 0xc7, 0x00,
    0x26, 0x00, 0xe7, 0x00, 0xea, 0x00, 0x69, 0x00, 0x69, 0x00, 0xe7, 0x00, 0x40, 0x00, 0x05, 0x00,
    0xcd, 0x00, 0x4c, 0x00, 0x87, 0x00, 0x46, 0x00, 0x49, 0x00, 0x64, 0x00, 0x00, 0x00, 0x00, 0x00,
    0x00, 0x00, 0x00, 0x00, 0x00, 0x00, 0x00, 0x00, 0x00, 0x00, 0x00, 0x00, 0x00, 0x00, 0x08, 0x00,
    0x0d, 0x00, 0xac, 0x00, 0x8c, 0x00, 0xa4, 0x00, 0x00, 0x00, 0x00, 0x00, 0x00, 0x00, 0x00, 0x00,
    0x00, 0x00, 0x00, 0x00, 0x00, 0x00, 0x00, 0x00, 0x00, 0x00, 0x00, 0x00, 0x00, 0x00, 0x00, 0x00,
    0x00, 0x00, 0x20, 0x00, 0xa4, 0x00, 0xe8, 0x00, 0x89, 0x00, 0x0b, 0x00, 0x0b, 0x00, 0x69, 0x00,
    0xc7, 0x00, 0xe8, 0x00, 0x69, 0x00, 0x89, 0x00, 0xa4, 0x00, 0xea, 0x00, 0xc4, 0x00, 0x00, 0x00,
    0x00, 0x00, 0x03, 0x00, 0x87, 0x00, 0x46, 0x00, 0xc5, 0x00, 0x05, 0x00, 0xa9, 0x00, 0x49, 0x00,
    0xc7, 0x00, 0xa7, 0x00, 0x8c, 0x00, 0xcc, 0x00, 0x89, 0x00, 0x28, 0x00, 0x63, 0x00, 0x00, 0x00,
    0xa7, 0x00, 0xad, 0x00, 0x2e, 0x00, 0x0e, 0x00, 0xeb, 0x00, 0x61, 0x00, 0x00, 0x00, 0x00, 0x00,
    0x00, 0x00, 0x00, 0x00, 0x00, 0x00, 0x00, 0x00, 0x00, 0x00, 0x00, 0x00, 0x25, 0x00, 0x2d, 0x00,
    0x0d, 0x00, 0x6b, 0x00, 0x4b, 0x00, 0x02, 0x00, 0x00, 0x00, 0x00, 0x00, 0x00, 0x00, 0x00, 0x00,
    0x00, 0x00, 0x00, 0x00, 0x00, 0x00, 0x00, 0x00, 0x00, 0x00, 0x00, 0x00, 0x00, 0x00, 0x00, 0x00,
    0x00, 0x00, 0x00, 0x00, 0x00, 0x00, 0x43, 0x00, 0xa7, 0x00, 0xa7, 0x00, 0x86, 0x00, 0x08, 0x00,
    0x48, 0x00, 0x28, 0x00, 0x08, 0x00, 0x08, 0x00, 0xa7, 0x00, 0x46, 0x00, 0x28, 0x00, 0xa1, 0x00,
    0x20, 0x00, 0x20, 0x00, 0x64, 0x00, 0x06, 0x00, 0xc5, 0x00, 0x87, 0x00, 0x89, 0x00, 0xea, 0x00,
    0x0a, 0x00, 0x07, 0x00, 0xea, 0x00, 0xac, 0x00, 0xed, 0x00, 0x2b, 0x00, 0x08, 0x00, 0x81, 0x00,
    0x00, 0x00, 0xa4, 0x00, 0xc8, 0x00, 0x87, 0x00, 0x40, 0x00, 0x00, 0x00, 0x00, 0x00, 0x00, 0x00,
    0x00, 0x00, 0x00, 0x00, 0x23, 0x00, 0x61, 0x00, 0x00, 0x00, 0x00, 0x00, 0x89, 0x00, 0xac, 0x00,
    0x8b, 0x00, 0x4b, 0x00, 0xe7, 0x00, 0x00, 0x00, 0x00, 0x00, 0x00, 0x00, 0x00, 0x00, 0x00, 0x00,
    0x00, 0x00, 0x00, 0x00, 0x00, 0x00, 0x00, 0x00, 0x00, 0x00, 0x00, 0x00, 0x00, 0x00, 0x00, 0x00,
    0x00, 0x00, 0x23, 0x00, 0x08, 0x00, 0x69, 0x00, 0xe8, 0x00, 0x26, 0x00, 0xa7, 0x00, 0xa9, 0x00,
    0xca, 0x00, 0x0a, 0x00, 0x6b, 0x00, 0xac, 0x00, 0x4a, 0x00, 0xc7, 0x00, 0xc5, 0x00, 0xe5, 0x00,
    0x23, 0x00, 0xe5, 0x00, 0x00, 0x00, 0x61, 0x00, 0x26, 0x00, 0x48, 0x00, 0x89, 0x00, 0xea, 0x00,
    0xac, 0x00, 0x0a, 0x00, 0xac, 0x00, 0x8b, 0x00, 0x8c, 0x00, 0xcd, 0x00, 0x0a, 0x00, 0xe7, 0x00,
    0xa1, 0x00, 0x00, 0x00, 0x00, 0x00, 0x00, 0x00, 0x00, 0x00, 0x00, 0x00, 0x00, 0x00, 0x40, 0x00,
    0xe5, 0x00, 0x89, 0x00, 0x4d, 0x00, 0x48, 0x00, 0x00, 0x00, 0x40, 0x00, 0x89, 0x00, 0x2b, 0x00,
    0xea, 0x00, 0x28, 0x00, 0x40, 0x00, 0x00, 0x00, 0x00, 0x00, 0x00, 0x00, 0x00, 0x00, 0x00, 0x00,
    0x00, 0x00, 0x00, 0x00, 0x00, 0x00, 0x00, 0x00, 0x00, 0x00, 0x00, 0x00, 0x00, 0x00, 0x40, 0x00,
    0x66, 0x00, 0xca, 0x00, 0xe8, 0x00, 0x66, 0x00, 0xa7, 0x00, 0x89, 0x00, 0xa9, 0x00, 0x69, 0x00,
    0xac, 0x00, 0x4d, 0x00, 0x6e, 0x00, 0x6d, 0x00, 0x8b, 0x00, 0xa9, 0x00, 0x08, 0x00, 0x66, 0x00,
    0x05, 0x00, 0x46, 0x00, 0x61, 0x00, 0xa2, 0x00, 0x46, 0x00, 0x48, 0x00, 0xc9, 0x00, 0xc9, 0x00,
    0x8b, 0x00, 0x4b, 0x00, 0x2d, 0x00, 0xef, 0x00, 0xaf, 0x00, 0x0d, 0x00, 0x2b, 0x00, 0xac, 0x00,
    0x28, 0x00, 0x43, 0x00, 0x00, 0x00, 0x00, 0x00, 0x00, 0x00, 0x00, 0x00, 0x20, 0x00, 0x46, 0x00,
    0x08, 0x00, 0x48, 0x00, 0x4b, 0x00, 0x8b, 0x00, 0x23, 0x00, 0x00, 0x00, 0xe7, 0x00, 0x0a, 0x00,
    0x69, 0x00, 0xe2, 0x00, 0x02, 0x00, 0x61, 0x00, 0x00, 0x00, 0x00, 0x00, 0x00, 0x00, 0x00, 0x00,
    0x00, 0x00, 0x00, 0x00, 0x00, 0x00, 0x00, 0x00, 0x00, 0x00, 0x00, 0x00, 0xa2, 0x00, 0xe8, 0x00,
    0x08, 0x00, 0xe5, 0x00, 0x46, 0x00, 0x08, 0x00, 0x89, 0x00, 0xea, 0x00, 0xea, 0x00, 0xcc, 0x00,
    0x6e, 0x00, 0x4d, 0x00, 0x4d, 0x00, 0xec, 0x00, 0x0a, 0x00, 0x28, 0x00, 0xa7, 0x00, 0x26, 0x00,
    0x26, 0x00, 0xe5, 0x00, 0xa4, 0x00, 0xe7, 0x00, 0x68, 0x00, 0x68, 0x00, 0x89, 0x00, 0x2a, 0x00,
    0x4b, 0x00, 0xac, 0x00, 0x4e, 0x00, 0x92, 0x00, 0x51, 0x00, 0x30, 0x00, 0x8e, 0x00, 0xef, 0x00,
    0x0a, 0x00, 0x66, 0x00, 0xe2, 0x00, 0x00, 0x00, 0x20, 0x00, 0x00, 0x00, 0xa7, 0x00, 0x8e, 0x00,
    0xea, 0x00, 0x28, 0x00, 0x2d, 0x00, 0x8e, 0x00, 0xed, 0x00, 0x61, 0x00, 0xe5, 0x00, 0xca, 0x00,
    0x66, 0x00, 0xe7, 0x00, 0x25, 0x00, 0x20, 0x00, 0x00, 0x00, 0x00, 0x00, 0x00, 0x00, 0x00, 0x00,
    0x00, 0x00, 0x00, 0x00, 0x00, 0x00, 0x00, 0x00, 0x00, 0x00, 0x00, 0x00, 0x84, 0x00, 0x64, 0x00,
    0xa4, 0x00, 0x66, 0x00, 0x49, 0x00, 0x69, 0x00, 0x2b, 0x00, 0x6b, 0x00, 0x8b, 0x00, 0x2d, 0x00,
    0xec, 0x00, 0xac, 0x00, 0x8b, 0x00, 0xca, 0x00, 0xe8, 0x00, 0xc7, 0x00, 0xca, 0x00, 0x68, 0x00,
    0xe5, 0x00, 0xa7, 0x00, 0xe9, 0x00, 0x2a, 0x00, 0x4a, 0x00, 0x4a, 0x00, 0xc9, 0x00, 0x2a, 0x00,
    0x6b, 0x00, 0x4d, 0x00, 0xac, 0x00, 0xd0, 0x00, 0x71, 0x00, 0xd2, 0x00, 0x92, 0x00, 0x91, 0x00,
    0x4e, 0x00, 0xe7, 0x00, 0x25, 0x00, 0x00, 0x00, 0x00, 0x00, 0x00, 0x00, 0x46, 0x00, 0x49, 0x00,
    0x05, 0x00, 0x46, 0x00, 0x69, 0x00, 0x89, 0x00, 0x69, 0x00, 0xe2, 0x00, 0x03, 0x00, 0x69, 0x00,
    0xe8, 0x00, 0xa7, 0x00, 0x00, 0x00, 0x00, 0x00, 0x00, 0x00, 0x00, 0x00, 0x00, 0x00, 0x00, 0x00,
    0x00, 0x00, 0x00, 0x00, 0x00, 0x00, 0x00, 0x00, 0x00, 0x00, 0x00, 0x00, 0x00, 0x00, 0xc5, 0x00,
    0xa7, 0x00, 0x69, 0x00, 0x08, 0x00, 0x6b, 0x00, 0x2d, 0x00, 0x4b, 0x00, 0xec, 0x00, 0xec, 0x00,
    0xea, 0x00, 0x0a, 0x00, 0x69, 0x00, 0xa7, 0x00, 0x86, 0x00, 0x0d, 0x00, 0x8e, 0x00, 0xec, 0x00,
    0x66, 0x00, 0x28, 0x00, 0xea, 0x00, 0xc9, 0x00, 0x4b, 0x00, 0xcc, 0x00, 0xab, 0x00, 0x8b, 0x00,
    0xab, 0x00, 0xec, 0x00, 0x8c, 0x00, 0xaf, 0x00, 0xd0, 0x00, 0xf0, 0x00, 0xb2, 0x00, 0xd2, 0x00,
    0x6e, 0x00, 0x0a, 0x00, 0xe7, 0x00, 0x40, 0x00, 0x00, 0x00, 0x00, 0x00, 0x20, 0x00, 0xe5, 0x00,
    0xa4, 0x00, 0xa7, 0x00, 0xcc, 0x00, 0x4d, 0x00, 0xe7, 0x00, 0x00, 0x00, 0xa1, 0x00, 0xe8, 0x00,
    0x28, 0x00, 0xe2, 0x00, 0x00, 0x00, 0x00, 0x00, 0x00, 0x00, 0x00, 0x00, 0x00, 0x00, 0x00, 0x00,
    0x00, 0x00, 0x00, 0x00, 0x00, 0x00, 0x00, 0x00, 0x00, 0x00, 0x00, 0x00, 0xc5, 0x00, 0xa7, 0x00,
    0x08, 0x00, 0x08, 0x00, 0x6b, 0x00, 0x6e, 0x00, 0xac, 0x00, 0x6b, 0x00, 0x4b, 0x00, 0x08, 0x00,
    0xc7, 0x00, 0x28, 0x00, 0xa7, 0x00, 0xe5, 0x00, 0xc9, 0x00, 0x8b, 0x00, 0x28, 0x00, 0x4b, 0x00,
    0x28, 0x00, 0x46, 0x00, 0x28, 0x00, 0xa9, 0x00, 0x2a, 0x00, 0x8b, 0x00, 0x0c, 0x00, 0xec, 0x00,
    0xec, 0x00, 0x4a, 0x00, 0x8c, 0x00, 0x71, 0x00, 0xb2, 0x00, 0x51, 0x00, 0xaf, 0x00, 0x71, 0x00,
    0x8e, 0x00, 0xec, 0x00, 0x28, 0x00, 0xc2, 0x00, 0x00, 0x00, 0x00, 0x00, 0x00, 0x00, 0x66, 0x00,
    0x87, 0x00, 0x46, 0x00, 0x28, 0x00, 0x69, 0x00, 0xc7, 0x00, 0xa1, 0x00, 0x00, 0x00, 0x87, 0x00,
    0x08, 0x00, 0x61, 0x00, 0x00, 0x00, 0x00, 0x00, 0x00, 0x00, 0x00, 0x00, 0x00, 0x00, 0x00, 0x00,
    0x00, 0x00, 0x00, 0x00, 0x00, 0x00, 0x00, 0x00, 0x00, 0x00, 0x63, 0x00, 0xc8, 0x00, 0x87, 0x00,
    0xc7, 0x00, 0xca, 0x00, 0x8e, 0x00, 0xec, 0x00, 0x0a, 0x00, 0x48, 0x00, 0xc7, 0x00, 0x66, 0x00,
    0xc7, 0x00, 0x87, 0x00, 0x26, 0x00, 0xc5, 0x00, 0x48, 0x00, 0x08, 0x00, 0x0a, 0x00, 0x6e, 0x00,
    0x8e, 0x00, 0xc7, 0x00, 0x4b, 0x00, 0x48, 0x00, 0x2a, 0x00, 0xc9, 0x00, 0x8b, 0x00, 0x6b, 0x00,
    0xab, 0x00, 0x6b, 0x00, 0x2a, 0x00, 0x30, 0x00, 0x71, 0x00, 0x13, 0x00, 0x31, 0x00, 0x2e, 0x00,
    0x31, 0x00, 0x4e, 0x00, 0xe7, 0x00, 0x48, 0x00, 0x60, 0x00, 0x61, 0x00, 0x86, 0x00, 0x86, 0x00,
    0x08, 0x00, 0xc5, 0x00, 0x84, 0x00, 0x26, 0x00, 0x46, 0x00, 0x61, 0x00, 0x00, 0x00, 0xa4, 0x00,
    0x49, 0x00, 0x61, 0x00, 0x00, 0x00, 0x00, 0x00, 0x00, 0x00, 0x00, 0x00, 0x00, 0x00, 0x00, 0x00,
    0x00, 0x00, 0x00, 0x00, 0x00, 0x00, 0x00, 0x00, 0x81, 0x00, 0xc8, 0x00, 0xc4, 0x00, 0xc7, 0x00,
    0x49, 0x00, 0xcc, 0x00, 0xcc, 0x00, 0x4b, 0x00, 0x08, 0x00, 0xa7, 0x00, 0xc7, 0x00, 0xa9, 0x00,
    0x89, 0x00, 0x08, 0x00, 0x25, 0x00, 0xe5, 0x00, 0x28, 0x00, 0xca, 0x00, 0xac, 0x00, 0x8b, 0x00,
    0xea, 0x00, 0x05, 0x00, 0x66, 0x00, 0xa7, 0x00, 0x89, 0x00, 0xc9, 0x00, 0x89, 0x00, 0x0a, 0x00,
    0x2a, 0x00, 0x6b, 0x00, 0x48, 0x00, 0xcf, 0x00, 0x91, 0x00, 0x92, 0x00, 0xb2, 0x00, 0x8f, 0x00,
    0x91, 0x00, 0xed, 0x00, 0x46, 0x00, 0x0a, 0x00, 0xe7, 0x00, 0x89, 0x00, 0x2b, 0x00, 0x87, 0x00,
    0x87, 0x00, 0xc7, 0x00, 0xe8, 0x00, 0xe8, 0x00, 0xe2, 0x00, 0x00, 0x00, 0x00, 0x00, 0x20, 0x00,
    0x08, 0x00, 0x23, 0x00, 0x00, 0x00, 0x00, 0x00, 0x00, 0x00, 0x00, 0x00, 0x00, 0x00, 0x00, 0x00,
    0x00, 0x00, 0x00, 0x00, 0x00, 0x00, 0x00, 0x00, 0x84, 0x00, 0x23, 0x00, 0xc5, 0x00, 0xc8, 0x00,
    0xa9, 0x00, 0x6b, 0x00, 0x2a, 0x00, 0x08, 0x00, 0x46, 0x00, 0x89, 0x00, 0x69, 0x00, 0xa9, 0x00,
    0xca, 0x00, 0xa9, 0x00, 0xe7, 0x00, 0x05, 0x00, 0x08, 0x00, 0x08, 0x00, 0x07, 0x00, 0x68, 0x00,
    0xec, 0x00, 0xc9, 0x00, 0x63, 0x00, 0x28, 0x00, 0x48, 0x00, 0xc7, 0x00, 0x28, 0x00, 0xca, 0x00,
    0xea, 0x00, 0xc9, 0x00, 0x4b, 0x00, 0x8c, 0x00, 0x10, 0x00, 0x71, 0x00, 0x92, 0x00, 0xcf, 0x00,
    0x30, 0x00, 0xaa, 0x00, 0x05, 0x00, 0x48, 0x00, 0x69, 0x00, 0x6b, 0x00, 0xc9, 0x00, 0x28, 0x00,
    0x08, 0x00, 0x08, 0x00, 0x66, 0x00, 0xa1, 0x00, 0x00, 0x00, 0x00, 0x00, 0x61, 0x00, 0x81, 0x00,
    0x84, 0x00, 0x86, 0x00, 0x00, 0x00, 0x00, 0x00, 0x00, 0x00, 0x00, 0x00, 0x00, 0x00, 0x00, 0x00,
    0x00, 0x00, 0x00, 0x00, 0x00, 0x00, 0x00, 0x00, 0x20, 0x00, 0x43, 0x00, 0xa7, 0x00, 0xa7, 0x00,
    0x69, 0x00, 0x89, 0x00, 0x08, 0x00, 0x66, 0x00, 0x08, 0x00, 0xea, 0x00, 0xea, 0x00, 0xe7, 0x00,
    0x83, 0x00, 0xe2, 0x00, 0x02, 0x00, 0x84, 0x00, 0xa7, 0x00, 0xe7, 0x00, 0xca, 0x00, 0xec, 0x00,
    0xec, 0x00, 0x48, 0x00, 0x05, 0x00, 0xe7, 0x00, 0x05, 0x00, 0xe5, 0x00, 0xc7, 0x00, 0xe7, 0x00,
    0x68, 0x00, 0x48, 0x00, 0xcf, 0x00, 0x6e, 0x00, 0xac, 0x00, 0xf0, 0x00, 0x71, 0x00, 0x8f, 0x00,
    0x4e, 0x00, 0xc7, 0x00, 0x66, 0x00, 0xe7, 0x00, 0x69, 0x00, 0xea, 0x00, 0xa9, 0x00, 0x89, 0x00,
    0x89, 0x00, 0xe5, 0x00, 0x00, 0x00, 0x00, 0x00, 0x00, 0x00, 0x00, 0x00, 0x40, 0x00, 0xa7, 0x00,
    0x05, 0x00, 0x28, 0x00, 0x61, 0x00, 0x00, 0x00, 0x00, 0x00, 0x00, 0x00, 0x00, 0x00, 0x00, 0x00,
    0x00, 0x00, 0x00, 0x00, 0x00, 0x00, 0x00, 0x00, 0x40, 0x00, 0x87, 0x00, 0x87, 0x00, 0xc8, 0x00,
    0xe8, 0x00, 0xe8, 0x00, 0x66, 0x00, 0x48, 0x00, 0x69, 0x00, 0x89, 0x00, 0xa7, 0x00, 0x61, 0x00,
    0x00, 0x00, 0x00, 0x00, 0x00, 0x00, 0x81, 0x00, 0x86, 0x00, 0x69, 0x00, 0x0a, 0x00, 0xca, 0x00,
    0x08, 0x00, 0xe5, 0x00, 0xa7, 0x00, 0xe5, 0x00, 0xa4, 0x00, 0x26, 0x00, 0x66, 0x00, 0x86, 0x00,
    0xe8, 0x00, 0xca, 0x00, 0xef, 0x00, 0x51, 0x00, 0xaf, 0x00, 0xcc, 0x00, 0x10, 0x00, 0x0d, 0x00,
    0x8c, 0x00, 0xa7, 0x00, 0x87, 0x00, 0xe8, 0x00, 0x08, 0x00, 0x28, 0x00, 0x28, 0x00, 0x28, 0x00,
    0xc4, 0x00, 0x00, 0x00, 0x00, 0x00, 0x00, 0x00, 0x00, 0x00, 0x00, 0x00, 0x00, 0x00, 0x23, 0x00,
    0x69, 0x00, 0x69, 0x00, 0x84, 0x00, 0x00, 0x00, 0x00, 0x00, 0x00, 0x00, 0x00, 0x00, 0x00, 0x00,
    0x00, 0x00, 0x00, 0x00, 0x00, 0x00, 0x00, 0x00, 0x43, 0x00, 0xa8, 0x00, 0x87, 0x00, 0x08, 0x00,
    0x08, 0x00, 0xa7, 0x00, 0x66, 0x00, 0xea, 0x00, 0xca, 0x00, 0x28, 0x00, 0x61, 0x00, 0x00, 0x00,
    0x00, 0x00, 0x00, 0x00, 0x00, 0x00, 0x20, 0x00, 0x46, 0x00, 0xa7, 0x00, 0xa7, 0x00, 0xc7, 0x00,
    0x46, 0x00, 0xc7, 0x00, 0x25, 0x00, 0x84, 0x00, 0x05, 0x00, 0x26, 0x00, 0x46, 0x00, 0xc7, 0x00,
    0x66, 0x00, 0xc9, 0x00, 0xaf, 0x00, 0xcf, 0x00, 0x10, 0x00, 0x6e, 0x00, 0x6b, 0x00, 0xcc, 0x00,
    0x8c, 0x00, 0x25, 0x00, 0x49, 0x00, 0xe7, 0x00, 0x08, 0x00, 0xe8, 0x00, 0x26, 0x00, 0x02, 0x00,
    0x00, 0x00, 0x00, 0x00, 0x00, 0x00, 0x00, 0x00, 0x00, 0x00, 0x00, 0x00, 0x00, 0x00, 0x00, 0x00,
    0x87, 0x00, 0x69, 0x00, 0x86, 0x00, 0x00, 0x00, 0x00, 0x00, 0x00, 0x00, 0x00, 0x00, 0x00, 0x00,
    0x00, 0x00, 0x00, 0x00, 0x00, 0x00, 0x00, 0x00, 0xe5, 0x00, 0x87, 0x00, 0x87, 0x00, 0xe8, 0x00,
    0x28, 0x00, 0x66, 0x00, 0xa7, 0x00, 0xea, 0x00, 0xa9, 0x00, 0x84, 0x00, 0x00, 0x00, 0x00, 0x00,
    0x00, 0x00, 0x00, 0x00, 0x00, 0x00, 0x00, 0x00, 0xc2, 0x00, 0x66, 0x00, 0xa7, 0x00, 0xc7, 0x00,
    0xc7, 0x00, 0x66, 0x00, 0x84, 0x00, 0x05, 0x00, 0x06, 0x00, 0x46, 0x00, 0xa7, 0x00, 0x46, 0x00,
    0x48, 0x00, 0xa9, 0x00, 0x0d, 0x00, 0x8e, 0x00, 0x8e, 0x00, 0x8e, 0x00, 0xcc, 0x00, 0xae, 0x00,
    0xa7, 0x00, 0x40, 0x00, 0x05, 0x00, 0xc7, 0x00, 0xa7, 0x00, 0xe8, 0x00, 0xa4, 0x00, 0x00, 0x00,
    0x00, 0x00, 0x00, 0x00, 0x00, 0x00, 0x00, 0x00, 0x00, 0x00, 0x00, 0x00, 0x00, 0x00, 0x00, 0x00,
    0xc5, 0x00, 0x89, 0x00, 0x08, 0x00, 0x00, 0x00, 0x00, 0x00, 0x00, 0x00, 0x00, 0x00, 0x00, 0x00,
    0x00, 0x00, 0x00, 0x00, 0x00, 0x00, 0x20, 0x00, 0x67, 0x00, 0x26, 0x00, 0x87, 0x00, 0xc7, 0x00,
    0xe8, 0x00, 0x46, 0x00, 0xe7, 0x00, 0x69, 0x00, 0x69, 0x00, 0xe2, 0x00, 0x00, 0x00, 0x00, 0x00,
    0x00, 0x00, 0x00, 0x00, 0x00, 0x00, 0x20, 0x00, 0xe2, 0x00, 0xc5, 0x00, 0x46, 0x00, 0x66, 0x00,
    0x26, 0x00, 0xe5, 0x00, 0xe5, 0x00, 0xe5, 0x00, 0x26, 0x00, 0x66, 0x00, 0x67, 0x00, 0xc7, 0x00,
    0x6b, 0x00, 0x0a, 0x00, 0x6b, 0x00, 0x0d, 0x00, 0x0d, 0x00, 0xec, 0x00, 0x2d, 0x00, 0xea, 0x00,
    0x20, 0x00, 0x00, 0x00, 0x00, 0x00, 0x61, 0x00, 0x81, 0x00, 0x20, 0x00, 0x00, 0x00, 0x00, 0x00,
    0x00, 0x00, 0x00, 0x00, 0x00, 0x00, 0x00, 0x00, 0x00, 0x00, 0x00, 0x00, 0x00, 0x00, 0x00, 0x00,
    0xe5, 0x00, 0xaa, 0x00, 0xc7, 0x00, 0x00, 0x00, 0x00, 0x00, 0x00, 0x00, 0x00, 0x00, 0x00, 0x00,
    0x00, 0x00, 0x00, 0x00, 0x00, 0x00, 0x61, 0x00, 0x87, 0x00, 0xc5, 0x00, 0x87, 0x00, 0x87, 0x00,
    0xc8, 0x00, 0x66, 0x00, 0x69, 0x00, 0xa9, 0x00, 0xc9, 0x00, 0xc2, 0x00, 0x00, 0x00, 0x00, 0x00,
    0x00, 0x00, 0x00, 0x00, 0x61, 0x00, 0x84, 0x00, 0xa7, 0x00, 0x66, 0x00, 0x66, 0x00, 0x87, 0x00,
    0xa7, 0x00, 0x08, 0x00, 0x46, 0x00, 0xe5, 0x00, 0x46, 0x00, 0x26, 0x00, 0x25, 0x00, 0xea, 0x00,
    0x6b, 0x00, 0x6b, 0x00, 0xe9, 0x00, 0xac, 0x00, 0x6b, 0x00, 0x6b, 0x00, 0xea, 0x00, 0xe5, 0x00,
    0x05, 0x00, 0xa4, 0x00, 0x61, 0x00, 0x00, 0x00, 0x00, 0x00, 0x00, 0x00, 0x00, 0x00, 0x00, 0x00,
    0x00, 0x00, 0x00, 0x00, 0x00, 0x00, 0x00, 0x00, 0x00, 0x00, 0x00, 0x00, 0x61, 0x00, 0x00, 0x00,
    0x05, 0x00, 0x89, 0x00, 0x66, 0x00, 0xe2, 0x00, 0x00, 0x00, 0x00, 0x00, 0x00, 0x00, 0x00, 0x00,
    0x00, 0x00, 0x00, 0x00, 0x00, 0x00, 0x61, 0x00, 0x46, 0x00, 0x43, 0x00, 0x87, 0x00, 0xa7, 0x00,
    0xe8, 0x00, 0x66, 0x00, 0x89, 0x00, 0xea, 0x00, 0x69, 0x00, 0x43, 0x00, 0x00, 0x00, 0x00, 0x00,
    0x00, 0x00, 0x00, 0x00, 0xe2, 0x00, 0x66, 0x00, 0x87, 0x00, 0x87, 0x00, 0x28, 0x00, 0xca, 0x00,
    0xa9, 0x00, 0x49, 0x00, 0x46, 0x00, 0xe5, 0x00, 0xa4, 0x00, 0x46, 0x00, 0xe7, 0x00, 0xca, 0x00,
    0x2a, 0x00, 0x4b, 0x00, 0xea, 0x00, 0xc9, 0x00, 0x2a, 0x00, 0x89, 0x00, 0x05, 0x00, 0x87, 0x00,
    0x69, 0x00, 0xa9, 0x00, 0x08, 0x00, 0xe2, 0x00, 0x00, 0x00, 0x00, 0x00, 0x00, 0x00, 0x00, 0x00,
    0x00, 0x00, 0x00, 0x00, 0x00, 0x00, 0x00, 0x00, 0x00, 0x00, 0x00, 0x00, 0xc4, 0x00, 0xe2, 0x00,
    0x46, 0x00, 0x69, 0x00, 0x87, 0x00, 0xc4, 0x00, 0x00, 0x00, 0x00, 0x00, 0x00, 0x00, 0x00, 0x00,
    0x00, 0x00, 0x00, 0x00, 0x00, 0x00, 0x61, 0x00, 0x84, 0x00, 0xa1, 0x00, 0x67, 0x00, 0x67, 0x00,
    0xe8, 0x00, 0x26, 0x00, 0x28, 0x00, 0x89, 0x00, 0xa7, 0x00, 0xc7, 0x00, 0x61, 0x00, 0x00, 0x00,
    0x00, 0x00, 0x00, 0x00, 0x63, 0x00, 0xa7, 0x00, 0xc7, 0x00, 0x89, 0x00, 0xea, 0x00, 0x2a, 0x00,
    0x0a, 0x00, 0x49, 0x00, 0x26, 0x00, 0x84, 0x00, 0x66, 0x00, 0xc9, 0x00, 0x08, 0x00, 0x68, 0x00,
    0x2a, 0x00, 0x0a, 0x00, 0x0a, 0x00, 0xea, 0x00, 0x08, 0x00, 0xe5, 0x00, 0x66, 0x00, 0xe8, 0x00,
    0xa9, 0x00, 0x2a, 0x00, 0x0a, 0x00, 0x89, 0x00, 0xa1, 0x00, 0x00, 0x00, 0x00, 0x00, 0x00, 0x00,
    0x00, 0x00, 0x00, 0x00, 0x00, 0x00, 0x00, 0x00, 0x00, 0x00, 0x00, 0x00, 0x05, 0x00, 0xc5, 0x00,
    0x08, 0x00, 0x08, 0x00, 0xe7, 0x00, 0x02, 0x00, 0x00, 0x00, 0x00, 0x00, 0x00, 0x00, 0x00, 0x00,
    0x00, 0x00, 0x00, 0x00, 0x00, 0x00, 0x20, 0x00, 0x61, 0x00, 0x40, 0x00, 0x06, 0x00, 0x46, 0x00,
    0xa7, 0x00, 0x46, 0x00, 0xe8, 0x00, 0x48, 0x00, 0x66, 0x00, 0xa7, 0x00, 0xa7, 0x00, 0x40, 0x00,
    0x20, 0x00, 0x23, 0x00, 0x46, 0x00, 0x08, 0x00, 0x48, 0x00, 0x4b, 0x00, 0x8b, 0x00, 0x8b, 0x00,
    0x89, 0x00, 0xe8, 0x00, 0xc4, 0x00, 0x25, 0x00, 0x48, 0x00, 0x0a, 0x00, 0xa9, 0x00, 0xe7, 0x00,
    0xa9, 0x00, 0xa9, 0x00, 0x68, 0x00, 0x25, 0x00, 0x84, 0x00, 0x46, 0x00, 0xa7, 0x00, 0x69, 0x00,
    0xea, 0x00, 0x4a, 0x00, 0x0a, 0x00, 0x0a, 0x00, 0x66, 0x00, 0x00, 0x00, 0x00, 0x00, 0x00, 0x00,
    0x00, 0x00, 0x00, 0x00, 0x00, 0x00, 0x00, 0x00, 0x00, 0x00, 0x00, 0x00, 0x87, 0x00, 0x87, 0x00,
    0x69, 0x00, 0xc7, 0x00, 0x86, 0x00, 0x20, 0x00, 0x00, 0x00, 0x00, 0x00, 0x00, 0x00, 0x00, 0x00,
    0x00, 0x00, 0x00, 0x00, 0x00, 0x00, 0x00, 0x00, 0x00, 0x00, 0x00, 0x00, 0x64, 0x00, 0x67, 0x00,
    0x66, 0x00, 0x26, 0x00, 0xc7, 0x00, 0xaa, 0x00, 0x28, 0x00, 0x46, 0x00, 0x87, 0x00, 0x46, 0x00,
    0x25, 0x00, 0xa5, 0x00, 0x87, 0x00, 0x28, 0x00, 0xc9, 0x00, 0x4b, 0x00, 0x6b, 0x00, 0xca, 0x00,
    0xe8, 0x00, 0x46, 0x00, 0x25, 0x00, 0x48, 0x00, 0xa7, 0x00, 0xa9, 0x00, 0xca, 0x00, 0xa9, 0x00,
    0xe7, 0x00, 0x46, 0x00, 0xc4, 0x00, 0xe5, 0x00, 0x66, 0x00, 0x46, 0x00, 0xe8, 0x00, 0x48, 0x00,
    0x89, 0x00, 0xa9, 0x00, 0xea, 0x00, 0xa9, 0x00, 0xc7, 0x00, 0x20, 0x00, 0x00, 0x00, 0x00, 0x00,
    0x00, 0x00, 0x00, 0x00, 0x00, 0x00, 0x00, 0x00, 0x00, 0x00, 0xe2, 0x00, 0xe8, 0x00, 0x08, 0x00,
    0x89, 0x00, 0xe8, 0x00, 0x02, 0x00, 0x00, 0x00, 0x00, 0x00, 0x00, 0x00, 0x00, 0x00, 0x00, 0x00,
    0x00, 0x00, 0x00, 0x00, 0x00, 0x00, 0x00, 0x00, 0x00, 0x00, 0x00, 0x00, 0x03, 0x00, 0x26, 0x00,
    0x46, 0x00, 0x46, 0x00, 0xa7, 0x00, 0x89, 0x00, 0x89, 0x00, 0xa7, 0x00, 0x87, 0x00, 0x87, 0x00,
    0xe5, 0x00, 0xa4, 0x00, 0x87, 0x00, 0xe8, 0x00, 0xca, 0x00, 0xca, 0x00, 0x69, 0x00, 0x08, 0x00,
    0x87, 0x00, 0x05, 0x00, 0x07, 0x00, 0x28, 0x00, 0xc7, 0x00, 0xc7, 0x00, 0x08, 0x00, 0x45, 0x00,
    0x63, 0x00, 0x23, 0x00, 0xc5, 0x00, 0x05, 0x00, 0x26, 0x00, 0x87, 0x00, 0xc7, 0x00, 0xe8, 0x00,
    0x69, 0x00, 0xa9, 0x00, 0xa9, 0x00, 0x69, 0x00, 0xe5, 0x00, 0x00, 0x00, 0x00, 0x00, 0x00, 0x00,
    0x00, 0x00, 0x00, 0x00, 0x00, 0x00, 0x00, 0x00, 0x00, 0x00, 0xc7, 0x00, 0x69, 0x00, 0x69, 0x00,
    0x69, 0x00, 0x84, 0x00, 0x00, 0x00, 0x00, 0x00, 0x00, 0x00, 0x00, 0x00, 0x00, 0x00, 0x00, 0x00,
    0x00, 0x00, 0x00, 0x00, 0x00, 0x00, 0x00, 0x00, 0x00, 0x00, 0x00, 0x00, 0xc2, 0x00, 0xa5, 0x00,
    0x46, 0x00, 0x87, 0x00, 0xa7, 0x00, 0x08, 0x00, 0xaa, 0x00, 0x08, 0x00, 0xa7, 0x00, 0x87, 0x00,
    0xe5, 0x00, 0x64, 0x00, 0x46, 0x00, 0xa7, 0x00, 0x08, 0x00, 0x48, 0x00, 0x08, 0x00, 0x66, 0x00,
    0x05, 0x00, 0xe7, 0x00, 0xe7, 0x00, 0x28, 0x00, 0x69, 0x00, 0xc7, 0x00, 0xc5, 0x00, 0xc5, 0x00,
    0xe5, 0x00, 0x84, 0x00, 0x64, 0x00, 0x64, 0x00, 0x43, 0x00, 0xa4, 0x00, 0x26, 0x00, 0xc7, 0x00,
    0x08, 0x00, 0x08, 0x00, 0x08, 0x00, 0x86, 0x00, 0x61, 0x00, 0x00, 0x00, 0x00, 0x00, 0x00, 0x00,
    0x00, 0x00, 0x00, 0x00, 0x43, 0x00, 0xa1, 0x00, 0x66, 0x00, 0xaa, 0x00, 0x89, 0x00, 0x49, 0x00,
    0x05, 0x00, 0x20, 0x00, 0x00, 0x00, 0x00, 0x00, 0x00, 0x00, 0x00, 0x00, 0x00, 0x00, 0x00, 0x00,
    0x00, 0x00, 0x00, 0x00, 0x00, 0x00, 0x00, 0x00, 0x00, 0x00, 0x00, 0x00, 0x40, 0x00, 0x84, 0x00,
    0xc5, 0x00, 0x67, 0x00, 0x87, 0x00, 0xa7, 0x00, 0x89, 0x00, 0x89, 0x00, 0xa7, 0x00, 0x87, 0x00,
    0x05, 0x00, 0x64, 0x00, 0x26, 0x00, 0x66, 0x00, 0x87, 0x00, 0x26, 0x00, 0xc5, 0x00, 0x26, 0x00,
    0x08, 0x00, 0x28, 0x00, 0x48, 0x00, 0x08, 0x00, 0x84, 0x00, 0xa2, 0x00, 0x43, 0x00, 0x26, 0x00,
    0x06, 0x00, 0x26, 0x00, 0x26, 0x00, 0x46, 0x00, 0x46, 0x00, 0xe5, 0x00, 0x26, 0x00, 0x46, 0x00,
    0x87, 0x00, 0x87, 0x00, 0x05, 0x00, 0x41, 0x00, 0x00, 0x00, 0x00, 0x00, 0x00, 0x00, 0x00, 0x00,
    0x61, 0x00, 0x46, 0x00, 0x28, 0x00, 0x48, 0x00, 0xea, 0x00, 0xca, 0x00, 0x49, 0x00, 0x66, 0x00,
    0x05, 0x00, 0x61, 0x00, 0x00, 0x00, 0x00, 0x00, 0x00, 0x00, 0x00, 0x00, 0x00, 0x00, 0x00, 0x00,
    0x00, 0x00, 0x00, 0x00, 0x00, 0x00, 0x00, 0x00, 0x00, 0x00, 0x00, 0x00, 0x00, 0x00, 0xc2, 0x00,
    0x64, 0x00, 0xa4, 0x00, 0x67, 0x00, 0x87, 0x00, 0x08, 0x00, 0xaa, 0x00, 0x49, 0x00, 0x87, 0x00,
    0xe5, 0x00, 0xe5, 0x00, 0x26, 0x00, 0x06, 0x00, 0x84, 0x00, 0x23, 0x00, 0x66, 0x00, 0xe7, 0x00,
    0x08, 0x00, 0x28, 0x00, 0xe5, 0x00, 0x40, 0x00, 0x00, 0x00, 0x00, 0x00, 0x00, 0x00, 0x40, 0x00,
    0x03, 0x00, 0xe5, 0x00, 0x66, 0x00, 0xa7, 0x00, 0x87, 0x00, 0x67, 0x00, 0x46, 0x00, 0x46, 0x00,
    0xc5, 0x00, 0x84, 0x00, 0xc4, 0x00, 0x23, 0x00, 0xa1, 0x00, 0xc2, 0x00, 0x43, 0x00, 0x66, 0x00,
    0x89, 0x00, 0xea, 0x00, 0xea, 0x00, 0xea, 0x00, 0x89, 0x00, 0x49, 0x00, 0xc7, 0x00, 0x87, 0x00,
    0xe2, 0x00, 0x00, 0x00, 0x00, 0x00, 0x00, 0x00, 0x00, 0x00, 0x00, 0x00, 0x00, 0x00, 0x00, 0x00,
    0x00, 0x00, 0x00, 0x00, 0x00, 0x00, 0x00, 0x00, 0x00, 0x00, 0x00, 0x00, 0x00, 0x00, 0x00, 0x00,
    0x41, 0x00, 0x20, 0x00, 0xa5, 0x00, 0x87, 0x00, 0xc7, 0x00, 0x28, 0x00, 0x69, 0x00, 0x87, 0x00,
    0xc5, 0x00, 0x26, 0x00, 0x26, 0x00, 0x06, 0x00, 0x03, 0x00, 0xc5, 0x00, 0x48, 0x00, 0x48, 0x00,
    0xe7, 0x00, 0x63, 0x00, 0x00, 0x00, 0x00, 0x00, 0x00, 0x00, 0x00, 0x00, 0x00, 0x00, 0x00, 0x00,
    0x00, 0x00, 0x23, 0x00, 0x26, 0x00, 0x67, 0x00, 0x67, 0x00, 0x67, 0x00, 0x87, 0x00, 0x87, 0x00,
    0x46, 0x00, 0xa4, 0x00, 0x66, 0x00, 0x08, 0x00, 0x48, 0x00, 0x69, 0x00, 0xca, 0x00, 0x0a, 0x00,
    0xa9, 0x00, 0xa9, 0x00, 0x69, 0x00, 0xe8, 0x00, 0xe8, 0x00, 0xc8, 0x00, 0x46, 0x00, 0x81, 0x00,
    0x00, 0x00, 0x00, 0x00, 0x00, 0x00, 0x00, 0x00, 0x00, 0x00, 0x00, 0x00, 0x00, 0x00, 0x00, 0x00,
    0x00, 0x00, 0x00, 0x00, 0x00, 0x00, 0x00, 0x00, 0x00, 0x00, 0x00, 0x00, 0x00, 0x00, 0x00, 0x00,
    0x00, 0x00, 0x00, 0x00, 0x00, 0x00, 0x64, 0x00, 0x26, 0x00, 0x66, 0x00, 0x05, 0x00, 0xc5, 0x00,
    0x05, 0x00, 0x06, 0x00, 0x06, 0x00, 0x06, 0x00, 0x84, 0x00, 0xa4, 0x00, 0x86, 0x00, 0xa4, 0x00,
    0x81, 0x00, 0x00, 0x00, 0x00, 0x00, 0x00, 0x00, 0x00, 0x00, 0x00, 0x00, 0x00, 0x00, 0x00, 0x00,
    0x00, 0x00, 0x00, 0x00, 0x40, 0x00, 0x23, 0x00, 0x26, 0x00, 0x46, 0x00, 0xa7, 0x00, 0x49, 0x00,
    0xca, 0x00, 0x69, 0x00, 0x46, 0x00, 0x46, 0x00, 0x46, 0x00, 0x66, 0x00, 0xe7, 0x00, 0xa7, 0x00,
    0xc7, 0x00, 0xa7, 0x00, 0x87, 0x00, 0x46, 0x00, 0xe5, 0x00, 0x23, 0x00, 0x00, 0x00, 0x00, 0x00,
    0x00, 0x00, 0x00, 0x00, 0x00, 0x00, 0x00, 0x00, 0x00, 0x00, 0x00, 0x00, 0x00, 0x00, 0x00, 0x00,
    0x00, 0x00, 0x00, 0x00, 0x00, 0x00, 0x00, 0x00, 0x00, 0x00, 0x00, 0x00, 0x00, 0x00, 0x00, 0x00,
    0x00, 0x00, 0x00, 0x00, 0x00, 0x00, 0x00, 0x00, 0x20, 0x00, 0xe2, 0x00, 0xe7, 0x00, 0x08, 0x00,
    0x84, 0x00, 0x89, 0x00, 0x89, 0x00, 0x64, 0x00, 0xc7, 0x00, 0x05, 0x00, 0x00, 0x00, 0x00, 0x00,
    0x00, 0x00, 0x00, 0x00, 0x00, 0x00, 0x00, 0x00, 0x00, 0x00, 0x00, 0x00, 0x00, 0x00, 0x00, 0x00,
    0x00, 0x00, 0x00, 0x00, 0x00, 0x00, 0x00, 0x00, 0x81, 0x00, 0xe5, 0x00, 0x46, 0x00, 0xc7, 0x00,
    0x28, 0x00, 0xa9, 0x00, 0xc9, 0x00, 0x48, 0x00, 0xc7, 0x00, 0xc7, 0x00, 0x87, 0x00, 0x69, 0x00,
    0x05, 0x00, 0x67, 0x00, 0x46, 0x00, 0xe5, 0x00, 0xe2, 0x00, 0x00, 0x00, 0x00, 0x00, 0x00, 0x00,
    0x00, 0x00, 0x00, 0x00, 0x00, 0x00, 0x00, 0x00, 0x00, 0x00, 0x00, 0x00, 0x00, 0x00, 0x00, 0x00,
    0x00, 0x00, 0x00, 0x00, 0x00, 0x00, 0x00, 0x00, 0x00, 0x00, 0x00, 0x00, 0x00, 0x00, 0x00, 0x00,
    0x00, 0x00, 0x00, 0x00, 0x00, 0x00, 0x00, 0x00, 0x40, 0x00, 0xc7, 0x00, 0x0a, 0x00, 0xc7, 0x00,
    0xa4, 0x00, 0x89, 0x00, 0xca, 0x00, 0x84, 0x00, 0xa7, 0x00, 0x08, 0x00, 0x20, 0x00, 0x00, 0x00,
    0x00, 0x00, 0x00, 0x00, 0x00, 0x00, 0x00, 0x00, 0x00, 0x00, 0x00, 0x00, 0x00, 0x00, 0x00, 0x00,
    0x00, 0x00, 0x00, 0x00, 0x00, 0x00, 0x00, 0x00, 0x00, 0x00, 0x61, 0x00, 0x06, 0x00, 0x46, 0x00,
    0xa7, 0x00, 0xc7, 0x00, 0x89, 0x00, 0xa9, 0x00, 0x28, 0x00, 0x69, 0x00, 0x28, 0x00, 0x08, 0x00,
    0x28, 0x00, 0x23, 0x00, 0xa2, 0x00, 0x61, 0x00, 0x00, 0x00, 0x00, 0x00, 0x00, 0x00, 0x00, 0x00,
    0x00, 0x00, 0x00, 0x00, 0x00, 0x00, 0x00, 0x00, 0x00, 0x00, 0x00, 0x00, 0x00, 0x00, 0x00, 0x00,
    0x00, 0x00, 0x00, 0x00, 0x00, 0x00, 0x00, 0x00, 0x00, 0x00, 0x00, 0x00, 0x00, 0x00, 0x00, 0x00,
    0x00, 0x00, 0x00, 0x00, 0x00, 0x00, 0x00, 0x00, 0x05, 0x00, 0xaa, 0x00, 0x05, 0x00, 0x84, 0x00,
    0xa4, 0x00, 0x0a, 0x00, 0xa7, 0x00, 0x64, 0x00, 0xa7, 0x00, 0x4b, 0x00, 0xc2, 0x00, 0x00, 0x00,
    0x00, 0x00, 0x00, 0x00, 0x00, 0x00, 0x00, 0x00, 0x00, 0x00, 0x00, 0x00, 0x00, 0x00, 0x00, 0x00,
    0x00, 0x00, 0x00, 0x00, 0x00, 0x00, 0x00, 0x00, 0x00, 0x00, 0x00, 0x00, 0x02, 0x00, 0xe5, 0x00,
    0xe5, 0x00, 0x66, 0x00, 0xe8, 0x00, 0xa7, 0x00, 0x4b, 0x00, 0xe7, 0x00, 0x69, 0x00, 0x28, 0x00,
    0x25, 0x00, 0x83, 0x00, 0x00, 0x00, 0x00, 0x00, 0x00, 0x00, 0x00, 0x00, 0x00, 0x00, 0x00, 0x00,
    0x00, 0x00, 0x00, 0x00, 0x00, 0x00, 0x00, 0x00, 0x00, 0x00, 0x00, 0x00, 0x00, 0x00, 0x00, 0x00,
    0x00, 0x00, 0x00, 0x00, 0x00, 0x00, 0x00, 0x00, 0x00, 0x00, 0x00, 0x00, 0x00, 0x00, 0x00, 0x00,
    0x00, 0x00, 0x00, 0x00, 0x00, 0x00, 0x00, 0x00, 0x84, 0x00, 0x02, 0x00, 0x41, 0x00, 0x00, 0x00,
    0xa4, 0x00, 0xa9, 0x00, 0xc2, 0x00, 0x20, 0x00, 0x23, 0x00, 0x66, 0x00, 0x20, 0x00, 0x00, 0x00,
    0x00, 0x00, 0x00, 0x00, 0x00, 0x00, 0x00, 0x00, 0x00, 0x00, 0x00, 0x00, 0x00, 0x00, 0x00, 0x00,
    0x00, 0x00, 0x00, 0x00, 0x00, 0x00, 0x00, 0x00, 0x00, 0x00, 0x00, 0x00, 0x00, 0x00, 0x00, 0x00,
    0x20, 0x00, 0xa2, 0x00, 0x84, 0x00, 0x64, 0x00, 0x43, 0x00, 0x25, 0x00, 0x40, 0x00, 0x43, 0x00,
    0x00, 0x00, 0x40, 0x00, 0x00, 0x00, 0x00, 0x00, 0x00, 0x00, 0x00, 0x00, 0x00, 0x00, 0x00, 0x00,
    0x00, 0x00, 0x00, 0x00, 0x00, 0x00, 0x00, 0x00, 0x00, 0x00, 0x00, 0x00, 0x00, 0x00, 0x00, 0x00,
    0x00, 0x00, 0x00, 0x00, 0x00, 0x00, 0x00, 0x00, 0x00, 0x00, 0x00, 0x00, 0x00, 0x00, 0x00, 0x00,
    0x00, 0x00, 0x00, 0x00, 0x00, 0x00, 0x00, 0x00, 0x00, 0x00, 0x00, 0x00, 0x00, 0x00, 0x00, 0x00,
    0x40, 0x00, 0xe2, 0x00, 0x00, 0x00, 0x00, 0x00, 0x00, 0x00, 0x00, 0x00, 0x00, 0x00, 0x00, 0x00,
    0x00, 0x00, 0x00, 0x00, 0x00, 0x00, 0x00, 0x00, 0x00, 0x00, 0x00, 0x00, 0x00, 0x00, 0x00, 0x00,
    0x00, 0x00, 0x00, 0x00, 0x00, 0x00, 0x00, 0x00, 0x00, 0x00, 0x00, 0x00, 0x00, 0x00, 0x00, 0x00,
    0x00, 0x00, 0x00, 0x00, 0x00, 0x00, 0x00, 0x00, 0x00, 0x00, 0x00, 0x00, 0x00, 0x00, 0x00, 0x00,
    0x00, 0x00, 0x00, 0x00, 0x00, 0x00, 0x00, 0x00, 0x00, 0x00, 0x00, 0x00, 0x00, 0x00, 0x00, 0x00,
    0x00, 0x00, 0x00, 0x00, 0x00, 0x00, 0x00, 0x00, 0x00, 0x00, 0x00, 0x00, 0x00, 0x00, 0x00, 0x00,
    0x00, 0x00, 0x00, 0x00, 0x00, 0x00, 0x00, 0x00, 0x00, 0x00, 0x00, 0x00, 0x00, 0x00, 0x00, 0x00,
    0x00, 0x00, 0x00, 0x00, 0x00, 0x00, 0x00, 0x00, 0x00, 0x00, 0x00, 0x00, 0x00, 0x00, 0x00, 0x00,
    0x00, 0x00, 0x00, 0x00, 0x00, 0x00, 0x00, 0x00, 0x00, 0x00, 0x00, 0x00, 0x00, 0x00, 0x00, 0x00,
    0x00, 0x00, 0x00, 0x00, 0x00, 0x00, 0x00, 0x00, 0x00, 0x00, 0x00, 0x00, 0x00, 0x00, 0x00, 0x00,
    0x00, 0x00, 0x00, 0x00, 0x00, 0x00, 0x00, 0x00, 0x00, 0x00, 0x00, 0x00, 0x00, 0x00, 0x00, 0x00,
    0x00, 0x00, 0x00, 0x00, 0x00, 0x00, 0x00, 0x00, 0x00, 0x00, 0x00, 0x00, 0x00, 0x00, 0x00, 0x00,
    0x00, 0x00, 0x00, 0x00, 0x00, 0x00, 0x00, 0x00, 0x00, 0x00, 0x00, 0x00, 0x00, 0x00, 0x00, 0x00,
    0x00, 0x00, 0x00, 0x00, 0x00, 0x00, 0x00, 0x00, 0x00, 0x00, 0x00, 0x00, 0x00, 0x00, 0x00, 0x00,
    0x00, 0x00, 0x00, 0x00, 0x00, 0x00, 0x00, 0x00, 0x00, 0x00, 0x00, 0x00, 0x00, 0x00, 0x00, 0x00,
    0x00, 0x00, 0x00, 0x00, 0x00, 0x01, 0x00, 0x00, 0x00, 0x00, 0x00, 0x00, 0x00, 0x00, 0x00, 0x00,
    0x00, 0x00, 0x00, 0x00, 0x00, 0x00, 0x00, 0x00, 0x00, 0x00, 0x00, 0x00, 0x00, 0x00, 0x00, 0x00,
    0x00, 0x00, 0x00, 0x00, 0x00, 0x00, 0x00, 0x00, 0x00, 0x00, 0x00, 0x00, 0x00, 0x00, 0x00, 0x00,
    0x00, 0x00, 0x00, 0x00, 0x00, 0x00, 0x00, 0x00, 0x00, 0x00, 0x00, 0x00, 0x00, 0x00, 0x00, 0x00,
    0x00, 0x00, 0x00, 0x00, 0x5b, 0x44, 0x00, 0x00, 0x00, 0x00, 0x00, 0x00, 0x00, 0x00, 0x00, 0x00,
    0x00, 0x00, 0x00, 0x74, 0x1c, 0x00, 0x00, 0x00, 0x00, 0x00, 0x00, 0x00, 0x00, 0x00, 0x00, 0x00,
    0x00, 0x00, 0x00, 0x00, 0x00, 0x00, 0x00, 0x00, 0x00, 0x00, 0x00, 0x00, 0x00, 0x00, 0x00, 0x00,
    0x00, 0x00, 0x00, 0x00, 0x00, 0x00, 0x00, 0x00, 0x00, 0x00, 0x00, 0x00, 0x00, 0x00, 0x00, 0x00,
    0x00, 0x00, 0x00, 0x05, 0xff, 0x30, 0x00, 0x00, 0x00, 0x00, 0x00, 0x00, 0x00, 0x00, 0x00, 0x00,
    0x00, 0x00, 0x1c, 0xff, 0x0c, 0x00, 0x00, 0x00, 0x00, 0x00, 0x00, 0x00, 0x00, 0x00, 0x00, 0x00,
    0x00, 0x00, 0x00, 0x00, 0x00, 0x00, 0x00, 0x00, 0x00, 0x00, 0x00, 0x00, 0x00, 0x00, 0x00, 0x00,
    0x00, 0x00, 0x00, 0x00, 0x00, 0x00, 0x00, 0x00, 0x00, 0x00, 0x00, 0x00, 0x00, 0x00, 0x00, 0x00,
    0x00, 0x00, 0x00, 0x1f, 0xfb, 0x42, 0x00, 0x00, 0x00, 0x00, 0x00, 0x00, 0x00, 0x00, 0x00, 0x00,
    0x00, 0x00, 0x4e, 0xf9, 0x11, 0x00, 0x00, 0x02, 0x02, 0x00, 0x00, 0x00, 0x00, 0x00, 0x00, 0x00,
    0x00, 0x00, 0x00, 0x00, 0x00, 0x00, 0x00, 0x00, 0x00, 0x00, 0x00, 0x00, 0x00, 0x00, 0x00, 0x00,
    0x00, 0x00, 0x00, 0x00, 0x00, 0x00, 0x00, 0x00, 0x00, 0x00, 0x00, 0x00, 0x00, 0x00, 0x00, 0x00,
    0x00, 0x00, 0x00, 0x1b, 0xff, 0xaa, 0x00, 0x00, 0x00, 0x01, 0x4f, 0x00, 0x00, 0x00, 0x00, 0x00,
    0x00, 0x00, 0x42, 0xfd, 0x5e, 0x00, 0x03, 0xc3, 0x0a, 0x00, 0x00, 0x00, 0x00, 0x00, 0x00, 0x00,
    0x00, 0x00, 0x00, 0x00, 0x00, 0x00, 0x00, 0x00, 0x00, 0x00, 0x00, 0x00, 0x00, 0x00, 0x00, 0x00,
    0x00, 0x00, 0x00, 0x00, 0x00, 0x00, 0x00, 0x00, 0x00, 0x00, 0x00, 0x00, 0x00, 0x00, 0x00, 0x00,
    0x00, 0x00, 0x00, 0x04, 0xf5, 0xff, 0x2f, 0x00, 0x00, 0x6c, 0xe2, 0x00, 0x00, 0x00, 0x00, 0x0b,
    0x83, 0x00, 0x13, 0xff, 0xf9, 0x1a, 0x32, 0xff, 0x02, 0x00, 0x00, 0x00, 0x00, 0x00, 0x00, 0x00,
    0x00, 0x00, 0x00, 0x00, 0x00, 0x00, 0x00, 0x00, 0x00, 0x00, 0x00, 0x00, 0x00, 0x00, 0x00, 0x00,
    0x00, 0x00, 0x00, 0x00, 0x00, 0x00, 0x00, 0x00, 0x00, 0x00, 0x00, 0x00, 0x00, 0x00, 0x00, 0x00,
    0x00, 0x00, 0x00, 0x00, 0x63, 0xff, 0xfb, 0x26, 0x00, 0xcf, 0xda, 0x00, 0x00, 0x00, 0x00, 0x2e,
    0xff, 0x23, 0x00, 0x70, 0xff, 0xf7, 0xcc, 0xfd, 0x1d, 0x00, 0x00, 0x00, 0x00, 0x00, 0x00, 0x00,
    0x00, 0x00, 0x00, 0x00, 0x00, 0x00, 0x00, 0x00, 0x00, 0x00, 0x00, 0x00, 0x00, 0x00, 0x00, 0x00,
    0x00, 0x00, 0x00, 0x00, 0x00, 0x00, 0x00, 0x00, 0x00, 0x00, 0x00, 0x00, 0x00, 0x00, 0x00, 0x00,
    0x01, 0x00, 0x00, 0x00, 0x12, 0xed, 0xfb, 0xff, 0x70, 0xc7, 0xff, 0x34, 0x00, 0x0b, 0x4a, 0x26,
    0xfd, 0xff, 0x59, 0x08, 0x8f, 0xff, 0xff, 0xfd, 0xd1, 0x07, 0x00, 0x00, 0x01, 0x00, 0x00, 0x00,
    0x00, 0x00, 0x00, 0x00, 0x00, 0x00, 0x00, 0x00, 0x00, 0x00, 0x00, 0x00, 0x00, 0x00, 0x00, 0x00,
    0x00, 0x00, 0x00, 0x00, 0x00, 0x00, 0x00, 0x00, 0x00, 0x00, 0x00, 0x00, 0x00, 0x00, 0x00, 0x00,
    0x75, 0x83, 0x63, 0xa3, 0xe8, 0xf7, 0xff, 0xfd, 0xff, 0xfb, 0xf7, 0xff, 0x42, 0x0a, 0xe4, 0x4e,
    0xf5, 0xfb, 0xff, 0xf1, 0xc8, 0xfd, 0xfb, 0xfd, 0xff, 0xd5, 0x07, 0x01, 0x85, 0x00, 0x00, 0x00,
    0x00, 0x00, 0x00, 0x00, 0x00, 0x00, 0x00, 0x00, 0x00, 0x00, 0x00, 0x00, 0x00, 0x00, 0x00, 0x00,
    0x00, 0x00, 0x00, 0x00, 0x00, 0x00, 0x00, 0x00, 0x00, 0x00, 0x00, 0x00, 0x00, 0x00, 0x00, 0x00,
    0x13, 0xff, 0xff, 0xff, 0xff, 0xff, 0xfb, 0xff, 0xff, 0xff, 0xff, 0xfd, 0xff, 0xc7, 0xf5, 0xf3,
    0xf7, 0xff, 0xf9, 0xff, 0xff, 0xff, 0xff, 0xff, 0xf9, 0xff, 0xb4, 0x02, 0xef, 0x0d, 0x00, 0x00,
    0x00, 0x00, 0x00, 0x00, 0x00, 0x00, 0x00, 0x00, 0x00, 0x00, 0x00, 0x00, 0x00, 0x00, 0x00, 0x00,
    0x00, 0x00, 0x00, 0x00, 0x00, 0x00, 0x00, 0x00, 0x00, 0x00, 0x00, 0x00, 0x00, 0x00, 0x00, 0x00,
    0x00, 0x0b, 0x55, 0x6f, 0x4a, 0x15, 0x01, 0x04, 0x17, 0x49, 0xc3, 0xff, 0xf7, 0xff, 0xff, 0xff,
    0xff, 0xff, 0xff, 0xfd, 0xfd, 0xff, 0xff, 0xff, 0xff, 0xfb, 0xff, 0x82, 0xfb, 0x15, 0x00, 0x00,
    0x00, 0x00, 0x00, 0x00, 0x00, 0x00, 0x00, 0x00, 0x00, 0x00, 0x00, 0x00, 0x00, 0x00, 0x00, 0x00,
    0x00, 0x00, 0x00, 0x00, 0x00, 0x00, 0x00, 0x00, 0x00, 0x00, 0x00, 0x00, 0x00, 0x00, 0x00, 0x00,
    0x00, 0x00, 0x00, 0x00, 0x00, 0x01, 0x5b, 0x03, 0x00, 0x00, 0x01, 0x89, 0xfd, 0xf7, 0xff, 0xfd,
    0xff, 0xff, 0xff, 0xff, 0xff, 0xff, 0xff, 0xff, 0xff, 0xff, 0xfd, 0xff, 0xff, 0x0e, 0x00, 0x00,
    0x00, 0x00, 0x00, 0x00, 0x00, 0x00, 0x00, 0x00, 0x00, 0x00, 0x00, 0x00, 0x00, 0x00, 0x00, 0x00,
    0x00, 0x00, 0x00, 0x00, 0x00, 0x00, 0x00, 0x00, 0x00, 0x00, 0x00, 0x00, 0x00, 0x00, 0x00, 0x00,
    0x00, 0x00, 0x00, 0x00, 0x00, 0x00, 0xb5, 0xfb, 0x7c, 0x61, 0xaf, 0xf1, 0xfd, 0xff, 0xff, 0xff,
    0xff, 0xff, 0xff, 0xff, 0xff, 0xff, 0xff, 0xff, 0xff, 0xff, 0xff, 0xf5, 0xfd, 0x63, 0x02, 0x00,
    0x00, 0x00, 0x00, 0x00, 0x00, 0x00, 0x00, 0x00, 0x00, 0x00, 0x00, 0x00, 0x00, 0x00, 0x00, 0x00,
    0x00, 0x00, 0x00, 0x00, 0x00, 0x00, 0x00, 0x00, 0x00, 0x00, 0x00, 0x00, 0x00, 0x00, 0x00, 0x00,
    0x00, 0x00, 0x00, 0x00, 0x00, 0x00, 0x06, 0xe0, 0xff, 0xff, 0xff, 0xff, 0xff, 0xff, 0xff, 0xff,
    0xff, 0xff, 0xff, 0xff, 0xff, 0xff, 0xff, 0xff, 0xff, 0xff, 0xff, 0xff, 0xfd, 0xff, 0xc5, 0x06,
    0x00, 0x00, 0x00, 0x00, 0x00, 0x00, 0x00, 0x00, 0x00, 0x00, 0x00, 0x00, 0x00, 0x00, 0x00, 0x00,
    0x00, 0x00, 0x00, 0x00, 0x00, 0x00, 0x00, 0x00, 0x00, 0x00, 0x00, 0x00, 0x00, 0x00, 0x00, 0x00,
    0x00, 0x00, 0x00, 0x00, 0x00, 0x00, 0x00, 0x0f, 0xda, 0xf3, 0xf9, 0xff, 0xff, 0xff, 0xff, 0xff,
    0xff, 0xff, 0xff, 0xff, 0xff, 0xff, 0xff, 0xff, 0xff, 0xff, 0xff, 0xff, 0xff, 0xf3, 0xff, 0x77,
    0x00, 0x00, 0x00, 0x00, 0x00, 0x00, 0x00, 0x00, 0x00, 0x00, 0x00, 0x00, 0x00, 0x00, 0x00, 0x00,
    0x00, 0x00, 0x00, 0x00, 0x00, 0x00, 0x00, 0x00, 0x00, 0x00, 0x00, 0x00, 0x00, 0x00, 0x00, 0x00,
    0x00, 0x00, 0x00, 0x01, 0x05, 0x19, 0x5c, 0xb5, 0xf3, 0xff, 0xff, 0xff, 0xff, 0xff, 0xff, 0xff,
    0xff, 0xff, 0xff, 0xff, 0xff, 0xff, 0xff, 0xff, 0xff, 0xff, 0xff, 0xff, 0xff, 0xf7, 0xfb, 0x4e,
    0x00, 0x00, 0x00, 0x00, 0x00, 0x00, 0x00, 0x00, 0x00, 0x00, 0x00, 0x00, 0x00, 0x00, 0x00, 0x00,
    0x00, 0x00, 0x00, 0x00, 0x00, 0x00, 0x00, 0x00, 0x00, 0x00, 0x00, 0x00, 0x00, 0x00, 0x00, 0x00,
    0x00, 0x00, 0x03, 0xc1, 0xff, 0xff, 0xff, 0xff, 0xff, 0xff, 0xff, 0xff, 0xff, 0xff, 0xff, 0xff,
    0xff, 0xff, 0xff, 0xff, 0xff, 0xff, 0xff, 0xff, 0xff, 0xff, 0xff, 0xff, 0xff, 0xfd, 0xfb, 0x66,
    0x04, 0x00, 0x00, 0x00, 0x00, 0x00, 0x00, 0x00, 0x00, 0x00, 0x00, 0x00, 0x00, 0x00, 0x00, 0x00,
    0x00, 0x00, 0x00, 0x00, 0x00, 0x00, 0x00, 0x00, 0x00, 0x00, 0x00, 0x00, 0x00, 0x00, 0x00, 0x00,
    0x00, 0x00, 0x00, 0x0e, 0x9e, 0xff, 0xff, 0xfb, 0xff, 0xff, 0xff, 0xff, 0xff, 0xff, 0xff, 0xff,
    0xff, 0xff, 0xff, 0xff, 0xff, 0xff, 0xff, 0xff, 0xff, 0xff, 0xff, 0xff, 0xff, 0xff, 0xfb, 0xff,
    0xcc, 0x02, 0x00, 0x00, 0x00, 0x00, 0x00, 0x00, 0x00, 0x00, 0x00, 0x00, 0x00, 0x00, 0x00, 0x00,
    0x00, 0x00, 0x00, 0x00, 0x00, 0x00, 0x00, 0x00, 0x00, 0x00, 0x00, 0x00, 0x00, 0x00, 0x00, 0x00,
    0x00, 0x00, 0x00, 0x00, 0x00, 0x0c, 0x89, 0xfd, 0xfd, 0xff, 0xff, 0xff, 0xff, 0xff, 0xff, 0xff,
    0xff, 0xff, 0xff, 0xff, 0xff, 0xff, 0xff, 0xff, 0xff, 0xff, 0xff, 0xff, 0xff, 0xff, 0xff, 0xf3,
    0xff, 0x26, 0x00, 0x00, 0x00, 0x00, 0x00, 0x00, 0x00, 0x00, 0x00, 0x00, 0x00, 0x00, 0x00, 0x00,
    0x00, 0x00, 0x00, 0x00, 0x00, 0x00, 0x00, 0x00, 0x00, 0x00, 0x00, 0x00, 0x00, 0x00, 0x00, 0x00,
    0x00, 0x00, 0x00, 0x00, 0x00, 0x54, 0xe2, 0xfb, 0xff, 0xff, 0xff, 0xff, 0xff, 0xff, 0xff, 0xff,
    0xff, 0xff, 0xff, 0xff, 0xff, 0xff, 0xff, 0xff, 0xff, 0xff, 0xff, 0xff, 0xff, 0xff, 0xff, 0xf7,
    0xfb, 0x38, 0x00, 0x00, 0x00, 0x00, 0x00, 0x00, 0x00, 0x00, 0x00, 0x00, 0x00, 0x00, 0x00, 0x00,
    0x00, 0x00, 0x00, 0x00, 0x00, 0x00, 0x00, 0x00, 0x00, 0x00, 0x00, 0x00, 0x00, 0x00, 0x00, 0x00,
    0x00, 0x00, 0x00, 0x00, 0x7f, 0xff, 0xfd, 0xff, 0xff, 0xff, 0xff, 0xff, 0xff, 0xff, 0xff, 0xff,
    0xff, 0xff, 0xff, 0xff, 0xff, 0xff, 0xff, 0xff, 0xff, 0xff, 0xff, 0xff, 0xff, 0xff, 0xfb, 0xf9,
    0xff, 0x15, 0x00, 0x00, 0x00, 0x00, 0x00, 0x00, 0x00, 0x00, 0x00, 0x00, 0x00, 0x00, 0x00, 0x00,
    0x00, 0x00, 0x00, 0x00, 0x00, 0x00, 0x00, 0x00, 0x00, 0x00, 0x00, 0x00, 0x00, 0x00, 0x00, 0x00,
    0x00, 0x00, 0x04, 0xa5, 0xff, 0xff, 0xff, 0xff, 0xff, 0xff, 0xff, 0xff, 0xff, 0xff, 0xff, 0xff,
    0xff, 0xff, 0xff, 0xff, 0xff, 0xff, 0xff, 0xff, 0xff, 0xff, 0xff, 0xff, 0xff, 0xff, 0xff, 0xff,
    0x85, 0x00, 0x00, 0x00, 0x00, 0x00, 0x00, 0x00, 0x00, 0x00, 0x00, 0x00, 0x00, 0x00, 0x00, 0x00,
    0x00, 0x00, 0x00, 0x00, 0x00, 0x00, 0x00, 0x00, 0x00, 0x00, 0x00, 0x00, 0x00, 0x00, 0x00, 0x00,
    0x00, 0x00, 0x0d, 0xa0, 0xbe, 0xb4, 0x92, 0xfb, 0xfd, 0xff, 0xff, 0xff, 0xff, 0xff, 0xff, 0xff,
    0xff, 0xff, 0xff, 0xff, 0xff, 0xff, 0xff, 0xff, 0xff, 0xff, 0xff, 0xff, 0xfd, 0xff, 0x88, 0xef,
    0x09, 0x00, 0x00, 0x00, 0x00, 0x00, 0x00, 0x00, 0x00, 0x00, 0x00, 0x00, 0x00, 0x00, 0x00, 0x00,
    0x00, 0x00, 0x00, 0x00, 0x00, 0x00, 0x00, 0x00, 0x00, 0x00, 0x00, 0x00, 0x00, 0x00, 0x00, 0x00,
    0x00, 0x00, 0x00, 0x00, 0x00, 0x00, 0x75, 0xff, 0xf9, 0xff, 0xff, 0xff, 0xff, 0xff, 0xff, 0xff,
    0xff, 0xff, 0xff, 0xff, 0xff, 0xff, 0xff, 0xff, 0xff, 0xff, 0xff, 0xf9, 0xff, 0x43, 0x00, 0x0e,
    0x00, 0x00, 0x00, 0x00, 0x00, 0x00, 0x00, 0x00, 0x00, 0x00, 0x00, 0x00, 0x00, 0x00, 0x00, 0x00,
    0x00, 0x00, 0x00, 0x00, 0x00, 0x00, 0x00, 0x00, 0x00, 0x00, 0x00, 0x00, 0x00, 0x00, 0x00, 0x00,
    0x00, 0x00, 0x00, 0x00, 0x00, 0x1c, 0xff, 0xf7, 0xff, 0xff, 0xff, 0xff, 0xff, 0xff, 0xff, 0xff,
    0xff, 0xff, 0xff, 0xff, 0xff, 0xff, 0xff, 0xff, 0xff, 0xff, 0xfb, 0xff, 0xca, 0x00, 0x00, 0x00,
    0x00, 0x00, 0x00, 0x00, 0x00, 0x00, 0x00, 0x00, 0x00, 0x00, 0x00, 0x00, 0x00, 0x00, 0x00, 0x00,
    0x00, 0x00, 0x00, 0x00, 0x00, 0x00, 0x00, 0x00, 0x00, 0x00, 0x00, 0x00, 0x00, 0x00, 0x00, 0x00,
    0x00, 0x00, 0x00, 0x00, 0x00, 0x86, 0xff, 0xff, 0xf9, 0xff, 0xff, 0xff, 0xff, 0xff, 0xff, 0xff,
    0xff, 0xff, 0xff, 0xff, 0xff, 0xff, 0xff, 0xff, 0xff, 0xff, 0xf7, 0xff, 0x6b, 0x00, 0x00, 0x00,
    0x00, 0x00, 0x00, 0x00, 0x00, 0x00, 0x00, 0x00, 0x00, 0x00, 0x0d, 0x00, 0x00, 0x00, 0x00, 0x00,
    0x00, 0x00, 0x00, 0x00, 0x00, 0x00, 0x00, 0x00, 0x00, 0x00, 0x00, 0x00, 0x00, 0x00, 0x00, 0x00,
    0x00, 0x00, 0x00, 0x00, 0x00, 0xc3, 0xc5, 0x3b, 0xeb, 0xfd, 0xff, 0xff, 0xff, 0xff, 0xff, 0xff,
    0xff, 0xff, 0xff, 0xff, 0xff, 0xff, 0xff, 0xff, 0xff, 0xff, 0xf7, 0xff, 0x42, 0x00, 0x00, 0x00,
    0x00, 0x00, 0x00, 0x00, 0x00, 0x00, 0x00, 0x00, 0x00, 0x00, 0xb0, 0x0a, 0x00, 0x00, 0x00, 0x00,
    0x00, 0x00, 0x00, 0x00, 0x00, 0x00, 0x00, 0x00, 0x00, 0x00, 0x00, 0x00, 0x00, 0x00, 0x00, 0x00,
    0x00, 0x00, 0x00, 0x00, 0x00, 0x0e, 0x01, 0x1a, 0xff, 0xf7, 0xff, 0xff, 0xff, 0xff, 0xff, 0xff,
    0xff, 0xff, 0xff, 0xff, 0xff, 0xff, 0xfd, 0xff, 0xff, 0xff, 0xf7, 0xff, 0x3c, 0x00, 0x00, 0x00,
    0x00, 0x00, 0x00, 0x00, 0x00, 0x00, 0x00, 0x00, 0x00, 0x0a, 0xff, 0x28, 0x00, 0x00, 0x00, 0x00,
    0x00, 0x00, 0x00, 0x00, 0x00, 0x00, 0x00, 0x00, 0x00, 0x00, 0x00, 0x00, 0x00, 0x00, 0x00, 0x01,
    0x00, 0x00, 0x00, 0x00, 0x00, 0x00, 0x00, 0x30, 0xf7, 0xf5, 0xff, 0xff, 0xff, 0xff, 0xff, 0xff,
    0xff, 0xff, 0xff, 0xff, 0xff, 0xff, 0xff, 0xfd, 0xff, 0xff, 0xfb, 0xff, 0x91, 0x73, 0x06, 0x00,
    0x00, 0x00, 0x00, 0x00, 0x00, 0x00, 0x00, 0x00, 0x01, 0xaa, 0xfd, 0x4e, 0x00, 0x00, 0x00, 0x00,
    0x00, 0x00, 0x00, 0x00, 0x00, 0x00, 0x00, 0x00, 0x00, 0x00, 0x00, 0x00, 0x00, 0x00, 0x00, 0xab,
    0xa5, 0x37, 0x01, 0x00, 0x00, 0x00, 0x00, 0x10, 0xff, 0xff, 0xff, 0xff, 0xff, 0xff, 0xff, 0xff,
    0xff, 0xff, 0xff, 0xff, 0xff, 0xed, 0xd5, 0xff, 0xfd, 0xff, 0xff, 0xfd, 0xff, 0xf7, 0x01, 0x00,
    0x00, 0x00, 0x00, 0x00, 0x00, 0x00, 0x00, 0x03, 0xa8, 0xff, 0xff, 0x68, 0x00, 0x00, 0x00, 0x00,
    0x00, 0x00, 0x00, 0x00, 0x00, 0x00, 0x00, 0x00, 0x00, 0x00, 0x02, 0x0e, 0x20, 0x2a, 0x19, 0x57,
    0xff, 0xff, 0xc0, 0x0c, 0x1c, 0x40, 0x00, 0x01, 0x4d, 0xd7, 0xfb, 0xfd, 0xff, 0xff, 0xff, 0xff,
    0xff, 0xff, 0xff, 0xff, 0xfb, 0xf5, 0x36, 0xd3, 0xff, 0xf7, 0xff, 0xf3, 0xff, 0x5e, 0x00, 0x00,
    0x00, 0x00, 0x00, 0x00, 0x00, 0x00, 0x02, 0xb7, 0xff, 0xef, 0xfd, 0x61, 0x00, 0x00, 0x00, 0x00,
    0x00, 0x00, 0x00, 0x00, 0x00, 0x00, 0x00, 0x00, 0x00, 0x04, 0x86, 0xff, 0xff, 0xff, 0xff, 0xf3,
    0xf9, 0xf7, 0xff, 0xed, 0x80, 0xff, 0x4e, 0x00, 0x00, 0x74, 0xff, 0xf1, 0xff, 0xff, 0xff, 0xff,
    0xff, 0xff, 0xff, 0xff, 0xf9, 0xff, 0x75, 0x10, 0xff, 0xff, 0xff, 0xff, 0xe9, 0x05, 0x00, 0x00,
    0x00, 0x00, 0x00, 0x00, 0x00, 0x00, 0x71, 0xff, 0xf5, 0xf7, 0xff, 0x34, 0x00, 0x00, 0x00, 0x00,
    0x00, 0x00, 0x00, 0x00, 0x00, 0x00, 0x00, 0x00, 0x00, 0x00, 0x04, 0x82, 0xf7, 0xf3, 0xf9, 0xff,
    0xff, 0xff, 0xfb, 0xff, 0xff, 0xf5, 0xff, 0x26, 0x06, 0x13, 0xd5, 0xff, 0xfd, 0xff, 0xff, 0xff,
    0xff, 0xff, 0xff, 0xff, 0xff, 0xf9, 0xff, 0x29, 0x0a, 0xa6, 0xe8, 0xab, 0x11, 0x00, 0x00, 0x00,
    0x00, 0x02, 0x1c, 0x06, 0x00, 0x04, 0xf7, 0xfb, 0xfb, 0xff, 0xed, 0x03, 0x00, 0x00, 0x00, 0x00,
    0x00, 0x00, 0x00, 0x00, 0x00, 0x00, 0x00, 0x00, 0x00, 0x33, 0xcc, 0xff, 0xfd, 0xff, 0xff, 0xff,
    0xff, 0xff, 0xff, 0xfd, 0xfb, 0xfd, 0xfb, 0xe9, 0xa8, 0xa3, 0x04, 0x55, 0xfd, 0xfb, 0xff, 0xff,
    0xff, 0xff, 0xff, 0xff, 0xff, 0xff, 0xf9, 0xff, 0x41, 0x00, 0x04, 0x00, 0x00, 0x00, 0x00, 0x0e,
    0x98, 0xd7, 0xff, 0xd9, 0x00, 0x09, 0xff, 0xfd, 0xfb, 0xfd, 0x16, 0x00, 0x00, 0x00, 0x00, 0x00,
    0x00, 0x00, 0x00, 0x00, 0x00, 0x00, 0x00, 0x05, 0x94, 0xff, 0xff, 0xfd, 0xff, 0xff, 0xff, 0xff,
    0xff, 0xff, 0xff, 0xff, 0xff, 0xff, 0xff, 0xff, 0xff, 0xff, 0x1c, 0x4d, 0xff, 0xf9, 0xff, 0xff,
    0xff, 0xff, 0xff, 0xff, 0xff, 0xff, 0xff, 0xf9, 0xff, 0x5f, 0x00, 0x00, 0x00, 0x00, 0x03, 0xbc,
    0xff, 0xff, 0xf3, 0xff, 0x31, 0x02, 0xfb, 0xfb, 0xfd, 0x70, 0x23, 0x0a, 0x00, 0x00, 0x00, 0x00,
    0x00, 0x00, 0x00, 0x00, 0x00, 0x00, 0x1f, 0xf9, 0xff, 0xf7, 0xfd, 0xff, 0xff, 0xff, 0xff, 0xff,
    0xff, 0xff, 0xff, 0xff, 0xff, 0xff, 0xff, 0xfd, 0xfb, 0xfb, 0xe8, 0xff, 0xff, 0xff, 0xff, 0xff,
    0xff, 0xff, 0xff, 0xff, 0xff, 0xff, 0xff, 0xff, 0xf5, 0xff, 0x1f, 0x00, 0x00, 0x00, 0x91, 0xff,
    0xf5, 0xfd, 0xfd, 0xf9, 0xff, 0x11, 0xb2, 0xff, 0xf3, 0xe6, 0x98, 0x02, 0x00, 0x00, 0x00, 0x00,
    0x00, 0x00, 0x00, 0x00, 0x00, 0x03, 0x86, 0x79, 0xe9, 0xfd, 0xff, 0xff, 0xff, 0xff, 0xff, 0xff,
    0xff, 0xff, 0xff, 0xff, 0xff, 0xff, 0xff, 0xff, 0xff, 0xff, 0xff, 0xff, 0xff, 0xff, 0xff, 0xff,
    0xff, 0xff, 0xff, 0xff, 0xff, 0xff, 0xff, 0xff, 0xf9, 0xfb, 0xa3, 0x00, 0x00, 0x00, 0xb0, 0xff,
    0xf9, 0xff, 0xff, 0xf7, 0xff, 0x24, 0x5c, 0xff, 0xfd, 0xce, 0x00, 0x00, 0x00, 0x00, 0x00, 0x00,
    0x00, 0x00, 0x00, 0x00, 0x00, 0x00, 0x01, 0x95, 0xfd, 0xfb, 0xff, 0xff, 0xff, 0xff, 0xff, 0xff,
    0xff, 0xff, 0xff, 0xff, 0xff, 0xff, 0xff, 0xff, 0xff, 0xff, 0xfd, 0xff, 0xff, 0xff, 0xff, 0xff,
    0xff, 0xff, 0xff, 0xff, 0xff, 0xff, 0xff, 0xff, 0xff, 0xfd, 0xf9, 0x05, 0x00, 0x00, 0x12, 0xf5,
    0xfb, 0xff, 0xff, 0xfb, 0xfd, 0x0b, 0x26, 0xff, 0xff, 0x2f, 0x00, 0x00, 0x00, 0x00, 0x00, 0x00,
    0x00, 0x00, 0x00, 0x00, 0x00, 0x00, 0x9a, 0xff, 0xfb, 0xff, 0xff, 0xff, 0xff, 0xff, 0xff, 0xff,
    0xff, 0xff, 0xff, 0xff, 0xff, 0xff, 0xff, 0xff, 0xff, 0xff, 0xff, 0xff, 0xff, 0xff, 0xff, 0xff,
    0xff, 0xff, 0xff, 0xff, 0xff, 0xff, 0xff, 0xff, 0xff, 0xf7, 0xff, 0x2a, 0x00, 0x00, 0x02, 0xed,
    0xff, 0xfd, 0xff, 0xf7, 0xff, 0x27, 0x02, 0xfd, 0xff, 0x0b, 0x00, 0x00, 0x00, 0x00, 0x00, 0x00,
    0x00, 0x00, 0x00, 0x00, 0x00, 0x54, 0xff, 0xf5, 0xff, 0xff, 0xff, 0xff, 0xff, 0xff, 0xff, 0xff,
    0xff, 0xff, 0xff, 0xff, 0xff, 0xff, 0xff, 0xff, 0xff, 0xff, 0xff, 0xff, 0xff, 0xff, 0xff, 0xff,
    0xff, 0xff, 0xff, 0xff, 0xff, 0xff, 0xff, 0xff, 0xff, 0xfd, 0xfd, 0xd5, 0x06, 0x0e, 0xba, 0xff,
    0xfd, 0xff, 0xfb, 0xfb, 0xff, 0x08, 0x00, 0x91, 0xfd, 0x0c, 0x00, 0x00, 0x00, 0x00, 0x00, 0x00,
    0x00, 0x00, 0x00, 0x00, 0x10, 0xff, 0xf5, 0xff, 0xff, 0xff, 0xff, 0xff, 0xff, 0xff, 0xff, 0xff,
    0xf9, 0xf7, 0xf7, 0xfd, 0xff, 0xff, 0xff, 0xff, 0xff, 0xff, 0xff, 0xff, 0xff, 0xff, 0xff, 0xff,
    0xff, 0xff, 0xff, 0xff, 0xff, 0xff, 0xff, 0xff, 0xff, 0xff, 0xfd, 0xff, 0xe4, 0xf9, 0xff, 0xfd,
    0xff, 0xf9, 0xff, 0xff, 0x2d, 0x00, 0x00, 0x08, 0xff, 0x2f, 0x00, 0x00, 0x00, 0x00, 0x00, 0x00,
    0x00, 0x00, 0x00, 0x00, 0x8f, 0x92, 0xe9, 0xfd, 0xff, 0xff, 0xff, 0xff, 0xff, 0xff, 0xfd, 0xfd,
    0xff, 0xff, 0xff, 0xff, 0xff, 0xff, 0xff, 0xff, 0xff, 0xff, 0xff, 0xff, 0xff, 0xff, 0xff, 0xff,
    0xff, 0xff, 0xff, 0xff, 0xff, 0xff, 0xff, 0xff, 0xff, 0xff, 0xff, 0xfd, 0xff, 0xff, 0xfb, 0xff,
    0xf9, 0xff, 0xe0, 0x1c, 0x00, 0x00, 0x0f, 0x17, 0x85, 0xbc, 0x00, 0x00, 0x00, 0x00, 0x00, 0x00,
    0x00, 0x00, 0x00, 0x01, 0x0d, 0x75, 0xff, 0xf9, 0xff, 0xff, 0xff, 0xff, 0xff, 0xfd, 0xff, 0xff,
    0x77, 0x37, 0x4d, 0xcc, 0xfd, 0xfd, 0xff, 0xff, 0xff, 0xff, 0xff, 0xff, 0xff, 0xff, 0xff, 0xff,
    0xff, 0xff, 0xff, 0xff, 0xff, 0xff, 0xff, 0xff, 0xff, 0xff, 0xff, 0xff, 0xfd, 0xfd, 0xff, 0xf5,
    0xff, 0xad, 0x06, 0x00, 0x00, 0x00, 0x07, 0xff, 0xc7, 0xff, 0x0c, 0x00, 0x00, 0x00, 0x00, 0x00,
    0x00, 0x00, 0x00, 0x00, 0x05, 0xff, 0xfd, 0xff, 0xff, 0xff, 0xff, 0xff, 0xfd, 0xfb, 0xe9, 0x19,
    0x00, 0x00, 0x00, 0x2a, 0xfd, 0xf7, 0xff, 0xff, 0xff, 0xff, 0xff, 0xff, 0xff, 0xff, 0xff, 0xff,
    0xff, 0xff, 0xff, 0xff, 0xff, 0xff, 0xff, 0xff, 0xfd, 0xf9, 0xfb, 0xff, 0xff, 0xff, 0xfb, 0xff,
    0xb5, 0x02, 0x00, 0x00, 0x00, 0x00, 0x00, 0x4f, 0xff, 0xfd, 0x47, 0x00, 0x00, 0x00, 0x00, 0x00,
    0x00, 0x00, 0x00, 0x00, 0x4d, 0xff, 0xf7, 0xff, 0xff, 0xff, 0xff, 0xff, 0xfb, 0xff, 0x1e, 0x00,
    0x00, 0x00, 0x00, 0x0b, 0xff, 0xfd, 0xff, 0xff, 0xff, 0xff, 0xff, 0xff, 0xff, 0xff, 0xff, 0xff,
    0xff, 0xff, 0xff, 0xff, 0xff, 0xff, 0xff, 0xff, 0xff, 0xff, 0xff, 0xf9, 0xf7, 0xfb, 0xf9, 0x62,
    0x02, 0x00, 0x00, 0x00, 0x00, 0x00, 0x00, 0x05, 0xef, 0xff, 0x9d, 0x00, 0x00, 0x00, 0x00, 0x00,
    0x00, 0x00, 0x00, 0x00, 0xab, 0xff, 0xfb, 0xff, 0xff, 0xff, 0xff, 0xf9, 0xff, 0x95, 0x00, 0x00,
    0x00, 0x00, 0x00, 0x00, 0x4e, 0xfd, 0xf9, 0xff, 0xff, 0xff, 0xff, 0xff, 0xff, 0xff, 0xff, 0xff,
    0xff, 0xff, 0xff, 0xff, 0xff, 0xff, 0xf9, 0xff, 0x9a, 0x2d, 0xb7, 0xff, 0xff, 0xff, 0x91, 0x00,
    0x00, 0x00, 0x00, 0x00, 0x00, 0x00, 0x00, 0x00, 0xb2, 0xff, 0xc8, 0x00, 0x00, 0x00, 0x00, 0x00,
    0x00, 0x00, 0x00, 0x03, 0xf1, 0xff, 0xfd, 0xff, 0xff, 0xff, 0xff, 0xf7, 0xff, 0x3a, 0x00, 0x00,
    0x00, 0x00, 0x00, 0x04, 0x58, 0xf7, 0xfd, 0xff, 0xff, 0xff, 0xff, 0xff, 0xff, 0xff, 0xff, 0xff,
    0xff, 0xff, 0xff, 0xff, 0xff, 0xff, 0xfb, 0xef, 0x11, 0x00, 0x00, 0x21, 0x34, 0x09, 0x01, 0x00,
    0x00, 0x00, 0x00, 0x00, 0x00, 0x00, 0x00, 0x00, 0xab, 0xff, 0xc1, 0x00, 0x00, 0x00, 0x00, 0x00,
    0x00, 0x00, 0x00, 0x0e, 0xff, 0xfd, 0xff, 0xff, 0xff, 0xff, 0xff, 0xf7, 0xff, 0x2e, 0x00, 0x00,
    0x00, 0x00, 0x1a, 0xde, 0xff, 0xfd, 0xff, 0xff, 0xff, 0xff, 0xff, 0xff, 0xff, 0xff, 0xff, 0xff,
    0xff, 0xff, 0xff, 0xff, 0xff, 0xff, 0xff, 0xf3, 0xb5, 0x80, 0x14, 0x00, 0x00, 0x00, 0x00, 0x00,
    0x00, 0x00, 0x00, 0x00, 0x00, 0x00, 0x0b, 0x03, 0xe4, 0xff, 0xd9, 0x44, 0x00, 0x00, 0x00, 0x00,
    0x00, 0x00, 0x00, 0x13, 0xff, 0xf7, 0xff, 0xff, 0xff, 0xff, 0xff, 0xf7, 0xff, 0x66, 0x00, 0x00,
    0x00, 0x01, 0xb4, 0xff, 0xf5, 0xff, 0xff, 0xff, 0xff, 0xff, 0xff, 0xff, 0xff, 0xff, 0xff, 0xff,
    0xff, 0xff, 0xff, 0xff, 0xff, 0xff, 0xff, 0xff, 0xff, 0xff, 0xff, 0x2f, 0x00, 0x00, 0x00, 0x00,
    0x00, 0x00, 0x00, 0x00, 0x00, 0x00, 0x83, 0x55, 0xf9, 0xf7, 0xff, 0x64, 0x00, 0x00, 0x00, 0x00,
    0x00, 0x00, 0x00, 0x10, 0xe6, 0x61, 0xff, 0xfb, 0xff, 0xff, 0xff, 0xfd, 0xfb, 0xed, 0x11, 0x00,
    0x00, 0x00, 0x9d, 0xfb, 0xfb, 0xff, 0xff, 0xff, 0xff, 0xff, 0xff, 0xff, 0xff, 0xff, 0xff, 0xff,
    0xff, 0xff, 0xff, 0xff, 0xff, 0xff, 0xff, 0xff, 0xfb, 0xf7, 0xf9, 0xff, 0x12, 0x00, 0x00, 0x00,
    0x00, 0x00, 0x00, 0x00, 0x00, 0x00, 0x98, 0xf5, 0xfb, 0xf7, 0xff, 0x22, 0x00, 0x00, 0x00, 0x00,
    0x00, 0x00, 0x00, 0x03, 0x2a, 0x16, 0xff, 0xf9, 0xff, 0xff, 0xff, 0xff, 0xfd, 0xff, 0xf5, 0x0f,
    0x06, 0x89, 0xff, 0xfb, 0xff, 0xff, 0xff, 0xff, 0xff, 0xff, 0xff, 0xff, 0xff, 0xff, 0xff, 0xff,
    0xff, 0xff, 0xff, 0xff, 0xff, 0xff, 0xff, 0xff, 0xff, 0xff, 0xf9, 0xfd, 0xaa, 0x00, 0x00, 0x00,
    0x00, 0x00, 0x00, 0x00, 0x00, 0x01, 0xe2, 0xff, 0xf9, 0xfb, 0xd7, 0x01, 0x00, 0x00, 0x00, 0x00,
    0x00, 0x00, 0x00, 0x00, 0x00, 0x05, 0xf7, 0xff, 0xff, 0xff, 0xff, 0xff, 0xff, 0xfd, 0xff, 0xdc,
    0xf5, 0xff, 0xfb, 0xff, 0xff, 0xff, 0xff, 0xff, 0xff, 0xff, 0xff, 0xff, 0xff, 0xff, 0xff, 0xff,
    0xff, 0xff, 0xff, 0xff, 0xff, 0xff, 0xff, 0xff, 0xff, 0xff, 0xfd, 0xfd, 0xf3, 0x03, 0x00, 0x00,
    0x00, 0x00, 0x00, 0x00, 0x00, 0x31, 0xff, 0xf7, 0xf9, 0xff, 0x31, 0x00, 0x00, 0x00, 0x00, 0x00,
    0x00, 0x00, 0x00, 0x00, 0x00, 0x00, 0xb5, 0xfd, 0xfb, 0xff, 0xff, 0xff, 0xff, 0xff, 0xfd, 0xff,
    0xff, 0xfb, 0xff, 0xff, 0xff, 0xff, 0xff, 0xff, 0xff, 0xff, 0xff, 0xff, 0xf9, 0xf9, 0xfb, 0xff,
    0xff, 0xff, 0xff, 0xff, 0xff, 0xff, 0xff, 0xff, 0xff, 0xff, 0xf9, 0xfb, 0xc7, 0x00, 0x00, 0x00,
    0x00, 0x00, 0x00, 0x00, 0x03, 0xdc, 0xfb, 0xf7, 0xff, 0x89, 0x00, 0x00, 0x00, 0x00, 0x00, 0x00,
    0x00, 0x00, 0x00, 0x00, 0x00, 0x00, 0x4e, 0xff, 0xf5, 0xfd, 0xff, 0xff, 0xff, 0xff, 0xff, 0xfd,
    0xfd, 0xff, 0xff, 0xff, 0xff, 0xff, 0xff, 0xff, 0xff, 0xff, 0xfb, 0xfd, 0xff, 0xff, 0xff, 0xfb,
    0xfb, 0xff, 0xff, 0xff, 0xff, 0xff, 0xff, 0xff, 0xff, 0xff, 0xff, 0xff, 0x25, 0x00, 0x00, 0x00,
    0x00, 0x00, 0x46, 0x2f, 0x9e, 0xff, 0xfb, 0xfb, 0xf3, 0x11, 0x00, 0x00, 0x00, 0x00, 0x00, 0x00,
    0x00, 0x00, 0x00, 0x00, 0x00, 0x00, 0x06, 0xf7, 0xff, 0xff, 0xfd, 0xff, 0xff, 0xff, 0xff, 0xff,
    0xff, 0xff, 0xff, 0xff, 0xff, 0xff, 0xff, 0xff, 0xff, 0xf9, 0xff, 0xff, 0x98, 0x78, 0xb9, 0xff,
    0xff, 0xfd, 0xff, 0xff, 0xff, 0xff, 0xff, 0xff, 0xfd, 0xfb, 0xe2, 0x25, 0x00, 0x00, 0x00, 0x00,
    0x07, 0x7c, 0xff, 0xed, 0xff, 0xfd, 0xfb, 0xfb, 0xff, 0x0d, 0x00, 0x00, 0x00, 0x00, 0x00, 0x00,
    0x00, 0x00, 0x00, 0x00, 0x00, 0x00, 0x00, 0x30, 0xf9, 0xe9, 0xff, 0xf9, 0xff, 0xff, 0xff, 0xff,
    0xff, 0xff, 0xff, 0xff, 0xff, 0xff, 0xff, 0xf9, 0xf9, 0xff, 0xb7, 0x11, 0x00, 0x00, 0x00, 0x17,
    0x95, 0xff, 0xf7, 0xf9, 0xff, 0xff, 0xff, 0xff, 0xfd, 0xfd, 0xce, 0x34, 0x19, 0x17, 0x32, 0x80,
    0xf3, 0xff, 0xfb, 0xff, 0xfb, 0xf7, 0xff, 0xff, 0x2f, 0x00, 0x00, 0x00, 0x00, 0x00, 0x00, 0x00,
    0x00, 0x00, 0x00, 0x00, 0x00, 0x00, 0x00, 0x00, 0x10, 0x12, 0xdc, 0xff, 0xf9, 0xfd, 0xff, 0xff,
    0xff, 0xff, 0xff, 0xff, 0xff, 0xff, 0xfd, 0xff, 0xff, 0x6d, 0x01, 0x00, 0x00, 0x00, 0x00, 0x00,
    0x00, 0xa5, 0xff, 0xff, 0xfb, 0xff, 0xff, 0xff, 0xff, 0xff, 0xff, 0xff, 0xff, 0xff, 0xff, 0xff,
    0xff, 0xf9, 0xff, 0xfd, 0xff, 0xff, 0xd9, 0x1c, 0x00, 0x00, 0x00, 0x00, 0x00, 0x00, 0x00, 0x00,
    0x00, 0x00, 0x00, 0x00, 0x00, 0x00, 0x00, 0x00, 0x00, 0x00, 0x08, 0x9b, 0xff, 0xff, 0xff, 0xff,
    0xff, 0xff, 0xff, 0xff, 0xfd, 0xff, 0xff, 0x92, 0x1a, 0x00, 0x00, 0x00, 0x00, 0x00, 0x00, 0x00,
    0x00, 0x01, 0x15, 0x86, 0xff, 0xfd, 0xfd, 0xff, 0xff, 0xff, 0xfd, 0xf7, 0xf9, 0xf9, 0xf7, 0xf9,
    0xfd, 0xf9, 0xf5, 0xf9, 0xe9, 0x5f, 0x04, 0x00, 0x00, 0x00, 0x00, 0x00, 0x00, 0x00, 0x00, 0x00,
    0x00, 0x00, 0x00, 0x00, 0x00, 0x00, 0x00, 0x00, 0x00, 0x00, 0x00, 0x00, 0x10, 0xaf, 0xff, 0xfb,
    0xff, 0xff, 0xff, 0xfd, 0xfd, 0xe6, 0x0f, 0x00, 0x00, 0x00, 0x00, 0x00, 0x00, 0x00, 0x00, 0x00,
    0x00, 0x00, 0x00, 0x00, 0x2d, 0xf9, 0xfb, 0xfd, 0xff, 0xff, 0xff, 0xff, 0xff, 0xff, 0xff, 0xff,
    0xfd, 0xff, 0xff, 0xff, 0x83, 0x00, 0x00, 0x00, 0x00, 0x00, 0x00, 0x00, 0x00, 0x00, 0x00, 0x00,
    0x00, 0x00, 0x00, 0x00, 0x00, 0x00, 0x00, 0x00, 0x00, 0x00, 0x00, 0x00, 0x0d, 0xe4, 0xf3, 0xfd,
    0xff, 0xff, 0xf9, 0xf5, 0xf5, 0xef, 0x0a, 0x00, 0x00, 0x00, 0x00, 0x00, 0x00, 0x00, 0x00, 0x00,
    0x00, 0x00, 0x00, 0x00, 0x00, 0x25, 0xff, 0xfb, 0xfd, 0xf7, 0xf9, 0xfb, 0xf9, 0xfd, 0xf9, 0xf7,
    0xff, 0x6b, 0x32, 0x10, 0x00, 0x00, 0x00, 0x00, 0x00, 0x00, 0x00, 0x00, 0x00, 0x00, 0x00, 0x00,
    0x00, 0x00, 0x00, 0x00, 0x00, 0x00, 0x00, 0x00, 0x00, 0x00, 0x00, 0x00, 0x95, 0xff, 0xff, 0xff,
    0xf7, 0xf9, 0xff, 0xff, 0xff, 0xff, 0x39, 0x00, 0x00, 0x00, 0x00, 0x00, 0x00, 0x00, 0x00, 0x00,
    0x00, 0x00, 0x00, 0x00, 0x00, 0x00, 0x69, 0xfd, 0xff, 0xff, 0xff, 0xff, 0xff, 0xff, 0xff, 0xff,
    0xd3, 0x39, 0x00, 0x00, 0x00, 0x00, 0x00, 0x00, 0x00, 0x00, 0x00, 0x00, 0x00, 0x00, 0x00, 0x00,
    0x00, 0x00, 0x00, 0x00, 0x00, 0x00, 0x00, 0x00, 0x00, 0x00, 0x00, 0x00, 0x9e, 0x68, 0x35, 0x0c,
    0x92, 0xff, 0x77, 0x3b, 0x71, 0xd9, 0x06, 0x00, 0x00, 0x00, 0x00, 0x00, 0x00, 0x00, 0x00, 0x00,
    0x00, 0x00, 0x00, 0x00, 0x00, 0x00, 0x00, 0x06, 0x09, 0x38, 0xa0, 0xc3, 0x82, 0xa8, 0x26, 0x43,
    0x04, 0x06, 0x00, 0x00, 0x00, 0x00, 0x00, 0x00, 0x00, 0x00, 0x00, 0x00, 0x00, 0x00, 0x00, 0x00,
    0x00, 0x00, 0x00, 0x00, 0x00, 0x00, 0x00, 0x00, 0x00, 0x00, 0x00, 0x00, 0x02, 0x00, 0x00, 0x00,
    0x0c, 0x40, 0x00, 0x00, 0x00, 0x01, 0x00, 0x00, 0x00, 0x00, 0x00, 0x00, 0x00, 0x00, 0x00, 0x00,
    0x00, 0x00, 0x00, 0x00, 0x00, 0x00, 0x00, 0x00, 0x00, 0x00, 0x00, 0x00, 0x00, 0x00, 0x00, 0x00,
    0x00, 0x00, 0x00, 0x00, 0x00, 0x00, 0x00, 0x00, 0x00, 0x00, 0x00, 0x00, 0x00, 0x00, 0x00, 0x00,
    0x00, 0x00, 0x00, 0x00, 0x00, 0x00, 0x00, 0x00, 0x00, 0x00, 0x00, 0x00, 0x00, 0x00, 0x00, 0x00,
    0x00, 0x00, 0x00, 0x00, 0x00, 0x00, 0x00, 0x00, 0x00, 0x00, 0x00, 0x00, 0x00, 0x00, 0x00, 0x00,
    0x00, 0x00, 0x00, 0x00, 0x00, 0x00, 0x00, 0x00, 0x00, 0x00, 0x00, 0x00, 0x00, 0x00, 0x00, 0x00,
    0x00, 0x00, 0x00, 0x00, 0x00, 0x00, 0x00, 0x00, 0x00, 0x00, 0x00, 0x00, 0x00, 0x00, 0x00, 0x00,
};

const lv_image_dsc_t angry_frame_8_dsc = {
    .header.w = 64,
    .header.h = 64,
    .header.cf = LV_COLOR_FORMAT_RGB565A8,
    .data_size = 12288,
    .data = angry_frame_8_data,
};
