#include "happy_frames.h"

/* Frame 0: frame_000.png */
static const uint8_t happy_frame_0_data[] = {
    0x00, 0x00, 0x00, 0x00, 0x00, 0x00, 0x00, 0x00, 0x00, 0x00, 0x00, 0x00, 0x00, 0x00, 0x00, 0x00,
    0x00, 0x00, 0x00, 0x00, 0x00, 0x00, 0x00, 0x00, 0x00, 0x00, 0x00, 0x00, 0x00, 0x00, 0x00, 0x00,
    0x00, 0x00, 0x00, 0x00, 0x00, 0x00, 0x00, 0x00, 0x20, 0x00, 0x00, 0x00, 0x00, 0x00, 0x00, 0x00,
    0x00, 0x00, 0x00, 0x00, 0x00, 0x00, 0x00, 0x00, 0x00, 0x00, 0x00, 0x00, 0x00, 0x00, 0x00, 0x00,
    0x00, 0x00, 0x00, 0x00, 0x00, 0x00, 0x61, 0x00, 0x00, 0x00, 0x00, 0x00, 0x00, 0x00, 0x00, 0x00,
    0x00, 0x00, 0x00, 0x00, 0x00, 0x00, 0x00, 0x00, 0x00, 0x00, 0x00, 0x00, 0x00, 0x00, 0x00, 0x00,
    0x00, 0x00, 0x00, 0x00, 0x00, 0x00, 0x00, 0x00, 0x00, 0x00, 0x00, 0x00, 0x00, 0x00, 0x00, 0x00,
    0x00, 0x00, 0x00, 0x00, 0x00, 0x00, 0x00, 0x00, 0x00, 0x00, 0x00, 0x00, 0x00, 0x00, 0x00, 0x00,
    0x00, 0x00, 0x00, 0x00, 0x00, 0x00, 0x00, 0x00, 0x00, 0x00, 0x00, 0x00, 0x00, 0x00, 0x00, 0x00,
    0x00, 0x00, 0x00, 0x00, 0x00, 0x00, 0x00, 0x00, 0x00, 0x00, 0x00, 0x00, 0x00, 0x00, 0x00, 0x00,
    0x00, 0x00, 0x00, 0x00, 0x00, 0x00, 0x64, 0x00, 0xc2, 0x00, 0x00, 0x00, 0x00, 0x00, 0x00, 0x00,
    0x00, 0x00, 0x00, 0x00, 0x00, 0x00, 0x00, 0x00, 0x00, 0x00, 0x00, 0x00, 0x00, 0x00, 0x00, 0x00,
    0x00, 0x00, 0x00, 0x00, 0x02, 0x00, 0xa7, 0x00, 0x00, 0x00, 0x00, 0x00, 0x00, 0x00, 0x00, 0x00,
    0x00, 0x00, 0x00, 0x00, 0x00, 0x00, 0x00, 0x00, 0x00, 0x00, 0x00, 0x00, 0x00, 0x00, 0x00, 0x00,
    0x00, 0x00, 0x00, 0x00, 0x00, 0x00, 0x00, 0x00, 0x00, 0x00, 0x00, 0x00, 0x00, 0x00, 0x00, 0x00,
    0x00, 0x00, 0x00, 0x00, 0x00, 0x00, 0x00, 0x00, 0x00, 0x00, 0x00, 0x00, 0x00, 0x00, 0x00, 0x00,
    0x00, 0x00, 0x00, 0x00, 0x00, 0x00, 0x00, 0x00, 0x00, 0x00, 0x00, 0x00, 0x00, 0x00, 0x00, 0x00,
    0x00, 0x00, 0x00, 0x00, 0x00, 0x00, 0x00, 0x00, 0x00, 0x00, 0x00, 0x00, 0x00, 0x00, 0x00, 0x00,
    0x00, 0x00, 0x00, 0x00, 0x41, 0x00, 0x87, 0x00, 0x61, 0x00, 0x00, 0x00, 0x00, 0x00, 0x00, 0x00,
    0x00, 0x00, 0x00, 0x00, 0x00, 0x00, 0x00, 0x00, 0x00, 0x00, 0x00, 0x00, 0x00, 0x00, 0x00, 0x00,
    0x00, 0x00, 0x00, 0x00, 0x46, 0x00, 0x46, 0x00, 0x00, 0x00, 0x00, 0x00, 0x00, 0x00, 0x00, 0x00,
    0x00, 0x00, 0x00, 0x00, 0x00, 0x00, 0x00, 0x00, 0x00, 0x00, 0x00, 0x00, 0x00, 0x00, 0x00, 0x00,
    0x00, 0x00, 0x00, 0x00, 0x00, 0x00, 0x00, 0x00, 0x00, 0x00, 0x00, 0x00, 0x00, 0x00, 0x00, 0x00,
    0x00, 0x00, 0x00, 0x00, 0x00, 0x00, 0x00, 0x00, 0x00, 0x00, 0x00, 0x00, 0x00, 0x00, 0x00, 0x00,
    0x00, 0x00, 0x00, 0x00, 0x00, 0x00, 0x00, 0x00, 0x00, 0x00, 0x00, 0x00, 0x00, 0x00, 0x00, 0x00,
    0x00, 0x00, 0x00, 0x00, 0x00, 0x00, 0x00, 0x00, 0x00, 0x00, 0x00, 0x00, 0x00, 0x00, 0x00, 0x00,
    0x00, 0x00, 0x00, 0x00, 0xe2, 0x00, 0xe8, 0x00, 0x81, 0x00, 0x00, 0x00, 0x00, 0x00, 0x00, 0x00,
    0x00, 0x00, 0x00, 0x00, 0x00, 0x00, 0x00, 0x00, 0x00, 0x00, 0x00, 0x00, 0x00, 0x00, 0x00, 0x00,
    0x00, 0x00, 0x20, 0x00, 0x46, 0x00, 0x66, 0x00, 0x00, 0x00, 0x00, 0x00, 0x00, 0x00, 0x00, 0x00,
    0x00, 0x00, 0x00, 0x00, 0x00, 0x00, 0x00, 0x00, 0x00, 0x00, 0x00, 0x00, 0x00, 0x00, 0x00, 0x00,
    0x00, 0x00, 0x00, 0x00, 0x00, 0x00, 0x00, 0x00, 0x00, 0x00, 0x00, 0x00, 0x00, 0x00, 0x00, 0x00,
    0x00, 0x00, 0x00, 0x00, 0x00, 0x00, 0x00, 0x00, 0x00, 0x00, 0x00, 0x00, 0x00, 0x00, 0x00, 0x00,
    0x00, 0x00, 0x00, 0x00, 0x00, 0x00, 0x00, 0x00, 0x00, 0x00, 0x00, 0x00, 0x00, 0x00, 0x00, 0x00,
    0x00, 0x00, 0x00, 0x00, 0x00, 0x00, 0x00, 0x00, 0x00, 0x00, 0x00, 0x00, 0x00, 0x00, 0x00, 0x00,
    0x00, 0x00, 0x00, 0x00, 0xe2, 0x00, 0x49, 0x00, 0xa4, 0x00, 0x00, 0x00, 0x00, 0x00, 0x00, 0x00,
    0x23, 0x00, 0x61, 0x00, 0x00, 0x00, 0x00, 0x00, 0x00, 0x00, 0x00, 0x00, 0x00, 0x00, 0x00, 0x00,
    0x00, 0x00, 0x00, 0x00, 0xa4, 0x00, 0x29, 0x00, 0x61, 0x00, 0x00, 0x00, 0x00, 0x00, 0x23, 0x00,
    0x20, 0x00, 0x00, 0x00, 0x00, 0x00, 0x00, 0x00, 0x00, 0x00, 0x00, 0x00, 0x00, 0x00, 0x00, 0x00,
    0x00, 0x00, 0x00, 0x00, 0x00, 0x00, 0x00, 0x00, 0x00, 0x00, 0x00, 0x00, 0x00, 0x00, 0x00, 0x00,
    0x00, 0x00, 0x00, 0x00, 0x00, 0x00, 0x00, 0x00, 0x00, 0x00, 0x00, 0x00, 0x00, 0x00, 0x00, 0x00,
    0x00, 0x00, 0x00, 0x00, 0x00, 0x00, 0x00, 0x00, 0x00, 0x00, 0x00, 0x00, 0x00, 0x00, 0x00, 0x00,
    0x00, 0x00, 0x00, 0x00, 0x00, 0x00, 0x00, 0x00, 0x00, 0x00, 0x00, 0x00, 0x00, 0x00, 0x00, 0x00,
    0x00, 0x00, 0x00, 0x00, 0xa1, 0x00, 0xa7, 0x00, 0x49, 0x00, 0x40, 0x00, 0x00, 0x00, 0x40, 0x00,
    0xc8, 0x00, 0xa1, 0x00, 0x00, 0x00, 0x00, 0x00, 0x00, 0x00, 0x00, 0x00, 0x00, 0x00, 0x00, 0x00,
    0x00, 0x00, 0x00, 0x00, 0xa1, 0x00, 0xa7, 0x00, 0x46, 0x00, 0x00, 0x00, 0x81, 0x00, 0x87, 0x00,
    0x20, 0x00, 0x00, 0x00, 0x00, 0x00, 0x00, 0x00, 0x00, 0x00, 0x00, 0x00, 0x00, 0x00, 0x00, 0x00,
    0x00, 0x00, 0x00, 0x00, 0x00, 0x00, 0x00, 0x00, 0x00, 0x00, 0x00, 0x00, 0x00, 0x00, 0x00, 0x00,
    0x00, 0x00, 0x00, 0x00, 0x00, 0x00, 0x00, 0x00, 0x00, 0x00, 0x00, 0x00, 0x00, 0x00, 0x00, 0x00,
    0x00, 0x00, 0x00, 0x00, 0x00, 0x00, 0x00, 0x00, 0x00, 0x00, 0x00, 0x00, 0x00, 0x00, 0x00, 0x00,
    0x00, 0x00, 0x00, 0x00, 0x00, 0x00, 0x00, 0x00, 0x00, 0x00, 0x00, 0x00, 0x00, 0x00, 0x00, 0x00,
    0x00, 0x00, 0x00, 0x00, 0x20, 0x00, 0x84, 0x00, 0x08, 0x00, 0xc7, 0x00, 0xa1, 0x00, 0x20, 0x00,
    0xc8, 0x00, 0xe2, 0x00, 0x00, 0x00, 0x00, 0x00, 0x00, 0x00, 0x02, 0x00, 0x00, 0x00, 0x00, 0x00,
    0x00, 0x00, 0x00, 0x00, 0x20, 0x00, 0x03, 0x00, 0xa7, 0x00, 0xe5, 0x00, 0x81, 0x00, 0x46, 0x00,
    0x20, 0x00, 0x00, 0x00, 0x00, 0x00, 0x00, 0x00, 0x00, 0x00, 0x00, 0x00, 0x00, 0x00, 0x00, 0x00,
    0x00, 0x00, 0x00, 0x00, 0x00, 0x00, 0x00, 0x00, 0x00, 0x00, 0x00, 0x00, 0x00, 0x00, 0x00, 0x00,
    0x00, 0x00, 0x00, 0x00, 0x00, 0x00, 0x00, 0x00, 0x00, 0x00, 0x00, 0x00, 0x00, 0x00, 0x00, 0x00,
    0x00, 0x00, 0x00, 0x00, 0x00, 0x00, 0x00, 0x00, 0x00, 0x00, 0x00, 0x00, 0x00, 0x00, 0x00, 0x00,
    0x00, 0x00, 0x00, 0x00, 0x00, 0x00, 0x00, 0x00, 0x00, 0x00, 0x00, 0x00, 0x00, 0x00, 0x00, 0x00,
    0x00, 0x00, 0x00, 0x00, 0x00, 0x00, 0x61, 0x00, 0x84, 0x00, 0x87, 0x00, 0xe8, 0x00, 0x84, 0x00,
    0x26, 0x00, 0x87, 0x00, 0x00, 0x00, 0x00, 0x00, 0x61, 0x00, 0xea, 0x00, 0xa4, 0x00, 0x00, 0x00,
    0x00, 0x00, 0x00, 0x00, 0x25, 0x00, 0xe2, 0x00, 0xe3, 0x00, 0xa7, 0x00, 0x66, 0x00, 0x06, 0x00,
    0x43, 0x00, 0x00, 0x00, 0x00, 0x00, 0xe2, 0x00, 0xc2, 0x00, 0x00, 0x00, 0x00, 0x00, 0x00, 0x00,
    0x00, 0x00, 0x00, 0x00, 0x00, 0x00, 0x00, 0x00, 0x00, 0x00, 0x00, 0x00, 0x00, 0x00, 0x00, 0x00,
    0x00, 0x00, 0x00, 0x00, 0x00, 0x00, 0x00, 0x00, 0x00, 0x00, 0x00, 0x00, 0x00, 0x00, 0x00, 0x00,
    0x00, 0x00, 0x00, 0x00, 0x00, 0x00, 0x00, 0x00, 0x00, 0x00, 0x00, 0x00, 0x00, 0x00, 0x00, 0x00,
    0x00, 0x00, 0x00, 0x00, 0x00, 0x00, 0x00, 0x00, 0x00, 0x00, 0x00, 0x00, 0x00, 0x00, 0x00, 0x00,
    0xe2, 0x00, 0x84, 0x00, 0x61, 0x00, 0x40, 0x00, 0x03, 0x00, 0xc5, 0x00, 0x05, 0x00, 0xa7, 0x00,
    0xe5, 0x00, 0xe8, 0x00, 0x05, 0x00, 0x00, 0x00, 0x41, 0x00, 0xa7, 0x00, 0xea, 0x00, 0xa6, 0x00,
    0xe2, 0x00, 0x00, 0x00, 0xa4, 0x00, 0xc7, 0x00, 0xe2, 0x00, 0x03, 0x00, 0xa7, 0x00, 0xc7, 0x00,
    0x66, 0x00, 0x40, 0x00, 0x20, 0x00, 0xa7, 0x00, 0xc5, 0x00, 0x00, 0x00, 0x00, 0x00, 0x00, 0x00,
    0x00, 0x00, 0x00, 0x00, 0x00, 0x00, 0x00, 0x00, 0x00, 0x00, 0x00, 0x00, 0x00, 0x00, 0x00, 0x00,
    0x00, 0x00, 0x00, 0x00, 0x00, 0x00, 0x00, 0x00, 0x00, 0x00, 0x00, 0x00, 0x00, 0x00, 0x00, 0x00,
    0x00, 0x00, 0x00, 0x00, 0x00, 0x00, 0x00, 0x00, 0x00, 0x00, 0x00, 0x00, 0x00, 0x00, 0x00, 0x00,
    0x00, 0x00, 0x00, 0x00, 0x00, 0x00, 0x00, 0x00, 0x00, 0x00, 0x00, 0x00, 0x00, 0x00, 0x00, 0x00,
    0x61, 0x00, 0x46, 0x00, 0x87, 0x00, 0x87, 0x00, 0xa7, 0x00, 0x46, 0x00, 0xc5, 0x00, 0x84, 0x00,
    0x05, 0x00, 0xe5, 0x00, 0x08, 0x00, 0x66, 0x00, 0x81, 0x00, 0x64, 0x00, 0x87, 0x00, 0x48, 0x00,
    0x87, 0x00, 0x05, 0x00, 0x64, 0x00, 0x87, 0x00, 0xc7, 0x00, 0x43, 0x00, 0x64, 0x00, 0x87, 0x00,
    0x28, 0x00, 0x43, 0x00, 0x84, 0x00, 0xaa, 0x00, 0x43, 0x00, 0x00, 0x00, 0x00, 0x00, 0x00, 0x00,
    0x00, 0x00, 0x00, 0x00, 0x00, 0x00, 0x00, 0x00, 0x00, 0x00, 0x00, 0x00, 0x00, 0x00, 0x00, 0x00,
    0x00, 0x00, 0x00, 0x00, 0x00, 0x00, 0x00, 0x00, 0x00, 0x00, 0x00, 0x00, 0x00, 0x00, 0x00, 0x00,
    0x00, 0x00, 0x00, 0x00, 0x00, 0x00, 0x00, 0x00, 0x00, 0x00, 0x00, 0x00, 0x00, 0x00, 0x00, 0x00,
    0x00, 0x00, 0x00, 0x00, 0x00, 0x00, 0x00, 0x00, 0x00, 0x00, 0x00, 0x00, 0x00, 0x00, 0x00, 0x00,
    0x00, 0x00, 0x20, 0x00, 0x03, 0x00, 0x23, 0x00, 0x03, 0x00, 0x81, 0x00, 0x41, 0x00, 0x81, 0x00,
    0xe2, 0x00, 0xa4, 0x00, 0x26, 0x00, 0xe8, 0x00, 0xa7, 0x00, 0xa4, 0x00, 0x43, 0x00, 0xc5, 0x00,
    0x05, 0x00, 0x69, 0x00, 0xa7, 0x00, 0x89, 0x00, 0x86, 0x00, 0x46, 0x00, 0x03, 0x00, 0x84, 0x00,
    0xe8, 0x00, 0x26, 0x00, 0xc7, 0x00, 0x49, 0x00, 0x40, 0x00, 0x00, 0x00, 0x00, 0x00, 0x00, 0x00,
    0x00, 0x00, 0x00, 0x00, 0x00, 0x00, 0x00, 0x00, 0x00, 0x00, 0x00, 0x00, 0x00, 0x00, 0x00, 0x00,
    0x00, 0x00, 0x00, 0x00, 0x00, 0x00, 0x00, 0x00, 0x00, 0x00, 0x00, 0x00, 0x00, 0x00, 0x00, 0x00,
    0x00, 0x00, 0x00, 0x00, 0x00, 0x00, 0x00, 0x00, 0x00, 0x00, 0x00, 0x00, 0x00, 0x00, 0x00, 0x00,
    0x00, 0x00, 0x00, 0x00, 0x00, 0x00, 0x00, 0x00, 0x00, 0x00, 0x00, 0x00, 0x00, 0x00, 0x00, 0x00,
    0x00, 0x00, 0x00, 0x00, 0x00, 0x00, 0x00, 0x00, 0x00, 0x00, 0x00, 0x00, 0x00, 0x00, 0x00, 0x00,
    0x20, 0x00, 0x41, 0x00, 0x43, 0x00, 0xe5, 0x00, 0x66, 0x00, 0x66, 0x00, 0xe5, 0x00, 0xa4, 0x00,
    0x84, 0x00, 0xc7, 0x00, 0x66, 0x00, 0x68, 0x00, 0x4b, 0x00, 0x86, 0x00, 0x23, 0x00, 0x05, 0x00,
    0xe8, 0x00, 0x46, 0x00, 0x26, 0x00, 0x02, 0x00, 0x00, 0x00, 0x00, 0x00, 0x00, 0x00, 0x00, 0x00,
    0x00, 0x00, 0x00, 0x00, 0x00, 0x00, 0x00, 0x00, 0x00, 0x00, 0x00, 0x00, 0x00, 0x00, 0x00, 0x00,
    0x00, 0x00, 0x00, 0x00, 0x00, 0x00, 0x00, 0x00, 0x00, 0x00, 0x00, 0x00, 0x00, 0x00, 0x00, 0x00,
    0x00, 0x00, 0x00, 0x00, 0x00, 0x00, 0x00, 0x00, 0x00, 0x00, 0x00, 0x00, 0x00, 0x00, 0x00, 0x00,
    0x00, 0x00, 0x00, 0x00, 0x00, 0x00, 0x00, 0x00, 0x00, 0x00, 0x00, 0x00, 0x00, 0x00, 0x00, 0x00,
    0x00, 0x00, 0x00, 0x00, 0x00, 0x00, 0x61, 0x00, 0x02, 0x00, 0x20, 0x00, 0x00, 0x00, 0x00, 0x00,
    0xa2, 0x00, 0xe2, 0x00, 0x81, 0x00, 0x23, 0x00, 0xa4, 0x00, 0x64, 0x00, 0x46, 0x00, 0x0c, 0x00,
    0xa6, 0x00, 0x25, 0x00, 0x26, 0x00, 0x26, 0x00, 0x0a, 0x00, 0xcb, 0x00, 0x23, 0x00, 0x0a, 0x00,
    0x2a, 0x00, 0xa4, 0x00, 0x48, 0x00, 0xc4, 0x00, 0x00, 0x00, 0x00, 0x00, 0x00, 0x00, 0x00, 0x00,
    0x00, 0x00, 0x00, 0x00, 0x00, 0x00, 0x00, 0x00, 0x00, 0x00, 0x00, 0x00, 0x00, 0x00, 0x00, 0x00,
    0x00, 0x00, 0x00, 0x00, 0x00, 0x00, 0x00, 0x00, 0x00, 0x00, 0x00, 0x00, 0x00, 0x00, 0x00, 0x00,
    0x00, 0x00, 0x00, 0x00, 0x00, 0x00, 0x00, 0x00, 0x00, 0x00, 0x00, 0x00, 0x00, 0x00, 0x00, 0x00,
    0x00, 0x00, 0x00, 0x00, 0x00, 0x00, 0x00, 0x00, 0x00, 0x00, 0x00, 0x00, 0x00, 0x00, 0x00, 0x00,
    0x00, 0x00, 0x00, 0x00, 0x00, 0x00, 0x41, 0x00, 0x08, 0x00, 0x29, 0x00, 0x87, 0x00, 0x05, 0x00,
    0x84, 0x00, 0xa4, 0x00, 0x64, 0x00, 0x03, 0x00, 0xc2, 0x00, 0xe5, 0x00, 0xa4, 0x00, 0x4b, 0x00,
    0x2c, 0x00, 0xc7, 0x00, 0x89, 0x00, 0x26, 0x00, 0xe5, 0x00, 0x2a, 0x00, 0x68, 0x00, 0x8b, 0x00,
    0x2c, 0x00, 0x07, 0x00, 0xee, 0x00, 0xc4, 0x00, 0xc4, 0x00, 0x20, 0x00, 0x00, 0x00, 0x00, 0x00,
    0x00, 0x00, 0x00, 0x00, 0x00, 0x00, 0x00, 0x00, 0x00, 0x00, 0x00, 0x00, 0x00, 0x00, 0x00, 0x00,
    0x00, 0x00, 0x00, 0x00, 0x00, 0x00, 0x00, 0x00, 0x00, 0x00, 0x00, 0x00, 0x00, 0x00, 0x00, 0x00,
    0x00, 0x00, 0x00, 0x00, 0x00, 0x00, 0x00, 0x00, 0x00, 0x00, 0x00, 0x00, 0x00, 0x00, 0x00, 0x00,
    0x00, 0x00, 0x00, 0x00, 0x00, 0x00, 0x00, 0x00, 0x00, 0x00, 0x00, 0x00, 0x00, 0x00, 0x00, 0x00,
    0x00, 0x00, 0x00, 0x00, 0x00, 0x00, 0x00, 0x00, 0x81, 0x00, 0xa7, 0x00, 0x6a, 0x00, 0xcb, 0x00,
    0x8a, 0x00, 0x08, 0x00, 0xa7, 0x00, 0x46, 0x00, 0x05, 0x00, 0xa9, 0x00, 0x4a, 0x00, 0x88, 0x00,
    0xcb, 0x00, 0xa9, 0x00, 0x0a, 0x00, 0x4a, 0x00, 0xa6, 0x00, 0x46, 0x00, 0x48, 0x00, 0xab, 0x00,
    0x0c, 0x00, 0xec, 0x00, 0xcb, 0x00, 0x88, 0x00, 0xcb, 0x00, 0x20, 0x00, 0x00, 0x00, 0x00, 0x00,
    0x00, 0x00, 0x00, 0x00, 0x00, 0x00, 0x00, 0x00, 0x00, 0x00, 0x00, 0x00, 0x00, 0x00, 0x00, 0x00,
    0x00, 0x00, 0x00, 0x00, 0x00, 0x00, 0x00, 0x00, 0x00, 0x00, 0x00, 0x00, 0x00, 0x00, 0x00, 0x00,
    0x00, 0x00, 0x00, 0x00, 0x00, 0x00, 0x00, 0x00, 0x00, 0x00, 0x00, 0x00, 0x00, 0x00, 0x00, 0x00,
    0x00, 0x00, 0x00, 0x00, 0x00, 0x00, 0x00, 0x00, 0x00, 0x00, 0x00, 0x00, 0x00, 0x00, 0x00, 0x00,
    0x00, 0x00, 0x00, 0x00, 0x00, 0x00, 0x00, 0x00, 0x00, 0x00, 0x40, 0x00, 0x23, 0x00, 0x26, 0x00,
    0xc8, 0x00, 0x09, 0x00, 0xc8, 0x00, 0x08, 0x00, 0xca, 0x00, 0xca, 0x00, 0x8b, 0x00, 0x2c, 0x00,
    0x8d, 0x00, 0x8d, 0x00, 0x8b, 0x00, 0x2c, 0x00, 0x4a, 0x00, 0xc9, 0x00, 0x25, 0x00, 0x6b, 0x00,
    0xec, 0x00, 0x4a, 0x00, 0x0c, 0x00, 0x2c, 0x00, 0xab, 0x00, 0x20, 0x00, 0x00, 0x00, 0x00, 0x00,
    0x00, 0x00, 0x00, 0x00, 0x00, 0x00, 0x00, 0x00, 0x00, 0x00, 0x00, 0x00, 0x00, 0x00, 0x00, 0x00,
    0x00, 0x00, 0x00, 0x00, 0x00, 0x00, 0x00, 0x00, 0x00, 0x00, 0x00, 0x00, 0x00, 0x00, 0x00, 0x00,
    0x00, 0x00, 0x00, 0x00, 0x00, 0x00, 0x00, 0x00, 0x00, 0x00, 0x00, 0x00, 0x00, 0x00, 0x00, 0x00,
    0x00, 0x00, 0x00, 0x00, 0x00, 0x00, 0x00, 0x00, 0x00, 0x00, 0x00, 0x00, 0x00, 0x00, 0x00, 0x00,
    0x00, 0x00, 0x00, 0x00, 0x00, 0x00, 0x00, 0x00, 0x00, 0x00, 0x00, 0x00, 0x00, 0x00, 0x81, 0x00,
    0x03, 0x00, 0xc5, 0x00, 0x87, 0x00, 0x06, 0x00, 0xa7, 0x00, 0x69, 0x00, 0x0a, 0x00, 0x6b, 0x00,
    0xab, 0x00, 0xef, 0x00, 0x0f, 0x00, 0xce, 0x00, 0xcc, 0x00, 0x4d, 0x00, 0xc9, 0x00, 0xa9, 0x00,
    0x8b, 0x00, 0x0c, 0x00, 0xef, 0x00, 0x0c, 0x00, 0xe9, 0x00, 0x00, 0x00, 0x00, 0x00, 0x00, 0x00,
    0x00, 0x00, 0x00, 0x00, 0x00, 0x00, 0x00, 0x00, 0x00, 0x00, 0x00, 0x00, 0x00, 0x00, 0x00, 0x00,
    0x00, 0x00, 0x00, 0x00, 0x00, 0x00, 0x00, 0x00, 0x00, 0x00, 0x00, 0x00, 0x00, 0x00, 0x00, 0x00,
    0x00, 0x00, 0x00, 0x00, 0x00, 0x00, 0x00, 0x00, 0x00, 0x00, 0x00, 0x00, 0x00, 0x00, 0x00, 0x00,
    0x00, 0x00, 0x00, 0x00, 0x00, 0x00, 0x00, 0x00, 0x00, 0x00, 0x00, 0x00, 0x00, 0x00, 0x00, 0x00,
    0x00, 0x00, 0x00, 0x00, 0x00, 0x00, 0x00, 0x00, 0x81, 0x00, 0xe5, 0x00, 0xc8, 0x00, 0xa8, 0x00,
    0xc5, 0x00, 0x23, 0x00, 0xc5, 0x00, 0x67, 0x00, 0xe5, 0x00, 0xa7, 0x00, 0x46, 0x00, 0x63, 0x00,
    0xa4, 0x00, 0xc6, 0x00, 0x0c, 0x00, 0xef, 0x00, 0x2c, 0x00, 0x6d, 0x00, 0xec, 0x00, 0xe9, 0x00,
    0x6b, 0x00, 0x4d, 0x00, 0xc9, 0x00, 0x0a, 0x00, 0x25, 0x00, 0x40, 0x00, 0x00, 0x00, 0x00, 0x00,
    0x00, 0x00, 0x00, 0x00, 0x00, 0x00, 0x00, 0x00, 0x00, 0x00, 0x00, 0x00, 0x00, 0x00, 0x00, 0x00,
    0x00, 0x00, 0x00, 0x00, 0x00, 0x00, 0x00, 0x00, 0x00, 0x00, 0x00, 0x00, 0x00, 0x00, 0x00, 0x00,
    0x00, 0x00, 0x00, 0x00, 0x00, 0x00, 0x00, 0x00, 0x00, 0x00, 0x00, 0x00, 0x00, 0x00, 0x00, 0x00,
    0x00, 0x00, 0x00, 0x00, 0x00, 0x00, 0x00, 0x00, 0x00, 0x00, 0x00, 0x00, 0x00, 0x00, 0x00, 0x00,
    0x00, 0x00, 0x00, 0x00, 0x20, 0x00, 0xe5, 0x00, 0xca, 0x00, 0xaa, 0x00, 0xc8, 0x00, 0x06, 0x00,
    0x84, 0x00, 0x84, 0x00, 0x03, 0x00, 0xc5, 0x00, 0x67, 0x00, 0xc7, 0x00, 0x84, 0x00, 0x87, 0x00,
    0x26, 0x00, 0xa6, 0x00, 0xe7, 0x00, 0x0c, 0x00, 0x4d, 0x00, 0x2c, 0x00, 0x4d, 0x00, 0x8b, 0x00,
    0x6b, 0x00, 0x48, 0x00, 0xe5, 0x00, 0xa7, 0x00, 0xe9, 0x00, 0xa1, 0x00, 0x00, 0x00, 0x00, 0x00,
    0x00, 0x00, 0x00, 0x00, 0x00, 0x00, 0x00, 0x00, 0x00, 0x00, 0x00, 0x00, 0x00, 0x00, 0x00, 0x00,
    0x00, 0x00, 0x00, 0x00, 0x00, 0x00, 0x00, 0x00, 0x00, 0x00, 0x00, 0x00, 0x00, 0x00, 0x00, 0x00,
    0x00, 0x00, 0x00, 0x00, 0x00, 0x00, 0x00, 0x00, 0x00, 0x00, 0x00, 0x00, 0x00, 0x00, 0x00, 0x00,
    0x00, 0x00, 0x00, 0x00, 0x00, 0x00, 0x00, 0x00, 0x00, 0x00, 0x00, 0x00, 0x00, 0x00, 0x00, 0x00,
    0x00, 0x00, 0x00, 0x00, 0x20, 0x00, 0x03, 0x00, 0x23, 0x00, 0x64, 0x00, 0xa4, 0x00, 0x87, 0x00,
    0x29, 0x00, 0xca, 0x00, 0x69, 0x00, 0x66, 0x00, 0x26, 0x00, 0x86, 0x00, 0x66, 0x00, 0xe8, 0x00,
    0x20, 0x00, 0x2f, 0x00, 0x85, 0x00, 0x68, 0x00, 0x0c, 0x00, 0x8d, 0x00, 0x6d, 0x00, 0xec, 0x00,
    0x8a, 0x00, 0xc9, 0x00, 0xca, 0x00, 0x68, 0x00, 0x48, 0x00, 0x00, 0x00, 0x00, 0x00, 0x00, 0x00,
    0x00, 0x00, 0x00, 0x00, 0x00, 0x00, 0x00, 0x00, 0x00, 0x00, 0x00, 0x00, 0x00, 0x00, 0x00, 0x00,
    0x00, 0x00, 0x00, 0x00, 0x00, 0x00, 0x00, 0x00, 0x00, 0x00, 0x00, 0x00, 0x00, 0x00, 0x00, 0x00,
    0x00, 0x00, 0x00, 0x00, 0x00, 0x00, 0x00, 0x00, 0x00, 0x00, 0x00, 0x00, 0x00, 0x00, 0x00, 0x00,
    0x00, 0x00, 0x00, 0x00, 0x00, 0x00, 0x00, 0x00, 0x00, 0x00, 0x00, 0x00, 0x00, 0x00, 0x00, 0x00,
    0x00, 0x00, 0x00, 0x00, 0x00, 0x00, 0x00, 0x00, 0x00, 0x00, 0x00, 0x00, 0x00, 0x00, 0x44, 0x00,
    0x67, 0x00, 0x29, 0x00, 0x08, 0x00, 0xc8, 0x00, 0xc7, 0x00, 0xa9, 0x00, 0x87, 0x00, 0x67, 0x00,
    0x40, 0x00, 0xa1, 0x00, 0xc5, 0x00, 0x25, 0x00, 0x0a, 0x00, 0x8a, 0x00, 0x8a, 0x00, 0x8a, 0x00,
    0x4a, 0x00, 0x43, 0x00, 0x23, 0x00, 0x0a, 0x00, 0x27, 0x00, 0x00, 0x00, 0x00, 0x00, 0x00, 0x00,
    0x00, 0x00, 0x00, 0x00, 0x00, 0x00, 0x00, 0x00, 0x00, 0x00, 0x00, 0x00, 0x00, 0x00, 0x00, 0x00,
    0x00, 0x00, 0x00, 0x00, 0x00, 0x00, 0x00, 0x00, 0x00, 0x00, 0x00, 0x00, 0x00, 0x00, 0x00, 0x00,
    0x00, 0x00, 0x00, 0x00, 0x00, 0x00, 0x00, 0x00, 0x00, 0x00, 0x00, 0x00, 0x00, 0x00, 0x00, 0x00,
    0x00, 0x00, 0x00, 0x00, 0x00, 0x00, 0x00, 0x00, 0x00, 0x00, 0x00, 0x00, 0x00, 0x00, 0x00, 0x00,
    0x00, 0x00, 0x00, 0x00, 0x00, 0x00, 0x00, 0x00, 0x00, 0x00, 0x20, 0x00, 0x84, 0x00, 0xa5, 0x00,
    0x03, 0x00, 0x03, 0x00, 0xa5, 0x00, 0xa7, 0x00, 0xea, 0x00, 0x2c, 0x00, 0xec, 0x00, 0xe8, 0x00,
    0xc5, 0x00, 0x26, 0x00, 0x87, 0x00, 0xe5, 0x00, 0x2a, 0x00, 0xab, 0x00, 0x6d, 0x00, 0xef, 0x00,
    0x0c, 0x00, 0x65, 0x00, 0x05, 0x00, 0xab, 0x00, 0x4d, 0x00, 0xa6, 0x00, 0x20, 0x00, 0x00, 0x00,
    0x00, 0x00, 0x00, 0x00, 0x00, 0x00, 0x00, 0x00, 0x00, 0x00, 0x00, 0x00, 0x00, 0x00, 0x00, 0x00,
    0x00, 0x00, 0x00, 0x00, 0x00, 0x00, 0x00, 0x00, 0x00, 0x00, 0x00, 0x00, 0x00, 0x00, 0x00, 0x00,
    0x00, 0x00, 0x00, 0x00, 0x00, 0x00, 0x00, 0x00, 0x00, 0x00, 0x00, 0x00, 0x00, 0x00, 0x00, 0x00,
    0x00, 0x00, 0x00, 0x00, 0x00, 0x00, 0x00, 0x00, 0x00, 0x00, 0x00, 0x00, 0x00, 0x00, 0x00, 0x00,
    0x00, 0x00, 0x00, 0x00, 0x00, 0x00, 0x00, 0x00, 0x20, 0x00, 0x67, 0x00, 0x09, 0x00, 0x47, 0x00,
    0x84, 0x00, 0x64, 0x00, 0xa7, 0x00, 0x08, 0x00, 0x0a, 0x00, 0xe9, 0x00, 0x2a, 0x00, 0x6d, 0x00,
    0xed, 0x00, 0x6b, 0x00, 0x07, 0x00, 0xc9, 0x00, 0x2c, 0x00, 0xeb, 0x00, 0xce, 0x00, 0x90, 0x00,
    0xd2, 0x00, 0x10, 0x00, 0x8c, 0x00, 0x8e, 0x00, 0x8b, 0x00, 0x63, 0x00, 0x00, 0x00, 0x00, 0x00,
    0x00, 0x00, 0x00, 0x00, 0x00, 0x00, 0x00, 0x00, 0x00, 0x00, 0x00, 0x00, 0x00, 0x00, 0x00, 0x00,
    0x00, 0x00, 0x00, 0x00, 0x00, 0x00, 0x00, 0x00, 0x00, 0x00, 0x00, 0x00, 0x00, 0x00, 0x00, 0x00,
    0x00, 0x00, 0x00, 0x00, 0x00, 0x00, 0x00, 0x00, 0x00, 0x00, 0x00, 0x00, 0x00, 0x00, 0x00, 0x00,
    0x00, 0x00, 0x00, 0x00, 0x00, 0x00, 0x00, 0x00, 0x00, 0x00, 0x00, 0x00, 0x00, 0x00, 0x00, 0x00,
    0x00, 0x00, 0x00, 0x00, 0x00, 0x00, 0x61, 0x00, 0xe8, 0x00, 0x6a, 0x00, 0x47, 0x00, 0x64, 0x00,
    0xe2, 0x00, 0x64, 0x00, 0x64, 0x00, 0xc7, 0x00, 0xc9, 0x00, 0xc7, 0x00, 0xc4, 0x00, 0x45, 0x00,
    0x2d, 0x00, 0xce, 0x00, 0x6d, 0x00, 0x8d, 0x00, 0xad, 0x00, 0xe4, 0x00, 0xe9, 0x00, 0x2e, 0x00,
    0x4f, 0x00, 0xce, 0x00, 0xcc, 0x00, 0x88, 0x00, 0xcb, 0x00, 0x63, 0x00, 0x00, 0x00, 0x00, 0x00,
    0x00, 0x00, 0x00, 0x00, 0x00, 0x00, 0x00, 0x00, 0x00, 0x00, 0x00, 0x00, 0x00, 0x00, 0x00, 0x00,
    0x83, 0x00, 0x22, 0x00, 0x00, 0x00, 0x00, 0x00, 0x00, 0x00, 0x00, 0x00, 0x00, 0x00, 0x00, 0x00,
    0x00, 0x00, 0x00, 0x00, 0x00, 0x00, 0x00, 0x00, 0x00, 0x00, 0x00, 0x00, 0x00, 0x00, 0x00, 0x00,
    0x00, 0x00, 0x00, 0x00, 0x00, 0x00, 0x00, 0x00, 0x00, 0x00, 0x00, 0x00, 0x00, 0x00, 0x00, 0x00,
    0x00, 0x00, 0x00, 0x00, 0x00, 0x00, 0xe2, 0x00, 0xe5, 0x00, 0x03, 0x00, 0x61, 0x00, 0x82, 0x00,
    0x85, 0x00, 0xe3, 0x00, 0x43, 0x00, 0xa7, 0x00, 0x69, 0x00, 0x0a, 0x00, 0x8b, 0x00, 0x86, 0x00,
    0x45, 0x00, 0x2a, 0x00, 0x6b, 0x00, 0xab, 0x00, 0x2c, 0x00, 0x6a, 0x00, 0xeb, 0x00, 0xad, 0x00,
    0x8d, 0x00, 0x6c, 0x00, 0xcb, 0x00, 0x0a, 0x00, 0x27, 0x00, 0x02, 0x00, 0x00, 0x00, 0x00, 0x00,
    0x00, 0x00, 0x00, 0x00, 0x00, 0x00, 0x00, 0x00, 0x00, 0x00, 0x00, 0x00, 0x00, 0x00, 0x00, 0x00,
    0x09, 0x00, 0x45, 0x00, 0x00, 0x00, 0x00, 0x00, 0x00, 0x00, 0x00, 0x00, 0x00, 0x00, 0x00, 0x00,
    0x00, 0x00, 0x00, 0x00, 0x00, 0x00, 0x00, 0x00, 0x00, 0x00, 0x00, 0x00, 0x00, 0x00, 0x00, 0x00,
    0x00, 0x00, 0x00, 0x00, 0x00, 0x00, 0x00, 0x00, 0x00, 0x00, 0x00, 0x00, 0x00, 0x00, 0x00, 0x00,
    0x00, 0x00, 0x00, 0x00, 0x00, 0x00, 0x00, 0x00, 0x00, 0x00, 0x00, 0x00, 0x00, 0x00, 0xe5, 0x00,
    0xe6, 0x00, 0x64, 0x00, 0x64, 0x00, 0xc5, 0x00, 0x87, 0x00, 0x48, 0x00, 0x2b, 0x00, 0x2a, 0x00,
    0x43, 0x00, 0x43, 0x00, 0xa6, 0x00, 0x68, 0x00, 0x2a, 0x00, 0xeb, 0x00, 0xeb, 0x00, 0x4c, 0x00,
    0x2c, 0x00, 0x4a, 0x00, 0x07, 0x00, 0xc4, 0x00, 0x00, 0x00, 0x00, 0x00, 0x00, 0x00, 0x00, 0x00,
    0x00, 0x00, 0x00, 0x00, 0x00, 0x00, 0x00, 0x00, 0x00, 0x00, 0x00, 0x00, 0x00, 0x00, 0x45, 0x00,
    0x2b, 0x00, 0x45, 0x00, 0x00, 0x00, 0x00, 0x00, 0x00, 0x00, 0x00, 0x00, 0x00, 0x00, 0x00, 0x00,
    0x00, 0x00, 0x00, 0x00, 0x00, 0x00, 0x00, 0x00, 0x00, 0x00, 0x00, 0x00, 0x00, 0x00, 0x00, 0x00,
    0x00, 0x00, 0x00, 0x00, 0x00, 0x00, 0x00, 0x00, 0x00, 0x00, 0x00, 0x00, 0x00, 0x00, 0x00, 0x00,
    0x00, 0x00, 0x00, 0x00, 0x00, 0x00, 0x00, 0x00, 0x00, 0x00, 0x00, 0x00, 0x81, 0x00, 0x88, 0x00,
    0x26, 0x00, 0x03, 0x00, 0x23, 0x00, 0x23, 0x00, 0xe2, 0x00, 0x84, 0x00, 0xa7, 0x00, 0x68, 0x00,
    0xc7, 0x00, 0xa2, 0x00, 0x62, 0x00, 0xe2, 0x00, 0x84, 0x00, 0x45, 0x00, 0x07, 0x00, 0xc7, 0x00,
    0x25, 0x00, 0x65, 0x00, 0xe5, 0x00, 0x40, 0x00, 0x00, 0x00, 0x00, 0x00, 0x00, 0x00, 0x00, 0x00,
    0x00, 0x00, 0x00, 0x00, 0x00, 0x00, 0x00, 0x00, 0x00, 0x00, 0x40, 0x00, 0xe6, 0x00, 0x2b, 0x00,
    0xeb, 0x00, 0xc4, 0x00, 0x00, 0x00, 0x00, 0x00, 0x00, 0x00, 0x00, 0x00, 0x00, 0x00, 0x00, 0x00,
    0x00, 0x00, 0x00, 0x00, 0x00, 0x00, 0x00, 0x00, 0x00, 0x00, 0x00, 0x00, 0x00, 0x00, 0x00, 0x00,
    0x00, 0x00, 0x00, 0x00, 0x00, 0x00, 0x00, 0x00, 0x00, 0x00, 0x00, 0x00, 0x00, 0x00, 0x00, 0x00,
    0x00, 0x00, 0x00, 0x00, 0x00, 0x00, 0x00, 0x00, 0x00, 0x00, 0x00, 0x00, 0xc2, 0x00, 0xe9, 0x00,
    0x44, 0x00, 0xc2, 0x00, 0x47, 0x00, 0x85, 0x00, 0x44, 0x00, 0xe2, 0x00, 0x03, 0x00, 0xc4, 0x00,
    0xc7, 0x00, 0x66, 0x00, 0x24, 0x00, 0x44, 0x00, 0x45, 0x00, 0xe3, 0x00, 0xa2, 0x00, 0xa3, 0x00,
    0xc5, 0x00, 0x07, 0x00, 0x00, 0x00, 0x00, 0x00, 0x00, 0x00, 0x00, 0x00, 0x00, 0x00, 0x00, 0x00,
    0x00, 0x00, 0x00, 0x00, 0x20, 0x00, 0x00, 0x00, 0xc1, 0x00, 0x09, 0x00, 0xeb, 0x00, 0xeb, 0x00,
    0xaa, 0x00, 0x23, 0x00, 0x00, 0x00, 0x00, 0x00, 0x00, 0x00, 0x00, 0x00, 0x00, 0x00, 0x00, 0x00,
    0x00, 0x00, 0x00, 0x00, 0x00, 0x00, 0x00, 0x00, 0x00, 0x00, 0x00, 0x00, 0x00, 0x00, 0x00, 0x00,
    0x00, 0x00, 0x00, 0x00, 0x00, 0x00, 0x00, 0x00, 0x00, 0x00, 0x00, 0x00, 0x00, 0x00, 0x00, 0x00,
    0x00, 0x00, 0x00, 0x00, 0x00, 0x00, 0x00, 0x00, 0x00, 0x00, 0x00, 0x00, 0xc2, 0x00, 0x26, 0x00,
    0x00, 0x00, 0x64, 0x00, 0xa8, 0x00, 0xa5, 0x00, 0x64, 0x00, 0xc5, 0x00, 0x64, 0x00, 0xa5, 0x00,
    0x64, 0x00, 0x66, 0x00, 0x28, 0x00, 0x26, 0x00, 0xc9, 0x00, 0xea, 0x00, 0xa9, 0x00, 0x07, 0x00,
    0x0a, 0x00, 0xc2, 0x00, 0x00, 0x00, 0x00, 0x00, 0x00, 0x00, 0x00, 0x00, 0x00, 0x00, 0x00, 0x00,
    0x00, 0x00, 0x20, 0x00, 0xe4, 0x00, 0xa1, 0x00, 0x29, 0x00, 0xca, 0x00, 0x49, 0x00, 0x2b, 0x00,
    0x4a, 0x00, 0x81, 0x00, 0x00, 0x00, 0x00, 0x00, 0x00, 0x00, 0x00, 0x00, 0x00, 0x00, 0x00, 0x00,
    0x00, 0x00, 0x00, 0x00, 0x00, 0x00, 0x00, 0x00, 0x00, 0x00, 0x00, 0x00, 0x00, 0x00, 0x00, 0x00,
    0x00, 0x00, 0x00, 0x00, 0x00, 0x00, 0x00, 0x00, 0x00, 0x00, 0x00, 0x00, 0x00, 0x00, 0x00, 0x00,
    0x00, 0x00, 0x00, 0x00, 0x00, 0x00, 0x00, 0x00, 0x00, 0x00, 0x00, 0x00, 0x20, 0x00, 0x41, 0x00,
    0x00, 0x00, 0x84, 0x00, 0x88, 0x00, 0xe3, 0x00, 0xc5, 0x00, 0xe6, 0x00, 0x64, 0x00, 0xe5, 0x00,
    0x26, 0x00, 0x44, 0x00, 0x86, 0x00, 0xea, 0x00, 0x49, 0x00, 0x09, 0x00, 0x8b, 0x00, 0x8c, 0x00,
    0x27, 0x00, 0x00, 0x00, 0x00, 0x00, 0x00, 0x00, 0x00, 0x00, 0x00, 0x00, 0x00, 0x00, 0x00, 0x00,
    0x00, 0x00, 0x23, 0x00, 0xe7, 0x00, 0x45, 0x00, 0x6a, 0x00, 0x09, 0x00, 0xaa, 0x00, 0xeb, 0x00,
    0xe7, 0x00, 0x00, 0x00, 0x00, 0x00, 0x00, 0x00, 0x00, 0x00, 0x00, 0x00, 0x00, 0x00, 0x00, 0x00,
    0x00, 0x00, 0x00, 0x00, 0x00, 0x00, 0x00, 0x00, 0x00, 0x00, 0x00, 0x00, 0x00, 0x00, 0x00, 0x00,
    0x00, 0x00, 0x00, 0x00, 0x00, 0x00, 0x00, 0x00, 0x00, 0x00, 0x00, 0x00, 0x00, 0x00, 0x00, 0x00,
    0x00, 0x00, 0x00, 0x00, 0x00, 0x00, 0x00, 0x00, 0x00, 0x00, 0x00, 0x00, 0x00, 0x00, 0x00, 0x00,
    0x00, 0x00, 0x44, 0x00, 0x44, 0x00, 0xc2, 0x00, 0xc5, 0x00, 0xe5, 0x00, 0xe5, 0x00, 0x84, 0x00,
    0x26, 0x00, 0x67, 0x00, 0x06, 0x00, 0x25, 0x00, 0xe7, 0x00, 0xe7, 0x00, 0x48, 0x00, 0xa6, 0x00,
    0x00, 0x00, 0x00, 0x00, 0x00, 0x00, 0x00, 0x00, 0x00, 0x00, 0x00, 0x00, 0x00, 0x00, 0x00, 0x00,
    0x00, 0x00, 0x05, 0x00, 0x28, 0x00, 0xe7, 0x00, 0xc9, 0x00, 0x4a, 0x00, 0x8a, 0x00, 0xa9, 0x00,
    0xa1, 0x00, 0x00, 0x00, 0x00, 0x00, 0x00, 0x00, 0x00, 0x00, 0x00, 0x00, 0x00, 0x00, 0x00, 0x00,
    0x00, 0x00, 0x00, 0x00, 0x00, 0x00, 0x00, 0x00, 0x00, 0x00, 0x00, 0x00, 0x00, 0x00, 0x00, 0x00,
    0x00, 0x00, 0x00, 0x00, 0x00, 0x00, 0x00, 0x00, 0x00, 0x00, 0x00, 0x00, 0x20, 0x00, 0x20, 0x00,
    0x00, 0x00, 0x00, 0x00, 0x00, 0x00, 0x61, 0x00, 0x00, 0x00, 0x00, 0x00, 0x00, 0x00, 0x00, 0x00,
    0x00, 0x00, 0x61, 0x00, 0x20, 0x00, 0x03, 0x00, 0x47, 0x00, 0xc5, 0x00, 0x67, 0x00, 0xa5, 0x00,
    0x46, 0x00, 0x46, 0x00, 0xe8, 0x00, 0xc8, 0x00, 0xe5, 0x00, 0xc5, 0x00, 0x05, 0x00, 0x23, 0x00,
    0x00, 0x00, 0x00, 0x00, 0x00, 0x00, 0x00, 0x00, 0x00, 0x00, 0x00, 0x00, 0x00, 0x00, 0x00, 0x00,
    0x00, 0x00, 0x26, 0x00, 0x08, 0x00, 0xe7, 0x00, 0x68, 0x00, 0x0a, 0x00, 0xe7, 0x00, 0x02, 0x00,
    0x61, 0x00, 0x00, 0x00, 0x00, 0x00, 0x00, 0x00, 0x00, 0x00, 0x00, 0x00, 0x00, 0x00, 0x00, 0x00,
    0x00, 0x00, 0x00, 0x00, 0x00, 0x00, 0x00, 0x00, 0x00, 0x00, 0x00, 0x00, 0x00, 0x00, 0x00, 0x00,
    0x00, 0x00, 0x00, 0x00, 0x00, 0x00, 0x00, 0x00, 0x00, 0x00, 0x02, 0x00, 0x68, 0x00, 0xe9, 0x00,
    0x27, 0x00, 0xc4, 0x00, 0x40, 0x00, 0x25, 0x00, 0xc6, 0x00, 0x40, 0x00, 0x00, 0x00, 0x00, 0x00,
    0x00, 0x00, 0x00, 0x00, 0x00, 0x00, 0x23, 0x00, 0xe5, 0x00, 0x64, 0x00, 0x87, 0x00, 0x26, 0x00,
    0xe8, 0x00, 0x28, 0x00, 0xa9, 0x00, 0x69, 0x00, 0x28, 0x00, 0xe8, 0x00, 0x0a, 0x00, 0x2b, 0x00,
    0x20, 0x00, 0x00, 0x00, 0x00, 0x00, 0x00, 0x00, 0x00, 0x00, 0x00, 0x00, 0x00, 0x00, 0x00, 0x00,
    0x00, 0x00, 0xe5, 0x00, 0xe7, 0x00, 0x26, 0x00, 0x28, 0x00, 0xa7, 0x00, 0x23, 0x00, 0x86, 0x00,
    0x84, 0x00, 0x00, 0x00, 0x00, 0x00, 0x00, 0x00, 0x00, 0x00, 0x00, 0x00, 0x00, 0x00, 0x00, 0x00,
    0x00, 0x00, 0x00, 0x00, 0x00, 0x00, 0x00, 0x00, 0x00, 0x00, 0x00, 0x00, 0x00, 0x00, 0x00, 0x00,
    0x00, 0x00, 0x00, 0x00, 0x00, 0x00, 0x00, 0x00, 0x00, 0x00, 0x00, 0x00, 0x81, 0x00, 0x25, 0x00,
    0xa9, 0x00, 0xc9, 0x00, 0xe7, 0x00, 0xa4, 0x00, 0xa9, 0x00, 0x48, 0x00, 0x81, 0x00, 0x00, 0x00,
    0x00, 0x00, 0x00, 0x00, 0x00, 0x00, 0x40, 0x00, 0x40, 0x00, 0xc5, 0x00, 0x67, 0x00, 0x66, 0x00,
    0xa7, 0x00, 0xaa, 0x00, 0x2b, 0x00, 0x2b, 0x00, 0x8c, 0x00, 0x8c, 0x00, 0x2d, 0x00, 0x2d, 0x00,
    0xc2, 0x00, 0x00, 0x00, 0x00, 0x00, 0x00, 0x00, 0x00, 0x00, 0x00, 0x00, 0x00, 0x00, 0x00, 0x00,
    0x00, 0x00, 0x63, 0x00, 0x87, 0x00, 0x84, 0x00, 0x46, 0x00, 0xe5, 0x00, 0xe8, 0x00, 0xa4, 0x00,
    0x00, 0x00, 0x00, 0x00, 0x00, 0x00, 0x00, 0x00, 0x00, 0x00, 0x00, 0x00, 0x00, 0x00, 0x00, 0x00,
    0x00, 0x00, 0x00, 0x00, 0x00, 0x00, 0x00, 0x00, 0x00, 0x00, 0x00, 0x00, 0x00, 0x00, 0x00, 0x00,
    0x00, 0x00, 0x00, 0x00, 0x00, 0x00, 0x61, 0x00, 0xe5, 0x00, 0x86, 0x00, 0x05, 0x00, 0x02, 0x00,
    0x84, 0x00, 0x46, 0x00, 0xa7, 0x00, 0x46, 0x00, 0xc4, 0x00, 0x28, 0x00, 0x86, 0x00, 0x81, 0x00,
    0x02, 0x00, 0x00, 0x00, 0x00, 0x00, 0x00, 0x00, 0x40, 0x00, 0x05, 0x00, 0x46, 0x00, 0x66, 0x00,
    0xc7, 0x00, 0xc7, 0x00, 0x89, 0x00, 0xac, 0x00, 0x10, 0x00, 0x10, 0x00, 0xae, 0x00, 0xaf, 0x00,
    0x28, 0x00, 0x00, 0x00, 0x00, 0x00, 0x00, 0x00, 0x00, 0x00, 0x00, 0x00, 0x00, 0x00, 0x00, 0x00,
    0x00, 0x00, 0x61, 0x00, 0x67, 0x00, 0xa5, 0x00, 0x06, 0x00, 0x46, 0x00, 0xc2, 0x00, 0x00, 0x00,
    0x00, 0x00, 0x00, 0x00, 0x00, 0x00, 0x00, 0x00, 0x00, 0x00, 0x00, 0x00, 0x00, 0x00, 0x00, 0x00,
    0x00, 0x00, 0x00, 0x00, 0x00, 0x00, 0x00, 0x00, 0x00, 0x00, 0x00, 0x00, 0x00, 0x00, 0x00, 0x00,
    0x00, 0x00, 0x00, 0x00, 0xa4, 0x00, 0xa9, 0x00, 0xca, 0x00, 0xe8, 0x00, 0x46, 0x00, 0xa7, 0x00,
    0x28, 0x00, 0xa9, 0x00, 0xe9, 0x00, 0x68, 0x00, 0xa6, 0x00, 0xe5, 0x00, 0x25, 0x00, 0xc2, 0x00,
    0xa7, 0x00, 0x20, 0x00, 0x00, 0x00, 0x00, 0x00, 0x81, 0x00, 0xa5, 0x00, 0x26, 0x00, 0x86, 0x00,
    0x07, 0x00, 0xa9, 0x00, 0x2a, 0x00, 0x2a, 0x00, 0xed, 0x00, 0x30, 0x00, 0x30, 0x00, 0x6e, 0x00,
    0xcf, 0x00, 0xa4, 0x00, 0x00, 0x00, 0x00, 0x00, 0x00, 0x00, 0x00, 0x00, 0x00, 0x00, 0x00, 0x00,
    0x02, 0x00, 0xa4, 0x00, 0xe2, 0x00, 0x26, 0x00, 0x46, 0x00, 0xe2, 0x00, 0x00, 0x00, 0x00, 0x00,
    0x00, 0x00, 0x00, 0x00, 0x00, 0x00, 0x00, 0x00, 0x00, 0x00, 0x00, 0x00, 0x00, 0x00, 0x00, 0x00,
    0x00, 0x00, 0x00, 0x00, 0x00, 0x00, 0x00, 0x00, 0x00, 0x00, 0x00, 0x00, 0x00, 0x00, 0x00, 0x00,
    0x00, 0x00, 0x23, 0x00, 0xa7, 0x00, 0x05, 0x00, 0x84, 0x00, 0x25, 0x00, 0x69, 0x00, 0x8b, 0x00,
    0x0c, 0x00, 0xcc, 0x00, 0x0a, 0x00, 0xc9, 0x00, 0xc9, 0x00, 0x89, 0x00, 0xe7, 0x00, 0x84, 0x00,
    0x05, 0x00, 0xe4, 0x00, 0x00, 0x00, 0xa4, 0x00, 0xc2, 0x00, 0xe5, 0x00, 0x26, 0x00, 0xc7, 0x00,
    0x28, 0x00, 0xc9, 0x00, 0x6e, 0x00, 0xef, 0x00, 0x8e, 0x00, 0x6e, 0x00, 0x6e, 0x00, 0x4e, 0x00,
    0x91, 0x00, 0xea, 0x00, 0x00, 0x00, 0x00, 0x00, 0x00, 0x00, 0x00, 0x00, 0x00, 0x00, 0x00, 0x00,
    0x20, 0x00, 0xe8, 0x00, 0x63, 0x00, 0x64, 0x00, 0x26, 0x00, 0x20, 0x00, 0x00, 0x00, 0x00, 0x00,
    0x00, 0x00, 0x00, 0x00, 0x00, 0x00, 0x00, 0x00, 0x00, 0x00, 0x00, 0x00, 0x00, 0x00, 0x00, 0x00,
    0x00, 0x00, 0x00, 0x00, 0x00, 0x00, 0x00, 0x00, 0x00, 0x00, 0x00, 0x00, 0x00, 0x00, 0x00, 0x00,
    0x00, 0x00, 0x00, 0x00, 0x81, 0x00, 0xe3, 0x00, 0x46, 0x00, 0xa9, 0x00, 0xab, 0x00, 0x4d, 0x00,
    0xab, 0x00, 0x6b, 0x00, 0x2a, 0x00, 0x2a, 0x00, 0xea, 0x00, 0x4a, 0x00, 0x0a, 0x00, 0x28, 0x00,
    0x05, 0x00, 0xe5, 0x00, 0x63, 0x00, 0x84, 0x00, 0xc5, 0x00, 0x46, 0x00, 0x66, 0x00, 0xe7, 0x00,
    0x48, 0x00, 0xea, 0x00, 0x4d, 0x00, 0xef, 0x00, 0xf2, 0x00, 0xf2, 0x00, 0xcf, 0x00, 0xae, 0x00,
    0xf2, 0x00, 0x2e, 0x00, 0x02, 0x00, 0x00, 0x00, 0x00, 0x00, 0x00, 0x00, 0x00, 0x00, 0x00, 0x00,
    0x00, 0x00, 0xa2, 0x00, 0xc8, 0x00, 0x26, 0x00, 0x66, 0x00, 0x00, 0x00, 0x00, 0x00, 0x00, 0x00,
    0x00, 0x00, 0x00, 0x00, 0x00, 0x00, 0x00, 0x00, 0x00, 0x00, 0x00, 0x00, 0x00, 0x00, 0x00, 0x00,
    0x00, 0x00, 0x00, 0x00, 0x00, 0x00, 0x00, 0x00, 0x00, 0x00, 0x00, 0x00, 0x00, 0x00, 0x00, 0x00,
    0x00, 0x00, 0x84, 0x00, 0x87, 0x00, 0xe8, 0x00, 0xea, 0x00, 0xea, 0x00, 0x8b, 0x00, 0x0a, 0x00,
    0xa9, 0x00, 0xa9, 0x00, 0x69, 0x00, 0x69, 0x00, 0xab, 0x00, 0x2a, 0x00, 0xe9, 0x00, 0x48, 0x00,
    0xa7, 0x00, 0xc5, 0x00, 0x84, 0x00, 0x84, 0x00, 0x26, 0x00, 0xc7, 0x00, 0x69, 0x00, 0x09, 0x00,
    0xc9, 0x00, 0xc7, 0x00, 0x6b, 0x00, 0xae, 0x00, 0x50, 0x00, 0xd2, 0x00, 0xb2, 0x00, 0x10, 0x00,
    0xf2, 0x00, 0x6e, 0x00, 0x28, 0x00, 0x60, 0x00, 0x00, 0x00, 0x00, 0x00, 0x00, 0x00, 0x00, 0x00,
    0x00, 0x00, 0x00, 0x00, 0xc2, 0x00, 0x67, 0x00, 0x08, 0x00, 0xc2, 0x00, 0x00, 0x00, 0x00, 0x00,
    0x00, 0x00, 0x00, 0x00, 0x00, 0x00, 0x00, 0x00, 0x00, 0x00, 0x00, 0x00, 0x00, 0x00, 0x00, 0x00,
    0x00, 0x00, 0x00, 0x00, 0x00, 0x00, 0x00, 0x00, 0x00, 0x00, 0x00, 0x00, 0x00, 0x00, 0x00, 0x00,
    0xc5, 0x00, 0xc8, 0x00, 0xc7, 0x00, 0x0a, 0x00, 0x0a, 0x00, 0x48, 0x00, 0xea, 0x00, 0x68, 0x00,
    0x89, 0x00, 0xc7, 0x00, 0x66, 0x00, 0x86, 0x00, 0x68, 0x00, 0xc9, 0x00, 0x68, 0x00, 0x68, 0x00,
    0x28, 0x00, 0x87, 0x00, 0x67, 0x00, 0x26, 0x00, 0x87, 0x00, 0xe8, 0x00, 0xea, 0x00, 0x2c, 0x00,
    0x2c, 0x00, 0xe7, 0x00, 0x48, 0x00, 0x4b, 0x00, 0x2d, 0x00, 0x70, 0x00, 0x91, 0x00, 0x30, 0x00,
    0x50, 0x00, 0xaf, 0x00, 0x2a, 0x00, 0x83, 0x00, 0x00, 0x00, 0x00, 0x00, 0x00, 0x00, 0x00, 0x00,
    0x00, 0x00, 0x00, 0x00, 0x00, 0x00, 0x61, 0x00, 0x87, 0x00, 0x86, 0x00, 0x20, 0x00, 0x84, 0x00,
    0x00, 0x00, 0x00, 0x00, 0x00, 0x00, 0x00, 0x00, 0x00, 0x00, 0x00, 0x00, 0x00, 0x00, 0x00, 0x00,
    0x00, 0x00, 0x00, 0x00, 0x00, 0x00, 0x00, 0x00, 0x00, 0x00, 0x00, 0x00, 0x00, 0x00, 0x84, 0x00,
    0xc8, 0x00, 0x06, 0x00, 0x49, 0x00, 0xac, 0x00, 0x0a, 0x00, 0x6b, 0x00, 0xa9, 0x00, 0x87, 0x00,
    0x46, 0x00, 0x26, 0x00, 0x05, 0x00, 0x26, 0x00, 0x46, 0x00, 0xa7, 0x00, 0x68, 0x00, 0x4a, 0x00,
    0xc9, 0x00, 0x48, 0x00, 0xc7, 0x00, 0x46, 0x00, 0xc7, 0x00, 0x89, 0x00, 0x2a, 0x00, 0x2c, 0x00,
    0xeb, 0x00, 0xc9, 0x00, 0x2a, 0x00, 0x2d, 0x00, 0x2d, 0x00, 0x0d, 0x00, 0x0f, 0x00, 0x30, 0x00,
    0x8e, 0x00, 0xcf, 0x00, 0xa9, 0x00, 0xc7, 0x00, 0x00, 0x00, 0x00, 0x00, 0x00, 0x00, 0x00, 0x00,
    0x00, 0x00, 0x00, 0x00, 0x00, 0x00, 0x00, 0x00, 0x61, 0x00, 0x29, 0x00, 0xc4, 0x00, 0xe5, 0x00,
    0x00, 0x00, 0x00, 0x00, 0x00, 0x00, 0x00, 0x00, 0x00, 0x00, 0x00, 0x00, 0x00, 0x00, 0x00, 0x00,
    0x00, 0x00, 0x00, 0x00, 0x00, 0x00, 0x00, 0x00, 0x00, 0x00, 0x00, 0x00, 0x20, 0x00, 0xe2, 0x00,
    0x84, 0x00, 0xa7, 0x00, 0xa9, 0x00, 0xa9, 0x00, 0x48, 0x00, 0x48, 0x00, 0x46, 0x00, 0xe5, 0x00,
    0x05, 0x00, 0x66, 0x00, 0x26, 0x00, 0xe5, 0x00, 0x26, 0x00, 0x26, 0x00, 0xa7, 0x00, 0x69, 0x00,
    0x48, 0x00, 0x08, 0x00, 0x87, 0x00, 0xc7, 0x00, 0x08, 0x00, 0xc9, 0x00, 0xab, 0x00, 0xcb, 0x00,
    0x6a, 0x00, 0xa9, 0x00, 0xea, 0x00, 0x6d, 0x00, 0x70, 0x00, 0xaf, 0x00, 0x2d, 0x00, 0xed, 0x00,
    0x0d, 0x00, 0xef, 0x00, 0x28, 0x00, 0xe7, 0x00, 0x40, 0x00, 0x00, 0x00, 0x00, 0x00, 0x00, 0x00,
    0x00, 0x00, 0x00, 0x00, 0x00, 0x00, 0x43, 0x00, 0x20, 0x00, 0x84, 0x00, 0x49, 0x00, 0xe5, 0x00,
    0x00, 0x00, 0x00, 0x00, 0x00, 0x00, 0x00, 0x00, 0x00, 0x00, 0x00, 0x00, 0x00, 0x00, 0x00, 0x00,
    0x00, 0x00, 0x00, 0x00, 0x00, 0x00, 0x00, 0x00, 0x00, 0x00, 0x00, 0x00, 0x00, 0x00, 0x81, 0x00,
    0x47, 0x00, 0x87, 0x00, 0x49, 0x00, 0xa9, 0x00, 0x69, 0x00, 0xa7, 0x00, 0xc5, 0x00, 0x66, 0x00,
    0x08, 0x00, 0x28, 0x00, 0x28, 0x00, 0x08, 0x00, 0x66, 0x00, 0x46, 0x00, 0x26, 0x00, 0x66, 0x00,
    0x87, 0x00, 0x66, 0x00, 0x46, 0x00, 0x67, 0x00, 0xe8, 0x00, 0x89, 0x00, 0xea, 0x00, 0x2a, 0x00,
    0xab, 0x00, 0x28, 0x00, 0x0a, 0x00, 0xae, 0x00, 0xcf, 0x00, 0xef, 0x00, 0x30, 0x00, 0x0d, 0x00,
    0xae, 0x00, 0xcf, 0x00, 0x69, 0x00, 0x86, 0x00, 0x20, 0x00, 0x00, 0x00, 0x00, 0x00, 0x00, 0x00,
    0x00, 0x00, 0x00, 0x00, 0x00, 0x00, 0xe2, 0x00, 0x67, 0x00, 0xc2, 0x00, 0x89, 0x00, 0x87, 0x00,
    0x00, 0x00, 0x00, 0x00, 0x00, 0x00, 0x00, 0x00, 0x00, 0x00, 0x00, 0x00, 0x00, 0x00, 0x00, 0x00,
    0x00, 0x00, 0x00, 0x00, 0x00, 0x00, 0x00, 0x00, 0x00, 0x00, 0x00, 0x00, 0x20, 0x00, 0x26, 0x00,
    0x46, 0x00, 0x47, 0x00, 0xca, 0x00, 0x2a, 0x00, 0x28, 0x00, 0x26, 0x00, 0xa4, 0x00, 0xe8, 0x00,
    0xa7, 0x00, 0xe5, 0x00, 0xa4, 0x00, 0x87, 0x00, 0x28, 0x00, 0x46, 0x00, 0x26, 0x00, 0x06, 0x00,
    0x26, 0x00, 0x06, 0x00, 0xe5, 0x00, 0x46, 0x00, 0xe8, 0x00, 0x28, 0x00, 0x0a, 0x00, 0xa9, 0x00,
    0xa9, 0x00, 0xa6, 0x00, 0x2a, 0x00, 0xcf, 0x00, 0xae, 0x00, 0xef, 0x00, 0x71, 0x00, 0x8e, 0x00,
    0xae, 0x00, 0xec, 0x00, 0xc7, 0x00, 0xe7, 0x00, 0x00, 0x00, 0x00, 0x00, 0x00, 0x00, 0x00, 0x00,
    0x00, 0x00, 0x00, 0x00, 0x00, 0x00, 0x00, 0x00, 0x84, 0x00, 0x46, 0x00, 0xe7, 0x00, 0x68, 0x00,
    0x00, 0x00, 0x00, 0x00, 0x00, 0x00, 0x00, 0x00, 0x00, 0x00, 0x00, 0x00, 0x00, 0x00, 0x00, 0x00,
    0x00, 0x00, 0x00, 0x00, 0x00, 0x00, 0x00, 0x00, 0x00, 0x00, 0x00, 0x00, 0x23, 0x00, 0x67, 0x00,
    0x06, 0x00, 0x87, 0x00, 0x2a, 0x00, 0xa9, 0x00, 0x87, 0x00, 0x84, 0x00, 0x66, 0x00, 0x66, 0x00,
    0x81, 0x00, 0x00, 0x00, 0x00, 0x00, 0x20, 0x00, 0xc5, 0x00, 0xe7, 0x00, 0x46, 0x00, 0x66, 0x00,
    0x05, 0x00, 0xc5, 0x00, 0xe5, 0x00, 0x87, 0x00, 0x87, 0x00, 0x28, 0x00, 0xa9, 0x00, 0x28, 0x00,
    0x69, 0x00, 0x25, 0x00, 0x89, 0x00, 0xac, 0x00, 0x8e, 0x00, 0xae, 0x00, 0xae, 0x00, 0x2d, 0x00,
    0x8e, 0x00, 0x28, 0x00, 0xe7, 0x00, 0xc7, 0x00, 0x00, 0x00, 0x00, 0x00, 0x00, 0x00, 0x00, 0x00,
    0x00, 0x00, 0x00, 0x00, 0x00, 0x00, 0x00, 0x00, 0x20, 0x00, 0x06, 0x00, 0xa7, 0x00, 0x89, 0x00,
    0xc2, 0x00, 0xe2, 0x00, 0x00, 0x00, 0x00, 0x00, 0x00, 0x00, 0x00, 0x00, 0x00, 0x00, 0x00, 0x00,
    0x00, 0x00, 0x00, 0x00, 0x00, 0x00, 0x00, 0x00, 0x00, 0x00, 0x00, 0x00, 0x06, 0x00, 0x67, 0x00,
    0x26, 0x00, 0xa7, 0x00, 0xa9, 0x00, 0xe8, 0x00, 0x26, 0x00, 0x84, 0x00, 0x66, 0x00, 0x61, 0x00,
    0x00, 0x00, 0x00, 0x00, 0x00, 0x00, 0x00, 0x00, 0x00, 0x00, 0xa4, 0x00, 0xe7, 0x00, 0xa7, 0x00,
    0x66, 0x00, 0xc5, 0x00, 0x06, 0x00, 0xa7, 0x00, 0xc7, 0x00, 0xe8, 0x00, 0x28, 0x00, 0xe7, 0x00,
    0x87, 0x00, 0x05, 0x00, 0x4b, 0x00, 0x4b, 0x00, 0x2a, 0x00, 0x4d, 0x00, 0x0d, 0x00, 0xec, 0x00,
    0x2a, 0x00, 0x26, 0x00, 0xe7, 0x00, 0x84, 0x00, 0x00, 0x00, 0x00, 0x00, 0x00, 0x00, 0x00, 0x00,
    0x00, 0x00, 0x00, 0x00, 0x00, 0x00, 0x00, 0x00, 0x00, 0x00, 0x43, 0x00, 0xe8, 0x00, 0x89, 0x00,
    0x46, 0x00, 0xc4, 0x00, 0x00, 0x00, 0x00, 0x00, 0x00, 0x00, 0x00, 0x00, 0x00, 0x00, 0x00, 0x00,
    0x00, 0x00, 0x00, 0x00, 0x00, 0x00, 0x00, 0x00, 0x00, 0x00, 0x41, 0x00, 0xa8, 0x00, 0xe6, 0x00,
    0x06, 0x00, 0xa7, 0x00, 0x08, 0x00, 0xa7, 0x00, 0x46, 0x00, 0xe5, 0x00, 0x84, 0x00, 0x00, 0x00,
    0x00, 0x00, 0x00, 0x00, 0x00, 0x00, 0x00, 0x00, 0x00, 0x00, 0x00, 0x00, 0xc4, 0x00, 0x08, 0x00,
    0x87, 0x00, 0xc5, 0x00, 0x46, 0x00, 0x67, 0x00, 0xe7, 0x00, 0xa7, 0x00, 0x28, 0x00, 0x87, 0x00,
    0xa4, 0x00, 0x08, 0x00, 0xea, 0x00, 0x2b, 0x00, 0x2a, 0x00, 0x0a, 0x00, 0xea, 0x00, 0x0a, 0x00,
    0x48, 0x00, 0xa4, 0x00, 0xa7, 0x00, 0x61, 0x00, 0x00, 0x00, 0x00, 0x00, 0x00, 0x00, 0x00, 0x00,
    0x00, 0x00, 0x00, 0x00, 0x00, 0x00, 0x00, 0x00, 0x00, 0x00, 0xc2, 0x00, 0xa7, 0x00, 0xa9, 0x00,
    0x28, 0x00, 0xc4, 0x00, 0x00, 0x00, 0x00, 0x00, 0x00, 0x00, 0x00, 0x00, 0x00, 0x00, 0x00, 0x00,
    0x00, 0x00, 0x00, 0x00, 0x00, 0x00, 0x00, 0x00, 0x00, 0x00, 0xe2, 0x00, 0x47, 0x00, 0x44, 0x00,
    0x26, 0x00, 0xc7, 0x00, 0xea, 0x00, 0x28, 0x00, 0x87, 0x00, 0xe5, 0x00, 0x23, 0x00, 0x00, 0x00,
    0x00, 0x00, 0x00, 0x00, 0x00, 0x00, 0x00, 0x00, 0x00, 0x00, 0x00, 0x00, 0x00, 0x00, 0xa4, 0x00,
    0x05, 0x00, 0x06, 0x00, 0x87, 0x00, 0xc7, 0x00, 0x08, 0x00, 0x08, 0x00, 0x66, 0x00, 0x43, 0x00,
    0x05, 0x00, 0x69, 0x00, 0xa9, 0x00, 0x69, 0x00, 0x89, 0x00, 0x89, 0x00, 0xa9, 0x00, 0xea, 0x00,
    0xe5, 0x00, 0x26, 0x00, 0x46, 0x00, 0x00, 0x00, 0x00, 0x00, 0x00, 0x00, 0x00, 0x00, 0x00, 0x00,
    0x00, 0x00, 0x00, 0x00, 0x00, 0x00, 0x00, 0x00, 0x40, 0x00, 0x81, 0x00, 0xa7, 0x00, 0xea, 0x00,
    0xe7, 0x00, 0x43, 0x00, 0x00, 0x00, 0x00, 0x00, 0x00, 0x00, 0x00, 0x00, 0x00, 0x00, 0x00, 0x00,
    0x00, 0x00, 0x00, 0x00, 0x00, 0x00, 0x00, 0x00, 0x00, 0x00, 0x23, 0x00, 0x03, 0x00, 0x64, 0x00,
    0x26, 0x00, 0xc8, 0x00, 0x0a, 0x00, 0x08, 0x00, 0xa7, 0x00, 0xc5, 0x00, 0x02, 0x00, 0x00, 0x00,
    0x00, 0x00, 0x00, 0x00, 0x00, 0x00, 0x00, 0x00, 0x00, 0x00, 0x00, 0x00, 0x00, 0x00, 0x00, 0x00,
    0x44, 0x00, 0x46, 0x00, 0xa7, 0x00, 0x48, 0x00, 0x08, 0x00, 0xc7, 0x00, 0x64, 0x00, 0xa5, 0x00,
    0xa7, 0x00, 0xa7, 0x00, 0x28, 0x00, 0x28, 0x00, 0xc7, 0x00, 0xe8, 0x00, 0x69, 0x00, 0xe5, 0x00,
    0x84, 0x00, 0x28, 0x00, 0x86, 0x00, 0x00, 0x00, 0x00, 0x00, 0x00, 0x00, 0x00, 0x00, 0x00, 0x00,
    0x00, 0x00, 0x00, 0x00, 0x00, 0x00, 0x00, 0x00, 0x43, 0x00, 0x23, 0x00, 0x87, 0x00, 0xc9, 0x00,
    0xa7, 0x00, 0x61, 0x00, 0x00, 0x00, 0x00, 0x00, 0x00, 0x00, 0x00, 0x00, 0x00, 0x00, 0x00, 0x00,
    0x00, 0x00, 0x00, 0x00, 0x00, 0x00, 0x00, 0x00, 0x00, 0x00, 0x61, 0x00, 0x41, 0x00, 0x85, 0x00,
    0x06, 0x00, 0x46, 0x00, 0x69, 0x00, 0xe7, 0x00, 0xc7, 0x00, 0x26, 0x00, 0x84, 0x00, 0x00, 0x00,
    0x00, 0x00, 0x00, 0x00, 0x00, 0x00, 0x00, 0x00, 0x00, 0x00, 0x00, 0x00, 0x84, 0x00, 0x61, 0x00,
    0x84, 0x00, 0x67, 0x00, 0xe8, 0x00, 0xa9, 0x00, 0xc9, 0x00, 0x68, 0x00, 0xa4, 0x00, 0x66, 0x00,
    0xe8, 0x00, 0x66, 0x00, 0x46, 0x00, 0x46, 0x00, 0x46, 0x00, 0x66, 0x00, 0x84, 0x00, 0x43, 0x00,
    0xe7, 0x00, 0x2a, 0x00, 0xa9, 0x00, 0x20, 0x00, 0x00, 0x00, 0x00, 0x00, 0x00, 0x00, 0x00, 0x00,
    0x00, 0x00, 0x00, 0x00, 0x00, 0x00, 0x00, 0x00, 0xe2, 0x00, 0x64, 0x00, 0xe8, 0x00, 0x89, 0x00,
    0x05, 0x00, 0x00, 0x00, 0x00, 0x00, 0x00, 0x00, 0x00, 0x00, 0x00, 0x00, 0x00, 0x00, 0x00, 0x00,
    0x00, 0x00, 0x00, 0x00, 0x00, 0x00, 0x00, 0x00, 0x00, 0x00, 0x00, 0x00, 0x40, 0x00, 0x85, 0x00,
    0xe6, 0x00, 0x06, 0x00, 0xa7, 0x00, 0x08, 0x00, 0xc7, 0x00, 0x66, 0x00, 0x84, 0x00, 0x20, 0x00,
    0x00, 0x00, 0x00, 0x00, 0x00, 0x00, 0x00, 0x00, 0x00, 0x00, 0x00, 0x00, 0xa5, 0x00, 0x06, 0x00,
    0x44, 0x00, 0x46, 0x00, 0xe8, 0x00, 0x89, 0x00, 0xc9, 0x00, 0x4a, 0x00, 0x46, 0x00, 0x06, 0x00,
    0x67, 0x00, 0x67, 0x00, 0x26, 0x00, 0xe5, 0x00, 0x64, 0x00, 0x03, 0x00, 0x44, 0x00, 0x67, 0x00,
    0x69, 0x00, 0xcb, 0x00, 0xa9, 0x00, 0x20, 0x00, 0x00, 0x00, 0x00, 0x00, 0x00, 0x00, 0x00, 0x00,
    0x00, 0x00, 0x00, 0x00, 0x00, 0x00, 0x00, 0x00, 0x23, 0x00, 0xa5, 0x00, 0x69, 0x00, 0x49, 0x00,
    0xa1, 0x00, 0x00, 0x00, 0x00, 0x00, 0x00, 0x00, 0x00, 0x00, 0x00, 0x00, 0x00, 0x00, 0x00, 0x00,
    0x00, 0x00, 0x00, 0x00, 0x00, 0x00, 0x00, 0x00, 0x00, 0x00, 0x00, 0x00, 0x20, 0x00, 0xc5, 0x00,
    0xc5, 0x00, 0x06, 0x00, 0x06, 0x00, 0xc8, 0x00, 0x49, 0x00, 0xa7, 0x00, 0xa4, 0x00, 0x20, 0x00,
    0x00, 0x00, 0x00, 0x00, 0x00, 0x00, 0x00, 0x00, 0x00, 0x00, 0x00, 0x00, 0x40, 0x00, 0xa5, 0x00,
    0x84, 0x00, 0x06, 0x00, 0x87, 0x00, 0x89, 0x00, 0x89, 0x00, 0x0a, 0x00, 0xe7, 0x00, 0x64, 0x00,
    0xe5, 0x00, 0x84, 0x00, 0x03, 0x00, 0x61, 0x00, 0x00, 0x00, 0x43, 0x00, 0xc5, 0x00, 0x66, 0x00,
    0x69, 0x00, 0x4a, 0x00, 0x28, 0x00, 0x20, 0x00, 0x00, 0x00, 0x00, 0x00, 0x00, 0x00, 0x00, 0x00,
    0x00, 0x00, 0x00, 0x00, 0x00, 0x00, 0x40, 0x00, 0xa5, 0x00, 0x67, 0x00, 0x28, 0x00, 0xc5, 0x00,
    0x02, 0x00, 0x00, 0x00, 0x00, 0x00, 0x00, 0x00, 0x00, 0x00, 0x00, 0x00, 0x00, 0x00, 0x00, 0x00,
    0x00, 0x00, 0x00, 0x00, 0x00, 0x00, 0x00, 0x00, 0x00, 0x00, 0x00, 0x00, 0x00, 0x00, 0xc5, 0x00,
    0x85, 0x00, 0xe6, 0x00, 0x67, 0x00, 0x87, 0x00, 0x8a, 0x00, 0x08, 0x00, 0xa7, 0x00, 0xc4, 0x00,
    0x40, 0x00, 0x00, 0x00, 0x00, 0x00, 0x00, 0x00, 0x00, 0x00, 0x00, 0x00, 0x00, 0x00, 0x61, 0x00,
    0x43, 0x00, 0x06, 0x00, 0x46, 0x00, 0xc7, 0x00, 0x08, 0x00, 0x48, 0x00, 0x88, 0x00, 0xc5, 0x00,
    0x03, 0x00, 0x00, 0x00, 0x00, 0x00, 0x00, 0x00, 0x00, 0x00, 0x03, 0x00, 0xa5, 0x00, 0x46, 0x00,
    0x68, 0x00, 0x4a, 0x00, 0xc7, 0x00, 0x00, 0x00, 0x00, 0x00, 0x00, 0x00, 0x00, 0x00, 0x00, 0x00,
    0x00, 0x00, 0x00, 0x00, 0x00, 0x00, 0x64, 0x00, 0x67, 0x00, 0x69, 0x00, 0x66, 0x00, 0x26, 0x00,
    0x23, 0x00, 0x00, 0x00, 0x00, 0x00, 0x00, 0x00, 0x00, 0x00, 0x00, 0x00, 0x00, 0x00, 0x00, 0x00,
    0x00, 0x00, 0x00, 0x00, 0x00, 0x00, 0x00, 0x00, 0x00, 0x00, 0x00, 0x00, 0x00, 0x00, 0x84, 0x00,
    0xa5, 0x00, 0xc5, 0x00, 0x67, 0x00, 0x67, 0x00, 0x49, 0x00, 0x89, 0x00, 0xe8, 0x00, 0x46, 0x00,
    0xc5, 0x00, 0xe2, 0x00, 0x81, 0x00, 0x00, 0x00, 0x00, 0x00, 0x00, 0x00, 0x00, 0x00, 0xa2, 0x00,
    0x43, 0x00, 0xc5, 0x00, 0x26, 0x00, 0x46, 0x00, 0x28, 0x00, 0x0a, 0x00, 0xc9, 0x00, 0x23, 0x00,
    0x00, 0x00, 0x00, 0x00, 0x00, 0x00, 0x00, 0x00, 0x00, 0x00, 0x61, 0x00, 0x84, 0x00, 0x26, 0x00,
    0x28, 0x00, 0x6b, 0x00, 0x27, 0x00, 0x00, 0x00, 0x00, 0x00, 0x00, 0x00, 0x00, 0x00, 0x00, 0x00,
    0x00, 0x00, 0x00, 0x00, 0x23, 0x00, 0xe7, 0x00, 0x69, 0x00, 0xe8, 0x00, 0x87, 0x00, 0x64, 0x00,
    0x00, 0x00, 0x00, 0x00, 0x00, 0x00, 0x00, 0x00, 0x00, 0x00, 0x00, 0x00, 0x00, 0x00, 0x00, 0x00,
    0x00, 0x00, 0x00, 0x00, 0x00, 0x00, 0x00, 0x00, 0x00, 0x00, 0x00, 0x00, 0x00, 0x00, 0xc2, 0x00,
    0xa5, 0x00, 0x23, 0x00, 0x06, 0x00, 0x06, 0x00, 0xa7, 0x00, 0x69, 0x00, 0x29, 0x00, 0x87, 0x00,
    0x87, 0x00, 0x26, 0x00, 0x84, 0x00, 0x81, 0x00, 0x20, 0x00, 0x00, 0x00, 0x40, 0x00, 0x00, 0x00,
    0xa2, 0x00, 0x84, 0x00, 0xe6, 0x00, 0x67, 0x00, 0x08, 0x00, 0xc9, 0x00, 0xe9, 0x00, 0xc1, 0x00,
    0x00, 0x00, 0x00, 0x00, 0x00, 0x00, 0x00, 0x00, 0x00, 0x00, 0x00, 0x00, 0x23, 0x00, 0x05, 0x00,
    0xe7, 0x00, 0xc9, 0x00, 0x89, 0x00, 0x20, 0x00, 0x00, 0x00, 0x00, 0x00, 0x00, 0x00, 0x00, 0x00,
    0xa1, 0x00, 0x86, 0x00, 0xc9, 0x00, 0x2a, 0x00, 0x08, 0x00, 0xa7, 0x00, 0xc5, 0x00, 0x00, 0x00,
    0x00, 0x00, 0x00, 0x00, 0x00, 0x00, 0x00, 0x00, 0x00, 0x00, 0x00, 0x00, 0x00, 0x00, 0x00, 0x00,
    0x00, 0x00, 0x00, 0x00, 0x00, 0x00, 0x00, 0x00, 0x00, 0x00, 0x00, 0x00, 0x00, 0x00, 0x20, 0x00,
    0x03, 0x00, 0x61, 0x00, 0xc5, 0x00, 0xe6, 0x00, 0xe6, 0x00, 0x87, 0x00, 0xc8, 0x00, 0xa7, 0x00,
    0x29, 0x00, 0xc8, 0x00, 0x46, 0x00, 0x05, 0x00, 0xe5, 0x00, 0xe5, 0x00, 0xc5, 0x00, 0x02, 0x00,
    0xa2, 0x00, 0x23, 0x00, 0xc5, 0x00, 0x67, 0x00, 0xc7, 0x00, 0xc9, 0x00, 0x2a, 0x00, 0x83, 0x00,
    0x23, 0x00, 0x23, 0x00, 0x61, 0x00, 0x20, 0x00, 0x20, 0x00, 0x00, 0x00, 0x20, 0x00, 0x06, 0x00,
    0xe7, 0x00, 0x48, 0x00, 0x2a, 0x00, 0xe2, 0x00, 0x61, 0x00, 0x84, 0x00, 0x43, 0x00, 0x86, 0x00,
    0xea, 0x00, 0x8b, 0x00, 0x4b, 0x00, 0x48, 0x00, 0x67, 0x00, 0xc5, 0x00, 0x00, 0x00, 0x00, 0x00,
    0x00, 0x00, 0x00, 0x00, 0x00, 0x00, 0x00, 0x00, 0x00, 0x00, 0x00, 0x00, 0x00, 0x00, 0x00, 0x00,
    0x00, 0x00, 0x00, 0x00, 0x00, 0x00, 0x00, 0x00, 0x00, 0x00, 0x00, 0x00, 0x00, 0x00, 0x00, 0x00,
    0x00, 0x00, 0x00, 0x00, 0xe2, 0x00, 0xc5, 0x00, 0xc5, 0x00, 0xe6, 0x00, 0x47, 0x00, 0x46, 0x00,
    0xc8, 0x00, 0xe8, 0x00, 0xe8, 0x00, 0x46, 0x00, 0xc5, 0x00, 0x06, 0x00, 0x26, 0x00, 0x67, 0x00,
    0x26, 0x00, 0xc5, 0x00, 0x64, 0x00, 0x47, 0x00, 0x87, 0x00, 0xc9, 0x00, 0x0a, 0x00, 0x66, 0x00,
    0xc5, 0x00, 0x46, 0x00, 0x25, 0x00, 0x66, 0x00, 0xe5, 0x00, 0x63, 0x00, 0x23, 0x00, 0xc5, 0x00,
    0x28, 0x00, 0x89, 0x00, 0xe9, 0x00, 0x25, 0x00, 0x25, 0x00, 0x89, 0x00, 0x2a, 0x00, 0x8b, 0x00,
    0x2a, 0x00, 0x89, 0x00, 0x87, 0x00, 0xe5, 0x00, 0x84, 0x00, 0xa1, 0x00, 0x00, 0x00, 0x00, 0x00,
    0x00, 0x00, 0x00, 0x00, 0x00, 0x00, 0x00, 0x00, 0x00, 0x00, 0x00, 0x00, 0x00, 0x00, 0x00, 0x00,
    0x00, 0x00, 0x00, 0x00, 0x00, 0x00, 0x00, 0x00, 0x00, 0x00, 0x00, 0x00, 0x00, 0x00, 0x00, 0x00,
    0x00, 0x00, 0x00, 0x00, 0x00, 0x00, 0x23, 0x00, 0xc5, 0x00, 0x64, 0x00, 0xe6, 0x00, 0xe6, 0x00,
    0xe6, 0x00, 0x26, 0x00, 0x26, 0x00, 0x06, 0x00, 0xe6, 0x00, 0x06, 0x00, 0x06, 0x00, 0xe5, 0x00,
    0xe6, 0x00, 0x06, 0x00, 0x64, 0x00, 0x06, 0x00, 0xa7, 0x00, 0x87, 0x00, 0x68, 0x00, 0x68, 0x00,
    0xe5, 0x00, 0xc5, 0x00, 0xe5, 0x00, 0x26, 0x00, 0x46, 0x00, 0x26, 0x00, 0x05, 0x00, 0xc5, 0x00,
    0x48, 0x00, 0xe9, 0x00, 0xc7, 0x00, 0xc9, 0x00, 0xe7, 0x00, 0xa7, 0x00, 0x89, 0x00, 0xe7, 0x00,
    0x46, 0x00, 0x26, 0x00, 0x06, 0x00, 0xc5, 0x00, 0x64, 0x00, 0x81, 0x00, 0x00, 0x00, 0x00, 0x00,
    0x00, 0x00, 0x00, 0x00, 0x00, 0x00, 0x00, 0x00, 0x00, 0x00, 0x00, 0x00, 0x00, 0x00, 0x00, 0x00,
    0x00, 0x00, 0x00, 0x00, 0x00, 0x00, 0x00, 0x00, 0x00, 0x00, 0x00, 0x00, 0x00, 0x00, 0x00, 0x00,
    0x00, 0x00, 0x00, 0x00, 0x00, 0x00, 0x00, 0x00, 0x23, 0x00, 0xc5, 0x00, 0x43, 0x00, 0x85, 0x00,
    0xa5, 0x00, 0x85, 0x00, 0xa5, 0x00, 0xa5, 0x00, 0xe6, 0x00, 0xe5, 0x00, 0xc5, 0x00, 0xa5, 0x00,
    0xa5, 0x00, 0xa5, 0x00, 0x23, 0x00, 0xa5, 0x00, 0xc7, 0x00, 0x46, 0x00, 0x28, 0x00, 0xa9, 0x00,
    0xa6, 0x00, 0xe7, 0x00, 0xe5, 0x00, 0xc5, 0x00, 0x05, 0x00, 0xc5, 0x00, 0x84, 0x00, 0xa4, 0x00,
    0x26, 0x00, 0xa9, 0x00, 0xc7, 0x00, 0x86, 0x00, 0xa9, 0x00, 0x48, 0x00, 0x25, 0x00, 0x28, 0x00,
    0x25, 0x00, 0xc5, 0x00, 0x23, 0x00, 0x81, 0x00, 0x00, 0x00, 0x00, 0x00, 0x00, 0x00, 0x00, 0x00,
    0x00, 0x00, 0x00, 0x00, 0x00, 0x00, 0x00, 0x00, 0x00, 0x00, 0x00, 0x00, 0x00, 0x00, 0x00, 0x00,
    0x00, 0x00, 0x00, 0x00, 0x00, 0x00, 0x00, 0x00, 0x00, 0x00, 0x00, 0x00, 0x00, 0x00, 0x00, 0x00,
    0x00, 0x00, 0x00, 0x00, 0x00, 0x00, 0x00, 0x00, 0x00, 0x00, 0xc2, 0x00, 0x84, 0x00, 0xa2, 0x00,
    0x44, 0x00, 0xc5, 0x00, 0xa5, 0x00, 0x64, 0x00, 0x44, 0x00, 0x64, 0x00, 0x85, 0x00, 0x85, 0x00,
    0x85, 0x00, 0x64, 0x00, 0xc2, 0x00, 0xa5, 0x00, 0xa7, 0x00, 0x86, 0x00, 0xc5, 0x00, 0x28, 0x00,
    0xc6, 0x00, 0x66, 0x00, 0x68, 0x00, 0x84, 0x00, 0xa2, 0x00, 0xe2, 0x00, 0xc2, 0x00, 0x84, 0x00,
    0xe5, 0x00, 0xe5, 0x00, 0x28, 0x00, 0x05, 0x00, 0x05, 0x00, 0x28, 0x00, 0x08, 0x00, 0xe5, 0x00,
    0x26, 0x00, 0x00, 0x00, 0x00, 0x00, 0x00, 0x00, 0x00, 0x00, 0x00, 0x00, 0x00, 0x00, 0x00, 0x00,
    0x00, 0x00, 0x00, 0x00, 0x00, 0x00, 0x00, 0x00, 0x00, 0x00, 0x00, 0x00, 0x00, 0x00, 0x00, 0x00,
    0x00, 0x00, 0x00, 0x00, 0x00, 0x00, 0x00, 0x00, 0x00, 0x00, 0x00, 0x00, 0x00, 0x00, 0x00, 0x00,
    0x00, 0x00, 0x00, 0x00, 0x00, 0x00, 0x00, 0x00, 0x00, 0x00, 0x00, 0x00, 0x20, 0x00, 0x20, 0x00,
    0x00, 0x00, 0x81, 0x00, 0x03, 0x00, 0x44, 0x00, 0x03, 0x00, 0x61, 0x00, 0x81, 0x00, 0xa2, 0x00,
    0xa2, 0x00, 0x81, 0x00, 0x64, 0x00, 0x44, 0x00, 0x66, 0x00, 0x25, 0x00, 0x44, 0x00, 0xa5, 0x00,
    0x69, 0x00, 0xe5, 0x00, 0x84, 0x00, 0x26, 0x00, 0xa2, 0x00, 0x00, 0x00, 0x00, 0x00, 0x81, 0x00,
    0x84, 0x00, 0x43, 0x00, 0x06, 0x00, 0xc7, 0x00, 0x44, 0x00, 0x23, 0x00, 0x87, 0x00, 0x64, 0x00,
    0x61, 0x00, 0x20, 0x00, 0x00, 0x00, 0x00, 0x00, 0x00, 0x00, 0x00, 0x00, 0x00, 0x00, 0x00, 0x00,
    0x00, 0x00, 0x00, 0x00, 0x00, 0x00, 0x00, 0x00, 0x00, 0x00, 0x00, 0x00, 0x00, 0x00, 0x00, 0x00,
    0x00, 0x00, 0x00, 0x00, 0x00, 0x00, 0x00, 0x00, 0x00, 0x00, 0x00, 0x00, 0x00, 0x00, 0x00, 0x00,
    0x00, 0x00, 0x00, 0x00, 0x00, 0x00, 0x00, 0x00, 0x00, 0x00, 0x00, 0x00, 0x00, 0x00, 0x00, 0x00,
    0x00, 0x00, 0x00, 0x00, 0x00, 0x00, 0x00, 0x00, 0x00, 0x00, 0x00, 0x00, 0x00, 0x00, 0x00, 0x00,
    0x00, 0x00, 0x00, 0x00, 0x03, 0x00, 0x44, 0x00, 0xc5, 0x00, 0xa4, 0x00, 0x03, 0x00, 0x03, 0x00,
    0xe5, 0x00, 0xa4, 0x00, 0x41, 0x00, 0xa1, 0x00, 0xa2, 0x00, 0x00, 0x00, 0x00, 0x00, 0x00, 0x00,
    0x00, 0x00, 0x20, 0x00, 0x00, 0x00, 0x23, 0x00, 0x61, 0x00, 0x00, 0x00, 0x20, 0x00, 0x61, 0x00,
    0x00, 0x00, 0x00, 0x00, 0x00, 0x00, 0x00, 0x00, 0x00, 0x00, 0x00, 0x00, 0x00, 0x00, 0x00, 0x00,
    0x00, 0x00, 0x00, 0x00, 0x00, 0x00, 0x00, 0x00, 0x00, 0x00, 0x00, 0x00, 0x00, 0x00, 0x00, 0x00,
    0x00, 0x00, 0x00, 0x00, 0x00, 0x00, 0x00, 0x00, 0x00, 0x00, 0x00, 0x00, 0x00, 0x00, 0x00, 0x00,
    0x00, 0x00, 0x00, 0x00, 0x00, 0x00, 0x00, 0x00, 0x00, 0x00, 0x00, 0x00, 0x00, 0x00, 0x00, 0x00,
    0x00, 0x00, 0x00, 0x00, 0x00, 0x00, 0x00, 0x00, 0x00, 0x00, 0x00, 0x00, 0x00, 0x00, 0x00, 0x00,
    0x00, 0x00, 0x00, 0x00, 0x00, 0x00, 0x20, 0x00, 0x81, 0x00, 0xa1, 0x00, 0x00, 0x00, 0x00, 0x00,
    0x81, 0x00, 0x81, 0x00, 0x00, 0x00, 0x00, 0x00, 0x00, 0x00, 0x00, 0x00, 0x00, 0x00, 0x00, 0x00,
    0x00, 0x00, 0x00, 0x00, 0x00, 0x00, 0x00, 0x00, 0x00, 0x00, 0x00, 0x00, 0x00, 0x00, 0x00, 0x00,
    0x00, 0x00, 0x00, 0x00, 0x00, 0x00, 0x00, 0x00, 0x00, 0x00, 0x00, 0x00, 0x00, 0x00, 0x00, 0x00,
    0x00, 0x00, 0x00, 0x00, 0x00, 0x00, 0x00, 0x00, 0x00, 0x00, 0x00, 0x00, 0x00, 0x00, 0x00, 0x00,
    0x00, 0x00, 0x00, 0x00, 0x00, 0x00, 0x00, 0x00, 0x00, 0x00, 0x00, 0x00, 0x00, 0x00, 0x00, 0x00,
    0x00, 0x00, 0x00, 0x00, 0x00, 0x00, 0x00, 0x00, 0x00, 0x00, 0x00, 0x00, 0x00, 0x00, 0x00, 0x00,
    0x00, 0x00, 0x00, 0x00, 0x00, 0x00, 0x00, 0x00, 0x00, 0x00, 0x00, 0x00, 0x00, 0x00, 0x00, 0x00,
    0x00, 0x00, 0x00, 0x00, 0x00, 0x00, 0x00, 0x00, 0x00, 0x00, 0x00, 0x00, 0x00, 0x00, 0x00, 0x00,
    0x00, 0x00, 0x00, 0x00, 0x00, 0x00, 0x00, 0x00, 0x00, 0x00, 0x00, 0x00, 0x00, 0x00, 0x00, 0x00,
    0x00, 0x00, 0x00, 0x00, 0x00, 0x00, 0x00, 0x00, 0x00, 0x00, 0x00, 0x00, 0x00, 0x00, 0x00, 0x00,
    0x00, 0x00, 0x00, 0x00, 0x00, 0x00, 0x00, 0x00, 0x00, 0x00, 0x00, 0x00, 0x00, 0x00, 0x00, 0x00,
    0x00, 0x00, 0x00, 0x00, 0x00, 0x00, 0x00, 0x00, 0x00, 0x00, 0x00, 0x00, 0x00, 0x00, 0x00, 0x00,
    0x00, 0x00, 0x00, 0x00, 0x00, 0x00, 0x00, 0x00, 0x00, 0x00, 0x00, 0x00, 0x00, 0x00, 0x00, 0x00,
    0x00, 0x00, 0x00, 0x01, 0x05, 0x00, 0x00, 0x00, 0x00, 0x00, 0x00, 0x00, 0x00, 0x00, 0x00, 0x00,
    0x00, 0x00, 0x00, 0x12, 0x02, 0x00, 0x00, 0x00, 0x00, 0x00, 0x00, 0x00, 0x00, 0x00, 0x00, 0x00,
    0x00, 0x00, 0x00, 0x00, 0x00, 0x00, 0x00, 0x00, 0x00, 0x00, 0x00, 0x00, 0x00, 0x00, 0x00, 0x00,
    0x00, 0x00, 0x00, 0x00, 0x00, 0x00, 0x00, 0x00, 0x00, 0x00, 0x00, 0x00, 0x00, 0x00, 0x00, 0x00,
    0x00, 0x00, 0x00, 0xa2, 0x37, 0x00, 0x00, 0x00, 0x00, 0x00, 0x00, 0x00, 0x00, 0x00, 0x00, 0x00,
    0x00, 0x00, 0x4e, 0xf5, 0x02, 0x00, 0x00, 0x00, 0x00, 0x00, 0x00, 0x00, 0x00, 0x00, 0x00, 0x00,
    0x00, 0x00, 0x00, 0x00, 0x00, 0x00, 0x00, 0x00, 0x00, 0x00, 0x00, 0x00, 0x00, 0x00, 0x00, 0x00,
    0x00, 0x00, 0x00, 0x00, 0x00, 0x00, 0x00, 0x00, 0x00, 0x00, 0x00, 0x00, 0x00, 0x00, 0x00, 0x00,
    0x00, 0x00, 0x20, 0xff, 0x11, 0x00, 0x00, 0x00, 0x00, 0x00, 0x00, 0x00, 0x00, 0x00, 0x00, 0x00,
    0x00, 0x05, 0xff, 0x9d, 0x00, 0x00, 0x00, 0x00, 0x00, 0x00, 0x00, 0x00, 0x00, 0x00, 0x00, 0x00,
    0x00, 0x00, 0x00, 0x00, 0x00, 0x00, 0x00, 0x00, 0x00, 0x00, 0x00, 0x00, 0x00, 0x00, 0x00, 0x00,
    0x00, 0x00, 0x00, 0x00, 0x00, 0x00, 0x00, 0x00, 0x00, 0x00, 0x00, 0x00, 0x00, 0x00, 0x00, 0x00,
    0x00, 0x00, 0x69, 0xfb, 0x15, 0x00, 0x00, 0x00, 0x00, 0x00, 0x00, 0x00, 0x00, 0x00, 0x00, 0x00,
    0x00, 0x17, 0xfd, 0xa6, 0x00, 0x00, 0x00, 0x00, 0x00, 0x00, 0x00, 0x00, 0x00, 0x00, 0x00, 0x00,
    0x00, 0x00, 0x00, 0x00, 0x00, 0x00, 0x00, 0x00, 0x00, 0x00, 0x00, 0x00, 0x00, 0x00, 0x00, 0x00,
    0x00, 0x00, 0x00, 0x00, 0x00, 0x00, 0x00, 0x00, 0x00, 0x00, 0x00, 0x00, 0x00, 0x00, 0x00, 0x00,
    0x00, 0x00, 0x74, 0xfd, 0x54, 0x00, 0x00, 0x00, 0x54, 0x09, 0x00, 0x00, 0x00, 0x00, 0x00, 0x00,
    0x00, 0x07, 0xfd, 0xf7, 0x0d, 0x00, 0x01, 0x4f, 0x02, 0x00, 0x00, 0x00, 0x00, 0x00, 0x00, 0x00,
    0x00, 0x00, 0x00, 0x00, 0x00, 0x00, 0x00, 0x00, 0x00, 0x00, 0x00, 0x00, 0x00, 0x00, 0x00, 0x00,
    0x00, 0x00, 0x00, 0x00, 0x00, 0x00, 0x00, 0x00, 0x00, 0x00, 0x00, 0x00, 0x00, 0x00, 0x00, 0x00,
    0x00, 0x00, 0x45, 0xff, 0xe8, 0x0b, 0x00, 0x20, 0xff, 0x10, 0x00, 0x00, 0x00, 0x00, 0x00, 0x00,
    0x00, 0x00, 0x7e, 0xff, 0xb0, 0x00, 0x38, 0xff, 0x02, 0x00, 0x00, 0x00, 0x00, 0x00, 0x00, 0x00,
    0x00, 0x00, 0x00, 0x00, 0x00, 0x00, 0x00, 0x00, 0x00, 0x00, 0x00, 0x00, 0x00, 0x00, 0x00, 0x00,
    0x00, 0x00, 0x00, 0x00, 0x00, 0x00, 0x00, 0x00, 0x00, 0x00, 0x00, 0x00, 0x00, 0x00, 0x00, 0x00,
    0x00, 0x00, 0x08, 0xff, 0xff, 0xda, 0x14, 0x37, 0xf9, 0x1a, 0x00, 0x00, 0x00, 0x2a, 0x00, 0x00,
    0x00, 0x00, 0x0d, 0xd1, 0xff, 0x71, 0x73, 0xf7, 0x01, 0x00, 0x00, 0x00, 0x00, 0x00, 0x00, 0x00,
    0x00, 0x00, 0x00, 0x00, 0x00, 0x00, 0x00, 0x00, 0x00, 0x00, 0x00, 0x00, 0x00, 0x00, 0x00, 0x00,
    0x00, 0x00, 0x00, 0x00, 0x00, 0x00, 0x00, 0x00, 0x00, 0x00, 0x00, 0x00, 0x00, 0x00, 0x00, 0x00,
    0x00, 0x00, 0x00, 0x30, 0xf7, 0xff, 0xff, 0xc7, 0xff, 0x9b, 0x00, 0x00, 0x1a, 0xff, 0x40, 0x00,
    0x00, 0x01, 0xb2, 0x75, 0xe4, 0xff, 0xf5, 0xff, 0x3e, 0x00, 0x00, 0x3d, 0x1a, 0x00, 0x00, 0x00,
    0x00, 0x00, 0x00, 0x00, 0x00, 0x00, 0x00, 0x00, 0x00, 0x00, 0x00, 0x00, 0x00, 0x00, 0x00, 0x00,
    0x00, 0x00, 0x00, 0x00, 0x00, 0x00, 0x00, 0x00, 0x00, 0x00, 0x00, 0x00, 0x00, 0x00, 0x00, 0x00,
    0x45, 0x55, 0x0d, 0x0a, 0xa5, 0xf5, 0xf1, 0xff, 0xfb, 0xff, 0x7f, 0x01, 0x2b, 0xfd, 0xff, 0xa8,
    0x25, 0x06, 0xf9, 0xf1, 0xe0, 0xfb, 0xfd, 0xfb, 0xfd, 0x0b, 0x1c, 0xff, 0x57, 0x00, 0x00, 0x00,
    0x00, 0x00, 0x00, 0x00, 0x00, 0x00, 0x00, 0x00, 0x00, 0x00, 0x00, 0x00, 0x00, 0x00, 0x00, 0x00,
    0x00, 0x00, 0x00, 0x00, 0x00, 0x00, 0x00, 0x00, 0x00, 0x00, 0x00, 0x00, 0x00, 0x00, 0x00, 0x00,
    0x14, 0xff, 0xff, 0xff, 0xff, 0xff, 0xff, 0xff, 0xff, 0xf5, 0xff, 0xbe, 0x5b, 0xf9, 0xf7, 0xff,
    0xff, 0xd5, 0xe9, 0xff, 0xff, 0xff, 0xff, 0xfd, 0xff, 0xda, 0xfb, 0xfd, 0x3c, 0x00, 0x00, 0x00,
    0x00, 0x00, 0x00, 0x00, 0x00, 0x00, 0x00, 0x00, 0x00, 0x00, 0x00, 0x00, 0x00, 0x00, 0x00, 0x00,
    0x00, 0x00, 0x00, 0x00, 0x00, 0x00, 0x00, 0x00, 0x00, 0x00, 0x00, 0x00, 0x00, 0x00, 0x00, 0x00,
    0x00, 0x1a, 0x91, 0xc7, 0xb5, 0x52, 0x2c, 0x83, 0xf7, 0xff, 0xfb, 0xff, 0xff, 0xff, 0xff, 0xfb,
    0xf9, 0xff, 0xff, 0xff, 0xff, 0xff, 0xff, 0xff, 0xff, 0xff, 0xfb, 0xf5, 0x08, 0x00, 0x00, 0x00,
    0x00, 0x00, 0x00, 0x00, 0x00, 0x00, 0x00, 0x00, 0x00, 0x00, 0x00, 0x00, 0x00, 0x00, 0x00, 0x00,
    0x00, 0x00, 0x00, 0x00, 0x00, 0x00, 0x00, 0x00, 0x00, 0x00, 0x00, 0x00, 0x00, 0x00, 0x00, 0x00,
    0x00, 0x00, 0x00, 0x00, 0x00, 0x00, 0x00, 0x00, 0x1e, 0x78, 0xf1, 0xf9, 0xfb, 0xff, 0xff, 0xff,
    0xff, 0xfd, 0xff, 0xff, 0xff, 0xff, 0xff, 0xff, 0xff, 0xf5, 0xff, 0x51, 0x00, 0x00, 0x00, 0x00,
    0x00, 0x00, 0x00, 0x00, 0x00, 0x00, 0x00, 0x00, 0x00, 0x00, 0x00, 0x00, 0x00, 0x00, 0x00, 0x00,
    0x00, 0x00, 0x00, 0x00, 0x00, 0x00, 0x00, 0x00, 0x00, 0x00, 0x00, 0x00, 0x00, 0x00, 0x00, 0x00,
    0x00, 0x00, 0x00, 0x12, 0x1e, 0x04, 0x00, 0x00, 0x59, 0x8b, 0xd5, 0xff, 0xfd, 0xff, 0xff, 0xff,
    0xff, 0xff, 0xff, 0xff, 0xff, 0xff, 0xff, 0xff, 0xff, 0xf7, 0xff, 0x33, 0x00, 0x00, 0x00, 0x00,
    0x00, 0x00, 0x00, 0x00, 0x00, 0x00, 0x00, 0x00, 0x00, 0x00, 0x00, 0x00, 0x00, 0x00, 0x00, 0x00,
    0x00, 0x00, 0x00, 0x00, 0x00, 0x00, 0x00, 0x00, 0x00, 0x00, 0x00, 0x00, 0x00, 0x00, 0x00, 0x00,
    0x00, 0x00, 0x00, 0x13, 0xff, 0xeb, 0xb4, 0x8c, 0xa0, 0xff, 0xff, 0xff, 0xff, 0xff, 0xff, 0xff,
    0xff, 0xff, 0xff, 0xff, 0xff, 0xff, 0xff, 0xff, 0xff, 0xf9, 0xff, 0x54, 0x55, 0x02, 0x00, 0x00,
    0x00, 0x00, 0x00, 0x00, 0x00, 0x00, 0x00, 0x00, 0x00, 0x00, 0x00, 0x00, 0x00, 0x00, 0x00, 0x00,
    0x00, 0x00, 0x00, 0x00, 0x00, 0x00, 0x00, 0x00, 0x00, 0x00, 0x00, 0x00, 0x00, 0x00, 0x00, 0x00,
    0x00, 0x00, 0x00, 0x00, 0x20, 0xff, 0xff, 0xff, 0xff, 0xfb, 0xff, 0xff, 0xff, 0xff, 0xff, 0xff,
    0xff, 0xff, 0xff, 0xff, 0xff, 0xff, 0xff, 0xff, 0xff, 0xff, 0xff, 0xf1, 0xff, 0x06, 0x00, 0x00,
    0x00, 0x00, 0x00, 0x00, 0x00, 0x00, 0x00, 0x00, 0x00, 0x00, 0x00, 0x00, 0x00, 0x00, 0x00, 0x00,
    0x00, 0x00, 0x00, 0x00, 0x00, 0x00, 0x00, 0x00, 0x00, 0x00, 0x00, 0x00, 0x00, 0x00, 0x00, 0x00,
    0x00, 0x00, 0x00, 0x00, 0x00, 0x0e, 0x92, 0xf5, 0xf9, 0xff, 0xff, 0xff, 0xff, 0xff, 0xff, 0xff,
    0xff, 0xff, 0xff, 0xff, 0xff, 0xff, 0xff, 0xff, 0xff, 0xff, 0xfd, 0xff, 0xfb, 0x06, 0x00, 0x00,
    0x00, 0x00, 0x00, 0x00, 0x00, 0x00, 0x00, 0x00, 0x00, 0x00, 0x00, 0x00, 0x00, 0x00, 0x00, 0x00,
    0x00, 0x00, 0x00, 0x00, 0x00, 0x00, 0x00, 0x00, 0x00, 0x00, 0x00, 0x00, 0x00, 0x00, 0x00, 0x00,
    0x00, 0x00, 0x00, 0x00, 0x00, 0x00, 0x04, 0x68, 0xf7, 0xfd, 0xff, 0xff, 0xff, 0xff, 0xff, 0xff,
    0xff, 0xff, 0xff, 0xff, 0xff, 0xff, 0xff, 0xff, 0xff, 0xff, 0xfb, 0xff, 0xc0, 0x00, 0x00, 0x00,
    0x00, 0x00, 0x00, 0x00, 0x00, 0x00, 0x00, 0x00, 0x00, 0x00, 0x00, 0x00, 0x00, 0x00, 0x00, 0x00,
    0x00, 0x00, 0x00, 0x00, 0x00, 0x00, 0x00, 0x00, 0x00, 0x00, 0x00, 0x00, 0x00, 0x00, 0x00, 0x00,
    0x00, 0x00, 0x00, 0x00, 0x10, 0x78, 0xe6, 0xf5, 0xfd, 0xff, 0xff, 0xff, 0xff, 0xff, 0xff, 0xff,
    0xff, 0xff, 0xff, 0xff, 0xff, 0xff, 0xff, 0xff, 0xff, 0xff, 0xfb, 0xfd, 0x9a, 0x09, 0x00, 0x00,
    0x00, 0x00, 0x00, 0x00, 0x00, 0x00, 0x00, 0x00, 0x00, 0x00, 0x00, 0x00, 0x00, 0x00, 0x00, 0x00,
    0x00, 0x00, 0x00, 0x00, 0x00, 0x00, 0x00, 0x00, 0x00, 0x00, 0x00, 0x00, 0x00, 0x00, 0x00, 0x00,
    0x00, 0x00, 0x07, 0x95, 0xff, 0xff, 0xff, 0xff, 0xff, 0xff, 0xff, 0xff, 0xff, 0xff, 0xff, 0xff,
    0xff, 0xff, 0xff, 0xff, 0xff, 0xff, 0xff, 0xff, 0xff, 0xff, 0xff, 0xfb, 0xff, 0x14, 0x00, 0x00,
    0x00, 0x00, 0x00, 0x00, 0x00, 0x00, 0x00, 0x00, 0x00, 0x00, 0x00, 0x00, 0x00, 0x00, 0x00, 0x00,
    0x00, 0x00, 0x00, 0x00, 0x00, 0x00, 0x00, 0x00, 0x00, 0x00, 0x00, 0x00, 0x00, 0x00, 0x00, 0x00,
    0x00, 0x00, 0x06, 0x44, 0x71, 0xc3, 0xff, 0xff, 0xff, 0xff, 0xff, 0xff, 0xff, 0xff, 0xff, 0xff,
    0xff, 0xff, 0xff, 0xff, 0xff, 0xff, 0xff, 0xff, 0xff, 0xff, 0xfb, 0xff, 0xbc, 0x00, 0x00, 0x00,
    0x00, 0x00, 0x00, 0x00, 0x00, 0x00, 0x00, 0x00, 0x00, 0x00, 0x00, 0x00, 0x00, 0x00, 0x00, 0x00,
    0x00, 0x00, 0x00, 0x00, 0x00, 0x00, 0x00, 0x00, 0x00, 0x00, 0x00, 0x00, 0x00, 0x00, 0x00, 0x00,
    0x00, 0x00, 0x00, 0x00, 0x00, 0x00, 0x1e, 0xe9, 0xfb, 0xfd, 0xff, 0xff, 0xff, 0xff, 0xff, 0xff,
    0xff, 0xff, 0xff, 0xff, 0xff, 0xff, 0xff, 0xff, 0xff, 0xff, 0xfb, 0xfd, 0xc8, 0x04, 0x00, 0x00,
    0x00, 0x00, 0x00, 0x00, 0x00, 0x00, 0x00, 0x00, 0x00, 0x00, 0x00, 0x00, 0x00, 0x00, 0x00, 0x00,
    0x00, 0x00, 0x00, 0x00, 0x00, 0x00, 0x00, 0x00, 0x00, 0x00, 0x00, 0x00, 0x00, 0x00, 0x00, 0x00,
    0x00, 0x00, 0x00, 0x00, 0x00, 0x07, 0xa0, 0xf9, 0xfd, 0xff, 0xff, 0xff, 0xff, 0xff, 0xff, 0xff,
    0xff, 0xff, 0xff, 0xff, 0xff, 0xff, 0xff, 0xff, 0xff, 0xff, 0xff, 0xfd, 0xff, 0xe0, 0x03, 0x00,
    0x00, 0x00, 0x00, 0x00, 0x00, 0x00, 0x00, 0x00, 0x00, 0x00, 0x00, 0x00, 0x00, 0x00, 0x00, 0x00,
    0x00, 0x00, 0x00, 0x00, 0x00, 0x00, 0x00, 0x00, 0x00, 0x00, 0x00, 0x00, 0x00, 0x00, 0x00, 0x00,
    0x00, 0x00, 0x00, 0x00, 0x08, 0xd3, 0xff, 0xff, 0xff, 0xff, 0xff, 0xff, 0xff, 0xff, 0xff, 0xff,
    0xff, 0xff, 0xff, 0xff, 0xff, 0xff, 0xff, 0xff, 0xff, 0xff, 0xff, 0xfb, 0xfb, 0x89, 0x01, 0x00,
    0x00, 0x00, 0x00, 0x00, 0x00, 0x00, 0x00, 0x00, 0x00, 0x00, 0x00, 0x00, 0x00, 0x00, 0x00, 0x00,
    0x00, 0x00, 0x00, 0x00, 0x00, 0x00, 0x00, 0x00, 0x00, 0x00, 0x00, 0x00, 0x00, 0x00, 0x00, 0x00,
    0x00, 0x00, 0x00, 0x08, 0xe6, 0xff, 0xff, 0xfb, 0xff, 0xff, 0xff, 0xff, 0xff, 0xff, 0xff, 0xff,
    0xff, 0xff, 0xff, 0xff, 0xff, 0xff, 0xff, 0xff, 0xff, 0xff, 0xff, 0xf3, 0xff, 0x44, 0x00, 0x00,
    0x00, 0x00, 0x00, 0x00, 0x00, 0x00, 0x00, 0x00, 0x4e, 0x1c, 0x00, 0x00, 0x00, 0x00, 0x00, 0x00,
    0x00, 0x00, 0x00, 0x00, 0x00, 0x00, 0x00, 0x00, 0x00, 0x00, 0x00, 0x00, 0x00, 0x00, 0x00, 0x00,
    0x00, 0x00, 0x00, 0x4c, 0x9e, 0x77, 0x32, 0x83, 0xff, 0xfb, 0xff, 0xff, 0xff, 0xff, 0xff, 0xff,
    0xff, 0xff, 0xff, 0xff, 0xff, 0xff, 0xff, 0xff, 0xff, 0xff, 0xfb, 0xff, 0xf9, 0x3c, 0x00, 0x00,
    0x00, 0x00, 0x00, 0x00, 0x00, 0x00, 0x00, 0x02, 0xf7, 0x4f, 0x00, 0x00, 0x00, 0x00, 0x00, 0x00,
    0x00, 0x00, 0x00, 0x00, 0x00, 0x00, 0x00, 0x00, 0x00, 0x00, 0x00, 0x00, 0x00, 0x00, 0x00, 0x00,
    0x00, 0x00, 0x00, 0x00, 0x00, 0x00, 0x01, 0xe9, 0xfb, 0xfb, 0xff, 0xff, 0xff, 0xff, 0xff, 0xff,
    0xff, 0xff, 0xff, 0xff, 0xff, 0xff, 0xff, 0xff, 0xff, 0xf9, 0xff, 0xc7, 0x0c, 0x00, 0x00, 0x00,
    0x00, 0x00, 0x00, 0x00, 0x00, 0x00, 0x01, 0x8e, 0xff, 0x6f, 0x00, 0x00, 0x00, 0x00, 0x00, 0x00,
    0x00, 0x00, 0x00, 0x00, 0x00, 0x00, 0x00, 0x00, 0x00, 0x00, 0x00, 0x00, 0x00, 0x00, 0x00, 0x00,
    0x00, 0x00, 0x00, 0x00, 0x00, 0x00, 0x31, 0xff, 0xff, 0xff, 0xff, 0xff, 0xff, 0xff, 0xff, 0xff,
    0xff, 0xff, 0xff, 0xff, 0xff, 0xff, 0xff, 0xff, 0xfb, 0xff, 0xb9, 0x04, 0x00, 0x00, 0x00, 0x00,
    0x00, 0x00, 0x00, 0x00, 0x00, 0x0c, 0xaf, 0xff, 0xfd, 0x73, 0x00, 0x00, 0x00, 0x00, 0x00, 0x00,
    0x00, 0x00, 0x00, 0x00, 0x00, 0x00, 0x00, 0x00, 0x00, 0x00, 0x00, 0x00, 0x00, 0x00, 0x00, 0x00,
    0x00, 0x00, 0x00, 0x00, 0x00, 0x00, 0x46, 0xff, 0xcc, 0x9e, 0xff, 0xf9, 0xff, 0xff, 0xff, 0xff,
    0xff, 0xff, 0xff, 0xff, 0xff, 0xff, 0xff, 0xfb, 0xf9, 0xc7, 0x03, 0x00, 0x00, 0x00, 0x00, 0x00,
    0x00, 0x00, 0x07, 0x00, 0x2a, 0xf5, 0xff, 0xf1, 0xfd, 0x55, 0x00, 0x00, 0x00, 0x00, 0x00, 0x00,
    0x00, 0x00, 0x00, 0x00, 0x00, 0x00, 0x00, 0x00, 0x00, 0x00, 0x00, 0x00, 0x00, 0x00, 0x00, 0x00,
    0x00, 0x00, 0x00, 0x00, 0x00, 0x00, 0x30, 0xf7, 0x08, 0x71, 0xfd, 0xff, 0xff, 0xff, 0xff, 0xff,
    0xff, 0xff, 0xff, 0xff, 0xff, 0xff, 0xff, 0xf5, 0xff, 0x1c, 0x00, 0x00, 0x00, 0x00, 0x00, 0x00,
    0x00, 0x01, 0x83, 0x2d, 0xff, 0xfd, 0xfb, 0xf9, 0xff, 0x22, 0x00, 0x00, 0x00, 0x00, 0x00, 0x00,
    0x00, 0x00, 0x00, 0x00, 0x00, 0x00, 0x00, 0x00, 0x00, 0x00, 0x00, 0x00, 0x00, 0x00, 0x00, 0x00,
    0x00, 0x00, 0x00, 0x00, 0x00, 0x00, 0x06, 0x15, 0x00, 0x94, 0xff, 0xce, 0xff, 0xfd, 0xff, 0xff,
    0xff, 0xff, 0xff, 0xff, 0xff, 0xff, 0xf9, 0xff, 0x9a, 0x00, 0x00, 0x00, 0x00, 0x00, 0x00, 0x00,
    0x00, 0x28, 0xe9, 0xd7, 0xfd, 0xfb, 0xfb, 0xfb, 0xe2, 0x01, 0x00, 0x00, 0x00, 0x00, 0x00, 0x00,
    0x00, 0x00, 0x00, 0x00, 0x00, 0x00, 0x00, 0x00, 0x00, 0x00, 0x00, 0x00, 0x00, 0x00, 0x00, 0x00,
    0x00, 0x00, 0x00, 0x00, 0x00, 0x00, 0x00, 0x00, 0x00, 0x7e, 0x86, 0x57, 0xfd, 0xf7, 0xff, 0xff,
    0xff, 0xff, 0xff, 0xff, 0xff, 0xfb, 0xfd, 0xa8, 0x03, 0x00, 0x00, 0x00, 0x00, 0x00, 0x00, 0x00,
    0x00, 0x75, 0xff, 0xfd, 0xff, 0xff, 0xfb, 0xff, 0x29, 0x00, 0x00, 0x00, 0x00, 0x00, 0x00, 0x00,
    0x00, 0x00, 0x00, 0x00, 0x00, 0x00, 0x00, 0x00, 0x00, 0x00, 0x00, 0x00, 0x00, 0x00, 0x02, 0x02,
    0x00, 0x00, 0x00, 0x0b, 0x00, 0x00, 0x00, 0x00, 0x00, 0x1b, 0x09, 0x52, 0xff, 0xf9, 0xff, 0xff,
    0xff, 0xff, 0xff, 0xff, 0xff, 0xf7, 0xff, 0x6d, 0x00, 0x00, 0x00, 0x00, 0x00, 0x00, 0x00, 0x00,
    0x00, 0xab, 0xfd, 0xf9, 0xff, 0xfb, 0xf7, 0x62, 0x07, 0x00, 0x00, 0x00, 0x00, 0x00, 0x00, 0x00,
    0x00, 0x00, 0x00, 0x00, 0x00, 0x00, 0x00, 0x00, 0x00, 0x00, 0x00, 0x00, 0x00, 0x3c, 0xf5, 0xf7,
    0xbc, 0x5b, 0x0b, 0xa0, 0x8f, 0x06, 0x00, 0x00, 0x00, 0x00, 0x00, 0x4f, 0xf5, 0xeb, 0xff, 0xff,
    0xff, 0xff, 0xff, 0xff, 0xff, 0xfd, 0xfd, 0xf3, 0x06, 0x00, 0x00, 0x00, 0x00, 0x00, 0x00, 0x00,
    0x00, 0xab, 0xff, 0xfb, 0xfd, 0xfd, 0xb0, 0xaf, 0x56, 0x00, 0x00, 0x00, 0x00, 0x00, 0x00, 0x00,
    0x00, 0x00, 0x00, 0x00, 0x00, 0x00, 0x00, 0x00, 0x00, 0x00, 0x00, 0x00, 0x00, 0x00, 0x1b, 0xab,
    0xff, 0xff, 0xf3, 0xc0, 0xff, 0xda, 0x0a, 0x00, 0x00, 0x00, 0x00, 0x08, 0x1d, 0xeb, 0xff, 0xfd,
    0xff, 0xff, 0xff, 0xff, 0xff, 0xff, 0xf7, 0xff, 0x71, 0x00, 0x00, 0x00, 0x00, 0x00, 0x00, 0x00,
    0x00, 0x71, 0xff, 0xf7, 0xff, 0xfb, 0xff, 0x8b, 0x00, 0x00, 0x00, 0x00, 0x00, 0x00, 0x00, 0x00,
    0x00, 0x00, 0x00, 0x00, 0x00, 0x00, 0x00, 0x00, 0x00, 0x00, 0x00, 0x08, 0x4e, 0x94, 0xa0, 0xb2,
    0xf9, 0xf7, 0xff, 0xff, 0xf5, 0xff, 0xa6, 0x0d, 0x1f, 0x00, 0x00, 0x00, 0x10, 0xff, 0xfb, 0xff,
    0xff, 0xff, 0xff, 0xff, 0xff, 0xff, 0xff, 0xfb, 0xfd, 0x0b, 0x00, 0x00, 0x00, 0x00, 0x00, 0x00,
    0x01, 0x1a, 0xff, 0xf9, 0xfb, 0xff, 0x40, 0x00, 0x00, 0x00, 0x00, 0x00, 0x00, 0x00, 0x00, 0x00,
    0x00, 0x00, 0x00, 0x00, 0x00, 0x00, 0x00, 0x00, 0x00, 0x00, 0x4b, 0xf5, 0xff, 0xff, 0xff, 0xff,
    0xff, 0xff, 0xfd, 0xfd, 0xff, 0xfb, 0xff, 0x74, 0xc1, 0x00, 0x00, 0x00, 0x32, 0xfd, 0xf9, 0xff,
    0xff, 0xff, 0xff, 0xff, 0xff, 0xff, 0xff, 0xf9, 0xff, 0x83, 0x00, 0x00, 0x00, 0x00, 0x00, 0x00,
    0x2a, 0x61, 0x77, 0xff, 0xff, 0x46, 0x00, 0x00, 0x00, 0x00, 0x00, 0x00, 0x00, 0x00, 0x00, 0x00,
    0x00, 0x00, 0x00, 0x00, 0x00, 0x00, 0x00, 0x00, 0x00, 0x67, 0xfb, 0xf1, 0xf7, 0xf9, 0xfb, 0xfb,
    0xff, 0xff, 0xff, 0xff, 0xff, 0xff, 0xff, 0xef, 0xff, 0x63, 0x08, 0xaa, 0x6b, 0xfd, 0xff, 0xff,
    0xff, 0xff, 0xff, 0xff, 0xff, 0xff, 0xff, 0xff, 0xfb, 0xfb, 0x0a, 0x00, 0x00, 0x00, 0x00, 0x00,
    0x04, 0xff, 0x9a, 0xf1, 0xf7, 0x03, 0x00, 0x00, 0x00, 0x00, 0x00, 0x00, 0x00, 0x00, 0x00, 0x00,
    0x00, 0x00, 0x00, 0x00, 0x00, 0x00, 0x00, 0x00, 0x00, 0x06, 0x51, 0xe4, 0xfd, 0xfd, 0xff, 0xff,
    0xff, 0xff, 0xff, 0xff, 0xff, 0xff, 0xff, 0xff, 0xfd, 0xff, 0xc5, 0xff, 0xff, 0xff, 0xff, 0xff,
    0xff, 0xff, 0xff, 0xff, 0xff, 0xff, 0xff, 0xff, 0xf7, 0xff, 0x71, 0x00, 0x00, 0x00, 0x00, 0x00,
    0x00, 0x33, 0xff, 0xf9, 0xf3, 0x04, 0x00, 0x00, 0x00, 0x00, 0x00, 0x00, 0x00, 0x00, 0x00, 0x00,
    0x00, 0x00, 0x00, 0x00, 0x00, 0x00, 0x00, 0x00, 0x01, 0x70, 0xff, 0xff, 0xff, 0xff, 0xff, 0xff,
    0xff, 0xff, 0xff, 0xff, 0xff, 0xff, 0xff, 0xff, 0xff, 0xfb, 0xff, 0xfd, 0xf9, 0xff, 0xff, 0xff,
    0xff, 0xff, 0xff, 0xff, 0xff, 0xff, 0xff, 0xff, 0xff, 0xfb, 0xf9, 0x09, 0x00, 0x00, 0x00, 0x00,
    0x00, 0x00, 0x46, 0xff, 0xff, 0x2a, 0x00, 0x01, 0x00, 0x00, 0x00, 0x00, 0x00, 0x00, 0x00, 0x00,
    0x00, 0x00, 0x00, 0x00, 0x00, 0x00, 0x00, 0x00, 0xa2, 0xff, 0xf9, 0xff, 0xff, 0xff, 0xff, 0xff,
    0xff, 0xff, 0xff, 0xff, 0xff, 0xff, 0xff, 0xff, 0xff, 0xff, 0xfb, 0xff, 0xff, 0xff, 0xff, 0xff,
    0xff, 0xff, 0xff, 0xff, 0xff, 0xff, 0xff, 0xff, 0xff, 0xf7, 0xff, 0x63, 0x00, 0x00, 0x00, 0x00,
    0x00, 0x00, 0x00, 0x2f, 0xff, 0xb0, 0x07, 0x62, 0x00, 0x00, 0x00, 0x00, 0x00, 0x00, 0x00, 0x00,
    0x00, 0x00, 0x00, 0x00, 0x00, 0x00, 0x00, 0x82, 0xff, 0xf3, 0xff, 0xff, 0xff, 0xff, 0xff, 0xff,
    0xff, 0xff, 0xff, 0xff, 0xff, 0xff, 0xff, 0xff, 0xff, 0xff, 0xff, 0xff, 0xff, 0xff, 0xff, 0xff,
    0xff, 0xff, 0xff, 0xff, 0xff, 0xff, 0xff, 0xff, 0xff, 0xfd, 0xff, 0xdc, 0x01, 0x00, 0x00, 0x00,
    0x00, 0x00, 0x00, 0x00, 0x35, 0xff, 0xa8, 0x97, 0x00, 0x00, 0x00, 0x00, 0x00, 0x00, 0x00, 0x00,
    0x00, 0x00, 0x00, 0x00, 0x00, 0x00, 0x05, 0x61, 0xcf, 0xff, 0xfd, 0xff, 0xff, 0xff, 0xff, 0xff,
    0xff, 0xfb, 0xfb, 0xfd, 0xff, 0xff, 0xff, 0xff, 0xff, 0xff, 0xff, 0xff, 0xff, 0xff, 0xff, 0xff,
    0xff, 0xff, 0xff, 0xff, 0xff, 0xff, 0xff, 0xff, 0xff, 0xff, 0xfd, 0xff, 0x0b, 0x00, 0x00, 0x00,
    0x00, 0x00, 0x01, 0x5c, 0x07, 0x95, 0xff, 0xb2, 0x00, 0x00, 0x00, 0x00, 0x00, 0x00, 0x00, 0x00,
    0x00, 0x00, 0x00, 0x00, 0x00, 0x00, 0x00, 0x32, 0xfd, 0xf9, 0xff, 0xff, 0xff, 0xff, 0xff, 0xfd,
    0xfb, 0xff, 0xff, 0xff, 0xfb, 0xff, 0xff, 0xff, 0xff, 0xff, 0xff, 0xff, 0xff, 0xff, 0xff, 0xff,
    0xff, 0xff, 0xff, 0xff, 0xff, 0xff, 0xff, 0xff, 0xff, 0xff, 0xfd, 0xff, 0x0b, 0x00, 0x00, 0x00,
    0x00, 0x00, 0x00, 0x42, 0xed, 0x79, 0xfb, 0xda, 0x01, 0x00, 0x00, 0x00, 0x00, 0x00, 0x00, 0x00,
    0x00, 0x00, 0x00, 0x00, 0x00, 0x00, 0x05, 0xf7, 0xfd, 0xfd, 0xff, 0xff, 0xff, 0xff, 0xff, 0xff,
    0xff, 0xc0, 0xa5, 0xff, 0xff, 0xfb, 0xff, 0xff, 0xff, 0xff, 0xff, 0xff, 0xff, 0xff, 0xff, 0xff,
    0xff, 0xff, 0xff, 0xff, 0xff, 0xff, 0xff, 0xff, 0xff, 0xfd, 0xff, 0xfb, 0x05, 0x00, 0x00, 0x00,
    0x00, 0x00, 0x00, 0x00, 0x80, 0xff, 0xf9, 0xfd, 0x04, 0x00, 0x00, 0x00, 0x00, 0x00, 0x00, 0x00,
    0x00, 0x00, 0x00, 0x00, 0x00, 0x00, 0x5c, 0xff, 0xf7, 0xff, 0xff, 0xff, 0xff, 0xfd, 0xfb, 0xeb,
    0x25, 0x00, 0x00, 0x0d, 0xb7, 0xff, 0xf9, 0xff, 0xff, 0xff, 0xff, 0xff, 0xff, 0xff, 0xff, 0xff,
    0xff, 0xff, 0xff, 0xff, 0xff, 0xff, 0xff, 0xff, 0xff, 0xfd, 0xff, 0xdc, 0x01, 0x00, 0x00, 0x00,
    0x00, 0x00, 0x00, 0x00, 0x08, 0xf7, 0xfd, 0xe9, 0x3b, 0x15, 0x00, 0x00, 0x00, 0x00, 0x00, 0x00,
    0x00, 0x00, 0x00, 0x00, 0x00, 0x01, 0xe0, 0xfd, 0xfd, 0xff, 0xff, 0xff, 0xff, 0xf9, 0xff, 0x23,
    0x00, 0x00, 0x00, 0x00, 0x02, 0xc0, 0xff, 0xf9, 0xff, 0xff, 0xff, 0xff, 0xff, 0xff, 0xff, 0xff,
    0xff, 0xff, 0xff, 0xff, 0xff, 0xff, 0xff, 0xff, 0xff, 0xf9, 0xff, 0x80, 0x00, 0x00, 0x00, 0x00,
    0x00, 0x00, 0x00, 0x00, 0x00, 0x9a, 0xff, 0xda, 0xd3, 0x4e, 0x00, 0x00, 0x00, 0x00, 0x00, 0x00,
    0x00, 0x00, 0x00, 0x00, 0x00, 0x17, 0xff, 0xfb, 0xff, 0xff, 0xff, 0xff, 0xfb, 0xff, 0xb0, 0x00,
    0x00, 0x00, 0x00, 0x00, 0x00, 0x06, 0xd7, 0xff, 0xfb, 0xff, 0xff, 0xff, 0xff, 0xff, 0xff, 0xff,
    0xff, 0xff, 0xff, 0xff, 0xff, 0xff, 0xff, 0xff, 0xff, 0xf9, 0xff, 0x1e, 0x00, 0x00, 0x00, 0x00,
    0x00, 0x00, 0x00, 0x00, 0x00, 0x4c, 0xff, 0xef, 0xff, 0x4e, 0x00, 0x00, 0x00, 0x00, 0x00, 0x00,
    0x00, 0x00, 0x00, 0x00, 0x00, 0x3e, 0xff, 0xf3, 0xff, 0xff, 0xff, 0xff, 0xf7, 0xff, 0x57, 0x00,
    0x00, 0x00, 0x00, 0x00, 0x00, 0x00, 0x09, 0xc8, 0xfd, 0xfb, 0xff, 0xff, 0xff, 0xff, 0xff, 0xff,
    0xff, 0xff, 0xff, 0xff, 0xff, 0xff, 0xff, 0xff, 0xfd, 0xff, 0xef, 0x03, 0x00, 0x00, 0x00, 0x00,
    0x00, 0x00, 0x00, 0x00, 0x06, 0x42, 0xff, 0xef, 0xfd, 0x35, 0x00, 0x00, 0x00, 0x00, 0x00, 0x00,
    0x00, 0x00, 0x00, 0x00, 0x00, 0x64, 0x8c, 0xe0, 0xff, 0xff, 0xff, 0xff, 0xf7, 0xff, 0x51, 0x00,
    0x00, 0x00, 0x00, 0x00, 0x00, 0x00, 0x00, 0x02, 0xe9, 0xfd, 0xfd, 0xff, 0xff, 0xff, 0xff, 0xff,
    0xff, 0xff, 0xff, 0xff, 0xfd, 0xff, 0xff, 0xff, 0xfd, 0xff, 0xe4, 0x02, 0x00, 0x00, 0x00, 0x00,
    0x00, 0x00, 0x00, 0x00, 0x56, 0xb4, 0xfd, 0xf9, 0xff, 0x0e, 0x00, 0x00, 0x00, 0x00, 0x00, 0x00,
    0x00, 0x00, 0x00, 0x00, 0x00, 0x2e, 0x23, 0xfd, 0xfd, 0xff, 0xff, 0xff, 0xf9, 0xff, 0x9d, 0x00,
    0x00, 0x00, 0x00, 0x00, 0x00, 0x02, 0x7f, 0x35, 0xf3, 0xff, 0xff, 0xff, 0xff, 0xff, 0xff, 0xff,
    0xff, 0xfd, 0xf9, 0xf9, 0xff, 0xff, 0xff, 0xff, 0xff, 0xfd, 0xfd, 0x08, 0x00, 0x00, 0x00, 0x00,
    0x00, 0x00, 0x00, 0x00, 0x55, 0xff, 0xf3, 0xff, 0xc8, 0x00, 0x00, 0x00, 0x00, 0x00, 0x00, 0x00,
    0x00, 0x00, 0x00, 0x00, 0x00, 0x00, 0x11, 0xff, 0xfb, 0xff, 0xff, 0xff, 0xfd, 0xff, 0xe4, 0x03,
    0x00, 0x00, 0x00, 0x00, 0x00, 0x00, 0xb0, 0xff, 0xf7, 0xff, 0xff, 0xff, 0xff, 0xff, 0xff, 0xff,
    0xfb, 0xff, 0xff, 0xff, 0xde, 0xfd, 0xff, 0xff, 0xff, 0xfb, 0xff, 0x11, 0x00, 0x00, 0x00, 0x00,
    0x00, 0x00, 0x00, 0x00, 0x9d, 0xfd, 0xf3, 0xff, 0x2b, 0x00, 0x00, 0x00, 0x00, 0x00, 0x00, 0x00,
    0x00, 0x00, 0x00, 0x00, 0x00, 0x00, 0x0d, 0xff, 0xfd, 0xff, 0xff, 0xff, 0xfd, 0xfb, 0xe0, 0x09,
    0x00, 0x00, 0x00, 0x00, 0x00, 0x00, 0x0d, 0xf1, 0xff, 0xfd, 0xff, 0xff, 0xff, 0xff, 0xff, 0xfb,
    0xff, 0xef, 0x8b, 0x23, 0x0c, 0xfd, 0xff, 0xff, 0xff, 0xfb, 0xff, 0x0e, 0x00, 0x00, 0x00, 0x00,
    0x00, 0x00, 0x00, 0x11, 0xff, 0xf9, 0xfd, 0xd3, 0x46, 0x00, 0x00, 0x00, 0x00, 0x00, 0x00, 0x00,
    0x00, 0x00, 0x00, 0x00, 0x00, 0x00, 0x05, 0xf7, 0xff, 0xfd, 0xff, 0xff, 0xff, 0xfb, 0xff, 0xc7,
    0x0b, 0x00, 0x00, 0x00, 0x00, 0x00, 0x00, 0x38, 0xe6, 0xfb, 0xff, 0xff, 0xff, 0xff, 0xfb, 0xff,
    0x89, 0x05, 0x00, 0x00, 0x00, 0xca, 0xfd, 0xfb, 0xfd, 0xff, 0xfb, 0x06, 0x00, 0x00, 0x00, 0x00,
    0x00, 0x00, 0x02, 0xc0, 0xfd, 0xfb, 0xf5, 0xff, 0x45, 0x00, 0x00, 0x00, 0x00, 0x00, 0x00, 0x00,
    0x00, 0x00, 0x00, 0x00, 0x00, 0x00, 0x00, 0xba, 0xff, 0xff, 0xff, 0xff, 0xff, 0xff, 0xfd, 0xff,
    0xef, 0x4e, 0x0e, 0x00, 0x00, 0x00, 0x00, 0x29, 0xf5, 0xfd, 0xfd, 0xff, 0xff, 0xfb, 0xfd, 0xab,
    0x01, 0x00, 0x00, 0x00, 0x00, 0x3b, 0xff, 0xf9, 0xfd, 0xff, 0xf9, 0x05, 0x00, 0x00, 0x00, 0x00,
    0x00, 0x05, 0xa5, 0xff, 0xfb, 0xf7, 0xff, 0x92, 0x00, 0x00, 0x00, 0x00, 0x00, 0x00, 0x00, 0x00,
    0x00, 0x00, 0x00, 0x00, 0x00, 0x00, 0x00, 0x4b, 0xff, 0xd7, 0xfb, 0xfd, 0xff, 0xff, 0xff, 0xfb,
    0xff, 0xff, 0xe4, 0x1a, 0x02, 0x01, 0x08, 0x04, 0x2c, 0xf7, 0xfb, 0xff, 0xff, 0xf7, 0xff, 0x2e,
    0x00, 0x00, 0x00, 0x00, 0x00, 0x01, 0xc8, 0xff, 0xfb, 0xfb, 0xff, 0x0f, 0x00, 0x00, 0x00, 0x00,
    0x34, 0xde, 0xff, 0xfb, 0xfb, 0xff, 0xc0, 0x02, 0x00, 0x00, 0x00, 0x00, 0x00, 0x00, 0x00, 0x00,
    0x00, 0x00, 0x00, 0x00, 0x00, 0x00, 0x00, 0x04, 0x83, 0x37, 0xff, 0xf7, 0xff, 0xff, 0xff, 0xff,
    0xfd, 0xf7, 0xf9, 0xf9, 0xe4, 0xdc, 0xfd, 0x9a, 0x42, 0xce, 0xff, 0xfd, 0xff, 0xfd, 0xff, 0xb5,
    0x80, 0x83, 0x2a, 0x02, 0x03, 0x00, 0x25, 0xff, 0xf7, 0xf7, 0xff, 0x3e, 0x19, 0xad, 0x64, 0xb7,
    0xff, 0xff, 0xfb, 0xfd, 0xf9, 0xa6, 0x05, 0x00, 0x00, 0x00, 0x00, 0x00, 0x00, 0x00, 0x00, 0x00,
    0x00, 0x00, 0x00, 0x00, 0x00, 0x00, 0x00, 0x00, 0x02, 0x00, 0x8b, 0xff, 0xf5, 0xff, 0xff, 0xff,
    0xff, 0xff, 0xff, 0xff, 0xff, 0xff, 0xff, 0xff, 0xff, 0xff, 0xff, 0xff, 0xff, 0xff, 0xff, 0xff,
    0xff, 0xff, 0xde, 0xe9, 0xe6, 0x89, 0x9b, 0xff, 0xff, 0xff, 0xff, 0xf7, 0xff, 0xff, 0xff, 0xff,
    0xf9, 0xfb, 0xf9, 0xf5, 0xf5, 0x41, 0x00, 0x00, 0x00, 0x00, 0x00, 0x00, 0x00, 0x00, 0x00, 0x00,
    0x00, 0x00, 0x00, 0x00, 0x00, 0x00, 0x00, 0x00, 0x00, 0x00, 0x02, 0xb4, 0xff, 0xf5, 0xff, 0xfb,
    0xfd, 0xff, 0xff, 0xff, 0xfd, 0xfd, 0xff, 0xfb, 0xf7, 0xff, 0xff, 0xff, 0xff, 0xff, 0xff, 0xfb,
    0xf9, 0xfb, 0xff, 0xff, 0xff, 0xff, 0xff, 0xff, 0xff, 0xff, 0xff, 0xff, 0xfb, 0xfb, 0xf9, 0xfb,
    0xff, 0xff, 0xff, 0xff, 0xbc, 0x19, 0x00, 0x00, 0x00, 0x00, 0x00, 0x00, 0x00, 0x00, 0x00, 0x00,
    0x00, 0x00, 0x00, 0x00, 0x00, 0x00, 0x00, 0x00, 0x00, 0x00, 0x00, 0x02, 0x97, 0xff, 0xfb, 0xff,
    0xff, 0xf7, 0xf9, 0xfb, 0xfd, 0xf9, 0xf7, 0xf7, 0xf7, 0xf9, 0xff, 0xff, 0xff, 0xff, 0xff, 0xff,
    0xff, 0xff, 0xfd, 0xff, 0xff, 0xff, 0xff, 0xfb, 0xfd, 0xff, 0xff, 0xff, 0xfd, 0xfd, 0xff, 0xfb,
    0xf5, 0xe9, 0x8c, 0x29, 0x01, 0x00, 0x00, 0x00, 0x00, 0x00, 0x00, 0x00, 0x00, 0x00, 0x00, 0x00,
    0x00, 0x00, 0x00, 0x00, 0x00, 0x00, 0x00, 0x00, 0x00, 0x00, 0x00, 0x00, 0x00, 0x47, 0xe4, 0x77,
    0xd3, 0xff, 0xff, 0xff, 0xff, 0xff, 0xff, 0xff, 0xff, 0xff, 0xfb, 0xff, 0xff, 0xff, 0xfd, 0xff,
    0xff, 0xfb, 0xf5, 0xda, 0x4e, 0x5c, 0x6c, 0xff, 0xff, 0xfb, 0xf9, 0xfb, 0xff, 0xff, 0xfd, 0xff,
    0xff, 0x09, 0x00, 0x00, 0x00, 0x00, 0x00, 0x00, 0x00, 0x00, 0x00, 0x00, 0x00, 0x00, 0x00, 0x00,
    0x00, 0x00, 0x00, 0x00, 0x00, 0x00, 0x00, 0x00, 0x00, 0x00, 0x00, 0x00, 0x00, 0x00, 0x06, 0x04,
    0x02, 0x30, 0x73, 0xa6, 0xa0, 0x26, 0x34, 0x41, 0x3c, 0x4f, 0xff, 0xfb, 0xf9, 0xff, 0xff, 0xfd,
    0xf9, 0xff, 0xff, 0xff, 0x2f, 0x00, 0x00, 0x42, 0xe0, 0xff, 0xff, 0xff, 0xff, 0xe0, 0xff, 0xaa,
    0x4c, 0x01, 0x00, 0x00, 0x00, 0x00, 0x00, 0x00, 0x00, 0x00, 0x00, 0x00, 0x00, 0x00, 0x00, 0x00,
    0x00, 0x00, 0x00, 0x00, 0x00, 0x00, 0x00, 0x00, 0x00, 0x00, 0x00, 0x00, 0x00, 0x00, 0x00, 0x00,
    0x00, 0x00, 0x00, 0x00, 0x00, 0x00, 0x00, 0x00, 0x00, 0x00, 0x8b, 0xff, 0xff, 0xff, 0xff, 0xff,
    0xff, 0xc0, 0x3b, 0x75, 0x3f, 0x00, 0x00, 0x00, 0x02, 0x0e, 0x17, 0xa5, 0x19, 0x02, 0x15, 0x10,
    0x00, 0x00, 0x00, 0x00, 0x00, 0x00, 0x00, 0x00, 0x00, 0x00, 0x00, 0x00, 0x00, 0x00, 0x00, 0x00,
    0x00, 0x00, 0x00, 0x00, 0x00, 0x00, 0x00, 0x00, 0x00, 0x00, 0x00, 0x00, 0x00, 0x00, 0x00, 0x00,
    0x00, 0x00, 0x00, 0x00, 0x00, 0x00, 0x00, 0x00, 0x00, 0x00, 0x00, 0x10, 0x64, 0x43, 0x06, 0x09,
    0x35, 0x1f, 0x00, 0x00, 0x00, 0x00, 0x00, 0x00, 0x00, 0x00, 0x00, 0x00, 0x00, 0x00, 0x00, 0x00,
    0x00, 0x00, 0x00, 0x00, 0x00, 0x00, 0x00, 0x00, 0x00, 0x00, 0x00, 0x00, 0x00, 0x00, 0x00, 0x00,
    0x00, 0x00, 0x00, 0x00, 0x00, 0x00, 0x00, 0x00, 0x00, 0x00, 0x00, 0x00, 0x00, 0x00, 0x00, 0x00,
    0x00, 0x00, 0x00, 0x00, 0x00, 0x00, 0x00, 0x00, 0x00, 0x00, 0x00, 0x00, 0x00, 0x00, 0x00, 0x00,
    0x00, 0x00, 0x00, 0x00, 0x00, 0x00, 0x00, 0x00, 0x00, 0x00, 0x00, 0x00, 0x00, 0x00, 0x00, 0x00,
    0x00, 0x00, 0x00, 0x00, 0x00, 0x00, 0x00, 0x00, 0x00, 0x00, 0x00, 0x00, 0x00, 0x00, 0x00, 0x00,
};

const lv_image_dsc_t happy_frame_0_dsc = {
    .header.w = 64,
    .header.h = 64,
    .header.cf = LV_COLOR_FORMAT_RGB565A8,
    .data_size = 12288,
    .data = happy_frame_0_data,
};

/* Frame 1: frame_001.png */
static const uint8_t happy_frame_1_data[] = {
    0x00, 0x00, 0x00, 0x00, 0x00, 0x00, 0x00, 0x00, 0x00, 0x00, 0x00, 0x00, 0x00, 0x00, 0x00, 0x00,
    0x00, 0x00, 0x00, 0x00, 0x00, 0x00, 0x00, 0x00, 0x00, 0x00, 0x00, 0x00, 0x00, 0x00, 0x00, 0x00,
    0x00, 0x00, 0x00, 0x00, 0x00, 0x00, 0x00, 0x00, 0x00, 0x00, 0x00, 0x00, 0x00, 0x00, 0x00, 0x00,
    0x00, 0x00, 0x00, 0x00, 0x00, 0x00, 0x00, 0x00, 0x00, 0x00, 0x00, 0x00, 0x00, 0x00, 0x00, 0x00,
    0x00, 0x00, 0x00, 0x00, 0x00, 0x00, 0x00, 0x00, 0x00, 0x00, 0x00, 0x00, 0x00, 0x00, 0x00, 0x00,
    0x00, 0x00, 0x00, 0x00, 0x00, 0x00, 0x00, 0x00, 0x00, 0x00, 0x00, 0x00, 0x00, 0x00, 0x00, 0x00,
    0x00, 0x00, 0x00, 0x00, 0x00, 0x00, 0x00, 0x00, 0x00, 0x00, 0x00, 0x00, 0x00, 0x00, 0x00, 0x00,
    0x00, 0x00, 0x00, 0x00, 0x00, 0x00, 0x00, 0x00, 0x00, 0x00, 0x00, 0x00, 0x00, 0x00, 0x00, 0x00,
    0x00, 0x00, 0x00, 0x00, 0x00, 0x00, 0x00, 0x00, 0x00, 0x00, 0x00, 0x00, 0x00, 0x00, 0x00, 0x00,
    0x00, 0x00, 0x00, 0x00, 0x00, 0x00, 0x00, 0x00, 0x00, 0x00, 0x00, 0x00, 0x00, 0x00, 0x00, 0x00,
    0x00, 0x00, 0x00, 0x00, 0x00, 0x00, 0x00, 0x00, 0x00, 0x00, 0x00, 0x00, 0x00, 0x00, 0x00, 0x00,
    0x00, 0x00, 0x00, 0x00, 0x00, 0x00, 0x00, 0x00, 0x00, 0x00, 0x00, 0x00, 0x00, 0x00, 0x00, 0x00,
    0x00, 0x00, 0x00, 0x00, 0x00, 0x00, 0x00, 0x00, 0x00, 0x00, 0x00, 0x00, 0x00, 0x00, 0x00, 0x00,
    0x00, 0x00, 0x00, 0x00, 0x00, 0x00, 0x00, 0x00, 0x00, 0x00, 0x00, 0x00, 0x00, 0x00, 0x00, 0x00,
    0x00, 0x00, 0x00, 0x00, 0x00, 0x00, 0x00, 0x00, 0x00, 0x00, 0x00, 0x00, 0x00, 0x00, 0x00, 0x00,
    0x00, 0x00, 0x00, 0x00, 0x00, 0x00, 0x00, 0x00, 0x00, 0x00, 0x00, 0x00, 0x00, 0x00, 0x00, 0x00,
    0x00, 0x00, 0x00, 0x00, 0x00, 0x00, 0x00, 0x00, 0x00, 0x00, 0x00, 0x00, 0x00, 0x00, 0x00, 0x00,
    0x00, 0x00, 0x00, 0x00, 0x00, 0x00, 0x00, 0x00, 0x00, 0x00, 0x00, 0x00, 0x00, 0x00, 0x00, 0x00,
    0x00, 0x00, 0x00, 0x00, 0x00, 0x00, 0x00, 0x00, 0x00, 0x00, 0x00, 0x00, 0x00, 0x00, 0x00, 0x00,
    0x00, 0x00, 0x00, 0x00, 0x00, 0x00, 0x00, 0x00, 0x00, 0x00, 0x00, 0x00, 0x00, 0x00, 0x00, 0x00,
    0x00, 0x00, 0x23, 0x00, 0x41, 0x00, 0x00, 0x00, 0x00, 0x00, 0x00, 0x00, 0x00, 0x00, 0x00, 0x00,
    0x00, 0x00, 0x00, 0x00, 0x00, 0x00, 0x00, 0x00, 0x00, 0x00, 0x00, 0x00, 0x00, 0x00, 0x00, 0x00,
    0x00, 0x00, 0x00, 0x00, 0x00, 0x00, 0x00, 0x00, 0x00, 0x00, 0x00, 0x00, 0x00, 0x00, 0x00, 0x00,
    0x00, 0x00, 0x00, 0x00, 0x00, 0x00, 0x00, 0x00, 0x00, 0x00, 0x00, 0x00, 0x00, 0x00, 0x00, 0x00,
    0x00, 0x00, 0x00, 0x00, 0x00, 0x00, 0x00, 0x00, 0x00, 0x00, 0x00, 0x00, 0x00, 0x00, 0x00, 0x00,
    0x00, 0x00, 0x00, 0x00, 0x00, 0x00, 0x00, 0x00, 0x61, 0x00, 0x00, 0x00, 0x00, 0x00, 0x00, 0x00,
    0x00, 0x00, 0x00, 0x00, 0x00, 0x00, 0x20, 0x00, 0x00, 0x00, 0x00, 0x00, 0x00, 0x00, 0x00, 0x00,
    0x00, 0x00, 0x00, 0x00, 0x00, 0x00, 0x00, 0x00, 0x00, 0x00, 0x00, 0x00, 0x00, 0x00, 0x00, 0x00,
    0x00, 0x00, 0xa7, 0x00, 0xe5, 0x00, 0x00, 0x00, 0x00, 0x00, 0x00, 0x00, 0x00, 0x00, 0x00, 0x00,
    0x00, 0x00, 0x00, 0x00, 0x00, 0x00, 0x00, 0x00, 0x00, 0x00, 0x00, 0x00, 0x00, 0x00, 0x00, 0x00,
    0x00, 0x00, 0x00, 0x00, 0x00, 0x00, 0x00, 0x00, 0x00, 0x00, 0x00, 0x00, 0x00, 0x00, 0x00, 0x00,
    0x00, 0x00, 0x00, 0x00, 0x00, 0x00, 0x00, 0x00, 0x00, 0x00, 0x00, 0x00, 0x00, 0x00, 0x00, 0x00,
    0x00, 0x00, 0x00, 0x00, 0x00, 0x00, 0x00, 0x00, 0x00, 0x00, 0x00, 0x00, 0x00, 0x00, 0x00, 0x00,
    0x00, 0x00, 0x00, 0x00, 0x00, 0x00, 0x20, 0x00, 0x26, 0x00, 0x00, 0x00, 0x00, 0x00, 0x00, 0x00,
    0x00, 0x00, 0x00, 0x00, 0x00, 0x00, 0xa5, 0x00, 0x61, 0x00, 0x00, 0x00, 0x00, 0x00, 0x00, 0x00,
    0x00, 0x00, 0x00, 0x00, 0x00, 0x00, 0x00, 0x00, 0x00, 0x00, 0x00, 0x00, 0x00, 0x00, 0x02, 0x00,
    0x00, 0x00, 0xc5, 0x00, 0xca, 0x00, 0x61, 0x00, 0x00, 0x00, 0x00, 0x00, 0x00, 0x00, 0x00, 0x00,
    0x00, 0x00, 0x00, 0x00, 0x00, 0x00, 0x00, 0x00, 0x00, 0x00, 0x00, 0x00, 0x00, 0x00, 0x00, 0x00,
    0x00, 0x00, 0x00, 0x00, 0x00, 0x00, 0x00, 0x00, 0x00, 0x00, 0x00, 0x00, 0x00, 0x00, 0x00, 0x00,
    0x00, 0x00, 0x00, 0x00, 0x00, 0x00, 0x00, 0x00, 0x00, 0x00, 0x00, 0x00, 0x00, 0x00, 0x00, 0x00,
    0x00, 0x00, 0x00, 0x00, 0x00, 0x00, 0x00, 0x00, 0x00, 0x00, 0x00, 0x00, 0x00, 0x00, 0x00, 0x00,
    0x00, 0x00, 0x00, 0x00, 0x00, 0x00, 0x20, 0x00, 0xa8, 0x00, 0x03, 0x00, 0x00, 0x00, 0x00, 0x00,
    0x00, 0x00, 0x00, 0x00, 0x00, 0x00, 0x26, 0x00, 0x61, 0x00, 0x00, 0x00, 0x00, 0x00, 0xa2, 0x00,
    0x00, 0x00, 0x00, 0x00, 0x02, 0x00, 0x00, 0x00, 0x00, 0x00, 0x00, 0x00, 0x20, 0x00, 0x48, 0x00,
    0x81, 0x00, 0x61, 0x00, 0x28, 0x00, 0xc6, 0x00, 0x20, 0x00, 0x46, 0x00, 0x00, 0x00, 0x00, 0x00,
    0x00, 0x00, 0x00, 0x00, 0x00, 0x00, 0x00, 0x00, 0x00, 0x00, 0x00, 0x00, 0x00, 0x00, 0x00, 0x00,
    0x00, 0x00, 0x00, 0x00, 0x00, 0x00, 0x00, 0x00, 0x00, 0x00, 0x00, 0x00, 0x00, 0x00, 0x00, 0x00,
    0x00, 0x00, 0x00, 0x00, 0x00, 0x00, 0x00, 0x00, 0x00, 0x00, 0x00, 0x00, 0x00, 0x00, 0x00, 0x00,
    0x00, 0x00, 0x00, 0x00, 0x00, 0x00, 0x00, 0x00, 0x00, 0x00, 0x00, 0x00, 0x00, 0x00, 0x00, 0x00,
    0x00, 0x00, 0x00, 0x00, 0x00, 0x00, 0x00, 0x00, 0xa5, 0x00, 0x49, 0x00, 0x64, 0x00, 0x00, 0x00,
    0x00, 0x00, 0x00, 0x00, 0x00, 0x00, 0xe5, 0x00, 0xa5, 0x00, 0x00, 0x00, 0xc2, 0x00, 0xa7, 0x00,
    0x00, 0x00, 0x00, 0x00, 0x05, 0x00, 0xa9, 0x00, 0x84, 0x00, 0x20, 0x00, 0x00, 0x00, 0x66, 0x00,
    0x48, 0x00, 0x20, 0x00, 0xc2, 0x00, 0x27, 0x00, 0x05, 0x00, 0xa7, 0x00, 0x46, 0x00, 0x00, 0x00,
    0x00, 0x00, 0x00, 0x00, 0x00, 0x00, 0x00, 0x00, 0x00, 0x00, 0x00, 0x00, 0x00, 0x00, 0x00, 0x00,
    0x00, 0x00, 0x00, 0x00, 0x00, 0x00, 0x00, 0x00, 0x00, 0x00, 0x00, 0x00, 0x00, 0x00, 0x00, 0x00,
    0x00, 0x00, 0x00, 0x00, 0x00, 0x00, 0x00, 0x00, 0x00, 0x00, 0x00, 0x00, 0x00, 0x00, 0x00, 0x00,
    0x00, 0x00, 0x00, 0x00, 0x00, 0x00, 0x00, 0x00, 0x00, 0x00, 0x00, 0x00, 0x00, 0x00, 0x00, 0x00,
    0x00, 0x00, 0x00, 0x00, 0x00, 0x00, 0x00, 0x00, 0x81, 0x00, 0x47, 0x00, 0x8a, 0x00, 0xa7, 0x00,
    0xe5, 0x00, 0x43, 0x00, 0xe2, 0x00, 0xe2, 0x00, 0x49, 0x00, 0xc2, 0x00, 0x41, 0x00, 0x29, 0x00,
    0xa1, 0x00, 0x00, 0x00, 0x61, 0x00, 0xe7, 0x00, 0xcb, 0x00, 0x8a, 0x00, 0x88, 0x00, 0xa4, 0x00,
    0x27, 0x00, 0xc9, 0x00, 0x22, 0x00, 0xe2, 0x00, 0x65, 0x00, 0x05, 0x00, 0xa8, 0x00, 0x61, 0x00,
    0x00, 0x00, 0x00, 0x00, 0x00, 0x00, 0x00, 0x00, 0x00, 0x00, 0x00, 0x00, 0x00, 0x00, 0x00, 0x00,
    0x00, 0x00, 0x00, 0x00, 0x00, 0x00, 0x00, 0x00, 0x00, 0x00, 0x00, 0x00, 0x00, 0x00, 0x00, 0x00,
    0x00, 0x00, 0x00, 0x00, 0x00, 0x00, 0x00, 0x00, 0x00, 0x00, 0x00, 0x00, 0x00, 0x00, 0x00, 0x00,
    0x00, 0x00, 0x00, 0x00, 0x00, 0x00, 0x00, 0x00, 0x00, 0x00, 0x00, 0x00, 0x00, 0x00, 0x00, 0x00,
    0x00, 0x00, 0x00, 0x00, 0x00, 0x00, 0x00, 0x00, 0x00, 0x00, 0x61, 0x00, 0x85, 0x00, 0x67, 0x00,
    0x4a, 0x00, 0x6a, 0x00, 0x09, 0x00, 0xe8, 0x00, 0x46, 0x00, 0x8a, 0x00, 0xe5, 0x00, 0x06, 0x00,
    0xa7, 0x00, 0xe2, 0x00, 0x61, 0x00, 0xe2, 0x00, 0x45, 0x00, 0x29, 0x00, 0xad, 0x00, 0x4a, 0x00,
    0x47, 0x00, 0x29, 0x00, 0x29, 0x00, 0xc6, 0x00, 0x05, 0x00, 0x23, 0x00, 0x47, 0x00, 0x45, 0x00,
    0x00, 0x00, 0x00, 0x00, 0x00, 0x00, 0x00, 0x00, 0x00, 0x00, 0x00, 0x00, 0x00, 0x00, 0x00, 0x00,
    0x00, 0x00, 0x00, 0x00, 0x00, 0x00, 0x00, 0x00, 0x00, 0x00, 0x00, 0x00, 0x00, 0x00, 0x00, 0x00,
    0x00, 0x00, 0x00, 0x00, 0x00, 0x00, 0x00, 0x00, 0x00, 0x00, 0x00, 0x00, 0x00, 0x00, 0x00, 0x00,
    0x00, 0x00, 0x00, 0x00, 0x00, 0x00, 0x00, 0x00, 0x00, 0x00, 0x00, 0x00, 0x00, 0x00, 0x00, 0x00,
    0x00, 0x00, 0x00, 0x00, 0x00, 0x00, 0x00, 0x00, 0x00, 0x00, 0x00, 0x00, 0x00, 0x00, 0x61, 0x00,
    0x85, 0x00, 0x06, 0x00, 0x06, 0x00, 0x47, 0x00, 0xe6, 0x00, 0x47, 0x00, 0x49, 0x00, 0x84, 0x00,
    0x46, 0x00, 0x49, 0x00, 0x49, 0x00, 0x48, 0x00, 0xc4, 0x00, 0x83, 0x00, 0xc6, 0x00, 0x09, 0x00,
    0x6a, 0x00, 0x2c, 0x00, 0xe9, 0x00, 0x67, 0x00, 0xe9, 0x00, 0x28, 0x00, 0x66, 0x00, 0x65, 0x00,
    0x45, 0x00, 0x63, 0x00, 0x00, 0x00, 0x00, 0x00, 0x00, 0x00, 0x00, 0x00, 0x00, 0x00, 0x00, 0x00,
    0x00, 0x00, 0x00, 0x00, 0x00, 0x00, 0x00, 0x00, 0x00, 0x00, 0x00, 0x00, 0x00, 0x00, 0x00, 0x00,
    0x00, 0x00, 0x00, 0x00, 0x00, 0x00, 0x00, 0x00, 0x00, 0x00, 0x00, 0x00, 0x00, 0x00, 0x00, 0x00,
    0x00, 0x00, 0x00, 0x00, 0x00, 0x00, 0x00, 0x00, 0x00, 0x00, 0x00, 0x00, 0x00, 0x00, 0x00, 0x00,
    0x00, 0x00, 0x00, 0x00, 0x00, 0x00, 0x00, 0x00, 0x00, 0x00, 0xe3, 0x00, 0x03, 0x00, 0x85, 0x00,
    0x27, 0x00, 0x85, 0x00, 0xe3, 0x00, 0xa2, 0x00, 0x03, 0x00, 0x23, 0x00, 0x84, 0x00, 0xc5, 0x00,
    0x44, 0x00, 0x26, 0x00, 0x49, 0x00, 0x28, 0x00, 0x88, 0x00, 0xc8, 0x00, 0x63, 0x00, 0xe4, 0x00,
    0xa6, 0x00, 0x4a, 0x00, 0x8d, 0x00, 0xa8, 0x00, 0x09, 0x00, 0x0c, 0x00, 0x48, 0x00, 0xa4, 0x00,
    0x0a, 0x00, 0x66, 0x00, 0x00, 0x00, 0x00, 0x00, 0x00, 0x00, 0x00, 0x00, 0x00, 0x00, 0x00, 0x00,
    0x00, 0x00, 0x00, 0x00, 0x00, 0x00, 0x00, 0x00, 0x00, 0x00, 0x00, 0x00, 0x00, 0x00, 0x00, 0x00,
    0x00, 0x00, 0x00, 0x00, 0x00, 0x00, 0x00, 0x00, 0x00, 0x00, 0x00, 0x00, 0x00, 0x00, 0x00, 0x00,
    0x00, 0x00, 0x00, 0x00, 0x00, 0x00, 0x00, 0x00, 0x00, 0x00, 0x00, 0x00, 0x00, 0x00, 0x00, 0x00,
    0x00, 0x00, 0x00, 0x00, 0x00, 0x00, 0x00, 0x00, 0x00, 0x00, 0xe3, 0x00, 0x07, 0x00, 0xe6, 0x00,
    0x24, 0x00, 0x40, 0x00, 0x00, 0x00, 0x00, 0x00, 0x00, 0x00, 0x00, 0x00, 0x20, 0x00, 0xa2, 0x00,
    0x23, 0x00, 0x03, 0x00, 0xc5, 0x00, 0x86, 0x00, 0x45, 0x00, 0xeb, 0x00, 0x6c, 0x00, 0xe9, 0x00,
    0xea, 0x00, 0x27, 0x00, 0x47, 0x00, 0xc8, 0x00, 0x09, 0x00, 0xce, 0x00, 0xc9, 0x00, 0x86, 0x00,
    0xa8, 0x00, 0x05, 0x00, 0x00, 0x00, 0x00, 0x00, 0x00, 0x00, 0x00, 0x00, 0x00, 0x00, 0x00, 0x00,
    0x00, 0x00, 0x00, 0x00, 0x00, 0x00, 0x00, 0x00, 0x00, 0x00, 0x00, 0x00, 0x00, 0x00, 0x00, 0x00,
    0x00, 0x00, 0x00, 0x00, 0x00, 0x00, 0x00, 0x00, 0x00, 0x00, 0x00, 0x00, 0x00, 0x00, 0x00, 0x00,
    0x00, 0x00, 0x00, 0x00, 0x00, 0x00, 0x00, 0x00, 0x00, 0x00, 0x00, 0x00, 0x00, 0x00, 0x00, 0x00,
    0x00, 0x00, 0x00, 0x00, 0x00, 0x00, 0x00, 0x00, 0x00, 0x00, 0x00, 0x00, 0x00, 0x00, 0x00, 0x00,
    0x00, 0x00, 0x00, 0x00, 0x00, 0x00, 0x20, 0x00, 0xa1, 0x00, 0x40, 0x00, 0x61, 0x00, 0x02, 0x00,
    0xe5, 0x00, 0x84, 0x00, 0x22, 0x00, 0xa3, 0x00, 0xa3, 0x00, 0xc4, 0x00, 0x4a, 0x00, 0xee, 0x00,
    0x4c, 0x00, 0xef, 0x00, 0xcc, 0x00, 0x07, 0x00, 0xa6, 0x00, 0xad, 0x00, 0x2a, 0x00, 0xc9, 0x00,
    0x6a, 0x00, 0x27, 0x00, 0x00, 0x00, 0x00, 0x00, 0x00, 0x00, 0x00, 0x00, 0x00, 0x00, 0x00, 0x00,
    0x00, 0x00, 0x00, 0x00, 0x00, 0x00, 0x00, 0x00, 0x00, 0x00, 0x00, 0x00, 0x00, 0x00, 0x00, 0x00,
    0x00, 0x00, 0x00, 0x00, 0x00, 0x00, 0x00, 0x00, 0x00, 0x00, 0x00, 0x00, 0x00, 0x00, 0x00, 0x00,
    0x00, 0x00, 0x00, 0x00, 0x00, 0x00, 0x00, 0x00, 0x00, 0x00, 0x00, 0x00, 0x00, 0x00, 0x00, 0x00,
    0x00, 0x00, 0x00, 0x00, 0x00, 0x00, 0x00, 0x00, 0x00, 0x00, 0x00, 0x00, 0x00, 0x00, 0x00, 0x00,
    0x00, 0x00, 0x00, 0x00, 0x00, 0x00, 0x00, 0x00, 0x46, 0x00, 0xc7, 0x00, 0xc7, 0x00, 0xe8, 0x00,
    0xa7, 0x00, 0x05, 0x00, 0x46, 0x00, 0x48, 0x00, 0xc4, 0x00, 0x45, 0x00, 0x28, 0x00, 0xc9, 0x00,
    0x2c, 0x00, 0x4c, 0x00, 0x2f, 0x00, 0xae, 0x00, 0xc9, 0x00, 0x2a, 0x00, 0xcb, 0x00, 0xab, 0x00,
    0x2c, 0x00, 0xab, 0x00, 0xa1, 0x00, 0x00, 0x00, 0x00, 0x00, 0x00, 0x00, 0x00, 0x00, 0x00, 0x00,
    0x00, 0x00, 0x00, 0x00, 0x00, 0x00, 0x00, 0x00, 0x00, 0x00, 0x00, 0x00, 0x00, 0x00, 0x00, 0x00,
    0x00, 0x00, 0x00, 0x00, 0x00, 0x00, 0x00, 0x00, 0x00, 0x00, 0x00, 0x00, 0x00, 0x00, 0x00, 0x00,
    0x00, 0x00, 0x00, 0x00, 0x00, 0x00, 0x00, 0x00, 0x00, 0x00, 0x00, 0x00, 0x00, 0x00, 0x00, 0x00,
    0x00, 0x00, 0x00, 0x00, 0x00, 0x00, 0x00, 0x00, 0x00, 0x00, 0x00, 0x00, 0x00, 0x00, 0x00, 0x00,
    0xa1, 0x00, 0xe5, 0x00, 0xa4, 0x00, 0x63, 0x00, 0xc4, 0x00, 0x86, 0x00, 0x46, 0x00, 0x46, 0x00,
    0x05, 0x00, 0x05, 0x00, 0xa4, 0x00, 0x48, 0x00, 0x6a, 0x00, 0xab, 0x00, 0x8d, 0x00, 0xec, 0x00,
    0xcb, 0x00, 0xaa, 0x00, 0x4c, 0x00, 0xce, 0x00, 0xce, 0x00, 0x0c, 0x00, 0x2d, 0x00, 0x0c, 0x00,
    0x8d, 0x00, 0x0a, 0x00, 0xc2, 0x00, 0x00, 0x00, 0x00, 0x00, 0x00, 0x00, 0x00, 0x00, 0x00, 0x00,
    0x00, 0x00, 0x00, 0x00, 0x00, 0x00, 0x00, 0x00, 0x00, 0x00, 0x00, 0x00, 0x00, 0x00, 0x00, 0x00,
    0x00, 0x00, 0x00, 0x00, 0x00, 0x00, 0x00, 0x00, 0x00, 0x00, 0x00, 0x00, 0x00, 0x00, 0x00, 0x00,
    0x00, 0x00, 0x00, 0x00, 0x00, 0x00, 0x00, 0x00, 0x00, 0x00, 0x00, 0x00, 0x00, 0x00, 0x00, 0x00,
    0x00, 0x00, 0x00, 0x00, 0x00, 0x00, 0x00, 0x00, 0x00, 0x00, 0x00, 0x00, 0x00, 0x00, 0x00, 0x00,
    0x40, 0x00, 0xc4, 0x00, 0xe8, 0x00, 0x89, 0x00, 0x2a, 0x00, 0xcb, 0x00, 0xec, 0x00, 0x6b, 0x00,
    0xe9, 0x00, 0x48, 0x00, 0xc7, 0x00, 0xa4, 0x00, 0x66, 0x00, 0x88, 0x00, 0xe9, 0x00, 0xa9, 0x00,
    0xa6, 0x00, 0x25, 0x00, 0x25, 0x00, 0x6a, 0x00, 0x6d, 0x00, 0xad, 0x00, 0x0f, 0x00, 0x10, 0x00,
    0x0f, 0x00, 0x48, 0x00, 0x00, 0x00, 0x00, 0x00, 0x00, 0x00, 0x00, 0x00, 0x00, 0x00, 0x00, 0x00,
    0x00, 0x00, 0x00, 0x00, 0x00, 0x00, 0x00, 0x00, 0x00, 0x00, 0x00, 0x00, 0x00, 0x00, 0x00, 0x00,
    0x00, 0x00, 0x00, 0x00, 0x00, 0x00, 0x00, 0x00, 0x00, 0x00, 0x00, 0x00, 0x00, 0x00, 0x00, 0x00,
    0x00, 0x00, 0x00, 0x00, 0x00, 0x00, 0x00, 0x00, 0x00, 0x00, 0x00, 0x00, 0x00, 0x00, 0x00, 0x00,
    0x00, 0x00, 0x00, 0x00, 0x00, 0x00, 0x00, 0x00, 0x00, 0x00, 0x00, 0x00, 0x00, 0x00, 0x00, 0x00,
    0x00, 0x00, 0x00, 0x00, 0x40, 0x00, 0xe2, 0x00, 0xc5, 0x00, 0x66, 0x00, 0x28, 0x00, 0xc9, 0x00,
    0xea, 0x00, 0xc9, 0x00, 0xe9, 0x00, 0xa9, 0x00, 0x07, 0x00, 0x66, 0x00, 0x86, 0x00, 0x05, 0x00,
    0x43, 0x00, 0xe9, 0x00, 0xef, 0x00, 0x84, 0x00, 0x8b, 0x00, 0xae, 0x00, 0xae, 0x00, 0xef, 0x00,
    0x2f, 0x00, 0x6d, 0x00, 0xc2, 0x00, 0x00, 0x00, 0x00, 0x00, 0x00, 0x00, 0x00, 0x00, 0x00, 0x00,
    0x00, 0x00, 0x00, 0x00, 0x00, 0x00, 0x00, 0x00, 0x00, 0x00, 0x00, 0x00, 0x00, 0x00, 0x00, 0x00,
    0x00, 0x00, 0x00, 0x00, 0x00, 0x00, 0x00, 0x00, 0x00, 0x00, 0x00, 0x00, 0x00, 0x00, 0x00, 0x00,
    0x00, 0x00, 0x00, 0x00, 0x00, 0x00, 0x00, 0x00, 0x00, 0x00, 0x00, 0x00, 0x00, 0x00, 0x00, 0x00,
    0x00, 0x00, 0x00, 0x00, 0x00, 0x00, 0x00, 0x00, 0x00, 0x00, 0x00, 0x00, 0x00, 0x00, 0x00, 0x00,
    0x00, 0x00, 0x00, 0x00, 0x00, 0x00, 0x00, 0x00, 0x00, 0x00, 0x81, 0x00, 0x64, 0x00, 0x05, 0x00,
    0x46, 0x00, 0xe7, 0x00, 0x89, 0x00, 0x2a, 0x00, 0x8b, 0x00, 0x8b, 0x00, 0x88, 0x00, 0x66, 0x00,
    0xa7, 0x00, 0xef, 0x00, 0xaa, 0x00, 0xe6, 0x00, 0xa6, 0x00, 0x8d, 0x00, 0xce, 0x00, 0xce, 0x00,
    0xce, 0x00, 0x50, 0x00, 0x8e, 0x00, 0xe2, 0x00, 0x00, 0x00, 0x00, 0x00, 0x00, 0x00, 0x00, 0x00,
    0x00, 0x00, 0x00, 0x00, 0x00, 0x00, 0x00, 0x00, 0x00, 0x00, 0x00, 0x00, 0x00, 0x00, 0x00, 0x00,
    0x00, 0x00, 0x00, 0x00, 0x00, 0x00, 0x02, 0x00, 0x20, 0x00, 0x00, 0x00, 0x00, 0x00, 0x00, 0x00,
    0x00, 0x00, 0x00, 0x00, 0x00, 0x00, 0x00, 0x00, 0x00, 0x00, 0x00, 0x00, 0x00, 0x00, 0x00, 0x00,
    0x00, 0x00, 0x00, 0x00, 0x00, 0x00, 0x00, 0x00, 0x00, 0x00, 0x00, 0x00, 0x00, 0x00, 0x00, 0x00,
    0x00, 0x00, 0x00, 0x00, 0x00, 0x00, 0x00, 0x00, 0x23, 0x00, 0x66, 0x00, 0xe5, 0x00, 0x43, 0x00,
    0x03, 0x00, 0x25, 0x00, 0xa7, 0x00, 0x07, 0x00, 0xa9, 0x00, 0x2a, 0x00, 0x0c, 0x00, 0x4c, 0x00,
    0xcb, 0x00, 0x2e, 0x00, 0x69, 0x00, 0xcb, 0x00, 0x28, 0x00, 0x29, 0x00, 0x6d, 0x00, 0x4d, 0x00,
    0xce, 0x00, 0xce, 0x00, 0x90, 0x00, 0xec, 0x00, 0x20, 0x00, 0x00, 0x00, 0x00, 0x00, 0x00, 0x00,
    0x00, 0x00, 0x00, 0x00, 0x00, 0x00, 0x00, 0x00, 0x00, 0x00, 0x00, 0x00, 0x00, 0x00, 0x00, 0x00,
    0x00, 0x00, 0x00, 0x00, 0xc2, 0x00, 0x09, 0x00, 0x20, 0x00, 0x00, 0x00, 0x00, 0x00, 0x00, 0x00,
    0x00, 0x00, 0x00, 0x00, 0x00, 0x00, 0x00, 0x00, 0x00, 0x00, 0x00, 0x00, 0x00, 0x00, 0x00, 0x00,
    0x00, 0x00, 0x00, 0x00, 0x00, 0x00, 0x00, 0x00, 0x00, 0x00, 0x00, 0x00, 0x00, 0x00, 0x00, 0x00,
    0x00, 0x00, 0x00, 0x00, 0xa2, 0x00, 0xc7, 0x00, 0x29, 0x00, 0x46, 0x00, 0x66, 0x00, 0x8a, 0x00,
    0xea, 0x00, 0x0b, 0x00, 0xa9, 0x00, 0x68, 0x00, 0xe9, 0x00, 0xec, 0x00, 0x0c, 0x00, 0x2c, 0x00,
    0xce, 0x00, 0xce, 0x00, 0x6d, 0x00, 0x4d, 0x00, 0x4d, 0x00, 0xab, 0x00, 0x0c, 0x00, 0x2a, 0x00,
    0xe7, 0x00, 0x4d, 0x00, 0xce, 0x00, 0x0f, 0x00, 0x22, 0x00, 0x00, 0x00, 0x00, 0x00, 0x00, 0x00,
    0x00, 0x00, 0x00, 0x00, 0x00, 0x00, 0x00, 0x00, 0x00, 0x00, 0x00, 0x00, 0x00, 0x00, 0x61, 0x00,
    0x43, 0x00, 0x28, 0x00, 0xee, 0x00, 0x8a, 0x00, 0x00, 0x00, 0x00, 0x00, 0x00, 0x00, 0x00, 0x00,
    0x00, 0x00, 0x00, 0x00, 0x00, 0x00, 0x00, 0x00, 0x00, 0x00, 0x00, 0x00, 0x00, 0x00, 0x00, 0x00,
    0x00, 0x00, 0x00, 0x00, 0x00, 0x00, 0x00, 0x00, 0x00, 0x00, 0x00, 0x00, 0x00, 0x00, 0x00, 0x00,
    0x00, 0x00, 0xc2, 0x00, 0x69, 0x00, 0xcb, 0x00, 0x29, 0x00, 0x47, 0x00, 0xa5, 0x00, 0xa7, 0x00,
    0xaa, 0x00, 0xca, 0x00, 0x69, 0x00, 0x87, 0x00, 0x27, 0x00, 0xec, 0x00, 0x8b, 0x00, 0xc9, 0x00,
    0x48, 0x00, 0x2a, 0x00, 0x4d, 0x00, 0x2c, 0x00, 0x0c, 0x00, 0x0c, 0x00, 0x0c, 0x00, 0x4c, 0x00,
    0x2d, 0x00, 0x2c, 0x00, 0xce, 0x00, 0x8d, 0x00, 0x81, 0x00, 0x00, 0x00, 0x00, 0x00, 0x00, 0x00,
    0x00, 0x00, 0x00, 0x00, 0x00, 0x00, 0x00, 0x00, 0x00, 0x00, 0x00, 0x00, 0xc7, 0x00, 0x8e, 0x00,
    0x8d, 0x00, 0x2e, 0x00, 0x4f, 0x00, 0xa8, 0x00, 0x00, 0x00, 0x00, 0x00, 0x00, 0x00, 0x00, 0x00,
    0x00, 0x00, 0x00, 0x00, 0x00, 0x00, 0x00, 0x00, 0x00, 0x00, 0x00, 0x00, 0x00, 0x00, 0x00, 0x00,
    0x00, 0x00, 0x00, 0x00, 0x00, 0x00, 0x00, 0x00, 0x00, 0x00, 0x00, 0x00, 0x00, 0x00, 0x00, 0x00,
    0x00, 0x00, 0x20, 0x00, 0x61, 0x00, 0xc2, 0x00, 0xe2, 0x00, 0x44, 0x00, 0xa5, 0x00, 0x23, 0x00,
    0x23, 0x00, 0xe5, 0x00, 0x66, 0x00, 0x26, 0x00, 0x07, 0x00, 0x07, 0x00, 0x27, 0x00, 0xe7, 0x00,
    0x86, 0x00, 0x22, 0x00, 0x43, 0x00, 0x88, 0x00, 0xe9, 0x00, 0x09, 0x00, 0x4a, 0x00, 0x6b, 0x00,
    0xcb, 0x00, 0xab, 0x00, 0x4d, 0x00, 0x27, 0x00, 0x00, 0x00, 0x00, 0x00, 0x00, 0x00, 0x00, 0x00,
    0x00, 0x00, 0x00, 0x00, 0x00, 0x00, 0x00, 0x00, 0x00, 0x00, 0x86, 0x00, 0x6f, 0x00, 0x2c, 0x00,
    0xeb, 0x00, 0x0b, 0x00, 0xad, 0x00, 0xe6, 0x00, 0x00, 0x00, 0x00, 0x00, 0x00, 0x00, 0x00, 0x00,
    0x00, 0x00, 0x00, 0x00, 0x00, 0x00, 0x00, 0x00, 0x00, 0x00, 0x00, 0x00, 0x00, 0x00, 0x00, 0x00,
    0x00, 0x00, 0x00, 0x00, 0x00, 0x00, 0x00, 0x00, 0x00, 0x00, 0x00, 0x00, 0x00, 0x00, 0x00, 0x00,
    0x00, 0x00, 0x00, 0x00, 0x00, 0x00, 0x00, 0x00, 0x00, 0x00, 0x06, 0x00, 0xe9, 0x00, 0x06, 0x00,
    0x64, 0x00, 0xe8, 0x00, 0x08, 0x00, 0xc7, 0x00, 0xc7, 0x00, 0x28, 0x00, 0xa9, 0x00, 0xab, 0x00,
    0x4d, 0x00, 0x0c, 0x00, 0x83, 0x00, 0x20, 0x00, 0x63, 0x00, 0x43, 0x00, 0x43, 0x00, 0x63, 0x00,
    0x23, 0x00, 0x04, 0x00, 0x86, 0x00, 0x81, 0x00, 0x00, 0x00, 0x00, 0x00, 0x00, 0x00, 0x00, 0x00,
    0x00, 0x00, 0x00, 0x00, 0xe2, 0x00, 0x00, 0x00, 0x81, 0x00, 0x2c, 0x00, 0xcb, 0x00, 0x27, 0x00,
    0x68, 0x00, 0x4c, 0x00, 0x2c, 0x00, 0x63, 0x00, 0x00, 0x00, 0x00, 0x00, 0x00, 0x00, 0x00, 0x00,
    0x00, 0x00, 0x00, 0x00, 0x00, 0x00, 0x00, 0x00, 0x00, 0x00, 0x00, 0x00, 0x00, 0x00, 0x00, 0x00,
    0x00, 0x00, 0x00, 0x00, 0x00, 0x00, 0x00, 0x00, 0x00, 0x00, 0x00, 0x00, 0x00, 0x00, 0x00, 0x00,
    0x00, 0x00, 0x00, 0x00, 0x00, 0x00, 0x00, 0x00, 0xc2, 0x00, 0x8b, 0x00, 0x09, 0x00, 0x64, 0x00,
    0x26, 0x00, 0xa7, 0x00, 0xa5, 0x00, 0x87, 0x00, 0x28, 0x00, 0x48, 0x00, 0xc9, 0x00, 0x6b, 0x00,
    0xcc, 0x00, 0x4d, 0x00, 0x2d, 0x00, 0x86, 0x00, 0x84, 0x00, 0x66, 0x00, 0xe5, 0x00, 0x84, 0x00,
    0x40, 0x00, 0x00, 0x00, 0x00, 0x00, 0x00, 0x00, 0x00, 0x00, 0x00, 0x00, 0x00, 0x00, 0x00, 0x00,
    0x00, 0x00, 0x00, 0x00, 0xa9, 0x00, 0x63, 0x00, 0xc4, 0x00, 0xcb, 0x00, 0xe7, 0x00, 0x68, 0x00,
    0x8d, 0x00, 0x4d, 0x00, 0xa6, 0x00, 0x00, 0x00, 0x00, 0x00, 0x00, 0x00, 0x00, 0x00, 0x00, 0x00,
    0x00, 0x00, 0x00, 0x00, 0x00, 0x00, 0x00, 0x00, 0x00, 0x00, 0x00, 0x00, 0x00, 0x00, 0x00, 0x00,
    0x00, 0x00, 0x00, 0x00, 0x00, 0x00, 0x00, 0x00, 0x00, 0x00, 0x00, 0x00, 0x00, 0x00, 0x00, 0x00,
    0x00, 0x00, 0x00, 0x00, 0x00, 0x00, 0x00, 0x00, 0x64, 0x00, 0x0c, 0x00, 0x26, 0x00, 0xa5, 0x00,
    0xe6, 0x00, 0x03, 0x00, 0x44, 0x00, 0x49, 0x00, 0xe8, 0x00, 0x08, 0x00, 0x48, 0x00, 0x48, 0x00,
    0x08, 0x00, 0x68, 0x00, 0x6b, 0x00, 0x2c, 0x00, 0x28, 0x00, 0xc7, 0x00, 0xea, 0x00, 0x08, 0x00,
    0x05, 0x00, 0x00, 0x00, 0x00, 0x00, 0x00, 0x00, 0x00, 0x00, 0x00, 0x00, 0x00, 0x00, 0x00, 0x00,
    0x00, 0x00, 0x00, 0x00, 0xc7, 0x00, 0x25, 0x00, 0x86, 0x00, 0x88, 0x00, 0xc9, 0x00, 0x8d, 0x00,
    0x4a, 0x00, 0x66, 0x00, 0x40, 0x00, 0x00, 0x00, 0x00, 0x00, 0x00, 0x00, 0x00, 0x00, 0x00, 0x00,
    0x00, 0x00, 0x00, 0x00, 0x00, 0x00, 0x00, 0x00, 0x00, 0x00, 0x00, 0x00, 0x00, 0x00, 0x00, 0x00,
    0x00, 0x00, 0x00, 0x00, 0x00, 0x00, 0x00, 0x00, 0x00, 0x00, 0x00, 0x00, 0x00, 0x00, 0x00, 0x00,
    0x00, 0x00, 0x00, 0x00, 0x00, 0x00, 0x00, 0x00, 0x84, 0x00, 0x08, 0x00, 0xe2, 0x00, 0xc8, 0x00,
    0x67, 0x00, 0xe6, 0x00, 0x84, 0x00, 0xe5, 0x00, 0x84, 0x00, 0x84, 0x00, 0xc4, 0x00, 0x84, 0x00,
    0x83, 0x00, 0xa3, 0x00, 0x05, 0x00, 0x27, 0x00, 0xcb, 0x00, 0x4a, 0x00, 0xa9, 0x00, 0xea, 0x00,
    0xe9, 0x00, 0xc1, 0x00, 0x00, 0x00, 0x00, 0x00, 0x00, 0x00, 0x00, 0x00, 0x00, 0x00, 0x00, 0x00,
    0x00, 0x00, 0x00, 0x00, 0x43, 0x00, 0x45, 0x00, 0xe7, 0x00, 0xc7, 0x00, 0x48, 0x00, 0x86, 0x00,
    0x66, 0x00, 0x02, 0x00, 0x00, 0x00, 0x00, 0x00, 0x00, 0x00, 0x00, 0x00, 0x00, 0x00, 0x00, 0x00,
    0x00, 0x00, 0x00, 0x00, 0x00, 0x00, 0x00, 0x00, 0x00, 0x00, 0x00, 0x00, 0x00, 0x00, 0x00, 0x00,
    0x00, 0x00, 0x00, 0x00, 0x00, 0x00, 0x00, 0x00, 0x00, 0x00, 0x00, 0x00, 0x00, 0x00, 0x00, 0x00,
    0x00, 0x00, 0x00, 0x00, 0x00, 0x00, 0x00, 0x00, 0x61, 0x00, 0x40, 0x00, 0x81, 0x00, 0x4a, 0x00,
    0xa8, 0x00, 0x06, 0x00, 0x27, 0x00, 0x27, 0x00, 0xe5, 0x00, 0x84, 0x00, 0xa4, 0x00, 0x83, 0x00,
    0xa3, 0x00, 0xe4, 0x00, 0x83, 0x00, 0x43, 0x00, 0xa4, 0x00, 0x68, 0x00, 0xec, 0x00, 0x0c, 0x00,
    0x2a, 0x00, 0x60, 0x00, 0x00, 0x00, 0x00, 0x00, 0x00, 0x00, 0x00, 0x00, 0x00, 0x00, 0x00, 0x00,
    0x00, 0x00, 0x00, 0x00, 0x81, 0x00, 0x66, 0x00, 0xe7, 0x00, 0x25, 0x00, 0x05, 0x00, 0xe5, 0x00,
    0x43, 0x00, 0x61, 0x00, 0x00, 0x00, 0x00, 0x00, 0x00, 0x00, 0x00, 0x00, 0x00, 0x00, 0x00, 0x00,
    0x00, 0x00, 0x00, 0x00, 0x00, 0x00, 0x00, 0x00, 0x00, 0x00, 0x00, 0x00, 0x00, 0x00, 0x00, 0x00,
    0x00, 0x00, 0x00, 0x00, 0x00, 0x00, 0x00, 0x00, 0x00, 0x00, 0x00, 0x00, 0x00, 0x00, 0x00, 0x00,
    0x00, 0x00, 0x00, 0x00, 0x00, 0x00, 0x00, 0x00, 0x00, 0x00, 0x00, 0x00, 0x41, 0x00, 0x6a, 0x00,
    0xc5, 0x00, 0x27, 0x00, 0xa8, 0x00, 0x67, 0x00, 0x06, 0x00, 0x06, 0x00, 0x46, 0x00, 0x05, 0x00,
    0xe4, 0x00, 0x24, 0x00, 0x65, 0x00, 0x65, 0x00, 0x45, 0x00, 0x81, 0x00, 0xa1, 0x00, 0x05, 0x00,
    0xa1, 0x00, 0x00, 0x00, 0x00, 0x00, 0x00, 0x00, 0x00, 0x00, 0x00, 0x00, 0x00, 0x00, 0x00, 0x00,
    0x00, 0x00, 0x00, 0x00, 0xe2, 0x00, 0x48, 0x00, 0x07, 0x00, 0xa4, 0x00, 0x81, 0x00, 0x00, 0x00,
    0x00, 0x00, 0x00, 0x00, 0x00, 0x00, 0x00, 0x00, 0x00, 0x00, 0x00, 0x00, 0x00, 0x00, 0x00, 0x00,
    0x00, 0x00, 0x00, 0x00, 0x00, 0x00, 0x00, 0x00, 0x00, 0x00, 0x00, 0x00, 0x00, 0x00, 0x00, 0x00,
    0x00, 0x00, 0x00, 0x00, 0x00, 0x00, 0x00, 0x00, 0x00, 0x00, 0x00, 0x00, 0x00, 0x00, 0x00, 0x00,
    0x00, 0x00, 0x00, 0x00, 0x00, 0x00, 0x00, 0x00, 0x00, 0x00, 0x00, 0x00, 0x00, 0x00, 0xe5, 0x00,
    0x61, 0x00, 0x87, 0x00, 0xc9, 0x00, 0x06, 0x00, 0xa8, 0x00, 0x08, 0x00, 0xc7, 0x00, 0x66, 0x00,
    0x65, 0x00, 0xe7, 0x00, 0xa8, 0x00, 0xc8, 0x00, 0x29, 0x00, 0xe8, 0x00, 0xc1, 0x00, 0x00, 0x00,
    0x00, 0x00, 0x00, 0x00, 0x00, 0x00, 0x00, 0x00, 0x00, 0x00, 0x00, 0x00, 0x00, 0x00, 0x00, 0x00,
    0x00, 0x00, 0x00, 0x00, 0xc6, 0x00, 0x6a, 0x00, 0x07, 0x00, 0x23, 0x00, 0x00, 0x00, 0x00, 0x00,
    0x00, 0x00, 0x00, 0x00, 0x00, 0x00, 0x00, 0x00, 0x00, 0x00, 0x00, 0x00, 0x00, 0x00, 0x00, 0x00,
    0x00, 0x00, 0x00, 0x00, 0x00, 0x00, 0x00, 0x00, 0x00, 0x00, 0x00, 0x00, 0x00, 0x00, 0x00, 0x00,
    0x00, 0x00, 0x00, 0x00, 0x00, 0x00, 0x00, 0x00, 0x00, 0x00, 0x00, 0x00, 0x00, 0x00, 0x83, 0x00,
    0x09, 0x00, 0x25, 0x00, 0x00, 0x00, 0x00, 0x00, 0x00, 0x00, 0x00, 0x00, 0x00, 0x00, 0x00, 0x00,
    0x00, 0x00, 0xe6, 0x00, 0x09, 0x00, 0x84, 0x00, 0x87, 0x00, 0x87, 0x00, 0x87, 0x00, 0x28, 0x00,
    0x25, 0x00, 0xa6, 0x00, 0x09, 0x00, 0xeb, 0x00, 0xeb, 0x00, 0xad, 0x00, 0x2c, 0x00, 0x43, 0x00,
    0x00, 0x00, 0x00, 0x00, 0x00, 0x00, 0x00, 0x00, 0x00, 0x00, 0x00, 0x00, 0x00, 0x00, 0x00, 0x00,
    0x00, 0x00, 0x22, 0x00, 0xcb, 0x00, 0xe9, 0x00, 0x28, 0x00, 0xa4, 0x00, 0x00, 0x00, 0x00, 0x00,
    0x00, 0x00, 0x00, 0x00, 0x00, 0x00, 0x00, 0x00, 0x00, 0x00, 0x00, 0x00, 0x00, 0x00, 0x00, 0x00,
    0x00, 0x00, 0x00, 0x00, 0x00, 0x00, 0x00, 0x00, 0x00, 0x00, 0x00, 0x00, 0x00, 0x00, 0x00, 0x00,
    0x00, 0x00, 0x00, 0x00, 0x00, 0x00, 0x00, 0x00, 0x00, 0x00, 0x40, 0x00, 0xe2, 0x00, 0xe2, 0x00,
    0xc9, 0x00, 0xcd, 0x00, 0x8b, 0x00, 0x02, 0x00, 0x40, 0x00, 0xe2, 0x00, 0x00, 0x00, 0x00, 0x00,
    0x00, 0x00, 0xc2, 0x00, 0x4a, 0x00, 0x44, 0x00, 0x43, 0x00, 0xa8, 0x00, 0x87, 0x00, 0x89, 0x00,
    0x48, 0x00, 0xe7, 0x00, 0x4a, 0x00, 0x6d, 0x00, 0x4d, 0x00, 0x4d, 0x00, 0x6e, 0x00, 0x4a, 0x00,
    0xe4, 0x00, 0x00, 0x00, 0x00, 0x00, 0x00, 0x00, 0x00, 0x00, 0x00, 0x00, 0x00, 0x00, 0x00, 0x00,
    0x00, 0x00, 0x48, 0x00, 0x6a, 0x00, 0x88, 0x00, 0x69, 0x00, 0x23, 0x00, 0x00, 0x00, 0x00, 0x00,
    0x00, 0x00, 0x00, 0x00, 0x00, 0x00, 0x00, 0x00, 0x00, 0x00, 0x00, 0x00, 0x00, 0x00, 0x00, 0x00,
    0x00, 0x00, 0x00, 0x00, 0x00, 0x00, 0x00, 0x00, 0x00, 0x00, 0x00, 0x00, 0x00, 0x00, 0x00, 0x00,
    0x00, 0x00, 0x00, 0x00, 0x00, 0x00, 0x20, 0x00, 0x85, 0x00, 0xaa, 0x00, 0x0b, 0x00, 0x4a, 0x00,
    0xe6, 0x00, 0xe6, 0x00, 0x0b, 0x00, 0xab, 0x00, 0xa4, 0x00, 0xab, 0x00, 0x84, 0x00, 0x00, 0x00,
    0x00, 0x00, 0x00, 0x00, 0x26, 0x00, 0x23, 0x00, 0x20, 0x00, 0x46, 0x00, 0x08, 0x00, 0xe7, 0x00,
    0x66, 0x00, 0xc9, 0x00, 0x0c, 0x00, 0x10, 0x00, 0x30, 0x00, 0xcf, 0x00, 0xaf, 0x00, 0x71, 0x00,
    0x8f, 0x00, 0x25, 0x00, 0x22, 0x00, 0x40, 0x00, 0x00, 0x00, 0x00, 0x00, 0x00, 0x00, 0x20, 0x00,
    0x86, 0x00, 0x4a, 0x00, 0x8b, 0x00, 0xc9, 0x00, 0x26, 0x00, 0x00, 0x00, 0x00, 0x00, 0x00, 0x00,
    0x00, 0x00, 0x00, 0x00, 0x00, 0x00, 0x00, 0x00, 0x00, 0x00, 0x00, 0x00, 0x00, 0x00, 0x00, 0x00,
    0x00, 0x00, 0x00, 0x00, 0x00, 0x00, 0x00, 0x00, 0x00, 0x00, 0x00, 0x00, 0x00, 0x00, 0x00, 0x00,
    0x00, 0x00, 0x00, 0x00, 0x02, 0x00, 0x09, 0x00, 0x0b, 0x00, 0x49, 0x00, 0x67, 0x00, 0x47, 0x00,
    0x27, 0x00, 0x65, 0x00, 0xa6, 0x00, 0x67, 0x00, 0x65, 0x00, 0x48, 0x00, 0xeb, 0x00, 0xc1, 0x00,
    0x00, 0x00, 0x00, 0x00, 0x00, 0x00, 0x00, 0x00, 0x00, 0x00, 0x05, 0x00, 0x86, 0x00, 0x48, 0x00,
    0x48, 0x00, 0x27, 0x00, 0xcb, 0x00, 0xec, 0x00, 0x30, 0x00, 0xb2, 0x00, 0xf4, 0x00, 0x35, 0x00,
    0x93, 0x00, 0x4a, 0x00, 0x07, 0x00, 0x68, 0x00, 0x27, 0x00, 0x45, 0x00, 0x65, 0x00, 0x0a, 0x00,
    0x6a, 0x00, 0x6a, 0x00, 0x6a, 0x00, 0x07, 0x00, 0xa2, 0x00, 0x00, 0x00, 0x00, 0x00, 0x00, 0x00,
    0x00, 0x00, 0x00, 0x00, 0x00, 0x00, 0x00, 0x00, 0x00, 0x00, 0x00, 0x00, 0x00, 0x00, 0x00, 0x00,
    0x00, 0x00, 0x00, 0x00, 0x00, 0x00, 0x00, 0x00, 0x00, 0x00, 0x00, 0x00, 0x00, 0x00, 0x00, 0x00,
    0x00, 0x00, 0x63, 0x00, 0xc9, 0x00, 0x47, 0x00, 0xc6, 0x00, 0x25, 0x00, 0x27, 0x00, 0x09, 0x00,
    0x47, 0x00, 0xa9, 0x00, 0x2c, 0x00, 0xcb, 0x00, 0x68, 0x00, 0xe4, 0x00, 0x68, 0x00, 0xe6, 0x00,
    0x20, 0x00, 0x20, 0x00, 0x00, 0x00, 0x00, 0x00, 0x40, 0x00, 0x66, 0x00, 0xc7, 0x00, 0xc9, 0x00,
    0x8b, 0x00, 0xa8, 0x00, 0x88, 0x00, 0x8a, 0x00, 0x4a, 0x00, 0x10, 0x00, 0x52, 0x00, 0xb2, 0x00,
    0x92, 0x00, 0x2d, 0x00, 0x88, 0x00, 0x66, 0x00, 0x8b, 0x00, 0x8d, 0x00, 0xab, 0x00, 0x2c, 0x00,
    0x2a, 0x00, 0xab, 0x00, 0x89, 0x00, 0x05, 0x00, 0x00, 0x00, 0x00, 0x00, 0x00, 0x00, 0x00, 0x00,
    0x00, 0x00, 0x00, 0x00, 0x00, 0x00, 0x00, 0x00, 0x00, 0x00, 0x00, 0x00, 0x00, 0x00, 0x00, 0x00,
    0x00, 0x00, 0x00, 0x00, 0x00, 0x00, 0x00, 0x00, 0x00, 0x00, 0x00, 0x00, 0x00, 0x00, 0x00, 0x00,
    0x00, 0x00, 0xc2, 0x00, 0x43, 0x00, 0xc4, 0x00, 0x86, 0x00, 0x8b, 0x00, 0xeb, 0x00, 0xc8, 0x00,
    0x6a, 0x00, 0x8d, 0x00, 0xad, 0x00, 0xcb, 0x00, 0x8a, 0x00, 0x68, 0x00, 0xe6, 0x00, 0x47, 0x00,
    0x25, 0x00, 0xc4, 0x00, 0x00, 0x00, 0x00, 0x00, 0xe2, 0x00, 0x86, 0x00, 0x2a, 0x00, 0x6a, 0x00,
    0xab, 0x00, 0xcb, 0x00, 0xe6, 0x00, 0x0c, 0x00, 0xcb, 0x00, 0x30, 0x00, 0x31, 0x00, 0x51, 0x00,
    0xf0, 0x00, 0x0c, 0x00, 0xcb, 0x00, 0x05, 0x00, 0x48, 0x00, 0x6a, 0x00, 0xe9, 0x00, 0x88, 0x00,
    0xe9, 0x00, 0xc9, 0x00, 0x48, 0x00, 0xa1, 0x00, 0x00, 0x00, 0x00, 0x00, 0x00, 0x00, 0x00, 0x00,
    0x00, 0x00, 0x00, 0x00, 0x00, 0x00, 0x00, 0x00, 0x00, 0x00, 0x00, 0x00, 0x00, 0x00, 0x00, 0x00,
    0x00, 0x00, 0x00, 0x00, 0x00, 0x00, 0x00, 0x00, 0x00, 0x00, 0x00, 0x00, 0x00, 0x00, 0x00, 0x00,
    0x00, 0x00, 0xe5, 0x00, 0xe8, 0x00, 0x08, 0x00, 0xcb, 0x00, 0xab, 0x00, 0x09, 0x00, 0x2c, 0x00,
    0x8d, 0x00, 0x2c, 0x00, 0x8a, 0x00, 0xab, 0x00, 0x6a, 0x00, 0xc9, 0x00, 0xa6, 0x00, 0x66, 0x00,
    0xc6, 0x00, 0xa8, 0x00, 0xc2, 0x00, 0x00, 0x00, 0x43, 0x00, 0xa9, 0x00, 0x6a, 0x00, 0xe9, 0x00,
    0x8b, 0x00, 0xcb, 0x00, 0xa6, 0x00, 0x6a, 0x00, 0x2a, 0x00, 0x10, 0x00, 0xb2, 0x00, 0x14, 0x00,
    0x92, 0x00, 0x30, 0x00, 0x8e, 0x00, 0x45, 0x00, 0xa6, 0x00, 0x88, 0x00, 0xc9, 0x00, 0xa9, 0x00,
    0xa9, 0x00, 0x69, 0x00, 0xe5, 0x00, 0x00, 0x00, 0x00, 0x00, 0x00, 0x00, 0x00, 0x00, 0x00, 0x00,
    0x00, 0x00, 0x00, 0x00, 0x00, 0x00, 0x00, 0x00, 0x00, 0x00, 0x00, 0x00, 0x00, 0x00, 0x00, 0x00,
    0x00, 0x00, 0x00, 0x00, 0x00, 0x00, 0x00, 0x00, 0x00, 0x00, 0x00, 0x00, 0x00, 0x00, 0x20, 0x00,
    0xe7, 0x00, 0xca, 0x00, 0x86, 0x00, 0x2a, 0x00, 0xab, 0x00, 0xc9, 0x00, 0x2c, 0x00, 0x4d, 0x00,
    0x6a, 0x00, 0x09, 0x00, 0x88, 0x00, 0xe7, 0x00, 0xa6, 0x00, 0x45, 0x00, 0x88, 0x00, 0xa6, 0x00,
    0xe5, 0x00, 0x48, 0x00, 0xc6, 0x00, 0x02, 0x00, 0x46, 0x00, 0x2a, 0x00, 0xc9, 0x00, 0x8a, 0x00,
    0x6a, 0x00, 0xe9, 0x00, 0x27, 0x00, 0x09, 0x00, 0xc8, 0x00, 0x2d, 0x00, 0x92, 0x00, 0xd3, 0x00,
    0xd3, 0x00, 0x71, 0x00, 0x50, 0x00, 0x25, 0x00, 0x25, 0x00, 0x48, 0x00, 0x48, 0x00, 0x69, 0x00,
    0x28, 0x00, 0x08, 0x00, 0xa1, 0x00, 0x00, 0x00, 0x00, 0x00, 0x00, 0x00, 0x00, 0x00, 0x00, 0x00,
    0x00, 0x00, 0x00, 0x00, 0x00, 0x00, 0x00, 0x00, 0x00, 0x00, 0x00, 0x00, 0x00, 0x00, 0x00, 0x00,
    0x00, 0x00, 0x00, 0x00, 0x00, 0x00, 0x00, 0x00, 0x00, 0x00, 0x00, 0x00, 0x00, 0x00, 0x07, 0x00,
    0xea, 0x00, 0x46, 0x00, 0x25, 0x00, 0x2a, 0x00, 0x2d, 0x00, 0xa9, 0x00, 0xc9, 0x00, 0x6a, 0x00,
    0xa9, 0x00, 0x48, 0x00, 0x66, 0x00, 0xc4, 0x00, 0xcb, 0x00, 0x0a, 0x00, 0xc9, 0x00, 0xaa, 0x00,
    0x05, 0x00, 0xe5, 0x00, 0x66, 0x00, 0xe5, 0x00, 0xe7, 0x00, 0xc9, 0x00, 0xe9, 0x00, 0xab, 0x00,
    0x6a, 0x00, 0xa8, 0x00, 0x86, 0x00, 0xa8, 0x00, 0xcc, 0x00, 0x2d, 0x00, 0xec, 0x00, 0x72, 0x00,
    0xd3, 0x00, 0x92, 0x00, 0x30, 0x00, 0x04, 0x00, 0x23, 0x00, 0xe7, 0x00, 0x08, 0x00, 0xa7, 0x00,
    0x05, 0x00, 0xe2, 0x00, 0x00, 0x00, 0x00, 0x00, 0x00, 0x00, 0x00, 0x00, 0x00, 0x00, 0x00, 0x00,
    0x00, 0x00, 0x00, 0x00, 0x00, 0x00, 0x00, 0x00, 0x00, 0x00, 0x00, 0x00, 0x00, 0x00, 0x00, 0x00,
    0x00, 0x00, 0x00, 0x00, 0x00, 0x00, 0x00, 0x00, 0x00, 0x00, 0x00, 0x00, 0xe5, 0x00, 0xa9, 0x00,
    0x25, 0x00, 0x66, 0x00, 0x28, 0x00, 0x2c, 0x00, 0xc9, 0x00, 0x08, 0x00, 0xa7, 0x00, 0x86, 0x00,
    0x66, 0x00, 0x87, 0x00, 0xa5, 0x00, 0xe5, 0x00, 0x68, 0x00, 0x68, 0x00, 0xa4, 0x00, 0xc8, 0x00,
    0x45, 0x00, 0xc2, 0x00, 0xe2, 0x00, 0xa4, 0x00, 0xc9, 0x00, 0x2a, 0x00, 0x09, 0x00, 0x29, 0x00,
    0x09, 0x00, 0x86, 0x00, 0x25, 0x00, 0xc8, 0x00, 0x2a, 0x00, 0x10, 0x00, 0xcf, 0x00, 0x4d, 0x00,
    0x72, 0x00, 0xb2, 0x00, 0xcf, 0x00, 0x68, 0x00, 0x00, 0x00, 0x40, 0x00, 0x40, 0x00, 0x20, 0x00,
    0x00, 0x00, 0x00, 0x00, 0x00, 0x00, 0x00, 0x00, 0x00, 0x00, 0x00, 0x00, 0x00, 0x00, 0x00, 0x00,
    0x00, 0x00, 0x00, 0x00, 0x00, 0x00, 0x00, 0x00, 0x00, 0x00, 0x00, 0x00, 0x00, 0x00, 0x00, 0x00,
    0x00, 0x00, 0x00, 0x00, 0x00, 0x00, 0x00, 0x00, 0x00, 0x00, 0x40, 0x00, 0x05, 0x00, 0x23, 0x00,
    0x66, 0x00, 0x69, 0x00, 0xa9, 0x00, 0x89, 0x00, 0xe7, 0x00, 0x26, 0x00, 0xe8, 0x00, 0xa8, 0x00,
    0xa7, 0x00, 0xe5, 0x00, 0x84, 0x00, 0x2a, 0x00, 0x07, 0x00, 0x64, 0x00, 0x03, 0x00, 0x85, 0x00,
    0x09, 0x00, 0x85, 0x00, 0xe9, 0x00, 0x4a, 0x00, 0x88, 0x00, 0xc9, 0x00, 0x4a, 0x00, 0x68, 0x00,
    0x07, 0x00, 0x63, 0x00, 0xc7, 0x00, 0xe9, 0x00, 0x8b, 0x00, 0x8e, 0x00, 0x30, 0x00, 0x30, 0x00,
    0x6e, 0x00, 0xf0, 0x00, 0x6d, 0x00, 0x0a, 0x00, 0x00, 0x00, 0x00, 0x00, 0x00, 0x00, 0x00, 0x00,
    0x00, 0x00, 0x00, 0x00, 0x00, 0x00, 0x00, 0x00, 0x00, 0x00, 0x00, 0x00, 0x00, 0x00, 0x00, 0x00,
    0x00, 0x00, 0x00, 0x00, 0x00, 0x00, 0x00, 0x00, 0x00, 0x00, 0x00, 0x00, 0x00, 0x00, 0x00, 0x00,
    0x00, 0x00, 0x00, 0x00, 0x00, 0x00, 0x00, 0x00, 0x00, 0x00, 0x00, 0x00, 0x00, 0x00, 0x86, 0x00,
    0xa9, 0x00, 0xea, 0x00, 0xa7, 0x00, 0x69, 0x00, 0x87, 0x00, 0xa7, 0x00, 0xe8, 0x00, 0x06, 0x00,
    0xa2, 0x00, 0x00, 0x00, 0xa2, 0x00, 0x86, 0x00, 0x46, 0x00, 0xa4, 0x00, 0xc7, 0x00, 0x68, 0x00,
    0x69, 0x00, 0xca, 0x00, 0x8c, 0x00, 0x4c, 0x00, 0x8a, 0x00, 0x68, 0x00, 0xe7, 0x00, 0x04, 0x00,
    0x63, 0x00, 0xe5, 0x00, 0x48, 0x00, 0x68, 0x00, 0x0c, 0x00, 0x6e, 0x00, 0x8e, 0x00, 0x10, 0x00,
    0x10, 0x00, 0x0c, 0x00, 0xcf, 0x00, 0xc9, 0x00, 0x00, 0x00, 0x00, 0x00, 0x00, 0x00, 0x00, 0x00,
    0x00, 0x00, 0x00, 0x00, 0x00, 0x00, 0x00, 0x00, 0x00, 0x00, 0x00, 0x00, 0x00, 0x00, 0x00, 0x00,
    0x00, 0x00, 0x00, 0x00, 0x00, 0x00, 0x00, 0x00, 0x00, 0x00, 0x00, 0x00, 0x00, 0x00, 0x00, 0x00,
    0x00, 0x00, 0x00, 0x00, 0x00, 0x00, 0x00, 0x00, 0x00, 0x00, 0x00, 0x00, 0xe5, 0x00, 0x48, 0x00,
    0xc9, 0x00, 0xc7, 0x00, 0xc8, 0x00, 0x29, 0x00, 0xe5, 0x00, 0x46, 0x00, 0x06, 0x00, 0x00, 0x00,
    0x00, 0x00, 0x00, 0x00, 0x00, 0x00, 0x00, 0x00, 0x00, 0x00, 0x03, 0x00, 0xe7, 0x00, 0x07, 0x00,
    0xe7, 0x00, 0xe9, 0x00, 0x6a, 0x00, 0xaa, 0x00, 0x29, 0x00, 0x27, 0x00, 0x05, 0x00, 0x84, 0x00,
    0x05, 0x00, 0xc7, 0x00, 0x07, 0x00, 0xe6, 0x00, 0x0a, 0x00, 0x6e, 0x00, 0x6e, 0x00, 0x6e, 0x00,
    0x6e, 0x00, 0x4d, 0x00, 0xef, 0x00, 0xe7, 0x00, 0x00, 0x00, 0x00, 0x00, 0x00, 0x00, 0x00, 0x00,
    0x00, 0x00, 0x00, 0x00, 0x00, 0x00, 0x00, 0x00, 0x00, 0x00, 0x00, 0x00, 0x00, 0x00, 0x00, 0x00,
    0x00, 0x00, 0x00, 0x00, 0x00, 0x00, 0x00, 0x00, 0x00, 0x00, 0x00, 0x00, 0x00, 0x00, 0x00, 0x00,
    0x00, 0x00, 0x00, 0x00, 0x00, 0x00, 0x00, 0x00, 0x00, 0x00, 0x81, 0x00, 0x69, 0x00, 0x86, 0x00,
    0x46, 0x00, 0x26, 0x00, 0x49, 0x00, 0x08, 0x00, 0xe5, 0x00, 0x67, 0x00, 0xc2, 0x00, 0x00, 0x00,
    0x00, 0x00, 0x00, 0x00, 0x00, 0x00, 0x00, 0x00, 0x00, 0x00, 0x66, 0x00, 0xc7, 0x00, 0x66, 0x00,
    0x66, 0x00, 0xe7, 0x00, 0x48, 0x00, 0x68, 0x00, 0x48, 0x00, 0x65, 0x00, 0x63, 0x00, 0x84, 0x00,
    0xc7, 0x00, 0x48, 0x00, 0x27, 0x00, 0x6a, 0x00, 0x2a, 0x00, 0xe9, 0x00, 0x8e, 0x00, 0x8e, 0x00,
    0x4d, 0x00, 0x4d, 0x00, 0x2d, 0x00, 0x43, 0x00, 0x00, 0x00, 0x00, 0x00, 0x00, 0x00, 0x00, 0x00,
    0x00, 0x00, 0x00, 0x00, 0x00, 0x00, 0x00, 0x00, 0x00, 0x00, 0x00, 0x00, 0x00, 0x00, 0x00, 0x00,
    0x00, 0x00, 0x00, 0x00, 0x00, 0x00, 0x00, 0x00, 0x00, 0x00, 0x00, 0x00, 0x00, 0x00, 0x00, 0x00,
    0x00, 0x00, 0x00, 0x00, 0x00, 0x00, 0x00, 0x00, 0x00, 0x00, 0xe5, 0x00, 0x89, 0x00, 0x66, 0x00,
    0x67, 0x00, 0xa7, 0x00, 0x49, 0x00, 0x09, 0x00, 0x47, 0x00, 0xa7, 0x00, 0x20, 0x00, 0x00, 0x00,
    0x00, 0x00, 0x00, 0x00, 0x00, 0x00, 0x00, 0x00, 0x00, 0x00, 0x23, 0x00, 0x03, 0x00, 0xa2, 0x00,
    0xc5, 0x00, 0x66, 0x00, 0xa7, 0x00, 0xc7, 0x00, 0x66, 0x00, 0x43, 0x00, 0xa4, 0x00, 0x84, 0x00,
    0x86, 0x00, 0x48, 0x00, 0x68, 0x00, 0xcc, 0x00, 0xec, 0x00, 0x2a, 0x00, 0x4a, 0x00, 0x4d, 0x00,
    0x0d, 0x00, 0xcc, 0x00, 0xc9, 0x00, 0xc1, 0x00, 0x00, 0x00, 0x00, 0x00, 0x00, 0x00, 0x00, 0x00,
    0x00, 0x00, 0x00, 0x00, 0x00, 0x00, 0x00, 0x00, 0x00, 0x00, 0x00, 0x00, 0x00, 0x00, 0x00, 0x00,
    0x00, 0x00, 0x00, 0x00, 0x00, 0x00, 0x00, 0x00, 0x00, 0x00, 0x00, 0x00, 0x00, 0x00, 0x00, 0x00,
    0x00, 0x00, 0x00, 0x00, 0x00, 0x00, 0x00, 0x00, 0x00, 0x00, 0xc7, 0x00, 0x49, 0x00, 0x46, 0x00,
    0xe8, 0x00, 0x08, 0x00, 0x08, 0x00, 0x29, 0x00, 0x87, 0x00, 0x46, 0x00, 0x00, 0x00, 0x00, 0x00,
    0x00, 0x00, 0x00, 0x00, 0x00, 0x00, 0x00, 0x00, 0x00, 0x00, 0x00, 0x00, 0x00, 0x00, 0x00, 0x00,
    0x63, 0x00, 0x06, 0x00, 0xe5, 0x00, 0xa4, 0x00, 0x23, 0x00, 0x43, 0x00, 0x63, 0x00, 0x05, 0x00,
    0xe7, 0x00, 0x05, 0x00, 0xc9, 0x00, 0x8b, 0x00, 0x8b, 0x00, 0xcc, 0x00, 0x6b, 0x00, 0xe9, 0x00,
    0x2a, 0x00, 0xa9, 0x00, 0xa9, 0x00, 0x00, 0x00, 0x00, 0x00, 0x00, 0x00, 0x00, 0x00, 0x00, 0x00,
    0x00, 0x00, 0x00, 0x00, 0x00, 0x00, 0x00, 0x00, 0x00, 0x00, 0x00, 0x00, 0x00, 0x00, 0x00, 0x00,
    0x00, 0x00, 0x00, 0x00, 0x00, 0x00, 0x00, 0x00, 0x00, 0x00, 0x00, 0x00, 0x00, 0x00, 0x00, 0x00,
    0x00, 0x00, 0x00, 0x00, 0x00, 0x00, 0x00, 0x00, 0x00, 0x00, 0x08, 0x00, 0xc8, 0x00, 0x26, 0x00,
    0x08, 0x00, 0x29, 0x00, 0xa7, 0x00, 0x49, 0x00, 0x87, 0x00, 0x06, 0x00, 0x00, 0x00, 0x00, 0x00,
    0x00, 0x00, 0x00, 0x00, 0x00, 0x00, 0x00, 0x00, 0x00, 0x00, 0x00, 0x00, 0x00, 0x00, 0xe5, 0x00,
    0xe8, 0x00, 0xa7, 0x00, 0x46, 0x00, 0x66, 0x00, 0xa6, 0x00, 0xc9, 0x00, 0x4a, 0x00, 0x86, 0x00,
    0x66, 0x00, 0x45, 0x00, 0xc6, 0x00, 0x4a, 0x00, 0x2a, 0x00, 0x4a, 0x00, 0x8b, 0x00, 0xe9, 0x00,
    0x48, 0x00, 0x0a, 0x00, 0xa6, 0x00, 0xe4, 0x00, 0x63, 0x00, 0x00, 0x00, 0x00, 0x00, 0x00, 0x00,
    0x00, 0x00, 0x00, 0x00, 0x00, 0x00, 0x00, 0x00, 0x00, 0x00, 0x00, 0x00, 0x00, 0x00, 0x00, 0x00,
    0x00, 0x00, 0x00, 0x00, 0x00, 0x00, 0x00, 0x00, 0x00, 0x00, 0x00, 0x00, 0x00, 0x00, 0x00, 0x00,
    0x00, 0x00, 0x00, 0x00, 0x00, 0x00, 0x00, 0x00, 0x00, 0x00, 0xc8, 0x00, 0x64, 0x00, 0xe6, 0x00,
    0x87, 0x00, 0x29, 0x00, 0x05, 0x00, 0x08, 0x00, 0xe8, 0x00, 0x46, 0x00, 0x00, 0x00, 0x00, 0x00,
    0x00, 0x00, 0x00, 0x00, 0x00, 0x00, 0x00, 0x00, 0x00, 0x00, 0x00, 0x00, 0x84, 0x00, 0xa7, 0x00,
    0xc7, 0x00, 0x87, 0x00, 0xe7, 0x00, 0xa9, 0x00, 0x8b, 0x00, 0x2c, 0x00, 0xee, 0x00, 0x2c, 0x00,
    0x07, 0x00, 0x47, 0x00, 0x27, 0x00, 0xe7, 0x00, 0xe9, 0x00, 0x0a, 0x00, 0xe9, 0x00, 0xe9, 0x00,
    0xe9, 0x00, 0x86, 0x00, 0x86, 0x00, 0x49, 0x00, 0xca, 0x00, 0x67, 0x00, 0x40, 0x00, 0x00, 0x00,
    0x00, 0x00, 0x00, 0x00, 0x00, 0x00, 0x00, 0x00, 0x00, 0x00, 0x00, 0x00, 0x00, 0x00, 0x00, 0x00,
    0x00, 0x00, 0x00, 0x00, 0x00, 0x00, 0x00, 0x00, 0x00, 0x00, 0x00, 0x00, 0x00, 0x00, 0x00, 0x00,
    0x00, 0x00, 0x00, 0x00, 0x00, 0x00, 0x00, 0x00, 0x20, 0x00, 0x64, 0x00, 0x61, 0x00, 0x47, 0x00,
    0x06, 0x00, 0xe8, 0x00, 0x86, 0x00, 0xe7, 0x00, 0xe8, 0x00, 0xe7, 0x00, 0x02, 0x00, 0x00, 0x00,
    0x00, 0x00, 0x00, 0x00, 0x00, 0x00, 0x00, 0x00, 0x00, 0x00, 0x00, 0x00, 0x40, 0x00, 0x05, 0x00,
    0xa7, 0x00, 0xc7, 0x00, 0x68, 0x00, 0xc9, 0x00, 0x6a, 0x00, 0xab, 0x00, 0xcb, 0x00, 0x8d, 0x00,
    0xae, 0x00, 0xe6, 0x00, 0x88, 0x00, 0x07, 0x00, 0xc6, 0x00, 0x88, 0x00, 0xa9, 0x00, 0xa9, 0x00,
    0xa6, 0x00, 0xe4, 0x00, 0x27, 0x00, 0x08, 0x00, 0xea, 0x00, 0x8c, 0x00, 0xe6, 0x00, 0x00, 0x00,
    0x00, 0x00, 0x00, 0x00, 0x00, 0x00, 0x00, 0x00, 0x00, 0x00, 0x00, 0x00, 0x00, 0x00, 0x00, 0x00,
    0x00, 0x00, 0x00, 0x00, 0x00, 0x00, 0x00, 0x00, 0x00, 0x00, 0x00, 0x00, 0x00, 0x00, 0x00, 0x00,
    0x00, 0x00, 0x00, 0x00, 0x00, 0x00, 0x00, 0x00, 0x00, 0x00, 0x00, 0x00, 0x61, 0x00, 0x87, 0x00,
    0x67, 0x00, 0x05, 0x00, 0xe7, 0x00, 0x48, 0x00, 0x07, 0x00, 0xc5, 0x00, 0x43, 0x00, 0x00, 0x00,
    0x00, 0x00, 0x00, 0x00, 0x00, 0x00, 0x00, 0x00, 0x00, 0x00, 0x00, 0x00, 0xa1, 0x00, 0x08, 0x00,
    0x46, 0x00, 0x08, 0x00, 0x48, 0x00, 0xe9, 0x00, 0xc9, 0x00, 0x4a, 0x00, 0x6a, 0x00, 0x0c, 0x00,
    0x4c, 0x00, 0x27, 0x00, 0xc6, 0x00, 0x68, 0x00, 0x28, 0x00, 0xa6, 0x00, 0xe7, 0x00, 0xc6, 0x00,
    0x84, 0x00, 0x46, 0x00, 0x27, 0x00, 0x29, 0x00, 0x09, 0x00, 0xeb, 0x00, 0x29, 0x00, 0x00, 0x00,
    0x00, 0x00, 0x00, 0x00, 0x00, 0x00, 0x00, 0x00, 0x00, 0x00, 0x00, 0x00, 0x00, 0x00, 0x00, 0x00,
    0x00, 0x00, 0x00, 0x00, 0x00, 0x00, 0x00, 0x00, 0x00, 0x00, 0x00, 0x00, 0x00, 0x00, 0x00, 0x00,
    0x00, 0x00, 0x00, 0x00, 0x00, 0x00, 0x00, 0x00, 0x00, 0x00, 0x00, 0x00, 0x61, 0x00, 0x67, 0x00,
    0xa8, 0x00, 0xc5, 0x00, 0xa7, 0x00, 0x48, 0x00, 0xc8, 0x00, 0x27, 0x00, 0x61, 0x00, 0x00, 0x00,
    0x00, 0x00, 0x00, 0x00, 0x00, 0x00, 0x00, 0x00, 0x00, 0x00, 0x00, 0x00, 0xe5, 0x00, 0x26, 0x00,
    0x67, 0x00, 0xe8, 0x00, 0x08, 0x00, 0xc9, 0x00, 0xa9, 0x00, 0x09, 0x00, 0x8a, 0x00, 0x8d, 0x00,
    0xeb, 0x00, 0x27, 0x00, 0x25, 0x00, 0xc7, 0x00, 0xc7, 0x00, 0xe7, 0x00, 0x27, 0x00, 0xa4, 0x00,
    0xc4, 0x00, 0xc7, 0x00, 0x47, 0x00, 0xa8, 0x00, 0xe8, 0x00, 0x09, 0x00, 0xc8, 0x00, 0x00, 0x00,
    0x00, 0x00, 0x00, 0x00, 0x00, 0x00, 0x00, 0x00, 0x00, 0x00, 0x00, 0x00, 0x00, 0x00, 0x00, 0x00,
    0x00, 0x00, 0x00, 0x00, 0x00, 0x00, 0x00, 0x00, 0x00, 0x00, 0x00, 0x00, 0x00, 0x00, 0x00, 0x00,
    0x00, 0x00, 0x00, 0x00, 0x00, 0x00, 0x00, 0x00, 0x00, 0x00, 0x00, 0x00, 0x20, 0x00, 0x47, 0x00,
    0xc8, 0x00, 0xe5, 0x00, 0x06, 0x00, 0xa9, 0x00, 0x68, 0x00, 0xc8, 0x00, 0x07, 0x00, 0x20, 0x00,
    0x00, 0x00, 0x00, 0x00, 0x00, 0x00, 0x00, 0x00, 0x00, 0x00, 0x81, 0x00, 0x64, 0x00, 0xa5, 0x00,
    0x26, 0x00, 0xa7, 0x00, 0x08, 0x00, 0x68, 0x00, 0xa9, 0x00, 0x2a, 0x00, 0x09, 0x00, 0x8a, 0x00,
    0x6a, 0x00, 0xc6, 0x00, 0xe4, 0x00, 0x66, 0x00, 0x86, 0x00, 0xe7, 0x00, 0xe4, 0x00, 0x63, 0x00,
    0x46, 0x00, 0x07, 0x00, 0x07, 0x00, 0xa8, 0x00, 0xa8, 0x00, 0xa8, 0x00, 0x65, 0x00, 0x00, 0x00,
    0x00, 0x00, 0x00, 0x00, 0x00, 0x00, 0x00, 0x00, 0x00, 0x00, 0x00, 0x00, 0x00, 0x00, 0x00, 0x00,
    0x00, 0x00, 0x00, 0x00, 0x00, 0x00, 0x00, 0x00, 0x00, 0x00, 0x00, 0x00, 0x00, 0x00, 0x00, 0x00,
    0x00, 0x00, 0x00, 0x00, 0x00, 0x00, 0x00, 0x00, 0x00, 0x00, 0x00, 0x00, 0x00, 0x00, 0xe6, 0x00,
    0xc8, 0x00, 0xe6, 0x00, 0x64, 0x00, 0xe8, 0x00, 0x0a, 0x00, 0x68, 0x00, 0xc8, 0x00, 0xe6, 0x00,
    0x61, 0x00, 0x00, 0x00, 0x00, 0x00, 0x00, 0x00, 0x00, 0x00, 0x81, 0x00, 0xc5, 0x00, 0xc5, 0x00,
    0x26, 0x00, 0x08, 0x00, 0x48, 0x00, 0xa9, 0x00, 0xe7, 0x00, 0x68, 0x00, 0x09, 0x00, 0xc9, 0x00,
    0x09, 0x00, 0xa6, 0x00, 0xa4, 0x00, 0x46, 0x00, 0x86, 0x00, 0xa4, 0x00, 0x43, 0x00, 0xa4, 0x00,
    0x46, 0x00, 0xc7, 0x00, 0x27, 0x00, 0x47, 0x00, 0xc7, 0x00, 0x68, 0x00, 0xc1, 0x00, 0x00, 0x00,
    0x00, 0x00, 0x00, 0x00, 0x00, 0x00, 0x00, 0x00, 0x00, 0x00, 0x00, 0x00, 0x00, 0x00, 0x00, 0x00,
    0x00, 0x00, 0x00, 0x00, 0x00, 0x00, 0x00, 0x00, 0x00, 0x00, 0x00, 0x00, 0x00, 0x00, 0x00, 0x00,
    0x00, 0x00, 0x00, 0x00, 0x00, 0x00, 0x00, 0x00, 0x00, 0x00, 0x00, 0x00, 0x00, 0x00, 0x23, 0x00,
    0xc8, 0x00, 0x06, 0x00, 0x27, 0x00, 0xc5, 0x00, 0x08, 0x00, 0x89, 0x00, 0xa8, 0x00, 0xc9, 0x00,
    0xe7, 0x00, 0xc4, 0x00, 0x02, 0x00, 0xe2, 0x00, 0xc2, 0x00, 0x46, 0x00, 0x84, 0x00, 0xc5, 0x00,
    0x47, 0x00, 0xc7, 0x00, 0x87, 0x00, 0x46, 0x00, 0x05, 0x00, 0x86, 0x00, 0x4a, 0x00, 0xe9, 0x00,
    0xe9, 0x00, 0x66, 0x00, 0xc5, 0x00, 0x05, 0x00, 0x43, 0x00, 0x84, 0x00, 0x84, 0x00, 0xe5, 0x00,
    0xa7, 0x00, 0x07, 0x00, 0x07, 0x00, 0xa6, 0x00, 0xc7, 0x00, 0x43, 0x00, 0x00, 0x00, 0x00, 0x00,
    0x00, 0x00, 0x00, 0x00, 0x00, 0x00, 0x00, 0x00, 0x00, 0x00, 0x00, 0x00, 0x00, 0x00, 0x00, 0x00,
    0x00, 0x00, 0x00, 0x00, 0x00, 0x00, 0x00, 0x00, 0x00, 0x00, 0x00, 0x00, 0x00, 0x00, 0x00, 0x00,
    0x00, 0x00, 0x00, 0x00, 0x00, 0x00, 0x00, 0x00, 0x00, 0x00, 0x00, 0x00, 0x00, 0x00, 0x20, 0x00,
    0x87, 0x00, 0x47, 0x00, 0x47, 0x00, 0x47, 0x00, 0x27, 0x00, 0x87, 0x00, 0x88, 0x00, 0xa8, 0x00,
    0x88, 0x00, 0x27, 0x00, 0xe7, 0x00, 0xa7, 0x00, 0x86, 0x00, 0x67, 0x00, 0x84, 0x00, 0xe6, 0x00,
    0x67, 0x00, 0x47, 0x00, 0xe5, 0x00, 0x23, 0x00, 0x46, 0x00, 0xe8, 0x00, 0x48, 0x00, 0xc9, 0x00,
    0x68, 0x00, 0x84, 0x00, 0x84, 0x00, 0xa4, 0x00, 0xe5, 0x00, 0xc5, 0x00, 0x03, 0x00, 0x06, 0x00,
    0xa7, 0x00, 0xc7, 0x00, 0xc7, 0x00, 0xa7, 0x00, 0x02, 0x00, 0x00, 0x00, 0x00, 0x00, 0x00, 0x00,
    0x00, 0x00, 0x00, 0x00, 0x00, 0x00, 0x00, 0x00, 0x00, 0x00, 0x00, 0x00, 0x00, 0x00, 0x00, 0x00,
    0x00, 0x00, 0x00, 0x00, 0x00, 0x00, 0x00, 0x00, 0x00, 0x00, 0x00, 0x00, 0x00, 0x00, 0x00, 0x00,
    0x00, 0x00, 0x00, 0x00, 0x00, 0x00, 0x00, 0x00, 0x00, 0x00, 0x00, 0x00, 0x00, 0x00, 0x00, 0x00,
    0x23, 0x00, 0x06, 0x00, 0x64, 0x00, 0x68, 0x00, 0x67, 0x00, 0x67, 0x00, 0x46, 0x00, 0xa7, 0x00,
    0x28, 0x00, 0x07, 0x00, 0x28, 0x00, 0xa7, 0x00, 0x66, 0x00, 0x26, 0x00, 0xc5, 0x00, 0xa5, 0x00,
    0x47, 0x00, 0x88, 0x00, 0x27, 0x00, 0x64, 0x00, 0xc5, 0x00, 0xe8, 0x00, 0xc7, 0x00, 0x28, 0x00,
    0x66, 0x00, 0x64, 0x00, 0x84, 0x00, 0xa4, 0x00, 0x23, 0x00, 0x61, 0x00, 0x61, 0x00, 0x46, 0x00,
    0x86, 0x00, 0x86, 0x00, 0x66, 0x00, 0xa1, 0x00, 0x00, 0x00, 0x00, 0x00, 0x00, 0x00, 0x00, 0x00,
    0x00, 0x00, 0x00, 0x00, 0x00, 0x00, 0x00, 0x00, 0x00, 0x00, 0x00, 0x00, 0x00, 0x00, 0x00, 0x00,
    0x00, 0x00, 0x00, 0x00, 0x00, 0x00, 0x00, 0x00, 0x00, 0x00, 0x00, 0x00, 0x00, 0x00, 0x00, 0x00,
    0x00, 0x00, 0x00, 0x00, 0x00, 0x00, 0x00, 0x00, 0x00, 0x00, 0x00, 0x00, 0x00, 0x00, 0x00, 0x00,
    0x00, 0x00, 0x61, 0x00, 0x20, 0x00, 0x27, 0x00, 0x67, 0x00, 0x47, 0x00, 0x67, 0x00, 0x47, 0x00,
    0xa7, 0x00, 0x67, 0x00, 0x67, 0x00, 0x87, 0x00, 0x47, 0x00, 0x06, 0x00, 0x47, 0x00, 0xc5, 0x00,
    0x85, 0x00, 0x47, 0x00, 0x27, 0x00, 0xa5, 0x00, 0x23, 0x00, 0x87, 0x00, 0x08, 0x00, 0x66, 0x00,
    0xe5, 0x00, 0x61, 0x00, 0x20, 0x00, 0x00, 0x00, 0x00, 0x00, 0x00, 0x00, 0xa2, 0x00, 0xa7, 0x00,
    0x46, 0x00, 0x26, 0x00, 0x25, 0x00, 0xe2, 0x00, 0x40, 0x00, 0x00, 0x00, 0x60, 0x00, 0x83, 0x00,
    0xe6, 0x00, 0xe2, 0x00, 0x00, 0x00, 0x00, 0x00, 0x00, 0x00, 0x00, 0x00, 0x00, 0x00, 0x00, 0x00,
    0x00, 0x00, 0x00, 0x00, 0x00, 0x00, 0x00, 0x00, 0x00, 0x00, 0x00, 0x00, 0x00, 0x00, 0x00, 0x00,
    0x00, 0x00, 0x00, 0x00, 0x00, 0x00, 0x00, 0x00, 0x00, 0x00, 0x00, 0x00, 0x00, 0x00, 0x00, 0x00,
    0x00, 0x00, 0x00, 0x00, 0x00, 0x00, 0x81, 0x00, 0x88, 0x00, 0x88, 0x00, 0x47, 0x00, 0x67, 0x00,
    0x47, 0x00, 0x47, 0x00, 0x47, 0x00, 0x27, 0x00, 0xe6, 0x00, 0x27, 0x00, 0x47, 0x00, 0x47, 0x00,
    0xa5, 0x00, 0x44, 0x00, 0x64, 0x00, 0x85, 0x00, 0x03, 0x00, 0xc5, 0x00, 0xc8, 0x00, 0xa7, 0x00,
    0x05, 0x00, 0x00, 0x00, 0x00, 0x00, 0x00, 0x00, 0x00, 0x00, 0x00, 0x00, 0x23, 0x00, 0xc7, 0x00,
    0x66, 0x00, 0x46, 0x00, 0xe7, 0x00, 0x68, 0x00, 0xa8, 0x00, 0x47, 0x00, 0xe9, 0x00, 0xa8, 0x00,
    0xaa, 0x00, 0x88, 0x00, 0x63, 0x00, 0x00, 0x00, 0x00, 0x00, 0x00, 0x00, 0x00, 0x00, 0x00, 0x00,
    0x00, 0x00, 0x00, 0x00, 0x00, 0x00, 0x00, 0x00, 0x00, 0x00, 0x00, 0x00, 0x00, 0x00, 0x00, 0x00,
    0x00, 0x00, 0x00, 0x00, 0x00, 0x00, 0x00, 0x00, 0x00, 0x00, 0x00, 0x00, 0x00, 0x00, 0x00, 0x00,
    0x00, 0x00, 0x00, 0x00, 0x00, 0x00, 0x00, 0x00, 0x81, 0x00, 0x67, 0x00, 0x67, 0x00, 0xe6, 0x00,
    0x47, 0x00, 0x27, 0x00, 0xe6, 0x00, 0xe6, 0x00, 0xe6, 0x00, 0xe6, 0x00, 0xc6, 0x00, 0xc6, 0x00,
    0x06, 0x00, 0x27, 0x00, 0x27, 0x00, 0xc6, 0x00, 0xc2, 0x00, 0x03, 0x00, 0x46, 0x00, 0x48, 0x00,
    0xc9, 0x00, 0x65, 0x00, 0x61, 0x00, 0x00, 0x00, 0x20, 0x00, 0x00, 0x00, 0xc2, 0x00, 0xc7, 0x00,
    0x67, 0x00, 0x66, 0x00, 0x66, 0x00, 0xa7, 0x00, 0x28, 0x00, 0x27, 0x00, 0x09, 0x00, 0x09, 0x00,
    0x04, 0x00, 0x86, 0x00, 0x45, 0x00, 0x00, 0x00, 0x00, 0x00, 0x00, 0x00, 0x00, 0x00, 0x00, 0x00,
    0x00, 0x00, 0x00, 0x00, 0x00, 0x00, 0x00, 0x00, 0x00, 0x00, 0x00, 0x00, 0x00, 0x00, 0x00, 0x00,
    0x00, 0x00, 0x00, 0x00, 0x00, 0x00, 0x00, 0x00, 0x00, 0x00, 0x00, 0x00, 0x00, 0x00, 0x00, 0x00,
    0x00, 0x00, 0x00, 0x00, 0x00, 0x00, 0x00, 0x00, 0x00, 0x00, 0x20, 0x00, 0x64, 0x00, 0x06, 0x00,
    0xe6, 0x00, 0x88, 0x00, 0x88, 0x00, 0x27, 0x00, 0x47, 0x00, 0x27, 0x00, 0xe6, 0x00, 0xa5, 0x00,
    0x64, 0x00, 0x24, 0x00, 0xc2, 0x00, 0x20, 0x00, 0x41, 0x00, 0xa5, 0x00, 0x46, 0x00, 0xe7, 0x00,
    0xa8, 0x00, 0x8a, 0x00, 0x27, 0x00, 0x88, 0x00, 0x07, 0x00, 0xa6, 0x00, 0x61, 0x00, 0x40, 0x00,
    0x20, 0x00, 0x20, 0x00, 0x61, 0x00, 0xa2, 0x00, 0x63, 0x00, 0xe5, 0x00, 0xe5, 0x00, 0xe7, 0x00,
    0xc4, 0x00, 0xc2, 0x00, 0xc2, 0x00, 0x00, 0x00, 0x00, 0x00, 0x00, 0x00, 0x00, 0x00, 0x00, 0x00,
    0x00, 0x00, 0x00, 0x00, 0x00, 0x00, 0x00, 0x00, 0x00, 0x00, 0x00, 0x00, 0x00, 0x00, 0x00, 0x00,
    0x00, 0x00, 0x00, 0x00, 0x00, 0x00, 0x00, 0x00, 0x00, 0x00, 0x00, 0x00, 0x00, 0x00, 0x00, 0x00,
    0x00, 0x00, 0x00, 0x00, 0x00, 0x00, 0x00, 0x00, 0x00, 0x00, 0x00, 0x00, 0x00, 0x00, 0x40, 0x00,
    0x20, 0x00, 0xc2, 0x00, 0x64, 0x00, 0x85, 0x00, 0xc5, 0x00, 0xe6, 0x00, 0xe6, 0x00, 0x64, 0x00,
    0x00, 0x00, 0x00, 0x00, 0x00, 0x00, 0x00, 0x00, 0x20, 0x00, 0xc2, 0x00, 0x23, 0x00, 0xc5, 0x00,
    0xe7, 0x00, 0x4c, 0x00, 0x07, 0x00, 0x87, 0x00, 0x2b, 0x00, 0xe7, 0x00, 0x66, 0x00, 0x40, 0x00,
    0x00, 0x00, 0x00, 0x00, 0x00, 0x00, 0x00, 0x00, 0x00, 0x00, 0x00, 0x00, 0x00, 0x00, 0x20, 0x00,
    0xa1, 0x00, 0x00, 0x00, 0x00, 0x00, 0x00, 0x00, 0x00, 0x00, 0x00, 0x00, 0x00, 0x00, 0x00, 0x00,
    0x00, 0x00, 0x00, 0x00, 0x00, 0x00, 0x00, 0x00, 0x00, 0x00, 0x00, 0x00, 0x00, 0x00, 0x00, 0x00,
    0x00, 0x00, 0x00, 0x00, 0x00, 0x00, 0x00, 0x00, 0x00, 0x00, 0x00, 0x00, 0x00, 0x00, 0x00, 0x00,
    0x00, 0x00, 0x00, 0x00, 0x00, 0x00, 0x00, 0x00, 0x00, 0x00, 0x00, 0x00, 0x00, 0x00, 0x00, 0x00,
    0x00, 0x00, 0x00, 0x00, 0x00, 0x00, 0x00, 0x00, 0x00, 0x00, 0x20, 0x00, 0x20, 0x00, 0x00, 0x00,
    0x00, 0x00, 0x00, 0x00, 0x00, 0x00, 0x00, 0x00, 0x00, 0x00, 0x00, 0x00, 0x00, 0x00, 0x20, 0x00,
    0x83, 0x00, 0x6a, 0x00, 0xa8, 0x00, 0x22, 0x00, 0xa8, 0x00, 0x05, 0x00, 0x23, 0x00, 0xc2, 0x00,
    0x00, 0x00, 0x00, 0x00, 0x00, 0x00, 0x00, 0x00, 0x00, 0x00, 0x00, 0x00, 0x00, 0x00, 0x00, 0x00,
    0x00, 0x00, 0x00, 0x00, 0x00, 0x00, 0x00, 0x00, 0x00, 0x00, 0x00, 0x00, 0x00, 0x00, 0x00, 0x00,
    0x00, 0x00, 0x00, 0x00, 0x00, 0x00, 0x00, 0x00, 0x00, 0x00, 0x00, 0x00, 0x00, 0x00, 0x00, 0x00,
    0x00, 0x00, 0x00, 0x00, 0x00, 0x00, 0x00, 0x00, 0x00, 0x00, 0x00, 0x00, 0x00, 0x00, 0x00, 0x00,
    0x00, 0x00, 0x00, 0x00, 0x00, 0x00, 0x00, 0x00, 0x00, 0x00, 0x00, 0x00, 0x00, 0x00, 0x00, 0x00,
    0x00, 0x00, 0x00, 0x00, 0x00, 0x00, 0x00, 0x00, 0x00, 0x00, 0x00, 0x00, 0x00, 0x00, 0x00, 0x00,
    0x00, 0x00, 0x00, 0x00, 0x00, 0x00, 0x00, 0x00, 0x00, 0x00, 0x00, 0x00, 0x00, 0x00, 0x00, 0x00,
    0x60, 0x00, 0x25, 0x00, 0xa6, 0x00, 0x00, 0x00, 0x81, 0x00, 0x22, 0x00, 0x00, 0x00, 0x00, 0x00,
    0x00, 0x00, 0x00, 0x00, 0x00, 0x00, 0x00, 0x00, 0x00, 0x00, 0x00, 0x00, 0x00, 0x00, 0x00, 0x00,
    0x00, 0x00, 0x00, 0x00, 0x00, 0x00, 0x00, 0x00, 0x00, 0x00, 0x00, 0x00, 0x00, 0x00, 0x00, 0x00,
    0x00, 0x00, 0x00, 0x00, 0x00, 0x00, 0x00, 0x00, 0x00, 0x00, 0x00, 0x00, 0x00, 0x00, 0x00, 0x00,
    0x00, 0x00, 0x00, 0x00, 0x00, 0x00, 0x00, 0x00, 0x00, 0x00, 0x00, 0x00, 0x00, 0x00, 0x00, 0x00,
    0x00, 0x00, 0x00, 0x00, 0x00, 0x00, 0x00, 0x00, 0x00, 0x00, 0x00, 0x00, 0x00, 0x00, 0x00, 0x00,
    0x00, 0x00, 0x00, 0x00, 0x00, 0x00, 0x00, 0x00, 0x00, 0x00, 0x00, 0x00, 0x00, 0x00, 0x00, 0x00,
    0x00, 0x00, 0x00, 0x00, 0x00, 0x00, 0x00, 0x00, 0x00, 0x00, 0x00, 0x00, 0x00, 0x00, 0x00, 0x00,
    0x00, 0x00, 0x00, 0x00, 0x40, 0x00, 0x00, 0x00, 0x00, 0x00, 0x00, 0x00, 0x00, 0x00, 0x00, 0x00,
    0x00, 0x00, 0x00, 0x00, 0x00, 0x00, 0x00, 0x00, 0x00, 0x00, 0x00, 0x00, 0x00, 0x00, 0x00, 0x00,
    0x00, 0x00, 0x00, 0x00, 0x00, 0x00, 0x00, 0x00, 0x00, 0x00, 0x00, 0x00, 0x00, 0x00, 0x00, 0x00,
    0x00, 0x00, 0x00, 0x00, 0x00, 0x00, 0x00, 0x00, 0x00, 0x00, 0x00, 0x00, 0x00, 0x00, 0x00, 0x00,
    0x00, 0x00, 0x00, 0x00, 0x00, 0x00, 0x00, 0x00, 0x00, 0x00, 0x00, 0x00, 0x00, 0x00, 0x00, 0x00,
    0x00, 0x00, 0x00, 0x00, 0x00, 0x00, 0x00, 0x00, 0x00, 0x00, 0x00, 0x00, 0x00, 0x00, 0x00, 0x00,
    0x00, 0x00, 0x00, 0x00, 0x00, 0x00, 0x00, 0x00, 0x00, 0x00, 0x00, 0x00, 0x00, 0x00, 0x00, 0x00,
    0x00, 0x00, 0x00, 0x00, 0x00, 0x00, 0x00, 0x00, 0x00, 0x00, 0x00, 0x00, 0x00, 0x00, 0x00, 0x00,
    0x00, 0x00, 0x00, 0x00, 0x00, 0x00, 0x00, 0x00, 0x00, 0x00, 0x00, 0x00, 0x00, 0x00, 0x00, 0x00,
    0x00, 0x00, 0x00, 0x00, 0x00, 0x00, 0x00, 0x00, 0x00, 0x00, 0x00, 0x00, 0x00, 0x00, 0x00, 0x00,
    0x00, 0x00, 0x00, 0x00, 0x00, 0x00, 0x00, 0x00, 0x00, 0x00, 0x00, 0x00, 0x00, 0x00, 0x00, 0x00,
    0x00, 0x00, 0x00, 0x00, 0x00, 0x00, 0x00, 0x00, 0x00, 0x00, 0x00, 0x00, 0x00, 0x00, 0x00, 0x00,
    0x00, 0x00, 0x00, 0x00, 0x00, 0x00, 0x00, 0x00, 0x00, 0x00, 0x00, 0x00, 0x00, 0x00, 0x00, 0x00,
    0x00, 0x00, 0x00, 0x00, 0x00, 0x00, 0x00, 0x00, 0x00, 0x00, 0x00, 0x00, 0x00, 0x00, 0x00, 0x00,
    0x00, 0x00, 0x00, 0x00, 0x00, 0x00, 0x00, 0x00, 0x00, 0x00, 0x00, 0x00, 0x00, 0x00, 0x00, 0x00,
    0x00, 0x00, 0x00, 0x00, 0x00, 0x00, 0x00, 0x00, 0x00, 0x00, 0x00, 0x00, 0x00, 0x00, 0x00, 0x00,
    0x00, 0x00, 0x00, 0x00, 0x00, 0x00, 0x00, 0x00, 0x00, 0x00, 0x00, 0x00, 0x00, 0x00, 0x00, 0x00,
    0x00, 0x00, 0x00, 0x00, 0x00, 0x00, 0x00, 0x00, 0x00, 0x00, 0x00, 0x00, 0x00, 0x00, 0x00, 0x00,
    0x00, 0x00, 0x00, 0x00, 0x00, 0x00, 0x00, 0x00, 0x00, 0x00, 0x00, 0x00, 0x00, 0x00, 0x00, 0x00,
    0x00, 0x00, 0x00, 0x00, 0x00, 0x00, 0x00, 0x00, 0x00, 0x00, 0x00, 0x00, 0x00, 0x00, 0x00, 0x00,
    0x00, 0x00, 0x00, 0x00, 0x00, 0x00, 0x00, 0x00, 0x00, 0x00, 0x00, 0x00, 0x00, 0x00, 0x00, 0x00,
    0x00, 0x00, 0x00, 0x00, 0x00, 0x00, 0x00, 0x00, 0x00, 0x00, 0x00, 0x00, 0x00, 0x00, 0x00, 0x00,
    0x00, 0x57, 0x06, 0x00, 0x00, 0x00, 0x00, 0x00, 0x00, 0x00, 0x00, 0x00, 0x00, 0x00, 0x00, 0x00,
    0x00, 0x00, 0x00, 0x00, 0x00, 0x00, 0x00, 0x00, 0x00, 0x00, 0x00, 0x00, 0x00, 0x00, 0x00, 0x00,
    0x00, 0x00, 0x00, 0x00, 0x00, 0x00, 0x00, 0x00, 0x00, 0x00, 0x00, 0x00, 0x18, 0x00, 0x00, 0x00,
    0x00, 0x00, 0x00, 0x03, 0x01, 0x00, 0x00, 0x00, 0x00, 0x00, 0x00, 0x00, 0x00, 0x00, 0x00, 0x00,
    0x01, 0xff, 0x50, 0x00, 0x00, 0x00, 0x00, 0x00, 0x00, 0x00, 0x00, 0x00, 0x00, 0x00, 0x00, 0x00,
    0x00, 0x00, 0x00, 0x00, 0x00, 0x00, 0x00, 0x00, 0x00, 0x00, 0x00, 0x00, 0x00, 0x00, 0x00, 0x00,
    0x00, 0x00, 0x00, 0x00, 0x00, 0x00, 0x00, 0x00, 0x00, 0x00, 0x00, 0x09, 0xeb, 0x01, 0x00, 0x00,
    0x00, 0x00, 0x00, 0x91, 0x05, 0x00, 0x00, 0x00, 0x00, 0x00, 0x00, 0x00, 0x00, 0x00, 0x00, 0x33,
    0x06, 0xe9, 0xeb, 0x04, 0x00, 0x03, 0x00, 0x00, 0x00, 0x00, 0x00, 0x00, 0x00, 0x00, 0x00, 0x00,
    0x00, 0x00, 0x00, 0x00, 0x00, 0x00, 0x00, 0x00, 0x00, 0x00, 0x00, 0x00, 0x00, 0x00, 0x00, 0x00,
    0x00, 0x00, 0x00, 0x00, 0x00, 0x00, 0x00, 0x00, 0x00, 0x00, 0x00, 0x18, 0xff, 0x25, 0x00, 0x00,
    0x00, 0x00, 0x02, 0xf5, 0x08, 0x00, 0x01, 0x2b, 0x00, 0x00, 0x30, 0x01, 0x00, 0x00, 0x09, 0xff,
    0x0a, 0x64, 0xff, 0x8f, 0x13, 0xa6, 0x00, 0x00, 0x00, 0x00, 0x00, 0x00, 0x00, 0x00, 0x00, 0x00,
    0x00, 0x00, 0x00, 0x00, 0x00, 0x00, 0x00, 0x00, 0x00, 0x00, 0x00, 0x00, 0x00, 0x00, 0x00, 0x00,
    0x00, 0x00, 0x00, 0x00, 0x00, 0x00, 0x00, 0x00, 0x00, 0x00, 0x00, 0x05, 0xfb, 0xe6, 0x2a, 0x00,
    0x00, 0x00, 0x00, 0xbc, 0x4b, 0x00, 0x36, 0xd9, 0x00, 0x00, 0xe8, 0xbc, 0x2e, 0x03, 0x11, 0xfb,
    0x9d, 0x09, 0x9e, 0xff, 0xa6, 0xff, 0x50, 0x00, 0x00, 0x00, 0x00, 0x00, 0x00, 0x00, 0x00, 0x00,
    0x00, 0x00, 0x00, 0x00, 0x00, 0x00, 0x00, 0x00, 0x00, 0x00, 0x00, 0x00, 0x00, 0x00, 0x00, 0x00,
    0x00, 0x00, 0x00, 0x00, 0x00, 0x00, 0x00, 0x00, 0x00, 0x00, 0x00, 0x00, 0x51, 0xff, 0xff, 0xb2,
    0x68, 0x41, 0x1d, 0x59, 0xfd, 0x11, 0x42, 0xff, 0x0c, 0x00, 0x5f, 0xff, 0xff, 0xe6, 0xa2, 0xf5,
    0xff, 0xc0, 0x38, 0xc1, 0xff, 0xf9, 0xf9, 0x07, 0x00, 0x00, 0x00, 0x00, 0x00, 0x00, 0x00, 0x00,
    0x00, 0x00, 0x00, 0x00, 0x00, 0x00, 0x00, 0x00, 0x00, 0x00, 0x00, 0x00, 0x00, 0x00, 0x00, 0x00,
    0x00, 0x00, 0x00, 0x00, 0x00, 0x00, 0x00, 0x00, 0x00, 0x00, 0x00, 0x00, 0x00, 0x4e, 0xf7, 0xff,
    0xff, 0xff, 0xff, 0xf5, 0xf9, 0xfd, 0xb9, 0xfd, 0xc8, 0x23, 0x17, 0xe4, 0xf5, 0xff, 0xff, 0xff,
    0xfb, 0xff, 0xff, 0xf1, 0xfd, 0xf7, 0xff, 0x5d, 0x00, 0x00, 0x00, 0x00, 0x00, 0x00, 0x00, 0x00,
    0x00, 0x00, 0x00, 0x00, 0x00, 0x00, 0x00, 0x00, 0x00, 0x00, 0x00, 0x00, 0x00, 0x00, 0x00, 0x00,
    0x00, 0x00, 0x00, 0x00, 0x00, 0x00, 0x00, 0x00, 0x00, 0x00, 0x00, 0x00, 0x00, 0x00, 0x02, 0x4b,
    0xe9, 0xf5, 0xff, 0xff, 0xff, 0xff, 0xff, 0xf9, 0xff, 0xff, 0xf5, 0xf5, 0xff, 0xfd, 0xfb, 0xff,
    0xff, 0xfb, 0xfd, 0xff, 0xff, 0xfd, 0xff, 0xc8, 0x9b, 0x23, 0x00, 0x00, 0x00, 0x00, 0x00, 0x00,
    0x00, 0x00, 0x00, 0x00, 0x00, 0x00, 0x00, 0x00, 0x00, 0x00, 0x00, 0x00, 0x00, 0x00, 0x00, 0x00,
    0x00, 0x00, 0x00, 0x00, 0x00, 0x00, 0x00, 0x00, 0x00, 0x00, 0x00, 0x00, 0x02, 0x4d, 0x46, 0x92,
    0xff, 0xfb, 0x8c, 0x64, 0x83, 0xca, 0xff, 0xff, 0xff, 0xf9, 0xff, 0xff, 0xff, 0xff, 0xff, 0xff,
    0xff, 0xff, 0xff, 0xff, 0xff, 0xff, 0xff, 0xfb, 0xff, 0x3e, 0x00, 0x00, 0x00, 0x00, 0x00, 0x00,
    0x00, 0x00, 0x00, 0x00, 0x00, 0x00, 0x00, 0x00, 0x00, 0x00, 0x00, 0x00, 0x00, 0x00, 0x00, 0x00,
    0x00, 0x00, 0x00, 0x00, 0x00, 0x00, 0x00, 0x00, 0x00, 0x00, 0x00, 0x00, 0x00, 0x54, 0xff, 0xf9,
    0x73, 0x0b, 0x00, 0x00, 0x00, 0x00, 0x15, 0x71, 0xe9, 0xfd, 0xfd, 0xff, 0xff, 0xff, 0xff, 0xff,
    0xff, 0xff, 0xff, 0xff, 0xff, 0xff, 0xff, 0xf5, 0xfb, 0x4b, 0x00, 0x00, 0x00, 0x00, 0x00, 0x00,
    0x00, 0x00, 0x00, 0x00, 0x00, 0x00, 0x00, 0x00, 0x00, 0x00, 0x00, 0x00, 0x00, 0x00, 0x00, 0x00,
    0x00, 0x00, 0x00, 0x00, 0x00, 0x00, 0x00, 0x00, 0x00, 0x00, 0x00, 0x00, 0x00, 0x00, 0x01, 0x01,
    0x00, 0x00, 0x00, 0x02, 0x12, 0x04, 0x05, 0x2f, 0xd9, 0xfd, 0xfd, 0xff, 0xff, 0xff, 0xff, 0xff,
    0xff, 0xff, 0xff, 0xff, 0xff, 0xff, 0xff, 0xfb, 0xff, 0xb9, 0x00, 0x00, 0x00, 0x00, 0x00, 0x00,
    0x00, 0x00, 0x00, 0x00, 0x00, 0x00, 0x00, 0x00, 0x00, 0x00, 0x00, 0x00, 0x00, 0x00, 0x00, 0x00,
    0x00, 0x00, 0x00, 0x00, 0x00, 0x00, 0x00, 0x00, 0x00, 0x00, 0x00, 0x00, 0x00, 0x00, 0x00, 0x00,
    0x00, 0x00, 0x00, 0x00, 0xd9, 0xf7, 0xff, 0xff, 0xff, 0xff, 0xff, 0xff, 0xff, 0xff, 0xff, 0xff,
    0xff, 0xff, 0xff, 0xff, 0xff, 0xff, 0xff, 0xff, 0xfb, 0xff, 0x12, 0x00, 0x00, 0x00, 0x00, 0x00,
    0x00, 0x00, 0x00, 0x00, 0x00, 0x00, 0x00, 0x00, 0x00, 0x00, 0x00, 0x00, 0x00, 0x00, 0x00, 0x00,
    0x00, 0x00, 0x00, 0x00, 0x00, 0x00, 0x00, 0x00, 0x00, 0x00, 0x00, 0x00, 0x00, 0x00, 0x00, 0x00,
    0x24, 0x66, 0x44, 0x29, 0x69, 0xff, 0xf9, 0xf9, 0xfd, 0xff, 0xff, 0xff, 0xff, 0xff, 0xff, 0xff,
    0xff, 0xff, 0xff, 0xff, 0xff, 0xff, 0xff, 0xff, 0xf7, 0xfd, 0x27, 0x00, 0x00, 0x00, 0x00, 0x00,
    0x00, 0x00, 0x00, 0x00, 0x00, 0x00, 0x00, 0x00, 0x00, 0x00, 0x00, 0x00, 0x00, 0x00, 0x00, 0x00,
    0x00, 0x00, 0x00, 0x00, 0x00, 0x00, 0x00, 0x00, 0x00, 0x00, 0x00, 0x00, 0x00, 0x00, 0x00, 0x00,
    0x0a, 0xb2, 0xff, 0xff, 0xff, 0xfb, 0xff, 0xff, 0xff, 0xff, 0xff, 0xff, 0xff, 0xff, 0xff, 0xff,
    0xff, 0xff, 0xff, 0xff, 0xff, 0xff, 0xff, 0xff, 0xf9, 0xff, 0x15, 0x00, 0x00, 0x00, 0x00, 0x00,
    0x00, 0x00, 0x00, 0x00, 0x00, 0x00, 0x00, 0x00, 0x00, 0x00, 0x00, 0x00, 0x00, 0x00, 0x00, 0x00,
    0x00, 0x00, 0x00, 0x00, 0x00, 0x00, 0x00, 0x00, 0x00, 0x00, 0x00, 0x00, 0x00, 0x00, 0x00, 0x00,
    0x00, 0x00, 0x15, 0x70, 0xe6, 0xff, 0xfd, 0xff, 0xff, 0xff, 0xff, 0xff, 0xff, 0xff, 0xff, 0xff,
    0xff, 0xff, 0xff, 0xff, 0xff, 0xff, 0xff, 0xff, 0xf9, 0xff, 0x25, 0x00, 0x00, 0x00, 0x00, 0x00,
    0x00, 0x00, 0x00, 0x00, 0x00, 0x00, 0x00, 0x00, 0x00, 0x00, 0x00, 0x00, 0x00, 0x00, 0x00, 0x00,
    0x00, 0x00, 0x00, 0x00, 0x00, 0x00, 0x00, 0x00, 0x00, 0x00, 0x00, 0x00, 0x00, 0x00, 0x00, 0x00,
    0x00, 0x00, 0x00, 0x00, 0x01, 0x66, 0xfd, 0xfb, 0xff, 0xff, 0xff, 0xff, 0xff, 0xff, 0xff, 0xff,
    0xff, 0xff, 0xff, 0xff, 0xff, 0xff, 0xff, 0xff, 0xfd, 0xfb, 0xe2, 0x12, 0x00, 0x00, 0x00, 0x00,
    0x00, 0x00, 0x00, 0x00, 0x00, 0x00, 0x00, 0x00, 0x00, 0x00, 0x00, 0x32, 0x01, 0x00, 0x00, 0x00,
    0x00, 0x00, 0x00, 0x00, 0x00, 0x00, 0x00, 0x00, 0x00, 0x00, 0x00, 0x00, 0x00, 0x00, 0x00, 0x00,
    0x00, 0x00, 0x00, 0x02, 0x54, 0xde, 0xfd, 0xfd, 0xff, 0xff, 0xff, 0xff, 0xff, 0xff, 0xff, 0xff,
    0xff, 0xff, 0xff, 0xff, 0xff, 0xff, 0xff, 0xff, 0xff, 0xfb, 0xff, 0xe6, 0x03, 0x00, 0x00, 0x00,
    0x00, 0x00, 0x00, 0x00, 0x00, 0x00, 0x00, 0x00, 0x00, 0x00, 0x27, 0xf3, 0x02, 0x00, 0x00, 0x00,
    0x00, 0x00, 0x00, 0x00, 0x00, 0x00, 0x00, 0x00, 0x00, 0x00, 0x00, 0x00, 0x00, 0x00, 0x00, 0x00,
    0x00, 0x00, 0x15, 0xba, 0xff, 0xff, 0xff, 0xff, 0xff, 0xff, 0xff, 0xff, 0xff, 0xff, 0xff, 0xff,
    0xff, 0xff, 0xff, 0xff, 0xff, 0xff, 0xff, 0xff, 0xff, 0xff, 0xf7, 0xff, 0x1d, 0x00, 0x00, 0x00,
    0x00, 0x00, 0x00, 0x00, 0x00, 0x00, 0x00, 0x0a, 0x41, 0x97, 0xff, 0xed, 0x03, 0x00, 0x00, 0x00,
    0x00, 0x00, 0x00, 0x00, 0x00, 0x00, 0x00, 0x00, 0x00, 0x00, 0x00, 0x00, 0x00, 0x00, 0x00, 0x00,
    0x00, 0x2a, 0xff, 0xff, 0xff, 0xff, 0xff, 0xff, 0xff, 0xff, 0xff, 0xff, 0xff, 0xff, 0xff, 0xff,
    0xff, 0xff, 0xff, 0xff, 0xff, 0xff, 0xff, 0xff, 0xf9, 0xf9, 0xf7, 0xff, 0x12, 0x00, 0x00, 0x00,
    0x00, 0x00, 0x00, 0x00, 0x00, 0x00, 0x63, 0xff, 0xff, 0xff, 0xfb, 0xdc, 0x01, 0x00, 0x00, 0x00,
    0x00, 0x00, 0x00, 0x00, 0x00, 0x00, 0x00, 0x00, 0x00, 0x00, 0x00, 0x00, 0x00, 0x00, 0x00, 0x00,
    0x00, 0x02, 0x17, 0x38, 0x51, 0xba, 0xff, 0xfb, 0xff, 0xff, 0xff, 0xff, 0xff, 0xff, 0xff, 0xff,
    0xff, 0xff, 0xff, 0xff, 0xff, 0xff, 0xff, 0xff, 0xff, 0xff, 0xff, 0xc8, 0x00, 0x00, 0x00, 0x00,
    0x00, 0x00, 0x00, 0x00, 0x00, 0x6b, 0xff, 0xfb, 0xf7, 0xf5, 0xfb, 0xaa, 0x00, 0x00, 0x00, 0x00,
    0x00, 0x00, 0x00, 0x00, 0x00, 0x00, 0x00, 0x00, 0x00, 0x00, 0x00, 0x00, 0x00, 0x00, 0x00, 0x00,
    0x00, 0x00, 0x00, 0x00, 0x00, 0xc8, 0xff, 0xfb, 0xff, 0xff, 0xff, 0xff, 0xff, 0xff, 0xff, 0xff,
    0xff, 0xff, 0xff, 0xff, 0xff, 0xff, 0xff, 0xfd, 0x50, 0x7e, 0xc0, 0x16, 0x00, 0x00, 0x00, 0x00,
    0x00, 0x00, 0x1f, 0x00, 0x11, 0xff, 0xf5, 0xfd, 0xff, 0xf5, 0xff, 0x3a, 0x00, 0x00, 0x00, 0x00,
    0x00, 0x00, 0x00, 0x00, 0x00, 0x00, 0x00, 0x00, 0x00, 0x00, 0x00, 0x00, 0x00, 0x00, 0x00, 0x00,
    0x00, 0x00, 0x00, 0x00, 0x32, 0xff, 0xf5, 0xff, 0xff, 0xff, 0xff, 0xff, 0xff, 0xff, 0xff, 0xff,
    0xff, 0xff, 0xff, 0xff, 0xff, 0xff, 0xf9, 0xff, 0x14, 0x00, 0x00, 0x00, 0x00, 0x00, 0x00, 0x00,
    0x00, 0x01, 0xff, 0x2c, 0x56, 0xfd, 0xf7, 0xff, 0xfb, 0xff, 0xc7, 0x01, 0x00, 0x00, 0x00, 0x00,
    0x00, 0x00, 0x00, 0x00, 0x00, 0x00, 0x00, 0x00, 0x00, 0x00, 0x00, 0x00, 0x00, 0x00, 0x00, 0x00,
    0x00, 0x00, 0x00, 0x00, 0x5f, 0xff, 0xff, 0xff, 0xff, 0xff, 0xff, 0xff, 0xff, 0xff, 0xff, 0xff,
    0xff, 0xff, 0xff, 0xff, 0xff, 0xff, 0xfb, 0xff, 0xb7, 0x01, 0x00, 0x00, 0x00, 0x00, 0x00, 0x00,
    0x00, 0x01, 0xe6, 0xc0, 0xc0, 0xff, 0xfb, 0xf7, 0xf3, 0xce, 0x0b, 0x00, 0x00, 0x00, 0x00, 0x00,
    0x00, 0x00, 0x00, 0x00, 0x00, 0x00, 0x00, 0x00, 0x00, 0x00, 0x00, 0x00, 0x00, 0x00, 0x00, 0x00,
    0x00, 0x00, 0x00, 0x00, 0x5f, 0xed, 0x77, 0xff, 0xf9, 0xff, 0xff, 0xff, 0xff, 0xff, 0xff, 0xff,
    0xff, 0xff, 0xff, 0xff, 0xff, 0xff, 0xf9, 0xf1, 0xff, 0x2a, 0x00, 0x00, 0x00, 0x00, 0x00, 0x00,
    0x00, 0x00, 0x85, 0xff, 0xfd, 0xfd, 0xfd, 0xff, 0xff, 0x68, 0x00, 0x00, 0x00, 0x00, 0x00, 0x00,
    0x00, 0x00, 0x00, 0x00, 0x00, 0x00, 0x00, 0x00, 0x00, 0x00, 0x00, 0x00, 0x00, 0x00, 0x00, 0x00,
    0x00, 0x00, 0x00, 0x00, 0x0e, 0x0c, 0x1a, 0xfb, 0xfd, 0xff, 0xff, 0xff, 0xff, 0xff, 0xff, 0xff,
    0xff, 0xff, 0xff, 0xff, 0xff, 0xe8, 0xff, 0xff, 0xff, 0x0d, 0x00, 0x00, 0x00, 0x00, 0x00, 0x00,
    0x00, 0x00, 0x50, 0xfd, 0xf5, 0xff, 0xff, 0xa2, 0x46, 0x0f, 0x00, 0x00, 0x00, 0x00, 0x00, 0x00,
    0x00, 0x00, 0x00, 0x00, 0x00, 0x00, 0x00, 0x00, 0x00, 0x00, 0x00, 0x00, 0x00, 0x00, 0x00, 0x00,
    0x00, 0x00, 0x00, 0x00, 0x00, 0x00, 0x0e, 0xff, 0xd3, 0xf3, 0xff, 0xff, 0xff, 0xff, 0xff, 0xff,
    0xff, 0xff, 0xff, 0xfb, 0xff, 0x78, 0x22, 0x7f, 0x20, 0x00, 0x00, 0x00, 0x00, 0x00, 0x00, 0x00,
    0x00, 0x00, 0x78, 0xff, 0xf9, 0xda, 0x17, 0x00, 0x00, 0x00, 0x00, 0x00, 0x00, 0x00, 0x00, 0x00,
    0x00, 0x00, 0x00, 0x00, 0x00, 0x00, 0x00, 0x00, 0x00, 0x00, 0x00, 0x00, 0x00, 0x00, 0x00, 0x01,
    0x00, 0x00, 0x00, 0x00, 0x00, 0x00, 0x01, 0xa3, 0x1d, 0xeb, 0xff, 0xfd, 0xfd, 0xff, 0xff, 0xff,
    0xff, 0xff, 0xff, 0xff, 0xfb, 0xff, 0x35, 0x00, 0x00, 0x00, 0x00, 0x00, 0x00, 0x00, 0x00, 0x00,
    0x00, 0x01, 0xe0, 0xfd, 0xff, 0x63, 0x00, 0x00, 0x00, 0x00, 0x00, 0x00, 0x00, 0x00, 0x00, 0x00,
    0x00, 0x00, 0x00, 0x00, 0x00, 0x00, 0x00, 0x00, 0x00, 0x00, 0x00, 0x00, 0x00, 0x00, 0x00, 0x46,
    0xab, 0x3f, 0x02, 0x00, 0x00, 0x00, 0x00, 0x01, 0x00, 0xb9, 0xfb, 0xff, 0xff, 0xff, 0xff, 0xff,
    0xff, 0xff, 0xff, 0xff, 0xff, 0xfb, 0xff, 0x3d, 0x00, 0x00, 0x00, 0x00, 0x00, 0x00, 0x00, 0x00,
    0x00, 0x36, 0xff, 0xef, 0xfd, 0x61, 0x00, 0x00, 0x00, 0x00, 0x00, 0x00, 0x00, 0x00, 0x00, 0x00,
    0x00, 0x00, 0x00, 0x00, 0x00, 0x00, 0x00, 0x00, 0x00, 0x00, 0x00, 0x00, 0x00, 0x06, 0x15, 0x4a,
    0xff, 0xff, 0xd1, 0x18, 0x06, 0x1b, 0x00, 0x00, 0x00, 0x31, 0xff, 0xd9, 0xe0, 0xff, 0xfd, 0xff,
    0xff, 0xff, 0xff, 0xff, 0xff, 0xff, 0xf7, 0xff, 0x4f, 0x00, 0x00, 0x00, 0x00, 0x00, 0x00, 0x00,
    0x02, 0xda, 0xfd, 0xf5, 0xff, 0x40, 0x00, 0x00, 0x00, 0x00, 0x00, 0x00, 0x00, 0x00, 0x00, 0x00,
    0x00, 0x00, 0x00, 0x00, 0x00, 0x00, 0x00, 0x00, 0x00, 0x00, 0x00, 0x06, 0x73, 0xf1, 0xff, 0xff,
    0xf9, 0xf7, 0xff, 0xf7, 0x83, 0xff, 0x37, 0x00, 0x00, 0x00, 0xc0, 0x59, 0x34, 0xff, 0xf7, 0xff,
    0xff, 0xff, 0xff, 0xff, 0xff, 0xff, 0xff, 0xf9, 0xff, 0xb5, 0x31, 0x04, 0x00, 0x00, 0x00, 0x06,
    0x9e, 0xff, 0xf9, 0xfb, 0xe0, 0x03, 0x00, 0x00, 0x00, 0x00, 0x00, 0x00, 0x00, 0x00, 0x00, 0x00,
    0x00, 0x00, 0x00, 0x00, 0x00, 0x00, 0x00, 0x00, 0x00, 0x00, 0x22, 0xe8, 0xff, 0xff, 0xf9, 0xfd,
    0xff, 0xff, 0xfd, 0xff, 0xff, 0xf7, 0xff, 0x16, 0x00, 0x00, 0x03, 0x01, 0x06, 0xff, 0xfd, 0xff,
    0xff, 0xff, 0xff, 0xff, 0xff, 0xff, 0xff, 0xff, 0xf9, 0xff, 0xff, 0xe8, 0x98, 0x74, 0x8c, 0xef,
    0xff, 0xfd, 0xf9, 0xff, 0x36, 0x00, 0x00, 0x00, 0x00, 0x00, 0x00, 0x00, 0x00, 0x00, 0x00, 0x00,
    0x00, 0x00, 0x00, 0x00, 0x00, 0x00, 0x00, 0x00, 0x00, 0x3f, 0xff, 0xfd, 0xf7, 0xfd, 0xff, 0xff,
    0xff, 0xff, 0xff, 0xfd, 0xfb, 0xf9, 0xfd, 0xb2, 0x03, 0x02, 0x00, 0x00, 0x0f, 0xff, 0xfd, 0xff,
    0xff, 0xff, 0xff, 0xff, 0xff, 0xff, 0xff, 0xff, 0xff, 0xfb, 0xf9, 0xff, 0xff, 0xff, 0xff, 0xff,
    0xfb, 0xfb, 0xfd, 0xc3, 0x00, 0x00, 0x00, 0x00, 0x00, 0x00, 0x00, 0x00, 0x00, 0x00, 0x00, 0x00,
    0x00, 0x00, 0x00, 0x00, 0x00, 0x00, 0x00, 0x00, 0x00, 0x2a, 0x6c, 0xed, 0xfd, 0xff, 0xff, 0xff,
    0xff, 0xff, 0xff, 0xff, 0xff, 0xff, 0xff, 0xf9, 0xc0, 0x67, 0x00, 0x00, 0x4f, 0xff, 0xf7, 0xff,
    0xff, 0xff, 0xff, 0xff, 0xff, 0xff, 0xff, 0xff, 0xff, 0xff, 0xff, 0xfd, 0xf9, 0xf7, 0xf9, 0xfd,
    0xff, 0xf9, 0xff, 0x23, 0x00, 0x00, 0x00, 0x00, 0x00, 0x00, 0x00, 0x00, 0x00, 0x00, 0x00, 0x00,
    0x00, 0x00, 0x00, 0x00, 0x00, 0x00, 0x00, 0x00, 0x02, 0x62, 0xf5, 0xfd, 0xff, 0xff, 0xff, 0xff,
    0xff, 0xff, 0xff, 0xff, 0xff, 0xff, 0xff, 0xfd, 0xff, 0xff, 0x13, 0x00, 0x9d, 0xff, 0xf9, 0xff,
    0xff, 0xff, 0xff, 0xff, 0xff, 0xff, 0xff, 0xff, 0xff, 0xff, 0xff, 0xff, 0xfb, 0xff, 0xff, 0xff,
    0xf5, 0xf9, 0x98, 0x00, 0x00, 0x00, 0x00, 0x00, 0x00, 0x00, 0x00, 0x00, 0x00, 0x00, 0x00, 0x00,
    0x00, 0x00, 0x00, 0x00, 0x00, 0x00, 0x00, 0x05, 0xb9, 0xff, 0xfd, 0xff, 0xff, 0xff, 0xff, 0xff,
    0xff, 0xff, 0xff, 0xff, 0xff, 0xff, 0xff, 0xff, 0xf9, 0xff, 0xd3, 0x5b, 0xff, 0xff, 0xff, 0xff,
    0xff, 0xff, 0xff, 0xff, 0xff, 0xff, 0xff, 0xff, 0xff, 0xff, 0xff, 0xff, 0xff, 0xfd, 0xff, 0xff,
    0xff, 0xff, 0x26, 0x00, 0x00, 0x00, 0x00, 0x00, 0x00, 0x00, 0x00, 0x00, 0x00, 0x00, 0x00, 0x00,
    0x00, 0x00, 0x00, 0x00, 0x00, 0x00, 0x01, 0xbe, 0xff, 0xf5, 0xff, 0xff, 0xff, 0xff, 0xff, 0xff,
    0xff, 0xff, 0xff, 0xff, 0xff, 0xff, 0xff, 0xff, 0xff, 0xff, 0xff, 0xff, 0xff, 0xff, 0xff, 0xff,
    0xff, 0xff, 0xff, 0xff, 0xff, 0xff, 0xff, 0xff, 0xff, 0xfd, 0xff, 0xad, 0x9e, 0xff, 0xff, 0xfb,
    0xab, 0x2f, 0x00, 0x00, 0x00, 0x00, 0x00, 0x00, 0x00, 0x00, 0x00, 0x00, 0x00, 0x00, 0x00, 0x00,
    0x00, 0x00, 0x00, 0x00, 0x00, 0x00, 0x73, 0xff, 0xf3, 0xff, 0xff, 0xff, 0xff, 0xff, 0xff, 0xfd,
    0xf7, 0xfd, 0xf9, 0xfd, 0xff, 0xff, 0xff, 0xff, 0xff, 0xff, 0xfd, 0xf7, 0xff, 0xff, 0xff, 0xff,
    0xff, 0xff, 0xff, 0xff, 0xff, 0xff, 0xff, 0xff, 0xff, 0xfb, 0xff, 0xb2, 0x01, 0x09, 0x09, 0x09,
    0x00, 0x00, 0x00, 0x00, 0x00, 0x00, 0x00, 0x00, 0x00, 0x00, 0x00, 0x00, 0x00, 0x00, 0x00, 0x00,
    0x00, 0x00, 0x00, 0x00, 0x00, 0x08, 0xa5, 0x7e, 0xf9, 0xfb, 0xff, 0xff, 0xff, 0xff, 0xfd, 0xff,
    0xff, 0xff, 0xff, 0xff, 0xf9, 0xfd, 0xff, 0xff, 0xff, 0xff, 0xff, 0xff, 0xff, 0xff, 0xff, 0xff,
    0xff, 0xff, 0xff, 0xff, 0xff, 0xff, 0xff, 0xff, 0xff, 0xfb, 0xff, 0xc8, 0x00, 0x00, 0x00, 0x00,
    0x00, 0x00, 0x00, 0x00, 0x00, 0x00, 0x00, 0x00, 0x00, 0x00, 0x00, 0x00, 0x00, 0x00, 0x00, 0x00,
    0x00, 0x00, 0x00, 0x00, 0x00, 0x01, 0x08, 0xcf, 0xfd, 0xfd, 0xff, 0xff, 0xff, 0xfd, 0xff, 0xd7,
    0x34, 0x0d, 0x4a, 0xfd, 0xff, 0xff, 0xff, 0xff, 0xff, 0xff, 0xff, 0xff, 0xff, 0xff, 0xff, 0xff,
    0xff, 0xff, 0xff, 0xff, 0xff, 0xff, 0xff, 0xff, 0xff, 0xfb, 0xff, 0xa8, 0x00, 0x00, 0x00, 0x00,
    0x00, 0x00, 0x00, 0x00, 0x00, 0x00, 0x00, 0x00, 0x00, 0x00, 0x00, 0x00, 0x00, 0x00, 0x00, 0x00,
    0x00, 0x00, 0x00, 0x00, 0x00, 0x00, 0x80, 0xff, 0xf9, 0xff, 0xff, 0xff, 0xfd, 0xfd, 0xde, 0x06,
    0x00, 0x00, 0x00, 0x07, 0x14, 0xb5, 0xf7, 0xf3, 0xfb, 0xff, 0xff, 0xff, 0xff, 0xff, 0xff, 0xff,
    0xff, 0xff, 0xff, 0xff, 0xff, 0xff, 0xff, 0xff, 0xff, 0xf7, 0xff, 0x78, 0x00, 0x00, 0x00, 0x00,
    0x00, 0x00, 0x00, 0x00, 0x00, 0x00, 0x00, 0x00, 0x00, 0x00, 0x00, 0x00, 0x00, 0x00, 0x00, 0x00,
    0x00, 0x00, 0x00, 0x00, 0x00, 0x10, 0xff, 0xf9, 0xff, 0xff, 0xff, 0xff, 0xf7, 0xff, 0x3e, 0x00,
    0x00, 0x00, 0x00, 0x00, 0x00, 0xf9, 0xff, 0xff, 0xff, 0xff, 0xff, 0xff, 0xff, 0xff, 0xff, 0xff,
    0xff, 0xff, 0xff, 0xff, 0xff, 0xff, 0xff, 0xff, 0xff, 0xf7, 0xfd, 0x3f, 0x00, 0x00, 0x00, 0x00,
    0x00, 0x00, 0x00, 0x00, 0x00, 0x00, 0x00, 0x00, 0x00, 0x00, 0x00, 0x00, 0x00, 0x00, 0x00, 0x00,
    0x00, 0x00, 0x00, 0x00, 0x00, 0x6b, 0xfd, 0xf7, 0xff, 0xff, 0xff, 0xff, 0xfd, 0xfb, 0x08, 0x00,
    0x00, 0x00, 0x00, 0x00, 0x01, 0x61, 0x52, 0x2d, 0xad, 0xff, 0xfb, 0xff, 0xff, 0xff, 0xff, 0xff,
    0xff, 0xff, 0xff, 0xff, 0xff, 0xff, 0xff, 0xff, 0xff, 0xf9, 0xff, 0x18, 0x00, 0x00, 0x00, 0x00,
    0x00, 0x00, 0x00, 0x00, 0x00, 0x00, 0x00, 0x00, 0x00, 0x00, 0x00, 0x00, 0x00, 0x00, 0x00, 0x00,
    0x00, 0x00, 0x00, 0x00, 0x00, 0xc7, 0xfd, 0xfb, 0xff, 0xff, 0xff, 0xfd, 0xff, 0xdc, 0x01, 0x00,
    0x00, 0x00, 0x00, 0x00, 0x00, 0x00, 0x00, 0x00, 0x8f, 0xfd, 0xfb, 0xff, 0xff, 0xff, 0xff, 0xff,
    0xff, 0xff, 0xff, 0xff, 0xff, 0xff, 0xff, 0xff, 0xfd, 0xff, 0xd1, 0x00, 0x00, 0x00, 0x00, 0x00,
    0x00, 0x00, 0x00, 0x00, 0x00, 0x00, 0x00, 0x00, 0x00, 0x00, 0x00, 0x00, 0x00, 0x00, 0x00, 0x00,
    0x00, 0x00, 0x00, 0x00, 0x04, 0xed, 0xff, 0xfd, 0xff, 0xff, 0xff, 0xfd, 0xff, 0xd9, 0x01, 0x00,
    0x00, 0x00, 0x00, 0x00, 0x00, 0x00, 0x00, 0x80, 0xff, 0xfb, 0xff, 0xff, 0xff, 0xff, 0xff, 0xff,
    0xff, 0xff, 0xff, 0xff, 0xff, 0xff, 0xff, 0xff, 0xfd, 0xff, 0xdc, 0x68, 0x26, 0x00, 0x00, 0x00,
    0x00, 0x00, 0x00, 0x00, 0x00, 0x00, 0x00, 0x00, 0x00, 0x00, 0x00, 0x00, 0x00, 0x00, 0x00, 0x00,
    0x00, 0x00, 0x00, 0x00, 0x05, 0xff, 0xa6, 0xe9, 0xff, 0xff, 0xff, 0xfd, 0xff, 0xf7, 0x05, 0x00,
    0x00, 0x00, 0x00, 0x00, 0x00, 0x00, 0x66, 0xfd, 0xf7, 0xff, 0xff, 0xff, 0xff, 0xff, 0xff, 0xff,
    0xff, 0xff, 0xff, 0xff, 0xff, 0xff, 0xff, 0xff, 0xff, 0xff, 0xff, 0xff, 0xff, 0xaf, 0x06, 0x00,
    0x00, 0x00, 0x00, 0x00, 0x00, 0x00, 0x00, 0x00, 0x00, 0x00, 0x00, 0x00, 0x00, 0x00, 0x00, 0x00,
    0x00, 0x00, 0x00, 0x00, 0x03, 0x9a, 0x1f, 0xfb, 0xfd, 0xff, 0xff, 0xff, 0xf7, 0xff, 0x3a, 0x00,
    0x00, 0x00, 0x00, 0x00, 0x00, 0x00, 0x07, 0xaf, 0xff, 0xfb, 0xff, 0xff, 0xff, 0xff, 0xff, 0xff,
    0xff, 0xff, 0xff, 0xff, 0xff, 0xff, 0xff, 0xff, 0xff, 0xff, 0xfd, 0xf9, 0xf3, 0xff, 0x8b, 0x00,
    0x00, 0x00, 0x00, 0x00, 0x00, 0x00, 0x00, 0x00, 0x00, 0x00, 0x00, 0x00, 0x00, 0x00, 0x00, 0x00,
    0x00, 0x00, 0x00, 0x00, 0x00, 0x01, 0x16, 0xff, 0xf9, 0xff, 0xff, 0xfd, 0xfd, 0xe2, 0x6f, 0x00,
    0x00, 0x00, 0x00, 0x00, 0x00, 0x00, 0x1c, 0xff, 0xf9, 0xff, 0xff, 0xff, 0xff, 0xff, 0xff, 0xff,
    0xff, 0xff, 0xff, 0xff, 0xff, 0xff, 0xff, 0xff, 0xff, 0xff, 0xff, 0xff, 0xfd, 0xfb, 0xed, 0x02,
    0x00, 0x00, 0x00, 0x00, 0x00, 0x00, 0x00, 0x00, 0x00, 0x00, 0x00, 0x00, 0x00, 0x00, 0x00, 0x00,
    0x00, 0x00, 0x00, 0x00, 0x00, 0x00, 0x14, 0xff, 0xfb, 0xff, 0xff, 0xfd, 0xfb, 0xed, 0x17, 0x00,
    0x00, 0x00, 0x00, 0x00, 0x00, 0x02, 0xca, 0xfd, 0xfb, 0xff, 0xff, 0xff, 0xff, 0xff, 0xff, 0xff,
    0xff, 0xff, 0xff, 0xff, 0xff, 0xff, 0xff, 0xff, 0xff, 0xff, 0xff, 0xff, 0xfd, 0xff, 0xf1, 0x04,
    0x00, 0x00, 0x00, 0x00, 0x00, 0x00, 0x00, 0x00, 0x00, 0x00, 0x00, 0x00, 0x00, 0x00, 0x00, 0x00,
    0x00, 0x00, 0x00, 0x00, 0x00, 0x00, 0x07, 0xfd, 0xff, 0xff, 0xff, 0xff, 0xfb, 0xff, 0xda, 0x06,
    0x00, 0x00, 0x00, 0x00, 0x00, 0x2a, 0xeb, 0xfb, 0xfd, 0xff, 0xff, 0xff, 0xff, 0xff, 0xff, 0xff,
    0xff, 0xff, 0xff, 0xff, 0xff, 0xff, 0xff, 0xff, 0xff, 0xff, 0xff, 0xff, 0xf9, 0xfb, 0xb4, 0x00,
    0x00, 0x00, 0x00, 0x00, 0x00, 0x00, 0x00, 0x00, 0x00, 0x00, 0x00, 0x00, 0x00, 0x00, 0x00, 0x00,
    0x00, 0x00, 0x00, 0x00, 0x00, 0x00, 0x00, 0xc5, 0xff, 0xfb, 0xff, 0xff, 0xff, 0xfb, 0xff, 0xc7,
    0x0c, 0x00, 0x00, 0x00, 0x00, 0x1e, 0xeb, 0xfb, 0xfd, 0xff, 0xff, 0xff, 0xff, 0xff, 0xff, 0xff,
    0xff, 0xff, 0xff, 0xff, 0xff, 0xff, 0xff, 0xff, 0xff, 0xff, 0xff, 0xff, 0xf5, 0xff, 0x26, 0x00,
    0x00, 0x00, 0x00, 0x00, 0x00, 0x00, 0x00, 0x00, 0x00, 0x00, 0x00, 0x00, 0x00, 0x00, 0x00, 0x00,
    0x00, 0x00, 0x00, 0x00, 0x00, 0x00, 0x00, 0x56, 0xff, 0xf5, 0xfd, 0xff, 0xff, 0xff, 0xfb, 0xff,
    0xf7, 0x6d, 0x37, 0x43, 0x39, 0xf3, 0xff, 0xfd, 0xff, 0xff, 0xff, 0xff, 0xff, 0xff, 0xff, 0xff,
    0xff, 0xff, 0xfd, 0xfb, 0xf9, 0xf9, 0xff, 0xff, 0xff, 0xff, 0xff, 0xf7, 0xff, 0x5c, 0x00, 0x00,
    0x00, 0x00, 0x00, 0x00, 0x00, 0x00, 0x00, 0x00, 0x00, 0x00, 0x00, 0x00, 0x00, 0x00, 0x00, 0x00,
    0x00, 0x00, 0x00, 0x00, 0x00, 0x00, 0x00, 0x08, 0xfb, 0xfb, 0xff, 0xfd, 0xff, 0xff, 0xff, 0xfd,
    0xff, 0xff, 0xff, 0xff, 0xff, 0xff, 0xff, 0xff, 0xff, 0xff, 0xff, 0xff, 0xff, 0xff, 0xff, 0xff,
    0xff, 0xf9, 0xff, 0xff, 0xff, 0xff, 0xfb, 0xff, 0xff, 0xff, 0xfd, 0xff, 0x54, 0x00, 0x00, 0x00,
    0x00, 0x00, 0x00, 0x00, 0x00, 0x00, 0x00, 0x00, 0x00, 0x00, 0x00, 0x00, 0x00, 0x00, 0x00, 0x00,
    0x00, 0x00, 0x00, 0x00, 0x00, 0x00, 0x00, 0x00, 0x61, 0xfd, 0xb7, 0xff, 0xfb, 0xff, 0xff, 0xff,
    0xfd, 0xf9, 0xf7, 0xf9, 0xf9, 0xfd, 0xff, 0xff, 0xff, 0xff, 0xff, 0xff, 0xff, 0xff, 0xff, 0xff,
    0xff, 0xff, 0xfd, 0xc3, 0x70, 0x21, 0x2f, 0xfd, 0xf9, 0xfb, 0xf5, 0x2b, 0x00, 0x00, 0x00, 0x00,
    0x00, 0x00, 0x00, 0x00, 0x00, 0x00, 0x00, 0x00, 0x00, 0x00, 0x00, 0x00, 0x00, 0x00, 0x00, 0x00,
    0x00, 0x00, 0x00, 0x00, 0x00, 0x00, 0x00, 0x00, 0x01, 0x1a, 0x0b, 0xfb, 0xf9, 0xfb, 0xff, 0xff,
    0xff, 0xff, 0xff, 0xff, 0xff, 0xff, 0xff, 0xff, 0xff, 0xff, 0xff, 0xfd, 0xfb, 0xff, 0xff, 0xfd,
    0xf9, 0x2f, 0x08, 0x00, 0x00, 0x00, 0x32, 0xff, 0xf5, 0xfd, 0xe6, 0x27, 0x06, 0x02, 0x0e, 0x38,
    0x8f, 0x24, 0x00, 0x00, 0x00, 0x00, 0x00, 0x00, 0x00, 0x00, 0x00, 0x00, 0x00, 0x00, 0x00, 0x00,
    0x00, 0x00, 0x00, 0x00, 0x00, 0x00, 0x00, 0x00, 0x00, 0x00, 0x00, 0x27, 0xff, 0xff, 0xf7, 0xfd,
    0xfd, 0xff, 0xff, 0xff, 0xff, 0xff, 0xff, 0xff, 0xfb, 0xf9, 0xf7, 0xff, 0xff, 0xff, 0xfd, 0xfd,
    0xef, 0x02, 0x00, 0x00, 0x00, 0x00, 0x68, 0xff, 0xf9, 0xff, 0xfd, 0xff, 0xef, 0xde, 0xff, 0xff,
    0xff, 0xff, 0x4d, 0x00, 0x00, 0x00, 0x00, 0x00, 0x00, 0x00, 0x00, 0x00, 0x00, 0x00, 0x00, 0x00,
    0x00, 0x00, 0x00, 0x00, 0x00, 0x00, 0x00, 0x00, 0x00, 0x00, 0x00, 0x00, 0x22, 0xeb, 0xff, 0xff,
    0xff, 0xf7, 0xf9, 0xfb, 0xfd, 0xfd, 0xfd, 0xff, 0xff, 0xff, 0xff, 0xfb, 0xa5, 0xf5, 0xfb, 0xfb,
    0xff, 0xb7, 0x16, 0x02, 0x0b, 0x01, 0x2b, 0xff, 0xf5, 0xff, 0xff, 0xff, 0xff, 0xff, 0xff, 0xf3,
    0xf5, 0xff, 0xcf, 0x00, 0x00, 0x00, 0x00, 0x00, 0x00, 0x00, 0x00, 0x00, 0x00, 0x00, 0x00, 0x00,
    0x00, 0x00, 0x00, 0x00, 0x00, 0x00, 0x00, 0x00, 0x00, 0x00, 0x00, 0x00, 0x00, 0x07, 0x73, 0xed,
    0xf9, 0xff, 0xff, 0xff, 0xff, 0xff, 0xff, 0xf5, 0xa5, 0x71, 0x3a, 0x08, 0x28, 0xff, 0xff, 0xfb,
    0xfd, 0xff, 0xff, 0xe4, 0xff, 0xbc, 0x0c, 0x05, 0x06, 0x09, 0x15, 0x30, 0x78, 0xd3, 0xf1, 0xff,
    0xb9, 0x62, 0x2f, 0x00, 0x00, 0x00, 0x00, 0x00, 0x00, 0x00, 0x00, 0x00, 0x00, 0x00, 0x00, 0x00,
    0x00, 0x00, 0x00, 0x00, 0x00, 0x00, 0x00, 0x00, 0x00, 0x00, 0x00, 0x00, 0x00, 0x00, 0x00, 0x05,
    0x08, 0x32, 0x7e, 0xb5, 0xdc, 0xf5, 0xf9, 0xca, 0x06, 0x00, 0x00, 0x00, 0x06, 0x5b, 0xb9, 0xff,
    0xff, 0xf9, 0xfb, 0xff, 0xf5, 0xff, 0xff, 0x0a, 0x00, 0x00, 0x00, 0x00, 0x00, 0x01, 0x04, 0x12,
    0x1c, 0x00, 0x00, 0x00, 0x00, 0x00, 0x00, 0x00, 0x00, 0x00, 0x00, 0x00, 0x00, 0x00, 0x00, 0x00,
    0x00, 0x00, 0x00, 0x00, 0x00, 0x00, 0x00, 0x00, 0x00, 0x00, 0x00, 0x00, 0x00, 0x00, 0x00, 0x00,
    0x00, 0x00, 0x00, 0x00, 0x01, 0x05, 0x05, 0x02, 0x00, 0x00, 0x00, 0x00, 0x00, 0x00, 0x00, 0x25,
    0xf7, 0xff, 0xf9, 0xff, 0xff, 0xed, 0xad, 0x2a, 0x00, 0x00, 0x00, 0x00, 0x00, 0x00, 0x00, 0x00,
    0x00, 0x00, 0x00, 0x00, 0x00, 0x00, 0x00, 0x00, 0x00, 0x00, 0x00, 0x00, 0x00, 0x00, 0x00, 0x00,
    0x00, 0x00, 0x00, 0x00, 0x00, 0x00, 0x00, 0x00, 0x00, 0x00, 0x00, 0x00, 0x00, 0x00, 0x00, 0x00,
    0x00, 0x00, 0x00, 0x00, 0x00, 0x00, 0x00, 0x00, 0x00, 0x00, 0x00, 0x00, 0x00, 0x00, 0x00, 0x00,
    0x1e, 0xe2, 0xed, 0x15, 0x56, 0x5e, 0x00, 0x00, 0x00, 0x00, 0x00, 0x00, 0x00, 0x00, 0x00, 0x00,
    0x00, 0x00, 0x00, 0x00, 0x00, 0x00, 0x00, 0x00, 0x00, 0x00, 0x00, 0x00, 0x00, 0x00, 0x00, 0x00,
    0x00, 0x00, 0x00, 0x00, 0x00, 0x00, 0x00, 0x00, 0x00, 0x00, 0x00, 0x00, 0x00, 0x00, 0x00, 0x00,
    0x00, 0x00, 0x00, 0x00, 0x00, 0x00, 0x00, 0x00, 0x00, 0x00, 0x00, 0x00, 0x00, 0x00, 0x00, 0x00,
    0x00, 0x02, 0x0d, 0x00, 0x00, 0x00, 0x00, 0x00, 0x00, 0x00, 0x00, 0x00, 0x00, 0x00, 0x00, 0x00,
    0x00, 0x00, 0x00, 0x00, 0x00, 0x00, 0x00, 0x00, 0x00, 0x00, 0x00, 0x00, 0x00, 0x00, 0x00, 0x00,
    0x00, 0x00, 0x00, 0x00, 0x00, 0x00, 0x00, 0x00, 0x00, 0x00, 0x00, 0x00, 0x00, 0x00, 0x00, 0x00,
    0x00, 0x00, 0x00, 0x00, 0x00, 0x00, 0x00, 0x00, 0x00, 0x00, 0x00, 0x00, 0x00, 0x00, 0x00, 0x00,
    0x00, 0x00, 0x00, 0x00, 0x00, 0x00, 0x00, 0x00, 0x00, 0x00, 0x00, 0x00, 0x00, 0x00, 0x00, 0x00,
    0x00, 0x00, 0x00, 0x00, 0x00, 0x00, 0x00, 0x00, 0x00, 0x00, 0x00, 0x00, 0x00, 0x00, 0x00, 0x00,
};

const lv_image_dsc_t happy_frame_1_dsc = {
    .header.w = 64,
    .header.h = 64,
    .header.cf = LV_COLOR_FORMAT_RGB565A8,
    .data_size = 12288,
    .data = happy_frame_1_data,
};

/* Frame 2: frame_002.png */
static const uint8_t happy_frame_2_data[] = {
    0x00, 0x00, 0x00, 0x00, 0x00, 0x00, 0x00, 0x00, 0x00, 0x00, 0x00, 0x00, 0x00, 0x00, 0x00, 0x00,
    0x00, 0x00, 0x00, 0x00, 0x00, 0x00, 0x00, 0x00, 0x00, 0x00, 0x00, 0x00, 0x00, 0x00, 0x00, 0x00,
    0x00, 0x00, 0x00, 0x00, 0x00, 0x00, 0x00, 0x00, 0x00, 0x00, 0x00, 0x00, 0x00, 0x00, 0x00, 0x00,
    0x00, 0x00, 0x00, 0x00, 0x00, 0x00, 0x00, 0x00, 0x00, 0x00, 0x00, 0x00, 0x00, 0x00, 0x00, 0x00,
    0x00, 0x00, 0x00, 0x00, 0x00, 0x00, 0x00, 0x00, 0x00, 0x00, 0x00, 0x00, 0x00, 0x00, 0x00, 0x00,
    0x00, 0x00, 0x00, 0x00, 0x00, 0x00, 0x00, 0x00, 0x00, 0x00, 0x00, 0x00, 0x00, 0x00, 0x00, 0x00,
    0x00, 0x00, 0x00, 0x00, 0x00, 0x00, 0x00, 0x00, 0x00, 0x00, 0x00, 0x00, 0x00, 0x00, 0x00, 0x00,
    0x00, 0x00, 0x00, 0x00, 0x00, 0x00, 0x00, 0x00, 0x00, 0x00, 0x00, 0x00, 0x00, 0x00, 0x00, 0x00,
    0x00, 0x00, 0x00, 0x00, 0x00, 0x00, 0x00, 0x00, 0x00, 0x00, 0x00, 0x00, 0x00, 0x00, 0x00, 0x00,
    0x00, 0x00, 0x00, 0x00, 0x00, 0x00, 0x00, 0x00, 0x00, 0x00, 0x00, 0x00, 0x00, 0x00, 0x00, 0x00,
    0x00, 0x00, 0x00, 0x00, 0x00, 0x00, 0x00, 0x00, 0x00, 0x00, 0x00, 0x00, 0x00, 0x00, 0x00, 0x00,
    0x00, 0x00, 0x00, 0x00, 0x00, 0x00, 0x00, 0x00, 0x00, 0x00, 0x00, 0x00, 0x00, 0x00, 0x00, 0x00,
    0x00, 0x00, 0x00, 0x00, 0x00, 0x00, 0x00, 0x00, 0x00, 0x00, 0x00, 0x00, 0x00, 0x00, 0x00, 0x00,
    0x00, 0x00, 0x00, 0x00, 0x00, 0x00, 0x00, 0x00, 0x00, 0x00, 0x00, 0x00, 0x00, 0x00, 0x00, 0x00,
    0x00, 0x00, 0x00, 0x00, 0x00, 0x00, 0x00, 0x00, 0x00, 0x00, 0x00, 0x00, 0x00, 0x00, 0x00, 0x00,
    0x00, 0x00, 0x00, 0x00, 0x00, 0x00, 0x00, 0x00, 0x00, 0x00, 0x00, 0x00, 0x00, 0x00, 0x00, 0x00,
    0x00, 0x00, 0x00, 0x00, 0x00, 0x00, 0x00, 0x00, 0x00, 0x00, 0x00, 0x00, 0x00, 0x00, 0x00, 0x00,
    0x00, 0x00, 0x00, 0x00, 0x00, 0x00, 0x00, 0x00, 0x00, 0x00, 0x00, 0x00, 0x00, 0x00, 0x00, 0x00,
    0x00, 0x00, 0x00, 0x00, 0x00, 0x00, 0x00, 0x00, 0x00, 0x00, 0x00, 0x00, 0x00, 0x00, 0x00, 0x00,
    0x00, 0x00, 0x00, 0x00, 0x00, 0x00, 0x00, 0x00, 0x00, 0x00, 0x00, 0x00, 0x00, 0x00, 0x00, 0x00,
    0x00, 0x00, 0x00, 0x00, 0x00, 0x00, 0x00, 0x00, 0x00, 0x00, 0x00, 0x00, 0x00, 0x00, 0x00, 0x00,
    0x00, 0x00, 0x00, 0x00, 0x00, 0x00, 0x00, 0x00, 0x00, 0x00, 0x00, 0x00, 0x00, 0x00, 0x00, 0x00,
    0x00, 0x00, 0x00, 0x00, 0x00, 0x00, 0x00, 0x00, 0x00, 0x00, 0x00, 0x00, 0x00, 0x00, 0x00, 0x00,
    0x00, 0x00, 0x00, 0x00, 0x00, 0x00, 0x00, 0x00, 0x00, 0x00, 0x00, 0x00, 0x00, 0x00, 0x00, 0x00,
    0x00, 0x00, 0x00, 0x00, 0x00, 0x00, 0x00, 0x00, 0x00, 0x00, 0x00, 0x00, 0x00, 0x00, 0x00, 0x00,
    0x00, 0x00, 0x00, 0x00, 0x00, 0x00, 0x00, 0x00, 0x00, 0x00, 0x00, 0x00, 0x00, 0x00, 0x00, 0x00,
    0x00, 0x00, 0x00, 0x00, 0x00, 0x00, 0x00, 0x00, 0x00, 0x00, 0x00, 0x00, 0x00, 0x00, 0x00, 0x00,
    0x00, 0x00, 0x00, 0x00, 0x00, 0x00, 0x00, 0x00, 0x00, 0x00, 0x00, 0x00, 0x00, 0x00, 0xe4, 0x00,
    0x03, 0x00, 0x00, 0x00, 0x00, 0x00, 0x00, 0x00, 0x00, 0x00, 0x00, 0x00, 0x00, 0x00, 0x00, 0x00,
    0x00, 0x00, 0x00, 0x00, 0x00, 0x00, 0x00, 0x00, 0x00, 0x00, 0x00, 0x00, 0x00, 0x00, 0x00, 0x00,
    0x00, 0x00, 0x00, 0x00, 0x00, 0x00, 0x00, 0x00, 0x00, 0x00, 0x00, 0x00, 0x00, 0x00, 0x00, 0x00,
    0x00, 0x00, 0x00, 0x00, 0x00, 0x00, 0x00, 0x00, 0x00, 0x00, 0x00, 0x00, 0x00, 0x00, 0x00, 0x00,
    0x00, 0x00, 0x00, 0x00, 0x00, 0x00, 0x00, 0x00, 0x00, 0x00, 0x00, 0x00, 0x00, 0x00, 0x00, 0x00,
    0x00, 0x00, 0x00, 0x00, 0x00, 0x00, 0x00, 0x00, 0x00, 0x00, 0x00, 0x00, 0x00, 0x00, 0x00, 0x00,
    0x00, 0x00, 0x00, 0x00, 0x00, 0x00, 0x00, 0x00, 0x00, 0x00, 0x00, 0x00, 0x84, 0x00, 0x20, 0x00,
    0x00, 0x00, 0x00, 0x00, 0x00, 0x00, 0x00, 0x00, 0x00, 0x00, 0x00, 0x00, 0x00, 0x00, 0xc2, 0x00,
    0x0a, 0x00, 0x61, 0x00, 0x00, 0x00, 0x00, 0x00, 0x00, 0x00, 0x23, 0x00, 0x40, 0x00, 0x00, 0x00,
    0x00, 0x00, 0x00, 0x00, 0x00, 0x00, 0x00, 0x00, 0x00, 0x00, 0x00, 0x00, 0x00, 0x00, 0x00, 0x00,
    0x00, 0x00, 0x00, 0x00, 0x00, 0x00, 0x00, 0x00, 0x00, 0x00, 0x00, 0x00, 0x00, 0x00, 0x00, 0x00,
    0x00, 0x00, 0x00, 0x00, 0x00, 0x00, 0x00, 0x00, 0x00, 0x00, 0x00, 0x00, 0x00, 0x00, 0x00, 0x00,
    0x00, 0x00, 0x00, 0x00, 0x00, 0x00, 0x00, 0x00, 0x00, 0x00, 0x00, 0x00, 0x00, 0x00, 0x00, 0x00,
    0x00, 0x00, 0x00, 0x00, 0x00, 0x00, 0x00, 0x00, 0x00, 0x00, 0x00, 0x00, 0x00, 0x00, 0x00, 0x00,
    0x20, 0x00, 0x00, 0x00, 0x00, 0x00, 0x00, 0x00, 0x00, 0x00, 0x00, 0x00, 0x28, 0x00, 0xa2, 0x00,
    0x00, 0x00, 0x00, 0x00, 0x20, 0x00, 0x00, 0x00, 0x00, 0x00, 0x00, 0x00, 0x00, 0x00, 0x00, 0x00,
    0x08, 0x00, 0x08, 0x00, 0x00, 0x00, 0x20, 0x00, 0x00, 0x00, 0x25, 0x00, 0x43, 0x00, 0x00, 0x00,
    0x00, 0x00, 0x00, 0x00, 0x00, 0x00, 0x00, 0x00, 0x00, 0x00, 0x00, 0x00, 0x00, 0x00, 0x00, 0x00,
    0x00, 0x00, 0x00, 0x00, 0x00, 0x00, 0x00, 0x00, 0x00, 0x00, 0x00, 0x00, 0x00, 0x00, 0x00, 0x00,
    0x00, 0x00, 0x00, 0x00, 0x00, 0x00, 0x00, 0x00, 0x00, 0x00, 0x00, 0x00, 0x00, 0x00, 0x00, 0x00,
    0x00, 0x00, 0x00, 0x00, 0x00, 0x00, 0x00, 0x00, 0x00, 0x00, 0x00, 0x00, 0x00, 0x00, 0x00, 0x00,
    0x00, 0x00, 0x00, 0x00, 0x00, 0x00, 0x00, 0x00, 0x00, 0x00, 0x00, 0x00, 0x00, 0x00, 0x63, 0x00,
    0x64, 0x00, 0x00, 0x00, 0x00, 0x00, 0x00, 0x00, 0x00, 0x00, 0x00, 0x00, 0x66, 0x00, 0x49, 0x00,
    0x00, 0x00, 0x00, 0x00, 0x00, 0x00, 0x66, 0x00, 0x43, 0x00, 0x00, 0x00, 0x00, 0x00, 0x00, 0x00,
    0xe2, 0x00, 0xea, 0x00, 0xe5, 0x00, 0x00, 0x00, 0x00, 0x00, 0x46, 0x00, 0x23, 0x00, 0x00, 0x00,
    0x00, 0x00, 0x00, 0x00, 0x00, 0x00, 0x00, 0x00, 0x00, 0x00, 0x00, 0x00, 0x00, 0x00, 0x00, 0x00,
    0x00, 0x00, 0x00, 0x00, 0x00, 0x00, 0x00, 0x00, 0x00, 0x00, 0x00, 0x00, 0x00, 0x00, 0x00, 0x00,
    0x00, 0x00, 0x00, 0x00, 0x00, 0x00, 0x00, 0x00, 0x00, 0x00, 0x00, 0x00, 0x00, 0x00, 0x00, 0x00,
    0x00, 0x00, 0x00, 0x00, 0x00, 0x00, 0x00, 0x00, 0x00, 0x00, 0x00, 0x00, 0x00, 0x00, 0x00, 0x00,
    0x00, 0x00, 0x00, 0x00, 0x00, 0x00, 0x00, 0x00, 0x00, 0x00, 0x00, 0x00, 0x00, 0x00, 0xc5, 0x00,
    0xe8, 0x00, 0x00, 0x00, 0x00, 0x00, 0x00, 0x00, 0x00, 0x00, 0x00, 0x00, 0x81, 0x00, 0x49, 0x00,
    0x49, 0x00, 0xe5, 0x00, 0x43, 0x00, 0xc4, 0x00, 0x2b, 0x00, 0x69, 0x00, 0xe5, 0x00, 0x02, 0x00,
    0xc1, 0x00, 0xc4, 0x00, 0x48, 0x00, 0xe4, 0x00, 0xc2, 0x00, 0xe4, 0x00, 0x20, 0x00, 0x00, 0x00,
    0x00, 0x00, 0x20, 0x00, 0x00, 0x00, 0x00, 0x00, 0x00, 0x00, 0x00, 0x00, 0x00, 0x00, 0x00, 0x00,
    0x00, 0x00, 0x00, 0x00, 0x00, 0x00, 0x00, 0x00, 0x00, 0x00, 0x00, 0x00, 0x00, 0x00, 0x00, 0x00,
    0x00, 0x00, 0x00, 0x00, 0x00, 0x00, 0x00, 0x00, 0x00, 0x00, 0x00, 0x00, 0x00, 0x00, 0x00, 0x00,
    0x00, 0x00, 0x00, 0x00, 0x00, 0x00, 0x00, 0x00, 0x00, 0x00, 0x00, 0x00, 0x00, 0x00, 0x00, 0x00,
    0x00, 0x00, 0x00, 0x00, 0x00, 0x00, 0x00, 0x00, 0x00, 0x00, 0x00, 0x00, 0x00, 0x00, 0xc2, 0x00,
    0x2b, 0x00, 0x43, 0x00, 0x00, 0x00, 0x00, 0x00, 0x20, 0x00, 0x00, 0x00, 0x00, 0x00, 0x60, 0x00,
    0x05, 0x00, 0xe8, 0x00, 0x49, 0x00, 0x66, 0x00, 0xc4, 0x00, 0x69, 0x00, 0x8b, 0x00, 0xea, 0x00,
    0x28, 0x00, 0xe7, 0x00, 0xe7, 0x00, 0x07, 0x00, 0x05, 0x00, 0x43, 0x00, 0x61, 0x00, 0x05, 0x00,
    0xed, 0x00, 0x8f, 0x00, 0x2b, 0x00, 0x02, 0x00, 0x00, 0x00, 0x00, 0x00, 0x00, 0x00, 0x00, 0x00,
    0x00, 0x00, 0x00, 0x00, 0x00, 0x00, 0x00, 0x00, 0x00, 0x00, 0x00, 0x00, 0x00, 0x00, 0x00, 0x00,
    0x00, 0x00, 0x00, 0x00, 0x00, 0x00, 0x00, 0x00, 0x00, 0x00, 0x00, 0x00, 0x00, 0x00, 0x00, 0x00,
    0x00, 0x00, 0x00, 0x00, 0x00, 0x00, 0x00, 0x00, 0x00, 0x00, 0x00, 0x00, 0x00, 0x00, 0x00, 0x00,
    0x00, 0x00, 0x00, 0x00, 0x00, 0x00, 0x00, 0x00, 0x00, 0x00, 0x00, 0x00, 0x00, 0x00, 0x00, 0x00,
    0x66, 0x00, 0xea, 0x00, 0xe5, 0x00, 0xa1, 0x00, 0xc2, 0x00, 0x63, 0x00, 0x02, 0x00, 0xc2, 0x00,
    0x02, 0x00, 0x43, 0x00, 0x22, 0x00, 0xa4, 0x00, 0x83, 0x00, 0x63, 0x00, 0x66, 0x00, 0x69, 0x00,
    0x2b, 0x00, 0xac, 0x00, 0x8c, 0x00, 0x4e, 0x00, 0xed, 0x00, 0xca, 0x00, 0xcc, 0x00, 0x6b, 0x00,
    0xa7, 0x00, 0xcc, 0x00, 0xb2, 0x00, 0x8f, 0x00, 0xc1, 0x00, 0x00, 0x00, 0x00, 0x00, 0x00, 0x00,
    0x00, 0x00, 0x00, 0x00, 0x00, 0x00, 0x00, 0x00, 0x00, 0x00, 0x00, 0x00, 0x00, 0x00, 0x00, 0x00,
    0x00, 0x00, 0x00, 0x00, 0x00, 0x00, 0x00, 0x00, 0x00, 0x00, 0x00, 0x00, 0x00, 0x00, 0x00, 0x00,
    0x00, 0x00, 0x00, 0x00, 0x00, 0x00, 0x00, 0x00, 0x00, 0x00, 0x00, 0x00, 0x00, 0x00, 0x00, 0x00,
    0x00, 0x00, 0x00, 0x00, 0x00, 0x00, 0x00, 0x00, 0x00, 0x00, 0x00, 0x00, 0x00, 0x00, 0x00, 0x00,
    0x81, 0x00, 0x66, 0x00, 0x89, 0x00, 0x28, 0x00, 0xc7, 0x00, 0xc7, 0x00, 0xa7, 0x00, 0xa7, 0x00,
    0xc7, 0x00, 0x28, 0x00, 0x68, 0x00, 0xe7, 0x00, 0xca, 0x00, 0x8c, 0x00, 0x4b, 0x00, 0x4e, 0x00,
    0x51, 0x00, 0x92, 0x00, 0x31, 0x00, 0xaf, 0x00, 0xaf, 0x00, 0x6f, 0x00, 0x6e, 0x00, 0xac, 0x00,
    0x0e, 0x00, 0x52, 0x00, 0xd0, 0x00, 0x51, 0x00, 0xa6, 0x00, 0x00, 0x00, 0x00, 0x00, 0x00, 0x00,
    0x00, 0x00, 0x00, 0x00, 0x00, 0x00, 0x00, 0x00, 0x00, 0x00, 0x00, 0x00, 0x00, 0x00, 0x00, 0x00,
    0x00, 0x00, 0x00, 0x00, 0x00, 0x00, 0x00, 0x00, 0x00, 0x00, 0x00, 0x00, 0x00, 0x00, 0x00, 0x00,
    0x00, 0x00, 0x00, 0x00, 0x00, 0x00, 0x00, 0x00, 0x00, 0x00, 0x00, 0x00, 0x00, 0x00, 0x00, 0x00,
    0x00, 0x00, 0x00, 0x00, 0x00, 0x00, 0x00, 0x00, 0x00, 0x00, 0x00, 0x00, 0x00, 0x00, 0x00, 0x00,
    0x00, 0x00, 0x20, 0x00, 0x43, 0x00, 0x05, 0x00, 0xe5, 0x00, 0xc4, 0x00, 0xa4, 0x00, 0xa4, 0x00,
    0x25, 0x00, 0x28, 0x00, 0x0b, 0x00, 0x6c, 0x00, 0xea, 0x00, 0xa9, 0x00, 0xcd, 0x00, 0x4e, 0x00,
    0x2b, 0x00, 0xe7, 0x00, 0x89, 0x00, 0x8c, 0x00, 0x2e, 0x00, 0x6e, 0x00, 0x6e, 0x00, 0x51, 0x00,
    0xb2, 0x00, 0x51, 0x00, 0xcf, 0x00, 0x6e, 0x00, 0xe7, 0x00, 0x00, 0x00, 0x00, 0x00, 0x00, 0x00,
    0x00, 0x00, 0x00, 0x00, 0x00, 0x00, 0x00, 0x00, 0x00, 0x00, 0x00, 0x00, 0x00, 0x00, 0x00, 0x00,
    0x00, 0x00, 0x00, 0x00, 0x00, 0x00, 0x00, 0x00, 0x00, 0x00, 0x00, 0x00, 0x00, 0x00, 0x00, 0x00,
    0x00, 0x00, 0x00, 0x00, 0x00, 0x00, 0x00, 0x00, 0x00, 0x00, 0x00, 0x00, 0x00, 0x00, 0x00, 0x00,
    0x00, 0x00, 0x00, 0x00, 0x00, 0x00, 0x00, 0x00, 0x00, 0x00, 0x00, 0x00, 0x20, 0x00, 0x61, 0x00,
    0x03, 0x00, 0xe5, 0x00, 0x84, 0x00, 0xa1, 0x00, 0x61, 0x00, 0x20, 0x00, 0xa1, 0x00, 0xa4, 0x00,
    0x84, 0x00, 0x43, 0x00, 0xa4, 0x00, 0x46, 0x00, 0x66, 0x00, 0xaa, 0x00, 0xad, 0x00, 0x28, 0x00,
    0xa7, 0x00, 0x2b, 0x00, 0x4c, 0x00, 0xac, 0x00, 0xaf, 0x00, 0xaf, 0x00, 0x4e, 0x00, 0x8e, 0x00,
    0x8b, 0x00, 0x86, 0x00, 0xc4, 0x00, 0x07, 0x00, 0x25, 0x00, 0x00, 0x00, 0x00, 0x00, 0x00, 0x00,
    0x00, 0x00, 0x00, 0x00, 0x00, 0x00, 0x00, 0x00, 0x00, 0x00, 0x00, 0x00, 0x00, 0x00, 0x00, 0x00,
    0x00, 0x00, 0x00, 0x00, 0x00, 0x00, 0x00, 0x00, 0x00, 0x00, 0x00, 0x00, 0x00, 0x00, 0x00, 0x00,
    0x00, 0x00, 0x00, 0x00, 0x00, 0x00, 0x00, 0x00, 0x00, 0x00, 0x00, 0x00, 0x00, 0x00, 0x00, 0x00,
    0x00, 0x00, 0x00, 0x00, 0x00, 0x00, 0x00, 0x00, 0x00, 0x00, 0x00, 0x00, 0xc2, 0x00, 0xc7, 0x00,
    0x08, 0x00, 0x46, 0x00, 0x23, 0x00, 0x20, 0x00, 0x00, 0x00, 0xe2, 0x00, 0x26, 0x00, 0xe5, 0x00,
    0xa4, 0x00, 0xa4, 0x00, 0xe5, 0x00, 0xe8, 0x00, 0xaa, 0x00, 0x2b, 0x00, 0x89, 0x00, 0xea, 0x00,
    0xd0, 0x00, 0x11, 0x00, 0x31, 0x00, 0xf0, 0x00, 0x8f, 0x00, 0x8f, 0x00, 0x4e, 0x00, 0xc9, 0x00,
    0xe2, 0x00, 0xe3, 0x00, 0xc2, 0x00, 0x02, 0x00, 0xa1, 0x00, 0x00, 0x00, 0x00, 0x00, 0x00, 0x00,
    0x00, 0x00, 0x00, 0x00, 0x00, 0x00, 0x00, 0x00, 0x00, 0x00, 0x00, 0x00, 0x00, 0x00, 0x00, 0x00,
    0x00, 0x00, 0x00, 0x00, 0x00, 0x00, 0x00, 0x00, 0x00, 0x00, 0x00, 0x00, 0x00, 0x00, 0x00, 0x00,
    0x00, 0x00, 0x00, 0x00, 0x00, 0x00, 0x00, 0x00, 0x00, 0x00, 0x00, 0x00, 0x00, 0x00, 0x00, 0x00,
    0x00, 0x00, 0x00, 0x00, 0x00, 0x00, 0x00, 0x00, 0x00, 0x00, 0x00, 0x00, 0x00, 0x00, 0x40, 0x00,
    0x61, 0x00, 0x20, 0x00, 0x00, 0x00, 0x00, 0x00, 0x00, 0x00, 0x00, 0x00, 0xa1, 0x00, 0x25, 0x00,
    0x49, 0x00, 0x49, 0x00, 0xeb, 0x00, 0x0b, 0x00, 0xaa, 0x00, 0x4c, 0x00, 0xcd, 0x00, 0xaf, 0x00,
    0x6f, 0x00, 0x4e, 0x00, 0x0d, 0x00, 0xcc, 0x00, 0xcc, 0x00, 0x6b, 0x00, 0x28, 0x00, 0xa2, 0x00,
    0x23, 0x00, 0xe5, 0x00, 0x81, 0x00, 0x00, 0x00, 0x00, 0x00, 0x00, 0x00, 0x00, 0x00, 0x00, 0x00,
    0x00, 0x00, 0x00, 0x00, 0x00, 0x00, 0x00, 0x00, 0x00, 0x00, 0x00, 0x00, 0x00, 0x00, 0x00, 0x00,
    0x00, 0x00, 0x00, 0x00, 0x00, 0x00, 0x00, 0x00, 0x00, 0x00, 0x00, 0x00, 0x00, 0x00, 0x00, 0x00,
    0x00, 0x00, 0x00, 0x00, 0x00, 0x00, 0x00, 0x00, 0x00, 0x00, 0x00, 0x00, 0x00, 0x00, 0x00, 0x00,
    0x00, 0x00, 0x00, 0x00, 0x00, 0x00, 0x00, 0x00, 0x00, 0x00, 0x00, 0x00, 0x00, 0x00, 0x00, 0x00,
    0x00, 0x00, 0x00, 0x00, 0x00, 0x00, 0x00, 0x00, 0xa1, 0x00, 0x26, 0x00, 0x69, 0x00, 0xeb, 0x00,
    0x69, 0x00, 0xa7, 0x00, 0xc7, 0x00, 0x87, 0x00, 0x0b, 0x00, 0xad, 0x00, 0xed, 0x00, 0x0d, 0x00,
    0x2e, 0x00, 0x0a, 0x00, 0x05, 0x00, 0x48, 0x00, 0x68, 0x00, 0xe4, 0x00, 0x81, 0x00, 0x03, 0x00,
    0xc5, 0x00, 0xa2, 0x00, 0x00, 0x00, 0x00, 0x00, 0x00, 0x00, 0x00, 0x00, 0x00, 0x00, 0x00, 0x00,
    0x00, 0x00, 0x00, 0x00, 0x00, 0x00, 0x00, 0x00, 0x00, 0x00, 0x00, 0x00, 0x00, 0x00, 0x00, 0x00,
    0x00, 0x00, 0x00, 0x00, 0x00, 0x00, 0x00, 0x00, 0x00, 0x00, 0x00, 0x00, 0x00, 0x00, 0x00, 0x00,
    0x00, 0x00, 0x00, 0x00, 0x00, 0x00, 0x00, 0x00, 0x00, 0x00, 0x00, 0x00, 0x00, 0x00, 0x00, 0x00,
    0x00, 0x00, 0x00, 0x00, 0x00, 0x00, 0x00, 0x00, 0x00, 0x00, 0x00, 0x00, 0x00, 0x00, 0x00, 0x00,
    0x00, 0x00, 0x00, 0x00, 0xc2, 0x00, 0x46, 0x00, 0x29, 0x00, 0x69, 0x00, 0xa7, 0x00, 0x26, 0x00,
    0xa4, 0x00, 0xe2, 0x00, 0x84, 0x00, 0x49, 0x00, 0x2c, 0x00, 0x6c, 0x00, 0xad, 0x00, 0xed, 0x00,
    0xac, 0x00, 0x0a, 0x00, 0xe2, 0x00, 0xc2, 0x00, 0xe2, 0x00, 0xa2, 0x00, 0x23, 0x00, 0x84, 0x00,
    0x84, 0x00, 0x00, 0x00, 0x00, 0x00, 0x00, 0x00, 0x00, 0x00, 0x00, 0x00, 0x00, 0x00, 0x00, 0x00,
    0x00, 0x00, 0x00, 0x00, 0x00, 0x00, 0x00, 0x00, 0x00, 0x00, 0x00, 0x00, 0x00, 0x00, 0x00, 0x00,
    0x00, 0x00, 0x00, 0x00, 0x00, 0x00, 0x00, 0x00, 0x00, 0x00, 0x00, 0x00, 0x00, 0x00, 0x00, 0x00,
    0x00, 0x00, 0x00, 0x00, 0x00, 0x00, 0x00, 0x00, 0x00, 0x00, 0x00, 0x00, 0x00, 0x00, 0x00, 0x00,
    0x00, 0x00, 0x00, 0x00, 0x00, 0x00, 0x00, 0x00, 0x00, 0x00, 0x00, 0x00, 0x00, 0x00, 0x00, 0x00,
    0x00, 0x00, 0x00, 0x00, 0x81, 0x00, 0xc5, 0x00, 0x46, 0x00, 0x87, 0x00, 0x46, 0x00, 0xe5, 0x00,
    0x03, 0x00, 0xa5, 0x00, 0x4a, 0x00, 0x69, 0x00, 0xca, 0x00, 0x2b, 0x00, 0x6c, 0x00, 0xac, 0x00,
    0xcc, 0x00, 0x8f, 0x00, 0x2b, 0x00, 0xc2, 0x00, 0xe3, 0x00, 0x44, 0x00, 0x44, 0x00, 0x23, 0x00,
    0x84, 0x00, 0x20, 0x00, 0x00, 0x00, 0x00, 0x00, 0x00, 0x00, 0x00, 0x00, 0x00, 0x00, 0x00, 0x00,
    0x00, 0x00, 0x00, 0x00, 0x00, 0x00, 0x00, 0x00, 0x00, 0x00, 0x00, 0x00, 0x00, 0x00, 0x00, 0x00,
    0x00, 0x00, 0x00, 0x00, 0x00, 0x00, 0x00, 0x00, 0x00, 0x00, 0x00, 0x00, 0x00, 0x00, 0x00, 0x00,
    0x00, 0x00, 0x00, 0x00, 0x00, 0x00, 0x00, 0x00, 0x00, 0x00, 0x00, 0x00, 0x00, 0x00, 0x00, 0x00,
    0x00, 0x00, 0x00, 0x00, 0x00, 0x00, 0x00, 0x00, 0x00, 0x00, 0x00, 0x00, 0x00, 0x00, 0x00, 0x00,
    0x00, 0x00, 0x00, 0x00, 0x00, 0x00, 0x00, 0x00, 0x20, 0x00, 0x41, 0x00, 0x23, 0x00, 0xa5, 0x00,
    0x84, 0x00, 0x49, 0x00, 0x29, 0x00, 0xc8, 0x00, 0x08, 0x00, 0xca, 0x00, 0x2b, 0x00, 0x6c, 0x00,
    0xed, 0x00, 0x0d, 0x00, 0xaf, 0x00, 0x48, 0x00, 0x84, 0x00, 0xa8, 0x00, 0xc8, 0x00, 0x47, 0x00,
    0x84, 0x00, 0xa2, 0x00, 0x00, 0x00, 0x00, 0x00, 0x00, 0x00, 0x00, 0x00, 0x00, 0x00, 0x00, 0x00,
    0x00, 0x00, 0x00, 0x00, 0x00, 0x00, 0x00, 0x00, 0x00, 0x00, 0x00, 0x00, 0x00, 0x00, 0x00, 0x00,
    0x00, 0x00, 0x00, 0x00, 0x00, 0x00, 0x00, 0x00, 0x00, 0x00, 0x00, 0x00, 0x00, 0x00, 0x00, 0x00,
    0x00, 0x00, 0x00, 0x00, 0x00, 0x00, 0x00, 0x00, 0x00, 0x00, 0x00, 0x00, 0x00, 0x00, 0x00, 0x00,
    0x00, 0x00, 0x00, 0x00, 0x00, 0x00, 0x00, 0x00, 0x00, 0x00, 0x00, 0x00, 0x00, 0x00, 0x00, 0x00,
    0x00, 0x00, 0x00, 0x00, 0x00, 0x00, 0x00, 0x00, 0x00, 0x00, 0x63, 0x00, 0x67, 0x00, 0x06, 0x00,
    0xe6, 0x00, 0x67, 0x00, 0x85, 0x00, 0x64, 0x00, 0x29, 0x00, 0xaa, 0x00, 0x69, 0x00, 0x2b, 0x00,
    0xac, 0x00, 0x0d, 0x00, 0xcc, 0x00, 0x8e, 0x00, 0xea, 0x00, 0x4a, 0x00, 0x4d, 0x00, 0x6d, 0x00,
    0x6a, 0x00, 0x84, 0x00, 0x41, 0x00, 0x40, 0x00, 0x00, 0x00, 0x00, 0x00, 0x00, 0x00, 0x00, 0x00,
    0x00, 0x00, 0x00, 0x00, 0x00, 0x00, 0x00, 0x00, 0x00, 0x00, 0x00, 0x00, 0x00, 0x00, 0x00, 0x00,
    0x00, 0x00, 0x81, 0x00, 0x02, 0x00, 0x00, 0x00, 0x00, 0x00, 0x00, 0x00, 0x00, 0x00, 0x00, 0x00,
    0x00, 0x00, 0x00, 0x00, 0x00, 0x00, 0x00, 0x00, 0x00, 0x00, 0x00, 0x00, 0x00, 0x00, 0x00, 0x00,
    0x00, 0x00, 0x00, 0x00, 0x00, 0x00, 0x00, 0x00, 0x00, 0x00, 0x00, 0x00, 0x00, 0x00, 0x00, 0x00,
    0x00, 0x00, 0x00, 0x00, 0x00, 0x00, 0x00, 0x00, 0xc5, 0x00, 0xe8, 0x00, 0x47, 0x00, 0xe6, 0x00,
    0xc5, 0x00, 0xa5, 0x00, 0x44, 0x00, 0x47, 0x00, 0xc8, 0x00, 0xe5, 0x00, 0xe8, 0x00, 0x0b, 0x00,
    0xea, 0x00, 0x6b, 0x00, 0x8b, 0x00, 0x6b, 0x00, 0xcc, 0x00, 0x0a, 0x00, 0x8a, 0x00, 0x2d, 0x00,
    0xae, 0x00, 0x26, 0x00, 0x86, 0x00, 0xe7, 0x00, 0x00, 0x00, 0x00, 0x00, 0x00, 0x00, 0x00, 0x00,
    0x00, 0x00, 0x00, 0x00, 0x20, 0x00, 0x00, 0x00, 0x00, 0x00, 0x00, 0x00, 0x00, 0x00, 0x00, 0x00,
    0x00, 0x00, 0xc2, 0x00, 0x28, 0x00, 0x00, 0x00, 0x00, 0x00, 0x00, 0x00, 0x00, 0x00, 0x00, 0x00,
    0x00, 0x00, 0x00, 0x00, 0x00, 0x00, 0x00, 0x00, 0x00, 0x00, 0x00, 0x00, 0x00, 0x00, 0x00, 0x00,
    0x00, 0x00, 0x00, 0x00, 0x00, 0x00, 0x00, 0x00, 0x00, 0x00, 0x00, 0x00, 0x00, 0x00, 0x00, 0x00,
    0x00, 0x00, 0x00, 0x00, 0x00, 0x00, 0xe5, 0x00, 0xe8, 0x00, 0x26, 0x00, 0x64, 0x00, 0x64, 0x00,
    0xa5, 0x00, 0xe6, 0x00, 0xc5, 0x00, 0x64, 0x00, 0xe2, 0x00, 0xe2, 0x00, 0x08, 0x00, 0x66, 0x00,
    0x66, 0x00, 0x28, 0x00, 0x48, 0x00, 0xa9, 0x00, 0x2a, 0x00, 0xab, 0x00, 0xab, 0x00, 0xea, 0x00,
    0x89, 0x00, 0x28, 0x00, 0xab, 0x00, 0xa4, 0x00, 0x00, 0x00, 0x00, 0x00, 0x00, 0x00, 0x00, 0x00,
    0x00, 0x00, 0xe4, 0x00, 0x25, 0x00, 0x00, 0x00, 0x20, 0x00, 0x00, 0x00, 0x00, 0x00, 0x00, 0x00,
    0x00, 0x00, 0x02, 0x00, 0x6b, 0x00, 0x40, 0x00, 0x00, 0x00, 0x00, 0x00, 0x00, 0x00, 0x00, 0x00,
    0x00, 0x00, 0x00, 0x00, 0x00, 0x00, 0x00, 0x00, 0x00, 0x00, 0x00, 0x00, 0x00, 0x00, 0x00, 0x00,
    0x00, 0x00, 0x00, 0x00, 0x00, 0x00, 0x00, 0x00, 0x00, 0x00, 0x00, 0x00, 0x00, 0x00, 0x00, 0x00,
    0x00, 0x00, 0x00, 0x00, 0x40, 0x00, 0x23, 0x00, 0xa2, 0x00, 0x41, 0x00, 0xc2, 0x00, 0x06, 0x00,
    0xe6, 0x00, 0x47, 0x00, 0xc5, 0x00, 0x03, 0x00, 0x23, 0x00, 0xa5, 0x00, 0x84, 0x00, 0x02, 0x00,
    0x63, 0x00, 0xa4, 0x00, 0x43, 0x00, 0x43, 0x00, 0x05, 0x00, 0xc6, 0x00, 0xe9, 0x00, 0x8b, 0x00,
    0x4a, 0x00, 0x4a, 0x00, 0x07, 0x00, 0x00, 0x00, 0x00, 0x00, 0x00, 0x00, 0x00, 0x00, 0x00, 0x00,
    0x63, 0x00, 0x8b, 0x00, 0x02, 0x00, 0x05, 0x00, 0x69, 0x00, 0x43, 0x00, 0x00, 0x00, 0x20, 0x00,
    0x00, 0x00, 0x86, 0x00, 0x2d, 0x00, 0xe2, 0x00, 0x00, 0x00, 0x00, 0x00, 0x00, 0x00, 0x00, 0x00,
    0x00, 0x00, 0x00, 0x00, 0x00, 0x00, 0x00, 0x00, 0x00, 0x00, 0x00, 0x00, 0x00, 0x00, 0x00, 0x00,
    0x00, 0x00, 0x00, 0x00, 0x00, 0x00, 0x00, 0x00, 0x00, 0x00, 0x00, 0x00, 0x00, 0x00, 0x00, 0x00,
    0x00, 0x00, 0x00, 0x00, 0x00, 0x00, 0x00, 0x00, 0x00, 0x00, 0x00, 0x00, 0x84, 0x00, 0x27, 0x00,
    0x47, 0x00, 0xc5, 0x00, 0x03, 0x00, 0xe6, 0x00, 0x06, 0x00, 0xe6, 0x00, 0xe6, 0x00, 0xa4, 0x00,
    0x45, 0x00, 0x05, 0x00, 0xe4, 0x00, 0x25, 0x00, 0xc4, 0x00, 0x60, 0x00, 0x61, 0x00, 0x83, 0x00,
    0x25, 0x00, 0x25, 0x00, 0x81, 0x00, 0x00, 0x00, 0x00, 0x00, 0x00, 0x00, 0x00, 0x00, 0x20, 0x00,
    0xa9, 0x00, 0x68, 0x00, 0x05, 0x00, 0x6b, 0x00, 0x05, 0x00, 0x00, 0x00, 0x20, 0x00, 0x00, 0x00,
    0x81, 0x00, 0xcc, 0x00, 0xec, 0x00, 0x63, 0x00, 0x00, 0x00, 0x00, 0x00, 0x00, 0x00, 0x00, 0x00,
    0x00, 0x00, 0x00, 0x00, 0x00, 0x00, 0x00, 0x00, 0x00, 0x00, 0x00, 0x00, 0x00, 0x00, 0x00, 0x00,
    0x00, 0x00, 0x00, 0x00, 0x00, 0x00, 0x00, 0x00, 0x20, 0x00, 0x23, 0x00, 0x20, 0x00, 0x41, 0x00,
    0x43, 0x00, 0x20, 0x00, 0x00, 0x00, 0x00, 0x00, 0x00, 0x00, 0x00, 0x00, 0xc5, 0x00, 0x27, 0x00,
    0xe6, 0x00, 0xc2, 0x00, 0x24, 0x00, 0x67, 0x00, 0x27, 0x00, 0xe6, 0x00, 0xa4, 0x00, 0x05, 0x00,
    0xa6, 0x00, 0xc6, 0x00, 0xc6, 0x00, 0xc6, 0x00, 0xe6, 0x00, 0x65, 0x00, 0x00, 0x00, 0x00, 0x00,
    0x00, 0x00, 0x00, 0x00, 0x00, 0x00, 0x00, 0x00, 0x00, 0x00, 0x00, 0x00, 0x00, 0x00, 0xc2, 0x00,
    0xc9, 0x00, 0xc9, 0x00, 0x86, 0x00, 0x25, 0x00, 0x84, 0x00, 0x61, 0x00, 0x00, 0x00, 0x00, 0x00,
    0xa9, 0x00, 0x4d, 0x00, 0xcc, 0x00, 0x83, 0x00, 0x00, 0x00, 0x00, 0x00, 0x00, 0x00, 0x00, 0x00,
    0x00, 0x00, 0x00, 0x00, 0x00, 0x00, 0x00, 0x00, 0x00, 0x00, 0x00, 0x00, 0x00, 0x00, 0x00, 0x00,
    0x00, 0x00, 0x00, 0x00, 0x00, 0x00, 0x00, 0x00, 0x40, 0x00, 0x69, 0x00, 0xc7, 0x00, 0x02, 0x00,
    0xaa, 0x00, 0x46, 0x00, 0x00, 0x00, 0x00, 0x00, 0x00, 0x00, 0x00, 0x00, 0xe6, 0x00, 0xc5, 0x00,
    0xa2, 0x00, 0x85, 0x00, 0x64, 0x00, 0x67, 0x00, 0x06, 0x00, 0xe2, 0x00, 0x26, 0x00, 0x66, 0x00,
    0x66, 0x00, 0x47, 0x00, 0x68, 0x00, 0x88, 0x00, 0x88, 0x00, 0x09, 0x00, 0xc6, 0x00, 0xc2, 0x00,
    0x00, 0x00, 0x00, 0x00, 0x00, 0x00, 0x00, 0x00, 0x00, 0x00, 0x00, 0x00, 0x00, 0x00, 0xc2, 0x00,
    0x48, 0x00, 0xa6, 0x00, 0xe4, 0x00, 0x86, 0x00, 0x0a, 0x00, 0x25, 0x00, 0x00, 0x00, 0x66, 0x00,
    0x0c, 0x00, 0x4a, 0x00, 0xec, 0x00, 0x83, 0x00, 0x00, 0x00, 0x00, 0x00, 0x00, 0x00, 0x00, 0x00,
    0x00, 0x00, 0x00, 0x00, 0x00, 0x00, 0x00, 0x00, 0x00, 0x00, 0x00, 0x00, 0x00, 0x00, 0x00, 0x00,
    0x00, 0x00, 0x00, 0x00, 0x00, 0x00, 0x61, 0x00, 0x40, 0x00, 0xc7, 0x00, 0x2b, 0x00, 0x89, 0x00,
    0xc7, 0x00, 0x4b, 0x00, 0xa1, 0x00, 0x00, 0x00, 0x00, 0x00, 0x00, 0x00, 0x44, 0x00, 0x40, 0x00,
    0x81, 0x00, 0x06, 0x00, 0x85, 0x00, 0x47, 0x00, 0x23, 0x00, 0xc2, 0x00, 0x26, 0x00, 0x66, 0x00,
    0x86, 0x00, 0x27, 0x00, 0x6a, 0x00, 0xab, 0x00, 0xcc, 0x00, 0x2d, 0x00, 0x2d, 0x00, 0x8b, 0x00,
    0xc4, 0x00, 0x00, 0x00, 0x00, 0x00, 0x00, 0x00, 0x00, 0x00, 0x00, 0x00, 0x00, 0x00, 0xe2, 0x00,
    0xa9, 0x00, 0xa6, 0x00, 0x65, 0x00, 0x88, 0x00, 0xe2, 0x00, 0x20, 0x00, 0x81, 0x00, 0x8b, 0x00,
    0x2a, 0x00, 0x2a, 0x00, 0x6b, 0x00, 0x02, 0x00, 0x00, 0x00, 0x00, 0x00, 0x00, 0x00, 0x00, 0x00,
    0x00, 0x00, 0x00, 0x00, 0x00, 0x00, 0x00, 0x00, 0x00, 0x00, 0x00, 0x00, 0x00, 0x00, 0x00, 0x00,
    0x00, 0x00, 0x00, 0x00, 0x41, 0x00, 0x67, 0x00, 0x28, 0x00, 0x08, 0x00, 0x86, 0x00, 0x89, 0x00,
    0x66, 0x00, 0x8c, 0x00, 0x05, 0x00, 0x00, 0x00, 0x00, 0x00, 0x00, 0x00, 0x00, 0x00, 0x00, 0x00,
    0x41, 0x00, 0x06, 0x00, 0xe6, 0x00, 0x85, 0x00, 0x23, 0x00, 0x23, 0x00, 0xe5, 0x00, 0x86, 0x00,
    0x68, 0x00, 0x27, 0x00, 0x0a, 0x00, 0x4d, 0x00, 0x6e, 0x00, 0x8e, 0x00, 0xcf, 0x00, 0x0f, 0x00,
    0xae, 0x00, 0x84, 0x00, 0x00, 0x00, 0x00, 0x00, 0x00, 0x00, 0x00, 0x00, 0x00, 0x00, 0xa4, 0x00,
    0x0a, 0x00, 0x48, 0x00, 0xe7, 0x00, 0x25, 0x00, 0x00, 0x00, 0x00, 0x00, 0xe4, 0x00, 0xac, 0x00,
    0x88, 0x00, 0x0a, 0x00, 0x68, 0x00, 0x81, 0x00, 0x00, 0x00, 0x00, 0x00, 0x00, 0x00, 0x00, 0x00,
    0x00, 0x00, 0x00, 0x00, 0x00, 0x00, 0x00, 0x00, 0x00, 0x00, 0x00, 0x00, 0x00, 0x00, 0x00, 0x00,
    0x00, 0x00, 0x00, 0x00, 0x00, 0x00, 0xa1, 0x00, 0x69, 0x00, 0x49, 0x00, 0x46, 0x00, 0xe8, 0x00,
    0x66, 0x00, 0xea, 0x00, 0x86, 0x00, 0x00, 0x00, 0x20, 0x00, 0x00, 0x00, 0x00, 0x00, 0x00, 0x00,
    0x00, 0x00, 0x85, 0x00, 0x68, 0x00, 0xa1, 0x00, 0x44, 0x00, 0xe6, 0x00, 0x84, 0x00, 0x46, 0x00,
    0x28, 0x00, 0x89, 0x00, 0xc9, 0x00, 0x0a, 0x00, 0xaf, 0x00, 0xef, 0x00, 0x0f, 0x00, 0x50, 0x00,
    0x50, 0x00, 0x8e, 0x00, 0x86, 0x00, 0x00, 0x00, 0x00, 0x00, 0x00, 0x00, 0x40, 0x00, 0x07, 0x00,
    0x88, 0x00, 0xc9, 0x00, 0x86, 0x00, 0x40, 0x00, 0x00, 0x00, 0x00, 0x00, 0x86, 0x00, 0x2a, 0x00,
    0x68, 0x00, 0x88, 0x00, 0xa6, 0x00, 0x00, 0x00, 0x00, 0x00, 0x00, 0x00, 0x00, 0x00, 0x00, 0x00,
    0x00, 0x00, 0x00, 0x00, 0x00, 0x00, 0x00, 0x00, 0x00, 0x00, 0x00, 0x00, 0x00, 0x00, 0x00, 0x00,
    0x00, 0x00, 0x00, 0x00, 0x00, 0x00, 0x00, 0x00, 0x20, 0x00, 0x46, 0x00, 0xe7, 0x00, 0x08, 0x00,
    0xe7, 0x00, 0xca, 0x00, 0xa9, 0x00, 0x61, 0x00, 0x00, 0x00, 0x00, 0x00, 0x00, 0x00, 0x00, 0x00,
    0x00, 0x00, 0x61, 0x00, 0xe6, 0x00, 0x00, 0x00, 0xa2, 0x00, 0x06, 0x00, 0x44, 0x00, 0xc5, 0x00,
    0x66, 0x00, 0x07, 0x00, 0x0a, 0x00, 0x8b, 0x00, 0x6b, 0x00, 0x50, 0x00, 0x50, 0x00, 0x30, 0x00,
    0x10, 0x00, 0x0d, 0x00, 0x50, 0x00, 0xc4, 0x00, 0x20, 0x00, 0xc1, 0x00, 0x27, 0x00, 0xe9, 0x00,
    0xc9, 0x00, 0x88, 0x00, 0x22, 0x00, 0x00, 0x00, 0x00, 0x00, 0x00, 0x00, 0xc6, 0x00, 0xa9, 0x00,
    0xa9, 0x00, 0x68, 0x00, 0x23, 0x00, 0x00, 0x00, 0x00, 0x00, 0x00, 0x00, 0x00, 0x00, 0x00, 0x00,
    0x00, 0x00, 0x00, 0x00, 0x00, 0x00, 0x00, 0x00, 0x00, 0x00, 0x00, 0x00, 0x00, 0x00, 0x00, 0x00,
    0x00, 0x00, 0x00, 0x00, 0x00, 0x00, 0x00, 0x00, 0x84, 0x00, 0xc7, 0x00, 0xe8, 0x00, 0x08, 0x00,
    0x08, 0x00, 0x69, 0x00, 0x0a, 0x00, 0xa9, 0x00, 0xa4, 0x00, 0x00, 0x00, 0x00, 0x00, 0x00, 0x00,
    0x00, 0x00, 0x00, 0x00, 0x20, 0x00, 0x00, 0x00, 0x00, 0x00, 0x64, 0x00, 0xa5, 0x00, 0x03, 0x00,
    0xa4, 0x00, 0x66, 0x00, 0xc9, 0x00, 0x0d, 0x00, 0x0a, 0x00, 0xab, 0x00, 0x50, 0x00, 0x50, 0x00,
    0xb2, 0x00, 0xf0, 0x00, 0x30, 0x00, 0x6b, 0x00, 0xa6, 0x00, 0x2a, 0x00, 0x8b, 0x00, 0x2a, 0x00,
    0xc9, 0x00, 0x07, 0x00, 0x61, 0x00, 0x00, 0x00, 0x20, 0x00, 0x02, 0x00, 0x66, 0x00, 0x89, 0x00,
    0x07, 0x00, 0x83, 0x00, 0x00, 0x00, 0x00, 0x00, 0x00, 0x00, 0x00, 0x00, 0x00, 0x00, 0x00, 0x00,
    0x00, 0x00, 0x00, 0x00, 0x00, 0x00, 0x00, 0x00, 0x00, 0x00, 0x00, 0x00, 0x00, 0x00, 0x00, 0x00,
    0x00, 0x00, 0x00, 0x00, 0x00, 0x00, 0xe2, 0x00, 0xe8, 0x00, 0x66, 0x00, 0x26, 0x00, 0xa7, 0x00,
    0xc7, 0x00, 0xa7, 0x00, 0x28, 0x00, 0x6b, 0x00, 0x4d, 0x00, 0x2a, 0x00, 0x43, 0x00, 0x00, 0x00,
    0x00, 0x00, 0x00, 0x00, 0x00, 0x00, 0x00, 0x00, 0x00, 0x00, 0xc2, 0x00, 0xe7, 0x00, 0x69, 0x00,
    0x07, 0x00, 0xa6, 0x00, 0x2a, 0x00, 0x2d, 0x00, 0x6b, 0x00, 0x88, 0x00, 0xec, 0x00, 0x8e, 0x00,
    0xef, 0x00, 0x91, 0x00, 0x30, 0x00, 0x4d, 0x00, 0x27, 0x00, 0x68, 0x00, 0x4a, 0x00, 0x88, 0x00,
    0x27, 0x00, 0xa6, 0x00, 0x00, 0x00, 0x00, 0x00, 0x81, 0x00, 0x86, 0x00, 0x25, 0x00, 0xa6, 0x00,
    0xa1, 0x00, 0x00, 0x00, 0x00, 0x00, 0x00, 0x00, 0x00, 0x00, 0x00, 0x00, 0x00, 0x00, 0x00, 0x00,
    0x00, 0x00, 0x00, 0x00, 0x00, 0x00, 0x00, 0x00, 0x00, 0x00, 0x00, 0x00, 0x00, 0x00, 0x00, 0x00,
    0x00, 0x00, 0x00, 0x00, 0x00, 0x00, 0x81, 0x00, 0x41, 0x00, 0x00, 0x00, 0x00, 0x00, 0xc2, 0x00,
    0x02, 0x00, 0x84, 0x00, 0x08, 0x00, 0xa9, 0x00, 0x6b, 0x00, 0xec, 0x00, 0xcc, 0x00, 0xe7, 0x00,
    0x02, 0x00, 0x61, 0x00, 0xc2, 0x00, 0x43, 0x00, 0x05, 0x00, 0xa9, 0x00, 0x8b, 0x00, 0x0d, 0x00,
    0xec, 0x00, 0x2a, 0x00, 0xcc, 0x00, 0x0d, 0x00, 0x8b, 0x00, 0xc9, 0x00, 0x4d, 0x00, 0x8e, 0x00,
    0x0c, 0x00, 0x0c, 0x00, 0xef, 0x00, 0x4d, 0x00, 0x4a, 0x00, 0x66, 0x00, 0x48, 0x00, 0x07, 0x00,
    0x27, 0x00, 0x23, 0x00, 0x00, 0x00, 0x00, 0x00, 0xe2, 0x00, 0x07, 0x00, 0xe4, 0x00, 0xc4, 0x00,
    0x43, 0x00, 0x61, 0x00, 0x00, 0x00, 0x00, 0x00, 0x00, 0x00, 0x00, 0x00, 0x00, 0x00, 0x00, 0x00,
    0x00, 0x00, 0x00, 0x00, 0x00, 0x00, 0x00, 0x00, 0x00, 0x00, 0x00, 0x00, 0x00, 0x00, 0x00, 0x00,
    0x00, 0x00, 0x00, 0x00, 0x00, 0x00, 0x00, 0x00, 0x00, 0x00, 0x00, 0x00, 0x00, 0x00, 0x00, 0x00,
    0x00, 0x00, 0x20, 0x00, 0x46, 0x00, 0x69, 0x00, 0xa9, 0x00, 0xa9, 0x00, 0x89, 0x00, 0xea, 0x00,
    0x2a, 0x00, 0xa9, 0x00, 0x89, 0x00, 0xea, 0x00, 0x8b, 0x00, 0x8b, 0x00, 0x0a, 0x00, 0xc9, 0x00,
    0x2a, 0x00, 0x0a, 0x00, 0x4a, 0x00, 0x2a, 0x00, 0xac, 0x00, 0x0a, 0x00, 0x2d, 0x00, 0x0f, 0x00,
    0xef, 0x00, 0xcf, 0x00, 0x2d, 0x00, 0xcc, 0x00, 0x6d, 0x00, 0xe7, 0x00, 0xa6, 0x00, 0x27, 0x00,
    0x25, 0x00, 0x00, 0x00, 0x00, 0x00, 0x00, 0x00, 0x43, 0x00, 0x07, 0x00, 0x66, 0x00, 0x84, 0x00,
    0x40, 0x00, 0x00, 0x00, 0x00, 0x00, 0x00, 0x00, 0x00, 0x00, 0x00, 0x00, 0x00, 0x00, 0x00, 0x00,
    0x00, 0x00, 0x00, 0x00, 0x00, 0x00, 0x00, 0x00, 0x00, 0x00, 0x00, 0x00, 0x00, 0x00, 0x00, 0x00,
    0x00, 0x00, 0x00, 0x00, 0x00, 0x00, 0x00, 0x00, 0x00, 0x00, 0x00, 0x00, 0x00, 0x00, 0x00, 0x00,
    0x00, 0x00, 0x00, 0x00, 0x00, 0x00, 0x46, 0x00, 0xe7, 0x00, 0x08, 0x00, 0x89, 0x00, 0xa9, 0x00,
    0xea, 0x00, 0xea, 0x00, 0xa9, 0x00, 0x89, 0x00, 0xa9, 0x00, 0x2a, 0x00, 0xe9, 0x00, 0x07, 0x00,
    0x07, 0x00, 0x48, 0x00, 0x68, 0x00, 0xc9, 0x00, 0xcc, 0x00, 0xa9, 0x00, 0x4a, 0x00, 0xef, 0x00,
    0xae, 0x00, 0xef, 0x00, 0xef, 0x00, 0x4d, 0x00, 0x8d, 0x00, 0x27, 0x00, 0x25, 0x00, 0x25, 0x00,
    0x61, 0x00, 0x00, 0x00, 0x00, 0x00, 0x00, 0x00, 0xc4, 0x00, 0x08, 0x00, 0x05, 0x00, 0x00, 0x00,
    0x00, 0x00, 0x00, 0x00, 0x00, 0x00, 0x00, 0x00, 0x00, 0x00, 0x00, 0x00, 0x00, 0x00, 0x00, 0x00,
    0x00, 0x00, 0x00, 0x00, 0x00, 0x00, 0x00, 0x00, 0x00, 0x00, 0x00, 0x00, 0x00, 0x00, 0x00, 0x00,
    0x00, 0x00, 0x00, 0x00, 0x00, 0x00, 0x00, 0x00, 0x40, 0x00, 0x84, 0x00, 0x05, 0x00, 0x87, 0x00,
    0xc7, 0x00, 0x66, 0x00, 0x84, 0x00, 0x02, 0x00, 0x05, 0x00, 0x66, 0x00, 0xc7, 0x00, 0xe7, 0x00,
    0x69, 0x00, 0x89, 0x00, 0x07, 0x00, 0x69, 0x00, 0x68, 0x00, 0x07, 0x00, 0x86, 0x00, 0x86, 0x00,
    0xa6, 0x00, 0xc7, 0x00, 0x28, 0x00, 0xa9, 0x00, 0x0a, 0x00, 0x28, 0x00, 0x67, 0x00, 0x0c, 0x00,
    0x8d, 0x00, 0x4d, 0x00, 0xae, 0x00, 0x2d, 0x00, 0x8d, 0x00, 0xe4, 0x00, 0x40, 0x00, 0x20, 0x00,
    0x00, 0x00, 0x00, 0x00, 0x00, 0x00, 0x00, 0x00, 0xe5, 0x00, 0x28, 0x00, 0xa4, 0x00, 0x00, 0x00,
    0x00, 0x00, 0x00, 0x00, 0x00, 0x00, 0x00, 0x00, 0x00, 0x00, 0x00, 0x00, 0x00, 0x00, 0x00, 0x00,
    0x00, 0x00, 0x00, 0x00, 0x00, 0x00, 0x00, 0x00, 0x00, 0x00, 0x00, 0x00, 0x00, 0x00, 0x00, 0x00,
    0x00, 0x00, 0x00, 0x00, 0x00, 0x00, 0x00, 0x00, 0x00, 0x00, 0x43, 0x00, 0x67, 0x00, 0x49, 0x00,
    0x49, 0x00, 0x28, 0x00, 0xc7, 0x00, 0x05, 0x00, 0x43, 0x00, 0x84, 0x00, 0x05, 0x00, 0x26, 0x00,
    0x66, 0x00, 0xc7, 0x00, 0x86, 0x00, 0x86, 0x00, 0xa6, 0x00, 0x25, 0x00, 0x84, 0x00, 0x43, 0x00,
    0xe5, 0x00, 0xa6, 0x00, 0xc7, 0x00, 0xc9, 0x00, 0xe9, 0x00, 0x48, 0x00, 0xab, 0x00, 0x2a, 0x00,
    0x2a, 0x00, 0xec, 0x00, 0x4d, 0x00, 0x0c, 0x00, 0x0c, 0x00, 0x04, 0x00, 0x00, 0x00, 0x00, 0x00,
    0x00, 0x00, 0x00, 0x00, 0x00, 0x00, 0x00, 0x00, 0xa4, 0x00, 0x28, 0x00, 0xa4, 0x00, 0x00, 0x00,
    0x00, 0x00, 0x00, 0x00, 0x00, 0x00, 0x00, 0x00, 0x00, 0x00, 0x00, 0x00, 0x00, 0x00, 0x00, 0x00,
    0x00, 0x00, 0x00, 0x00, 0x00, 0x00, 0x00, 0x00, 0x00, 0x00, 0x00, 0x00, 0x00, 0x00, 0x00, 0x00,
    0x00, 0x00, 0x00, 0x00, 0x00, 0x00, 0x03, 0x00, 0xe5, 0x00, 0xc5, 0x00, 0xe5, 0x00, 0x87, 0x00,
    0xe8, 0x00, 0x48, 0x00, 0xe8, 0x00, 0x69, 0x00, 0x89, 0x00, 0x08, 0x00, 0xc4, 0x00, 0x64, 0x00,
    0x63, 0x00, 0x43, 0x00, 0x84, 0x00, 0x84, 0x00, 0x23, 0x00, 0xe2, 0x00, 0xc2, 0x00, 0xa1, 0x00,
    0xa4, 0x00, 0x25, 0x00, 0x66, 0x00, 0x89, 0x00, 0x89, 0x00, 0x27, 0x00, 0xcb, 0x00, 0xec, 0x00,
    0xe9, 0x00, 0x29, 0x00, 0x0c, 0x00, 0x2c, 0x00, 0x2a, 0x00, 0xe7, 0x00, 0x00, 0x00, 0x00, 0x00,
    0x00, 0x00, 0x00, 0x00, 0x00, 0x00, 0x00, 0x00, 0x63, 0x00, 0x28, 0x00, 0xc4, 0x00, 0x00, 0x00,
    0x00, 0x00, 0x00, 0x00, 0x00, 0x00, 0x00, 0x00, 0x00, 0x00, 0x00, 0x00, 0x00, 0x00, 0x00, 0x00,
    0x00, 0x00, 0x00, 0x00, 0x00, 0x00, 0x00, 0x00, 0x00, 0x00, 0x00, 0x00, 0x00, 0x00, 0x00, 0x00,
    0x00, 0x00, 0x03, 0x00, 0xe8, 0x00, 0x69, 0x00, 0xc8, 0x00, 0xa7, 0x00, 0x69, 0x00, 0x28, 0x00,
    0x49, 0x00, 0xaa, 0x00, 0x89, 0x00, 0xa9, 0x00, 0x2b, 0x00, 0x0a, 0x00, 0xc7, 0x00, 0x05, 0x00,
    0xa5, 0x00, 0x03, 0x00, 0xe2, 0x00, 0x44, 0x00, 0x64, 0x00, 0x23, 0x00, 0x03, 0x00, 0x43, 0x00,
    0x05, 0x00, 0x25, 0x00, 0x86, 0x00, 0xe7, 0x00, 0xa6, 0x00, 0x27, 0x00, 0xab, 0x00, 0xab, 0x00,
    0xec, 0x00, 0xab, 0x00, 0xab, 0x00, 0x6a, 0x00, 0x2a, 0x00, 0xa6, 0x00, 0x00, 0x00, 0x00, 0x00,
    0x00, 0x00, 0x00, 0x00, 0x00, 0x00, 0x00, 0x00, 0x02, 0x00, 0x08, 0x00, 0x46, 0x00, 0x00, 0x00,
    0xc2, 0x00, 0x40, 0x00, 0x00, 0x00, 0x00, 0x00, 0x00, 0x00, 0x00, 0x00, 0x00, 0x00, 0x00, 0x00,
    0x00, 0x00, 0x00, 0x00, 0x00, 0x00, 0x00, 0x00, 0x00, 0x00, 0x00, 0x00, 0x00, 0x00, 0x00, 0x00,
    0x23, 0x00, 0x29, 0x00, 0xa8, 0x00, 0x67, 0x00, 0x67, 0x00, 0xc7, 0x00, 0x49, 0x00, 0x08, 0x00,
    0x8a, 0x00, 0xaa, 0x00, 0x28, 0x00, 0x28, 0x00, 0x89, 0x00, 0x89, 0x00, 0x28, 0x00, 0xc7, 0x00,
    0x66, 0x00, 0xc5, 0x00, 0xa5, 0x00, 0x23, 0x00, 0x03, 0x00, 0xe2, 0x00, 0x43, 0x00, 0xe5, 0x00,
    0x46, 0x00, 0xa7, 0x00, 0x46, 0x00, 0x66, 0x00, 0x05, 0x00, 0x47, 0x00, 0x6a, 0x00, 0x8b, 0x00,
    0xcb, 0x00, 0x0c, 0x00, 0x8b, 0x00, 0xc9, 0x00, 0x6a, 0x00, 0x63, 0x00, 0x00, 0x00, 0x00, 0x00,
    0x00, 0x00, 0x00, 0x00, 0x00, 0x00, 0x00, 0x00, 0x61, 0x00, 0xa7, 0x00, 0xc7, 0x00, 0x20, 0x00,
    0x46, 0x00, 0xe2, 0x00, 0x00, 0x00, 0x00, 0x00, 0x00, 0x00, 0x00, 0x00, 0x00, 0x00, 0x00, 0x00,
    0x00, 0x00, 0x00, 0x00, 0x00, 0x00, 0x00, 0x00, 0x00, 0x00, 0x00, 0x00, 0x00, 0x00, 0x00, 0x00,
    0xa2, 0x00, 0xa2, 0x00, 0xa5, 0x00, 0xe8, 0x00, 0x09, 0x00, 0xaa, 0x00, 0xe8, 0x00, 0xe8, 0x00,
    0xe8, 0x00, 0xa7, 0x00, 0x67, 0x00, 0xa7, 0x00, 0x08, 0x00, 0x08, 0x00, 0xe7, 0x00, 0xe8, 0x00,
    0xc7, 0x00, 0x26, 0x00, 0xa5, 0x00, 0x23, 0x00, 0x23, 0x00, 0x84, 0x00, 0xc5, 0x00, 0x06, 0x00,
    0x46, 0x00, 0x66, 0x00, 0x46, 0x00, 0x25, 0x00, 0xc7, 0x00, 0x68, 0x00, 0xc9, 0x00, 0x8b, 0x00,
    0x8b, 0x00, 0x8b, 0x00, 0x09, 0x00, 0x09, 0x00, 0x88, 0x00, 0x40, 0x00, 0x00, 0x00, 0x00, 0x00,
    0x00, 0x00, 0x00, 0x00, 0x00, 0x00, 0x00, 0x00, 0x00, 0x00, 0x84, 0x00, 0xe7, 0x00, 0x63, 0x00,
    0x86, 0x00, 0xa4, 0x00, 0x00, 0x00, 0x00, 0x00, 0x00, 0x00, 0x00, 0x00, 0x00, 0x00, 0x00, 0x00,
    0x00, 0x00, 0x00, 0x00, 0x00, 0x00, 0x00, 0x00, 0x00, 0x00, 0x00, 0x00, 0x00, 0x00, 0x00, 0x00,
    0x81, 0x00, 0xc5, 0x00, 0xa8, 0x00, 0xc8, 0x00, 0x6a, 0x00, 0xc8, 0x00, 0xa8, 0x00, 0xc8, 0x00,
    0x47, 0x00, 0x26, 0x00, 0x06, 0x00, 0x67, 0x00, 0xc8, 0x00, 0xa7, 0x00, 0x87, 0x00, 0x67, 0x00,
    0x26, 0x00, 0xc5, 0x00, 0xe5, 0x00, 0x66, 0x00, 0x26, 0x00, 0xc5, 0x00, 0xc5, 0x00, 0x46, 0x00,
    0x05, 0x00, 0x05, 0x00, 0xe5, 0x00, 0x25, 0x00, 0xe9, 0x00, 0x88, 0x00, 0x48, 0x00, 0x2a, 0x00,
    0xe9, 0x00, 0xc9, 0x00, 0x68, 0x00, 0xc9, 0x00, 0xe4, 0x00, 0x00, 0x00, 0x00, 0x00, 0x00, 0x00,
    0x00, 0x00, 0x00, 0x00, 0x00, 0x00, 0x00, 0x00, 0x61, 0x00, 0x43, 0x00, 0x66, 0x00, 0xa7, 0x00,
    0xe7, 0x00, 0x45, 0x00, 0x00, 0x00, 0x00, 0x00, 0x00, 0x00, 0x00, 0x00, 0x00, 0x00, 0x00, 0x00,
    0x00, 0x00, 0x00, 0x00, 0x00, 0x00, 0x00, 0x00, 0x00, 0x00, 0x00, 0x00, 0x00, 0x00, 0xc2, 0x00,
    0x87, 0x00, 0xe6, 0x00, 0x67, 0x00, 0x6a, 0x00, 0xa8, 0x00, 0x67, 0x00, 0xc8, 0x00, 0x26, 0x00,
    0x06, 0x00, 0x06, 0x00, 0x26, 0x00, 0x26, 0x00, 0x46, 0x00, 0x67, 0x00, 0x46, 0x00, 0x06, 0x00,
    0x64, 0x00, 0x46, 0x00, 0xa9, 0x00, 0xea, 0x00, 0xea, 0x00, 0x68, 0x00, 0x05, 0x00, 0x84, 0x00,
    0xe5, 0x00, 0xc5, 0x00, 0x84, 0x00, 0x68, 0x00, 0x88, 0x00, 0x48, 0x00, 0x68, 0x00, 0x48, 0x00,
    0x88, 0x00, 0x68, 0x00, 0x68, 0x00, 0xa6, 0x00, 0x20, 0x00, 0x00, 0x00, 0x00, 0x00, 0x00, 0x00,
    0x00, 0x00, 0x00, 0x00, 0x00, 0x00, 0x00, 0x00, 0x20, 0x00, 0x64, 0x00, 0x66, 0x00, 0xe8, 0x00,
    0x08, 0x00, 0xa7, 0x00, 0x00, 0x00, 0x00, 0x00, 0x00, 0x00, 0x00, 0x00, 0x00, 0x00, 0x00, 0x00,
    0x00, 0x00, 0x00, 0x00, 0x00, 0x00, 0x00, 0x00, 0x00, 0x00, 0x00, 0x00, 0x41, 0x00, 0xc8, 0x00,
    0x06, 0x00, 0xc6, 0x00, 0xc8, 0x00, 0x09, 0x00, 0x47, 0x00, 0x47, 0x00, 0xa5, 0x00, 0xc5, 0x00,
    0xe6, 0x00, 0x67, 0x00, 0x88, 0x00, 0x67, 0x00, 0x46, 0x00, 0x67, 0x00, 0x47, 0x00, 0x84, 0x00,
    0x26, 0x00, 0x69, 0x00, 0x2a, 0x00, 0x2a, 0x00, 0x6b, 0x00, 0x6b, 0x00, 0x88, 0x00, 0x64, 0x00,
    0x43, 0x00, 0x63, 0x00, 0x65, 0x00, 0x68, 0x00, 0x48, 0x00, 0x68, 0x00, 0xc9, 0x00, 0x27, 0x00,
    0x27, 0x00, 0x07, 0x00, 0xa6, 0x00, 0x84, 0x00, 0xe2, 0x00, 0x00, 0x00, 0x00, 0x00, 0x00, 0x00,
    0x00, 0x00, 0x00, 0x00, 0x00, 0x00, 0x00, 0x00, 0x00, 0x00, 0x00, 0x00, 0xe5, 0x00, 0x08, 0x00,
    0x69, 0x00, 0xa7, 0x00, 0x00, 0x00, 0x00, 0x00, 0x00, 0x00, 0x00, 0x00, 0x00, 0x00, 0x00, 0x00,
    0x00, 0x00, 0x00, 0x00, 0x00, 0x00, 0x00, 0x00, 0x00, 0x00, 0x00, 0x00, 0xe6, 0x00, 0xa8, 0x00,
    0xa5, 0x00, 0x27, 0x00, 0x47, 0x00, 0x09, 0x00, 0x47, 0x00, 0x85, 0x00, 0xa5, 0x00, 0xc6, 0x00,
    0xe6, 0x00, 0x06, 0x00, 0x27, 0x00, 0x06, 0x00, 0xc5, 0x00, 0xe6, 0x00, 0xc5, 0x00, 0xc5, 0x00,
    0x87, 0x00, 0xa9, 0x00, 0x4b, 0x00, 0x6b, 0x00, 0x4a, 0x00, 0xe9, 0x00, 0xc9, 0x00, 0xa6, 0x00,
    0x43, 0x00, 0x45, 0x00, 0x86, 0x00, 0xc6, 0x00, 0x27, 0x00, 0x47, 0x00, 0x68, 0x00, 0x68, 0x00,
    0xa6, 0x00, 0x45, 0x00, 0x05, 0x00, 0x66, 0x00, 0x68, 0x00, 0xe7, 0x00, 0x40, 0x00, 0x00, 0x00,
    0x00, 0x00, 0x00, 0x00, 0x00, 0x00, 0x00, 0x00, 0x00, 0x00, 0x00, 0x00, 0xc2, 0x00, 0x08, 0x00,
    0x69, 0x00, 0x46, 0x00, 0x00, 0x00, 0x00, 0x00, 0x00, 0x00, 0x00, 0x00, 0x00, 0x00, 0x00, 0x00,
    0x00, 0x00, 0x00, 0x00, 0x00, 0x00, 0x00, 0x00, 0x00, 0x00, 0x40, 0x00, 0xa8, 0x00, 0x06, 0x00,
    0xe6, 0x00, 0x47, 0x00, 0x47, 0x00, 0xc9, 0x00, 0xa5, 0x00, 0xc6, 0x00, 0xc6, 0x00, 0xe6, 0x00,
    0x47, 0x00, 0x26, 0x00, 0xa5, 0x00, 0xc5, 0x00, 0x06, 0x00, 0xe6, 0x00, 0xa5, 0x00, 0x06, 0x00,
    0xa7, 0x00, 0x69, 0x00, 0x89, 0x00, 0x4b, 0x00, 0x2a, 0x00, 0x4a, 0x00, 0xea, 0x00, 0x28, 0x00,
    0x05, 0x00, 0x45, 0x00, 0x86, 0x00, 0x65, 0x00, 0xe6, 0x00, 0x07, 0x00, 0x27, 0x00, 0xc7, 0x00,
    0x65, 0x00, 0xe4, 0x00, 0x25, 0x00, 0x28, 0x00, 0x07, 0x00, 0x4a, 0x00, 0x86, 0x00, 0x00, 0x00,
    0x00, 0x00, 0x00, 0x00, 0x00, 0x00, 0x00, 0x00, 0x00, 0x00, 0x00, 0x00, 0x40, 0x00, 0xc7, 0x00,
    0x69, 0x00, 0x05, 0x00, 0x00, 0x00, 0x00, 0x00, 0x00, 0x00, 0x00, 0x00, 0x00, 0x00, 0x00, 0x00,
    0x00, 0x00, 0x00, 0x00, 0x00, 0x00, 0x00, 0x00, 0x00, 0x00, 0xc2, 0x00, 0xa8, 0x00, 0x85, 0x00,
    0xe6, 0x00, 0x68, 0x00, 0x67, 0x00, 0xe6, 0x00, 0xe6, 0x00, 0x06, 0x00, 0xe6, 0x00, 0x27, 0x00,
    0xe6, 0x00, 0x81, 0x00, 0x20, 0x00, 0x61, 0x00, 0x23, 0x00, 0x47, 0x00, 0xc5, 0x00, 0x26, 0x00,
    0x87, 0x00, 0x08, 0x00, 0x69, 0x00, 0x48, 0x00, 0x2a, 0x00, 0x4b, 0x00, 0xea, 0x00, 0xe7, 0x00,
    0x05, 0x00, 0x25, 0x00, 0x86, 0x00, 0x66, 0x00, 0x65, 0x00, 0xc6, 0x00, 0x86, 0x00, 0x45, 0x00,
    0x84, 0x00, 0x84, 0x00, 0x86, 0x00, 0x28, 0x00, 0x48, 0x00, 0xa9, 0x00, 0xc7, 0x00, 0x00, 0x00,
    0x00, 0x00, 0x00, 0x00, 0x00, 0x00, 0x00, 0x00, 0x00, 0x00, 0x00, 0x00, 0x00, 0x00, 0x87, 0x00,
    0xaa, 0x00, 0xe5, 0x00, 0x23, 0x00, 0x20, 0x00, 0x00, 0x00, 0x00, 0x00, 0x00, 0x00, 0x00, 0x00,
    0x00, 0x00, 0x00, 0x00, 0x00, 0x00, 0x00, 0x00, 0x00, 0x00, 0x23, 0x00, 0x44, 0x00, 0x64, 0x00,
    0xe6, 0x00, 0x67, 0x00, 0xa8, 0x00, 0x06, 0x00, 0x67, 0x00, 0x06, 0x00, 0x26, 0x00, 0x47, 0x00,
    0xe2, 0x00, 0x00, 0x00, 0x00, 0x00, 0x00, 0x00, 0x00, 0x00, 0x81, 0x00, 0xe5, 0x00, 0x46, 0x00,
    0x26, 0x00, 0xe8, 0x00, 0x48, 0x00, 0x48, 0x00, 0xc9, 0x00, 0xca, 0x00, 0x48, 0x00, 0x86, 0x00,
    0xe4, 0x00, 0x05, 0x00, 0x65, 0x00, 0x66, 0x00, 0x25, 0x00, 0x25, 0x00, 0x25, 0x00, 0x43, 0x00,
    0x64, 0x00, 0x46, 0x00, 0x66, 0x00, 0x08, 0x00, 0x68, 0x00, 0x68, 0x00, 0xc4, 0x00, 0x00, 0x00,
    0x00, 0x00, 0x00, 0x00, 0x00, 0x00, 0x00, 0x00, 0x00, 0x00, 0x61, 0x00, 0xe2, 0x00, 0xa7, 0x00,
    0x49, 0x00, 0x26, 0x00, 0xa4, 0x00, 0x00, 0x00, 0x00, 0x00, 0x00, 0x00, 0x00, 0x00, 0x00, 0x00,
    0x00, 0x00, 0x00, 0x00, 0x00, 0x00, 0x00, 0x00, 0x00, 0x00, 0x40, 0x00, 0x20, 0x00, 0xe6, 0x00,
    0x06, 0x00, 0x27, 0x00, 0xa8, 0x00, 0xc6, 0x00, 0xa8, 0x00, 0x27, 0x00, 0x27, 0x00, 0x67, 0x00,
    0x81, 0x00, 0x00, 0x00, 0x00, 0x00, 0x00, 0x00, 0x00, 0x00, 0x00, 0x00, 0x40, 0x00, 0x06, 0x00,
    0x46, 0x00, 0x87, 0x00, 0xe8, 0x00, 0x08, 0x00, 0xe7, 0x00, 0x08, 0x00, 0xa7, 0x00, 0x05, 0x00,
    0x83, 0x00, 0x25, 0x00, 0x45, 0x00, 0x65, 0x00, 0x45, 0x00, 0xc4, 0x00, 0x23, 0x00, 0x64, 0x00,
    0xe5, 0x00, 0x46, 0x00, 0x66, 0x00, 0x07, 0x00, 0xc7, 0x00, 0xc7, 0x00, 0x81, 0x00, 0x00, 0x00,
    0x00, 0x00, 0x00, 0x00, 0x00, 0x00, 0x00, 0x00, 0x00, 0x00, 0x20, 0x00, 0xc5, 0x00, 0xe8, 0x00,
    0xc7, 0x00, 0x87, 0x00, 0x02, 0x00, 0x00, 0x00, 0x00, 0x00, 0x00, 0x00, 0x00, 0x00, 0x00, 0x00,
    0x00, 0x00, 0x00, 0x00, 0x00, 0x00, 0x00, 0x00, 0x00, 0x00, 0x00, 0x00, 0x20, 0x00, 0xe6, 0x00,
    0x27, 0x00, 0xa5, 0x00, 0x67, 0x00, 0xc5, 0x00, 0x67, 0x00, 0x68, 0x00, 0x47, 0x00, 0xa8, 0x00,
    0x23, 0x00, 0x00, 0x00, 0x00, 0x00, 0x00, 0x00, 0x00, 0x00, 0x00, 0x00, 0x00, 0x00, 0x03, 0x00,
    0x26, 0x00, 0x46, 0x00, 0x87, 0x00, 0xa7, 0x00, 0x08, 0x00, 0xe7, 0x00, 0x66, 0x00, 0x43, 0x00,
    0xa4, 0x00, 0x25, 0x00, 0x25, 0x00, 0xa4, 0x00, 0xc1, 0x00, 0xa1, 0x00, 0xa5, 0x00, 0xc5, 0x00,
    0x05, 0x00, 0x46, 0x00, 0xa7, 0x00, 0xa7, 0x00, 0xa7, 0x00, 0x83, 0x00, 0x00, 0x00, 0x00, 0x00,
    0x00, 0x00, 0x00, 0x00, 0x00, 0x00, 0x00, 0x00, 0x00, 0x00, 0x20, 0x00, 0x26, 0x00, 0x29, 0x00,
    0x87, 0x00, 0x26, 0x00, 0x20, 0x00, 0x00, 0x00, 0x00, 0x00, 0x00, 0x00, 0x00, 0x00, 0x00, 0x00,
    0x00, 0x00, 0x00, 0x00, 0x00, 0x00, 0x00, 0x00, 0x00, 0x00, 0x00, 0x00, 0x00, 0x00, 0xa5, 0x00,
    0x47, 0x00, 0xa5, 0x00, 0xa5, 0x00, 0xe6, 0x00, 0x47, 0x00, 0x27, 0x00, 0x47, 0x00, 0xa8, 0x00,
    0x47, 0x00, 0x40, 0x00, 0x00, 0x00, 0x00, 0x00, 0x00, 0x00, 0x00, 0x00, 0x00, 0x00, 0x20, 0x00,
    0x43, 0x00, 0x06, 0x00, 0x46, 0x00, 0xa7, 0x00, 0xc7, 0x00, 0x87, 0x00, 0xc4, 0x00, 0x63, 0x00,
    0xc4, 0x00, 0x43, 0x00, 0xa1, 0x00, 0x00, 0x00, 0x00, 0x00, 0x00, 0x00, 0x61, 0x00, 0xc5, 0x00,
    0x06, 0x00, 0x67, 0x00, 0x67, 0x00, 0xa7, 0x00, 0x05, 0x00, 0x00, 0x00, 0x00, 0x00, 0x00, 0x00,
    0x00, 0x00, 0x00, 0x00, 0x00, 0x00, 0x00, 0x00, 0x00, 0x00, 0xe2, 0x00, 0xe8, 0x00, 0x09, 0x00,
    0x47, 0x00, 0x43, 0x00, 0x00, 0x00, 0x00, 0x00, 0x00, 0x00, 0x00, 0x00, 0x00, 0x00, 0x00, 0x00,
    0x00, 0x00, 0x00, 0x00, 0x00, 0x00, 0x00, 0x00, 0x00, 0x00, 0x00, 0x00, 0x00, 0x00, 0x65, 0x00,
    0x27, 0x00, 0x85, 0x00, 0xc6, 0x00, 0xe6, 0x00, 0xa8, 0x00, 0x88, 0x00, 0x27, 0x00, 0x67, 0x00,
    0x47, 0x00, 0x06, 0x00, 0xa1, 0x00, 0x00, 0x00, 0x00, 0x00, 0x00, 0x00, 0x00, 0x00, 0x00, 0x00,
    0x40, 0x00, 0x06, 0x00, 0x46, 0x00, 0x67, 0x00, 0x26, 0x00, 0x64, 0x00, 0x81, 0x00, 0x81, 0x00,
    0x20, 0x00, 0x00, 0x00, 0x00, 0x00, 0x00, 0x00, 0x00, 0x00, 0x00, 0x00, 0x00, 0x00, 0xe2, 0x00,
    0x06, 0x00, 0x26, 0x00, 0x46, 0x00, 0x26, 0x00, 0x41, 0x00, 0x00, 0x00, 0x00, 0x00, 0x00, 0x00,
    0x00, 0x00, 0x00, 0x00, 0x00, 0x00, 0x00, 0x00, 0x61, 0x00, 0x67, 0x00, 0xc8, 0x00, 0x46, 0x00,
    0x46, 0x00, 0x20, 0x00, 0x00, 0x00, 0x00, 0x00, 0x00, 0x00, 0x00, 0x00, 0x00, 0x00, 0x00, 0x00,
    0x00, 0x00, 0x00, 0x00, 0x00, 0x00, 0x00, 0x00, 0x00, 0x00, 0x00, 0x00, 0x00, 0x00, 0x03, 0x00,
    0x27, 0x00, 0x64, 0x00, 0x27, 0x00, 0x47, 0x00, 0x68, 0x00, 0xe9, 0x00, 0x68, 0x00, 0x06, 0x00,
    0xe6, 0x00, 0xe6, 0x00, 0x47, 0x00, 0x64, 0x00, 0x61, 0x00, 0x00, 0x00, 0x00, 0x00, 0x00, 0x00,
    0xe2, 0x00, 0x47, 0x00, 0x26, 0x00, 0x06, 0x00, 0xc5, 0x00, 0x20, 0x00, 0x00, 0x00, 0x00, 0x00,
    0x00, 0x00, 0x00, 0x00, 0x00, 0x00, 0x00, 0x00, 0x00, 0x00, 0x00, 0x00, 0x00, 0x00, 0x23, 0x00,
    0x46, 0x00, 0x26, 0x00, 0x46, 0x00, 0x64, 0x00, 0x00, 0x00, 0x00, 0x00, 0x40, 0x00, 0xe2, 0x00,
    0xe5, 0x00, 0xa7, 0x00, 0x84, 0x00, 0xc2, 0x00, 0xa7, 0x00, 0x29, 0x00, 0x87, 0x00, 0x47, 0x00,
    0xe2, 0x00, 0x00, 0x00, 0x00, 0x00, 0x00, 0x00, 0x00, 0x00, 0x00, 0x00, 0x00, 0x00, 0x00, 0x00,
    0x00, 0x00, 0x00, 0x00, 0x00, 0x00, 0x00, 0x00, 0x00, 0x00, 0x00, 0x00, 0x00, 0x00, 0x40, 0x00,
    0x06, 0x00, 0x85, 0x00, 0xe6, 0x00, 0x88, 0x00, 0x27, 0x00, 0x27, 0x00, 0x88, 0x00, 0x27, 0x00,
    0xe6, 0x00, 0xe6, 0x00, 0xe6, 0x00, 0xe6, 0x00, 0x03, 0x00, 0x00, 0x00, 0x00, 0x00, 0x00, 0x00,
    0x64, 0x00, 0x47, 0x00, 0xe5, 0x00, 0xe5, 0x00, 0x26, 0x00, 0x20, 0x00, 0x00, 0x00, 0x00, 0x00,
    0x00, 0x00, 0x00, 0x00, 0x00, 0x00, 0x00, 0x00, 0x00, 0x00, 0x00, 0x00, 0x20, 0x00, 0x06, 0x00,
    0x26, 0x00, 0x06, 0x00, 0x87, 0x00, 0x08, 0x00, 0x48, 0x00, 0x86, 0x00, 0x28, 0x00, 0xa9, 0x00,
    0x28, 0x00, 0x26, 0x00, 0x46, 0x00, 0x29, 0x00, 0x6a, 0x00, 0xc8, 0x00, 0x06, 0x00, 0x85, 0x00,
    0x61, 0x00, 0x00, 0x00, 0x00, 0x00, 0x00, 0x00, 0x00, 0x00, 0x00, 0x00, 0x00, 0x00, 0x00, 0x00,
    0x00, 0x00, 0x00, 0x00, 0x00, 0x00, 0x00, 0x00, 0x00, 0x00, 0x00, 0x00, 0x00, 0x00, 0x00, 0x00,
    0x03, 0x00, 0x03, 0x00, 0xa5, 0x00, 0x07, 0x00, 0x68, 0x00, 0xc6, 0x00, 0xc6, 0x00, 0x06, 0x00,
    0x27, 0x00, 0x07, 0x00, 0x68, 0x00, 0x47, 0x00, 0x27, 0x00, 0xa5, 0x00, 0x03, 0x00, 0x61, 0x00,
    0xc2, 0x00, 0x47, 0x00, 0x26, 0x00, 0x47, 0x00, 0x28, 0x00, 0x25, 0x00, 0x61, 0x00, 0x61, 0x00,
    0x00, 0x00, 0x00, 0x00, 0x00, 0x00, 0x00, 0x00, 0x00, 0x00, 0x00, 0x00, 0x20, 0x00, 0xc5, 0x00,
    0x26, 0x00, 0x67, 0x00, 0xa8, 0x00, 0xe8, 0x00, 0xaa, 0x00, 0x69, 0x00, 0xa7, 0x00, 0x66, 0x00,
    0x46, 0x00, 0xa5, 0x00, 0xa5, 0x00, 0x09, 0x00, 0xc8, 0x00, 0x47, 0x00, 0x87, 0x00, 0xe6, 0x00,
    0x40, 0x00, 0x00, 0x00, 0x00, 0x00, 0x00, 0x00, 0x00, 0x00, 0x00, 0x00, 0x00, 0x00, 0x00, 0x00,
    0x00, 0x00, 0x00, 0x00, 0x00, 0x00, 0x00, 0x00, 0x00, 0x00, 0x00, 0x00, 0x00, 0x00, 0x00, 0x00,
    0x00, 0x00, 0x00, 0x00, 0x03, 0x00, 0x27, 0x00, 0xe6, 0x00, 0xe6, 0x00, 0x27, 0x00, 0xc6, 0x00,
    0xe6, 0x00, 0x07, 0x00, 0x07, 0x00, 0x27, 0x00, 0x47, 0x00, 0x47, 0x00, 0x67, 0x00, 0x67, 0x00,
    0x06, 0x00, 0x06, 0x00, 0x26, 0x00, 0xa7, 0x00, 0x86, 0x00, 0x0a, 0x00, 0xc9, 0x00, 0x46, 0x00,
    0x29, 0x00, 0x61, 0x00, 0x61, 0x00, 0x61, 0x00, 0x41, 0x00, 0x00, 0x00, 0x00, 0x00, 0x00, 0x00,
    0xa2, 0x00, 0xc2, 0x00, 0x43, 0x00, 0xe6, 0x00, 0x47, 0x00, 0x06, 0x00, 0xa5, 0x00, 0x43, 0x00,
    0xe5, 0x00, 0x88, 0x00, 0xa8, 0x00, 0x88, 0x00, 0x67, 0x00, 0xe9, 0x00, 0xe6, 0x00, 0x20, 0x00,
    0x00, 0x00, 0x00, 0x00, 0x00, 0x00, 0x00, 0x00, 0x00, 0x00, 0x00, 0x00, 0x00, 0x00, 0x00, 0x00,
    0x00, 0x00, 0x00, 0x00, 0x00, 0x00, 0x00, 0x00, 0x00, 0x00, 0x00, 0x00, 0x00, 0x00, 0x00, 0x00,
    0x00, 0x00, 0x00, 0x00, 0x00, 0x00, 0x65, 0x00, 0x68, 0x00, 0xa5, 0x00, 0x07, 0x00, 0x68, 0x00,
    0x07, 0x00, 0xe6, 0x00, 0x06, 0x00, 0xc6, 0x00, 0xe6, 0x00, 0x47, 0x00, 0x67, 0x00, 0x67, 0x00,
    0x47, 0x00, 0xc6, 0x00, 0xc5, 0x00, 0xaa, 0x00, 0x69, 0x00, 0xa7, 0x00, 0x0b, 0x00, 0x67, 0x00,
    0x06, 0x00, 0xa7, 0x00, 0x06, 0x00, 0x46, 0x00, 0x84, 0x00, 0x61, 0x00, 0x40, 0x00, 0x20, 0x00,
    0x20, 0x00, 0x81, 0x00, 0xe3, 0x00, 0x85, 0x00, 0xc6, 0x00, 0xa5, 0x00, 0xe6, 0x00, 0x27, 0x00,
    0x06, 0x00, 0x67, 0x00, 0x67, 0x00, 0x27, 0x00, 0x06, 0x00, 0x03, 0x00, 0x00, 0x00, 0x00, 0x00,
    0x00, 0x00, 0x00, 0x00, 0x00, 0x00, 0x00, 0x00, 0x00, 0x00, 0x00, 0x00, 0x00, 0x00, 0x00, 0x00,
    0x00, 0x00, 0x00, 0x00, 0x00, 0x00, 0x00, 0x00, 0x00, 0x00, 0x00, 0x00, 0x00, 0x00, 0x00, 0x00,
    0x00, 0x00, 0x00, 0x00, 0x00, 0x00, 0x00, 0x00, 0x44, 0x00, 0x88, 0x00, 0x44, 0x00, 0xa5, 0x00,
    0x47, 0x00, 0x48, 0x00, 0x48, 0x00, 0x48, 0x00, 0xe6, 0x00, 0xa5, 0x00, 0xa5, 0x00, 0xc5, 0x00,
    0x27, 0x00, 0x67, 0x00, 0xc5, 0x00, 0x26, 0x00, 0x6a, 0x00, 0x84, 0x00, 0x47, 0x00, 0x8a, 0x00,
    0x85, 0x00, 0x06, 0x00, 0xe6, 0x00, 0x47, 0x00, 0x26, 0x00, 0xe6, 0x00, 0x26, 0x00, 0x87, 0x00,
    0xa8, 0x00, 0x88, 0x00, 0x47, 0x00, 0x67, 0x00, 0x47, 0x00, 0x27, 0x00, 0x27, 0x00, 0xe6, 0x00,
    0xe6, 0x00, 0xc6, 0x00, 0x85, 0x00, 0xe3, 0x00, 0x20, 0x00, 0x00, 0x00, 0x00, 0x00, 0x00, 0x00,
    0x00, 0x00, 0x00, 0x00, 0x00, 0x00, 0x00, 0x00, 0x00, 0x00, 0x00, 0x00, 0x00, 0x00, 0x00, 0x00,
    0x00, 0x00, 0x00, 0x00, 0x00, 0x00, 0x00, 0x00, 0x00, 0x00, 0x00, 0x00, 0x00, 0x00, 0x00, 0x00,
    0x00, 0x00, 0x00, 0x00, 0x00, 0x00, 0x00, 0x00, 0x00, 0x00, 0xc2, 0x00, 0xc5, 0x00, 0x81, 0x00,
    0x44, 0x00, 0x06, 0x00, 0x06, 0x00, 0xe6, 0x00, 0xe6, 0x00, 0xc6, 0x00, 0xc6, 0x00, 0xc6, 0x00,
    0x27, 0x00, 0x47, 0x00, 0x06, 0x00, 0x44, 0x00, 0x26, 0x00, 0x06, 0x00, 0x65, 0x00, 0x47, 0x00,
    0x26, 0x00, 0xa5, 0x00, 0x06, 0x00, 0x67, 0x00, 0x47, 0x00, 0xe6, 0x00, 0x06, 0x00, 0x88, 0x00,
    0x27, 0x00, 0x47, 0x00, 0x47, 0x00, 0x27, 0x00, 0xe6, 0x00, 0xe6, 0x00, 0x06, 0x00, 0x27, 0x00,
    0xa5, 0x00, 0x03, 0x00, 0x20, 0x00, 0x00, 0x00, 0x00, 0x00, 0x00, 0x00, 0x00, 0x00, 0x00, 0x00,
    0x00, 0x00, 0x00, 0x00, 0x00, 0x00, 0x00, 0x00, 0x00, 0x00, 0x00, 0x00, 0x00, 0x00, 0x00, 0x00,
    0x00, 0x00, 0x00, 0x00, 0x00, 0x00, 0x00, 0x00, 0x00, 0x00, 0x00, 0x00, 0x00, 0x00, 0x00, 0x00,
    0x00, 0x00, 0x00, 0x00, 0x00, 0x00, 0x00, 0x00, 0x00, 0x00, 0x00, 0x00, 0x20, 0x00, 0x61, 0x00,
    0x00, 0x00, 0xc2, 0x00, 0x64, 0x00, 0xa5, 0x00, 0xc6, 0x00, 0xa5, 0x00, 0xa5, 0x00, 0xc6, 0x00,
    0xc6, 0x00, 0xc6, 0x00, 0xc6, 0x00, 0xc6, 0x00, 0xc5, 0x00, 0xc5, 0x00, 0xc6, 0x00, 0xc5, 0x00,
    0xc5, 0x00, 0x27, 0x00, 0x27, 0x00, 0x26, 0x00, 0x27, 0x00, 0x47, 0x00, 0x47, 0x00, 0x06, 0x00,
    0xc5, 0x00, 0xa5, 0x00, 0xc6, 0x00, 0xc6, 0x00, 0xa5, 0x00, 0x64, 0x00, 0x23, 0x00, 0xe3, 0x00,
    0xa2, 0x00, 0x40, 0x00, 0x00, 0x00, 0x00, 0x00, 0x00, 0x00, 0x00, 0x00, 0x00, 0x00, 0x00, 0x00,
    0x00, 0x00, 0x00, 0x00, 0x00, 0x00, 0x00, 0x00, 0x00, 0x00, 0x00, 0x00, 0x00, 0x00, 0x00, 0x00,
    0x00, 0x00, 0x00, 0x00, 0x00, 0x00, 0x00, 0x00, 0x00, 0x00, 0x00, 0x00, 0x00, 0x00, 0x00, 0x00,
    0x00, 0x00, 0x00, 0x00, 0x00, 0x00, 0x00, 0x00, 0x00, 0x00, 0x00, 0x00, 0x00, 0x00, 0x00, 0x00,
    0x00, 0x00, 0x00, 0x00, 0x00, 0x00, 0x61, 0x00, 0xe2, 0x00, 0x23, 0x00, 0xe3, 0x00, 0x41, 0x00,
    0x61, 0x00, 0x82, 0x00, 0x81, 0x00, 0x41, 0x00, 0xc2, 0x00, 0xe2, 0x00, 0x61, 0x00, 0x61, 0x00,
    0x61, 0x00, 0xa2, 0x00, 0xe3, 0x00, 0x44, 0x00, 0xa5, 0x00, 0xe6, 0x00, 0x26, 0x00, 0x27, 0x00,
    0x27, 0x00, 0xe6, 0x00, 0x85, 0x00, 0x81, 0x00, 0x00, 0x00, 0x00, 0x00, 0x00, 0x00, 0x00, 0x00,
    0x00, 0x00, 0x00, 0x00, 0x00, 0x00, 0x00, 0x00, 0x00, 0x00, 0x00, 0x00, 0x00, 0x00, 0x00, 0x00,
    0x00, 0x00, 0x00, 0x00, 0x00, 0x00, 0x00, 0x00, 0x00, 0x00, 0x00, 0x00, 0x00, 0x00, 0x00, 0x00,
    0x00, 0x00, 0x00, 0x00, 0x00, 0x00, 0x00, 0x00, 0x00, 0x00, 0x00, 0x00, 0x00, 0x00, 0x00, 0x00,
    0x00, 0x00, 0x00, 0x00, 0x00, 0x00, 0x00, 0x00, 0x00, 0x00, 0x00, 0x00, 0x00, 0x00, 0x00, 0x00,
    0x00, 0x00, 0x00, 0x00, 0x00, 0x00, 0x00, 0x00, 0x00, 0x00, 0x00, 0x00, 0x00, 0x00, 0x00, 0x00,
    0x00, 0x00, 0x00, 0x00, 0x00, 0x00, 0x00, 0x00, 0x00, 0x00, 0x00, 0x00, 0x00, 0x00, 0x00, 0x00,
    0x00, 0x00, 0x00, 0x00, 0x00, 0x00, 0x00, 0x00, 0x00, 0x00, 0x00, 0x00, 0x20, 0x00, 0x20, 0x00,
    0x20, 0x00, 0x00, 0x00, 0x00, 0x00, 0x00, 0x00, 0x00, 0x00, 0x00, 0x00, 0x00, 0x00, 0x00, 0x00,
    0x00, 0x00, 0x00, 0x00, 0x00, 0x00, 0x00, 0x00, 0x00, 0x00, 0x00, 0x00, 0x00, 0x00, 0x00, 0x00,
    0x00, 0x00, 0x00, 0x00, 0x00, 0x00, 0x00, 0x00, 0x00, 0x00, 0x00, 0x00, 0x00, 0x00, 0x00, 0x00,
    0x00, 0x00, 0x00, 0x00, 0x00, 0x00, 0x00, 0x00, 0x00, 0x00, 0x00, 0x00, 0x00, 0x00, 0x00, 0x00,
    0x00, 0x00, 0x00, 0x00, 0x00, 0x00, 0x00, 0x00, 0x00, 0x00, 0x00, 0x00, 0x00, 0x00, 0x00, 0x00,
    0x00, 0x00, 0x00, 0x00, 0x00, 0x00, 0x00, 0x00, 0x00, 0x00, 0x00, 0x00, 0x00, 0x00, 0x00, 0x00,
    0x00, 0x00, 0x00, 0x00, 0x00, 0x00, 0x00, 0x00, 0x00, 0x00, 0x00, 0x00, 0x00, 0x00, 0x00, 0x00,
    0x00, 0x00, 0x00, 0x00, 0x00, 0x00, 0x00, 0x00, 0x00, 0x00, 0x00, 0x00, 0x00, 0x00, 0x00, 0x00,
    0x00, 0x00, 0x00, 0x00, 0x00, 0x00, 0x00, 0x00, 0x00, 0x00, 0x00, 0x00, 0x00, 0x00, 0x00, 0x00,
    0x00, 0x00, 0x00, 0x00, 0x00, 0x00, 0x00, 0x00, 0x00, 0x00, 0x00, 0x00, 0x00, 0x00, 0x00, 0x00,
    0x00, 0x00, 0x00, 0x00, 0x00, 0x00, 0x00, 0x00, 0x00, 0x00, 0x00, 0x00, 0x00, 0x00, 0x00, 0x00,
    0x00, 0x00, 0x00, 0x00, 0x00, 0x00, 0x00, 0x00, 0x00, 0x00, 0x00, 0x00, 0x00, 0x00, 0x00, 0x00,
    0x00, 0x00, 0x00, 0x00, 0x00, 0x00, 0x00, 0x00, 0x00, 0x00, 0x00, 0x00, 0x00, 0x00, 0x00, 0x00,
    0x00, 0x00, 0x00, 0x00, 0x00, 0x00, 0x00, 0x00, 0x00, 0x00, 0x00, 0x00, 0x00, 0x00, 0x00, 0x00,
    0x00, 0x00, 0x00, 0x00, 0x00, 0x00, 0x00, 0x00, 0x00, 0x00, 0x00, 0x00, 0x00, 0x00, 0x00, 0x00,
    0x00, 0x00, 0x00, 0x00, 0x00, 0x00, 0x00, 0x00, 0x00, 0x00, 0x00, 0x00, 0x00, 0x00, 0x00, 0x00,
    0x00, 0x00, 0x00, 0x00, 0x00, 0x00, 0x00, 0x00, 0x00, 0x00, 0x00, 0x00, 0x00, 0x00, 0x00, 0x00,
    0x00, 0x00, 0x00, 0x00, 0x00, 0x00, 0x00, 0x00, 0x00, 0x00, 0x00, 0x00, 0x00, 0x00, 0x00, 0x00,
    0x00, 0x00, 0x00, 0x00, 0x00, 0x00, 0x00, 0x00, 0x00, 0x00, 0x00, 0x00, 0x00, 0x00, 0x00, 0x00,
    0x00, 0x00, 0x00, 0x00, 0x00, 0x00, 0x00, 0x00, 0x00, 0x00, 0x00, 0x00, 0x00, 0x00, 0x00, 0x00,
    0x00, 0x00, 0x00, 0x00, 0x00, 0x00, 0x00, 0x00, 0x00, 0x00, 0x00, 0x00, 0x00, 0x00, 0x00, 0x00,
    0x00, 0x00, 0x00, 0x00, 0x00, 0x00, 0x00, 0x00, 0x00, 0x00, 0x00, 0x00, 0x00, 0x00, 0x00, 0x00,
    0x00, 0x00, 0x00, 0x00, 0x00, 0x00, 0x00, 0x00, 0x00, 0x00, 0x00, 0x00, 0x00, 0x00, 0x00, 0x00,
    0x00, 0x00, 0x00, 0x00, 0x00, 0x00, 0x00, 0x00, 0x00, 0x00, 0x00, 0x00, 0x00, 0x00, 0x00, 0x00,
    0x00, 0x00, 0x00, 0x00, 0x00, 0x00, 0x00, 0x00, 0x00, 0x00, 0x00, 0x00, 0x00, 0x00, 0x00, 0x00,
    0x00, 0x00, 0x00, 0x00, 0x00, 0x00, 0x00, 0x00, 0x00, 0x00, 0x00, 0x00, 0x00, 0x00, 0x00, 0x00,
    0x00, 0x00, 0x00, 0x00, 0x00, 0x00, 0x00, 0x00, 0x00, 0x00, 0x00, 0x00, 0x00, 0x00, 0x00, 0x00,
    0x00, 0x00, 0x00, 0x00, 0x00, 0x00, 0x00, 0x00, 0x00, 0x00, 0x00, 0x00, 0x00, 0x00, 0x00, 0x00,
    0x00, 0x00, 0x00, 0x00, 0x00, 0x00, 0x00, 0x00, 0x00, 0x00, 0x00, 0x00, 0x00, 0x00, 0x00, 0x00,
    0x00, 0x00, 0x00, 0x00, 0x00, 0x00, 0x00, 0x00, 0x00, 0x00, 0x00, 0x00, 0x00, 0x00, 0x00, 0x00,
    0x00, 0x00, 0x00, 0x00, 0x00, 0x00, 0x00, 0x00, 0x00, 0x00, 0x00, 0x00, 0x00, 0x00, 0x00, 0x00,
    0x00, 0x00, 0x00, 0x00, 0x00, 0x00, 0x00, 0x00, 0x00, 0x00, 0x00, 0x00, 0x00, 0x00, 0x00, 0x00,
    0x00, 0x00, 0x00, 0x00, 0x00, 0x00, 0x00, 0x00, 0x00, 0x00, 0x00, 0x00, 0x00, 0x00, 0x00, 0x75,
    0x18, 0x00, 0x00, 0x00, 0x00, 0x00, 0x00, 0x00, 0x00, 0x00, 0x00, 0x00, 0x00, 0x00, 0x00, 0x00,
    0x00, 0x00, 0x00, 0x00, 0x00, 0x00, 0x00, 0x00, 0x00, 0x00, 0x00, 0x00, 0x00, 0x00, 0x00, 0x00,
    0x00, 0x00, 0x00, 0x00, 0x00, 0x00, 0x00, 0x00, 0x00, 0x00, 0x00, 0x00, 0x00, 0x00, 0x00, 0x00,
    0x00, 0x00, 0x00, 0x00, 0x00, 0x00, 0x47, 0x01, 0x00, 0x00, 0x00, 0x00, 0x00, 0x00, 0x00, 0x3f,
    0xfb, 0x03, 0x00, 0x00, 0x00, 0x39, 0x02, 0x00, 0x00, 0x00, 0x00, 0x00, 0x00, 0x00, 0x00, 0x00,
    0x00, 0x00, 0x00, 0x00, 0x00, 0x00, 0x00, 0x00, 0x00, 0x00, 0x00, 0x00, 0x00, 0x00, 0x00, 0x00,
    0x00, 0x00, 0x00, 0x00, 0x00, 0x00, 0x00, 0x00, 0x00, 0x00, 0x00, 0x00, 0x00, 0x00, 0x00, 0x01,
    0x02, 0x00, 0x00, 0x00, 0x00, 0x01, 0xed, 0x0c, 0x00, 0x00, 0x01, 0x00, 0x00, 0x00, 0x00, 0x0a,
    0xff, 0x79, 0x00, 0x00, 0x00, 0xa5, 0x27, 0x00, 0x00, 0x00, 0x00, 0x00, 0x00, 0x00, 0x00, 0x00,
    0x00, 0x00, 0x00, 0x00, 0x00, 0x00, 0x00, 0x00, 0x00, 0x00, 0x00, 0x00, 0x00, 0x00, 0x00, 0x00,
    0x00, 0x00, 0x00, 0x00, 0x00, 0x00, 0x00, 0x00, 0x00, 0x00, 0x00, 0x00, 0x00, 0x00, 0x00, 0x46,
    0x3c, 0x00, 0x00, 0x00, 0x00, 0x00, 0xd3, 0xa2, 0x02, 0x00, 0x00, 0x94, 0x16, 0x00, 0x00, 0x00,
    0xa5, 0xff, 0x4c, 0x00, 0x00, 0xe8, 0x28, 0x00, 0x00, 0x00, 0x00, 0x00, 0x00, 0x00, 0x00, 0x00,
    0x00, 0x00, 0x00, 0x00, 0x00, 0x00, 0x00, 0x00, 0x00, 0x00, 0x00, 0x00, 0x00, 0x00, 0x00, 0x00,
    0x00, 0x00, 0x00, 0x00, 0x00, 0x00, 0x00, 0x00, 0x00, 0x00, 0x00, 0x00, 0x00, 0x00, 0x00, 0x7c,
    0xa0, 0x00, 0x00, 0x00, 0x00, 0x00, 0x34, 0xff, 0xcf, 0x55, 0x2b, 0xa5, 0xff, 0x94, 0x4c, 0x2c,
    0x5b, 0xf9, 0xff, 0x9e, 0x86, 0xeb, 0x02, 0x00, 0x02, 0x0c, 0x01, 0x00, 0x00, 0x00, 0x00, 0x00,
    0x00, 0x00, 0x00, 0x00, 0x00, 0x00, 0x00, 0x00, 0x00, 0x00, 0x00, 0x00, 0x00, 0x00, 0x00, 0x00,
    0x00, 0x00, 0x00, 0x00, 0x00, 0x00, 0x00, 0x00, 0x00, 0x00, 0x00, 0x00, 0x00, 0x00, 0x00, 0x46,
    0xff, 0x25, 0x00, 0x00, 0x06, 0x00, 0x00, 0x3b, 0xef, 0xff, 0xff, 0xff, 0xfd, 0xff, 0xff, 0xff,
    0xff, 0xff, 0xfb, 0xff, 0xff, 0x9b, 0x07, 0x3e, 0xd7, 0xff, 0xd5, 0x2f, 0x00, 0x00, 0x00, 0x00,
    0x00, 0x00, 0x00, 0x00, 0x00, 0x00, 0x00, 0x00, 0x00, 0x00, 0x00, 0x00, 0x00, 0x00, 0x00, 0x00,
    0x00, 0x00, 0x00, 0x00, 0x00, 0x00, 0x00, 0x00, 0x00, 0x00, 0x00, 0x00, 0x00, 0x00, 0x00, 0x09,
    0xff, 0xff, 0x6b, 0x10, 0x55, 0x7c, 0x28, 0x26, 0x9e, 0xf7, 0xf3, 0xfd, 0xff, 0xf9, 0xf7, 0xf7,
    0xfd, 0xff, 0xff, 0xfb, 0xf9, 0xff, 0xff, 0xff, 0xff, 0xfb, 0xff, 0xff, 0x1a, 0x00, 0x00, 0x00,
    0x00, 0x00, 0x00, 0x00, 0x00, 0x00, 0x00, 0x00, 0x00, 0x00, 0x00, 0x00, 0x00, 0x00, 0x00, 0x00,
    0x00, 0x00, 0x00, 0x00, 0x00, 0x00, 0x00, 0x00, 0x00, 0x00, 0x00, 0x00, 0x00, 0x00, 0x00, 0x00,
    0x39, 0xff, 0xff, 0xff, 0xe4, 0xff, 0xff, 0xff, 0xff, 0xff, 0xff, 0xff, 0xff, 0xff, 0xff, 0xff,
    0xff, 0xff, 0xff, 0xff, 0xff, 0xff, 0xff, 0xf9, 0xfd, 0xff, 0xf5, 0xfb, 0x85, 0x00, 0x00, 0x00,
    0x00, 0x00, 0x00, 0x00, 0x00, 0x00, 0x00, 0x00, 0x00, 0x00, 0x00, 0x00, 0x00, 0x00, 0x00, 0x00,
    0x00, 0x00, 0x00, 0x00, 0x00, 0x00, 0x00, 0x00, 0x00, 0x00, 0x00, 0x00, 0x00, 0x00, 0x00, 0x00,
    0x00, 0x20, 0xe4, 0xfd, 0xff, 0xff, 0xf5, 0xf7, 0xfd, 0xff, 0xff, 0xff, 0xff, 0xff, 0xff, 0xff,
    0xff, 0xff, 0xff, 0xff, 0xff, 0xff, 0xff, 0xff, 0xff, 0xff, 0xf9, 0xfb, 0xa0, 0x00, 0x00, 0x00,
    0x00, 0x00, 0x00, 0x00, 0x00, 0x00, 0x00, 0x00, 0x00, 0x00, 0x00, 0x00, 0x00, 0x00, 0x00, 0x00,
    0x00, 0x00, 0x00, 0x00, 0x00, 0x00, 0x00, 0x00, 0x00, 0x00, 0x00, 0x00, 0x00, 0x00, 0x02, 0x07,
    0x26, 0x89, 0xff, 0xe8, 0x4c, 0x17, 0x42, 0xda, 0xfd, 0xfd, 0xff, 0xff, 0xff, 0xff, 0xff, 0xff,
    0xff, 0xff, 0xff, 0xff, 0xff, 0xff, 0xff, 0xff, 0xff, 0xff, 0xf7, 0xff, 0x63, 0x00, 0x00, 0x00,
    0x00, 0x00, 0x00, 0x00, 0x00, 0x00, 0x00, 0x00, 0x00, 0x00, 0x00, 0x00, 0x00, 0x00, 0x00, 0x00,
    0x00, 0x00, 0x00, 0x00, 0x00, 0x00, 0x00, 0x00, 0x00, 0x00, 0x00, 0x00, 0x00, 0x00, 0x2b, 0xff,
    0xff, 0xff, 0x8b, 0x08, 0x00, 0x44, 0xf9, 0xf9, 0xff, 0xff, 0xff, 0xff, 0xff, 0xff, 0xff, 0xff,
    0xff, 0xff, 0xff, 0xff, 0xff, 0xff, 0xff, 0xff, 0xff, 0xfd, 0xf9, 0xa8, 0x11, 0x00, 0x00, 0x00,
    0x00, 0x00, 0x00, 0x00, 0x00, 0x00, 0x00, 0x00, 0x00, 0x00, 0x00, 0x00, 0x00, 0x00, 0x00, 0x00,
    0x00, 0x00, 0x00, 0x00, 0x00, 0x00, 0x00, 0x00, 0x00, 0x00, 0x00, 0x00, 0x00, 0x00, 0x00, 0x0e,
    0x1f, 0x0a, 0x00, 0x00, 0x00, 0x00, 0x5d, 0xfd, 0xfb, 0xff, 0xff, 0xff, 0xff, 0xff, 0xff, 0xff,
    0xff, 0xff, 0xff, 0xff, 0xff, 0xff, 0xff, 0xff, 0xf9, 0xff, 0x43, 0x00, 0x00, 0x00, 0x00, 0x00,
    0x00, 0x00, 0x00, 0x00, 0x00, 0x00, 0x00, 0x00, 0x00, 0x00, 0x00, 0x00, 0x00, 0x00, 0x00, 0x00,
    0x00, 0x00, 0x00, 0x00, 0x00, 0x00, 0x00, 0x00, 0x00, 0x00, 0x00, 0x00, 0x00, 0x00, 0x00, 0x00,
    0x00, 0x00, 0x00, 0x00, 0x12, 0x71, 0xde, 0xfd, 0xff, 0xff, 0xff, 0xff, 0xff, 0xff, 0xff, 0xff,
    0xff, 0xff, 0xff, 0xff, 0xff, 0xff, 0xff, 0xf9, 0xff, 0x64, 0x00, 0x00, 0x00, 0x00, 0x00, 0x00,
    0x00, 0x00, 0x00, 0x00, 0x00, 0x00, 0x00, 0x00, 0x00, 0x00, 0x00, 0x00, 0x00, 0x00, 0x00, 0x00,
    0x00, 0x00, 0x00, 0x00, 0x00, 0x00, 0x00, 0x00, 0x00, 0x00, 0x00, 0x00, 0x00, 0x00, 0x00, 0x00,
    0x00, 0x00, 0x26, 0xb4, 0xff, 0xff, 0xff, 0xff, 0xff, 0xff, 0xff, 0xff, 0xff, 0xff, 0xff, 0xff,
    0xff, 0xff, 0xff, 0xff, 0xff, 0xff, 0xff, 0xfd, 0xff, 0x09, 0x00, 0x00, 0x00, 0x00, 0x00, 0x00,
    0x00, 0x00, 0x00, 0x00, 0x00, 0x00, 0x00, 0x00, 0x00, 0x00, 0x00, 0x00, 0x00, 0x00, 0x00, 0x00,
    0x00, 0x00, 0x00, 0x00, 0x00, 0x00, 0x00, 0x00, 0x00, 0x00, 0x00, 0x00, 0x00, 0x00, 0x00, 0x00,
    0x00, 0x00, 0x1d, 0x9d, 0xf5, 0xff, 0xff, 0xff, 0xff, 0xff, 0xff, 0xff, 0xff, 0xff, 0xff, 0xff,
    0xff, 0xff, 0xff, 0xff, 0xff, 0xff, 0xff, 0xfd, 0xfd, 0x07, 0x00, 0x00, 0x00, 0x00, 0x00, 0x00,
    0x00, 0x00, 0x00, 0x00, 0x00, 0x00, 0x00, 0x00, 0x00, 0x00, 0x00, 0x00, 0x00, 0x00, 0x00, 0x00,
    0x00, 0x00, 0x00, 0x00, 0x00, 0x00, 0x00, 0x00, 0x00, 0x00, 0x00, 0x00, 0x00, 0x00, 0x00, 0x00,
    0x00, 0x00, 0x00, 0x00, 0x06, 0x20, 0xd5, 0xfd, 0xfd, 0xff, 0xff, 0xff, 0xff, 0xff, 0xff, 0xff,
    0xff, 0xff, 0xff, 0xff, 0xff, 0xff, 0xff, 0xf7, 0xff, 0x40, 0x00, 0x00, 0x00, 0x00, 0x00, 0x00,
    0x00, 0x00, 0x00, 0x00, 0x00, 0x00, 0x00, 0x00, 0x00, 0x00, 0x00, 0x00, 0x00, 0x00, 0x00, 0x00,
    0x00, 0x00, 0x00, 0x00, 0x00, 0x00, 0x00, 0x00, 0x00, 0x00, 0x00, 0x00, 0x00, 0x00, 0x00, 0x00,
    0x00, 0x00, 0x00, 0x00, 0x00, 0x61, 0xf5, 0xfb, 0xff, 0xff, 0xff, 0xff, 0xff, 0xff, 0xff, 0xff,
    0xff, 0xff, 0xff, 0xff, 0xff, 0xff, 0xff, 0xfd, 0xfb, 0xef, 0x13, 0x07, 0x00, 0x00, 0x00, 0x00,
    0x00, 0x00, 0x00, 0x00, 0x00, 0x00, 0x00, 0x00, 0x00, 0x0c, 0x25, 0x00, 0x00, 0x00, 0x00, 0x00,
    0x00, 0x00, 0x00, 0x00, 0x00, 0x00, 0x00, 0x00, 0x00, 0x00, 0x00, 0x00, 0x00, 0x00, 0x00, 0x00,
    0x00, 0x00, 0x00, 0x00, 0x86, 0xff, 0xff, 0xff, 0xff, 0xff, 0xff, 0xff, 0xff, 0xff, 0xff, 0xff,
    0xff, 0xff, 0xff, 0xff, 0xff, 0xff, 0xff, 0xff, 0xfd, 0xff, 0xf9, 0xa5, 0x00, 0x00, 0x00, 0x00,
    0x00, 0x00, 0x02, 0x00, 0x00, 0x00, 0x00, 0x00, 0x00, 0x14, 0xc1, 0x00, 0x00, 0x00, 0x00, 0x00,
    0x00, 0x00, 0x00, 0x00, 0x00, 0x00, 0x00, 0x00, 0x00, 0x00, 0x00, 0x00, 0x00, 0x00, 0x00, 0x00,
    0x00, 0x00, 0x02, 0xad, 0xff, 0xff, 0xef, 0xff, 0xff, 0xff, 0xff, 0xff, 0xff, 0xff, 0xff, 0xff,
    0xff, 0xff, 0xff, 0xff, 0xff, 0xff, 0xfb, 0xf7, 0xfb, 0xf1, 0xff, 0x59, 0x00, 0x00, 0x00, 0x00,
    0x00, 0x4b, 0x6f, 0x00, 0x02, 0x00, 0x00, 0x00, 0x00, 0x20, 0xff, 0x06, 0x00, 0x00, 0x00, 0x00,
    0x00, 0x00, 0x00, 0x00, 0x00, 0x00, 0x00, 0x00, 0x00, 0x00, 0x00, 0x00, 0x00, 0x00, 0x00, 0x00,
    0x00, 0x00, 0x12, 0x66, 0x3c, 0x16, 0x4c, 0xff, 0xf9, 0xff, 0xff, 0xff, 0xff, 0xff, 0xff, 0xff,
    0xff, 0xff, 0xff, 0xff, 0xff, 0xf1, 0xff, 0xff, 0xff, 0xff, 0xed, 0x05, 0x00, 0x00, 0x00, 0x00,
    0x45, 0xff, 0x5f, 0x63, 0xef, 0x44, 0x00, 0x00, 0x00, 0x70, 0xfd, 0x24, 0x00, 0x00, 0x00, 0x00,
    0x00, 0x00, 0x00, 0x00, 0x00, 0x00, 0x00, 0x00, 0x00, 0x00, 0x00, 0x00, 0x00, 0x00, 0x00, 0x00,
    0x00, 0x00, 0x00, 0x00, 0x00, 0x00, 0x89, 0xfd, 0xf5, 0xff, 0xff, 0xff, 0xff, 0xff, 0xff, 0xff,
    0xff, 0xff, 0xff, 0xf9, 0xff, 0x6c, 0x13, 0x70, 0xaa, 0x9b, 0x12, 0x00, 0x00, 0x00, 0x00, 0x05,
    0xfd, 0xf7, 0xff, 0xff, 0x74, 0x00, 0x00, 0x00, 0x11, 0xf9, 0xff, 0x4d, 0x00, 0x00, 0x00, 0x00,
    0x00, 0x00, 0x00, 0x00, 0x00, 0x00, 0x00, 0x00, 0x00, 0x00, 0x00, 0x00, 0x03, 0x21, 0x02, 0x0a,
    0x27, 0x01, 0x00, 0x00, 0x00, 0x00, 0xb9, 0xff, 0xff, 0xff, 0xff, 0xff, 0xff, 0xff, 0xff, 0xff,
    0xff, 0xff, 0xff, 0xfd, 0xfb, 0xe9, 0x0d, 0x00, 0x00, 0x00, 0x00, 0x00, 0x00, 0x00, 0x00, 0x23,
    0xff, 0xf7, 0xf7, 0xf7, 0x69, 0x03, 0x00, 0x03, 0xce, 0xfb, 0xff, 0x63, 0x00, 0x00, 0x00, 0x00,
    0x00, 0x00, 0x00, 0x00, 0x00, 0x00, 0x00, 0x00, 0x00, 0x00, 0x00, 0x00, 0x12, 0xff, 0xb4, 0x61,
    0xff, 0x97, 0x00, 0x00, 0x00, 0x00, 0xce, 0xe0, 0xa6, 0xff, 0xfb, 0xff, 0xff, 0xff, 0xff, 0xff,
    0xff, 0xff, 0xff, 0xff, 0xfd, 0xff, 0xf7, 0x27, 0x00, 0x00, 0x00, 0x00, 0x00, 0x00, 0x00, 0x24,
    0xff, 0xf7, 0xff, 0xf5, 0xff, 0x74, 0x00, 0x8b, 0xff, 0xef, 0xff, 0x61, 0x00, 0x00, 0x00, 0x00,
    0x00, 0x00, 0x00, 0x00, 0x00, 0x00, 0x00, 0x00, 0x00, 0x00, 0x00, 0x04, 0x14, 0xf3, 0xff, 0xff,
    0xf3, 0xff, 0x13, 0x00, 0x00, 0x00, 0x94, 0x10, 0x35, 0xfd, 0xf7, 0xfb, 0xfd, 0xff, 0xff, 0xff,
    0xff, 0xff, 0xff, 0xff, 0xff, 0xfd, 0xfd, 0xff, 0x47, 0x00, 0x00, 0x00, 0x00, 0x00, 0x00, 0x31,
    0xff, 0xf7, 0xf9, 0xff, 0x34, 0x04, 0x16, 0xff, 0xf7, 0xf7, 0xfd, 0x42, 0x00, 0x00, 0x00, 0x00,
    0x00, 0x00, 0x00, 0x00, 0x00, 0x00, 0x00, 0x00, 0x00, 0x00, 0x09, 0xde, 0xfd, 0xfb, 0xfb, 0xf9,
    0xf7, 0xfd, 0x5f, 0x00, 0x00, 0x00, 0x02, 0x00, 0x17, 0xff, 0xf9, 0xff, 0xff, 0xff, 0xff, 0xff,
    0xff, 0xff, 0xff, 0xff, 0xff, 0xff, 0xfd, 0xf7, 0xff, 0x4e, 0x00, 0x00, 0x00, 0x00, 0x00, 0x86,
    0xff, 0xf3, 0xff, 0xba, 0x00, 0x00, 0x73, 0xfd, 0xf7, 0xf9, 0xff, 0x1c, 0x00, 0x00, 0x00, 0x00,
    0x00, 0x00, 0x00, 0x00, 0x00, 0x00, 0x00, 0x00, 0x00, 0x00, 0x04, 0x37, 0xff, 0xfb, 0xff, 0xff,
    0xfb, 0xff, 0xaa, 0x00, 0x00, 0x00, 0x00, 0x00, 0x00, 0xc5, 0xff, 0x61, 0xc8, 0xfd, 0xfd, 0xff,
    0xff, 0xff, 0xff, 0xff, 0xff, 0xff, 0xff, 0xff, 0xf7, 0xff, 0x70, 0x00, 0x00, 0x00, 0x11, 0xfb,
    0xf9, 0xfb, 0xe0, 0x09, 0x00, 0x00, 0xc1, 0xff, 0xf9, 0xf9, 0xf1, 0x03, 0x00, 0x00, 0x00, 0x00,
    0x00, 0x00, 0x00, 0x00, 0x00, 0x00, 0x00, 0x00, 0x00, 0x00, 0x00, 0x00, 0x29, 0xfb, 0xfb, 0xff,
    0xff, 0xfb, 0xf7, 0x0f, 0x00, 0x00, 0x00, 0x00, 0x00, 0x1a, 0xef, 0x00, 0x44, 0xff, 0xf7, 0xff,
    0xff, 0xff, 0xff, 0xff, 0xff, 0xff, 0xff, 0xff, 0xff, 0xf5, 0xff, 0x59, 0x0c, 0x26, 0xd7, 0xff,
    0xf3, 0xff, 0x4b, 0x00, 0x00, 0x03, 0xed, 0xff, 0xf1, 0xff, 0x5d, 0x00, 0x00, 0x00, 0x00, 0x00,
    0x00, 0x00, 0x00, 0x00, 0x00, 0x00, 0x00, 0x00, 0x00, 0x00, 0x00, 0x00, 0x57, 0xff, 0xff, 0xf7,
    0xf7, 0xf9, 0xfd, 0xd9, 0x36, 0x02, 0x00, 0x00, 0x00, 0x00, 0x0e, 0x00, 0x02, 0xc8, 0xff, 0xfb,
    0xff, 0xff, 0xff, 0xff, 0xff, 0xff, 0xff, 0xff, 0xff, 0xff, 0xfb, 0xff, 0xff, 0xff, 0xff, 0xfd,
    0xfb, 0xff, 0x0f, 0x00, 0x01, 0x69, 0xef, 0xff, 0xff, 0x80, 0x01, 0x00, 0x00, 0x00, 0x00, 0x00,
    0x00, 0x00, 0x00, 0x00, 0x00, 0x00, 0x00, 0x00, 0x00, 0x00, 0x00, 0x3e, 0xff, 0xeb, 0xf3, 0xff,
    0xff, 0xff, 0xfd, 0xff, 0xff, 0xd3, 0x2d, 0x00, 0x00, 0x00, 0x00, 0x00, 0x00, 0x5c, 0xff, 0xf7,
    0xff, 0xff, 0xff, 0xff, 0xff, 0xff, 0xff, 0xff, 0xff, 0xff, 0xff, 0xfb, 0xfd, 0xf9, 0xfd, 0xfb,
    0xfd, 0xce, 0x00, 0x00, 0x08, 0xff, 0xfd, 0xe6, 0x39, 0x00, 0x00, 0x00, 0x00, 0x00, 0x00, 0x00,
    0x00, 0x00, 0x00, 0x00, 0x00, 0x00, 0x00, 0x00, 0x00, 0x00, 0x00, 0x26, 0x1c, 0x04, 0x05, 0x3e,
    0x66, 0xad, 0xff, 0xf9, 0xf7, 0xff, 0xff, 0xa0, 0x27, 0x12, 0x1c, 0x3a, 0x97, 0xfb, 0xfd, 0xff,
    0xff, 0xff, 0xff, 0xff, 0xff, 0xff, 0xff, 0xff, 0xff, 0xff, 0xff, 0xff, 0xff, 0xff, 0xff, 0xf5,
    0xff, 0x4d, 0x00, 0x00, 0x1c, 0xfd, 0xf7, 0xe9, 0x5d, 0x0b, 0x00, 0x00, 0x00, 0x00, 0x00, 0x00,
    0x00, 0x00, 0x00, 0x00, 0x00, 0x00, 0x00, 0x00, 0x00, 0x00, 0x00, 0x00, 0x00, 0x00, 0x00, 0x00,
    0x00, 0x03, 0xe2, 0xff, 0xfb, 0xfd, 0xf9, 0xff, 0xff, 0xff, 0xff, 0xff, 0xff, 0xff, 0xff, 0xff,
    0xff, 0xff, 0xff, 0xff, 0xff, 0xff, 0xff, 0xff, 0xff, 0xff, 0xff, 0xff, 0xff, 0xff, 0xf5, 0xff,
    0xe4, 0x03, 0x00, 0x00, 0x41, 0xff, 0xff, 0x8b, 0x07, 0x00, 0x00, 0x00, 0x00, 0x00, 0x00, 0x00,
    0x00, 0x00, 0x00, 0x00, 0x00, 0x00, 0x00, 0x00, 0x00, 0x00, 0x00, 0x00, 0x00, 0x00, 0x00, 0x00,
    0x00, 0x00, 0x0c, 0xdc, 0xfb, 0xfd, 0xff, 0xfb, 0xf9, 0xfb, 0xf9, 0xf7, 0xf9, 0xff, 0xff, 0xff,
    0xff, 0xff, 0xff, 0xff, 0xff, 0xff, 0xff, 0xff, 0xff, 0xff, 0xff, 0xff, 0xff, 0xff, 0xff, 0xf7,
    0x1c, 0x00, 0x00, 0x00, 0x6b, 0xff, 0xda, 0x01, 0x00, 0x00, 0x00, 0x00, 0x00, 0x00, 0x00, 0x00,
    0x00, 0x00, 0x00, 0x00, 0x00, 0x00, 0x00, 0x00, 0x00, 0x00, 0x00, 0x00, 0x0b, 0x52, 0x7b, 0x9a,
    0xaa, 0x9a, 0x58, 0x9b, 0xff, 0xfb, 0xff, 0xff, 0xff, 0xff, 0xff, 0xff, 0xff, 0xff, 0xff, 0xff,
    0xff, 0xff, 0xff, 0xff, 0xff, 0xff, 0xff, 0xff, 0xff, 0xff, 0xff, 0xf9, 0xff, 0x7b, 0x19, 0x0a,
    0x00, 0x00, 0x00, 0x00, 0x83, 0xff, 0x8c, 0x00, 0x00, 0x00, 0x00, 0x00, 0x00, 0x00, 0x00, 0x00,
    0x00, 0x00, 0x00, 0x00, 0x00, 0x00, 0x00, 0x00, 0x00, 0x00, 0x00, 0x00, 0x05, 0x58, 0xf3, 0xff,
    0xff, 0xff, 0xff, 0xff, 0xff, 0xff, 0xff, 0xff, 0xff, 0xff, 0xff, 0xff, 0xff, 0xff, 0xff, 0xff,
    0xff, 0xff, 0xff, 0xff, 0xff, 0xff, 0xff, 0xff, 0xff, 0xff, 0xff, 0xf9, 0xff, 0x83, 0x00, 0x00,
    0x00, 0x00, 0x00, 0x00, 0x88, 0xff, 0x7e, 0x00, 0x00, 0x00, 0x00, 0x00, 0x00, 0x00, 0x00, 0x00,
    0x00, 0x00, 0x00, 0x00, 0x00, 0x00, 0x00, 0x00, 0x00, 0x00, 0x03, 0x30, 0x73, 0xa0, 0xe4, 0xf9,
    0xf9, 0xf9, 0xf7, 0xfd, 0xff, 0xff, 0xff, 0xff, 0xff, 0xff, 0xff, 0xff, 0xff, 0xff, 0xff, 0xff,
    0xff, 0xff, 0xff, 0xff, 0xff, 0xff, 0xff, 0xff, 0xff, 0xff, 0xff, 0xfb, 0xff, 0xb0, 0x00, 0x00,
    0x00, 0x00, 0x00, 0x00, 0x78, 0xff, 0x8f, 0x00, 0x00, 0x00, 0x00, 0x00, 0x00, 0x00, 0x00, 0x00,
    0x00, 0x00, 0x00, 0x00, 0x00, 0x00, 0x00, 0x00, 0x00, 0x2e, 0xdc, 0xff, 0xff, 0xff, 0xff, 0xff,
    0xff, 0xff, 0xff, 0xff, 0xff, 0xff, 0xff, 0xff, 0xff, 0xff, 0xff, 0xff, 0xff, 0xff, 0xff, 0xff,
    0xff, 0xff, 0xff, 0xff, 0xff, 0xff, 0xff, 0xff, 0xff, 0xff, 0xff, 0xf9, 0xff, 0x9e, 0x00, 0x00,
    0x00, 0x00, 0x00, 0x00, 0x4c, 0xfd, 0xce, 0x00, 0x1c, 0x06, 0x00, 0x00, 0x00, 0x00, 0x00, 0x00,
    0x00, 0x00, 0x00, 0x00, 0x00, 0x00, 0x00, 0x00, 0x5e, 0xff, 0xff, 0xf7, 0xf9, 0xfb, 0xff, 0xff,
    0xff, 0xff, 0xff, 0xff, 0xff, 0xff, 0xff, 0xff, 0xff, 0xff, 0xff, 0xff, 0xff, 0xff, 0xff, 0xff,
    0xff, 0xff, 0xff, 0xff, 0xff, 0xff, 0xff, 0xff, 0xff, 0xff, 0xff, 0xf7, 0xff, 0x58, 0x00, 0x00,
    0x00, 0x00, 0x00, 0x00, 0x16, 0xff, 0xff, 0x0b, 0xa2, 0x23, 0x00, 0x00, 0x00, 0x00, 0x00, 0x00,
    0x00, 0x00, 0x00, 0x00, 0x00, 0x00, 0x00, 0x01, 0x2f, 0x5c, 0xed, 0xfd, 0xff, 0xff, 0xff, 0xff,
    0xff, 0xff, 0xff, 0xff, 0xff, 0xff, 0xff, 0xff, 0xff, 0xff, 0xff, 0xff, 0xff, 0xff, 0xff, 0xff,
    0xff, 0xff, 0xff, 0xff, 0xff, 0xff, 0xff, 0xff, 0xff, 0xff, 0xff, 0xfb, 0xff, 0x0e, 0x00, 0x00,
    0x00, 0x00, 0x00, 0x00, 0x00, 0xa3, 0xff, 0x79, 0xe0, 0x50, 0x00, 0x00, 0x00, 0x00, 0x00, 0x00,
    0x00, 0x00, 0x00, 0x00, 0x00, 0x00, 0x00, 0x00, 0x1f, 0xd9, 0xfd, 0xfd, 0xff, 0xff, 0xff, 0xff,
    0xff, 0xff, 0xff, 0xff, 0xff, 0xff, 0xff, 0xff, 0xff, 0xff, 0xff, 0xff, 0xff, 0xff, 0xff, 0xff,
    0xff, 0xff, 0xff, 0xff, 0xff, 0xff, 0xff, 0xff, 0xff, 0xff, 0xf9, 0xff, 0x9e, 0x00, 0x00, 0x00,
    0x00, 0x00, 0x00, 0x00, 0x12, 0x92, 0xf9, 0xf9, 0xff, 0x8b, 0x00, 0x00, 0x00, 0x00, 0x00, 0x00,
    0x00, 0x00, 0x00, 0x00, 0x00, 0x00, 0x00, 0x2f, 0xff, 0xff, 0xfd, 0xff, 0xff, 0xff, 0xff, 0xff,
    0xff, 0xff, 0xff, 0xff, 0xff, 0xff, 0xff, 0xff, 0xff, 0xff, 0xff, 0xff, 0xff, 0xff, 0xff, 0xff,
    0xff, 0xff, 0xff, 0xff, 0xff, 0xff, 0xff, 0xff, 0xff, 0xff, 0xfb, 0xf1, 0x0a, 0x00, 0x00, 0x00,
    0x00, 0x00, 0x00, 0x00, 0x02, 0x98, 0xff, 0xf5, 0xff, 0xc1, 0x00, 0x00, 0x00, 0x00, 0x00, 0x00,
    0x00, 0x00, 0x00, 0x00, 0x00, 0x00, 0x0c, 0xff, 0xf7, 0xfd, 0xff, 0xff, 0xff, 0xff, 0xff, 0xff,
    0xff, 0xff, 0xff, 0xff, 0xff, 0xff, 0xff, 0xff, 0xff, 0xff, 0xff, 0xff, 0xff, 0xff, 0xff, 0xff,
    0xff, 0xff, 0xff, 0xff, 0xff, 0xff, 0xff, 0xff, 0xff, 0xfd, 0xfd, 0xe0, 0x2a, 0x01, 0x00, 0x00,
    0x00, 0x00, 0x00, 0x00, 0x00, 0x02, 0xe0, 0xfb, 0xff, 0xdc, 0x01, 0x00, 0x00, 0x00, 0x00, 0x00,
    0x00, 0x00, 0x00, 0x00, 0x00, 0x00, 0x95, 0xff, 0xf9, 0xff, 0xff, 0xff, 0xff, 0xff, 0xff, 0xff,
    0xff, 0xf9, 0xfd, 0xf9, 0xf9, 0xff, 0xff, 0xff, 0xff, 0xff, 0xff, 0xff, 0xff, 0xff, 0xff, 0xff,
    0xff, 0xff, 0xff, 0xff, 0xff, 0xff, 0xff, 0xff, 0xff, 0xff, 0xff, 0xff, 0xff, 0xc8, 0x0b, 0x00,
    0x00, 0x00, 0x00, 0x00, 0x00, 0x00, 0x4c, 0xff, 0xff, 0xe2, 0x01, 0x00, 0x00, 0x00, 0x00, 0x00,
    0x00, 0x00, 0x00, 0x00, 0x00, 0x0a, 0xfb, 0xfd, 0xff, 0xff, 0xff, 0xff, 0xff, 0xff, 0xff, 0xff,
    0xff, 0xff, 0xff, 0xff, 0xff, 0xfb, 0xff, 0xff, 0xff, 0xff, 0xff, 0xff, 0xff, 0xff, 0xff, 0xff,
    0xff, 0xff, 0xff, 0xff, 0xff, 0xff, 0xff, 0xff, 0xff, 0xff, 0xff, 0xff, 0xf3, 0xff, 0xa3, 0x00,
    0x00, 0x00, 0x00, 0x00, 0x00, 0x00, 0x0c, 0xff, 0xff, 0xcf, 0x07, 0x01, 0x00, 0x00, 0x00, 0x00,
    0x00, 0x00, 0x00, 0x00, 0x00, 0x35, 0xff, 0xed, 0xff, 0xff, 0xff, 0xff, 0xff, 0xff, 0xff, 0xfd,
    0xf9, 0x3c, 0x0c, 0x1f, 0x8e, 0xff, 0xfd, 0xfd, 0xff, 0xff, 0xff, 0xff, 0xff, 0xff, 0xff, 0xff,
    0xff, 0xff, 0xff, 0xff, 0xff, 0xff, 0xff, 0xff, 0xff, 0xff, 0xff, 0xff, 0xfb, 0xfb, 0xc8, 0x00,
    0x00, 0x00, 0x00, 0x00, 0x00, 0x01, 0x04, 0xe8, 0xff, 0xc1, 0x66, 0x01, 0x00, 0x00, 0x00, 0x00,
    0x00, 0x00, 0x00, 0x00, 0x00, 0x6c, 0x8e, 0xba, 0xff, 0xfd, 0xff, 0xff, 0xff, 0xff, 0xf7, 0xff,
    0x5e, 0x00, 0x00, 0x00, 0x00, 0x2f, 0xfd, 0xfb, 0xfd, 0xff, 0xff, 0xff, 0xff, 0xff, 0xff, 0xff,
    0xff, 0xff, 0xff, 0xfd, 0xf7, 0xf9, 0xff, 0xff, 0xff, 0xff, 0xff, 0xff, 0xf9, 0xfb, 0x8e, 0x00,
    0x00, 0x00, 0x00, 0x00, 0x00, 0x11, 0x6c, 0xd7, 0xfd, 0xfb, 0x8f, 0x00, 0x00, 0x00, 0x00, 0x00,
    0x00, 0x00, 0x00, 0x00, 0x00, 0x0b, 0x08, 0xf1, 0xff, 0xfd, 0xff, 0xff, 0xff, 0xff, 0xf7, 0xff,
    0x23, 0x00, 0x00, 0x00, 0x00, 0x00, 0x25, 0xff, 0xf9, 0xff, 0xff, 0xff, 0xff, 0xff, 0xff, 0xff,
    0xff, 0xfb, 0xf7, 0xff, 0xff, 0xff, 0xfb, 0xff, 0xff, 0xff, 0xff, 0xff, 0xf7, 0xff, 0x25, 0x00,
    0x00, 0x00, 0x00, 0x00, 0x00, 0x07, 0xff, 0xff, 0xf5, 0xff, 0x38, 0x00, 0x00, 0x00, 0x00, 0x00,
    0x00, 0x00, 0x00, 0x00, 0x00, 0x00, 0x05, 0xff, 0xff, 0xfd, 0xff, 0xff, 0xff, 0xff, 0xf7, 0xff,
    0x58, 0x00, 0x00, 0x00, 0x00, 0x00, 0x00, 0x78, 0xff, 0xf9, 0xff, 0xff, 0xff, 0xfd, 0xf7, 0xf7,
    0xfb, 0xff, 0xff, 0xed, 0x73, 0x9d, 0xff, 0xff, 0xff, 0xff, 0xff, 0xf9, 0xff, 0x95, 0x00, 0x00,
    0x00, 0x00, 0x00, 0x00, 0x00, 0x09, 0xfb, 0xfb, 0xfd, 0xf3, 0x05, 0x00, 0x00, 0x00, 0x00, 0x00,
    0x00, 0x00, 0x00, 0x00, 0x00, 0x00, 0x02, 0xe4, 0xff, 0xfd, 0xff, 0xff, 0xff, 0xff, 0xfd, 0xfb,
    0xed, 0x0b, 0x00, 0x00, 0x00, 0x00, 0x00, 0x04, 0xd7, 0xfd, 0xfd, 0xff, 0xff, 0xff, 0xff, 0xff,
    0xff, 0xc3, 0x49, 0x05, 0x00, 0x00, 0x33, 0xfb, 0xfb, 0xff, 0xfb, 0xfd, 0xe2, 0x04, 0x00, 0x00,
    0x00, 0x00, 0x00, 0x00, 0x00, 0x4d, 0xff, 0xf1, 0xff, 0x75, 0x00, 0x00, 0x00, 0x00, 0x00, 0x00,
    0x00, 0x00, 0x00, 0x00, 0x00, 0x00, 0x00, 0xaa, 0xff, 0xfb, 0xff, 0xff, 0xff, 0xff, 0xff, 0xfb,
    0xff, 0xd5, 0x14, 0x00, 0x00, 0x00, 0x00, 0x00, 0x31, 0xff, 0xf7, 0xfd, 0xff, 0xdc, 0x5e, 0x39,
    0x12, 0x00, 0x00, 0x00, 0x00, 0x00, 0x00, 0x6d, 0xff, 0xf7, 0xf9, 0xfb, 0x20, 0x00, 0x00, 0x00,
    0x00, 0x02, 0x00, 0x00, 0x1c, 0xf7, 0xf9, 0xfb, 0xfb, 0x08, 0x00, 0x00, 0x00, 0x00, 0x00, 0x00,
    0x00, 0x00, 0x00, 0x00, 0x00, 0x00, 0x00, 0x51, 0xff, 0xf3, 0xff, 0xff, 0xff, 0xff, 0xff, 0xff,
    0xfd, 0xff, 0xff, 0x71, 0x11, 0x00, 0x00, 0x00, 0x62, 0xff, 0xf7, 0xfb, 0xff, 0x18, 0x00, 0x00,
    0x00, 0x00, 0x00, 0x00, 0x00, 0x00, 0x00, 0x7c, 0xff, 0xf5, 0xff, 0xca, 0x03, 0x01, 0x0b, 0x23,
    0x8e, 0xe8, 0x5b, 0x3e, 0xff, 0xfd, 0xf7, 0xfb, 0x46, 0x00, 0x00, 0x00, 0x00, 0x00, 0x00, 0x00,
    0x00, 0x00, 0x00, 0x00, 0x00, 0x00, 0x00, 0x09, 0xff, 0xff, 0xfd, 0xff, 0xff, 0xff, 0xff, 0xff,
    0xff, 0xfd, 0xfb, 0xff, 0x7e, 0x02, 0x00, 0x00, 0xb2, 0xff, 0xf9, 0xfd, 0xff, 0x0c, 0x00, 0x00,
    0x00, 0x00, 0x00, 0x00, 0x00, 0x00, 0x0a, 0xff, 0xf5, 0xf7, 0xf9, 0xfd, 0xe9, 0xce, 0xff, 0xff,
    0xff, 0xff, 0xff, 0xff, 0xff, 0xfd, 0xf9, 0xe6, 0x2a, 0x00, 0x00, 0x00, 0x00, 0x00, 0x00, 0x00,
    0x00, 0x00, 0x00, 0x00, 0x00, 0x00, 0x00, 0x00, 0x59, 0x9b, 0xf1, 0xfb, 0xff, 0xff, 0xff, 0xff,
    0xff, 0xff, 0xfd, 0xf7, 0xf3, 0xbc, 0x56, 0x16, 0x7b, 0xff, 0xf9, 0xfb, 0xfd, 0xc0, 0x14, 0x09,
    0x02, 0x00, 0x00, 0x00, 0x00, 0x00, 0x0c, 0xf9, 0xff, 0xff, 0xff, 0xff, 0xff, 0xff, 0xfd, 0xf7,
    0xf9, 0xfd, 0xf9, 0xf7, 0xfd, 0xf5, 0xff, 0xc7, 0x06, 0x00, 0x00, 0x00, 0x00, 0x00, 0x00, 0x00,
    0x00, 0x00, 0x00, 0x00, 0x00, 0x00, 0x00, 0x00, 0x00, 0x01, 0x6c, 0xff, 0xf5, 0xff, 0xfd, 0xff,
    0xff, 0xff, 0xff, 0xff, 0xff, 0xff, 0xff, 0xff, 0xf5, 0xff, 0xff, 0xff, 0xff, 0xff, 0xff, 0xff,
    0xd3, 0x20, 0x10, 0x0c, 0x07, 0x00, 0x00, 0x05, 0x2d, 0x50, 0x83, 0xed, 0xfd, 0xfb, 0xff, 0xff,
    0xff, 0xff, 0xfd, 0xf7, 0xfd, 0xff, 0xaf, 0x05, 0x00, 0x00, 0x00, 0x00, 0x00, 0x00, 0x00, 0x00,
    0x00, 0x00, 0x00, 0x00, 0x00, 0x00, 0x00, 0x00, 0x00, 0x00, 0x01, 0xa6, 0xff, 0xf5, 0xff, 0xff,
    0xfb, 0xff, 0xff, 0xff, 0xff, 0xfb, 0xf7, 0xf9, 0xff, 0xff, 0xff, 0xff, 0xff, 0xfb, 0xfb, 0xff,
    0xff, 0xff, 0xff, 0xff, 0xcf, 0x1f, 0x0a, 0x07, 0x0b, 0x1f, 0x64, 0xe9, 0xfd, 0xfd, 0xff, 0xff,
    0xff, 0xff, 0xff, 0xff, 0xf9, 0x58, 0x01, 0x00, 0x00, 0x00, 0x00, 0x00, 0x00, 0x00, 0x00, 0x00,
    0x00, 0x00, 0x00, 0x00, 0x00, 0x00, 0x00, 0x00, 0x00, 0x00, 0x00, 0x01, 0x8e, 0xff, 0xe0, 0xfd,
    0xff, 0xf7, 0xfb, 0xff, 0xff, 0xff, 0xff, 0xfd, 0xff, 0xff, 0xff, 0xff, 0xff, 0xff, 0xff, 0xff,
    0xfd, 0xf9, 0xfb, 0xfd, 0xfb, 0xff, 0xff, 0xff, 0xff, 0xff, 0xff, 0xff, 0xfd, 0xfb, 0xf7, 0xf7,
    0xf7, 0xef, 0xc5, 0x5b, 0x09, 0x00, 0x00, 0x00, 0x00, 0x00, 0x00, 0x00, 0x00, 0x00, 0x00, 0x00,
    0x00, 0x00, 0x00, 0x00, 0x00, 0x00, 0x00, 0x00, 0x00, 0x00, 0x00, 0x00, 0x00, 0x43, 0xcf, 0x5b,
    0xc7, 0xff, 0xff, 0xfd, 0xf7, 0xf7, 0xff, 0xff, 0xf9, 0xf7, 0xf7, 0xf7, 0xf7, 0xfb, 0xfb, 0xf7,
    0xf7, 0xf7, 0xf7, 0xf9, 0xfb, 0xfb, 0xfd, 0xfd, 0xf9, 0xf5, 0xf5, 0xff, 0xff, 0xff, 0xff, 0xff,
    0xff, 0x75, 0x08, 0x00, 0x00, 0x00, 0x00, 0x00, 0x00, 0x00, 0x00, 0x00, 0x00, 0x00, 0x00, 0x00,
    0x00, 0x00, 0x00, 0x00, 0x00, 0x00, 0x00, 0x00, 0x00, 0x00, 0x00, 0x00, 0x00, 0x00, 0x07, 0x0c,
    0x01, 0x3d, 0xb7, 0xff, 0xff, 0xff, 0xfd, 0xfb, 0xff, 0xff, 0xff, 0xff, 0xff, 0xff, 0xff, 0xff,
    0xff, 0xff, 0xff, 0xff, 0xff, 0xff, 0xff, 0xfd, 0xff, 0xff, 0xff, 0xfd, 0xd3, 0x9e, 0x6b, 0x40,
    0x1e, 0x07, 0x00, 0x00, 0x00, 0x00, 0x00, 0x00, 0x00, 0x00, 0x00, 0x00, 0x00, 0x00, 0x00, 0x00,
    0x00, 0x00, 0x00, 0x00, 0x00, 0x00, 0x00, 0x00, 0x00, 0x00, 0x00, 0x00, 0x00, 0x00, 0x00, 0x00,
    0x00, 0x00, 0x00, 0x0f, 0x3a, 0x70, 0x77, 0x1d, 0x1a, 0x2d, 0x2b, 0x28, 0x55, 0x91, 0x26, 0x22,
    0x31, 0x46, 0x69, 0x94, 0xc0, 0xe4, 0xff, 0xff, 0xfd, 0xde, 0xa6, 0x27, 0x01, 0x00, 0x00, 0x00,
    0x00, 0x00, 0x00, 0x00, 0x00, 0x00, 0x00, 0x00, 0x00, 0x00, 0x00, 0x00, 0x00, 0x00, 0x00, 0x00,
    0x00, 0x00, 0x00, 0x00, 0x00, 0x00, 0x00, 0x00, 0x00, 0x00, 0x00, 0x00, 0x00, 0x00, 0x00, 0x00,
    0x00, 0x00, 0x00, 0x00, 0x00, 0x00, 0x00, 0x00, 0x00, 0x00, 0x00, 0x00, 0x00, 0x00, 0x00, 0x00,
    0x00, 0x00, 0x00, 0x00, 0x00, 0x02, 0x07, 0x09, 0x06, 0x02, 0x00, 0x00, 0x00, 0x00, 0x00, 0x00,
    0x00, 0x00, 0x00, 0x00, 0x00, 0x00, 0x00, 0x00, 0x00, 0x00, 0x00, 0x00, 0x00, 0x00, 0x00, 0x00,
    0x00, 0x00, 0x00, 0x00, 0x00, 0x00, 0x00, 0x00, 0x00, 0x00, 0x00, 0x00, 0x00, 0x00, 0x00, 0x00,
    0x00, 0x00, 0x00, 0x00, 0x00, 0x00, 0x00, 0x00, 0x00, 0x00, 0x00, 0x00, 0x00, 0x00, 0x00, 0x00,
    0x00, 0x00, 0x00, 0x00, 0x00, 0x00, 0x00, 0x00, 0x00, 0x00, 0x00, 0x00, 0x00, 0x00, 0x00, 0x00,
    0x00, 0x00, 0x00, 0x00, 0x00, 0x00, 0x00, 0x00, 0x00, 0x00, 0x00, 0x00, 0x00, 0x00, 0x00, 0x00,
    0x00, 0x00, 0x00, 0x00, 0x00, 0x00, 0x00, 0x00, 0x00, 0x00, 0x00, 0x00, 0x00, 0x00, 0x00, 0x00,
    0x00, 0x00, 0x00, 0x00, 0x00, 0x00, 0x00, 0x00, 0x00, 0x00, 0x00, 0x00, 0x00, 0x00, 0x00, 0x00,
    0x00, 0x00, 0x00, 0x00, 0x00, 0x00, 0x00, 0x00, 0x00, 0x00, 0x00, 0x00, 0x00, 0x00, 0x00, 0x00,
    0x00, 0x00, 0x00, 0x00, 0x00, 0x00, 0x00, 0x00, 0x00, 0x00, 0x00, 0x00, 0x00, 0x00, 0x00, 0x00,
};

const lv_image_dsc_t happy_frame_2_dsc = {
    .header.w = 64,
    .header.h = 64,
    .header.cf = LV_COLOR_FORMAT_RGB565A8,
    .data_size = 12288,
    .data = happy_frame_2_data,
};

/* Frame 3: frame_003.png */
static const uint8_t happy_frame_3_data[] = {
    0x00, 0x00, 0x00, 0x00, 0x00, 0x00, 0x00, 0x00, 0x00, 0x00, 0x00, 0x00, 0x00, 0x00, 0x00, 0x00,
    0x00, 0x00, 0x00, 0x00, 0x00, 0x00, 0x00, 0x00, 0x00, 0x00, 0x00, 0x00, 0x00, 0x00, 0x00, 0x00,
    0x00, 0x00, 0x00, 0x00, 0x00, 0x00, 0x00, 0x00, 0x00, 0x00, 0x00, 0x00, 0x00, 0x00, 0x00, 0x00,
    0x00, 0x00, 0x00, 0x00, 0x00, 0x00, 0x00, 0x00, 0x00, 0x00, 0x00, 0x00, 0x00, 0x00, 0x00, 0x00,
    0x00, 0x00, 0x00, 0x00, 0x00, 0x00, 0x00, 0x00, 0x00, 0x00, 0x00, 0x00, 0x00, 0x00, 0x00, 0x00,
    0x00, 0x00, 0x00, 0x00, 0x00, 0x00, 0x00, 0x00, 0x00, 0x00, 0x00, 0x00, 0x00, 0x00, 0x00, 0x00,
    0x00, 0x00, 0x00, 0x00, 0x00, 0x00, 0x00, 0x00, 0x00, 0x00, 0x00, 0x00, 0x00, 0x00, 0x00, 0x00,
    0x00, 0x00, 0x00, 0x00, 0x00, 0x00, 0x00, 0x00, 0x00, 0x00, 0x00, 0x00, 0x00, 0x00, 0x00, 0x00,
    0x00, 0x00, 0x00, 0x00, 0x00, 0x00, 0x00, 0x00, 0x00, 0x00, 0x00, 0x00, 0x00, 0x00, 0x00, 0x00,
    0x00, 0x00, 0x00, 0x00, 0x00, 0x00, 0x00, 0x00, 0x00, 0x00, 0x00, 0x00, 0x00, 0x00, 0x00, 0x00,
    0x00, 0x00, 0x00, 0x00, 0x00, 0x00, 0x00, 0x00, 0x00, 0x00, 0x00, 0x00, 0x00, 0x00, 0x00, 0x00,
    0x00, 0x00, 0x00, 0x00, 0x00, 0x00, 0x00, 0x00, 0x00, 0x00, 0x00, 0x00, 0x00, 0x00, 0x00, 0x00,
    0x00, 0x00, 0x00, 0x00, 0x00, 0x00, 0x00, 0x00, 0x00, 0x00, 0x20, 0x00, 0x00, 0x00, 0x00, 0x00,
    0x00, 0x00, 0x00, 0x00, 0x00, 0x00, 0x00, 0x00, 0x00, 0x00, 0x00, 0x00, 0x00, 0x00, 0x00, 0x00,
    0x00, 0x00, 0x00, 0x00, 0x00, 0x00, 0x00, 0x00, 0x00, 0x00, 0x00, 0x00, 0x00, 0x00, 0x00, 0x00,
    0x00, 0x00, 0x00, 0x00, 0x00, 0x00, 0x00, 0x00, 0x00, 0x00, 0x00, 0x00, 0x00, 0x00, 0x00, 0x00,
    0x00, 0x00, 0x00, 0x00, 0x00, 0x00, 0x00, 0x00, 0x00, 0x00, 0x00, 0x00, 0x00, 0x00, 0x00, 0x00,
    0x00, 0x00, 0x00, 0x00, 0x00, 0x00, 0x00, 0x00, 0xc4, 0x00, 0x61, 0x00, 0x00, 0x00, 0x00, 0x00,
    0x00, 0x00, 0x00, 0x00, 0x00, 0x00, 0x00, 0x00, 0x00, 0x00, 0x00, 0x00, 0x00, 0x00, 0x00, 0x00,
    0x00, 0x00, 0x00, 0x00, 0x00, 0x00, 0x00, 0x00, 0x00, 0x00, 0x00, 0x00, 0x00, 0x00, 0x00, 0x00,
    0x00, 0x00, 0x00, 0x00, 0x00, 0x00, 0x00, 0x00, 0xe4, 0x00, 0xa4, 0x00, 0x00, 0x00, 0x00, 0x00,
    0x00, 0x00, 0x00, 0x00, 0x00, 0x00, 0x00, 0x00, 0x00, 0x00, 0x00, 0x00, 0x00, 0x00, 0x40, 0x00,
    0x40, 0x00, 0x00, 0x00, 0x00, 0x00, 0x00, 0x00, 0x00, 0x00, 0x00, 0x00, 0x00, 0x00, 0x00, 0x00,
    0x00, 0x00, 0x00, 0x00, 0x00, 0x00, 0x00, 0x00, 0x00, 0x00, 0x00, 0x00, 0x00, 0x00, 0x00, 0x00,
    0x00, 0x00, 0x00, 0x00, 0x00, 0x00, 0x00, 0x00, 0x00, 0x00, 0x00, 0x00, 0x00, 0x00, 0x00, 0x00,
    0x20, 0x00, 0x00, 0x00, 0x00, 0x00, 0x00, 0x00, 0xa6, 0x00, 0x25, 0x00, 0x00, 0x00, 0x00, 0x00,
    0x00, 0x00, 0x00, 0x00, 0x00, 0x00, 0x00, 0x00, 0x00, 0x00, 0x00, 0x00, 0x00, 0x00, 0x00, 0x00,
    0x00, 0x00, 0x00, 0x00, 0x00, 0x00, 0x00, 0x00, 0x00, 0x00, 0x00, 0x00, 0x00, 0x00, 0x00, 0x00,
    0x00, 0x00, 0x00, 0x00, 0x00, 0x00, 0xa4, 0x00, 0xc7, 0x00, 0x00, 0x00, 0x00, 0x00, 0x00, 0x00,
    0x00, 0x00, 0x83, 0x00, 0x40, 0x00, 0x00, 0x00, 0x00, 0x00, 0x00, 0x00, 0x00, 0x00, 0xc4, 0x00,
    0x02, 0x00, 0x00, 0x00, 0x00, 0x00, 0x00, 0x00, 0x00, 0x00, 0x00, 0x00, 0x00, 0x00, 0x00, 0x00,
    0x00, 0x00, 0x00, 0x00, 0x00, 0x00, 0x00, 0x00, 0x00, 0x00, 0x00, 0x00, 0x00, 0x00, 0x00, 0x00,
    0x00, 0x00, 0x00, 0x00, 0x00, 0x00, 0x00, 0x00, 0x00, 0x00, 0x00, 0x00, 0x00, 0x00, 0x00, 0x00,
    0xa1, 0x00, 0x46, 0x00, 0x00, 0x00, 0x00, 0x00, 0xa6, 0x00, 0xec, 0x00, 0x40, 0x00, 0x00, 0x00,
    0x23, 0x00, 0x00, 0x00, 0x00, 0x00, 0x00, 0x00, 0x00, 0x00, 0x00, 0x00, 0x00, 0x00, 0x00, 0x00,
    0x00, 0x00, 0x00, 0x00, 0x00, 0x00, 0x40, 0x00, 0x84, 0x00, 0x63, 0x00, 0x40, 0x00, 0x00, 0x00,
    0x00, 0x00, 0x00, 0x00, 0x40, 0x00, 0x48, 0x00, 0x23, 0x00, 0x00, 0x00, 0x20, 0x00, 0x00, 0x00,
    0x61, 0x00, 0xa7, 0x00, 0x40, 0x00, 0x00, 0x00, 0x00, 0x00, 0x00, 0x00, 0x20, 0x00, 0xa6, 0x00,
    0x81, 0x00, 0x00, 0x00, 0x00, 0x00, 0x00, 0x00, 0x00, 0x00, 0x00, 0x00, 0x00, 0x00, 0x00, 0x00,
    0x00, 0x00, 0x00, 0x00, 0x00, 0x00, 0x00, 0x00, 0x00, 0x00, 0x00, 0x00, 0x00, 0x00, 0x00, 0x00,
    0x00, 0x00, 0x00, 0x00, 0x00, 0x00, 0x00, 0x00, 0x00, 0x00, 0x00, 0x00, 0x00, 0x00, 0x00, 0x00,
    0x00, 0x00, 0xe7, 0x00, 0x86, 0x00, 0x00, 0x00, 0x43, 0x00, 0x8c, 0x00, 0x22, 0x00, 0x00, 0x00,
    0x07, 0x00, 0x61, 0x00, 0x00, 0x00, 0x00, 0x00, 0x00, 0x00, 0x00, 0x00, 0x00, 0x00, 0x00, 0x00,
    0x00, 0x00, 0x00, 0x00, 0x43, 0x00, 0xea, 0x00, 0xae, 0x00, 0x4d, 0x00, 0xe9, 0x00, 0x25, 0x00,
    0x20, 0x00, 0x00, 0x00, 0x05, 0x00, 0x48, 0x00, 0xa1, 0x00, 0x00, 0x00, 0x00, 0x00, 0x61, 0x00,
    0x86, 0x00, 0x05, 0x00, 0x00, 0x00, 0x00, 0x00, 0x00, 0x00, 0x00, 0x00, 0x25, 0x00, 0x45, 0x00,
    0x00, 0x00, 0x00, 0x00, 0x00, 0x00, 0x00, 0x00, 0x00, 0x00, 0x00, 0x00, 0x00, 0x00, 0x00, 0x00,
    0x00, 0x00, 0x00, 0x00, 0x00, 0x00, 0x00, 0x00, 0x00, 0x00, 0x00, 0x00, 0x00, 0x00, 0x00, 0x00,
    0x00, 0x00, 0x00, 0x00, 0x00, 0x00, 0x00, 0x00, 0x00, 0x00, 0x00, 0x00, 0x00, 0x00, 0x00, 0x00,
    0x00, 0x00, 0x02, 0x00, 0x0d, 0x00, 0xc7, 0x00, 0x00, 0x00, 0x48, 0x00, 0x23, 0x00, 0xe2, 0x00,
    0xcc, 0x00, 0xe2, 0x00, 0x00, 0x00, 0x00, 0x00, 0x00, 0x00, 0x00, 0x00, 0x00, 0x00, 0x00, 0x00,
    0x00, 0x00, 0x61, 0x00, 0x4b, 0x00, 0x8f, 0x00, 0x6e, 0x00, 0x0a, 0x00, 0x2d, 0x00, 0x8e, 0x00,
    0x28, 0x00, 0x43, 0x00, 0x07, 0x00, 0x86, 0x00, 0x83, 0x00, 0xc2, 0x00, 0x84, 0x00, 0x46, 0x00,
    0x66, 0x00, 0xc4, 0x00, 0x02, 0x00, 0xe2, 0x00, 0x63, 0x00, 0xc7, 0x00, 0x28, 0x00, 0xe2, 0x00,
    0x00, 0x00, 0x00, 0x00, 0x40, 0x00, 0x60, 0x00, 0x00, 0x00, 0x00, 0x00, 0x00, 0x00, 0x00, 0x00,
    0x20, 0x00, 0x00, 0x00, 0x00, 0x00, 0x00, 0x00, 0x00, 0x00, 0x00, 0x00, 0x00, 0x00, 0x00, 0x00,
    0x00, 0x00, 0x00, 0x00, 0x00, 0x00, 0x00, 0x00, 0x00, 0x00, 0x00, 0x00, 0x00, 0x00, 0xc2, 0x00,
    0x02, 0x00, 0x00, 0x00, 0xa4, 0x00, 0xcc, 0x00, 0x86, 0x00, 0xe7, 0x00, 0x63, 0x00, 0x63, 0x00,
    0x4e, 0x00, 0x23, 0x00, 0x00, 0x00, 0x00, 0x00, 0x00, 0x00, 0x00, 0x00, 0x00, 0x00, 0x00, 0x00,
    0x00, 0x00, 0x46, 0x00, 0x4e, 0x00, 0x6e, 0x00, 0x10, 0x00, 0x71, 0x00, 0x92, 0x00, 0x8f, 0x00,
    0xac, 0x00, 0x89, 0x00, 0x25, 0x00, 0x45, 0x00, 0xc7, 0x00, 0xa7, 0x00, 0xa7, 0x00, 0xa7, 0x00,
    0x69, 0x00, 0x0b, 0x00, 0x05, 0x00, 0x86, 0x00, 0x68, 0x00, 0x07, 0x00, 0x43, 0x00, 0x00, 0x00,
    0x00, 0x00, 0x00, 0x00, 0x05, 0x00, 0x23, 0x00, 0x00, 0x00, 0x00, 0x00, 0x00, 0x00, 0x02, 0x00,
    0x83, 0x00, 0x00, 0x00, 0x00, 0x00, 0x00, 0x00, 0x00, 0x00, 0x00, 0x00, 0x00, 0x00, 0x00, 0x00,
    0x00, 0x00, 0x00, 0x00, 0x00, 0x00, 0x00, 0x00, 0x00, 0x00, 0x00, 0x00, 0x00, 0x00, 0x61, 0x00,
    0x89, 0x00, 0x4b, 0x00, 0x43, 0x00, 0xa7, 0x00, 0xcf, 0x00, 0x4b, 0x00, 0x07, 0x00, 0xa6, 0x00,
    0x89, 0x00, 0x61, 0x00, 0x00, 0x00, 0x00, 0x00, 0x00, 0x00, 0x00, 0x00, 0x00, 0x00, 0x00, 0x00,
    0x00, 0x00, 0xa7, 0x00, 0xac, 0x00, 0x2e, 0x00, 0x8f, 0x00, 0x51, 0x00, 0x72, 0x00, 0xd0, 0x00,
    0x6f, 0x00, 0x8c, 0x00, 0x68, 0x00, 0x48, 0x00, 0xc7, 0x00, 0xe7, 0x00, 0x89, 0x00, 0xea, 0x00,
    0x4b, 0x00, 0x48, 0x00, 0x08, 0x00, 0xea, 0x00, 0x68, 0x00, 0x81, 0x00, 0x00, 0x00, 0x00, 0x00,
    0x20, 0x00, 0xa4, 0x00, 0x07, 0x00, 0x61, 0x00, 0x00, 0x00, 0x00, 0x00, 0x63, 0x00, 0xc7, 0x00,
    0x81, 0x00, 0x00, 0x00, 0x00, 0x00, 0x00, 0x00, 0x00, 0x00, 0x00, 0x00, 0x00, 0x00, 0x00, 0x00,
    0x00, 0x00, 0x00, 0x00, 0x00, 0x00, 0x00, 0x00, 0x00, 0x00, 0x00, 0x00, 0x00, 0x00, 0x00, 0x00,
    0x02, 0x00, 0xcc, 0x00, 0x4e, 0x00, 0xc7, 0x00, 0x4b, 0x00, 0x8b, 0x00, 0xc9, 0x00, 0xcf, 0x00,
    0x8c, 0x00, 0x61, 0x00, 0x00, 0x00, 0x00, 0x00, 0x00, 0x00, 0x00, 0x00, 0x00, 0x00, 0x00, 0x00,
    0x00, 0x00, 0xe5, 0x00, 0x28, 0x00, 0x66, 0x00, 0x05, 0x00, 0x89, 0x00, 0x8f, 0x00, 0xf0, 0x00,
    0xb0, 0x00, 0xb0, 0x00, 0xed, 0x00, 0x8f, 0x00, 0xaf, 0x00, 0xaf, 0x00, 0x6e, 0x00, 0x4b, 0x00,
    0x66, 0x00, 0x68, 0x00, 0xec, 0x00, 0x8b, 0x00, 0x25, 0x00, 0x83, 0x00, 0x83, 0x00, 0x05, 0x00,
    0xe7, 0x00, 0x68, 0x00, 0xa4, 0x00, 0x40, 0x00, 0x22, 0x00, 0x86, 0x00, 0x07, 0x00, 0x02, 0x00,
    0x00, 0x00, 0x00, 0x00, 0x00, 0x00, 0x00, 0x00, 0x00, 0x00, 0x00, 0x00, 0x00, 0x00, 0x00, 0x00,
    0x00, 0x00, 0x00, 0x00, 0x00, 0x00, 0x00, 0x00, 0x00, 0x00, 0x00, 0x00, 0x00, 0x00, 0x00, 0x00,
    0x00, 0x00, 0xa1, 0x00, 0x66, 0x00, 0x69, 0x00, 0x8c, 0x00, 0x0a, 0x00, 0x69, 0x00, 0xac, 0x00,
    0xed, 0x00, 0x22, 0x00, 0x00, 0x00, 0x00, 0x00, 0x00, 0x00, 0x00, 0x00, 0x00, 0x00, 0x00, 0x00,
    0x00, 0x00, 0x23, 0x00, 0x63, 0x00, 0xe2, 0x00, 0xe2, 0x00, 0xc1, 0x00, 0x86, 0x00, 0x2e, 0x00,
    0xaf, 0x00, 0xf0, 0x00, 0xaf, 0x00, 0xed, 0x00, 0xad, 0x00, 0x8f, 0x00, 0x10, 0x00, 0xcf, 0x00,
    0xed, 0x00, 0x6b, 0x00, 0xe7, 0x00, 0x05, 0x00, 0xc7, 0x00, 0xa9, 0x00, 0xc9, 0x00, 0xc9, 0x00,
    0x68, 0x00, 0x28, 0x00, 0xe7, 0x00, 0x48, 0x00, 0x68, 0x00, 0xe7, 0x00, 0xe2, 0x00, 0x00, 0x00,
    0x00, 0x00, 0x00, 0x00, 0x00, 0x00, 0x00, 0x00, 0x00, 0x00, 0x00, 0x00, 0x00, 0x00, 0x00, 0x00,
    0x00, 0x00, 0x00, 0x00, 0x00, 0x00, 0x00, 0x00, 0x00, 0x00, 0x00, 0x00, 0x00, 0x00, 0x00, 0x00,
    0x00, 0x00, 0x00, 0x00, 0x00, 0x00, 0x64, 0x00, 0x6c, 0x00, 0x4e, 0x00, 0x68, 0x00, 0x28, 0x00,
    0x89, 0x00, 0xe2, 0x00, 0x00, 0x00, 0x00, 0x00, 0x00, 0x00, 0x00, 0x00, 0x00, 0x00, 0x00, 0x00,
    0x00, 0x00, 0x20, 0x00, 0xa1, 0x00, 0x23, 0x00, 0x63, 0x00, 0x43, 0x00, 0xc2, 0x00, 0x69, 0x00,
    0xd0, 0x00, 0x10, 0x00, 0xac, 0x00, 0x05, 0x00, 0xaa, 0x00, 0x49, 0x00, 0x8c, 0x00, 0x8f, 0x00,
    0x2e, 0x00, 0x6e, 0x00, 0x2a, 0x00, 0x25, 0x00, 0xe4, 0x00, 0x05, 0x00, 0x45, 0x00, 0xa6, 0x00,
    0x07, 0x00, 0x28, 0x00, 0xe7, 0x00, 0x65, 0x00, 0xc4, 0x00, 0x60, 0x00, 0x00, 0x00, 0x00, 0x00,
    0x00, 0x00, 0x00, 0x00, 0x00, 0x00, 0x00, 0x00, 0x00, 0x00, 0x00, 0x00, 0x00, 0x00, 0x00, 0x00,
    0x00, 0x00, 0x00, 0x00, 0x00, 0x00, 0x00, 0x00, 0x00, 0x00, 0x00, 0x00, 0x00, 0x00, 0x00, 0x00,
    0x00, 0x00, 0x00, 0x00, 0x00, 0x00, 0x00, 0x00, 0x84, 0x00, 0xa9, 0x00, 0x4b, 0x00, 0x69, 0x00,
    0xa9, 0x00, 0xe2, 0x00, 0x00, 0x00, 0x00, 0x00, 0x00, 0x00, 0x00, 0x00, 0x00, 0x00, 0x00, 0x00,
    0x00, 0x00, 0x00, 0x00, 0x00, 0x00, 0x61, 0x00, 0x63, 0x00, 0x63, 0x00, 0x23, 0x00, 0x63, 0x00,
    0x8c, 0x00, 0x11, 0x00, 0x72, 0x00, 0x10, 0x00, 0x31, 0x00, 0x4e, 0x00, 0x05, 0x00, 0xac, 0x00,
    0xac, 0x00, 0x8c, 0x00, 0xed, 0x00, 0x8b, 0x00, 0x89, 0x00, 0x02, 0x00, 0x00, 0x00, 0x00, 0x00,
    0x81, 0x00, 0xa4, 0x00, 0x86, 0x00, 0xc4, 0x00, 0x61, 0x00, 0x40, 0x00, 0x00, 0x00, 0x00, 0x00,
    0x00, 0x00, 0x00, 0x00, 0x00, 0x00, 0x00, 0x00, 0x00, 0x00, 0x00, 0x00, 0x00, 0x00, 0x00, 0x00,
    0x00, 0x00, 0x00, 0x00, 0x00, 0x00, 0x00, 0x00, 0x00, 0x00, 0x00, 0x00, 0x00, 0x00, 0x00, 0x00,
    0x00, 0x00, 0x00, 0x00, 0x00, 0x00, 0x00, 0x00, 0x00, 0x00, 0xe2, 0x00, 0x28, 0x00, 0x0d, 0x00,
    0x6b, 0x00, 0xa4, 0x00, 0x00, 0x00, 0x00, 0x00, 0x00, 0x00, 0x00, 0x00, 0x00, 0x00, 0x00, 0x00,
    0x00, 0x00, 0x00, 0x00, 0x00, 0x00, 0x00, 0x00, 0xe2, 0x00, 0x84, 0x00, 0x64, 0x00, 0x03, 0x00,
    0xc4, 0x00, 0x4b, 0x00, 0xd0, 0x00, 0x31, 0x00, 0xd0, 0x00, 0x72, 0x00, 0x8c, 0x00, 0xca, 0x00,
    0xed, 0x00, 0xc9, 0x00, 0x0b, 0x00, 0x6c, 0x00, 0xcc, 0x00, 0xcc, 0x00, 0x89, 0x00, 0xa6, 0x00,
    0xe2, 0x00, 0x00, 0x00, 0xe2, 0x00, 0x66, 0x00, 0x66, 0x00, 0xc2, 0x00, 0x00, 0x00, 0x00, 0x00,
    0x00, 0x00, 0x00, 0x00, 0x00, 0x00, 0x00, 0x00, 0x00, 0x00, 0x00, 0x00, 0x00, 0x00, 0x00, 0x00,
    0x00, 0x00, 0x00, 0x00, 0x00, 0x00, 0x00, 0x00, 0x00, 0x00, 0x00, 0x00, 0x00, 0x00, 0x00, 0x00,
    0x00, 0x00, 0x00, 0x00, 0x00, 0x00, 0x00, 0x00, 0x00, 0x00, 0x40, 0x00, 0x26, 0x00, 0x2b, 0x00,
    0x2d, 0x00, 0x2a, 0x00, 0x20, 0x00, 0x00, 0x00, 0x00, 0x00, 0x00, 0x00, 0x00, 0x00, 0x00, 0x00,
    0x00, 0x00, 0x00, 0x00, 0x00, 0x00, 0x00, 0x00, 0x40, 0x00, 0x84, 0x00, 0x84, 0x00, 0x64, 0x00,
    0xe2, 0x00, 0x23, 0x00, 0x08, 0x00, 0x4b, 0x00, 0xcd, 0x00, 0x2e, 0x00, 0x11, 0x00, 0x4e, 0x00,
    0x8c, 0x00, 0x4b, 0x00, 0xc7, 0x00, 0x86, 0x00, 0x28, 0x00, 0x89, 0x00, 0xea, 0x00, 0x86, 0x00,
    0x40, 0x00, 0x00, 0x00, 0x00, 0x00, 0x00, 0x00, 0x00, 0x00, 0x00, 0x00, 0x00, 0x00, 0x00, 0x00,
    0xa1, 0x00, 0x00, 0x00, 0x00, 0x00, 0x00, 0x00, 0x00, 0x00, 0x00, 0x00, 0x00, 0x00, 0x00, 0x00,
    0x00, 0x00, 0x00, 0x00, 0x00, 0x00, 0x00, 0x00, 0x00, 0x00, 0x00, 0x00, 0x00, 0x00, 0x00, 0x00,
    0x00, 0x00, 0x00, 0x00, 0x00, 0x00, 0x00, 0x00, 0x00, 0x00, 0x00, 0x00, 0x03, 0x00, 0x49, 0x00,
    0x8c, 0x00, 0x8e, 0x00, 0x86, 0x00, 0x00, 0x00, 0x00, 0x00, 0x00, 0x00, 0x00, 0x00, 0x00, 0x00,
    0x00, 0x00, 0x00, 0x00, 0x00, 0x00, 0x00, 0x00, 0x20, 0x00, 0x63, 0x00, 0xa4, 0x00, 0x64, 0x00,
    0x64, 0x00, 0x03, 0x00, 0x61, 0x00, 0xa4, 0x00, 0x68, 0x00, 0x2b, 0x00, 0xcd, 0x00, 0xaf, 0x00,
    0xcd, 0x00, 0xea, 0x00, 0x2b, 0x00, 0x66, 0x00, 0xe4, 0x00, 0xe2, 0x00, 0x40, 0x00, 0x00, 0x00,
    0x00, 0x00, 0x00, 0x00, 0x00, 0x00, 0x00, 0x00, 0x00, 0x00, 0x00, 0x00, 0x60, 0x00, 0x28, 0x00,
    0xa4, 0x00, 0x00, 0x00, 0x00, 0x00, 0x00, 0x00, 0x00, 0x00, 0x00, 0x00, 0x00, 0x00, 0x00, 0x00,
    0x00, 0x00, 0x00, 0x00, 0x00, 0x00, 0x00, 0x00, 0x00, 0x00, 0x00, 0x00, 0x00, 0x00, 0x00, 0x00,
    0x00, 0x00, 0x00, 0x00, 0x00, 0x00, 0x00, 0x00, 0x00, 0x00, 0x00, 0x00, 0x81, 0x00, 0x08, 0x00,
    0xea, 0x00, 0xac, 0x00, 0x2d, 0x00, 0xe4, 0x00, 0x00, 0x00, 0x00, 0x00, 0x00, 0x00, 0x00, 0x00,
    0x00, 0x00, 0x00, 0x00, 0x00, 0x00, 0x00, 0x00, 0x20, 0x00, 0x84, 0x00, 0x64, 0x00, 0x43, 0x00,
    0x23, 0x00, 0x23, 0x00, 0x81, 0x00, 0x08, 0x00, 0xac, 0x00, 0x2b, 0x00, 0x4b, 0x00, 0x4c, 0x00,
    0xcd, 0x00, 0xca, 0x00, 0x2b, 0x00, 0x4b, 0x00, 0x8b, 0x00, 0x43, 0x00, 0x00, 0x00, 0x00, 0x00,
    0x00, 0x00, 0x00, 0x00, 0x00, 0x00, 0x00, 0x00, 0x00, 0x00, 0x81, 0x00, 0x6b, 0x00, 0x2b, 0x00,
    0x40, 0x00, 0x00, 0x00, 0x20, 0x00, 0xa4, 0x00, 0xc2, 0x00, 0x00, 0x00, 0x00, 0x00, 0x00, 0x00,
    0x00, 0x00, 0x00, 0x00, 0x00, 0x00, 0x00, 0x00, 0x00, 0x00, 0x00, 0x00, 0x00, 0x00, 0x00, 0x00,
    0x00, 0x00, 0x00, 0x00, 0x00, 0x00, 0x00, 0x00, 0x00, 0x00, 0x00, 0x00, 0x20, 0x00, 0xa7, 0x00,
    0xca, 0x00, 0xea, 0x00, 0xec, 0x00, 0x4b, 0x00, 0x81, 0x00, 0x00, 0x00, 0x00, 0x00, 0x00, 0x00,
    0x00, 0x00, 0x00, 0x00, 0x00, 0x00, 0x00, 0x00, 0x61, 0x00, 0x84, 0x00, 0x64, 0x00, 0xc5, 0x00,
    0xc5, 0x00, 0x84, 0x00, 0xa4, 0x00, 0x31, 0x00, 0xf0, 0x00, 0xaf, 0x00, 0xad, 0x00, 0xca, 0x00,
    0xca, 0x00, 0xaa, 0x00, 0xc7, 0x00, 0xa9, 0x00, 0x2d, 0x00, 0x6e, 0x00, 0xe4, 0x00, 0x00, 0x00,
    0x00, 0x00, 0x00, 0x00, 0x00, 0x00, 0xa1, 0x00, 0x00, 0x00, 0xa4, 0x00, 0xed, 0x00, 0x48, 0x00,
    0x00, 0x00, 0x86, 0x00, 0xac, 0x00, 0xe7, 0x00, 0x61, 0x00, 0x00, 0x00, 0x00, 0x00, 0x00, 0x00,
    0x00, 0x00, 0x00, 0x00, 0x00, 0x00, 0x00, 0x00, 0x00, 0x00, 0x00, 0x00, 0x00, 0x00, 0x00, 0x00,
    0x00, 0x00, 0x00, 0x00, 0x00, 0x00, 0x00, 0x00, 0x00, 0x00, 0x00, 0x00, 0x00, 0x00, 0x84, 0x00,
    0x69, 0x00, 0xea, 0x00, 0x8c, 0x00, 0x8b, 0x00, 0x45, 0x00, 0x00, 0x00, 0x00, 0x00, 0x00, 0x00,
    0x00, 0x00, 0x00, 0x00, 0x00, 0x00, 0x00, 0x00, 0x81, 0x00, 0xc5, 0x00, 0x88, 0x00, 0x0a, 0x00,
    0x0a, 0x00, 0xc5, 0x00, 0x0e, 0x00, 0xf3, 0x00, 0xb0, 0x00, 0x4e, 0x00, 0x4c, 0x00, 0xaa, 0x00,
    0x29, 0x00, 0xc8, 0x00, 0xc5, 0x00, 0xa4, 0x00, 0x28, 0x00, 0x8b, 0x00, 0x2d, 0x00, 0xe4, 0x00,
    0x00, 0x00, 0x00, 0x00, 0x00, 0x00, 0x86, 0x00, 0x00, 0x00, 0x23, 0x00, 0xaa, 0x00, 0xe2, 0x00,
    0x84, 0x00, 0x4e, 0x00, 0x2b, 0x00, 0x61, 0x00, 0x00, 0x00, 0x00, 0x00, 0x00, 0x00, 0x00, 0x00,
    0x00, 0x00, 0x00, 0x00, 0x00, 0x00, 0x00, 0x00, 0x00, 0x00, 0x00, 0x00, 0x00, 0x00, 0x00, 0x00,
    0x00, 0x00, 0x00, 0x00, 0x00, 0x00, 0x00, 0x00, 0x00, 0x00, 0x00, 0x00, 0x00, 0x00, 0x20, 0x00,
    0x06, 0x00, 0x49, 0x00, 0x4b, 0x00, 0x0d, 0x00, 0xa9, 0x00, 0xe2, 0x00, 0x00, 0x00, 0x00, 0x00,
    0x00, 0x00, 0x00, 0x00, 0x00, 0x00, 0x00, 0x00, 0x43, 0x00, 0xa8, 0x00, 0x2b, 0x00, 0xea, 0x00,
    0x84, 0x00, 0xca, 0x00, 0xb2, 0x00, 0x8f, 0x00, 0x4e, 0x00, 0x0e, 0x00, 0x2b, 0x00, 0x08, 0x00,
    0xaa, 0x00, 0xc8, 0x00, 0xc5, 0x00, 0x05, 0x00, 0x63, 0x00, 0x43, 0x00, 0x07, 0x00, 0x0a, 0x00,
    0xa1, 0x00, 0x00, 0x00, 0x61, 0x00, 0x0d, 0x00, 0x05, 0x00, 0x84, 0x00, 0x49, 0x00, 0x84, 0x00,
    0xa7, 0x00, 0x29, 0x00, 0xe2, 0x00, 0x00, 0x00, 0x00, 0x00, 0x00, 0x00, 0x00, 0x00, 0x00, 0x00,
    0x00, 0x00, 0x00, 0x00, 0x00, 0x00, 0x00, 0x00, 0x00, 0x00, 0x00, 0x00, 0x00, 0x00, 0x00, 0x00,
    0x00, 0x00, 0x00, 0x00, 0x00, 0x00, 0x00, 0x00, 0x00, 0x00, 0x00, 0x00, 0x00, 0x00, 0x00, 0x00,
    0xa1, 0x00, 0xc8, 0x00, 0x89, 0x00, 0xed, 0x00, 0xcc, 0x00, 0xa9, 0x00, 0x61, 0x00, 0x00, 0x00,
    0x00, 0x00, 0x00, 0x00, 0x81, 0x00, 0xe2, 0x00, 0x06, 0x00, 0xa8, 0x00, 0x47, 0x00, 0xe2, 0x00,
    0x05, 0x00, 0x51, 0x00, 0x6f, 0x00, 0xed, 0x00, 0x8c, 0x00, 0x0b, 0x00, 0x87, 0x00, 0x06, 0x00,
    0x08, 0x00, 0x49, 0x00, 0x87, 0x00, 0x87, 0x00, 0xe8, 0x00, 0x20, 0x00, 0x00, 0x00, 0x23, 0x00,
    0xe2, 0x00, 0x00, 0x00, 0xe2, 0x00, 0xed, 0x00, 0x28, 0x00, 0x69, 0x00, 0xcd, 0x00, 0xca, 0x00,
    0xc5, 0x00, 0x61, 0x00, 0x61, 0x00, 0xc2, 0x00, 0x61, 0x00, 0x00, 0x00, 0x00, 0x00, 0x00, 0x00,
    0x00, 0x00, 0x00, 0x00, 0x00, 0x00, 0x00, 0x00, 0x00, 0x00, 0x00, 0x00, 0x00, 0x00, 0x00, 0x00,
    0x00, 0x00, 0x00, 0x00, 0x00, 0x00, 0x00, 0x00, 0x00, 0x00, 0x00, 0x00, 0x00, 0x00, 0x00, 0x00,
    0xa2, 0x00, 0xc5, 0x00, 0xc8, 0x00, 0xea, 0x00, 0xc9, 0x00, 0x2a, 0x00, 0xe7, 0x00, 0x61, 0x00,
    0x00, 0x00, 0x20, 0x00, 0x87, 0x00, 0x84, 0x00, 0xe5, 0x00, 0xa5, 0x00, 0x43, 0x00, 0x25, 0x00,
    0x0e, 0x00, 0x4f, 0x00, 0x8d, 0x00, 0xaa, 0x00, 0x67, 0x00, 0xa5, 0x00, 0xa4, 0x00, 0x09, 0x00,
    0x06, 0x00, 0x87, 0x00, 0xe8, 0x00, 0xc5, 0x00, 0x28, 0x00, 0x05, 0x00, 0x00, 0x00, 0x00, 0x00,
    0x00, 0x00, 0x00, 0x00, 0x20, 0x00, 0xca, 0x00, 0x4e, 0x00, 0x0b, 0x00, 0x6c, 0x00, 0xea, 0x00,
    0x26, 0x00, 0x89, 0x00, 0xed, 0x00, 0xa7, 0x00, 0x81, 0x00, 0x00, 0x00, 0x00, 0x00, 0x00, 0x00,
    0x00, 0x00, 0x00, 0x00, 0x00, 0x00, 0x00, 0x00, 0x00, 0x00, 0x00, 0x00, 0x00, 0x00, 0x00, 0x00,
    0x00, 0x00, 0x00, 0x00, 0x00, 0x00, 0x00, 0x00, 0x00, 0x00, 0x00, 0x00, 0x00, 0x00, 0x00, 0x00,
    0x20, 0x00, 0x64, 0x00, 0x67, 0x00, 0xe8, 0x00, 0x0b, 0x00, 0x0b, 0x00, 0x0d, 0x00, 0xc7, 0x00,
    0x00, 0x00, 0x00, 0x00, 0xaa, 0x00, 0xc7, 0x00, 0xa4, 0x00, 0x87, 0x00, 0x0b, 0x00, 0x6f, 0x00,
    0xad, 0x00, 0x49, 0x00, 0x46, 0x00, 0xa4, 0x00, 0x84, 0x00, 0xc5, 0x00, 0xe5, 0x00, 0x49, 0x00,
    0xe6, 0x00, 0xa5, 0x00, 0xa7, 0x00, 0x43, 0x00, 0xa1, 0x00, 0x46, 0x00, 0x40, 0x00, 0x00, 0x00,
    0x00, 0x00, 0x00, 0x00, 0x40, 0x00, 0xaa, 0x00, 0x4e, 0x00, 0xaa, 0x00, 0x89, 0x00, 0x2b, 0x00,
    0x49, 0x00, 0x49, 0x00, 0x26, 0x00, 0x00, 0x00, 0x00, 0x00, 0x00, 0x00, 0x00, 0x00, 0x00, 0x00,
    0x00, 0x00, 0x00, 0x00, 0x00, 0x00, 0x00, 0x00, 0x00, 0x00, 0x00, 0x00, 0x00, 0x00, 0x00, 0x00,
    0x00, 0x00, 0x00, 0x00, 0x00, 0x00, 0x00, 0x00, 0x00, 0x00, 0x00, 0x00, 0x00, 0x00, 0x00, 0x00,
    0x00, 0x00, 0xe2, 0x00, 0x23, 0x00, 0xa7, 0x00, 0xaa, 0x00, 0x0b, 0x00, 0xac, 0x00, 0x0a, 0x00,
    0x23, 0x00, 0x00, 0x00, 0x64, 0x00, 0xac, 0x00, 0xed, 0x00, 0x0e, 0x00, 0x4c, 0x00, 0xc8, 0x00,
    0x05, 0x00, 0xc4, 0x00, 0x05, 0x00, 0x25, 0x00, 0x26, 0x00, 0xe5, 0x00, 0x06, 0x00, 0x87, 0x00,
    0xc5, 0x00, 0xe5, 0x00, 0x29, 0x00, 0xa4, 0x00, 0x00, 0x00, 0x00, 0x00, 0x00, 0x00, 0x00, 0x00,
    0x00, 0x00, 0x00, 0x00, 0x87, 0x00, 0xca, 0x00, 0xaa, 0x00, 0x2b, 0x00, 0xac, 0x00, 0xca, 0x00,
    0x23, 0x00, 0x00, 0x00, 0x00, 0x00, 0x00, 0x00, 0x00, 0x00, 0x00, 0x00, 0x00, 0x00, 0x00, 0x00,
    0x00, 0x00, 0x00, 0x00, 0x00, 0x00, 0x00, 0x00, 0x00, 0x00, 0x00, 0x00, 0x00, 0x00, 0x00, 0x00,
    0x00, 0x00, 0x00, 0x00, 0x00, 0x00, 0x00, 0x00, 0x00, 0x00, 0x00, 0x00, 0x00, 0x00, 0x00, 0x00,
    0x00, 0x00, 0x00, 0x00, 0x00, 0x00, 0x06, 0x00, 0x29, 0x00, 0xaa, 0x00, 0xca, 0x00, 0xaa, 0x00,
    0xe8, 0x00, 0x23, 0x00, 0x00, 0x00, 0xc2, 0x00, 0x05, 0x00, 0x84, 0x00, 0xe5, 0x00, 0x87, 0x00,
    0xe7, 0x00, 0xe7, 0x00, 0xe7, 0x00, 0x25, 0x00, 0x26, 0x00, 0x47, 0x00, 0x47, 0x00, 0x06, 0x00,
    0xe6, 0x00, 0x84, 0x00, 0xc8, 0x00, 0x06, 0x00, 0x00, 0x00, 0x20, 0x00, 0x00, 0x00, 0x00, 0x00,
    0xa1, 0x00, 0xc7, 0x00, 0xeb, 0x00, 0xea, 0x00, 0x6c, 0x00, 0x0b, 0x00, 0x8a, 0x00, 0xc5, 0x00,
    0x00, 0x00, 0x00, 0x00, 0x00, 0x00, 0x00, 0x00, 0x00, 0x00, 0x00, 0x00, 0x00, 0x00, 0x00, 0x00,
    0x00, 0x00, 0x00, 0x00, 0x00, 0x00, 0x00, 0x00, 0x00, 0x00, 0x00, 0x00, 0x00, 0x00, 0x00, 0x00,
    0x00, 0x00, 0x00, 0x00, 0x00, 0x00, 0x00, 0x00, 0x00, 0x00, 0x00, 0x00, 0x00, 0x00, 0x00, 0x00,
    0x00, 0x00, 0x00, 0x00, 0x00, 0x00, 0xc2, 0x00, 0x87, 0x00, 0xe8, 0x00, 0x0b, 0x00, 0xca, 0x00,
    0x69, 0x00, 0xc8, 0x00, 0xa5, 0x00, 0x00, 0x00, 0x00, 0x00, 0x84, 0x00, 0x69, 0x00, 0xeb, 0x00,
    0xaa, 0x00, 0xa9, 0x00, 0x07, 0x00, 0x05, 0x00, 0xa8, 0x00, 0x87, 0x00, 0xe6, 0x00, 0xc5, 0x00,
    0xe9, 0x00, 0xa5, 0x00, 0xc2, 0x00, 0xe5, 0x00, 0x00, 0x00, 0x00, 0x00, 0x20, 0x00, 0xa7, 0x00,
    0x0b, 0x00, 0x0b, 0x00, 0xeb, 0x00, 0x69, 0x00, 0x67, 0x00, 0xc2, 0x00, 0x61, 0x00, 0x00, 0x00,
    0x00, 0x00, 0x00, 0x00, 0x00, 0x00, 0x00, 0x00, 0x00, 0x00, 0x00, 0x00, 0x00, 0x00, 0x00, 0x00,
    0x00, 0x00, 0x00, 0x00, 0x00, 0x00, 0x00, 0x00, 0x00, 0x00, 0x00, 0x00, 0x00, 0x00, 0x00, 0x00,
    0x00, 0x00, 0x00, 0x00, 0x00, 0x00, 0x00, 0x00, 0x00, 0x00, 0x00, 0x00, 0x00, 0x00, 0x00, 0x00,
    0x00, 0x00, 0x00, 0x00, 0x00, 0x00, 0x00, 0x00, 0x64, 0x00, 0xc8, 0x00, 0x49, 0x00, 0x8a, 0x00,
    0x8a, 0x00, 0x29, 0x00, 0xe9, 0x00, 0x26, 0x00, 0x28, 0x00, 0xac, 0x00, 0x0a, 0x00, 0xea, 0x00,
    0xc9, 0x00, 0x88, 0x00, 0x86, 0x00, 0x09, 0x00, 0xc8, 0x00, 0x87, 0x00, 0x03, 0x00, 0xa5, 0x00,
    0x6a, 0x00, 0x03, 0x00, 0x00, 0x00, 0x00, 0x00, 0x00, 0x00, 0xe5, 0x00, 0x6c, 0x00, 0x8f, 0x00,
    0x4c, 0x00, 0x2b, 0x00, 0xaa, 0x00, 0x29, 0x00, 0x81, 0x00, 0x00, 0x00, 0x00, 0x00, 0x00, 0x00,
    0x00, 0x00, 0x00, 0x00, 0x00, 0x00, 0x00, 0x00, 0x00, 0x00, 0x00, 0x00, 0x00, 0x00, 0x00, 0x00,
    0x00, 0x00, 0x00, 0x00, 0x00, 0x00, 0x00, 0x00, 0x00, 0x00, 0x00, 0x00, 0x00, 0x00, 0x00, 0x00,
    0x00, 0x00, 0x00, 0x00, 0x00, 0x00, 0x00, 0x00, 0x00, 0x00, 0x00, 0x00, 0x00, 0x00, 0x00, 0x00,
    0x00, 0x00, 0x00, 0x00, 0x00, 0x00, 0x00, 0x00, 0x20, 0x00, 0x47, 0x00, 0x09, 0x00, 0x29, 0x00,
    0x6a, 0x00, 0x09, 0x00, 0x28, 0x00, 0x8c, 0x00, 0x8c, 0x00, 0xac, 0x00, 0xec, 0x00, 0xcc, 0x00,
    0x8b, 0x00, 0xe7, 0x00, 0xaa, 0x00, 0x09, 0x00, 0xa8, 0x00, 0xa4, 0x00, 0x00, 0x00, 0x81, 0x00,
    0x64, 0x00, 0x00, 0x00, 0x00, 0x00, 0x02, 0x00, 0x28, 0x00, 0x2e, 0x00, 0x0e, 0x00, 0xcd, 0x00,
    0x0b, 0x00, 0xaa, 0x00, 0x69, 0x00, 0x02, 0x00, 0x00, 0x00, 0x00, 0x00, 0x00, 0x00, 0x00, 0x00,
    0x00, 0x00, 0x00, 0x00, 0x00, 0x00, 0x00, 0x00, 0x00, 0x00, 0x00, 0x00, 0x00, 0x00, 0x00, 0x00,
    0x00, 0x00, 0x00, 0x00, 0x00, 0x00, 0x00, 0x00, 0x00, 0x00, 0x00, 0x00, 0x00, 0x00, 0x00, 0x00,
    0x00, 0x00, 0x00, 0x00, 0x00, 0x00, 0x00, 0x00, 0x00, 0x00, 0x00, 0x00, 0x00, 0x00, 0x00, 0x00,
    0x00, 0x00, 0x00, 0x00, 0x00, 0x00, 0x00, 0x00, 0x00, 0x00, 0x23, 0x00, 0xc8, 0x00, 0xc8, 0x00,
    0xa7, 0x00, 0xe8, 0x00, 0xb0, 0x00, 0xb3, 0x00, 0xb0, 0x00, 0xb0, 0x00, 0x4e, 0x00, 0x2d, 0x00,
    0xac, 0x00, 0x69, 0x00, 0x8a, 0x00, 0xe8, 0x00, 0x26, 0x00, 0xc2, 0x00, 0xa2, 0x00, 0x40, 0x00,
    0xe2, 0x00, 0xa7, 0x00, 0x6c, 0x00, 0x0e, 0x00, 0x0e, 0x00, 0x8c, 0x00, 0xad, 0x00, 0x2b, 0x00,
    0x08, 0x00, 0x6a, 0x00, 0x64, 0x00, 0x00, 0x00, 0x00, 0x00, 0x00, 0x00, 0x00, 0x00, 0x00, 0x00,
    0x00, 0x00, 0x00, 0x00, 0x00, 0x00, 0x00, 0x00, 0x00, 0x00, 0x00, 0x00, 0x00, 0x00, 0x00, 0x00,
    0x00, 0x00, 0x00, 0x00, 0x00, 0x00, 0x00, 0x00, 0x00, 0x00, 0x00, 0x00, 0x00, 0x00, 0x00, 0x00,
    0x00, 0x00, 0x00, 0x00, 0x00, 0x00, 0x00, 0x00, 0x00, 0x00, 0x00, 0x00, 0x00, 0x00, 0x00, 0x00,
    0x00, 0x00, 0x00, 0x00, 0x00, 0x00, 0x00, 0x00, 0x00, 0x00, 0x81, 0x00, 0x47, 0x00, 0x06, 0x00,
    0xaa, 0x00, 0xcc, 0x00, 0xd4, 0x00, 0xd4, 0x00, 0x55, 0x00, 0xb3, 0x00, 0x51, 0x00, 0xaf, 0x00,
    0xea, 0x00, 0x69, 0x00, 0x08, 0x00, 0x08, 0x00, 0x89, 0x00, 0x4b, 0x00, 0x8c, 0x00, 0x6c, 0x00,
    0x6f, 0x00, 0x6f, 0x00, 0x4e, 0x00, 0xee, 0x00, 0x8c, 0x00, 0x0b, 0x00, 0xeb, 0x00, 0xe8, 0x00,
    0xa7, 0x00, 0x03, 0x00, 0x00, 0x00, 0x00, 0x00, 0x00, 0x00, 0x00, 0x00, 0x00, 0x00, 0x00, 0x00,
    0x00, 0x00, 0x00, 0x00, 0x63, 0x00, 0x00, 0x00, 0x00, 0x00, 0x00, 0x00, 0x00, 0x00, 0x00, 0x00,
    0x00, 0x00, 0x00, 0x00, 0x00, 0x00, 0x00, 0x00, 0x00, 0x00, 0x00, 0x00, 0x00, 0x00, 0x00, 0x00,
    0x00, 0x00, 0x00, 0x00, 0x00, 0x00, 0x00, 0x00, 0x00, 0x00, 0x00, 0x00, 0x00, 0x00, 0x00, 0x00,
    0x00, 0x00, 0x00, 0x00, 0x00, 0x00, 0x00, 0x00, 0x00, 0x00, 0x40, 0x00, 0xc5, 0x00, 0x69, 0x00,
    0x72, 0x00, 0x6f, 0x00, 0x31, 0x00, 0x31, 0x00, 0x8f, 0x00, 0x2e, 0x00, 0x0d, 0x00, 0x2b, 0x00,
    0xed, 0x00, 0xeb, 0x00, 0xca, 0x00, 0x0e, 0x00, 0x2e, 0x00, 0xcd, 0x00, 0x2e, 0x00, 0x8c, 0x00,
    0x8d, 0x00, 0xeb, 0x00, 0xeb, 0x00, 0xcb, 0x00, 0x8a, 0x00, 0x49, 0x00, 0xe8, 0x00, 0x26, 0x00,
    0xa1, 0x00, 0x00, 0x00, 0x00, 0x00, 0x00, 0x00, 0x00, 0x00, 0x00, 0x00, 0x00, 0x00, 0x00, 0x00,
    0x00, 0x00, 0xc7, 0x00, 0x28, 0x00, 0x00, 0x00, 0x00, 0x00, 0x00, 0x00, 0x00, 0x00, 0x00, 0x00,
    0x00, 0x00, 0x00, 0x00, 0x00, 0x00, 0x00, 0x00, 0x00, 0x00, 0x00, 0x00, 0x00, 0x00, 0x00, 0x00,
    0x00, 0x00, 0x00, 0x00, 0x00, 0x00, 0x00, 0x00, 0x00, 0x00, 0x00, 0x00, 0x00, 0x00, 0x00, 0x00,
    0x00, 0x00, 0x00, 0x00, 0x00, 0x00, 0x00, 0x00, 0x00, 0x00, 0x20, 0x00, 0x66, 0x00, 0x31, 0x00,
    0x15, 0x00, 0x6f, 0x00, 0x11, 0x00, 0xf1, 0x00, 0x8f, 0x00, 0x31, 0x00, 0x0d, 0x00, 0xac, 0x00,
    0xac, 0x00, 0xaa, 0x00, 0x8f, 0x00, 0x8f, 0x00, 0x2b, 0x00, 0xad, 0x00, 0xeb, 0x00, 0x0b, 0x00,
    0x0b, 0x00, 0x49, 0x00, 0x6a, 0x00, 0x29, 0x00, 0xe8, 0x00, 0x87, 0x00, 0x67, 0x00, 0xa4, 0x00,
    0x40, 0x00, 0x00, 0x00, 0x00, 0x00, 0x00, 0x00, 0x00, 0x00, 0x00, 0x00, 0x00, 0x00, 0xa1, 0x00,
    0x89, 0x00, 0x2b, 0x00, 0xe2, 0x00, 0x00, 0x00, 0x00, 0x00, 0x00, 0x00, 0x00, 0x00, 0x00, 0x00,
    0x00, 0x00, 0x00, 0x00, 0x00, 0x00, 0x00, 0x00, 0x00, 0x00, 0x00, 0x00, 0x00, 0x00, 0x00, 0x00,
    0x00, 0x00, 0x00, 0x00, 0x00, 0x00, 0x00, 0x00, 0x00, 0x00, 0x00, 0x00, 0x00, 0x00, 0x00, 0x00,
    0x00, 0x00, 0x00, 0x00, 0x00, 0x00, 0x00, 0x00, 0x00, 0x00, 0x22, 0x00, 0xea, 0x00, 0x92, 0x00,
    0x52, 0x00, 0xd3, 0x00, 0x15, 0x00, 0x14, 0x00, 0x35, 0x00, 0x72, 0x00, 0xac, 0x00, 0x11, 0x00,
    0x2e, 0x00, 0xea, 0x00, 0xee, 0x00, 0xeb, 0x00, 0xcb, 0x00, 0x6a, 0x00, 0x49, 0x00, 0xaa, 0x00,
    0xa8, 0x00, 0xc8, 0x00, 0xc8, 0x00, 0x67, 0x00, 0x46, 0x00, 0xc5, 0x00, 0xa1, 0x00, 0x00, 0x00,
    0x00, 0x00, 0x00, 0x00, 0x00, 0x00, 0x00, 0x00, 0x00, 0x00, 0x00, 0x00, 0xc2, 0x00, 0x2b, 0x00,
    0x4b, 0x00, 0x25, 0x00, 0x00, 0x00, 0x00, 0x00, 0x00, 0x00, 0x00, 0x00, 0x00, 0x00, 0x00, 0x00,
    0x00, 0x00, 0x00, 0x00, 0x00, 0x00, 0x00, 0x00, 0x00, 0x00, 0x00, 0x00, 0x00, 0x00, 0x00, 0x00,
    0x00, 0x00, 0x00, 0x00, 0x00, 0x00, 0x00, 0x00, 0x00, 0x00, 0x00, 0x00, 0x00, 0x00, 0x00, 0x00,
    0x00, 0x00, 0x00, 0x00, 0x00, 0x00, 0x00, 0x00, 0x00, 0x00, 0x48, 0x00, 0x4b, 0x00, 0xd0, 0x00,
    0x72, 0x00, 0x14, 0x00, 0xd3, 0x00, 0x72, 0x00, 0x31, 0x00, 0x6b, 0x00, 0x4b, 0x00, 0x4e, 0x00,
    0xeb, 0x00, 0xeb, 0x00, 0xaa, 0x00, 0xc8, 0x00, 0xa8, 0x00, 0xc8, 0x00, 0xe8, 0x00, 0x67, 0x00,
    0x06, 0x00, 0xa5, 0x00, 0x03, 0x00, 0x61, 0x00, 0x20, 0x00, 0x20, 0x00, 0x00, 0x00, 0x00, 0x00,
    0x00, 0x00, 0x00, 0x00, 0x00, 0x00, 0x00, 0x00, 0x23, 0x00, 0x64, 0x00, 0x49, 0x00, 0x4b, 0x00,
    0x28, 0x00, 0xa1, 0x00, 0x00, 0x00, 0x00, 0x00, 0x00, 0x00, 0x00, 0x00, 0x00, 0x00, 0x00, 0x00,
    0x00, 0x00, 0x00, 0x00, 0x00, 0x00, 0x00, 0x00, 0x00, 0x00, 0x00, 0x00, 0x00, 0x00, 0x00, 0x00,
    0x00, 0x00, 0x00, 0x00, 0x00, 0x00, 0x00, 0x00, 0x00, 0x00, 0x00, 0x00, 0x00, 0x00, 0x00, 0x00,
    0x00, 0x00, 0x00, 0x00, 0x00, 0x00, 0x00, 0x00, 0xe2, 0x00, 0xcc, 0x00, 0x0d, 0x00, 0x8f, 0x00,
    0xb2, 0x00, 0x31, 0x00, 0x4e, 0x00, 0x0d, 0x00, 0xcc, 0x00, 0x0a, 0x00, 0xcc, 0x00, 0xea, 0x00,
    0xaa, 0x00, 0x0b, 0x00, 0xe8, 0x00, 0x67, 0x00, 0x67, 0x00, 0x26, 0x00, 0xa5, 0x00, 0xe3, 0x00,
    0x41, 0x00, 0x00, 0x00, 0x00, 0x00, 0x00, 0x00, 0x00, 0x00, 0x00, 0x00, 0x00, 0x00, 0x00, 0x00,
    0x00, 0x00, 0x00, 0x00, 0x00, 0x00, 0x00, 0x00, 0x66, 0x00, 0x49, 0x00, 0x89, 0x00, 0xca, 0x00,
    0x66, 0x00, 0x00, 0x00, 0x00, 0x00, 0x00, 0x00, 0x00, 0x00, 0x00, 0x00, 0x00, 0x00, 0x00, 0x00,
    0x00, 0x00, 0x00, 0x00, 0x00, 0x00, 0x00, 0x00, 0x00, 0x00, 0x00, 0x00, 0x00, 0x00, 0x00, 0x00,
    0x00, 0x00, 0x00, 0x00, 0x00, 0x00, 0x00, 0x00, 0x00, 0x00, 0x00, 0x00, 0x00, 0x00, 0x00, 0x00,
    0x00, 0x00, 0x00, 0x00, 0x00, 0x00, 0x00, 0x00, 0x45, 0x00, 0x6e, 0x00, 0x6f, 0x00, 0x2d, 0x00,
    0x6e, 0x00, 0x6f, 0x00, 0x8f, 0x00, 0x72, 0x00, 0x8f, 0x00, 0xcc, 0x00, 0x4e, 0x00, 0x0b, 0x00,
    0x29, 0x00, 0xa8, 0x00, 0x06, 0x00, 0x06, 0x00, 0x84, 0x00, 0x23, 0x00, 0x00, 0x00, 0x00, 0x00,
    0x00, 0x00, 0x00, 0x00, 0x00, 0x00, 0x00, 0x00, 0x00, 0x00, 0x00, 0x00, 0x00, 0x00, 0x00, 0x00,
    0x00, 0x00, 0x00, 0x00, 0x00, 0x00, 0x00, 0x00, 0x08, 0x00, 0x49, 0x00, 0xaa, 0x00, 0xaa, 0x00,
    0xe5, 0x00, 0x00, 0x00, 0x00, 0x00, 0x00, 0x00, 0x00, 0x00, 0x00, 0x00, 0x00, 0x00, 0x00, 0x00,
    0x00, 0x00, 0x00, 0x00, 0x00, 0x00, 0x00, 0x00, 0x00, 0x00, 0x00, 0x00, 0x00, 0x00, 0x00, 0x00,
    0x00, 0x00, 0x00, 0x00, 0x00, 0x00, 0x00, 0x00, 0x00, 0x00, 0x00, 0x00, 0x00, 0x00, 0x00, 0x00,
    0x00, 0x00, 0x00, 0x00, 0x00, 0x00, 0x00, 0x00, 0xa6, 0x00, 0x6e, 0x00, 0x8f, 0x00, 0xed, 0x00,
    0xf0, 0x00, 0xf4, 0x00, 0x92, 0x00, 0x92, 0x00, 0xec, 0x00, 0xed, 0x00, 0x8c, 0x00, 0x49, 0x00,
    0x08, 0x00, 0x46, 0x00, 0x26, 0x00, 0x64, 0x00, 0x06, 0x00, 0x06, 0x00, 0x00, 0x00, 0x00, 0x00,
    0x00, 0x00, 0x00, 0x00, 0x00, 0x00, 0x00, 0x00, 0x00, 0x00, 0x00, 0x00, 0x00, 0x00, 0x00, 0x00,
    0x00, 0x00, 0x00, 0x00, 0x00, 0x00, 0x20, 0x00, 0xe8, 0x00, 0x08, 0x00, 0x8a, 0x00, 0x08, 0x00,
    0xc5, 0x00, 0x00, 0x00, 0x00, 0x00, 0x00, 0x00, 0x00, 0x00, 0x00, 0x00, 0x00, 0x00, 0x00, 0x00,
    0x00, 0x00, 0x00, 0x00, 0x00, 0x00, 0x00, 0x00, 0x00, 0x00, 0x00, 0x00, 0x00, 0x00, 0x00, 0x00,
    0x00, 0x00, 0x00, 0x00, 0x00, 0x00, 0x00, 0x00, 0x00, 0x00, 0x00, 0x00, 0x00, 0x00, 0x00, 0x00,
    0x00, 0x00, 0x00, 0x00, 0x00, 0x00, 0x40, 0x00, 0x27, 0x00, 0x0d, 0x00, 0x2d, 0x00, 0xaf, 0x00,
    0x51, 0x00, 0x31, 0x00, 0x10, 0x00, 0x10, 0x00, 0x0a, 0x00, 0x2b, 0x00, 0x8a, 0x00, 0x49, 0x00,
    0x49, 0x00, 0x26, 0x00, 0xa5, 0x00, 0xa1, 0x00, 0x05, 0x00, 0xa7, 0x00, 0x00, 0x00, 0x00, 0x00,
    0x00, 0x00, 0x00, 0x00, 0x00, 0x00, 0x00, 0x00, 0x00, 0x00, 0x00, 0x00, 0x00, 0x00, 0x00, 0x00,
    0x00, 0x00, 0x00, 0x00, 0x00, 0x00, 0x00, 0x00, 0xa7, 0x00, 0x08, 0x00, 0xc8, 0x00, 0x29, 0x00,
    0x03, 0x00, 0x41, 0x00, 0x00, 0x00, 0x00, 0x00, 0x00, 0x00, 0x00, 0x00, 0x00, 0x00, 0x00, 0x00,
    0x00, 0x00, 0x00, 0x00, 0x00, 0x00, 0x00, 0x00, 0x00, 0x00, 0x00, 0x00, 0x00, 0x00, 0x00, 0x00,
    0x00, 0x00, 0x00, 0x00, 0x00, 0x00, 0x00, 0x00, 0x00, 0x00, 0x00, 0x00, 0x00, 0x00, 0x00, 0x00,
    0x00, 0x00, 0x00, 0x00, 0x00, 0x00, 0xc2, 0x00, 0xc9, 0x00, 0x4b, 0x00, 0xcc, 0x00, 0x6e, 0x00,
    0xcf, 0x00, 0xaf, 0x00, 0xf0, 0x00, 0x2d, 0x00, 0x28, 0x00, 0x69, 0x00, 0xeb, 0x00, 0x8a, 0x00,
    0x09, 0x00, 0xa5, 0x00, 0x23, 0x00, 0x23, 0x00, 0x20, 0x00, 0x43, 0x00, 0x00, 0x00, 0x00, 0x00,
    0x00, 0x00, 0x00, 0x00, 0x00, 0x00, 0x00, 0x00, 0x00, 0x00, 0x00, 0x00, 0x00, 0x00, 0x00, 0x00,
    0x00, 0x00, 0x00, 0x00, 0x00, 0x00, 0x02, 0x00, 0x46, 0x00, 0xa8, 0x00, 0x87, 0x00, 0xe8, 0x00,
    0x87, 0x00, 0x03, 0x00, 0x00, 0x00, 0x00, 0x00, 0x00, 0x00, 0x00, 0x00, 0x00, 0x00, 0x00, 0x00,
    0x00, 0x00, 0x00, 0x00, 0x00, 0x00, 0x00, 0x00, 0x00, 0x00, 0x00, 0x00, 0x00, 0x00, 0x00, 0x00,
    0x00, 0x00, 0x00, 0x00, 0x00, 0x00, 0x00, 0x00, 0x00, 0x00, 0x00, 0x00, 0x00, 0x00, 0x00, 0x00,
    0x00, 0x00, 0x00, 0x00, 0x00, 0x00, 0xe2, 0x00, 0x4a, 0x00, 0x0a, 0x00, 0xac, 0x00, 0x0d, 0x00,
    0x8f, 0x00, 0x6e, 0x00, 0xcc, 0x00, 0x6b, 0x00, 0x69, 0x00, 0x8a, 0x00, 0x6c, 0x00, 0x29, 0x00,
    0xa8, 0x00, 0x64, 0x00, 0x43, 0x00, 0x05, 0x00, 0x00, 0x00, 0x00, 0x00, 0x00, 0x00, 0x00, 0x00,
    0x00, 0x00, 0x00, 0x00, 0x00, 0x00, 0x00, 0x00, 0x00, 0x00, 0x00, 0x00, 0x00, 0x00, 0x00, 0x00,
    0x00, 0x00, 0x00, 0x00, 0x00, 0x00, 0x64, 0x00, 0xe8, 0x00, 0xa7, 0x00, 0x67, 0x00, 0xc8, 0x00,
    0xc8, 0x00, 0x00, 0x00, 0x00, 0x00, 0x00, 0x00, 0x00, 0x00, 0x00, 0x00, 0x00, 0x00, 0x00, 0x00,
    0x00, 0x00, 0x00, 0x00, 0x00, 0x00, 0x40, 0x00, 0x00, 0x00, 0x00, 0x00, 0x40, 0x00, 0x20, 0x00,
    0x00, 0x00, 0x00, 0x00, 0x00, 0x00, 0x00, 0x00, 0x00, 0x00, 0x00, 0x00, 0xc2, 0x00, 0xc4, 0x00,
    0x05, 0x00, 0x22, 0x00, 0x00, 0x00, 0x81, 0x00, 0x4b, 0x00, 0xe9, 0x00, 0x2a, 0x00, 0x4e, 0x00,
    0x0d, 0x00, 0x6b, 0x00, 0x2e, 0x00, 0x4e, 0x00, 0x69, 0x00, 0x8a, 0x00, 0x49, 0x00, 0xe8, 0x00,
    0x47, 0x00, 0xa5, 0x00, 0x64, 0x00, 0xe8, 0x00, 0x02, 0x00, 0x00, 0x00, 0x00, 0x00, 0x00, 0x00,
    0x00, 0x00, 0x00, 0x00, 0x00, 0x00, 0x00, 0x00, 0x00, 0x00, 0x00, 0x00, 0x00, 0x00, 0x00, 0x00,
    0x00, 0x00, 0x00, 0x00, 0x00, 0x00, 0x40, 0x00, 0xc8, 0x00, 0xe8, 0x00, 0x47, 0x00, 0xa8, 0x00,
    0x06, 0x00, 0x00, 0x00, 0x00, 0x00, 0x00, 0x00, 0x00, 0x00, 0x00, 0x00, 0x00, 0x00, 0x00, 0x00,
    0x00, 0x00, 0x00, 0x00, 0x00, 0x00, 0x83, 0x00, 0xa6, 0x00, 0xa1, 0x00, 0xa1, 0x00, 0xc7, 0x00,
    0xc2, 0x00, 0x00, 0x00, 0x00, 0x00, 0x00, 0x00, 0x00, 0x00, 0x63, 0x00, 0xea, 0x00, 0x0d, 0x00,
    0x8b, 0x00, 0x6b, 0x00, 0x66, 0x00, 0x81, 0x00, 0x89, 0x00, 0x6b, 0x00, 0xc9, 0x00, 0x6b, 0x00,
    0x8c, 0x00, 0x4e, 0x00, 0xaf, 0x00, 0x2e, 0x00, 0x28, 0x00, 0x6a, 0x00, 0x6a, 0x00, 0x09, 0x00,
    0x67, 0x00, 0xc5, 0x00, 0x23, 0x00, 0x86, 0x00, 0x86, 0x00, 0x00, 0x00, 0x00, 0x00, 0x00, 0x00,
    0x00, 0x00, 0x00, 0x00, 0x00, 0x00, 0x00, 0x00, 0x00, 0x00, 0x00, 0x00, 0x00, 0x00, 0x00, 0x00,
    0x00, 0x00, 0x00, 0x00, 0x00, 0x00, 0x00, 0x00, 0x84, 0x00, 0x09, 0x00, 0x87, 0x00, 0xc8, 0x00,
    0xc5, 0x00, 0x00, 0x00, 0x00, 0x00, 0x00, 0x00, 0x00, 0x00, 0x00, 0x00, 0x00, 0x00, 0x00, 0x00,
    0x00, 0x00, 0x00, 0x00, 0x40, 0x00, 0x40, 0x00, 0x84, 0x00, 0x2b, 0x00, 0x46, 0x00, 0x05, 0x00,
    0x08, 0x00, 0x20, 0x00, 0x00, 0x00, 0x00, 0x00, 0x40, 0x00, 0x8a, 0x00, 0x2b, 0x00, 0x8e, 0x00,
    0x2e, 0x00, 0xcd, 0x00, 0x4b, 0x00, 0x46, 0x00, 0x25, 0x00, 0x6b, 0x00, 0x4b, 0x00, 0x8c, 0x00,
    0x0d, 0x00, 0x0d, 0x00, 0x0d, 0x00, 0x0d, 0x00, 0xe7, 0x00, 0xa8, 0x00, 0x49, 0x00, 0x87, 0x00,
    0x67, 0x00, 0xa5, 0x00, 0x63, 0x00, 0xc2, 0x00, 0xc2, 0x00, 0x20, 0x00, 0x00, 0x00, 0x00, 0x00,
    0x00, 0x00, 0x00, 0x00, 0x00, 0x00, 0x00, 0x00, 0x00, 0x00, 0x00, 0x00, 0x00, 0x00, 0x00, 0x00,
    0x00, 0x00, 0x00, 0x00, 0x00, 0x00, 0x00, 0x00, 0x20, 0x00, 0x06, 0x00, 0x09, 0x00, 0xe8, 0x00,
    0xc5, 0x00, 0x00, 0x00, 0x00, 0x00, 0x00, 0x00, 0x00, 0x00, 0x00, 0x00, 0x00, 0x00, 0x00, 0x00,
    0x00, 0x00, 0x00, 0x00, 0x23, 0x00, 0xc7, 0x00, 0xe5, 0x00, 0xea, 0x00, 0xaa, 0x00, 0x28, 0x00,
    0xad, 0x00, 0xe5, 0x00, 0x00, 0x00, 0x00, 0x00, 0xe2, 0x00, 0xaa, 0x00, 0xca, 0x00, 0xca, 0x00,
    0xca, 0x00, 0x6c, 0x00, 0x0b, 0x00, 0x08, 0x00, 0xe5, 0x00, 0x68, 0x00, 0x6b, 0x00, 0x8b, 0x00,
    0xcc, 0x00, 0xed, 0x00, 0xed, 0x00, 0x4b, 0x00, 0x28, 0x00, 0x06, 0x00, 0xa8, 0x00, 0xa5, 0x00,
    0x06, 0x00, 0x26, 0x00, 0x84, 0x00, 0xa6, 0x00, 0x43, 0x00, 0x00, 0x00, 0x00, 0x00, 0x00, 0x00,
    0x00, 0x00, 0x00, 0x00, 0x00, 0x00, 0x00, 0x00, 0x00, 0x00, 0x00, 0x00, 0x00, 0x00, 0x00, 0x00,
    0x00, 0x00, 0x00, 0x00, 0x00, 0x00, 0x00, 0x00, 0x00, 0x00, 0x61, 0x00, 0x87, 0x00, 0x6a, 0x00,
    0x46, 0x00, 0x00, 0x00, 0x00, 0x00, 0x00, 0x00, 0x00, 0x00, 0x00, 0x00, 0x00, 0x00, 0x00, 0x00,
    0x00, 0x00, 0x00, 0x00, 0x00, 0x00, 0x05, 0x00, 0x68, 0x00, 0x26, 0x00, 0x08, 0x00, 0x67, 0x00,
    0x8a, 0x00, 0x29, 0x00, 0x40, 0x00, 0x00, 0x00, 0x43, 0x00, 0x49, 0x00, 0x2c, 0x00, 0x4c, 0x00,
    0x8d, 0x00, 0x2c, 0x00, 0xcb, 0x00, 0x29, 0x00, 0x46, 0x00, 0xc7, 0x00, 0x68, 0x00, 0x6b, 0x00,
    0x8c, 0x00, 0x8c, 0x00, 0x2b, 0x00, 0xea, 0x00, 0xea, 0x00, 0x46, 0x00, 0xa5, 0x00, 0x25, 0x00,
    0xa9, 0x00, 0xcc, 0x00, 0x6b, 0x00, 0x86, 0x00, 0x68, 0x00, 0x65, 0x00, 0x00, 0x00, 0x00, 0x00,
    0x00, 0x00, 0x00, 0x00, 0x00, 0x00, 0x00, 0x00, 0x00, 0x00, 0x00, 0x00, 0x00, 0x00, 0x00, 0x00,
    0x00, 0x00, 0x00, 0x00, 0x00, 0x00, 0x00, 0x00, 0x00, 0x00, 0x20, 0x00, 0xc5, 0x00, 0x8a, 0x00,
    0x6a, 0x00, 0xa1, 0x00, 0xa1, 0x00, 0x20, 0x00, 0x00, 0x00, 0x00, 0x00, 0x00, 0x00, 0x00, 0x00,
    0x00, 0x00, 0x00, 0x00, 0x00, 0x00, 0xc2, 0x00, 0x48, 0x00, 0xa7, 0x00, 0x26, 0x00, 0x67, 0x00,
    0x87, 0x00, 0x08, 0x00, 0xe2, 0x00, 0x00, 0x00, 0xc5, 0x00, 0xaa, 0x00, 0x0b, 0x00, 0x2c, 0x00,
    0x2c, 0x00, 0x0b, 0x00, 0xeb, 0x00, 0x29, 0x00, 0x26, 0x00, 0xe7, 0x00, 0x48, 0x00, 0x89, 0x00,
    0xea, 0x00, 0x0a, 0x00, 0x8c, 0x00, 0x8c, 0x00, 0x0b, 0x00, 0x05, 0x00, 0x46, 0x00, 0xcd, 0x00,
    0xf0, 0x00, 0x6b, 0x00, 0xac, 0x00, 0x2b, 0x00, 0xe4, 0x00, 0x88, 0x00, 0x66, 0x00, 0x00, 0x00,
    0x00, 0x00, 0x00, 0x00, 0x00, 0x00, 0x00, 0x00, 0x00, 0x00, 0x00, 0x00, 0x00, 0x00, 0x00, 0x00,
    0x00, 0x00, 0x00, 0x00, 0x00, 0x00, 0x00, 0x00, 0x00, 0x00, 0x00, 0x00, 0xa2, 0x00, 0xa7, 0x00,
    0xcb, 0x00, 0x25, 0x00, 0x46, 0x00, 0x40, 0x00, 0x00, 0x00, 0x00, 0x00, 0x00, 0x00, 0x00, 0x00,
    0x00, 0x00, 0x00, 0x00, 0x00, 0x00, 0x00, 0x00, 0x40, 0x00, 0xc5, 0x00, 0xa7, 0x00, 0x46, 0x00,
    0x46, 0x00, 0x49, 0x00, 0xa7, 0x00, 0x00, 0x00, 0xc5, 0x00, 0x8a, 0x00, 0xeb, 0x00, 0x4c, 0x00,
    0x6a, 0x00, 0x08, 0x00, 0x09, 0x00, 0xe8, 0x00, 0xa8, 0x00, 0x25, 0x00, 0xc9, 0x00, 0x89, 0x00,
    0xa9, 0x00, 0x8c, 0x00, 0x8c, 0x00, 0x0b, 0x00, 0x89, 0x00, 0x84, 0x00, 0xea, 0x00, 0x8f, 0x00,
    0x31, 0x00, 0x0c, 0x00, 0x4b, 0x00, 0x89, 0x00, 0x05, 0x00, 0xe2, 0x00, 0xe7, 0x00, 0x63, 0x00,
    0x00, 0x00, 0x00, 0x00, 0x00, 0x00, 0x00, 0x00, 0x00, 0x00, 0x00, 0x00, 0x00, 0x00, 0x00, 0x00,
    0x00, 0x00, 0x00, 0x00, 0x00, 0x00, 0x00, 0x00, 0x00, 0x00, 0x00, 0x00, 0x00, 0x00, 0x43, 0x00,
    0x8a, 0x00, 0x08, 0x00, 0x67, 0x00, 0x20, 0x00, 0x00, 0x00, 0x00, 0x00, 0x00, 0x00, 0x00, 0x00,
    0x00, 0x00, 0x00, 0x00, 0x00, 0x00, 0x00, 0x00, 0x00, 0x00, 0x00, 0x00, 0xe5, 0x00, 0xe8, 0x00,
    0x67, 0x00, 0x67, 0x00, 0xca, 0x00, 0xe5, 0x00, 0x23, 0x00, 0x49, 0x00, 0x8a, 0x00, 0x8a, 0x00,
    0x6a, 0x00, 0xa7, 0x00, 0xa8, 0x00, 0x87, 0x00, 0xa8, 0x00, 0xc5, 0x00, 0x86, 0x00, 0xca, 0x00,
    0xca, 0x00, 0x0b, 0x00, 0xea, 0x00, 0xca, 0x00, 0x86, 0x00, 0x46, 0x00, 0xea, 0x00, 0x8c, 0x00,
    0x8f, 0x00, 0xec, 0x00, 0x6e, 0x00, 0xa9, 0x00, 0x87, 0x00, 0x02, 0x00, 0x40, 0x00, 0x20, 0x00,
    0x00, 0x00, 0x00, 0x00, 0x00, 0x00, 0x00, 0x00, 0x00, 0x00, 0x00, 0x00, 0x00, 0x00, 0x00, 0x00,
    0x00, 0x00, 0x00, 0x00, 0x00, 0x00, 0x00, 0x00, 0x00, 0x00, 0x00, 0x00, 0x00, 0x00, 0x40, 0x00,
    0x67, 0x00, 0x08, 0x00, 0x87, 0x00, 0x00, 0x00, 0x00, 0x00, 0x00, 0x00, 0x00, 0x00, 0x00, 0x00,
    0x00, 0x00, 0x00, 0x00, 0x00, 0x00, 0x00, 0x00, 0x00, 0x00, 0x00, 0x00, 0x20, 0x00, 0xe5, 0x00,
    0xe8, 0x00, 0xc8, 0x00, 0x29, 0x00, 0x8a, 0x00, 0x87, 0x00, 0x67, 0x00, 0x29, 0x00, 0x29, 0x00,
    0x49, 0x00, 0x67, 0x00, 0x67, 0x00, 0xe8, 0x00, 0x67, 0x00, 0x06, 0x00, 0xa4, 0x00, 0xc7, 0x00,
    0x49, 0x00, 0xaa, 0x00, 0x69, 0x00, 0xe8, 0x00, 0x66, 0x00, 0x46, 0x00, 0x49, 0x00, 0x8c, 0x00,
    0xf0, 0x00, 0xcd, 0x00, 0x4b, 0x00, 0x89, 0x00, 0xe8, 0x00, 0xe5, 0x00, 0xe7, 0x00, 0xc4, 0x00,
    0x00, 0x00, 0x00, 0x00, 0x00, 0x00, 0x00, 0x00, 0x00, 0x00, 0x00, 0x00, 0x00, 0x00, 0x00, 0x00,
    0x00, 0x00, 0x00, 0x00, 0x00, 0x00, 0x00, 0x00, 0x00, 0x00, 0x00, 0x00, 0x00, 0x00, 0x40, 0x00,
    0xa4, 0x00, 0xe8, 0x00, 0xc8, 0x00, 0x00, 0x00, 0x00, 0x00, 0x00, 0x00, 0x00, 0x00, 0x00, 0x00,
    0x00, 0x00, 0x00, 0x00, 0x00, 0x00, 0x00, 0x00, 0x00, 0x00, 0x00, 0x00, 0x00, 0x00, 0x00, 0x00,
    0x84, 0x00, 0x67, 0x00, 0xa7, 0x00, 0x49, 0x00, 0xaa, 0x00, 0xe8, 0x00, 0x09, 0x00, 0x09, 0x00,
    0xc8, 0x00, 0x46, 0x00, 0x26, 0x00, 0x87, 0x00, 0x67, 0x00, 0x47, 0x00, 0xe5, 0x00, 0x66, 0x00,
    0xa7, 0x00, 0xe7, 0x00, 0xc7, 0x00, 0x69, 0x00, 0xa7, 0x00, 0x46, 0x00, 0xaa, 0x00, 0xad, 0x00,
    0x6f, 0x00, 0x2b, 0x00, 0x08, 0x00, 0xe8, 0x00, 0x67, 0x00, 0x64, 0x00, 0x66, 0x00, 0xea, 0x00,
    0x68, 0x00, 0xa1, 0x00, 0x00, 0x00, 0x00, 0x00, 0x00, 0x00, 0x00, 0x00, 0x00, 0x00, 0x00, 0x00,
    0x00, 0x00, 0x00, 0x00, 0x00, 0x00, 0x00, 0x00, 0x00, 0x00, 0x00, 0x00, 0x00, 0x00, 0xa1, 0x00,
    0x26, 0x00, 0x08, 0x00, 0x67, 0x00, 0x00, 0x00, 0x00, 0x00, 0x00, 0x00, 0x00, 0x00, 0x00, 0x00,
    0x00, 0x00, 0x00, 0x00, 0x00, 0x00, 0x00, 0x00, 0x00, 0x00, 0x00, 0x00, 0x00, 0x00, 0x00, 0x00,
    0x00, 0x00, 0xc5, 0x00, 0x67, 0x00, 0x09, 0x00, 0x6a, 0x00, 0x49, 0x00, 0x29, 0x00, 0x29, 0x00,
    0x84, 0x00, 0xc5, 0x00, 0xa8, 0x00, 0x67, 0x00, 0x47, 0x00, 0x67, 0x00, 0x06, 0x00, 0xe5, 0x00,
    0xc7, 0x00, 0xc7, 0x00, 0x29, 0x00, 0x49, 0x00, 0x25, 0x00, 0xa7, 0x00, 0xca, 0x00, 0x0b, 0x00,
    0xac, 0x00, 0x8a, 0x00, 0x69, 0x00, 0xa8, 0x00, 0x46, 0x00, 0xc5, 0x00, 0xe5, 0x00, 0xc4, 0x00,
    0xa6, 0x00, 0x86, 0x00, 0x20, 0x00, 0x00, 0x00, 0x00, 0x00, 0x00, 0x00, 0x00, 0x00, 0x00, 0x00,
    0x00, 0x00, 0x00, 0x00, 0x00, 0x00, 0x00, 0x00, 0x00, 0x00, 0x00, 0x00, 0xa1, 0x00, 0x26, 0x00,
    0x67, 0x00, 0xe8, 0x00, 0xe5, 0x00, 0xe2, 0x00, 0x00, 0x00, 0x00, 0x00, 0x00, 0x00, 0x00, 0x00,
    0x00, 0x00, 0x00, 0x00, 0x00, 0x00, 0x00, 0x00, 0x00, 0x00, 0x00, 0x00, 0x00, 0x00, 0x00, 0x00,
    0x00, 0x00, 0x41, 0x00, 0x47, 0x00, 0xe8, 0x00, 0xaa, 0x00, 0x6a, 0x00, 0xe8, 0x00, 0x67, 0x00,
    0x20, 0x00, 0x40, 0x00, 0xe5, 0x00, 0xc8, 0x00, 0xa8, 0x00, 0x67, 0x00, 0x67, 0x00, 0x84, 0x00,
    0xe4, 0x00, 0xe7, 0x00, 0x08, 0x00, 0xe7, 0x00, 0xc4, 0x00, 0x26, 0x00, 0xaa, 0x00, 0xeb, 0x00,
    0x8a, 0x00, 0xaa, 0x00, 0x49, 0x00, 0xa8, 0x00, 0x67, 0x00, 0xa5, 0x00, 0xc8, 0x00, 0x87, 0x00,
    0xe2, 0x00, 0x61, 0x00, 0x00, 0x00, 0x00, 0x00, 0x00, 0x00, 0x00, 0x00, 0x00, 0x00, 0x00, 0x00,
    0x00, 0x00, 0x00, 0x00, 0x00, 0x00, 0x00, 0x00, 0x00, 0x00, 0x40, 0x00, 0x87, 0x00, 0x66, 0x00,
    0xe8, 0x00, 0xa7, 0x00, 0xc8, 0x00, 0x03, 0x00, 0x00, 0x00, 0x00, 0x00, 0x00, 0x00, 0x00, 0x00,
    0x00, 0x00, 0x00, 0x00, 0x00, 0x00, 0x00, 0x00, 0x00, 0x00, 0x00, 0x00, 0x00, 0x00, 0x00, 0x00,
    0x00, 0x00, 0x00, 0x00, 0x23, 0x00, 0xe8, 0x00, 0x49, 0x00, 0x6a, 0x00, 0xe8, 0x00, 0xa2, 0x00,
    0x00, 0x00, 0x00, 0x00, 0x00, 0x00, 0x23, 0x00, 0x87, 0x00, 0xc8, 0x00, 0x26, 0x00, 0xe5, 0x00,
    0x84, 0x00, 0x25, 0x00, 0x46, 0x00, 0xa7, 0x00, 0xe5, 0x00, 0xe5, 0x00, 0x0b, 0x00, 0x4c, 0x00,
    0xcb, 0x00, 0x6a, 0x00, 0xe8, 0x00, 0x67, 0x00, 0x06, 0x00, 0xc5, 0x00, 0xe8, 0x00, 0xaa, 0x00,
    0xea, 0x00, 0x68, 0x00, 0x07, 0x00, 0x65, 0x00, 0x02, 0x00, 0x00, 0x00, 0x00, 0x00, 0x00, 0x00,
    0x00, 0x00, 0x00, 0x00, 0x00, 0x00, 0x40, 0x00, 0x61, 0x00, 0x46, 0x00, 0xe8, 0x00, 0xc8, 0x00,
    0x29, 0x00, 0xa7, 0x00, 0x26, 0x00, 0x00, 0x00, 0x00, 0x00, 0x00, 0x00, 0x00, 0x00, 0x00, 0x00,
    0x00, 0x00, 0x00, 0x00, 0x00, 0x00, 0x00, 0x00, 0x00, 0x00, 0x00, 0x00, 0x00, 0x00, 0x00, 0x00,
    0x00, 0x00, 0x00, 0x00, 0x00, 0x00, 0x06, 0x00, 0x29, 0x00, 0x29, 0x00, 0x06, 0x00, 0x00, 0x00,
    0x00, 0x00, 0x00, 0x00, 0x00, 0x00, 0x00, 0x00, 0x20, 0x00, 0x43, 0x00, 0xe5, 0x00, 0x26, 0x00,
    0xc5, 0x00, 0x25, 0x00, 0x46, 0x00, 0x46, 0x00, 0xc4, 0x00, 0x87, 0x00, 0x0b, 0x00, 0x2c, 0x00,
    0x29, 0x00, 0xa8, 0x00, 0x67, 0x00, 0x67, 0x00, 0xc5, 0x00, 0xe5, 0x00, 0x08, 0x00, 0x69, 0x00,
    0xca, 0x00, 0x4b, 0x00, 0xea, 0x00, 0xa8, 0x00, 0x25, 0x00, 0xc1, 0x00, 0x83, 0x00, 0xc6, 0x00,
    0xe4, 0x00, 0x00, 0x00, 0x22, 0x00, 0xe7, 0x00, 0xc7, 0x00, 0x69, 0x00, 0x49, 0x00, 0x69, 0x00,
    0xa8, 0x00, 0xa8, 0x00, 0xe2, 0x00, 0x00, 0x00, 0x00, 0x00, 0x00, 0x00, 0x00, 0x00, 0x00, 0x00,
    0x00, 0x00, 0x00, 0x00, 0x00, 0x00, 0x00, 0x00, 0x00, 0x00, 0x00, 0x00, 0x00, 0x00, 0x00, 0x00,
    0x00, 0x00, 0x00, 0x00, 0x00, 0x00, 0x40, 0x00, 0x06, 0x00, 0x87, 0x00, 0x81, 0x00, 0x00, 0x00,
    0x00, 0x00, 0x00, 0x00, 0x00, 0x00, 0x00, 0x00, 0x00, 0x00, 0x00, 0x00, 0x00, 0x00, 0x41, 0x00,
    0xc2, 0x00, 0x02, 0x00, 0x25, 0x00, 0x46, 0x00, 0xc4, 0x00, 0xa8, 0x00, 0xaa, 0x00, 0x8a, 0x00,
    0xa8, 0x00, 0x87, 0x00, 0x47, 0x00, 0x47, 0x00, 0xc5, 0x00, 0x46, 0x00, 0x08, 0x00, 0xeb, 0x00,
    0xea, 0x00, 0x2b, 0x00, 0xed, 0x00, 0xac, 0x00, 0x2a, 0x00, 0x4a, 0x00, 0xe9, 0x00, 0xe9, 0x00,
    0xc6, 0x00, 0x27, 0x00, 0x48, 0x00, 0x88, 0x00, 0x89, 0x00, 0x89, 0x00, 0x29, 0x00, 0xa7, 0x00,
    0xc8, 0x00, 0xa4, 0x00, 0x00, 0x00, 0x00, 0x00, 0x00, 0x00, 0x00, 0x00, 0x00, 0x00, 0x00, 0x00,
    0x00, 0x00, 0x00, 0x00, 0x00, 0x00, 0x00, 0x00, 0x00, 0x00, 0x00, 0x00, 0x00, 0x00, 0x00, 0x00,
    0x00, 0x00, 0x00, 0x00, 0x00, 0x00, 0x00, 0x00, 0x00, 0x00, 0x00, 0x00, 0x00, 0x00, 0x00, 0x00,
    0x00, 0x00, 0x00, 0x00, 0x00, 0x00, 0x00, 0x00, 0x00, 0x00, 0x00, 0x00, 0x00, 0x00, 0x00, 0x00,
    0x00, 0x00, 0x00, 0x00, 0x61, 0x00, 0x84, 0x00, 0xe5, 0x00, 0x6a, 0x00, 0x0c, 0x00, 0x09, 0x00,
    0xa8, 0x00, 0x67, 0x00, 0x06, 0x00, 0x06, 0x00, 0xc5, 0x00, 0xe8, 0x00, 0xe8, 0x00, 0x49, 0x00,
    0xeb, 0x00, 0x69, 0x00, 0xca, 0x00, 0x8c, 0x00, 0x6c, 0x00, 0x6b, 0x00, 0x8c, 0x00, 0x4b, 0x00,
    0xcc, 0x00, 0xac, 0x00, 0xca, 0x00, 0x2b, 0x00, 0xeb, 0x00, 0x69, 0x00, 0x87, 0x00, 0xa8, 0x00,
    0xc5, 0x00, 0x00, 0x00, 0x00, 0x00, 0x00, 0x00, 0x00, 0x00, 0x00, 0x00, 0x00, 0x00, 0x00, 0x00,
    0x00, 0x00, 0x00, 0x00, 0x00, 0x00, 0x00, 0x00, 0x00, 0x00, 0x00, 0x00, 0x00, 0x00, 0x00, 0x00,
    0x00, 0x00, 0x00, 0x00, 0x00, 0x00, 0x00, 0x00, 0x00, 0x00, 0x00, 0x00, 0x00, 0x00, 0x00, 0x00,
    0x00, 0x00, 0x00, 0x00, 0x00, 0x00, 0x00, 0x00, 0x00, 0x00, 0x00, 0x00, 0x00, 0x00, 0x00, 0x00,
    0x00, 0x00, 0x00, 0x00, 0x00, 0x00, 0xe2, 0x00, 0x08, 0x00, 0xcb, 0x00, 0xcb, 0x00, 0x09, 0x00,
    0x46, 0x00, 0xa5, 0x00, 0xe5, 0x00, 0x67, 0x00, 0x26, 0x00, 0xa7, 0x00, 0x49, 0x00, 0xe8, 0x00,
    0x49, 0x00, 0x69, 0x00, 0x28, 0x00, 0x49, 0x00, 0xca, 0x00, 0x2b, 0x00, 0x6c, 0x00, 0xca, 0x00,
    0x48, 0x00, 0x49, 0x00, 0x8a, 0x00, 0x8a, 0x00, 0x29, 0x00, 0xc8, 0x00, 0x09, 0x00, 0xa8, 0x00,
    0xc2, 0x00, 0x00, 0x00, 0x00, 0x00, 0x00, 0x00, 0x00, 0x00, 0x00, 0x00, 0x00, 0x00, 0x00, 0x00,
    0x00, 0x00, 0x00, 0x00, 0x00, 0x00, 0x00, 0x00, 0x00, 0x00, 0x00, 0x00, 0x00, 0x00, 0x00, 0x00,
    0x00, 0x00, 0x00, 0x00, 0x00, 0x00, 0x00, 0x00, 0x00, 0x00, 0x00, 0x00, 0x00, 0x00, 0x00, 0x00,
    0x00, 0x00, 0x00, 0x00, 0x00, 0x00, 0x00, 0x00, 0x00, 0x00, 0x00, 0x00, 0x43, 0x00, 0x25, 0x00,
    0x86, 0x00, 0x45, 0x00, 0x84, 0x00, 0x29, 0x00, 0x2c, 0x00, 0xab, 0x00, 0x6a, 0x00, 0x09, 0x00,
    0x06, 0x00, 0x05, 0x00, 0xc7, 0x00, 0xc7, 0x00, 0xa7, 0x00, 0x66, 0x00, 0x08, 0x00, 0x29, 0x00,
    0xe8, 0x00, 0x69, 0x00, 0x8a, 0x00, 0x29, 0x00, 0x29, 0x00, 0x29, 0x00, 0x29, 0x00, 0x49, 0x00,
    0x8a, 0x00, 0x69, 0x00, 0x87, 0x00, 0x46, 0x00, 0x26, 0x00, 0x87, 0x00, 0x06, 0x00, 0x23, 0x00,
    0x40, 0x00, 0x00, 0x00, 0x00, 0x00, 0x00, 0x00, 0x00, 0x00, 0x00, 0x00, 0x00, 0x00, 0x00, 0x00,
    0x00, 0x00, 0x00, 0x00, 0x00, 0x00, 0x00, 0x00, 0x00, 0x00, 0x00, 0x00, 0x00, 0x00, 0x00, 0x00,
    0x00, 0x00, 0x00, 0x00, 0x00, 0x00, 0x00, 0x00, 0x00, 0x00, 0x00, 0x00, 0x00, 0x00, 0x00, 0x00,
    0x00, 0x00, 0x00, 0x00, 0x00, 0x00, 0x00, 0x00, 0x00, 0x00, 0xa4, 0x00, 0x89, 0x00, 0xa6, 0x00,
    0xac, 0x00, 0xea, 0x00, 0x2b, 0x00, 0x49, 0x00, 0xeb, 0x00, 0xcb, 0x00, 0x6a, 0x00, 0xe8, 0x00,
    0x84, 0x00, 0xc2, 0x00, 0x25, 0x00, 0x07, 0x00, 0x07, 0x00, 0x07, 0x00, 0x28, 0x00, 0x48, 0x00,
    0x86, 0x00, 0x66, 0x00, 0xc7, 0x00, 0xe8, 0x00, 0x08, 0x00, 0xa7, 0x00, 0xa7, 0x00, 0x08, 0x00,
    0xe8, 0x00, 0x08, 0x00, 0x08, 0x00, 0xe8, 0x00, 0x46, 0x00, 0x23, 0x00, 0x20, 0x00, 0x00, 0x00,
    0x00, 0x00, 0x00, 0x00, 0x00, 0x00, 0x00, 0x00, 0x00, 0x00, 0x00, 0x00, 0x00, 0x00, 0x00, 0x00,
    0x00, 0x00, 0x00, 0x00, 0x00, 0x00, 0x00, 0x00, 0x00, 0x00, 0x00, 0x00, 0x00, 0x00, 0x00, 0x00,
    0x00, 0x00, 0x00, 0x00, 0x00, 0x00, 0x00, 0x00, 0x00, 0x00, 0x00, 0x00, 0x00, 0x00, 0x00, 0x00,
    0x00, 0x00, 0x00, 0x00, 0x00, 0x00, 0x00, 0x00, 0x00, 0x00, 0xe5, 0x00, 0x66, 0x00, 0x89, 0x00,
    0x25, 0x00, 0x07, 0x00, 0xe7, 0x00, 0x86, 0x00, 0x69, 0x00, 0x8a, 0x00, 0x09, 0x00, 0x26, 0x00,
    0x40, 0x00, 0x00, 0x00, 0x00, 0x00, 0x61, 0x00, 0x22, 0x00, 0xa4, 0x00, 0x65, 0x00, 0xc6, 0x00,
    0xa6, 0x00, 0x48, 0x00, 0x48, 0x00, 0xc7, 0x00, 0xe7, 0x00, 0x48, 0x00, 0x68, 0x00, 0x88, 0x00,
    0x28, 0x00, 0x66, 0x00, 0xe4, 0x00, 0x02, 0x00, 0x20, 0x00, 0x00, 0x00, 0x00, 0x00, 0x00, 0x00,
    0x00, 0x00, 0x00, 0x00, 0x00, 0x00, 0x00, 0x00, 0x00, 0x00, 0x00, 0x00, 0x00, 0x00, 0x00, 0x00,
    0x00, 0x00, 0x00, 0x00, 0x00, 0x00, 0x00, 0x00, 0x00, 0x00, 0x00, 0x00, 0x00, 0x00, 0x00, 0x00,
    0x00, 0x00, 0x00, 0x00, 0x00, 0x00, 0x00, 0x00, 0x00, 0x00, 0x00, 0x00, 0x00, 0x00, 0x00, 0x00,
    0x00, 0x00, 0x00, 0x00, 0x00, 0x00, 0x00, 0x00, 0x00, 0x00, 0x20, 0x00, 0x86, 0x00, 0x63, 0x00,
    0x05, 0x00, 0xc9, 0x00, 0x63, 0x00, 0x86, 0x00, 0xca, 0x00, 0x87, 0x00, 0x03, 0x00, 0x40, 0x00,
    0x00, 0x00, 0x00, 0x00, 0x00, 0x00, 0x00, 0x00, 0x00, 0x00, 0x00, 0x00, 0x00, 0x00, 0x20, 0x00,
    0x40, 0x00, 0x81, 0x00, 0xe2, 0x00, 0xc1, 0x00, 0xa1, 0x00, 0xc1, 0x00, 0xc2, 0x00, 0xa1, 0x00,
    0x40, 0x00, 0x00, 0x00, 0x00, 0x00, 0x00, 0x00, 0x00, 0x00, 0x00, 0x00, 0x00, 0x00, 0x00, 0x00,
    0x00, 0x00, 0x00, 0x00, 0x00, 0x00, 0x00, 0x00, 0x00, 0x00, 0x00, 0x00, 0x00, 0x00, 0x00, 0x00,
    0x00, 0x00, 0x00, 0x00, 0x00, 0x00, 0x00, 0x00, 0x00, 0x00, 0x00, 0x00, 0x00, 0x00, 0x00, 0x00,
    0x00, 0x00, 0x00, 0x00, 0x00, 0x00, 0x00, 0x00, 0x00, 0x00, 0x00, 0x00, 0x00, 0x00, 0x00, 0x00,
    0x00, 0x00, 0x00, 0x00, 0x00, 0x00, 0x00, 0x00, 0x00, 0x00, 0x00, 0x00, 0x40, 0x00, 0x00, 0x00,
    0x83, 0x00, 0xe2, 0x00, 0xc2, 0x00, 0x66, 0x00, 0x02, 0x00, 0x41, 0x00, 0x00, 0x00, 0x00, 0x00,
    0x00, 0x00, 0x00, 0x00, 0x00, 0x00, 0x00, 0x00, 0x00, 0x00, 0x00, 0x00, 0x00, 0x00, 0x00, 0x00,
    0x00, 0x00, 0x00, 0x00, 0x00, 0x00, 0x00, 0x00, 0x00, 0x00, 0x00, 0x00, 0x00, 0x00, 0x00, 0x00,
    0x00, 0x00, 0x00, 0x00, 0x00, 0x00, 0x00, 0x00, 0x00, 0x00, 0x00, 0x00, 0x00, 0x00, 0x00, 0x00,
    0x00, 0x00, 0x00, 0x00, 0x00, 0x00, 0x00, 0x00, 0x00, 0x00, 0x00, 0x00, 0x00, 0x00, 0x00, 0x00,
    0x00, 0x00, 0x00, 0x00, 0x00, 0x00, 0x00, 0x00, 0x00, 0x00, 0x00, 0x00, 0x00, 0x00, 0x00, 0x00,
    0x00, 0x00, 0x00, 0x00, 0x00, 0x00, 0x00, 0x00, 0x00, 0x00, 0x00, 0x00, 0x00, 0x00, 0x00, 0x00,
    0x00, 0x00, 0x00, 0x00, 0x00, 0x00, 0x00, 0x00, 0x00, 0x00, 0x00, 0x00, 0x00, 0x00, 0x00, 0x00,
    0x00, 0x00, 0x00, 0x00, 0x20, 0x00, 0x20, 0x00, 0x00, 0x00, 0x00, 0x00, 0x00, 0x00, 0x00, 0x00,
    0x00, 0x00, 0x00, 0x00, 0x00, 0x00, 0x00, 0x00, 0x00, 0x00, 0x00, 0x00, 0x00, 0x00, 0x00, 0x00,
    0x00, 0x00, 0x00, 0x00, 0x00, 0x00, 0x00, 0x00, 0x00, 0x00, 0x00, 0x00, 0x00, 0x00, 0x00, 0x00,
    0x00, 0x00, 0x00, 0x00, 0x00, 0x00, 0x00, 0x00, 0x00, 0x00, 0x00, 0x00, 0x00, 0x00, 0x00, 0x00,
    0x00, 0x00, 0x00, 0x00, 0x00, 0x00, 0x00, 0x00, 0x00, 0x00, 0x00, 0x00, 0x00, 0x00, 0x00, 0x00,
    0x00, 0x00, 0x00, 0x00, 0x00, 0x00, 0x00, 0x00, 0x00, 0x00, 0x00, 0x00, 0x00, 0x00, 0x00, 0x00,
    0x00, 0x00, 0x00, 0x00, 0x00, 0x00, 0x00, 0x00, 0x00, 0x00, 0x00, 0x00, 0x00, 0x00, 0x00, 0x00,
    0x00, 0x00, 0x00, 0x00, 0x00, 0x00, 0x00, 0x00, 0x00, 0x00, 0x00, 0x00, 0x00, 0x00, 0x00, 0x00,
    0x00, 0x00, 0x00, 0x00, 0x00, 0x00, 0x00, 0x00, 0x00, 0x00, 0x00, 0x00, 0x00, 0x00, 0x00, 0x00,
    0x00, 0x00, 0x00, 0x00, 0x00, 0x00, 0x00, 0x00, 0x00, 0x00, 0x00, 0x00, 0x00, 0x00, 0x00, 0x00,
    0x00, 0x00, 0x00, 0x00, 0x00, 0x00, 0x00, 0x00, 0x00, 0x00, 0x00, 0x00, 0x00, 0x00, 0x00, 0x00,
    0x00, 0x00, 0x00, 0x00, 0x00, 0x00, 0x00, 0x00, 0x00, 0x00, 0x00, 0x00, 0x00, 0x00, 0x00, 0x00,
    0x00, 0x00, 0x00, 0x00, 0x00, 0x00, 0x00, 0x00, 0x00, 0x00, 0x00, 0x00, 0x00, 0x00, 0x00, 0x00,
    0x00, 0x00, 0x00, 0x00, 0x00, 0x00, 0x00, 0x00, 0x00, 0x00, 0x00, 0x00, 0x00, 0x00, 0x00, 0x00,
    0x00, 0x00, 0x00, 0x00, 0x00, 0x00, 0x00, 0x00, 0x00, 0x00, 0x00, 0x00, 0x00, 0x00, 0x00, 0x00,
    0x00, 0x00, 0x00, 0x00, 0x00, 0x00, 0x00, 0x00, 0x00, 0x00, 0x00, 0x00, 0x00, 0x00, 0x00, 0x00,
    0x00, 0x00, 0x00, 0x00, 0x00, 0x00, 0x00, 0x00, 0x00, 0x00, 0x00, 0x00, 0x00, 0x00, 0x00, 0x00,
    0x00, 0x00, 0x00, 0x00, 0x00, 0x00, 0x00, 0x00, 0x00, 0x00, 0x00, 0x00, 0x00, 0x00, 0x00, 0x00,
    0x00, 0x00, 0x00, 0x00, 0x00, 0x00, 0x00, 0x00, 0x00, 0x00, 0x00, 0x00, 0x00, 0x00, 0x00, 0x00,
    0x00, 0x00, 0x00, 0x00, 0x00, 0x01, 0x00, 0x00, 0x00, 0x00, 0x00, 0x00, 0x00, 0x00, 0x00, 0x00,
    0x00, 0x00, 0x00, 0x00, 0x00, 0x00, 0x00, 0x00, 0x00, 0x00, 0x00, 0x00, 0x00, 0x00, 0x00, 0x00,
    0x00, 0x00, 0x00, 0x00, 0x00, 0x00, 0x00, 0x00, 0x00, 0x00, 0x00, 0x00, 0x43, 0x04, 0x00, 0x00,
    0x00, 0x00, 0x00, 0x00, 0x00, 0x00, 0x00, 0x00, 0x00, 0x00, 0x00, 0x00, 0x00, 0x00, 0x00, 0x00,
    0x00, 0x00, 0x00, 0x00, 0x75, 0x8f, 0x00, 0x00, 0x00, 0x00, 0x00, 0x00, 0x00, 0x00, 0x00, 0x06,
    0x03, 0x00, 0x00, 0x00, 0x00, 0x00, 0x00, 0x00, 0x00, 0x00, 0x00, 0x00, 0x00, 0x00, 0x00, 0x00,
    0x00, 0x00, 0x00, 0x00, 0x00, 0x00, 0x00, 0x00, 0x01, 0x00, 0x00, 0x00, 0xb2, 0x63, 0x00, 0x00,
    0x00, 0x00, 0x00, 0x00, 0x00, 0x00, 0x00, 0x00, 0x00, 0x00, 0x00, 0x00, 0x00, 0x00, 0x00, 0x00,
    0x00, 0x00, 0x00, 0x3e, 0xff, 0x04, 0x00, 0x00, 0x00, 0x52, 0x04, 0x00, 0x00, 0x00, 0x00, 0x7f,
    0x31, 0x00, 0x00, 0x00, 0x00, 0x00, 0x00, 0x00, 0x00, 0x00, 0x00, 0x00, 0x00, 0x00, 0x00, 0x00,
    0x00, 0x00, 0x00, 0x00, 0x00, 0x00, 0x00, 0x00, 0x13, 0x79, 0x00, 0x00, 0xa3, 0xff, 0x09, 0x00,
    0x1c, 0x00, 0x00, 0x00, 0x00, 0x00, 0x00, 0x00, 0x00, 0x00, 0x00, 0x06, 0x2f, 0x23, 0x03, 0x00,
    0x00, 0x00, 0x02, 0xf9, 0x59, 0x00, 0x00, 0x00, 0x07, 0xfb, 0x09, 0x00, 0x00, 0x00, 0x04, 0xfd,
    0x1d, 0x00, 0x00, 0x00, 0x00, 0x00, 0x00, 0x00, 0x00, 0x00, 0x00, 0x00, 0x00, 0x00, 0x00, 0x00,
    0x00, 0x00, 0x00, 0x00, 0x00, 0x00, 0x00, 0x00, 0x00, 0xe6, 0x66, 0x00, 0x46, 0xfd, 0x2a, 0x00,
    0xc8, 0x04, 0x00, 0x00, 0x00, 0x00, 0x00, 0x00, 0x00, 0x00, 0x3c, 0xf5, 0xff, 0xff, 0xe6, 0x57,
    0x02, 0x00, 0x63, 0xff, 0x20, 0x00, 0x00, 0x04, 0xb4, 0xd9, 0x00, 0x00, 0x00, 0x02, 0x9a, 0xe6,
    0x01, 0x00, 0x00, 0x00, 0x00, 0x00, 0x00, 0x00, 0x00, 0x00, 0x00, 0x00, 0x00, 0x00, 0x00, 0x00,
    0x00, 0x00, 0x00, 0x00, 0x00, 0x00, 0x00, 0x00, 0x00, 0x42, 0xff, 0x83, 0x11, 0xfd, 0x30, 0x0e,
    0xff, 0x18, 0x00, 0x00, 0x00, 0x00, 0x00, 0x00, 0x00, 0x17, 0xff, 0xfd, 0xf7, 0xf9, 0xff, 0xff,
    0xba, 0x3f, 0xff, 0xfd, 0x6d, 0x10, 0x4f, 0xd7, 0xff, 0x9a, 0x1f, 0x26, 0x5b, 0xc8, 0xff, 0x3c,
    0x00, 0x00, 0x05, 0x06, 0x00, 0x00, 0x00, 0x00, 0x02, 0x00, 0x00, 0x00, 0x00, 0x00, 0x00, 0x00,
    0x00, 0x00, 0x00, 0x00, 0x00, 0x00, 0x00, 0x11, 0x17, 0x00, 0x79, 0xff, 0xb7, 0xfd, 0x56, 0x4b,
    0xfd, 0x2a, 0x00, 0x00, 0x00, 0x00, 0x00, 0x00, 0x00, 0x94, 0xfb, 0xf7, 0xff, 0xff, 0xfd, 0xf9,
    0xff, 0xff, 0xff, 0xff, 0xff, 0xff, 0xff, 0xff, 0xfb, 0xff, 0xff, 0xff, 0xff, 0xff, 0x82, 0x00,
    0x00, 0x00, 0x9e, 0x42, 0x00, 0x00, 0x00, 0x2f, 0x7f, 0x00, 0x00, 0x00, 0x00, 0x00, 0x00, 0x00,
    0x00, 0x00, 0x00, 0x00, 0x00, 0x00, 0x00, 0x0d, 0xff, 0x9b, 0x3f, 0xda, 0xff, 0xff, 0xe4, 0xc1,
    0xff, 0x0c, 0x00, 0x00, 0x00, 0x00, 0x00, 0x00, 0x01, 0xd9, 0xff, 0xfd, 0xff, 0xff, 0xff, 0xff,
    0xfb, 0xf9, 0xff, 0xff, 0xfd, 0xfb, 0xf7, 0xfd, 0xff, 0xfd, 0xf7, 0xf5, 0xe6, 0x3b, 0x00, 0x00,
    0x03, 0x5f, 0xff, 0x10, 0x00, 0x00, 0x43, 0xff, 0x17, 0x00, 0x00, 0x00, 0x00, 0x00, 0x00, 0x00,
    0x00, 0x00, 0x00, 0x00, 0x00, 0x00, 0x00, 0x00, 0x47, 0xff, 0xff, 0xf7, 0xfd, 0xff, 0xff, 0xff,
    0xff, 0x0e, 0x00, 0x00, 0x00, 0x00, 0x00, 0x00, 0x00, 0xcc, 0xf9, 0xfb, 0xff, 0xff, 0xff, 0xff,
    0xff, 0xff, 0xff, 0xff, 0xff, 0xff, 0xff, 0xff, 0xff, 0xff, 0xfd, 0xff, 0xed, 0x69, 0x5d, 0x80,
    0xda, 0xff, 0x95, 0x07, 0x2a, 0xad, 0xff, 0x50, 0x00, 0x00, 0x00, 0x00, 0x00, 0x00, 0x00, 0x00,
    0x00, 0x00, 0x00, 0x00, 0x00, 0x00, 0x00, 0x00, 0x00, 0x2d, 0xd9, 0xff, 0xf9, 0xff, 0xfd, 0xf5,
    0xff, 0x23, 0x00, 0x00, 0x00, 0x00, 0x00, 0x00, 0x00, 0x5d, 0xff, 0xf7, 0xff, 0xff, 0xff, 0xff,
    0xff, 0xff, 0xff, 0xff, 0xff, 0xff, 0xff, 0xff, 0xff, 0xff, 0xff, 0xff, 0xff, 0xff, 0xff, 0xff,
    0xff, 0xf5, 0xe2, 0xfb, 0xff, 0xff, 0x4b, 0x00, 0x00, 0x00, 0x00, 0x00, 0x00, 0x00, 0x00, 0x00,
    0x00, 0x00, 0x00, 0x00, 0x00, 0x00, 0x00, 0x00, 0x00, 0x00, 0x03, 0xa0, 0xff, 0xf7, 0xff, 0xf9,
    0xff, 0x1a, 0x00, 0x00, 0x00, 0x00, 0x00, 0x00, 0x00, 0x04, 0x51, 0xf7, 0xfd, 0xfd, 0xff, 0xff,
    0xff, 0xff, 0xff, 0xff, 0xff, 0xff, 0xff, 0xff, 0xff, 0xff, 0xff, 0xff, 0xf9, 0xcc, 0xe2, 0xff,
    0xff, 0xff, 0xff, 0xf5, 0xa0, 0x14, 0x00, 0x00, 0x00, 0x00, 0x00, 0x00, 0x00, 0x00, 0x00, 0x00,
    0x00, 0x00, 0x00, 0x00, 0x00, 0x00, 0x00, 0x00, 0x00, 0x00, 0x00, 0x02, 0x92, 0xff, 0xfb, 0xf7,
    0xff, 0x24, 0x00, 0x00, 0x00, 0x00, 0x00, 0x00, 0x00, 0x00, 0x00, 0x46, 0xff, 0xf9, 0xff, 0xff,
    0xff, 0xff, 0xff, 0xff, 0xff, 0xff, 0xff, 0xff, 0xff, 0xff, 0xfd, 0xfd, 0xef, 0x30, 0x03, 0x03,
    0x20, 0x9a, 0xff, 0xbe, 0x0c, 0x05, 0x00, 0x00, 0x00, 0x00, 0x00, 0x00, 0x00, 0x00, 0x00, 0x00,
    0x00, 0x00, 0x00, 0x00, 0x00, 0x00, 0x00, 0x00, 0x00, 0x00, 0x00, 0x00, 0x00, 0x97, 0xfd, 0xf1,
    0xff, 0x64, 0x00, 0x00, 0x00, 0x00, 0x00, 0x00, 0x00, 0x00, 0x00, 0x00, 0xa0, 0xff, 0xf9, 0xff,
    0xff, 0xff, 0xff, 0xff, 0xff, 0xff, 0xff, 0xff, 0xff, 0xff, 0xff, 0xff, 0xff, 0xff, 0xa0, 0x6f,
    0x22, 0x00, 0x29, 0xbe, 0xcf, 0x2c, 0x00, 0x00, 0x00, 0x00, 0x00, 0x00, 0x00, 0x00, 0x00, 0x00,
    0x00, 0x00, 0x00, 0x00, 0x00, 0x00, 0x00, 0x00, 0x00, 0x00, 0x00, 0x00, 0x00, 0x14, 0xff, 0xf9,
    0xfd, 0xe6, 0x05, 0x00, 0x00, 0x00, 0x00, 0x00, 0x00, 0x00, 0x00, 0x00, 0x19, 0xff, 0xf9, 0xff,
    0xff, 0xff, 0xff, 0xff, 0xff, 0xff, 0xff, 0xff, 0xff, 0xff, 0xff, 0xff, 0xff, 0xff, 0xff, 0x9b,
    0x04, 0x00, 0x00, 0x00, 0x01, 0x00, 0x00, 0x01, 0x0f, 0x00, 0x00, 0x00, 0x00, 0x00, 0x00, 0x00,
    0x00, 0x00, 0x00, 0x00, 0x00, 0x00, 0x00, 0x00, 0x00, 0x00, 0x00, 0x00, 0x00, 0x00, 0x97, 0xff,
    0xf3, 0xff, 0x98, 0x00, 0x00, 0x00, 0x00, 0x00, 0x00, 0x00, 0x00, 0x00, 0x06, 0xfd, 0xff, 0xfd,
    0xff, 0xff, 0xff, 0xff, 0xff, 0xff, 0xff, 0xff, 0xff, 0xff, 0xff, 0xfb, 0xfd, 0x4e, 0x0a, 0x00,
    0x00, 0x00, 0x00, 0x00, 0x00, 0x00, 0x0e, 0xc7, 0x5f, 0x00, 0x00, 0x00, 0x00, 0x00, 0x00, 0x00,
    0x00, 0x00, 0x00, 0x00, 0x00, 0x00, 0x00, 0x00, 0x00, 0x00, 0x00, 0x00, 0x00, 0x00, 0x23, 0xff,
    0xf7, 0xf7, 0xff, 0x56, 0x00, 0x00, 0x00, 0x00, 0x00, 0x00, 0x00, 0x00, 0x06, 0xfd, 0xff, 0xfd,
    0xff, 0xff, 0xff, 0xff, 0xff, 0xff, 0xff, 0xff, 0xff, 0xff, 0xff, 0xf9, 0xff, 0x5c, 0x00, 0x00,
    0x00, 0x00, 0x00, 0x00, 0x00, 0x11, 0xf3, 0xff, 0x0b, 0x00, 0x05, 0x30, 0x0d, 0x00, 0x00, 0x00,
    0x00, 0x00, 0x00, 0x00, 0x00, 0x00, 0x00, 0x00, 0x00, 0x00, 0x00, 0x00, 0x00, 0x00, 0x06, 0xff,
    0xfd, 0xfd, 0xf7, 0xff, 0x10, 0x00, 0x00, 0x00, 0x00, 0x00, 0x00, 0x00, 0x14, 0xff, 0xf9, 0xff,
    0xff, 0xff, 0xff, 0xff, 0xff, 0xff, 0xff, 0xff, 0xff, 0xff, 0xff, 0xff, 0xf9, 0xff, 0x4f, 0x00,
    0x00, 0x00, 0x00, 0x0b, 0x00, 0x61, 0xff, 0xca, 0x01, 0x5b, 0xed, 0xcf, 0x05, 0x00, 0x00, 0x00,
    0x00, 0x00, 0x00, 0x00, 0x00, 0x00, 0x00, 0x00, 0x00, 0x00, 0x00, 0x00, 0x00, 0x00, 0x00, 0x98,
    0xff, 0xf9, 0xf9, 0xfd, 0x8f, 0x00, 0x00, 0x00, 0x00, 0x00, 0x00, 0x00, 0x56, 0xff, 0xf7, 0xff,
    0xff, 0xff, 0xff, 0xff, 0xff, 0xff, 0xff, 0xff, 0xff, 0xff, 0xff, 0xff, 0xff, 0xff, 0xff, 0x3f,
    0x00, 0x00, 0x00, 0xb7, 0x00, 0x4d, 0xfd, 0x39, 0x46, 0xff, 0xff, 0x18, 0x00, 0x00, 0x00, 0x00,
    0x00, 0x00, 0x00, 0x00, 0x00, 0x00, 0x00, 0x00, 0x00, 0x00, 0x00, 0x00, 0x00, 0x00, 0x00, 0x08,
    0xe0, 0xfb, 0xfd, 0xf9, 0xff, 0x1c, 0x00, 0x00, 0x00, 0x00, 0x00, 0x04, 0xe6, 0xfd, 0xfd, 0xff,
    0xff, 0xff, 0xff, 0xff, 0xff, 0xff, 0xff, 0xff, 0xff, 0xff, 0xfd, 0xff, 0xce, 0x5f, 0xe0, 0xff,
    0x0c, 0x00, 0x0b, 0xff, 0x6c, 0x82, 0xff, 0x83, 0xe6, 0xfb, 0x42, 0x00, 0x00, 0x00, 0x00, 0x00,
    0x00, 0x00, 0x00, 0x00, 0x00, 0x00, 0x00, 0x00, 0x00, 0x00, 0x00, 0x00, 0x00, 0x00, 0x00, 0x00,
    0x37, 0xff, 0xf7, 0xfd, 0xfb, 0xef, 0x10, 0x00, 0x00, 0x00, 0x17, 0x88, 0xff, 0xf9, 0xff, 0xff,
    0xff, 0xff, 0xff, 0xff, 0xff, 0xff, 0xff, 0xff, 0xff, 0xff, 0xff, 0xfb, 0xed, 0x06, 0x03, 0x41,
    0x1f, 0x00, 0x1c, 0xfd, 0xff, 0xff, 0xfd, 0xff, 0xda, 0x20, 0x05, 0x13, 0x07, 0x00, 0x00, 0x00,
    0x00, 0x00, 0x00, 0x00, 0x00, 0x00, 0x00, 0x00, 0x00, 0x00, 0x00, 0x00, 0x00, 0x00, 0x00, 0x00,
    0x30, 0xff, 0xf3, 0xff, 0xfb, 0xff, 0xe0, 0x08, 0x00, 0x00, 0xc8, 0xff, 0xfb, 0xff, 0xff, 0xff,
    0xff, 0xff, 0xff, 0xff, 0xff, 0xff, 0xff, 0xff, 0xff, 0xff, 0xff, 0xf5, 0xff, 0x7c, 0x00, 0x00,
    0x00, 0x00, 0x0b, 0xff, 0xf9, 0xfd, 0xfd, 0xfb, 0xc5, 0xb4, 0xff, 0xbe, 0x07, 0x00, 0x00, 0x00,
    0x00, 0x00, 0x00, 0x00, 0x00, 0x00, 0x00, 0x00, 0x00, 0x00, 0x00, 0x00, 0x00, 0x00, 0x00, 0x00,
    0x07, 0xaa, 0xff, 0xf9, 0xff, 0xf9, 0xff, 0xb2, 0x00, 0x01, 0xd7, 0xf7, 0xf5, 0xfb, 0xff, 0xff,
    0xff, 0xff, 0xff, 0xff, 0xff, 0xff, 0xff, 0xff, 0xff, 0xf9, 0xff, 0x98, 0x30, 0xb7, 0x05, 0x00,
    0x00, 0x00, 0x13, 0xff, 0xf9, 0xff, 0xff, 0xf9, 0xff, 0xff, 0x8f, 0x02, 0x00, 0x00, 0x00, 0x00,
    0x00, 0x00, 0x00, 0x00, 0x00, 0x00, 0x00, 0x00, 0x00, 0x00, 0x00, 0x00, 0x00, 0x00, 0x00, 0x00,
    0x00, 0x37, 0x88, 0xff, 0xfd, 0xff, 0xf7, 0xff, 0x4b, 0x00, 0x41, 0xff, 0xff, 0xff, 0xff, 0xff,
    0xff, 0xff, 0xff, 0xff, 0xff, 0xff, 0xff, 0xff, 0xff, 0xf9, 0xfb, 0x85, 0x00, 0x00, 0x01, 0x00,
    0x00, 0x00, 0x9a, 0xfd, 0xf9, 0xf7, 0xf7, 0xff, 0x4c, 0x04, 0x00, 0x00, 0x00, 0x00, 0x00, 0x00,
    0x00, 0x00, 0x00, 0x00, 0x00, 0x00, 0x00, 0x00, 0x00, 0x00, 0x00, 0x00, 0x00, 0x00, 0x00, 0x00,
    0x00, 0x00, 0x02, 0xe6, 0xfb, 0xfd, 0xff, 0xf9, 0xff, 0x4d, 0x00, 0x23, 0x70, 0x85, 0xf9, 0xfd,
    0xff, 0xff, 0xff, 0xff, 0xff, 0xff, 0xfb, 0xfd, 0xff, 0xf7, 0xff, 0x7e, 0x00, 0x00, 0x00, 0x00,
    0x10, 0xa8, 0xff, 0xfb, 0xff, 0xff, 0xff, 0x77, 0x00, 0x00, 0x00, 0x00, 0x00, 0x00, 0x00, 0x00,
    0x00, 0x00, 0x00, 0x00, 0x00, 0x00, 0x00, 0x00, 0x00, 0x00, 0x00, 0x00, 0x00, 0x00, 0x00, 0x00,
    0x00, 0x00, 0x00, 0x33, 0xff, 0xf9, 0xff, 0xff, 0xfb, 0xff, 0xb4, 0x06, 0x05, 0xa0, 0xfb, 0xfb,
    0xff, 0xff, 0xff, 0xff, 0xff, 0xfd, 0xff, 0xff, 0xf9, 0xaf, 0x37, 0x9d, 0x00, 0x00, 0x07, 0x70,
    0xff, 0xff, 0xf9, 0xfd, 0xf3, 0x3f, 0x11, 0x00, 0x00, 0x00, 0x00, 0x00, 0x00, 0x00, 0x00, 0x00,
    0x00, 0x00, 0x00, 0x00, 0x00, 0x00, 0x00, 0x00, 0x00, 0x00, 0x00, 0x00, 0x00, 0x00, 0x00, 0x00,
    0x00, 0x00, 0x00, 0x00, 0x95, 0xff, 0xf9, 0xff, 0xff, 0xf7, 0xff, 0xff, 0xfb, 0xff, 0xff, 0xff,
    0xff, 0xff, 0xff, 0xff, 0xfb, 0xff, 0x9a, 0xaf, 0xff, 0x45, 0x00, 0x03, 0x01, 0x4c, 0xed, 0xff,
    0xfd, 0xf9, 0xf7, 0xff, 0x1f, 0x00, 0x00, 0x00, 0x00, 0x00, 0x00, 0x00, 0x00, 0x00, 0x00, 0x00,
    0x00, 0x00, 0x00, 0x00, 0x00, 0x00, 0x00, 0x00, 0x00, 0x00, 0x00, 0x00, 0x00, 0x00, 0x00, 0x00,
    0x00, 0x00, 0x00, 0x00, 0x08, 0xf5, 0xfb, 0xff, 0xff, 0xff, 0xfb, 0xff, 0xff, 0xfb, 0xff, 0xff,
    0xff, 0xff, 0xff, 0xfb, 0xff, 0xca, 0x00, 0x10, 0x7b, 0x00, 0x01, 0x27, 0xc0, 0xff, 0xff, 0xf9,
    0xfd, 0xf5, 0xff, 0x3f, 0x00, 0x00, 0x00, 0x00, 0x00, 0x00, 0x00, 0x00, 0x00, 0x00, 0x00, 0x00,
    0x00, 0x00, 0x00, 0x00, 0x00, 0x00, 0x00, 0x00, 0x00, 0x00, 0x00, 0x00, 0x00, 0x00, 0x00, 0x00,
    0x00, 0x00, 0x00, 0x00, 0x00, 0x75, 0xff, 0xf7, 0xff, 0xff, 0xff, 0xfd, 0xfd, 0xff, 0xff, 0xff,
    0xff, 0xff, 0xff, 0xfb, 0xf1, 0x34, 0x0f, 0x12, 0x26, 0x67, 0xcf, 0xff, 0xff, 0xf7, 0xfd, 0xfd,
    0xf9, 0xff, 0x57, 0x00, 0x00, 0x00, 0x00, 0x00, 0x00, 0x00, 0x00, 0x00, 0x00, 0x00, 0x00, 0x00,
    0x00, 0x00, 0x00, 0x00, 0x00, 0x00, 0x00, 0x00, 0x00, 0x00, 0x00, 0x00, 0x00, 0x00, 0x00, 0x00,
    0x00, 0x00, 0x00, 0x00, 0x00, 0x1c, 0xff, 0xf9, 0xff, 0xff, 0xff, 0xff, 0xff, 0xff, 0xff, 0xff,
    0xff, 0xff, 0xff, 0xff, 0xf7, 0xf1, 0xff, 0xff, 0xff, 0xff, 0xff, 0xf9, 0xfb, 0xff, 0xfd, 0xff,
    0xff, 0x3e, 0x00, 0x00, 0x00, 0x00, 0x00, 0x00, 0x00, 0x00, 0x35, 0x00, 0x00, 0x00, 0x00, 0x00,
    0x00, 0x00, 0x00, 0x00, 0x00, 0x00, 0x00, 0x00, 0x00, 0x00, 0x00, 0x00, 0x00, 0x00, 0x00, 0x00,
    0x00, 0x00, 0x00, 0x00, 0x00, 0x07, 0xff, 0xff, 0xff, 0xff, 0xff, 0xff, 0xff, 0xff, 0xff, 0xff,
    0xff, 0xff, 0xff, 0xff, 0xff, 0xff, 0xfb, 0xfb, 0xf9, 0xf7, 0xfd, 0xff, 0xfd, 0xfb, 0xfd, 0xda,
    0x1e, 0x00, 0x00, 0x00, 0x00, 0x00, 0x00, 0x00, 0x02, 0x8b, 0xc8, 0x00, 0x00, 0x00, 0x00, 0x00,
    0x00, 0x00, 0x00, 0x00, 0x00, 0x00, 0x00, 0x00, 0x00, 0x00, 0x00, 0x00, 0x00, 0x00, 0x00, 0x00,
    0x00, 0x00, 0x00, 0x00, 0x00, 0x0a, 0xff, 0xfd, 0xff, 0xff, 0xff, 0xff, 0xff, 0xff, 0xff, 0xff,
    0xff, 0xff, 0xff, 0xff, 0xff, 0xff, 0xff, 0xff, 0xff, 0xfb, 0xf7, 0xf9, 0xff, 0xff, 0xf9, 0x8b,
    0x06, 0x00, 0x00, 0x00, 0x00, 0x00, 0x00, 0x11, 0xc0, 0xff, 0x29, 0x00, 0x00, 0x00, 0x00, 0x00,
    0x00, 0x00, 0x00, 0x00, 0x00, 0x00, 0x00, 0x00, 0x00, 0x00, 0x00, 0x00, 0x00, 0x00, 0x00, 0x00,
    0x00, 0x00, 0x00, 0x00, 0x00, 0x45, 0xff, 0xf7, 0xff, 0xff, 0xff, 0xff, 0xff, 0xff, 0xff, 0xff,
    0xff, 0xff, 0xff, 0xff, 0xff, 0xff, 0xfd, 0xf7, 0xfb, 0xff, 0xff, 0xff, 0xf5, 0xdc, 0x2e, 0x00,
    0x00, 0x00, 0x00, 0x00, 0x00, 0x00, 0x12, 0xf9, 0xff, 0xbc, 0x00, 0x00, 0x00, 0x00, 0x00, 0x00,
    0x00, 0x00, 0x00, 0x00, 0x00, 0x00, 0x00, 0x00, 0x00, 0x00, 0x00, 0x00, 0x00, 0x00, 0x00, 0x00,
    0x00, 0x00, 0x00, 0x00, 0x02, 0xe2, 0xff, 0xfd, 0xff, 0xff, 0xff, 0xff, 0xff, 0xff, 0xff, 0xff,
    0xff, 0xff, 0xff, 0xff, 0xff, 0xff, 0xff, 0xff, 0xff, 0xca, 0x62, 0x1c, 0x05, 0x02, 0x00, 0x00,
    0x00, 0x00, 0x00, 0x00, 0x2b, 0x5e, 0xbe, 0xff, 0xff, 0x29, 0x00, 0x00, 0x00, 0x00, 0x00, 0x00,
    0x00, 0x00, 0x00, 0x00, 0x00, 0x00, 0x00, 0x00, 0x00, 0x00, 0x00, 0x00, 0x00, 0x00, 0x00, 0x00,
    0x00, 0x00, 0x00, 0x00, 0x2a, 0xff, 0xf7, 0xff, 0xff, 0xff, 0xff, 0xff, 0xff, 0xff, 0xff, 0xff,
    0xff, 0xff, 0xff, 0xff, 0xfd, 0xff, 0xcc, 0x63, 0x19, 0x01, 0x00, 0x00, 0x00, 0x00, 0x00, 0x00,
    0x00, 0x00, 0x00, 0x00, 0x8e, 0xff, 0xfb, 0xfd, 0xd9, 0x01, 0x00, 0x00, 0x00, 0x00, 0x00, 0x00,
    0x00, 0x00, 0x00, 0x00, 0x00, 0x00, 0x00, 0x00, 0x00, 0x00, 0x00, 0x00, 0x00, 0x00, 0x00, 0x00,
    0x00, 0x00, 0x00, 0x00, 0x7b, 0xfd, 0xf9, 0xff, 0xff, 0xff, 0xff, 0xff, 0xff, 0xff, 0xff, 0xff,
    0xff, 0xff, 0xff, 0xfb, 0xfb, 0xd9, 0x02, 0x00, 0x00, 0x00, 0x00, 0x00, 0x00, 0x00, 0x00, 0x00,
    0x00, 0x00, 0x00, 0x01, 0xd3, 0xfd, 0xf7, 0xff, 0xb4, 0x00, 0x00, 0x00, 0x00, 0x00, 0x00, 0x00,
    0x00, 0x00, 0x00, 0x00, 0x00, 0x00, 0x00, 0x00, 0x00, 0x00, 0x00, 0x00, 0x00, 0x00, 0x00, 0x00,
    0x00, 0x00, 0x00, 0x00, 0xd1, 0xff, 0xfb, 0xff, 0xff, 0xff, 0xff, 0xff, 0xff, 0xff, 0xff, 0xff,
    0xff, 0xff, 0xff, 0xff, 0xff, 0xcc, 0x00, 0x00, 0x00, 0x00, 0x00, 0x00, 0x00, 0x00, 0x00, 0x00,
    0x00, 0x00, 0x00, 0x04, 0xf1, 0xff, 0xf7, 0xff, 0x7c, 0x00, 0x00, 0x00, 0x00, 0x00, 0x00, 0x00,
    0x00, 0x00, 0x00, 0x00, 0x00, 0x00, 0x00, 0x00, 0x00, 0x00, 0x00, 0x00, 0x00, 0x00, 0x00, 0x00,
    0x00, 0x00, 0x00, 0x09, 0xff, 0xfd, 0xff, 0xff, 0xff, 0xff, 0xff, 0xff, 0xff, 0xff, 0xff, 0xff,
    0xff, 0xfb, 0xff, 0x91, 0xb7, 0xff, 0x01, 0x00, 0x00, 0x00, 0x00, 0x00, 0x00, 0x00, 0x00, 0x00,
    0x00, 0x00, 0x00, 0x01, 0xd7, 0xff, 0xf5, 0xff, 0x45, 0x07, 0x00, 0x00, 0x00, 0x00, 0x00, 0x00,
    0x00, 0x00, 0x00, 0x00, 0x00, 0x00, 0x00, 0x00, 0x00, 0x00, 0x00, 0x00, 0x00, 0x00, 0x00, 0x00,
    0x00, 0x00, 0x00, 0x18, 0xff, 0xf9, 0xff, 0xff, 0xff, 0xff, 0xff, 0xff, 0xff, 0xff, 0xff, 0xff,
    0xff, 0xf9, 0xff, 0x8f, 0x03, 0x5d, 0x01, 0x00, 0x00, 0x00, 0x00, 0x00, 0x00, 0x00, 0x00, 0x00,
    0x00, 0x00, 0x00, 0x2f, 0xd1, 0xfd, 0xfb, 0xf9, 0xdc, 0x34, 0x00, 0x00, 0x00, 0x00, 0x00, 0x00,
    0x00, 0x00, 0x00, 0x00, 0x00, 0x00, 0x00, 0x00, 0x00, 0x00, 0x00, 0x00, 0x00, 0x00, 0x00, 0x00,
    0x00, 0x00, 0x00, 0x20, 0xff, 0xf9, 0xff, 0xff, 0xff, 0xff, 0xff, 0xff, 0xff, 0xff, 0xff, 0xff,
    0xff, 0xfd, 0xff, 0xef, 0x01, 0x00, 0x00, 0x00, 0x00, 0x00, 0x00, 0x00, 0x00, 0x00, 0x00, 0x00,
    0x00, 0x00, 0x00, 0x50, 0xff, 0xf7, 0xfd, 0xff, 0xef, 0x01, 0x00, 0x00, 0x00, 0x00, 0x00, 0x00,
    0x00, 0x00, 0x00, 0x03, 0x00, 0x00, 0x02, 0x00, 0x00, 0x00, 0x00, 0x00, 0x00, 0x00, 0x2b, 0x82,
    0x79, 0x2f, 0x00, 0x11, 0xff, 0xf9, 0xff, 0xff, 0xff, 0xff, 0xff, 0xff, 0xff, 0xff, 0xff, 0xff,
    0xff, 0xff, 0xfb, 0xff, 0x2c, 0x00, 0x00, 0x00, 0x00, 0x00, 0x00, 0x00, 0x00, 0x00, 0x00, 0x00,
    0x00, 0x00, 0x00, 0x09, 0xfb, 0xf9, 0xf9, 0xff, 0x97, 0x00, 0x00, 0x00, 0x00, 0x00, 0x00, 0x00,
    0x00, 0x00, 0x00, 0x46, 0xad, 0x20, 0x1e, 0xbe, 0x11, 0x00, 0x00, 0x00, 0x00, 0x4e, 0xff, 0xff,
    0xff, 0xff, 0xaf, 0x2b, 0xf1, 0xff, 0xff, 0xff, 0xff, 0xff, 0xff, 0xff, 0xff, 0xff, 0xff, 0xff,
    0xff, 0xff, 0xef, 0xfb, 0xd3, 0x00, 0x00, 0x00, 0x00, 0x00, 0x00, 0x00, 0x00, 0x00, 0x00, 0x00,
    0x00, 0x00, 0x00, 0x00, 0x74, 0xff, 0xf1, 0xff, 0x74, 0x00, 0x00, 0x00, 0x00, 0x00, 0x00, 0x00,
    0x00, 0x00, 0x03, 0x04, 0x92, 0xff, 0x9e, 0xe4, 0xf1, 0x03, 0x00, 0x00, 0x09, 0xff, 0xf7, 0xf7,
    0xf9, 0xf7, 0xff, 0xff, 0xf7, 0xff, 0xff, 0xff, 0xff, 0xff, 0xff, 0xff, 0xff, 0xff, 0xff, 0xff,
    0xfd, 0xfd, 0xe4, 0x3b, 0x29, 0x02, 0x00, 0x00, 0x00, 0x00, 0x00, 0x00, 0x00, 0x00, 0x00, 0x00,
    0x00, 0x00, 0x00, 0x00, 0x03, 0xd9, 0xfb, 0xff, 0x8c, 0x00, 0x00, 0x00, 0x00, 0x00, 0x00, 0x00,
    0x00, 0x00, 0x29, 0xed, 0xde, 0xf9, 0xff, 0xf9, 0xff, 0x6d, 0x00, 0x00, 0x33, 0xfd, 0xf7, 0xff,
    0xff, 0xff, 0xfb, 0xff, 0xff, 0xff, 0xff, 0xff, 0xff, 0xff, 0xff, 0xff, 0xff, 0xff, 0xff, 0xff,
    0xff, 0xfd, 0xff, 0xdc, 0x2d, 0x00, 0x00, 0x00, 0x00, 0x00, 0x00, 0x00, 0x00, 0x00, 0x00, 0x00,
    0x00, 0x00, 0x00, 0x00, 0x00, 0x1a, 0xfb, 0xff, 0xde, 0x01, 0x00, 0x00, 0x00, 0x00, 0x00, 0x00,
    0x00, 0x00, 0x00, 0x97, 0xff, 0xf3, 0xfb, 0xfd, 0xfd, 0xf5, 0x04, 0x00, 0x6b, 0xff, 0xf7, 0xff,
    0xff, 0xff, 0xff, 0xff, 0xff, 0xff, 0xff, 0xff, 0xff, 0xff, 0xff, 0xff, 0xff, 0xff, 0xff, 0xff,
    0xff, 0xff, 0xfd, 0xff, 0xff, 0x8b, 0x01, 0x00, 0x00, 0x00, 0x00, 0x00, 0x00, 0x00, 0x00, 0x00,
    0x00, 0x00, 0x00, 0x00, 0x00, 0x01, 0xe8, 0xfb, 0xff, 0x26, 0x0d, 0x01, 0x00, 0x00, 0x00, 0x00,
    0x00, 0x00, 0x00, 0x1f, 0xff, 0xff, 0xfb, 0xff, 0xf7, 0xff, 0x35, 0x00, 0xa6, 0xff, 0xf9, 0xff,
    0xff, 0xff, 0xff, 0xff, 0xff, 0xff, 0xff, 0xff, 0xff, 0xff, 0xff, 0xff, 0xff, 0xff, 0xff, 0xff,
    0xff, 0xff, 0xff, 0xff, 0xf5, 0xff, 0x92, 0x00, 0x00, 0x00, 0x00, 0x00, 0x00, 0x00, 0x00, 0x00,
    0x00, 0x00, 0x00, 0x00, 0x00, 0x00, 0x2d, 0xff, 0xfb, 0xcc, 0xb7, 0x02, 0x00, 0x00, 0x00, 0x00,
    0x00, 0x00, 0x00, 0x00, 0x10, 0xa3, 0xff, 0xf7, 0xfd, 0xfd, 0xcc, 0x00, 0x95, 0xff, 0xf9, 0xff,
    0xff, 0xff, 0xff, 0xff, 0xff, 0xff, 0xff, 0xff, 0xff, 0xff, 0xff, 0xff, 0xff, 0xff, 0xff, 0xff,
    0xff, 0xff, 0xff, 0xfd, 0xf9, 0x8b, 0xde, 0x49, 0x00, 0x00, 0x00, 0x00, 0x00, 0x00, 0x00, 0x00,
    0x00, 0x00, 0x00, 0x00, 0x00, 0x00, 0x00, 0x92, 0xff, 0xff, 0xf5, 0x03, 0x00, 0x00, 0x00, 0x00,
    0x00, 0x00, 0x00, 0x00, 0x00, 0x01, 0xba, 0xff, 0xf7, 0xfb, 0xff, 0x75, 0x98, 0xff, 0xfb, 0xff,
    0xff, 0xff, 0xff, 0xff, 0xff, 0xff, 0xff, 0xff, 0xff, 0xff, 0xff, 0xff, 0xff, 0xff, 0xff, 0xff,
    0xff, 0xff, 0xff, 0xfb, 0xfd, 0x86, 0x0d, 0x05, 0x00, 0x00, 0x00, 0x00, 0x00, 0x00, 0x00, 0x00,
    0x00, 0x00, 0x00, 0x00, 0x00, 0x00, 0x00, 0x17, 0xff, 0xfb, 0xe0, 0x02, 0x00, 0x00, 0x00, 0x00,
    0x00, 0x00, 0x00, 0x00, 0x00, 0x00, 0x05, 0xaa, 0xff, 0xf9, 0xfd, 0xff, 0xff, 0xff, 0xff, 0xff,
    0xfb, 0xfd, 0xff, 0xff, 0xff, 0xff, 0xff, 0xff, 0xff, 0xff, 0xff, 0xff, 0xff, 0xff, 0xff, 0xff,
    0xff, 0xff, 0xff, 0xff, 0xfd, 0xff, 0xe2, 0x3e, 0x01, 0x00, 0x00, 0x00, 0x00, 0x00, 0x00, 0x00,
    0x00, 0x00, 0x00, 0x00, 0x00, 0x00, 0x00, 0x09, 0xff, 0xff, 0xef, 0x03, 0x00, 0x00, 0x00, 0x00,
    0x00, 0x00, 0x00, 0x00, 0x00, 0x00, 0x00, 0x00, 0x7f, 0xff, 0xf9, 0xfb, 0xff, 0xff, 0xff, 0xfd,
    0xff, 0xff, 0xfb, 0xff, 0xff, 0xff, 0xff, 0xff, 0xff, 0xff, 0xff, 0xff, 0xff, 0xff, 0xff, 0xff,
    0xff, 0xff, 0xff, 0xff, 0xff, 0xfb, 0xff, 0xff, 0xcc, 0x0a, 0x00, 0x00, 0x00, 0x00, 0x00, 0x00,
    0x00, 0x00, 0x00, 0x00, 0x00, 0x00, 0x00, 0x1a, 0xff, 0xff, 0xd5, 0x01, 0x00, 0x00, 0x00, 0x00,
    0x00, 0x00, 0x00, 0x00, 0x00, 0x00, 0x00, 0x00, 0x01, 0xba, 0xfd, 0xfb, 0xff, 0xff, 0xfd, 0xff,
    0xba, 0xe9, 0xff, 0xf7, 0xff, 0xff, 0xff, 0xff, 0xff, 0xff, 0xff, 0xff, 0xff, 0xff, 0xff, 0xff,
    0xff, 0xff, 0xff, 0xff, 0xff, 0xfd, 0xfd, 0xce, 0x9e, 0x86, 0x01, 0x00, 0x00, 0x00, 0x00, 0x00,
    0x00, 0x00, 0x00, 0x00, 0x00, 0x00, 0x1c, 0xb0, 0xfd, 0xfd, 0xd7, 0x30, 0x00, 0x00, 0x00, 0x00,
    0x00, 0x00, 0x00, 0x00, 0x00, 0x00, 0x00, 0x00, 0x00, 0x0e, 0xff, 0xf9, 0xff, 0xfd, 0xfb, 0xe6,
    0x03, 0x0c, 0xc1, 0xff, 0xff, 0xf7, 0xfd, 0xff, 0xff, 0xff, 0xff, 0xff, 0xff, 0xff, 0xff, 0xff,
    0xff, 0xff, 0xff, 0xff, 0xff, 0xfd, 0xfd, 0xdc, 0x37, 0x07, 0x00, 0x00, 0x00, 0x00, 0x00, 0x00,
    0x00, 0x00, 0x00, 0x00, 0x00, 0x04, 0xed, 0xff, 0xfd, 0xf7, 0xff, 0x33, 0x00, 0x00, 0x00, 0x00,
    0x00, 0x00, 0x00, 0x00, 0x00, 0x00, 0x00, 0x00, 0x00, 0x00, 0x59, 0xff, 0xf3, 0xf7, 0xff, 0x2f,
    0x00, 0x00, 0x01, 0x59, 0xf7, 0xff, 0xff, 0xfd, 0xf7, 0xf9, 0xff, 0xff, 0xff, 0xff, 0xff, 0xff,
    0xff, 0xff, 0xff, 0xff, 0xff, 0xff, 0xff, 0xff, 0xff, 0xe9, 0xa2, 0x5b, 0x16, 0x00, 0x00, 0x00,
    0x00, 0x00, 0x00, 0x06, 0x0b, 0x9a, 0xff, 0xf7, 0xfd, 0xfb, 0xda, 0x01, 0x00, 0x00, 0x00, 0x00,
    0x00, 0x00, 0x00, 0x00, 0x00, 0x00, 0x00, 0x00, 0x00, 0x00, 0x01, 0xc1, 0xff, 0xff, 0xc5, 0x00,
    0x00, 0x00, 0x00, 0x00, 0x09, 0x59, 0xc7, 0xff, 0xff, 0xff, 0xfd, 0xfd, 0xff, 0xff, 0xff, 0xff,
    0xff, 0xff, 0xff, 0xff, 0xff, 0xff, 0xff, 0xfd, 0xf9, 0xff, 0xff, 0xff, 0x8b, 0x17, 0x30, 0x77,
    0x4c, 0x00, 0x20, 0xd3, 0xeb, 0xff, 0xfd, 0xff, 0xf5, 0xff, 0x34, 0x00, 0x00, 0x00, 0x00, 0x00,
    0x00, 0x00, 0x00, 0x00, 0x00, 0x00, 0x00, 0x00, 0x00, 0x00, 0x00, 0x08, 0xa8, 0xf5, 0x20, 0x00,
    0x00, 0x00, 0x00, 0x00, 0x00, 0x00, 0x00, 0x0c, 0x2f, 0x7e, 0xff, 0xff, 0xfd, 0xff, 0xff, 0xff,
    0xff, 0xff, 0xff, 0xff, 0xff, 0xff, 0xff, 0xff, 0xff, 0xfd, 0xfb, 0xf7, 0xf1, 0xff, 0xff, 0xff,
    0x92, 0xb9, 0xff, 0xff, 0xff, 0xfb, 0xff, 0xf9, 0xff, 0x91, 0x00, 0x00, 0x00, 0x00, 0x00, 0x00,
    0x00, 0x00, 0x00, 0x00, 0x00, 0x00, 0x00, 0x00, 0x00, 0x00, 0x00, 0x00, 0x00, 0x04, 0x00, 0x00,
    0x00, 0x00, 0x00, 0x00, 0x00, 0x00, 0x00, 0x00, 0x00, 0x00, 0x1a, 0xcf, 0xfb, 0xfd, 0xff, 0xff,
    0xff, 0xff, 0xff, 0xff, 0xff, 0xff, 0xff, 0xff, 0xff, 0xff, 0xff, 0xff, 0xff, 0xfb, 0xf7, 0xf9,
    0xff, 0xff, 0xfb, 0xfd, 0xfd, 0xff, 0xfb, 0xf7, 0xa3, 0x02, 0x00, 0x00, 0x00, 0x00, 0x00, 0x00,
    0x00, 0x00, 0x00, 0x00, 0x00, 0x00, 0x00, 0x00, 0x00, 0x00, 0x00, 0x00, 0x00, 0x00, 0x00, 0x00,
    0x00, 0x00, 0x00, 0x00, 0x00, 0x00, 0x00, 0x00, 0x01, 0x00, 0x00, 0x46, 0xff, 0xf7, 0xff, 0xff,
    0xfd, 0xf7, 0xfb, 0xff, 0xff, 0xff, 0xff, 0xff, 0xff, 0xff, 0xff, 0xff, 0xff, 0xff, 0xff, 0xff,
    0xf9, 0xfb, 0xff, 0xff, 0xfd, 0xf7, 0xfd, 0xff, 0x49, 0x00, 0x00, 0x00, 0x00, 0x00, 0x00, 0x00,
    0x00, 0x00, 0x00, 0x00, 0x00, 0x00, 0x00, 0x00, 0x00, 0x00, 0x00, 0x00, 0x00, 0x00, 0x00, 0x00,
    0x00, 0x00, 0x00, 0x00, 0x00, 0x00, 0x38, 0xb9, 0xd1, 0x8f, 0x79, 0xed, 0xff, 0xfd, 0xff, 0xff,
    0xff, 0xff, 0xff, 0xff, 0xf7, 0xf9, 0xfb, 0xfd, 0xff, 0xff, 0xff, 0xff, 0xff, 0xff, 0xff, 0xff,
    0xfd, 0xfd, 0xf9, 0xf7, 0xff, 0xff, 0xf5, 0x5d, 0x04, 0x00, 0x00, 0x00, 0x00, 0x00, 0x00, 0x00,
    0x00, 0x00, 0x00, 0x00, 0x00, 0x00, 0x00, 0x00, 0x00, 0x00, 0x00, 0x00, 0x00, 0x00, 0x00, 0x00,
    0x00, 0x00, 0x00, 0x00, 0x00, 0x3a, 0xff, 0xff, 0xff, 0xff, 0xff, 0xff, 0xff, 0xff, 0xf3, 0xfd,
    0xb7, 0x3e, 0xb0, 0xff, 0xff, 0xff, 0xff, 0xff, 0xff, 0xfb, 0xf9, 0xf7, 0xf9, 0xf9, 0xf9, 0xfb,
    0xff, 0xff, 0xff, 0xff, 0xe0, 0x5c, 0x08, 0x00, 0x00, 0x00, 0x00, 0x00, 0x00, 0x00, 0x00, 0x00,
    0x00, 0x00, 0x00, 0x00, 0x00, 0x00, 0x00, 0x00, 0x00, 0x00, 0x00, 0x00, 0x00, 0x00, 0x00, 0x00,
    0x00, 0x00, 0x00, 0x00, 0x00, 0xc5, 0xf5, 0xff, 0xff, 0xf1, 0xf5, 0xfd, 0xf7, 0xfb, 0xff, 0xff,
    0x12, 0x00, 0x00, 0x0a, 0x33, 0x73, 0xaf, 0xe0, 0xff, 0xff, 0xff, 0xff, 0xff, 0xff, 0xff, 0xff,
    0xff, 0xcf, 0x88, 0x2f, 0x03, 0x00, 0x00, 0x00, 0x00, 0x00, 0x00, 0x00, 0x00, 0x00, 0x00, 0x00,
    0x00, 0x00, 0x00, 0x00, 0x00, 0x00, 0x00, 0x00, 0x00, 0x00, 0x00, 0x00, 0x00, 0x00, 0x00, 0x00,
    0x00, 0x00, 0x00, 0x00, 0x00, 0x0f, 0xf7, 0xb0, 0xdc, 0xff, 0xff, 0xff, 0xff, 0xff, 0x67, 0x14,
    0x00, 0x00, 0x00, 0x00, 0x00, 0x00, 0x00, 0x02, 0x08, 0x13, 0x1e, 0x21, 0x1a, 0x1a, 0x1c, 0x14,
    0x07, 0x01, 0x00, 0x00, 0x00, 0x00, 0x00, 0x00, 0x00, 0x00, 0x00, 0x00, 0x00, 0x00, 0x00, 0x00,
    0x00, 0x00, 0x00, 0x00, 0x00, 0x00, 0x00, 0x00, 0x00, 0x00, 0x00, 0x00, 0x00, 0x00, 0x00, 0x00,
    0x00, 0x00, 0x00, 0x00, 0x00, 0x00, 0x08, 0x00, 0x54, 0x47, 0x47, 0xe6, 0x61, 0x19, 0x00, 0x00,
    0x00, 0x00, 0x00, 0x00, 0x00, 0x00, 0x00, 0x00, 0x00, 0x00, 0x00, 0x00, 0x00, 0x00, 0x00, 0x00,
    0x00, 0x00, 0x00, 0x00, 0x00, 0x00, 0x00, 0x00, 0x00, 0x00, 0x00, 0x00, 0x00, 0x00, 0x00, 0x00,
    0x00, 0x00, 0x00, 0x00, 0x00, 0x00, 0x00, 0x00, 0x00, 0x00, 0x00, 0x00, 0x00, 0x00, 0x00, 0x00,
    0x00, 0x00, 0x00, 0x00, 0x00, 0x00, 0x00, 0x00, 0x00, 0x00, 0x02, 0x06, 0x00, 0x00, 0x00, 0x00,
    0x00, 0x00, 0x00, 0x00, 0x00, 0x00, 0x00, 0x00, 0x00, 0x00, 0x00, 0x00, 0x00, 0x00, 0x00, 0x00,
    0x00, 0x00, 0x00, 0x00, 0x00, 0x00, 0x00, 0x00, 0x00, 0x00, 0x00, 0x00, 0x00, 0x00, 0x00, 0x00,
    0x00, 0x00, 0x00, 0x00, 0x00, 0x00, 0x00, 0x00, 0x00, 0x00, 0x00, 0x00, 0x00, 0x00, 0x00, 0x00,
    0x00, 0x00, 0x00, 0x00, 0x00, 0x00, 0x00, 0x00, 0x00, 0x00, 0x00, 0x00, 0x00, 0x00, 0x00, 0x00,
    0x00, 0x00, 0x00, 0x00, 0x00, 0x00, 0x00, 0x00, 0x00, 0x00, 0x00, 0x00, 0x00, 0x00, 0x00, 0x00,
    0x00, 0x00, 0x00, 0x00, 0x00, 0x00, 0x00, 0x00, 0x00, 0x00, 0x00, 0x00, 0x00, 0x00, 0x00, 0x00,
};

const lv_image_dsc_t happy_frame_3_dsc = {
    .header.w = 64,
    .header.h = 64,
    .header.cf = LV_COLOR_FORMAT_RGB565A8,
    .data_size = 12288,
    .data = happy_frame_3_data,
};

/* Frame 4: frame_004.png */
static const uint8_t happy_frame_4_data[] = {
    0x00, 0x00, 0x00, 0x00, 0x00, 0x00, 0x00, 0x00, 0x00, 0x00, 0x00, 0x00, 0x00, 0x00, 0x00, 0x00,
    0x00, 0x00, 0x00, 0x00, 0x00, 0x00, 0x00, 0x00, 0x00, 0x00, 0x00, 0x00, 0x00, 0x00, 0x00, 0x00,
    0x00, 0x00, 0x00, 0x00, 0x00, 0x00, 0x00, 0x00, 0x00, 0x00, 0x00, 0x00, 0x00, 0x00, 0x00, 0x00,
    0x00, 0x00, 0x00, 0x00, 0x00, 0x00, 0x00, 0x00, 0x00, 0x00, 0x00, 0x00, 0x00, 0x00, 0x00, 0x00,
    0xe2, 0x00, 0x61, 0x00, 0x00, 0x00, 0x00, 0x00, 0x00, 0x00, 0x00, 0x00, 0x00, 0x00, 0x00, 0x00,
    0x00, 0x00, 0x00, 0x00, 0x00, 0x00, 0x00, 0x00, 0x00, 0x00, 0x00, 0x00, 0x00, 0x00, 0x00, 0x00,
    0x00, 0x00, 0x00, 0x00, 0x00, 0x00, 0x00, 0x00, 0x00, 0x00, 0x00, 0x00, 0x00, 0x00, 0x00, 0x00,
    0x00, 0x00, 0x00, 0x00, 0x00, 0x00, 0x00, 0x00, 0x00, 0x00, 0x00, 0x00, 0x00, 0x00, 0x00, 0x00,
    0x00, 0x00, 0x00, 0x00, 0x00, 0x00, 0x00, 0x00, 0x00, 0x00, 0x00, 0x00, 0x00, 0x00, 0x00, 0x00,
    0x00, 0x00, 0x00, 0x00, 0x00, 0x00, 0x00, 0x00, 0x00, 0x00, 0x00, 0x00, 0x00, 0x00, 0x00, 0x00,
    0x00, 0x00, 0x43, 0x00, 0x20, 0x00, 0x00, 0x00, 0x00, 0x00, 0x00, 0x00, 0x00, 0x00, 0x00, 0x00,
    0x00, 0x00, 0x00, 0x00, 0x00, 0x00, 0x00, 0x00, 0x00, 0x00, 0x00, 0x00, 0x00, 0x00, 0x00, 0x00,
    0x64, 0x00, 0x84, 0x00, 0x00, 0x00, 0x00, 0x00, 0x00, 0x00, 0x00, 0x00, 0x00, 0x00, 0x00, 0x00,
    0x00, 0x00, 0x00, 0x00, 0x00, 0x00, 0x00, 0x00, 0x00, 0x00, 0x00, 0x00, 0x00, 0x00, 0x00, 0x00,
    0x00, 0x00, 0x00, 0x00, 0x00, 0x00, 0x00, 0x00, 0x00, 0x00, 0x00, 0x00, 0x00, 0x00, 0x00, 0x00,
    0x00, 0x00, 0x00, 0x00, 0x00, 0x00, 0x00, 0x00, 0x00, 0x00, 0x00, 0x00, 0x00, 0x00, 0x00, 0x00,
    0x00, 0x00, 0x00, 0x00, 0x00, 0x00, 0x00, 0x00, 0x00, 0x00, 0x00, 0x00, 0x00, 0x00, 0x00, 0x00,
    0x00, 0x00, 0x00, 0x00, 0x00, 0x00, 0x00, 0x00, 0x00, 0x00, 0x00, 0x00, 0x00, 0x00, 0x00, 0x00,
    0x20, 0x00, 0x26, 0x00, 0x40, 0x00, 0x00, 0x00, 0x00, 0x00, 0x00, 0x00, 0x00, 0x00, 0x00, 0x00,
    0x00, 0x00, 0x00, 0x00, 0x00, 0x00, 0x00, 0x00, 0x00, 0x00, 0x00, 0x00, 0x00, 0x00, 0x00, 0x00,
    0xe2, 0x00, 0xe8, 0x00, 0x61, 0x00, 0x00, 0x00, 0x00, 0x00, 0x40, 0x00, 0x00, 0x00, 0x00, 0x00,
    0x00, 0x00, 0x00, 0x00, 0x00, 0x00, 0x00, 0x00, 0x00, 0x00, 0x00, 0x00, 0x00, 0x00, 0x00, 0x00,
    0x00, 0x00, 0x00, 0x00, 0x00, 0x00, 0x00, 0x00, 0x00, 0x00, 0x00, 0x00, 0x00, 0x00, 0x00, 0x00,
    0x00, 0x00, 0x00, 0x00, 0x00, 0x00, 0x00, 0x00, 0x00, 0x00, 0x00, 0x00, 0x00, 0x00, 0x00, 0x00,
    0x00, 0x00, 0x00, 0x00, 0x00, 0x00, 0x00, 0x00, 0x00, 0x00, 0x00, 0x00, 0x00, 0x00, 0x00, 0x00,
    0x00, 0x00, 0x00, 0x00, 0x00, 0x00, 0x00, 0x00, 0x00, 0x00, 0x00, 0x00, 0x00, 0x00, 0x00, 0x00,
    0x40, 0x00, 0x66, 0x00, 0x81, 0x00, 0x00, 0x00, 0x00, 0x00, 0x00, 0x00, 0x00, 0x00, 0x00, 0x00,
    0x00, 0x00, 0x00, 0x00, 0x00, 0x00, 0x00, 0x00, 0x00, 0x00, 0x00, 0x00, 0x00, 0x00, 0x00, 0x00,
    0x40, 0x00, 0x46, 0x00, 0xc7, 0x00, 0xa1, 0x00, 0x00, 0x00, 0x05, 0x00, 0x00, 0x00, 0x00, 0x00,
    0x00, 0x00, 0x00, 0x00, 0x00, 0x00, 0x00, 0x00, 0x00, 0x00, 0x00, 0x00, 0x00, 0x00, 0x00, 0x00,
    0x00, 0x00, 0x00, 0x00, 0x00, 0x00, 0x00, 0x00, 0x00, 0x00, 0x00, 0x00, 0x00, 0x00, 0x00, 0x00,
    0x00, 0x00, 0x00, 0x00, 0x00, 0x00, 0x00, 0x00, 0x00, 0x00, 0x00, 0x00, 0x00, 0x00, 0x00, 0x00,
    0x00, 0x00, 0x00, 0x00, 0x00, 0x00, 0x00, 0x00, 0x00, 0x00, 0x00, 0x00, 0x00, 0x00, 0x00, 0x00,
    0x00, 0x00, 0x00, 0x00, 0x00, 0x00, 0x00, 0x00, 0x00, 0x00, 0x00, 0x00, 0x00, 0x00, 0x00, 0x00,
    0x00, 0x00, 0x46, 0x00, 0x05, 0x00, 0x00, 0x00, 0x00, 0x00, 0x81, 0x00, 0x02, 0x00, 0x00, 0x00,
    0x00, 0x00, 0x00, 0x00, 0x00, 0x00, 0x00, 0x00, 0x00, 0x00, 0x00, 0x00, 0x00, 0x00, 0x00, 0x00,
    0x00, 0x00, 0xc2, 0x00, 0xa7, 0x00, 0x49, 0x00, 0x05, 0x00, 0x84, 0x00, 0x00, 0x00, 0x00, 0x00,
    0x00, 0x00, 0x00, 0x00, 0x00, 0x00, 0x00, 0x00, 0x00, 0x00, 0x00, 0x00, 0x00, 0x00, 0x00, 0x00,
    0x00, 0x00, 0x00, 0x00, 0x00, 0x00, 0x00, 0x00, 0x00, 0x00, 0x00, 0x00, 0x00, 0x00, 0x00, 0x00,
    0x00, 0x00, 0x00, 0x00, 0x00, 0x00, 0x00, 0x00, 0x00, 0x00, 0x00, 0x00, 0x00, 0x00, 0x00, 0x00,
    0x00, 0x00, 0x00, 0x00, 0x00, 0x00, 0x00, 0x00, 0x00, 0x00, 0x00, 0x00, 0x00, 0x00, 0x00, 0x00,
    0x00, 0x00, 0x00, 0x00, 0x00, 0x00, 0x00, 0x00, 0x00, 0x00, 0x00, 0x00, 0x00, 0x00, 0x00, 0x00,
    0x00, 0x00, 0x43, 0x00, 0x08, 0x00, 0x05, 0x00, 0x61, 0x00, 0x81, 0x00, 0xc5, 0x00, 0x00, 0x00,
    0x00, 0x00, 0x40, 0x00, 0xe2, 0x00, 0x00, 0x00, 0x00, 0x00, 0x61, 0x00, 0xc2, 0x00, 0x00, 0x00,
    0x00, 0x00, 0x00, 0x00, 0x81, 0x00, 0x46, 0x00, 0xaa, 0x00, 0x26, 0x00, 0x00, 0x00, 0x00, 0x00,
    0x00, 0x00, 0x00, 0x00, 0x00, 0x00, 0x00, 0x00, 0x00, 0x00, 0x00, 0x00, 0x00, 0x00, 0x00, 0x00,
    0x00, 0x00, 0x00, 0x00, 0x00, 0x00, 0x00, 0x00, 0x00, 0x00, 0x00, 0x00, 0x00, 0x00, 0x00, 0x00,
    0x00, 0x00, 0x00, 0x00, 0x00, 0x00, 0x00, 0x00, 0x00, 0x00, 0x00, 0x00, 0x00, 0x00, 0x00, 0x00,
    0x00, 0x00, 0x00, 0x00, 0x00, 0x00, 0x00, 0x00, 0x00, 0x00, 0x00, 0x00, 0x00, 0x00, 0x00, 0x00,
    0x00, 0x00, 0x00, 0x00, 0x00, 0x00, 0x00, 0x00, 0x00, 0x00, 0x00, 0x00, 0x00, 0x00, 0x00, 0x00,
    0x00, 0x00, 0x20, 0x00, 0xc5, 0x00, 0x08, 0x00, 0x28, 0x00, 0x84, 0x00, 0x46, 0x00, 0x40, 0x00,
    0x00, 0x00, 0xa2, 0x00, 0xe5, 0x00, 0x00, 0x00, 0x00, 0x00, 0x81, 0x00, 0x0a, 0x00, 0xa1, 0x00,
    0x00, 0x00, 0x86, 0x00, 0xa1, 0x00, 0x61, 0x00, 0x26, 0x00, 0xaa, 0x00, 0xe5, 0x00, 0x00, 0x00,
    0x00, 0x00, 0x00, 0x00, 0x00, 0x00, 0x00, 0x00, 0x00, 0x00, 0x00, 0x00, 0x00, 0x00, 0x00, 0x00,
    0x00, 0x00, 0x00, 0x00, 0x00, 0x00, 0x00, 0x00, 0x00, 0x00, 0x00, 0x00, 0x00, 0x00, 0x00, 0x00,
    0x00, 0x00, 0x00, 0x00, 0x00, 0x00, 0x00, 0x00, 0x00, 0x00, 0x00, 0x00, 0x00, 0x00, 0x00, 0x00,
    0x00, 0x00, 0x00, 0x00, 0x00, 0x00, 0x00, 0x00, 0x00, 0x00, 0x00, 0x00, 0x00, 0x00, 0x00, 0x00,
    0x00, 0x00, 0x00, 0x00, 0x00, 0x00, 0x00, 0x00, 0x00, 0x00, 0x00, 0x00, 0x20, 0x00, 0xe2, 0x00,
    0x40, 0x00, 0x00, 0x00, 0x40, 0x00, 0xa4, 0x00, 0x66, 0x00, 0xa7, 0x00, 0x87, 0x00, 0xa4, 0x00,
    0x00, 0x00, 0xc2, 0x00, 0xc7, 0x00, 0x40, 0x00, 0x00, 0x00, 0x20, 0x00, 0x89, 0x00, 0xea, 0x00,
    0x61, 0x00, 0x66, 0x00, 0xca, 0x00, 0x00, 0x00, 0xc2, 0x00, 0x46, 0x00, 0xa9, 0x00, 0x63, 0x00,
    0x00, 0x00, 0xc2, 0x00, 0x02, 0x00, 0x00, 0x00, 0x00, 0x00, 0x00, 0x00, 0x00, 0x00, 0x00, 0x00,
    0x00, 0x00, 0x00, 0x00, 0x00, 0x00, 0x00, 0x00, 0x00, 0x00, 0x00, 0x00, 0x00, 0x00, 0x00, 0x00,
    0x00, 0x00, 0x00, 0x00, 0x00, 0x00, 0x00, 0x00, 0x00, 0x00, 0x00, 0x00, 0x00, 0x00, 0x00, 0x00,
    0x00, 0x00, 0x00, 0x00, 0x00, 0x00, 0x00, 0x00, 0x00, 0x00, 0x00, 0x00, 0x00, 0x00, 0x00, 0x00,
    0x00, 0x00, 0x00, 0x00, 0x00, 0x00, 0x00, 0x00, 0x00, 0x00, 0x00, 0x00, 0x00, 0x00, 0x84, 0x00,
    0x66, 0x00, 0x25, 0x00, 0xe5, 0x00, 0x26, 0x00, 0x05, 0x00, 0x05, 0x00, 0x46, 0x00, 0xc7, 0x00,
    0x63, 0x00, 0x41, 0x00, 0x46, 0x00, 0x46, 0x00, 0x00, 0x00, 0xa1, 0x00, 0xc7, 0x00, 0x08, 0x00,
    0x87, 0x00, 0x25, 0x00, 0x69, 0x00, 0x66, 0x00, 0x00, 0x00, 0x64, 0x00, 0xe7, 0x00, 0x69, 0x00,
    0x20, 0x00, 0x46, 0x00, 0xa4, 0x00, 0x00, 0x00, 0x00, 0x00, 0x00, 0x00, 0x00, 0x00, 0x00, 0x00,
    0x00, 0x00, 0x00, 0x00, 0x00, 0x00, 0x00, 0x00, 0x00, 0x00, 0x00, 0x00, 0x00, 0x00, 0x00, 0x00,
    0x00, 0x00, 0x00, 0x00, 0x00, 0x00, 0x00, 0x00, 0x00, 0x00, 0x00, 0x00, 0x00, 0x00, 0x00, 0x00,
    0x00, 0x00, 0x00, 0x00, 0x00, 0x00, 0x00, 0x00, 0x00, 0x00, 0x00, 0x00, 0x00, 0x00, 0x00, 0x00,
    0x00, 0x00, 0x00, 0x00, 0x00, 0x00, 0x00, 0x00, 0x00, 0x00, 0x00, 0x00, 0x00, 0x00, 0x00, 0x00,
    0x23, 0x00, 0xa4, 0x00, 0x43, 0x00, 0xc2, 0x00, 0x81, 0x00, 0xa2, 0x00, 0x63, 0x00, 0x05, 0x00,
    0xc7, 0x00, 0x46, 0x00, 0xe5, 0x00, 0x46, 0x00, 0x84, 0x00, 0x40, 0x00, 0xa7, 0x00, 0x08, 0x00,
    0xe5, 0x00, 0x28, 0x00, 0x28, 0x00, 0x2a, 0x00, 0x05, 0x00, 0x02, 0x00, 0x46, 0x00, 0xe7, 0x00,
    0xc4, 0x00, 0x69, 0x00, 0x02, 0x00, 0x00, 0x00, 0x00, 0x00, 0x00, 0x00, 0x00, 0x00, 0x00, 0x00,
    0x00, 0x00, 0x00, 0x00, 0x00, 0x00, 0x00, 0x00, 0x00, 0x00, 0x00, 0x00, 0x00, 0x00, 0x00, 0x00,
    0x00, 0x00, 0x00, 0x00, 0x00, 0x00, 0x00, 0x00, 0x00, 0x00, 0x00, 0x00, 0x00, 0x00, 0x00, 0x00,
    0x00, 0x00, 0x00, 0x00, 0x00, 0x00, 0x00, 0x00, 0x00, 0x00, 0x00, 0x00, 0x00, 0x00, 0x00, 0x00,
    0x00, 0x00, 0x00, 0x00, 0x00, 0x00, 0x00, 0x00, 0x00, 0x00, 0x00, 0x00, 0x00, 0x00, 0x00, 0x00,
    0x00, 0x00, 0x00, 0x00, 0x00, 0x00, 0x00, 0x00, 0x00, 0x00, 0x00, 0x00, 0x00, 0x00, 0x61, 0x00,
    0x43, 0x00, 0xa7, 0x00, 0x48, 0x00, 0x07, 0x00, 0xe7, 0x00, 0x65, 0x00, 0x03, 0x00, 0x28, 0x00,
    0xa9, 0x00, 0x46, 0x00, 0x89, 0x00, 0x0a, 0x00, 0xc9, 0x00, 0x48, 0x00, 0xe5, 0x00, 0x45, 0x00,
    0x86, 0x00, 0x08, 0x00, 0x00, 0x00, 0x00, 0x00, 0x00, 0x00, 0x00, 0x00, 0x00, 0x00, 0x00, 0x00,
    0x00, 0x00, 0x00, 0x00, 0x00, 0x00, 0x00, 0x00, 0x00, 0x00, 0x00, 0x00, 0x00, 0x00, 0x00, 0x00,
    0x00, 0x00, 0x00, 0x00, 0x00, 0x00, 0x00, 0x00, 0x00, 0x00, 0x00, 0x00, 0x00, 0x00, 0x00, 0x00,
    0x00, 0x00, 0x00, 0x00, 0x00, 0x00, 0x00, 0x00, 0x00, 0x00, 0x00, 0x00, 0x00, 0x00, 0x00, 0x00,
    0x00, 0x00, 0x00, 0x00, 0x00, 0x00, 0x00, 0x00, 0x00, 0x00, 0x00, 0x00, 0x00, 0x00, 0x00, 0x00,
    0x00, 0x00, 0x00, 0x00, 0x00, 0x00, 0x20, 0x00, 0x00, 0x00, 0x00, 0x00, 0x20, 0x00, 0xa1, 0x00,
    0x40, 0x00, 0xa1, 0x00, 0xc4, 0x00, 0xa6, 0x00, 0xe7, 0x00, 0x88, 0x00, 0x88, 0x00, 0x66, 0x00,
    0x8b, 0x00, 0xab, 0x00, 0x86, 0x00, 0x08, 0x00, 0xa9, 0x00, 0x0a, 0x00, 0x69, 0x00, 0xa4, 0x00,
    0xca, 0x00, 0x83, 0x00, 0xe7, 0x00, 0xc4, 0x00, 0x00, 0x00, 0x00, 0x00, 0x00, 0x00, 0x00, 0x00,
    0x00, 0x00, 0x00, 0x00, 0x00, 0x00, 0x00, 0x00, 0x00, 0x00, 0x00, 0x00, 0x00, 0x00, 0x00, 0x00,
    0x00, 0x00, 0x00, 0x00, 0x00, 0x00, 0x00, 0x00, 0x00, 0x00, 0x00, 0x00, 0x00, 0x00, 0x00, 0x00,
    0x00, 0x00, 0x00, 0x00, 0x00, 0x00, 0x00, 0x00, 0x00, 0x00, 0x00, 0x00, 0x00, 0x00, 0x00, 0x00,
    0x00, 0x00, 0x00, 0x00, 0x00, 0x00, 0x00, 0x00, 0x00, 0x00, 0x00, 0x00, 0x00, 0x00, 0x00, 0x00,
    0x00, 0x00, 0x00, 0x00, 0x00, 0x00, 0x23, 0x00, 0xa7, 0x00, 0xc2, 0x00, 0x20, 0x00, 0x84, 0x00,
    0xe4, 0x00, 0x63, 0x00, 0x43, 0x00, 0x84, 0x00, 0xe7, 0x00, 0x0a, 0x00, 0xa8, 0x00, 0xcc, 0x00,
    0x68, 0x00, 0xcc, 0x00, 0x2d, 0x00, 0xc7, 0x00, 0xa7, 0x00, 0xea, 0x00, 0xea, 0x00, 0x28, 0x00,
    0xea, 0x00, 0x48, 0x00, 0xae, 0x00, 0xc4, 0x00, 0x00, 0x00, 0x00, 0x00, 0x00, 0x00, 0x00, 0x00,
    0x00, 0x00, 0x00, 0x00, 0x00, 0x00, 0x00, 0x00, 0x00, 0x00, 0x00, 0x00, 0x00, 0x00, 0x00, 0x00,
    0x00, 0x00, 0x00, 0x00, 0x00, 0x00, 0x00, 0x00, 0x00, 0x00, 0x00, 0x00, 0x00, 0x00, 0x00, 0x00,
    0x00, 0x00, 0x00, 0x00, 0x00, 0x00, 0x00, 0x00, 0x00, 0x00, 0x00, 0x00, 0x00, 0x00, 0x00, 0x00,
    0x00, 0x00, 0x00, 0x00, 0x00, 0x00, 0x00, 0x00, 0x00, 0x00, 0x00, 0x00, 0x00, 0x00, 0x00, 0x00,
    0x00, 0x00, 0x00, 0x00, 0x00, 0x00, 0x00, 0x00, 0x08, 0x00, 0xc9, 0x00, 0x89, 0x00, 0x68, 0x00,
    0x27, 0x00, 0x86, 0x00, 0xc4, 0x00, 0x05, 0x00, 0xe5, 0x00, 0xc9, 0x00, 0x0c, 0x00, 0xcb, 0x00,
    0xcc, 0x00, 0x48, 0x00, 0xac, 0x00, 0x2d, 0x00, 0xe7, 0x00, 0xe7, 0x00, 0x8b, 0x00, 0xc9, 0x00,
    0x4a, 0x00, 0x4d, 0x00, 0xec, 0x00, 0x63, 0x00, 0x00, 0x00, 0x00, 0x00, 0x00, 0x00, 0x00, 0x00,
    0x00, 0x00, 0x00, 0x00, 0x00, 0x00, 0x00, 0x00, 0x00, 0x00, 0x00, 0x00, 0x00, 0x00, 0x00, 0x00,
    0x00, 0x00, 0x00, 0x00, 0x00, 0x00, 0x00, 0x00, 0x00, 0x00, 0x00, 0x00, 0x00, 0x00, 0x00, 0x00,
    0x00, 0x00, 0x00, 0x00, 0x00, 0x00, 0x00, 0x00, 0x00, 0x00, 0x00, 0x00, 0x00, 0x00, 0x00, 0x00,
    0x00, 0x00, 0x00, 0x00, 0x00, 0x00, 0x00, 0x00, 0x00, 0x00, 0x00, 0x00, 0x00, 0x00, 0x00, 0x00,
    0x00, 0x00, 0x00, 0x00, 0x00, 0x00, 0x00, 0x00, 0x81, 0x00, 0xe7, 0x00, 0xca, 0x00, 0xec, 0x00,
    0xec, 0x00, 0x0c, 0x00, 0x2a, 0x00, 0x05, 0x00, 0x28, 0x00, 0x45, 0x00, 0x2a, 0x00, 0x2d, 0x00,
    0x6d, 0x00, 0xcc, 0x00, 0xe9, 0x00, 0x8b, 0x00, 0x2c, 0x00, 0x89, 0x00, 0x6b, 0x00, 0x2a, 0x00,
    0xec, 0x00, 0x8e, 0x00, 0xac, 0x00, 0x02, 0x00, 0x00, 0x00, 0x00, 0x00, 0x00, 0x00, 0x00, 0x00,
    0x00, 0x00, 0x00, 0x00, 0x00, 0x00, 0x00, 0x00, 0x00, 0x00, 0x00, 0x00, 0x00, 0x00, 0x00, 0x00,
    0x00, 0x00, 0x00, 0x00, 0x00, 0x00, 0x00, 0x00, 0x00, 0x00, 0x00, 0x00, 0x00, 0x00, 0x00, 0x00,
    0x00, 0x00, 0x00, 0x00, 0x00, 0x00, 0x00, 0x00, 0x00, 0x00, 0x00, 0x00, 0x00, 0x00, 0x00, 0x00,
    0x00, 0x00, 0x00, 0x00, 0x00, 0x00, 0x00, 0x00, 0x00, 0x00, 0x00, 0x00, 0x00, 0x00, 0x00, 0x00,
    0x00, 0x00, 0x00, 0x00, 0x00, 0x00, 0x00, 0x00, 0x00, 0x00, 0x81, 0x00, 0x05, 0x00, 0xe7, 0x00,
    0x89, 0x00, 0xca, 0x00, 0x8b, 0x00, 0x68, 0x00, 0x66, 0x00, 0xa9, 0x00, 0xc9, 0x00, 0x2a, 0x00,
    0xac, 0x00, 0xce, 0x00, 0x0c, 0x00, 0x8b, 0x00, 0x0c, 0x00, 0x6d, 0x00, 0xcc, 0x00, 0xcc, 0x00,
    0x0d, 0x00, 0xc9, 0x00, 0xea, 0x00, 0xa4, 0x00, 0x00, 0x00, 0x00, 0x00, 0x00, 0x00, 0x00, 0x00,
    0x00, 0x00, 0x00, 0x00, 0x00, 0x00, 0x00, 0x00, 0x00, 0x00, 0x00, 0x00, 0x00, 0x00, 0x00, 0x00,
    0x00, 0x00, 0x00, 0x00, 0x00, 0x00, 0x00, 0x00, 0x00, 0x00, 0x00, 0x00, 0x00, 0x00, 0x00, 0x00,
    0x00, 0x00, 0x00, 0x00, 0x00, 0x00, 0x00, 0x00, 0x00, 0x00, 0x00, 0x00, 0x00, 0x00, 0x00, 0x00,
    0x00, 0x00, 0x00, 0x00, 0x00, 0x00, 0x00, 0x00, 0x00, 0x00, 0x00, 0x00, 0x00, 0x00, 0x00, 0x00,
    0x00, 0x00, 0x00, 0x00, 0x00, 0x00, 0x00, 0x00, 0x00, 0x00, 0x00, 0x00, 0x00, 0x00, 0x02, 0x00,
    0xc5, 0x00, 0x26, 0x00, 0xc7, 0x00, 0x69, 0x00, 0x28, 0x00, 0xa7, 0x00, 0x89, 0x00, 0x28, 0x00,
    0x66, 0x00, 0xe7, 0x00, 0xac, 0x00, 0xec, 0x00, 0xec, 0x00, 0x4d, 0x00, 0x2d, 0x00, 0xcc, 0x00,
    0x6b, 0x00, 0x46, 0x00, 0x66, 0x00, 0x66, 0x00, 0x00, 0x00, 0x00, 0x00, 0x00, 0x00, 0x00, 0x00,
    0x00, 0x00, 0x00, 0x00, 0x00, 0x00, 0x00, 0x00, 0x00, 0x00, 0x00, 0x00, 0x00, 0x00, 0x00, 0x00,
    0x00, 0x00, 0x00, 0x00, 0x00, 0x00, 0x00, 0x00, 0x00, 0x00, 0x00, 0x00, 0x00, 0x00, 0x00, 0x00,
    0x00, 0x00, 0x00, 0x00, 0x00, 0x00, 0x00, 0x00, 0x00, 0x00, 0x00, 0x00, 0x00, 0x00, 0x00, 0x00,
    0x00, 0x00, 0x00, 0x00, 0x00, 0x00, 0x00, 0x00, 0x00, 0x00, 0x00, 0x00, 0x00, 0x00, 0x00, 0x00,
    0x00, 0x00, 0x00, 0x00, 0x00, 0x00, 0x00, 0x00, 0xa1, 0x00, 0x43, 0x00, 0xc4, 0x00, 0x05, 0x00,
    0xa4, 0x00, 0x64, 0x00, 0x64, 0x00, 0x05, 0x00, 0xe7, 0x00, 0xe8, 0x00, 0x06, 0x00, 0x84, 0x00,
    0x84, 0x00, 0x48, 0x00, 0xc5, 0x00, 0x4a, 0x00, 0xcc, 0x00, 0x4d, 0x00, 0x4d, 0x00, 0xec, 0x00,
    0x88, 0x00, 0x89, 0x00, 0xc9, 0x00, 0x25, 0x00, 0x00, 0x00, 0x00, 0x00, 0x00, 0x00, 0x00, 0x00,
    0x00, 0x00, 0x00, 0x00, 0x00, 0x00, 0x00, 0x00, 0x00, 0x00, 0x00, 0x00, 0x00, 0x00, 0x00, 0x00,
    0x00, 0x00, 0x00, 0x00, 0x00, 0x00, 0x00, 0x00, 0x00, 0x00, 0x00, 0x00, 0x00, 0x00, 0x00, 0x00,
    0x00, 0x00, 0x00, 0x00, 0x00, 0x00, 0x00, 0x00, 0x00, 0x00, 0x00, 0x00, 0x00, 0x00, 0x00, 0x00,
    0x00, 0x00, 0x00, 0x00, 0x00, 0x00, 0x00, 0x00, 0x00, 0x00, 0x00, 0x00, 0x00, 0x00, 0x00, 0x00,
    0x00, 0x00, 0x00, 0x00, 0x20, 0x00, 0x05, 0x00, 0x2b, 0x00, 0x0a, 0x00, 0xe7, 0x00, 0x06, 0x00,
    0x23, 0x00, 0x64, 0x00, 0xc5, 0x00, 0xe5, 0x00, 0x66, 0x00, 0x08, 0x00, 0xc5, 0x00, 0x26, 0x00,
    0x26, 0x00, 0x0b, 0x00, 0x24, 0x00, 0x66, 0x00, 0xcc, 0x00, 0xab, 0x00, 0xec, 0x00, 0x0c, 0x00,
    0xc9, 0x00, 0x61, 0x00, 0xa5, 0x00, 0x89, 0x00, 0x22, 0x00, 0x00, 0x00, 0x00, 0x00, 0x00, 0x00,
    0x00, 0x00, 0x61, 0x00, 0x40, 0x00, 0x00, 0x00, 0x00, 0x00, 0x00, 0x00, 0x00, 0x00, 0x00, 0x00,
    0x00, 0x00, 0x00, 0x00, 0x00, 0x00, 0x00, 0x00, 0x00, 0x00, 0x00, 0x00, 0x00, 0x00, 0x00, 0x00,
    0x00, 0x00, 0x00, 0x00, 0x00, 0x00, 0x00, 0x00, 0x00, 0x00, 0x00, 0x00, 0x00, 0x00, 0x00, 0x00,
    0x00, 0x00, 0x00, 0x00, 0x00, 0x00, 0x00, 0x00, 0x00, 0x00, 0x00, 0x00, 0x00, 0x00, 0x00, 0x00,
    0x00, 0x00, 0x00, 0x00, 0x00, 0x00, 0xa2, 0x00, 0x43, 0x00, 0xe5, 0x00, 0xc5, 0x00, 0xe5, 0x00,
    0x28, 0x00, 0x48, 0x00, 0x28, 0x00, 0xe8, 0x00, 0x48, 0x00, 0x0a, 0x00, 0x89, 0x00, 0xa7, 0x00,
    0x08, 0x00, 0x61, 0x00, 0x00, 0x00, 0xe5, 0x00, 0x4b, 0x00, 0xec, 0x00, 0x0c, 0x00, 0xcc, 0x00,
    0x4d, 0x00, 0x48, 0x00, 0x46, 0x00, 0xcc, 0x00, 0x08, 0x00, 0x00, 0x00, 0x00, 0x00, 0x00, 0x00,
    0x40, 0x00, 0x48, 0x00, 0x20, 0x00, 0x43, 0x00, 0xc4, 0x00, 0x00, 0x00, 0x00, 0x00, 0x00, 0x00,
    0x00, 0x00, 0x00, 0x00, 0x00, 0x00, 0x00, 0x00, 0x00, 0x00, 0x00, 0x00, 0x00, 0x00, 0x00, 0x00,
    0x00, 0x00, 0x00, 0x00, 0x00, 0x00, 0x00, 0x00, 0x00, 0x00, 0x00, 0x00, 0x00, 0x00, 0x00, 0x00,
    0x00, 0x00, 0x00, 0x00, 0x00, 0x00, 0x00, 0x00, 0x00, 0x00, 0x00, 0x00, 0x41, 0x00, 0x00, 0x00,
    0x00, 0x00, 0x00, 0x00, 0x00, 0x00, 0x00, 0x00, 0x00, 0x00, 0x00, 0x00, 0x81, 0x00, 0x84, 0x00,
    0x08, 0x00, 0x2a, 0x00, 0xa9, 0x00, 0xc7, 0x00, 0xe7, 0x00, 0xe9, 0x00, 0x8b, 0x00, 0x6b, 0x00,
    0x4b, 0x00, 0x0a, 0x00, 0x07, 0x00, 0x0a, 0x00, 0x2a, 0x00, 0x2a, 0x00, 0x2a, 0x00, 0x0c, 0x00,
    0x8e, 0x00, 0xce, 0x00, 0xec, 0x00, 0x8b, 0x00, 0xac, 0x00, 0x00, 0x00, 0x00, 0x00, 0x00, 0x00,
    0xe5, 0x00, 0x28, 0x00, 0xc4, 0x00, 0x2d, 0x00, 0x25, 0x00, 0x00, 0x00, 0x00, 0x00, 0x00, 0x00,
    0x00, 0x00, 0x00, 0x00, 0x00, 0x00, 0x00, 0x00, 0x00, 0x00, 0x00, 0x00, 0x00, 0x00, 0x00, 0x00,
    0x00, 0x00, 0x00, 0x00, 0x00, 0x00, 0x00, 0x00, 0x00, 0x00, 0x00, 0x00, 0x00, 0x00, 0x00, 0x00,
    0x00, 0x00, 0x00, 0x00, 0xc2, 0x00, 0x63, 0x00, 0x00, 0x00, 0x00, 0x00, 0x69, 0x00, 0x25, 0x00,
    0x00, 0x00, 0x00, 0x00, 0x00, 0x00, 0x00, 0x00, 0x00, 0x00, 0x23, 0x00, 0x05, 0x00, 0xc5, 0x00,
    0x23, 0x00, 0x44, 0x00, 0xa5, 0x00, 0x05, 0x00, 0xc7, 0x00, 0x68, 0x00, 0xc9, 0x00, 0x2a, 0x00,
    0x8b, 0x00, 0xcb, 0x00, 0x0c, 0x00, 0x4d, 0x00, 0x0c, 0x00, 0xcc, 0x00, 0x48, 0x00, 0x28, 0x00,
    0x8b, 0x00, 0xab, 0x00, 0x0c, 0x00, 0x6b, 0x00, 0x48, 0x00, 0x00, 0x00, 0xa1, 0x00, 0x03, 0x00,
    0xa7, 0x00, 0xe7, 0x00, 0x48, 0x00, 0x69, 0x00, 0x40, 0x00, 0x40, 0x00, 0x00, 0x00, 0x00, 0x00,
    0x00, 0x00, 0x00, 0x00, 0x00, 0x00, 0x00, 0x00, 0x00, 0x00, 0x00, 0x00, 0x00, 0x00, 0x00, 0x00,
    0x00, 0x00, 0x00, 0x00, 0x00, 0x00, 0x00, 0x00, 0x00, 0x00, 0x00, 0x00, 0x00, 0x00, 0x00, 0x00,
    0x00, 0x00, 0x00, 0x00, 0x81, 0x00, 0x8c, 0x00, 0x89, 0x00, 0x81, 0x00, 0x66, 0x00, 0xcc, 0x00,
    0x81, 0x00, 0x00, 0x00, 0x00, 0x00, 0x00, 0x00, 0x84, 0x00, 0xc8, 0x00, 0x67, 0x00, 0x06, 0x00,
    0x64, 0x00, 0x23, 0x00, 0x05, 0x00, 0x26, 0x00, 0x87, 0x00, 0x87, 0x00, 0x05, 0x00, 0x84, 0x00,
    0x46, 0x00, 0xca, 0x00, 0xea, 0x00, 0x0a, 0x00, 0x8b, 0x00, 0x4b, 0x00, 0xab, 0x00, 0xe9, 0x00,
    0xea, 0x00, 0x6b, 0x00, 0x4a, 0x00, 0x89, 0x00, 0x23, 0x00, 0x00, 0x00, 0x43, 0x00, 0x08, 0x00,
    0x66, 0x00, 0x48, 0x00, 0x66, 0x00, 0x66, 0x00, 0x08, 0x00, 0x48, 0x00, 0x40, 0x00, 0x00, 0x00,
    0x00, 0x00, 0x00, 0x00, 0x00, 0x00, 0x00, 0x00, 0x00, 0x00, 0x00, 0x00, 0x00, 0x00, 0x00, 0x00,
    0x00, 0x00, 0x00, 0x00, 0x00, 0x00, 0x00, 0x00, 0x00, 0x00, 0x00, 0x00, 0x00, 0x00, 0x00, 0x00,
    0x00, 0x00, 0x00, 0x00, 0x00, 0x00, 0x64, 0x00, 0xea, 0x00, 0xe7, 0x00, 0x43, 0x00, 0x69, 0x00,
    0xc4, 0x00, 0x00, 0x00, 0x00, 0x00, 0x00, 0x00, 0xa2, 0x00, 0xe2, 0x00, 0xc2, 0x00, 0x44, 0x00,
    0x44, 0x00, 0xa4, 0x00, 0x46, 0x00, 0x26, 0x00, 0xa7, 0x00, 0x87, 0x00, 0x48, 0x00, 0x28, 0x00,
    0x40, 0x00, 0x03, 0x00, 0xc5, 0x00, 0x66, 0x00, 0x05, 0x00, 0x84, 0x00, 0xa4, 0x00, 0xe7, 0x00,
    0x89, 0x00, 0x89, 0x00, 0x69, 0x00, 0x84, 0x00, 0x00, 0x00, 0x00, 0x00, 0x23, 0x00, 0x0a, 0x00,
    0x89, 0x00, 0x89, 0x00, 0xe7, 0x00, 0x28, 0x00, 0xc9, 0x00, 0xc2, 0x00, 0x00, 0x00, 0x00, 0x00,
    0x00, 0x00, 0x00, 0x00, 0x00, 0x00, 0x00, 0x00, 0x00, 0x00, 0x00, 0x00, 0x00, 0x00, 0x00, 0x00,
    0x00, 0x00, 0x00, 0x00, 0x00, 0x00, 0x00, 0x00, 0x00, 0x00, 0x00, 0x00, 0x00, 0x00, 0x00, 0x00,
    0x00, 0x00, 0x26, 0x00, 0xea, 0x00, 0xe7, 0x00, 0x46, 0x00, 0xa7, 0x00, 0x86, 0x00, 0xc7, 0x00,
    0x48, 0x00, 0xc2, 0x00, 0x00, 0x00, 0x00, 0x00, 0x00, 0x00, 0x00, 0x00, 0x00, 0x00, 0xe6, 0x00,
    0xe5, 0x00, 0x23, 0x00, 0xe3, 0x00, 0x44, 0x00, 0xc7, 0x00, 0x89, 0x00, 0x2a, 0x00, 0x0d, 0x00,
    0x86, 0x00, 0x41, 0x00, 0xc2, 0x00, 0xa2, 0x00, 0x61, 0x00, 0x41, 0x00, 0x81, 0x00, 0xa2, 0x00,
    0x63, 0x00, 0xe5, 0x00, 0xe2, 0x00, 0x00, 0x00, 0x00, 0x00, 0x00, 0x00, 0x23, 0x00, 0x6b, 0x00,
    0xec, 0x00, 0x0a, 0x00, 0x68, 0x00, 0x08, 0x00, 0x64, 0x00, 0x00, 0x00, 0x00, 0x00, 0x00, 0x00,
    0x00, 0x00, 0x00, 0x00, 0x00, 0x00, 0x00, 0x00, 0x00, 0x00, 0x00, 0x00, 0x00, 0x00, 0x00, 0x00,
    0x00, 0x00, 0x00, 0x00, 0x00, 0x00, 0x00, 0x00, 0x00, 0x00, 0x00, 0x00, 0x00, 0x00, 0x00, 0x00,
    0x00, 0x00, 0xa2, 0x00, 0xe8, 0x00, 0x48, 0x00, 0xe7, 0x00, 0x89, 0x00, 0x68, 0x00, 0xc9, 0x00,
    0xcc, 0x00, 0xc7, 0x00, 0x00, 0x00, 0x00, 0x00, 0x00, 0x00, 0x00, 0x00, 0xc2, 0x00, 0x47, 0x00,
    0x84, 0x00, 0xa5, 0x00, 0x64, 0x00, 0x44, 0x00, 0xa5, 0x00, 0x87, 0x00, 0x89, 0x00, 0xca, 0x00,
    0x2a, 0x00, 0xa4, 0x00, 0x64, 0x00, 0xa5, 0x00, 0xc6, 0x00, 0x85, 0x00, 0x03, 0x00, 0x03, 0x00,
    0xa6, 0x00, 0xa4, 0x00, 0x00, 0x00, 0x00, 0x00, 0x00, 0x00, 0x00, 0x00, 0x81, 0x00, 0x89, 0x00,
    0x4b, 0x00, 0x68, 0x00, 0x48, 0x00, 0xc7, 0x00, 0x00, 0x00, 0x00, 0x00, 0x00, 0x00, 0x00, 0x00,
    0x00, 0x00, 0x00, 0x00, 0x00, 0x00, 0x00, 0x00, 0x00, 0x00, 0x00, 0x00, 0x00, 0x00, 0x00, 0x00,
    0x00, 0x00, 0x00, 0x00, 0x00, 0x00, 0x00, 0x00, 0x00, 0x00, 0x00, 0x00, 0x00, 0x00, 0x00, 0x00,
    0x00, 0x00, 0x00, 0x00, 0x41, 0x00, 0x64, 0x00, 0xa7, 0x00, 0x0a, 0x00, 0x48, 0x00, 0xa9, 0x00,
    0x6b, 0x00, 0xc9, 0x00, 0x00, 0x00, 0x00, 0x00, 0x00, 0x00, 0x00, 0x00, 0x03, 0x00, 0x43, 0x00,
    0x64, 0x00, 0x06, 0x00, 0xc5, 0x00, 0x06, 0x00, 0xa5, 0x00, 0x23, 0x00, 0xa4, 0x00, 0x05, 0x00,
    0x08, 0x00, 0x69, 0x00, 0x85, 0x00, 0x68, 0x00, 0xa9, 0x00, 0x0a, 0x00, 0x07, 0x00, 0xa4, 0x00,
    0x48, 0x00, 0x20, 0x00, 0x00, 0x00, 0x00, 0x00, 0x00, 0x00, 0x00, 0x00, 0x46, 0x00, 0xa9, 0x00,
    0x08, 0x00, 0x28, 0x00, 0x69, 0x00, 0x66, 0x00, 0x00, 0x00, 0x00, 0x00, 0x00, 0x00, 0x00, 0x00,
    0x00, 0x00, 0x00, 0x00, 0x00, 0x00, 0x00, 0x00, 0x00, 0x00, 0x00, 0x00, 0x00, 0x00, 0x00, 0x00,
    0x00, 0x00, 0x00, 0x00, 0x00, 0x00, 0x00, 0x00, 0x00, 0x00, 0x00, 0x00, 0x00, 0x00, 0x00, 0x00,
    0x00, 0x00, 0x00, 0x00, 0x00, 0x00, 0x61, 0x00, 0x66, 0x00, 0x68, 0x00, 0xc7, 0x00, 0xc9, 0x00,
    0xa9, 0x00, 0x0a, 0x00, 0xe7, 0x00, 0x00, 0x00, 0x00, 0x00, 0x00, 0x00, 0x41, 0x00, 0x00, 0x00,
    0x84, 0x00, 0x26, 0x00, 0x06, 0x00, 0x06, 0x00, 0xe5, 0x00, 0x64, 0x00, 0xa4, 0x00, 0x84, 0x00,
    0x64, 0x00, 0xe7, 0x00, 0xc7, 0x00, 0x48, 0x00, 0x6b, 0x00, 0x6b, 0x00, 0x0a, 0x00, 0x26, 0x00,
    0xa6, 0x00, 0x00, 0x00, 0x00, 0x00, 0x00, 0x00, 0x00, 0x00, 0xc4, 0x00, 0xcc, 0x00, 0x0c, 0x00,
    0x68, 0x00, 0xe7, 0x00, 0xa7, 0x00, 0x81, 0x00, 0x00, 0x00, 0x00, 0x00, 0x00, 0x00, 0x00, 0x00,
    0x00, 0x00, 0x00, 0x00, 0x00, 0x00, 0x00, 0x00, 0x00, 0x00, 0x00, 0x00, 0x00, 0x00, 0x00, 0x00,
    0x00, 0x00, 0x00, 0x00, 0x00, 0x00, 0x00, 0x00, 0x00, 0x00, 0x00, 0x00, 0x00, 0x00, 0x00, 0x00,
    0x00, 0x00, 0x00, 0x00, 0x00, 0x00, 0x00, 0x00, 0x64, 0x00, 0xe8, 0x00, 0xa7, 0x00, 0x08, 0x00,
    0x28, 0x00, 0x68, 0x00, 0x8b, 0x00, 0xe9, 0x00, 0xe2, 0x00, 0x00, 0x00, 0x00, 0x00, 0x00, 0x00,
    0x64, 0x00, 0x47, 0x00, 0x03, 0x00, 0x06, 0x00, 0xa7, 0x00, 0x46, 0x00, 0xa4, 0x00, 0x46, 0x00,
    0x26, 0x00, 0x64, 0x00, 0x48, 0x00, 0xe8, 0x00, 0x0a, 0x00, 0xed, 0x00, 0x8c, 0x00, 0xa7, 0x00,
    0x25, 0x00, 0x00, 0x00, 0x20, 0x00, 0x00, 0x00, 0xe2, 0x00, 0x4a, 0x00, 0xcc, 0x00, 0xea, 0x00,
    0xe7, 0x00, 0x08, 0x00, 0x61, 0x00, 0x00, 0x00, 0x00, 0x00, 0x00, 0x00, 0x00, 0x00, 0x00, 0x00,
    0x00, 0x00, 0x00, 0x00, 0x00, 0x00, 0x00, 0x00, 0x00, 0x00, 0x00, 0x00, 0x00, 0x00, 0x00, 0x00,
    0x00, 0x00, 0x00, 0x00, 0x00, 0x00, 0x00, 0x00, 0x00, 0x00, 0x00, 0x00, 0x00, 0x00, 0x00, 0x00,
    0x00, 0x00, 0x00, 0x00, 0x00, 0x00, 0x00, 0x00, 0x20, 0x00, 0x23, 0x00, 0xe5, 0x00, 0x46, 0x00,
    0x87, 0x00, 0x48, 0x00, 0x89, 0x00, 0x8b, 0x00, 0x4a, 0x00, 0x07, 0x00, 0x81, 0x00, 0x00, 0x00,
    0xa2, 0x00, 0x44, 0x00, 0x00, 0x00, 0xa5, 0x00, 0x87, 0x00, 0x87, 0x00, 0xe5, 0x00, 0xc4, 0x00,
    0x46, 0x00, 0x46, 0x00, 0xc4, 0x00, 0x4a, 0x00, 0x49, 0x00, 0x0a, 0x00, 0x4b, 0x00, 0x28, 0x00,
    0x63, 0x00, 0x00, 0x00, 0x00, 0x00, 0xa1, 0x00, 0x89, 0x00, 0xab, 0x00, 0x6b, 0x00, 0x28, 0x00,
    0xa7, 0x00, 0xa4, 0x00, 0x00, 0x00, 0x00, 0x00, 0x00, 0x00, 0x00, 0x00, 0x00, 0x00, 0x00, 0x00,
    0x00, 0x00, 0x00, 0x00, 0x00, 0x00, 0x00, 0x00, 0x00, 0x00, 0x00, 0x00, 0x00, 0x00, 0x00, 0x00,
    0x00, 0x00, 0x00, 0x00, 0x00, 0x00, 0x00, 0x00, 0x00, 0x00, 0x00, 0x00, 0x00, 0x00, 0x00, 0x00,
    0x00, 0x00, 0x00, 0x00, 0x00, 0x00, 0x00, 0x00, 0x00, 0x00, 0x00, 0x00, 0x00, 0x00, 0x23, 0x00,
    0x46, 0x00, 0xa7, 0x00, 0x28, 0x00, 0xe9, 0x00, 0x09, 0x00, 0x2c, 0x00, 0xcc, 0x00, 0x46, 0x00,
    0x40, 0x00, 0x00, 0x00, 0x00, 0x00, 0xc2, 0x00, 0xc5, 0x00, 0x66, 0x00, 0x67, 0x00, 0xe5, 0x00,
    0x66, 0x00, 0x87, 0x00, 0x67, 0x00, 0x25, 0x00, 0x2a, 0x00, 0xea, 0x00, 0x89, 0x00, 0xa6, 0x00,
    0x00, 0x00, 0x40, 0x00, 0x05, 0x00, 0x89, 0x00, 0xab, 0x00, 0x6b, 0x00, 0xe9, 0x00, 0x28, 0x00,
    0x66, 0x00, 0x40, 0x00, 0x00, 0x00, 0x00, 0x00, 0x00, 0x00, 0x00, 0x00, 0x00, 0x00, 0x00, 0x00,
    0x00, 0x00, 0x00, 0x00, 0x00, 0x00, 0x00, 0x00, 0x00, 0x00, 0x00, 0x00, 0x00, 0x00, 0x00, 0x00,
    0x00, 0x00, 0x00, 0x00, 0x00, 0x00, 0x00, 0x00, 0x00, 0x00, 0x00, 0x00, 0x00, 0x00, 0x00, 0x00,
    0x00, 0x00, 0x00, 0x00, 0x00, 0x00, 0x00, 0x00, 0x00, 0x00, 0x00, 0x00, 0x00, 0x00, 0x00, 0x00,
    0x64, 0x00, 0x46, 0x00, 0xa7, 0x00, 0x68, 0x00, 0x2a, 0x00, 0x6b, 0x00, 0x6a, 0x00, 0x6d, 0x00,
    0x4a, 0x00, 0x25, 0x00, 0x61, 0x00, 0x81, 0x00, 0xa5, 0x00, 0x06, 0x00, 0xa7, 0x00, 0x06, 0x00,
    0x25, 0x00, 0x28, 0x00, 0xca, 0x00, 0x49, 0x00, 0xc5, 0x00, 0x25, 0x00, 0x46, 0x00, 0x23, 0x00,
    0x43, 0x00, 0x28, 0x00, 0x6b, 0x00, 0x8b, 0x00, 0x6b, 0x00, 0xa9, 0x00, 0x48, 0x00, 0xa7, 0x00,
    0xc2, 0x00, 0x00, 0x00, 0x00, 0x00, 0x00, 0x00, 0x00, 0x00, 0x00, 0x00, 0x00, 0x00, 0x00, 0x00,
    0x00, 0x00, 0x00, 0x00, 0x00, 0x00, 0x00, 0x00, 0x00, 0x00, 0x00, 0x00, 0x00, 0x00, 0x00, 0x00,
    0x00, 0x00, 0x00, 0x00, 0x00, 0x00, 0x00, 0x00, 0x00, 0x00, 0x00, 0x00, 0x00, 0x00, 0x00, 0x00,
    0x00, 0x00, 0x00, 0x00, 0x00, 0x00, 0x00, 0x00, 0x00, 0x00, 0x00, 0x00, 0x00, 0x00, 0x00, 0x00,
    0x00, 0x00, 0x84, 0x00, 0xc7, 0x00, 0x08, 0x00, 0x48, 0x00, 0x68, 0x00, 0xa9, 0x00, 0x4a, 0x00,
    0x6b, 0x00, 0x0d, 0x00, 0x4b, 0x00, 0xc9, 0x00, 0xe7, 0x00, 0x46, 0x00, 0x26, 0x00, 0x08, 0x00,
    0xc7, 0x00, 0xe8, 0x00, 0x2b, 0x00, 0xcd, 0x00, 0xeb, 0x00, 0x69, 0x00, 0xe8, 0x00, 0x68, 0x00,
    0xc7, 0x00, 0x48, 0x00, 0xea, 0x00, 0x2a, 0x00, 0x68, 0x00, 0xe7, 0x00, 0x87, 0x00, 0xe2, 0x00,
    0x00, 0x00, 0x00, 0x00, 0x00, 0x00, 0x00, 0x00, 0x00, 0x00, 0x00, 0x00, 0x00, 0x00, 0x00, 0x00,
    0x00, 0x00, 0x00, 0x00, 0x00, 0x00, 0x00, 0x00, 0x00, 0x00, 0x00, 0x00, 0x00, 0x00, 0x00, 0x00,
    0x00, 0x00, 0x00, 0x00, 0x00, 0x00, 0x00, 0x00, 0x00, 0x00, 0x00, 0x00, 0x00, 0x00, 0x00, 0x00,
    0x00, 0x00, 0x00, 0x00, 0x00, 0x00, 0x00, 0x00, 0x00, 0x00, 0x00, 0x00, 0x00, 0x00, 0x00, 0x00,
    0x00, 0x00, 0x00, 0x00, 0x63, 0x00, 0xa7, 0x00, 0xc7, 0x00, 0x86, 0x00, 0x46, 0x00, 0xe7, 0x00,
    0x48, 0x00, 0xea, 0x00, 0x2a, 0x00, 0xe9, 0x00, 0x8b, 0x00, 0x8b, 0x00, 0x48, 0x00, 0x08, 0x00,
    0x89, 0x00, 0x2b, 0x00, 0x4b, 0x00, 0xaa, 0x00, 0x2b, 0x00, 0xcd, 0x00, 0x4b, 0x00, 0xca, 0x00,
    0xc7, 0x00, 0xa7, 0x00, 0x48, 0x00, 0xa7, 0x00, 0x66, 0x00, 0xa7, 0x00, 0x64, 0x00, 0x00, 0x00,
    0x00, 0x00, 0x00, 0x00, 0x00, 0x00, 0x00, 0x00, 0x00, 0x00, 0x00, 0x00, 0x00, 0x00, 0x00, 0x00,
    0x00, 0x00, 0x00, 0x00, 0x00, 0x00, 0x00, 0x00, 0x00, 0x00, 0x00, 0x00, 0x00, 0x00, 0x00, 0x00,
    0x00, 0x00, 0x00, 0x00, 0x00, 0x00, 0x00, 0x00, 0x00, 0x00, 0x00, 0x00, 0x00, 0x00, 0x00, 0x00,
    0x00, 0x00, 0x00, 0x00, 0x00, 0x00, 0x00, 0x00, 0x00, 0x00, 0x00, 0x00, 0x00, 0x00, 0x00, 0x00,
    0x00, 0x00, 0x00, 0x00, 0x00, 0x00, 0xe2, 0x00, 0xc5, 0x00, 0x06, 0x00, 0x46, 0x00, 0x66, 0x00,
    0xe7, 0x00, 0xe7, 0x00, 0x28, 0x00, 0x68, 0x00, 0xe9, 0x00, 0x2a, 0x00, 0x4a, 0x00, 0x27, 0x00,
    0x48, 0x00, 0x8c, 0x00, 0x4e, 0x00, 0x2e, 0x00, 0x4f, 0x00, 0x6f, 0x00, 0xd0, 0x00, 0x2e, 0x00,
    0x48, 0x00, 0x05, 0x00, 0xe5, 0x00, 0xe5, 0x00, 0x66, 0x00, 0x43, 0x00, 0x40, 0x00, 0x00, 0x00,
    0x00, 0x00, 0x00, 0x00, 0x00, 0x00, 0x00, 0x00, 0x00, 0x00, 0x00, 0x00, 0x00, 0x00, 0x00, 0x00,
    0x00, 0x00, 0x00, 0x00, 0x00, 0x00, 0x00, 0x00, 0x00, 0x00, 0x00, 0x00, 0x00, 0x00, 0x00, 0x00,
    0x00, 0x00, 0x00, 0x00, 0x00, 0x00, 0x00, 0x00, 0x00, 0x00, 0x00, 0x00, 0x00, 0x00, 0x00, 0x00,
    0x00, 0x00, 0x00, 0x00, 0x00, 0x00, 0x00, 0x00, 0x00, 0x00, 0x00, 0x00, 0xc4, 0x00, 0xc4, 0x00,
    0x20, 0x00, 0x00, 0x00, 0x00, 0x00, 0x00, 0x00, 0xa1, 0x00, 0xc2, 0x00, 0xc5, 0x00, 0x26, 0x00,
    0x66, 0x00, 0x87, 0x00, 0x87, 0x00, 0xe7, 0x00, 0x68, 0x00, 0x68, 0x00, 0x68, 0x00, 0xa9, 0x00,
    0x27, 0x00, 0x28, 0x00, 0x6f, 0x00, 0x51, 0x00, 0x31, 0x00, 0x72, 0x00, 0x31, 0x00, 0x11, 0x00,
    0xe7, 0x00, 0x46, 0x00, 0x64, 0x00, 0x06, 0x00, 0x43, 0x00, 0x00, 0x00, 0x00, 0x00, 0x00, 0x00,
    0x00, 0x00, 0x00, 0x00, 0x00, 0x00, 0x00, 0x00, 0x00, 0x00, 0x00, 0x00, 0x81, 0x00, 0xe2, 0x00,
    0x00, 0x00, 0x00, 0x00, 0x00, 0x00, 0x00, 0x00, 0x00, 0x00, 0x00, 0x00, 0x00, 0x00, 0x00, 0x00,
    0x00, 0x00, 0x00, 0x00, 0x00, 0x00, 0x00, 0x00, 0x00, 0x00, 0x00, 0x00, 0x00, 0x00, 0x00, 0x00,
    0x00, 0x00, 0x00, 0x00, 0x00, 0x00, 0xa1, 0x00, 0xa4, 0x00, 0x63, 0x00, 0xe5, 0x00, 0x89, 0x00,
    0xc9, 0x00, 0xc4, 0x00, 0x00, 0x00, 0x20, 0x00, 0x00, 0x00, 0x00, 0x00, 0x40, 0x00, 0x23, 0x00,
    0xe5, 0x00, 0x66, 0x00, 0x26, 0x00, 0x26, 0x00, 0x66, 0x00, 0x08, 0x00, 0xe7, 0x00, 0xe9, 0x00,
    0xe9, 0x00, 0x89, 0x00, 0x8c, 0x00, 0x8f, 0x00, 0x11, 0x00, 0x72, 0x00, 0x72, 0x00, 0x31, 0x00,
    0x49, 0x00, 0x86, 0x00, 0xa4, 0x00, 0xc2, 0x00, 0x00, 0x00, 0x00, 0x00, 0x00, 0x00, 0x00, 0x00,
    0x00, 0x00, 0x00, 0x00, 0x00, 0x00, 0x00, 0x00, 0x00, 0x00, 0x00, 0x00, 0x25, 0x00, 0x25, 0x00,
    0x00, 0x00, 0x00, 0x00, 0x00, 0x00, 0x00, 0x00, 0x00, 0x00, 0x00, 0x00, 0x00, 0x00, 0x00, 0x00,
    0x00, 0x00, 0x00, 0x00, 0x00, 0x00, 0x00, 0x00, 0x00, 0x00, 0x00, 0x00, 0x00, 0x00, 0x00, 0x00,
    0x00, 0x00, 0xa1, 0x00, 0xa7, 0x00, 0xa9, 0x00, 0x0a, 0x00, 0x89, 0x00, 0x68, 0x00, 0xc7, 0x00,
    0x86, 0x00, 0xa9, 0x00, 0x43, 0x00, 0x05, 0x00, 0xc2, 0x00, 0x00, 0x00, 0x00, 0x00, 0x00, 0x00,
    0x41, 0x00, 0x44, 0x00, 0x84, 0x00, 0xa5, 0x00, 0xa5, 0x00, 0x06, 0x00, 0x46, 0x00, 0x89, 0x00,
    0xe9, 0x00, 0x4b, 0x00, 0x6f, 0x00, 0xac, 0x00, 0xcd, 0x00, 0xd0, 0x00, 0x31, 0x00, 0x2e, 0x00,
    0x4e, 0x00, 0x68, 0x00, 0x02, 0x00, 0x00, 0x00, 0x00, 0x00, 0x00, 0x00, 0x00, 0x00, 0x00, 0x00,
    0x00, 0x00, 0x00, 0x00, 0x00, 0x00, 0x00, 0x00, 0x00, 0x00, 0x23, 0x00, 0x89, 0x00, 0xc4, 0x00,
    0x00, 0x00, 0x00, 0x00, 0x00, 0x00, 0x00, 0x00, 0x00, 0x00, 0x00, 0x00, 0x00, 0x00, 0x00, 0x00,
    0x00, 0x00, 0x00, 0x00, 0x00, 0x00, 0x00, 0x00, 0x00, 0x00, 0x00, 0x00, 0x00, 0x00, 0x00, 0x00,
    0x00, 0x00, 0x64, 0x00, 0xe5, 0x00, 0x84, 0x00, 0xa7, 0x00, 0x89, 0x00, 0xc9, 0x00, 0x68, 0x00,
    0x89, 0x00, 0x28, 0x00, 0x05, 0x00, 0xa5, 0x00, 0x48, 0x00, 0x20, 0x00, 0x00, 0x00, 0x00, 0x00,
    0x00, 0x00, 0x00, 0x00, 0x40, 0x00, 0x44, 0x00, 0x84, 0x00, 0xa5, 0x00, 0x26, 0x00, 0x88, 0x00,
    0xc9, 0x00, 0xca, 0x00, 0x4e, 0x00, 0x8f, 0x00, 0x8f, 0x00, 0x4f, 0x00, 0x0e, 0x00, 0x2e, 0x00,
    0x51, 0x00, 0x2b, 0x00, 0x43, 0x00, 0x00, 0x00, 0x00, 0x00, 0x00, 0x00, 0x00, 0x00, 0x00, 0x00,
    0x00, 0x00, 0x00, 0x00, 0x00, 0x00, 0x61, 0x00, 0xc7, 0x00, 0x4b, 0x00, 0x4b, 0x00, 0x23, 0x00,
    0x00, 0x00, 0x00, 0x00, 0x00, 0x00, 0x00, 0x00, 0x00, 0x00, 0x00, 0x00, 0x00, 0x00, 0x00, 0x00,
    0x00, 0x00, 0x00, 0x00, 0x00, 0x00, 0x00, 0x00, 0x00, 0x00, 0x00, 0x00, 0x00, 0x00, 0x00, 0x00,
    0x00, 0x00, 0x00, 0x00, 0x61, 0x00, 0xe7, 0x00, 0xa9, 0x00, 0x68, 0x00, 0xc9, 0x00, 0x68, 0x00,
    0x4a, 0x00, 0x6b, 0x00, 0x89, 0x00, 0x45, 0x00, 0xe7, 0x00, 0x05, 0x00, 0x00, 0x00, 0x00, 0x00,
    0x00, 0x00, 0x00, 0x00, 0xe2, 0x00, 0xc5, 0x00, 0x84, 0x00, 0xa5, 0x00, 0x66, 0x00, 0x89, 0x00,
    0xa9, 0x00, 0xe7, 0x00, 0xac, 0x00, 0x6f, 0x00, 0xd0, 0x00, 0x31, 0x00, 0xb0, 0x00, 0xf0, 0x00,
    0x31, 0x00, 0xed, 0x00, 0x63, 0x00, 0x00, 0x00, 0x00, 0x00, 0x00, 0x00, 0x00, 0x00, 0x00, 0x00,
    0x00, 0x00, 0x00, 0x00, 0x20, 0x00, 0xc7, 0x00, 0x2a, 0x00, 0x6b, 0x00, 0xa9, 0x00, 0x41, 0x00,
    0x00, 0x00, 0x00, 0x00, 0x00, 0x00, 0x00, 0x00, 0x00, 0x00, 0x00, 0x00, 0x00, 0x00, 0x00, 0x00,
    0x00, 0x00, 0x00, 0x00, 0x00, 0x00, 0x00, 0x00, 0x00, 0x00, 0x00, 0x00, 0x00, 0x00, 0x00, 0x00,
    0x00, 0x00, 0xc2, 0x00, 0x69, 0x00, 0xea, 0x00, 0x68, 0x00, 0xc9, 0x00, 0xa9, 0x00, 0xc7, 0x00,
    0x48, 0x00, 0xa9, 0x00, 0xc9, 0x00, 0x4a, 0x00, 0x28, 0x00, 0x66, 0x00, 0x05, 0x00, 0x00, 0x00,
    0x00, 0x00, 0x00, 0x00, 0x44, 0x00, 0x64, 0x00, 0x84, 0x00, 0xe6, 0x00, 0x26, 0x00, 0xa9, 0x00,
    0x89, 0x00, 0x66, 0x00, 0x48, 0x00, 0x0e, 0x00, 0xaf, 0x00, 0x8f, 0x00, 0xf0, 0x00, 0x11, 0x00,
    0x11, 0x00, 0x2b, 0x00, 0x43, 0x00, 0x00, 0x00, 0x00, 0x00, 0x00, 0x00, 0x00, 0x00, 0x00, 0x00,
    0x20, 0x00, 0x20, 0x00, 0x63, 0x00, 0xea, 0x00, 0x0a, 0x00, 0x0a, 0x00, 0xa4, 0x00, 0x00, 0x00,
    0x00, 0x00, 0x00, 0x00, 0x00, 0x00, 0x00, 0x00, 0x00, 0x00, 0x00, 0x00, 0x00, 0x00, 0x00, 0x00,
    0x00, 0x00, 0x00, 0x00, 0x00, 0x00, 0x00, 0x00, 0x00, 0x00, 0x00, 0x00, 0x00, 0x00, 0x00, 0x00,
    0x41, 0x00, 0xe7, 0x00, 0xa9, 0x00, 0xe7, 0x00, 0xc7, 0x00, 0x87, 0x00, 0x67, 0x00, 0x66, 0x00,
    0x26, 0x00, 0x28, 0x00, 0xa9, 0x00, 0xc9, 0x00, 0xab, 0x00, 0x66, 0x00, 0x08, 0x00, 0x81, 0x00,
    0x00, 0x00, 0x00, 0x00, 0x20, 0x00, 0x81, 0x00, 0xc5, 0x00, 0xe5, 0x00, 0x66, 0x00, 0xa9, 0x00,
    0x48, 0x00, 0xca, 0x00, 0x4b, 0x00, 0x89, 0x00, 0xcd, 0x00, 0xf0, 0x00, 0x31, 0x00, 0x31, 0x00,
    0xcd, 0x00, 0xca, 0x00, 0x84, 0x00, 0x00, 0x00, 0x00, 0x00, 0x00, 0x00, 0x00, 0x00, 0x00, 0x00,
    0x02, 0x00, 0x05, 0x00, 0x46, 0x00, 0xa9, 0x00, 0x48, 0x00, 0xe5, 0x00, 0x00, 0x00, 0x00, 0x00,
    0x00, 0x00, 0x00, 0x00, 0x00, 0x00, 0x00, 0x00, 0x00, 0x00, 0x00, 0x00, 0x00, 0x00, 0x00, 0x00,
    0x00, 0x00, 0x00, 0x00, 0x00, 0x00, 0x00, 0x00, 0x00, 0x00, 0x00, 0x00, 0x00, 0x00, 0x00, 0x00,
    0xa5, 0x00, 0x87, 0x00, 0x87, 0x00, 0x87, 0x00, 0xe5, 0x00, 0xa5, 0x00, 0xe5, 0x00, 0x06, 0x00,
    0x26, 0x00, 0xc7, 0x00, 0x89, 0x00, 0xc9, 0x00, 0x6b, 0x00, 0x4a, 0x00, 0x66, 0x00, 0xc2, 0x00,
    0x00, 0x00, 0x00, 0x00, 0x00, 0x00, 0x64, 0x00, 0xa5, 0x00, 0xe5, 0x00, 0x66, 0x00, 0x28, 0x00,
    0x28, 0x00, 0x2b, 0x00, 0xed, 0x00, 0x4e, 0x00, 0x6c, 0x00, 0xac, 0x00, 0x11, 0x00, 0x8f, 0x00,
    0x8c, 0x00, 0x0d, 0x00, 0x02, 0x00, 0x00, 0x00, 0x00, 0x00, 0x00, 0x00, 0x00, 0x00, 0x00, 0x00,
    0x23, 0x00, 0xc7, 0x00, 0xc7, 0x00, 0x08, 0x00, 0x46, 0x00, 0x61, 0x00, 0x00, 0x00, 0x00, 0x00,
    0x00, 0x00, 0x00, 0x00, 0x00, 0x00, 0x00, 0x00, 0x00, 0x00, 0x00, 0x00, 0x00, 0x00, 0x00, 0x00,
    0x00, 0x00, 0x00, 0x00, 0x00, 0x00, 0x00, 0x00, 0x00, 0x00, 0x00, 0x00, 0x00, 0x00, 0xa2, 0x00,
    0xe5, 0x00, 0xe5, 0x00, 0x46, 0x00, 0x26, 0x00, 0xc5, 0x00, 0xc5, 0x00, 0xc2, 0x00, 0x20, 0x00,
    0xe2, 0x00, 0x67, 0x00, 0x08, 0x00, 0x89, 0x00, 0xe9, 0x00, 0xab, 0x00, 0x89, 0x00, 0xc2, 0x00,
    0x00, 0x00, 0x00, 0x00, 0x40, 0x00, 0xa5, 0x00, 0xa5, 0x00, 0x06, 0x00, 0x46, 0x00, 0xc7, 0x00,
    0xc7, 0x00, 0x8c, 0x00, 0x2e, 0x00, 0xd0, 0x00, 0xf0, 0x00, 0x4e, 0x00, 0xed, 0x00, 0xad, 0x00,
    0xd0, 0x00, 0x6c, 0x00, 0x61, 0x00, 0x00, 0x00, 0x00, 0x00, 0x00, 0x00, 0x00, 0x00, 0x00, 0x00,
    0xe2, 0x00, 0xa7, 0x00, 0x08, 0x00, 0xc7, 0x00, 0x05, 0x00, 0xc2, 0x00, 0x00, 0x00, 0x00, 0x00,
    0x00, 0x00, 0x00, 0x00, 0x00, 0x00, 0x00, 0x00, 0x00, 0x00, 0x00, 0x00, 0x00, 0x00, 0x00, 0x00,
    0x00, 0x00, 0x00, 0x00, 0x00, 0x00, 0x00, 0x00, 0x00, 0x00, 0x00, 0x00, 0x00, 0x00, 0x40, 0x00,
    0xa5, 0x00, 0x26, 0x00, 0x26, 0x00, 0x06, 0x00, 0xe6, 0x00, 0x84, 0x00, 0x00, 0x00, 0x00, 0x00,
    0x00, 0x00, 0x64, 0x00, 0xc7, 0x00, 0x08, 0x00, 0xa9, 0x00, 0xe9, 0x00, 0x2a, 0x00, 0x66, 0x00,
    0xe2, 0x00, 0x00, 0x00, 0x00, 0x00, 0xa2, 0x00, 0xe5, 0x00, 0x46, 0x00, 0x87, 0x00, 0xe7, 0x00,
    0x46, 0x00, 0x08, 0x00, 0x2e, 0x00, 0x6f, 0x00, 0xb0, 0x00, 0xd0, 0x00, 0x6f, 0x00, 0xb0, 0x00,
    0xf0, 0x00, 0x69, 0x00, 0x20, 0x00, 0x00, 0x00, 0x00, 0x00, 0x00, 0x00, 0x00, 0x00, 0x00, 0x00,
    0x41, 0x00, 0x46, 0x00, 0x48, 0x00, 0xe5, 0x00, 0x20, 0x00, 0x00, 0x00, 0x00, 0x00, 0x00, 0x00,
    0x00, 0x00, 0x00, 0x00, 0x00, 0x00, 0x00, 0x00, 0x00, 0x00, 0x00, 0x00, 0x00, 0x00, 0x00, 0x00,
    0x00, 0x00, 0x00, 0x00, 0x00, 0x00, 0x00, 0x00, 0x00, 0x00, 0x00, 0x00, 0x00, 0x00, 0x41, 0x00,
    0x06, 0x00, 0xe6, 0x00, 0x26, 0x00, 0x26, 0x00, 0xe5, 0x00, 0x23, 0x00, 0x00, 0x00, 0x00, 0x00,
    0x00, 0x00, 0x81, 0x00, 0x87, 0x00, 0xc7, 0x00, 0xe7, 0x00, 0x68, 0x00, 0xe9, 0x00, 0x48, 0x00,
    0xc7, 0x00, 0xc2, 0x00, 0x00, 0x00, 0x64, 0x00, 0x26, 0x00, 0xc7, 0x00, 0x48, 0x00, 0xc7, 0x00,
    0xa7, 0x00, 0x66, 0x00, 0x49, 0x00, 0x4e, 0x00, 0x2e, 0x00, 0x4e, 0x00, 0x6f, 0x00, 0xd0, 0x00,
    0x8c, 0x00, 0x25, 0x00, 0x00, 0x00, 0x00, 0x00, 0x00, 0x00, 0x00, 0x00, 0x00, 0x00, 0x00, 0x00,
    0x00, 0x00, 0x43, 0x00, 0x89, 0x00, 0x43, 0x00, 0x00, 0x00, 0x00, 0x00, 0x00, 0x00, 0x00, 0x00,
    0x00, 0x00, 0x00, 0x00, 0x00, 0x00, 0x00, 0x00, 0x00, 0x00, 0x00, 0x00, 0x00, 0x00, 0x00, 0x00,
    0x00, 0x00, 0x00, 0x00, 0x00, 0x00, 0x00, 0x00, 0x00, 0x00, 0x00, 0x00, 0x00, 0x00, 0xc2, 0x00,
    0xe6, 0x00, 0xc5, 0x00, 0x26, 0x00, 0x06, 0x00, 0x06, 0x00, 0x40, 0x00, 0x00, 0x00, 0x00, 0x00,
    0x00, 0x00, 0x00, 0x00, 0xe5, 0x00, 0xa7, 0x00, 0x08, 0x00, 0x68, 0x00, 0xa9, 0x00, 0x28, 0x00,
    0xa7, 0x00, 0x87, 0x00, 0x03, 0x00, 0x06, 0x00, 0xc7, 0x00, 0x48, 0x00, 0xa9, 0x00, 0xa7, 0x00,
    0xe8, 0x00, 0x8c, 0x00, 0x89, 0x00, 0x89, 0x00, 0xed, 0x00, 0x2e, 0x00, 0x4e, 0x00, 0x6b, 0x00,
    0x69, 0x00, 0x23, 0x00, 0x00, 0x00, 0x00, 0x00, 0x00, 0x00, 0x00, 0x00, 0x00, 0x00, 0x00, 0x00,
    0x00, 0x00, 0x20, 0x00, 0x28, 0x00, 0x66, 0x00, 0x00, 0x00, 0x00, 0x00, 0x00, 0x00, 0x00, 0x00,
    0x00, 0x00, 0x00, 0x00, 0x00, 0x00, 0x00, 0x00, 0x00, 0x00, 0x00, 0x00, 0x00, 0x00, 0x00, 0x00,
    0x00, 0x00, 0x00, 0x00, 0x00, 0x00, 0x00, 0x00, 0x00, 0x00, 0x00, 0x00, 0x00, 0x00, 0x03, 0x00,
    0xe6, 0x00, 0xc5, 0x00, 0x46, 0x00, 0x66, 0x00, 0xa7, 0x00, 0x61, 0x00, 0x00, 0x00, 0x00, 0x00,
    0x00, 0x00, 0x00, 0x00, 0x03, 0x00, 0x26, 0x00, 0xc7, 0x00, 0x48, 0x00, 0x69, 0x00, 0x48, 0x00,
    0x87, 0x00, 0x05, 0x00, 0xa5, 0x00, 0x87, 0x00, 0x89, 0x00, 0xe9, 0x00, 0x89, 0x00, 0x66, 0x00,
    0xe8, 0x00, 0x6c, 0x00, 0xcd, 0x00, 0x0b, 0x00, 0xaa, 0x00, 0x8c, 0x00, 0x2b, 0x00, 0x2b, 0x00,
    0x49, 0x00, 0xc2, 0x00, 0x00, 0x00, 0x00, 0x00, 0x00, 0x00, 0x00, 0x00, 0x00, 0x00, 0x00, 0x00,
    0x00, 0x00, 0x00, 0x00, 0x05, 0x00, 0x28, 0x00, 0x00, 0x00, 0x00, 0x00, 0x00, 0x00, 0x00, 0x00,
    0x00, 0x00, 0x00, 0x00, 0x00, 0x00, 0x00, 0x00, 0x00, 0x00, 0x00, 0x00, 0x00, 0x00, 0x00, 0x00,
    0x00, 0x00, 0x00, 0x00, 0x00, 0x00, 0x00, 0x00, 0x00, 0x00, 0x00, 0x00, 0x00, 0x00, 0x23, 0x00,
    0xe6, 0x00, 0x05, 0x00, 0x87, 0x00, 0x66, 0x00, 0x08, 0x00, 0x02, 0x00, 0x00, 0x00, 0x00, 0x00,
    0x00, 0x00, 0x00, 0x00, 0x43, 0x00, 0x06, 0x00, 0x26, 0x00, 0x66, 0x00, 0x87, 0x00, 0xc7, 0x00,
    0xa7, 0x00, 0x84, 0x00, 0xe6, 0x00, 0xe8, 0x00, 0x89, 0x00, 0x0a, 0x00, 0xc9, 0x00, 0x86, 0x00,
    0x26, 0x00, 0x89, 0x00, 0x6c, 0x00, 0xac, 0x00, 0x6c, 0x00, 0x89, 0x00, 0x6c, 0x00, 0x0b, 0x00,
    0xc5, 0x00, 0xe7, 0x00, 0x40, 0x00, 0x00, 0x00, 0x00, 0x00, 0x00, 0x00, 0x00, 0x00, 0x00, 0x00,
    0x00, 0x00, 0x00, 0x00, 0xe2, 0x00, 0x48, 0x00, 0x40, 0x00, 0x00, 0x00, 0x00, 0x00, 0x00, 0x00,
    0x00, 0x00, 0x00, 0x00, 0x00, 0x00, 0x00, 0x00, 0x00, 0x00, 0x00, 0x00, 0x00, 0x00, 0x00, 0x00,
    0x00, 0x00, 0x00, 0x00, 0x00, 0x00, 0x00, 0x00, 0x00, 0x00, 0x00, 0x00, 0x00, 0x00, 0x03, 0x00,
    0xa5, 0x00, 0xa4, 0x00, 0x67, 0x00, 0x46, 0x00, 0x86, 0x00, 0x83, 0x00, 0x00, 0x00, 0x00, 0x00,
    0x00, 0x00, 0x00, 0x00, 0x23, 0x00, 0x26, 0x00, 0x66, 0x00, 0x46, 0x00, 0x46, 0x00, 0x46, 0x00,
    0xc5, 0x00, 0xa5, 0x00, 0x67, 0x00, 0x69, 0x00, 0xa9, 0x00, 0x0a, 0x00, 0x0a, 0x00, 0x86, 0x00,
    0x28, 0x00, 0xa7, 0x00, 0x69, 0x00, 0x2b, 0x00, 0x0a, 0x00, 0x0a, 0x00, 0xea, 0x00, 0xe5, 0x00,
    0x86, 0x00, 0x4a, 0x00, 0x05, 0x00, 0x00, 0x00, 0x00, 0x00, 0x00, 0x00, 0x00, 0x00, 0x00, 0x00,
    0x00, 0x00, 0x00, 0x00, 0x40, 0x00, 0x28, 0x00, 0xe2, 0x00, 0x00, 0x00, 0x00, 0x00, 0x00, 0x00,
    0x00, 0x00, 0x00, 0x00, 0x00, 0x00, 0x00, 0x00, 0x00, 0x00, 0x00, 0x00, 0x00, 0x00, 0x00, 0x00,
    0x00, 0x00, 0x00, 0x00, 0x00, 0x00, 0x00, 0x00, 0x00, 0x00, 0x00, 0x00, 0x00, 0x00, 0xc2, 0x00,
    0xc2, 0x00, 0x84, 0x00, 0x26, 0x00, 0xa7, 0x00, 0x86, 0x00, 0x40, 0x00, 0x00, 0x00, 0x00, 0x00,
    0x00, 0x00, 0x00, 0x00, 0x40, 0x00, 0x06, 0x00, 0x26, 0x00, 0x66, 0x00, 0xa7, 0x00, 0x67, 0x00,
    0x44, 0x00, 0x06, 0x00, 0x87, 0x00, 0x69, 0x00, 0xa9, 0x00, 0x2a, 0x00, 0x0a, 0x00, 0xa7, 0x00,
    0x69, 0x00, 0x28, 0x00, 0xc7, 0x00, 0x48, 0x00, 0x28, 0x00, 0x28, 0x00, 0x86, 0x00, 0x05, 0x00,
    0x68, 0x00, 0x4a, 0x00, 0x88, 0x00, 0x40, 0x00, 0x00, 0x00, 0x00, 0x00, 0x00, 0x00, 0x00, 0x00,
    0x00, 0x00, 0x00, 0x00, 0x81, 0x00, 0x08, 0x00, 0x23, 0x00, 0x00, 0x00, 0x00, 0x00, 0x00, 0x00,
    0x00, 0x00, 0x00, 0x00, 0x00, 0x00, 0x00, 0x00, 0x00, 0x00, 0x00, 0x00, 0x00, 0x00, 0x00, 0x00,
    0x00, 0x00, 0x00, 0x00, 0x00, 0x00, 0x00, 0x00, 0x00, 0x00, 0x00, 0x00, 0x00, 0x00, 0x00, 0x00,
    0x00, 0x00, 0x64, 0x00, 0x06, 0x00, 0xc7, 0x00, 0x48, 0x00, 0x63, 0x00, 0x00, 0x00, 0x00, 0x00,
    0x00, 0x00, 0x00, 0x00, 0x00, 0x00, 0xa2, 0x00, 0x26, 0x00, 0x26, 0x00, 0x46, 0x00, 0x26, 0x00,
    0x64, 0x00, 0x26, 0x00, 0xa7, 0x00, 0xa9, 0x00, 0xea, 0x00, 0xea, 0x00, 0xe9, 0x00, 0x86, 0x00,
    0xe8, 0x00, 0x89, 0x00, 0x89, 0x00, 0x87, 0x00, 0xc7, 0x00, 0x66, 0x00, 0x84, 0x00, 0x46, 0x00,
    0x68, 0x00, 0xe9, 0x00, 0x4a, 0x00, 0x43, 0x00, 0x00, 0x00, 0x00, 0x00, 0x00, 0x00, 0x00, 0x00,
    0x00, 0x00, 0x00, 0x00, 0x64, 0x00, 0x48, 0x00, 0x23, 0x00, 0x00, 0x00, 0x00, 0x00, 0x00, 0x00,
    0x00, 0x00, 0x00, 0x00, 0x00, 0x00, 0x00, 0x00, 0x00, 0x00, 0x00, 0x00, 0x00, 0x00, 0x00, 0x00,
    0x00, 0x00, 0x00, 0x00, 0x00, 0x00, 0x00, 0x00, 0x00, 0x00, 0x00, 0x00, 0x00, 0x00, 0x00, 0x00,
    0x00, 0x00, 0x23, 0x00, 0x46, 0x00, 0xa7, 0x00, 0x28, 0x00, 0x48, 0x00, 0x81, 0x00, 0x00, 0x00,
    0x00, 0x00, 0x00, 0x00, 0x00, 0x00, 0x20, 0x00, 0x26, 0x00, 0x46, 0x00, 0xa5, 0x00, 0xc5, 0x00,
    0x84, 0x00, 0x26, 0x00, 0xa7, 0x00, 0x48, 0x00, 0x89, 0x00, 0x89, 0x00, 0xa9, 0x00, 0x46, 0x00,
    0x08, 0x00, 0x08, 0x00, 0x28, 0x00, 0xe8, 0x00, 0x46, 0x00, 0x64, 0x00, 0xc5, 0x00, 0x87, 0x00,
    0x89, 0x00, 0x2a, 0x00, 0x4a, 0x00, 0x05, 0x00, 0x00, 0x00, 0x00, 0x00, 0x00, 0x00, 0x00, 0x00,
    0x00, 0x00, 0x00, 0x00, 0x84, 0x00, 0x89, 0x00, 0xe2, 0x00, 0x00, 0x00, 0x00, 0x00, 0x00, 0x00,
    0x00, 0x00, 0x00, 0x00, 0x00, 0x00, 0x00, 0x00, 0x00, 0x00, 0x00, 0x00, 0x00, 0x00, 0x00, 0x00,
    0x00, 0x00, 0x00, 0x00, 0x00, 0x00, 0x00, 0x00, 0x00, 0x00, 0x00, 0x00, 0x00, 0x00, 0x00, 0x00,
    0x00, 0x00, 0xa1, 0x00, 0x26, 0x00, 0x46, 0x00, 0xc7, 0x00, 0x28, 0x00, 0xc7, 0x00, 0x40, 0x00,
    0x00, 0x00, 0x00, 0x00, 0x00, 0x00, 0x00, 0x00, 0xe2, 0x00, 0x06, 0x00, 0x26, 0x00, 0xe5, 0x00,
    0x64, 0x00, 0xe5, 0x00, 0x67, 0x00, 0xc7, 0x00, 0x48, 0x00, 0xa9, 0x00, 0xa7, 0x00, 0x87, 0x00,
    0x08, 0x00, 0x46, 0x00, 0x66, 0x00, 0xa4, 0x00, 0x03, 0x00, 0x85, 0x00, 0xc5, 0x00, 0x87, 0x00,
    0x08, 0x00, 0x69, 0x00, 0x89, 0x00, 0x84, 0x00, 0x00, 0x00, 0x00, 0x00, 0x00, 0x00, 0x00, 0x00,
    0x00, 0x00, 0x00, 0x00, 0x46, 0x00, 0xa9, 0x00, 0x81, 0x00, 0x00, 0x00, 0x00, 0x00, 0x00, 0x00,
    0x00, 0x00, 0x00, 0x00, 0x00, 0x00, 0x00, 0x00, 0x00, 0x00, 0x00, 0x00, 0x00, 0x00, 0x00, 0x00,
    0x00, 0x00, 0x00, 0x00, 0x00, 0x00, 0x00, 0x00, 0x00, 0x00, 0x00, 0x00, 0x00, 0x00, 0x00, 0x00,
    0x00, 0x00, 0x00, 0x00, 0xa5, 0x00, 0x26, 0x00, 0x87, 0x00, 0xa7, 0x00, 0x08, 0x00, 0x86, 0x00,
    0xa1, 0x00, 0x00, 0x00, 0x00, 0x00, 0x00, 0x00, 0x00, 0x00, 0x61, 0x00, 0xc2, 0x00, 0x44, 0x00,
    0xe5, 0x00, 0xa5, 0x00, 0x06, 0x00, 0x87, 0x00, 0xe7, 0x00, 0x86, 0x00, 0x05, 0x00, 0xe8, 0x00,
    0x26, 0x00, 0x64, 0x00, 0xa1, 0x00, 0x00, 0x00, 0x00, 0x00, 0x64, 0x00, 0xe5, 0x00, 0x26, 0x00,
    0x66, 0x00, 0x46, 0x00, 0x46, 0x00, 0x61, 0x00, 0x00, 0x00, 0x00, 0x00, 0x00, 0x00, 0x00, 0x00,
    0x00, 0x00, 0x23, 0x00, 0xa9, 0x00, 0xc7, 0x00, 0x20, 0x00, 0x00, 0x00, 0x00, 0x00, 0x00, 0x00,
    0x00, 0x00, 0x00, 0x00, 0x00, 0x00, 0x00, 0x00, 0x00, 0x00, 0x00, 0x00, 0x00, 0x00, 0x00, 0x00,
    0x00, 0x00, 0x00, 0x00, 0x00, 0x00, 0x00, 0x00, 0x00, 0x00, 0x00, 0x00, 0x00, 0x00, 0x00, 0x00,
    0x00, 0x00, 0x00, 0x00, 0x81, 0x00, 0x06, 0x00, 0x26, 0x00, 0xa7, 0x00, 0xc7, 0x00, 0x08, 0x00,
    0xc7, 0x00, 0x64, 0x00, 0x61, 0x00, 0x00, 0x00, 0x00, 0x00, 0x00, 0x00, 0x00, 0x00, 0xc5, 0x00,
    0x06, 0x00, 0x06, 0x00, 0xc5, 0x00, 0xe5, 0x00, 0x84, 0x00, 0x23, 0x00, 0xc5, 0x00, 0x23, 0x00,
    0x61, 0x00, 0x00, 0x00, 0x00, 0x00, 0x00, 0x00, 0xa2, 0x00, 0xe5, 0x00, 0x05, 0x00, 0x46, 0x00,
    0xe5, 0x00, 0xe5, 0x00, 0xe2, 0x00, 0x00, 0x00, 0x00, 0x00, 0x00, 0x00, 0x00, 0x00, 0x00, 0x00,
    0x02, 0x00, 0xa9, 0x00, 0x48, 0x00, 0xc5, 0x00, 0x00, 0x00, 0x00, 0x00, 0x00, 0x00, 0x00, 0x00,
    0x00, 0x00, 0x00, 0x00, 0x00, 0x00, 0x00, 0x00, 0x00, 0x00, 0x00, 0x00, 0x00, 0x00, 0x00, 0x00,
    0x00, 0x00, 0x00, 0x00, 0x00, 0x00, 0x00, 0x00, 0x00, 0x00, 0x00, 0x00, 0x00, 0x00, 0x00, 0x00,
    0x00, 0x00, 0x00, 0x00, 0x00, 0x00, 0x23, 0x00, 0x06, 0x00, 0x46, 0x00, 0xc7, 0x00, 0x08, 0x00,
    0x28, 0x00, 0x87, 0x00, 0x46, 0x00, 0xa4, 0x00, 0x00, 0x00, 0x00, 0x00, 0x40, 0x00, 0x06, 0x00,
    0xa5, 0x00, 0xc5, 0x00, 0xe5, 0x00, 0x64, 0x00, 0x40, 0x00, 0x00, 0x00, 0x00, 0x00, 0x00, 0x00,
    0x00, 0x00, 0x00, 0x00, 0x00, 0x00, 0x20, 0x00, 0x84, 0x00, 0xe5, 0x00, 0x46, 0x00, 0x05, 0x00,
    0x64, 0x00, 0x61, 0x00, 0x00, 0x00, 0x00, 0x00, 0x00, 0x00, 0x00, 0x00, 0x20, 0x00, 0xc4, 0x00,
    0xa9, 0x00, 0x08, 0x00, 0x26, 0x00, 0xe2, 0x00, 0x00, 0x00, 0x00, 0x00, 0x00, 0x00, 0x00, 0x00,
    0x00, 0x00, 0x00, 0x00, 0x00, 0x00, 0x00, 0x00, 0x00, 0x00, 0x00, 0x00, 0x00, 0x00, 0x00, 0x00,
    0x00, 0x00, 0x00, 0x00, 0x00, 0x00, 0x00, 0x00, 0x00, 0x00, 0x00, 0x00, 0x00, 0x00, 0x00, 0x00,
    0x00, 0x00, 0x00, 0x00, 0x00, 0x00, 0x00, 0x00, 0x81, 0x00, 0xc2, 0x00, 0x05, 0x00, 0x46, 0x00,
    0xc7, 0x00, 0x08, 0x00, 0x87, 0x00, 0x46, 0x00, 0x43, 0x00, 0x81, 0x00, 0x81, 0x00, 0xc5, 0x00,
    0x46, 0x00, 0xa7, 0x00, 0x46, 0x00, 0xe2, 0x00, 0x00, 0x00, 0x00, 0x00, 0x00, 0x00, 0x00, 0x00,
    0x00, 0x00, 0x00, 0x00, 0x00, 0x00, 0x20, 0x00, 0xa5, 0x00, 0xc5, 0x00, 0x26, 0x00, 0xc7, 0x00,
    0xa7, 0x00, 0x40, 0x00, 0x00, 0x00, 0x00, 0x00, 0x61, 0x00, 0x63, 0x00, 0xa7, 0x00, 0x69, 0x00,
    0xc7, 0x00, 0xc5, 0x00, 0xa2, 0x00, 0x00, 0x00, 0x00, 0x00, 0x00, 0x00, 0x00, 0x00, 0x00, 0x00,
    0x00, 0x00, 0x00, 0x00, 0x00, 0x00, 0x00, 0x00, 0x00, 0x00, 0x00, 0x00, 0x00, 0x00, 0x00, 0x00,
    0x00, 0x00, 0x00, 0x00, 0x00, 0x00, 0x00, 0x00, 0x00, 0x00, 0x00, 0x00, 0x00, 0x00, 0x00, 0x00,
    0x00, 0x00, 0x00, 0x00, 0x00, 0x00, 0x00, 0x00, 0x00, 0x00, 0x00, 0x00, 0x40, 0x00, 0x44, 0x00,
    0x06, 0x00, 0x87, 0x00, 0x87, 0x00, 0x87, 0x00, 0x08, 0x00, 0xa7, 0x00, 0x84, 0x00, 0x26, 0x00,
    0x48, 0x00, 0x69, 0x00, 0xe7, 0x00, 0xe2, 0x00, 0x00, 0x00, 0x00, 0x00, 0x00, 0x00, 0x00, 0x00,
    0x00, 0x00, 0x00, 0x00, 0x00, 0x00, 0x00, 0x00, 0xa2, 0x00, 0xa5, 0x00, 0x05, 0x00, 0x28, 0x00,
    0x48, 0x00, 0x83, 0x00, 0x23, 0x00, 0x46, 0x00, 0xe8, 0x00, 0x08, 0x00, 0xc7, 0x00, 0x46, 0x00,
    0x43, 0x00, 0x40, 0x00, 0x00, 0x00, 0x00, 0x00, 0x00, 0x00, 0x00, 0x00, 0x00, 0x00, 0x00, 0x00,
    0x00, 0x00, 0x00, 0x00, 0x00, 0x00, 0x00, 0x00, 0x00, 0x00, 0x00, 0x00, 0x00, 0x00, 0x00, 0x00,
    0x00, 0x00, 0x00, 0x00, 0x00, 0x00, 0x00, 0x00, 0x00, 0x00, 0x00, 0x00, 0x00, 0x00, 0x00, 0x00,
    0x00, 0x00, 0x00, 0x00, 0x00, 0x00, 0x00, 0x00, 0x00, 0x00, 0x00, 0x00, 0x00, 0x00, 0x00, 0x00,
    0x81, 0x00, 0x44, 0x00, 0xc5, 0x00, 0xc5, 0x00, 0xe5, 0x00, 0x84, 0x00, 0x64, 0x00, 0x46, 0x00,
    0x87, 0x00, 0x28, 0x00, 0x86, 0x00, 0xa4, 0x00, 0x84, 0x00, 0xc4, 0x00, 0x25, 0x00, 0xa4, 0x00,
    0x43, 0x00, 0x23, 0x00, 0x43, 0x00, 0x43, 0x00, 0x63, 0x00, 0x84, 0x00, 0xe5, 0x00, 0x67, 0x00,
    0x08, 0x00, 0x08, 0x00, 0xc5, 0x00, 0xe5, 0x00, 0x05, 0x00, 0x84, 0x00, 0x03, 0x00, 0x41, 0x00,
    0x00, 0x00, 0x00, 0x00, 0x00, 0x00, 0x00, 0x00, 0x00, 0x00, 0x00, 0x00, 0x00, 0x00, 0x00, 0x00,
    0x00, 0x00, 0x00, 0x00, 0x00, 0x00, 0x00, 0x00, 0x00, 0x00, 0x00, 0x00, 0x00, 0x00, 0x00, 0x00,
    0x00, 0x00, 0x00, 0x00, 0x00, 0x00, 0x00, 0x00, 0x00, 0x00, 0x00, 0x00, 0x00, 0x00, 0x00, 0x00,
    0x00, 0x00, 0x00, 0x00, 0x00, 0x00, 0x00, 0x00, 0x00, 0x00, 0x00, 0x00, 0x00, 0x00, 0x00, 0x00,
    0x00, 0x00, 0x00, 0x00, 0x20, 0x00, 0x81, 0x00, 0xc2, 0x00, 0x23, 0x00, 0x26, 0x00, 0xc5, 0x00,
    0x46, 0x00, 0x66, 0x00, 0x05, 0x00, 0xa4, 0x00, 0x26, 0x00, 0xe8, 0x00, 0xe7, 0x00, 0xc7, 0x00,
    0xc7, 0x00, 0xa7, 0x00, 0x87, 0x00, 0x46, 0x00, 0x26, 0x00, 0x84, 0x00, 0xe5, 0x00, 0x06, 0x00,
    0x46, 0x00, 0x87, 0x00, 0xa6, 0x00, 0x05, 0x00, 0xc4, 0x00, 0x63, 0x00, 0x00, 0x00, 0x00, 0x00,
    0x00, 0x00, 0x00, 0x00, 0x00, 0x00, 0x00, 0x00, 0x00, 0x00, 0x00, 0x00, 0x00, 0x00, 0x00, 0x00,
    0x00, 0x00, 0x00, 0x00, 0x00, 0x00, 0x00, 0x00, 0x00, 0x00, 0x00, 0x00, 0x00, 0x00, 0x00, 0x00,
    0x00, 0x00, 0x00, 0x00, 0x00, 0x00, 0x00, 0x00, 0x00, 0x00, 0x00, 0x00, 0x00, 0x00, 0x00, 0x00,
    0x00, 0x00, 0x00, 0x00, 0x00, 0x00, 0x00, 0x00, 0x00, 0x00, 0x00, 0x00, 0x00, 0x00, 0x00, 0x00,
    0x00, 0x00, 0x00, 0x00, 0x00, 0x00, 0x00, 0x00, 0x00, 0x00, 0xa4, 0x00, 0x26, 0x00, 0x26, 0x00,
    0x08, 0x00, 0x26, 0x00, 0xa7, 0x00, 0x66, 0x00, 0x81, 0x00, 0x02, 0x00, 0x23, 0x00, 0x23, 0x00,
    0x64, 0x00, 0x43, 0x00, 0x03, 0x00, 0xc2, 0x00, 0x81, 0x00, 0x61, 0x00, 0xa5, 0x00, 0x67, 0x00,
    0x05, 0x00, 0xe7, 0x00, 0xc7, 0x00, 0x87, 0x00, 0xe8, 0x00, 0x46, 0x00, 0x64, 0x00, 0x00, 0x00,
    0x00, 0x00, 0x00, 0x00, 0x00, 0x00, 0x00, 0x00, 0x00, 0x00, 0x00, 0x00, 0x00, 0x00, 0x00, 0x00,
    0x00, 0x00, 0x00, 0x00, 0x00, 0x00, 0x00, 0x00, 0x00, 0x00, 0x00, 0x00, 0x00, 0x00, 0x00, 0x00,
    0x00, 0x00, 0x00, 0x00, 0x00, 0x00, 0x00, 0x00, 0x00, 0x00, 0x00, 0x00, 0x00, 0x00, 0x00, 0x00,
    0x00, 0x00, 0x00, 0x00, 0x00, 0x00, 0x00, 0x00, 0x00, 0x00, 0x00, 0x00, 0x00, 0x00, 0x00, 0x00,
    0x00, 0x00, 0x00, 0x00, 0x00, 0x00, 0x00, 0x00, 0x43, 0x00, 0x46, 0x00, 0x23, 0x00, 0xe5, 0x00,
    0x26, 0x00, 0xa4, 0x00, 0x26, 0x00, 0x86, 0x00, 0x60, 0x00, 0x00, 0x00, 0x00, 0x00, 0x00, 0x00,
    0x00, 0x00, 0x00, 0x00, 0x00, 0x00, 0x00, 0x00, 0x00, 0x00, 0x00, 0x00, 0x81, 0x00, 0x06, 0x00,
    0x06, 0x00, 0x05, 0x00, 0xe8, 0x00, 0x05, 0x00, 0xc5, 0x00, 0x08, 0x00, 0xc5, 0x00, 0x61, 0x00,
    0x00, 0x00, 0x00, 0x00, 0x00, 0x00, 0x00, 0x00, 0x00, 0x00, 0x00, 0x00, 0x00, 0x00, 0x00, 0x00,
    0x00, 0x00, 0x00, 0x00, 0x00, 0x00, 0x00, 0x00, 0x00, 0x00, 0x00, 0x00, 0x00, 0x00, 0x00, 0x00,
    0x00, 0x00, 0x00, 0x00, 0x00, 0x00, 0x00, 0x00, 0x00, 0x00, 0x00, 0x00, 0x00, 0x00, 0x00, 0x00,
    0x00, 0x00, 0x00, 0x00, 0x00, 0x00, 0x00, 0x00, 0x00, 0x00, 0x00, 0x00, 0x00, 0x00, 0x00, 0x00,
    0x00, 0x00, 0x00, 0x00, 0x00, 0x00, 0x00, 0x00, 0xc2, 0x00, 0xc2, 0x00, 0x40, 0x00, 0xa4, 0x00,
    0xa4, 0x00, 0x40, 0x00, 0xa2, 0x00, 0xe5, 0x00, 0x61, 0x00, 0x00, 0x00, 0x00, 0x00, 0x00, 0x00,
    0x00, 0x00, 0x00, 0x00, 0x00, 0x00, 0x00, 0x00, 0x00, 0x00, 0x00, 0x00, 0x00, 0x00, 0x40, 0x00,
    0xc2, 0x00, 0x81, 0x00, 0xe5, 0x00, 0xc4, 0x00, 0x00, 0x00, 0x02, 0x00, 0x20, 0x00, 0x00, 0x00,
    0x00, 0x00, 0x00, 0x00, 0x00, 0x00, 0x00, 0x00, 0x00, 0x00, 0x00, 0x00, 0x00, 0x00, 0x00, 0x00,
    0x00, 0x00, 0x00, 0x00, 0x00, 0x00, 0x00, 0x00, 0x00, 0x00, 0x00, 0x00, 0x00, 0x00, 0x00, 0x00,
    0x00, 0x00, 0x00, 0x00, 0x00, 0x00, 0x00, 0x00, 0x00, 0x00, 0x00, 0x00, 0x00, 0x00, 0x00, 0x00,
    0x00, 0x00, 0x00, 0x00, 0x00, 0x00, 0x00, 0x00, 0x00, 0x00, 0x00, 0x00, 0x00, 0x00, 0x00, 0x00,
    0x4f, 0x12, 0x00, 0x00, 0x00, 0x00, 0x00, 0x00, 0x00, 0x00, 0x00, 0x00, 0x00, 0x00, 0x00, 0x00,
    0x00, 0x00, 0x00, 0x00, 0x00, 0x00, 0x00, 0x00, 0x00, 0x00, 0x00, 0x00, 0x00, 0x00, 0x00, 0x00,
    0x00, 0x00, 0x00, 0x00, 0x00, 0x00, 0x00, 0x00, 0x00, 0x00, 0x00, 0x00, 0x00, 0x00, 0x00, 0x00,
    0x01, 0x7f, 0x01, 0x00, 0x00, 0x00, 0x00, 0x00, 0x00, 0x00, 0x00, 0x00, 0x00, 0x00, 0x00, 0x00,
    0x9a, 0x58, 0x00, 0x00, 0x00, 0x00, 0x00, 0x00, 0x00, 0x00, 0x00, 0x00, 0x00, 0x00, 0x00, 0x00,
    0x00, 0x00, 0x00, 0x00, 0x00, 0x00, 0x00, 0x00, 0x00, 0x00, 0x00, 0x00, 0x00, 0x00, 0x00, 0x00,
    0x00, 0x00, 0x00, 0x00, 0x00, 0x00, 0x00, 0x00, 0x00, 0x00, 0x00, 0x00, 0x00, 0x00, 0x00, 0x00,
    0x12, 0xff, 0x04, 0x00, 0x00, 0x00, 0x00, 0x00, 0x00, 0x00, 0x00, 0x00, 0x00, 0x00, 0x00, 0x00,
    0x6f, 0xef, 0x07, 0x00, 0x00, 0x09, 0x00, 0x00, 0x00, 0x00, 0x00, 0x00, 0x00, 0x00, 0x00, 0x00,
    0x00, 0x00, 0x00, 0x00, 0x00, 0x00, 0x00, 0x00, 0x00, 0x00, 0x00, 0x00, 0x00, 0x00, 0x00, 0x00,
    0x00, 0x00, 0x00, 0x00, 0x00, 0x00, 0x00, 0x00, 0x00, 0x00, 0x00, 0x00, 0x00, 0x00, 0x00, 0x00,
    0x1c, 0xfb, 0x12, 0x00, 0x00, 0x00, 0x00, 0x00, 0x00, 0x00, 0x00, 0x00, 0x00, 0x00, 0x00, 0x00,
    0x23, 0xff, 0xc5, 0x0c, 0x0b, 0xd5, 0x00, 0x00, 0x00, 0x00, 0x00, 0x00, 0x00, 0x00, 0x00, 0x00,
    0x00, 0x00, 0x00, 0x00, 0x00, 0x00, 0x00, 0x00, 0x00, 0x00, 0x00, 0x00, 0x00, 0x00, 0x00, 0x00,
    0x00, 0x00, 0x00, 0x00, 0x00, 0x00, 0x00, 0x00, 0x00, 0x00, 0x00, 0x00, 0x00, 0x00, 0x00, 0x00,
    0x0d, 0xff, 0x82, 0x00, 0x00, 0x16, 0x42, 0x00, 0x00, 0x00, 0x00, 0x00, 0x00, 0x00, 0x00, 0x00,
    0x00, 0x78, 0xff, 0xe8, 0xcf, 0xc3, 0x00, 0x00, 0x00, 0x00, 0x00, 0x00, 0x00, 0x00, 0x00, 0x00,
    0x00, 0x00, 0x00, 0x00, 0x00, 0x00, 0x00, 0x00, 0x00, 0x00, 0x00, 0x00, 0x00, 0x00, 0x00, 0x00,
    0x00, 0x00, 0x00, 0x00, 0x00, 0x00, 0x00, 0x00, 0x00, 0x00, 0x00, 0x00, 0x00, 0x00, 0x00, 0x00,
    0x00, 0xba, 0xff, 0x80, 0x05, 0x38, 0xa3, 0x00, 0x00, 0x0a, 0x2d, 0x00, 0x00, 0x0e, 0x27, 0x00,
    0x00, 0x06, 0x6f, 0xff, 0xff, 0xad, 0x00, 0x00, 0x00, 0x00, 0x00, 0x00, 0x00, 0x00, 0x00, 0x00,
    0x00, 0x00, 0x00, 0x00, 0x00, 0x00, 0x00, 0x00, 0x00, 0x00, 0x00, 0x00, 0x00, 0x00, 0x00, 0x00,
    0x00, 0x00, 0x00, 0x00, 0x00, 0x00, 0x00, 0x00, 0x00, 0x00, 0x00, 0x00, 0x00, 0x00, 0x00, 0x00,
    0x00, 0x0e, 0xe2, 0xff, 0xe9, 0xb0, 0xef, 0x03, 0x00, 0x39, 0xb5, 0x00, 0x00, 0x1d, 0xff, 0x0b,
    0x02, 0xd9, 0x08, 0x55, 0xff, 0xff, 0x5b, 0x00, 0x00, 0x00, 0x00, 0x00, 0x00, 0x00, 0x00, 0x00,
    0x00, 0x00, 0x00, 0x00, 0x00, 0x00, 0x00, 0x00, 0x00, 0x00, 0x00, 0x00, 0x00, 0x00, 0x00, 0x00,
    0x00, 0x00, 0x00, 0x00, 0x00, 0x00, 0x00, 0x00, 0x00, 0x00, 0x00, 0x00, 0x00, 0x00, 0x0c, 0x49,
    0x0a, 0x01, 0x26, 0xe6, 0xf9, 0xff, 0xfd, 0x6d, 0x00, 0x43, 0xfd, 0x07, 0x00, 0x13, 0xfd, 0xd5,
    0x52, 0xff, 0xbe, 0x00, 0x8c, 0xff, 0xff, 0x3e, 0x00, 0x2d, 0x2d, 0x00, 0x00, 0x00, 0x00, 0x00,
    0x00, 0x00, 0x00, 0x00, 0x00, 0x00, 0x00, 0x00, 0x00, 0x00, 0x00, 0x00, 0x00, 0x00, 0x00, 0x00,
    0x00, 0x00, 0x00, 0x00, 0x00, 0x00, 0x00, 0x00, 0x00, 0x00, 0x00, 0x00, 0x00, 0x00, 0x03, 0xf1,
    0xff, 0xef, 0xf5, 0xff, 0xff, 0xff, 0xff, 0xff, 0x50, 0x5e, 0xfd, 0xa2, 0x00, 0x20, 0xff, 0xff,
    0xff, 0xf7, 0xff, 0x80, 0x0a, 0xe6, 0xfb, 0xff, 0x09, 0xb2, 0x4d, 0x00, 0x00, 0x00, 0x00, 0x00,
    0x00, 0x00, 0x00, 0x00, 0x00, 0x00, 0x00, 0x00, 0x00, 0x00, 0x00, 0x00, 0x00, 0x00, 0x00, 0x00,
    0x00, 0x00, 0x00, 0x00, 0x00, 0x00, 0x00, 0x00, 0x00, 0x00, 0x00, 0x00, 0x00, 0x00, 0x00, 0x07,
    0x92, 0xe9, 0xbe, 0x61, 0x34, 0x4f, 0xca, 0xff, 0xff, 0xf9, 0xfd, 0xff, 0x9a, 0x24, 0xef, 0xfb,
    0xf9, 0xff, 0xf9, 0xff, 0x9e, 0xcf, 0xff, 0xfd, 0xe0, 0xff, 0x23, 0x00, 0x00, 0x00, 0x00, 0x00,
    0x00, 0x00, 0x00, 0x00, 0x00, 0x00, 0x00, 0x00, 0x00, 0x00, 0x00, 0x00, 0x00, 0x00, 0x00, 0x00,
    0x00, 0x00, 0x00, 0x00, 0x00, 0x00, 0x00, 0x00, 0x00, 0x00, 0x00, 0x00, 0x00, 0x00, 0x00, 0x00,
    0x00, 0x02, 0x00, 0x00, 0x00, 0x00, 0x01, 0x47, 0xf7, 0xff, 0xff, 0xfb, 0xff, 0xff, 0xf9, 0xff,
    0xff, 0xff, 0xff, 0xfb, 0xff, 0xff, 0xff, 0xfd, 0xff, 0xe8, 0x06, 0x01, 0x00, 0x00, 0x00, 0x00,
    0x00, 0x00, 0x00, 0x00, 0x00, 0x00, 0x00, 0x00, 0x00, 0x00, 0x00, 0x00, 0x00, 0x00, 0x00, 0x00,
    0x00, 0x00, 0x00, 0x00, 0x00, 0x00, 0x00, 0x00, 0x00, 0x00, 0x00, 0x00, 0x00, 0x00, 0x00, 0x00,
    0x00, 0x00, 0x00, 0x05, 0x00, 0x00, 0x04, 0x18, 0x1c, 0xa2, 0xf7, 0xfd, 0xfb, 0xfd, 0xff, 0xff,
    0xff, 0xff, 0xff, 0xff, 0xfb, 0xfd, 0xff, 0xfd, 0xfd, 0xb9, 0x97, 0x56, 0x00, 0x00, 0x00, 0x00,
    0x00, 0x00, 0x00, 0x00, 0x00, 0x00, 0x00, 0x00, 0x00, 0x00, 0x00, 0x00, 0x00, 0x00, 0x00, 0x00,
    0x00, 0x00, 0x00, 0x00, 0x00, 0x00, 0x00, 0x00, 0x00, 0x00, 0x00, 0x00, 0x00, 0x00, 0x00, 0x00,
    0x00, 0x00, 0x00, 0x5d, 0xa5, 0x20, 0x0c, 0xef, 0xc1, 0x9b, 0xef, 0xfd, 0xff, 0xff, 0xff, 0xff,
    0xff, 0xff, 0xff, 0xff, 0xff, 0xff, 0xff, 0xff, 0xff, 0xfd, 0xff, 0x5f, 0x00, 0x00, 0x00, 0x00,
    0x00, 0x00, 0x00, 0x00, 0x00, 0x00, 0x00, 0x00, 0x00, 0x00, 0x00, 0x00, 0x00, 0x00, 0x00, 0x00,
    0x00, 0x00, 0x00, 0x00, 0x00, 0x00, 0x00, 0x00, 0x00, 0x00, 0x00, 0x00, 0x00, 0x00, 0x00, 0x00,
    0x00, 0x00, 0x00, 0x06, 0xff, 0xff, 0xe0, 0xe4, 0xff, 0xff, 0xff, 0xff, 0xff, 0xff, 0xff, 0xff,
    0xff, 0xff, 0xff, 0xff, 0xff, 0xff, 0xff, 0xff, 0xff, 0xf7, 0xfb, 0x44, 0x00, 0x00, 0x00, 0x00,
    0x00, 0x00, 0x00, 0x00, 0x00, 0x00, 0x00, 0x00, 0x00, 0x00, 0x00, 0x00, 0x00, 0x00, 0x00, 0x00,
    0x00, 0x00, 0x00, 0x00, 0x00, 0x00, 0x00, 0x00, 0x00, 0x00, 0x00, 0x00, 0x00, 0x00, 0x00, 0x00,
    0x00, 0x00, 0x00, 0x00, 0x20, 0xff, 0xff, 0xff, 0xfd, 0xfb, 0xff, 0xff, 0xff, 0xff, 0xff, 0xff,
    0xff, 0xff, 0xff, 0xff, 0xff, 0xff, 0xff, 0xff, 0xff, 0xf7, 0xff, 0x23, 0x00, 0x00, 0x00, 0x00,
    0x00, 0x00, 0x00, 0x00, 0x00, 0x00, 0x00, 0x00, 0x00, 0x00, 0x00, 0x00, 0x00, 0x00, 0x00, 0x00,
    0x00, 0x00, 0x00, 0x00, 0x00, 0x00, 0x00, 0x00, 0x00, 0x00, 0x00, 0x00, 0x00, 0x00, 0x00, 0x00,
    0x00, 0x00, 0x00, 0x00, 0x00, 0x1f, 0xda, 0xff, 0xfd, 0xff, 0xff, 0xff, 0xff, 0xff, 0xff, 0xff,
    0xff, 0xff, 0xff, 0xff, 0xff, 0xff, 0xff, 0xff, 0xff, 0xfb, 0xff, 0x8c, 0x04, 0x00, 0x00, 0x00,
    0x00, 0x00, 0x00, 0x00, 0x00, 0x00, 0x00, 0x00, 0x00, 0x00, 0x00, 0x00, 0x00, 0x00, 0x00, 0x00,
    0x00, 0x00, 0x00, 0x00, 0x00, 0x00, 0x00, 0x00, 0x00, 0x00, 0x00, 0x00, 0x00, 0x00, 0x00, 0x00,
    0x00, 0x00, 0x00, 0x00, 0x00, 0x00, 0x07, 0xb2, 0xfd, 0xfb, 0xff, 0xff, 0xff, 0xff, 0xff, 0xff,
    0xff, 0xff, 0xff, 0xff, 0xff, 0xff, 0xff, 0xff, 0xff, 0xfd, 0xff, 0xe4, 0x02, 0x00, 0x00, 0x00,
    0x00, 0x00, 0x00, 0x00, 0x00, 0x00, 0x00, 0x00, 0x00, 0x00, 0x00, 0x00, 0x00, 0x00, 0x00, 0x00,
    0x00, 0x00, 0x00, 0x00, 0x00, 0x00, 0x00, 0x00, 0x00, 0x00, 0x00, 0x00, 0x00, 0x00, 0x00, 0x00,
    0x00, 0x00, 0x00, 0x00, 0x14, 0x61, 0xb0, 0xed, 0xff, 0xff, 0xff, 0xff, 0xff, 0xff, 0xff, 0xff,
    0xff, 0xff, 0xff, 0xff, 0xff, 0xff, 0xff, 0xff, 0xff, 0xfb, 0xff, 0xba, 0x00, 0x00, 0x00, 0x00,
    0x00, 0x00, 0x00, 0x00, 0x00, 0x00, 0x00, 0x00, 0x00, 0x00, 0x00, 0x00, 0x00, 0x00, 0x00, 0x00,
    0x00, 0x00, 0x00, 0x00, 0x00, 0x00, 0x00, 0x00, 0x00, 0x00, 0x00, 0x00, 0x00, 0x00, 0x00, 0x00,
    0x00, 0x00, 0x05, 0xc3, 0xff, 0xff, 0xff, 0xff, 0xff, 0xff, 0xff, 0xff, 0xff, 0xff, 0xff, 0xff,
    0xff, 0xff, 0xff, 0xff, 0xff, 0xff, 0xff, 0xff, 0xff, 0xff, 0xfb, 0xff, 0x61, 0x01, 0x00, 0x00,
    0x00, 0x11, 0x05, 0x00, 0x00, 0x00, 0x00, 0x00, 0x00, 0x00, 0x00, 0x00, 0x00, 0x00, 0x00, 0x00,
    0x00, 0x00, 0x00, 0x00, 0x00, 0x00, 0x00, 0x00, 0x00, 0x00, 0x00, 0x00, 0x00, 0x00, 0x00, 0x00,
    0x00, 0x00, 0x01, 0x3c, 0xa2, 0xed, 0xf5, 0xfd, 0xff, 0xff, 0xff, 0xff, 0xff, 0xff, 0xff, 0xff,
    0xff, 0xff, 0xff, 0xff, 0xff, 0xff, 0xff, 0xff, 0xff, 0xff, 0xfb, 0xff, 0xcc, 0x01, 0x00, 0x00,
    0x09, 0xf3, 0x07, 0x2a, 0x55, 0x00, 0x00, 0x00, 0x00, 0x00, 0x00, 0x00, 0x00, 0x00, 0x00, 0x00,
    0x00, 0x00, 0x00, 0x00, 0x00, 0x00, 0x00, 0x00, 0x00, 0x00, 0x00, 0x00, 0x00, 0x02, 0x0d, 0x00,
    0x00, 0x00, 0x00, 0x00, 0x00, 0x03, 0x6d, 0xfd, 0xfb, 0xff, 0xff, 0xff, 0xff, 0xff, 0xff, 0xff,
    0xff, 0xff, 0xff, 0xff, 0xff, 0xff, 0xff, 0xff, 0xff, 0xff, 0xfd, 0xff, 0xed, 0x04, 0x00, 0x00,
    0x91, 0xf5, 0x82, 0xff, 0x80, 0x00, 0x00, 0x00, 0x00, 0x00, 0x00, 0x00, 0x00, 0x00, 0x00, 0x00,
    0x00, 0x00, 0x00, 0x00, 0x00, 0x00, 0x00, 0x00, 0x00, 0x00, 0x19, 0x2f, 0x01, 0x00, 0xff, 0x50,
    0x00, 0x00, 0x00, 0x00, 0x00, 0x5f, 0xed, 0xfb, 0xff, 0xff, 0xff, 0xff, 0xff, 0xff, 0xff, 0xff,
    0xff, 0xff, 0xff, 0xff, 0xff, 0xff, 0xff, 0xff, 0xff, 0xff, 0xfd, 0xfb, 0xfd, 0x01, 0x1a, 0x5e,
    0xd7, 0xfd, 0xff, 0xf1, 0x1e, 0x05, 0x01, 0x00, 0x00, 0x00, 0x00, 0x00, 0x00, 0x00, 0x00, 0x00,
    0x00, 0x00, 0x00, 0x00, 0x00, 0x00, 0x00, 0x00, 0x00, 0x00, 0x19, 0xff, 0xb4, 0x2e, 0xe6, 0xff,
    0x12, 0x00, 0x00, 0x01, 0xaa, 0xff, 0xff, 0xff, 0xff, 0xff, 0xff, 0xff, 0xff, 0xff, 0xff, 0xff,
    0xff, 0xff, 0xff, 0xff, 0xff, 0xff, 0xff, 0xff, 0xff, 0xff, 0xf3, 0xff, 0x63, 0x00, 0x6b, 0xff,
    0xf3, 0xff, 0xfb, 0xef, 0xc3, 0xef, 0x06, 0x00, 0x00, 0x00, 0x00, 0x00, 0x00, 0x00, 0x00, 0x00,
    0x00, 0x00, 0x00, 0x00, 0x00, 0x00, 0x00, 0x00, 0x00, 0x01, 0x03, 0x9e, 0xff, 0xff, 0xfb, 0xfb,
    0x95, 0x00, 0x00, 0x03, 0x4a, 0x67, 0x7e, 0xf9, 0xff, 0xff, 0xff, 0xff, 0xff, 0xff, 0xff, 0xff,
    0xff, 0xff, 0xff, 0xff, 0xff, 0xff, 0xff, 0xff, 0xff, 0xf7, 0xff, 0x98, 0x01, 0x00, 0x7b, 0xfb,
    0xf9, 0xff, 0xff, 0xfb, 0xff, 0x2c, 0x00, 0x00, 0x00, 0x00, 0x00, 0x00, 0x00, 0x00, 0x00, 0x00,
    0x00, 0x00, 0x00, 0x00, 0x00, 0x00, 0x00, 0x00, 0x00, 0xb2, 0xed, 0xe8, 0xfb, 0xf7, 0xff, 0xf9,
    0xff, 0x1d, 0x00, 0x00, 0x00, 0x00, 0x0b, 0xf9, 0xf9, 0xff, 0xff, 0xff, 0xff, 0xff, 0xff, 0xff,
    0xff, 0xff, 0xff, 0xff, 0xff, 0xff, 0xff, 0xff, 0xfb, 0xff, 0x78, 0x00, 0x00, 0x00, 0x69, 0xff,
    0xf7, 0xff, 0xf9, 0xff, 0x78, 0x00, 0x00, 0x00, 0x00, 0x00, 0x00, 0x00, 0x00, 0x00, 0x00, 0x00,
    0x00, 0x00, 0x00, 0x00, 0x00, 0x00, 0x00, 0x00, 0x00, 0x2b, 0xff, 0xff, 0xfd, 0xff, 0xff, 0xf9,
    0xff, 0xa6, 0x00, 0x00, 0x00, 0x00, 0x4a, 0xff, 0xfb, 0xff, 0xff, 0xff, 0xff, 0xff, 0xff, 0xff,
    0xff, 0xff, 0xff, 0xff, 0xff, 0xff, 0xff, 0xf9, 0xff, 0x8c, 0x00, 0x00, 0x00, 0x00, 0x6b, 0xff,
    0xf7, 0xff, 0xfb, 0xf5, 0x08, 0x00, 0x00, 0x00, 0x00, 0x00, 0x00, 0x00, 0x00, 0x00, 0x00, 0x00,
    0x00, 0x00, 0x00, 0x00, 0x00, 0x00, 0x00, 0x00, 0x00, 0x00, 0x2b, 0xed, 0xf9, 0xfd, 0xff, 0xff,
    0xfd, 0xf9, 0x06, 0x00, 0x00, 0x00, 0x79, 0xc5, 0xd3, 0xff, 0xfb, 0xff, 0xff, 0xff, 0xff, 0xff,
    0xff, 0xff, 0xff, 0xff, 0xff, 0xff, 0xfd, 0xfd, 0xf1, 0x05, 0x00, 0x00, 0x00, 0x04, 0xda, 0xfd,
    0xfd, 0xf9, 0xff, 0xca, 0x00, 0x00, 0x00, 0x00, 0x00, 0x00, 0x00, 0x00, 0x00, 0x00, 0x00, 0x00,
    0x00, 0x00, 0x00, 0x00, 0x00, 0x00, 0x00, 0x00, 0x00, 0x00, 0x00, 0x2a, 0xff, 0xf3, 0xff, 0xff,
    0xfb, 0xfd, 0x9b, 0x02, 0x00, 0x00, 0x19, 0x09, 0xca, 0xfb, 0xff, 0xff, 0xff, 0xff, 0xff, 0xff,
    0xff, 0xff, 0xff, 0xff, 0xff, 0xff, 0xfb, 0xff, 0xa6, 0x00, 0x00, 0x00, 0x00, 0x97, 0xff, 0xfb,
    0xfd, 0xfb, 0xf3, 0x1c, 0x00, 0x00, 0x00, 0x00, 0x00, 0x00, 0x00, 0x00, 0x00, 0x00, 0x00, 0x00,
    0x00, 0x00, 0x00, 0x00, 0x00, 0x00, 0x00, 0x00, 0x00, 0x00, 0x00, 0x00, 0xbe, 0xff, 0xfb, 0xfb,
    0xff, 0xfb, 0xff, 0xc7, 0x18, 0x00, 0x00, 0x00, 0xb9, 0xff, 0xad, 0xff, 0xff, 0xff, 0xff, 0xff,
    0xff, 0xff, 0xff, 0xff, 0xff, 0xff, 0xf7, 0xff, 0x6f, 0x00, 0x00, 0x00, 0x54, 0xff, 0xf7, 0xff,
    0xf9, 0xfd, 0x17, 0x00, 0x00, 0x00, 0x00, 0x00, 0x00, 0x00, 0x00, 0x00, 0x00, 0x00, 0x00, 0x00,
    0x00, 0x00, 0x00, 0x00, 0x00, 0x00, 0x00, 0x00, 0x00, 0x00, 0x00, 0x00, 0x08, 0x91, 0xff, 0xff,
    0xfb, 0xff, 0xf9, 0xff, 0xff, 0x79, 0x0a, 0x00, 0x39, 0x9e, 0x05, 0xfb, 0xff, 0xfd, 0xff, 0xff,
    0xff, 0xff, 0xff, 0xff, 0xff, 0xff, 0xf7, 0xff, 0x41, 0x00, 0x00, 0x33, 0xff, 0xf7, 0xff, 0xf7,
    0xff, 0x71, 0x00, 0x00, 0x00, 0x00, 0x00, 0x00, 0x00, 0x00, 0x00, 0x00, 0x00, 0x00, 0x00, 0x00,
    0x00, 0x00, 0x00, 0x00, 0x00, 0x00, 0x00, 0x00, 0x00, 0x00, 0x00, 0x00, 0x00, 0x00, 0x0b, 0x9a,
    0xff, 0xf7, 0xff, 0xfb, 0xfb, 0xff, 0xf3, 0x55, 0x08, 0x00, 0x00, 0x6b, 0xff, 0xf7, 0xff, 0xff,
    0xff, 0xff, 0xff, 0xff, 0xff, 0xfd, 0xfd, 0xe6, 0x04, 0x08, 0x7c, 0xff, 0xfb, 0xff, 0xfd, 0xf9,
    0xf3, 0x05, 0x00, 0x00, 0x00, 0x00, 0x00, 0x00, 0x00, 0x00, 0x00, 0x00, 0x00, 0x00, 0x00, 0x00,
    0x00, 0x00, 0x00, 0x00, 0x00, 0x00, 0x00, 0x00, 0x00, 0x00, 0x00, 0x00, 0x00, 0x00, 0x00, 0x01,
    0xb0, 0xff, 0xf5, 0xff, 0xff, 0xf9, 0xff, 0xff, 0xe9, 0x66, 0x15, 0x42, 0xff, 0xf9, 0xff, 0xff,
    0xff, 0xff, 0xff, 0xff, 0xff, 0xfd, 0xff, 0xba, 0x68, 0xf9, 0xff, 0xfb, 0xff, 0xff, 0xf7, 0xff,
    0x3f, 0x00, 0x00, 0x00, 0x00, 0x00, 0x00, 0x00, 0x00, 0x00, 0x00, 0x00, 0x00, 0x00, 0x00, 0x00,
    0x00, 0x00, 0x00, 0x00, 0x00, 0x00, 0x00, 0x00, 0x00, 0x00, 0x00, 0x00, 0x00, 0x00, 0x00, 0x00,
    0x03, 0xb7, 0xff, 0xf7, 0xff, 0xff, 0xfd, 0xf9, 0xff, 0xff, 0xff, 0xfd, 0xff, 0xff, 0xff, 0xff,
    0xff, 0xff, 0xff, 0xff, 0xff, 0xff, 0xff, 0xff, 0xff, 0xff, 0xf9, 0xff, 0xff, 0xf5, 0xff, 0x6d,
    0x00, 0x00, 0x00, 0x00, 0x00, 0x00, 0x00, 0x00, 0x00, 0x00, 0x00, 0x00, 0x00, 0x00, 0x00, 0x00,
    0x00, 0x00, 0x00, 0x00, 0x00, 0x00, 0x00, 0x00, 0x00, 0x00, 0x00, 0x00, 0x00, 0x00, 0x00, 0x00,
    0x00, 0x02, 0x8f, 0xff, 0xf7, 0xfb, 0xff, 0xff, 0xfd, 0xf9, 0xfb, 0xff, 0xff, 0xff, 0xff, 0xff,
    0xff, 0xff, 0xff, 0xff, 0xff, 0xff, 0xff, 0xfd, 0xf9, 0xfd, 0xff, 0xff, 0xf9, 0xff, 0xe9, 0x01,
    0x00, 0x00, 0x00, 0x00, 0x00, 0x00, 0x00, 0x00, 0x00, 0x00, 0x00, 0x00, 0x00, 0x00, 0x00, 0x00,
    0x00, 0x00, 0x00, 0x00, 0x00, 0x00, 0x00, 0x00, 0x00, 0x00, 0x00, 0x00, 0x00, 0x00, 0x00, 0x00,
    0x00, 0x00, 0x00, 0x67, 0xff, 0xff, 0xfd, 0xfb, 0xff, 0xff, 0xff, 0xff, 0xff, 0xff, 0xff, 0xff,
    0xff, 0xff, 0xff, 0xff, 0xff, 0xff, 0xff, 0xff, 0xff, 0xff, 0xff, 0xf5, 0xff, 0x78, 0x12, 0x00,
    0x00, 0x00, 0x00, 0x00, 0x00, 0x00, 0x00, 0x00, 0x00, 0x00, 0x00, 0x00, 0x00, 0x00, 0x00, 0x00,
    0x00, 0x00, 0x00, 0x00, 0x00, 0x00, 0x00, 0x00, 0x00, 0x00, 0x00, 0x00, 0x00, 0x07, 0xad, 0x4e,
    0x07, 0x00, 0x00, 0x00, 0x58, 0xa2, 0xff, 0xff, 0xf9, 0xfd, 0xff, 0xff, 0xff, 0xff, 0xff, 0xff,
    0xff, 0xff, 0xff, 0xff, 0xff, 0xff, 0xff, 0xff, 0xff, 0xff, 0xf9, 0xff, 0x85, 0x00, 0x00, 0x00,
    0x00, 0x00, 0x00, 0x00, 0x00, 0x00, 0x1a, 0x38, 0x00, 0x00, 0x00, 0x00, 0x00, 0x00, 0x00, 0x00,
    0x00, 0x00, 0x00, 0x00, 0x00, 0x00, 0x00, 0x00, 0x00, 0x00, 0x00, 0x17, 0x41, 0x55, 0xf3, 0xff,
    0xf3, 0x44, 0x01, 0x05, 0x00, 0x00, 0x17, 0xa2, 0xff, 0xff, 0xfb, 0xff, 0xff, 0xff, 0xff, 0xff,
    0xff, 0xff, 0xff, 0xff, 0xff, 0xff, 0xff, 0xff, 0xff, 0xfb, 0xff, 0x73, 0x00, 0x00, 0x00, 0x00,
    0x00, 0x00, 0x00, 0x00, 0x00, 0x00, 0xaa, 0x71, 0x00, 0x00, 0x00, 0x00, 0x00, 0x00, 0x00, 0x00,
    0x00, 0x00, 0x00, 0x00, 0x00, 0x00, 0x00, 0x00, 0x00, 0x19, 0xc7, 0xff, 0xff, 0xff, 0xff, 0xf7,
    0xff, 0xff, 0x75, 0xce, 0x17, 0x00, 0x00, 0x00, 0x2a, 0xcf, 0xff, 0xfd, 0xff, 0xff, 0xff, 0xff,
    0xff, 0xff, 0xff, 0xff, 0xff, 0xff, 0xff, 0xff, 0xf9, 0xff, 0x63, 0x00, 0x00, 0x00, 0x00, 0x00,
    0x00, 0x00, 0x00, 0x00, 0x02, 0x6f, 0xff, 0x61, 0x00, 0x00, 0x00, 0x00, 0x00, 0x00, 0x00, 0x00,
    0x00, 0x00, 0x00, 0x00, 0x00, 0x00, 0x00, 0x00, 0x02, 0x9b, 0xa8, 0xe6, 0xf7, 0xf7, 0xff, 0xff,
    0xfd, 0xfb, 0xff, 0xff, 0xdc, 0x03, 0x00, 0x00, 0x00, 0x01, 0x43, 0xfd, 0xfb, 0xff, 0xff, 0xff,
    0xff, 0xff, 0xff, 0xff, 0xff, 0xff, 0xff, 0xff, 0xf7, 0xff, 0x44, 0x00, 0x00, 0x00, 0x00, 0x00,
    0x00, 0x00, 0x00, 0x12, 0xce, 0xff, 0xf9, 0x4c, 0x00, 0x00, 0x00, 0x00, 0x00, 0x00, 0x00, 0x00,
    0x00, 0x00, 0x00, 0x00, 0x00, 0x00, 0x00, 0x00, 0x00, 0x00, 0x2b, 0xed, 0xfb, 0xfd, 0xff, 0xff,
    0xff, 0xff, 0xfb, 0xf5, 0xff, 0x68, 0x01, 0x00, 0x00, 0x00, 0x3e, 0xff, 0xf7, 0xff, 0xff, 0xff,
    0xff, 0xff, 0xff, 0xff, 0xff, 0xff, 0xff, 0xff, 0xf7, 0xff, 0x64, 0x00, 0x00, 0x00, 0x00, 0x00,
    0x00, 0x00, 0x08, 0xed, 0xff, 0xef, 0xff, 0x11, 0x00, 0x00, 0x00, 0x00, 0x00, 0x00, 0x00, 0x00,
    0x00, 0x00, 0x00, 0x00, 0x00, 0x00, 0x00, 0x00, 0x00, 0x32, 0xff, 0xfd, 0xff, 0xff, 0xff, 0xff,
    0xff, 0xff, 0xff, 0xff, 0xfb, 0xff, 0xb2, 0x01, 0x00, 0x00, 0x97, 0xf7, 0xf7, 0xff, 0xff, 0xff,
    0xff, 0xff, 0xff, 0xff, 0xff, 0xff, 0xff, 0xff, 0xf7, 0xff, 0x64, 0x00, 0x00, 0x00, 0x00, 0x00,
    0x05, 0x0b, 0x73, 0xff, 0xef, 0xff, 0x73, 0x00, 0x00, 0x00, 0x00, 0x00, 0x00, 0x00, 0x00, 0x00,
    0x00, 0x00, 0x00, 0x00, 0x00, 0x00, 0x00, 0x00, 0x17, 0xff, 0xf9, 0xfd, 0xff, 0xff, 0xfb, 0xf9,
    0xfb, 0xff, 0xff, 0xff, 0xff, 0xfd, 0xff, 0x09, 0x00, 0x00, 0x06, 0x4f, 0xfd, 0xf9, 0xff, 0xff,
    0xff, 0xff, 0xff, 0xff, 0xff, 0xff, 0xff, 0xff, 0xf7, 0xff, 0x57, 0x00, 0x00, 0x00, 0x00, 0x00,
    0x32, 0xd1, 0xde, 0xfb, 0xfb, 0x8e, 0x01, 0x00, 0x00, 0x00, 0x00, 0x00, 0x00, 0x00, 0x00, 0x00,
    0x00, 0x00, 0x00, 0x00, 0x00, 0x00, 0x00, 0x01, 0xd9, 0xfd, 0xfb, 0xff, 0xff, 0xff, 0xff, 0xff,
    0xff, 0xfd, 0xff, 0xff, 0xff, 0xf7, 0xfd, 0x1c, 0x00, 0x00, 0x00, 0xab, 0xff, 0xfb, 0xff, 0xff,
    0xff, 0xff, 0xff, 0xff, 0xff, 0xff, 0xff, 0xff, 0xf7, 0xff, 0x3b, 0x00, 0x00, 0x00, 0x00, 0x00,
    0x50, 0xff, 0xf9, 0xf9, 0xf9, 0x2a, 0x00, 0x00, 0x00, 0x00, 0x00, 0x00, 0x00, 0x00, 0x00, 0x00,
    0x00, 0x00, 0x00, 0x00, 0x00, 0x00, 0x00, 0x44, 0xff, 0xf7, 0xff, 0xff, 0xfb, 0xff, 0x85, 0x1e,
    0xa0, 0xff, 0xfb, 0xff, 0xff, 0xf7, 0xff, 0x51, 0x00, 0x00, 0x0c, 0xff, 0xfd, 0xff, 0xff, 0xff,
    0xff, 0xff, 0xff, 0xff, 0xff, 0xff, 0xff, 0xff, 0xf9, 0xff, 0x1c, 0x00, 0x00, 0x00, 0x00, 0x00,
    0x4d, 0xfb, 0xf3, 0xff, 0xf5, 0x37, 0x00, 0x00, 0x00, 0x00, 0x00, 0x00, 0x00, 0x00, 0x00, 0x00,
    0x00, 0x00, 0x00, 0x00, 0x00, 0x00, 0x00, 0x27, 0xf3, 0xfd, 0xfd, 0xfd, 0xfd, 0xf7, 0x03, 0x00,
    0x01, 0xc3, 0xfd, 0xfb, 0xff, 0xfd, 0xf9, 0xed, 0x44, 0x00, 0x03, 0x78, 0xfd, 0xfb, 0xff, 0xff,
    0xff, 0xff, 0xff, 0xff, 0xff, 0xff, 0xff, 0xff, 0xff, 0xfb, 0x06, 0x00, 0x00, 0x00, 0x00, 0x00,
    0x1e, 0xff, 0xf9, 0xda, 0x0d, 0x00, 0x00, 0x00, 0x00, 0x00, 0x00, 0x00, 0x00, 0x00, 0x00, 0x00,
    0x00, 0x00, 0x00, 0x00, 0x00, 0x00, 0x00, 0x1b, 0xff, 0xf9, 0xff, 0xfd, 0xff, 0xab, 0x00, 0x00,
    0x00, 0x33, 0xff, 0xf7, 0xff, 0xff, 0xfd, 0xff, 0xe2, 0x37, 0x05, 0xb0, 0xff, 0xfb, 0xff, 0xff,
    0xff, 0xff, 0xff, 0xff, 0xff, 0xff, 0xff, 0xfb, 0xff, 0xb0, 0x00, 0x00, 0x00, 0x00, 0x00, 0x00,
    0x01, 0xc7, 0xff, 0x5e, 0x00, 0x00, 0x00, 0x00, 0x00, 0x00, 0x00, 0x00, 0x00, 0x00, 0x00, 0x00,
    0x00, 0x00, 0x00, 0x00, 0x00, 0x00, 0x00, 0x56, 0xff, 0xf7, 0xff, 0xfb, 0xff, 0x15, 0x00, 0x00,
    0x00, 0x05, 0xf5, 0xff, 0xfd, 0xff, 0xff, 0xfd, 0xff, 0xff, 0xca, 0xff, 0xff, 0xff, 0xff, 0xff,
    0xff, 0xff, 0xff, 0xff, 0xff, 0xff, 0xff, 0xf7, 0xff, 0x4d, 0x00, 0x00, 0x00, 0x00, 0x00, 0x00,
    0x00, 0x26, 0xff, 0x79, 0x00, 0x00, 0x00, 0x00, 0x00, 0x00, 0x00, 0x00, 0x00, 0x00, 0x00, 0x00,
    0x00, 0x00, 0x00, 0x00, 0x00, 0x00, 0x00, 0x7b, 0xff, 0xf9, 0xff, 0xf9, 0xff, 0x18, 0x00, 0x00,
    0x00, 0x00, 0x9d, 0xff, 0xf9, 0xff, 0xff, 0xff, 0xfd, 0xf9, 0xff, 0xfd, 0xff, 0xff, 0xff, 0xff,
    0xff, 0xff, 0xff, 0xff, 0xff, 0xff, 0xff, 0xf9, 0xff, 0x8c, 0x00, 0x00, 0x00, 0x00, 0x00, 0x00,
    0x00, 0x00, 0xc5, 0xdc, 0x00, 0x00, 0x00, 0x00, 0x00, 0x00, 0x00, 0x00, 0x00, 0x00, 0x00, 0x00,
    0x00, 0x00, 0x00, 0x00, 0x00, 0x00, 0x00, 0x8c, 0xfd, 0xf9, 0xff, 0xf7, 0xff, 0x46, 0x00, 0x00,
    0x00, 0x03, 0xd9, 0xff, 0xfd, 0xff, 0xff, 0xff, 0xff, 0xff, 0xfb, 0xff, 0xff, 0xff, 0xff, 0xff,
    0xff, 0xff, 0xff, 0xff, 0xff, 0xff, 0xff, 0xff, 0xfb, 0xff, 0x10, 0x00, 0x00, 0x00, 0x00, 0x00,
    0x00, 0x00, 0x4a, 0xff, 0x08, 0x00, 0x00, 0x00, 0x00, 0x00, 0x00, 0x00, 0x00, 0x00, 0x00, 0x00,
    0x00, 0x00, 0x00, 0x00, 0x00, 0x00, 0x00, 0x75, 0xff, 0xf7, 0xff, 0xfb, 0xf7, 0x82, 0x00, 0x00,
    0x00, 0x00, 0xa0, 0xff, 0xf9, 0xff, 0xff, 0xff, 0xff, 0xff, 0xff, 0xff, 0xff, 0xff, 0xff, 0xff,
    0xff, 0xff, 0xff, 0xff, 0xff, 0xff, 0xff, 0xff, 0xf9, 0xff, 0x91, 0x00, 0x00, 0x00, 0x00, 0x00,
    0x00, 0x00, 0x16, 0xfd, 0x1d, 0x00, 0x00, 0x00, 0x00, 0x00, 0x00, 0x00, 0x00, 0x00, 0x00, 0x00,
    0x00, 0x00, 0x00, 0x00, 0x00, 0x00, 0x00, 0x4d, 0x8f, 0xe0, 0xff, 0xfb, 0xf9, 0x1a, 0x00, 0x00,
    0x00, 0x00, 0x0e, 0xff, 0xfb, 0xfd, 0xff, 0xff, 0xff, 0xff, 0xff, 0xff, 0xff, 0xff, 0xff, 0xff,
    0xff, 0xff, 0xff, 0xff, 0xff, 0xff, 0xff, 0xff, 0xff, 0xfb, 0xff, 0x0b, 0x00, 0x00, 0x00, 0x00,
    0x00, 0x00, 0x4d, 0xff, 0x33, 0x00, 0x00, 0x00, 0x00, 0x00, 0x00, 0x00, 0x00, 0x00, 0x00, 0x00,
    0x00, 0x00, 0x00, 0x00, 0x00, 0x00, 0x00, 0x02, 0x06, 0xe4, 0xff, 0xf5, 0xff, 0x6c, 0x00, 0x00,
    0x00, 0x00, 0x00, 0x46, 0xfb, 0xf9, 0xff, 0xff, 0xff, 0xff, 0xff, 0xff, 0xff, 0xff, 0xff, 0xff,
    0xff, 0xff, 0xff, 0xfb, 0xfd, 0xff, 0xff, 0xff, 0xff, 0xf7, 0xff, 0x47, 0x00, 0x00, 0x00, 0x00,
    0x00, 0x00, 0xa2, 0xff, 0x3c, 0x00, 0x00, 0x00, 0x00, 0x00, 0x00, 0x00, 0x00, 0x00, 0x00, 0x00,
    0x00, 0x00, 0x00, 0x00, 0x00, 0x00, 0x00, 0x00, 0x00, 0xaa, 0xfd, 0xf9, 0xfb, 0xff, 0x13, 0x00,
    0x00, 0x00, 0x00, 0x22, 0xff, 0xf5, 0xf9, 0xff, 0xff, 0xff, 0xff, 0xff, 0xff, 0xff, 0xff, 0xff,
    0xff, 0xfb, 0xf9, 0xff, 0xff, 0xff, 0xff, 0xff, 0xff, 0xf7, 0xff, 0x75, 0x00, 0x00, 0x00, 0x00,
    0x00, 0x00, 0x86, 0xff, 0x2f, 0x00, 0x00, 0x00, 0x00, 0x00, 0x00, 0x00, 0x00, 0x00, 0x00, 0x00,
    0x00, 0x00, 0x00, 0x00, 0x00, 0x00, 0x00, 0x00, 0x00, 0x42, 0xff, 0xf7, 0xfb, 0xfd, 0xd3, 0x06,
    0x00, 0x00, 0x00, 0x01, 0x68, 0xff, 0xff, 0xff, 0xff, 0xff, 0xff, 0xff, 0xff, 0xfd, 0xfb, 0xf9,
    0xf9, 0xff, 0xff, 0xca, 0xdc, 0xff, 0xfd, 0xff, 0xff, 0xf7, 0xfb, 0x67, 0x00, 0x00, 0x00, 0x00,
    0x00, 0x01, 0xd9, 0xff, 0x1a, 0x00, 0x00, 0x00, 0x00, 0x00, 0x00, 0x00, 0x00, 0x00, 0x00, 0x00,
    0x00, 0x00, 0x00, 0x00, 0x00, 0x00, 0x00, 0x00, 0x00, 0x03, 0xed, 0xf9, 0xfd, 0xfb, 0xff, 0xcf,
    0x12, 0x00, 0x00, 0x00, 0x00, 0x1d, 0x86, 0xfd, 0xfd, 0xff, 0xff, 0xfd, 0xfb, 0xff, 0xff, 0xff,
    0xff, 0xbe, 0x32, 0x01, 0x0d, 0xff, 0xfb, 0xff, 0xfd, 0xf5, 0xff, 0x17, 0x00, 0x00, 0x00, 0x00,
    0x00, 0x52, 0xff, 0xe4, 0x04, 0x00, 0x00, 0x00, 0x00, 0x00, 0x00, 0x00, 0x00, 0x00, 0x00, 0x00,
    0x00, 0x00, 0x00, 0x00, 0x00, 0x00, 0x00, 0x00, 0x00, 0x00, 0x3c, 0xff, 0xf3, 0xfb, 0xfb, 0xff,
    0xff, 0x64, 0x0b, 0x00, 0x00, 0x00, 0x0a, 0xff, 0xfb, 0xff, 0xff, 0xff, 0xff, 0xe9, 0xc0, 0x75,
    0x20, 0x00, 0x00, 0x00, 0x4b, 0xff, 0xf9, 0xff, 0xfd, 0xff, 0x58, 0x00, 0x00, 0x00, 0x00, 0x00,
    0x37, 0xff, 0xf5, 0xeb, 0x02, 0x00, 0x00, 0x00, 0x00, 0x00, 0x00, 0x00, 0x00, 0x00, 0x00, 0x00,
    0x00, 0x00, 0x00, 0x00, 0x00, 0x00, 0x00, 0x00, 0x00, 0x00, 0x00, 0x82, 0xff, 0xff, 0xfd, 0xf7,
    0xff, 0xff, 0xff, 0xba, 0x04, 0x00, 0x11, 0xff, 0xf9, 0xfd, 0xfb, 0xef, 0x2b, 0x03, 0x00, 0x00,
    0x00, 0x00, 0x00, 0x0c, 0xff, 0xfb, 0xfd, 0xfd, 0xf1, 0x31, 0x00, 0x00, 0x00, 0x00, 0x05, 0x71,
    0xff, 0xf5, 0xff, 0x63, 0x00, 0x00, 0x00, 0x00, 0x00, 0x00, 0x00, 0x00, 0x00, 0x00, 0x00, 0x00,
    0x00, 0x00, 0x00, 0x00, 0x00, 0x00, 0x00, 0x00, 0x00, 0x00, 0x00, 0x00, 0x4c, 0x6d, 0xff, 0xff,
    0xf7, 0xf3, 0xfd, 0xfd, 0x54, 0x17, 0x51, 0xff, 0xf9, 0xf7, 0xff, 0x75, 0x00, 0x00, 0x00, 0x00,
    0x00, 0x00, 0x00, 0x0f, 0xff, 0xfb, 0xff, 0xfb, 0xf5, 0x0b, 0x00, 0x00, 0x0c, 0x58, 0xe2, 0xff,
    0xff, 0xff, 0x43, 0x00, 0x00, 0x00, 0x00, 0x00, 0x00, 0x00, 0x00, 0x00, 0x00, 0x00, 0x00, 0x00,
    0x00, 0x00, 0x00, 0x00, 0x00, 0x00, 0x00, 0x00, 0x00, 0x00, 0x00, 0x00, 0x00, 0x00, 0x18, 0xaa,
    0xff, 0xff, 0xfd, 0xf7, 0xff, 0xff, 0xff, 0xff, 0xff, 0xf7, 0xff, 0x6f, 0x00, 0x00, 0x00, 0x00,
    0x00, 0x00, 0x00, 0x00, 0x74, 0xff, 0xf9, 0xfb, 0xff, 0xaf, 0x62, 0xb7, 0xff, 0xff, 0xff, 0xff,
    0xab, 0x14, 0x00, 0x00, 0x00, 0x00, 0x00, 0x00, 0x00, 0x00, 0x00, 0x00, 0x00, 0x00, 0x00, 0x00,
    0x00, 0x00, 0x00, 0x00, 0x00, 0x00, 0x00, 0x00, 0x00, 0x00, 0x00, 0x00, 0x00, 0x00, 0x00, 0x00,
    0x25, 0xa0, 0xff, 0xff, 0xff, 0xff, 0xfb, 0xff, 0xff, 0xff, 0xff, 0xef, 0x9a, 0x92, 0xb9, 0xa8,
    0x4f, 0x55, 0x69, 0x89, 0xc0, 0xf7, 0xfb, 0xff, 0xff, 0xff, 0xff, 0xff, 0xfd, 0xd5, 0x8b, 0x24,
    0x00, 0x00, 0x00, 0x00, 0x00, 0x00, 0x00, 0x00, 0x00, 0x00, 0x00, 0x00, 0x00, 0x00, 0x00, 0x00,
    0x00, 0x00, 0x00, 0x00, 0x00, 0x00, 0x00, 0x00, 0x00, 0x00, 0x00, 0x00, 0x00, 0x00, 0x00, 0x00,
    0x00, 0x00, 0x0a, 0x2f, 0x55, 0xd5, 0xff, 0xfd, 0xff, 0xff, 0xff, 0xff, 0xff, 0xff, 0xff, 0xff,
    0xff, 0xff, 0xff, 0xff, 0xff, 0xff, 0xff, 0xff, 0xff, 0xfb, 0xf7, 0xf5, 0xfd, 0x82, 0x00, 0x00,
    0x00, 0x00, 0x00, 0x00, 0x00, 0x00, 0x00, 0x00, 0x00, 0x00, 0x00, 0x00, 0x00, 0x00, 0x00, 0x00,
    0x00, 0x00, 0x00, 0x00, 0x00, 0x00, 0x00, 0x00, 0x00, 0x00, 0x00, 0x00, 0x00, 0x00, 0x00, 0x00,
    0x00, 0x00, 0x00, 0x00, 0x04, 0xe0, 0xf7, 0xfd, 0xff, 0xf9, 0xfb, 0xfd, 0x82, 0x88, 0xb0, 0xcc,
    0xd5, 0xc3, 0xab, 0x8c, 0x5f, 0x37, 0xe8, 0xff, 0xf7, 0xf9, 0xfd, 0xff, 0xf7, 0xff, 0x79, 0x00,
    0x00, 0x00, 0x00, 0x00, 0x00, 0x00, 0x00, 0x00, 0x00, 0x00, 0x00, 0x00, 0x00, 0x00, 0x00, 0x00,
    0x00, 0x00, 0x00, 0x00, 0x00, 0x00, 0x00, 0x00, 0x00, 0x00, 0x00, 0x00, 0x00, 0x00, 0x00, 0x00,
    0x00, 0x00, 0x00, 0x00, 0x68, 0xff, 0xff, 0xff, 0xff, 0xff, 0xff, 0xff, 0x13, 0x00, 0x00, 0x00,
    0x01, 0x00, 0x00, 0x00, 0x00, 0x00, 0x36, 0xff, 0xff, 0xff, 0xff, 0xff, 0xff, 0xff, 0xf3, 0x09,
    0x00, 0x00, 0x00, 0x00, 0x00, 0x00, 0x00, 0x00, 0x00, 0x00, 0x00, 0x00, 0x00, 0x00, 0x00, 0x00,
    0x00, 0x00, 0x00, 0x00, 0x00, 0x00, 0x00, 0x00, 0x00, 0x00, 0x00, 0x00, 0x00, 0x00, 0x00, 0x00,
    0x00, 0x00, 0x00, 0x00, 0x51, 0x82, 0x74, 0xf3, 0xe9, 0x7c, 0xa8, 0xf9, 0x15, 0x00, 0x00, 0x00,
    0x00, 0x00, 0x00, 0x00, 0x00, 0x00, 0x00, 0x11, 0x49, 0x6d, 0xcc, 0xad, 0x19, 0x59, 0x0d, 0x01,
    0x00, 0x00, 0x00, 0x00, 0x00, 0x00, 0x00, 0x00, 0x00, 0x00, 0x00, 0x00, 0x00, 0x00, 0x00, 0x00,
};

const lv_image_dsc_t happy_frame_4_dsc = {
    .header.w = 64,
    .header.h = 64,
    .header.cf = LV_COLOR_FORMAT_RGB565A8,
    .data_size = 12288,
    .data = happy_frame_4_data,
};

/* Frame 5: frame_005.png */
static const uint8_t happy_frame_5_data[] = {
    0x00, 0x00, 0x00, 0x00, 0x00, 0x00, 0x00, 0x00, 0x00, 0x00, 0x00, 0x00, 0x00, 0x00, 0x00, 0x00,
    0x00, 0x00, 0x00, 0x00, 0x00, 0x00, 0x00, 0x00, 0x00, 0x00, 0x00, 0x00, 0x00, 0x00, 0x00, 0x00,
    0x00, 0x00, 0x00, 0x00, 0x00, 0x00, 0x40, 0x00, 0x00, 0x00, 0x00, 0x00, 0x00, 0x00, 0x00, 0x00,
    0x00, 0x00, 0x00, 0x00, 0x00, 0x00, 0x00, 0x00, 0x00, 0x00, 0x00, 0x00, 0x00, 0x00, 0x00, 0x00,
    0x00, 0x00, 0x00, 0x00, 0x00, 0x00, 0x00, 0x00, 0x00, 0x00, 0x00, 0x00, 0x00, 0x00, 0x00, 0x00,
    0x00, 0x00, 0x00, 0x00, 0x00, 0x00, 0x00, 0x00, 0x00, 0x00, 0x00, 0x00, 0x00, 0x00, 0x00, 0x00,
    0x00, 0x00, 0x00, 0x00, 0x00, 0x00, 0x00, 0x00, 0x00, 0x00, 0x00, 0x00, 0x00, 0x00, 0x00, 0x00,
    0x00, 0x00, 0x00, 0x00, 0x00, 0x00, 0x00, 0x00, 0x00, 0x00, 0x00, 0x00, 0x00, 0x00, 0x00, 0x00,
    0x00, 0x00, 0x00, 0x00, 0x00, 0x00, 0x00, 0x00, 0x00, 0x00, 0x00, 0x00, 0x00, 0x00, 0x00, 0x00,
    0x00, 0x00, 0x00, 0x00, 0x00, 0x00, 0x00, 0x00, 0x00, 0x00, 0x00, 0x00, 0x00, 0x00, 0x00, 0x00,
    0x00, 0x00, 0x00, 0x00, 0x40, 0x00, 0xa4, 0x00, 0x00, 0x00, 0x00, 0x00, 0x00, 0x00, 0x00, 0x00,
    0x00, 0x00, 0x00, 0x00, 0x00, 0x00, 0x00, 0x00, 0x00, 0x00, 0x00, 0x00, 0x00, 0x00, 0x00, 0x00,
    0x00, 0x00, 0x00, 0x00, 0x00, 0x00, 0x03, 0x00, 0x20, 0x00, 0x00, 0x00, 0x00, 0x00, 0x00, 0x00,
    0x00, 0x00, 0x00, 0x00, 0x00, 0x00, 0x00, 0x00, 0x00, 0x00, 0x00, 0x00, 0x00, 0x00, 0x00, 0x00,
    0x00, 0x00, 0x00, 0x00, 0x00, 0x00, 0x00, 0x00, 0x00, 0x00, 0x00, 0x00, 0x00, 0x00, 0x00, 0x00,
    0x00, 0x00, 0x00, 0x00, 0x00, 0x00, 0x00, 0x00, 0x00, 0x00, 0x00, 0x00, 0x00, 0x00, 0x00, 0x00,
    0x00, 0x00, 0x00, 0x00, 0x00, 0x00, 0x00, 0x00, 0x00, 0x00, 0x00, 0x00, 0x00, 0x00, 0x00, 0x00,
    0x00, 0x00, 0x00, 0x00, 0x00, 0x00, 0x00, 0x00, 0x00, 0x00, 0x00, 0x00, 0x00, 0x00, 0x00, 0x00,
    0x00, 0x00, 0x00, 0x00, 0x43, 0x00, 0xc8, 0x00, 0x00, 0x00, 0x00, 0x00, 0x00, 0x00, 0x00, 0x00,
    0x00, 0x00, 0x00, 0x00, 0x00, 0x00, 0x00, 0x00, 0x00, 0x00, 0x00, 0x00, 0x00, 0x00, 0x00, 0x00,
    0x00, 0x00, 0x00, 0x00, 0x02, 0x00, 0x67, 0x00, 0x00, 0x00, 0x00, 0x00, 0x00, 0x00, 0x00, 0x00,
    0x00, 0x00, 0x00, 0x00, 0x00, 0x00, 0x00, 0x00, 0x00, 0x00, 0x00, 0x00, 0x00, 0x00, 0x00, 0x00,
    0x00, 0x00, 0x00, 0x00, 0x00, 0x00, 0x00, 0x00, 0x00, 0x00, 0x00, 0x00, 0x00, 0x00, 0x00, 0x00,
    0x00, 0x00, 0x00, 0x00, 0x00, 0x00, 0x00, 0x00, 0x00, 0x00, 0x00, 0x00, 0x00, 0x00, 0x00, 0x00,
    0x00, 0x00, 0x00, 0x00, 0x00, 0x00, 0x00, 0x00, 0x00, 0x00, 0x00, 0x00, 0x00, 0x00, 0x00, 0x00,
    0x00, 0x00, 0x00, 0x00, 0x00, 0x00, 0x00, 0x00, 0x00, 0x00, 0x00, 0x00, 0x00, 0x00, 0x00, 0x00,
    0x00, 0x00, 0x00, 0x00, 0x84, 0x00, 0x8a, 0x00, 0x81, 0x00, 0x00, 0x00, 0x00, 0x00, 0x00, 0x00,
    0x00, 0x00, 0x61, 0x00, 0x20, 0x00, 0x00, 0x00, 0x00, 0x00, 0x00, 0x00, 0x00, 0x00, 0x00, 0x00,
    0x00, 0x00, 0x00, 0x00, 0xe5, 0x00, 0x08, 0x00, 0x00, 0x00, 0x00, 0x00, 0x00, 0x00, 0x00, 0x00,
    0x00, 0x00, 0x00, 0x00, 0x00, 0x00, 0x00, 0x00, 0x00, 0x00, 0x00, 0x00, 0x00, 0x00, 0x00, 0x00,
    0x00, 0x00, 0x00, 0x00, 0x00, 0x00, 0x00, 0x00, 0x00, 0x00, 0x00, 0x00, 0x00, 0x00, 0x00, 0x00,
    0x00, 0x00, 0x00, 0x00, 0x00, 0x00, 0x00, 0x00, 0x00, 0x00, 0x00, 0x00, 0x00, 0x00, 0x00, 0x00,
    0x00, 0x00, 0x00, 0x00, 0x00, 0x00, 0x00, 0x00, 0x00, 0x00, 0x00, 0x00, 0x00, 0x00, 0x00, 0x00,
    0x00, 0x00, 0x00, 0x00, 0x00, 0x00, 0x00, 0x00, 0x00, 0x00, 0x00, 0x00, 0x00, 0x00, 0x00, 0x00,
    0x00, 0x00, 0x00, 0x00, 0x03, 0x00, 0x8a, 0x00, 0x46, 0x00, 0x00, 0x00, 0x00, 0x00, 0x00, 0x00,
    0x00, 0x00, 0xc5, 0x00, 0x40, 0x00, 0x00, 0x00, 0x00, 0x00, 0x00, 0x00, 0x00, 0x00, 0x00, 0x00,
    0x00, 0x00, 0x00, 0x00, 0xc5, 0x00, 0x8a, 0x00, 0x81, 0x00, 0x00, 0x00, 0xa2, 0x00, 0x40, 0x00,
    0x00, 0x00, 0x00, 0x00, 0x00, 0x00, 0x00, 0x00, 0x00, 0x00, 0x00, 0x00, 0x00, 0x00, 0x00, 0x00,
    0x00, 0x00, 0x00, 0x00, 0x00, 0x00, 0x00, 0x00, 0x00, 0x00, 0x00, 0x00, 0x00, 0x00, 0x00, 0x00,
    0x00, 0x00, 0x00, 0x00, 0x00, 0x00, 0x00, 0x00, 0x00, 0x00, 0x00, 0x00, 0x00, 0x00, 0x00, 0x00,
    0x00, 0x00, 0x00, 0x00, 0x00, 0x00, 0x00, 0x00, 0x00, 0x00, 0x00, 0x00, 0x00, 0x00, 0x00, 0x00,
    0x00, 0x00, 0x00, 0x00, 0x00, 0x00, 0x00, 0x00, 0x00, 0x00, 0x00, 0x00, 0x00, 0x00, 0x00, 0x00,
    0x00, 0x00, 0x00, 0x00, 0x61, 0x00, 0x87, 0x00, 0xca, 0x00, 0x84, 0x00, 0x00, 0x00, 0x00, 0x00,
    0x61, 0x00, 0xe8, 0x00, 0x81, 0x00, 0x00, 0x00, 0x00, 0x00, 0x00, 0x00, 0x00, 0x00, 0x00, 0x00,
    0x00, 0x00, 0x00, 0x00, 0x44, 0x00, 0x29, 0x00, 0x66, 0x00, 0x00, 0x00, 0xe5, 0x00, 0x81, 0x00,
    0x00, 0x00, 0x00, 0x00, 0x00, 0x00, 0x00, 0x00, 0x00, 0x00, 0x00, 0x00, 0x00, 0x00, 0x00, 0x00,
    0x00, 0x00, 0x00, 0x00, 0x00, 0x00, 0x00, 0x00, 0x00, 0x00, 0x00, 0x00, 0x00, 0x00, 0x00, 0x00,
    0x00, 0x00, 0x00, 0x00, 0x00, 0x00, 0x00, 0x00, 0x00, 0x00, 0x00, 0x00, 0x00, 0x00, 0x00, 0x00,
    0x00, 0x00, 0x00, 0x00, 0x00, 0x00, 0x00, 0x00, 0x00, 0x00, 0x00, 0x00, 0x00, 0x00, 0x00, 0x00,
    0x00, 0x00, 0x00, 0x00, 0x00, 0x00, 0x00, 0x00, 0x00, 0x00, 0x00, 0x00, 0x00, 0x00, 0x40, 0x00,
    0x00, 0x00, 0x00, 0x00, 0x00, 0x00, 0xa1, 0x00, 0xa7, 0x00, 0x69, 0x00, 0xc5, 0x00, 0x20, 0x00,
    0x40, 0x00, 0x49, 0x00, 0xc5, 0x00, 0x00, 0x00, 0x00, 0x00, 0x00, 0x00, 0x00, 0x00, 0xc2, 0x00,
    0x61, 0x00, 0x00, 0x00, 0x61, 0x00, 0xe5, 0x00, 0x08, 0x00, 0xc4, 0x00, 0xe5, 0x00, 0x03, 0x00,
    0x00, 0x00, 0x00, 0x00, 0x00, 0x00, 0x00, 0x00, 0x00, 0x00, 0x00, 0x00, 0x00, 0x00, 0x00, 0x00,
    0x00, 0x00, 0x00, 0x00, 0x00, 0x00, 0x00, 0x00, 0x00, 0x00, 0x00, 0x00, 0x00, 0x00, 0x00, 0x00,
    0x00, 0x00, 0x00, 0x00, 0x00, 0x00, 0x00, 0x00, 0x00, 0x00, 0x00, 0x00, 0x00, 0x00, 0x00, 0x00,
    0x00, 0x00, 0x00, 0x00, 0x00, 0x00, 0x00, 0x00, 0x00, 0x00, 0x00, 0x00, 0x00, 0x00, 0x00, 0x00,
    0x00, 0x00, 0x00, 0x00, 0x00, 0x00, 0x00, 0x00, 0x00, 0x00, 0x00, 0x00, 0x00, 0x00, 0x84, 0x00,
    0x64, 0x00, 0x61, 0x00, 0x61, 0x00, 0xc2, 0x00, 0x64, 0x00, 0x26, 0x00, 0x29, 0x00, 0xa7, 0x00,
    0x03, 0x00, 0xa7, 0x00, 0x69, 0x00, 0x61, 0x00, 0x00, 0x00, 0x20, 0x00, 0x00, 0x00, 0x43, 0x00,
    0xe7, 0x00, 0x23, 0x00, 0x00, 0x00, 0x81, 0x00, 0xc5, 0x00, 0x46, 0x00, 0xa7, 0x00, 0x66, 0x00,
    0x00, 0x00, 0x00, 0x00, 0x20, 0x00, 0x61, 0x00, 0x00, 0x00, 0x00, 0x00, 0x00, 0x00, 0x00, 0x00,
    0x00, 0x00, 0x00, 0x00, 0x00, 0x00, 0x00, 0x00, 0x00, 0x00, 0x00, 0x00, 0x00, 0x00, 0x00, 0x00,
    0x00, 0x00, 0x00, 0x00, 0x00, 0x00, 0x00, 0x00, 0x00, 0x00, 0x00, 0x00, 0x00, 0x00, 0x00, 0x00,
    0x00, 0x00, 0x00, 0x00, 0x00, 0x00, 0x00, 0x00, 0x00, 0x00, 0x00, 0x00, 0x00, 0x00, 0x00, 0x00,
    0x00, 0x00, 0x00, 0x00, 0x00, 0x00, 0x00, 0x00, 0x00, 0x00, 0x00, 0x00, 0x00, 0x00, 0x81, 0x00,
    0x87, 0x00, 0x87, 0x00, 0x47, 0x00, 0x47, 0x00, 0x26, 0x00, 0xa5, 0x00, 0xa5, 0x00, 0x47, 0x00,
    0x26, 0x00, 0x84, 0x00, 0x8a, 0x00, 0xc8, 0x00, 0x00, 0x00, 0x02, 0x00, 0x83, 0x00, 0x00, 0x00,
    0x48, 0x00, 0x89, 0x00, 0x86, 0x00, 0xc2, 0x00, 0x81, 0x00, 0x86, 0x00, 0x05, 0x00, 0x49, 0x00,
    0xa4, 0x00, 0x00, 0x00, 0x02, 0x00, 0xc5, 0x00, 0x00, 0x00, 0x00, 0x00, 0x00, 0x00, 0x00, 0x00,
    0x00, 0x00, 0x00, 0x00, 0x00, 0x00, 0x00, 0x00, 0x00, 0x00, 0x00, 0x00, 0x00, 0x00, 0x00, 0x00,
    0x00, 0x00, 0x00, 0x00, 0x00, 0x00, 0x00, 0x00, 0x00, 0x00, 0x00, 0x00, 0x00, 0x00, 0x00, 0x00,
    0x00, 0x00, 0x00, 0x00, 0x00, 0x00, 0x00, 0x00, 0x00, 0x00, 0x00, 0x00, 0x00, 0x00, 0x00, 0x00,
    0x00, 0x00, 0x00, 0x00, 0x00, 0x00, 0x00, 0x00, 0x00, 0x00, 0x00, 0x00, 0x00, 0x00, 0x00, 0x00,
    0x61, 0x00, 0x84, 0x00, 0xc5, 0x00, 0xa5, 0x00, 0x23, 0x00, 0x03, 0x00, 0x23, 0x00, 0x23, 0x00,
    0xa5, 0x00, 0x64, 0x00, 0xe5, 0x00, 0xaa, 0x00, 0xa7, 0x00, 0xe2, 0x00, 0x68, 0x00, 0x43, 0x00,
    0xe4, 0x00, 0xa9, 0x00, 0x89, 0x00, 0x28, 0x00, 0x83, 0x00, 0x2a, 0x00, 0x48, 0x00, 0xc5, 0x00,
    0x87, 0x00, 0x23, 0x00, 0xa7, 0x00, 0xe8, 0x00, 0x00, 0x00, 0x00, 0x00, 0x00, 0x00, 0x00, 0x00,
    0x00, 0x00, 0x00, 0x00, 0x00, 0x00, 0x00, 0x00, 0x00, 0x00, 0x00, 0x00, 0x00, 0x00, 0x00, 0x00,
    0x00, 0x00, 0x00, 0x00, 0x00, 0x00, 0x00, 0x00, 0x00, 0x00, 0x00, 0x00, 0x00, 0x00, 0x00, 0x00,
    0x00, 0x00, 0x00, 0x00, 0x00, 0x00, 0x00, 0x00, 0x00, 0x00, 0x00, 0x00, 0x00, 0x00, 0x00, 0x00,
    0x00, 0x00, 0x00, 0x00, 0x00, 0x00, 0x00, 0x00, 0x00, 0x00, 0x00, 0x00, 0x00, 0x00, 0x00, 0x00,
    0x00, 0x00, 0x00, 0x00, 0x20, 0x00, 0x00, 0x00, 0x00, 0x00, 0x00, 0x00, 0x00, 0x00, 0x20, 0x00,
    0x40, 0x00, 0x23, 0x00, 0xa4, 0x00, 0x26, 0x00, 0x29, 0x00, 0xa7, 0x00, 0x05, 0x00, 0xe7, 0x00,
    0x45, 0x00, 0xc7, 0x00, 0x07, 0x00, 0x07, 0x00, 0x25, 0x00, 0xc9, 0x00, 0x6e, 0x00, 0x07, 0x00,
    0x43, 0x00, 0xa7, 0x00, 0xaa, 0x00, 0x26, 0x00, 0x00, 0x00, 0x00, 0x00, 0x00, 0x00, 0x00, 0x00,
    0x00, 0x00, 0x00, 0x00, 0x00, 0x00, 0x00, 0x00, 0x00, 0x00, 0x00, 0x00, 0x00, 0x00, 0x00, 0x00,
    0x00, 0x00, 0x00, 0x00, 0x00, 0x00, 0x00, 0x00, 0x00, 0x00, 0x00, 0x00, 0x00, 0x00, 0x00, 0x00,
    0x00, 0x00, 0x00, 0x00, 0x00, 0x00, 0x00, 0x00, 0x00, 0x00, 0x00, 0x00, 0x00, 0x00, 0x00, 0x00,
    0x00, 0x00, 0x00, 0x00, 0x00, 0x00, 0x00, 0x00, 0x00, 0x00, 0x00, 0x00, 0x00, 0x00, 0x00, 0x00,
    0x00, 0x00, 0x00, 0x00, 0x00, 0x00, 0x61, 0x00, 0x00, 0x00, 0x00, 0x00, 0x00, 0x00, 0x40, 0x00,
    0xe2, 0x00, 0x61, 0x00, 0xc2, 0x00, 0x84, 0x00, 0x05, 0x00, 0x66, 0x00, 0x07, 0x00, 0x86, 0x00,
    0xc7, 0x00, 0xa6, 0x00, 0xa6, 0x00, 0xe7, 0x00, 0x05, 0x00, 0x68, 0x00, 0x0c, 0x00, 0xec, 0x00,
    0x66, 0x00, 0x26, 0x00, 0xe8, 0x00, 0x61, 0x00, 0x00, 0x00, 0x00, 0x00, 0x00, 0x00, 0x00, 0x00,
    0x00, 0x00, 0x00, 0x00, 0x00, 0x00, 0x00, 0x00, 0x00, 0x00, 0x00, 0x00, 0x00, 0x00, 0x00, 0x00,
    0x00, 0x00, 0x00, 0x00, 0x00, 0x00, 0x00, 0x00, 0x00, 0x00, 0x00, 0x00, 0x00, 0x00, 0x00, 0x00,
    0x00, 0x00, 0x00, 0x00, 0x00, 0x00, 0x00, 0x00, 0x00, 0x00, 0x00, 0x00, 0x00, 0x00, 0x00, 0x00,
    0x00, 0x00, 0x00, 0x00, 0x00, 0x00, 0x00, 0x00, 0x00, 0x00, 0x00, 0x00, 0x00, 0x00, 0x00, 0x00,
    0x00, 0x00, 0x00, 0x00, 0x00, 0x00, 0xe4, 0x00, 0x86, 0x00, 0xa1, 0x00, 0x00, 0x00, 0x00, 0x00,
    0x02, 0x00, 0x05, 0x00, 0xa4, 0x00, 0x43, 0x00, 0x63, 0x00, 0x63, 0x00, 0xe5, 0x00, 0x2d, 0x00,
    0x89, 0x00, 0x66, 0x00, 0x45, 0x00, 0x4a, 0x00, 0x25, 0x00, 0xe6, 0x00, 0xab, 0x00, 0xab, 0x00,
    0xc6, 0x00, 0x45, 0x00, 0x05, 0x00, 0x81, 0x00, 0x00, 0x00, 0x00, 0x00, 0x00, 0x00, 0x00, 0x00,
    0x00, 0x00, 0x00, 0x00, 0x00, 0x00, 0x00, 0x00, 0x00, 0x00, 0x00, 0x00, 0x00, 0x00, 0x00, 0x00,
    0x00, 0x00, 0x00, 0x00, 0x00, 0x00, 0x00, 0x00, 0x00, 0x00, 0x00, 0x00, 0x00, 0x00, 0x00, 0x00,
    0x00, 0x00, 0x00, 0x00, 0x00, 0x00, 0x00, 0x00, 0x00, 0x00, 0x00, 0x00, 0x00, 0x00, 0x00, 0x00,
    0x00, 0x00, 0x00, 0x00, 0x00, 0x00, 0x00, 0x00, 0x00, 0x00, 0x00, 0x00, 0x00, 0x00, 0x00, 0x00,
    0x00, 0x00, 0x00, 0x00, 0x00, 0x00, 0x40, 0x00, 0x88, 0x00, 0x2a, 0x00, 0x88, 0x00, 0xc7, 0x00,
    0xc4, 0x00, 0x63, 0x00, 0xc4, 0x00, 0xa4, 0x00, 0xa4, 0x00, 0x48, 0x00, 0x43, 0x00, 0xe7, 0x00,
    0x8e, 0x00, 0x2a, 0x00, 0x25, 0x00, 0x88, 0x00, 0xac, 0x00, 0xe7, 0x00, 0x4a, 0x00, 0xcc, 0x00,
    0x48, 0x00, 0x86, 0x00, 0x88, 0x00, 0x66, 0x00, 0x83, 0x00, 0x40, 0x00, 0x00, 0x00, 0x00, 0x00,
    0x00, 0x00, 0x00, 0x00, 0x00, 0x00, 0x00, 0x00, 0x00, 0x00, 0x00, 0x00, 0x00, 0x00, 0x00, 0x00,
    0x00, 0x00, 0x00, 0x00, 0x00, 0x00, 0x00, 0x00, 0x00, 0x00, 0x00, 0x00, 0x00, 0x00, 0x00, 0x00,
    0x00, 0x00, 0x00, 0x00, 0x00, 0x00, 0x00, 0x00, 0x00, 0x00, 0x00, 0x00, 0x00, 0x00, 0x00, 0x00,
    0x00, 0x00, 0x00, 0x00, 0x00, 0x00, 0x00, 0x00, 0x00, 0x00, 0x00, 0x00, 0x00, 0x00, 0x00, 0x00,
    0x00, 0x00, 0x00, 0x00, 0x00, 0x00, 0x00, 0x00, 0xa1, 0x00, 0x28, 0x00, 0x6b, 0x00, 0x0d, 0x00,
    0x0d, 0x00, 0x8b, 0x00, 0xa9, 0x00, 0x66, 0x00, 0x43, 0x00, 0x28, 0x00, 0x4d, 0x00, 0x4b, 0x00,
    0x0c, 0x00, 0xab, 0x00, 0x4a, 0x00, 0xe6, 0x00, 0xc9, 0x00, 0x6b, 0x00, 0x0a, 0x00, 0xab, 0x00,
    0xe9, 0x00, 0xc9, 0x00, 0xab, 0x00, 0x86, 0x00, 0x27, 0x00, 0xc2, 0x00, 0x00, 0x00, 0x00, 0x00,
    0x00, 0x00, 0x00, 0x00, 0x00, 0x00, 0x00, 0x00, 0x00, 0x00, 0x00, 0x00, 0x00, 0x00, 0x00, 0x00,
    0x00, 0x00, 0x00, 0x00, 0x00, 0x00, 0x00, 0x00, 0x00, 0x00, 0x00, 0x00, 0x00, 0x00, 0x00, 0x00,
    0x00, 0x00, 0x00, 0x00, 0x00, 0x00, 0x00, 0x00, 0x00, 0x00, 0x00, 0x00, 0x00, 0x00, 0x00, 0x00,
    0x00, 0x00, 0x00, 0x00, 0x00, 0x00, 0x00, 0x00, 0x00, 0x00, 0x00, 0x00, 0x00, 0x00, 0x00, 0x00,
    0x00, 0x00, 0x00, 0x00, 0x00, 0x00, 0x00, 0x00, 0x00, 0x00, 0x61, 0x00, 0x25, 0x00, 0xa9, 0x00,
    0x8b, 0x00, 0xcc, 0x00, 0x0d, 0x00, 0xac, 0x00, 0xa9, 0x00, 0xe4, 0x00, 0xa9, 0x00, 0x4d, 0x00,
    0x8e, 0x00, 0x8e, 0x00, 0x2d, 0x00, 0xec, 0x00, 0x27, 0x00, 0xc9, 0x00, 0x4a, 0x00, 0xab, 0x00,
    0x6b, 0x00, 0xc9, 0x00, 0xc9, 0x00, 0x28, 0x00, 0x07, 0x00, 0x43, 0x00, 0x00, 0x00, 0x00, 0x00,
    0x00, 0x00, 0x00, 0x00, 0x00, 0x00, 0x00, 0x00, 0x00, 0x00, 0x00, 0x00, 0x00, 0x00, 0x00, 0x00,
    0x00, 0x00, 0x00, 0x00, 0x00, 0x00, 0x00, 0x00, 0x00, 0x00, 0x00, 0x00, 0x00, 0x00, 0x00, 0x00,
    0x00, 0x00, 0x00, 0x00, 0x00, 0x00, 0x00, 0x00, 0x00, 0x00, 0x00, 0x00, 0x00, 0x00, 0x00, 0x00,
    0x00, 0x00, 0x00, 0x00, 0x00, 0x00, 0x00, 0x00, 0x00, 0x00, 0x00, 0x00, 0x00, 0x00, 0x00, 0x00,
    0x00, 0x00, 0x00, 0x00, 0x00, 0x00, 0x00, 0x00, 0x00, 0x00, 0x00, 0x00, 0x61, 0x00, 0x83, 0x00,
    0xa6, 0x00, 0xa9, 0x00, 0xac, 0x00, 0xac, 0x00, 0x6b, 0x00, 0xea, 0x00, 0xa9, 0x00, 0x6b, 0x00,
    0xec, 0x00, 0x8e, 0x00, 0xef, 0x00, 0x10, 0x00, 0x4d, 0x00, 0x8b, 0x00, 0xab, 0x00, 0xab, 0x00,
    0x8b, 0x00, 0xa9, 0x00, 0xcc, 0x00, 0x0f, 0x00, 0x2a, 0x00, 0xe1, 0x00, 0x00, 0x00, 0x00, 0x00,
    0x00, 0x00, 0x00, 0x00, 0x00, 0x00, 0x00, 0x00, 0x00, 0x00, 0x00, 0x00, 0x00, 0x00, 0x00, 0x00,
    0x00, 0x00, 0x00, 0x00, 0x00, 0x00, 0x00, 0x00, 0x00, 0x00, 0x00, 0x00, 0x00, 0x00, 0x00, 0x00,
    0x00, 0x00, 0x00, 0x00, 0x00, 0x00, 0x00, 0x00, 0x00, 0x00, 0x00, 0x00, 0x00, 0x00, 0x00, 0x00,
    0x00, 0x00, 0x00, 0x00, 0x00, 0x00, 0x00, 0x00, 0x00, 0x00, 0x00, 0x00, 0x00, 0x00, 0x00, 0x00,
    0x00, 0x00, 0x00, 0x00, 0x00, 0x00, 0x40, 0x00, 0xe4, 0x00, 0xc7, 0x00, 0xa6, 0x00, 0x05, 0x00,
    0x63, 0x00, 0xc4, 0x00, 0xc7, 0x00, 0x4b, 0x00, 0x8b, 0x00, 0x4b, 0x00, 0x0a, 0x00, 0x4b, 0x00,
    0x48, 0x00, 0x25, 0x00, 0xe7, 0x00, 0xcc, 0x00, 0x6e, 0x00, 0x0d, 0x00, 0x4d, 0x00, 0x0c, 0x00,
    0x8b, 0x00, 0xc9, 0x00, 0x2d, 0x00, 0x2a, 0x00, 0xec, 0x00, 0x22, 0x00, 0x00, 0x00, 0x00, 0x00,
    0x00, 0x00, 0x00, 0x00, 0x00, 0x00, 0x00, 0x00, 0x00, 0x00, 0x00, 0x00, 0x00, 0x00, 0x00, 0x00,
    0x00, 0x00, 0x00, 0x00, 0x00, 0x00, 0x00, 0x00, 0x00, 0x00, 0x00, 0x00, 0x00, 0x00, 0x00, 0x00,
    0x00, 0x00, 0x00, 0x00, 0x00, 0x00, 0x00, 0x00, 0x00, 0x00, 0x00, 0x00, 0x00, 0x00, 0x00, 0x00,
    0x00, 0x00, 0x00, 0x00, 0x00, 0x00, 0x00, 0x00, 0x00, 0x00, 0x00, 0x00, 0x00, 0x00, 0x00, 0x00,
    0x00, 0x00, 0x00, 0x00, 0x23, 0x00, 0x48, 0x00, 0x2a, 0x00, 0xa9, 0x00, 0xc7, 0x00, 0x25, 0x00,
    0x02, 0x00, 0x43, 0x00, 0xc4, 0x00, 0x05, 0x00, 0xa9, 0x00, 0x2b, 0x00, 0x0a, 0x00, 0x48, 0x00,
    0x83, 0x00, 0xe8, 0x00, 0x47, 0x00, 0x25, 0x00, 0xcb, 0x00, 0x2d, 0x00, 0x0d, 0x00, 0x8e, 0x00,
    0xec, 0x00, 0xc9, 0x00, 0x6b, 0x00, 0x26, 0x00, 0xe6, 0x00, 0x22, 0x00, 0x00, 0x00, 0x00, 0x00,
    0x00, 0x00, 0x00, 0x00, 0x00, 0x00, 0x00, 0x00, 0x00, 0x00, 0x00, 0x00, 0x00, 0x00, 0x00, 0x00,
    0x00, 0x00, 0x00, 0x00, 0x00, 0x00, 0x00, 0x00, 0x00, 0x00, 0x00, 0x00, 0x00, 0x00, 0x00, 0x00,
    0x00, 0x00, 0x00, 0x00, 0x00, 0x00, 0x00, 0x00, 0x00, 0x00, 0x00, 0x00, 0x00, 0x00, 0x00, 0x00,
    0x00, 0x00, 0x00, 0x00, 0x00, 0x00, 0x00, 0x00, 0x00, 0x00, 0x00, 0x00, 0x00, 0x00, 0x00, 0x00,
    0x00, 0x00, 0x00, 0x00, 0xa1, 0x00, 0x23, 0x00, 0x63, 0x00, 0xe4, 0x00, 0xe4, 0x00, 0x86, 0x00,
    0xc7, 0x00, 0x69, 0x00, 0x28, 0x00, 0x25, 0x00, 0x05, 0x00, 0x48, 0x00, 0xc9, 0x00, 0xe4, 0x00,
    0xaa, 0x00, 0xc8, 0x00, 0x45, 0x00, 0x50, 0x00, 0x85, 0x00, 0x6e, 0x00, 0x0c, 0x00, 0x2d, 0x00,
    0x4d, 0x00, 0x8b, 0x00, 0x24, 0x00, 0x69, 0x00, 0x87, 0x00, 0x60, 0x00, 0x00, 0x00, 0x00, 0x00,
    0x00, 0x00, 0x00, 0x00, 0x00, 0x00, 0x00, 0x00, 0x00, 0x00, 0x00, 0x00, 0x00, 0x00, 0x00, 0x00,
    0x00, 0x00, 0x00, 0x00, 0x00, 0x00, 0x00, 0x00, 0x00, 0x00, 0x00, 0x00, 0x00, 0x00, 0x00, 0x00,
    0x00, 0x00, 0x00, 0x00, 0x00, 0x00, 0x00, 0x00, 0x00, 0x00, 0x00, 0x00, 0x00, 0x00, 0x00, 0x00,
    0x00, 0x00, 0x00, 0x00, 0x00, 0x00, 0x00, 0x00, 0x00, 0x00, 0x00, 0x00, 0x00, 0x00, 0x00, 0x00,
    0x00, 0x00, 0x00, 0x00, 0x00, 0x00, 0x00, 0x00, 0x00, 0x00, 0x00, 0x00, 0x63, 0x00, 0x28, 0x00,
    0x4b, 0x00, 0x0a, 0x00, 0xc9, 0x00, 0xa9, 0x00, 0x48, 0x00, 0x89, 0x00, 0xea, 0x00, 0xe4, 0x00,
    0x8d, 0x00, 0x06, 0x00, 0x00, 0x00, 0x03, 0x00, 0x84, 0x00, 0x2a, 0x00, 0x6d, 0x00, 0x2d, 0x00,
    0xec, 0x00, 0x8b, 0x00, 0x43, 0x00, 0xc3, 0x00, 0x46, 0x00, 0x24, 0x00, 0x40, 0x00, 0x00, 0x00,
    0x00, 0x00, 0x00, 0x00, 0x00, 0x00, 0x00, 0x00, 0x00, 0x00, 0x00, 0x00, 0x00, 0x00, 0x00, 0x00,
    0x40, 0x00, 0x81, 0x00, 0x00, 0x00, 0x00, 0x00, 0x00, 0x00, 0x00, 0x00, 0x00, 0x00, 0x00, 0x00,
    0x00, 0x00, 0x00, 0x00, 0x00, 0x00, 0x00, 0x00, 0x00, 0x00, 0x00, 0x00, 0x00, 0x00, 0x00, 0x00,
    0x00, 0x00, 0x00, 0x00, 0x00, 0x00, 0x00, 0x00, 0x00, 0x00, 0x00, 0x00, 0x00, 0x00, 0x00, 0x00,
    0x00, 0x00, 0x00, 0x00, 0x00, 0x00, 0x00, 0x00, 0x00, 0x00, 0x84, 0x00, 0x05, 0x00, 0x63, 0x00,
    0x05, 0x00, 0x28, 0x00, 0x68, 0x00, 0xc9, 0x00, 0x2a, 0x00, 0x8b, 0x00, 0x2d, 0x00, 0xc9, 0x00,
    0x2c, 0x00, 0xab, 0x00, 0x82, 0x00, 0x48, 0x00, 0x87, 0x00, 0x06, 0x00, 0xec, 0x00, 0x6e, 0x00,
    0x4d, 0x00, 0x8b, 0x00, 0x05, 0x00, 0xa9, 0x00, 0x87, 0x00, 0x68, 0x00, 0xa1, 0x00, 0x00, 0x00,
    0x00, 0x00, 0x00, 0x00, 0x00, 0x00, 0x00, 0x00, 0x00, 0x00, 0x00, 0x00, 0x20, 0x00, 0x00, 0x00,
    0x83, 0x00, 0xc4, 0x00, 0x00, 0x00, 0x00, 0x00, 0x00, 0x00, 0x00, 0x00, 0x00, 0x00, 0x00, 0x00,
    0x00, 0x00, 0x00, 0x00, 0x00, 0x00, 0x00, 0x00, 0x00, 0x00, 0x00, 0x00, 0x00, 0x00, 0x00, 0x00,
    0x00, 0x00, 0x00, 0x00, 0x00, 0x00, 0x00, 0x00, 0x00, 0x00, 0x00, 0x00, 0x00, 0x00, 0x00, 0x00,
    0x00, 0x00, 0x00, 0x00, 0x00, 0x00, 0x00, 0x00, 0xa4, 0x00, 0x08, 0x00, 0xe8, 0x00, 0x66, 0x00,
    0x03, 0x00, 0x22, 0x00, 0xa6, 0x00, 0x07, 0x00, 0xc9, 0x00, 0x8b, 0x00, 0xcc, 0x00, 0xaf, 0x00,
    0xcc, 0x00, 0xee, 0x00, 0xcc, 0x00, 0xec, 0x00, 0x89, 0x00, 0x09, 0x00, 0x2d, 0x00, 0x0f, 0x00,
    0xef, 0x00, 0x8e, 0x00, 0x8b, 0x00, 0x4a, 0x00, 0x25, 0x00, 0x68, 0x00, 0x22, 0x00, 0x00, 0x00,
    0x00, 0x00, 0x00, 0x00, 0x00, 0x00, 0x00, 0x00, 0x00, 0x00, 0x00, 0x00, 0x00, 0x00, 0xa1, 0x00,
    0x0a, 0x00, 0x04, 0x00, 0x00, 0x00, 0x00, 0x00, 0x00, 0x00, 0x00, 0x00, 0x00, 0x00, 0x00, 0x00,
    0x00, 0x00, 0x00, 0x00, 0x00, 0x00, 0x00, 0x00, 0x00, 0x00, 0x00, 0x00, 0x00, 0x00, 0x00, 0x00,
    0x00, 0x00, 0x00, 0x00, 0x00, 0x00, 0x00, 0x00, 0x00, 0x00, 0x00, 0x00, 0x00, 0x00, 0x00, 0x00,
    0x00, 0x00, 0x00, 0x00, 0x00, 0x00, 0x43, 0x00, 0x8a, 0x00, 0x29, 0x00, 0x67, 0x00, 0xa4, 0x00,
    0x05, 0x00, 0x86, 0x00, 0xe7, 0x00, 0x89, 0x00, 0xc9, 0x00, 0x4a, 0x00, 0x2a, 0x00, 0x68, 0x00,
    0xcc, 0x00, 0x2d, 0x00, 0xac, 0x00, 0x0c, 0x00, 0x0c, 0x00, 0x2c, 0x00, 0xec, 0x00, 0x88, 0x00,
    0x6d, 0x00, 0xae, 0x00, 0xef, 0x00, 0x4a, 0x00, 0x86, 0x00, 0x89, 0x00, 0x43, 0x00, 0x00, 0x00,
    0x00, 0x00, 0x00, 0x00, 0x00, 0x00, 0x00, 0x00, 0x00, 0x00, 0x81, 0x00, 0x45, 0x00, 0x6a, 0x00,
    0xcc, 0x00, 0x65, 0x00, 0x00, 0x00, 0x00, 0x00, 0x00, 0x00, 0x00, 0x00, 0x00, 0x00, 0x00, 0x00,
    0x00, 0x00, 0x00, 0x00, 0x00, 0x00, 0x00, 0x00, 0x00, 0x00, 0x00, 0x00, 0x00, 0x00, 0x00, 0x00,
    0x00, 0x00, 0x00, 0x00, 0x00, 0x00, 0x00, 0x00, 0x00, 0x00, 0x00, 0x00, 0x00, 0x00, 0x00, 0x00,
    0x00, 0x00, 0x00, 0x00, 0x20, 0x00, 0xe5, 0x00, 0x05, 0x00, 0x03, 0x00, 0xa2, 0x00, 0x43, 0x00,
    0xa4, 0x00, 0x66, 0x00, 0xe7, 0x00, 0x89, 0x00, 0x4b, 0x00, 0x6b, 0x00, 0x4e, 0x00, 0xed, 0x00,
    0x66, 0x00, 0x09, 0x00, 0x2d, 0x00, 0x0d, 0x00, 0x0c, 0x00, 0xec, 0x00, 0x2d, 0x00, 0x68, 0x00,
    0x4a, 0x00, 0x4d, 0x00, 0x4d, 0x00, 0x6b, 0x00, 0x25, 0x00, 0x48, 0x00, 0xa1, 0x00, 0x00, 0x00,
    0x00, 0x00, 0x00, 0x00, 0x00, 0x00, 0x20, 0x00, 0xa6, 0x00, 0x8b, 0x00, 0x6d, 0x00, 0xec, 0x00,
    0x8b, 0x00, 0x45, 0x00, 0x00, 0x00, 0x00, 0x00, 0x00, 0x00, 0x00, 0x00, 0x00, 0x00, 0x00, 0x00,
    0x00, 0x00, 0x00, 0x00, 0x00, 0x00, 0x00, 0x00, 0x00, 0x00, 0x00, 0x00, 0x00, 0x00, 0x00, 0x00,
    0x00, 0x00, 0x00, 0x00, 0x00, 0x00, 0x00, 0x00, 0x00, 0x00, 0x00, 0x00, 0x00, 0x00, 0x00, 0x00,
    0x00, 0x00, 0x00, 0x00, 0x00, 0x00, 0x00, 0x00, 0x00, 0x00, 0x00, 0x00, 0x43, 0x00, 0x46, 0x00,
    0x43, 0x00, 0x03, 0x00, 0x23, 0x00, 0x66, 0x00, 0xca, 0x00, 0x0a, 0x00, 0xed, 0x00, 0xf0, 0x00,
    0xed, 0x00, 0x43, 0x00, 0xa6, 0x00, 0xe9, 0x00, 0x8b, 0x00, 0x0c, 0x00, 0x2d, 0x00, 0x8e, 0x00,
    0x2d, 0x00, 0xec, 0x00, 0x0c, 0x00, 0x0a, 0x00, 0xc7, 0x00, 0x05, 0x00, 0x00, 0x00, 0x00, 0x00,
    0x00, 0x00, 0x00, 0x00, 0x20, 0x00, 0x48, 0x00, 0x4d, 0x00, 0xeb, 0x00, 0x8b, 0x00, 0x4a, 0x00,
    0x8b, 0x00, 0x43, 0x00, 0x00, 0x00, 0x00, 0x00, 0x00, 0x00, 0x00, 0x00, 0x00, 0x00, 0x00, 0x00,
    0x00, 0x00, 0x00, 0x00, 0x00, 0x00, 0x00, 0x00, 0x00, 0x00, 0x00, 0x00, 0x00, 0x00, 0x00, 0x00,
    0x00, 0x00, 0x00, 0x00, 0x00, 0x00, 0x00, 0x00, 0x00, 0x00, 0x00, 0x00, 0x00, 0x00, 0x00, 0x00,
    0x00, 0x00, 0x00, 0x00, 0x00, 0x00, 0x00, 0x00, 0x00, 0x00, 0x00, 0x00, 0xe5, 0x00, 0xa7, 0x00,
    0xc5, 0x00, 0x84, 0x00, 0x05, 0x00, 0x69, 0x00, 0x89, 0x00, 0x88, 0x00, 0x0a, 0x00, 0xab, 0x00,
    0xaf, 0x00, 0x0b, 0x00, 0x00, 0x00, 0xc2, 0x00, 0x63, 0x00, 0x65, 0x00, 0x68, 0x00, 0xa9, 0x00,
    0x2a, 0x00, 0x6b, 0x00, 0x2a, 0x00, 0x28, 0x00, 0xa4, 0x00, 0x40, 0x00, 0x00, 0x00, 0x00, 0x00,
    0x00, 0x00, 0x00, 0x00, 0xe4, 0x00, 0x0c, 0x00, 0x4a, 0x00, 0xa8, 0x00, 0x29, 0x00, 0xeb, 0x00,
    0xa9, 0x00, 0x20, 0x00, 0x00, 0x00, 0x00, 0x00, 0x00, 0x00, 0x00, 0x00, 0x00, 0x00, 0x00, 0x00,
    0x00, 0x00, 0x00, 0x00, 0x00, 0x00, 0x00, 0x00, 0x00, 0x00, 0x00, 0x00, 0x00, 0x00, 0x00, 0x00,
    0x00, 0x00, 0x00, 0x00, 0x00, 0x00, 0x00, 0x00, 0x00, 0x00, 0x00, 0x00, 0x00, 0x00, 0x00, 0x00,
    0x00, 0x00, 0x00, 0x00, 0x00, 0x00, 0x00, 0x00, 0x00, 0x00, 0x00, 0x00, 0x05, 0x00, 0xc8, 0x00,
    0x02, 0x00, 0x46, 0x00, 0xa4, 0x00, 0x03, 0x00, 0x63, 0x00, 0xa4, 0x00, 0xa6, 0x00, 0x88, 0x00,
    0x6b, 0x00, 0xae, 0x00, 0x08, 0x00, 0xa2, 0x00, 0x64, 0x00, 0x82, 0x00, 0x41, 0x00, 0x81, 0x00,
    0xc2, 0x00, 0xe2, 0x00, 0xa3, 0x00, 0x81, 0x00, 0x00, 0x00, 0x00, 0x00, 0x00, 0x00, 0x00, 0x00,
    0x00, 0x00, 0x20, 0x00, 0x88, 0x00, 0x8a, 0x00, 0x68, 0x00, 0x49, 0x00, 0xeb, 0x00, 0xab, 0x00,
    0x83, 0x00, 0x00, 0x00, 0x00, 0x00, 0x00, 0x00, 0x00, 0x00, 0x00, 0x00, 0x00, 0x00, 0x00, 0x00,
    0x00, 0x00, 0x00, 0x00, 0x00, 0x00, 0x00, 0x00, 0x00, 0x00, 0x00, 0x00, 0x00, 0x00, 0x00, 0x00,
    0x00, 0x00, 0x00, 0x00, 0x00, 0x00, 0x00, 0x00, 0x00, 0x00, 0x00, 0x00, 0x00, 0x00, 0x00, 0x00,
    0x00, 0x00, 0x00, 0x00, 0x00, 0x00, 0x00, 0x00, 0x00, 0x00, 0x00, 0x00, 0x84, 0x00, 0x23, 0x00,
    0x61, 0x00, 0xc8, 0x00, 0xe5, 0x00, 0xa4, 0x00, 0xc5, 0x00, 0x23, 0x00, 0x43, 0x00, 0x83, 0x00,
    0x45, 0x00, 0x88, 0x00, 0x8e, 0x00, 0x89, 0x00, 0x47, 0x00, 0x0a, 0x00, 0xa8, 0x00, 0x47, 0x00,
    0xe3, 0x00, 0xc4, 0x00, 0xc4, 0x00, 0x00, 0x00, 0x00, 0x00, 0x00, 0x00, 0x00, 0x00, 0x00, 0x00,
    0x00, 0x00, 0xe2, 0x00, 0x09, 0x00, 0xa8, 0x00, 0x2a, 0x00, 0xab, 0x00, 0x2a, 0x00, 0x04, 0x00,
    0x00, 0x00, 0x00, 0x00, 0x00, 0x00, 0x00, 0x00, 0x00, 0x00, 0x00, 0x00, 0x00, 0x00, 0x00, 0x00,
    0x00, 0x00, 0x00, 0x00, 0x00, 0x00, 0x00, 0x00, 0x00, 0x00, 0x00, 0x00, 0x00, 0x00, 0x00, 0x00,
    0x00, 0x00, 0x00, 0x00, 0x00, 0x00, 0x00, 0x00, 0x40, 0x00, 0x61, 0x00, 0x40, 0x00, 0x00, 0x00,
    0x00, 0x00, 0x00, 0x00, 0x00, 0x00, 0x81, 0x00, 0x00, 0x00, 0x00, 0x00, 0x20, 0x00, 0x00, 0x00,
    0x61, 0x00, 0xa7, 0x00, 0x26, 0x00, 0xc5, 0x00, 0x06, 0x00, 0x84, 0x00, 0xe5, 0x00, 0x84, 0x00,
    0xc4, 0x00, 0xa4, 0x00, 0x66, 0x00, 0x0d, 0x00, 0x4b, 0x00, 0xe8, 0x00, 0x09, 0x00, 0xc9, 0x00,
    0xa4, 0x00, 0xa9, 0x00, 0x61, 0x00, 0x00, 0x00, 0x00, 0x00, 0x00, 0x00, 0x00, 0x00, 0x00, 0x00,
    0x00, 0x00, 0x22, 0x00, 0x88, 0x00, 0x68, 0x00, 0x29, 0x00, 0x07, 0x00, 0x22, 0x00, 0x20, 0x00,
    0x20, 0x00, 0x00, 0x00, 0x00, 0x00, 0x00, 0x00, 0x00, 0x00, 0x00, 0x00, 0x00, 0x00, 0x00, 0x00,
    0x00, 0x00, 0x00, 0x00, 0x00, 0x00, 0x00, 0x00, 0x00, 0x00, 0x00, 0x00, 0x00, 0x00, 0x00, 0x00,
    0x00, 0x00, 0x00, 0x00, 0x00, 0x00, 0x20, 0x00, 0xa4, 0x00, 0xc9, 0x00, 0x2a, 0x00, 0x89, 0x00,
    0x45, 0x00, 0xc2, 0x00, 0x00, 0x00, 0x83, 0x00, 0x27, 0x00, 0x40, 0x00, 0x00, 0x00, 0x00, 0x00,
    0x00, 0x00, 0x46, 0x00, 0x43, 0x00, 0x64, 0x00, 0xc5, 0x00, 0x84, 0x00, 0x66, 0x00, 0x04, 0x00,
    0x45, 0x00, 0xc7, 0x00, 0x66, 0x00, 0x05, 0x00, 0xc9, 0x00, 0x8b, 0x00, 0xea, 0x00, 0x69, 0x00,
    0xe9, 0x00, 0x45, 0x00, 0x00, 0x00, 0x00, 0x00, 0x00, 0x00, 0x00, 0x00, 0x00, 0x00, 0x00, 0x00,
    0x00, 0x00, 0xc1, 0x00, 0x27, 0x00, 0xa8, 0x00, 0xc7, 0x00, 0x45, 0x00, 0xc6, 0x00, 0x05, 0x00,
    0x20, 0x00, 0x00, 0x00, 0x00, 0x00, 0x00, 0x00, 0x00, 0x00, 0x00, 0x00, 0x00, 0x00, 0x00, 0x00,
    0x00, 0x00, 0x00, 0x00, 0x00, 0x00, 0x00, 0x00, 0x00, 0x00, 0x00, 0x00, 0x00, 0x00, 0x00, 0x00,
    0x00, 0x00, 0x00, 0x00, 0x00, 0x00, 0x00, 0x00, 0x00, 0x00, 0x43, 0x00, 0x48, 0x00, 0xe9, 0x00,
    0xe9, 0x00, 0x68, 0x00, 0x24, 0x00, 0x02, 0x00, 0x8b, 0x00, 0x2a, 0x00, 0x81, 0x00, 0x00, 0x00,
    0x00, 0x00, 0xe2, 0x00, 0x20, 0x00, 0xa2, 0x00, 0xa4, 0x00, 0x84, 0x00, 0xc7, 0x00, 0xa6, 0x00,
    0xe4, 0x00, 0xa6, 0x00, 0xaa, 0x00, 0x89, 0x00, 0x05, 0x00, 0xc4, 0x00, 0x86, 0x00, 0x45, 0x00,
    0x63, 0x00, 0x00, 0x00, 0x00, 0x00, 0x00, 0x00, 0x00, 0x00, 0x00, 0x00, 0x00, 0x00, 0x63, 0x00,
    0x02, 0x00, 0x00, 0x00, 0x27, 0x00, 0x68, 0x00, 0x25, 0x00, 0xc6, 0x00, 0xa4, 0x00, 0x20, 0x00,
    0x00, 0x00, 0x00, 0x00, 0x00, 0x00, 0x00, 0x00, 0x00, 0x00, 0x00, 0x00, 0x00, 0x00, 0x00, 0x00,
    0x00, 0x00, 0x00, 0x00, 0x00, 0x00, 0x00, 0x00, 0x00, 0x00, 0x00, 0x00, 0x00, 0x00, 0x00, 0x00,
    0x00, 0x00, 0x00, 0x00, 0xa1, 0x00, 0x66, 0x00, 0xa9, 0x00, 0x48, 0x00, 0xe4, 0x00, 0x45, 0x00,
    0x07, 0x00, 0x68, 0x00, 0x68, 0x00, 0xe4, 0x00, 0xc6, 0x00, 0xcb, 0x00, 0x88, 0x00, 0x20, 0x00,
    0x00, 0x00, 0x00, 0x00, 0x00, 0x00, 0x00, 0x00, 0xc2, 0x00, 0xc4, 0x00, 0xa6, 0x00, 0x28, 0x00,
    0xc6, 0x00, 0x07, 0x00, 0xea, 0x00, 0xca, 0x00, 0xaa, 0x00, 0xa7, 0x00, 0xc4, 0x00, 0xc1, 0x00,
    0x00, 0x00, 0x00, 0x00, 0x00, 0x00, 0x00, 0x00, 0x00, 0x00, 0x00, 0x00, 0x00, 0x00, 0xc4, 0x00,
    0x27, 0x00, 0x00, 0x00, 0x07, 0x00, 0xc4, 0x00, 0x60, 0x00, 0x00, 0x00, 0x00, 0x00, 0x00, 0x00,
    0x00, 0x00, 0x00, 0x00, 0x00, 0x00, 0x00, 0x00, 0x00, 0x00, 0x00, 0x00, 0x00, 0x00, 0x00, 0x00,
    0x00, 0x00, 0x00, 0x00, 0x00, 0x00, 0x00, 0x00, 0x00, 0x00, 0x00, 0x00, 0x00, 0x00, 0x00, 0x00,
    0x00, 0x00, 0x66, 0x00, 0x8b, 0x00, 0xcb, 0x00, 0x0a, 0x00, 0xe7, 0x00, 0x68, 0x00, 0x8b, 0x00,
    0xec, 0x00, 0xec, 0x00, 0x4d, 0x00, 0xcc, 0x00, 0x68, 0x00, 0xa6, 0x00, 0x67, 0x00, 0x04, 0x00,
    0xe2, 0x00, 0xa1, 0x00, 0x00, 0x00, 0x00, 0x00, 0xa1, 0x00, 0xe5, 0x00, 0xa6, 0x00, 0x48, 0x00,
    0xa9, 0x00, 0xea, 0x00, 0x4e, 0x00, 0x8c, 0x00, 0xc9, 0x00, 0x68, 0x00, 0x07, 0x00, 0x66, 0x00,
    0x60, 0x00, 0x00, 0x00, 0x00, 0x00, 0x00, 0x00, 0x00, 0x00, 0x00, 0x00, 0x00, 0x00, 0x63, 0x00,
    0xa9, 0x00, 0x63, 0x00, 0xc6, 0x00, 0x00, 0x00, 0x00, 0x00, 0x00, 0x00, 0x00, 0x00, 0x00, 0x00,
    0x00, 0x00, 0x00, 0x00, 0x00, 0x00, 0x00, 0x00, 0x00, 0x00, 0x00, 0x00, 0x00, 0x00, 0x00, 0x00,
    0x00, 0x00, 0x00, 0x00, 0x00, 0x00, 0x00, 0x00, 0x00, 0x00, 0x00, 0x00, 0x00, 0x00, 0x40, 0x00,
    0xe7, 0x00, 0xea, 0x00, 0x07, 0x00, 0xa6, 0x00, 0xc6, 0x00, 0x2b, 0x00, 0xec, 0x00, 0x8b, 0x00,
    0x0c, 0x00, 0x0d, 0x00, 0x2d, 0x00, 0x0c, 0x00, 0xcb, 0x00, 0xc9, 0x00, 0xe6, 0x00, 0xa6, 0x00,
    0x45, 0x00, 0xa6, 0x00, 0x00, 0x00, 0x00, 0x00, 0x02, 0x00, 0xa4, 0x00, 0x86, 0x00, 0x07, 0x00,
    0xe9, 0x00, 0x27, 0x00, 0xed, 0x00, 0xd0, 0x00, 0x8f, 0x00, 0xcc, 0x00, 0xa9, 0x00, 0xa9, 0x00,
    0xc4, 0x00, 0x00, 0x00, 0x00, 0x00, 0x00, 0x00, 0x00, 0x00, 0x00, 0x00, 0x00, 0x00, 0x81, 0x00,
    0x48, 0x00, 0xa6, 0x00, 0xa6, 0x00, 0x00, 0x00, 0x00, 0x00, 0x00, 0x00, 0x00, 0x00, 0x00, 0x00,
    0x00, 0x00, 0x00, 0x00, 0x00, 0x00, 0x00, 0x00, 0x00, 0x00, 0x00, 0x00, 0x00, 0x00, 0x00, 0x00,
    0x00, 0x00, 0x00, 0x00, 0x00, 0x00, 0x00, 0x00, 0x00, 0x00, 0x00, 0x00, 0x00, 0x00, 0x40, 0x00,
    0xa1, 0x00, 0x81, 0x00, 0xe4, 0x00, 0x28, 0x00, 0x4b, 0x00, 0xcc, 0x00, 0x4b, 0x00, 0x8b, 0x00,
    0xec, 0x00, 0x2d, 0x00, 0x4d, 0x00, 0x4d, 0x00, 0xec, 0x00, 0xab, 0x00, 0x6a, 0x00, 0xa6, 0x00,
    0x04, 0x00, 0xa9, 0x00, 0x45, 0x00, 0x00, 0x00, 0x20, 0x00, 0x84, 0x00, 0x66, 0x00, 0x27, 0x00,
    0xc9, 0x00, 0x27, 0x00, 0xea, 0x00, 0x6e, 0x00, 0xaf, 0x00, 0xf0, 0x00, 0x6f, 0x00, 0xcd, 0x00,
    0x27, 0x00, 0xc1, 0x00, 0x00, 0x00, 0x00, 0x00, 0x00, 0x00, 0x00, 0x00, 0x00, 0x00, 0x00, 0x00,
    0xc4, 0x00, 0x07, 0x00, 0xe7, 0x00, 0x00, 0x00, 0x00, 0x00, 0x00, 0x00, 0x00, 0x00, 0x00, 0x00,
    0x00, 0x00, 0x00, 0x00, 0x00, 0x00, 0x00, 0x00, 0x00, 0x00, 0x00, 0x00, 0x00, 0x00, 0x00, 0x00,
    0x00, 0x00, 0x00, 0x00, 0x00, 0x00, 0x00, 0x00, 0x00, 0x00, 0x00, 0x00, 0x00, 0x00, 0x00, 0x00,
    0x02, 0x00, 0x86, 0x00, 0xa9, 0x00, 0x0a, 0x00, 0x2b, 0x00, 0x2b, 0x00, 0x6b, 0x00, 0xcd, 0x00,
    0x8c, 0x00, 0x4b, 0x00, 0x4b, 0x00, 0xac, 0x00, 0xac, 0x00, 0x6b, 0x00, 0xab, 0x00, 0x4a, 0x00,
    0x86, 0x00, 0xa6, 0x00, 0x27, 0x00, 0x83, 0x00, 0xa1, 0x00, 0x66, 0x00, 0xa6, 0x00, 0x68, 0x00,
    0x09, 0x00, 0xe9, 0x00, 0x4b, 0x00, 0x11, 0x00, 0x8f, 0x00, 0xb0, 0x00, 0xf1, 0x00, 0xd0, 0x00,
    0x0a, 0x00, 0x65, 0x00, 0x20, 0x00, 0x00, 0x00, 0x00, 0x00, 0x00, 0x00, 0x00, 0x00, 0x00, 0x00,
    0x00, 0x00, 0x83, 0x00, 0x68, 0x00, 0xa1, 0x00, 0x00, 0x00, 0x20, 0x00, 0x43, 0x00, 0x00, 0x00,
    0x00, 0x00, 0x00, 0x00, 0x00, 0x00, 0x00, 0x00, 0x00, 0x00, 0x00, 0x00, 0x00, 0x00, 0x00, 0x00,
    0x00, 0x00, 0x00, 0x00, 0x00, 0x00, 0x00, 0x00, 0x00, 0x00, 0x00, 0x00, 0x00, 0x00, 0xc4, 0x00,
    0x28, 0x00, 0x28, 0x00, 0xca, 0x00, 0xea, 0x00, 0x8c, 0x00, 0x2b, 0x00, 0x89, 0x00, 0x28, 0x00,
    0xe7, 0x00, 0xe7, 0x00, 0x86, 0x00, 0x48, 0x00, 0x0a, 0x00, 0x6b, 0x00, 0x8b, 0x00, 0x0a, 0x00,
    0xa9, 0x00, 0x65, 0x00, 0xe4, 0x00, 0xc4, 0x00, 0x05, 0x00, 0xe7, 0x00, 0x27, 0x00, 0xc9, 0x00,
    0x4a, 0x00, 0x2a, 0x00, 0xa9, 0x00, 0x52, 0x00, 0x93, 0x00, 0x52, 0x00, 0xf1, 0x00, 0x8f, 0x00,
    0xcd, 0x00, 0x2a, 0x00, 0xc1, 0x00, 0x00, 0x00, 0x00, 0x00, 0x00, 0x00, 0x00, 0x00, 0x20, 0x00,
    0x00, 0x00, 0x00, 0x00, 0x25, 0x00, 0xa6, 0x00, 0x00, 0x00, 0x81, 0x00, 0x07, 0x00, 0xc2, 0x00,
    0x00, 0x00, 0x00, 0x00, 0x00, 0x00, 0x00, 0x00, 0x00, 0x00, 0x00, 0x00, 0x00, 0x00, 0x00, 0x00,
    0x00, 0x00, 0x00, 0x00, 0x00, 0x00, 0x00, 0x00, 0x00, 0x00, 0x00, 0x00, 0x84, 0x00, 0x89, 0x00,
    0x86, 0x00, 0xa9, 0x00, 0xea, 0x00, 0x6c, 0x00, 0xca, 0x00, 0x86, 0x00, 0x46, 0x00, 0xe5, 0x00,
    0xe5, 0x00, 0xe5, 0x00, 0x84, 0x00, 0x46, 0x00, 0x2b, 0x00, 0x6b, 0x00, 0x0a, 0x00, 0xc9, 0x00,
    0x68, 0x00, 0xa6, 0x00, 0x25, 0x00, 0xe4, 0x00, 0xc7, 0x00, 0x68, 0x00, 0x0a, 0x00, 0x4a, 0x00,
    0xab, 0x00, 0xe9, 0x00, 0x27, 0x00, 0xd0, 0x00, 0x52, 0x00, 0x73, 0x00, 0x73, 0x00, 0xd0, 0x00,
    0xb0, 0x00, 0x2d, 0x00, 0x25, 0x00, 0x20, 0x00, 0x00, 0x00, 0x00, 0x00, 0x00, 0x00, 0x20, 0x00,
    0x05, 0x00, 0xc2, 0x00, 0x00, 0x00, 0xe7, 0x00, 0x83, 0x00, 0xe2, 0x00, 0x68, 0x00, 0x66, 0x00,
    0x00, 0x00, 0x00, 0x00, 0x00, 0x00, 0x00, 0x00, 0x00, 0x00, 0x00, 0x00, 0x00, 0x00, 0x00, 0x00,
    0x00, 0x00, 0x00, 0x00, 0x00, 0x00, 0x00, 0x00, 0x00, 0x00, 0xa1, 0x00, 0xa7, 0x00, 0xa4, 0x00,
    0xc7, 0x00, 0xaa, 0x00, 0x4c, 0x00, 0xaa, 0x00, 0x46, 0x00, 0xa7, 0x00, 0x09, 0x00, 0x87, 0x00,
    0x87, 0x00, 0x87, 0x00, 0x26, 0x00, 0xc4, 0x00, 0x86, 0x00, 0xa9, 0x00, 0x68, 0x00, 0x89, 0x00,
    0xca, 0x00, 0x07, 0x00, 0x66, 0x00, 0xa6, 0x00, 0x89, 0x00, 0x68, 0x00, 0x8b, 0x00, 0xac, 0x00,
    0xab, 0x00, 0x0a, 0x00, 0x45, 0x00, 0x8c, 0x00, 0xd0, 0x00, 0x11, 0x00, 0x52, 0x00, 0x32, 0x00,
    0xd0, 0x00, 0x6e, 0x00, 0xa6, 0x00, 0xa1, 0x00, 0x00, 0x00, 0x00, 0x00, 0x00, 0x00, 0x00, 0x00,
    0xa3, 0x00, 0xa9, 0x00, 0x25, 0x00, 0x43, 0x00, 0x48, 0x00, 0x46, 0x00, 0xc7, 0x00, 0x68, 0x00,
    0x81, 0x00, 0x00, 0x00, 0x00, 0x00, 0x00, 0x00, 0x00, 0x00, 0x00, 0x00, 0x00, 0x00, 0x00, 0x00,
    0x00, 0x00, 0x00, 0x00, 0x00, 0x00, 0x00, 0x00, 0x00, 0x00, 0x61, 0x00, 0x40, 0x00, 0x05, 0x00,
    0xca, 0x00, 0xaa, 0x00, 0xca, 0x00, 0x46, 0x00, 0xe8, 0x00, 0x08, 0x00, 0x05, 0x00, 0x84, 0x00,
    0x23, 0x00, 0xc2, 0x00, 0x84, 0x00, 0x66, 0x00, 0x86, 0x00, 0xa6, 0x00, 0x28, 0x00, 0x0a, 0x00,
    0xea, 0x00, 0x28, 0x00, 0xc7, 0x00, 0xe7, 0x00, 0x68, 0x00, 0xc9, 0x00, 0x4b, 0x00, 0xec, 0x00,
    0x2a, 0x00, 0xe9, 0x00, 0x65, 0x00, 0x6b, 0x00, 0x0d, 0x00, 0x0d, 0x00, 0xf1, 0x00, 0xf1, 0x00,
    0xaf, 0x00, 0x8c, 0x00, 0x45, 0x00, 0x83, 0x00, 0x00, 0x00, 0x00, 0x00, 0x00, 0x00, 0x00, 0x00,
    0x00, 0x00, 0xc6, 0x00, 0x2a, 0x00, 0x68, 0x00, 0x66, 0x00, 0x89, 0x00, 0x25, 0x00, 0x48, 0x00,
    0x83, 0x00, 0x00, 0x00, 0x00, 0x00, 0x00, 0x00, 0x00, 0x00, 0x00, 0x00, 0x00, 0x00, 0x00, 0x00,
    0x00, 0x00, 0x00, 0x00, 0x00, 0x00, 0x00, 0x00, 0x00, 0x00, 0x00, 0x00, 0x23, 0x00, 0xc7, 0x00,
    0xaa, 0x00, 0x8a, 0x00, 0x87, 0x00, 0x46, 0x00, 0x87, 0x00, 0x26, 0x00, 0xc5, 0x00, 0x23, 0x00,
    0x20, 0x00, 0x00, 0x00, 0x00, 0x00, 0xa4, 0x00, 0x08, 0x00, 0xa7, 0x00, 0xc7, 0x00, 0x48, 0x00,
    0x28, 0x00, 0x28, 0x00, 0x86, 0x00, 0x28, 0x00, 0x89, 0x00, 0x4b, 0x00, 0x0a, 0x00, 0x8b, 0x00,
    0x0a, 0x00, 0x48, 0x00, 0x86, 0x00, 0x0d, 0x00, 0xf1, 0x00, 0x0d, 0x00, 0x0d, 0x00, 0x11, 0x00,
    0x6b, 0x00, 0x0a, 0x00, 0x66, 0x00, 0xc4, 0x00, 0x00, 0x00, 0x00, 0x00, 0x00, 0x00, 0x00, 0x00,
    0x00, 0x00, 0x40, 0x00, 0x86, 0x00, 0xc9, 0x00, 0x68, 0x00, 0xe7, 0x00, 0x28, 0x00, 0xa6, 0x00,
    0xa4, 0x00, 0x00, 0x00, 0x00, 0x00, 0x00, 0x00, 0x00, 0x00, 0x00, 0x00, 0x00, 0x00, 0x00, 0x00,
    0x00, 0x00, 0x00, 0x00, 0x00, 0x00, 0x00, 0x00, 0x00, 0x00, 0x61, 0x00, 0x87, 0x00, 0x46, 0x00,
    0x69, 0x00, 0xa7, 0x00, 0x26, 0x00, 0xc8, 0x00, 0x87, 0x00, 0x06, 0x00, 0x84, 0x00, 0x20, 0x00,
    0x00, 0x00, 0x00, 0x00, 0x00, 0x00, 0x61, 0x00, 0xc7, 0x00, 0x28, 0x00, 0xc7, 0x00, 0x28, 0x00,
    0xe7, 0x00, 0xa7, 0x00, 0x25, 0x00, 0x48, 0x00, 0x48, 0x00, 0xa9, 0x00, 0xa9, 0x00, 0x4b, 0x00,
    0x4b, 0x00, 0x45, 0x00, 0xa6, 0x00, 0x6f, 0x00, 0x8f, 0x00, 0x6f, 0x00, 0x2e, 0x00, 0xcc, 0x00,
    0x6b, 0x00, 0x8b, 0x00, 0x45, 0x00, 0x84, 0x00, 0x00, 0x00, 0x00, 0x00, 0x00, 0x00, 0x00, 0x00,
    0x00, 0x00, 0x00, 0x00, 0x00, 0x00, 0x02, 0x00, 0xc6, 0x00, 0xa6, 0x00, 0x48, 0x00, 0x28, 0x00,
    0xc1, 0x00, 0x00, 0x00, 0x00, 0x00, 0x00, 0x00, 0x00, 0x00, 0x00, 0x00, 0x00, 0x00, 0x00, 0x00,
    0x00, 0x00, 0x00, 0x00, 0x00, 0x00, 0x00, 0x00, 0x00, 0x00, 0xc5, 0x00, 0xc8, 0x00, 0x46, 0x00,
    0x69, 0x00, 0xc5, 0x00, 0xa8, 0x00, 0x49, 0x00, 0x66, 0x00, 0xc5, 0x00, 0x81, 0x00, 0x00, 0x00,
    0x00, 0x00, 0x00, 0x00, 0x00, 0x00, 0x00, 0x00, 0x84, 0x00, 0x28, 0x00, 0xe7, 0x00, 0xc7, 0x00,
    0x08, 0x00, 0x05, 0x00, 0x66, 0x00, 0x68, 0x00, 0x89, 0x00, 0x4b, 0x00, 0x89, 0x00, 0x89, 0x00,
    0x28, 0x00, 0xc4, 0x00, 0x48, 0x00, 0x0e, 0x00, 0x4f, 0x00, 0x4e, 0x00, 0xd0, 0x00, 0x8c, 0x00,
    0xcc, 0x00, 0x69, 0x00, 0x25, 0x00, 0xe2, 0x00, 0x00, 0x00, 0x00, 0x00, 0x00, 0x00, 0x00, 0x00,
    0x00, 0x00, 0x00, 0x00, 0x00, 0x00, 0xe2, 0x00, 0xe4, 0x00, 0x86, 0x00, 0x86, 0x00, 0xe9, 0x00,
    0xa1, 0x00, 0x00, 0x00, 0x00, 0x00, 0x00, 0x00, 0x00, 0x00, 0x00, 0x00, 0x00, 0x00, 0x00, 0x00,
    0x00, 0x00, 0x00, 0x00, 0x00, 0x00, 0x00, 0x00, 0x20, 0x00, 0xe8, 0x00, 0x87, 0x00, 0x87, 0x00,
    0xe8, 0x00, 0xa5, 0x00, 0x09, 0x00, 0xe8, 0x00, 0x06, 0x00, 0xa5, 0x00, 0x20, 0x00, 0x00, 0x00,
    0x00, 0x00, 0x00, 0x00, 0x00, 0x00, 0x00, 0x00, 0x20, 0x00, 0x66, 0x00, 0xc7, 0x00, 0xe7, 0x00,
    0x46, 0x00, 0x05, 0x00, 0x69, 0x00, 0xa9, 0x00, 0xca, 0x00, 0x0a, 0x00, 0x28, 0x00, 0x07, 0x00,
    0x45, 0x00, 0x05, 0x00, 0x4b, 0x00, 0x0a, 0x00, 0xed, 0x00, 0x0e, 0x00, 0x2e, 0x00, 0x0e, 0x00,
    0x6b, 0x00, 0x45, 0x00, 0x45, 0x00, 0x20, 0x00, 0x00, 0x00, 0x00, 0x00, 0x00, 0x00, 0x00, 0x00,
    0x00, 0x00, 0x00, 0x00, 0x00, 0x00, 0x40, 0x00, 0xe2, 0x00, 0x05, 0x00, 0x45, 0x00, 0xc9, 0x00,
    0x83, 0x00, 0x00, 0x00, 0x00, 0x00, 0x00, 0x00, 0x00, 0x00, 0x00, 0x00, 0x00, 0x00, 0x00, 0x00,
    0x00, 0x00, 0x00, 0x00, 0x00, 0x00, 0x00, 0x00, 0xe2, 0x00, 0x49, 0x00, 0x06, 0x00, 0xc8, 0x00,
    0x87, 0x00, 0xa5, 0x00, 0xe8, 0x00, 0xc8, 0x00, 0x67, 0x00, 0xe5, 0x00, 0x20, 0x00, 0x00, 0x00,
    0x00, 0x00, 0x00, 0x00, 0x00, 0x00, 0x00, 0x00, 0x00, 0x00, 0xa1, 0x00, 0xa7, 0x00, 0x66, 0x00,
    0xc4, 0x00, 0x28, 0x00, 0xca, 0x00, 0x0a, 0x00, 0x69, 0x00, 0x48, 0x00, 0x89, 0x00, 0xc7, 0x00,
    0x83, 0x00, 0x07, 0x00, 0x4b, 0x00, 0x6b, 0x00, 0xc9, 0x00, 0x8c, 0x00, 0xcd, 0x00, 0x6b, 0x00,
    0xa6, 0x00, 0xe4, 0x00, 0xe4, 0x00, 0x00, 0x00, 0x00, 0x00, 0x00, 0x00, 0x00, 0x00, 0x00, 0x00,
    0x00, 0x00, 0x00, 0x00, 0x00, 0x00, 0x00, 0x00, 0x00, 0x00, 0x00, 0x00, 0xc4, 0x00, 0x89, 0x00,
    0xa4, 0x00, 0x23, 0x00, 0x81, 0x00, 0x00, 0x00, 0x00, 0x00, 0x00, 0x00, 0x00, 0x00, 0x00, 0x00,
    0x00, 0x00, 0x00, 0x00, 0x00, 0x00, 0x00, 0x00, 0x84, 0x00, 0xe8, 0x00, 0xa5, 0x00, 0xc8, 0x00,
    0x26, 0x00, 0xc5, 0x00, 0xc8, 0x00, 0x08, 0x00, 0x66, 0x00, 0x26, 0x00, 0x81, 0x00, 0x00, 0x00,
    0x00, 0x00, 0x00, 0x00, 0x00, 0x00, 0x00, 0x00, 0x00, 0x00, 0x00, 0x00, 0xc2, 0x00, 0x46, 0x00,
    0xa7, 0x00, 0x89, 0x00, 0xa9, 0x00, 0xa9, 0x00, 0x69, 0x00, 0x48, 0x00, 0x28, 0x00, 0x83, 0x00,
    0x45, 0x00, 0x89, 0x00, 0x2b, 0x00, 0x2b, 0x00, 0xea, 0x00, 0x88, 0x00, 0xc9, 0x00, 0x07, 0x00,
    0xa4, 0x00, 0x65, 0x00, 0x05, 0x00, 0x00, 0x00, 0x00, 0x00, 0x00, 0x00, 0x00, 0x00, 0x00, 0x00,
    0x00, 0x00, 0x00, 0x00, 0x00, 0x00, 0x00, 0x00, 0x00, 0x00, 0x00, 0x00, 0x20, 0x00, 0x07, 0x00,
    0x86, 0x00, 0xc6, 0x00, 0x60, 0x00, 0x00, 0x00, 0x00, 0x00, 0x00, 0x00, 0x00, 0x00, 0x00, 0x00,
    0x00, 0x00, 0x00, 0x00, 0x00, 0x00, 0x00, 0x00, 0xe5, 0x00, 0x46, 0x00, 0x03, 0x00, 0xc8, 0x00,
    0x06, 0x00, 0xe5, 0x00, 0x29, 0x00, 0x49, 0x00, 0x87, 0x00, 0x05, 0x00, 0xe2, 0x00, 0x00, 0x00,
    0x00, 0x00, 0x00, 0x00, 0x00, 0x00, 0x00, 0x00, 0x00, 0x00, 0x43, 0x00, 0x63, 0x00, 0x66, 0x00,
    0xe7, 0x00, 0x89, 0x00, 0xa9, 0x00, 0xca, 0x00, 0xa9, 0x00, 0x86, 0x00, 0x63, 0x00, 0x66, 0x00,
    0x89, 0x00, 0x48, 0x00, 0xca, 0x00, 0xc9, 0x00, 0xc9, 0x00, 0x48, 0x00, 0xc6, 0x00, 0xa4, 0x00,
    0x45, 0x00, 0xe7, 0x00, 0xa6, 0x00, 0x61, 0x00, 0x00, 0x00, 0x00, 0x00, 0x00, 0x00, 0x00, 0x00,
    0x00, 0x00, 0x00, 0x00, 0x00, 0x00, 0x00, 0x00, 0x00, 0x00, 0x00, 0x00, 0x00, 0x00, 0xc7, 0x00,
    0x07, 0x00, 0xc6, 0x00, 0x20, 0x00, 0x00, 0x00, 0x00, 0x00, 0x00, 0x00, 0x00, 0x00, 0x00, 0x00,
    0x00, 0x00, 0x00, 0x00, 0x00, 0x00, 0x00, 0x00, 0xa5, 0x00, 0x03, 0x00, 0xc2, 0x00, 0xe8, 0x00,
    0x06, 0x00, 0x06, 0x00, 0x49, 0x00, 0x29, 0x00, 0xc8, 0x00, 0x05, 0x00, 0x40, 0x00, 0x00, 0x00,
    0x00, 0x00, 0x00, 0x00, 0x00, 0x00, 0x00, 0x00, 0x00, 0x00, 0x43, 0x00, 0x46, 0x00, 0x05, 0x00,
    0xc7, 0x00, 0x28, 0x00, 0x89, 0x00, 0xa9, 0x00, 0x48, 0x00, 0xe4, 0x00, 0x05, 0x00, 0x28, 0x00,
    0x69, 0x00, 0x28, 0x00, 0x48, 0x00, 0x89, 0x00, 0xe7, 0x00, 0x04, 0x00, 0x83, 0x00, 0xe5, 0x00,
    0xa6, 0x00, 0x07, 0x00, 0x47, 0x00, 0x63, 0x00, 0x00, 0x00, 0x00, 0x00, 0x00, 0x00, 0x00, 0x00,
    0x00, 0x00, 0x00, 0x00, 0x00, 0x00, 0x00, 0x00, 0x00, 0x00, 0x00, 0x00, 0x00, 0x00, 0x07, 0x00,
    0x07, 0x00, 0x45, 0x00, 0x00, 0x00, 0x00, 0x00, 0x00, 0x00, 0x00, 0x00, 0x00, 0x00, 0x00, 0x00,
    0x00, 0x00, 0x00, 0x00, 0x00, 0x00, 0x00, 0x00, 0x61, 0x00, 0x00, 0x00, 0xe2, 0x00, 0xa8, 0x00,
    0xe5, 0x00, 0x84, 0x00, 0x09, 0x00, 0x29, 0x00, 0xe8, 0x00, 0x28, 0x00, 0x43, 0x00, 0x00, 0x00,
    0x00, 0x00, 0x00, 0x00, 0x00, 0x00, 0x00, 0x00, 0x00, 0x00, 0x00, 0x00, 0x23, 0x00, 0xe5, 0x00,
    0x66, 0x00, 0x28, 0x00, 0x89, 0x00, 0xca, 0x00, 0xc9, 0x00, 0x65, 0x00, 0xa4, 0x00, 0x45, 0x00,
    0x86, 0x00, 0x45, 0x00, 0xe4, 0x00, 0x02, 0x00, 0x40, 0x00, 0x02, 0x00, 0x05, 0x00, 0x25, 0x00,
    0xe7, 0x00, 0x88, 0x00, 0xc9, 0x00, 0x25, 0x00, 0x00, 0x00, 0x00, 0x00, 0x00, 0x00, 0x00, 0x00,
    0x00, 0x00, 0x00, 0x00, 0x00, 0x00, 0x00, 0x00, 0x00, 0x00, 0x63, 0x00, 0xa1, 0x00, 0x48, 0x00,
    0x07, 0x00, 0x43, 0x00, 0x00, 0x00, 0x00, 0x00, 0x00, 0x00, 0x00, 0x00, 0x00, 0x00, 0x00, 0x00,
    0x00, 0x00, 0x00, 0x00, 0x00, 0x00, 0x00, 0x00, 0x00, 0x00, 0x00, 0x00, 0xc2, 0x00, 0x88, 0x00,
    0xe5, 0x00, 0xa5, 0x00, 0x47, 0x00, 0x8a, 0x00, 0xe8, 0x00, 0xe8, 0x00, 0xe8, 0x00, 0x02, 0x00,
    0x00, 0x00, 0x00, 0x00, 0x00, 0x00, 0x00, 0x00, 0x00, 0x00, 0x00, 0x00, 0xa2, 0x00, 0x84, 0x00,
    0x05, 0x00, 0xc7, 0x00, 0x69, 0x00, 0x89, 0x00, 0xa9, 0x00, 0xc6, 0x00, 0x23, 0x00, 0x43, 0x00,
    0x43, 0x00, 0x22, 0x00, 0x81, 0x00, 0x00, 0x00, 0x00, 0x00, 0xa1, 0x00, 0xe5, 0x00, 0x66, 0x00,
    0x27, 0x00, 0xc9, 0x00, 0x88, 0x00, 0xa6, 0x00, 0x00, 0x00, 0x00, 0x00, 0x00, 0x00, 0x00, 0x00,
    0x00, 0x00, 0x00, 0x00, 0x00, 0x00, 0x00, 0x00, 0x20, 0x00, 0x86, 0x00, 0x25, 0x00, 0xa9, 0x00,
    0x86, 0x00, 0x20, 0x00, 0x00, 0x00, 0x00, 0x00, 0x00, 0x00, 0x00, 0x00, 0x00, 0x00, 0x00, 0x00,
    0x00, 0x00, 0x00, 0x00, 0x00, 0x00, 0x00, 0x00, 0x00, 0x00, 0x00, 0x00, 0x61, 0x00, 0x67, 0x00,
    0xe5, 0x00, 0xa5, 0x00, 0x26, 0x00, 0x09, 0x00, 0x49, 0x00, 0x29, 0x00, 0x87, 0x00, 0xc7, 0x00,
    0x23, 0x00, 0x00, 0x00, 0x00, 0x00, 0x00, 0x00, 0x00, 0x00, 0x00, 0x00, 0x23, 0x00, 0xa5, 0x00,
    0xa4, 0x00, 0xa7, 0x00, 0x08, 0x00, 0xca, 0x00, 0x68, 0x00, 0xa6, 0x00, 0xc4, 0x00, 0xc5, 0x00,
    0xc4, 0x00, 0x43, 0x00, 0x20, 0x00, 0x00, 0x00, 0x00, 0x00, 0x00, 0x00, 0xe2, 0x00, 0x45, 0x00,
    0xe7, 0x00, 0x88, 0x00, 0xc9, 0x00, 0xc6, 0x00, 0x00, 0x00, 0x00, 0x00, 0x00, 0x00, 0x00, 0x00,
    0x00, 0x00, 0x00, 0x00, 0x00, 0x00, 0x00, 0x00, 0xe2, 0x00, 0xe7, 0x00, 0xe7, 0x00, 0x68, 0x00,
    0x22, 0x00, 0x00, 0x00, 0x00, 0x00, 0x00, 0x00, 0x00, 0x00, 0x00, 0x00, 0x00, 0x00, 0x00, 0x00,
    0x00, 0x00, 0x00, 0x00, 0x00, 0x00, 0x00, 0x00, 0x00, 0x00, 0x00, 0x00, 0x00, 0x00, 0x06, 0x00,
    0xc5, 0x00, 0xe5, 0x00, 0x26, 0x00, 0xe8, 0x00, 0xe8, 0x00, 0x8a, 0x00, 0x49, 0x00, 0x46, 0x00,
    0xc5, 0x00, 0x20, 0x00, 0x00, 0x00, 0x00, 0x00, 0x00, 0x00, 0x00, 0x00, 0x00, 0x00, 0x00, 0x00,
    0x81, 0x00, 0x46, 0x00, 0xc7, 0x00, 0x68, 0x00, 0x48, 0x00, 0xa6, 0x00, 0xc4, 0x00, 0x05, 0x00,
    0x84, 0x00, 0x20, 0x00, 0x00, 0x00, 0x00, 0x00, 0x00, 0x00, 0x00, 0x00, 0x00, 0x00, 0x43, 0x00,
    0xc7, 0x00, 0x88, 0x00, 0xe9, 0x00, 0x27, 0x00, 0x20, 0x00, 0x00, 0x00, 0x00, 0x00, 0x00, 0x00,
    0x00, 0x00, 0x00, 0x00, 0x00, 0x00, 0x00, 0x00, 0x25, 0x00, 0x28, 0x00, 0x48, 0x00, 0x66, 0x00,
    0x02, 0x00, 0x00, 0x00, 0x00, 0x00, 0x00, 0x00, 0x00, 0x00, 0x00, 0x00, 0x00, 0x00, 0x00, 0x00,
    0x00, 0x00, 0x00, 0x00, 0x00, 0x00, 0x00, 0x00, 0x00, 0x00, 0x00, 0x00, 0x00, 0x00, 0x64, 0x00,
    0xa5, 0x00, 0xe6, 0x00, 0x26, 0x00, 0xa8, 0x00, 0xe9, 0x00, 0x09, 0x00, 0xaa, 0x00, 0xe8, 0x00,
    0xc7, 0x00, 0x26, 0x00, 0x63, 0x00, 0x02, 0x00, 0xe2, 0x00, 0x40, 0x00, 0x00, 0x00, 0x40, 0x00,
    0x23, 0x00, 0x84, 0x00, 0xa7, 0x00, 0xa7, 0x00, 0x89, 0x00, 0xc9, 0x00, 0xe4, 0x00, 0x84, 0x00,
    0x40, 0x00, 0x00, 0x00, 0x00, 0x00, 0x00, 0x00, 0x00, 0x00, 0x00, 0x00, 0x00, 0x00, 0x20, 0x00,
    0xc4, 0x00, 0x68, 0x00, 0x88, 0x00, 0x88, 0x00, 0xc1, 0x00, 0x00, 0x00, 0x00, 0x00, 0x00, 0x00,
    0x00, 0x00, 0x00, 0x00, 0x00, 0x00, 0x43, 0x00, 0x68, 0x00, 0x48, 0x00, 0xa6, 0x00, 0x65, 0x00,
    0xe2, 0x00, 0x00, 0x00, 0x00, 0x00, 0x00, 0x00, 0x00, 0x00, 0x00, 0x00, 0x00, 0x00, 0x00, 0x00,
    0x00, 0x00, 0x00, 0x00, 0x00, 0x00, 0x00, 0x00, 0x00, 0x00, 0x00, 0x00, 0x00, 0x00, 0x81, 0x00,
    0x84, 0x00, 0x23, 0x00, 0x67, 0x00, 0xe6, 0x00, 0xe9, 0x00, 0xc8, 0x00, 0xa8, 0x00, 0xa7, 0x00,
    0xc8, 0x00, 0x29, 0x00, 0xe8, 0x00, 0xa7, 0x00, 0x05, 0x00, 0x23, 0x00, 0x64, 0x00, 0x26, 0x00,
    0x46, 0x00, 0x64, 0x00, 0x46, 0x00, 0xe7, 0x00, 0x68, 0x00, 0xe9, 0x00, 0x25, 0x00, 0x00, 0x00,
    0x00, 0x00, 0x00, 0x00, 0x00, 0x00, 0x00, 0x00, 0x00, 0x00, 0x00, 0x00, 0x00, 0x00, 0x00, 0x00,
    0xc2, 0x00, 0x07, 0x00, 0x48, 0x00, 0x88, 0x00, 0x45, 0x00, 0x00, 0x00, 0x00, 0x00, 0x00, 0x00,
    0x00, 0x00, 0x00, 0x00, 0xe4, 0x00, 0xc9, 0x00, 0x48, 0x00, 0xa6, 0x00, 0x86, 0x00, 0x22, 0x00,
    0x00, 0x00, 0x00, 0x00, 0x00, 0x00, 0x00, 0x00, 0x00, 0x00, 0x00, 0x00, 0x00, 0x00, 0x00, 0x00,
    0x00, 0x00, 0x00, 0x00, 0x00, 0x00, 0x00, 0x00, 0x00, 0x00, 0x00, 0x00, 0x00, 0x00, 0x00, 0x00,
    0x81, 0x00, 0x41, 0x00, 0x06, 0x00, 0x67, 0x00, 0x06, 0x00, 0xc8, 0x00, 0xe9, 0x00, 0xc8, 0x00,
    0xa8, 0x00, 0x67, 0x00, 0xa8, 0x00, 0xa8, 0x00, 0xa8, 0x00, 0xa7, 0x00, 0x87, 0x00, 0x46, 0x00,
    0x06, 0x00, 0x84, 0x00, 0xc5, 0x00, 0xe7, 0x00, 0x48, 0x00, 0xe9, 0x00, 0x88, 0x00, 0x20, 0x00,
    0x00, 0x00, 0x00, 0x00, 0x00, 0x00, 0x00, 0x00, 0x00, 0x00, 0x00, 0x00, 0x00, 0x00, 0x00, 0x00,
    0x23, 0x00, 0xc6, 0x00, 0x28, 0x00, 0x68, 0x00, 0x27, 0x00, 0x45, 0x00, 0x63, 0x00, 0xe2, 0x00,
    0x22, 0x00, 0x66, 0x00, 0xa9, 0x00, 0x48, 0x00, 0x66, 0x00, 0x05, 0x00, 0xc2, 0x00, 0x00, 0x00,
    0x00, 0x00, 0x00, 0x00, 0x00, 0x00, 0x00, 0x00, 0x00, 0x00, 0x00, 0x00, 0x00, 0x00, 0x00, 0x00,
    0x00, 0x00, 0x00, 0x00, 0x00, 0x00, 0x00, 0x00, 0x00, 0x00, 0x00, 0x00, 0x00, 0x00, 0x00, 0x00,
    0x00, 0x00, 0x00, 0x00, 0x81, 0x00, 0x67, 0x00, 0x47, 0x00, 0xa5, 0x00, 0x87, 0x00, 0xe8, 0x00,
    0xe9, 0x00, 0x67, 0x00, 0xa8, 0x00, 0xa8, 0x00, 0x67, 0x00, 0x47, 0x00, 0x26, 0x00, 0x26, 0x00,
    0xe5, 0x00, 0xa5, 0x00, 0x84, 0x00, 0x08, 0x00, 0x07, 0x00, 0xc9, 0x00, 0x4a, 0x00, 0xc6, 0x00,
    0x81, 0x00, 0x40, 0x00, 0x40, 0x00, 0x00, 0x00, 0x00, 0x00, 0x00, 0x00, 0x00, 0x00, 0x00, 0x00,
    0x25, 0x00, 0x86, 0x00, 0x66, 0x00, 0x27, 0x00, 0xa8, 0x00, 0xa6, 0x00, 0x07, 0x00, 0xe9, 0x00,
    0x88, 0x00, 0x68, 0x00, 0x05, 0x00, 0x22, 0x00, 0xa1, 0x00, 0x00, 0x00, 0x00, 0x00, 0x00, 0x00,
    0x00, 0x00, 0x00, 0x00, 0x00, 0x00, 0x00, 0x00, 0x00, 0x00, 0x00, 0x00, 0x00, 0x00, 0x00, 0x00,
    0x00, 0x00, 0x00, 0x00, 0x00, 0x00, 0x00, 0x00, 0x00, 0x00, 0x00, 0x00, 0x00, 0x00, 0x00, 0x00,
    0x00, 0x00, 0x00, 0x00, 0x00, 0x00, 0xc2, 0x00, 0x47, 0x00, 0xa5, 0x00, 0x85, 0x00, 0xc5, 0x00,
    0x26, 0x00, 0x06, 0x00, 0xc5, 0x00, 0x06, 0x00, 0xc5, 0x00, 0xc5, 0x00, 0xc5, 0x00, 0xa5, 0x00,
    0x85, 0x00, 0xc2, 0x00, 0xe2, 0x00, 0xc7, 0x00, 0xe7, 0x00, 0x07, 0x00, 0x88, 0x00, 0x4a, 0x00,
    0xc6, 0x00, 0xc6, 0x00, 0x88, 0x00, 0x43, 0x00, 0x00, 0x00, 0x00, 0x00, 0x00, 0x00, 0x00, 0x00,
    0xc4, 0x00, 0x05, 0x00, 0x63, 0x00, 0xe7, 0x00, 0x27, 0x00, 0xc9, 0x00, 0x86, 0x00, 0xc6, 0x00,
    0xe7, 0x00, 0xa4, 0x00, 0x43, 0x00, 0x00, 0x00, 0x00, 0x00, 0x00, 0x00, 0x00, 0x00, 0x00, 0x00,
    0x00, 0x00, 0x00, 0x00, 0x00, 0x00, 0x00, 0x00, 0x00, 0x00, 0x00, 0x00, 0x00, 0x00, 0x00, 0x00,
    0x00, 0x00, 0x00, 0x00, 0x00, 0x00, 0x00, 0x00, 0x00, 0x00, 0x00, 0x00, 0x00, 0x00, 0x00, 0x00,
    0x00, 0x00, 0x00, 0x00, 0x00, 0x00, 0x00, 0x00, 0xa2, 0x00, 0x64, 0x00, 0xc2, 0x00, 0x84, 0x00,
    0xe6, 0x00, 0x47, 0x00, 0x47, 0x00, 0xe6, 0x00, 0xe6, 0x00, 0xc5, 0x00, 0xa5, 0x00, 0x44, 0x00,
    0x41, 0x00, 0x00, 0x00, 0xe2, 0x00, 0xe7, 0x00, 0xc7, 0x00, 0x25, 0x00, 0x68, 0x00, 0x09, 0x00,
    0xa8, 0x00, 0x45, 0x00, 0xc6, 0x00, 0xe9, 0x00, 0x43, 0x00, 0x00, 0x00, 0x00, 0x00, 0x00, 0x00,
    0x00, 0x00, 0x20, 0x00, 0x40, 0x00, 0x46, 0x00, 0x25, 0x00, 0x65, 0x00, 0x05, 0x00, 0x43, 0x00,
    0x23, 0x00, 0xc4, 0x00, 0xc2, 0x00, 0x20, 0x00, 0x00, 0x00, 0x00, 0x00, 0x00, 0x00, 0x00, 0x00,
    0x00, 0x00, 0x00, 0x00, 0x00, 0x00, 0x00, 0x00, 0x00, 0x00, 0x00, 0x00, 0x00, 0x00, 0x00, 0x00,
    0x00, 0x00, 0x00, 0x00, 0x00, 0x00, 0x00, 0x00, 0x00, 0x00, 0x00, 0x00, 0x00, 0x00, 0x00, 0x00,
    0x00, 0x00, 0x00, 0x00, 0x00, 0x00, 0x00, 0x00, 0x00, 0x00, 0x20, 0x00, 0x41, 0x00, 0x00, 0x00,
    0xa2, 0x00, 0x43, 0x00, 0xa5, 0x00, 0xa5, 0x00, 0xa5, 0x00, 0x84, 0x00, 0x03, 0x00, 0x61, 0x00,
    0x00, 0x00, 0x00, 0x00, 0x63, 0x00, 0xa6, 0x00, 0x25, 0x00, 0xa4, 0x00, 0xa6, 0x00, 0x07, 0x00,
    0x07, 0x00, 0x25, 0x00, 0xa4, 0x00, 0xc4, 0x00, 0x84, 0x00, 0x00, 0x00, 0x00, 0x00, 0x00, 0x00,
    0x00, 0x00, 0x00, 0x00, 0x00, 0x00, 0x61, 0x00, 0xa1, 0x00, 0x40, 0x00, 0x43, 0x00, 0x61, 0x00,
    0x00, 0x00, 0xc2, 0x00, 0x00, 0x00, 0x00, 0x00, 0x00, 0x00, 0x00, 0x00, 0x00, 0x00, 0x00, 0x00,
    0x00, 0x00, 0x00, 0x00, 0x00, 0x00, 0x00, 0x00, 0x00, 0x00, 0x00, 0x00, 0x00, 0x00, 0x00, 0x00,
    0x00, 0x00, 0x00, 0x00, 0x00, 0x00, 0x00, 0x00, 0x00, 0x00, 0x00, 0x00, 0x00, 0x00, 0x00, 0x00,
    0x00, 0x00, 0x00, 0x00, 0x00, 0x00, 0x00, 0x00, 0x00, 0x00, 0x00, 0x00, 0x00, 0x00, 0x00, 0x00,
    0x00, 0x00, 0x00, 0x00, 0x00, 0x00, 0x00, 0x00, 0x20, 0x00, 0x00, 0x00, 0x00, 0x00, 0x00, 0x00,
    0x00, 0x00, 0x00, 0x00, 0xa1, 0x00, 0x84, 0x00, 0x43, 0x00, 0x40, 0x00, 0xc4, 0x00, 0x84, 0x00,
    0x64, 0x00, 0x64, 0x00, 0x20, 0x00, 0x81, 0x00, 0x02, 0x00, 0x00, 0x00, 0x00, 0x00, 0x00, 0x00,
    0x00, 0x00, 0x00, 0x00, 0x00, 0x00, 0x00, 0x00, 0x00, 0x00, 0x00, 0x00, 0x00, 0x00, 0x00, 0x00,
    0x00, 0x00, 0x00, 0x00, 0x00, 0x00, 0x00, 0x00, 0x00, 0x00, 0x00, 0x00, 0x00, 0x00, 0x00, 0x00,
    0x00, 0x00, 0x00, 0x00, 0x00, 0x00, 0x00, 0x00, 0x00, 0x00, 0x00, 0x00, 0x00, 0x00, 0x00, 0x00,
    0x00, 0x00, 0x00, 0x00, 0x00, 0x00, 0x00, 0x00, 0x00, 0x00, 0x00, 0x00, 0x00, 0x00, 0x00, 0x00,
    0x00, 0x00, 0x00, 0x00, 0x00, 0x00, 0x00, 0x00, 0x00, 0x00, 0x00, 0x00, 0x00, 0x00, 0x00, 0x00,
    0x00, 0x00, 0x00, 0x00, 0x00, 0x00, 0x00, 0x00, 0x00, 0x00, 0x00, 0x00, 0x00, 0x00, 0x00, 0x00,
    0x00, 0x00, 0x00, 0x00, 0x00, 0x00, 0xe2, 0x00, 0xa1, 0x00, 0x00, 0x00, 0x20, 0x00, 0x20, 0x00,
    0xc2, 0x00, 0xc2, 0x00, 0x00, 0x00, 0x00, 0x00, 0x00, 0x00, 0x00, 0x00, 0x00, 0x00, 0x00, 0x00,
    0x00, 0x00, 0x00, 0x00, 0x00, 0x00, 0x00, 0x00, 0x00, 0x00, 0x00, 0x00, 0x00, 0x00, 0x00, 0x00,
    0x00, 0x00, 0x00, 0x00, 0x00, 0x00, 0x00, 0x00, 0x00, 0x00, 0x00, 0x00, 0x00, 0x00, 0x00, 0x00,
    0x00, 0x00, 0x00, 0x00, 0x00, 0x00, 0x00, 0x00, 0x00, 0x00, 0x00, 0x00, 0x00, 0x00, 0x00, 0x00,
    0x00, 0x00, 0x00, 0x00, 0x00, 0x00, 0x00, 0x00, 0x00, 0x00, 0x00, 0x00, 0x00, 0x00, 0x00, 0x00,
    0x00, 0x00, 0x00, 0x00, 0x00, 0x00, 0x00, 0x00, 0x00, 0x00, 0x00, 0x00, 0x00, 0x00, 0x00, 0x00,
    0x00, 0x00, 0x00, 0x00, 0x00, 0x00, 0x00, 0x00, 0x00, 0x00, 0x00, 0x00, 0x00, 0x00, 0x00, 0x00,
    0x00, 0x00, 0x00, 0x00, 0x00, 0x00, 0x00, 0x00, 0x00, 0x00, 0x00, 0x00, 0x00, 0x00, 0x00, 0x00,
    0x00, 0x00, 0x00, 0x00, 0x00, 0x00, 0x00, 0x00, 0x00, 0x00, 0x00, 0x00, 0x00, 0x00, 0x00, 0x00,
    0x00, 0x00, 0x00, 0x00, 0x00, 0x00, 0x00, 0x00, 0x00, 0x00, 0x00, 0x00, 0x00, 0x00, 0x00, 0x00,
    0x00, 0x00, 0x00, 0x00, 0x00, 0x00, 0x00, 0x00, 0x00, 0x00, 0x00, 0x00, 0x00, 0x00, 0x00, 0x00,
    0x00, 0x00, 0x00, 0x00, 0x00, 0x00, 0x00, 0x00, 0x00, 0x00, 0x00, 0x00, 0x00, 0x00, 0x00, 0x00,
    0x00, 0x00, 0x00, 0x00, 0x00, 0x00, 0x00, 0x00, 0x00, 0x00, 0x00, 0x00, 0x00, 0x00, 0x00, 0x00,
    0x00, 0x00, 0x00, 0x00, 0x00, 0x00, 0x00, 0x00, 0x00, 0x00, 0x00, 0x00, 0x00, 0x00, 0x00, 0x00,
    0x00, 0x00, 0x00, 0x00, 0x00, 0x00, 0x00, 0x00, 0x00, 0x00, 0x00, 0x00, 0x00, 0x00, 0x00, 0x00,
    0x00, 0x00, 0x00, 0x00, 0x00, 0x00, 0x00, 0x00, 0x00, 0x00, 0x00, 0x00, 0x00, 0x00, 0x00, 0x00,
    0x00, 0x00, 0x00, 0x00, 0x00, 0x00, 0x00, 0x00, 0x00, 0x00, 0x00, 0x00, 0x00, 0x00, 0x00, 0x00,
    0x00, 0x00, 0x00, 0x00, 0x00, 0x00, 0x00, 0x00, 0x00, 0x00, 0x00, 0x00, 0x00, 0x00, 0x00, 0x00,
    0x00, 0x00, 0x00, 0x00, 0x00, 0x00, 0x00, 0x00, 0x00, 0x00, 0x00, 0x00, 0x00, 0x00, 0x00, 0x00,
    0x00, 0x00, 0x00, 0x00, 0x00, 0x00, 0x00, 0x00, 0x00, 0x00, 0x00, 0x00, 0x00, 0x00, 0x00, 0x00,
    0x00, 0x00, 0x00, 0x00, 0x00, 0x00, 0x00, 0x00, 0x00, 0x00, 0x00, 0x00, 0x00, 0x00, 0x00, 0x00,
    0x00, 0x00, 0x00, 0x18, 0x02, 0x00, 0x00, 0x00, 0x00, 0x00, 0x00, 0x00, 0x00, 0x00, 0x00, 0x00,
    0x00, 0x00, 0x00, 0x00, 0x00, 0x00, 0x00, 0x00, 0x00, 0x00, 0x00, 0x00, 0x00, 0x00, 0x00, 0x00,
    0x00, 0x00, 0x00, 0x00, 0x00, 0x00, 0x00, 0x00, 0x00, 0x00, 0x00, 0x00, 0x00, 0x00, 0x00, 0x00,
    0x00, 0x00, 0x00, 0x00, 0x00, 0x00, 0x00, 0x00, 0x00, 0x00, 0x00, 0x00, 0x00, 0x00, 0x00, 0x00,
    0x00, 0x00, 0x0f, 0xf3, 0x04, 0x00, 0x00, 0x00, 0x00, 0x00, 0x00, 0x00, 0x00, 0x00, 0x00, 0x00,
    0x00, 0x00, 0x02, 0x89, 0x05, 0x00, 0x00, 0x00, 0x00, 0x00, 0x00, 0x00, 0x00, 0x00, 0x00, 0x00,
    0x00, 0x00, 0x00, 0x00, 0x00, 0x00, 0x00, 0x00, 0x00, 0x00, 0x00, 0x00, 0x00, 0x00, 0x00, 0x00,
    0x00, 0x00, 0x00, 0x00, 0x00, 0x00, 0x00, 0x00, 0x00, 0x00, 0x00, 0x00, 0x00, 0x00, 0x00, 0x00,
    0x00, 0x00, 0x7c, 0xff, 0x03, 0x00, 0x00, 0x00, 0x00, 0x00, 0x00, 0x00, 0x00, 0x00, 0x00, 0x00,
    0x00, 0x00, 0x6c, 0xff, 0x01, 0x00, 0x00, 0x00, 0x00, 0x00, 0x00, 0x00, 0x00, 0x00, 0x00, 0x00,
    0x00, 0x00, 0x00, 0x00, 0x00, 0x00, 0x00, 0x00, 0x00, 0x00, 0x00, 0x00, 0x00, 0x00, 0x00, 0x00,
    0x00, 0x00, 0x00, 0x00, 0x00, 0x00, 0x00, 0x00, 0x00, 0x00, 0x00, 0x00, 0x00, 0x00, 0x00, 0x00,
    0x00, 0x00, 0xa3, 0xfd, 0x15, 0x00, 0x00, 0x00, 0x00, 0x1e, 0x07, 0x00, 0x00, 0x00, 0x00, 0x00,
    0x00, 0x00, 0xe0, 0xeb, 0x02, 0x00, 0x00, 0x00, 0x00, 0x00, 0x00, 0x00, 0x00, 0x00, 0x00, 0x00,
    0x00, 0x00, 0x00, 0x00, 0x00, 0x00, 0x00, 0x00, 0x00, 0x00, 0x00, 0x00, 0x00, 0x00, 0x00, 0x00,
    0x00, 0x00, 0x00, 0x00, 0x00, 0x00, 0x00, 0x00, 0x00, 0x00, 0x00, 0x00, 0x00, 0x00, 0x00, 0x00,
    0x00, 0x00, 0x89, 0xfb, 0x95, 0x00, 0x00, 0x00, 0x03, 0xf7, 0x0f, 0x00, 0x00, 0x00, 0x00, 0x00,
    0x00, 0x02, 0xe2, 0xff, 0x17, 0x00, 0x62, 0x10, 0x00, 0x00, 0x00, 0x00, 0x00, 0x00, 0x00, 0x00,
    0x00, 0x00, 0x00, 0x00, 0x00, 0x00, 0x00, 0x00, 0x00, 0x00, 0x00, 0x00, 0x00, 0x00, 0x00, 0x00,
    0x00, 0x00, 0x00, 0x00, 0x00, 0x00, 0x00, 0x00, 0x00, 0x00, 0x00, 0x00, 0x00, 0x00, 0x00, 0x00,
    0x00, 0x00, 0x26, 0xff, 0xff, 0x64, 0x00, 0x00, 0x28, 0xff, 0x17, 0x00, 0x00, 0x00, 0x00, 0x00,
    0x00, 0x00, 0xbc, 0xfb, 0xa2, 0x07, 0xff, 0x14, 0x00, 0x00, 0x00, 0x00, 0x00, 0x00, 0x00, 0x00,
    0x00, 0x00, 0x00, 0x00, 0x00, 0x00, 0x00, 0x00, 0x00, 0x00, 0x00, 0x00, 0x00, 0x00, 0x00, 0x00,
    0x00, 0x00, 0x00, 0x00, 0x00, 0x00, 0x00, 0x00, 0x00, 0x00, 0x00, 0x00, 0x00, 0x00, 0x03, 0x12,
    0x00, 0x00, 0x00, 0x5b, 0xfd, 0xff, 0x8b, 0x04, 0x27, 0xff, 0x70, 0x00, 0x00, 0x00, 0x00, 0x38,
    0x0c, 0x00, 0x38, 0xff, 0xff, 0xc1, 0xfd, 0x3c, 0x00, 0x00, 0x00, 0x00, 0x00, 0x00, 0x00, 0x00,
    0x00, 0x00, 0x00, 0x00, 0x00, 0x00, 0x00, 0x00, 0x00, 0x00, 0x00, 0x00, 0x00, 0x00, 0x00, 0x00,
    0x00, 0x00, 0x00, 0x00, 0x00, 0x00, 0x00, 0x00, 0x00, 0x00, 0x00, 0x00, 0x00, 0x00, 0x02, 0xe9,
    0x63, 0x1c, 0x22, 0x73, 0xf9, 0xf1, 0xff, 0xe6, 0xa3, 0xf9, 0xfb, 0x18, 0x00, 0x04, 0x00, 0x6f,
    0xf7, 0x46, 0x02, 0x71, 0xff, 0xff, 0xfd, 0xce, 0x01, 0x00, 0x0b, 0x26, 0x00, 0x00, 0x00, 0x00,
    0x00, 0x00, 0x00, 0x00, 0x00, 0x00, 0x00, 0x00, 0x00, 0x00, 0x00, 0x00, 0x00, 0x00, 0x00, 0x00,
    0x00, 0x00, 0x00, 0x00, 0x00, 0x00, 0x00, 0x00, 0x00, 0x00, 0x00, 0x00, 0x00, 0x00, 0x00, 0x34,
    0xff, 0xff, 0xff, 0xff, 0xff, 0xff, 0xff, 0xff, 0xff, 0xfb, 0xfd, 0xe8, 0x07, 0x3b, 0x42, 0x13,
    0xff, 0xff, 0xce, 0x3d, 0x8b, 0xfb, 0xf5, 0xff, 0x77, 0x00, 0x6c, 0xd3, 0x00, 0x00, 0x00, 0x00,
    0x00, 0x00, 0x00, 0x00, 0x00, 0x00, 0x00, 0x00, 0x00, 0x00, 0x00, 0x00, 0x00, 0x00, 0x00, 0x00,
    0x00, 0x00, 0x00, 0x00, 0x00, 0x00, 0x00, 0x00, 0x00, 0x00, 0x00, 0x00, 0x00, 0x00, 0x00, 0x00,
    0x2b, 0xbc, 0xe8, 0xe4, 0xb4, 0x8b, 0xba, 0xff, 0xff, 0xff, 0xfb, 0xff, 0xd5, 0x6d, 0xff, 0x82,
    0xef, 0xf7, 0xff, 0xff, 0xe8, 0xff, 0xff, 0xfd, 0xff, 0x75, 0xfb, 0xe4, 0x01, 0x00, 0x00, 0x00,
    0x00, 0x00, 0x00, 0x00, 0x00, 0x00, 0x00, 0x00, 0x00, 0x00, 0x00, 0x00, 0x00, 0x00, 0x00, 0x00,
    0x00, 0x00, 0x00, 0x00, 0x00, 0x00, 0x00, 0x00, 0x00, 0x00, 0x00, 0x00, 0x00, 0x00, 0x00, 0x00,
    0x00, 0x00, 0x03, 0x01, 0x00, 0x00, 0x00, 0x10, 0x5d, 0xe0, 0xff, 0xfb, 0xff, 0xff, 0xfb, 0xff,
    0xff, 0xff, 0xfd, 0xfb, 0xff, 0xff, 0xff, 0xff, 0xfd, 0xff, 0xff, 0xb7, 0x00, 0x00, 0x00, 0x00,
    0x00, 0x00, 0x00, 0x00, 0x00, 0x00, 0x00, 0x00, 0x00, 0x00, 0x00, 0x00, 0x00, 0x00, 0x00, 0x00,
    0x00, 0x00, 0x00, 0x00, 0x00, 0x00, 0x00, 0x00, 0x00, 0x00, 0x00, 0x00, 0x00, 0x00, 0x00, 0x00,
    0x00, 0x00, 0x00, 0x07, 0x00, 0x00, 0x00, 0x08, 0x2f, 0x39, 0xd3, 0xfd, 0xfb, 0xfd, 0xff, 0xfb,
    0xff, 0xff, 0xff, 0xff, 0xff, 0xff, 0xff, 0xff, 0xff, 0xf1, 0xff, 0x40, 0x00, 0x00, 0x00, 0x00,
    0x00, 0x00, 0x00, 0x00, 0x00, 0x00, 0x00, 0x00, 0x00, 0x00, 0x00, 0x00, 0x00, 0x00, 0x00, 0x00,
    0x00, 0x00, 0x00, 0x00, 0x00, 0x00, 0x00, 0x00, 0x00, 0x00, 0x00, 0x00, 0x00, 0x00, 0x00, 0x00,
    0x00, 0x00, 0x00, 0x9e, 0x98, 0x20, 0x03, 0x03, 0x92, 0xfd, 0xf1, 0xff, 0xff, 0xff, 0xff, 0xff,
    0xff, 0xff, 0xff, 0xff, 0xff, 0xff, 0xff, 0xff, 0xff, 0xf7, 0xff, 0x25, 0x00, 0x00, 0x00, 0x00,
    0x00, 0x00, 0x00, 0x00, 0x00, 0x00, 0x00, 0x00, 0x00, 0x00, 0x00, 0x00, 0x00, 0x00, 0x00, 0x00,
    0x00, 0x00, 0x00, 0x00, 0x00, 0x00, 0x00, 0x00, 0x00, 0x00, 0x00, 0x00, 0x00, 0x00, 0x00, 0x00,
    0x00, 0x00, 0x00, 0x0d, 0xff, 0xff, 0xe6, 0x9e, 0x66, 0xe4, 0xff, 0xfd, 0xff, 0xff, 0xff, 0xff,
    0xff, 0xff, 0xff, 0xff, 0xff, 0xff, 0xff, 0xff, 0xff, 0xf9, 0xff, 0x82, 0x82, 0x03, 0x00, 0x00,
    0x00, 0x00, 0x00, 0x00, 0x00, 0x00, 0x00, 0x00, 0x00, 0x00, 0x00, 0x00, 0x00, 0x00, 0x00, 0x00,
    0x00, 0x00, 0x00, 0x00, 0x00, 0x00, 0x00, 0x00, 0x00, 0x00, 0x00, 0x00, 0x00, 0x00, 0x00, 0x00,
    0x00, 0x00, 0x00, 0x00, 0x23, 0xff, 0xff, 0xff, 0xff, 0xff, 0xff, 0xff, 0xff, 0xff, 0xff, 0xff,
    0xff, 0xff, 0xff, 0xff, 0xff, 0xff, 0xff, 0xff, 0xff, 0xff, 0xff, 0xf5, 0xff, 0x1f, 0x00, 0x00,
    0x00, 0x00, 0x00, 0x00, 0x00, 0x00, 0x00, 0x00, 0x00, 0x00, 0x00, 0x00, 0x00, 0x00, 0x00, 0x00,
    0x00, 0x00, 0x00, 0x00, 0x00, 0x00, 0x00, 0x00, 0x00, 0x00, 0x00, 0x00, 0x00, 0x00, 0x00, 0x00,
    0x00, 0x00, 0x00, 0x00, 0x00, 0x1b, 0xcf, 0xf7, 0xf7, 0xff, 0xff, 0xff, 0xff, 0xff, 0xff, 0xff,
    0xff, 0xff, 0xff, 0xff, 0xff, 0xff, 0xff, 0xff, 0xff, 0xff, 0xff, 0xf7, 0xfb, 0x49, 0x00, 0x00,
    0x00, 0x00, 0x00, 0x00, 0x00, 0x00, 0x00, 0x00, 0x00, 0x00, 0x00, 0x00, 0x00, 0x00, 0x00, 0x00,
    0x00, 0x00, 0x00, 0x00, 0x00, 0x00, 0x00, 0x00, 0x00, 0x00, 0x00, 0x00, 0x00, 0x00, 0x00, 0x00,
    0x00, 0x00, 0x00, 0x00, 0x00, 0x00, 0x35, 0xf3, 0xfb, 0xff, 0xff, 0xff, 0xff, 0xff, 0xff, 0xff,
    0xff, 0xff, 0xff, 0xff, 0xff, 0xff, 0xff, 0xff, 0xff, 0xff, 0xff, 0xf7, 0xff, 0x4e, 0x00, 0x00,
    0x00, 0x00, 0x00, 0x00, 0x00, 0x00, 0x00, 0x00, 0x00, 0x00, 0x00, 0x00, 0x00, 0x00, 0x00, 0x00,
    0x00, 0x00, 0x00, 0x00, 0x00, 0x00, 0x00, 0x00, 0x00, 0x00, 0x00, 0x00, 0x00, 0x00, 0x00, 0x00,
    0x00, 0x00, 0x00, 0x0a, 0x69, 0xe2, 0xff, 0xfd, 0xff, 0xff, 0xff, 0xff, 0xff, 0xff, 0xff, 0xff,
    0xff, 0xff, 0xff, 0xff, 0xff, 0xff, 0xff, 0xff, 0xff, 0xff, 0xff, 0xf7, 0xff, 0x3a, 0x00, 0x00,
    0x00, 0x00, 0x00, 0x00, 0x00, 0x00, 0x00, 0x00, 0x00, 0x00, 0x00, 0x00, 0x00, 0x00, 0x00, 0x00,
    0x00, 0x00, 0x00, 0x00, 0x00, 0x00, 0x00, 0x00, 0x00, 0x00, 0x00, 0x00, 0x00, 0x00, 0x00, 0x00,
    0x00, 0x00, 0x66, 0xff, 0xff, 0xff, 0xff, 0xff, 0xff, 0xff, 0xff, 0xff, 0xff, 0xff, 0xff, 0xff,
    0xff, 0xff, 0xff, 0xff, 0xff, 0xff, 0xff, 0xff, 0xff, 0xff, 0xff, 0xf7, 0xff, 0x2b, 0x00, 0x00,
    0x00, 0x00, 0x00, 0x00, 0x00, 0x00, 0x00, 0x00, 0x00, 0x00, 0x00, 0x00, 0x00, 0x00, 0x00, 0x00,
    0x00, 0x00, 0x00, 0x00, 0x00, 0x00, 0x00, 0x00, 0x00, 0x00, 0x00, 0x00, 0x00, 0x00, 0x00, 0x00,
    0x00, 0x00, 0x2a, 0x63, 0xc5, 0xff, 0xff, 0xff, 0xff, 0xff, 0xff, 0xff, 0xff, 0xff, 0xff, 0xff,
    0xff, 0xff, 0xff, 0xff, 0xff, 0xff, 0xff, 0xff, 0xff, 0xff, 0xff, 0xf7, 0xff, 0x1e, 0x00, 0x00,
    0x00, 0x00, 0x00, 0x00, 0x00, 0x00, 0x00, 0x00, 0x00, 0x00, 0x00, 0x00, 0x00, 0x00, 0x00, 0x00,
    0x00, 0x00, 0x00, 0x00, 0x00, 0x00, 0x00, 0x00, 0x00, 0x00, 0x00, 0x00, 0x00, 0x00, 0x00, 0x00,
    0x00, 0x00, 0x00, 0x00, 0x00, 0x2a, 0xf3, 0xfb, 0xff, 0xff, 0xff, 0xff, 0xff, 0xff, 0xff, 0xff,
    0xff, 0xff, 0xff, 0xff, 0xff, 0xff, 0xff, 0xff, 0xff, 0xff, 0xff, 0xfd, 0xff, 0xb0, 0x04, 0x00,
    0x00, 0x00, 0x00, 0x00, 0x00, 0x00, 0x00, 0x00, 0x07, 0x15, 0x00, 0x00, 0x00, 0x00, 0x00, 0x00,
    0x00, 0x00, 0x00, 0x00, 0x00, 0x00, 0x00, 0x00, 0x00, 0x00, 0x00, 0x00, 0x00, 0x00, 0x00, 0x00,
    0x00, 0x00, 0x00, 0x00, 0x02, 0x95, 0xfb, 0xfb, 0xff, 0xff, 0xff, 0xff, 0xff, 0xff, 0xff, 0xff,
    0xff, 0xff, 0xff, 0xff, 0xff, 0xff, 0xff, 0xff, 0xff, 0xff, 0xff, 0xff, 0xf9, 0xff, 0x15, 0x00,
    0x00, 0x00, 0x00, 0x00, 0x00, 0x00, 0x00, 0x00, 0x62, 0x79, 0x00, 0x00, 0x00, 0x00, 0x00, 0x00,
    0x00, 0x00, 0x00, 0x00, 0x00, 0x00, 0x00, 0x00, 0x00, 0x00, 0x00, 0x00, 0x00, 0x00, 0x00, 0x00,
    0x00, 0x00, 0x00, 0x00, 0x9b, 0xff, 0xf7, 0xff, 0xff, 0xff, 0xff, 0xff, 0xff, 0xff, 0xff, 0xff,
    0xff, 0xff, 0xff, 0xff, 0xff, 0xff, 0xff, 0xff, 0xff, 0xff, 0xff, 0xff, 0xf7, 0xfb, 0x36, 0x00,
    0x00, 0x00, 0x00, 0x00, 0x00, 0x00, 0x00, 0x21, 0xfd, 0x8e, 0x00, 0x00, 0x00, 0x00, 0x00, 0x00,
    0x00, 0x00, 0x00, 0x00, 0x00, 0x00, 0x00, 0x00, 0x00, 0x00, 0x00, 0x00, 0x00, 0x00, 0x00, 0x00,
    0x00, 0x00, 0x00, 0x59, 0xff, 0xff, 0xff, 0xff, 0xff, 0xff, 0xff, 0xff, 0xff, 0xff, 0xff, 0xff,
    0xff, 0xff, 0xff, 0xff, 0xff, 0xff, 0xff, 0xff, 0xff, 0xff, 0xff, 0xff, 0xf7, 0xfd, 0x4e, 0x00,
    0x00, 0x00, 0x00, 0x00, 0x00, 0x22, 0x91, 0xff, 0xff, 0xa0, 0x00, 0x00, 0x00, 0x00, 0x00, 0x00,
    0x00, 0x00, 0x00, 0x00, 0x00, 0x00, 0x00, 0x00, 0x00, 0x00, 0x00, 0x00, 0x00, 0x00, 0x00, 0x00,
    0x00, 0x00, 0x09, 0xda, 0xb9, 0x74, 0x9b, 0xff, 0xfb, 0xff, 0xff, 0xff, 0xff, 0xff, 0xff, 0xff,
    0xff, 0xff, 0xff, 0xff, 0xff, 0xff, 0xff, 0xff, 0xff, 0xff, 0xff, 0xff, 0xf7, 0xff, 0x28, 0x00,
    0x00, 0x00, 0x00, 0x0a, 0xa3, 0xff, 0xff, 0xf5, 0xfd, 0x8e, 0x00, 0x00, 0x00, 0x00, 0x00, 0x00,
    0x00, 0x00, 0x00, 0x00, 0x00, 0x00, 0x00, 0x00, 0x00, 0x00, 0x00, 0x00, 0x00, 0x00, 0x00, 0x00,
    0x00, 0x00, 0x00, 0x01, 0x00, 0x00, 0x92, 0xff, 0xf5, 0xff, 0xff, 0xff, 0xff, 0xff, 0xff, 0xff,
    0xff, 0xff, 0xff, 0xff, 0xff, 0xff, 0xff, 0xff, 0xff, 0xff, 0xff, 0xf7, 0xff, 0xdc, 0x02, 0x00,
    0x00, 0x00, 0x08, 0xe4, 0xff, 0xf7, 0xf9, 0xf7, 0xfd, 0x51, 0x00, 0x00, 0x00, 0x00, 0x00, 0x00,
    0x00, 0x00, 0x00, 0x00, 0x00, 0x00, 0x00, 0x00, 0x00, 0x00, 0x00, 0x00, 0x00, 0x00, 0x00, 0x00,
    0x00, 0x00, 0x00, 0x00, 0x00, 0x00, 0xd1, 0xfb, 0xff, 0xff, 0xff, 0xff, 0xff, 0xff, 0xff, 0xff,
    0xff, 0xff, 0xff, 0xff, 0xff, 0xff, 0xff, 0xff, 0xff, 0xff, 0xfb, 0xff, 0xf9, 0x19, 0x00, 0x00,
    0x00, 0x00, 0x9d, 0xff, 0xf5, 0xff, 0xff, 0xf7, 0xff, 0x0d, 0x00, 0x00, 0x00, 0x00, 0x00, 0x00,
    0x00, 0x00, 0x00, 0x00, 0x00, 0x00, 0x00, 0x00, 0x00, 0x00, 0x00, 0x00, 0x00, 0x00, 0x00, 0x00,
    0x00, 0x00, 0x00, 0x00, 0x00, 0x00, 0xbe, 0xff, 0xaa, 0xfd, 0xff, 0xff, 0xff, 0xff, 0xff, 0xff,
    0xff, 0xff, 0xff, 0xff, 0xff, 0xff, 0xff, 0xff, 0xff, 0xfb, 0xff, 0x94, 0x0b, 0x00, 0x00, 0x00,
    0x00, 0x0b, 0xff, 0xfb, 0xff, 0xff, 0xf7, 0xff, 0x67, 0x00, 0x00, 0x00, 0x00, 0x00, 0x00, 0x00,
    0x00, 0x00, 0x00, 0x00, 0x00, 0x00, 0x00, 0x00, 0x00, 0x00, 0x00, 0x00, 0x00, 0x00, 0x00, 0x00,
    0x00, 0x00, 0x00, 0x00, 0x00, 0x00, 0x94, 0x5f, 0x1a, 0xff, 0xf5, 0xfd, 0xff, 0xff, 0xff, 0xff,
    0xff, 0xff, 0xff, 0xff, 0xff, 0xff, 0xff, 0xff, 0xf9, 0xfb, 0x9b, 0x00, 0x00, 0x00, 0x00, 0x00,
    0x00, 0x2b, 0xfd, 0xf7, 0xff, 0xfb, 0xff, 0x89, 0x00, 0x00, 0x00, 0x00, 0x00, 0x00, 0x00, 0x00,
    0x00, 0x00, 0x00, 0x00, 0x00, 0x00, 0x00, 0x00, 0x00, 0x00, 0x00, 0x00, 0x07, 0x0c, 0x0a, 0x02,
    0x00, 0x00, 0x00, 0x12, 0x00, 0x00, 0x05, 0x00, 0x0c, 0xfd, 0xff, 0xff, 0xff, 0xff, 0xff, 0xff,
    0xff, 0xff, 0xff, 0xff, 0xff, 0xff, 0xff, 0xfd, 0xf3, 0xff, 0x13, 0x00, 0x00, 0x00, 0x00, 0x00,
    0x00, 0x36, 0xff, 0xf7, 0xfb, 0xfb, 0x88, 0x08, 0x01, 0x00, 0x00, 0x00, 0x00, 0x00, 0x00, 0x00,
    0x00, 0x00, 0x00, 0x00, 0x00, 0x00, 0x00, 0x00, 0x00, 0x00, 0x00, 0x02, 0x80, 0xff, 0xff, 0xde,
    0x82, 0x23, 0x00, 0x6b, 0xb2, 0x09, 0x00, 0x00, 0x01, 0xf5, 0x8b, 0xb2, 0xfb, 0xfb, 0xff, 0xff,
    0xff, 0xff, 0xff, 0xff, 0xff, 0xff, 0xff, 0xff, 0xff, 0xad, 0x00, 0x00, 0x00, 0x00, 0x00, 0x02,
    0x00, 0x26, 0xff, 0xf3, 0xfb, 0xff, 0xf9, 0xb4, 0x06, 0x00, 0x00, 0x00, 0x00, 0x00, 0x00, 0x00,
    0x00, 0x00, 0x00, 0x00, 0x00, 0x00, 0x00, 0x00, 0x00, 0x00, 0x00, 0x00, 0x03, 0x92, 0xfb, 0xff,
    0xff, 0xff, 0x9b, 0x66, 0xff, 0xe6, 0x12, 0x00, 0x00, 0x41, 0x06, 0x2b, 0xff, 0xf7, 0xff, 0xff,
    0xff, 0xff, 0xff, 0xff, 0xff, 0xfd, 0xfd, 0xc8, 0x55, 0x04, 0x00, 0x00, 0x00, 0x00, 0x00, 0x68,
    0x2e, 0x04, 0xfd, 0xff, 0xff, 0xd5, 0x67, 0x03, 0x00, 0x00, 0x00, 0x00, 0x00, 0x00, 0x00, 0x00,
    0x00, 0x00, 0x00, 0x00, 0x00, 0x00, 0x00, 0x00, 0x00, 0x00, 0x23, 0x89, 0xe2, 0xf3, 0xfd, 0xfd,
    0xf9, 0xf9, 0xff, 0xff, 0xf7, 0xff, 0xe4, 0x06, 0x00, 0x00, 0x00, 0x00, 0x77, 0xff, 0xfb, 0xff,
    0xff, 0xff, 0xff, 0xff, 0xff, 0xfd, 0xfd, 0xd1, 0x01, 0x00, 0x00, 0x00, 0x00, 0x00, 0x00, 0x83,
    0xf3, 0x08, 0xf5, 0xad, 0x15, 0x01, 0x00, 0x00, 0x00, 0x00, 0x00, 0x00, 0x00, 0x00, 0x00, 0x00,
    0x00, 0x00, 0x00, 0x00, 0x00, 0x00, 0x00, 0x00, 0x04, 0x95, 0xff, 0xff, 0xff, 0xff, 0xff, 0xff,
    0xff, 0xff, 0xfb, 0xfb, 0xff, 0xf7, 0xff, 0x7b, 0x40, 0x1a, 0x00, 0x00, 0x30, 0xff, 0xf7, 0xff,
    0xff, 0xff, 0xff, 0xff, 0xff, 0xff, 0xf9, 0xff, 0x70, 0x00, 0x00, 0x00, 0x00, 0x00, 0x00, 0x61,
    0xfd, 0x7f, 0xe8, 0x06, 0x00, 0x00, 0x00, 0x00, 0x00, 0x00, 0x00, 0x00, 0x00, 0x00, 0x00, 0x00,
    0x00, 0x00, 0x00, 0x00, 0x00, 0x00, 0x00, 0x09, 0xed, 0xff, 0xf1, 0xf9, 0xfd, 0xff, 0xff, 0xff,
    0xff, 0xff, 0xff, 0xff, 0xff, 0xff, 0xfd, 0xf7, 0xe8, 0xda, 0x04, 0x00, 0x70, 0xff, 0xf7, 0xff,
    0xff, 0xff, 0xff, 0xff, 0xff, 0xff, 0xff, 0xf9, 0xff, 0x10, 0x00, 0x00, 0x00, 0x00, 0x00, 0x23,
    0xff, 0xff, 0xc8, 0x00, 0x00, 0x00, 0x00, 0x00, 0x00, 0x00, 0x00, 0x00, 0x00, 0x00, 0x00, 0x00,
    0x00, 0x00, 0x00, 0x00, 0x00, 0x00, 0x00, 0x09, 0x15, 0x45, 0xeb, 0xfb, 0xff, 0xff, 0xff, 0xff,
    0xff, 0xff, 0xff, 0xff, 0xff, 0xff, 0xff, 0xff, 0xfd, 0xff, 0xa2, 0x00, 0x1e, 0xef, 0xfd, 0xfd,
    0xff, 0xff, 0xff, 0xff, 0xff, 0xff, 0xff, 0xf9, 0xff, 0xa3, 0x00, 0x00, 0x00, 0x00, 0x00, 0x00,
    0x9b, 0xff, 0xd7, 0x01, 0x00, 0x00, 0x00, 0x00, 0x00, 0x00, 0x00, 0x00, 0x00, 0x00, 0x00, 0x00,
    0x00, 0x00, 0x00, 0x00, 0x00, 0x00, 0x00, 0x00, 0x34, 0xed, 0xfd, 0xfd, 0xff, 0xff, 0xff, 0xff,
    0xff, 0xff, 0xff, 0xff, 0xff, 0xff, 0xff, 0xff, 0xfd, 0xf9, 0xff, 0x8c, 0x6c, 0xff, 0xfd, 0xff,
    0xff, 0xff, 0xff, 0xff, 0xff, 0xff, 0xff, 0xff, 0xf9, 0xff, 0x1b, 0x00, 0x00, 0x00, 0x00, 0x00,
    0x01, 0xa2, 0xff, 0x12, 0x00, 0x02, 0x62, 0x00, 0x00, 0x00, 0x00, 0x00, 0x00, 0x00, 0x00, 0x00,
    0x00, 0x00, 0x00, 0x00, 0x00, 0x00, 0x00, 0x70, 0xff, 0xff, 0xff, 0xff, 0xff, 0xff, 0xff, 0xff,
    0xff, 0xff, 0xff, 0xff, 0xff, 0xff, 0xff, 0xff, 0xff, 0xff, 0xfb, 0xff, 0xff, 0xff, 0xff, 0xff,
    0xff, 0xff, 0xff, 0xff, 0xff, 0xff, 0xff, 0xff, 0xf9, 0xfd, 0x91, 0x00, 0x00, 0x00, 0x00, 0x02,
    0x03, 0x00, 0xaa, 0xaf, 0x00, 0x14, 0xff, 0x22, 0x00, 0x00, 0x00, 0x00, 0x00, 0x00, 0x00, 0x00,
    0x00, 0x00, 0x00, 0x00, 0x00, 0x00, 0x69, 0xff, 0xf5, 0xff, 0xff, 0xff, 0xff, 0xff, 0xff, 0xff,
    0xff, 0xfb, 0xff, 0xff, 0xff, 0xff, 0xff, 0xff, 0xff, 0xff, 0xff, 0xf9, 0xf9, 0xff, 0xff, 0xff,
    0xff, 0xff, 0xff, 0xff, 0xff, 0xff, 0xff, 0xff, 0xff, 0xfd, 0xf9, 0x07, 0x00, 0x00, 0x00, 0x04,
    0xcc, 0x1f, 0x02, 0xdc, 0x47, 0x42, 0xfb, 0xb9, 0x00, 0x00, 0x00, 0x00, 0x00, 0x00, 0x00, 0x00,
    0x00, 0x00, 0x00, 0x00, 0x00, 0x27, 0xff, 0xe9, 0xff, 0xff, 0xff, 0xff, 0xff, 0xff, 0xff, 0xfd,
    0xff, 0xff, 0xfd, 0xfd, 0xff, 0xff, 0xff, 0xff, 0xff, 0xff, 0xff, 0xff, 0xff, 0xff, 0xff, 0xff,
    0xff, 0xff, 0xff, 0xff, 0xff, 0xff, 0xff, 0xff, 0xff, 0xf7, 0xff, 0x3e, 0x00, 0x00, 0x00, 0x00,
    0x77, 0xff, 0x95, 0xa3, 0xff, 0xe8, 0xfb, 0xff, 0x14, 0x00, 0x00, 0x00, 0x00, 0x00, 0x00, 0x00,
    0x00, 0x00, 0x00, 0x00, 0x00, 0x0d, 0x22, 0xe8, 0xfd, 0xfd, 0xff, 0xff, 0xff, 0xff, 0xfd, 0xff,
    0xff, 0xb7, 0xff, 0xff, 0xfd, 0xff, 0xff, 0xff, 0xff, 0xff, 0xff, 0xff, 0xff, 0xff, 0xff, 0xff,
    0xff, 0xff, 0xff, 0xff, 0xff, 0xff, 0xff, 0xff, 0xff, 0xf9, 0xff, 0x9e, 0x00, 0x00, 0x00, 0x00,
    0x04, 0xd9, 0xff, 0xff, 0xfb, 0xff, 0xf7, 0xfd, 0x4a, 0x00, 0x00, 0x00, 0x00, 0x00, 0x00, 0x00,
    0x00, 0x00, 0x00, 0x00, 0x00, 0x00, 0x75, 0xff, 0xf9, 0xff, 0xff, 0xff, 0xff, 0xfd, 0xff, 0xe0,
    0x16, 0x00, 0x1a, 0xeb, 0xf9, 0xfd, 0xff, 0xff, 0xff, 0xff, 0xff, 0xff, 0xff, 0xff, 0xff, 0xff,
    0xff, 0xff, 0xff, 0xff, 0xff, 0xff, 0xff, 0xff, 0xff, 0xfb, 0xff, 0xce, 0x00, 0x00, 0x00, 0x00,
    0x00, 0x0b, 0xba, 0xff, 0xff, 0xfd, 0xf7, 0xff, 0x61, 0x00, 0x00, 0x00, 0x00, 0x00, 0x00, 0x00,
    0x00, 0x00, 0x00, 0x00, 0x00, 0x14, 0xff, 0xf9, 0xff, 0xff, 0xff, 0xff, 0xfd, 0xfb, 0xef, 0x0e,
    0x00, 0x00, 0x00, 0x35, 0xff, 0xf7, 0xff, 0xff, 0xff, 0xff, 0xff, 0xff, 0xff, 0xff, 0xff, 0xff,
    0xff, 0xff, 0xff, 0xff, 0xff, 0xff, 0xff, 0xff, 0xff, 0xfb, 0xff, 0xab, 0x00, 0x00, 0x00, 0x00,
    0x00, 0x00, 0x01, 0x43, 0xd9, 0xf9, 0xf5, 0xff, 0x45, 0x00, 0x00, 0x00, 0x00, 0x00, 0x00, 0x00,
    0x00, 0x00, 0x00, 0x00, 0x00, 0x95, 0xff, 0xf9, 0xff, 0xff, 0xff, 0xff, 0xf7, 0xff, 0x46, 0x00,
    0x00, 0x00, 0x00, 0x00, 0xbe, 0xfd, 0xfb, 0xff, 0xff, 0xff, 0xff, 0xff, 0xff, 0xff, 0xff, 0xff,
    0xff, 0xff, 0xff, 0xff, 0xff, 0xff, 0xff, 0xff, 0xff, 0xf7, 0xff, 0x49, 0x00, 0x00, 0x00, 0x00,
    0x00, 0x00, 0x00, 0x3f, 0xde, 0xff, 0xf1, 0xff, 0x28, 0x00, 0x00, 0x00, 0x00, 0x00, 0x00, 0x00,
    0x00, 0x00, 0x00, 0x00, 0x09, 0xfd, 0xfb, 0xff, 0xff, 0xff, 0xff, 0xff, 0xfb, 0xff, 0x0d, 0x00,
    0x00, 0x00, 0x00, 0x00, 0x13, 0xff, 0xf9, 0xfd, 0xff, 0xff, 0xff, 0xff, 0xff, 0xff, 0xff, 0xff,
    0xff, 0xff, 0xff, 0xff, 0xff, 0xff, 0xff, 0xff, 0xff, 0xfd, 0xfd, 0x0a, 0x00, 0x00, 0x00, 0x00,
    0x00, 0x00, 0x00, 0x07, 0x32, 0xce, 0xff, 0xff, 0x3f, 0x00, 0x01, 0x00, 0x00, 0x00, 0x00, 0x00,
    0x00, 0x00, 0x00, 0x00, 0x41, 0xff, 0xf5, 0xff, 0xff, 0xff, 0xff, 0xff, 0xfd, 0xff, 0x0d, 0x00,
    0x00, 0x00, 0x00, 0x00, 0x00, 0x36, 0xff, 0xfb, 0xff, 0xff, 0xff, 0xff, 0xff, 0xff, 0xff, 0xff,
    0xff, 0xff, 0xff, 0xff, 0xff, 0xff, 0xff, 0xff, 0xfd, 0xff, 0xde, 0x01, 0x00, 0x00, 0x00, 0x00,
    0x00, 0x00, 0x00, 0x00, 0x00, 0x03, 0xb0, 0xff, 0x64, 0x6b, 0x0d, 0x00, 0x00, 0x00, 0x00, 0x00,
    0x00, 0x00, 0x00, 0x00, 0x7b, 0xfd, 0xff, 0xff, 0xff, 0xff, 0xff, 0xff, 0xf9, 0xff, 0x19, 0x00,
    0x00, 0x00, 0x00, 0x00, 0x00, 0x00, 0x56, 0xff, 0xf9, 0xff, 0xff, 0xff, 0xff, 0xff, 0xff, 0xff,
    0xff, 0xff, 0xff, 0xff, 0xff, 0xff, 0xff, 0xff, 0xfd, 0xff, 0xed, 0x03, 0x00, 0x00, 0x00, 0x00,
    0x00, 0x00, 0x00, 0x00, 0x00, 0x00, 0x12, 0xff, 0xed, 0xff, 0x08, 0x00, 0x00, 0x00, 0x00, 0x00,
    0x00, 0x00, 0x00, 0x00, 0x9e, 0xff, 0xc7, 0xff, 0xfd, 0xff, 0xff, 0xff, 0xf7, 0xff, 0x4a, 0x00,
    0x00, 0x00, 0x00, 0x00, 0x01, 0x79, 0xb9, 0xfd, 0xfd, 0xff, 0xff, 0xff, 0xff, 0xff, 0xff, 0xff,
    0xff, 0xff, 0xff, 0xfb, 0xf9, 0xff, 0xff, 0xff, 0xff, 0xf9, 0xff, 0x21, 0x00, 0x00, 0x00, 0x00,
    0x00, 0x00, 0x00, 0x00, 0x00, 0x00, 0x04, 0xf3, 0xff, 0xef, 0x04, 0x00, 0x00, 0x00, 0x00, 0x00,
    0x00, 0x00, 0x00, 0x00, 0xba, 0x67, 0x52, 0xff, 0xf7, 0xff, 0xff, 0xff, 0xfb, 0xfd, 0x22, 0x00,
    0x00, 0x00, 0x00, 0x00, 0x00, 0x97, 0xff, 0xf9, 0xff, 0xff, 0xff, 0xff, 0xff, 0xff, 0xff, 0xff,
    0xff, 0xff, 0xfb, 0xff, 0xff, 0xf7, 0xff, 0xff, 0xff, 0xf7, 0xff, 0x6c, 0x00, 0x00, 0x00, 0x00,
    0x00, 0x00, 0x00, 0x00, 0x00, 0x02, 0x05, 0xf9, 0xfd, 0xaf, 0x00, 0x00, 0x00, 0x00, 0x00, 0x00,
    0x00, 0x00, 0x00, 0x00, 0x1e, 0x01, 0x57, 0xff, 0xf7, 0xff, 0xff, 0xff, 0xf9, 0xff, 0x6c, 0x00,
    0x00, 0x00, 0x00, 0x00, 0x00, 0x01, 0x85, 0xfb, 0xfb, 0xff, 0xff, 0xff, 0xff, 0xff, 0xff, 0xff,
    0xff, 0xf9, 0xff, 0xa5, 0x1e, 0xc1, 0xff, 0xfb, 0xff, 0xfb, 0xff, 0xc0, 0x00, 0x00, 0x00, 0x00,
    0x00, 0x00, 0x00, 0x00, 0x00, 0x89, 0x38, 0xff, 0xff, 0x45, 0x00, 0x00, 0x00, 0x00, 0x00, 0x00,
    0x00, 0x00, 0x00, 0x00, 0x00, 0x00, 0x47, 0xff, 0xf7, 0xff, 0xff, 0xff, 0xff, 0xfb, 0xff, 0x30,
    0x00, 0x00, 0x00, 0x00, 0x00, 0x00, 0x42, 0xff, 0xf7, 0xff, 0xff, 0xff, 0xff, 0xff, 0xff, 0xff,
    0xf9, 0xff, 0x98, 0x00, 0x00, 0x3b, 0xff, 0xf7, 0xff, 0xfd, 0xff, 0xf7, 0x05, 0x00, 0x00, 0x00,
    0x00, 0x00, 0x00, 0x00, 0x07, 0xfd, 0xed, 0xff, 0xf9, 0x05, 0x00, 0x00, 0x00, 0x00, 0x00, 0x00,
    0x00, 0x00, 0x00, 0x00, 0x00, 0x00, 0x23, 0xff, 0xf7, 0xff, 0xff, 0xff, 0xff, 0xfd, 0xf9, 0xff,
    0x46, 0x01, 0x00, 0x00, 0x00, 0x01, 0x68, 0xfb, 0xff, 0xfd, 0xff, 0xff, 0xff, 0xff, 0xff, 0xf9,
    0xff, 0xd9, 0x03, 0x00, 0x00, 0x00, 0x70, 0xff, 0xf7, 0xff, 0xfd, 0xff, 0x0c, 0x00, 0x00, 0x00,
    0x00, 0x00, 0x00, 0x00, 0x36, 0xff, 0xf3, 0xff, 0x54, 0x00, 0x00, 0x00, 0x00, 0x00, 0x00, 0x00,
    0x00, 0x00, 0x00, 0x00, 0x00, 0x00, 0x06, 0xf9, 0xfd, 0xfb, 0xff, 0xff, 0xff, 0xff, 0xfd, 0xf9,
    0xff, 0x16, 0x00, 0x00, 0x00, 0x00, 0x00, 0x04, 0x9a, 0xfd, 0xfb, 0xff, 0xff, 0xff, 0xfb, 0xff,
    0xef, 0x0f, 0x00, 0x00, 0x00, 0x00, 0x00, 0xb7, 0xff, 0xfb, 0xf9, 0xff, 0x17, 0x00, 0x00, 0x00,
    0x00, 0x00, 0x00, 0x00, 0xc1, 0xfd, 0xf7, 0xf5, 0x61, 0x00, 0x00, 0x00, 0x00, 0x00, 0x00, 0x00,
    0x00, 0x00, 0x00, 0x00, 0x00, 0x00, 0x00, 0xa0, 0xff, 0xff, 0xff, 0xff, 0xff, 0xff, 0xff, 0xfd,
    0xf3, 0xc1, 0x6b, 0x39, 0x41, 0x14, 0x00, 0x0e, 0xb9, 0xfd, 0xfb, 0xff, 0xff, 0xfd, 0xff, 0xd9,
    0x11, 0x00, 0x00, 0x00, 0x00, 0x00, 0x00, 0x08, 0xd7, 0xfb, 0xf5, 0xff, 0x3f, 0x00, 0x00, 0x00,
    0x00, 0x00, 0x01, 0x68, 0xff, 0xf7, 0xf7, 0xff, 0x34, 0x00, 0x00, 0x00, 0x00, 0x00, 0x00, 0x00,
    0x00, 0x00, 0x00, 0x00, 0x00, 0x00, 0x00, 0x21, 0xfb, 0xc3, 0xfd, 0xfb, 0xff, 0xff, 0xff, 0xff,
    0xff, 0xff, 0xff, 0xff, 0xff, 0x83, 0xa5, 0xff, 0xff, 0xff, 0xff, 0xff, 0xfd, 0xfd, 0xd1, 0x03,
    0x00, 0x00, 0x00, 0x00, 0x00, 0x00, 0x00, 0x00, 0x5b, 0xff, 0xf3, 0xfd, 0xcf, 0x04, 0x00, 0x00,
    0x00, 0x02, 0xab, 0xff, 0xf1, 0xff, 0xff, 0x47, 0x00, 0x00, 0x00, 0x00, 0x00, 0x00, 0x00, 0x00,
    0x00, 0x00, 0x00, 0x00, 0x00, 0x00, 0x00, 0x00, 0x3d, 0x22, 0xff, 0xf7, 0xfd, 0xff, 0xff, 0xff,
    0xff, 0xfd, 0xf7, 0xf7, 0xf7, 0xff, 0xff, 0xfd, 0xfb, 0xf9, 0xfd, 0xff, 0xfd, 0xfb, 0xf1, 0x0a,
    0x00, 0x00, 0x00, 0x00, 0x00, 0x00, 0x00, 0x00, 0x69, 0xff, 0xf7, 0xfd, 0xff, 0xd1, 0x56, 0x3c,
    0x50, 0xc7, 0xff, 0xff, 0xff, 0xcc, 0x26, 0x00, 0x00, 0x00, 0x00, 0x00, 0x00, 0x00, 0x00, 0x00,
    0x00, 0x00, 0x00, 0x00, 0x00, 0x00, 0x00, 0x00, 0x00, 0x00, 0x4d, 0xff, 0xf5, 0xfd, 0xfd, 0xfb,
    0xff, 0xff, 0xff, 0xff, 0xff, 0xf9, 0xfb, 0xff, 0xff, 0xff, 0xff, 0xff, 0xff, 0xfb, 0xff, 0xca,
    0x11, 0x05, 0x06, 0x00, 0x00, 0x00, 0x00, 0x02, 0xdc, 0xfb, 0xfd, 0xff, 0xfd, 0xff, 0xff, 0xff,
    0xff, 0xff, 0xe2, 0x9a, 0x30, 0x01, 0x00, 0x00, 0x00, 0x00, 0x00, 0x00, 0x00, 0x00, 0x00, 0x00,
    0x00, 0x00, 0x00, 0x00, 0x00, 0x00, 0x00, 0x00, 0x00, 0x00, 0x00, 0x61, 0xff, 0xfd, 0xff, 0xff,
    0xf7, 0xf9, 0xfb, 0xfd, 0xfd, 0xfd, 0xf9, 0xf7, 0xf7, 0x7e, 0xaa, 0xff, 0xfb, 0xff, 0xfd, 0xff,
    0xff, 0xef, 0xf9, 0x44, 0x00, 0x00, 0x00, 0x02, 0xd5, 0xff, 0xfd, 0xfd, 0xf5, 0xf5, 0xf3, 0xff,
    0xf9, 0xf5, 0xda, 0x00, 0x00, 0x00, 0x00, 0x00, 0x00, 0x00, 0x00, 0x00, 0x00, 0x00, 0x00, 0x00,
    0x00, 0x00, 0x00, 0x00, 0x00, 0x00, 0x00, 0x00, 0x00, 0x00, 0x00, 0x00, 0x36, 0xed, 0x7e, 0xcc,
    0xff, 0xff, 0xff, 0xff, 0xff, 0xff, 0xff, 0xfb, 0x20, 0x00, 0x71, 0xff, 0xf7, 0xf9, 0xfd, 0xfb,
    0xfd, 0xff, 0xf5, 0xff, 0x40, 0x00, 0x00, 0x00, 0x05, 0x13, 0x1b, 0xff, 0xff, 0xff, 0xff, 0xd7,
    0xe6, 0xff, 0x78, 0x02, 0x00, 0x00, 0x00, 0x00, 0x00, 0x00, 0x00, 0x00, 0x00, 0x00, 0x00, 0x00,
    0x00, 0x00, 0x00, 0x00, 0x00, 0x00, 0x00, 0x00, 0x00, 0x00, 0x00, 0x00, 0x00, 0x08, 0x14, 0x01,
    0x2e, 0x80, 0xc8, 0xef, 0xfb, 0xe8, 0x9d, 0x25, 0x00, 0x01, 0xe6, 0xf9, 0xfd, 0xff, 0xff, 0xf9,
    0xf9, 0xff, 0xff, 0xff, 0xb4, 0x00, 0x00, 0x00, 0x00, 0x00, 0x00, 0x17, 0x55, 0x46, 0xb9, 0x14,
    0x04, 0x2f, 0x00, 0x00, 0x00, 0x00, 0x00, 0x00, 0x00, 0x00, 0x00, 0x00, 0x00, 0x00, 0x00, 0x00,
    0x00, 0x00, 0x00, 0x00, 0x00, 0x00, 0x00, 0x00, 0x00, 0x00, 0x00, 0x00, 0x00, 0x00, 0x00, 0x00,
    0x00, 0x00, 0x00, 0x03, 0x06, 0x03, 0x00, 0x00, 0x00, 0x00, 0x7e, 0xff, 0xf5, 0x32, 0xda, 0xff,
    0xff, 0xbe, 0x1b, 0x38, 0x62, 0x00, 0x00, 0x00, 0x00, 0x00, 0x00, 0x00, 0x00, 0x00, 0x00, 0x00,
    0x00, 0x00, 0x00, 0x00, 0x00, 0x00, 0x00, 0x00, 0x00, 0x00, 0x00, 0x00, 0x00, 0x00, 0x00, 0x00,
    0x00, 0x00, 0x00, 0x00, 0x00, 0x00, 0x00, 0x00, 0x00, 0x00, 0x00, 0x00, 0x00, 0x00, 0x00, 0x00,
    0x00, 0x00, 0x00, 0x00, 0x00, 0x00, 0x00, 0x00, 0x00, 0x00, 0x00, 0x73, 0x34, 0x00, 0x07, 0x14,
    0x4f, 0x37, 0x00, 0x00, 0x00, 0x00, 0x00, 0x00, 0x00, 0x00, 0x00, 0x00, 0x00, 0x00, 0x00, 0x00,
    0x00, 0x00, 0x00, 0x00, 0x00, 0x00, 0x00, 0x00, 0x00, 0x00, 0x00, 0x00, 0x00, 0x00, 0x00, 0x00,
    0x00, 0x00, 0x00, 0x00, 0x00, 0x00, 0x00, 0x00, 0x00, 0x00, 0x00, 0x00, 0x00, 0x00, 0x00, 0x00,
    0x00, 0x00, 0x00, 0x00, 0x00, 0x00, 0x00, 0x00, 0x00, 0x00, 0x00, 0x00, 0x00, 0x00, 0x00, 0x00,
    0x00, 0x00, 0x00, 0x00, 0x00, 0x00, 0x00, 0x00, 0x00, 0x00, 0x00, 0x00, 0x00, 0x00, 0x00, 0x00,
    0x00, 0x00, 0x00, 0x00, 0x00, 0x00, 0x00, 0x00, 0x00, 0x00, 0x00, 0x00, 0x00, 0x00, 0x00, 0x00,
    0x00, 0x00, 0x00, 0x00, 0x00, 0x00, 0x00, 0x00, 0x00, 0x00, 0x00, 0x00, 0x00, 0x00, 0x00, 0x00,
    0x00, 0x00, 0x00, 0x00, 0x00, 0x00, 0x00, 0x00, 0x00, 0x00, 0x00, 0x00, 0x00, 0x00, 0x00, 0x00,
    0x00, 0x00, 0x00, 0x00, 0x00, 0x00, 0x00, 0x00, 0x00, 0x00, 0x00, 0x00, 0x00, 0x00, 0x00, 0x00,
    0x00, 0x00, 0x00, 0x00, 0x00, 0x00, 0x00, 0x00, 0x00, 0x00, 0x00, 0x00, 0x00, 0x00, 0x00, 0x00,
};

const lv_image_dsc_t happy_frame_5_dsc = {
    .header.w = 64,
    .header.h = 64,
    .header.cf = LV_COLOR_FORMAT_RGB565A8,
    .data_size = 12288,
    .data = happy_frame_5_data,
};

/* Frame 6: frame_006.png */
static const uint8_t happy_frame_6_data[] = {
    0x00, 0x00, 0x00, 0x00, 0x00, 0x00, 0x00, 0x00, 0x00, 0x00, 0x00, 0x00, 0x00, 0x00, 0x00, 0x00,
    0x00, 0x00, 0x00, 0x00, 0x00, 0x00, 0x00, 0x00, 0x00, 0x00, 0x00, 0x00, 0x00, 0x00, 0x00, 0x00,
    0x00, 0x00, 0x00, 0x00, 0x00, 0x00, 0x00, 0x00, 0x00, 0x00, 0x00, 0x00, 0x00, 0x00, 0x00, 0x00,
    0x00, 0x00, 0x00, 0x00, 0x00, 0x00, 0x00, 0x00, 0x00, 0x00, 0x00, 0x00, 0x00, 0x00, 0x00, 0x00,
    0x00, 0x00, 0x00, 0x00, 0x00, 0x00, 0x00, 0x00, 0x00, 0x00, 0x00, 0x00, 0x00, 0x00, 0x00, 0x00,
    0x00, 0x00, 0x00, 0x00, 0x00, 0x00, 0x00, 0x00, 0x00, 0x00, 0x00, 0x00, 0x00, 0x00, 0x00, 0x00,
    0x00, 0x00, 0x00, 0x00, 0x00, 0x00, 0x00, 0x00, 0x00, 0x00, 0x00, 0x00, 0x00, 0x00, 0x00, 0x00,
    0x00, 0x00, 0x00, 0x00, 0x00, 0x00, 0x00, 0x00, 0x00, 0x00, 0x00, 0x00, 0x00, 0x00, 0x00, 0x00,
    0x00, 0x00, 0x00, 0x00, 0x00, 0x00, 0x00, 0x00, 0x00, 0x00, 0x00, 0x00, 0x00, 0x00, 0x00, 0x00,
    0x00, 0x00, 0x00, 0x00, 0x00, 0x00, 0x00, 0x00, 0x00, 0x00, 0x00, 0x00, 0x00, 0x00, 0x00, 0x00,
    0x00, 0x00, 0x00, 0x00, 0x00, 0x00, 0x00, 0x00, 0x00, 0x00, 0x00, 0x00, 0x00, 0x00, 0x00, 0x00,
    0x00, 0x00, 0x00, 0x00, 0x00, 0x00, 0x00, 0x00, 0x00, 0x00, 0x00, 0x00, 0x00, 0x00, 0x00, 0x00,
    0x00, 0x00, 0x00, 0x00, 0x00, 0x00, 0x00, 0x00, 0x00, 0x00, 0x00, 0x00, 0x00, 0x00, 0x00, 0x00,
    0x00, 0x00, 0x00, 0x00, 0x00, 0x00, 0x00, 0x00, 0x00, 0x00, 0x00, 0x00, 0x00, 0x00, 0x00, 0x00,
    0x00, 0x00, 0x00, 0x00, 0x00, 0x00, 0x00, 0x00, 0x00, 0x00, 0x00, 0x00, 0x00, 0x00, 0x00, 0x00,
    0x00, 0x00, 0x00, 0x00, 0x00, 0x00, 0x00, 0x00, 0x00, 0x00, 0x00, 0x00, 0x00, 0x00, 0x00, 0x00,
    0x00, 0x00, 0x00, 0x00, 0x00, 0x00, 0x00, 0x00, 0x00, 0x00, 0x00, 0x00, 0x00, 0x00, 0x00, 0x00,
    0x00, 0x00, 0x00, 0x00, 0x00, 0x00, 0x00, 0x00, 0x00, 0x00, 0x00, 0x00, 0x00, 0x00, 0x00, 0x00,
    0x00, 0x00, 0x00, 0x00, 0x00, 0x00, 0x00, 0x00, 0x00, 0x00, 0x00, 0x00, 0x00, 0x00, 0x00, 0x00,
    0x00, 0x00, 0x00, 0x00, 0x00, 0x00, 0x00, 0x00, 0x00, 0x00, 0x00, 0x00, 0x00, 0x00, 0x00, 0x00,
    0x00, 0x00, 0x00, 0x00, 0x00, 0x00, 0x00, 0x00, 0x00, 0x00, 0x00, 0x00, 0x00, 0x00, 0x00, 0x00,
    0x00, 0x00, 0x00, 0x00, 0x00, 0x00, 0x00, 0x00, 0x00, 0x00, 0x00, 0x00, 0x00, 0x00, 0x00, 0x00,
    0x00, 0x00, 0x00, 0x00, 0x00, 0x00, 0x00, 0x00, 0x00, 0x00, 0x00, 0x00, 0x00, 0x00, 0x00, 0x00,
    0x00, 0x00, 0x00, 0x00, 0x00, 0x00, 0x00, 0x00, 0x00, 0x00, 0x00, 0x00, 0x00, 0x00, 0x00, 0x00,
    0x00, 0x00, 0x00, 0x00, 0x00, 0x00, 0x00, 0x00, 0x00, 0x00, 0x00, 0x00, 0x00, 0x00, 0x00, 0x00,
    0x00, 0x00, 0x00, 0x00, 0x00, 0x00, 0x00, 0x00, 0x00, 0x00, 0x00, 0x00, 0x00, 0x00, 0x00, 0x00,
    0x00, 0x00, 0x00, 0x00, 0x00, 0x00, 0x00, 0x00, 0x00, 0x00, 0x00, 0x00, 0x00, 0x00, 0x20, 0x00,
    0x61, 0x00, 0x00, 0x00, 0x00, 0x00, 0x00, 0x00, 0x00, 0x00, 0x00, 0x00, 0x00, 0x00, 0x00, 0x00,
    0x00, 0x00, 0x00, 0x00, 0x00, 0x00, 0xa1, 0x00, 0xc2, 0x00, 0x00, 0x00, 0x00, 0x00, 0x00, 0x00,
    0x00, 0x00, 0x00, 0x00, 0x00, 0x00, 0x00, 0x00, 0x00, 0x00, 0x00, 0x00, 0x00, 0x00, 0x00, 0x00,
    0x00, 0x00, 0x00, 0x00, 0x00, 0x00, 0x00, 0x00, 0x00, 0x00, 0x00, 0x00, 0x00, 0x00, 0x00, 0x00,
    0x00, 0x00, 0x00, 0x00, 0x00, 0x00, 0x00, 0x00, 0x00, 0x00, 0x00, 0x00, 0x00, 0x00, 0x00, 0x00,
    0x00, 0x00, 0x00, 0x00, 0x00, 0x00, 0x00, 0x00, 0x00, 0x00, 0x00, 0x00, 0x00, 0x00, 0x00, 0x00,
    0x00, 0x00, 0x00, 0x00, 0x00, 0x00, 0x00, 0x00, 0x00, 0x00, 0x00, 0x00, 0x00, 0x00, 0x00, 0x00,
    0x00, 0x00, 0x00, 0x00, 0x00, 0x00, 0x00, 0x00, 0x00, 0x00, 0x00, 0x00, 0x00, 0x00, 0x26, 0x00,
    0x84, 0x00, 0x00, 0x00, 0x00, 0x00, 0x00, 0x00, 0x00, 0x00, 0x00, 0x00, 0x00, 0x00, 0x00, 0x00,
    0x00, 0x00, 0x00, 0x00, 0x20, 0x00, 0x28, 0x00, 0xc2, 0x00, 0x00, 0x00, 0x00, 0x00, 0x00, 0x00,
    0x00, 0x00, 0x00, 0x00, 0x00, 0x00, 0x00, 0x00, 0x00, 0x00, 0x00, 0x00, 0x00, 0x00, 0x00, 0x00,
    0x00, 0x00, 0x00, 0x00, 0x00, 0x00, 0x00, 0x00, 0x00, 0x00, 0x00, 0x00, 0x00, 0x00, 0x00, 0x00,
    0x00, 0x00, 0x00, 0x00, 0x00, 0x00, 0x00, 0x00, 0x00, 0x00, 0x00, 0x00, 0x00, 0x00, 0x00, 0x00,
    0x00, 0x00, 0x00, 0x00, 0x00, 0x00, 0x00, 0x00, 0x00, 0x00, 0x00, 0x00, 0x00, 0x00, 0x00, 0x00,
    0x00, 0x00, 0x00, 0x00, 0x00, 0x00, 0x00, 0x00, 0x00, 0x00, 0x00, 0x00, 0x00, 0x00, 0x00, 0x00,
    0x00, 0x00, 0x00, 0x00, 0x00, 0x00, 0x00, 0x00, 0x00, 0x00, 0x00, 0x00, 0x61, 0x00, 0x8a, 0x00,
    0xa2, 0x00, 0x00, 0x00, 0x00, 0x00, 0x00, 0x00, 0x00, 0x00, 0x00, 0x00, 0x00, 0x00, 0x00, 0x00,
    0x00, 0x00, 0x00, 0x00, 0x02, 0x00, 0x2b, 0x00, 0x81, 0x00, 0x00, 0x00, 0x00, 0x00, 0x00, 0x00,
    0x00, 0x00, 0x00, 0x00, 0x00, 0x00, 0x00, 0x00, 0x00, 0x00, 0x00, 0x00, 0x00, 0x00, 0x00, 0x00,
    0x00, 0x00, 0x00, 0x00, 0x00, 0x00, 0x00, 0x00, 0x00, 0x00, 0x00, 0x00, 0x00, 0x00, 0x00, 0x00,
    0x00, 0x00, 0x00, 0x00, 0x00, 0x00, 0x00, 0x00, 0x00, 0x00, 0x00, 0x00, 0x00, 0x00, 0x00, 0x00,
    0x00, 0x00, 0x00, 0x00, 0x00, 0x00, 0x00, 0x00, 0x00, 0x00, 0x00, 0x00, 0x00, 0x00, 0x00, 0x00,
    0x00, 0x00, 0x00, 0x00, 0x00, 0x00, 0x00, 0x00, 0x00, 0x00, 0x00, 0x00, 0x00, 0x00, 0x00, 0x00,
    0x00, 0x00, 0x00, 0x00, 0x00, 0x00, 0x00, 0x00, 0x00, 0x00, 0x00, 0x00, 0x02, 0x00, 0xeb, 0x00,
    0xe2, 0x00, 0x00, 0x00, 0x00, 0x00, 0x00, 0x00, 0x00, 0x00, 0x00, 0x00, 0x00, 0x00, 0x00, 0x00,
    0x00, 0x00, 0x00, 0x00, 0x23, 0x00, 0x4b, 0x00, 0xe5, 0x00, 0x00, 0x00, 0x20, 0x00, 0x23, 0x00,
    0x00, 0x00, 0x00, 0x00, 0x00, 0x00, 0x00, 0x00, 0x00, 0x00, 0x00, 0x00, 0x00, 0x00, 0x00, 0x00,
    0x00, 0x00, 0x00, 0x00, 0x00, 0x00, 0x00, 0x00, 0x00, 0x00, 0x00, 0x00, 0x00, 0x00, 0x00, 0x00,
    0x00, 0x00, 0x00, 0x00, 0x00, 0x00, 0x00, 0x00, 0x00, 0x00, 0x00, 0x00, 0x00, 0x00, 0x00, 0x00,
    0x00, 0x00, 0x00, 0x00, 0x00, 0x00, 0x00, 0x00, 0x00, 0x00, 0x00, 0x00, 0x00, 0x00, 0x00, 0x00,
    0x00, 0x00, 0x00, 0x00, 0x00, 0x00, 0x00, 0x00, 0x00, 0x00, 0x00, 0x00, 0x00, 0x00, 0x00, 0x00,
    0x00, 0x00, 0x00, 0x00, 0x00, 0x00, 0x00, 0x00, 0x00, 0x00, 0x00, 0x00, 0xc2, 0x00, 0x29, 0x00,
    0xc8, 0x00, 0x20, 0x00, 0x00, 0x00, 0x61, 0x00, 0xc5, 0x00, 0x00, 0x00, 0x00, 0x00, 0x00, 0x00,
    0x00, 0x00, 0x00, 0x00, 0xa1, 0x00, 0x08, 0x00, 0xaa, 0x00, 0xa1, 0x00, 0x00, 0x00, 0xc7, 0x00,
    0x00, 0x00, 0x00, 0x00, 0x00, 0x00, 0x00, 0x00, 0x00, 0x00, 0x00, 0x00, 0x00, 0x00, 0x00, 0x00,
    0x00, 0x00, 0x00, 0x00, 0x00, 0x00, 0x00, 0x00, 0x00, 0x00, 0x00, 0x00, 0x00, 0x00, 0x00, 0x00,
    0x00, 0x00, 0x00, 0x00, 0x00, 0x00, 0x00, 0x00, 0x00, 0x00, 0x00, 0x00, 0x00, 0x00, 0x00, 0x00,
    0x00, 0x00, 0x00, 0x00, 0x00, 0x00, 0x00, 0x00, 0x00, 0x00, 0x00, 0x00, 0x00, 0x00, 0x00, 0x00,
    0x00, 0x00, 0x00, 0x00, 0x00, 0x00, 0x00, 0x00, 0x00, 0x00, 0x00, 0x00, 0x00, 0x00, 0x00, 0x00,
    0x00, 0x00, 0x00, 0x00, 0x00, 0x00, 0x00, 0x00, 0x00, 0x00, 0x00, 0x00, 0x20, 0x00, 0xe5, 0x00,
    0x09, 0x00, 0x26, 0x00, 0x81, 0x00, 0xc2, 0x00, 0xe8, 0x00, 0x00, 0x00, 0x00, 0x00, 0x00, 0x00,
    0xa4, 0x00, 0x61, 0x00, 0x00, 0x00, 0xc4, 0x00, 0xc7, 0x00, 0x89, 0x00, 0x43, 0x00, 0x08, 0x00,
    0x23, 0x00, 0x00, 0x00, 0x00, 0x00, 0x00, 0x00, 0x00, 0x00, 0x00, 0x00, 0x00, 0x00, 0x00, 0x00,
    0x00, 0x00, 0x00, 0x00, 0x00, 0x00, 0x00, 0x00, 0x00, 0x00, 0x00, 0x00, 0x00, 0x00, 0x00, 0x00,
    0x00, 0x00, 0x00, 0x00, 0x00, 0x00, 0x00, 0x00, 0x00, 0x00, 0x00, 0x00, 0x00, 0x00, 0x00, 0x00,
    0x00, 0x00, 0x00, 0x00, 0x00, 0x00, 0x00, 0x00, 0x00, 0x00, 0x00, 0x00, 0x00, 0x00, 0x00, 0x00,
    0x00, 0x00, 0x00, 0x00, 0x00, 0x00, 0x00, 0x00, 0x00, 0x00, 0x00, 0x00, 0x00, 0x00, 0x00, 0x00,
    0x00, 0x00, 0x00, 0x00, 0x00, 0x00, 0x61, 0x00, 0x61, 0x00, 0x00, 0x00, 0x00, 0x00, 0xc2, 0x00,
    0x26, 0x00, 0xa8, 0x00, 0x67, 0x00, 0x84, 0x00, 0x08, 0x00, 0xe2, 0x00, 0x00, 0x00, 0x00, 0x00,
    0x66, 0x00, 0x49, 0x00, 0x81, 0x00, 0xe2, 0x00, 0x86, 0x00, 0xe7, 0x00, 0x68, 0x00, 0x46, 0x00,
    0x28, 0x00, 0x00, 0x00, 0x00, 0x00, 0x00, 0x00, 0x00, 0x00, 0x00, 0x00, 0x00, 0x00, 0x00, 0x00,
    0x00, 0x00, 0x00, 0x00, 0x00, 0x00, 0x00, 0x00, 0x00, 0x00, 0x00, 0x00, 0x00, 0x00, 0x00, 0x00,
    0x00, 0x00, 0x00, 0x00, 0x00, 0x00, 0x00, 0x00, 0x00, 0x00, 0x00, 0x00, 0x00, 0x00, 0x00, 0x00,
    0x00, 0x00, 0x00, 0x00, 0x00, 0x00, 0x00, 0x00, 0x00, 0x00, 0x00, 0x00, 0x00, 0x00, 0x00, 0x00,
    0x00, 0x00, 0x00, 0x00, 0x00, 0x00, 0x00, 0x00, 0x00, 0x00, 0x00, 0x00, 0x00, 0x00, 0x00, 0x00,
    0x00, 0x00, 0x00, 0x00, 0x00, 0x00, 0xc2, 0x00, 0xc9, 0x00, 0xc8, 0x00, 0x46, 0x00, 0xe5, 0x00,
    0x44, 0x00, 0x26, 0x00, 0xa8, 0x00, 0xc5, 0x00, 0x87, 0x00, 0x49, 0x00, 0xc2, 0x00, 0x00, 0x00,
    0x84, 0x00, 0xca, 0x00, 0x48, 0x00, 0xc4, 0x00, 0x8c, 0x00, 0x08, 0x00, 0x46, 0x00, 0xe4, 0x00,
    0x89, 0x00, 0xe7, 0x00, 0x20, 0x00, 0xc5, 0x00, 0x00, 0x00, 0x00, 0x00, 0x00, 0x00, 0x00, 0x00,
    0x00, 0x00, 0x00, 0x00, 0x00, 0x00, 0x00, 0x00, 0x00, 0x00, 0x00, 0x00, 0x00, 0x00, 0x00, 0x00,
    0x00, 0x00, 0x00, 0x00, 0x00, 0x00, 0x00, 0x00, 0x00, 0x00, 0x00, 0x00, 0x00, 0x00, 0x00, 0x00,
    0x00, 0x00, 0x00, 0x00, 0x00, 0x00, 0x00, 0x00, 0x00, 0x00, 0x00, 0x00, 0x00, 0x00, 0x00, 0x00,
    0x00, 0x00, 0x00, 0x00, 0x00, 0x00, 0x00, 0x00, 0x00, 0x00, 0x00, 0x00, 0x00, 0x00, 0x00, 0x00,
    0x00, 0x00, 0x00, 0x00, 0x00, 0x00, 0x00, 0x00, 0xe2, 0x00, 0x06, 0x00, 0x26, 0x00, 0xe5, 0x00,
    0x02, 0x00, 0x81, 0x00, 0xc5, 0x00, 0xe5, 0x00, 0xc5, 0x00, 0x89, 0x00, 0xa9, 0x00, 0x05, 0x00,
    0xc2, 0x00, 0xc7, 0x00, 0x28, 0x00, 0xc4, 0x00, 0xca, 0x00, 0x8f, 0x00, 0x0b, 0x00, 0xe4, 0x00,
    0x66, 0x00, 0x6b, 0x00, 0x46, 0x00, 0x69, 0x00, 0x61, 0x00, 0x00, 0x00, 0x00, 0x00, 0x00, 0x00,
    0x00, 0x00, 0x00, 0x00, 0x00, 0x00, 0x00, 0x00, 0x00, 0x00, 0x00, 0x00, 0x00, 0x00, 0x00, 0x00,
    0x00, 0x00, 0x00, 0x00, 0x00, 0x00, 0x00, 0x00, 0x00, 0x00, 0x00, 0x00, 0x00, 0x00, 0x00, 0x00,
    0x00, 0x00, 0x00, 0x00, 0x00, 0x00, 0x00, 0x00, 0x00, 0x00, 0x00, 0x00, 0x00, 0x00, 0x00, 0x00,
    0x00, 0x00, 0x00, 0x00, 0x00, 0x00, 0x00, 0x00, 0x00, 0x00, 0x00, 0x00, 0x00, 0x00, 0x00, 0x00,
    0x00, 0x00, 0x00, 0x00, 0x00, 0x00, 0x00, 0x00, 0x00, 0x00, 0x00, 0x00, 0x00, 0x00, 0x00, 0x00,
    0x40, 0x00, 0x00, 0x00, 0x00, 0x00, 0x40, 0x00, 0x02, 0x00, 0x87, 0x00, 0x86, 0x00, 0xea, 0x00,
    0x28, 0x00, 0x25, 0x00, 0xa7, 0x00, 0xc4, 0x00, 0x08, 0x00, 0x8c, 0x00, 0x0d, 0x00, 0x28, 0x00,
    0x83, 0x00, 0x69, 0x00, 0xa7, 0x00, 0x69, 0x00, 0xe2, 0x00, 0x00, 0x00, 0x00, 0x00, 0x00, 0x00,
    0x00, 0x00, 0x00, 0x00, 0x00, 0x00, 0x00, 0x00, 0x00, 0x00, 0x00, 0x00, 0x00, 0x00, 0x00, 0x00,
    0x00, 0x00, 0x00, 0x00, 0x00, 0x00, 0x00, 0x00, 0x00, 0x00, 0x00, 0x00, 0x00, 0x00, 0x00, 0x00,
    0x00, 0x00, 0x00, 0x00, 0x00, 0x00, 0x00, 0x00, 0x00, 0x00, 0x00, 0x00, 0x00, 0x00, 0x00, 0x00,
    0x00, 0x00, 0x00, 0x00, 0x00, 0x00, 0x00, 0x00, 0x00, 0x00, 0x00, 0x00, 0x00, 0x00, 0x00, 0x00,
    0x00, 0x00, 0x00, 0x00, 0x00, 0x00, 0x00, 0x00, 0x00, 0x00, 0x00, 0x00, 0x00, 0x00, 0x00, 0x00,
    0xc5, 0x00, 0xa7, 0x00, 0x06, 0x00, 0x43, 0x00, 0x81, 0x00, 0x84, 0x00, 0x05, 0x00, 0x29, 0x00,
    0x49, 0x00, 0x08, 0x00, 0x66, 0x00, 0x05, 0x00, 0xe5, 0x00, 0xaa, 0x00, 0x8c, 0x00, 0xea, 0x00,
    0xaa, 0x00, 0x45, 0x00, 0x08, 0x00, 0x89, 0x00, 0x81, 0x00, 0x00, 0x00, 0x00, 0x00, 0x00, 0x00,
    0x00, 0x00, 0x00, 0x00, 0x00, 0x00, 0x00, 0x00, 0x00, 0x00, 0x00, 0x00, 0x00, 0x00, 0x00, 0x00,
    0x00, 0x00, 0x00, 0x00, 0x00, 0x00, 0x00, 0x00, 0x00, 0x00, 0x00, 0x00, 0x00, 0x00, 0x00, 0x00,
    0x00, 0x00, 0x00, 0x00, 0x00, 0x00, 0x00, 0x00, 0x00, 0x00, 0x00, 0x00, 0x00, 0x00, 0x00, 0x00,
    0x00, 0x00, 0x00, 0x00, 0x00, 0x00, 0x00, 0x00, 0x00, 0x00, 0x00, 0x00, 0x00, 0x00, 0x00, 0x00,
    0x00, 0x00, 0x00, 0x00, 0x00, 0x00, 0x00, 0x00, 0x00, 0x00, 0x00, 0x00, 0xa5, 0x00, 0xa5, 0x00,
    0xa2, 0x00, 0xc5, 0x00, 0xc8, 0x00, 0xc8, 0x00, 0x46, 0x00, 0x63, 0x00, 0x84, 0x00, 0x66, 0x00,
    0x8d, 0x00, 0xe8, 0x00, 0x46, 0x00, 0xca, 0x00, 0x08, 0x00, 0xc4, 0x00, 0x0b, 0x00, 0xaa, 0x00,
    0x90, 0x00, 0xc7, 0x00, 0xeb, 0x00, 0xe8, 0x00, 0x00, 0x00, 0x00, 0x00, 0x00, 0x00, 0x00, 0x00,
    0x00, 0x00, 0x00, 0x00, 0x00, 0x00, 0x00, 0x00, 0x00, 0x00, 0x00, 0x00, 0x00, 0x00, 0x00, 0x00,
    0x00, 0x00, 0x00, 0x00, 0x00, 0x00, 0x00, 0x00, 0x00, 0x00, 0x00, 0x00, 0x00, 0x00, 0x00, 0x00,
    0x00, 0x00, 0x00, 0x00, 0x00, 0x00, 0x00, 0x00, 0x00, 0x00, 0x00, 0x00, 0x00, 0x00, 0x00, 0x00,
    0x00, 0x00, 0x00, 0x00, 0x00, 0x00, 0x00, 0x00, 0x00, 0x00, 0x00, 0x00, 0x00, 0x00, 0x00, 0x00,
    0x00, 0x00, 0x00, 0x00, 0x00, 0x00, 0x00, 0x00, 0x00, 0x00, 0x00, 0x00, 0x03, 0x00, 0x6a, 0x00,
    0xec, 0x00, 0x8b, 0x00, 0x4a, 0x00, 0xe8, 0x00, 0x06, 0x00, 0x23, 0x00, 0x84, 0x00, 0x43, 0x00,
    0x28, 0x00, 0xb0, 0x00, 0x29, 0x00, 0xa7, 0x00, 0x2b, 0x00, 0x08, 0x00, 0x46, 0x00, 0xca, 0x00,
    0x6f, 0x00, 0xeb, 0x00, 0xea, 0x00, 0x89, 0x00, 0x00, 0x00, 0x00, 0x00, 0x00, 0x00, 0x00, 0x00,
    0x00, 0x00, 0x00, 0x00, 0x00, 0x00, 0x00, 0x00, 0x00, 0x00, 0x00, 0x00, 0x00, 0x00, 0x00, 0x00,
    0x00, 0x00, 0x00, 0x00, 0x00, 0x00, 0x00, 0x00, 0x00, 0x00, 0x00, 0x00, 0x00, 0x00, 0x00, 0x00,
    0x00, 0x00, 0x00, 0x00, 0x00, 0x00, 0x00, 0x00, 0x00, 0x00, 0x00, 0x00, 0x00, 0x00, 0x00, 0x00,
    0x00, 0x00, 0x00, 0x00, 0x00, 0x00, 0x00, 0x00, 0x00, 0x00, 0x00, 0x00, 0x00, 0x00, 0x00, 0x00,
    0x00, 0x00, 0x00, 0x00, 0x00, 0x00, 0x00, 0x00, 0x00, 0x00, 0x00, 0x00, 0x00, 0x00, 0x61, 0x00,
    0x46, 0x00, 0xcb, 0x00, 0x10, 0x00, 0x10, 0x00, 0xef, 0x00, 0x09, 0x00, 0xc5, 0x00, 0x8a, 0x00,
    0xc5, 0x00, 0xca, 0x00, 0x90, 0x00, 0x0b, 0x00, 0x0b, 0x00, 0x6c, 0x00, 0x69, 0x00, 0x28, 0x00,
    0x8d, 0x00, 0xee, 0x00, 0xca, 0x00, 0xea, 0x00, 0x87, 0x00, 0x43, 0x00, 0x00, 0x00, 0x00, 0x00,
    0x00, 0x00, 0x00, 0x00, 0x00, 0x00, 0x00, 0x00, 0x00, 0x00, 0x00, 0x00, 0x00, 0x00, 0x00, 0x00,
    0x00, 0x00, 0x00, 0x00, 0x00, 0x00, 0x00, 0x00, 0x00, 0x00, 0x00, 0x00, 0x00, 0x00, 0x00, 0x00,
    0x00, 0x00, 0x00, 0x00, 0x00, 0x00, 0x00, 0x00, 0x00, 0x00, 0x00, 0x00, 0x00, 0x00, 0x00, 0x00,
    0x00, 0x00, 0x00, 0x00, 0x00, 0x00, 0x00, 0x00, 0x00, 0x00, 0x00, 0x00, 0x00, 0x00, 0x00, 0x00,
    0x00, 0x00, 0x00, 0x00, 0x00, 0x00, 0x00, 0x00, 0x00, 0x00, 0x00, 0x00, 0x00, 0x00, 0x00, 0x00,
    0x00, 0x00, 0x23, 0x00, 0xe9, 0x00, 0xec, 0x00, 0x0c, 0x00, 0x30, 0x00, 0x29, 0x00, 0x29, 0x00,
    0x2f, 0x00, 0x8d, 0x00, 0xee, 0x00, 0xf1, 0x00, 0x4f, 0x00, 0x0e, 0x00, 0x2e, 0x00, 0xca, 0x00,
    0x2c, 0x00, 0x4c, 0x00, 0x6c, 0x00, 0xa9, 0x00, 0x6f, 0x00, 0xc5, 0x00, 0x00, 0x00, 0x00, 0x00,
    0x00, 0x00, 0x00, 0x00, 0x00, 0x00, 0x00, 0x00, 0x00, 0x00, 0x00, 0x00, 0x00, 0x00, 0x00, 0x00,
    0x00, 0x00, 0x00, 0x00, 0x00, 0x00, 0x00, 0x00, 0x00, 0x00, 0x00, 0x00, 0x00, 0x00, 0x00, 0x00,
    0x00, 0x00, 0x00, 0x00, 0x00, 0x00, 0x00, 0x00, 0x00, 0x00, 0x00, 0x00, 0x00, 0x00, 0x00, 0x00,
    0x00, 0x00, 0x00, 0x00, 0x00, 0x00, 0x00, 0x00, 0x00, 0x00, 0x00, 0x00, 0x00, 0x00, 0x00, 0x00,
    0x00, 0x00, 0x00, 0x00, 0x00, 0x00, 0x00, 0x00, 0x00, 0x00, 0x00, 0x00, 0x00, 0x00, 0x20, 0x00,
    0x23, 0x00, 0x84, 0x00, 0xc2, 0x00, 0x67, 0x00, 0x06, 0x00, 0xa5, 0x00, 0xab, 0x00, 0x2c, 0x00,
    0x91, 0x00, 0x94, 0x00, 0x15, 0x00, 0x56, 0x00, 0xb4, 0x00, 0x90, 0x00, 0xd1, 0x00, 0xb0, 0x00,
    0xcd, 0x00, 0xea, 0x00, 0x2e, 0x00, 0x0b, 0x00, 0xb0, 0x00, 0x02, 0x00, 0x00, 0x00, 0x00, 0x00,
    0x00, 0x00, 0x00, 0x00, 0x00, 0x00, 0x00, 0x00, 0x00, 0x00, 0x00, 0x00, 0x00, 0x00, 0x00, 0x00,
    0x00, 0x00, 0x00, 0x00, 0x00, 0x00, 0x00, 0x00, 0x00, 0x00, 0x00, 0x00, 0x00, 0x00, 0x00, 0x00,
    0x00, 0x00, 0x00, 0x00, 0x00, 0x00, 0x00, 0x00, 0x00, 0x00, 0x00, 0x00, 0x00, 0x00, 0x00, 0x00,
    0x00, 0x00, 0x00, 0x00, 0x00, 0x00, 0x00, 0x00, 0x00, 0x00, 0x00, 0x00, 0x00, 0x00, 0x00, 0x00,
    0x00, 0x00, 0x00, 0x00, 0x00, 0x00, 0x00, 0x00, 0x00, 0x00, 0x61, 0x00, 0x64, 0x00, 0x67, 0x00,
    0xe8, 0x00, 0x4a, 0x00, 0xa8, 0x00, 0x44, 0x00, 0x47, 0x00, 0xc5, 0x00, 0x47, 0x00, 0xeb, 0x00,
    0x0f, 0x00, 0xb1, 0x00, 0x0e, 0x00, 0x90, 0x00, 0x15, 0x00, 0x56, 0x00, 0xd1, 0x00, 0xd0, 0x00,
    0xd1, 0x00, 0xee, 0x00, 0x2e, 0x00, 0x0e, 0x00, 0x8f, 0x00, 0xc4, 0x00, 0x00, 0x00, 0x00, 0x00,
    0x00, 0x00, 0x00, 0x00, 0x00, 0x00, 0x00, 0x00, 0x00, 0x00, 0x00, 0x00, 0x00, 0x00, 0x00, 0x00,
    0x00, 0x00, 0x00, 0x00, 0x00, 0x00, 0x00, 0x00, 0x00, 0x00, 0x00, 0x00, 0x00, 0x00, 0x00, 0x00,
    0x00, 0x00, 0x00, 0x00, 0x00, 0x00, 0x00, 0x00, 0x00, 0x00, 0x00, 0x00, 0x00, 0x00, 0x00, 0x00,
    0x00, 0x00, 0x00, 0x00, 0x00, 0x00, 0x00, 0x00, 0x00, 0x00, 0x00, 0x00, 0x00, 0x00, 0x00, 0x00,
    0x00, 0x00, 0x00, 0x00, 0x00, 0x00, 0x00, 0x00, 0x00, 0x00, 0x03, 0x00, 0x6a, 0x00, 0x8e, 0x00,
    0xcf, 0x00, 0x6e, 0x00, 0xec, 0x00, 0x6a, 0x00, 0x06, 0x00, 0x88, 0x00, 0x4a, 0x00, 0x8a, 0x00,
    0x2c, 0x00, 0x90, 0x00, 0xf1, 0x00, 0x70, 0x00, 0x8d, 0x00, 0x11, 0x00, 0xb4, 0x00, 0x4f, 0x00,
    0xf1, 0x00, 0xd0, 0x00, 0x6f, 0x00, 0xb0, 0x00, 0x11, 0x00, 0x0b, 0x00, 0x00, 0x00, 0x00, 0x00,
    0x00, 0x00, 0x00, 0x00, 0x00, 0x00, 0x00, 0x00, 0x00, 0x00, 0x00, 0x00, 0x00, 0x00, 0x00, 0x00,
    0x00, 0x00, 0x00, 0x00, 0x00, 0x00, 0x00, 0x00, 0x00, 0x00, 0x00, 0x00, 0x00, 0x00, 0x00, 0x00,
    0x00, 0x00, 0x00, 0x00, 0x00, 0x00, 0x00, 0x00, 0x00, 0x00, 0x00, 0x00, 0x00, 0x00, 0x00, 0x00,
    0x00, 0x00, 0x00, 0x00, 0x00, 0x00, 0x00, 0x00, 0x00, 0x00, 0x00, 0x00, 0x00, 0x00, 0x00, 0x00,
    0x00, 0x00, 0x00, 0x00, 0x00, 0x00, 0x00, 0x00, 0x00, 0x00, 0x00, 0x00, 0x20, 0x00, 0x64, 0x00,
    0x88, 0x00, 0x2a, 0x00, 0xc9, 0x00, 0x47, 0x00, 0xa8, 0x00, 0xe9, 0x00, 0x09, 0x00, 0x29, 0x00,
    0xe8, 0x00, 0x49, 0x00, 0x8a, 0x00, 0x6d, 0x00, 0x4f, 0x00, 0x4c, 0x00, 0xf1, 0x00, 0xf1, 0x00,
    0x90, 0x00, 0xb0, 0x00, 0x6f, 0x00, 0xb0, 0x00, 0x6f, 0x00, 0xaa, 0x00, 0x00, 0x00, 0x00, 0x00,
    0x00, 0x00, 0x00, 0x00, 0x00, 0x00, 0x00, 0x00, 0x00, 0x00, 0x00, 0x00, 0x00, 0x00, 0x00, 0x00,
    0x00, 0x00, 0x00, 0x00, 0x00, 0x00, 0x00, 0x00, 0x00, 0x00, 0x00, 0x00, 0x00, 0x00, 0x00, 0x00,
    0x00, 0x00, 0x00, 0x00, 0x00, 0x00, 0x00, 0x00, 0x00, 0x00, 0x00, 0x00, 0x00, 0x00, 0x00, 0x00,
    0x00, 0x00, 0x00, 0x00, 0x00, 0x00, 0x00, 0x00, 0x00, 0x00, 0x00, 0x00, 0x00, 0x00, 0x00, 0x00,
    0x00, 0x00, 0x00, 0x00, 0x00, 0x00, 0x00, 0x00, 0x00, 0x00, 0x00, 0x00, 0x00, 0x00, 0x03, 0x00,
    0xc5, 0x00, 0x64, 0x00, 0xc5, 0x00, 0xa5, 0x00, 0xa5, 0x00, 0x2a, 0x00, 0x2d, 0x00, 0x8e, 0x00,
    0x8e, 0x00, 0xab, 0x00, 0x87, 0x00, 0x26, 0x00, 0xa7, 0x00, 0x89, 0x00, 0xcd, 0x00, 0x90, 0x00,
    0xb0, 0x00, 0xb0, 0x00, 0xb0, 0x00, 0x28, 0x00, 0xc4, 0x00, 0x43, 0x00, 0x00, 0x00, 0x00, 0x00,
    0x00, 0x00, 0x00, 0x00, 0x00, 0x00, 0x00, 0x00, 0x00, 0x00, 0x00, 0x00, 0x00, 0x00, 0x00, 0x00,
    0x00, 0x00, 0x00, 0x00, 0x00, 0x00, 0x00, 0x00, 0x00, 0x00, 0x00, 0x00, 0x00, 0x00, 0x00, 0x00,
    0x00, 0x00, 0x00, 0x00, 0x00, 0x00, 0x00, 0x00, 0x00, 0x00, 0x00, 0x00, 0x00, 0x00, 0x00, 0x00,
    0x00, 0x00, 0x00, 0x00, 0x00, 0x00, 0x00, 0x00, 0x00, 0x00, 0x00, 0x00, 0x00, 0x00, 0x00, 0x00,
    0x00, 0x00, 0x00, 0x00, 0x00, 0x00, 0x00, 0x00, 0x00, 0x00, 0x00, 0x00, 0x03, 0x00, 0xc8, 0x00,
    0xe6, 0x00, 0x03, 0x00, 0xc2, 0x00, 0x85, 0x00, 0x47, 0x00, 0xa8, 0x00, 0x8e, 0x00, 0x91, 0x00,
    0xb1, 0x00, 0xf2, 0x00, 0xd1, 0x00, 0x53, 0x00, 0x0f, 0x00, 0x46, 0x00, 0x4c, 0x00, 0x6f, 0x00,
    0xd1, 0x00, 0xf1, 0x00, 0x32, 0x00, 0x05, 0x00, 0x6c, 0x00, 0x2f, 0x00, 0x20, 0x00, 0x00, 0x00,
    0x00, 0x00, 0x00, 0x00, 0x00, 0x00, 0x00, 0x00, 0x00, 0x00, 0x00, 0x00, 0x00, 0x00, 0x00, 0x00,
    0x84, 0x00, 0xa2, 0x00, 0x00, 0x00, 0x00, 0x00, 0x00, 0x00, 0x00, 0x00, 0x00, 0x00, 0x00, 0x00,
    0x00, 0x00, 0x00, 0x00, 0x00, 0x00, 0x00, 0x00, 0x00, 0x00, 0x00, 0x00, 0x00, 0x00, 0x00, 0x00,
    0x00, 0x00, 0x00, 0x00, 0x00, 0x00, 0x00, 0x00, 0x00, 0x00, 0x00, 0x00, 0x00, 0x00, 0x00, 0x00,
    0x00, 0x00, 0x00, 0x00, 0x00, 0x00, 0x00, 0x00, 0x00, 0x00, 0x00, 0x00, 0x84, 0x00, 0x44, 0x00,
    0x61, 0x00, 0x64, 0x00, 0x27, 0x00, 0x47, 0x00, 0x47, 0x00, 0xa8, 0x00, 0xab, 0x00, 0x8e, 0x00,
    0x0c, 0x00, 0x8a, 0x00, 0x6d, 0x00, 0x70, 0x00, 0x12, 0x00, 0x2f, 0x00, 0x4f, 0x00, 0xf1, 0x00,
    0x12, 0x00, 0x32, 0x00, 0xf1, 0x00, 0x12, 0x00, 0x6c, 0x00, 0x90, 0x00, 0xe2, 0x00, 0x00, 0x00,
    0x00, 0x00, 0x00, 0x00, 0x00, 0x00, 0x00, 0x00, 0x00, 0x00, 0x00, 0x00, 0x00, 0x00, 0x00, 0x00,
    0x0b, 0x00, 0x23, 0x00, 0x00, 0x00, 0x00, 0x00, 0x00, 0x00, 0x00, 0x00, 0x00, 0x00, 0x00, 0x00,
    0x00, 0x00, 0x00, 0x00, 0x00, 0x00, 0x00, 0x00, 0x00, 0x00, 0x00, 0x00, 0x00, 0x00, 0x00, 0x00,
    0x00, 0x00, 0x00, 0x00, 0x00, 0x00, 0x00, 0x00, 0x00, 0x00, 0x00, 0x00, 0x00, 0x00, 0x00, 0x00,
    0x00, 0x00, 0x00, 0x00, 0x00, 0x00, 0x00, 0x00, 0x00, 0x00, 0x00, 0x00, 0x00, 0x00, 0x00, 0x00,
    0x64, 0x00, 0x47, 0x00, 0x23, 0x00, 0x44, 0x00, 0x06, 0x00, 0xe6, 0x00, 0x6b, 0x00, 0xab, 0x00,
    0xcc, 0x00, 0x4a, 0x00, 0x46, 0x00, 0x4d, 0x00, 0x50, 0x00, 0xb1, 0x00, 0xb1, 0x00, 0xf1, 0x00,
    0x2f, 0x00, 0xb0, 0x00, 0x53, 0x00, 0x32, 0x00, 0x2f, 0x00, 0x08, 0x00, 0x40, 0x00, 0x00, 0x00,
    0x00, 0x00, 0x00, 0x00, 0x00, 0x00, 0x00, 0x00, 0x00, 0x00, 0x00, 0x00, 0x00, 0x00, 0x25, 0x00,
    0x2e, 0x00, 0x02, 0x00, 0x00, 0x00, 0x00, 0x00, 0x00, 0x00, 0x00, 0x00, 0x00, 0x00, 0x00, 0x00,
    0x00, 0x00, 0x00, 0x00, 0x00, 0x00, 0x00, 0x00, 0x00, 0x00, 0x00, 0x00, 0x00, 0x00, 0x00, 0x00,
    0x00, 0x00, 0x00, 0x00, 0x00, 0x00, 0x00, 0x00, 0x00, 0x00, 0x00, 0x00, 0x00, 0x00, 0x00, 0x00,
    0x00, 0x00, 0x00, 0x00, 0x00, 0x00, 0x00, 0x00, 0x00, 0x00, 0x00, 0x00, 0x00, 0x00, 0x20, 0x00,
    0x47, 0x00, 0xc6, 0x00, 0x85, 0x00, 0x88, 0x00, 0x27, 0x00, 0x23, 0x00, 0x88, 0x00, 0x4a, 0x00,
    0xec, 0x00, 0xef, 0x00, 0x0c, 0x00, 0xa7, 0x00, 0xec, 0x00, 0x50, 0x00, 0xb1, 0x00, 0xd1, 0x00,
    0xae, 0x00, 0x0c, 0x00, 0x12, 0x00, 0x50, 0x00, 0x2c, 0x00, 0x84, 0x00, 0x00, 0x00, 0x00, 0x00,
    0x00, 0x00, 0x00, 0x00, 0x40, 0x00, 0x41, 0x00, 0x00, 0x00, 0xa4, 0x00, 0xea, 0x00, 0xed, 0x00,
    0xac, 0x00, 0xc2, 0x00, 0x00, 0x00, 0x00, 0x00, 0x00, 0x00, 0x00, 0x00, 0x00, 0x00, 0x00, 0x00,
    0x00, 0x00, 0x00, 0x00, 0x00, 0x00, 0x00, 0x00, 0x00, 0x00, 0x00, 0x00, 0x00, 0x00, 0x00, 0x00,
    0x00, 0x00, 0x00, 0x00, 0x00, 0x00, 0x00, 0x00, 0x00, 0x00, 0x00, 0x00, 0x00, 0x00, 0x00, 0x00,
    0x00, 0x00, 0x00, 0x00, 0x00, 0x00, 0x00, 0x00, 0x00, 0x00, 0x00, 0x00, 0x00, 0x00, 0x61, 0x00,
    0x68, 0x00, 0xa5, 0x00, 0x47, 0x00, 0x88, 0x00, 0xa5, 0x00, 0x03, 0x00, 0xa5, 0x00, 0x46, 0x00,
    0xc8, 0x00, 0x29, 0x00, 0x6e, 0x00, 0x8e, 0x00, 0x8a, 0x00, 0x4a, 0x00, 0x8a, 0x00, 0x8d, 0x00,
    0xb1, 0x00, 0xb1, 0x00, 0x50, 0x00, 0x91, 0x00, 0xad, 0x00, 0x40, 0x00, 0x00, 0x00, 0x00, 0x00,
    0x00, 0x00, 0x00, 0x00, 0xe5, 0x00, 0x63, 0x00, 0x89, 0x00, 0x0d, 0x00, 0x6b, 0x00, 0x8c, 0x00,
    0x4b, 0x00, 0x40, 0x00, 0x00, 0x00, 0x00, 0x00, 0x00, 0x00, 0x00, 0x00, 0x00, 0x00, 0x00, 0x00,
    0x00, 0x00, 0x00, 0x00, 0x00, 0x00, 0x00, 0x00, 0x00, 0x00, 0x00, 0x00, 0x00, 0x00, 0x00, 0x00,
    0x00, 0x00, 0x00, 0x00, 0x00, 0x00, 0x00, 0x00, 0x00, 0x00, 0x00, 0x00, 0x00, 0x00, 0x00, 0x00,
    0x00, 0x00, 0x00, 0x00, 0x00, 0x00, 0x00, 0x00, 0x00, 0x00, 0x00, 0x00, 0x00, 0x00, 0x41, 0x00,
    0x47, 0x00, 0xe3, 0x00, 0x68, 0x00, 0x68, 0x00, 0x67, 0x00, 0xe6, 0x00, 0x06, 0x00, 0x84, 0x00,
    0x84, 0x00, 0xc5, 0x00, 0x26, 0x00, 0xc8, 0x00, 0x0c, 0x00, 0x8e, 0x00, 0x2c, 0x00, 0x6a, 0x00,
    0x8a, 0x00, 0xae, 0x00, 0x50, 0x00, 0x4c, 0x00, 0x43, 0x00, 0x00, 0x00, 0x00, 0x00, 0x00, 0x00,
    0x00, 0x00, 0xe2, 0x00, 0x89, 0x00, 0x28, 0x00, 0x6b, 0x00, 0xe7, 0x00, 0x89, 0x00, 0xed, 0x00,
    0x28, 0x00, 0x00, 0x00, 0x00, 0x00, 0x00, 0x00, 0x00, 0x00, 0x00, 0x00, 0x00, 0x00, 0x00, 0x00,
    0x00, 0x00, 0x00, 0x00, 0x00, 0x00, 0x00, 0x00, 0x00, 0x00, 0x00, 0x00, 0x00, 0x00, 0x00, 0x00,
    0x00, 0x00, 0x00, 0x00, 0x00, 0x00, 0x00, 0x00, 0x00, 0x00, 0x00, 0x00, 0x00, 0x00, 0x00, 0x00,
    0x00, 0x00, 0x00, 0x00, 0x00, 0x00, 0x00, 0x00, 0x00, 0x00, 0x00, 0x00, 0x00, 0x00, 0x20, 0x00,
    0xe2, 0x00, 0x41, 0x00, 0xa8, 0x00, 0x06, 0x00, 0xa9, 0x00, 0xe6, 0x00, 0x06, 0x00, 0x67, 0x00,
    0x84, 0x00, 0x66, 0x00, 0xe8, 0x00, 0xe7, 0x00, 0x46, 0x00, 0x87, 0x00, 0x8a, 0x00, 0x6d, 0x00,
    0x4d, 0x00, 0xaa, 0x00, 0xca, 0x00, 0xa1, 0x00, 0x00, 0x00, 0x00, 0x00, 0x00, 0x00, 0x00, 0x00,
    0x00, 0x00, 0x46, 0x00, 0xca, 0x00, 0xa7, 0x00, 0x86, 0x00, 0xca, 0x00, 0x6b, 0x00, 0x2b, 0x00,
    0x63, 0x00, 0x00, 0x00, 0x00, 0x00, 0x00, 0x00, 0x00, 0x00, 0x00, 0x00, 0x00, 0x00, 0x00, 0x00,
    0x00, 0x00, 0x00, 0x00, 0x00, 0x00, 0x00, 0x00, 0x00, 0x00, 0x00, 0x00, 0x00, 0x00, 0x00, 0x00,
    0x00, 0x00, 0x00, 0x00, 0x00, 0x00, 0x00, 0x00, 0x20, 0x00, 0x20, 0x00, 0x00, 0x00, 0x00, 0x00,
    0x61, 0x00, 0xa7, 0x00, 0x25, 0x00, 0xc2, 0x00, 0x00, 0x00, 0x00, 0x00, 0x00, 0x00, 0x00, 0x00,
    0x00, 0x00, 0x40, 0x00, 0x88, 0x00, 0x06, 0x00, 0x27, 0x00, 0x47, 0x00, 0x06, 0x00, 0x88, 0x00,
    0xe5, 0x00, 0x86, 0x00, 0x49, 0x00, 0xea, 0x00, 0x2b, 0x00, 0x89, 0x00, 0x05, 0x00, 0xe2, 0x00,
    0x23, 0x00, 0x84, 0x00, 0xa1, 0x00, 0x00, 0x00, 0x00, 0x00, 0x00, 0x00, 0x00, 0x00, 0x00, 0x00,
    0x00, 0x00, 0x08, 0x00, 0x28, 0x00, 0xc4, 0x00, 0x89, 0x00, 0x2b, 0x00, 0x89, 0x00, 0xa4, 0x00,
    0x00, 0x00, 0x00, 0x00, 0x00, 0x00, 0x00, 0x00, 0x00, 0x00, 0x00, 0x00, 0x00, 0x00, 0x00, 0x00,
    0x00, 0x00, 0x00, 0x00, 0x00, 0x00, 0x00, 0x00, 0x00, 0x00, 0x00, 0x00, 0x00, 0x00, 0x00, 0x00,
    0x00, 0x00, 0x00, 0x00, 0x20, 0x00, 0xc5, 0x00, 0x28, 0x00, 0xca, 0x00, 0x89, 0x00, 0xa7, 0x00,
    0x43, 0x00, 0xe5, 0x00, 0x0b, 0x00, 0x8c, 0x00, 0x48, 0x00, 0xc2, 0x00, 0xa1, 0x00, 0x00, 0x00,
    0x00, 0x00, 0x00, 0x00, 0x67, 0x00, 0x06, 0x00, 0x06, 0x00, 0x88, 0x00, 0x47, 0x00, 0x67, 0x00,
    0x26, 0x00, 0x66, 0x00, 0x2b, 0x00, 0xa9, 0x00, 0x28, 0x00, 0x69, 0x00, 0xc7, 0x00, 0xc9, 0x00,
    0x40, 0x00, 0x00, 0x00, 0x00, 0x00, 0x00, 0x00, 0x00, 0x00, 0x00, 0x00, 0x00, 0x00, 0x00, 0x00,
    0x20, 0x00, 0xe7, 0x00, 0xa7, 0x00, 0xa7, 0x00, 0x48, 0x00, 0xa7, 0x00, 0x43, 0x00, 0x40, 0x00,
    0x00, 0x00, 0x00, 0x00, 0x00, 0x00, 0x00, 0x00, 0x00, 0x00, 0x00, 0x00, 0x00, 0x00, 0x00, 0x00,
    0x00, 0x00, 0x00, 0x00, 0x00, 0x00, 0x00, 0x00, 0x00, 0x00, 0x00, 0x00, 0x00, 0x00, 0x00, 0x00,
    0x00, 0x00, 0x00, 0x00, 0x00, 0x00, 0x20, 0x00, 0x23, 0x00, 0x66, 0x00, 0x28, 0x00, 0x89, 0x00,
    0x28, 0x00, 0xe5, 0x00, 0x45, 0x00, 0x48, 0x00, 0xea, 0x00, 0x08, 0x00, 0x25, 0x00, 0xc7, 0x00,
    0x61, 0x00, 0x00, 0x00, 0xc5, 0x00, 0x64, 0x00, 0x64, 0x00, 0x27, 0x00, 0x67, 0x00, 0x26, 0x00,
    0xc8, 0x00, 0x46, 0x00, 0xca, 0x00, 0x0d, 0x00, 0xac, 0x00, 0xca, 0x00, 0x89, 0x00, 0x6e, 0x00,
    0xa9, 0x00, 0x00, 0x00, 0x00, 0x00, 0x00, 0x00, 0x00, 0x00, 0x00, 0x00, 0x00, 0x00, 0x20, 0x00,
    0x20, 0x00, 0x46, 0x00, 0x86, 0x00, 0x86, 0x00, 0x08, 0x00, 0xe7, 0x00, 0xc7, 0x00, 0x84, 0x00,
    0x00, 0x00, 0x00, 0x00, 0x00, 0x00, 0x00, 0x00, 0x00, 0x00, 0x00, 0x00, 0x00, 0x00, 0x00, 0x00,
    0x00, 0x00, 0x00, 0x00, 0x00, 0x00, 0x00, 0x00, 0x00, 0x00, 0x00, 0x00, 0x00, 0x00, 0x00, 0x00,
    0x00, 0x00, 0x00, 0x00, 0xa1, 0x00, 0x66, 0x00, 0x29, 0x00, 0x66, 0x00, 0x05, 0x00, 0x45, 0x00,
    0x25, 0x00, 0x46, 0x00, 0x46, 0x00, 0x66, 0x00, 0x86, 0x00, 0x25, 0x00, 0x02, 0x00, 0xe7, 0x00,
    0x28, 0x00, 0x61, 0x00, 0x61, 0x00, 0x20, 0x00, 0x61, 0x00, 0x03, 0x00, 0x67, 0x00, 0x06, 0x00,
    0x09, 0x00, 0x08, 0x00, 0xa7, 0x00, 0x89, 0x00, 0x6b, 0x00, 0x2e, 0x00, 0x6e, 0x00, 0x2d, 0x00,
    0x6e, 0x00, 0x05, 0x00, 0x00, 0x00, 0x00, 0x00, 0x00, 0x00, 0x00, 0x00, 0x00, 0x00, 0xe2, 0x00,
    0x63, 0x00, 0xc4, 0x00, 0x86, 0x00, 0x46, 0x00, 0x84, 0x00, 0x23, 0x00, 0x61, 0x00, 0x00, 0x00,
    0x00, 0x00, 0x00, 0x00, 0x00, 0x00, 0x00, 0x00, 0x00, 0x00, 0x00, 0x00, 0x00, 0x00, 0x00, 0x00,
    0x00, 0x00, 0x00, 0x00, 0x00, 0x00, 0x00, 0x00, 0x00, 0x00, 0x00, 0x00, 0x00, 0x00, 0x00, 0x00,
    0x00, 0x00, 0x84, 0x00, 0x8a, 0x00, 0x8a, 0x00, 0x28, 0x00, 0x87, 0x00, 0xc4, 0x00, 0xc5, 0x00,
    0x69, 0x00, 0x4c, 0x00, 0xee, 0x00, 0x0e, 0x00, 0x6c, 0x00, 0x2b, 0x00, 0x28, 0x00, 0x05, 0x00,
    0xc7, 0x00, 0x05, 0x00, 0x00, 0x00, 0x00, 0x00, 0x00, 0x00, 0xa2, 0x00, 0x26, 0x00, 0xc5, 0x00,
    0x49, 0x00, 0x08, 0x00, 0xe8, 0x00, 0x0a, 0x00, 0x6b, 0x00, 0x6b, 0x00, 0x0d, 0x00, 0xcf, 0x00,
    0x6e, 0x00, 0x4b, 0x00, 0xe4, 0x00, 0x00, 0x00, 0x00, 0x00, 0x00, 0x00, 0x00, 0x00, 0xe2, 0x00,
    0xa7, 0x00, 0xe5, 0x00, 0xa7, 0x00, 0xa1, 0x00, 0x00, 0x00, 0x00, 0x00, 0x00, 0x00, 0x00, 0x00,
    0x00, 0x00, 0x00, 0x00, 0x00, 0x00, 0x00, 0x00, 0x00, 0x00, 0x00, 0x00, 0x00, 0x00, 0x00, 0x00,
    0x00, 0x00, 0x00, 0x00, 0x00, 0x00, 0x00, 0x00, 0x00, 0x00, 0x00, 0x00, 0x00, 0x00, 0x00, 0x00,
    0x64, 0x00, 0x87, 0x00, 0xa5, 0x00, 0x84, 0x00, 0x43, 0x00, 0x84, 0x00, 0x29, 0x00, 0xef, 0x00,
    0x70, 0x00, 0x4f, 0x00, 0x0f, 0x00, 0x4f, 0x00, 0x90, 0x00, 0xad, 0x00, 0xad, 0x00, 0xea, 0x00,
    0xe7, 0x00, 0x66, 0x00, 0x02, 0x00, 0xc5, 0x00, 0x40, 0x00, 0x84, 0x00, 0xa5, 0x00, 0x06, 0x00,
    0x49, 0x00, 0xaa, 0x00, 0x69, 0x00, 0x2b, 0x00, 0x8e, 0x00, 0x8e, 0x00, 0x0d, 0x00, 0x0d, 0x00,
    0x8b, 0x00, 0xef, 0x00, 0xcc, 0x00, 0xa1, 0x00, 0x00, 0x00, 0x00, 0x00, 0x00, 0x00, 0x41, 0x00,
    0xe8, 0x00, 0xe7, 0x00, 0x25, 0x00, 0x00, 0x00, 0x00, 0x00, 0x00, 0x00, 0x00, 0x00, 0x00, 0x00,
    0x00, 0x00, 0x00, 0x00, 0x00, 0x00, 0x00, 0x00, 0x00, 0x00, 0x00, 0x00, 0x00, 0x00, 0x00, 0x00,
    0x00, 0x00, 0x00, 0x00, 0x00, 0x00, 0x00, 0x00, 0x00, 0x00, 0x00, 0x00, 0x00, 0x00, 0x20, 0x00,
    0x61, 0x00, 0xe2, 0x00, 0xe5, 0x00, 0xe5, 0x00, 0x4a, 0x00, 0xab, 0x00, 0xef, 0x00, 0xb1, 0x00,
    0x91, 0x00, 0x4f, 0x00, 0x0f, 0x00, 0x6c, 0x00, 0xad, 0x00, 0x2f, 0x00, 0x4c, 0x00, 0x4c, 0x00,
    0x2b, 0x00, 0x69, 0x00, 0x25, 0x00, 0x26, 0x00, 0xc5, 0x00, 0xc5, 0x00, 0x64, 0x00, 0x46, 0x00,
    0x49, 0x00, 0x0b, 0x00, 0x89, 0x00, 0xea, 0x00, 0x6e, 0x00, 0x71, 0x00, 0x71, 0x00, 0x30, 0x00,
    0x4d, 0x00, 0x50, 0x00, 0x50, 0x00, 0x25, 0x00, 0x00, 0x00, 0x00, 0x00, 0x00, 0x00, 0x00, 0x00,
    0x25, 0x00, 0x89, 0x00, 0x25, 0x00, 0x00, 0x00, 0x00, 0x00, 0x00, 0x00, 0x20, 0x00, 0x00, 0x00,
    0x00, 0x00, 0x00, 0x00, 0x00, 0x00, 0x00, 0x00, 0x00, 0x00, 0x00, 0x00, 0x00, 0x00, 0x00, 0x00,
    0x00, 0x00, 0x00, 0x00, 0x00, 0x00, 0x00, 0x00, 0x00, 0x00, 0x00, 0x00, 0x00, 0x00, 0x00, 0x00,
    0xa5, 0x00, 0x6a, 0x00, 0x06, 0x00, 0xab, 0x00, 0x6e, 0x00, 0x4d, 0x00, 0x0f, 0x00, 0x50, 0x00,
    0xce, 0x00, 0x4d, 0x00, 0x2c, 0x00, 0xae, 0x00, 0x6d, 0x00, 0xee, 0x00, 0xce, 0x00, 0xaa, 0x00,
    0xca, 0x00, 0x8a, 0x00, 0x08, 0x00, 0x26, 0x00, 0xc5, 0x00, 0xa5, 0x00, 0xa5, 0x00, 0xc8, 0x00,
    0x08, 0x00, 0xeb, 0x00, 0x69, 0x00, 0xea, 0x00, 0x6b, 0x00, 0x10, 0x00, 0x30, 0x00, 0xd2, 0x00,
    0xb1, 0x00, 0x50, 0x00, 0x71, 0x00, 0x07, 0x00, 0x20, 0x00, 0x00, 0x00, 0x00, 0x00, 0x00, 0x00,
    0xe2, 0x00, 0xe8, 0x00, 0x28, 0x00, 0x40, 0x00, 0x00, 0x00, 0xa1, 0x00, 0x84, 0x00, 0x00, 0x00,
    0x00, 0x00, 0x00, 0x00, 0x00, 0x00, 0x00, 0x00, 0x00, 0x00, 0x00, 0x00, 0x00, 0x00, 0x00, 0x00,
    0x00, 0x00, 0x00, 0x00, 0x00, 0x00, 0x00, 0x00, 0x00, 0x00, 0x00, 0x00, 0x00, 0x00, 0x06, 0x00,
    0x0c, 0x00, 0x26, 0x00, 0x4a, 0x00, 0x6e, 0x00, 0x0c, 0x00, 0x6e, 0x00, 0xae, 0x00, 0x8b, 0x00,
    0xc8, 0x00, 0xe8, 0x00, 0xa7, 0x00, 0xa7, 0x00, 0x4c, 0x00, 0xce, 0x00, 0xce, 0x00, 0xca, 0x00,
    0x8a, 0x00, 0x08, 0x00, 0xa7, 0x00, 0x87, 0x00, 0x87, 0x00, 0x84, 0x00, 0x26, 0x00, 0x49, 0x00,
    0xaa, 0x00, 0x8a, 0x00, 0x89, 0x00, 0x0b, 0x00, 0x0a, 0x00, 0xcf, 0x00, 0x8e, 0x00, 0x71, 0x00,
    0x33, 0x00, 0x71, 0x00, 0x30, 0x00, 0xea, 0x00, 0xc2, 0x00, 0x00, 0x00, 0x00, 0x00, 0x00, 0x00,
    0x00, 0x00, 0x23, 0x00, 0x69, 0x00, 0x66, 0x00, 0x00, 0x00, 0x84, 0x00, 0x66, 0x00, 0x00, 0x00,
    0x00, 0x00, 0x00, 0x00, 0x00, 0x00, 0x00, 0x00, 0x00, 0x00, 0x00, 0x00, 0x00, 0x00, 0x00, 0x00,
    0x00, 0x00, 0x00, 0x00, 0x00, 0x00, 0x00, 0x00, 0x00, 0x00, 0x00, 0x00, 0x03, 0x00, 0xab, 0x00,
    0xa4, 0x00, 0x27, 0x00, 0x6e, 0x00, 0x0d, 0x00, 0xcc, 0x00, 0x6b, 0x00, 0x2a, 0x00, 0x88, 0x00,
    0xab, 0x00, 0x0c, 0x00, 0xaa, 0x00, 0x08, 0x00, 0xe5, 0x00, 0x49, 0x00, 0xcb, 0x00, 0xaa, 0x00,
    0x8a, 0x00, 0x6a, 0x00, 0xc8, 0x00, 0x26, 0x00, 0xe5, 0x00, 0xa5, 0x00, 0xe8, 0x00, 0x29, 0x00,
    0x8d, 0x00, 0xca, 0x00, 0x8a, 0x00, 0xca, 0x00, 0xea, 0x00, 0x10, 0x00, 0x30, 0x00, 0x4d, 0x00,
    0xef, 0x00, 0x91, 0x00, 0x6e, 0x00, 0xac, 0x00, 0xa4, 0x00, 0x00, 0x00, 0x00, 0x00, 0xc2, 0x00,
    0x25, 0x00, 0xc2, 0x00, 0xc5, 0x00, 0x6c, 0x00, 0xc4, 0x00, 0x43, 0x00, 0x69, 0x00, 0x00, 0x00,
    0x00, 0x00, 0x00, 0x00, 0x00, 0x00, 0x00, 0x00, 0x00, 0x00, 0x00, 0x00, 0x00, 0x00, 0x00, 0x00,
    0x00, 0x00, 0x00, 0x00, 0x00, 0x00, 0x00, 0x00, 0x00, 0x00, 0x00, 0x00, 0xe5, 0x00, 0x64, 0x00,
    0x27, 0x00, 0xe9, 0x00, 0x8b, 0x00, 0xac, 0x00, 0xac, 0x00, 0x09, 0x00, 0x67, 0x00, 0xec, 0x00,
    0x4d, 0x00, 0x8e, 0x00, 0xeb, 0x00, 0x0b, 0x00, 0x49, 0x00, 0x05, 0x00, 0x29, 0x00, 0xcb, 0x00,
    0xab, 0x00, 0x8a, 0x00, 0xab, 0x00, 0x09, 0x00, 0xe5, 0x00, 0x87, 0x00, 0xa7, 0x00, 0x8a, 0x00,
    0x2c, 0x00, 0xeb, 0x00, 0xeb, 0x00, 0x28, 0x00, 0x2b, 0x00, 0xcf, 0x00, 0x50, 0x00, 0xd2, 0x00,
    0xcf, 0x00, 0xcc, 0x00, 0xef, 0x00, 0x6c, 0x00, 0x05, 0x00, 0x00, 0x00, 0x00, 0x00, 0x40, 0x00,
    0xe8, 0x00, 0xa9, 0x00, 0x05, 0x00, 0x48, 0x00, 0x6c, 0x00, 0xc5, 0x00, 0x49, 0x00, 0xc2, 0x00,
    0x00, 0x00, 0x00, 0x00, 0x00, 0x00, 0x00, 0x00, 0x00, 0x00, 0x00, 0x00, 0x00, 0x00, 0x00, 0x00,
    0x00, 0x00, 0x00, 0x00, 0x00, 0x00, 0x00, 0x00, 0x00, 0x00, 0x20, 0x00, 0x20, 0x00, 0x06, 0x00,
    0xe9, 0x00, 0xa9, 0x00, 0x0a, 0x00, 0x0a, 0x00, 0xa8, 0x00, 0x27, 0x00, 0xab, 0x00, 0x0d, 0x00,
    0x0c, 0x00, 0xae, 0x00, 0x4d, 0x00, 0x4c, 0x00, 0x6d, 0x00, 0x05, 0x00, 0x46, 0x00, 0x29, 0x00,
    0x09, 0x00, 0x09, 0x00, 0x29, 0x00, 0x47, 0x00, 0x26, 0x00, 0xa8, 0x00, 0x6a, 0x00, 0xeb, 0x00,
    0xca, 0x00, 0x0b, 0x00, 0x2b, 0x00, 0x28, 0x00, 0x89, 0x00, 0xaf, 0x00, 0x10, 0x00, 0x91, 0x00,
    0x91, 0x00, 0xec, 0x00, 0xef, 0x00, 0xea, 0x00, 0x05, 0x00, 0x00, 0x00, 0x00, 0x00, 0x00, 0x00,
    0xa1, 0x00, 0xe7, 0x00, 0x69, 0x00, 0x25, 0x00, 0x89, 0x00, 0x89, 0x00, 0xa7, 0x00, 0xe5, 0x00,
    0x00, 0x00, 0x00, 0x00, 0x00, 0x00, 0x00, 0x00, 0x00, 0x00, 0x00, 0x00, 0x00, 0x00, 0x00, 0x00,
    0x00, 0x00, 0x00, 0x00, 0x00, 0x00, 0x00, 0x00, 0x00, 0x00, 0x00, 0x00, 0x03, 0x00, 0xe9, 0x00,
    0x88, 0x00, 0x27, 0x00, 0xc9, 0x00, 0xc9, 0x00, 0xe6, 0x00, 0xa8, 0x00, 0x4a, 0x00, 0x8b, 0x00,
    0x6a, 0x00, 0x0c, 0x00, 0xce, 0x00, 0xef, 0x00, 0xce, 0x00, 0x49, 0x00, 0x63, 0x00, 0x46, 0x00,
    0x87, 0x00, 0x67, 0x00, 0x47, 0x00, 0xc5, 0x00, 0x47, 0x00, 0x87, 0x00, 0xab, 0x00, 0xaa, 0x00,
    0x0c, 0x00, 0xeb, 0x00, 0x2c, 0x00, 0x89, 0x00, 0x07, 0x00, 0x8c, 0x00, 0x10, 0x00, 0x10, 0x00,
    0xef, 0x00, 0xaf, 0x00, 0x0d, 0x00, 0x48, 0x00, 0x84, 0x00, 0x00, 0x00, 0x00, 0x00, 0x00, 0x00,
    0x00, 0x00, 0x81, 0x00, 0xe5, 0x00, 0x66, 0x00, 0xe5, 0x00, 0x89, 0x00, 0x08, 0x00, 0x66, 0x00,
    0x20, 0x00, 0x00, 0x00, 0x00, 0x00, 0x00, 0x00, 0x00, 0x00, 0x00, 0x00, 0x00, 0x00, 0x00, 0x00,
    0x00, 0x00, 0x00, 0x00, 0x00, 0x00, 0x00, 0x00, 0x00, 0x00, 0x00, 0x00, 0x67, 0x00, 0xa8, 0x00,
    0x47, 0x00, 0x06, 0x00, 0xc9, 0x00, 0x88, 0x00, 0xe6, 0x00, 0x88, 0x00, 0x88, 0x00, 0xc5, 0x00,
    0xa8, 0x00, 0x6e, 0x00, 0x6d, 0x00, 0x4d, 0x00, 0xeb, 0x00, 0x69, 0x00, 0x46, 0x00, 0x46, 0x00,
    0xe6, 0x00, 0x47, 0x00, 0xa5, 0x00, 0x47, 0x00, 0xa8, 0x00, 0xe8, 0x00, 0xcb, 0x00, 0x08, 0x00,
    0xaa, 0x00, 0xaa, 0x00, 0x8d, 0x00, 0x28, 0x00, 0x8c, 0x00, 0x2a, 0x00, 0x6e, 0x00, 0xaf, 0x00,
    0x4e, 0x00, 0xed, 0x00, 0x48, 0x00, 0x08, 0x00, 0x81, 0x00, 0x00, 0x00, 0x00, 0x00, 0x00, 0x00,
    0x00, 0x00, 0x00, 0x00, 0xa1, 0x00, 0x05, 0x00, 0x05, 0x00, 0x86, 0x00, 0xeb, 0x00, 0x66, 0x00,
    0x05, 0x00, 0x20, 0x00, 0x00, 0x00, 0x00, 0x00, 0x00, 0x00, 0x00, 0x00, 0x00, 0x00, 0x00, 0x00,
    0x00, 0x00, 0x00, 0x00, 0x00, 0x00, 0x00, 0x00, 0x00, 0x00, 0xa2, 0x00, 0x0a, 0x00, 0x06, 0x00,
    0x27, 0x00, 0x47, 0x00, 0xa9, 0x00, 0xa9, 0x00, 0xe6, 0x00, 0x27, 0x00, 0xc6, 0x00, 0x47, 0x00,
    0x6b, 0x00, 0x2d, 0x00, 0x6d, 0x00, 0x2c, 0x00, 0x8a, 0x00, 0xe8, 0x00, 0x87, 0x00, 0x0b, 0x00,
    0x86, 0x00, 0x64, 0x00, 0x47, 0x00, 0xe9, 0x00, 0xa8, 0x00, 0x4a, 0x00, 0x09, 0x00, 0x08, 0x00,
    0xeb, 0x00, 0xeb, 0x00, 0x28, 0x00, 0x48, 0x00, 0x6e, 0x00, 0xcc, 0x00, 0x4b, 0x00, 0x4e, 0x00,
    0x6b, 0x00, 0x48, 0x00, 0xe7, 0x00, 0xa7, 0x00, 0x00, 0x00, 0x00, 0x00, 0x00, 0x00, 0x00, 0x00,
    0x00, 0x00, 0x00, 0x00, 0x81, 0x00, 0x63, 0x00, 0x05, 0x00, 0x25, 0x00, 0xca, 0x00, 0xc7, 0x00,
    0xc8, 0x00, 0x40, 0x00, 0x00, 0x00, 0x00, 0x00, 0x00, 0x00, 0x00, 0x00, 0x00, 0x00, 0x00, 0x00,
    0x00, 0x00, 0x00, 0x00, 0x00, 0x00, 0x00, 0x00, 0x00, 0x00, 0xa5, 0x00, 0xe9, 0x00, 0xe6, 0x00,
    0x27, 0x00, 0x68, 0x00, 0x88, 0x00, 0xa9, 0x00, 0x07, 0x00, 0xe6, 0x00, 0xc6, 0x00, 0xe9, 0x00,
    0x8b, 0x00, 0x0c, 0x00, 0xec, 0x00, 0x6a, 0x00, 0x09, 0x00, 0x87, 0x00, 0xc7, 0x00, 0x4b, 0x00,
    0x08, 0x00, 0xe6, 0x00, 0xc9, 0x00, 0xe9, 0x00, 0x26, 0x00, 0xe8, 0x00, 0x8a, 0x00, 0xaa, 0x00,
    0xeb, 0x00, 0x87, 0x00, 0x45, 0x00, 0xac, 0x00, 0xec, 0x00, 0x0d, 0x00, 0xac, 0x00, 0x0a, 0x00,
    0xa9, 0x00, 0xc7, 0x00, 0xc7, 0x00, 0x05, 0x00, 0x00, 0x00, 0x00, 0x00, 0x00, 0x00, 0x00, 0x00,
    0x00, 0x00, 0x00, 0x00, 0x00, 0x00, 0x00, 0x00, 0x61, 0x00, 0xc5, 0x00, 0xea, 0x00, 0x49, 0x00,
    0x66, 0x00, 0x40, 0x00, 0x00, 0x00, 0x00, 0x00, 0x00, 0x00, 0x00, 0x00, 0x00, 0x00, 0x00, 0x00,
    0x00, 0x00, 0x00, 0x00, 0x00, 0x00, 0x00, 0x00, 0x00, 0x00, 0xc6, 0x00, 0xc9, 0x00, 0xa5, 0x00,
    0x27, 0x00, 0x68, 0x00, 0x68, 0x00, 0x68, 0x00, 0x47, 0x00, 0xe6, 0x00, 0x27, 0x00, 0xe9, 0x00,
    0x09, 0x00, 0x6b, 0x00, 0x2a, 0x00, 0xe9, 0x00, 0x2a, 0x00, 0x26, 0x00, 0x66, 0x00, 0x69, 0x00,
    0x06, 0x00, 0x68, 0x00, 0x88, 0x00, 0x88, 0x00, 0x29, 0x00, 0x69, 0x00, 0xeb, 0x00, 0x8a, 0x00,
    0x66, 0x00, 0x45, 0x00, 0x68, 0x00, 0x6b, 0x00, 0x6b, 0x00, 0xac, 0x00, 0xac, 0x00, 0x0a, 0x00,
    0x68, 0x00, 0xe5, 0x00, 0xe7, 0x00, 0xc4, 0x00, 0x00, 0x00, 0x00, 0x00, 0x00, 0x00, 0x00, 0x00,
    0x00, 0x00, 0x00, 0x00, 0x00, 0x00, 0x00, 0x00, 0x00, 0x00, 0x81, 0x00, 0x8a, 0x00, 0x89, 0x00,
    0x26, 0x00, 0x20, 0x00, 0x00, 0x00, 0x00, 0x00, 0x00, 0x00, 0x00, 0x00, 0x00, 0x00, 0x00, 0x00,
    0x00, 0x00, 0x00, 0x00, 0x00, 0x00, 0x00, 0x00, 0x00, 0x00, 0xc6, 0x00, 0x27, 0x00, 0x64, 0x00,
    0x68, 0x00, 0x47, 0x00, 0x88, 0x00, 0xa9, 0x00, 0x68, 0x00, 0xc6, 0x00, 0x68, 0x00, 0xa8, 0x00,
    0x0a, 0x00, 0xe9, 0x00, 0x88, 0x00, 0x67, 0x00, 0x88, 0x00, 0xc5, 0x00, 0x28, 0x00, 0x25, 0x00,
    0xa5, 0x00, 0x88, 0x00, 0x47, 0x00, 0x29, 0x00, 0x2c, 0x00, 0x2c, 0x00, 0xaa, 0x00, 0x66, 0x00,
    0xa6, 0x00, 0x0a, 0x00, 0xc9, 0x00, 0xa9, 0x00, 0x2a, 0x00, 0x4a, 0x00, 0xea, 0x00, 0x28, 0x00,
    0x05, 0x00, 0x86, 0x00, 0x69, 0x00, 0x66, 0x00, 0x00, 0x00, 0x00, 0x00, 0x00, 0x00, 0x00, 0x00,
    0x00, 0x00, 0x00, 0x00, 0x00, 0x00, 0x00, 0x00, 0x00, 0x00, 0x00, 0x00, 0x69, 0x00, 0xca, 0x00,
    0xa4, 0x00, 0x00, 0x00, 0x00, 0x00, 0x00, 0x00, 0x00, 0x00, 0x00, 0x00, 0x00, 0x00, 0x00, 0x00,
    0x00, 0x00, 0x00, 0x00, 0x00, 0x00, 0x00, 0x00, 0x00, 0x00, 0x44, 0x00, 0x24, 0x00, 0xc6, 0x00,
    0xa9, 0x00, 0x68, 0x00, 0x68, 0x00, 0xa8, 0x00, 0xe9, 0x00, 0x64, 0x00, 0x27, 0x00, 0x68, 0x00,
    0xc9, 0x00, 0xa8, 0x00, 0x47, 0x00, 0x27, 0x00, 0x84, 0x00, 0x64, 0x00, 0xa5, 0x00, 0x64, 0x00,
    0x64, 0x00, 0x06, 0x00, 0x67, 0x00, 0x09, 0x00, 0xab, 0x00, 0x2c, 0x00, 0xeb, 0x00, 0x2b, 0x00,
    0x08, 0x00, 0xc9, 0x00, 0x0a, 0x00, 0xc9, 0x00, 0xe9, 0x00, 0x28, 0x00, 0x25, 0x00, 0xe4, 0x00,
    0x66, 0x00, 0x28, 0x00, 0xea, 0x00, 0x69, 0x00, 0x00, 0x00, 0x00, 0x00, 0x00, 0x00, 0x00, 0x00,
    0x00, 0x00, 0x00, 0x00, 0x00, 0x00, 0x00, 0x00, 0x00, 0x00, 0x20, 0x00, 0x28, 0x00, 0x49, 0x00,
    0x23, 0x00, 0x23, 0x00, 0x00, 0x00, 0x00, 0x00, 0x00, 0x00, 0x00, 0x00, 0x00, 0x00, 0x00, 0x00,
    0x00, 0x00, 0x00, 0x00, 0x00, 0x00, 0x00, 0x00, 0x00, 0x00, 0x20, 0x00, 0xe2, 0x00, 0xa5, 0x00,
    0x88, 0x00, 0x68, 0x00, 0x88, 0x00, 0xa9, 0x00, 0x2a, 0x00, 0xa8, 0x00, 0xe6, 0x00, 0x47, 0x00,
    0x67, 0x00, 0x88, 0x00, 0x27, 0x00, 0xa5, 0x00, 0xe6, 0x00, 0x27, 0x00, 0x07, 0x00, 0x06, 0x00,
    0xa5, 0x00, 0xc6, 0x00, 0x68, 0x00, 0xe9, 0x00, 0x6a, 0x00, 0xeb, 0x00, 0x4c, 0x00, 0xcd, 0x00,
    0xca, 0x00, 0xa7, 0x00, 0xc9, 0x00, 0xe7, 0x00, 0x22, 0x00, 0x61, 0x00, 0x05, 0x00, 0x46, 0x00,
    0x28, 0x00, 0xea, 0x00, 0x8c, 0x00, 0x2b, 0x00, 0x02, 0x00, 0x00, 0x00, 0x20, 0x00, 0x00, 0x00,
    0x00, 0x00, 0x00, 0x00, 0x00, 0x00, 0x00, 0x00, 0x23, 0x00, 0x84, 0x00, 0x28, 0x00, 0xa7, 0x00,
    0x05, 0x00, 0xa4, 0x00, 0x00, 0x00, 0x00, 0x00, 0x00, 0x00, 0x00, 0x00, 0x00, 0x00, 0x00, 0x00,
    0x00, 0x00, 0x00, 0x00, 0x00, 0x00, 0x00, 0x00, 0x00, 0x00, 0x00, 0x00, 0xa2, 0x00, 0xa5, 0x00,
    0x06, 0x00, 0xe9, 0x00, 0x47, 0x00, 0x6b, 0x00, 0x0a, 0x00, 0x4a, 0x00, 0x27, 0x00, 0x68, 0x00,
    0xa8, 0x00, 0x88, 0x00, 0xa8, 0x00, 0x09, 0x00, 0x06, 0x00, 0xa5, 0x00, 0x84, 0x00, 0x03, 0x00,
    0x61, 0x00, 0x81, 0x00, 0x44, 0x00, 0x88, 0x00, 0x29, 0x00, 0xeb, 0x00, 0x2c, 0x00, 0x6c, 0x00,
    0xad, 0x00, 0x86, 0x00, 0xc2, 0x00, 0x00, 0x00, 0x00, 0x00, 0x00, 0x00, 0x83, 0x00, 0x28, 0x00,
    0x69, 0x00, 0x2b, 0x00, 0x0b, 0x00, 0x0a, 0x00, 0xc7, 0x00, 0x40, 0x00, 0x00, 0x00, 0x00, 0x00,
    0x00, 0x00, 0x00, 0x00, 0x00, 0x00, 0x00, 0x00, 0x05, 0x00, 0x86, 0x00, 0x49, 0x00, 0xa7, 0x00,
    0x66, 0x00, 0x81, 0x00, 0x00, 0x00, 0x00, 0x00, 0x00, 0x00, 0x00, 0x00, 0x00, 0x00, 0x00, 0x00,
    0x00, 0x00, 0x00, 0x00, 0x00, 0x00, 0x00, 0x00, 0x00, 0x00, 0x00, 0x00, 0x41, 0x00, 0x27, 0x00,
    0x85, 0x00, 0x88, 0x00, 0x47, 0x00, 0x6b, 0x00, 0x0d, 0x00, 0x8b, 0x00, 0x2a, 0x00, 0x27, 0x00,
    0x88, 0x00, 0xa8, 0x00, 0xe9, 0x00, 0x88, 0x00, 0xc8, 0x00, 0xe9, 0x00, 0x67, 0x00, 0xa5, 0x00,
    0xe2, 0x00, 0x00, 0x00, 0x00, 0x00, 0x81, 0x00, 0x06, 0x00, 0x4a, 0x00, 0x0c, 0x00, 0x2c, 0x00,
    0x4c, 0x00, 0x2b, 0x00, 0x26, 0x00, 0xc2, 0x00, 0x00, 0x00, 0x00, 0x00, 0x00, 0x00, 0x43, 0x00,
    0xe7, 0x00, 0xaa, 0x00, 0xea, 0x00, 0xca, 0x00, 0x89, 0x00, 0x48, 0x00, 0x05, 0x00, 0xa4, 0x00,
    0x61, 0x00, 0x00, 0x00, 0x00, 0x00, 0x00, 0x00, 0xc7, 0x00, 0xa7, 0x00, 0x08, 0x00, 0x46, 0x00,
    0xc5, 0x00, 0x00, 0x00, 0x00, 0x00, 0x00, 0x00, 0x00, 0x00, 0x00, 0x00, 0x00, 0x00, 0x00, 0x00,
    0x00, 0x00, 0x00, 0x00, 0x00, 0x00, 0x00, 0x00, 0x00, 0x00, 0x00, 0x00, 0x00, 0x00, 0x06, 0x00,
    0xa5, 0x00, 0xc5, 0x00, 0x48, 0x00, 0xe9, 0x00, 0x2e, 0x00, 0x0d, 0x00, 0x0d, 0x00, 0x4a, 0x00,
    0xe6, 0x00, 0x06, 0x00, 0x47, 0x00, 0x2a, 0x00, 0x29, 0x00, 0x87, 0x00, 0x29, 0x00, 0xc5, 0x00,
    0xc5, 0x00, 0x40, 0x00, 0x20, 0x00, 0x61, 0x00, 0xa2, 0x00, 0x47, 0x00, 0xcb, 0x00, 0x2c, 0x00,
    0xad, 0x00, 0xad, 0x00, 0xed, 0x00, 0xea, 0x00, 0x89, 0x00, 0x25, 0x00, 0x61, 0x00, 0x00, 0x00,
    0x83, 0x00, 0xa9, 0x00, 0xca, 0x00, 0xca, 0x00, 0x48, 0x00, 0x2b, 0x00, 0x8c, 0x00, 0x0a, 0x00,
    0x0a, 0x00, 0xa4, 0x00, 0x00, 0x00, 0xa4, 0x00, 0xaa, 0x00, 0xe8, 0x00, 0xe8, 0x00, 0xe5, 0x00,
    0x81, 0x00, 0x00, 0x00, 0x00, 0x00, 0x00, 0x00, 0x00, 0x00, 0x00, 0x00, 0x00, 0x00, 0x00, 0x00,
    0x00, 0x00, 0x00, 0x00, 0x00, 0x00, 0x00, 0x00, 0x00, 0x00, 0x00, 0x00, 0x00, 0x00, 0x44, 0x00,
    0x07, 0x00, 0x06, 0x00, 0x27, 0x00, 0x27, 0x00, 0xed, 0x00, 0x2d, 0x00, 0x4e, 0x00, 0x4e, 0x00,
    0xec, 0x00, 0xac, 0x00, 0x09, 0x00, 0x44, 0x00, 0xa5, 0x00, 0x46, 0x00, 0x26, 0x00, 0x84, 0x00,
    0xa8, 0x00, 0x6a, 0x00, 0x09, 0x00, 0x46, 0x00, 0x47, 0x00, 0xa8, 0x00, 0x49, 0x00, 0xaa, 0x00,
    0xaa, 0x00, 0x89, 0x00, 0x69, 0x00, 0xeb, 0x00, 0x89, 0x00, 0x0a, 0x00, 0xca, 0x00, 0x84, 0x00,
    0x40, 0x00, 0xc7, 0x00, 0x69, 0x00, 0x89, 0x00, 0xcd, 0x00, 0x28, 0x00, 0x28, 0x00, 0x48, 0x00,
    0x89, 0x00, 0x66, 0x00, 0xc2, 0x00, 0x89, 0x00, 0xaa, 0x00, 0x28, 0x00, 0x05, 0x00, 0x61, 0x00,
    0x00, 0x00, 0x00, 0x00, 0x00, 0x00, 0x00, 0x00, 0x00, 0x00, 0x00, 0x00, 0x00, 0x00, 0x00, 0x00,
    0x00, 0x00, 0x00, 0x00, 0x00, 0x00, 0x00, 0x00, 0x00, 0x00, 0x00, 0x00, 0x00, 0x00, 0x61, 0x00,
    0xc6, 0x00, 0x65, 0x00, 0x88, 0x00, 0xc6, 0x00, 0xa8, 0x00, 0xcc, 0x00, 0xac, 0x00, 0x6b, 0x00,
    0x8b, 0x00, 0x6b, 0x00, 0x0a, 0x00, 0xa8, 0x00, 0x4a, 0x00, 0xc8, 0x00, 0x87, 0x00, 0xec, 0x00,
    0x6d, 0x00, 0x4a, 0x00, 0xa8, 0x00, 0x6a, 0x00, 0x0c, 0x00, 0x4d, 0x00, 0x8d, 0x00, 0x4c, 0x00,
    0xe8, 0x00, 0xc4, 0x00, 0x86, 0x00, 0x89, 0x00, 0x89, 0x00, 0x69, 0x00, 0xe7, 0x00, 0x43, 0x00,
    0x00, 0x00, 0x61, 0x00, 0x02, 0x00, 0x63, 0x00, 0xa9, 0x00, 0x63, 0x00, 0xe2, 0x00, 0x61, 0x00,
    0x00, 0x00, 0x03, 0x00, 0x49, 0x00, 0xca, 0x00, 0x49, 0x00, 0xa7, 0x00, 0xe5, 0x00, 0x61, 0x00,
    0x00, 0x00, 0x00, 0x00, 0x00, 0x00, 0x00, 0x00, 0x00, 0x00, 0x00, 0x00, 0x00, 0x00, 0x00, 0x00,
    0x00, 0x00, 0x00, 0x00, 0x00, 0x00, 0x00, 0x00, 0x00, 0x00, 0x00, 0x00, 0x00, 0x00, 0x00, 0x00,
    0x81, 0x00, 0x41, 0x00, 0x07, 0x00, 0x88, 0x00, 0x27, 0x00, 0x47, 0x00, 0x88, 0x00, 0x67, 0x00,
    0xa8, 0x00, 0x0a, 0x00, 0xac, 0x00, 0x0c, 0x00, 0x09, 0x00, 0xc8, 0x00, 0xec, 0x00, 0x4a, 0x00,
    0x06, 0x00, 0x88, 0x00, 0x09, 0x00, 0xe9, 0x00, 0xc8, 0x00, 0x09, 0x00, 0x4a, 0x00, 0x09, 0x00,
    0x4a, 0x00, 0x6a, 0x00, 0x8a, 0x00, 0x29, 0x00, 0x46, 0x00, 0xe2, 0x00, 0x20, 0x00, 0x00, 0x00,
    0x00, 0x00, 0x00, 0x00, 0x00, 0x00, 0x00, 0x00, 0x00, 0x00, 0x00, 0x00, 0x00, 0x00, 0x40, 0x00,
    0x05, 0x00, 0xca, 0x00, 0xaa, 0x00, 0x49, 0x00, 0xe8, 0x00, 0x87, 0x00, 0xa2, 0x00, 0x00, 0x00,
    0x00, 0x00, 0x00, 0x00, 0x00, 0x00, 0x00, 0x00, 0x00, 0x00, 0x00, 0x00, 0x00, 0x00, 0x00, 0x00,
    0x00, 0x00, 0x00, 0x00, 0x00, 0x00, 0x00, 0x00, 0x00, 0x00, 0x00, 0x00, 0x00, 0x00, 0x00, 0x00,
    0x00, 0x00, 0x00, 0x00, 0xa2, 0x00, 0x68, 0x00, 0xe9, 0x00, 0x68, 0x00, 0x88, 0x00, 0xc9, 0x00,
    0xe9, 0x00, 0x88, 0x00, 0xa8, 0x00, 0x88, 0x00, 0x27, 0x00, 0xe9, 0x00, 0x88, 0x00, 0x47, 0x00,
    0x67, 0x00, 0x67, 0x00, 0x47, 0x00, 0x47, 0x00, 0x27, 0x00, 0x88, 0x00, 0xc8, 0x00, 0xc8, 0x00,
    0xc8, 0x00, 0xaa, 0x00, 0x0c, 0x00, 0x4c, 0x00, 0xcb, 0x00, 0x08, 0x00, 0x05, 0x00, 0xe2, 0x00,
    0x20, 0x00, 0x00, 0x00, 0x00, 0x00, 0x20, 0x00, 0x40, 0x00, 0xa1, 0x00, 0xe5, 0x00, 0xaa, 0x00,
    0xeb, 0x00, 0x69, 0x00, 0xe8, 0x00, 0x87, 0x00, 0xe5, 0x00, 0x40, 0x00, 0x00, 0x00, 0x00, 0x00,
    0x00, 0x00, 0x00, 0x00, 0x00, 0x00, 0x00, 0x00, 0x00, 0x00, 0x00, 0x00, 0x00, 0x00, 0x00, 0x00,
    0x00, 0x00, 0x00, 0x00, 0x00, 0x00, 0x00, 0x00, 0x00, 0x00, 0x00, 0x00, 0x00, 0x00, 0x00, 0x00,
    0x00, 0x00, 0x00, 0x00, 0x00, 0x00, 0xc2, 0x00, 0x27, 0x00, 0x88, 0x00, 0xa5, 0x00, 0x06, 0x00,
    0x88, 0x00, 0xa8, 0x00, 0x47, 0x00, 0x06, 0x00, 0x06, 0x00, 0x06, 0x00, 0x27, 0x00, 0x68, 0x00,
    0xc9, 0x00, 0xc9, 0x00, 0xc9, 0x00, 0xc8, 0x00, 0xa8, 0x00, 0xa8, 0x00, 0xa8, 0x00, 0xe9, 0x00,
    0xa8, 0x00, 0x67, 0x00, 0x87, 0x00, 0xe8, 0x00, 0x49, 0x00, 0x8a, 0x00, 0x6c, 0x00, 0xad, 0x00,
    0x4c, 0x00, 0xcb, 0x00, 0x08, 0x00, 0xe8, 0x00, 0x29, 0x00, 0x8a, 0x00, 0xeb, 0x00, 0x8a, 0x00,
    0xe8, 0x00, 0x87, 0x00, 0x26, 0x00, 0x03, 0x00, 0x00, 0x00, 0x00, 0x00, 0x00, 0x00, 0x00, 0x00,
    0x00, 0x00, 0x00, 0x00, 0x00, 0x00, 0x00, 0x00, 0x00, 0x00, 0x00, 0x00, 0x00, 0x00, 0x00, 0x00,
    0x00, 0x00, 0x00, 0x00, 0x00, 0x00, 0x00, 0x00, 0x00, 0x00, 0x00, 0x00, 0x00, 0x00, 0x00, 0x00,
    0x00, 0x00, 0x00, 0x00, 0x00, 0x00, 0x00, 0x00, 0x41, 0x00, 0x64, 0x00, 0x85, 0x00, 0xc2, 0x00,
    0xa5, 0x00, 0xe6, 0x00, 0xc6, 0x00, 0x23, 0x00, 0x85, 0x00, 0xe6, 0x00, 0xe6, 0x00, 0xe6, 0x00,
    0x06, 0x00, 0x85, 0x00, 0xe2, 0x00, 0x81, 0x00, 0x61, 0x00, 0x81, 0x00, 0xa2, 0x00, 0x23, 0x00,
    0xc5, 0x00, 0x06, 0x00, 0x06, 0x00, 0x46, 0x00, 0x87, 0x00, 0x87, 0x00, 0xc7, 0x00, 0x6a, 0x00,
    0x49, 0x00, 0x8a, 0x00, 0xaa, 0x00, 0x49, 0x00, 0xe8, 0x00, 0xe8, 0x00, 0xc8, 0x00, 0xa7, 0x00,
    0x26, 0x00, 0xc5, 0x00, 0x81, 0x00, 0x00, 0x00, 0x00, 0x00, 0x00, 0x00, 0x00, 0x00, 0x00, 0x00,
    0x00, 0x00, 0x00, 0x00, 0x00, 0x00, 0x00, 0x00, 0x00, 0x00, 0x00, 0x00, 0x00, 0x00, 0x00, 0x00,
    0x00, 0x00, 0x00, 0x00, 0x00, 0x00, 0x00, 0x00, 0x00, 0x00, 0x00, 0x00, 0x00, 0x00, 0x00, 0x00,
    0x00, 0x00, 0x00, 0x00, 0x00, 0x00, 0x00, 0x00, 0x00, 0x00, 0x00, 0x00, 0x20, 0x00, 0x00, 0x00,
    0x41, 0x00, 0x23, 0x00, 0xe6, 0x00, 0x07, 0x00, 0xe6, 0x00, 0xe6, 0x00, 0xe6, 0x00, 0xa5, 0x00,
    0x44, 0x00, 0xc2, 0x00, 0x20, 0x00, 0x00, 0x00, 0x00, 0x00, 0x00, 0x00, 0x00, 0x00, 0x00, 0x00,
    0x00, 0x00, 0x40, 0x00, 0x02, 0x00, 0xa4, 0x00, 0x64, 0x00, 0x64, 0x00, 0xe5, 0x00, 0x26, 0x00,
    0x46, 0x00, 0x67, 0x00, 0x67, 0x00, 0x67, 0x00, 0x47, 0x00, 0x26, 0x00, 0xa4, 0x00, 0x23, 0x00,
    0x43, 0x00, 0x43, 0x00, 0x61, 0x00, 0x00, 0x00, 0x00, 0x00, 0x00, 0x00, 0x00, 0x00, 0x00, 0x00,
    0x00, 0x00, 0x00, 0x00, 0x00, 0x00, 0x00, 0x00, 0x00, 0x00, 0x00, 0x00, 0x00, 0x00, 0x00, 0x00,
    0x00, 0x00, 0x00, 0x00, 0x00, 0x00, 0x00, 0x00, 0x00, 0x00, 0x00, 0x00, 0x00, 0x00, 0x00, 0x00,
    0x00, 0x00, 0x00, 0x00, 0x00, 0x00, 0x00, 0x00, 0x00, 0x00, 0x00, 0x00, 0x00, 0x00, 0x00, 0x00,
    0x00, 0x00, 0x00, 0x00, 0x00, 0x00, 0x61, 0x00, 0xa2, 0x00, 0xe3, 0x00, 0xc2, 0x00, 0x81, 0x00,
    0x20, 0x00, 0x00, 0x00, 0x00, 0x00, 0x00, 0x00, 0x00, 0x00, 0x00, 0x00, 0x00, 0x00, 0x00, 0x00,
    0x00, 0x00, 0x00, 0x00, 0x00, 0x00, 0x20, 0x00, 0x40, 0x00, 0x00, 0x00, 0x20, 0x00, 0xa2, 0x00,
    0x23, 0x00, 0x64, 0x00, 0xa5, 0x00, 0xa4, 0x00, 0x64, 0x00, 0x03, 0x00, 0x41, 0x00, 0x00, 0x00,
    0x00, 0x00, 0x00, 0x00, 0x00, 0x00, 0x00, 0x00, 0x00, 0x00, 0x00, 0x00, 0x00, 0x00, 0x00, 0x00,
    0x00, 0x00, 0x00, 0x00, 0x00, 0x00, 0x00, 0x00, 0x00, 0x00, 0x00, 0x00, 0x00, 0x00, 0x00, 0x00,
    0x00, 0x00, 0x00, 0x00, 0x00, 0x00, 0x00, 0x00, 0x00, 0x00, 0x00, 0x00, 0x00, 0x00, 0x00, 0x00,
    0x00, 0x00, 0x00, 0x00, 0x00, 0x00, 0x00, 0x00, 0x00, 0x00, 0x00, 0x00, 0x00, 0x00, 0x00, 0x00,
    0x00, 0x00, 0x00, 0x00, 0x00, 0x00, 0x00, 0x00, 0x00, 0x00, 0x00, 0x00, 0x00, 0x00, 0x00, 0x00,
    0x00, 0x00, 0x00, 0x00, 0x00, 0x00, 0x00, 0x00, 0x00, 0x00, 0x00, 0x00, 0x00, 0x00, 0x00, 0x00,
    0x00, 0x00, 0x00, 0x00, 0x00, 0x00, 0x00, 0x00, 0x00, 0x00, 0x00, 0x00, 0x00, 0x00, 0x00, 0x00,
    0x00, 0x00, 0x00, 0x00, 0x00, 0x00, 0x00, 0x00, 0x00, 0x00, 0x00, 0x00, 0x00, 0x00, 0x00, 0x00,
    0x00, 0x00, 0x00, 0x00, 0x00, 0x00, 0x00, 0x00, 0x00, 0x00, 0x00, 0x00, 0x00, 0x00, 0x00, 0x00,
    0x00, 0x00, 0x00, 0x00, 0x00, 0x00, 0x00, 0x00, 0x00, 0x00, 0x00, 0x00, 0x00, 0x00, 0x00, 0x00,
    0x00, 0x00, 0x00, 0x00, 0x00, 0x00, 0x00, 0x00, 0x00, 0x00, 0x00, 0x00, 0x00, 0x00, 0x00, 0x00,
    0x00, 0x00, 0x00, 0x00, 0x00, 0x00, 0x00, 0x00, 0x00, 0x00, 0x00, 0x00, 0x00, 0x00, 0x00, 0x00,
    0x00, 0x00, 0x00, 0x00, 0x00, 0x00, 0x00, 0x00, 0x00, 0x00, 0x00, 0x00, 0x00, 0x00, 0x00, 0x00,
    0x00, 0x00, 0x00, 0x00, 0x00, 0x00, 0x00, 0x00, 0x00, 0x00, 0x00, 0x00, 0x00, 0x00, 0x00, 0x00,
    0x00, 0x00, 0x00, 0x00, 0x00, 0x00, 0x00, 0x00, 0x00, 0x00, 0x00, 0x00, 0x00, 0x00, 0x00, 0x00,
    0x00, 0x00, 0x00, 0x00, 0x00, 0x00, 0x00, 0x00, 0x00, 0x00, 0x00, 0x00, 0x00, 0x00, 0x00, 0x00,
    0x00, 0x00, 0x00, 0x00, 0x00, 0x00, 0x00, 0x00, 0x00, 0x00, 0x00, 0x00, 0x00, 0x00, 0x00, 0x00,
    0x00, 0x00, 0x00, 0x00, 0x00, 0x00, 0x00, 0x00, 0x00, 0x00, 0x00, 0x00, 0x00, 0x00, 0x00, 0x00,
    0x00, 0x00, 0x00, 0x00, 0x00, 0x00, 0x00, 0x00, 0x00, 0x00, 0x00, 0x00, 0x00, 0x00, 0x00, 0x00,
    0x00, 0x00, 0x00, 0x00, 0x00, 0x00, 0x00, 0x00, 0x00, 0x00, 0x00, 0x00, 0x00, 0x00, 0x00, 0x00,
    0x00, 0x00, 0x00, 0x00, 0x00, 0x00, 0x00, 0x00, 0x00, 0x00, 0x00, 0x00, 0x00, 0x00, 0x00, 0x00,
    0x00, 0x00, 0x00, 0x00, 0x00, 0x00, 0x00, 0x00, 0x00, 0x00, 0x00, 0x00, 0x00, 0x00, 0x00, 0x00,
    0x00, 0x00, 0x00, 0x00, 0x00, 0x00, 0x00, 0x00, 0x00, 0x00, 0x00, 0x00, 0x00, 0x00, 0x00, 0x00,
    0x00, 0x00, 0x00, 0x00, 0x00, 0x00, 0x00, 0x00, 0x00, 0x00, 0x00, 0x00, 0x00, 0x00, 0x00, 0x00,
    0x00, 0x00, 0x00, 0x00, 0x00, 0x00, 0x00, 0x00, 0x00, 0x00, 0x00, 0x00, 0x00, 0x00, 0x00, 0x00,
    0x00, 0x00, 0x00, 0x00, 0x00, 0x00, 0x00, 0x00, 0x00, 0x00, 0x00, 0x00, 0x00, 0x00, 0x00, 0x00,
    0x00, 0x00, 0x00, 0x00, 0x00, 0x00, 0x00, 0x00, 0x00, 0x00, 0x00, 0x00, 0x00, 0x00, 0x00, 0x00,
    0x00, 0x00, 0x00, 0x00, 0x00, 0x00, 0x00, 0x00, 0x00, 0x00, 0x00, 0x00, 0x00, 0x00, 0x00, 0x00,
    0x00, 0x00, 0x00, 0x00, 0x00, 0x00, 0x00, 0x00, 0x00, 0x00, 0x00, 0x00, 0x00, 0x00, 0x00, 0x00,
    0x00, 0x00, 0x00, 0x00, 0x00, 0x00, 0x00, 0x00, 0x00, 0x00, 0x00, 0x00, 0x00, 0x00, 0x00, 0x00,
    0x00, 0x00, 0x00, 0x00, 0x00, 0x00, 0x00, 0x00, 0x00, 0x00, 0x00, 0x00, 0x00, 0x00, 0x00, 0x00,
    0x00, 0x00, 0x00, 0x00, 0x00, 0x00, 0x00, 0x00, 0x00, 0x00, 0x00, 0x00, 0x00, 0x00, 0x00, 0x00,
    0x00, 0x00, 0x00, 0x00, 0x00, 0x00, 0x00, 0x00, 0x00, 0x00, 0x00, 0x00, 0x00, 0x00, 0x00, 0x00,
    0x00, 0x00, 0x00, 0x00, 0x00, 0x00, 0x00, 0x00, 0x00, 0x00, 0x00, 0x00, 0x00, 0x00, 0x00, 0x00,
    0x00, 0x00, 0x00, 0x00, 0x00, 0x00, 0x00, 0x00, 0x00, 0x00, 0x00, 0x00, 0x00, 0x00, 0x00, 0x00,
    0x00, 0x00, 0x00, 0x00, 0x00, 0x00, 0x00, 0x00, 0x00, 0x00, 0x00, 0x00, 0x00, 0x00, 0x00, 0x00,
    0x00, 0x00, 0x00, 0x00, 0x00, 0x00, 0x00, 0x00, 0x00, 0x00, 0x00, 0x00, 0x00, 0x00, 0x00, 0x00,
    0x00, 0x00, 0x00, 0x00, 0x00, 0x00, 0x00, 0x00, 0x00, 0x00, 0x00, 0x00, 0x00, 0x00, 0x00, 0x00,
    0x00, 0x00, 0x00, 0x00, 0x00, 0x00, 0x00, 0x00, 0x00, 0x00, 0x00, 0x00, 0x00, 0x00, 0x00, 0x00,
    0x00, 0x00, 0x00, 0x00, 0x00, 0x00, 0x00, 0x03, 0x0f, 0x00, 0x00, 0x00, 0x00, 0x00, 0x00, 0x00,
    0x00, 0x00, 0x00, 0x22, 0x24, 0x00, 0x00, 0x00, 0x00, 0x00, 0x00, 0x00, 0x00, 0x00, 0x00, 0x00,
    0x00, 0x00, 0x00, 0x00, 0x00, 0x00, 0x00, 0x00, 0x00, 0x00, 0x00, 0x00, 0x00, 0x00, 0x00, 0x00,
    0x00, 0x00, 0x00, 0x00, 0x00, 0x00, 0x00, 0x00, 0x00, 0x00, 0x00, 0x00, 0x00, 0x00, 0x00, 0x00,
    0x00, 0x00, 0x00, 0x00, 0x00, 0x00, 0x00, 0xb2, 0x4f, 0x00, 0x00, 0x00, 0x00, 0x00, 0x00, 0x00,
    0x00, 0x00, 0x06, 0xff, 0x1e, 0x00, 0x00, 0x00, 0x00, 0x00, 0x00, 0x00, 0x00, 0x00, 0x00, 0x00,
    0x00, 0x00, 0x00, 0x00, 0x00, 0x00, 0x00, 0x00, 0x00, 0x00, 0x00, 0x00, 0x00, 0x00, 0x00, 0x00,
    0x00, 0x00, 0x00, 0x00, 0x00, 0x00, 0x00, 0x00, 0x00, 0x00, 0x00, 0x00, 0x00, 0x00, 0x00, 0x00,
    0x00, 0x00, 0x00, 0x00, 0x00, 0x00, 0x24, 0xff, 0x15, 0x00, 0x00, 0x00, 0x00, 0x00, 0x00, 0x00,
    0x00, 0x00, 0x55, 0xff, 0x0c, 0x00, 0x00, 0x00, 0x00, 0x00, 0x00, 0x00, 0x00, 0x00, 0x00, 0x00,
    0x00, 0x00, 0x00, 0x00, 0x00, 0x00, 0x00, 0x00, 0x00, 0x00, 0x00, 0x00, 0x00, 0x00, 0x00, 0x00,
    0x00, 0x00, 0x00, 0x00, 0x00, 0x00, 0x00, 0x00, 0x00, 0x00, 0x00, 0x00, 0x00, 0x00, 0x00, 0x00,
    0x00, 0x00, 0x00, 0x00, 0x00, 0x00, 0x6c, 0xfb, 0x2c, 0x00, 0x00, 0x00, 0x04, 0x00, 0x00, 0x00,
    0x00, 0x00, 0x83, 0xfd, 0x52, 0x00, 0x02, 0x62, 0x00, 0x00, 0x00, 0x00, 0x00, 0x00, 0x00, 0x00,
    0x00, 0x00, 0x00, 0x00, 0x00, 0x00, 0x00, 0x00, 0x00, 0x00, 0x00, 0x00, 0x00, 0x00, 0x00, 0x00,
    0x00, 0x00, 0x00, 0x00, 0x00, 0x00, 0x00, 0x00, 0x00, 0x00, 0x00, 0x00, 0x00, 0x00, 0x00, 0x00,
    0x00, 0x00, 0x00, 0x00, 0x00, 0x00, 0x6b, 0xff, 0xba, 0x02, 0x00, 0x15, 0xad, 0x00, 0x00, 0x00,
    0x01, 0x00, 0x63, 0xff, 0xff, 0x20, 0x0b, 0xf1, 0x01, 0x00, 0x00, 0x00, 0x00, 0x00, 0x00, 0x00,
    0x00, 0x00, 0x00, 0x00, 0x00, 0x00, 0x00, 0x00, 0x00, 0x00, 0x00, 0x00, 0x00, 0x00, 0x00, 0x00,
    0x00, 0x00, 0x00, 0x00, 0x00, 0x00, 0x00, 0x00, 0x00, 0x00, 0x00, 0x00, 0x00, 0x00, 0x00, 0x00,
    0x00, 0x00, 0x00, 0x00, 0x00, 0x00, 0x14, 0xfd, 0xff, 0xc3, 0x10, 0x40, 0xff, 0x00, 0x00, 0x00,
    0x98, 0x07, 0x05, 0xfb, 0xfd, 0xff, 0x98, 0xff, 0x23, 0x00, 0x00, 0x00, 0x00, 0x00, 0x00, 0x00,
    0x00, 0x00, 0x00, 0x00, 0x00, 0x00, 0x00, 0x00, 0x00, 0x00, 0x00, 0x00, 0x00, 0x00, 0x00, 0x00,
    0x00, 0x00, 0x00, 0x00, 0x00, 0x00, 0x00, 0x00, 0x00, 0x00, 0x00, 0x00, 0x00, 0x00, 0x00, 0x00,
    0x00, 0x00, 0x00, 0x17, 0x0f, 0x03, 0x05, 0xaf, 0xf9, 0xff, 0xff, 0xd1, 0xff, 0x31, 0x00, 0x02,
    0xfb, 0xe2, 0x1a, 0x79, 0xff, 0xf9, 0xff, 0xfd, 0xc7, 0x01, 0x00, 0x01, 0x00, 0x00, 0x00, 0x00,
    0x00, 0x00, 0x00, 0x00, 0x00, 0x00, 0x00, 0x00, 0x00, 0x00, 0x00, 0x00, 0x00, 0x00, 0x00, 0x00,
    0x00, 0x00, 0x00, 0x00, 0x00, 0x00, 0x00, 0x00, 0x00, 0x00, 0x00, 0x00, 0x00, 0x00, 0x00, 0x00,
    0x00, 0x00, 0x00, 0x61, 0xff, 0xef, 0xf9, 0xfb, 0xff, 0xff, 0xff, 0xff, 0xfb, 0xf7, 0x2a, 0x00,
    0xb2, 0xff, 0xff, 0xde, 0xff, 0xfd, 0xfb, 0xfb, 0xff, 0x8f, 0x09, 0x80, 0x00, 0x00, 0x00, 0x00,
    0x00, 0x00, 0x00, 0x00, 0x00, 0x00, 0x00, 0x00, 0x00, 0x00, 0x00, 0x00, 0x00, 0x00, 0x00, 0x00,
    0x00, 0x00, 0x00, 0x00, 0x00, 0x00, 0x00, 0x00, 0x00, 0x00, 0x00, 0x00, 0x00, 0x00, 0x00, 0x00,
    0x00, 0x00, 0x00, 0x00, 0x5d, 0xe0, 0xff, 0xf7, 0xc5, 0xc5, 0xff, 0xff, 0xff, 0xff, 0xff, 0x75,
    0x9a, 0xfd, 0xf9, 0xff, 0xff, 0xff, 0xff, 0xff, 0xfb, 0xff, 0xd1, 0xfb, 0x07, 0x00, 0x00, 0x00,
    0x00, 0x00, 0x00, 0x00, 0x00, 0x00, 0x00, 0x00, 0x00, 0x00, 0x00, 0x00, 0x00, 0x00, 0x00, 0x00,
    0x00, 0x00, 0x00, 0x00, 0x00, 0x00, 0x00, 0x00, 0x00, 0x00, 0x00, 0x00, 0x00, 0x00, 0x00, 0x00,
    0x00, 0x00, 0x00, 0x00, 0x00, 0x01, 0x07, 0x08, 0x12, 0x05, 0x09, 0x51, 0xeb, 0xfb, 0xf9, 0xff,
    0xff, 0xff, 0xff, 0xfd, 0xff, 0xff, 0xff, 0xff, 0xff, 0xfb, 0xff, 0xff, 0x1e, 0x00, 0x00, 0x00,
    0x00, 0x00, 0x00, 0x00, 0x00, 0x00, 0x00, 0x00, 0x00, 0x00, 0x00, 0x00, 0x00, 0x00, 0x00, 0x00,
    0x00, 0x00, 0x00, 0x00, 0x00, 0x00, 0x00, 0x00, 0x00, 0x00, 0x00, 0x00, 0x00, 0x00, 0x00, 0x00,
    0x00, 0x00, 0x00, 0x00, 0x00, 0x00, 0x00, 0x00, 0xc1, 0xde, 0x89, 0x55, 0xc3, 0xff, 0xfb, 0xf9,
    0xfd, 0xff, 0xff, 0xff, 0xff, 0xff, 0xff, 0xff, 0xff, 0xff, 0xf5, 0xff, 0x1f, 0x00, 0x00, 0x00,
    0x00, 0x00, 0x00, 0x00, 0x00, 0x00, 0x00, 0x00, 0x00, 0x00, 0x00, 0x00, 0x00, 0x00, 0x00, 0x00,
    0x00, 0x00, 0x00, 0x00, 0x00, 0x00, 0x00, 0x00, 0x00, 0x00, 0x00, 0x00, 0x00, 0x00, 0x00, 0x00,
    0x00, 0x00, 0x00, 0x00, 0x00, 0x02, 0x95, 0x42, 0x66, 0xff, 0xff, 0xff, 0xff, 0xff, 0xff, 0xff,
    0xff, 0xff, 0xff, 0xff, 0xff, 0xff, 0xff, 0xff, 0xff, 0xff, 0xfd, 0xfb, 0x07, 0x00, 0x00, 0x00,
    0x00, 0x00, 0x00, 0x00, 0x00, 0x00, 0x00, 0x00, 0x00, 0x00, 0x00, 0x00, 0x00, 0x00, 0x00, 0x00,
    0x00, 0x00, 0x00, 0x00, 0x00, 0x00, 0x00, 0x00, 0x00, 0x00, 0x00, 0x00, 0x00, 0x00, 0x00, 0x00,
    0x00, 0x00, 0x00, 0x00, 0x00, 0x00, 0x5c, 0xff, 0xff, 0xfb, 0xfb, 0xf7, 0xfd, 0xff, 0xff, 0xff,
    0xff, 0xff, 0xff, 0xff, 0xff, 0xff, 0xff, 0xff, 0xff, 0xfd, 0xff, 0xe4, 0x08, 0x01, 0x00, 0x00,
    0x00, 0x00, 0x00, 0x00, 0x00, 0x00, 0x00, 0x00, 0x00, 0x00, 0x00, 0x00, 0x00, 0x00, 0x00, 0x00,
    0x00, 0x00, 0x00, 0x00, 0x00, 0x00, 0x00, 0x00, 0x00, 0x00, 0x00, 0x00, 0x00, 0x00, 0x00, 0x00,
    0x00, 0x00, 0x00, 0x00, 0x00, 0x00, 0x00, 0x41, 0xff, 0xfb, 0xff, 0xff, 0xff, 0xff, 0xff, 0xff,
    0xff, 0xff, 0xff, 0xff, 0xff, 0xff, 0xff, 0xff, 0xff, 0xff, 0xff, 0xeb, 0xc8, 0x21, 0x00, 0x00,
    0x00, 0x00, 0x00, 0x00, 0x00, 0x00, 0x00, 0x00, 0x00, 0x00, 0x00, 0x00, 0x00, 0x00, 0x00, 0x00,
    0x00, 0x00, 0x00, 0x00, 0x00, 0x00, 0x00, 0x00, 0x00, 0x00, 0x00, 0x00, 0x00, 0x00, 0x00, 0x00,
    0x00, 0x00, 0x00, 0x00, 0x00, 0x00, 0x00, 0x00, 0x26, 0xfb, 0xfb, 0xff, 0xff, 0xff, 0xff, 0xff,
    0xff, 0xff, 0xff, 0xff, 0xff, 0xff, 0xff, 0xff, 0xff, 0xff, 0xff, 0xf9, 0xff, 0x34, 0x00, 0x00,
    0x00, 0x00, 0x00, 0x00, 0x00, 0x00, 0x00, 0x00, 0x00, 0x00, 0x00, 0x00, 0x00, 0x00, 0x00, 0x00,
    0x00, 0x00, 0x00, 0x00, 0x00, 0x00, 0x00, 0x00, 0x00, 0x00, 0x00, 0x00, 0x00, 0x00, 0x00, 0x00,
    0x00, 0x00, 0x00, 0x00, 0x00, 0x00, 0x00, 0x18, 0x9e, 0xfb, 0xfd, 0xff, 0xff, 0xff, 0xff, 0xff,
    0xff, 0xff, 0xff, 0xff, 0xff, 0xff, 0xff, 0xff, 0xff, 0xff, 0xff, 0xf7, 0xfb, 0x35, 0x00, 0x00,
    0x00, 0x00, 0x00, 0x00, 0x00, 0x00, 0x00, 0x00, 0x00, 0x00, 0x00, 0x00, 0x00, 0x00, 0x00, 0x00,
    0x00, 0x00, 0x00, 0x00, 0x00, 0x00, 0x00, 0x00, 0x00, 0x00, 0x00, 0x00, 0x00, 0x00, 0x00, 0x00,
    0x00, 0x00, 0x00, 0x00, 0x00, 0x1e, 0x85, 0xff, 0xff, 0xff, 0xff, 0xff, 0xff, 0xff, 0xff, 0xff,
    0xff, 0xff, 0xff, 0xff, 0xff, 0xff, 0xff, 0xff, 0xff, 0xff, 0xff, 0xf9, 0xff, 0x6d, 0x00, 0x00,
    0x00, 0x00, 0x00, 0x00, 0x00, 0x00, 0x00, 0x00, 0x00, 0x00, 0x00, 0x00, 0x00, 0x00, 0x00, 0x00,
    0x00, 0x00, 0x00, 0x00, 0x00, 0x00, 0x00, 0x00, 0x00, 0x00, 0x00, 0x00, 0x00, 0x00, 0x00, 0x00,
    0x00, 0x00, 0x00, 0x00, 0x00, 0x68, 0xff, 0xff, 0xfb, 0xff, 0xff, 0xff, 0xff, 0xff, 0xff, 0xff,
    0xff, 0xff, 0xff, 0xff, 0xff, 0xff, 0xff, 0xff, 0xff, 0xff, 0xff, 0xfd, 0xff, 0xd7, 0x01, 0x00,
    0x00, 0x00, 0x00, 0x00, 0x00, 0x00, 0x00, 0x00, 0x00, 0x00, 0x00, 0x00, 0x00, 0x00, 0x00, 0x00,
    0x00, 0x00, 0x00, 0x00, 0x00, 0x00, 0x00, 0x00, 0x00, 0x00, 0x00, 0x00, 0x00, 0x00, 0x00, 0x00,
    0x00, 0x00, 0x00, 0x00, 0x00, 0x00, 0x2b, 0xd1, 0xfb, 0xfd, 0xff, 0xff, 0xff, 0xff, 0xff, 0xff,
    0xff, 0xff, 0xff, 0xff, 0xff, 0xff, 0xff, 0xff, 0xff, 0xff, 0xff, 0xfd, 0xff, 0xd7, 0x01, 0x00,
    0x00, 0x00, 0x00, 0x00, 0x00, 0x00, 0x00, 0x00, 0x00, 0x00, 0x00, 0x00, 0x00, 0x00, 0x00, 0x00,
    0x00, 0x00, 0x00, 0x00, 0x00, 0x00, 0x00, 0x00, 0x00, 0x00, 0x00, 0x00, 0x00, 0x00, 0x00, 0x00,
    0x00, 0x00, 0x00, 0x00, 0x00, 0x00, 0x00, 0xad, 0xfb, 0xfb, 0xff, 0xff, 0xff, 0xff, 0xff, 0xff,
    0xff, 0xff, 0xff, 0xff, 0xff, 0xff, 0xff, 0xff, 0xff, 0xff, 0xff, 0xfb, 0xff, 0xc1, 0x00, 0x00,
    0x00, 0x00, 0x00, 0x00, 0x00, 0x00, 0x00, 0x00, 0x02, 0x01, 0x00, 0x00, 0x00, 0x00, 0x00, 0x00,
    0x00, 0x00, 0x00, 0x00, 0x00, 0x00, 0x00, 0x00, 0x00, 0x00, 0x00, 0x00, 0x00, 0x00, 0x00, 0x00,
    0x00, 0x00, 0x00, 0x00, 0x00, 0x00, 0x5f, 0xff, 0xff, 0xff, 0xff, 0xff, 0xff, 0xff, 0xff, 0xff,
    0xff, 0xff, 0xff, 0xff, 0xff, 0xff, 0xff, 0xff, 0xff, 0xff, 0xff, 0xff, 0xfb, 0xff, 0x15, 0x00,
    0x00, 0x00, 0x00, 0x00, 0x00, 0x00, 0x00, 0x00, 0x61, 0x14, 0x00, 0x00, 0x00, 0x00, 0x00, 0x00,
    0x00, 0x00, 0x00, 0x00, 0x00, 0x00, 0x00, 0x00, 0x00, 0x00, 0x00, 0x00, 0x00, 0x00, 0x00, 0x00,
    0x00, 0x00, 0x00, 0x00, 0x00, 0x02, 0xe2, 0xa3, 0xba, 0xff, 0xfd, 0xff, 0xff, 0xff, 0xff, 0xff,
    0xff, 0xff, 0xff, 0xff, 0xff, 0xff, 0xff, 0xff, 0xff, 0xff, 0xff, 0xff, 0xf7, 0xff, 0x32, 0x00,
    0x00, 0x00, 0x00, 0x00, 0x00, 0x00, 0x00, 0x04, 0xf7, 0x23, 0x00, 0x00, 0x00, 0x00, 0x00, 0x00,
    0x00, 0x00, 0x00, 0x00, 0x00, 0x00, 0x00, 0x00, 0x00, 0x00, 0x00, 0x00, 0x00, 0x00, 0x00, 0x00,
    0x00, 0x00, 0x00, 0x00, 0x00, 0x00, 0x03, 0x00, 0xbc, 0xff, 0xfb, 0xff, 0xff, 0xff, 0xff, 0xff,
    0xff, 0xff, 0xff, 0xff, 0xff, 0xff, 0xff, 0xff, 0xff, 0xff, 0xff, 0xff, 0xfd, 0xff, 0x0b, 0x00,
    0x00, 0x00, 0x00, 0x00, 0x00, 0x00, 0x04, 0x9a, 0xff, 0x37, 0x00, 0x00, 0x00, 0x00, 0x00, 0x00,
    0x00, 0x00, 0x00, 0x00, 0x00, 0x00, 0x00, 0x00, 0x00, 0x00, 0x00, 0x00, 0x00, 0x00, 0x00, 0x00,
    0x00, 0x00, 0x00, 0x00, 0x00, 0x00, 0x00, 0x0e, 0xff, 0xf9, 0xff, 0xff, 0xff, 0xff, 0xff, 0xff,
    0xff, 0xff, 0xff, 0xff, 0xff, 0xff, 0xff, 0xff, 0xff, 0xff, 0xff, 0xf7, 0xfb, 0x70, 0x00, 0x00,
    0x00, 0x00, 0x06, 0x0f, 0x03, 0x4d, 0xdc, 0xff, 0xfd, 0x3b, 0x00, 0x00, 0x00, 0x00, 0x00, 0x00,
    0x00, 0x00, 0x00, 0x00, 0x00, 0x00, 0x00, 0x00, 0x00, 0x00, 0x00, 0x00, 0x00, 0x00, 0x00, 0x00,
    0x00, 0x00, 0x00, 0x00, 0x00, 0x00, 0x00, 0x1c, 0xf9, 0xff, 0xff, 0xff, 0xff, 0xff, 0xff, 0xff,
    0xff, 0xff, 0xff, 0xff, 0xff, 0xff, 0xff, 0xff, 0xff, 0xff, 0xff, 0xf7, 0xff, 0x13, 0x00, 0x00,
    0x00, 0x00, 0x9e, 0x9a, 0xd1, 0xff, 0xff, 0xf3, 0xff, 0x1f, 0x00, 0x00, 0x00, 0x00, 0x00, 0x00,
    0x00, 0x00, 0x00, 0x00, 0x00, 0x00, 0x00, 0x00, 0x00, 0x00, 0x00, 0x00, 0x00, 0x00, 0x00, 0x00,
    0x00, 0x00, 0x00, 0x00, 0x00, 0x00, 0x00, 0x15, 0xff, 0xb2, 0xfd, 0xff, 0xff, 0xff, 0xff, 0xff,
    0xff, 0xff, 0xff, 0xff, 0xff, 0xff, 0xff, 0xff, 0xf7, 0xf7, 0xf3, 0xff, 0x73, 0x00, 0x00, 0x00,
    0x00, 0x28, 0xff, 0xff, 0xff, 0xf7, 0xfb, 0xfb, 0xf1, 0x03, 0x00, 0x00, 0x00, 0x00, 0x00, 0x00,
    0x00, 0x00, 0x00, 0x00, 0x00, 0x00, 0x00, 0x00, 0x00, 0x00, 0x00, 0x00, 0x00, 0x00, 0x00, 0x00,
    0x01, 0x00, 0x00, 0x00, 0x00, 0x00, 0x00, 0x08, 0x73, 0x2a, 0xff, 0xf9, 0xff, 0xff, 0xff, 0xff,
    0xff, 0xff, 0xff, 0xff, 0xff, 0xff, 0xff, 0xff, 0xff, 0xff, 0xff, 0x44, 0x00, 0x00, 0x00, 0x00,
    0x00, 0xaf, 0xfd, 0xf5, 0xfd, 0xff, 0xf7, 0xff, 0x69, 0x00, 0x00, 0x00, 0x00, 0x00, 0x00, 0x00,
    0x00, 0x00, 0x00, 0x00, 0x00, 0x00, 0x00, 0x00, 0x00, 0x00, 0x00, 0x00, 0x05, 0x0b, 0x08, 0x01,
    0x25, 0xc7, 0x78, 0x26, 0x00, 0x00, 0x00, 0x00, 0x00, 0x19, 0xff, 0xf7, 0xfd, 0xff, 0xff, 0xff,
    0xff, 0xff, 0xff, 0xff, 0xff, 0xfd, 0xff, 0xe0, 0x4e, 0x71, 0x35, 0x00, 0x00, 0x00, 0x00, 0x00,
    0x05, 0xf7, 0xff, 0xfd, 0xff, 0xfb, 0xfd, 0x9b, 0x02, 0x00, 0x00, 0x00, 0x00, 0x00, 0x00, 0x00,
    0x00, 0x00, 0x00, 0x00, 0x00, 0x00, 0x00, 0x00, 0x00, 0x00, 0x09, 0xb5, 0xfb, 0xff, 0xff, 0xd1,
    0xad, 0xff, 0xff, 0xff, 0xb9, 0x1a, 0x21, 0x03, 0x00, 0x0b, 0xfb, 0xff, 0xff, 0xfb, 0xff, 0xff,
    0xff, 0xff, 0xff, 0xff, 0xff, 0xff, 0xf9, 0xf9, 0x16, 0x00, 0x00, 0x00, 0x00, 0x00, 0x00, 0x00,
    0x09, 0xff, 0xfd, 0xff, 0xf9, 0xf5, 0xbe, 0x17, 0x00, 0x00, 0x00, 0x00, 0x00, 0x00, 0x00, 0x00,
    0x00, 0x00, 0x00, 0x00, 0x00, 0x00, 0x00, 0x00, 0x00, 0x00, 0x00, 0x19, 0xc1, 0xfb, 0xfd, 0xff,
    0xff, 0xfb, 0xf9, 0xf7, 0xff, 0xff, 0xff, 0xc1, 0x0b, 0x00, 0xe4, 0xf9, 0xf3, 0xff, 0xfd, 0xff,
    0xff, 0xff, 0xff, 0xff, 0xff, 0xff, 0xfd, 0xfd, 0xeb, 0x0b, 0x00, 0x00, 0x00, 0x00, 0x00, 0x09,
    0x1a, 0xdc, 0xff, 0xf9, 0xff, 0xff, 0xff, 0x8b, 0x00, 0x00, 0x00, 0x00, 0x00, 0x00, 0x00, 0x00,
    0x00, 0x00, 0x00, 0x00, 0x00, 0x00, 0x00, 0x00, 0x00, 0x00, 0x2d, 0xb0, 0xf1, 0xfd, 0xfd, 0xfd,
    0xfb, 0xff, 0xff, 0xff, 0xfb, 0xfd, 0xfb, 0xff, 0xe9, 0x0b, 0x21, 0x10, 0x38, 0xb0, 0xfd, 0xfd,
    0xff, 0xff, 0xff, 0xff, 0xff, 0xff, 0xff, 0xfb, 0xff, 0xd5, 0x07, 0x00, 0x00, 0x00, 0x00, 0x37,
    0x9d, 0xbc, 0xff, 0xff, 0xd3, 0x5e, 0x17, 0x00, 0x00, 0x00, 0x00, 0x00, 0x00, 0x00, 0x00, 0x00,
    0x00, 0x00, 0x00, 0x00, 0x00, 0x00, 0x00, 0x00, 0x00, 0x78, 0xff, 0xff, 0xff, 0xff, 0xff, 0xff,
    0xff, 0xff, 0xff, 0xff, 0xff, 0xff, 0xff, 0xf9, 0xff, 0xd5, 0x01, 0x00, 0x00, 0x2f, 0xff, 0xf7,
    0xff, 0xff, 0xff, 0xff, 0xff, 0xff, 0xff, 0xff, 0xf9, 0xff, 0xb2, 0x00, 0x00, 0x00, 0x00, 0x2f,
    0xff, 0xef, 0xff, 0x80, 0x02, 0x00, 0x00, 0x00, 0x00, 0x00, 0x00, 0x00, 0x00, 0x00, 0x00, 0x00,
    0x00, 0x00, 0x00, 0x00, 0x00, 0x00, 0x00, 0x02, 0xab, 0xff, 0xf1, 0xfd, 0xff, 0xff, 0xff, 0xff,
    0xff, 0xff, 0xff, 0xff, 0xff, 0xff, 0xff, 0xff, 0xfd, 0xff, 0xda, 0xce, 0x10, 0xa5, 0xff, 0xfb,
    0xff, 0xff, 0xff, 0xff, 0xff, 0xff, 0xff, 0xff, 0xff, 0xf5, 0xff, 0x2c, 0x00, 0x00, 0x00, 0x16,
    0xff, 0xfb, 0xf5, 0x05, 0x00, 0x00, 0x00, 0x00, 0x00, 0x00, 0x00, 0x00, 0x00, 0x00, 0x00, 0x00,
    0x00, 0x00, 0x00, 0x00, 0x00, 0x00, 0x00, 0x05, 0x26, 0x69, 0xf5, 0xfb, 0xff, 0xff, 0xff, 0xff,
    0xff, 0xff, 0xff, 0xff, 0xff, 0xff, 0xff, 0xff, 0xff, 0xfd, 0xff, 0xff, 0xff, 0xff, 0xff, 0xff,
    0xff, 0xff, 0xff, 0xff, 0xff, 0xff, 0xff, 0xff, 0xff, 0xf9, 0xfd, 0xaa, 0x00, 0x00, 0x00, 0x02,
    0xed, 0xfb, 0xdc, 0x01, 0x00, 0x00, 0x08, 0x00, 0x00, 0x00, 0x00, 0x00, 0x00, 0x00, 0x00, 0x00,
    0x00, 0x00, 0x00, 0x00, 0x00, 0x00, 0x00, 0x00, 0x61, 0xff, 0xfd, 0xff, 0xff, 0xff, 0xff, 0xff,
    0xff, 0xff, 0xff, 0xff, 0xff, 0xff, 0xff, 0xff, 0xff, 0xff, 0xfd, 0xfd, 0xff, 0xfd, 0xff, 0xff,
    0xff, 0xff, 0xff, 0xff, 0xff, 0xff, 0xff, 0xff, 0xff, 0xff, 0xfd, 0xfb, 0x07, 0x00, 0x00, 0x00,
    0x4e, 0xff, 0xfb, 0x12, 0x00, 0x1b, 0x82, 0x00, 0x00, 0x00, 0x00, 0x00, 0x00, 0x00, 0x00, 0x00,
    0x00, 0x00, 0x00, 0x00, 0x00, 0x00, 0x00, 0x8f, 0xff, 0xfb, 0xff, 0xff, 0xff, 0xff, 0xff, 0xff,
    0xff, 0xff, 0xff, 0xff, 0xff, 0xff, 0xff, 0xff, 0xff, 0xff, 0xff, 0xff, 0xff, 0xff, 0xff, 0xff,
    0xff, 0xff, 0xff, 0xff, 0xff, 0xff, 0xff, 0xff, 0xff, 0xff, 0xf7, 0xff, 0x2a, 0x00, 0x00, 0x00,
    0x00, 0x74, 0xff, 0xb4, 0x00, 0x57, 0xca, 0x00, 0x00, 0x00, 0x00, 0x00, 0x00, 0x00, 0x00, 0x00,
    0x00, 0x00, 0x00, 0x00, 0x00, 0x00, 0x30, 0xff, 0xf3, 0xff, 0xff, 0xff, 0xff, 0xff, 0xff, 0xff,
    0xff, 0xff, 0xff, 0xff, 0xff, 0xff, 0xff, 0xff, 0xff, 0xff, 0xff, 0xff, 0xff, 0xff, 0xff, 0xff,
    0xff, 0xff, 0xff, 0xff, 0xff, 0xff, 0xff, 0xff, 0xff, 0xff, 0xf7, 0xff, 0x58, 0x00, 0x00, 0x3c,
    0x8f, 0x58, 0xef, 0xff, 0x70, 0x7e, 0xff, 0x03, 0x00, 0x00, 0x00, 0x00, 0x00, 0x00, 0x00, 0x00,
    0x00, 0x00, 0x00, 0x00, 0x00, 0x02, 0xcf, 0xe8, 0xfd, 0xff, 0xff, 0xff, 0xff, 0xff, 0xff, 0xff,
    0xff, 0xff, 0xff, 0xff, 0xff, 0xff, 0xff, 0xff, 0xff, 0xff, 0xff, 0xff, 0xff, 0xff, 0xff, 0xff,
    0xff, 0xff, 0xff, 0xff, 0xff, 0xff, 0xff, 0xff, 0xff, 0xff, 0xf9, 0xff, 0x77, 0x00, 0x00, 0x0f,
    0xff, 0xff, 0xfb, 0xfd, 0xff, 0xf5, 0xff, 0x26, 0x00, 0x00, 0x00, 0x00, 0x00, 0x00, 0x00, 0x00,
    0x00, 0x00, 0x00, 0x00, 0x00, 0x08, 0x38, 0xde, 0xfd, 0xfd, 0xff, 0xff, 0xff, 0xff, 0xff, 0xff,
    0xff, 0xff, 0xff, 0xff, 0xff, 0xff, 0xff, 0xff, 0xff, 0xff, 0xff, 0xff, 0xff, 0xff, 0xff, 0xff,
    0xff, 0xff, 0xff, 0xff, 0xff, 0xff, 0xff, 0xff, 0xff, 0xff, 0xf9, 0xff, 0x77, 0x00, 0x00, 0x00,
    0x3e, 0xff, 0xff, 0xff, 0xfb, 0xf9, 0xff, 0x85, 0x00, 0x00, 0x00, 0x00, 0x00, 0x00, 0x00, 0x00,
    0x00, 0x00, 0x00, 0x00, 0x00, 0x00, 0x5c, 0xff, 0xf7, 0xff, 0xff, 0xff, 0xff, 0xff, 0xff, 0xff,
    0xff, 0xff, 0xff, 0xff, 0xff, 0xff, 0xff, 0xff, 0xff, 0xff, 0xff, 0xff, 0xff, 0xff, 0xff, 0xff,
    0xff, 0xff, 0xff, 0xff, 0xff, 0xff, 0xff, 0xff, 0xff, 0xff, 0xf7, 0xff, 0x52, 0x00, 0x00, 0x00,
    0x00, 0x2b, 0xb5, 0xf3, 0xfd, 0xfb, 0xff, 0xda, 0x11, 0x00, 0x00, 0x00, 0x00, 0x00, 0x00, 0x00,
    0x00, 0x00, 0x00, 0x00, 0x00, 0x04, 0xf5, 0xfd, 0xfd, 0xff, 0xff, 0xff, 0xff, 0xff, 0xff, 0xff,
    0xff, 0xff, 0xff, 0xff, 0xff, 0xff, 0xff, 0xff, 0xff, 0xff, 0xff, 0xff, 0xff, 0xff, 0xff, 0xff,
    0xff, 0xff, 0xff, 0xff, 0xff, 0xff, 0xff, 0xff, 0xff, 0xff, 0xf9, 0xff, 0x1d, 0x00, 0x00, 0x00,
    0x00, 0x00, 0x44, 0xff, 0xf7, 0xfd, 0xfd, 0xff, 0xd3, 0x01, 0x00, 0x00, 0x00, 0x00, 0x00, 0x00,
    0x00, 0x00, 0x00, 0x00, 0x00, 0x30, 0xff, 0xf7, 0xff, 0xff, 0xff, 0xff, 0xff, 0xff, 0xff, 0xff,
    0xff, 0xff, 0xff, 0xff, 0xff, 0xff, 0xff, 0xff, 0xff, 0xff, 0xff, 0xff, 0xff, 0xff, 0xff, 0xff,
    0xff, 0xff, 0xff, 0xff, 0xff, 0xff, 0xff, 0xff, 0xff, 0xfd, 0xff, 0xef, 0x04, 0x00, 0x00, 0x00,
    0x00, 0x00, 0x18, 0x7b, 0xff, 0xff, 0xfd, 0xff, 0xf7, 0x05, 0x00, 0x00, 0x00, 0x00, 0x00, 0x00,
    0x00, 0x00, 0x00, 0x00, 0x00, 0x7c, 0xfd, 0xf9, 0xff, 0xff, 0xff, 0xff, 0xff, 0xff, 0xff, 0xff,
    0xff, 0xff, 0xff, 0xff, 0xff, 0xff, 0xff, 0xff, 0xff, 0xff, 0xff, 0xff, 0xff, 0xff, 0xff, 0xff,
    0xff, 0xff, 0xff, 0xff, 0xff, 0xff, 0xff, 0xff, 0xff, 0xfb, 0xff, 0xb5, 0x00, 0x00, 0x00, 0x00,
    0x00, 0x00, 0x00, 0x00, 0x27, 0xf9, 0xfb, 0xff, 0xff, 0x07, 0x00, 0x00, 0x00, 0x00, 0x00, 0x00,
    0x00, 0x00, 0x00, 0x00, 0x00, 0xad, 0xfd, 0xfb, 0xff, 0xff, 0xff, 0xff, 0xff, 0xff, 0xff, 0xff,
    0xff, 0xff, 0xff, 0xff, 0xff, 0xff, 0xff, 0xff, 0xff, 0xff, 0xff, 0xff, 0xff, 0xff, 0xff, 0xff,
    0xff, 0xff, 0xff, 0xff, 0xff, 0xff, 0xff, 0xff, 0xff, 0xf9, 0xff, 0x9d, 0x00, 0x00, 0x00, 0x00,
    0x00, 0x00, 0x00, 0x00, 0x00, 0x55, 0xff, 0xfb, 0xf9, 0x04, 0x00, 0x00, 0x00, 0x00, 0x00, 0x00,
    0x00, 0x00, 0x00, 0x00, 0x00, 0xb5, 0xff, 0xfb, 0xff, 0xff, 0xff, 0xff, 0xff, 0xff, 0xff, 0xff,
    0xff, 0xff, 0xff, 0xff, 0xff, 0xff, 0xff, 0xff, 0xff, 0xff, 0xff, 0xff, 0xff, 0xff, 0xff, 0xff,
    0xff, 0xff, 0xff, 0xfd, 0xf9, 0xfb, 0xff, 0xff, 0xff, 0xfb, 0xff, 0xc5, 0x00, 0x00, 0x00, 0x00,
    0x00, 0x00, 0x00, 0x00, 0x00, 0x11, 0xff, 0xff, 0xd3, 0x02, 0x00, 0x00, 0x00, 0x00, 0x00, 0x00,
    0x00, 0x00, 0x00, 0x00, 0x00, 0xa3, 0xed, 0xfb, 0xff, 0xff, 0xff, 0xff, 0xff, 0xff, 0xff, 0xff,
    0xff, 0xff, 0xff, 0xff, 0xff, 0xff, 0xff, 0xfd, 0xf9, 0xf9, 0xfd, 0xff, 0xff, 0xff, 0xff, 0xff,
    0xff, 0xff, 0xfb, 0xff, 0xff, 0xff, 0xfd, 0xff, 0xff, 0xff, 0xfd, 0xfb, 0x08, 0x00, 0x00, 0x00,
    0x00, 0x00, 0x00, 0x00, 0x01, 0x1e, 0xff, 0xf9, 0xe0, 0x75, 0x00, 0x00, 0x00, 0x00, 0x00, 0x00,
    0x00, 0x00, 0x00, 0x00, 0x00, 0x14, 0x6d, 0xff, 0xf9, 0xff, 0xff, 0xff, 0xff, 0xff, 0xff, 0xff,
    0xff, 0xff, 0xff, 0xff, 0xff, 0xff, 0xff, 0xff, 0xff, 0xff, 0xff, 0xf9, 0xff, 0xff, 0xff, 0xff,
    0xff, 0xfd, 0xff, 0xfd, 0x52, 0x39, 0xff, 0xf5, 0xff, 0xff, 0xf7, 0xff, 0x4a, 0x00, 0x00, 0x00,
    0x00, 0x00, 0x00, 0x00, 0x51, 0xcf, 0xfb, 0xf5, 0xff, 0x69, 0x00, 0x00, 0x00, 0x00, 0x00, 0x00,
    0x00, 0x00, 0x00, 0x00, 0x00, 0x00, 0x3e, 0xff, 0xf7, 0xff, 0xff, 0xff, 0xff, 0xff, 0xff, 0xff,
    0xff, 0xff, 0xff, 0xff, 0xff, 0xfd, 0xff, 0xc7, 0x69, 0x8c, 0xeb, 0xff, 0xff, 0xff, 0xff, 0xff,
    0xfb, 0xfd, 0x63, 0x03, 0x00, 0x00, 0xbe, 0xff, 0xf9, 0xff, 0xfd, 0xfb, 0xe9, 0x0f, 0x00, 0x00,
    0x00, 0x00, 0x00, 0x00, 0xaa, 0xff, 0xf9, 0xf9, 0xff, 0x15, 0x00, 0x00, 0x00, 0x00, 0x00, 0x00,
    0x00, 0x00, 0x00, 0x00, 0x00, 0x00, 0x26, 0xff, 0xf7, 0xff, 0xff, 0xff, 0xff, 0xff, 0xff, 0xff,
    0xff, 0xff, 0xff, 0xff, 0xff, 0xfd, 0xfb, 0xd9, 0x47, 0x00, 0x02, 0x4d, 0xeb, 0xfb, 0xff, 0xff,
    0xfd, 0xfd, 0xa8, 0x23, 0x03, 0x00, 0x02, 0x95, 0xff, 0xfd, 0xff, 0xfd, 0xff, 0xf5, 0x7f, 0x43,
    0x0f, 0x00, 0x00, 0x07, 0xf5, 0xf9, 0xf9, 0xff, 0xbe, 0x00, 0x00, 0x00, 0x00, 0x00, 0x00, 0x00,
    0x00, 0x00, 0x00, 0x00, 0x00, 0x00, 0x08, 0xfd, 0xfd, 0xfd, 0xff, 0xff, 0xff, 0xff, 0xff, 0xff,
    0xff, 0xff, 0xff, 0xff, 0xff, 0xff, 0xff, 0xff, 0xff, 0x27, 0x05, 0x1c, 0xb0, 0xfd, 0xfb, 0xff,
    0xff, 0xff, 0xff, 0xff, 0xdc, 0x63, 0x0c, 0x00, 0xa0, 0xf9, 0xf1, 0xf9, 0xfd, 0xfb, 0xff, 0xff,
    0xff, 0x41, 0x00, 0x89, 0xff, 0xf9, 0xf9, 0xff, 0x1b, 0x00, 0x00, 0x00, 0x00, 0x00, 0x00, 0x00,
    0x00, 0x00, 0x00, 0x00, 0x00, 0x00, 0x00, 0xb4, 0xfb, 0xff, 0xff, 0xff, 0xff, 0xff, 0xff, 0xff,
    0xff, 0xff, 0xff, 0xff, 0xff, 0xff, 0xff, 0xfd, 0xf9, 0xfd, 0xff, 0xff, 0xff, 0xff, 0xff, 0xff,
    0xff, 0xff, 0xfb, 0xf9, 0xff, 0xff, 0xff, 0x36, 0x17, 0xff, 0xff, 0xff, 0xff, 0xff, 0xff, 0xff,
    0xff, 0xa5, 0x43, 0xff, 0xfb, 0xf9, 0xfb, 0x54, 0x00, 0x00, 0x00, 0x00, 0x00, 0x00, 0x00, 0x00,
    0x00, 0x00, 0x00, 0x00, 0x00, 0x00, 0x00, 0x2b, 0xff, 0xe4, 0xfd, 0xfd, 0xff, 0xff, 0xff, 0xff,
    0xff, 0xff, 0xff, 0xff, 0xff, 0xff, 0xff, 0xff, 0xff, 0xff, 0xff, 0xf9, 0xfd, 0xff, 0xff, 0xff,
    0xff, 0xff, 0xff, 0xff, 0xfb, 0xff, 0xe6, 0x73, 0x00, 0x20, 0x5c, 0x79, 0xf9, 0x7e, 0x3d, 0x17,
    0x0a, 0x69, 0xff, 0xf9, 0xfb, 0xf9, 0xff, 0x1b, 0x00, 0x00, 0x00, 0x00, 0x00, 0x00, 0x00, 0x00,
    0x00, 0x00, 0x00, 0x00, 0x00, 0x00, 0x00, 0x00, 0x40, 0x26, 0xff, 0xf7, 0xfd, 0xff, 0xff, 0xff,
    0xff, 0xff, 0xff, 0xff, 0xff, 0xff, 0xff, 0xff, 0xff, 0xff, 0xfd, 0xff, 0xff, 0xff, 0xff, 0xff,
    0xff, 0xff, 0xff, 0xfd, 0xf9, 0x63, 0x17, 0x00, 0x00, 0x00, 0x00, 0x00, 0x03, 0x00, 0x00, 0x05,
    0x71, 0xff, 0xfb, 0xf7, 0xff, 0xff, 0x34, 0x00, 0x00, 0x00, 0x00, 0x00, 0x00, 0x00, 0x00, 0x00,
    0x00, 0x00, 0x00, 0x00, 0x00, 0x00, 0x00, 0x00, 0x00, 0x00, 0x59, 0xff, 0xf3, 0xfb, 0xff, 0xfb,
    0xff, 0xff, 0xff, 0xff, 0xff, 0xff, 0xff, 0xff, 0xff, 0xff, 0xf9, 0xf7, 0xf9, 0xf7, 0xf7, 0xf7,
    0xfb, 0xff, 0xff, 0xfd, 0xfd, 0xbc, 0x61, 0x27, 0x0b, 0x04, 0x03, 0x06, 0x0a, 0x26, 0x7b, 0xff,
    0xff, 0xfd, 0xfb, 0xff, 0xd9, 0x18, 0x00, 0x00, 0x00, 0x00, 0x00, 0x00, 0x00, 0x00, 0x00, 0x00,
    0x00, 0x00, 0x00, 0x00, 0x00, 0x00, 0x00, 0x00, 0x00, 0x00, 0x00, 0x71, 0xff, 0xff, 0xfb, 0xff,
    0xfd, 0xf9, 0xfd, 0xff, 0xff, 0xff, 0xff, 0xff, 0xff, 0xfb, 0xff, 0xff, 0xff, 0xff, 0xff, 0xff,
    0xff, 0xfb, 0xf9, 0xff, 0xfd, 0xff, 0xff, 0xff, 0xff, 0xed, 0xe6, 0xf7, 0xff, 0xff, 0xff, 0xfd,
    0xf5, 0xf7, 0xff, 0x7f, 0x04, 0x00, 0x00, 0x00, 0x00, 0x00, 0x00, 0x00, 0x00, 0x00, 0x00, 0x00,
    0x00, 0x00, 0x00, 0x00, 0x00, 0x00, 0x00, 0x00, 0x00, 0x00, 0x00, 0x00, 0x2c, 0xbc, 0xff, 0xb5,
    0xff, 0xff, 0xff, 0xf9, 0xf7, 0xf7, 0xf7, 0xf7, 0xfb, 0xff, 0x86, 0x2e, 0x20, 0x21, 0x36, 0x66,
    0xbc, 0xff, 0xff, 0xff, 0xff, 0xff, 0xf3, 0xef, 0xf5, 0xfd, 0xff, 0xfd, 0xf7, 0xf1, 0xf3, 0xff,
    0xff, 0xff, 0x39, 0x00, 0x00, 0x00, 0x00, 0x00, 0x00, 0x00, 0x00, 0x00, 0x00, 0x00, 0x00, 0x00,
    0x00, 0x00, 0x00, 0x00, 0x00, 0x00, 0x00, 0x00, 0x00, 0x00, 0x00, 0x00, 0x00, 0x00, 0x0f, 0x01,
    0x17, 0x8b, 0xf5, 0xff, 0xff, 0xff, 0xff, 0xff, 0xff, 0xbc, 0x20, 0x00, 0x00, 0x00, 0x00, 0x00,
    0x00, 0x16, 0x73, 0xf5, 0xf3, 0xd3, 0xff, 0xff, 0xff, 0xff, 0xff, 0xff, 0xff, 0xff, 0xff, 0xc1,
    0xaf, 0x92, 0x1c, 0x00, 0x00, 0x00, 0x00, 0x00, 0x00, 0x00, 0x00, 0x00, 0x00, 0x00, 0x00, 0x00,
    0x00, 0x00, 0x00, 0x00, 0x00, 0x00, 0x00, 0x00, 0x00, 0x00, 0x00, 0x00, 0x00, 0x00, 0x00, 0x00,
    0x00, 0x00, 0x06, 0x20, 0x39, 0x4c, 0x46, 0x29, 0x0b, 0x00, 0x00, 0x00, 0x00, 0x00, 0x00, 0x00,
    0x00, 0x00, 0x00, 0x07, 0x15, 0x01, 0x13, 0x38, 0x61, 0x82, 0x9b, 0xa0, 0x8c, 0x64, 0x2b, 0x00,
    0x00, 0x00, 0x00, 0x00, 0x00, 0x00, 0x00, 0x00, 0x00, 0x00, 0x00, 0x00, 0x00, 0x00, 0x00, 0x00,
    0x00, 0x00, 0x00, 0x00, 0x00, 0x00, 0x00, 0x00, 0x00, 0x00, 0x00, 0x00, 0x00, 0x00, 0x00, 0x00,
    0x00, 0x00, 0x00, 0x00, 0x00, 0x00, 0x00, 0x00, 0x00, 0x00, 0x00, 0x00, 0x00, 0x00, 0x00, 0x00,
    0x00, 0x00, 0x00, 0x00, 0x00, 0x00, 0x00, 0x00, 0x00, 0x00, 0x00, 0x00, 0x00, 0x00, 0x00, 0x00,
    0x00, 0x00, 0x00, 0x00, 0x00, 0x00, 0x00, 0x00, 0x00, 0x00, 0x00, 0x00, 0x00, 0x00, 0x00, 0x00,
    0x00, 0x00, 0x00, 0x00, 0x00, 0x00, 0x00, 0x00, 0x00, 0x00, 0x00, 0x00, 0x00, 0x00, 0x00, 0x00,
    0x00, 0x00, 0x00, 0x00, 0x00, 0x00, 0x00, 0x00, 0x00, 0x00, 0x00, 0x00, 0x00, 0x00, 0x00, 0x00,
    0x00, 0x00, 0x00, 0x00, 0x00, 0x00, 0x00, 0x00, 0x00, 0x00, 0x00, 0x00, 0x00, 0x00, 0x00, 0x00,
    0x00, 0x00, 0x00, 0x00, 0x00, 0x00, 0x00, 0x00, 0x00, 0x00, 0x00, 0x00, 0x00, 0x00, 0x00, 0x00,
    0x00, 0x00, 0x00, 0x00, 0x00, 0x00, 0x00, 0x00, 0x00, 0x00, 0x00, 0x00, 0x00, 0x00, 0x00, 0x00,
    0x00, 0x00, 0x00, 0x00, 0x00, 0x00, 0x00, 0x00, 0x00, 0x00, 0x00, 0x00, 0x00, 0x00, 0x00, 0x00,
    0x00, 0x00, 0x00, 0x00, 0x00, 0x00, 0x00, 0x00, 0x00, 0x00, 0x00, 0x00, 0x00, 0x00, 0x00, 0x00,
    0x00, 0x00, 0x00, 0x00, 0x00, 0x00, 0x00, 0x00, 0x00, 0x00, 0x00, 0x00, 0x00, 0x00, 0x00, 0x00,
};

const lv_image_dsc_t happy_frame_6_dsc = {
    .header.w = 64,
    .header.h = 64,
    .header.cf = LV_COLOR_FORMAT_RGB565A8,
    .data_size = 12288,
    .data = happy_frame_6_data,
};

/* Frame 7: frame_007.png */
static const uint8_t happy_frame_7_data[] = {
    0x00, 0x00, 0x00, 0x00, 0x00, 0x00, 0x00, 0x00, 0x00, 0x00, 0x00, 0x00, 0x00, 0x00, 0x00, 0x00,
    0x00, 0x00, 0x00, 0x00, 0x00, 0x00, 0x00, 0x00, 0x00, 0x00, 0x00, 0x00, 0x00, 0x00, 0x00, 0x00,
    0x00, 0x00, 0x00, 0x00, 0x00, 0x00, 0x00, 0x00, 0x00, 0x00, 0x00, 0x00, 0x00, 0x00, 0x00, 0x00,
    0x00, 0x00, 0x00, 0x00, 0x00, 0x00, 0x00, 0x00, 0x00, 0x00, 0xe5, 0x00, 0xc2, 0x00, 0x00, 0x00,
    0x00, 0x00, 0x00, 0x00, 0x00, 0x00, 0x00, 0x00, 0x00, 0x00, 0x00, 0x00, 0x00, 0x00, 0x00, 0x00,
    0x00, 0x00, 0x00, 0x00, 0x00, 0x00, 0x00, 0x00, 0x00, 0x00, 0x00, 0x00, 0x00, 0x00, 0x00, 0x00,
    0x00, 0x00, 0x00, 0x00, 0x00, 0x00, 0x00, 0x00, 0x00, 0x00, 0x00, 0x00, 0x00, 0x00, 0x00, 0x00,
    0x00, 0x00, 0x00, 0x00, 0x00, 0x00, 0x00, 0x00, 0x00, 0x00, 0x00, 0x00, 0x00, 0x00, 0x00, 0x00,
    0x00, 0x00, 0x00, 0x00, 0x00, 0x00, 0x00, 0x00, 0x00, 0x00, 0x00, 0x00, 0x00, 0x00, 0x00, 0x00,
    0x00, 0x00, 0x00, 0x00, 0x00, 0x00, 0x00, 0x00, 0x00, 0x00, 0x00, 0x00, 0x00, 0x00, 0x00, 0x00,
    0x00, 0x00, 0x00, 0x00, 0x00, 0x00, 0x00, 0x00, 0x00, 0x00, 0x00, 0x00, 0x00, 0x00, 0x00, 0x00,
    0x00, 0x00, 0x00, 0x00, 0x00, 0x00, 0x00, 0x00, 0xc2, 0x00, 0xc8, 0x00, 0x20, 0x00, 0x00, 0x00,
    0x00, 0x00, 0x00, 0x00, 0x00, 0x00, 0x00, 0x00, 0x00, 0x00, 0x00, 0x00, 0x00, 0x00, 0x00, 0x00,
    0x00, 0x00, 0x00, 0x00, 0x00, 0x00, 0x00, 0x00, 0x00, 0x00, 0x00, 0x00, 0x00, 0x00, 0x00, 0x00,
    0x00, 0x00, 0x00, 0x00, 0x00, 0x00, 0x00, 0x00, 0x00, 0x00, 0x00, 0x00, 0x00, 0x00, 0x00, 0x00,
    0x00, 0x00, 0x00, 0x00, 0x00, 0x00, 0x00, 0x00, 0x00, 0x00, 0x00, 0x00, 0x00, 0x00, 0x00, 0x00,
    0x00, 0x00, 0x00, 0x00, 0x00, 0x00, 0x00, 0x00, 0x00, 0x00, 0x00, 0x00, 0x00, 0x00, 0x00, 0x00,
    0x00, 0x00, 0x00, 0x00, 0x00, 0x00, 0x00, 0x00, 0x00, 0x00, 0x00, 0x00, 0xe2, 0x00, 0x00, 0x00,
    0x00, 0x00, 0x00, 0x00, 0x00, 0x00, 0x00, 0x00, 0x00, 0x00, 0x00, 0x00, 0x00, 0x00, 0x00, 0x00,
    0x00, 0x00, 0x00, 0x00, 0x00, 0x00, 0x00, 0x00, 0xa5, 0x00, 0x8a, 0x00, 0x00, 0x00, 0x00, 0x00,
    0x00, 0x00, 0x00, 0x00, 0x00, 0x00, 0x00, 0x00, 0x00, 0x00, 0x00, 0x00, 0x00, 0x00, 0x00, 0x00,
    0x00, 0x00, 0x00, 0x00, 0x00, 0x00, 0x00, 0x00, 0x00, 0x00, 0x00, 0x00, 0x00, 0x00, 0x00, 0x00,
    0x00, 0x00, 0x00, 0x00, 0x00, 0x00, 0x00, 0x00, 0x00, 0x00, 0x00, 0x00, 0x00, 0x00, 0x00, 0x00,
    0x00, 0x00, 0x00, 0x00, 0x00, 0x00, 0x00, 0x00, 0x00, 0x00, 0x00, 0x00, 0x00, 0x00, 0x00, 0x00,
    0x00, 0x00, 0x00, 0x00, 0x00, 0x00, 0x00, 0x00, 0x00, 0x00, 0x00, 0x00, 0x00, 0x00, 0x00, 0x00,
    0x00, 0x00, 0x00, 0x00, 0x00, 0x00, 0x00, 0x00, 0x00, 0x00, 0x40, 0x00, 0x46, 0x00, 0x00, 0x00,
    0x00, 0x00, 0x00, 0x00, 0x00, 0x00, 0x00, 0x00, 0x00, 0x00, 0x00, 0x00, 0x00, 0x00, 0x00, 0x00,
    0x00, 0x00, 0x00, 0x00, 0x00, 0x00, 0x00, 0x00, 0xa5, 0x00, 0x0b, 0x00, 0x61, 0x00, 0x00, 0x00,
    0x00, 0x00, 0x00, 0x00, 0x00, 0x00, 0x00, 0x00, 0x00, 0x00, 0x00, 0x00, 0x00, 0x00, 0x00, 0x00,
    0x00, 0x00, 0x00, 0x00, 0x00, 0x00, 0x00, 0x00, 0x00, 0x00, 0x00, 0x00, 0x00, 0x00, 0x00, 0x00,
    0x00, 0x00, 0x00, 0x00, 0x00, 0x00, 0x00, 0x00, 0x00, 0x00, 0x00, 0x00, 0x00, 0x00, 0x00, 0x00,
    0x00, 0x00, 0x00, 0x00, 0x00, 0x00, 0x00, 0x00, 0x00, 0x00, 0x00, 0x00, 0x00, 0x00, 0x00, 0x00,
    0x00, 0x00, 0x00, 0x00, 0x00, 0x00, 0x00, 0x00, 0x00, 0x00, 0x00, 0x00, 0x00, 0x00, 0x00, 0x00,
    0x00, 0x00, 0x00, 0x00, 0x00, 0x00, 0x00, 0x00, 0x00, 0x00, 0xa1, 0x00, 0xe8, 0x00, 0x40, 0x00,
    0x00, 0x00, 0x00, 0x00, 0x61, 0x00, 0x43, 0x00, 0x00, 0x00, 0x00, 0x00, 0x00, 0x00, 0x00, 0x00,
    0x00, 0x00, 0x00, 0x00, 0x00, 0x00, 0x00, 0x00, 0x03, 0x00, 0xcb, 0x00, 0xa4, 0x00, 0x00, 0x00,
    0x00, 0x00, 0x00, 0x00, 0x00, 0x00, 0x00, 0x00, 0x00, 0x00, 0x00, 0x00, 0x00, 0x00, 0x00, 0x00,
    0x00, 0x00, 0x00, 0x00, 0x00, 0x00, 0x00, 0x00, 0x00, 0x00, 0x00, 0x00, 0x00, 0x00, 0x00, 0x00,
    0x00, 0x00, 0x00, 0x00, 0x00, 0x00, 0x00, 0x00, 0x00, 0x00, 0x00, 0x00, 0x00, 0x00, 0x00, 0x00,
    0x00, 0x00, 0x00, 0x00, 0x00, 0x00, 0x00, 0x00, 0x00, 0x00, 0x00, 0x00, 0x00, 0x00, 0x00, 0x00,
    0x00, 0x00, 0x00, 0x00, 0x00, 0x00, 0x00, 0x00, 0x00, 0x00, 0x00, 0x00, 0x00, 0x00, 0x00, 0x00,
    0x00, 0x00, 0x00, 0x00, 0x00, 0x00, 0x00, 0x00, 0x00, 0x00, 0x61, 0x00, 0x49, 0x00, 0x84, 0x00,
    0x00, 0x00, 0x00, 0x00, 0x43, 0x00, 0x66, 0x00, 0x00, 0x00, 0x00, 0x00, 0x00, 0x00, 0x00, 0x00,
    0x00, 0x00, 0x00, 0x00, 0x00, 0x00, 0x00, 0x00, 0x40, 0x00, 0x08, 0x00, 0x69, 0x00, 0x00, 0x00,
    0x00, 0x00, 0xe2, 0x00, 0x00, 0x00, 0x00, 0x00, 0x00, 0x00, 0x00, 0x00, 0x00, 0x00, 0x00, 0x00,
    0x00, 0x00, 0x00, 0x00, 0x00, 0x00, 0x00, 0x00, 0x00, 0x00, 0x00, 0x00, 0x00, 0x00, 0x00, 0x00,
    0x00, 0x00, 0x00, 0x00, 0x00, 0x00, 0x00, 0x00, 0x00, 0x00, 0x00, 0x00, 0x00, 0x00, 0x00, 0x00,
    0x00, 0x00, 0x00, 0x00, 0x00, 0x00, 0x00, 0x00, 0x00, 0x00, 0x00, 0x00, 0x00, 0x00, 0x00, 0x00,
    0x00, 0x00, 0x00, 0x00, 0x00, 0x00, 0x00, 0x00, 0x00, 0x00, 0x00, 0x00, 0x00, 0x00, 0x00, 0x00,
    0x00, 0x00, 0x00, 0x00, 0x00, 0x00, 0x00, 0x00, 0x00, 0x00, 0x00, 0x00, 0x67, 0x00, 0x8a, 0x00,
    0x02, 0x00, 0x00, 0x00, 0x03, 0x00, 0x29, 0x00, 0x20, 0x00, 0x00, 0x00, 0x00, 0x00, 0x00, 0x00,
    0x00, 0x00, 0x00, 0x00, 0x00, 0x00, 0x00, 0x00, 0x00, 0x00, 0x64, 0x00, 0xeb, 0x00, 0x46, 0x00,
    0x00, 0x00, 0x26, 0x00, 0x00, 0x00, 0x00, 0x00, 0x00, 0x00, 0x00, 0x00, 0x00, 0x00, 0x00, 0x00,
    0x00, 0x00, 0x00, 0x00, 0x00, 0x00, 0x00, 0x00, 0x00, 0x00, 0x00, 0x00, 0x00, 0x00, 0x00, 0x00,
    0x00, 0x00, 0x00, 0x00, 0x00, 0x00, 0x00, 0x00, 0x00, 0x00, 0x00, 0x00, 0x00, 0x00, 0x00, 0x00,
    0x00, 0x00, 0x00, 0x00, 0x00, 0x00, 0x00, 0x00, 0x00, 0x00, 0x00, 0x00, 0x00, 0x00, 0x00, 0x00,
    0x00, 0x00, 0x00, 0x00, 0x00, 0x00, 0x00, 0x00, 0x00, 0x00, 0x00, 0x00, 0x00, 0x00, 0x00, 0x00,
    0x00, 0x00, 0x00, 0x00, 0x00, 0x00, 0x00, 0x00, 0x00, 0x00, 0x00, 0x00, 0xe2, 0x00, 0x09, 0x00,
    0x6a, 0x00, 0x84, 0x00, 0x41, 0x00, 0x29, 0x00, 0x05, 0x00, 0x00, 0x00, 0x00, 0x00, 0x00, 0x00,
    0x00, 0x00, 0x00, 0x00, 0x64, 0x00, 0x40, 0x00, 0x00, 0x00, 0x20, 0x00, 0x67, 0x00, 0xeb, 0x00,
    0xe5, 0x00, 0x26, 0x00, 0xa2, 0x00, 0x00, 0x00, 0x00, 0x00, 0x00, 0x00, 0x00, 0x00, 0x00, 0x00,
    0x00, 0x00, 0x00, 0x00, 0x00, 0x00, 0x00, 0x00, 0x00, 0x00, 0x00, 0x00, 0x00, 0x00, 0x00, 0x00,
    0x00, 0x00, 0x00, 0x00, 0x00, 0x00, 0x00, 0x00, 0x00, 0x00, 0x00, 0x00, 0x00, 0x00, 0x00, 0x00,
    0x00, 0x00, 0x00, 0x00, 0x00, 0x00, 0x00, 0x00, 0x00, 0x00, 0x00, 0x00, 0x00, 0x00, 0x00, 0x00,
    0x00, 0x00, 0x00, 0x00, 0x00, 0x00, 0x00, 0x00, 0x00, 0x00, 0x00, 0x00, 0x00, 0x00, 0x00, 0x00,
    0x00, 0x00, 0x00, 0x00, 0x00, 0x00, 0x00, 0x00, 0x00, 0x00, 0x00, 0x00, 0x00, 0x00, 0x44, 0x00,
    0xe8, 0x00, 0x29, 0x00, 0xa7, 0x00, 0x87, 0x00, 0xeb, 0x00, 0xc5, 0x00, 0x00, 0x00, 0x00, 0x00,
    0x00, 0x00, 0x00, 0x00, 0xc5, 0x00, 0xc8, 0x00, 0x40, 0x00, 0x00, 0x00, 0xa1, 0x00, 0xa7, 0x00,
    0xca, 0x00, 0x29, 0x00, 0x43, 0x00, 0x00, 0x00, 0x00, 0x00, 0x00, 0x00, 0x00, 0x00, 0x00, 0x00,
    0x00, 0x00, 0x00, 0x00, 0x00, 0x00, 0x00, 0x00, 0x00, 0x00, 0x00, 0x00, 0x00, 0x00, 0x00, 0x00,
    0x00, 0x00, 0x00, 0x00, 0x00, 0x00, 0x00, 0x00, 0x00, 0x00, 0x00, 0x00, 0x00, 0x00, 0x00, 0x00,
    0x00, 0x00, 0x00, 0x00, 0x00, 0x00, 0x00, 0x00, 0x00, 0x00, 0x00, 0x00, 0x00, 0x00, 0x00, 0x00,
    0x00, 0x00, 0x00, 0x00, 0x00, 0x00, 0x00, 0x00, 0x00, 0x00, 0x00, 0x00, 0x00, 0x00, 0x00, 0x00,
    0x00, 0x00, 0x00, 0x00, 0x00, 0x00, 0x00, 0x00, 0x00, 0x00, 0x00, 0x00, 0x00, 0x00, 0x00, 0x00,
    0x23, 0x00, 0x26, 0x00, 0x67, 0x00, 0x67, 0x00, 0xc8, 0x00, 0xeb, 0x00, 0x49, 0x00, 0x64, 0x00,
    0x61, 0x00, 0x00, 0x00, 0xa2, 0x00, 0x49, 0x00, 0x28, 0x00, 0x43, 0x00, 0xa4, 0x00, 0xc2, 0x00,
    0x87, 0x00, 0xeb, 0x00, 0xc8, 0x00, 0x40, 0x00, 0x00, 0x00, 0x61, 0x00, 0x61, 0x00, 0x00, 0x00,
    0x00, 0x00, 0x00, 0x00, 0x00, 0x00, 0x00, 0x00, 0x00, 0x00, 0x00, 0x00, 0x00, 0x00, 0x00, 0x00,
    0x00, 0x00, 0x00, 0x00, 0x00, 0x00, 0x00, 0x00, 0x00, 0x00, 0x00, 0x00, 0x00, 0x00, 0x00, 0x00,
    0x00, 0x00, 0x00, 0x00, 0x00, 0x00, 0x00, 0x00, 0x00, 0x00, 0x00, 0x00, 0x00, 0x00, 0x00, 0x00,
    0x00, 0x00, 0x00, 0x00, 0x00, 0x00, 0x00, 0x00, 0x00, 0x00, 0x00, 0x00, 0x00, 0x00, 0x00, 0x00,
    0x00, 0x00, 0x00, 0x00, 0x00, 0x00, 0x00, 0x00, 0x00, 0x00, 0x00, 0x00, 0x20, 0x00, 0xa2, 0x00,
    0x00, 0x00, 0x20, 0x00, 0x03, 0x00, 0xc5, 0x00, 0x06, 0x00, 0x87, 0x00, 0xe8, 0x00, 0x8a, 0x00,
    0x6a, 0x00, 0x87, 0x00, 0xe2, 0x00, 0xe5, 0x00, 0x69, 0x00, 0x08, 0x00, 0x48, 0x00, 0x48, 0x00,
    0xc5, 0x00, 0x46, 0x00, 0xca, 0x00, 0x87, 0x00, 0x00, 0x00, 0x05, 0x00, 0xa4, 0x00, 0x00, 0x00,
    0x00, 0x00, 0x00, 0x00, 0x00, 0x00, 0x00, 0x00, 0x00, 0x00, 0x00, 0x00, 0x00, 0x00, 0x00, 0x00,
    0x00, 0x00, 0x00, 0x00, 0x00, 0x00, 0x00, 0x00, 0x00, 0x00, 0x00, 0x00, 0x00, 0x00, 0x00, 0x00,
    0x00, 0x00, 0x00, 0x00, 0x00, 0x00, 0x00, 0x00, 0x00, 0x00, 0x00, 0x00, 0x00, 0x00, 0x00, 0x00,
    0x00, 0x00, 0x00, 0x00, 0x00, 0x00, 0x00, 0x00, 0x00, 0x00, 0x00, 0x00, 0x00, 0x00, 0x00, 0x00,
    0x00, 0x00, 0x00, 0x00, 0x00, 0x00, 0x00, 0x00, 0x00, 0x00, 0x00, 0x00, 0x00, 0x00, 0xc5, 0x00,
    0x06, 0x00, 0x64, 0x00, 0xa5, 0x00, 0x06, 0x00, 0x84, 0x00, 0xa5, 0x00, 0xe6, 0x00, 0x46, 0x00,
    0xa7, 0x00, 0xaa, 0x00, 0xca, 0x00, 0xc5, 0x00, 0x05, 0x00, 0x66, 0x00, 0x07, 0x00, 0x4b, 0x00,
    0x4e, 0x00, 0x49, 0x00, 0x26, 0x00, 0x8a, 0x00, 0x63, 0x00, 0xc7, 0x00, 0xe7, 0x00, 0x00, 0x00,
    0x00, 0x00, 0x00, 0x00, 0x00, 0x00, 0x00, 0x00, 0x00, 0x00, 0x00, 0x00, 0x00, 0x00, 0x00, 0x00,
    0x00, 0x00, 0x00, 0x00, 0x00, 0x00, 0x00, 0x00, 0x00, 0x00, 0x00, 0x00, 0x00, 0x00, 0x00, 0x00,
    0x00, 0x00, 0x00, 0x00, 0x00, 0x00, 0x00, 0x00, 0x00, 0x00, 0x00, 0x00, 0x00, 0x00, 0x00, 0x00,
    0x00, 0x00, 0x00, 0x00, 0x00, 0x00, 0x00, 0x00, 0x00, 0x00, 0x00, 0x00, 0x00, 0x00, 0x00, 0x00,
    0x00, 0x00, 0x00, 0x00, 0x00, 0x00, 0x00, 0x00, 0x00, 0x00, 0x00, 0x00, 0x00, 0x00, 0x40, 0x00,
    0xc5, 0x00, 0x26, 0x00, 0x84, 0x00, 0xe2, 0x00, 0x40, 0x00, 0x00, 0x00, 0x00, 0x00, 0xa1, 0x00,
    0xa5, 0x00, 0x46, 0x00, 0x49, 0x00, 0x0b, 0x00, 0x66, 0x00, 0x64, 0x00, 0x86, 0x00, 0xea, 0x00,
    0x2b, 0x00, 0x30, 0x00, 0x0a, 0x00, 0x05, 0x00, 0x87, 0x00, 0x08, 0x00, 0x4b, 0x00, 0x20, 0x00,
    0x00, 0x00, 0x00, 0x00, 0x00, 0x00, 0x00, 0x00, 0x00, 0x00, 0x00, 0x00, 0x00, 0x00, 0x00, 0x00,
    0x00, 0x00, 0x00, 0x00, 0x00, 0x00, 0x00, 0x00, 0x00, 0x00, 0x00, 0x00, 0x00, 0x00, 0x00, 0x00,
    0x00, 0x00, 0x00, 0x00, 0x00, 0x00, 0x00, 0x00, 0x00, 0x00, 0x00, 0x00, 0x00, 0x00, 0x00, 0x00,
    0x00, 0x00, 0x00, 0x00, 0x00, 0x00, 0x00, 0x00, 0x00, 0x00, 0x00, 0x00, 0x00, 0x00, 0x00, 0x00,
    0x00, 0x00, 0x00, 0x00, 0x00, 0x00, 0x00, 0x00, 0x00, 0x00, 0x00, 0x00, 0x00, 0x00, 0x00, 0x00,
    0x00, 0x00, 0x00, 0x00, 0x00, 0x00, 0x00, 0x00, 0x00, 0x00, 0x20, 0x00, 0xc2, 0x00, 0x23, 0x00,
    0x84, 0x00, 0xe5, 0x00, 0x46, 0x00, 0x49, 0x00, 0xeb, 0x00, 0x66, 0x00, 0x84, 0x00, 0x89, 0x00,
    0x07, 0x00, 0x2b, 0x00, 0xef, 0x00, 0x0a, 0x00, 0x64, 0x00, 0x86, 0x00, 0xed, 0x00, 0xe2, 0x00,
    0x00, 0x00, 0x61, 0x00, 0x00, 0x00, 0x00, 0x00, 0x00, 0x00, 0x00, 0x00, 0x00, 0x00, 0x00, 0x00,
    0x00, 0x00, 0x00, 0x00, 0x00, 0x00, 0x00, 0x00, 0x00, 0x00, 0x00, 0x00, 0x00, 0x00, 0x00, 0x00,
    0x00, 0x00, 0x00, 0x00, 0x00, 0x00, 0x00, 0x00, 0x00, 0x00, 0x00, 0x00, 0x00, 0x00, 0x00, 0x00,
    0x00, 0x00, 0x00, 0x00, 0x00, 0x00, 0x00, 0x00, 0x00, 0x00, 0x00, 0x00, 0x00, 0x00, 0x00, 0x00,
    0x00, 0x00, 0x00, 0x00, 0x00, 0x00, 0x00, 0x00, 0x00, 0x00, 0x00, 0x00, 0x00, 0x00, 0x00, 0x00,
    0x00, 0x00, 0x00, 0x00, 0x44, 0x00, 0x81, 0x00, 0x00, 0x00, 0x00, 0x00, 0xc5, 0x00, 0x09, 0x00,
    0xc8, 0x00, 0x26, 0x00, 0xe5, 0x00, 0x46, 0x00, 0xc8, 0x00, 0x69, 0x00, 0x87, 0x00, 0x46, 0x00,
    0x48, 0x00, 0x46, 0x00, 0xea, 0x00, 0xaf, 0x00, 0x69, 0x00, 0x02, 0x00, 0xac, 0x00, 0xc7, 0x00,
    0xa4, 0x00, 0xc4, 0x00, 0x00, 0x00, 0x00, 0x00, 0x00, 0x00, 0x00, 0x00, 0x00, 0x00, 0x00, 0x00,
    0x00, 0x00, 0x00, 0x00, 0x00, 0x00, 0x00, 0x00, 0x00, 0x00, 0x00, 0x00, 0x00, 0x00, 0x00, 0x00,
    0x00, 0x00, 0x00, 0x00, 0x00, 0x00, 0x00, 0x00, 0x00, 0x00, 0x00, 0x00, 0x00, 0x00, 0x00, 0x00,
    0x00, 0x00, 0x00, 0x00, 0x00, 0x00, 0x00, 0x00, 0x00, 0x00, 0x00, 0x00, 0x00, 0x00, 0x00, 0x00,
    0x00, 0x00, 0x00, 0x00, 0x00, 0x00, 0x00, 0x00, 0x00, 0x00, 0x00, 0x00, 0x00, 0x00, 0x00, 0x00,
    0x00, 0x00, 0x00, 0x00, 0x44, 0x00, 0x49, 0x00, 0xe5, 0x00, 0xe2, 0x00, 0x20, 0x00, 0xe2, 0x00,
    0x84, 0x00, 0xa5, 0x00, 0x84, 0x00, 0xe5, 0x00, 0x46, 0x00, 0x46, 0x00, 0xe8, 0x00, 0xc5, 0x00,
    0x89, 0x00, 0x0a, 0x00, 0xc9, 0x00, 0x0a, 0x00, 0x6e, 0x00, 0x87, 0x00, 0x08, 0x00, 0x2a, 0x00,
    0x28, 0x00, 0x86, 0x00, 0x00, 0x00, 0x00, 0x00, 0x00, 0x00, 0x00, 0x00, 0x00, 0x00, 0x00, 0x00,
    0x00, 0x00, 0x00, 0x00, 0x00, 0x00, 0x00, 0x00, 0x00, 0x00, 0x00, 0x00, 0x00, 0x00, 0x00, 0x00,
    0x00, 0x00, 0x00, 0x00, 0x00, 0x00, 0x00, 0x00, 0x00, 0x00, 0x00, 0x00, 0x00, 0x00, 0x00, 0x00,
    0x00, 0x00, 0x00, 0x00, 0x00, 0x00, 0x00, 0x00, 0x00, 0x00, 0x00, 0x00, 0x00, 0x00, 0x00, 0x00,
    0x00, 0x00, 0x00, 0x00, 0x00, 0x00, 0x00, 0x00, 0x00, 0x00, 0x00, 0x00, 0x00, 0x00, 0x00, 0x00,
    0x00, 0x00, 0x00, 0x00, 0x00, 0x00, 0x67, 0x00, 0xaa, 0x00, 0xca, 0x00, 0x2b, 0x00, 0xca, 0x00,
    0x48, 0x00, 0xc7, 0x00, 0x46, 0x00, 0x64, 0x00, 0xa5, 0x00, 0x87, 0x00, 0x6b, 0x00, 0x08, 0x00,
    0x28, 0x00, 0xcc, 0x00, 0x0d, 0x00, 0xac, 0x00, 0x4b, 0x00, 0x2d, 0x00, 0x2b, 0x00, 0x89, 0x00,
    0x08, 0x00, 0x89, 0x00, 0x00, 0x00, 0x00, 0x00, 0x00, 0x00, 0x00, 0x00, 0x00, 0x00, 0x00, 0x00,
    0x00, 0x00, 0x00, 0x00, 0x00, 0x00, 0x00, 0x00, 0x00, 0x00, 0x00, 0x00, 0x00, 0x00, 0x00, 0x00,
    0x00, 0x00, 0x00, 0x00, 0x00, 0x00, 0x00, 0x00, 0x00, 0x00, 0x00, 0x00, 0x00, 0x00, 0x00, 0x00,
    0x00, 0x00, 0x00, 0x00, 0x00, 0x00, 0x00, 0x00, 0x00, 0x00, 0x00, 0x00, 0x00, 0x00, 0x00, 0x00,
    0x00, 0x00, 0x00, 0x00, 0x00, 0x00, 0x00, 0x00, 0x00, 0x00, 0x00, 0x00, 0x00, 0x00, 0x00, 0x00,
    0x00, 0x00, 0x00, 0x00, 0x00, 0x00, 0x40, 0x00, 0x46, 0x00, 0xe8, 0x00, 0x29, 0x00, 0x6c, 0x00,
    0xcd, 0x00, 0xac, 0x00, 0x6c, 0x00, 0xa9, 0x00, 0x26, 0x00, 0xa4, 0x00, 0xca, 0x00, 0x4d, 0x00,
    0x8c, 0x00, 0x0d, 0x00, 0x6b, 0x00, 0xaf, 0x00, 0xed, 0x00, 0xcc, 0x00, 0x6e, 0x00, 0x4b, 0x00,
    0xa9, 0x00, 0x48, 0x00, 0x20, 0x00, 0x00, 0x00, 0x00, 0x00, 0x00, 0x00, 0x00, 0x00, 0x00, 0x00,
    0x00, 0x00, 0x00, 0x00, 0x00, 0x00, 0x00, 0x00, 0x00, 0x00, 0x00, 0x00, 0x00, 0x00, 0x00, 0x00,
    0x00, 0x00, 0x00, 0x00, 0x00, 0x00, 0x00, 0x00, 0x00, 0x00, 0x00, 0x00, 0x00, 0x00, 0x00, 0x00,
    0x00, 0x00, 0x00, 0x00, 0x00, 0x00, 0x00, 0x00, 0x00, 0x00, 0x00, 0x00, 0x00, 0x00, 0x00, 0x00,
    0x00, 0x00, 0x00, 0x00, 0x00, 0x00, 0x00, 0x00, 0x00, 0x00, 0x00, 0x00, 0x00, 0x00, 0x00, 0x00,
    0x00, 0x00, 0x00, 0x00, 0x00, 0x00, 0x00, 0x00, 0x40, 0x00, 0xc5, 0x00, 0x46, 0x00, 0x67, 0x00,
    0x08, 0x00, 0x4b, 0x00, 0x4b, 0x00, 0x6b, 0x00, 0x4b, 0x00, 0x28, 0x00, 0x48, 0x00, 0xcc, 0x00,
    0x6e, 0x00, 0x4d, 0x00, 0x6e, 0x00, 0x4e, 0x00, 0xef, 0x00, 0x0d, 0x00, 0x4d, 0x00, 0x8c, 0x00,
    0xed, 0x00, 0xa7, 0x00, 0x00, 0x00, 0x00, 0x00, 0x00, 0x00, 0x00, 0x00, 0x00, 0x00, 0x00, 0x00,
    0x00, 0x00, 0x00, 0x00, 0x00, 0x00, 0x00, 0x00, 0x00, 0x00, 0x00, 0x00, 0x00, 0x00, 0x00, 0x00,
    0xa4, 0x00, 0x40, 0x00, 0x00, 0x00, 0x00, 0x00, 0x00, 0x00, 0x00, 0x00, 0x00, 0x00, 0x00, 0x00,
    0x00, 0x00, 0x00, 0x00, 0x00, 0x00, 0x00, 0x00, 0x00, 0x00, 0x00, 0x00, 0x00, 0x00, 0x00, 0x00,
    0x00, 0x00, 0x00, 0x00, 0x00, 0x00, 0x00, 0x00, 0x00, 0x00, 0x00, 0x00, 0x00, 0x00, 0x00, 0x00,
    0x00, 0x00, 0xc2, 0x00, 0x84, 0x00, 0x67, 0x00, 0x87, 0x00, 0x06, 0x00, 0xa5, 0x00, 0x06, 0x00,
    0x26, 0x00, 0xa7, 0x00, 0xca, 0x00, 0x0b, 0x00, 0x0a, 0x00, 0x6b, 0x00, 0x6b, 0x00, 0x8b, 0x00,
    0x0d, 0x00, 0x6e, 0x00, 0x4d, 0x00, 0x6e, 0x00, 0xcf, 0x00, 0x10, 0x00, 0x2d, 0x00, 0x4d, 0x00,
    0x6e, 0x00, 0xed, 0x00, 0xc4, 0x00, 0x00, 0x00, 0x00, 0x00, 0x00, 0x00, 0x00, 0x00, 0x00, 0x00,
    0x00, 0x00, 0x00, 0x00, 0x00, 0x00, 0x00, 0x00, 0x00, 0x00, 0x00, 0x00, 0x00, 0x00, 0xa2, 0x00,
    0x6b, 0x00, 0xa2, 0x00, 0x00, 0x00, 0x00, 0x00, 0x00, 0x00, 0x00, 0x00, 0x00, 0x00, 0x00, 0x00,
    0x00, 0x00, 0x00, 0x00, 0x00, 0x00, 0x00, 0x00, 0x00, 0x00, 0x00, 0x00, 0x00, 0x00, 0x00, 0x00,
    0x00, 0x00, 0x00, 0x00, 0x00, 0x00, 0x00, 0x00, 0x00, 0x00, 0x00, 0x00, 0x00, 0x00, 0x00, 0x00,
    0x20, 0x00, 0x26, 0x00, 0x8a, 0x00, 0x6a, 0x00, 0xa8, 0x00, 0xe5, 0x00, 0x84, 0x00, 0x44, 0x00,
    0x84, 0x00, 0x84, 0x00, 0xa4, 0x00, 0x08, 0x00, 0xaa, 0x00, 0xea, 0x00, 0x6b, 0x00, 0xcc, 0x00,
    0x8e, 0x00, 0x30, 0x00, 0x50, 0x00, 0x10, 0x00, 0x8e, 0x00, 0x0f, 0x00, 0x8e, 0x00, 0x4d, 0x00,
    0xef, 0x00, 0x0f, 0x00, 0xcc, 0x00, 0x20, 0x00, 0x00, 0x00, 0x00, 0x00, 0x00, 0x00, 0x00, 0x00,
    0x00, 0x00, 0x00, 0x00, 0x00, 0x00, 0x00, 0x00, 0x00, 0x00, 0x00, 0x00, 0x61, 0x00, 0x8c, 0x00,
    0x0d, 0x00, 0x23, 0x00, 0x00, 0x00, 0x00, 0x00, 0x00, 0x00, 0x00, 0x00, 0x00, 0x00, 0x00, 0x00,
    0x00, 0x00, 0x00, 0x00, 0x00, 0x00, 0x00, 0x00, 0x00, 0x00, 0x00, 0x00, 0x00, 0x00, 0x00, 0x00,
    0x00, 0x00, 0x00, 0x00, 0x00, 0x00, 0x00, 0x00, 0x00, 0x00, 0x00, 0x00, 0x00, 0x00, 0x00, 0x00,
    0x00, 0x00, 0x00, 0x00, 0xa2, 0x00, 0x23, 0x00, 0x84, 0x00, 0x46, 0x00, 0xa7, 0x00, 0x09, 0x00,
    0x08, 0x00, 0x08, 0x00, 0xc8, 0x00, 0xa7, 0x00, 0x08, 0x00, 0xa9, 0x00, 0x0b, 0x00, 0xcc, 0x00,
    0x4d, 0x00, 0xaf, 0x00, 0x30, 0x00, 0x71, 0x00, 0x10, 0x00, 0xaf, 0x00, 0x30, 0x00, 0xef, 0x00,
    0x30, 0x00, 0xae, 0x00, 0xed, 0x00, 0x81, 0x00, 0x00, 0x00, 0x00, 0x00, 0x00, 0x00, 0x00, 0x00,
    0x00, 0x00, 0x00, 0x00, 0x00, 0x00, 0x00, 0x00, 0x00, 0x00, 0x43, 0x00, 0xed, 0x00, 0xaf, 0x00,
    0xed, 0x00, 0x43, 0x00, 0x00, 0x00, 0x00, 0x00, 0x00, 0x00, 0x00, 0x00, 0x00, 0x00, 0x00, 0x00,
    0x00, 0x00, 0x00, 0x00, 0x00, 0x00, 0x00, 0x00, 0x00, 0x00, 0x00, 0x00, 0x00, 0x00, 0x00, 0x00,
    0x00, 0x00, 0x00, 0x00, 0x00, 0x00, 0x00, 0x00, 0x00, 0x00, 0x00, 0x00, 0x00, 0x00, 0x00, 0x00,
    0x00, 0x00, 0x00, 0x00, 0x81, 0x00, 0x06, 0x00, 0x06, 0x00, 0xa7, 0x00, 0x8a, 0x00, 0xaa, 0x00,
    0xcb, 0x00, 0xaa, 0x00, 0xeb, 0x00, 0x2b, 0x00, 0x2b, 0x00, 0x2b, 0x00, 0x4b, 0x00, 0x8c, 0x00,
    0xed, 0x00, 0xed, 0x00, 0xac, 0x00, 0x2d, 0x00, 0x10, 0x00, 0xef, 0x00, 0xef, 0x00, 0x30, 0x00,
    0x50, 0x00, 0x8e, 0x00, 0x8b, 0x00, 0x40, 0x00, 0x00, 0x00, 0x00, 0x00, 0x00, 0x00, 0x00, 0x00,
    0x00, 0x00, 0x00, 0x00, 0x00, 0x00, 0x00, 0x00, 0x46, 0x00, 0x0d, 0x00, 0x8e, 0x00, 0x8b, 0x00,
    0xcc, 0x00, 0x02, 0x00, 0x00, 0x00, 0x00, 0x00, 0x00, 0x00, 0x00, 0x00, 0x00, 0x00, 0x00, 0x00,
    0x00, 0x00, 0x00, 0x00, 0x00, 0x00, 0x00, 0x00, 0x00, 0x00, 0x00, 0x00, 0x00, 0x00, 0x00, 0x00,
    0x00, 0x00, 0x00, 0x00, 0x00, 0x00, 0x00, 0x00, 0x00, 0x00, 0x00, 0x00, 0x00, 0x00, 0x00, 0x00,
    0x00, 0x00, 0x03, 0x00, 0x29, 0x00, 0x09, 0x00, 0x06, 0x00, 0x03, 0x00, 0xa5, 0x00, 0xc8, 0x00,
    0xe8, 0x00, 0xa7, 0x00, 0xc8, 0x00, 0x8a, 0x00, 0x2b, 0x00, 0x8c, 0x00, 0xed, 0x00, 0x0d, 0x00,
    0x8b, 0x00, 0xc7, 0x00, 0x66, 0x00, 0xe7, 0x00, 0x0d, 0x00, 0xae, 0x00, 0xae, 0x00, 0xef, 0x00,
    0x30, 0x00, 0x4d, 0x00, 0x48, 0x00, 0xe2, 0x00, 0x00, 0x00, 0x00, 0x00, 0x00, 0x00, 0x00, 0x00,
    0x00, 0x00, 0x00, 0x00, 0x00, 0x00, 0xa6, 0x00, 0x0d, 0x00, 0xec, 0x00, 0xac, 0x00, 0xcc, 0x00,
    0xac, 0x00, 0x61, 0x00, 0x00, 0x00, 0x00, 0x00, 0x00, 0x00, 0x00, 0x00, 0x00, 0x00, 0x00, 0x00,
    0x00, 0x00, 0x00, 0x00, 0x00, 0x00, 0x00, 0x00, 0x00, 0x00, 0x00, 0x00, 0x00, 0x00, 0x00, 0x00,
    0x00, 0x00, 0x00, 0x00, 0x00, 0x00, 0x00, 0x00, 0x00, 0x00, 0x00, 0x00, 0x00, 0x00, 0x00, 0x00,
    0x00, 0x00, 0x23, 0x00, 0x23, 0x00, 0x43, 0x00, 0xc5, 0x00, 0x87, 0x00, 0x49, 0x00, 0x69, 0x00,
    0x49, 0x00, 0x6a, 0x00, 0x8a, 0x00, 0xca, 0x00, 0x8c, 0x00, 0x0d, 0x00, 0x4e, 0x00, 0x8f, 0x00,
    0x8e, 0x00, 0x4d, 0x00, 0x0d, 0x00, 0x48, 0x00, 0x66, 0x00, 0x8e, 0x00, 0xaf, 0x00, 0xef, 0x00,
    0x10, 0x00, 0x2d, 0x00, 0xa7, 0x00, 0xc7, 0x00, 0x00, 0x00, 0x00, 0x00, 0x00, 0x00, 0x00, 0x00,
    0x00, 0x00, 0x00, 0x00, 0xe4, 0x00, 0x6b, 0x00, 0x4b, 0x00, 0xed, 0x00, 0x0d, 0x00, 0x4d, 0x00,
    0x28, 0x00, 0x00, 0x00, 0x00, 0x00, 0x00, 0x00, 0x00, 0x00, 0x00, 0x00, 0x00, 0x00, 0x00, 0x00,
    0x00, 0x00, 0x00, 0x00, 0x00, 0x00, 0x00, 0x00, 0x00, 0x00, 0x00, 0x00, 0x00, 0x00, 0x00, 0x00,
    0x00, 0x00, 0x00, 0x00, 0x00, 0x00, 0x00, 0x00, 0x00, 0x00, 0x00, 0x00, 0x00, 0x00, 0x00, 0x00,
    0x00, 0x00, 0x00, 0x00, 0x00, 0x00, 0xe6, 0x00, 0x26, 0x00, 0x26, 0x00, 0x46, 0x00, 0x67, 0x00,
    0x87, 0x00, 0xa7, 0x00, 0xa7, 0x00, 0xca, 0x00, 0xcd, 0x00, 0xed, 0x00, 0x4e, 0x00, 0x8f, 0x00,
    0xaf, 0x00, 0x8e, 0x00, 0x6e, 0x00, 0x6e, 0x00, 0xa9, 0x00, 0x2d, 0x00, 0xae, 0x00, 0xef, 0x00,
    0xef, 0x00, 0x30, 0x00, 0x4b, 0x00, 0x05, 0x00, 0x00, 0x00, 0x00, 0x00, 0x00, 0x00, 0x20, 0x00,
    0x61, 0x00, 0x61, 0x00, 0xa9, 0x00, 0x69, 0x00, 0x8b, 0x00, 0xec, 0x00, 0xcc, 0x00, 0x6b, 0x00,
    0x23, 0x00, 0x00, 0x00, 0x00, 0x00, 0x00, 0x00, 0x00, 0x00, 0x00, 0x00, 0x00, 0x00, 0x00, 0x00,
    0x00, 0x00, 0x00, 0x00, 0x00, 0x00, 0x00, 0x00, 0x00, 0x00, 0x00, 0x00, 0x00, 0x00, 0x00, 0x00,
    0x00, 0x00, 0x00, 0x00, 0x00, 0x00, 0x00, 0x00, 0x00, 0x00, 0x00, 0x00, 0x00, 0x00, 0x00, 0x00,
    0x00, 0x00, 0x00, 0x00, 0x61, 0x00, 0xc8, 0x00, 0x26, 0x00, 0x23, 0x00, 0x64, 0x00, 0xc5, 0x00,
    0x84, 0x00, 0x87, 0x00, 0x69, 0x00, 0x8a, 0x00, 0x0b, 0x00, 0x4b, 0x00, 0xed, 0x00, 0x2b, 0x00,
    0x25, 0x00, 0x08, 0x00, 0xec, 0x00, 0x2d, 0x00, 0x8e, 0x00, 0x8e, 0x00, 0xcf, 0x00, 0xaf, 0x00,
    0x30, 0x00, 0x30, 0x00, 0x71, 0x00, 0x6c, 0x00, 0x20, 0x00, 0x00, 0x00, 0x00, 0x00, 0xa1, 0x00,
    0x64, 0x00, 0x84, 0x00, 0x89, 0x00, 0x68, 0x00, 0xab, 0x00, 0x4b, 0x00, 0x4b, 0x00, 0x25, 0x00,
    0x00, 0x00, 0x00, 0x00, 0x00, 0x00, 0x00, 0x00, 0x00, 0x00, 0x00, 0x00, 0x00, 0x00, 0x00, 0x00,
    0x00, 0x00, 0x00, 0x00, 0x00, 0x00, 0x00, 0x00, 0x00, 0x00, 0x00, 0x00, 0x00, 0x00, 0x00, 0x00,
    0x00, 0x00, 0x00, 0x00, 0x00, 0x00, 0x00, 0x00, 0x00, 0x00, 0x00, 0x00, 0x00, 0x00, 0x00, 0x00,
    0x00, 0x00, 0x00, 0x00, 0xc2, 0x00, 0xe9, 0x00, 0xa4, 0x00, 0xc5, 0x00, 0x67, 0x00, 0xa8, 0x00,
    0x87, 0x00, 0x8a, 0x00, 0x6a, 0x00, 0x49, 0x00, 0x08, 0x00, 0x89, 0x00, 0x0b, 0x00, 0x6b, 0x00,
    0xe7, 0x00, 0x63, 0x00, 0xcc, 0x00, 0x0d, 0x00, 0x2d, 0x00, 0x4d, 0x00, 0x4d, 0x00, 0x8e, 0x00,
    0x8b, 0x00, 0x8e, 0x00, 0xef, 0x00, 0xcf, 0x00, 0x02, 0x00, 0x00, 0x00, 0x00, 0x00, 0x23, 0x00,
    0x05, 0x00, 0x66, 0x00, 0xa6, 0x00, 0xa9, 0x00, 0x4a, 0x00, 0xc9, 0x00, 0x25, 0x00, 0x00, 0x00,
    0x00, 0x00, 0x00, 0x00, 0x00, 0x00, 0x00, 0x00, 0x00, 0x00, 0x00, 0x00, 0x00, 0x00, 0x00, 0x00,
    0x00, 0x00, 0x00, 0x00, 0x00, 0x00, 0x00, 0x00, 0x00, 0x00, 0x00, 0x00, 0x00, 0x00, 0x00, 0x00,
    0x00, 0x00, 0x00, 0x00, 0x20, 0x00, 0xa1, 0x00, 0xc2, 0x00, 0x40, 0x00, 0x23, 0x00, 0x02, 0x00,
    0x00, 0x00, 0x00, 0x00, 0x61, 0x00, 0x87, 0x00, 0x81, 0x00, 0x06, 0x00, 0x87, 0x00, 0x87, 0x00,
    0x06, 0x00, 0xe5, 0x00, 0xa5, 0x00, 0x06, 0x00, 0x26, 0x00, 0xa7, 0x00, 0x89, 0x00, 0x0a, 0x00,
    0xcc, 0x00, 0x0a, 0x00, 0xa9, 0x00, 0xac, 0x00, 0x4d, 0x00, 0x4e, 0x00, 0x4d, 0x00, 0x4d, 0x00,
    0x86, 0x00, 0x8c, 0x00, 0xaf, 0x00, 0x2d, 0x00, 0xc2, 0x00, 0x00, 0x00, 0x00, 0x00, 0xe2, 0x00,
    0xc7, 0x00, 0x66, 0x00, 0xe7, 0x00, 0xe9, 0x00, 0xc7, 0x00, 0x84, 0x00, 0x20, 0x00, 0x00, 0x00,
    0x00, 0x00, 0x00, 0x00, 0x00, 0x00, 0x00, 0x00, 0x00, 0x00, 0x00, 0x00, 0x00, 0x00, 0x00, 0x00,
    0x00, 0x00, 0x00, 0x00, 0x00, 0x00, 0x00, 0x00, 0x00, 0x00, 0x00, 0x00, 0x00, 0x00, 0x00, 0x00,
    0xe2, 0x00, 0xc7, 0x00, 0x89, 0x00, 0x2b, 0x00, 0x2b, 0x00, 0xca, 0x00, 0x08, 0x00, 0x89, 0x00,
    0x08, 0x00, 0x81, 0x00, 0x00, 0x00, 0xa2, 0x00, 0x00, 0x00, 0x46, 0x00, 0x67, 0x00, 0x67, 0x00,
    0xe5, 0x00, 0xc5, 0x00, 0x06, 0x00, 0x06, 0x00, 0x26, 0x00, 0x43, 0x00, 0xe5, 0x00, 0x66, 0x00,
    0xa7, 0x00, 0xa9, 0x00, 0x2b, 0x00, 0x0a, 0x00, 0xc9, 0x00, 0x2a, 0x00, 0xec, 0x00, 0x0d, 0x00,
    0x4d, 0x00, 0xcc, 0x00, 0x2d, 0x00, 0x69, 0x00, 0x00, 0x00, 0x00, 0x00, 0x00, 0x00, 0x20, 0x00,
    0xa7, 0x00, 0xe5, 0x00, 0xa9, 0x00, 0x66, 0x00, 0x46, 0x00, 0xe8, 0x00, 0x84, 0x00, 0x00, 0x00,
    0x00, 0x00, 0x00, 0x00, 0x00, 0x00, 0x00, 0x00, 0x00, 0x00, 0x00, 0x00, 0x00, 0x00, 0x00, 0x00,
    0x00, 0x00, 0x00, 0x00, 0x00, 0x00, 0x00, 0x00, 0x00, 0x00, 0x00, 0x00, 0x00, 0x00, 0x20, 0x00,
    0xa4, 0x00, 0xa7, 0x00, 0xc7, 0x00, 0xc7, 0x00, 0xc7, 0x00, 0x87, 0x00, 0xc7, 0x00, 0x46, 0x00,
    0x69, 0x00, 0xea, 0x00, 0x63, 0x00, 0x61, 0x00, 0x00, 0x00, 0x44, 0x00, 0xa8, 0x00, 0xc5, 0x00,
    0xa8, 0x00, 0xa5, 0x00, 0xa8, 0x00, 0x46, 0x00, 0x67, 0x00, 0x06, 0x00, 0x26, 0x00, 0x26, 0x00,
    0xc5, 0x00, 0xa4, 0x00, 0x66, 0x00, 0x48, 0x00, 0xca, 0x00, 0x69, 0x00, 0x48, 0x00, 0x28, 0x00,
    0x69, 0x00, 0xea, 0x00, 0x69, 0x00, 0x81, 0x00, 0x00, 0x00, 0x00, 0x00, 0x00, 0x00, 0x00, 0x00,
    0x64, 0x00, 0x86, 0x00, 0x48, 0x00, 0x63, 0x00, 0x05, 0x00, 0xc2, 0x00, 0x00, 0x00, 0x00, 0x00,
    0x00, 0x00, 0x00, 0x00, 0x00, 0x00, 0x00, 0x00, 0x00, 0x00, 0x00, 0x00, 0x00, 0x00, 0x00, 0x00,
    0x00, 0x00, 0x00, 0x00, 0x00, 0x00, 0x00, 0x00, 0x00, 0x00, 0x00, 0x00, 0x00, 0x00, 0x00, 0x00,
    0x00, 0x00, 0xa2, 0x00, 0xc5, 0x00, 0xa4, 0x00, 0x87, 0x00, 0xaa, 0x00, 0xaa, 0x00, 0x89, 0x00,
    0x08, 0x00, 0xe8, 0x00, 0x49, 0x00, 0xe8, 0x00, 0xa4, 0x00, 0x00, 0x00, 0x23, 0x00, 0xa2, 0x00,
    0xc8, 0x00, 0xa5, 0x00, 0x67, 0x00, 0xe8, 0x00, 0x29, 0x00, 0xc7, 0x00, 0x87, 0x00, 0xe8, 0x00,
    0xc8, 0x00, 0x87, 0x00, 0x87, 0x00, 0x64, 0x00, 0xe2, 0x00, 0x86, 0x00, 0x48, 0x00, 0x08, 0x00,
    0x86, 0x00, 0xc5, 0x00, 0x61, 0x00, 0x00, 0x00, 0x00, 0x00, 0x00, 0x00, 0x00, 0x00, 0x00, 0x00,
    0x00, 0x00, 0x86, 0x00, 0xe7, 0x00, 0x20, 0x00, 0x00, 0x00, 0x00, 0x00, 0x00, 0x00, 0x00, 0x00,
    0x00, 0x00, 0x00, 0x00, 0x00, 0x00, 0x00, 0x00, 0x00, 0x00, 0x00, 0x00, 0x00, 0x00, 0x00, 0x00,
    0x00, 0x00, 0x00, 0x00, 0x00, 0x00, 0x00, 0x00, 0x00, 0x00, 0x00, 0x00, 0x00, 0x00, 0xc2, 0x00,
    0x08, 0x00, 0x29, 0x00, 0xc8, 0x00, 0xaa, 0x00, 0x8c, 0x00, 0x8c, 0x00, 0x8c, 0x00, 0x0d, 0x00,
    0xed, 0x00, 0x8c, 0x00, 0xea, 0x00, 0xe7, 0x00, 0x28, 0x00, 0x23, 0x00, 0x00, 0x00, 0x00, 0x00,
    0xe5, 0x00, 0x06, 0x00, 0xa5, 0x00, 0x08, 0x00, 0x69, 0x00, 0xca, 0x00, 0x08, 0x00, 0xca, 0x00,
    0xaa, 0x00, 0x49, 0x00, 0x8a, 0x00, 0x69, 0x00, 0x23, 0x00, 0x00, 0x00, 0x40, 0x00, 0xa1, 0x00,
    0x61, 0x00, 0x00, 0x00, 0x00, 0x00, 0x00, 0x00, 0x00, 0x00, 0x00, 0x00, 0x00, 0x00, 0x00, 0x00,
    0x00, 0x00, 0x05, 0x00, 0x28, 0x00, 0x00, 0x00, 0x00, 0x00, 0x00, 0x00, 0x00, 0x00, 0x00, 0x00,
    0x00, 0x00, 0x00, 0x00, 0x00, 0x00, 0x00, 0x00, 0x00, 0x00, 0x00, 0x00, 0x00, 0x00, 0x00, 0x00,
    0x00, 0x00, 0x00, 0x00, 0x00, 0x00, 0x00, 0x00, 0x00, 0x00, 0x00, 0x00, 0x23, 0x00, 0x49, 0x00,
    0xa7, 0x00, 0x87, 0x00, 0xea, 0x00, 0x4b, 0x00, 0xac, 0x00, 0xac, 0x00, 0xac, 0x00, 0x2e, 0x00,
    0x6e, 0x00, 0x4e, 0x00, 0x6e, 0x00, 0x8c, 0x00, 0x28, 0x00, 0x87, 0x00, 0x81, 0x00, 0x00, 0x00,
    0xa2, 0x00, 0xc5, 0x00, 0xe2, 0x00, 0x46, 0x00, 0x8a, 0x00, 0xcc, 0x00, 0xea, 0x00, 0x4b, 0x00,
    0x2e, 0x00, 0x8c, 0x00, 0x4c, 0x00, 0xaa, 0x00, 0xaa, 0x00, 0x63, 0x00, 0x00, 0x00, 0x00, 0x00,
    0x00, 0x00, 0x00, 0x00, 0x00, 0x00, 0x00, 0x00, 0x00, 0x00, 0x00, 0x00, 0x00, 0x00, 0x00, 0x00,
    0x00, 0x00, 0x84, 0x00, 0xa9, 0x00, 0x00, 0x00, 0x00, 0x00, 0x00, 0x00, 0x00, 0x00, 0x00, 0x00,
    0x00, 0x00, 0x00, 0x00, 0x00, 0x00, 0x00, 0x00, 0x00, 0x00, 0x00, 0x00, 0x00, 0x00, 0x00, 0x00,
    0x00, 0x00, 0x00, 0x00, 0x00, 0x00, 0x00, 0x00, 0x00, 0x00, 0x00, 0x00, 0x23, 0x00, 0xa2, 0x00,
    0x26, 0x00, 0x2c, 0x00, 0x6c, 0x00, 0xad, 0x00, 0xac, 0x00, 0xac, 0x00, 0xcd, 0x00, 0x0b, 0x00,
    0x6b, 0x00, 0xed, 0x00, 0x0d, 0x00, 0x0d, 0x00, 0xea, 0x00, 0x08, 0x00, 0x46, 0x00, 0x43, 0x00,
    0x20, 0x00, 0x61, 0x00, 0x40, 0x00, 0xc5, 0x00, 0xa7, 0x00, 0x8c, 0x00, 0xac, 0x00, 0x48, 0x00,
    0x2e, 0x00, 0xaf, 0x00, 0x8f, 0x00, 0xcd, 0x00, 0x6c, 0x00, 0x2b, 0x00, 0xe2, 0x00, 0x00, 0x00,
    0x00, 0x00, 0x00, 0x00, 0x00, 0x00, 0x00, 0x00, 0x00, 0x00, 0x00, 0x00, 0x00, 0x00, 0x40, 0x00,
    0x61, 0x00, 0x61, 0x00, 0xea, 0x00, 0x23, 0x00, 0x00, 0x00, 0x00, 0x00, 0x00, 0x00, 0x00, 0x00,
    0x00, 0x00, 0x00, 0x00, 0x00, 0x00, 0x00, 0x00, 0x00, 0x00, 0x00, 0x00, 0x00, 0x00, 0x00, 0x00,
    0x00, 0x00, 0x00, 0x00, 0x00, 0x00, 0x00, 0x00, 0x00, 0x00, 0x00, 0x00, 0x00, 0x00, 0xc5, 0x00,
    0x0b, 0x00, 0x2b, 0x00, 0x4c, 0x00, 0x0b, 0x00, 0x69, 0x00, 0x49, 0x00, 0x69, 0x00, 0x8a, 0x00,
    0xea, 0x00, 0x4b, 0x00, 0x6b, 0x00, 0x4b, 0x00, 0xea, 0x00, 0xe7, 0x00, 0xa7, 0x00, 0x05, 0x00,
    0xa4, 0x00, 0x00, 0x00, 0x00, 0x00, 0xe5, 0x00, 0x26, 0x00, 0x89, 0x00, 0x2b, 0x00, 0x0a, 0x00,
    0xa9, 0x00, 0x8f, 0x00, 0xd0, 0x00, 0x11, 0x00, 0x0e, 0x00, 0x2e, 0x00, 0xea, 0x00, 0x20, 0x00,
    0x00, 0x00, 0x00, 0x00, 0x00, 0x00, 0x00, 0x00, 0x00, 0x00, 0x00, 0x00, 0x00, 0x00, 0x40, 0x00,
    0xa7, 0x00, 0x40, 0x00, 0x46, 0x00, 0x89, 0x00, 0x00, 0x00, 0x00, 0x00, 0x64, 0x00, 0xe2, 0x00,
    0x00, 0x00, 0x00, 0x00, 0x00, 0x00, 0x00, 0x00, 0x00, 0x00, 0x00, 0x00, 0x00, 0x00, 0x00, 0x00,
    0x00, 0x00, 0x00, 0x00, 0x00, 0x00, 0x00, 0x00, 0x00, 0x00, 0x41, 0x00, 0xa5, 0x00, 0x69, 0x00,
    0xeb, 0x00, 0xcb, 0x00, 0x49, 0x00, 0xc8, 0x00, 0x87, 0x00, 0xa7, 0x00, 0xc8, 0x00, 0xe8, 0x00,
    0x08, 0x00, 0xaa, 0x00, 0x0b, 0x00, 0xca, 0x00, 0x89, 0x00, 0xc7, 0x00, 0x66, 0x00, 0x46, 0x00,
    0x46, 0x00, 0x64, 0x00, 0x03, 0x00, 0x05, 0x00, 0x05, 0x00, 0x28, 0x00, 0xa9, 0x00, 0xac, 0x00,
    0xea, 0x00, 0x6c, 0x00, 0x0e, 0x00, 0x6f, 0x00, 0xb0, 0x00, 0xd0, 0x00, 0xaf, 0x00, 0xe5, 0x00,
    0x00, 0x00, 0x00, 0x00, 0x00, 0x00, 0x00, 0x00, 0x00, 0x00, 0x00, 0x00, 0x00, 0x00, 0x00, 0x00,
    0x05, 0x00, 0x89, 0x00, 0x43, 0x00, 0x89, 0x00, 0x66, 0x00, 0x00, 0x00, 0x23, 0x00, 0x49, 0x00,
    0x20, 0x00, 0x00, 0x00, 0x00, 0x00, 0x00, 0x00, 0x00, 0x00, 0x00, 0x00, 0x00, 0x00, 0x00, 0x00,
    0x00, 0x00, 0x00, 0x00, 0x00, 0x00, 0x00, 0x00, 0x00, 0x00, 0x61, 0x00, 0x67, 0x00, 0x6a, 0x00,
    0x8a, 0x00, 0x29, 0x00, 0x87, 0x00, 0x87, 0x00, 0x29, 0x00, 0x49, 0x00, 0x49, 0x00, 0x8a, 0x00,
    0xe8, 0x00, 0x08, 0x00, 0x29, 0x00, 0xca, 0x00, 0x4c, 0x00, 0x8a, 0x00, 0x67, 0x00, 0xa4, 0x00,
    0xc5, 0x00, 0xe5, 0x00, 0x05, 0x00, 0x64, 0x00, 0x05, 0x00, 0x08, 0x00, 0xca, 0x00, 0x6b, 0x00,
    0x2a, 0x00, 0x4b, 0x00, 0x0e, 0x00, 0x6c, 0x00, 0x0e, 0x00, 0xf0, 0x00, 0x2e, 0x00, 0x89, 0x00,
    0xa1, 0x00, 0x00, 0x00, 0x00, 0x00, 0x00, 0x00, 0x00, 0x00, 0x00, 0x00, 0x00, 0x00, 0x00, 0x00,
    0x40, 0x00, 0xc7, 0x00, 0xaa, 0x00, 0x87, 0x00, 0x0a, 0x00, 0x46, 0x00, 0x61, 0x00, 0xea, 0x00,
    0x64, 0x00, 0x00, 0x00, 0x00, 0x00, 0x00, 0x00, 0x00, 0x00, 0x00, 0x00, 0x00, 0x00, 0x00, 0x00,
    0x00, 0x00, 0x00, 0x00, 0x00, 0x00, 0x00, 0x00, 0x00, 0x00, 0x03, 0x00, 0x09, 0x00, 0x6a, 0x00,
    0x29, 0x00, 0x87, 0x00, 0x09, 0x00, 0x6a, 0x00, 0x29, 0x00, 0x49, 0x00, 0x09, 0x00, 0xe8, 0x00,
    0x49, 0x00, 0xe8, 0x00, 0xa7, 0x00, 0x29, 0x00, 0xeb, 0x00, 0xaa, 0x00, 0xa7, 0x00, 0x06, 0x00,
    0x44, 0x00, 0x43, 0x00, 0x23, 0x00, 0xc5, 0x00, 0xc7, 0x00, 0x08, 0x00, 0xca, 0x00, 0x6b, 0x00,
    0x0a, 0x00, 0x89, 0x00, 0x4e, 0x00, 0x6f, 0x00, 0x4e, 0x00, 0x2e, 0x00, 0x0b, 0x00, 0x0e, 0x00,
    0x66, 0x00, 0x00, 0x00, 0x00, 0x00, 0x00, 0x00, 0x00, 0x00, 0x00, 0x00, 0x00, 0x00, 0x00, 0x00,
    0x00, 0x00, 0x81, 0x00, 0x66, 0x00, 0x08, 0x00, 0xc7, 0x00, 0x6b, 0x00, 0x46, 0x00, 0x08, 0x00,
    0x28, 0x00, 0x00, 0x00, 0x00, 0x00, 0x00, 0x00, 0x00, 0x00, 0x00, 0x00, 0x00, 0x00, 0x00, 0x00,
    0x00, 0x00, 0x00, 0x00, 0x00, 0x00, 0x00, 0x00, 0x00, 0x00, 0x87, 0x00, 0x29, 0x00, 0x6a, 0x00,
    0x47, 0x00, 0x29, 0x00, 0xcb, 0x00, 0xab, 0x00, 0xc8, 0x00, 0x67, 0x00, 0xc8, 0x00, 0xa7, 0x00,
    0xe8, 0x00, 0x09, 0x00, 0x46, 0x00, 0xc8, 0x00, 0x29, 0x00, 0x08, 0x00, 0x87, 0x00, 0x67, 0x00,
    0x67, 0x00, 0x84, 0x00, 0x46, 0x00, 0x09, 0x00, 0x29, 0x00, 0x49, 0x00, 0xa9, 0x00, 0x0a, 0x00,
    0x8b, 0x00, 0xc7, 0x00, 0x4c, 0x00, 0x6f, 0x00, 0xb0, 0x00, 0x8f, 0x00, 0xca, 0x00, 0xaf, 0x00,
    0x2b, 0x00, 0x00, 0x00, 0x00, 0x00, 0x00, 0x00, 0x00, 0x00, 0x00, 0x00, 0x00, 0x00, 0x00, 0x00,
    0x00, 0x00, 0x00, 0x00, 0x20, 0x00, 0x84, 0x00, 0xa4, 0x00, 0x08, 0x00, 0xca, 0x00, 0x66, 0x00,
    0xea, 0x00, 0x61, 0x00, 0x00, 0x00, 0x00, 0x00, 0x00, 0x00, 0x00, 0x00, 0x00, 0x00, 0x00, 0x00,
    0x00, 0x00, 0x00, 0x00, 0x00, 0x00, 0x00, 0x00, 0xe2, 0x00, 0xe8, 0x00, 0x09, 0x00, 0xe8, 0x00,
    0x09, 0x00, 0x8a, 0x00, 0x6a, 0x00, 0x09, 0x00, 0xa8, 0x00, 0x67, 0x00, 0xc5, 0x00, 0xe5, 0x00,
    0xa8, 0x00, 0x09, 0x00, 0xa7, 0x00, 0xa7, 0x00, 0x49, 0x00, 0x29, 0x00, 0xe8, 0x00, 0x08, 0x00,
    0xa7, 0x00, 0xe8, 0x00, 0xaa, 0x00, 0xaa, 0x00, 0xeb, 0x00, 0x0b, 0x00, 0x89, 0x00, 0x0a, 0x00,
    0x6b, 0x00, 0xc7, 0x00, 0x28, 0x00, 0x2e, 0x00, 0xb0, 0x00, 0xaf, 0x00, 0xcd, 0x00, 0x8f, 0x00,
    0xcd, 0x00, 0x41, 0x00, 0x00, 0x00, 0x00, 0x00, 0x00, 0x00, 0x00, 0x00, 0x00, 0x00, 0x00, 0x00,
    0x00, 0x00, 0x00, 0x00, 0x20, 0x00, 0xa4, 0x00, 0x87, 0x00, 0xa5, 0x00, 0xaa, 0x00, 0x08, 0x00,
    0x69, 0x00, 0x23, 0x00, 0x00, 0x00, 0x00, 0x00, 0x00, 0x00, 0x00, 0x00, 0x00, 0x00, 0x00, 0x00,
    0x00, 0x00, 0x00, 0x00, 0x00, 0x00, 0x00, 0x00, 0x06, 0x00, 0xa8, 0x00, 0xe8, 0x00, 0xe8, 0x00,
    0x6a, 0x00, 0x4a, 0x00, 0xe9, 0x00, 0x87, 0x00, 0xe5, 0x00, 0x23, 0x00, 0x40, 0x00, 0x00, 0x00,
    0x03, 0x00, 0xe8, 0x00, 0xe8, 0x00, 0xe8, 0x00, 0x08, 0x00, 0xe8, 0x00, 0xc8, 0x00, 0x87, 0x00,
    0x87, 0x00, 0x8a, 0x00, 0xeb, 0x00, 0x6c, 0x00, 0x4b, 0x00, 0x4b, 0x00, 0x4b, 0x00, 0xea, 0x00,
    0x0a, 0x00, 0xe8, 0x00, 0xaa, 0x00, 0xea, 0x00, 0x8f, 0x00, 0x8f, 0x00, 0x6f, 0x00, 0x8f, 0x00,
    0xaa, 0x00, 0x81, 0x00, 0x00, 0x00, 0x00, 0x00, 0x00, 0x00, 0x00, 0x00, 0x00, 0x00, 0x00, 0x00,
    0x00, 0x00, 0x00, 0x00, 0x00, 0x00, 0x00, 0x00, 0xc5, 0x00, 0x87, 0x00, 0xa7, 0x00, 0xca, 0x00,
    0x08, 0x00, 0x63, 0x00, 0x00, 0x00, 0x00, 0x00, 0x00, 0x00, 0x00, 0x00, 0x00, 0x00, 0x00, 0x00,
    0x00, 0x00, 0x00, 0x00, 0x00, 0x00, 0x00, 0x00, 0xa7, 0x00, 0x87, 0x00, 0xe8, 0x00, 0xc8, 0x00,
    0x49, 0x00, 0xe8, 0x00, 0xa8, 0x00, 0x26, 0x00, 0x64, 0x00, 0x81, 0x00, 0x00, 0x00, 0x00, 0x00,
    0x00, 0x00, 0x84, 0x00, 0x29, 0x00, 0x6a, 0x00, 0x09, 0x00, 0xe8, 0x00, 0x87, 0x00, 0xe5, 0x00,
    0xa7, 0x00, 0x6a, 0x00, 0x4c, 0x00, 0x4b, 0x00, 0x2b, 0x00, 0x8c, 0x00, 0x8c, 0x00, 0x48, 0x00,
    0x48, 0x00, 0x87, 0x00, 0xed, 0x00, 0x6c, 0x00, 0xea, 0x00, 0x0e, 0x00, 0x8f, 0x00, 0xed, 0x00,
    0x28, 0x00, 0xc2, 0x00, 0x00, 0x00, 0x00, 0x00, 0x00, 0x00, 0x00, 0x00, 0x00, 0x00, 0x00, 0x00,
    0x00, 0x00, 0x00, 0x00, 0x00, 0x00, 0x00, 0x00, 0x00, 0x00, 0xa4, 0x00, 0xa7, 0x00, 0x6c, 0x00,
    0x28, 0x00, 0x23, 0x00, 0x00, 0x00, 0x00, 0x00, 0x00, 0x00, 0x00, 0x00, 0x00, 0x00, 0x00, 0x00,
    0x00, 0x00, 0x00, 0x00, 0x00, 0x00, 0x61, 0x00, 0xe8, 0x00, 0x06, 0x00, 0xe8, 0x00, 0xa8, 0x00,
    0x29, 0x00, 0xa8, 0x00, 0xa8, 0x00, 0xa5, 0x00, 0x84, 0x00, 0x61, 0x00, 0x00, 0x00, 0x00, 0x00,
    0x00, 0x00, 0x81, 0x00, 0x29, 0x00, 0x8a, 0x00, 0x29, 0x00, 0xa7, 0x00, 0x46, 0x00, 0x06, 0x00,
    0x08, 0x00, 0x0b, 0x00, 0x8c, 0x00, 0x8c, 0x00, 0xcd, 0x00, 0xac, 0x00, 0x6b, 0x00, 0xe7, 0x00,
    0x86, 0x00, 0xe8, 0x00, 0x0e, 0x00, 0x8f, 0x00, 0x8c, 0x00, 0x2b, 0x00, 0x4e, 0x00, 0x0b, 0x00,
    0x8a, 0x00, 0x40, 0x00, 0x00, 0x00, 0x00, 0x00, 0x00, 0x00, 0x00, 0x00, 0x00, 0x00, 0x00, 0x00,
    0x00, 0x00, 0x00, 0x00, 0x00, 0x00, 0x00, 0x00, 0x00, 0x00, 0x81, 0x00, 0x66, 0x00, 0xad, 0x00,
    0xea, 0x00, 0xc2, 0x00, 0x00, 0x00, 0x00, 0x00, 0x00, 0x00, 0x00, 0x00, 0x00, 0x00, 0x00, 0x00,
    0x00, 0x00, 0x00, 0x00, 0x00, 0x00, 0xa1, 0x00, 0x47, 0x00, 0x64, 0x00, 0xe8, 0x00, 0xa8, 0x00,
    0xc8, 0x00, 0xc8, 0x00, 0x47, 0x00, 0x84, 0x00, 0xe5, 0x00, 0x61, 0x00, 0x00, 0x00, 0x00, 0x00,
    0x00, 0x00, 0x00, 0x00, 0x06, 0x00, 0x8a, 0x00, 0x69, 0x00, 0x29, 0x00, 0xa7, 0x00, 0x06, 0x00,
    0x49, 0x00, 0x4c, 0x00, 0xcd, 0x00, 0x0e, 0x00, 0xcd, 0x00, 0xac, 0x00, 0xea, 0x00, 0xa7, 0x00,
    0x25, 0x00, 0x28, 0x00, 0xed, 0x00, 0xed, 0x00, 0x0d, 0x00, 0xcd, 0x00, 0x8a, 0x00, 0x0b, 0x00,
    0x28, 0x00, 0x00, 0x00, 0x00, 0x00, 0x00, 0x00, 0x00, 0x00, 0x00, 0x00, 0x00, 0x00, 0x00, 0x00,
    0x00, 0x00, 0x00, 0x00, 0x00, 0x00, 0x00, 0x00, 0x00, 0x00, 0x00, 0x00, 0x05, 0x00, 0xac, 0x00,
    0x0b, 0x00, 0xa1, 0x00, 0x61, 0x00, 0x00, 0x00, 0x00, 0x00, 0x00, 0x00, 0x00, 0x00, 0x00, 0x00,
    0x00, 0x00, 0x00, 0x00, 0x00, 0x00, 0x81, 0x00, 0x03, 0x00, 0x23, 0x00, 0x87, 0x00, 0xe8, 0x00,
    0xa8, 0x00, 0x47, 0x00, 0x26, 0x00, 0xa5, 0x00, 0x46, 0x00, 0x64, 0x00, 0x00, 0x00, 0x00, 0x00,
    0x00, 0x00, 0x00, 0x00, 0x40, 0x00, 0xa7, 0x00, 0x69, 0x00, 0x69, 0x00, 0xa7, 0x00, 0xa7, 0x00,
    0x0b, 0x00, 0x8d, 0x00, 0x2e, 0x00, 0x0e, 0x00, 0x4b, 0x00, 0xea, 0x00, 0xca, 0x00, 0x26, 0x00,
    0xc7, 0x00, 0x49, 0x00, 0xea, 0x00, 0xad, 0x00, 0xac, 0x00, 0x6c, 0x00, 0xaa, 0x00, 0x2b, 0x00,
    0x84, 0x00, 0x00, 0x00, 0x00, 0x00, 0x00, 0x00, 0x00, 0x00, 0x00, 0x00, 0x00, 0x00, 0x00, 0x00,
    0x00, 0x00, 0x00, 0x00, 0x00, 0x00, 0x00, 0x00, 0x00, 0x00, 0x00, 0x00, 0xe5, 0x00, 0x6c, 0x00,
    0xca, 0x00, 0x05, 0x00, 0x43, 0x00, 0x00, 0x00, 0x00, 0x00, 0x00, 0x00, 0x00, 0x00, 0x00, 0x00,
    0x00, 0x00, 0x00, 0x00, 0x00, 0x00, 0x00, 0x00, 0x00, 0x00, 0xe2, 0x00, 0x47, 0x00, 0xc8, 0x00,
    0xe8, 0x00, 0x67, 0x00, 0x26, 0x00, 0xc5, 0x00, 0x47, 0x00, 0xc8, 0x00, 0xc2, 0x00, 0x00, 0x00,
    0x00, 0x00, 0x00, 0x00, 0x00, 0x00, 0x81, 0x00, 0xe8, 0x00, 0x29, 0x00, 0xa7, 0x00, 0xca, 0x00,
    0x2c, 0x00, 0xad, 0x00, 0xcd, 0x00, 0x4b, 0x00, 0x0b, 0x00, 0xa9, 0x00, 0x28, 0x00, 0xa4, 0x00,
    0xca, 0x00, 0x6c, 0x00, 0xaa, 0x00, 0x2b, 0x00, 0x4b, 0x00, 0xca, 0x00, 0xea, 0x00, 0xc7, 0x00,
    0x20, 0x00, 0x00, 0x00, 0x00, 0x00, 0x00, 0x00, 0x00, 0x00, 0x00, 0x00, 0x00, 0x00, 0x00, 0x00,
    0x00, 0x00, 0x00, 0x00, 0x00, 0x00, 0x00, 0x00, 0x00, 0x00, 0x00, 0x00, 0x63, 0x00, 0x8c, 0x00,
    0xca, 0x00, 0xc7, 0x00, 0x03, 0x00, 0x00, 0x00, 0x00, 0x00, 0x00, 0x00, 0x00, 0x00, 0x00, 0x00,
    0x00, 0x00, 0x00, 0x00, 0x00, 0x00, 0x00, 0x00, 0x00, 0x00, 0x81, 0x00, 0x06, 0x00, 0xa8, 0x00,
    0xc8, 0x00, 0x87, 0x00, 0x47, 0x00, 0x26, 0x00, 0x47, 0x00, 0x29, 0x00, 0xa5, 0x00, 0x20, 0x00,
    0x00, 0x00, 0x00, 0x00, 0x20, 0x00, 0x61, 0x00, 0xc2, 0x00, 0x06, 0x00, 0x69, 0x00, 0xeb, 0x00,
    0x2c, 0x00, 0x8c, 0x00, 0x0b, 0x00, 0x0b, 0x00, 0xca, 0x00, 0xc7, 0x00, 0x84, 0x00, 0xc8, 0x00,
    0x4c, 0x00, 0x2b, 0x00, 0x0b, 0x00, 0x8a, 0x00, 0xaa, 0x00, 0x89, 0x00, 0x08, 0x00, 0xa2, 0x00,
    0x00, 0x00, 0x00, 0x00, 0x00, 0x00, 0x00, 0x00, 0x00, 0x00, 0x00, 0x00, 0x00, 0x00, 0x00, 0x00,
    0x00, 0x00, 0x00, 0x00, 0x00, 0x00, 0x00, 0x00, 0x00, 0x00, 0x40, 0x00, 0x05, 0x00, 0xad, 0x00,
    0x48, 0x00, 0xc7, 0x00, 0xa1, 0x00, 0x00, 0x00, 0x00, 0x00, 0x00, 0x00, 0x00, 0x00, 0x00, 0x00,
    0x00, 0x00, 0x00, 0x00, 0x00, 0x00, 0x00, 0x00, 0x00, 0x00, 0x40, 0x00, 0xe5, 0x00, 0x46, 0x00,
    0xe9, 0x00, 0xe8, 0x00, 0x26, 0x00, 0x46, 0x00, 0x47, 0x00, 0xa7, 0x00, 0xa7, 0x00, 0x00, 0x00,
    0x00, 0x00, 0x00, 0x00, 0x00, 0x00, 0x05, 0x00, 0x46, 0x00, 0x84, 0x00, 0x69, 0x00, 0xca, 0x00,
    0x0b, 0x00, 0xca, 0x00, 0x8a, 0x00, 0x28, 0x00, 0xc5, 0x00, 0x84, 0x00, 0x46, 0x00, 0x29, 0x00,
    0xea, 0x00, 0xca, 0x00, 0xca, 0x00, 0x69, 0x00, 0x49, 0x00, 0xa7, 0x00, 0xe5, 0x00, 0x43, 0x00,
    0x00, 0x00, 0x00, 0x00, 0x00, 0x00, 0x00, 0x00, 0x00, 0x00, 0x00, 0x00, 0x00, 0x00, 0x00, 0x00,
    0x00, 0x00, 0x00, 0x00, 0x00, 0x00, 0x00, 0x00, 0x00, 0x00, 0xe2, 0x00, 0x28, 0x00, 0x2b, 0x00,
    0xa7, 0x00, 0x87, 0x00, 0x20, 0x00, 0x00, 0x00, 0x00, 0x00, 0x00, 0x00, 0x00, 0x00, 0x00, 0x00,
    0x00, 0x00, 0x00, 0x00, 0x00, 0x00, 0x00, 0x00, 0x00, 0x00, 0x00, 0x00, 0xc5, 0x00, 0x06, 0x00,
    0xa8, 0x00, 0x26, 0x00, 0x46, 0x00, 0x46, 0x00, 0x87, 0x00, 0x67, 0x00, 0x8a, 0x00, 0x05, 0x00,
    0x00, 0x00, 0x00, 0x00, 0x00, 0x00, 0xa1, 0x00, 0xc8, 0x00, 0x66, 0x00, 0x49, 0x00, 0x6a, 0x00,
    0x6a, 0x00, 0x29, 0x00, 0xc7, 0x00, 0x84, 0x00, 0xa5, 0x00, 0xc8, 0x00, 0x08, 0x00, 0xc8, 0x00,
    0x69, 0x00, 0x49, 0x00, 0x08, 0x00, 0xc8, 0x00, 0x26, 0x00, 0xc5, 0x00, 0x66, 0x00, 0xa7, 0x00,
    0xa1, 0x00, 0x00, 0x00, 0x00, 0x00, 0x00, 0x00, 0x00, 0x00, 0x00, 0x00, 0x00, 0x00, 0x00, 0x00,
    0x00, 0x00, 0x00, 0x00, 0x00, 0x00, 0x00, 0x00, 0x00, 0x00, 0xc4, 0x00, 0xaa, 0x00, 0xaa, 0x00,
    0xa7, 0x00, 0xa4, 0x00, 0x00, 0x00, 0x00, 0x00, 0x00, 0x00, 0x00, 0x00, 0x00, 0x00, 0x00, 0x00,
    0x00, 0x00, 0x00, 0x00, 0x00, 0x00, 0x00, 0x00, 0x00, 0x00, 0x00, 0x00, 0x44, 0x00, 0xe5, 0x00,
    0x26, 0x00, 0x87, 0x00, 0x87, 0x00, 0x87, 0x00, 0x47, 0x00, 0x87, 0x00, 0x87, 0x00, 0x8a, 0x00,
    0x05, 0x00, 0x40, 0x00, 0x00, 0x00, 0x00, 0x00, 0xe5, 0x00, 0x87, 0x00, 0x49, 0x00, 0x8a, 0x00,
    0x29, 0x00, 0x08, 0x00, 0xa7, 0x00, 0xc5, 0x00, 0x67, 0x00, 0x08, 0x00, 0x08, 0x00, 0xe8, 0x00,
    0x08, 0x00, 0xc8, 0x00, 0x46, 0x00, 0xa4, 0x00, 0xa4, 0x00, 0x46, 0x00, 0x08, 0x00, 0x49, 0x00,
    0x86, 0x00, 0x00, 0x00, 0x00, 0x00, 0x00, 0x00, 0x00, 0x00, 0x00, 0x00, 0x00, 0x00, 0x00, 0x00,
    0x00, 0x00, 0x00, 0x00, 0x00, 0x00, 0x00, 0x00, 0x20, 0x00, 0x28, 0x00, 0xea, 0x00, 0x69, 0x00,
    0x46, 0x00, 0x61, 0x00, 0x00, 0x00, 0x00, 0x00, 0x00, 0x00, 0x00, 0x00, 0x00, 0x00, 0x00, 0x00,
    0x00, 0x00, 0x00, 0x00, 0x00, 0x00, 0x00, 0x00, 0x00, 0x00, 0x00, 0x00, 0x81, 0x00, 0x47, 0x00,
    0xc5, 0x00, 0x87, 0x00, 0x87, 0x00, 0xe8, 0x00, 0x87, 0x00, 0xa8, 0x00, 0x87, 0x00, 0xa8, 0x00,
    0x49, 0x00, 0x66, 0x00, 0x81, 0x00, 0x00, 0x00, 0x81, 0x00, 0xe5, 0x00, 0xe8, 0x00, 0x69, 0x00,
    0x69, 0x00, 0xca, 0x00, 0x69, 0x00, 0x26, 0x00, 0xc5, 0x00, 0x87, 0x00, 0x87, 0x00, 0x46, 0x00,
    0xa5, 0x00, 0xe2, 0x00, 0x23, 0x00, 0x26, 0x00, 0xa7, 0x00, 0x66, 0x00, 0xe8, 0x00, 0x69, 0x00,
    0xa9, 0x00, 0x02, 0x00, 0x00, 0x00, 0x00, 0x00, 0x00, 0x00, 0x00, 0x00, 0x00, 0x00, 0x00, 0x00,
    0x00, 0x00, 0x00, 0x00, 0x00, 0x00, 0x81, 0x00, 0x46, 0x00, 0xea, 0x00, 0x69, 0x00, 0xe8, 0x00,
    0x23, 0x00, 0x00, 0x00, 0x00, 0x00, 0x00, 0x00, 0x00, 0x00, 0x00, 0x00, 0x00, 0x00, 0x00, 0x00,
    0x00, 0x00, 0x00, 0x00, 0x00, 0x00, 0x00, 0x00, 0x00, 0x00, 0x00, 0x00, 0x00, 0x00, 0x06, 0x00,
    0xc5, 0x00, 0x06, 0x00, 0xa8, 0x00, 0xc8, 0x00, 0xc8, 0x00, 0x87, 0x00, 0xe8, 0x00, 0xa7, 0x00,
    0x46, 0x00, 0xe8, 0x00, 0xe8, 0x00, 0xa4, 0x00, 0xa1, 0x00, 0xc2, 0x00, 0xe5, 0x00, 0x49, 0x00,
    0xca, 0x00, 0x2b, 0x00, 0xaa, 0x00, 0x66, 0x00, 0x40, 0x00, 0x81, 0x00, 0x81, 0x00, 0x20, 0x00,
    0x00, 0x00, 0x00, 0x00, 0x20, 0x00, 0x84, 0x00, 0x87, 0x00, 0xc7, 0x00, 0xc7, 0x00, 0x69, 0x00,
    0x2b, 0x00, 0xe7, 0x00, 0x00, 0x00, 0x00, 0x00, 0x00, 0x00, 0x00, 0x00, 0x00, 0x00, 0x00, 0x00,
    0x00, 0x00, 0x00, 0x00, 0xc4, 0x00, 0x08, 0x00, 0xaa, 0x00, 0xea, 0x00, 0x69, 0x00, 0xc5, 0x00,
    0x20, 0x00, 0x00, 0x00, 0x00, 0x00, 0x00, 0x00, 0x00, 0x00, 0x00, 0x00, 0x00, 0x00, 0x00, 0x00,
    0x00, 0x00, 0x00, 0x00, 0x00, 0x00, 0x00, 0x00, 0x00, 0x00, 0x00, 0x00, 0x00, 0x00, 0xe3, 0x00,
    0x47, 0x00, 0x84, 0x00, 0x87, 0x00, 0x87, 0x00, 0xe9, 0x00, 0x88, 0x00, 0x67, 0x00, 0xa8, 0x00,
    0x87, 0x00, 0x67, 0x00, 0xa8, 0x00, 0x08, 0x00, 0x08, 0x00, 0xa7, 0x00, 0xa4, 0x00, 0xe8, 0x00,
    0x0b, 0x00, 0x2b, 0x00, 0xaa, 0x00, 0x08, 0x00, 0x81, 0x00, 0x00, 0x00, 0x00, 0x00, 0x00, 0x00,
    0x00, 0x00, 0x00, 0x00, 0x00, 0x00, 0x00, 0x00, 0x43, 0x00, 0xa7, 0x00, 0xe7, 0x00, 0x69, 0x00,
    0xea, 0x00, 0xca, 0x00, 0xc2, 0x00, 0x00, 0x00, 0x00, 0x00, 0x00, 0x00, 0x00, 0x00, 0x00, 0x00,
    0x00, 0x00, 0xe5, 0x00, 0xca, 0x00, 0xca, 0x00, 0xea, 0x00, 0xeb, 0x00, 0xc7, 0x00, 0x84, 0x00,
    0x81, 0x00, 0x00, 0x00, 0x00, 0x00, 0x00, 0x00, 0x00, 0x00, 0x00, 0x00, 0x00, 0x00, 0x00, 0x00,
    0x00, 0x00, 0x00, 0x00, 0x00, 0x00, 0x00, 0x00, 0x00, 0x00, 0x00, 0x00, 0x00, 0x00, 0x00, 0x00,
    0xe5, 0x00, 0x84, 0x00, 0xc5, 0x00, 0xa8, 0x00, 0xa8, 0x00, 0xe9, 0x00, 0x67, 0x00, 0x47, 0x00,
    0xa8, 0x00, 0x87, 0x00, 0xa7, 0x00, 0xa8, 0x00, 0xa7, 0x00, 0xa7, 0x00, 0x46, 0x00, 0x46, 0x00,
    0x49, 0x00, 0xca, 0x00, 0x2b, 0x00, 0xca, 0x00, 0x05, 0x00, 0x84, 0x00, 0x23, 0x00, 0xa1, 0x00,
    0x00, 0x00, 0x00, 0x00, 0x00, 0x00, 0x00, 0x00, 0x00, 0x00, 0xa2, 0x00, 0xc7, 0x00, 0x48, 0x00,
    0xca, 0x00, 0x0b, 0x00, 0xa7, 0x00, 0x20, 0x00, 0xe2, 0x00, 0x43, 0x00, 0x20, 0x00, 0x03, 0x00,
    0x08, 0x00, 0x0b, 0x00, 0x89, 0x00, 0x0b, 0x00, 0xea, 0x00, 0x49, 0x00, 0x87, 0x00, 0x64, 0x00,
    0x00, 0x00, 0x00, 0x00, 0x00, 0x00, 0x00, 0x00, 0x00, 0x00, 0x00, 0x00, 0x00, 0x00, 0x00, 0x00,
    0x00, 0x00, 0x00, 0x00, 0x00, 0x00, 0x00, 0x00, 0x00, 0x00, 0x00, 0x00, 0x00, 0x00, 0x00, 0x00,
    0x41, 0x00, 0x43, 0x00, 0x40, 0x00, 0x06, 0x00, 0xa8, 0x00, 0xa8, 0x00, 0xa8, 0x00, 0x67, 0x00,
    0x67, 0x00, 0x87, 0x00, 0x87, 0x00, 0x87, 0x00, 0xa8, 0x00, 0xa8, 0x00, 0xa8, 0x00, 0x26, 0x00,
    0x87, 0x00, 0x8a, 0x00, 0xca, 0x00, 0xea, 0x00, 0x87, 0x00, 0x66, 0x00, 0xe7, 0x00, 0xe5, 0x00,
    0x03, 0x00, 0xc2, 0x00, 0xe2, 0x00, 0x23, 0x00, 0x63, 0x00, 0x84, 0x00, 0xc5, 0x00, 0x49, 0x00,
    0xea, 0x00, 0xea, 0x00, 0xca, 0x00, 0x05, 0x00, 0x89, 0x00, 0x69, 0x00, 0x48, 0x00, 0x2b, 0x00,
    0x0a, 0x00, 0xa9, 0x00, 0x0b, 0x00, 0xaa, 0x00, 0x08, 0x00, 0xa7, 0x00, 0x03, 0x00, 0x00, 0x00,
    0x00, 0x00, 0x00, 0x00, 0x00, 0x00, 0x00, 0x00, 0x00, 0x00, 0x00, 0x00, 0x00, 0x00, 0x00, 0x00,
    0x00, 0x00, 0x00, 0x00, 0x00, 0x00, 0x00, 0x00, 0x00, 0x00, 0x00, 0x00, 0x00, 0x00, 0x00, 0x00,
    0x00, 0x00, 0x00, 0x00, 0x00, 0x00, 0x20, 0x00, 0xc5, 0x00, 0xa8, 0x00, 0xa8, 0x00, 0xa8, 0x00,
    0xa8, 0x00, 0xa8, 0x00, 0xa8, 0x00, 0x87, 0x00, 0x46, 0x00, 0x87, 0x00, 0xa7, 0x00, 0x67, 0x00,
    0x46, 0x00, 0x69, 0x00, 0xca, 0x00, 0x2b, 0x00, 0x49, 0x00, 0xe5, 0x00, 0xa7, 0x00, 0xc7, 0x00,
    0xc8, 0x00, 0x28, 0x00, 0x69, 0x00, 0x69, 0x00, 0x28, 0x00, 0x28, 0x00, 0x26, 0x00, 0x87, 0x00,
    0xca, 0x00, 0xa9, 0x00, 0xea, 0x00, 0x28, 0x00, 0xe7, 0x00, 0xea, 0x00, 0x0b, 0x00, 0xaa, 0x00,
    0x89, 0x00, 0x89, 0x00, 0x08, 0x00, 0x67, 0x00, 0xe5, 0x00, 0xa1, 0x00, 0x00, 0x00, 0x00, 0x00,
    0x00, 0x00, 0x00, 0x00, 0x00, 0x00, 0x00, 0x00, 0x00, 0x00, 0x00, 0x00, 0x00, 0x00, 0x00, 0x00,
    0x00, 0x00, 0x00, 0x00, 0x00, 0x00, 0x00, 0x00, 0x00, 0x00, 0x00, 0x00, 0x00, 0x00, 0x00, 0x00,
    0x00, 0x00, 0x00, 0x00, 0x00, 0x00, 0x00, 0x00, 0x00, 0x00, 0x03, 0x00, 0x06, 0x00, 0x47, 0x00,
    0xa8, 0x00, 0xc8, 0x00, 0xa8, 0x00, 0xc8, 0x00, 0x67, 0x00, 0x26, 0x00, 0x26, 0x00, 0x06, 0x00,
    0x06, 0x00, 0x69, 0x00, 0x49, 0x00, 0xaa, 0x00, 0xca, 0x00, 0x46, 0x00, 0xc5, 0x00, 0x66, 0x00,
    0x66, 0x00, 0x87, 0x00, 0x66, 0x00, 0x67, 0x00, 0x66, 0x00, 0x26, 0x00, 0xa7, 0x00, 0x05, 0x00,
    0x28, 0x00, 0xea, 0x00, 0x89, 0x00, 0xea, 0x00, 0x08, 0x00, 0x87, 0x00, 0xe8, 0x00, 0x08, 0x00,
    0xc7, 0x00, 0x87, 0x00, 0x46, 0x00, 0x84, 0x00, 0x20, 0x00, 0x00, 0x00, 0x00, 0x00, 0x00, 0x00,
    0x00, 0x00, 0x00, 0x00, 0x00, 0x00, 0x00, 0x00, 0x00, 0x00, 0x00, 0x00, 0x00, 0x00, 0x00, 0x00,
    0x00, 0x00, 0x00, 0x00, 0x00, 0x00, 0x00, 0x00, 0x00, 0x00, 0x00, 0x00, 0x00, 0x00, 0x00, 0x00,
    0x00, 0x00, 0x00, 0x00, 0x00, 0x00, 0x00, 0x00, 0x00, 0x00, 0x00, 0x00, 0x20, 0x00, 0xe2, 0x00,
    0xa5, 0x00, 0x67, 0x00, 0x87, 0x00, 0x67, 0x00, 0x87, 0x00, 0x67, 0x00, 0x47, 0x00, 0x46, 0x00,
    0xe5, 0x00, 0xa7, 0x00, 0x69, 0x00, 0xc7, 0x00, 0x08, 0x00, 0x28, 0x00, 0x66, 0x00, 0xe5, 0x00,
    0xe5, 0x00, 0x05, 0x00, 0x67, 0x00, 0xc8, 0x00, 0xa7, 0x00, 0x66, 0x00, 0x67, 0x00, 0x66, 0x00,
    0x25, 0x00, 0x69, 0x00, 0xea, 0x00, 0xea, 0x00, 0x49, 0x00, 0xc7, 0x00, 0x86, 0x00, 0x05, 0x00,
    0xa4, 0x00, 0xc2, 0x00, 0x81, 0x00, 0x20, 0x00, 0x00, 0x00, 0x00, 0x00, 0x00, 0x00, 0x00, 0x00,
    0x00, 0x00, 0x00, 0x00, 0x00, 0x00, 0x00, 0x00, 0x00, 0x00, 0x00, 0x00, 0x00, 0x00, 0x00, 0x00,
    0x00, 0x00, 0x00, 0x00, 0x00, 0x00, 0x00, 0x00, 0x00, 0x00, 0x00, 0x00, 0x00, 0x00, 0x00, 0x00,
    0x00, 0x00, 0x00, 0x00, 0x00, 0x00, 0x00, 0x00, 0x00, 0x00, 0x00, 0x00, 0x00, 0x00, 0x00, 0x00,
    0x00, 0x00, 0x81, 0x00, 0x23, 0x00, 0x84, 0x00, 0x06, 0x00, 0x26, 0x00, 0x06, 0x00, 0x06, 0x00,
    0xa5, 0x00, 0xc5, 0x00, 0xc7, 0x00, 0x28, 0x00, 0x66, 0x00, 0xa7, 0x00, 0x49, 0x00, 0xe8, 0x00,
    0x66, 0x00, 0x46, 0x00, 0x43, 0x00, 0x64, 0x00, 0x84, 0x00, 0x43, 0x00, 0x43, 0x00, 0xe2, 0x00,
    0xa1, 0x00, 0xc7, 0x00, 0xca, 0x00, 0xca, 0x00, 0xea, 0x00, 0x89, 0x00, 0x28, 0x00, 0x49, 0x00,
    0xe8, 0x00, 0xa4, 0x00, 0x00, 0x00, 0x00, 0x00, 0x00, 0x00, 0x00, 0x00, 0x00, 0x00, 0x00, 0x00,
    0x00, 0x00, 0x00, 0x00, 0x00, 0x00, 0x00, 0x00, 0x00, 0x00, 0x00, 0x00, 0x00, 0x00, 0x00, 0x00,
    0x00, 0x00, 0x00, 0x00, 0x00, 0x00, 0x00, 0x00, 0x00, 0x00, 0x00, 0x00, 0x00, 0x00, 0x00, 0x00,
    0x00, 0x00, 0x00, 0x00, 0x00, 0x00, 0x00, 0x00, 0x00, 0x00, 0x00, 0x00, 0x00, 0x00, 0x00, 0x00,
    0x00, 0x00, 0x00, 0x00, 0x00, 0x00, 0x00, 0x00, 0x00, 0x00, 0x20, 0x00, 0x20, 0x00, 0x40, 0x00,
    0x40, 0x00, 0xc2, 0x00, 0x87, 0x00, 0x87, 0x00, 0x49, 0x00, 0xe7, 0x00, 0xa7, 0x00, 0x28, 0x00,
    0x46, 0x00, 0xc7, 0x00, 0x05, 0x00, 0x00, 0x00, 0x00, 0x00, 0x00, 0x00, 0x00, 0x00, 0x00, 0x00,
    0x00, 0x00, 0xc2, 0x00, 0x87, 0x00, 0xe7, 0x00, 0x25, 0x00, 0x08, 0x00, 0x66, 0x00, 0xc5, 0x00,
    0xa4, 0x00, 0xe2, 0x00, 0x00, 0x00, 0x00, 0x00, 0x00, 0x00, 0x00, 0x00, 0x00, 0x00, 0x00, 0x00,
    0x00, 0x00, 0x00, 0x00, 0x00, 0x00, 0x00, 0x00, 0x00, 0x00, 0x00, 0x00, 0x00, 0x00, 0x00, 0x00,
    0x00, 0x00, 0x00, 0x00, 0x00, 0x00, 0x00, 0x00, 0x00, 0x00, 0x00, 0x00, 0x00, 0x00, 0x00, 0x00,
    0x00, 0x00, 0x00, 0x00, 0x00, 0x00, 0x00, 0x00, 0x00, 0x00, 0x00, 0x00, 0x00, 0x00, 0x00, 0x00,
    0x00, 0x00, 0x00, 0x00, 0x00, 0x00, 0x00, 0x00, 0x00, 0x00, 0x00, 0x00, 0x00, 0x00, 0x00, 0x00,
    0x00, 0x00, 0x00, 0x00, 0x43, 0x00, 0x66, 0x00, 0x26, 0x00, 0xc7, 0x00, 0x87, 0x00, 0xe5, 0x00,
    0xa7, 0x00, 0xc2, 0x00, 0x84, 0x00, 0x40, 0x00, 0x00, 0x00, 0x00, 0x00, 0x00, 0x00, 0x00, 0x00,
    0x00, 0x00, 0x00, 0x00, 0x00, 0x00, 0x20, 0x00, 0x00, 0x00, 0x20, 0x00, 0xe2, 0x00, 0x00, 0x00,
    0x00, 0x00, 0x00, 0x00, 0x00, 0x00, 0x00, 0x00, 0x00, 0x00, 0x00, 0x00, 0x00, 0x00, 0x00, 0x00,
    0x00, 0x00, 0x00, 0x00, 0x00, 0x00, 0x00, 0x00, 0x00, 0x00, 0x00, 0x00, 0x00, 0x00, 0x00, 0x00,
    0x00, 0x00, 0x00, 0x00, 0x00, 0x00, 0x00, 0x00, 0x00, 0x00, 0x00, 0x00, 0x00, 0x00, 0x00, 0x00,
    0x00, 0x00, 0x00, 0x00, 0x00, 0x00, 0x00, 0x00, 0x00, 0x00, 0x00, 0x00, 0x00, 0x00, 0x00, 0x00,
    0x00, 0x00, 0x00, 0x00, 0x00, 0x00, 0x00, 0x00, 0x00, 0x00, 0x00, 0x00, 0x00, 0x00, 0x00, 0x00,
    0x00, 0x00, 0x00, 0x00, 0x00, 0x00, 0x81, 0x00, 0x81, 0x00, 0x61, 0x00, 0xa4, 0x00, 0x00, 0x00,
    0x03, 0x00, 0x20, 0x00, 0x00, 0x00, 0x00, 0x00, 0x00, 0x00, 0x00, 0x00, 0x00, 0x00, 0x00, 0x00,
    0x00, 0x00, 0x00, 0x00, 0x00, 0x00, 0x00, 0x00, 0x00, 0x00, 0x00, 0x00, 0x00, 0x00, 0x00, 0x00,
    0x00, 0x00, 0x00, 0x00, 0x00, 0x00, 0x00, 0x00, 0x00, 0x00, 0x00, 0x00, 0x00, 0x00, 0x00, 0x00,
    0x00, 0x00, 0x00, 0x00, 0x00, 0x00, 0x00, 0x00, 0x00, 0x00, 0x00, 0x00, 0x00, 0x00, 0x00, 0x00,
    0x00, 0x00, 0x00, 0x00, 0x00, 0x00, 0x00, 0x00, 0x00, 0x00, 0x00, 0x00, 0x00, 0x00, 0x00, 0x00,
    0x00, 0x00, 0x00, 0x00, 0x00, 0x00, 0x00, 0x00, 0x00, 0x00, 0x00, 0x00, 0x00, 0x00, 0x00, 0x00,
    0x00, 0x00, 0x00, 0x00, 0x00, 0x00, 0x00, 0x00, 0x00, 0x00, 0x00, 0x00, 0x00, 0x00, 0x00, 0x00,
    0x00, 0x00, 0x00, 0x00, 0x00, 0x00, 0x00, 0x00, 0x00, 0x00, 0x00, 0x00, 0x00, 0x00, 0x00, 0x00,
    0x00, 0x00, 0x00, 0x00, 0x00, 0x00, 0x00, 0x00, 0x00, 0x00, 0x00, 0x00, 0x00, 0x00, 0x00, 0x00,
    0x00, 0x00, 0x00, 0x00, 0x00, 0x00, 0x00, 0x00, 0x00, 0x00, 0x00, 0x00, 0x00, 0x00, 0x00, 0x00,
    0x00, 0x00, 0x00, 0x00, 0x00, 0x00, 0x00, 0x00, 0x00, 0x00, 0x00, 0x00, 0x00, 0x00, 0x00, 0x00,
    0x00, 0x00, 0x00, 0x00, 0x00, 0x00, 0x00, 0x00, 0x00, 0x00, 0x00, 0x00, 0x00, 0x00, 0x00, 0x00,
    0x00, 0x00, 0x00, 0x00, 0x00, 0x00, 0x00, 0x00, 0x00, 0x00, 0x00, 0x00, 0x00, 0x00, 0x00, 0x00,
    0x00, 0x00, 0x00, 0x00, 0x00, 0x00, 0x00, 0x00, 0x00, 0x00, 0x00, 0x00, 0x01, 0xd9, 0x37, 0x00,
    0x00, 0x00, 0x00, 0x00, 0x00, 0x00, 0x00, 0x00, 0x00, 0x00, 0x00, 0x00, 0x00, 0x00, 0x00, 0x00,
    0x00, 0x00, 0x00, 0x00, 0x00, 0x00, 0x00, 0x00, 0x00, 0x00, 0x00, 0x00, 0x00, 0x00, 0x00, 0x00,
    0x00, 0x00, 0x00, 0x00, 0x00, 0x00, 0x00, 0x00, 0x00, 0x00, 0x00, 0x00, 0x00, 0x00, 0x00, 0x00,
    0x00, 0x00, 0x00, 0x00, 0x00, 0x00, 0x00, 0x00, 0x00, 0x00, 0x00, 0x00, 0x2f, 0xff, 0x0f, 0x00,
    0x00, 0x00, 0x00, 0x00, 0x00, 0x00, 0x00, 0x00, 0x00, 0x00, 0x00, 0x00, 0x00, 0x00, 0x00, 0x00,
    0x00, 0x00, 0x00, 0x00, 0x00, 0x00, 0x00, 0x00, 0x00, 0x00, 0x00, 0x00, 0x00, 0x00, 0x00, 0x00,
    0x00, 0x00, 0x00, 0x00, 0x00, 0x00, 0x00, 0x00, 0x00, 0x00, 0x00, 0x00, 0x00, 0x00, 0x5d, 0x02,
    0x00, 0x00, 0x00, 0x00, 0x00, 0x00, 0x00, 0x00, 0x00, 0x00, 0x00, 0x00, 0x7e, 0xfd, 0x08, 0x00,
    0x00, 0x00, 0x00, 0x00, 0x00, 0x00, 0x00, 0x00, 0x00, 0x00, 0x00, 0x00, 0x00, 0x00, 0x00, 0x00,
    0x00, 0x00, 0x00, 0x00, 0x00, 0x00, 0x00, 0x00, 0x00, 0x00, 0x00, 0x00, 0x00, 0x00, 0x00, 0x00,
    0x00, 0x00, 0x00, 0x00, 0x00, 0x00, 0x00, 0x00, 0x00, 0x00, 0x00, 0x00, 0x00, 0x10, 0xf1, 0x01,
    0x00, 0x00, 0x00, 0x02, 0x00, 0x00, 0x00, 0x00, 0x00, 0x00, 0x00, 0x00, 0x8f, 0xff, 0x12, 0x00,
    0x00, 0x00, 0x00, 0x00, 0x00, 0x00, 0x00, 0x00, 0x00, 0x00, 0x00, 0x00, 0x00, 0x00, 0x00, 0x00,
    0x00, 0x00, 0x00, 0x00, 0x00, 0x00, 0x00, 0x00, 0x00, 0x00, 0x00, 0x00, 0x00, 0x00, 0x00, 0x00,
    0x00, 0x00, 0x00, 0x00, 0x00, 0x00, 0x00, 0x00, 0x00, 0x00, 0x00, 0x00, 0x00, 0x26, 0xff, 0x09,
    0x00, 0x00, 0x0e, 0x71, 0x00, 0x00, 0x00, 0x00, 0x00, 0x00, 0x00, 0x00, 0x62, 0xfd, 0x4e, 0x00,
    0x00, 0x00, 0x00, 0x00, 0x00, 0x00, 0x00, 0x00, 0x00, 0x00, 0x00, 0x00, 0x00, 0x00, 0x00, 0x00,
    0x00, 0x00, 0x00, 0x00, 0x00, 0x00, 0x00, 0x00, 0x00, 0x00, 0x00, 0x00, 0x00, 0x00, 0x00, 0x00,
    0x00, 0x00, 0x00, 0x00, 0x00, 0x00, 0x00, 0x00, 0x00, 0x00, 0x00, 0x00, 0x00, 0x1a, 0xff, 0x62,
    0x00, 0x00, 0x4a, 0xca, 0x00, 0x00, 0x00, 0x00, 0x00, 0x00, 0x00, 0x00, 0x14, 0xff, 0xde, 0x02,
    0x00, 0x5e, 0x00, 0x00, 0x00, 0x00, 0x00, 0x00, 0x00, 0x00, 0x00, 0x00, 0x00, 0x00, 0x00, 0x00,
    0x00, 0x00, 0x00, 0x00, 0x00, 0x00, 0x00, 0x00, 0x00, 0x00, 0x00, 0x00, 0x00, 0x00, 0x00, 0x00,
    0x00, 0x00, 0x00, 0x00, 0x00, 0x00, 0x00, 0x00, 0x00, 0x00, 0x00, 0x00, 0x00, 0x03, 0xeb, 0xfd,
    0x31, 0x00, 0x38, 0xff, 0x04, 0x00, 0x00, 0x00, 0x00, 0x00, 0x04, 0x00, 0x00, 0x8c, 0xff, 0x78,
    0x0b, 0xda, 0x00, 0x00, 0x00, 0x00, 0x00, 0x00, 0x00, 0x00, 0x00, 0x00, 0x00, 0x00, 0x00, 0x00,
    0x00, 0x00, 0x00, 0x00, 0x00, 0x00, 0x00, 0x00, 0x00, 0x00, 0x00, 0x00, 0x00, 0x00, 0x00, 0x00,
    0x00, 0x00, 0x00, 0x00, 0x00, 0x00, 0x00, 0x00, 0x00, 0x00, 0x00, 0x00, 0x00, 0x00, 0x55, 0xff,
    0xff, 0x64, 0x34, 0xfb, 0x79, 0x00, 0x00, 0x00, 0x00, 0x00, 0x95, 0x0e, 0x00, 0x05, 0xde, 0xff,
    0x9e, 0xf7, 0x10, 0x00, 0x00, 0x00, 0x00, 0x00, 0x00, 0x00, 0x00, 0x00, 0x00, 0x00, 0x00, 0x00,
    0x00, 0x00, 0x00, 0x00, 0x00, 0x00, 0x00, 0x00, 0x00, 0x00, 0x00, 0x00, 0x00, 0x00, 0x00, 0x00,
    0x00, 0x00, 0x00, 0x00, 0x00, 0x00, 0x00, 0x00, 0x00, 0x00, 0x00, 0x00, 0x00, 0x00, 0x01, 0x9a,
    0xff, 0xff, 0xff, 0xf9, 0xff, 0x6b, 0x02, 0x00, 0x00, 0x00, 0x9e, 0xd5, 0x08, 0x01, 0x49, 0xf1,
    0xff, 0xff, 0x6f, 0x00, 0x00, 0x00, 0x00, 0x00, 0x00, 0x00, 0x00, 0x00, 0x00, 0x00, 0x00, 0x00,
    0x00, 0x00, 0x00, 0x00, 0x00, 0x00, 0x00, 0x00, 0x00, 0x00, 0x00, 0x00, 0x00, 0x00, 0x00, 0x00,
    0x00, 0x00, 0x00, 0x00, 0x00, 0x00, 0x00, 0x00, 0x00, 0x00, 0x00, 0x00, 0x00, 0x00, 0x00, 0x00,
    0x5b, 0xff, 0xff, 0xff, 0xfb, 0xff, 0xd7, 0x52, 0x14, 0x00, 0x43, 0xff, 0xd9, 0x7c, 0x88, 0x6d,
    0xf5, 0xf9, 0xfb, 0x10, 0x00, 0x18, 0x16, 0x00, 0x00, 0x00, 0x00, 0x00, 0x00, 0x00, 0x00, 0x00,
    0x00, 0x00, 0x00, 0x00, 0x00, 0x00, 0x00, 0x00, 0x00, 0x00, 0x00, 0x00, 0x00, 0x00, 0x00, 0x00,
    0x00, 0x00, 0x00, 0x00, 0x00, 0x00, 0x00, 0x00, 0x00, 0x00, 0x00, 0x00, 0x00, 0x00, 0x03, 0x23,
    0x00, 0x08, 0x80, 0xf5, 0xf7, 0xf7, 0xff, 0xff, 0xff, 0xc1, 0x8c, 0xfb, 0xff, 0xff, 0xff, 0xd7,
    0xf1, 0xfd, 0xff, 0xc3, 0x01, 0xaa, 0x59, 0x00, 0x00, 0x00, 0x00, 0x00, 0x00, 0x00, 0x00, 0x00,
    0x00, 0x00, 0x00, 0x00, 0x00, 0x00, 0x00, 0x00, 0x00, 0x00, 0x00, 0x00, 0x00, 0x00, 0x00, 0x00,
    0x00, 0x00, 0x00, 0x00, 0x00, 0x00, 0x00, 0x00, 0x00, 0x00, 0x00, 0x00, 0x00, 0x00, 0x00, 0xcf,
    0xbe, 0x7c, 0xcf, 0xff, 0xff, 0xff, 0xff, 0xff, 0xff, 0xff, 0xff, 0xff, 0xfd, 0xfb, 0xfb, 0xff,
    0xff, 0xff, 0xfb, 0xff, 0x82, 0xe8, 0x9e, 0x00, 0x00, 0x00, 0x00, 0x00, 0x00, 0x00, 0x00, 0x00,
    0x00, 0x00, 0x00, 0x00, 0x00, 0x00, 0x00, 0x00, 0x00, 0x00, 0x00, 0x00, 0x00, 0x00, 0x00, 0x00,
    0x00, 0x00, 0x00, 0x00, 0x00, 0x00, 0x00, 0x00, 0x00, 0x00, 0x00, 0x00, 0x00, 0x00, 0x00, 0x0b,
    0xbe, 0xff, 0xba, 0x4c, 0x13, 0x09, 0x0d, 0x4e, 0xe4, 0xf9, 0xf9, 0xff, 0xff, 0xff, 0xff, 0xfd,
    0xff, 0xff, 0xff, 0xfd, 0xff, 0xff, 0xf3, 0x07, 0x00, 0x00, 0x00, 0x00, 0x00, 0x00, 0x00, 0x00,
    0x00, 0x00, 0x00, 0x00, 0x00, 0x00, 0x00, 0x00, 0x00, 0x00, 0x00, 0x00, 0x00, 0x00, 0x00, 0x00,
    0x00, 0x00, 0x00, 0x00, 0x00, 0x00, 0x00, 0x00, 0x00, 0x00, 0x00, 0x00, 0x00, 0x00, 0x00, 0x00,
    0x00, 0x03, 0x00, 0x00, 0x00, 0x02, 0x23, 0x55, 0xd7, 0xfd, 0xfd, 0xff, 0xff, 0xff, 0xff, 0xff,
    0xff, 0xff, 0xff, 0xff, 0xfb, 0xf7, 0xff, 0x39, 0x02, 0x0b, 0x00, 0x00, 0x00, 0x00, 0x00, 0x00,
    0x00, 0x00, 0x00, 0x00, 0x00, 0x00, 0x00, 0x00, 0x00, 0x00, 0x00, 0x00, 0x00, 0x00, 0x00, 0x00,
    0x00, 0x00, 0x00, 0x00, 0x00, 0x00, 0x00, 0x00, 0x00, 0x00, 0x00, 0x00, 0x00, 0x00, 0x00, 0x00,
    0x00, 0x00, 0x8b, 0x15, 0x00, 0x04, 0xe4, 0xff, 0xff, 0xff, 0xff, 0xff, 0xff, 0xff, 0xff, 0xff,
    0xff, 0xff, 0xff, 0xff, 0xff, 0xfb, 0xff, 0x9d, 0x8b, 0x4d, 0x00, 0x00, 0x00, 0x00, 0x00, 0x00,
    0x00, 0x00, 0x00, 0x00, 0x00, 0x00, 0x00, 0x00, 0x00, 0x00, 0x00, 0x00, 0x00, 0x00, 0x00, 0x00,
    0x00, 0x00, 0x00, 0x00, 0x00, 0x00, 0x00, 0x00, 0x00, 0x00, 0x00, 0x00, 0x00, 0x00, 0x00, 0x00,
    0x00, 0x00, 0x7b, 0xff, 0x7e, 0x1e, 0x14, 0x82, 0xf5, 0xfd, 0xff, 0xff, 0xff, 0xff, 0xff, 0xff,
    0xff, 0xff, 0xff, 0xff, 0xff, 0xff, 0xff, 0xfb, 0xff, 0x6f, 0x00, 0x00, 0x00, 0x00, 0x00, 0x00,
    0x00, 0x00, 0x00, 0x00, 0x00, 0x00, 0x00, 0x00, 0x00, 0x00, 0x00, 0x00, 0x00, 0x00, 0x00, 0x00,
    0x00, 0x00, 0x00, 0x00, 0x00, 0x00, 0x00, 0x00, 0x00, 0x00, 0x00, 0x00, 0x00, 0x00, 0x00, 0x00,
    0x00, 0x00, 0x03, 0xda, 0xff, 0xff, 0xf3, 0xcf, 0xfb, 0xff, 0xff, 0xff, 0xff, 0xff, 0xff, 0xff,
    0xff, 0xff, 0xff, 0xff, 0xff, 0xff, 0xff, 0xfb, 0xfb, 0xba, 0x00, 0x00, 0x00, 0x00, 0x00, 0x00,
    0x00, 0x00, 0x00, 0x00, 0x00, 0x00, 0x00, 0x00, 0x00, 0x00, 0x00, 0x00, 0x00, 0x00, 0x00, 0x00,
    0x00, 0x00, 0x00, 0x00, 0x00, 0x00, 0x00, 0x00, 0x00, 0x00, 0x00, 0x00, 0x00, 0x00, 0x00, 0x00,
    0x00, 0x00, 0x00, 0x0e, 0xca, 0xf5, 0xff, 0xff, 0xff, 0xff, 0xff, 0xff, 0xff, 0xff, 0xff, 0xff,
    0xff, 0xff, 0xff, 0xff, 0xff, 0xff, 0xff, 0xfd, 0xff, 0xe9, 0x02, 0x00, 0x00, 0x00, 0x00, 0x00,
    0x00, 0x00, 0x00, 0x00, 0x00, 0x00, 0x00, 0x00, 0x03, 0x00, 0x00, 0x00, 0x00, 0x00, 0x00, 0x00,
    0x00, 0x00, 0x00, 0x00, 0x00, 0x00, 0x00, 0x00, 0x00, 0x00, 0x00, 0x00, 0x00, 0x00, 0x00, 0x00,
    0x00, 0x00, 0x00, 0x00, 0x32, 0xf9, 0xfb, 0xfd, 0xff, 0xff, 0xff, 0xff, 0xff, 0xff, 0xff, 0xff,
    0xff, 0xff, 0xff, 0xff, 0xff, 0xff, 0xff, 0xff, 0xfd, 0xfd, 0x06, 0x00, 0x00, 0x00, 0x00, 0x00,
    0x00, 0x00, 0x00, 0x00, 0x00, 0x00, 0x00, 0x00, 0x85, 0x04, 0x00, 0x00, 0x00, 0x00, 0x00, 0x00,
    0x00, 0x00, 0x00, 0x00, 0x00, 0x00, 0x00, 0x00, 0x00, 0x00, 0x00, 0x00, 0x00, 0x00, 0x00, 0x00,
    0x01, 0x20, 0x5d, 0xc7, 0xfb, 0xfd, 0xff, 0xff, 0xff, 0xff, 0xff, 0xff, 0xff, 0xff, 0xff, 0xff,
    0xff, 0xff, 0xff, 0xff, 0xff, 0xff, 0xff, 0xff, 0xf9, 0xff, 0x61, 0x00, 0x00, 0x00, 0x00, 0x00,
    0x00, 0x00, 0x00, 0x00, 0x00, 0x00, 0x00, 0x1c, 0xff, 0x12, 0x00, 0x00, 0x00, 0x00, 0x00, 0x00,
    0x00, 0x00, 0x00, 0x00, 0x00, 0x00, 0x00, 0x00, 0x00, 0x00, 0x00, 0x00, 0x00, 0x00, 0x00, 0x00,
    0x07, 0xf5, 0xff, 0xff, 0xff, 0xff, 0xff, 0xff, 0xff, 0xff, 0xff, 0xff, 0xff, 0xff, 0xff, 0xff,
    0xff, 0xff, 0xff, 0xff, 0xff, 0xff, 0xff, 0xff, 0xfd, 0xff, 0xff, 0x05, 0x00, 0x00, 0x00, 0x00,
    0x00, 0x00, 0x00, 0x00, 0x00, 0x00, 0x10, 0xe0, 0xfd, 0x2b, 0x00, 0x00, 0x00, 0x00, 0x00, 0x00,
    0x00, 0x00, 0x00, 0x00, 0x00, 0x00, 0x00, 0x00, 0x00, 0x00, 0x00, 0x00, 0x00, 0x00, 0x00, 0x00,
    0x00, 0x05, 0x42, 0xa2, 0xfd, 0xfd, 0xff, 0xff, 0xff, 0xff, 0xff, 0xff, 0xff, 0xff, 0xff, 0xff,
    0xff, 0xff, 0xff, 0xff, 0xff, 0xff, 0xff, 0xff, 0xff, 0xf9, 0xfd, 0x16, 0x00, 0x00, 0x00, 0x00,
    0x00, 0x00, 0x00, 0x00, 0x00, 0x32, 0xf3, 0xfb, 0xff, 0x3c, 0x00, 0x00, 0x00, 0x00, 0x00, 0x00,
    0x00, 0x00, 0x00, 0x00, 0x00, 0x00, 0x00, 0x00, 0x00, 0x00, 0x00, 0x00, 0x00, 0x00, 0x00, 0x00,
    0x00, 0x00, 0x13, 0xb2, 0xfb, 0xfd, 0xff, 0xff, 0xff, 0xff, 0xff, 0xff, 0xff, 0xff, 0xff, 0xff,
    0xff, 0xff, 0xff, 0xff, 0xff, 0xff, 0xff, 0xff, 0xff, 0xf9, 0xff, 0x15, 0x00, 0x00, 0x00, 0x00,
    0x00, 0x00, 0x00, 0x01, 0x77, 0xff, 0xff, 0xf3, 0xfd, 0x2f, 0x00, 0x00, 0x00, 0x00, 0x00, 0x00,
    0x00, 0x00, 0x00, 0x00, 0x00, 0x00, 0x00, 0x00, 0x00, 0x00, 0x00, 0x00, 0x00, 0x00, 0x00, 0x00,
    0x00, 0x45, 0xff, 0xff, 0xfd, 0xff, 0xff, 0xff, 0xff, 0xff, 0xff, 0xff, 0xff, 0xff, 0xff, 0xff,
    0xff, 0xff, 0xff, 0xff, 0xff, 0xff, 0xff, 0xff, 0xff, 0xf7, 0xff, 0x31, 0x00, 0x00, 0x00, 0x00,
    0x00, 0x00, 0x01, 0xa5, 0xff, 0xf7, 0xfd, 0xfb, 0xff, 0x12, 0x00, 0x00, 0x00, 0x00, 0x00, 0x00,
    0x00, 0x00, 0x00, 0x00, 0x00, 0x00, 0x00, 0x00, 0x00, 0x00, 0x00, 0x00, 0x00, 0x00, 0x00, 0x00,
    0x01, 0x71, 0x67, 0xc0, 0xff, 0xfd, 0xff, 0xff, 0xff, 0xff, 0xff, 0xff, 0xff, 0xff, 0xff, 0xff,
    0xff, 0xff, 0xff, 0xff, 0xff, 0xff, 0xff, 0xff, 0xff, 0xf9, 0xff, 0x8e, 0x00, 0x00, 0x00, 0x00,
    0x00, 0x00, 0x7f, 0xff, 0xf3, 0xff, 0xfb, 0xfb, 0xde, 0x01, 0x00, 0x00, 0x00, 0x00, 0x00, 0x00,
    0x00, 0x00, 0x00, 0x00, 0x00, 0x00, 0x00, 0x00, 0x00, 0x00, 0x00, 0x00, 0x00, 0x00, 0x00, 0x00,
    0x00, 0x00, 0x00, 0xd7, 0xff, 0xfd, 0xff, 0xff, 0xff, 0xff, 0xff, 0xff, 0xff, 0xff, 0xff, 0xff,
    0xff, 0xff, 0xff, 0xff, 0xff, 0xff, 0xff, 0xff, 0xff, 0xfb, 0xff, 0xc0, 0x00, 0x00, 0x00, 0x02,
    0x13, 0x12, 0xff, 0xf5, 0xff, 0xff, 0xf5, 0xff, 0x47, 0x00, 0x00, 0x00, 0x00, 0x00, 0x00, 0x00,
    0x00, 0x00, 0x00, 0x00, 0x00, 0x00, 0x00, 0x00, 0x00, 0x00, 0x00, 0x00, 0x00, 0x00, 0x00, 0x00,
    0x00, 0x00, 0x1a, 0xff, 0xf7, 0xff, 0xff, 0xff, 0xff, 0xff, 0xff, 0xff, 0xff, 0xff, 0xff, 0xff,
    0xff, 0xff, 0xff, 0xff, 0xff, 0xff, 0xff, 0xff, 0xff, 0xff, 0xfd, 0xf5, 0x0a, 0x00, 0x00, 0x1c,
    0x7c, 0x62, 0xfd, 0xf7, 0xff, 0xf9, 0xff, 0xa6, 0x00, 0x00, 0x00, 0x00, 0x00, 0x00, 0x00, 0x00,
    0x00, 0x00, 0x00, 0x00, 0x00, 0x00, 0x00, 0x00, 0x00, 0x00, 0x00, 0x00, 0x00, 0x00, 0x00, 0x00,
    0x00, 0x00, 0x26, 0xfb, 0xff, 0xf9, 0xff, 0xff, 0xff, 0xff, 0xff, 0xff, 0xff, 0xff, 0xff, 0xff,
    0xff, 0xff, 0xff, 0xff, 0xff, 0xff, 0xff, 0xff, 0xff, 0xff, 0xf7, 0xff, 0x37, 0x00, 0x00, 0x32,
    0xe6, 0xcf, 0xff, 0xfd, 0xfb, 0xff, 0xa8, 0x03, 0x00, 0x00, 0x00, 0x00, 0x00, 0x00, 0x00, 0x00,
    0x00, 0x00, 0x00, 0x00, 0x00, 0x00, 0x00, 0x00, 0x00, 0x00, 0x08, 0x14, 0x17, 0x0c, 0x6b, 0x26,
    0x00, 0x00, 0x0d, 0xff, 0x56, 0xc5, 0xff, 0xfd, 0xff, 0xff, 0xff, 0xff, 0xff, 0xff, 0xff, 0xff,
    0xff, 0xff, 0xff, 0xff, 0xff, 0xff, 0xff, 0xff, 0xff, 0xff, 0xf5, 0xff, 0x39, 0x00, 0x00, 0x2a,
    0xff, 0xfb, 0xff, 0xfb, 0xf7, 0xa6, 0x09, 0x00, 0x00, 0x00, 0x00, 0x00, 0x00, 0x00, 0x00, 0x00,
    0x00, 0x00, 0x00, 0x00, 0x00, 0x00, 0x00, 0x00, 0x34, 0xbc, 0xff, 0xff, 0xff, 0xf9, 0xff, 0xff,
    0xad, 0x14, 0x00, 0x3a, 0x01, 0xc1, 0xfb, 0xfd, 0xff, 0xff, 0xff, 0xff, 0xff, 0xff, 0xff, 0xff,
    0xff, 0xff, 0xff, 0xff, 0xf9, 0xfb, 0xff, 0xff, 0xff, 0xf9, 0xfb, 0xff, 0x08, 0x00, 0x00, 0x08,
    0xfd, 0xfb, 0xff, 0xff, 0xff, 0xfb, 0x70, 0x00, 0x00, 0x00, 0x00, 0x00, 0x00, 0x00, 0x00, 0x00,
    0x00, 0x00, 0x00, 0x00, 0x00, 0x00, 0x00, 0x06, 0x8c, 0xd7, 0xf9, 0xf9, 0xf9, 0xff, 0xfd, 0xf7,
    0xff, 0xff, 0x54, 0x36, 0x00, 0x4d, 0xff, 0xf3, 0xfd, 0xff, 0xff, 0xff, 0xff, 0xff, 0xff, 0xff,
    0xff, 0xff, 0xff, 0xff, 0xff, 0xff, 0xfb, 0xf9, 0xfb, 0xff, 0xff, 0x2a, 0x00, 0x00, 0x00, 0x00,
    0x7f, 0xff, 0xf9, 0xfb, 0x82, 0x24, 0x00, 0x00, 0x00, 0x00, 0x00, 0x00, 0x00, 0x00, 0x00, 0x00,
    0x00, 0x00, 0x00, 0x00, 0x00, 0x00, 0x00, 0x00, 0x00, 0x40, 0xe2, 0xfb, 0xfd, 0xfd, 0xff, 0xff,
    0xfb, 0xfd, 0xff, 0xff, 0x6c, 0x02, 0x82, 0x56, 0xff, 0xf9, 0xfd, 0xff, 0xff, 0xff, 0xff, 0xff,
    0xff, 0xff, 0xfd, 0xe9, 0x6f, 0xc5, 0xff, 0xff, 0xff, 0xb7, 0x1a, 0x00, 0x00, 0x00, 0x00, 0x00,
    0x05, 0xe4, 0xf7, 0x14, 0x00, 0x00, 0x00, 0x00, 0x00, 0x00, 0x00, 0x00, 0x00, 0x00, 0x00, 0x00,
    0x00, 0x00, 0x00, 0x00, 0x00, 0x00, 0x00, 0x24, 0xcf, 0xff, 0xff, 0xff, 0xff, 0xff, 0xff, 0xff,
    0xff, 0xff, 0xf9, 0xf3, 0xff, 0x45, 0x00, 0x01, 0xe6, 0xfd, 0xff, 0xff, 0xff, 0xff, 0xff, 0xff,
    0xff, 0xff, 0xfb, 0xfd, 0x78, 0x01, 0x13, 0x23, 0x0f, 0x00, 0x00, 0x00, 0x00, 0x00, 0x00, 0x00,
    0x00, 0x8e, 0xed, 0x00, 0x00, 0x00, 0x00, 0x00, 0x00, 0x00, 0x00, 0x00, 0x00, 0x00, 0x00, 0x00,
    0x00, 0x00, 0x00, 0x00, 0x00, 0x00, 0x4e, 0xff, 0xff, 0xfb, 0xff, 0xff, 0xff, 0xff, 0xff, 0xff,
    0xff, 0xff, 0xff, 0xfd, 0xf7, 0xff, 0x26, 0x02, 0x36, 0xff, 0xaa, 0xff, 0xfb, 0xff, 0xff, 0xff,
    0xff, 0xff, 0xff, 0xfb, 0xff, 0x6d, 0x00, 0x00, 0x00, 0x00, 0x00, 0x00, 0x00, 0x00, 0x00, 0x00,
    0x00, 0x62, 0xfd, 0x06, 0x00, 0x00, 0x00, 0x00, 0x00, 0x00, 0x00, 0x00, 0x00, 0x00, 0x00, 0x00,
    0x00, 0x00, 0x00, 0x00, 0x00, 0x03, 0x6b, 0x52, 0xe8, 0xfd, 0xff, 0xff, 0xff, 0xff, 0xff, 0xff,
    0xff, 0xff, 0xff, 0xff, 0xfd, 0xfd, 0xf7, 0xc8, 0x0e, 0x1c, 0x19, 0xff, 0xf9, 0xff, 0xff, 0xff,
    0xff, 0xff, 0xff, 0xff, 0xf5, 0xff, 0x4a, 0x00, 0x00, 0x00, 0x00, 0x00, 0x00, 0x00, 0x00, 0x0c,
    0x18, 0x11, 0xff, 0x3c, 0x00, 0x00, 0x06, 0x00, 0x00, 0x00, 0x00, 0x00, 0x00, 0x00, 0x00, 0x00,
    0x00, 0x00, 0x00, 0x00, 0x00, 0x00, 0x04, 0xa2, 0xfd, 0xfb, 0xff, 0xff, 0xff, 0xff, 0xff, 0xff,
    0xff, 0xff, 0xff, 0xff, 0xff, 0xff, 0xfb, 0xff, 0xb9, 0x00, 0x0f, 0xff, 0xfb, 0xff, 0xff, 0xff,
    0xff, 0xff, 0xff, 0xff, 0xfd, 0xf7, 0xff, 0x10, 0x00, 0x00, 0x00, 0x00, 0x00, 0x00, 0x00, 0x06,
    0xe8, 0x0f, 0xa5, 0xe0, 0x02, 0x00, 0x78, 0x20, 0x00, 0x00, 0x00, 0x00, 0x00, 0x00, 0x00, 0x00,
    0x00, 0x00, 0x00, 0x00, 0x00, 0x0d, 0xdc, 0xff, 0xfd, 0xff, 0xff, 0xff, 0xff, 0xff, 0xff, 0xff,
    0xff, 0xff, 0xff, 0xff, 0xff, 0xff, 0xff, 0xfb, 0xff, 0xca, 0xb5, 0xff, 0xfd, 0xff, 0xff, 0xff,
    0xff, 0xff, 0xff, 0xff, 0xff, 0xf9, 0xff, 0xa8, 0x00, 0x00, 0x00, 0x00, 0x00, 0x00, 0x00, 0x00,
    0xb4, 0xe2, 0x88, 0xff, 0x91, 0x00, 0x56, 0xe4, 0x01, 0x00, 0x00, 0x00, 0x00, 0x00, 0x00, 0x00,
    0x00, 0x00, 0x00, 0x00, 0x00, 0x30, 0xff, 0xf7, 0xff, 0xff, 0xff, 0xff, 0xff, 0xff, 0xff, 0xff,
    0xff, 0xff, 0xff, 0xff, 0xff, 0xff, 0xff, 0xff, 0xfd, 0xff, 0xff, 0xff, 0xff, 0xff, 0xff, 0xff,
    0xff, 0xff, 0xff, 0xff, 0xff, 0xff, 0xf9, 0xff, 0x1e, 0x00, 0x00, 0x00, 0x00, 0x00, 0x00, 0x00,
    0x11, 0xff, 0xff, 0xf5, 0xff, 0x6c, 0x35, 0xff, 0x44, 0x00, 0x00, 0x00, 0x00, 0x00, 0x00, 0x00,
    0x00, 0x00, 0x00, 0x00, 0x00, 0x51, 0xfd, 0xf9, 0xff, 0xff, 0xff, 0xff, 0xff, 0xff, 0xff, 0xff,
    0xff, 0xff, 0xff, 0xff, 0xff, 0xff, 0xff, 0xff, 0xff, 0xfb, 0xfb, 0xff, 0xff, 0xff, 0xff, 0xff,
    0xff, 0xff, 0xff, 0xff, 0xff, 0xff, 0xf9, 0xfd, 0x97, 0x00, 0x00, 0x00, 0x00, 0x00, 0x00, 0x00,
    0x00, 0x1f, 0xe0, 0xff, 0xf9, 0xff, 0xd9, 0xfd, 0xcc, 0x00, 0x00, 0x00, 0x00, 0x00, 0x00, 0x00,
    0x00, 0x00, 0x00, 0x00, 0x04, 0xf5, 0xff, 0xfd, 0xff, 0xff, 0xff, 0xff, 0xff, 0xfd, 0xf9, 0xfb,
    0xfb, 0xff, 0xff, 0xff, 0xff, 0xff, 0xff, 0xff, 0xff, 0xff, 0xff, 0xff, 0xff, 0xff, 0xff, 0xff,
    0xff, 0xff, 0xff, 0xff, 0xff, 0xff, 0xfd, 0xff, 0xf3, 0x03, 0x00, 0x00, 0x00, 0x00, 0x00, 0x00,
    0x00, 0x00, 0x0a, 0xaf, 0xf9, 0xf9, 0xff, 0xfb, 0xff, 0x0f, 0x00, 0x00, 0x00, 0x00, 0x00, 0x00,
    0x00, 0x00, 0x00, 0x00, 0x36, 0xff, 0xf7, 0xff, 0xff, 0xff, 0xff, 0xff, 0xff, 0xff, 0xff, 0xff,
    0xff, 0xfd, 0xff, 0xff, 0xff, 0xff, 0xff, 0xff, 0xff, 0xff, 0xff, 0xff, 0xff, 0xff, 0xff, 0xff,
    0xff, 0xff, 0xff, 0xff, 0xff, 0xff, 0xff, 0xf9, 0xff, 0x17, 0x00, 0x00, 0x00, 0x00, 0x00, 0x00,
    0x00, 0x00, 0x02, 0x9e, 0xff, 0xf9, 0xfd, 0xf7, 0xfd, 0x2d, 0x00, 0x00, 0x00, 0x00, 0x00, 0x00,
    0x00, 0x00, 0x00, 0x00, 0x9e, 0xfd, 0xf9, 0xff, 0xff, 0xff, 0xff, 0xfd, 0xfd, 0xf5, 0x2f, 0x10,
    0x8c, 0xff, 0xfb, 0xff, 0xff, 0xff, 0xff, 0xff, 0xff, 0xff, 0xff, 0xff, 0xff, 0xff, 0xff, 0xff,
    0xff, 0xff, 0xff, 0xff, 0xff, 0xff, 0xff, 0xf7, 0xff, 0x2d, 0x00, 0x00, 0x00, 0x00, 0x00, 0x00,
    0x00, 0x00, 0x00, 0x01, 0x97, 0xff, 0xfb, 0xf7, 0xff, 0x40, 0x00, 0x00, 0x00, 0x00, 0x00, 0x00,
    0x00, 0x00, 0x00, 0x04, 0xf3, 0xff, 0xfd, 0xff, 0xff, 0xff, 0xff, 0xf7, 0xff, 0x50, 0x00, 0x00,
    0x00, 0xb5, 0xfb, 0xfb, 0xff, 0xff, 0xff, 0xff, 0xff, 0xff, 0xff, 0xff, 0xff, 0xff, 0xff, 0xff,
    0xff, 0xff, 0xff, 0xff, 0xff, 0xff, 0xff, 0xf7, 0xff, 0x2a, 0x00, 0x00, 0x00, 0x00, 0x00, 0x00,
    0x00, 0x00, 0x00, 0x00, 0x02, 0xd1, 0xfd, 0xf3, 0xff, 0x42, 0x00, 0x00, 0x00, 0x00, 0x00, 0x00,
    0x00, 0x00, 0x00, 0x12, 0xfd, 0xfd, 0xff, 0xff, 0xff, 0xff, 0xff, 0xfb, 0xff, 0x11, 0x00, 0x00,
    0x00, 0x23, 0xff, 0xf7, 0xff, 0xff, 0xff, 0xff, 0xff, 0xff, 0xff, 0xff, 0xff, 0xff, 0xff, 0xff,
    0xff, 0xff, 0xff, 0xff, 0xff, 0xff, 0xff, 0xfb, 0xff, 0x12, 0x00, 0x00, 0x00, 0x00, 0x00, 0x00,
    0x00, 0x00, 0x00, 0x00, 0x00, 0x35, 0xff, 0xef, 0xff, 0x2d, 0x00, 0x00, 0x00, 0x00, 0x00, 0x00,
    0x00, 0x00, 0x00, 0x1b, 0xff, 0xef, 0xff, 0xff, 0xff, 0xff, 0xff, 0xf9, 0xff, 0x20, 0x00, 0x00,
    0x00, 0x00, 0xc7, 0xff, 0xf9, 0xff, 0xff, 0xff, 0xff, 0xff, 0xff, 0xff, 0xff, 0xff, 0xff, 0xff,
    0xff, 0xff, 0xff, 0xff, 0xff, 0xff, 0xfd, 0xff, 0xe6, 0x02, 0x00, 0x00, 0x00, 0x00, 0x00, 0x00,
    0x00, 0x00, 0x00, 0x00, 0x00, 0x07, 0xfd, 0xf9, 0xfd, 0x4b, 0x10, 0x00, 0x00, 0x00, 0x00, 0x00,
    0x00, 0x00, 0x00, 0x18, 0x83, 0x6c, 0xff, 0xf9, 0xff, 0xff, 0xff, 0xf9, 0xff, 0x95, 0x00, 0x00,
    0x00, 0x00, 0x16, 0xff, 0xff, 0xfd, 0xff, 0xff, 0xff, 0xff, 0xff, 0xff, 0xff, 0xff, 0xff, 0xff,
    0xff, 0xff, 0xff, 0xff, 0xff, 0xff, 0xf7, 0xff, 0x71, 0x00, 0x00, 0x00, 0x00, 0x00, 0x00, 0x00,
    0x00, 0x00, 0x00, 0x00, 0x00, 0x00, 0xca, 0xff, 0xf3, 0xfd, 0x43, 0x00, 0x00, 0x00, 0x00, 0x00,
    0x00, 0x00, 0x00, 0x01, 0x01, 0x4c, 0xff, 0xf7, 0xff, 0xff, 0xff, 0xff, 0xfb, 0xff, 0x46, 0x00,
    0x00, 0x00, 0x00, 0x1f, 0xef, 0xfb, 0xff, 0xff, 0xff, 0xff, 0xff, 0xff, 0xff, 0xff, 0xff, 0xff,
    0xff, 0xff, 0xff, 0xff, 0xff, 0xfd, 0xfd, 0xf1, 0x09, 0x00, 0x00, 0x00, 0x00, 0x00, 0x00, 0x00,
    0x00, 0x00, 0x00, 0x00, 0x00, 0x00, 0x92, 0xff, 0xf1, 0xff, 0x2d, 0x00, 0x00, 0x00, 0x00, 0x00,
    0x00, 0x00, 0x00, 0x00, 0x00, 0x2f, 0xff, 0xf7, 0xff, 0xff, 0xff, 0xff, 0xfd, 0xf9, 0xe2, 0x11,
    0x00, 0x00, 0x07, 0x22, 0x78, 0xff, 0xfb, 0xff, 0xff, 0xff, 0xff, 0xff, 0xff, 0xff, 0xff, 0xff,
    0xff, 0xff, 0xff, 0xff, 0xff, 0xf7, 0xff, 0x59, 0x00, 0x00, 0x00, 0x00, 0x00, 0x00, 0x00, 0x00,
    0x00, 0x00, 0x00, 0x00, 0x00, 0x1c, 0xe8, 0xf9, 0xf9, 0xff, 0x1a, 0x00, 0x00, 0x00, 0x00, 0x00,
    0x00, 0x00, 0x00, 0x00, 0x00, 0x12, 0xff, 0xfb, 0xff, 0xff, 0xff, 0xff, 0xfd, 0xfd, 0xd3, 0x05,
    0x00, 0x00, 0x03, 0xf7, 0xfd, 0xfb, 0xff, 0xff, 0xff, 0xff, 0xff, 0xff, 0xff, 0xff, 0xff, 0xff,
    0xff, 0xff, 0xff, 0xff, 0xff, 0xfb, 0xff, 0x9e, 0x00, 0x00, 0x00, 0x00, 0x00, 0x00, 0x00, 0x00,
    0x00, 0x00, 0x00, 0x00, 0x00, 0x55, 0xff, 0xf5, 0xff, 0xf3, 0x04, 0x00, 0x00, 0x00, 0x00, 0x00,
    0x00, 0x00, 0x00, 0x00, 0x00, 0x02, 0xeb, 0xff, 0xfd, 0xff, 0xff, 0xff, 0xff, 0xfb, 0xff, 0xaa,
    0x02, 0x00, 0x00, 0x2e, 0xff, 0xf7, 0xff, 0xff, 0xff, 0xff, 0xff, 0xff, 0xff, 0xff, 0xff, 0xff,
    0xfb, 0xf7, 0xfd, 0xff, 0xff, 0xff, 0xf9, 0xff, 0x27, 0x00, 0x00, 0x00, 0x00, 0x00, 0x00, 0x00,
    0x00, 0x00, 0x00, 0x00, 0x00, 0xab, 0xff, 0xf3, 0xfd, 0x85, 0x00, 0x00, 0x00, 0x00, 0x00, 0x00,
    0x00, 0x00, 0x00, 0x00, 0x00, 0x00, 0x98, 0xfd, 0xf9, 0xff, 0xff, 0xff, 0xff, 0xff, 0xfb, 0xff,
    0xc7, 0x23, 0x00, 0x01, 0xf1, 0xff, 0xfd, 0xff, 0xff, 0xff, 0xff, 0xff, 0xfb, 0xf7, 0xf9, 0xff,
    0xff, 0xff, 0xff, 0xfb, 0xff, 0xff, 0xfb, 0xfd, 0xd1, 0x01, 0x00, 0x00, 0x00, 0x00, 0x00, 0x00,
    0x00, 0x00, 0x00, 0x00, 0x10, 0xff, 0xfb, 0xf9, 0xff, 0x13, 0x00, 0x00, 0x00, 0x00, 0x00, 0x00,
    0x00, 0x00, 0x00, 0x00, 0x00, 0x00, 0x39, 0xff, 0xf7, 0xff, 0xff, 0xff, 0xff, 0xff, 0xff, 0xfb,
    0xff, 0xff, 0x20, 0x00, 0x37, 0xf1, 0xfb, 0xff, 0xff, 0xff, 0xff, 0xff, 0xff, 0xff, 0xff, 0xff,
    0xb9, 0x6b, 0xe6, 0xff, 0xf9, 0xff, 0xff, 0xf7, 0xff, 0x3d, 0x00, 0x00, 0x00, 0x00, 0x00, 0x00,
    0x00, 0x00, 0x00, 0x42, 0xa3, 0xff, 0xf3, 0xff, 0x80, 0x00, 0x00, 0x00, 0x00, 0x00, 0x00, 0x00,
    0x00, 0x00, 0x00, 0x00, 0x00, 0x00, 0x05, 0xf3, 0xfb, 0xfd, 0xfd, 0xff, 0xff, 0xff, 0xff, 0xff,
    0xfb, 0xf9, 0xff, 0x79, 0x1c, 0x8b, 0xff, 0xfb, 0xff, 0xff, 0xfd, 0xfd, 0x2d, 0x28, 0x21, 0x09,
    0x00, 0x00, 0x0a, 0xbc, 0xff, 0xf7, 0xff, 0xfb, 0xfd, 0xd7, 0x01, 0x00, 0x00, 0x00, 0x00, 0x00,
    0x00, 0x00, 0x67, 0xff, 0xff, 0xfd, 0xfd, 0xce, 0x05, 0x00, 0x00, 0x00, 0x00, 0x00, 0x00, 0x00,
    0x00, 0x00, 0x00, 0x00, 0x00, 0x00, 0x00, 0x5d, 0xff, 0xf7, 0xff, 0xfd, 0xff, 0xff, 0xff, 0xff,
    0xff, 0xff, 0xff, 0xff, 0xff, 0xff, 0xff, 0xff, 0xff, 0xff, 0xf9, 0xff, 0x31, 0x00, 0x00, 0x00,
    0x00, 0x00, 0x00, 0x02, 0x95, 0xff, 0xfb, 0xff, 0xf7, 0xff, 0x36, 0x00, 0x00, 0x00, 0x00, 0x00,
    0x02, 0x7b, 0xff, 0xf9, 0xfd, 0xfd, 0xf7, 0xe8, 0x17, 0x00, 0x00, 0x00, 0x00, 0x00, 0x00, 0x00,
    0x00, 0x00, 0x00, 0x00, 0x00, 0x00, 0x00, 0x02, 0xd1, 0xff, 0xfd, 0xff, 0xfb, 0xff, 0xff, 0xff,
    0xff, 0xff, 0xff, 0xf9, 0xf9, 0xff, 0xff, 0xff, 0xff, 0xff, 0xff, 0xfd, 0xff, 0xc8, 0x7f, 0x3e,
    0x00, 0x00, 0x00, 0x00, 0x00, 0x68, 0xfd, 0xf9, 0xfb, 0xfd, 0xc5, 0x07, 0x22, 0x58, 0x0c, 0x3d,
    0xd5, 0xff, 0xf9, 0xff, 0xfd, 0xf5, 0xff, 0x66, 0x00, 0x00, 0x00, 0x00, 0x00, 0x00, 0x00, 0x00,
    0x00, 0x00, 0x00, 0x00, 0x00, 0x00, 0x00, 0x00, 0x10, 0xb2, 0x1d, 0xeb, 0xff, 0xf7, 0xff, 0xff,
    0xff, 0xff, 0xff, 0xff, 0xff, 0xff, 0xff, 0xff, 0xff, 0xff, 0xff, 0xff, 0xfd, 0xff, 0xff, 0xe0,
    0x54, 0x37, 0x31, 0x3d, 0x55, 0x8f, 0xff, 0xfd, 0xff, 0xff, 0xff, 0xfb, 0xff, 0xff, 0xf3, 0xff,
    0xff, 0xf9, 0xff, 0xfd, 0xff, 0xff, 0x63, 0x00, 0x00, 0x00, 0x00, 0x00, 0x00, 0x00, 0x00, 0x00,
    0x00, 0x00, 0x00, 0x00, 0x00, 0x00, 0x00, 0x00, 0x00, 0x03, 0x00, 0x0c, 0xbc, 0xff, 0xff, 0xf7,
    0xfd, 0xff, 0xff, 0xff, 0xff, 0xff, 0xff, 0xff, 0xff, 0xff, 0xff, 0xff, 0xff, 0xfb, 0xf9, 0xff,
    0xff, 0xff, 0xff, 0xff, 0xff, 0xff, 0xff, 0xff, 0xff, 0xff, 0xfd, 0xff, 0xf9, 0xfb, 0xff, 0xf7,
    0xfd, 0xf9, 0xf5, 0xfd, 0xe4, 0x33, 0x00, 0x00, 0x00, 0x00, 0x00, 0x00, 0x00, 0x00, 0x00, 0x00,
    0x00, 0x00, 0x00, 0x00, 0x00, 0x00, 0x00, 0x00, 0x00, 0x00, 0x00, 0x00, 0x01, 0x56, 0xf5, 0xff,
    0xff, 0xf9, 0xf7, 0xf9, 0xfd, 0xfd, 0xff, 0xff, 0xff, 0xff, 0xff, 0xff, 0xff, 0xff, 0xff, 0xfd,
    0xf7, 0xf7, 0xf5, 0xf3, 0xf3, 0xf7, 0xf9, 0xf7, 0xf9, 0xff, 0xff, 0xfd, 0xff, 0xff, 0xfd, 0xff,
    0xff, 0xff, 0xff, 0xef, 0x0e, 0x00, 0x00, 0x00, 0x00, 0x00, 0x00, 0x00, 0x00, 0x00, 0x00, 0x00,
    0x00, 0x00, 0x00, 0x00, 0x00, 0x00, 0x00, 0x00, 0x00, 0x00, 0x00, 0x00, 0x00, 0x00, 0x08, 0x55,
    0xcf, 0xff, 0xff, 0xff, 0xff, 0xff, 0xfb, 0xf9, 0xf9, 0xfb, 0xff, 0xff, 0xff, 0xff, 0xff, 0xff,
    0xff, 0xff, 0xff, 0xff, 0xff, 0xff, 0xff, 0xff, 0xff, 0xfb, 0xfb, 0xfd, 0xfd, 0xfd, 0xfd, 0xf9,
    0xf9, 0x68, 0x28, 0x08, 0x00, 0x00, 0x00, 0x00, 0x00, 0x00, 0x00, 0x00, 0x00, 0x00, 0x00, 0x00,
    0x00, 0x00, 0x00, 0x00, 0x00, 0x00, 0x00, 0x00, 0x00, 0x00, 0x00, 0x00, 0x00, 0x00, 0x00, 0x00,
    0x01, 0x1b, 0x57, 0x9e, 0xd9, 0xfd, 0xff, 0xff, 0xff, 0xff, 0xfb, 0xff, 0xff, 0xff, 0xff, 0xff,
    0xfd, 0xf9, 0xc8, 0xb5, 0xc8, 0xb7, 0x97, 0x62, 0x66, 0xff, 0xff, 0xff, 0xff, 0xff, 0xff, 0xff,
    0xff, 0x92, 0x00, 0x00, 0x00, 0x00, 0x00, 0x00, 0x00, 0x00, 0x00, 0x00, 0x00, 0x00, 0x00, 0x00,
    0x00, 0x00, 0x00, 0x00, 0x00, 0x00, 0x00, 0x00, 0x00, 0x00, 0x00, 0x00, 0x00, 0x00, 0x00, 0x00,
    0x00, 0x00, 0x00, 0x00, 0x01, 0x06, 0x0f, 0x16, 0x18, 0x5d, 0xff, 0xf5, 0xf7, 0xf9, 0xfb, 0xfd,
    0xf3, 0xff, 0xbe, 0x00, 0x00, 0x00, 0x00, 0x00, 0x00, 0x32, 0xc3, 0xeb, 0xd3, 0xfb, 0xfd, 0xb9,
    0xa2, 0x4f, 0x01, 0x00, 0x00, 0x00, 0x00, 0x00, 0x00, 0x00, 0x00, 0x00, 0x00, 0x00, 0x00, 0x00,
    0x00, 0x00, 0x00, 0x00, 0x00, 0x00, 0x00, 0x00, 0x00, 0x00, 0x00, 0x00, 0x00, 0x00, 0x00, 0x00,
    0x00, 0x00, 0x00, 0x00, 0x00, 0x00, 0x00, 0x00, 0x00, 0x00, 0x8b, 0xff, 0xff, 0xff, 0xff, 0xff,
    0xff, 0x6d, 0x8f, 0x05, 0x00, 0x00, 0x00, 0x00, 0x00, 0x00, 0x00, 0x03, 0x01, 0x0f, 0x3c, 0x00,
    0x02, 0x00, 0x00, 0x00, 0x00, 0x00, 0x00, 0x00, 0x00, 0x00, 0x00, 0x00, 0x00, 0x00, 0x00, 0x00,
    0x00, 0x00, 0x00, 0x00, 0x00, 0x00, 0x00, 0x00, 0x00, 0x00, 0x00, 0x00, 0x00, 0x00, 0x00, 0x00,
    0x00, 0x00, 0x00, 0x00, 0x00, 0x00, 0x00, 0x00, 0x00, 0x00, 0x00, 0x1d, 0x28, 0x27, 0x9d, 0x0f,
    0x52, 0x03, 0x00, 0x00, 0x00, 0x00, 0x00, 0x00, 0x00, 0x00, 0x00, 0x00, 0x00, 0x00, 0x00, 0x00,
    0x00, 0x00, 0x00, 0x00, 0x00, 0x00, 0x00, 0x00, 0x00, 0x00, 0x00, 0x00, 0x00, 0x00, 0x00, 0x00,
    0x00, 0x00, 0x00, 0x00, 0x00, 0x00, 0x00, 0x00, 0x00, 0x00, 0x00, 0x00, 0x00, 0x00, 0x00, 0x00,
    0x00, 0x00, 0x00, 0x00, 0x00, 0x00, 0x00, 0x00, 0x00, 0x00, 0x00, 0x00, 0x00, 0x00, 0x00, 0x00,
    0x00, 0x00, 0x00, 0x00, 0x00, 0x00, 0x00, 0x00, 0x00, 0x00, 0x00, 0x00, 0x00, 0x00, 0x00, 0x00,
    0x00, 0x00, 0x00, 0x00, 0x00, 0x00, 0x00, 0x00, 0x00, 0x00, 0x00, 0x00, 0x00, 0x00, 0x00, 0x00,
};

const lv_image_dsc_t happy_frame_7_dsc = {
    .header.w = 64,
    .header.h = 64,
    .header.cf = LV_COLOR_FORMAT_RGB565A8,
    .data_size = 12288,
    .data = happy_frame_7_data,
};

/* Frame 8: frame_008.png */
static const uint8_t happy_frame_8_data[] = {
    0x00, 0x00, 0x00, 0x00, 0x00, 0x00, 0x00, 0x00, 0x00, 0x00, 0x00, 0x00, 0x00, 0x00, 0x00, 0x00,
    0x00, 0x00, 0x00, 0x00, 0x00, 0x00, 0x00, 0x00, 0x00, 0x00, 0x00, 0x00, 0x00, 0x00, 0x00, 0x00,
    0x00, 0x00, 0xe2, 0x00, 0x25, 0x00, 0x20, 0x00, 0x00, 0x00, 0x00, 0x00, 0x00, 0x00, 0x00, 0x00,
    0x00, 0x00, 0x00, 0x00, 0x00, 0x00, 0x00, 0x00, 0x00, 0x00, 0x00, 0x00, 0x00, 0x00, 0x00, 0x00,
    0x00, 0x00, 0x00, 0x00, 0x00, 0x00, 0x00, 0x00, 0x00, 0x00, 0x61, 0x00, 0x66, 0x00, 0xc2, 0x00,
    0x00, 0x00, 0x00, 0x00, 0x00, 0x00, 0x00, 0x00, 0x00, 0x00, 0x00, 0x00, 0x00, 0x00, 0x00, 0x00,
    0x00, 0x00, 0x00, 0x00, 0x00, 0x00, 0x00, 0x00, 0x00, 0x00, 0x00, 0x00, 0x00, 0x00, 0x00, 0x00,
    0x00, 0x00, 0x00, 0x00, 0x00, 0x00, 0x00, 0x00, 0x00, 0x00, 0x00, 0x00, 0x00, 0x00, 0x00, 0x00,
    0x00, 0x00, 0x00, 0x00, 0x00, 0x00, 0x00, 0x00, 0x00, 0x00, 0x00, 0x00, 0x00, 0x00, 0x00, 0x00,
    0x00, 0x00, 0x00, 0x00, 0x00, 0x00, 0x00, 0x00, 0x00, 0x00, 0x00, 0x00, 0x00, 0x00, 0x00, 0x00,
    0x00, 0x00, 0x43, 0x00, 0x86, 0x00, 0x20, 0x00, 0x00, 0x00, 0x00, 0x00, 0x00, 0x00, 0x00, 0x00,
    0x00, 0x00, 0x00, 0x00, 0x00, 0x00, 0x00, 0x00, 0x00, 0x00, 0x00, 0x00, 0x00, 0x00, 0x00, 0x00,
    0x00, 0x00, 0x00, 0x00, 0x20, 0x00, 0x00, 0x00, 0x00, 0x00, 0x00, 0x00, 0x46, 0x00, 0x43, 0x00,
    0x00, 0x00, 0x00, 0x00, 0x00, 0x00, 0x00, 0x00, 0x00, 0x00, 0x00, 0x00, 0x00, 0x00, 0x00, 0x00,
    0x00, 0x00, 0x00, 0x00, 0x00, 0x00, 0x00, 0x00, 0x00, 0x00, 0x00, 0x00, 0x00, 0x00, 0x00, 0x00,
    0x00, 0x00, 0x00, 0x00, 0x00, 0x00, 0x00, 0x00, 0x00, 0x00, 0x00, 0x00, 0x00, 0x00, 0x00, 0x00,
    0x00, 0x00, 0x00, 0x00, 0x00, 0x00, 0x00, 0x00, 0x00, 0x00, 0x00, 0x00, 0x00, 0x00, 0x00, 0x00,
    0x00, 0x00, 0x00, 0x00, 0x00, 0x00, 0x00, 0x00, 0x00, 0x00, 0x00, 0x00, 0x00, 0x00, 0x00, 0x00,
    0x00, 0x00, 0x23, 0x00, 0x07, 0x00, 0x81, 0x00, 0x00, 0x00, 0xa1, 0x00, 0x63, 0x00, 0x00, 0x00,
    0x00, 0x00, 0x00, 0x00, 0x00, 0x00, 0x00, 0x00, 0x00, 0x00, 0x00, 0x00, 0x00, 0x00, 0x00, 0x00,
    0x00, 0x00, 0x00, 0x00, 0x23, 0x00, 0x43, 0x00, 0x00, 0x00, 0x20, 0x00, 0x46, 0x00, 0x63, 0x00,
    0x00, 0x00, 0x00, 0x00, 0x00, 0x00, 0x00, 0x00, 0x00, 0x00, 0x00, 0x00, 0x00, 0x00, 0x00, 0x00,
    0x00, 0x00, 0x00, 0x00, 0x00, 0x00, 0x00, 0x00, 0x00, 0x00, 0x00, 0x00, 0x00, 0x00, 0x00, 0x00,
    0x00, 0x00, 0x00, 0x00, 0x00, 0x00, 0x00, 0x00, 0x00, 0x00, 0x00, 0x00, 0x00, 0x00, 0x00, 0x00,
    0x00, 0x00, 0x00, 0x00, 0x00, 0x00, 0x00, 0x00, 0x00, 0x00, 0x00, 0x00, 0x00, 0x00, 0x00, 0x00,
    0x00, 0x00, 0x00, 0x00, 0x00, 0x00, 0x00, 0x00, 0x00, 0x00, 0x00, 0x00, 0x00, 0x00, 0x00, 0x00,
    0x00, 0x00, 0xc2, 0x00, 0x07, 0x00, 0x04, 0x00, 0x00, 0x00, 0xc4, 0x00, 0x83, 0x00, 0x00, 0x00,
    0x00, 0x00, 0x00, 0x00, 0x00, 0x00, 0x00, 0x00, 0x00, 0x00, 0x00, 0x00, 0x00, 0x00, 0x00, 0x00,
    0x00, 0x00, 0x00, 0x00, 0x61, 0x00, 0xe7, 0x00, 0xa1, 0x00, 0x00, 0x00, 0x66, 0x00, 0x43, 0x00,
    0x00, 0x00, 0x00, 0x00, 0x00, 0x00, 0x00, 0x00, 0x00, 0x00, 0x00, 0x00, 0x00, 0x00, 0x00, 0x00,
    0x00, 0x00, 0x00, 0x00, 0x00, 0x00, 0x00, 0x00, 0x00, 0x00, 0x00, 0x00, 0x00, 0x00, 0x00, 0x00,
    0x00, 0x00, 0x00, 0x00, 0x00, 0x00, 0x00, 0x00, 0x00, 0x00, 0x00, 0x00, 0x00, 0x00, 0x00, 0x00,
    0x00, 0x00, 0x00, 0x00, 0x00, 0x00, 0x00, 0x00, 0x00, 0x00, 0x00, 0x00, 0x00, 0x00, 0x00, 0x00,
    0x00, 0x00, 0x00, 0x00, 0x00, 0x00, 0x00, 0x00, 0x00, 0x00, 0x00, 0x00, 0x00, 0x00, 0x00, 0x00,
    0x00, 0x00, 0x40, 0x00, 0x25, 0x00, 0x88, 0x00, 0x02, 0x00, 0xc4, 0x00, 0x22, 0x00, 0x00, 0x00,
    0x00, 0x00, 0x40, 0x00, 0x00, 0x00, 0x00, 0x00, 0x00, 0x00, 0x00, 0x00, 0x22, 0x00, 0x85, 0x00,
    0x00, 0x00, 0x00, 0x00, 0x00, 0x00, 0xe4, 0x00, 0x28, 0x00, 0x63, 0x00, 0x66, 0x00, 0x02, 0x00,
    0x00, 0x00, 0xa1, 0x00, 0x02, 0x00, 0x00, 0x00, 0x00, 0x00, 0x00, 0x00, 0x00, 0x00, 0x00, 0x00,
    0x00, 0x00, 0x00, 0x00, 0x00, 0x00, 0x00, 0x00, 0x00, 0x00, 0x00, 0x00, 0x00, 0x00, 0x00, 0x00,
    0x00, 0x00, 0x00, 0x00, 0x00, 0x00, 0x00, 0x00, 0x00, 0x00, 0x00, 0x00, 0x00, 0x00, 0x00, 0x00,
    0x00, 0x00, 0x00, 0x00, 0x00, 0x00, 0x00, 0x00, 0x00, 0x00, 0x00, 0x00, 0x00, 0x00, 0x00, 0x00,
    0x00, 0x00, 0x00, 0x00, 0x00, 0x00, 0x00, 0x00, 0x00, 0x00, 0x00, 0x00, 0x40, 0x00, 0x00, 0x00,
    0x00, 0x00, 0x00, 0x00, 0xe2, 0x00, 0x86, 0x00, 0x07, 0x00, 0x65, 0x00, 0x83, 0x00, 0x00, 0x00,
    0xa1, 0x00, 0x65, 0x00, 0x00, 0x00, 0x00, 0x00, 0x20, 0x00, 0x00, 0x00, 0x04, 0x00, 0x2b, 0x00,
    0x44, 0x00, 0x00, 0x00, 0x00, 0x00, 0x40, 0x00, 0x46, 0x00, 0x25, 0x00, 0x86, 0x00, 0x02, 0x00,
    0x60, 0x00, 0xe7, 0x00, 0x43, 0x00, 0x00, 0x00, 0x00, 0x00, 0x00, 0x00, 0x00, 0x00, 0x00, 0x00,
    0x00, 0x00, 0x00, 0x00, 0x00, 0x00, 0x00, 0x00, 0x00, 0x00, 0x00, 0x00, 0x00, 0x00, 0x00, 0x00,
    0x00, 0x00, 0x00, 0x00, 0x00, 0x00, 0x00, 0x00, 0x00, 0x00, 0x00, 0x00, 0x00, 0x00, 0x00, 0x00,
    0x00, 0x00, 0x00, 0x00, 0x00, 0x00, 0x00, 0x00, 0x00, 0x00, 0x00, 0x00, 0x00, 0x00, 0x00, 0x00,
    0x00, 0x00, 0x00, 0x00, 0x00, 0x00, 0x00, 0x00, 0x00, 0x00, 0x00, 0x00, 0x81, 0x00, 0xa6, 0x00,
    0x43, 0x00, 0x02, 0x00, 0xc4, 0x00, 0x45, 0x00, 0xc6, 0x00, 0xe6, 0x00, 0xa6, 0x00, 0x20, 0x00,
    0x23, 0x00, 0x27, 0x00, 0x00, 0x00, 0x00, 0x00, 0x00, 0x00, 0x00, 0x00, 0x86, 0x00, 0x6a, 0x00,
    0x4b, 0x00, 0x24, 0x00, 0x00, 0x00, 0x00, 0x00, 0x81, 0x00, 0xa4, 0x00, 0x46, 0x00, 0x25, 0x00,
    0x86, 0x00, 0xa6, 0x00, 0x20, 0x00, 0x00, 0x00, 0x00, 0x00, 0x00, 0x00, 0x00, 0x00, 0x00, 0x00,
    0x00, 0x00, 0x00, 0x00, 0x00, 0x00, 0x00, 0x00, 0x00, 0x00, 0x00, 0x00, 0x00, 0x00, 0x00, 0x00,
    0x00, 0x00, 0x00, 0x00, 0x00, 0x00, 0x00, 0x00, 0x00, 0x00, 0x00, 0x00, 0x00, 0x00, 0x00, 0x00,
    0x00, 0x00, 0x00, 0x00, 0x00, 0x00, 0x00, 0x00, 0x00, 0x00, 0x00, 0x00, 0x00, 0x00, 0x00, 0x00,
    0x00, 0x00, 0x00, 0x00, 0x00, 0x00, 0x00, 0x00, 0x00, 0x00, 0x00, 0x00, 0x00, 0x00, 0xa4, 0x00,
    0x88, 0x00, 0x27, 0x00, 0x86, 0x00, 0x45, 0x00, 0x45, 0x00, 0x65, 0x00, 0xe6, 0x00, 0x25, 0x00,
    0x63, 0x00, 0xa9, 0x00, 0x60, 0x00, 0xc4, 0x00, 0x42, 0x00, 0x00, 0x00, 0xe4, 0x00, 0x2a, 0x00,
    0x49, 0x00, 0x49, 0x00, 0x02, 0x00, 0x04, 0x00, 0x00, 0x00, 0xe2, 0x00, 0x46, 0x00, 0x08, 0x00,
    0xa6, 0x00, 0x81, 0x00, 0x00, 0x00, 0x00, 0x00, 0x00, 0x00, 0x00, 0x00, 0x00, 0x00, 0x00, 0x00,
    0x00, 0x00, 0x00, 0x00, 0x00, 0x00, 0x00, 0x00, 0x00, 0x00, 0x00, 0x00, 0x00, 0x00, 0x00, 0x00,
    0x00, 0x00, 0x00, 0x00, 0x00, 0x00, 0x00, 0x00, 0x00, 0x00, 0x00, 0x00, 0x00, 0x00, 0x00, 0x00,
    0x00, 0x00, 0x00, 0x00, 0x00, 0x00, 0x00, 0x00, 0x00, 0x00, 0x00, 0x00, 0x00, 0x00, 0x00, 0x00,
    0x00, 0x00, 0x00, 0x00, 0x00, 0x00, 0x00, 0x00, 0x00, 0x00, 0x00, 0x00, 0x00, 0x00, 0x00, 0x00,
    0x63, 0x00, 0xe5, 0x00, 0x23, 0x00, 0xa1, 0x00, 0xe2, 0x00, 0xa4, 0x00, 0x05, 0x00, 0x45, 0x00,
    0xa4, 0x00, 0x48, 0x00, 0xa6, 0x00, 0x65, 0x00, 0x8a, 0x00, 0xa5, 0x00, 0xa4, 0x00, 0xe9, 0x00,
    0x4a, 0x00, 0x09, 0x00, 0x65, 0x00, 0xa8, 0x00, 0x81, 0x00, 0x41, 0x00, 0x88, 0x00, 0x29, 0x00,
    0x02, 0x00, 0x00, 0x00, 0x00, 0x00, 0x00, 0x00, 0x00, 0x00, 0x00, 0x00, 0x00, 0x00, 0x00, 0x00,
    0x00, 0x00, 0x00, 0x00, 0x00, 0x00, 0x00, 0x00, 0x00, 0x00, 0x00, 0x00, 0x00, 0x00, 0x00, 0x00,
    0x00, 0x00, 0x00, 0x00, 0x00, 0x00, 0x00, 0x00, 0x00, 0x00, 0x00, 0x00, 0x00, 0x00, 0x00, 0x00,
    0x00, 0x00, 0x00, 0x00, 0x00, 0x00, 0x00, 0x00, 0x00, 0x00, 0x00, 0x00, 0x00, 0x00, 0x00, 0x00,
    0x00, 0x00, 0x00, 0x00, 0x00, 0x00, 0x00, 0x00, 0x00, 0x00, 0x00, 0x00, 0x00, 0x00, 0x00, 0x00,
    0x00, 0x00, 0x20, 0x00, 0x00, 0x00, 0x00, 0x00, 0x00, 0x00, 0x61, 0x00, 0x63, 0x00, 0xc4, 0x00,
    0x83, 0x00, 0x25, 0x00, 0xa8, 0x00, 0xc6, 0x00, 0xc6, 0x00, 0xe8, 0x00, 0xe6, 0x00, 0x69, 0x00,
    0x4a, 0x00, 0xe9, 0x00, 0x07, 0x00, 0xc8, 0x00, 0x02, 0x00, 0xc4, 0x00, 0x09, 0x00, 0x47, 0x00,
    0x40, 0x00, 0x00, 0x00, 0x00, 0x00, 0x00, 0x00, 0x00, 0x00, 0x00, 0x00, 0x00, 0x00, 0x00, 0x00,
    0x00, 0x00, 0x00, 0x00, 0x00, 0x00, 0x00, 0x00, 0x00, 0x00, 0x00, 0x00, 0x00, 0x00, 0x00, 0x00,
    0x00, 0x00, 0x00, 0x00, 0x00, 0x00, 0x00, 0x00, 0x00, 0x00, 0x00, 0x00, 0x00, 0x00, 0x00, 0x00,
    0x00, 0x00, 0x00, 0x00, 0x00, 0x00, 0x00, 0x00, 0x00, 0x00, 0x00, 0x00, 0x00, 0x00, 0x00, 0x00,
    0x00, 0x00, 0x00, 0x00, 0x00, 0x00, 0x00, 0x00, 0x00, 0x00, 0x00, 0x00, 0x00, 0x00, 0x00, 0x00,
    0x00, 0x00, 0x00, 0x00, 0xc1, 0x00, 0xa3, 0x00, 0xc1, 0x00, 0x20, 0x00, 0x00, 0x00, 0x02, 0x00,
    0x23, 0x00, 0xa4, 0x00, 0xa8, 0x00, 0x28, 0x00, 0x45, 0x00, 0xc6, 0x00, 0x66, 0x00, 0xe7, 0x00,
    0xea, 0x00, 0x88, 0x00, 0x4c, 0x00, 0xa8, 0x00, 0x05, 0x00, 0x07, 0x00, 0xeb, 0x00, 0xa6, 0x00,
    0x00, 0x00, 0x00, 0x00, 0x20, 0x00, 0x00, 0x00, 0x00, 0x00, 0x00, 0x00, 0x00, 0x00, 0x00, 0x00,
    0x00, 0x00, 0x00, 0x00, 0x00, 0x00, 0x00, 0x00, 0x00, 0x00, 0x00, 0x00, 0x00, 0x00, 0x00, 0x00,
    0x00, 0x00, 0x00, 0x00, 0x00, 0x00, 0x00, 0x00, 0x00, 0x00, 0x00, 0x00, 0x00, 0x00, 0x00, 0x00,
    0x00, 0x00, 0x00, 0x00, 0x00, 0x00, 0x00, 0x00, 0x00, 0x00, 0x00, 0x00, 0x00, 0x00, 0x00, 0x00,
    0x00, 0x00, 0x00, 0x00, 0x00, 0x00, 0x00, 0x00, 0x00, 0x00, 0x00, 0x00, 0x00, 0x00, 0x00, 0x00,
    0x00, 0x00, 0x00, 0x00, 0x81, 0x00, 0x47, 0x00, 0xa8, 0x00, 0x08, 0x00, 0xa7, 0x00, 0xc4, 0x00,
    0xe2, 0x00, 0x22, 0x00, 0xc6, 0x00, 0x2b, 0x00, 0x89, 0x00, 0x27, 0x00, 0x86, 0x00, 0x46, 0x00,
    0x89, 0x00, 0xa9, 0x00, 0xad, 0x00, 0x09, 0x00, 0x05, 0x00, 0x09, 0x00, 0x6c, 0x00, 0xe6, 0x00,
    0x20, 0x00, 0x06, 0x00, 0xa3, 0x00, 0x00, 0x00, 0x00, 0x00, 0x00, 0x00, 0x00, 0x00, 0x00, 0x00,
    0x00, 0x00, 0x00, 0x00, 0x00, 0x00, 0x00, 0x00, 0x00, 0x00, 0x00, 0x00, 0x00, 0x00, 0x00, 0x00,
    0x00, 0x00, 0x00, 0x00, 0x00, 0x00, 0x00, 0x00, 0x00, 0x00, 0x00, 0x00, 0x00, 0x00, 0x00, 0x00,
    0x00, 0x00, 0x00, 0x00, 0x00, 0x00, 0x00, 0x00, 0x00, 0x00, 0x00, 0x00, 0x00, 0x00, 0x00, 0x00,
    0x00, 0x00, 0x00, 0x00, 0x00, 0x00, 0x00, 0x00, 0x00, 0x00, 0x00, 0x00, 0x00, 0x00, 0x20, 0x00,
    0x40, 0x00, 0x00, 0x00, 0x00, 0x00, 0x00, 0x00, 0x63, 0x00, 0xe5, 0x00, 0x09, 0x00, 0xcb, 0x00,
    0xc6, 0x00, 0x02, 0x00, 0x84, 0x00, 0xc9, 0x00, 0x0b, 0x00, 0x8a, 0x00, 0x68, 0x00, 0xa6, 0x00,
    0xe7, 0x00, 0x88, 0x00, 0xad, 0x00, 0x8a, 0x00, 0x66, 0x00, 0x0c, 0x00, 0xaa, 0x00, 0x85, 0x00,
    0xa8, 0x00, 0x4b, 0x00, 0xe1, 0x00, 0x00, 0x00, 0x00, 0x00, 0x00, 0x00, 0x00, 0x00, 0x00, 0x00,
    0x00, 0x00, 0x00, 0x00, 0x00, 0x00, 0x00, 0x00, 0x00, 0x00, 0x00, 0x00, 0x00, 0x00, 0x00, 0x00,
    0x00, 0x00, 0x00, 0x00, 0x00, 0x00, 0x00, 0x00, 0x00, 0x00, 0x00, 0x00, 0x00, 0x00, 0x00, 0x00,
    0x00, 0x00, 0x00, 0x00, 0x00, 0x00, 0x00, 0x00, 0x00, 0x00, 0x00, 0x00, 0x00, 0x00, 0x00, 0x00,
    0x00, 0x00, 0x00, 0x00, 0x00, 0x00, 0x00, 0x00, 0x00, 0x00, 0x00, 0x00, 0x00, 0x00, 0x20, 0x00,
    0xc7, 0x00, 0xc6, 0x00, 0x45, 0x00, 0xa3, 0x00, 0xa3, 0x00, 0x05, 0x00, 0x84, 0x00, 0x48, 0x00,
    0x4a, 0x00, 0x27, 0x00, 0x25, 0x00, 0xe7, 0x00, 0xe9, 0x00, 0x4a, 0x00, 0x4a, 0x00, 0x47, 0x00,
    0x6a, 0x00, 0xe9, 0x00, 0x2c, 0x00, 0x6a, 0x00, 0xc9, 0x00, 0xeb, 0x00, 0xc8, 0x00, 0x67, 0x00,
    0x0b, 0x00, 0xe8, 0x00, 0x20, 0x00, 0x00, 0x00, 0x00, 0x00, 0x00, 0x00, 0x00, 0x00, 0x00, 0x00,
    0x00, 0x00, 0x00, 0x00, 0x00, 0x00, 0x00, 0x00, 0x00, 0x00, 0x00, 0x00, 0x00, 0x00, 0x00, 0x00,
    0x00, 0x00, 0x00, 0x00, 0x00, 0x00, 0x00, 0x00, 0x00, 0x00, 0x00, 0x00, 0x00, 0x00, 0x00, 0x00,
    0x00, 0x00, 0x00, 0x00, 0x00, 0x00, 0x00, 0x00, 0x00, 0x00, 0x00, 0x00, 0x00, 0x00, 0x00, 0x00,
    0x00, 0x00, 0x00, 0x00, 0x00, 0x00, 0x00, 0x00, 0x00, 0x00, 0x00, 0x00, 0x00, 0x00, 0x00, 0x00,
    0x02, 0x00, 0x69, 0x00, 0x68, 0x00, 0x2a, 0x00, 0x0c, 0x00, 0x0b, 0x00, 0xc9, 0x00, 0xc7, 0x00,
    0x28, 0x00, 0x89, 0x00, 0xea, 0x00, 0xab, 0x00, 0x6d, 0x00, 0x0e, 0x00, 0x8c, 0x00, 0xcb, 0x00,
    0xad, 0x00, 0x0b, 0x00, 0x4a, 0x00, 0x4a, 0x00, 0x6d, 0x00, 0xc9, 0x00, 0xee, 0x00, 0x2e, 0x00,
    0xab, 0x00, 0x65, 0x00, 0x00, 0x00, 0x00, 0x00, 0x00, 0x00, 0x00, 0x00, 0x00, 0x00, 0x00, 0x00,
    0x00, 0x00, 0x00, 0x00, 0x00, 0x00, 0x00, 0x00, 0x00, 0x00, 0x00, 0x00, 0x00, 0x00, 0x00, 0x00,
    0x00, 0x00, 0x00, 0x00, 0x00, 0x00, 0x00, 0x00, 0x00, 0x00, 0x00, 0x00, 0x00, 0x00, 0x00, 0x00,
    0x00, 0x00, 0x00, 0x00, 0x00, 0x00, 0x00, 0x00, 0x00, 0x00, 0x00, 0x00, 0x00, 0x00, 0x00, 0x00,
    0x00, 0x00, 0x00, 0x00, 0x00, 0x00, 0x00, 0x00, 0x00, 0x00, 0x00, 0x00, 0x00, 0x00, 0x00, 0x00,
    0x00, 0x00, 0xa4, 0x00, 0x87, 0x00, 0xc5, 0x00, 0x66, 0x00, 0x09, 0x00, 0x4a, 0x00, 0x68, 0x00,
    0xa7, 0x00, 0x28, 0x00, 0x0a, 0x00, 0x2a, 0x00, 0x4a, 0x00, 0xec, 0x00, 0xad, 0x00, 0x4a, 0x00,
    0x4c, 0x00, 0x4f, 0x00, 0xcb, 0x00, 0xcb, 0x00, 0x6d, 0x00, 0xeb, 0x00, 0x6d, 0x00, 0x2c, 0x00,
    0xab, 0x00, 0xe4, 0x00, 0xa6, 0x00, 0x20, 0x00, 0x00, 0x00, 0x00, 0x00, 0x00, 0x00, 0x00, 0x00,
    0x00, 0x00, 0x00, 0x00, 0x00, 0x00, 0x00, 0x00, 0x00, 0x00, 0x00, 0x00, 0x00, 0x00, 0x00, 0x00,
    0x00, 0x00, 0x00, 0x00, 0x00, 0x00, 0x00, 0x00, 0x00, 0x00, 0x00, 0x00, 0x00, 0x00, 0x00, 0x00,
    0x00, 0x00, 0x00, 0x00, 0x00, 0x00, 0x00, 0x00, 0x00, 0x00, 0x00, 0x00, 0x00, 0x00, 0x00, 0x00,
    0x00, 0x00, 0x00, 0x00, 0x00, 0x00, 0x00, 0x00, 0x00, 0x00, 0x00, 0x00, 0x00, 0x00, 0x00, 0x00,
    0x00, 0x00, 0x00, 0x00, 0xa4, 0x00, 0x46, 0x00, 0x64, 0x00, 0x43, 0x00, 0xc7, 0x00, 0x68, 0x00,
    0xc7, 0x00, 0xe8, 0x00, 0x69, 0x00, 0xc7, 0x00, 0x05, 0x00, 0xe5, 0x00, 0x2a, 0x00, 0xcb, 0x00,
    0xab, 0x00, 0x2f, 0x00, 0xee, 0x00, 0x6d, 0x00, 0x8d, 0x00, 0xec, 0x00, 0xc6, 0x00, 0xc4, 0x00,
    0x68, 0x00, 0x09, 0x00, 0xc8, 0x00, 0x00, 0x00, 0x00, 0x00, 0x00, 0x00, 0x00, 0x00, 0x00, 0x00,
    0x00, 0x00, 0x00, 0x00, 0x00, 0x00, 0x00, 0x00, 0x00, 0x00, 0x00, 0x00, 0x00, 0x00, 0x00, 0x00,
    0x00, 0x00, 0x00, 0x00, 0x00, 0x00, 0x00, 0x00, 0x00, 0x00, 0x00, 0x00, 0x00, 0x00, 0x00, 0x00,
    0x00, 0x00, 0x00, 0x00, 0x00, 0x00, 0x00, 0x00, 0x00, 0x00, 0x00, 0x00, 0x00, 0x00, 0x00, 0x00,
    0x00, 0x00, 0x00, 0x00, 0x00, 0x00, 0x00, 0x00, 0x00, 0x00, 0x00, 0x00, 0x00, 0x00, 0x00, 0x00,
    0x00, 0x00, 0x00, 0x00, 0x00, 0x00, 0xe2, 0x00, 0x25, 0x00, 0x46, 0x00, 0xa6, 0x00, 0xa9, 0x00,
    0x68, 0x00, 0x48, 0x00, 0xe8, 0x00, 0x64, 0x00, 0xa5, 0x00, 0xa6, 0x00, 0x46, 0x00, 0x6b, 0x00,
    0x2c, 0x00, 0xad, 0x00, 0xee, 0x00, 0x0e, 0x00, 0x6d, 0x00, 0x09, 0x00, 0xea, 0x00, 0xc6, 0x00,
    0x05, 0x00, 0x09, 0x00, 0x65, 0x00, 0x00, 0x00, 0x00, 0x00, 0x00, 0x00, 0x00, 0x00, 0x00, 0x00,
    0x00, 0x00, 0x00, 0x00, 0x00, 0x00, 0x00, 0x00, 0x00, 0x00, 0x00, 0x00, 0x00, 0x00, 0x00, 0x00,
    0x00, 0x00, 0x00, 0x00, 0x00, 0x00, 0x00, 0x00, 0x00, 0x00, 0x00, 0x00, 0x00, 0x00, 0x00, 0x00,
    0x00, 0x00, 0x00, 0x00, 0x00, 0x00, 0x00, 0x00, 0x00, 0x00, 0x00, 0x00, 0x00, 0x00, 0x00, 0x00,
    0x00, 0x00, 0x00, 0x00, 0x00, 0x00, 0x00, 0x00, 0x00, 0x00, 0x00, 0x00, 0x00, 0x00, 0x00, 0x00,
    0x00, 0x00, 0x00, 0x00, 0x83, 0x00, 0x07, 0x00, 0x68, 0x00, 0x68, 0x00, 0x48, 0x00, 0x68, 0x00,
    0x89, 0x00, 0xea, 0x00, 0xa4, 0x00, 0xa8, 0x00, 0x46, 0x00, 0xca, 0x00, 0xe2, 0x00, 0xa9, 0x00,
    0x0c, 0x00, 0x8d, 0x00, 0xee, 0x00, 0x0e, 0x00, 0xce, 0x00, 0x47, 0x00, 0x82, 0x00, 0xa7, 0x00,
    0xa7, 0x00, 0x67, 0x00, 0x81, 0x00, 0x00, 0x00, 0x00, 0x00, 0x00, 0x00, 0x00, 0x00, 0x00, 0x00,
    0x00, 0x00, 0x00, 0x00, 0x00, 0x00, 0x00, 0x00, 0x00, 0x00, 0x00, 0x00, 0x00, 0x00, 0x00, 0x00,
    0x00, 0x00, 0x00, 0x00, 0x00, 0x00, 0x00, 0x00, 0x00, 0x00, 0x00, 0x00, 0x00, 0x00, 0x00, 0x00,
    0x00, 0x00, 0x00, 0x00, 0x00, 0x00, 0x00, 0x00, 0x00, 0x00, 0x00, 0x00, 0x00, 0x00, 0x00, 0x00,
    0x00, 0x00, 0x00, 0x00, 0x00, 0x00, 0x00, 0x00, 0x00, 0x00, 0x00, 0x00, 0x00, 0x00, 0x20, 0x00,
    0x23, 0x00, 0x66, 0x00, 0x48, 0x00, 0x48, 0x00, 0xe7, 0x00, 0xc7, 0x00, 0xa7, 0x00, 0x0a, 0x00,
    0x8b, 0x00, 0x0c, 0x00, 0x68, 0x00, 0x09, 0x00, 0x04, 0x00, 0x00, 0x00, 0xe1, 0x00, 0x28, 0x00,
    0xcb, 0x00, 0x8d, 0x00, 0xad, 0x00, 0xce, 0x00, 0x0e, 0x00, 0x87, 0x00, 0x60, 0x00, 0xc6, 0x00,
    0x4a, 0x00, 0xcb, 0x00, 0x86, 0x00, 0x60, 0x00, 0x00, 0x00, 0x00, 0x00, 0x00, 0x00, 0x00, 0x00,
    0x00, 0x00, 0x00, 0x00, 0x00, 0x00, 0x00, 0x00, 0x00, 0x00, 0x00, 0x00, 0x00, 0x00, 0x00, 0x00,
    0x00, 0x00, 0x00, 0x00, 0x00, 0x00, 0x00, 0x00, 0x00, 0x00, 0x00, 0x00, 0x00, 0x00, 0x00, 0x00,
    0x00, 0x00, 0x00, 0x00, 0x00, 0x00, 0x00, 0x00, 0x00, 0x00, 0x00, 0x00, 0x00, 0x00, 0x00, 0x00,
    0x00, 0x00, 0x00, 0x00, 0x00, 0x00, 0x00, 0x00, 0x00, 0x00, 0x00, 0x00, 0x00, 0x00, 0x40, 0x00,
    0x05, 0x00, 0xa7, 0x00, 0xc7, 0x00, 0xc7, 0x00, 0x46, 0x00, 0xc5, 0x00, 0xe7, 0x00, 0x4b, 0x00,
    0xec, 0x00, 0x6d, 0x00, 0x6d, 0x00, 0xca, 0x00, 0xe7, 0x00, 0x83, 0x00, 0xa5, 0x00, 0x28, 0x00,
    0x0c, 0x00, 0x4f, 0x00, 0xb0, 0x00, 0x90, 0x00, 0x4f, 0x00, 0x2b, 0x00, 0x25, 0x00, 0x0a, 0x00,
    0x0e, 0x00, 0xcd, 0x00, 0x67, 0x00, 0x81, 0x00, 0x00, 0x00, 0x00, 0x00, 0x00, 0x00, 0x00, 0x00,
    0x00, 0x00, 0x00, 0x00, 0x00, 0x00, 0x00, 0x00, 0x00, 0x00, 0x00, 0x00, 0x00, 0x00, 0x00, 0x00,
    0x00, 0x00, 0x00, 0x00, 0x00, 0x00, 0x00, 0x00, 0x00, 0x00, 0x00, 0x00, 0x00, 0x00, 0x00, 0x00,
    0x00, 0x00, 0x00, 0x00, 0x00, 0x00, 0x00, 0x00, 0x00, 0x00, 0x00, 0x00, 0x00, 0x00, 0x00, 0x00,
    0x00, 0x00, 0x00, 0x00, 0x00, 0x00, 0x00, 0x00, 0x00, 0x00, 0x00, 0x00, 0x00, 0x00, 0x00, 0x00,
    0x00, 0x00, 0x61, 0x00, 0xc2, 0x00, 0xc2, 0x00, 0x64, 0x00, 0x44, 0x00, 0xc5, 0x00, 0xca, 0x00,
    0x6b, 0x00, 0xec, 0x00, 0x6d, 0x00, 0xad, 0x00, 0xeb, 0x00, 0xec, 0x00, 0x2a, 0x00, 0x4a, 0x00,
    0xe9, 0x00, 0x89, 0x00, 0x2f, 0x00, 0x90, 0x00, 0x8f, 0x00, 0xeb, 0x00, 0xab, 0x00, 0xb0, 0x00,
    0x6f, 0x00, 0x6c, 0x00, 0x47, 0x00, 0x00, 0x00, 0x00, 0x00, 0x00, 0x00, 0x00, 0x00, 0x00, 0x00,
    0x00, 0x00, 0x00, 0x00, 0x00, 0x00, 0x00, 0x00, 0x00, 0x00, 0x00, 0x00, 0x00, 0x00, 0x00, 0x00,
    0x00, 0x00, 0x00, 0x00, 0x00, 0x00, 0x00, 0x00, 0x00, 0x00, 0x00, 0x00, 0x00, 0x00, 0x00, 0x00,
    0x00, 0x00, 0x00, 0x00, 0x00, 0x00, 0x00, 0x00, 0x00, 0x00, 0x00, 0x00, 0x00, 0x00, 0x00, 0x00,
    0x00, 0x00, 0x00, 0x00, 0x00, 0x00, 0x00, 0x00, 0x00, 0x00, 0x00, 0x00, 0x00, 0x00, 0x00, 0x00,
    0x00, 0x00, 0x00, 0x00, 0x00, 0x00, 0x84, 0x00, 0x46, 0x00, 0xa5, 0x00, 0x66, 0x00, 0xca, 0x00,
    0x0a, 0x00, 0xa9, 0x00, 0x07, 0x00, 0xc9, 0x00, 0x8d, 0x00, 0xad, 0x00, 0x8d, 0x00, 0x8d, 0x00,
    0x2d, 0x00, 0x8b, 0x00, 0x2c, 0x00, 0xce, 0x00, 0x0e, 0x00, 0x4a, 0x00, 0xad, 0x00, 0x6c, 0x00,
    0xc8, 0x00, 0x8a, 0x00, 0x68, 0x00, 0xa3, 0x00, 0x00, 0x00, 0x00, 0x00, 0x00, 0x00, 0x00, 0x00,
    0x00, 0x00, 0x00, 0x00, 0x00, 0x00, 0x00, 0x00, 0x00, 0x00, 0x00, 0x00, 0x00, 0x00, 0x00, 0x00,
    0x00, 0x00, 0x00, 0x00, 0x00, 0x00, 0x00, 0x00, 0x00, 0x00, 0x00, 0x00, 0x00, 0x00, 0x00, 0x00,
    0x00, 0x00, 0x00, 0x00, 0x00, 0x00, 0x00, 0x00, 0x00, 0x00, 0x00, 0x00, 0x00, 0x00, 0x00, 0x00,
    0x00, 0x00, 0x00, 0x00, 0x00, 0x00, 0x00, 0x00, 0x00, 0x00, 0x00, 0x00, 0x00, 0x00, 0x00, 0x00,
    0x00, 0x00, 0x00, 0x00, 0x84, 0x00, 0xa8, 0x00, 0x67, 0x00, 0x84, 0x00, 0xc5, 0x00, 0x69, 0x00,
    0xa9, 0x00, 0x68, 0x00, 0x87, 0x00, 0xa4, 0x00, 0x46, 0x00, 0x4a, 0x00, 0x0c, 0x00, 0x0c, 0x00,
    0x0c, 0x00, 0x0c, 0x00, 0xab, 0x00, 0x4c, 0x00, 0x0c, 0x00, 0xeb, 0x00, 0xaa, 0x00, 0x07, 0x00,
    0x49, 0x00, 0xaa, 0x00, 0x83, 0x00, 0x81, 0x00, 0x00, 0x00, 0x00, 0x00, 0x00, 0x00, 0x00, 0x00,
    0x00, 0x00, 0x00, 0x00, 0x00, 0x00, 0x00, 0x00, 0x00, 0x00, 0x00, 0x00, 0x00, 0x00, 0x00, 0x00,
    0x00, 0x00, 0x00, 0x00, 0x00, 0x00, 0x00, 0x00, 0x00, 0x00, 0x00, 0x00, 0x00, 0x00, 0x00, 0x00,
    0x00, 0x00, 0x00, 0x00, 0x00, 0x00, 0x00, 0x00, 0x00, 0x00, 0x00, 0x00, 0x00, 0x00, 0x00, 0x00,
    0x00, 0x00, 0x00, 0x00, 0x00, 0x00, 0x00, 0x00, 0x00, 0x00, 0x00, 0x00, 0x00, 0x00, 0x00, 0x00,
    0x00, 0x00, 0x61, 0x00, 0xa7, 0x00, 0x06, 0x00, 0x43, 0x00, 0x23, 0x00, 0x23, 0x00, 0xa7, 0x00,
    0x69, 0x00, 0xc9, 0x00, 0x2a, 0x00, 0xc9, 0x00, 0x03, 0x00, 0x03, 0x00, 0xe7, 0x00, 0xc9, 0x00,
    0x89, 0x00, 0x68, 0x00, 0xa9, 0x00, 0xe9, 0x00, 0xc9, 0x00, 0xc6, 0x00, 0xc6, 0x00, 0xaa, 0x00,
    0x2b, 0x00, 0xa6, 0x00, 0x00, 0x00, 0x00, 0x00, 0x00, 0x00, 0x00, 0x00, 0x00, 0x00, 0x00, 0x00,
    0x00, 0x00, 0x00, 0x00, 0x00, 0x00, 0x00, 0x00, 0x00, 0x00, 0xa4, 0x00, 0x20, 0x00, 0x00, 0x00,
    0x00, 0x00, 0x00, 0x00, 0x00, 0x00, 0x00, 0x00, 0x00, 0x00, 0x00, 0x00, 0x00, 0x00, 0x00, 0x00,
    0x00, 0x00, 0x00, 0x00, 0x00, 0x00, 0x00, 0x00, 0x00, 0x00, 0x00, 0x00, 0x00, 0x00, 0x00, 0x00,
    0x00, 0x00, 0x00, 0x00, 0x00, 0x00, 0x00, 0x00, 0x00, 0x00, 0x00, 0x00, 0x00, 0x00, 0x00, 0x00,
    0x00, 0x00, 0x81, 0x00, 0x64, 0x00, 0x40, 0x00, 0x81, 0x00, 0xe6, 0x00, 0x84, 0x00, 0x23, 0x00,
    0x26, 0x00, 0x89, 0x00, 0xa9, 0x00, 0x6a, 0x00, 0xc9, 0x00, 0x81, 0x00, 0xa2, 0x00, 0xe2, 0x00,
    0xc2, 0x00, 0xc2, 0x00, 0x02, 0x00, 0x02, 0x00, 0xa2, 0x00, 0xa1, 0x00, 0x49, 0x00, 0x0b, 0x00,
    0x27, 0x00, 0x40, 0x00, 0x00, 0x00, 0x00, 0x00, 0x00, 0x00, 0x00, 0x00, 0x00, 0x00, 0x00, 0x00,
    0x00, 0x00, 0x00, 0x00, 0x00, 0x00, 0x00, 0x00, 0x44, 0x00, 0xc8, 0x00, 0x40, 0x00, 0x00, 0x00,
    0x00, 0x00, 0x00, 0x00, 0x00, 0x00, 0x00, 0x00, 0x00, 0x00, 0x00, 0x00, 0x00, 0x00, 0x00, 0x00,
    0x00, 0x00, 0x00, 0x00, 0x00, 0x00, 0x00, 0x00, 0x00, 0x00, 0x00, 0x00, 0x00, 0x00, 0x00, 0x00,
    0x00, 0x00, 0x00, 0x00, 0x00, 0x00, 0x00, 0x00, 0x00, 0x00, 0x00, 0x00, 0x00, 0x00, 0x00, 0x00,
    0x00, 0x00, 0x00, 0x00, 0x00, 0x00, 0x00, 0x00, 0x64, 0x00, 0x26, 0x00, 0xc5, 0x00, 0x03, 0x00,
    0xe3, 0x00, 0x26, 0x00, 0x48, 0x00, 0xe9, 0x00, 0xcb, 0x00, 0x27, 0x00, 0x23, 0x00, 0xe2, 0x00,
    0xe2, 0x00, 0xe2, 0x00, 0xc2, 0x00, 0x23, 0x00, 0xa2, 0x00, 0x07, 0x00, 0x0b, 0x00, 0x07, 0x00,
    0xe2, 0x00, 0x00, 0x00, 0x00, 0x00, 0x00, 0x00, 0x00, 0x00, 0x00, 0x00, 0x00, 0x00, 0x00, 0x00,
    0x00, 0x00, 0x60, 0x00, 0xc3, 0x00, 0x65, 0x00, 0x29, 0x00, 0xc8, 0x00, 0x60, 0x00, 0x00, 0x00,
    0x00, 0x00, 0x00, 0x00, 0x00, 0x00, 0x00, 0x00, 0x00, 0x00, 0x00, 0x00, 0x00, 0x00, 0x00, 0x00,
    0x00, 0x00, 0x00, 0x00, 0x00, 0x00, 0x00, 0x00, 0x00, 0x00, 0x00, 0x00, 0x00, 0x00, 0x00, 0x00,
    0x00, 0x00, 0x00, 0x00, 0x00, 0x00, 0x00, 0x00, 0x00, 0x00, 0x00, 0x00, 0x00, 0x00, 0x00, 0x00,
    0x00, 0x00, 0x00, 0x00, 0x00, 0x00, 0x00, 0x00, 0x84, 0x00, 0x87, 0x00, 0x03, 0x00, 0x44, 0x00,
    0x44, 0x00, 0x64, 0x00, 0xc5, 0x00, 0xe5, 0x00, 0x86, 0x00, 0x4a, 0x00, 0x88, 0x00, 0x05, 0x00,
    0xc5, 0x00, 0x06, 0x00, 0x08, 0x00, 0x67, 0x00, 0x05, 0x00, 0xea, 0x00, 0xe4, 0x00, 0x02, 0x00,
    0x81, 0x00, 0x00, 0x00, 0x00, 0x00, 0x00, 0x00, 0x00, 0x00, 0x00, 0x00, 0x00, 0x00, 0x20, 0x00,
    0x64, 0x00, 0xa8, 0x00, 0xe8, 0x00, 0xa8, 0x00, 0x69, 0x00, 0x07, 0x00, 0x00, 0x00, 0x00, 0x00,
    0x00, 0x00, 0x00, 0x00, 0x00, 0x00, 0x00, 0x00, 0x00, 0x00, 0x00, 0x00, 0x00, 0x00, 0x00, 0x00,
    0x00, 0x00, 0x00, 0x00, 0x00, 0x00, 0x00, 0x00, 0x00, 0x00, 0x00, 0x00, 0x00, 0x00, 0x00, 0x00,
    0x00, 0x00, 0x00, 0x00, 0x00, 0x00, 0x00, 0x00, 0x00, 0x00, 0x00, 0x00, 0x00, 0x00, 0x00, 0x00,
    0x00, 0x00, 0x00, 0x00, 0x00, 0x00, 0x00, 0x00, 0x64, 0x00, 0xc5, 0x00, 0x00, 0x00, 0x06, 0x00,
    0x84, 0x00, 0xc5, 0x00, 0x26, 0x00, 0x06, 0x00, 0x66, 0x00, 0xc7, 0x00, 0x6a, 0x00, 0x8a, 0x00,
    0xc9, 0x00, 0x89, 0x00, 0x8a, 0x00, 0x48, 0x00, 0x4b, 0x00, 0xa5, 0x00, 0x00, 0x00, 0x00, 0x00,
    0x00, 0x00, 0x00, 0x00, 0x00, 0x00, 0x00, 0x00, 0x00, 0x00, 0x00, 0x00, 0x20, 0x00, 0xe5, 0x00,
    0x68, 0x00, 0xc9, 0x00, 0xc7, 0x00, 0xe8, 0x00, 0x09, 0x00, 0x85, 0x00, 0x00, 0x00, 0x00, 0x00,
    0x00, 0x00, 0x00, 0x00, 0x00, 0x00, 0x00, 0x00, 0x00, 0x00, 0x00, 0x00, 0x00, 0x00, 0x00, 0x00,
    0x00, 0x00, 0x00, 0x00, 0x00, 0x00, 0x00, 0x00, 0x00, 0x00, 0x00, 0x00, 0x00, 0x00, 0x00, 0x00,
    0x00, 0x00, 0x00, 0x00, 0x00, 0x00, 0x00, 0x00, 0x00, 0x00, 0x00, 0x00, 0x00, 0x00, 0x00, 0x00,
    0x00, 0x00, 0x00, 0x00, 0x00, 0x00, 0x00, 0x00, 0xa1, 0x00, 0x61, 0x00, 0x00, 0x00, 0x67, 0x00,
    0xc5, 0x00, 0x84, 0x00, 0x87, 0x00, 0x46, 0x00, 0x28, 0x00, 0x86, 0x00, 0x25, 0x00, 0x07, 0x00,
    0x4a, 0x00, 0xcb, 0x00, 0x0b, 0x00, 0x6c, 0x00, 0xa8, 0x00, 0xc2, 0x00, 0x00, 0x00, 0x00, 0x00,
    0x00, 0x00, 0x00, 0x00, 0x00, 0x00, 0x00, 0x00, 0x00, 0x00, 0x00, 0x00, 0x24, 0x00, 0xe8, 0x00,
    0x08, 0x00, 0x87, 0x00, 0xe9, 0x00, 0xa9, 0x00, 0xe8, 0x00, 0xe2, 0x00, 0x00, 0x00, 0x00, 0x00,
    0x00, 0x00, 0x00, 0x00, 0x00, 0x00, 0x00, 0x00, 0x00, 0x00, 0x00, 0x00, 0x00, 0x00, 0x00, 0x00,
    0x00, 0x00, 0x00, 0x00, 0x00, 0x00, 0x00, 0x00, 0x00, 0x00, 0x00, 0x00, 0x00, 0x00, 0x00, 0x00,
    0x00, 0x00, 0x00, 0x00, 0x00, 0x00, 0x00, 0x00, 0x00, 0x00, 0x00, 0x00, 0x00, 0x00, 0x00, 0x00,
    0x00, 0x00, 0x00, 0x00, 0x00, 0x00, 0x00, 0x00, 0x00, 0x00, 0x00, 0x00, 0x00, 0x00, 0x87, 0x00,
    0xc5, 0x00, 0x64, 0x00, 0xc7, 0x00, 0xa7, 0x00, 0x86, 0x00, 0x48, 0x00, 0xc6, 0x00, 0x04, 0x00,
    0xc4, 0x00, 0x65, 0x00, 0x47, 0x00, 0xe6, 0x00, 0xa6, 0x00, 0x02, 0x00, 0x00, 0x00, 0x00, 0x00,
    0x00, 0x00, 0x00, 0x00, 0x00, 0x00, 0x00, 0x00, 0x00, 0x00, 0x00, 0x00, 0x67, 0x00, 0x28, 0x00,
    0x87, 0x00, 0xc7, 0x00, 0x89, 0x00, 0x67, 0x00, 0x04, 0x00, 0x00, 0x00, 0x00, 0x00, 0x00, 0x00,
    0x00, 0x00, 0x00, 0x00, 0x00, 0x00, 0x00, 0x00, 0x00, 0x00, 0x00, 0x00, 0x00, 0x00, 0x00, 0x00,
    0x00, 0x00, 0x00, 0x00, 0x00, 0x00, 0x00, 0x00, 0x00, 0x00, 0x00, 0x00, 0x00, 0x00, 0x00, 0x00,
    0x00, 0x00, 0x00, 0x00, 0x00, 0x00, 0x00, 0x00, 0x00, 0x00, 0x00, 0x00, 0x00, 0x00, 0x00, 0x00,
    0x00, 0x00, 0x00, 0x00, 0x00, 0x00, 0x00, 0x00, 0x00, 0x00, 0x00, 0x00, 0x00, 0x00, 0x05, 0x00,
    0xe2, 0x00, 0x63, 0x00, 0x48, 0x00, 0x68, 0x00, 0x28, 0x00, 0x07, 0x00, 0xa8, 0x00, 0x68, 0x00,
    0xc6, 0x00, 0x45, 0x00, 0xe7, 0x00, 0x0a, 0x00, 0x88, 0x00, 0xa4, 0x00, 0x00, 0x00, 0x00, 0x00,
    0x00, 0x00, 0x00, 0x00, 0x00, 0x00, 0x00, 0x00, 0x00, 0x00, 0x60, 0x00, 0xc8, 0x00, 0xa8, 0x00,
    0xa6, 0x00, 0x67, 0x00, 0x06, 0x00, 0x45, 0x00, 0x81, 0x00, 0x00, 0x00, 0x00, 0x00, 0x00, 0x00,
    0x00, 0x00, 0x00, 0x00, 0x00, 0x00, 0x00, 0x00, 0x00, 0x00, 0x00, 0x00, 0x00, 0x00, 0x00, 0x00,
    0x00, 0x00, 0x00, 0x00, 0x00, 0x00, 0x00, 0x00, 0x00, 0x00, 0x00, 0x00, 0x00, 0x00, 0x00, 0x00,
    0x00, 0x00, 0x00, 0x00, 0x00, 0x00, 0x00, 0x00, 0x00, 0x00, 0x00, 0x00, 0x00, 0x00, 0x00, 0x00,
    0x00, 0x00, 0x00, 0x00, 0x00, 0x00, 0x00, 0x00, 0x00, 0x00, 0x00, 0x00, 0x00, 0x00, 0x40, 0x00,
    0x00, 0x00, 0x43, 0x00, 0xe7, 0x00, 0x89, 0x00, 0x6a, 0x00, 0x09, 0x00, 0x0a, 0x00, 0x2a, 0x00,
    0xe9, 0x00, 0x88, 0x00, 0xab, 0x00, 0x0d, 0x00, 0x4a, 0x00, 0x68, 0x00, 0x60, 0x00, 0x00, 0x00,
    0x00, 0x00, 0x00, 0x00, 0x00, 0x00, 0x00, 0x00, 0x00, 0x00, 0x60, 0x00, 0x88, 0x00, 0x07, 0x00,
    0x65, 0x00, 0xe8, 0x00, 0x29, 0x00, 0xc6, 0x00, 0xc1, 0x00, 0x00, 0x00, 0x00, 0x00, 0x00, 0x00,
    0x00, 0x00, 0x00, 0x00, 0x00, 0x00, 0x00, 0x00, 0x00, 0x00, 0x00, 0x00, 0x00, 0x00, 0x00, 0x00,
    0x00, 0x00, 0x00, 0x00, 0x00, 0x00, 0x00, 0x00, 0x00, 0x00, 0x00, 0x00, 0x00, 0x00, 0x00, 0x00,
    0x00, 0x00, 0x00, 0x00, 0x00, 0x00, 0x00, 0x00, 0x00, 0x00, 0x00, 0x00, 0x00, 0x00, 0x00, 0x00,
    0x00, 0x00, 0x00, 0x00, 0x00, 0x00, 0x00, 0x00, 0x00, 0x00, 0x00, 0x00, 0x00, 0x00, 0x00, 0x00,
    0x00, 0x00, 0x03, 0x00, 0xc7, 0x00, 0x48, 0x00, 0x6a, 0x00, 0x2a, 0x00, 0xcc, 0x00, 0xec, 0x00,
    0xec, 0x00, 0xab, 0x00, 0x8b, 0x00, 0xec, 0x00, 0x8e, 0x00, 0x8b, 0x00, 0x44, 0x00, 0x00, 0x00,
    0x00, 0x00, 0x00, 0x00, 0x00, 0x00, 0x00, 0x00, 0x63, 0x00, 0x40, 0x00, 0xa6, 0x00, 0xa6, 0x00,
    0xc8, 0x00, 0x07, 0x00, 0xe2, 0x00, 0x00, 0x00, 0x00, 0x00, 0x00, 0x00, 0x00, 0x00, 0x00, 0x00,
    0x00, 0x00, 0x00, 0x00, 0x00, 0x00, 0x00, 0x00, 0x00, 0x00, 0x00, 0x00, 0x00, 0x00, 0x00, 0x00,
    0x00, 0x00, 0x00, 0x00, 0x00, 0x00, 0x00, 0x00, 0x00, 0x00, 0x00, 0x00, 0x00, 0x00, 0x00, 0x00,
    0x00, 0x00, 0x00, 0x00, 0x00, 0x00, 0x00, 0x00, 0x00, 0x00, 0x00, 0x00, 0x00, 0x00, 0x00, 0x00,
    0x00, 0x00, 0x00, 0x00, 0x00, 0x00, 0x00, 0x00, 0x00, 0x00, 0x00, 0x00, 0x00, 0x00, 0x00, 0x00,
    0x00, 0x00, 0xc4, 0x00, 0x28, 0x00, 0xe9, 0x00, 0x29, 0x00, 0x29, 0x00, 0xab, 0x00, 0x0c, 0x00,
    0x8f, 0x00, 0xf0, 0x00, 0x4d, 0x00, 0xcf, 0x00, 0x72, 0x00, 0x8b, 0x00, 0xc8, 0x00, 0xc1, 0x00,
    0x00, 0x00, 0x00, 0x00, 0x00, 0x00, 0x00, 0x00, 0xa8, 0x00, 0x42, 0x00, 0x02, 0x00, 0x68, 0x00,
    0x88, 0x00, 0x20, 0x00, 0x00, 0x00, 0x00, 0x00, 0x00, 0x00, 0x00, 0x00, 0x00, 0x00, 0x00, 0x00,
    0x00, 0x00, 0x00, 0x00, 0x00, 0x00, 0x00, 0x00, 0x00, 0x00, 0x00, 0x00, 0x00, 0x00, 0x00, 0x00,
    0x00, 0x00, 0x00, 0x00, 0x00, 0x00, 0x00, 0x00, 0x00, 0x00, 0x00, 0x00, 0x00, 0x00, 0x00, 0x00,
    0x00, 0x00, 0x00, 0x00, 0x00, 0x00, 0x00, 0x00, 0x00, 0x00, 0x00, 0x00, 0x00, 0x00, 0x00, 0x00,
    0x40, 0x00, 0xc1, 0x00, 0xe2, 0x00, 0xa1, 0x00, 0x00, 0x00, 0x00, 0x00, 0x00, 0x00, 0x00, 0x00,
    0x02, 0x00, 0x89, 0x00, 0x88, 0x00, 0x8b, 0x00, 0xeb, 0x00, 0xcb, 0x00, 0x6b, 0x00, 0xcc, 0x00,
    0x6e, 0x00, 0x10, 0x00, 0x31, 0x00, 0x31, 0x00, 0x10, 0x00, 0x4e, 0x00, 0x49, 0x00, 0xc5, 0x00,
    0x00, 0x00, 0x00, 0x00, 0x00, 0x00, 0x00, 0x00, 0xa8, 0x00, 0x87, 0x00, 0xe2, 0x00, 0xc9, 0x00,
    0x47, 0x00, 0x00, 0x00, 0x00, 0x00, 0x00, 0x00, 0x00, 0x00, 0x00, 0x00, 0x00, 0x00, 0x00, 0x00,
    0x00, 0x00, 0x00, 0x00, 0x00, 0x00, 0x00, 0x00, 0x00, 0x00, 0x00, 0x00, 0x00, 0x00, 0x00, 0x00,
    0x00, 0x00, 0x00, 0x00, 0x00, 0x00, 0x00, 0x00, 0x00, 0x00, 0x00, 0x00, 0x00, 0x00, 0x00, 0x00,
    0x00, 0x00, 0x00, 0x00, 0x00, 0x00, 0x00, 0x00, 0x00, 0x00, 0x00, 0x00, 0x00, 0x00, 0x63, 0x00,
    0x47, 0x00, 0xa8, 0x00, 0xa8, 0x00, 0x27, 0x00, 0x24, 0x00, 0xa1, 0x00, 0xc1, 0x00, 0xa4, 0x00,
    0xc7, 0x00, 0x4a, 0x00, 0x09, 0x00, 0x4a, 0x00, 0xcb, 0x00, 0xcb, 0x00, 0x2d, 0x00, 0xaf, 0x00,
    0xcf, 0x00, 0x8f, 0x00, 0x31, 0x00, 0x31, 0x00, 0xf0, 0x00, 0x92, 0x00, 0x2d, 0x00, 0x49, 0x00,
    0xe1, 0x00, 0x00, 0x00, 0x00, 0x00, 0x00, 0x00, 0x85, 0x00, 0xca, 0x00, 0x86, 0x00, 0x07, 0x00,
    0x29, 0x00, 0xa1, 0x00, 0x00, 0x00, 0x00, 0x00, 0x00, 0x00, 0x00, 0x00, 0x00, 0x00, 0x00, 0x00,
    0x00, 0x00, 0x00, 0x00, 0x00, 0x00, 0x00, 0x00, 0x00, 0x00, 0x00, 0x00, 0x00, 0x00, 0x00, 0x00,
    0x00, 0x00, 0x00, 0x00, 0x00, 0x00, 0x00, 0x00, 0x00, 0x00, 0x00, 0x00, 0x00, 0x00, 0x00, 0x00,
    0x00, 0x00, 0x00, 0x00, 0x00, 0x00, 0x00, 0x00, 0x00, 0x00, 0x00, 0x00, 0x00, 0x00, 0xa1, 0x00,
    0x63, 0x00, 0xc4, 0x00, 0xa4, 0x00, 0xe4, 0x00, 0xc6, 0x00, 0x68, 0x00, 0x07, 0x00, 0x46, 0x00,
    0x08, 0x00, 0xe9, 0x00, 0x6a, 0x00, 0xab, 0x00, 0x09, 0x00, 0xe9, 0x00, 0x4e, 0x00, 0xcf, 0x00,
    0x72, 0x00, 0x72, 0x00, 0x11, 0x00, 0x6f, 0x00, 0xb3, 0x00, 0xd3, 0x00, 0x8e, 0x00, 0x29, 0x00,
    0x44, 0x00, 0x00, 0x00, 0x20, 0x00, 0x00, 0x00, 0x02, 0x00, 0x4a, 0x00, 0xa8, 0x00, 0x86, 0x00,
    0x49, 0x00, 0xc6, 0x00, 0x00, 0x00, 0x00, 0x00, 0x00, 0x00, 0x00, 0x00, 0x00, 0x00, 0x00, 0x00,
    0x00, 0x00, 0x00, 0x00, 0x00, 0x00, 0x00, 0x00, 0x00, 0x00, 0x00, 0x00, 0x00, 0x00, 0x00, 0x00,
    0x00, 0x00, 0x00, 0x00, 0x00, 0x00, 0x00, 0x00, 0x00, 0x00, 0x00, 0x00, 0x00, 0x00, 0x00, 0x00,
    0x00, 0x00, 0x00, 0x00, 0x00, 0x00, 0x00, 0x00, 0x40, 0x00, 0x45, 0x00, 0x67, 0x00, 0x27, 0x00,
    0x86, 0x00, 0xc6, 0x00, 0x27, 0x00, 0xa8, 0x00, 0x6a, 0x00, 0xa9, 0x00, 0x26, 0x00, 0xe5, 0x00,
    0x48, 0x00, 0x4a, 0x00, 0x29, 0x00, 0x6a, 0x00, 0x8a, 0x00, 0x88, 0x00, 0x0d, 0x00, 0x31, 0x00,
    0x51, 0x00, 0x72, 0x00, 0xf4, 0x00, 0x31, 0x00, 0x72, 0x00, 0xb3, 0x00, 0x8e, 0x00, 0x27, 0x00,
    0x67, 0x00, 0x20, 0x00, 0x00, 0x00, 0x00, 0x00, 0x00, 0x00, 0x45, 0x00, 0xc9, 0x00, 0x86, 0x00,
    0x27, 0x00, 0x89, 0x00, 0x42, 0x00, 0x00, 0x00, 0xa3, 0x00, 0x60, 0x00, 0x00, 0x00, 0x00, 0x00,
    0x00, 0x00, 0x00, 0x00, 0x00, 0x00, 0x00, 0x00, 0x00, 0x00, 0x00, 0x00, 0x00, 0x00, 0x00, 0x00,
    0x00, 0x00, 0x00, 0x00, 0x00, 0x00, 0x00, 0x00, 0x00, 0x00, 0x00, 0x00, 0x00, 0x00, 0x00, 0x00,
    0x00, 0x00, 0x00, 0x00, 0x00, 0x00, 0x02, 0x00, 0x68, 0x00, 0x48, 0x00, 0xa6, 0x00, 0xa6, 0x00,
    0x88, 0x00, 0x2a, 0x00, 0xc9, 0x00, 0xc9, 0x00, 0xa9, 0x00, 0x48, 0x00, 0xe5, 0x00, 0x26, 0x00,
    0xa9, 0x00, 0x09, 0x00, 0x6a, 0x00, 0x6a, 0x00, 0x09, 0x00, 0xa8, 0x00, 0x6b, 0x00, 0x4e, 0x00,
    0x51, 0x00, 0x31, 0x00, 0x30, 0x00, 0x10, 0x00, 0x30, 0x00, 0x72, 0x00, 0x4d, 0x00, 0xa8, 0x00,
    0x68, 0x00, 0xa1, 0x00, 0x00, 0x00, 0x00, 0x00, 0x00, 0x00, 0x00, 0x00, 0xc4, 0x00, 0xe7, 0x00,
    0x66, 0x00, 0x88, 0x00, 0x87, 0x00, 0x20, 0x00, 0x27, 0x00, 0xa3, 0x00, 0x00, 0x00, 0x00, 0x00,
    0x00, 0x00, 0x00, 0x00, 0x00, 0x00, 0x00, 0x00, 0x00, 0x00, 0x00, 0x00, 0x00, 0x00, 0x00, 0x00,
    0x00, 0x00, 0x00, 0x00, 0x00, 0x00, 0x00, 0x00, 0x00, 0x00, 0x00, 0x00, 0x00, 0x00, 0x00, 0x00,
    0x00, 0x00, 0x00, 0x00, 0x20, 0x00, 0x63, 0x00, 0x23, 0x00, 0x83, 0x00, 0xe7, 0x00, 0x88, 0x00,
    0x2a, 0x00, 0x2a, 0x00, 0x8b, 0x00, 0x4a, 0x00, 0xa9, 0x00, 0x48, 0x00, 0xa4, 0x00, 0x28, 0x00,
    0xe9, 0x00, 0x0a, 0x00, 0x2c, 0x00, 0x6a, 0x00, 0x68, 0x00, 0x0a, 0x00, 0x2d, 0x00, 0xcc, 0x00,
    0xcc, 0x00, 0xaf, 0x00, 0xf0, 0x00, 0xaf, 0x00, 0x31, 0x00, 0x8e, 0x00, 0xeb, 0x00, 0x2a, 0x00,
    0x27, 0x00, 0xe2, 0x00, 0x00, 0x00, 0x00, 0x00, 0x00, 0x00, 0x00, 0x00, 0x81, 0x00, 0x63, 0x00,
    0xe4, 0x00, 0x25, 0x00, 0x67, 0x00, 0x24, 0x00, 0x47, 0x00, 0xe6, 0x00, 0x00, 0x00, 0x00, 0x00,
    0x00, 0x00, 0x00, 0x00, 0x00, 0x00, 0x00, 0x00, 0x00, 0x00, 0x00, 0x00, 0x00, 0x00, 0x00, 0x00,
    0x00, 0x00, 0x00, 0x00, 0x00, 0x00, 0x00, 0x00, 0x00, 0x00, 0x00, 0x00, 0x00, 0x00, 0x00, 0x00,
    0x00, 0x00, 0x00, 0x00, 0x00, 0x00, 0x00, 0x00, 0x43, 0x00, 0xe7, 0x00, 0xc9, 0x00, 0x09, 0x00,
    0x0a, 0x00, 0x8b, 0x00, 0x6a, 0x00, 0xc9, 0x00, 0x48, 0x00, 0x66, 0x00, 0xc5, 0x00, 0x48, 0x00,
    0xe9, 0x00, 0x4a, 0x00, 0xcb, 0x00, 0x6a, 0x00, 0x27, 0x00, 0x4a, 0x00, 0x6e, 0x00, 0x8e, 0x00,
    0x2d, 0x00, 0xcc, 0x00, 0x0c, 0x00, 0x4d, 0x00, 0x6d, 0x00, 0x8a, 0x00, 0x8d, 0x00, 0x68, 0x00,
    0xc6, 0x00, 0xe1, 0x00, 0x00, 0x00, 0x00, 0x00, 0x00, 0x00, 0x20, 0x00, 0x65, 0x00, 0x49, 0x00,
    0x08, 0x00, 0xa6, 0x00, 0x27, 0x00, 0x86, 0x00, 0x47, 0x00, 0xc8, 0x00, 0x40, 0x00, 0x00, 0x00,
    0x00, 0x00, 0x00, 0x00, 0x00, 0x00, 0x00, 0x00, 0x00, 0x00, 0x00, 0x00, 0x00, 0x00, 0x00, 0x00,
    0x00, 0x00, 0x00, 0x00, 0x00, 0x00, 0x00, 0x00, 0x00, 0x00, 0x00, 0x00, 0x00, 0x00, 0x00, 0x00,
    0x00, 0x00, 0x00, 0x00, 0x02, 0x00, 0x68, 0x00, 0xc7, 0x00, 0x89, 0x00, 0x0a, 0x00, 0x2c, 0x00,
    0xcb, 0x00, 0xe9, 0x00, 0xc9, 0x00, 0xea, 0x00, 0x68, 0x00, 0x66, 0x00, 0x05, 0x00, 0x48, 0x00,
    0xe9, 0x00, 0xe9, 0x00, 0x09, 0x00, 0x88, 0x00, 0x85, 0x00, 0xe9, 0x00, 0x0d, 0x00, 0x0c, 0x00,
    0xaf, 0x00, 0x8e, 0x00, 0xcc, 0x00, 0x8b, 0x00, 0x6a, 0x00, 0xcb, 0x00, 0x4c, 0x00, 0x45, 0x00,
    0xc7, 0x00, 0xa1, 0x00, 0x00, 0x00, 0x00, 0x00, 0x00, 0x00, 0x00, 0x00, 0x00, 0x00, 0x22, 0x00,
    0x27, 0x00, 0x27, 0x00, 0x07, 0x00, 0x06, 0x00, 0x86, 0x00, 0xe8, 0x00, 0xe1, 0x00, 0x00, 0x00,
    0x00, 0x00, 0x00, 0x00, 0x00, 0x00, 0x00, 0x00, 0x00, 0x00, 0x00, 0x00, 0x00, 0x00, 0x00, 0x00,
    0x00, 0x00, 0x00, 0x00, 0x00, 0x00, 0x00, 0x00, 0x00, 0x00, 0x00, 0x00, 0x00, 0x00, 0x00, 0x00,
    0x00, 0x00, 0xe2, 0x00, 0xc9, 0x00, 0x08, 0x00, 0xe7, 0x00, 0xa9, 0x00, 0x4a, 0x00, 0xab, 0x00,
    0x4a, 0x00, 0x8a, 0x00, 0xc9, 0x00, 0x88, 0x00, 0xe7, 0x00, 0x26, 0x00, 0x86, 0x00, 0x89, 0x00,
    0xa9, 0x00, 0xc9, 0x00, 0xc9, 0x00, 0xa6, 0x00, 0x47, 0x00, 0x68, 0x00, 0x4a, 0x00, 0xab, 0x00,
    0x0c, 0x00, 0x2d, 0x00, 0xf0, 0x00, 0x0c, 0x00, 0xcb, 0x00, 0x4c, 0x00, 0x29, 0x00, 0xc4, 0x00,
    0x48, 0x00, 0x22, 0x00, 0x00, 0x00, 0x00, 0x00, 0x00, 0x00, 0x00, 0x00, 0x00, 0x00, 0x00, 0x00,
    0x00, 0x00, 0x63, 0x00, 0x45, 0x00, 0xa8, 0x00, 0xc6, 0x00, 0x88, 0x00, 0x43, 0x00, 0x00, 0x00,
    0x00, 0x00, 0x00, 0x00, 0x00, 0x00, 0x00, 0x00, 0x00, 0x00, 0x00, 0x00, 0x00, 0x00, 0x00, 0x00,
    0x00, 0x00, 0x00, 0x00, 0x00, 0x00, 0x00, 0x00, 0x00, 0x00, 0x00, 0x00, 0x00, 0x00, 0x00, 0x00,
    0x40, 0x00, 0x28, 0x00, 0xe7, 0x00, 0x46, 0x00, 0x69, 0x00, 0x89, 0x00, 0xe9, 0x00, 0x6a, 0x00,
    0x4d, 0x00, 0xcb, 0x00, 0x48, 0x00, 0xe7, 0x00, 0x66, 0x00, 0xe5, 0x00, 0x48, 0x00, 0xe9, 0x00,
    0xc9, 0x00, 0xe9, 0x00, 0xc9, 0x00, 0x86, 0x00, 0xa8, 0x00, 0xe9, 0x00, 0x88, 0x00, 0xe9, 0x00,
    0xec, 0x00, 0xec, 0x00, 0x8e, 0x00, 0xab, 0x00, 0x2c, 0x00, 0x8a, 0x00, 0xe6, 0x00, 0x26, 0x00,
    0x88, 0x00, 0x45, 0x00, 0x00, 0x00, 0x00, 0x00, 0x00, 0x00, 0x00, 0x00, 0x00, 0x00, 0x00, 0x00,
    0x00, 0x00, 0x00, 0x00, 0xe2, 0x00, 0xe7, 0x00, 0x67, 0x00, 0xc6, 0x00, 0x63, 0x00, 0x00, 0x00,
    0x00, 0x00, 0x00, 0x00, 0x00, 0x00, 0x00, 0x00, 0x00, 0x00, 0x00, 0x00, 0x00, 0x00, 0x00, 0x00,
    0x00, 0x00, 0x00, 0x00, 0x00, 0x00, 0x00, 0x00, 0x00, 0x00, 0x00, 0x00, 0x00, 0x00, 0x00, 0x00,
    0x05, 0x00, 0x87, 0x00, 0xc5, 0x00, 0xc7, 0x00, 0x48, 0x00, 0x68, 0x00, 0x2a, 0x00, 0xab, 0x00,
    0x0c, 0x00, 0x6a, 0x00, 0xa8, 0x00, 0x05, 0x00, 0xe5, 0x00, 0x66, 0x00, 0xa9, 0x00, 0xe9, 0x00,
    0xe9, 0x00, 0x2a, 0x00, 0x27, 0x00, 0x65, 0x00, 0xc9, 0x00, 0x2a, 0x00, 0x8b, 0x00, 0xa8, 0x00,
    0x88, 0x00, 0x4a, 0x00, 0x8a, 0x00, 0x8a, 0x00, 0x29, 0x00, 0xa7, 0x00, 0xe6, 0x00, 0x86, 0x00,
    0xa8, 0x00, 0x88, 0x00, 0x20, 0x00, 0x00, 0x00, 0x00, 0x00, 0x00, 0x00, 0x00, 0x00, 0x00, 0x00,
    0x00, 0x00, 0x00, 0x00, 0x00, 0x00, 0x05, 0x00, 0x88, 0x00, 0xc6, 0x00, 0x02, 0x00, 0x00, 0x00,
    0x00, 0x00, 0x00, 0x00, 0x00, 0x00, 0x00, 0x00, 0x00, 0x00, 0x00, 0x00, 0x00, 0x00, 0x00, 0x00,
    0x00, 0x00, 0x00, 0x00, 0x00, 0x00, 0x00, 0x00, 0x00, 0x00, 0x00, 0x00, 0x00, 0x00, 0x20, 0x00,
    0x02, 0x00, 0x03, 0x00, 0x66, 0x00, 0xc7, 0x00, 0x08, 0x00, 0xe9, 0x00, 0xab, 0x00, 0xcb, 0x00,
    0xab, 0x00, 0x2c, 0x00, 0xe9, 0x00, 0x05, 0x00, 0xe5, 0x00, 0xc7, 0x00, 0xe9, 0x00, 0x8b, 0x00,
    0x2a, 0x00, 0x4a, 0x00, 0x07, 0x00, 0x45, 0x00, 0x88, 0x00, 0x09, 0x00, 0x8b, 0x00, 0x8b, 0x00,
    0xe9, 0x00, 0x87, 0x00, 0xa8, 0x00, 0x87, 0x00, 0x87, 0x00, 0xc8, 0x00, 0x45, 0x00, 0xe7, 0x00,
    0x09, 0x00, 0x6a, 0x00, 0x22, 0x00, 0x00, 0x00, 0x00, 0x00, 0x00, 0x00, 0x00, 0x00, 0x00, 0x00,
    0x00, 0x00, 0x00, 0x00, 0x00, 0x00, 0x63, 0x00, 0x88, 0x00, 0x65, 0x00, 0x23, 0x00, 0xe2, 0x00,
    0x00, 0x00, 0x00, 0x00, 0x00, 0x00, 0x00, 0x00, 0x00, 0x00, 0x00, 0x00, 0x00, 0x00, 0x00, 0x00,
    0x00, 0x00, 0x00, 0x00, 0x00, 0x00, 0x00, 0x00, 0x00, 0x00, 0x00, 0x00, 0x00, 0x00, 0x00, 0x00,
    0x00, 0x00, 0x86, 0x00, 0x66, 0x00, 0x87, 0x00, 0x08, 0x00, 0xa9, 0x00, 0x09, 0x00, 0x4c, 0x00,
    0x6d, 0x00, 0x8a, 0x00, 0xc9, 0x00, 0x86, 0x00, 0xc5, 0x00, 0xa7, 0x00, 0xe9, 0x00, 0x8b, 0x00,
    0x6a, 0x00, 0x8a, 0x00, 0x27, 0x00, 0x86, 0x00, 0x27, 0x00, 0xc9, 0x00, 0x09, 0x00, 0x2a, 0x00,
    0x8b, 0x00, 0x09, 0x00, 0x67, 0x00, 0xe8, 0x00, 0xc8, 0x00, 0x07, 0x00, 0x25, 0x00, 0xa9, 0x00,
    0x4a, 0x00, 0xcb, 0x00, 0xa3, 0x00, 0x00, 0x00, 0x00, 0x00, 0x00, 0x00, 0x00, 0x00, 0x00, 0x00,
    0x00, 0x00, 0x00, 0x00, 0x20, 0x00, 0x02, 0x00, 0xa8, 0x00, 0x45, 0x00, 0x86, 0x00, 0x42, 0x00,
    0x00, 0x00, 0x00, 0x00, 0x00, 0x00, 0x00, 0x00, 0x00, 0x00, 0x00, 0x00, 0x00, 0x00, 0x00, 0x00,
    0x00, 0x00, 0x00, 0x00, 0x00, 0x00, 0x00, 0x00, 0x00, 0x00, 0x00, 0x00, 0x00, 0x00, 0x00, 0x00,
    0x63, 0x00, 0x08, 0x00, 0xe5, 0x00, 0x66, 0x00, 0x08, 0x00, 0x48, 0x00, 0xc9, 0x00, 0x8b, 0x00,
    0xeb, 0x00, 0x8a, 0x00, 0x09, 0x00, 0x28, 0x00, 0x84, 0x00, 0x66, 0x00, 0x28, 0x00, 0x2a, 0x00,
    0xcb, 0x00, 0x8a, 0x00, 0xc9, 0x00, 0x66, 0x00, 0x27, 0x00, 0x07, 0x00, 0x48, 0x00, 0xc9, 0x00,
    0x2a, 0x00, 0xc8, 0x00, 0xc8, 0x00, 0x88, 0x00, 0x67, 0x00, 0xc4, 0x00, 0xa7, 0x00, 0x2a, 0x00,
    0x2a, 0x00, 0xcb, 0x00, 0x63, 0x00, 0x00, 0x00, 0x00, 0x00, 0x00, 0x00, 0x00, 0x00, 0x00, 0x00,
    0x00, 0x00, 0x00, 0x00, 0xc4, 0x00, 0x63, 0x00, 0x88, 0x00, 0xa6, 0x00, 0xe7, 0x00, 0xa1, 0x00,
    0x00, 0x00, 0x00, 0x00, 0x00, 0x00, 0x00, 0x00, 0x00, 0x00, 0x00, 0x00, 0x00, 0x00, 0x00, 0x00,
    0x00, 0x00, 0x00, 0x00, 0x00, 0x00, 0x00, 0x00, 0x00, 0x00, 0x00, 0x00, 0x00, 0x00, 0x00, 0x00,
    0x66, 0x00, 0x46, 0x00, 0xa5, 0x00, 0x26, 0x00, 0x08, 0x00, 0x89, 0x00, 0x0a, 0x00, 0x09, 0x00,
    0x6a, 0x00, 0x8d, 0x00, 0x4a, 0x00, 0x48, 0x00, 0x84, 0x00, 0x05, 0x00, 0x28, 0x00, 0xe9, 0x00,
    0x2a, 0x00, 0x8b, 0x00, 0x09, 0x00, 0x86, 0x00, 0x07, 0x00, 0x88, 0x00, 0x27, 0x00, 0x07, 0x00,
    0x88, 0x00, 0x27, 0x00, 0x06, 0x00, 0x27, 0x00, 0xc4, 0x00, 0xa4, 0x00, 0x88, 0x00, 0xe9, 0x00,
    0xeb, 0x00, 0xca, 0x00, 0x02, 0x00, 0x00, 0x00, 0x00, 0x00, 0x00, 0x00, 0x00, 0x00, 0x00, 0x00,
    0x00, 0x00, 0x00, 0x00, 0x65, 0x00, 0x45, 0x00, 0x47, 0x00, 0xe6, 0x00, 0xa6, 0x00, 0x20, 0x00,
    0x00, 0x00, 0x00, 0x00, 0x00, 0x00, 0x00, 0x00, 0x00, 0x00, 0x00, 0x00, 0x00, 0x00, 0x00, 0x00,
    0x00, 0x00, 0x00, 0x00, 0x00, 0x00, 0x00, 0x00, 0x00, 0x00, 0x00, 0x00, 0x00, 0x00, 0x20, 0x00,
    0xa7, 0x00, 0xc5, 0x00, 0xa5, 0x00, 0xe5, 0x00, 0xc7, 0x00, 0x08, 0x00, 0x89, 0x00, 0x4a, 0x00,
    0x6a, 0x00, 0xab, 0x00, 0x4a, 0x00, 0xc9, 0x00, 0xe5, 0x00, 0xa4, 0x00, 0x28, 0x00, 0xe9, 0x00,
    0xc9, 0x00, 0x8a, 0x00, 0x29, 0x00, 0xc6, 0x00, 0x86, 0x00, 0x88, 0x00, 0x68, 0x00, 0x27, 0x00,
    0xe6, 0x00, 0xc6, 0x00, 0x07, 0x00, 0xc4, 0x00, 0xc2, 0x00, 0x86, 0x00, 0xa9, 0x00, 0x29, 0x00,
    0xeb, 0x00, 0x8a, 0x00, 0xa1, 0x00, 0x00, 0x00, 0x00, 0x00, 0x00, 0x00, 0x00, 0x00, 0x00, 0x00,
    0x00, 0x00, 0x00, 0x00, 0x86, 0x00, 0xa6, 0x00, 0x48, 0x00, 0xc6, 0x00, 0x83, 0x00, 0x00, 0x00,
    0x00, 0x00, 0x00, 0x00, 0x00, 0x00, 0x00, 0x00, 0x00, 0x00, 0x00, 0x00, 0x00, 0x00, 0x00, 0x00,
    0x00, 0x00, 0x00, 0x00, 0x00, 0x00, 0x00, 0x00, 0x00, 0x00, 0x00, 0x00, 0x00, 0x00, 0x40, 0x00,
    0x67, 0x00, 0x64, 0x00, 0xc5, 0x00, 0x64, 0x00, 0xa7, 0x00, 0xc7, 0x00, 0x08, 0x00, 0xea, 0x00,
    0xe9, 0x00, 0xa8, 0x00, 0xab, 0x00, 0xa9, 0x00, 0x25, 0x00, 0xa4, 0x00, 0xe7, 0x00, 0x68, 0x00,
    0x0a, 0x00, 0x8a, 0x00, 0x29, 0x00, 0xa6, 0x00, 0x86, 0x00, 0xe7, 0x00, 0x07, 0x00, 0xe7, 0x00,
    0xe7, 0x00, 0xa6, 0x00, 0xa4, 0x00, 0xe2, 0x00, 0xc2, 0x00, 0x86, 0x00, 0x48, 0x00, 0x4a, 0x00,
    0xaa, 0x00, 0x29, 0x00, 0x20, 0x00, 0x00, 0x00, 0x00, 0x00, 0x00, 0x00, 0x00, 0x00, 0x00, 0x00,
    0x00, 0x00, 0x61, 0x00, 0x27, 0x00, 0xc7, 0x00, 0x68, 0x00, 0x66, 0x00, 0x40, 0x00, 0x00, 0x00,
    0x00, 0x00, 0x00, 0x00, 0x00, 0x00, 0x00, 0x00, 0x00, 0x00, 0x00, 0x00, 0x00, 0x00, 0x00, 0x00,
    0x00, 0x00, 0x00, 0x00, 0x00, 0x00, 0x00, 0x00, 0x00, 0x00, 0x00, 0x00, 0x00, 0x00, 0x40, 0x00,
    0xa4, 0x00, 0x43, 0x00, 0x47, 0x00, 0x64, 0x00, 0x05, 0x00, 0xe8, 0x00, 0x28, 0x00, 0x08, 0x00,
    0x28, 0x00, 0x88, 0x00, 0xa9, 0x00, 0x07, 0x00, 0x46, 0x00, 0xc4, 0x00, 0x46, 0x00, 0x28, 0x00,
    0xe9, 0x00, 0xab, 0x00, 0xe9, 0x00, 0x86, 0x00, 0x86, 0x00, 0xc7, 0x00, 0x07, 0x00, 0xa6, 0x00,
    0x05, 0x00, 0x44, 0x00, 0x84, 0x00, 0x84, 0x00, 0x20, 0x00, 0x25, 0x00, 0x28, 0x00, 0x09, 0x00,
    0x0b, 0x00, 0xc8, 0x00, 0x00, 0x00, 0x00, 0x00, 0x00, 0x00, 0x00, 0x00, 0x00, 0x00, 0x00, 0x00,
    0xa1, 0x00, 0x04, 0x00, 0x47, 0x00, 0x27, 0x00, 0x68, 0x00, 0x02, 0x00, 0x00, 0x00, 0x00, 0x00,
    0x00, 0x00, 0x00, 0x00, 0x00, 0x00, 0x00, 0x00, 0x00, 0x00, 0x00, 0x00, 0x00, 0x00, 0x00, 0x00,
    0x00, 0x00, 0x00, 0x00, 0x00, 0x00, 0x00, 0x00, 0x00, 0x00, 0x00, 0x00, 0x00, 0x00, 0x00, 0x00,
    0x41, 0x00, 0x43, 0x00, 0x67, 0x00, 0xa5, 0x00, 0x84, 0x00, 0x26, 0x00, 0xc7, 0x00, 0x87, 0x00,
    0x28, 0x00, 0x08, 0x00, 0xa7, 0x00, 0xa7, 0x00, 0xe5, 0x00, 0xe4, 0x00, 0xe5, 0x00, 0x08, 0x00,
    0xc9, 0x00, 0x09, 0x00, 0xc8, 0x00, 0x45, 0x00, 0x86, 0x00, 0x86, 0x00, 0x05, 0x00, 0x84, 0x00,
    0x44, 0x00, 0x44, 0x00, 0xe5, 0x00, 0x84, 0x00, 0x00, 0x00, 0x43, 0x00, 0xe7, 0x00, 0xc9, 0x00,
    0xcb, 0x00, 0x67, 0x00, 0x00, 0x00, 0x00, 0x00, 0x00, 0x00, 0x00, 0x00, 0x00, 0x00, 0x60, 0x00,
    0x47, 0x00, 0x27, 0x00, 0x47, 0x00, 0x88, 0x00, 0x86, 0x00, 0xa1, 0x00, 0x00, 0x00, 0x00, 0x00,
    0x00, 0x00, 0x00, 0x00, 0x00, 0x00, 0x00, 0x00, 0x00, 0x00, 0x00, 0x00, 0x00, 0x00, 0x00, 0x00,
    0x00, 0x00, 0x00, 0x00, 0x00, 0x00, 0x00, 0x00, 0x00, 0x00, 0x00, 0x00, 0x00, 0x00, 0x00, 0x00,
    0x00, 0x00, 0x03, 0x00, 0x67, 0x00, 0xa5, 0x00, 0xa5, 0x00, 0xc5, 0x00, 0x06, 0x00, 0x46, 0x00,
    0x87, 0x00, 0x87, 0x00, 0xa7, 0x00, 0x05, 0x00, 0x05, 0x00, 0x25, 0x00, 0xe5, 0x00, 0xe7, 0x00,
    0x88, 0x00, 0x2a, 0x00, 0x29, 0x00, 0xc4, 0x00, 0x23, 0x00, 0x44, 0x00, 0x64, 0x00, 0xa5, 0x00,
    0x64, 0x00, 0xa5, 0x00, 0x05, 0x00, 0x81, 0x00, 0x00, 0x00, 0x81, 0x00, 0xc7, 0x00, 0xc9, 0x00,
    0x6a, 0x00, 0x27, 0x00, 0x00, 0x00, 0x00, 0x00, 0x00, 0x00, 0x00, 0x00, 0x80, 0x00, 0x46, 0x00,
    0x67, 0x00, 0x47, 0x00, 0x88, 0x00, 0x68, 0x00, 0x66, 0x00, 0x81, 0x00, 0x00, 0x00, 0x00, 0x00,
    0x00, 0x00, 0x00, 0x00, 0x00, 0x00, 0x00, 0x00, 0x00, 0x00, 0x00, 0x00, 0x00, 0x00, 0x00, 0x00,
    0x00, 0x00, 0x00, 0x00, 0x00, 0x00, 0x00, 0x00, 0x00, 0x00, 0x00, 0x00, 0x00, 0x00, 0x00, 0x00,
    0x00, 0x00, 0xa2, 0x00, 0x67, 0x00, 0xa5, 0x00, 0xa5, 0x00, 0x26, 0x00, 0x06, 0x00, 0x26, 0x00,
    0x87, 0x00, 0x67, 0x00, 0xe5, 0x00, 0xa2, 0x00, 0xa1, 0x00, 0x02, 0x00, 0x43, 0x00, 0xa7, 0x00,
    0x48, 0x00, 0x09, 0x00, 0x29, 0x00, 0xc4, 0x00, 0x81, 0x00, 0xa5, 0x00, 0xc5, 0x00, 0x64, 0x00,
    0xa5, 0x00, 0xe5, 0x00, 0xa2, 0x00, 0x00, 0x00, 0x00, 0x00, 0x20, 0x00, 0x66, 0x00, 0xe9, 0x00,
    0x6a, 0x00, 0x27, 0x00, 0x00, 0x00, 0x61, 0x00, 0xe2, 0x00, 0xa3, 0x00, 0xa7, 0x00, 0xa8, 0x00,
    0x67, 0x00, 0xa8, 0x00, 0x68, 0x00, 0xe7, 0x00, 0x02, 0x00, 0x00, 0x00, 0x00, 0x00, 0x00, 0x00,
    0x00, 0x00, 0x00, 0x00, 0x00, 0x00, 0x00, 0x00, 0x00, 0x00, 0x00, 0x00, 0x00, 0x00, 0x00, 0x00,
    0x00, 0x00, 0x00, 0x00, 0x00, 0x00, 0x00, 0x00, 0x00, 0x00, 0x00, 0x00, 0x00, 0x00, 0x00, 0x00,
    0x00, 0x00, 0x20, 0x00, 0x06, 0x00, 0xc5, 0x00, 0xc5, 0x00, 0x67, 0x00, 0x67, 0x00, 0x46, 0x00,
    0x46, 0x00, 0xa5, 0x00, 0x64, 0x00, 0xe5, 0x00, 0xa2, 0x00, 0x00, 0x00, 0x20, 0x00, 0x87, 0x00,
    0x28, 0x00, 0xe9, 0x00, 0x4a, 0x00, 0x85, 0x00, 0x41, 0x00, 0xc5, 0x00, 0xc5, 0x00, 0xa5, 0x00,
    0xa5, 0x00, 0xa1, 0x00, 0x00, 0x00, 0x00, 0x00, 0x00, 0x00, 0x00, 0x00, 0x86, 0x00, 0xe9, 0x00,
    0xaa, 0x00, 0x47, 0x00, 0x22, 0x00, 0xc6, 0x00, 0xa8, 0x00, 0xc8, 0x00, 0x87, 0x00, 0x67, 0x00,
    0x67, 0x00, 0x27, 0x00, 0x86, 0x00, 0x02, 0x00, 0x00, 0x00, 0x00, 0x00, 0x00, 0x00, 0x00, 0x00,
    0x00, 0x00, 0x00, 0x00, 0x00, 0x00, 0x00, 0x00, 0x00, 0x00, 0x00, 0x00, 0x00, 0x00, 0x00, 0x00,
    0x00, 0x00, 0x00, 0x00, 0x00, 0x00, 0x00, 0x00, 0x00, 0x00, 0x00, 0x00, 0x00, 0x00, 0x00, 0x00,
    0x00, 0x00, 0x00, 0x00, 0xe2, 0x00, 0xa5, 0x00, 0x84, 0x00, 0x67, 0x00, 0x66, 0x00, 0xe5, 0x00,
    0xc5, 0x00, 0x64, 0x00, 0x84, 0x00, 0x06, 0x00, 0x26, 0x00, 0xe5, 0x00, 0x84, 0x00, 0x05, 0x00,
    0x68, 0x00, 0x4a, 0x00, 0x29, 0x00, 0x47, 0x00, 0x43, 0x00, 0x84, 0x00, 0xe5, 0x00, 0x06, 0x00,
    0xc5, 0x00, 0xe2, 0x00, 0x63, 0x00, 0x24, 0x00, 0x85, 0x00, 0x43, 0x00, 0x66, 0x00, 0x2a, 0x00,
    0xeb, 0x00, 0x09, 0x00, 0x65, 0x00, 0x27, 0x00, 0x27, 0x00, 0xe6, 0x00, 0x07, 0x00, 0x07, 0x00,
    0xc6, 0x00, 0x05, 0x00, 0xe2, 0x00, 0x00, 0x00, 0x00, 0x00, 0x00, 0x00, 0x00, 0x00, 0x00, 0x00,
    0x00, 0x00, 0x00, 0x00, 0x00, 0x00, 0x00, 0x00, 0x00, 0x00, 0x00, 0x00, 0x00, 0x00, 0x00, 0x00,
    0x00, 0x00, 0x00, 0x00, 0x00, 0x00, 0x00, 0x00, 0x00, 0x00, 0x00, 0x00, 0x00, 0x00, 0x00, 0x00,
    0x00, 0x00, 0x00, 0x00, 0x00, 0x00, 0x61, 0x00, 0x03, 0x00, 0xe5, 0x00, 0x66, 0x00, 0x07, 0x00,
    0x86, 0x00, 0x84, 0x00, 0x64, 0x00, 0x64, 0x00, 0xe5, 0x00, 0x06, 0x00, 0xc5, 0x00, 0xe5, 0x00,
    0x88, 0x00, 0x4a, 0x00, 0x29, 0x00, 0xc8, 0x00, 0x25, 0x00, 0x64, 0x00, 0x06, 0x00, 0x05, 0x00,
    0x25, 0x00, 0x86, 0x00, 0xa6, 0x00, 0x67, 0x00, 0x68, 0x00, 0x65, 0x00, 0x46, 0x00, 0x4a, 0x00,
    0x09, 0x00, 0xaa, 0x00, 0xe6, 0x00, 0x05, 0x00, 0x05, 0x00, 0x46, 0x00, 0x86, 0x00, 0x86, 0x00,
    0x05, 0x00, 0xc1, 0x00, 0x00, 0x00, 0x00, 0x00, 0x00, 0x00, 0x00, 0x00, 0x00, 0x00, 0x00, 0x00,
    0x00, 0x00, 0x00, 0x00, 0x00, 0x00, 0x00, 0x00, 0x00, 0x00, 0x00, 0x00, 0x00, 0x00, 0x00, 0x00,
    0x00, 0x00, 0x00, 0x00, 0x00, 0x00, 0x00, 0x00, 0x00, 0x00, 0x00, 0x00, 0x00, 0x00, 0x00, 0x00,
    0x00, 0x00, 0x00, 0x00, 0x00, 0x00, 0x00, 0x00, 0x00, 0x00, 0xc5, 0x00, 0x68, 0x00, 0x09, 0x00,
    0x47, 0x00, 0x05, 0x00, 0xe5, 0x00, 0x43, 0x00, 0x44, 0x00, 0x84, 0x00, 0x64, 0x00, 0xe5, 0x00,
    0x48, 0x00, 0x09, 0x00, 0x67, 0x00, 0x88, 0x00, 0xc6, 0x00, 0xa4, 0x00, 0xa5, 0x00, 0x05, 0x00,
    0x65, 0x00, 0x47, 0x00, 0xc6, 0x00, 0xa5, 0x00, 0xc6, 0x00, 0xc4, 0x00, 0x25, 0x00, 0x47, 0x00,
    0x67, 0x00, 0x87, 0x00, 0xc8, 0x00, 0x04, 0x00, 0x65, 0x00, 0x05, 0x00, 0x43, 0x00, 0x03, 0x00,
    0x81, 0x00, 0x00, 0x00, 0x00, 0x00, 0x00, 0x00, 0x00, 0x00, 0x00, 0x00, 0x00, 0x00, 0x00, 0x00,
    0x00, 0x00, 0x00, 0x00, 0x00, 0x00, 0x00, 0x00, 0x00, 0x00, 0x00, 0x00, 0x00, 0x00, 0x00, 0x00,
    0x00, 0x00, 0x00, 0x00, 0x00, 0x00, 0x00, 0x00, 0x00, 0x00, 0x00, 0x00, 0x00, 0x00, 0x00, 0x00,
    0x00, 0x00, 0x00, 0x00, 0x00, 0x00, 0x00, 0x00, 0x20, 0x00, 0x65, 0x00, 0x07, 0x00, 0x65, 0x00,
    0xe7, 0x00, 0x66, 0x00, 0x45, 0x00, 0xa6, 0x00, 0x23, 0x00, 0xe2, 0x00, 0x43, 0x00, 0xa6, 0x00,
    0x47, 0x00, 0xc6, 0x00, 0xc8, 0x00, 0xa5, 0x00, 0xe6, 0x00, 0xc7, 0x00, 0x83, 0x00, 0x64, 0x00,
    0x05, 0x00, 0x66, 0x00, 0xc7, 0x00, 0x65, 0x00, 0x65, 0x00, 0xa1, 0x00, 0x25, 0x00, 0x67, 0x00,
    0x08, 0x00, 0x85, 0x00, 0xe8, 0x00, 0x47, 0x00, 0xe6, 0x00, 0x67, 0x00, 0x61, 0x00, 0x00, 0x00,
    0x00, 0x00, 0x00, 0x00, 0x00, 0x00, 0x00, 0x00, 0x00, 0x00, 0x00, 0x00, 0x00, 0x00, 0x00, 0x00,
    0x00, 0x00, 0x00, 0x00, 0x00, 0x00, 0x00, 0x00, 0x00, 0x00, 0x00, 0x00, 0x00, 0x00, 0x00, 0x00,
    0x00, 0x00, 0x00, 0x00, 0x00, 0x00, 0x00, 0x00, 0x00, 0x00, 0x00, 0x00, 0x00, 0x00, 0x00, 0x00,
    0x00, 0x00, 0x00, 0x00, 0x00, 0x00, 0x00, 0x00, 0x20, 0x00, 0x66, 0x00, 0x49, 0x00, 0xa4, 0x00,
    0x66, 0x00, 0xe8, 0x00, 0x84, 0x00, 0xc8, 0x00, 0x84, 0x00, 0x00, 0x00, 0xe2, 0x00, 0x28, 0x00,
    0xc6, 0x00, 0xe4, 0x00, 0xa8, 0x00, 0x47, 0x00, 0xe4, 0x00, 0x27, 0x00, 0x86, 0x00, 0x00, 0x00,
    0x81, 0x00, 0xe2, 0x00, 0x84, 0x00, 0xe2, 0x00, 0xa1, 0x00, 0x00, 0x00, 0x66, 0x00, 0x27, 0x00,
    0x48, 0x00, 0xe7, 0x00, 0xc6, 0x00, 0xa9, 0x00, 0xe5, 0x00, 0x66, 0x00, 0x63, 0x00, 0x00, 0x00,
    0x00, 0x00, 0x00, 0x00, 0x00, 0x00, 0x00, 0x00, 0x00, 0x00, 0x00, 0x00, 0x00, 0x00, 0x00, 0x00,
    0x00, 0x00, 0x00, 0x00, 0x00, 0x00, 0x00, 0x00, 0x00, 0x00, 0x00, 0x00, 0x00, 0x00, 0x00, 0x00,
    0x00, 0x00, 0x00, 0x00, 0x00, 0x00, 0x00, 0x00, 0x00, 0x00, 0x00, 0x00, 0x00, 0x00, 0x00, 0x00,
    0x00, 0x00, 0x00, 0x00, 0x00, 0x00, 0x00, 0x00, 0x00, 0x00, 0xc2, 0x00, 0x05, 0x00, 0xe2, 0x00,
    0x23, 0x00, 0xa5, 0x00, 0xc2, 0x00, 0xe2, 0x00, 0x61, 0x00, 0x00, 0x00, 0x41, 0x00, 0xa7, 0x00,
    0x46, 0x00, 0x83, 0x00, 0x66, 0x00, 0x28, 0x00, 0xa4, 0x00, 0xa4, 0x00, 0x66, 0x00, 0x00, 0x00,
    0x00, 0x00, 0x00, 0x00, 0x00, 0x00, 0x00, 0x00, 0x00, 0x00, 0x00, 0x00, 0xa1, 0x00, 0x22, 0x00,
    0x84, 0x00, 0xc4, 0x00, 0x42, 0x00, 0xe5, 0x00, 0x23, 0x00, 0x20, 0x00, 0x20, 0x00, 0x00, 0x00,
    0x00, 0x00, 0x00, 0x00, 0x00, 0x00, 0x00, 0x00, 0x00, 0x00, 0x00, 0x00, 0x00, 0x00, 0x00, 0x00,
    0x00, 0x00, 0x00, 0x00, 0x00, 0x00, 0x00, 0x00, 0x00, 0x00, 0x00, 0x00, 0x00, 0x00, 0x00, 0x00,
    0x00, 0x00, 0x00, 0x00, 0x00, 0x00, 0x00, 0x00, 0x00, 0x00, 0x00, 0x00, 0x00, 0x00, 0x00, 0x00,
    0x00, 0x00, 0x00, 0x00, 0x00, 0x00, 0x00, 0x00, 0x00, 0x00, 0x00, 0x00, 0x00, 0x00, 0x00, 0x00,
    0x00, 0x00, 0x00, 0x00, 0x00, 0x00, 0x00, 0x00, 0x00, 0x00, 0x00, 0x00, 0x00, 0x00, 0xc2, 0x00,
    0x61, 0x00, 0x00, 0x00, 0xa1, 0x00, 0x63, 0x00, 0x40, 0x00, 0x20, 0x00, 0x61, 0x00, 0x00, 0x00,
    0x00, 0x00, 0x00, 0x00, 0x00, 0x00, 0x00, 0x00, 0x00, 0x00, 0x00, 0x00, 0x00, 0x00, 0x00, 0x00,
    0x00, 0x00, 0x00, 0x00, 0x00, 0x00, 0x00, 0x00, 0x00, 0x00, 0x00, 0x00, 0x00, 0x00, 0x00, 0x00,
    0x00, 0x00, 0x00, 0x00, 0x00, 0x00, 0x00, 0x00, 0x00, 0x00, 0x00, 0x00, 0x00, 0x00, 0x00, 0x00,
    0x00, 0x00, 0x00, 0x00, 0x00, 0x00, 0x00, 0x00, 0x00, 0x00, 0x00, 0x00, 0x00, 0x00, 0x00, 0x00,
    0x00, 0x00, 0x00, 0x00, 0x00, 0x00, 0x00, 0x00, 0x00, 0x00, 0x00, 0x00, 0x00, 0x00, 0x00, 0x00,
    0x00, 0x4a, 0xff, 0x03, 0x00, 0x00, 0x00, 0x00, 0x00, 0x00, 0x00, 0x00, 0x00, 0x00, 0x00, 0x00,
    0x00, 0x00, 0x00, 0x00, 0x00, 0x1d, 0xff, 0x1b, 0x00, 0x00, 0x00, 0x00, 0x00, 0x00, 0x00, 0x00,
    0x00, 0x00, 0x00, 0x00, 0x00, 0x00, 0x00, 0x00, 0x00, 0x00, 0x00, 0x00, 0x00, 0x00, 0x00, 0x00,
    0x00, 0x00, 0x00, 0x00, 0x00, 0x00, 0x00, 0x00, 0x00, 0x00, 0x00, 0x00, 0x00, 0x00, 0x00, 0x00,
    0x00, 0x82, 0xff, 0x02, 0x00, 0x00, 0x00, 0x00, 0x00, 0x00, 0x00, 0x00, 0x00, 0x00, 0x00, 0x00,
    0x00, 0x00, 0x03, 0x01, 0x00, 0x06, 0xff, 0x40, 0x00, 0x00, 0x00, 0x00, 0x00, 0x00, 0x00, 0x00,
    0x00, 0x00, 0x00, 0x00, 0x00, 0x00, 0x00, 0x00, 0x00, 0x00, 0x00, 0x00, 0x00, 0x00, 0x00, 0x00,
    0x00, 0x00, 0x00, 0x00, 0x00, 0x00, 0x00, 0x00, 0x00, 0x00, 0x00, 0x00, 0x00, 0x00, 0x00, 0x00,
    0x00, 0x83, 0xff, 0x11, 0x00, 0x17, 0x4d, 0x00, 0x00, 0x00, 0x00, 0x00, 0x00, 0x00, 0x00, 0x00,
    0x00, 0x00, 0x4b, 0x39, 0x00, 0x06, 0xff, 0x54, 0x00, 0x00, 0x00, 0x00, 0x00, 0x00, 0x00, 0x00,
    0x00, 0x00, 0x00, 0x00, 0x00, 0x00, 0x00, 0x00, 0x00, 0x00, 0x00, 0x00, 0x00, 0x00, 0x00, 0x00,
    0x00, 0x00, 0x00, 0x00, 0x00, 0x00, 0x00, 0x00, 0x00, 0x00, 0x00, 0x00, 0x00, 0x00, 0x00, 0x00,
    0x00, 0x4d, 0xfd, 0x73, 0x00, 0xb0, 0x52, 0x00, 0x00, 0x00, 0x00, 0x00, 0x00, 0x00, 0x00, 0x00,
    0x00, 0x00, 0x14, 0xf1, 0x08, 0x08, 0xff, 0x45, 0x00, 0x00, 0x00, 0x00, 0x00, 0x00, 0x00, 0x00,
    0x00, 0x00, 0x00, 0x00, 0x00, 0x00, 0x00, 0x00, 0x00, 0x00, 0x00, 0x00, 0x00, 0x00, 0x00, 0x00,
    0x00, 0x00, 0x00, 0x00, 0x00, 0x00, 0x00, 0x00, 0x00, 0x00, 0x00, 0x00, 0x00, 0x00, 0x00, 0x00,
    0x00, 0x12, 0xff, 0xff, 0x3a, 0xe8, 0x2d, 0x00, 0x00, 0x06, 0x00, 0x00, 0x00, 0x00, 0x26, 0x68,
    0x00, 0x00, 0x00, 0xba, 0xe6, 0x94, 0xff, 0x28, 0x00, 0x0e, 0x23, 0x00, 0x00, 0x00, 0x00, 0x00,
    0x00, 0x00, 0x00, 0x00, 0x00, 0x00, 0x00, 0x00, 0x00, 0x00, 0x00, 0x00, 0x00, 0x00, 0x00, 0x00,
    0x00, 0x00, 0x00, 0x00, 0x00, 0x00, 0x00, 0x00, 0x00, 0x00, 0x00, 0x00, 0x00, 0x00, 0x02, 0x00,
    0x00, 0x00, 0x7c, 0xff, 0xff, 0xff, 0x64, 0x00, 0x19, 0xad, 0x00, 0x00, 0x00, 0x00, 0x79, 0xff,
    0x46, 0x00, 0x00, 0x12, 0xff, 0xff, 0xff, 0x38, 0x06, 0xd7, 0x3f, 0x00, 0x00, 0x00, 0x00, 0x00,
    0x00, 0x00, 0x00, 0x00, 0x00, 0x00, 0x00, 0x00, 0x00, 0x00, 0x00, 0x00, 0x00, 0x00, 0x00, 0x00,
    0x00, 0x00, 0x00, 0x00, 0x00, 0x00, 0x00, 0x00, 0x00, 0x00, 0x00, 0x00, 0x00, 0x00, 0x12, 0xb2,
    0x21, 0x1f, 0x7c, 0xf5, 0xef, 0xfb, 0xeb, 0x02, 0x3f, 0xe9, 0x00, 0x00, 0x00, 0x00, 0x9a, 0xfb,
    0xff, 0x33, 0x00, 0x00, 0x3e, 0xff, 0xf9, 0xeb, 0xed, 0xf5, 0x03, 0x00, 0x00, 0x00, 0x00, 0x00,
    0x00, 0x00, 0x00, 0x00, 0x00, 0x00, 0x00, 0x00, 0x00, 0x00, 0x00, 0x00, 0x00, 0x00, 0x00, 0x00,
    0x00, 0x00, 0x00, 0x00, 0x00, 0x00, 0x00, 0x00, 0x00, 0x00, 0x00, 0x00, 0x00, 0x00, 0x00, 0x9e,
    0xff, 0xff, 0xff, 0xff, 0xff, 0xf7, 0xff, 0xa3, 0x8b, 0xff, 0x09, 0x3d, 0x11, 0x00, 0x67, 0xff,
    0xf7, 0xef, 0x1b, 0x4e, 0x00, 0xbe, 0xff, 0xfb, 0xff, 0x20, 0x00, 0x00, 0x00, 0x00, 0x00, 0x00,
    0x00, 0x00, 0x00, 0x00, 0x00, 0x00, 0x00, 0x00, 0x00, 0x00, 0x00, 0x00, 0x00, 0x00, 0x00, 0x00,
    0x00, 0x00, 0x00, 0x00, 0x00, 0x00, 0x00, 0x00, 0x00, 0x00, 0x00, 0x00, 0x00, 0x00, 0x00, 0x02,
    0x91, 0xf9, 0xc3, 0x5b, 0x95, 0xff, 0xfd, 0xff, 0xff, 0xff, 0x7c, 0xce, 0xff, 0x69, 0x6f, 0xff,
    0xf9, 0xff, 0xd9, 0xff, 0x02, 0x5b, 0xff, 0xff, 0x3b, 0x00, 0x00, 0x00, 0x00, 0x00, 0x00, 0x00,
    0x00, 0x00, 0x00, 0x00, 0x00, 0x00, 0x00, 0x00, 0x00, 0x00, 0x00, 0x00, 0x00, 0x00, 0x00, 0x00,
    0x00, 0x00, 0x00, 0x00, 0x00, 0x00, 0x00, 0x00, 0x00, 0x00, 0x00, 0x00, 0x00, 0x00, 0x00, 0x00,
    0x00, 0x08, 0x00, 0x00, 0x00, 0x32, 0xff, 0xff, 0xfb, 0xff, 0xff, 0xf1, 0xfd, 0xff, 0xff, 0xff,
    0xff, 0xfd, 0xff, 0xff, 0x21, 0x77, 0xff, 0xfd, 0x09, 0x00, 0x00, 0x00, 0x00, 0x00, 0x00, 0x00,
    0x00, 0x00, 0x00, 0x00, 0x00, 0x00, 0x00, 0x00, 0x00, 0x00, 0x00, 0x00, 0x00, 0x00, 0x00, 0x00,
    0x00, 0x00, 0x00, 0x00, 0x00, 0x00, 0x00, 0x00, 0x00, 0x00, 0x00, 0x00, 0x00, 0x00, 0x00, 0x00,
    0x00, 0x00, 0x11, 0x2f, 0x0b, 0x00, 0x19, 0xd3, 0xfb, 0xfd, 0xfd, 0xff, 0xff, 0xf9, 0xfd, 0xff,
    0xff, 0xff, 0xfb, 0xff, 0xdc, 0xf9, 0xff, 0xe4, 0x01, 0x00, 0x01, 0x00, 0x00, 0x00, 0x00, 0x00,
    0x00, 0x00, 0x00, 0x00, 0x00, 0x00, 0x00, 0x00, 0x00, 0x00, 0x00, 0x00, 0x00, 0x00, 0x00, 0x00,
    0x00, 0x00, 0x00, 0x00, 0x00, 0x00, 0x00, 0x00, 0x00, 0x00, 0x00, 0x00, 0x00, 0x00, 0x00, 0x00,
    0x00, 0x00, 0x0e, 0xff, 0xff, 0xe9, 0x98, 0xb2, 0xff, 0xfd, 0xff, 0xff, 0xff, 0xff, 0xff, 0xff,
    0xff, 0xff, 0xff, 0xff, 0xff, 0xff, 0xff, 0xf1, 0x07, 0x6b, 0x2a, 0x00, 0x00, 0x00, 0x00, 0x00,
    0x00, 0x00, 0x00, 0x00, 0x00, 0x00, 0x00, 0x00, 0x00, 0x00, 0x00, 0x00, 0x00, 0x00, 0x00, 0x00,
    0x00, 0x00, 0x00, 0x00, 0x00, 0x00, 0x00, 0x00, 0x00, 0x00, 0x00, 0x00, 0x00, 0x00, 0x00, 0x01,
    0x03, 0x00, 0x00, 0x06, 0x94, 0xff, 0xff, 0xff, 0xff, 0xff, 0xff, 0xff, 0xff, 0xff, 0xff, 0xff,
    0xff, 0xff, 0xff, 0xff, 0xfd, 0xff, 0xff, 0xf9, 0xdc, 0xff, 0x16, 0x00, 0x00, 0x00, 0x00, 0x00,
    0x00, 0x00, 0x00, 0x00, 0x00, 0x00, 0x00, 0x00, 0x00, 0x00, 0x00, 0x00, 0x00, 0x00, 0x00, 0x00,
    0x00, 0x00, 0x00, 0x00, 0x00, 0x00, 0x00, 0x00, 0x00, 0x00, 0x00, 0x00, 0x00, 0x00, 0x00, 0x02,
    0xc1, 0x70, 0x40, 0x27, 0x57, 0xf3, 0xf9, 0xfb, 0xff, 0xff, 0xff, 0xff, 0xff, 0xff, 0xff, 0xff,
    0xff, 0xff, 0xff, 0xff, 0xff, 0xff, 0xff, 0xff, 0xff, 0xeb, 0x02, 0x00, 0x00, 0x00, 0x00, 0x00,
    0x00, 0x00, 0x00, 0x00, 0x00, 0x00, 0x00, 0x00, 0x00, 0x00, 0x00, 0x00, 0x00, 0x00, 0x00, 0x00,
    0x00, 0x00, 0x00, 0x00, 0x00, 0x00, 0x00, 0x00, 0x00, 0x00, 0x00, 0x00, 0x00, 0x00, 0x00, 0x00,
    0x33, 0xff, 0xff, 0xff, 0xff, 0xff, 0xff, 0xff, 0xff, 0xff, 0xff, 0xff, 0xff, 0xff, 0xff, 0xff,
    0xff, 0xff, 0xff, 0xff, 0xff, 0xff, 0xff, 0xf9, 0xfd, 0x7e, 0x00, 0x00, 0x00, 0x00, 0x00, 0x00,
    0x00, 0x00, 0x00, 0x00, 0x00, 0x00, 0x00, 0x00, 0x00, 0x00, 0x00, 0x00, 0x00, 0x00, 0x00, 0x00,
    0x00, 0x00, 0x00, 0x00, 0x00, 0x00, 0x00, 0x00, 0x00, 0x00, 0x00, 0x00, 0x00, 0x00, 0x00, 0x00,
    0x00, 0x80, 0xff, 0xf1, 0xf9, 0xff, 0xff, 0xff, 0xff, 0xff, 0xff, 0xff, 0xff, 0xff, 0xff, 0xff,
    0xff, 0xff, 0xff, 0xff, 0xff, 0xff, 0xff, 0xfb, 0xfd, 0x8b, 0x77, 0x01, 0x00, 0x00, 0x00, 0x00,
    0x00, 0x00, 0x00, 0x00, 0x00, 0x00, 0x00, 0x00, 0x00, 0x00, 0x00, 0x00, 0x00, 0x00, 0x00, 0x00,
    0x00, 0x00, 0x00, 0x00, 0x00, 0x00, 0x00, 0x00, 0x00, 0x00, 0x00, 0x00, 0x00, 0x00, 0x00, 0x00,
    0x00, 0x01, 0x8c, 0xff, 0xfb, 0xff, 0xff, 0xff, 0xff, 0xff, 0xff, 0xff, 0xff, 0xff, 0xff, 0xff,
    0xff, 0xff, 0xff, 0xff, 0xff, 0xff, 0xff, 0xff, 0xf9, 0xff, 0xba, 0x00, 0x00, 0x00, 0x00, 0x00,
    0x00, 0x00, 0x00, 0x00, 0x00, 0x00, 0x00, 0x00, 0x00, 0x00, 0x00, 0x00, 0x00, 0x00, 0x00, 0x00,
    0x00, 0x00, 0x00, 0x00, 0x00, 0x00, 0x00, 0x00, 0x00, 0x00, 0x00, 0x00, 0x00, 0x00, 0x00, 0x00,
    0x00, 0x00, 0x00, 0x56, 0xfd, 0xfb, 0xff, 0xff, 0xff, 0xff, 0xff, 0xff, 0xff, 0xff, 0xff, 0xff,
    0xff, 0xff, 0xff, 0xff, 0xff, 0xff, 0xff, 0xff, 0xf7, 0xfb, 0x5c, 0x00, 0x00, 0x00, 0x00, 0x00,
    0x00, 0x00, 0x00, 0x00, 0x00, 0x00, 0x00, 0x00, 0x00, 0x00, 0x00, 0x00, 0x00, 0x00, 0x00, 0x00,
    0x00, 0x00, 0x00, 0x00, 0x00, 0x00, 0x00, 0x00, 0x00, 0x00, 0x00, 0x00, 0x00, 0x00, 0x00, 0x00,
    0x00, 0x01, 0x4f, 0xdc, 0xfd, 0xfd, 0xff, 0xff, 0xff, 0xff, 0xff, 0xff, 0xff, 0xff, 0xff, 0xff,
    0xff, 0xff, 0xff, 0xff, 0xff, 0xff, 0xff, 0xff, 0xf9, 0xff, 0x11, 0x00, 0x00, 0x00, 0x00, 0x00,
    0x00, 0x00, 0x00, 0x00, 0x00, 0x00, 0x00, 0x00, 0x00, 0x00, 0x00, 0x00, 0x00, 0x00, 0x00, 0x00,
    0x00, 0x00, 0x00, 0x00, 0x00, 0x00, 0x00, 0x00, 0x00, 0x00, 0x00, 0x00, 0x00, 0x00, 0x00, 0x01,
    0x35, 0xc1, 0xff, 0xff, 0xff, 0xff, 0xff, 0xff, 0xff, 0xff, 0xff, 0xff, 0xff, 0xff, 0xff, 0xff,
    0xff, 0xff, 0xff, 0xff, 0xff, 0xff, 0xff, 0xff, 0xfd, 0xfd, 0x86, 0x08, 0x00, 0x00, 0x00, 0x00,
    0x00, 0x00, 0x00, 0x00, 0x00, 0x00, 0x00, 0x00, 0x00, 0x00, 0x00, 0x00, 0x00, 0x00, 0x00, 0x00,
    0x00, 0x00, 0x00, 0x00, 0x00, 0x00, 0x00, 0x00, 0x00, 0x00, 0x00, 0x00, 0x00, 0x00, 0x00, 0x06,
    0xb7, 0xff, 0xff, 0xff, 0xff, 0xff, 0xff, 0xff, 0xff, 0xff, 0xff, 0xff, 0xff, 0xff, 0xff, 0xff,
    0xff, 0xff, 0xff, 0xff, 0xff, 0xff, 0xff, 0xff, 0xfd, 0xfb, 0xe6, 0x17, 0x00, 0x00, 0x00, 0x00,
    0x00, 0x00, 0x00, 0x00, 0x00, 0x00, 0x00, 0x00, 0x00, 0x00, 0x00, 0x00, 0x00, 0x00, 0x00, 0x00,
    0x00, 0x00, 0x00, 0x00, 0x00, 0x00, 0x00, 0x00, 0x00, 0x00, 0x00, 0x00, 0x00, 0x00, 0x00, 0x00,
    0x00, 0x11, 0x33, 0x51, 0xf3, 0xfd, 0xff, 0xff, 0xff, 0xff, 0xff, 0xff, 0xff, 0xff, 0xff, 0xff,
    0xff, 0xff, 0xff, 0xff, 0xff, 0xff, 0xff, 0xff, 0xfb, 0xff, 0xb9, 0x00, 0x00, 0x00, 0x00, 0x00,
    0x00, 0x00, 0x00, 0x00, 0x00, 0x00, 0x00, 0x00, 0x00, 0x00, 0x00, 0x00, 0x00, 0x00, 0x00, 0x00,
    0x00, 0x00, 0x00, 0x00, 0x00, 0x00, 0x00, 0x00, 0x00, 0x00, 0x00, 0x00, 0x00, 0x00, 0x00, 0x00,
    0x00, 0x00, 0x00, 0x89, 0xf7, 0xfb, 0xff, 0xff, 0xff, 0xff, 0xff, 0xff, 0xff, 0xff, 0xff, 0xff,
    0xff, 0xff, 0xff, 0xff, 0xff, 0xff, 0xff, 0xff, 0xff, 0xf7, 0xff, 0x88, 0x00, 0x00, 0x00, 0x00,
    0x00, 0x00, 0x00, 0x00, 0x00, 0x00, 0x00, 0x00, 0x00, 0x00, 0x00, 0x00, 0x00, 0x00, 0x00, 0x00,
    0x00, 0x00, 0x00, 0x00, 0x00, 0x00, 0x00, 0x00, 0x00, 0x00, 0x00, 0x00, 0x00, 0x00, 0x00, 0x00,
    0x00, 0x00, 0x78, 0xff, 0xff, 0xff, 0xff, 0xff, 0xff, 0xff, 0xff, 0xff, 0xff, 0xff, 0xff, 0xff,
    0xff, 0xff, 0xff, 0xff, 0xff, 0xff, 0xff, 0xff, 0xfb, 0xff, 0x9a, 0x29, 0x00, 0x00, 0x00, 0x00,
    0x00, 0x00, 0x00, 0x00, 0x00, 0x00, 0x00, 0x00, 0x00, 0x00, 0x00, 0x00, 0x00, 0x00, 0x00, 0x00,
    0x00, 0x00, 0x00, 0x00, 0x00, 0x00, 0x00, 0x00, 0x00, 0x00, 0x00, 0x00, 0x00, 0x00, 0x00, 0x00,
    0x00, 0x09, 0xff, 0xfb, 0xab, 0xfb, 0xff, 0xff, 0xff, 0xff, 0xff, 0xff, 0xff, 0xff, 0xff, 0xff,
    0xff, 0xff, 0xff, 0xff, 0xff, 0xff, 0xff, 0xfb, 0xff, 0xa5, 0x00, 0x00, 0x00, 0x00, 0x00, 0x00,
    0x00, 0x00, 0x00, 0x00, 0x00, 0x7b, 0x01, 0x00, 0x00, 0x00, 0x00, 0x00, 0x00, 0x00, 0x00, 0x00,
    0x00, 0x00, 0x00, 0x00, 0x00, 0x00, 0x00, 0x00, 0x00, 0x00, 0x00, 0x00, 0x00, 0x00, 0x00, 0x00,
    0x00, 0x18, 0x77, 0x0b, 0x30, 0xfd, 0xf3, 0xff, 0xff, 0xff, 0xff, 0xff, 0xff, 0xff, 0xff, 0xff,
    0xff, 0xff, 0xff, 0xff, 0xff, 0xff, 0xf9, 0xf5, 0xce, 0x05, 0x00, 0x00, 0x00, 0x00, 0x00, 0x00,
    0x00, 0x00, 0x00, 0x00, 0x52, 0xff, 0x04, 0x00, 0x00, 0x00, 0x00, 0x00, 0x00, 0x00, 0x00, 0x00,
    0x00, 0x00, 0x00, 0x00, 0x00, 0x00, 0x00, 0x00, 0x00, 0x00, 0x00, 0x00, 0x00, 0x00, 0x00, 0x00,
    0x00, 0x00, 0x00, 0x00, 0x82, 0xfd, 0xff, 0xff, 0xff, 0xff, 0xff, 0xff, 0xff, 0xff, 0xff, 0xff,
    0xff, 0xff, 0xff, 0xff, 0xff, 0xfd, 0xff, 0xff, 0x4d, 0x00, 0x00, 0x00, 0x00, 0x00, 0x00, 0x00,
    0x00, 0x04, 0x29, 0x95, 0xff, 0xfb, 0x07, 0x00, 0x00, 0x00, 0x00, 0x00, 0x00, 0x00, 0x00, 0x00,
    0x00, 0x00, 0x00, 0x00, 0x00, 0x00, 0x00, 0x00, 0x00, 0x00, 0x00, 0x00, 0x00, 0x00, 0x00, 0x00,
    0x00, 0x00, 0x00, 0x00, 0x82, 0xff, 0x9a, 0xd9, 0xff, 0xfd, 0xff, 0xff, 0xff, 0xff, 0xff, 0xff,
    0xff, 0xff, 0xff, 0xff, 0xfd, 0xff, 0xb4, 0x74, 0x12, 0x00, 0x00, 0x00, 0x00, 0x00, 0x00, 0x01,
    0x5f, 0xe9, 0xff, 0xff, 0xfb, 0xe4, 0x02, 0x00, 0x00, 0x00, 0x00, 0x00, 0x00, 0x00, 0x00, 0x00,
    0x00, 0x00, 0x00, 0x00, 0x00, 0x00, 0x00, 0x00, 0x00, 0x00, 0x00, 0x00, 0x00, 0x00, 0x00, 0x00,
    0x00, 0x00, 0x00, 0x00, 0x6f, 0xc0, 0x05, 0xeb, 0xfd, 0xfb, 0xff, 0xff, 0xff, 0xff, 0xff, 0xff,
    0xff, 0xff, 0xff, 0xf9, 0xff, 0xa2, 0x00, 0x00, 0x00, 0x00, 0x00, 0x00, 0x00, 0x00, 0x01, 0xa5,
    0xff, 0xff, 0xf9, 0xf3, 0xfb, 0x92, 0x00, 0x00, 0x00, 0x00, 0x00, 0x00, 0x00, 0x00, 0x00, 0x00,
    0x00, 0x00, 0x00, 0x00, 0x00, 0x00, 0x00, 0x00, 0x00, 0x00, 0x00, 0x00, 0x00, 0x00, 0x00, 0x00,
    0x00, 0x00, 0x00, 0x00, 0x1c, 0x0e, 0x02, 0xff, 0xff, 0xff, 0xff, 0xff, 0xff, 0xff, 0xff, 0xff,
    0xff, 0xff, 0xff, 0xf7, 0xff, 0x46, 0x00, 0x00, 0x00, 0x00, 0x00, 0x00, 0x00, 0x00, 0x51, 0xff,
    0xf1, 0xfd, 0xff, 0xf7, 0xff, 0x23, 0x00, 0x00, 0x00, 0x00, 0x00, 0x00, 0x00, 0x00, 0x00, 0x00,
    0x00, 0x00, 0x00, 0x00, 0x00, 0x00, 0x00, 0x00, 0x00, 0x00, 0x00, 0x00, 0x00, 0x00, 0x00, 0x00,
    0x00, 0x00, 0x00, 0x00, 0x00, 0x00, 0x01, 0xe9, 0xe8, 0xd5, 0xff, 0xfd, 0xff, 0xff, 0xff, 0xff,
    0xff, 0xff, 0xff, 0xf7, 0xff, 0x4c, 0x00, 0x00, 0x00, 0x00, 0x00, 0x00, 0x00, 0x01, 0xd9, 0xfb,
    0xfb, 0xff, 0xfb, 0xff, 0x7c, 0x00, 0x00, 0x00, 0x00, 0x00, 0x00, 0x00, 0x00, 0x00, 0x00, 0x00,
    0x00, 0x00, 0x00, 0x00, 0x00, 0x00, 0x00, 0x00, 0x00, 0x00, 0x00, 0x00, 0x00, 0x00, 0x00, 0x00,
    0x00, 0x00, 0x00, 0x00, 0x00, 0x00, 0x00, 0xb9, 0x37, 0x70, 0xff, 0xf9, 0xff, 0xff, 0xff, 0xff,
    0xff, 0xff, 0xff, 0xf9, 0xff, 0x95, 0x00, 0x00, 0x00, 0x00, 0x00, 0x00, 0x00, 0x09, 0xff, 0xfd,
    0xff, 0xfb, 0xf1, 0xa3, 0x10, 0x00, 0x00, 0x00, 0x00, 0x00, 0x00, 0x00, 0x00, 0x00, 0x00, 0x00,
    0x00, 0x00, 0x00, 0x00, 0x00, 0x00, 0x00, 0x00, 0x00, 0x00, 0x00, 0x00, 0x00, 0x00, 0x00, 0x00,
    0x00, 0x00, 0x00, 0x00, 0x00, 0x00, 0x00, 0x08, 0x00, 0x51, 0xff, 0xf7, 0xff, 0xff, 0xff, 0xff,
    0xff, 0xff, 0xff, 0xff, 0xfb, 0xf7, 0x09, 0x00, 0x00, 0x00, 0x00, 0x00, 0x00, 0x0a, 0xff, 0xfd,
    0xfd, 0xff, 0xff, 0xb7, 0x1a, 0x00, 0x00, 0x00, 0x00, 0x00, 0x00, 0x00, 0x00, 0x00, 0x00, 0x00,
    0x00, 0x00, 0x00, 0x00, 0x00, 0x00, 0x00, 0x00, 0x00, 0x00, 0x00, 0x00, 0x00, 0x00, 0x00, 0x00,
    0x00, 0x00, 0x00, 0x00, 0x00, 0x00, 0x00, 0x00, 0x00, 0x3e, 0xff, 0xf7, 0xff, 0xff, 0xff, 0xff,
    0xff, 0xff, 0xff, 0xff, 0xf9, 0xff, 0x83, 0x00, 0x00, 0x00, 0x00, 0x00, 0x3f, 0x05, 0xdc, 0xff,
    0xff, 0xdc, 0x34, 0x01, 0x00, 0x00, 0x00, 0x00, 0x00, 0x00, 0x00, 0x00, 0x00, 0x00, 0x00, 0x00,
    0x00, 0x00, 0x00, 0x00, 0x00, 0x00, 0x00, 0x00, 0x00, 0x00, 0x00, 0x00, 0x00, 0x00, 0x00, 0x00,
    0x00, 0x00, 0x00, 0x00, 0x00, 0x00, 0x00, 0x00, 0x00, 0x9e, 0xff, 0xf9, 0xff, 0xff, 0xff, 0xff,
    0xff, 0xff, 0xff, 0xff, 0xff, 0xf9, 0xff, 0x13, 0x00, 0x00, 0x00, 0x01, 0xff, 0x1b, 0x66, 0xff,
    0xf1, 0x0f, 0x00, 0x00, 0x00, 0x00, 0x00, 0x00, 0x00, 0x00, 0x00, 0x00, 0x00, 0x00, 0x00, 0x00,
    0x00, 0x00, 0x00, 0x00, 0x00, 0x00, 0x00, 0x00, 0x00, 0x00, 0x00, 0x00, 0x00, 0x00, 0x00, 0x00,
    0x02, 0x0b, 0x11, 0x08, 0x00, 0x00, 0x00, 0x00, 0x3f, 0xff, 0xf9, 0xff, 0xff, 0xff, 0xff, 0xff,
    0xff, 0xff, 0xff, 0xff, 0xff, 0xf9, 0xff, 0x9a, 0x00, 0x00, 0x00, 0x02, 0xf1, 0xbe, 0x59, 0xff,
    0xd9, 0x00, 0x00, 0x00, 0x00, 0x00, 0x00, 0x00, 0x00, 0x00, 0x00, 0x00, 0x00, 0x00, 0x00, 0x00,
    0x00, 0x00, 0x00, 0x00, 0x00, 0x00, 0x00, 0x00, 0x00, 0x00, 0x00, 0x00, 0x00, 0x00, 0x00, 0x3e,
    0xd7, 0xff, 0xff, 0xfd, 0xb4, 0x2e, 0x13, 0x7e, 0xff, 0xfb, 0xff, 0xff, 0xff, 0xff, 0xff, 0xff,
    0xff, 0xff, 0xff, 0xff, 0xff, 0xff, 0xfb, 0xff, 0x13, 0x00, 0x00, 0x00, 0xa8, 0xff, 0xf7, 0xfb,
    0xff, 0x0f, 0x00, 0x00, 0x00, 0x00, 0x00, 0x00, 0x00, 0x00, 0x00, 0x00, 0x00, 0x00, 0x00, 0x00,
    0x00, 0x00, 0x00, 0x00, 0x00, 0x00, 0x00, 0x00, 0x00, 0x00, 0x00, 0x00, 0x00, 0x00, 0x00, 0x0d,
    0x55, 0xdc, 0xf9, 0xfd, 0xff, 0xff, 0xff, 0xff, 0xfd, 0xff, 0xff, 0xff, 0xff, 0xff, 0xff, 0xff,
    0xff, 0xff, 0xff, 0xff, 0xff, 0xff, 0xf7, 0xfd, 0x70, 0x00, 0x00, 0x00, 0x2f, 0xff, 0xf5, 0xf9,
    0xff, 0x88, 0x00, 0x00, 0x00, 0x00, 0x00, 0x00, 0x00, 0x00, 0x00, 0x00, 0x00, 0x00, 0x00, 0x00,
    0x00, 0x00, 0x00, 0x00, 0x00, 0x00, 0x00, 0x00, 0x00, 0x00, 0x00, 0x00, 0x03, 0x4c, 0xbc, 0xf5,
    0xf9, 0xfd, 0xff, 0xff, 0xfb, 0xf9, 0xfb, 0xf9, 0xff, 0xff, 0xff, 0xff, 0xff, 0xff, 0xff, 0xff,
    0xff, 0xff, 0xff, 0xff, 0xff, 0xff, 0xfd, 0xff, 0xd7, 0x01, 0x00, 0x00, 0x00, 0x98, 0xff, 0xf9,
    0xf9, 0xff, 0x23, 0x00, 0x4f, 0x05, 0x00, 0x00, 0x00, 0x00, 0x00, 0x00, 0x00, 0x00, 0x00, 0x00,
    0x00, 0x00, 0x00, 0x00, 0x00, 0x00, 0x00, 0x00, 0x00, 0x00, 0x00, 0x24, 0xff, 0xff, 0xff, 0xff,
    0xff, 0xff, 0xff, 0xff, 0xff, 0xff, 0xff, 0xff, 0xff, 0xff, 0xff, 0xff, 0xff, 0xff, 0xff, 0xff,
    0xff, 0xff, 0xff, 0xff, 0xff, 0xff, 0xff, 0xfd, 0xff, 0x0a, 0x00, 0x00, 0x00, 0x01, 0x75, 0xff,
    0xfd, 0xfb, 0xda, 0x02, 0xd3, 0x39, 0x00, 0x00, 0x00, 0x00, 0x00, 0x00, 0x00, 0x00, 0x00, 0x00,
    0x00, 0x00, 0x00, 0x00, 0x00, 0x00, 0x00, 0x00, 0x00, 0x00, 0x02, 0x5d, 0x49, 0xad, 0xfb, 0xfb,
    0xff, 0xff, 0xff, 0xff, 0xff, 0xff, 0xff, 0xff, 0xff, 0xff, 0xff, 0xff, 0xff, 0xff, 0xff, 0xff,
    0xff, 0xff, 0xff, 0xff, 0xff, 0xff, 0xff, 0xfb, 0xff, 0x13, 0x00, 0x00, 0x00, 0x00, 0x0c, 0x4b,
    0xde, 0xf9, 0xff, 0x7c, 0xde, 0xa5, 0x00, 0x00, 0x00, 0x00, 0x00, 0x00, 0x00, 0x00, 0x00, 0x00,
    0x00, 0x00, 0x00, 0x00, 0x00, 0x00, 0x00, 0x00, 0x00, 0x00, 0x00, 0x02, 0x5d, 0xeb, 0xfb, 0xff,
    0xff, 0xff, 0xff, 0xff, 0xff, 0xff, 0xff, 0xff, 0xff, 0xff, 0xff, 0xff, 0xff, 0xff, 0xff, 0xff,
    0xff, 0xff, 0xff, 0xff, 0xff, 0xff, 0xff, 0xfb, 0xff, 0x13, 0x00, 0x00, 0x00, 0x01, 0x94, 0xff,
    0xf7, 0xf9, 0xfd, 0xff, 0xff, 0xf1, 0x03, 0x00, 0x00, 0x00, 0x00, 0x00, 0x00, 0x00, 0x00, 0x00,
    0x00, 0x00, 0x00, 0x00, 0x00, 0x00, 0x00, 0x00, 0x00, 0x00, 0x1e, 0xe8, 0xff, 0xff, 0xff, 0xff,
    0xff, 0xff, 0xff, 0xff, 0xff, 0xff, 0xff, 0xff, 0xff, 0xff, 0xff, 0xff, 0xff, 0xff, 0xff, 0xff,
    0xff, 0xff, 0xff, 0xff, 0xff, 0xff, 0xff, 0xfb, 0xff, 0x11, 0x00, 0x00, 0x00, 0x00, 0x00, 0x36,
    0xe2, 0xff, 0xfb, 0xfd, 0xf9, 0xff, 0x17, 0x00, 0x00, 0x00, 0x00, 0x00, 0x00, 0x00, 0x00, 0x00,
    0x00, 0x00, 0x00, 0x00, 0x00, 0x00, 0x00, 0x00, 0x00, 0x1b, 0xff, 0xff, 0xf7, 0xff, 0xff, 0xff,
    0xff, 0xff, 0xff, 0xff, 0xff, 0xff, 0xff, 0xff, 0xff, 0xff, 0xff, 0xff, 0xff, 0xff, 0xff, 0xff,
    0xff, 0xff, 0xff, 0xff, 0xff, 0xff, 0xff, 0xf7, 0xff, 0x2a, 0x00, 0x00, 0x00, 0x00, 0x00, 0x00,
    0x04, 0x6b, 0xff, 0xfb, 0xf7, 0xff, 0x31, 0x00, 0x00, 0x00, 0x00, 0x00, 0x00, 0x00, 0x00, 0x00,
    0x00, 0x00, 0x00, 0x00, 0x00, 0x00, 0x00, 0x00, 0x04, 0xe8, 0xfd, 0xfb, 0xff, 0xff, 0xff, 0xff,
    0xff, 0xff, 0xff, 0xff, 0xff, 0xff, 0xff, 0xff, 0xff, 0xff, 0xff, 0xff, 0xff, 0xff, 0xff, 0xff,
    0xff, 0xff, 0xff, 0xff, 0xff, 0xff, 0xff, 0xf9, 0xff, 0x80, 0x00, 0x00, 0x00, 0x00, 0x00, 0x00,
    0x00, 0x00, 0x63, 0xff, 0xf1, 0xff, 0x41, 0x00, 0x00, 0x00, 0x00, 0x00, 0x00, 0x00, 0x00, 0x00,
    0x00, 0x00, 0x00, 0x00, 0x00, 0x00, 0x00, 0x00, 0x9b, 0xff, 0xf7, 0xff, 0xff, 0xff, 0xff, 0xff,
    0xff, 0xff, 0xff, 0xff, 0xff, 0xff, 0xff, 0xff, 0xff, 0xff, 0xff, 0xff, 0xff, 0xff, 0xff, 0xff,
    0xff, 0xff, 0xff, 0xff, 0xff, 0xff, 0xff, 0xfd, 0xff, 0xe9, 0x02, 0x00, 0x00, 0x00, 0x00, 0x00,
    0x00, 0x00, 0x02, 0xe0, 0xfb, 0xff, 0x34, 0x00, 0x00, 0x00, 0x00, 0x00, 0x00, 0x00, 0x00, 0x00,
    0x00, 0x00, 0x00, 0x00, 0x00, 0x00, 0x00, 0x04, 0x47, 0x6d, 0xfd, 0xf9, 0xff, 0xff, 0xff, 0xff,
    0xff, 0xff, 0xff, 0xff, 0xff, 0xff, 0xff, 0xff, 0xff, 0xff, 0xff, 0xff, 0xff, 0xff, 0xff, 0xff,
    0xff, 0xff, 0xff, 0xff, 0xff, 0xff, 0xff, 0xff, 0xf9, 0xff, 0x1e, 0x00, 0x00, 0x00, 0x00, 0x00,
    0x00, 0x00, 0x00, 0x83, 0xff, 0xef, 0x75, 0x1d, 0x00, 0x00, 0x00, 0x00, 0x00, 0x00, 0x00, 0x00,
    0x00, 0x00, 0x00, 0x00, 0x00, 0x00, 0x00, 0x00, 0x01, 0xdc, 0xfd, 0xfd, 0xff, 0xff, 0xff, 0xff,
    0xff, 0xff, 0xff, 0xff, 0xff, 0xff, 0xff, 0xff, 0xff, 0xff, 0xff, 0xff, 0xff, 0xff, 0xff, 0xff,
    0xff, 0xff, 0xff, 0xff, 0xff, 0xff, 0xff, 0xff, 0xf7, 0xff, 0x3e, 0x00, 0x00, 0x00, 0x00, 0x00,
    0x00, 0x00, 0x02, 0x5c, 0xff, 0xe9, 0xfd, 0x20, 0x00, 0x00, 0x00, 0x00, 0x00, 0x00, 0x00, 0x00,
    0x00, 0x00, 0x00, 0x00, 0x00, 0x00, 0x00, 0x00, 0x4f, 0xff, 0xf7, 0xff, 0xff, 0xff, 0xff, 0xff,
    0xff, 0xff, 0xff, 0xff, 0xff, 0xff, 0xff, 0xff, 0xff, 0xff, 0xff, 0xff, 0xff, 0xff, 0xff, 0xff,
    0xff, 0xff, 0xff, 0xfd, 0xfd, 0xff, 0xff, 0xff, 0xf7, 0xff, 0x35, 0x00, 0x00, 0x00, 0x00, 0x00,
    0x00, 0x00, 0x75, 0x86, 0xff, 0xf9, 0xff, 0x0b, 0x00, 0x00, 0x00, 0x00, 0x00, 0x00, 0x00, 0x00,
    0x00, 0x00, 0x00, 0x00, 0x00, 0x00, 0x00, 0x00, 0xb4, 0xfd, 0xfb, 0xff, 0xff, 0xff, 0xff, 0xff,
    0xff, 0xff, 0xff, 0xff, 0xff, 0xff, 0xff, 0xff, 0xff, 0xff, 0xff, 0xff, 0xff, 0xff, 0xff, 0xff,
    0xff, 0xff, 0xff, 0xff, 0xff, 0xff, 0xff, 0xff, 0xf7, 0xff, 0x1e, 0x00, 0x00, 0x00, 0x00, 0x00,
    0x00, 0x00, 0xc8, 0xfb, 0xfb, 0xff, 0xd9, 0x01, 0x00, 0x00, 0x00, 0x00, 0x00, 0x00, 0x00, 0x00,
    0x00, 0x00, 0x00, 0x00, 0x00, 0x00, 0x00, 0x03, 0xef, 0xfd, 0xfd, 0xff, 0xff, 0xff, 0xff, 0xff,
    0xff, 0xff, 0xff, 0xff, 0xff, 0xff, 0xff, 0xff, 0xff, 0xff, 0xff, 0xff, 0xff, 0xff, 0xff, 0xff,
    0xff, 0xff, 0xff, 0xe4, 0xce, 0xff, 0xfd, 0xff, 0xfd, 0xff, 0x0b, 0x00, 0x00, 0x00, 0x00, 0x00,
    0x00, 0x02, 0xe4, 0xff, 0xf5, 0xff, 0x68, 0x00, 0x00, 0x00, 0x00, 0x00, 0x00, 0x00, 0x00, 0x00,
    0x00, 0x00, 0x00, 0x00, 0x00, 0x00, 0x00, 0x08, 0xff, 0xff, 0xff, 0xff, 0xff, 0xff, 0xff, 0xff,
    0xff, 0xff, 0xff, 0xff, 0xff, 0xff, 0xff, 0xff, 0xff, 0xff, 0xff, 0xff, 0xff, 0xff, 0xff, 0xff,
    0xff, 0xfb, 0xff, 0xaa, 0x49, 0xff, 0xf9, 0xfd, 0xff, 0xeb, 0x02, 0x00, 0x00, 0x00, 0x00, 0x00,
    0x00, 0x0b, 0xff, 0xfb, 0xfb, 0xff, 0x0c, 0x00, 0x00, 0x00, 0x00, 0x00, 0x00, 0x00, 0x00, 0x00,
    0x00, 0x00, 0x00, 0x00, 0x00, 0x00, 0x00, 0x06, 0xda, 0x9d, 0xff, 0xfb, 0xff, 0xff, 0xff, 0xff,
    0xff, 0xff, 0xff, 0xff, 0xff, 0xff, 0xff, 0xff, 0xff, 0xff, 0xff, 0xfd, 0xff, 0xff, 0xff, 0xff,
    0xff, 0xfb, 0xff, 0xbe, 0x0a, 0xf5, 0xfd, 0xfb, 0xff, 0xc8, 0x00, 0x00, 0x00, 0x00, 0x00, 0x00,
    0x17, 0x9b, 0xfd, 0xf5, 0xff, 0x63, 0x00, 0x00, 0x00, 0x00, 0x00, 0x00, 0x00, 0x00, 0x00, 0x00,
    0x00, 0x00, 0x00, 0x00, 0x00, 0x00, 0x00, 0x01, 0x13, 0x5e, 0xff, 0xf7, 0xff, 0xff, 0xff, 0xff,
    0xff, 0xff, 0xff, 0xfd, 0xf7, 0xf7, 0xfb, 0xff, 0xff, 0xff, 0xff, 0xff, 0xff, 0xff, 0xff, 0xff,
    0xff, 0xf9, 0xfb, 0xb7, 0x00, 0x7e, 0xff, 0xf5, 0xff, 0xb2, 0x00, 0x00, 0x00, 0x00, 0x00, 0x05,
    0xe2, 0xff, 0xfd, 0xfb, 0xfd, 0x2c, 0x00, 0x00, 0x00, 0x00, 0x00, 0x00, 0x00, 0x00, 0x00, 0x00,
    0x00, 0x00, 0x00, 0x00, 0x00, 0x00, 0x00, 0x00, 0x00, 0x4f, 0xfd, 0xf7, 0xff, 0xff, 0xff, 0xff,
    0xff, 0xff, 0xff, 0xff, 0xff, 0xff, 0xff, 0xff, 0xff, 0xfd, 0xff, 0xd9, 0xfd, 0xff, 0xff, 0xff,
    0xff, 0xfb, 0xff, 0x22, 0x00, 0x22, 0xff, 0xf3, 0xff, 0xb4, 0x00, 0x00, 0x00, 0x00, 0x07, 0xb9,
    0xff, 0xf7, 0xfd, 0xf7, 0xff, 0x15, 0x00, 0x00, 0x00, 0x00, 0x00, 0x00, 0x00, 0x00, 0x00, 0x00,
    0x00, 0x00, 0x00, 0x00, 0x00, 0x00, 0x00, 0x00, 0x00, 0x23, 0xff, 0xf7, 0xff, 0xff, 0xff, 0xff,
    0xff, 0xfb, 0xff, 0x80, 0x32, 0x59, 0xa0, 0xff, 0xfd, 0xf9, 0xff, 0x62, 0x74, 0xff, 0xf9, 0xff,
    0xfb, 0xff, 0x38, 0x00, 0x00, 0x07, 0xfb, 0xfd, 0xff, 0xc8, 0x00, 0x0c, 0x33, 0x40, 0xe8, 0xff,
    0xfb, 0xff, 0xf3, 0xff, 0x46, 0x00, 0x00, 0x00, 0x00, 0x00, 0x00, 0x00, 0x00, 0x00, 0x00, 0x00,
    0x00, 0x00, 0x00, 0x00, 0x00, 0x00, 0x00, 0x00, 0x00, 0x03, 0xf3, 0xfb, 0xf9, 0xff, 0xff, 0xff,
    0xff, 0xfd, 0xfd, 0xe6, 0x40, 0x02, 0x17, 0xff, 0xf9, 0xfb, 0xff, 0x8b, 0x41, 0xff, 0xf7, 0xf7,
    0xff, 0x45, 0x00, 0x00, 0x00, 0x01, 0xeb, 0xff, 0xff, 0xe4, 0x68, 0xf7, 0xff, 0xff, 0xff, 0xfb,
    0xff, 0xff, 0xff, 0x63, 0x00, 0x00, 0x00, 0x00, 0x00, 0x00, 0x00, 0x00, 0x00, 0x00, 0x00, 0x00,
    0x00, 0x00, 0x00, 0x00, 0x00, 0x00, 0x00, 0x00, 0x00, 0x00, 0x57, 0xff, 0xff, 0xff, 0xff, 0xff,
    0xff, 0xff, 0xff, 0xff, 0xff, 0xfd, 0xe6, 0xff, 0xff, 0xff, 0xff, 0xf3, 0xe4, 0xff, 0xfd, 0xfd,
    0xff, 0xa5, 0x6b, 0x79, 0x98, 0x83, 0xf3, 0xff, 0xff, 0xff, 0xff, 0xff, 0xf9, 0xf7, 0xf9, 0xf7,
    0xf5, 0xe8, 0x3f, 0x00, 0x00, 0x00, 0x00, 0x00, 0x00, 0x00, 0x00, 0x00, 0x00, 0x00, 0x00, 0x00,
    0x00, 0x00, 0x00, 0x00, 0x00, 0x00, 0x00, 0x00, 0x00, 0x00, 0x00, 0x1a, 0xc3, 0xff, 0xfd, 0xff,
    0xff, 0xff, 0xff, 0xff, 0xf7, 0xff, 0xff, 0xff, 0xff, 0xff, 0xff, 0xff, 0xff, 0xff, 0xff, 0xff,
    0xff, 0xff, 0xff, 0xff, 0xff, 0xff, 0xff, 0xff, 0xff, 0xff, 0xf9, 0xfd, 0xff, 0xff, 0xff, 0xff,
    0xff, 0x42, 0x00, 0x00, 0x00, 0x00, 0x00, 0x00, 0x00, 0x00, 0x00, 0x00, 0x00, 0x00, 0x00, 0x00,
    0x00, 0x00, 0x00, 0x00, 0x00, 0x00, 0x00, 0x00, 0x00, 0x00, 0x00, 0x00, 0x07, 0xf9, 0xfd, 0xfd,
    0xff, 0xff, 0xff, 0xff, 0xff, 0xff, 0xff, 0xff, 0xff, 0xff, 0xff, 0xff, 0xfd, 0xff, 0xff, 0xfd,
    0xf7, 0xf3, 0xf3, 0xf1, 0xfb, 0xff, 0xff, 0xff, 0xff, 0xff, 0xff, 0xff, 0xff, 0xef, 0xb0, 0x7b,
    0x22, 0x01, 0x00, 0x00, 0x00, 0x00, 0x00, 0x00, 0x00, 0x00, 0x00, 0x00, 0x00, 0x00, 0x00, 0x00,
    0x00, 0x00, 0x00, 0x00, 0x00, 0x00, 0x00, 0x00, 0x00, 0x00, 0x00, 0x00, 0x08, 0xf7, 0xfb, 0xf7,
    0xfb, 0xfd, 0xf7, 0xf7, 0xd5, 0xc0, 0xf9, 0xff, 0xff, 0xff, 0xff, 0xff, 0xff, 0xff, 0xf7, 0xff,
    0xff, 0xff, 0xff, 0xff, 0xfd, 0x9a, 0xf5, 0xf7, 0xfb, 0xfb, 0xf9, 0xf9, 0xf7, 0xe9, 0x0b, 0x00,
    0x00, 0x00, 0x00, 0x00, 0x00, 0x00, 0x00, 0x00, 0x00, 0x00, 0x00, 0x00, 0x00, 0x00, 0x00, 0x00,
    0x00, 0x00, 0x00, 0x00, 0x00, 0x00, 0x00, 0x00, 0x00, 0x00, 0x00, 0x00, 0x13, 0xff, 0xff, 0xff,
    0xff, 0xff, 0xff, 0xff, 0x7b, 0x00, 0x89, 0xfb, 0xf5, 0xff, 0xfb, 0xfb, 0xfb, 0xff, 0xba, 0x0d,
    0x2d, 0x59, 0x9e, 0x66, 0x32, 0x06, 0xff, 0xff, 0xff, 0xff, 0xff, 0xff, 0xff, 0xff, 0x34, 0x00,
    0x00, 0x00, 0x00, 0x00, 0x00, 0x00, 0x00, 0x00, 0x00, 0x00, 0x00, 0x00, 0x00, 0x00, 0x00, 0x00,
    0x00, 0x00, 0x00, 0x00, 0x00, 0x00, 0x00, 0x00, 0x00, 0x00, 0x00, 0x00, 0x00, 0x61, 0xd5, 0x71,
    0x9e, 0xd1, 0x79, 0x64, 0x12, 0x00, 0x2b, 0xff, 0xff, 0xf9, 0xff, 0xff, 0xff, 0xf7, 0xe2, 0x00,
    0x00, 0x00, 0x00, 0x00, 0x00, 0x00, 0x31, 0x64, 0x98, 0xb5, 0x73, 0x98, 0x4f, 0x09, 0x01, 0x00,
    0x00, 0x00, 0x00, 0x00, 0x00, 0x00, 0x00, 0x00, 0x00, 0x00, 0x00, 0x00, 0x00, 0x00, 0x00, 0x00,
    0x00, 0x00, 0x00, 0x00, 0x00, 0x00, 0x00, 0x00, 0x00, 0x00, 0x00, 0x00, 0x00, 0x00, 0x02, 0x00,
    0x00, 0x02, 0x00, 0x00, 0x00, 0x00, 0x00, 0x4d, 0x26, 0x09, 0x3c, 0x98, 0x15, 0x08, 0x12, 0x00,
    0x00, 0x00, 0x00, 0x00, 0x00, 0x00, 0x00, 0x00, 0x00, 0x00, 0x00, 0x00, 0x00, 0x00, 0x00, 0x00,
    0x00, 0x00, 0x00, 0x00, 0x00, 0x00, 0x00, 0x00, 0x00, 0x00, 0x00, 0x00, 0x00, 0x00, 0x00, 0x00,
};

const lv_image_dsc_t happy_frame_8_dsc = {
    .header.w = 64,
    .header.h = 64,
    .header.cf = LV_COLOR_FORMAT_RGB565A8,
    .data_size = 12288,
    .data = happy_frame_8_data,
};
