#include "play_frames.h"

/* Frame 0: frame_000.png */
static const uint8_t play_frame_0_data[] = {
    0x00, 0x00, 0x00, 0x00, 0x00, 0x00, 0x00, 0x00, 0x00, 0x00, 0x00, 0x00, 0x00, 0x00, 0x00, 0x00,
    0x00, 0x00, 0x00, 0x00, 0x00, 0x00, 0x00, 0x00, 0x00, 0x00, 0x00, 0x00, 0x00, 0x00, 0x00, 0x00,
    0x00, 0x00, 0x00, 0x00, 0x00, 0x00, 0x00, 0x00, 0x00, 0x00, 0x05, 0x00, 0x40, 0x00, 0x00, 0x00,
    0x00, 0x00, 0x00, 0x00, 0x00, 0x00, 0x00, 0x00, 0x00, 0x00, 0x00, 0x00, 0x00, 0x00, 0x00, 0x00,
    0x00, 0x00, 0x00, 0x00, 0x00, 0x00, 0x00, 0x00, 0x00, 0x00, 0x00, 0x00, 0x00, 0x00, 0x00, 0x00,
    0x00, 0x00, 0x00, 0x00, 0x00, 0x00, 0x00, 0x00, 0x00, 0x00, 0x00, 0x00, 0x00, 0x00, 0x00, 0x00,
    0x00, 0x00, 0x00, 0x00, 0x00, 0x00, 0x00, 0x00, 0x00, 0x00, 0x00, 0x00, 0x00, 0x00, 0x00, 0x00,
    0x00, 0x00, 0x00, 0x00, 0x00, 0x00, 0x00, 0x00, 0x00, 0x00, 0x00, 0x00, 0x00, 0x00, 0x00, 0x00,
    0x00, 0x00, 0x00, 0x00, 0x00, 0x00, 0x00, 0x00, 0x00, 0x00, 0x00, 0x00, 0x00, 0x00, 0x00, 0x00,
    0x00, 0x00, 0x00, 0x00, 0x00, 0x00, 0x00, 0x00, 0x00, 0x00, 0x00, 0x00, 0x00, 0x00, 0x00, 0x00,
    0x00, 0x00, 0x00, 0x00, 0x00, 0x00, 0x00, 0x00, 0xa1, 0x00, 0x28, 0x00, 0x20, 0x00, 0x00, 0x00,
    0x00, 0x00, 0x00, 0x00, 0x00, 0x00, 0x00, 0x00, 0x00, 0x00, 0x00, 0x00, 0x00, 0x00, 0x00, 0x00,
    0x00, 0x00, 0x00, 0x00, 0x00, 0x00, 0xc2, 0x00, 0x00, 0x00, 0x00, 0x00, 0x00, 0x00, 0x00, 0x00,
    0x00, 0x00, 0x00, 0x00, 0x00, 0x00, 0x00, 0x00, 0x00, 0x00, 0x00, 0x00, 0x00, 0x00, 0x00, 0x00,
    0x00, 0x00, 0x00, 0x00, 0x00, 0x00, 0x00, 0x00, 0x00, 0x00, 0x00, 0x00, 0x00, 0x00, 0x00, 0x00,
    0x00, 0x00, 0x00, 0x00, 0x00, 0x00, 0x00, 0x00, 0x00, 0x00, 0x00, 0x00, 0x00, 0x00, 0x00, 0x00,
    0x00, 0x00, 0x00, 0x00, 0x00, 0x00, 0x00, 0x00, 0x00, 0x00, 0x00, 0x00, 0x00, 0x00, 0x00, 0x00,
    0x00, 0x00, 0x00, 0x00, 0x00, 0x00, 0x00, 0x00, 0x00, 0x00, 0x00, 0x00, 0x00, 0x00, 0x00, 0x00,
    0x00, 0x00, 0x00, 0x00, 0x00, 0x00, 0x00, 0x00, 0x63, 0x00, 0x69, 0x00, 0x20, 0x00, 0x00, 0x00,
    0x00, 0x00, 0x00, 0x00, 0x00, 0x00, 0x00, 0x00, 0x00, 0x00, 0x00, 0x00, 0x00, 0x00, 0x00, 0x00,
    0x00, 0x00, 0x00, 0x00, 0x63, 0x00, 0x86, 0x00, 0x00, 0x00, 0x00, 0x00, 0x00, 0x00, 0x00, 0x00,
    0x00, 0x00, 0x00, 0x00, 0x00, 0x00, 0x00, 0x00, 0x00, 0x00, 0x00, 0x00, 0x00, 0x00, 0x00, 0x00,
    0x00, 0x00, 0x00, 0x00, 0x00, 0x00, 0x00, 0x00, 0x00, 0x00, 0x00, 0x00, 0x00, 0x00, 0x00, 0x00,
    0x00, 0x00, 0x00, 0x00, 0x00, 0x00, 0x00, 0x00, 0x00, 0x00, 0x00, 0x00, 0x00, 0x00, 0x00, 0x00,
    0x00, 0x00, 0x00, 0x00, 0x00, 0x00, 0x00, 0x00, 0x00, 0x00, 0x00, 0x00, 0x00, 0x00, 0x00, 0x00,
    0x00, 0x00, 0x00, 0x00, 0x00, 0x00, 0x00, 0x00, 0x00, 0x00, 0x00, 0x00, 0x00, 0x00, 0x00, 0x00,
    0x00, 0x00, 0x00, 0x00, 0x00, 0x00, 0x00, 0x00, 0x43, 0x00, 0xa9, 0x00, 0xa1, 0x00, 0x00, 0x00,
    0x00, 0x00, 0xe2, 0x00, 0xa1, 0x00, 0x00, 0x00, 0x00, 0x00, 0x00, 0x00, 0x00, 0x00, 0x00, 0x00,
    0x00, 0x00, 0x00, 0x00, 0x86, 0x00, 0x25, 0x00, 0x00, 0x00, 0x00, 0x00, 0x00, 0x00, 0x00, 0x00,
    0x00, 0x00, 0x00, 0x00, 0x00, 0x00, 0x00, 0x00, 0x00, 0x00, 0x00, 0x00, 0x00, 0x00, 0x00, 0x00,
    0x00, 0x00, 0x00, 0x00, 0x00, 0x00, 0x00, 0x00, 0x00, 0x00, 0x00, 0x00, 0x00, 0x00, 0x00, 0x00,
    0x00, 0x00, 0x00, 0x00, 0x00, 0x00, 0x00, 0x00, 0x00, 0x00, 0x00, 0x00, 0x00, 0x00, 0x00, 0x00,
    0x00, 0x00, 0x00, 0x00, 0x00, 0x00, 0x00, 0x00, 0x00, 0x00, 0x00, 0x00, 0x00, 0x00, 0x00, 0x00,
    0x00, 0x00, 0x00, 0x00, 0x00, 0x00, 0x00, 0x00, 0x00, 0x00, 0x00, 0x00, 0x00, 0x00, 0x00, 0x00,
    0x00, 0x00, 0x00, 0x00, 0x00, 0x00, 0x00, 0x00, 0xa1, 0x00, 0xa9, 0x00, 0x25, 0x00, 0x00, 0x00,
    0x40, 0x00, 0x08, 0x00, 0xa1, 0x00, 0x00, 0x00, 0x00, 0x00, 0x00, 0x00, 0x00, 0x00, 0x00, 0x00,
    0x00, 0x00, 0x00, 0x00, 0x86, 0x00, 0xc7, 0x00, 0x00, 0x00, 0x00, 0x00, 0x00, 0x00, 0x61, 0x00,
    0x00, 0x00, 0x00, 0x00, 0x00, 0x00, 0x00, 0x00, 0x00, 0x00, 0x00, 0x00, 0x00, 0x00, 0x00, 0x00,
    0x00, 0x00, 0x00, 0x00, 0x00, 0x00, 0x00, 0x00, 0x00, 0x00, 0x00, 0x00, 0x00, 0x00, 0x00, 0x00,
    0x00, 0x00, 0x00, 0x00, 0x00, 0x00, 0x00, 0x00, 0x00, 0x00, 0x00, 0x00, 0x00, 0x00, 0x00, 0x00,
    0x00, 0x00, 0x00, 0x00, 0x00, 0x00, 0x00, 0x00, 0x00, 0x00, 0x00, 0x00, 0x00, 0x00, 0x00, 0x00,
    0x00, 0x00, 0x00, 0x00, 0x00, 0x00, 0x00, 0x00, 0x00, 0x00, 0x00, 0x00, 0x00, 0x00, 0x00, 0x00,
    0x00, 0x00, 0x00, 0x00, 0x00, 0x00, 0x00, 0x00, 0x20, 0x00, 0x66, 0x00, 0xea, 0x00, 0xa1, 0x00,
    0x81, 0x00, 0x69, 0x00, 0x61, 0x00, 0x00, 0x00, 0x00, 0x00, 0x00, 0x00, 0x00, 0x00, 0x00, 0x00,
    0x00, 0x00, 0x00, 0x00, 0xa4, 0x00, 0x89, 0x00, 0x81, 0x00, 0x00, 0x00, 0x63, 0x00, 0x83, 0x00,
    0x00, 0x00, 0x00, 0x00, 0x00, 0x00, 0x00, 0x00, 0x00, 0x00, 0x00, 0x00, 0x00, 0x00, 0x00, 0x00,
    0x00, 0x00, 0x00, 0x00, 0x00, 0x00, 0x00, 0x00, 0x00, 0x00, 0x00, 0x00, 0x00, 0x00, 0x00, 0x00,
    0x00, 0x00, 0x00, 0x00, 0x00, 0x00, 0x00, 0x00, 0x00, 0x00, 0x00, 0x00, 0x00, 0x00, 0x00, 0x00,
    0x00, 0x00, 0x00, 0x00, 0x00, 0x00, 0x00, 0x00, 0x00, 0x00, 0x00, 0x00, 0x00, 0x00, 0x00, 0x00,
    0x00, 0x00, 0x00, 0x00, 0x00, 0x00, 0x00, 0x00, 0x00, 0x00, 0x00, 0x00, 0x00, 0x00, 0x00, 0x00,
    0x00, 0x00, 0x81, 0x00, 0x43, 0x00, 0x40, 0x00, 0x00, 0x00, 0xe2, 0x00, 0x08, 0x00, 0x68, 0x00,
    0xe2, 0x00, 0x48, 0x00, 0x43, 0x00, 0x00, 0x00, 0x61, 0x00, 0x81, 0x00, 0x00, 0x00, 0x00, 0x00,
    0x00, 0x00, 0x00, 0x00, 0x61, 0x00, 0xe7, 0x00, 0xc7, 0x00, 0x00, 0x00, 0x46, 0x00, 0x02, 0x00,
    0x00, 0x00, 0x00, 0x00, 0x00, 0x00, 0x00, 0x00, 0x00, 0x00, 0x00, 0x00, 0x00, 0x00, 0x00, 0x00,
    0x00, 0x00, 0x00, 0x00, 0x00, 0x00, 0x00, 0x00, 0x00, 0x00, 0x00, 0x00, 0x00, 0x00, 0x00, 0x00,
    0x00, 0x00, 0x00, 0x00, 0x00, 0x00, 0x00, 0x00, 0x00, 0x00, 0x00, 0x00, 0x00, 0x00, 0x00, 0x00,
    0x00, 0x00, 0x00, 0x00, 0x00, 0x00, 0x00, 0x00, 0x00, 0x00, 0x00, 0x00, 0x00, 0x00, 0x00, 0x00,
    0x00, 0x00, 0x00, 0x00, 0x00, 0x00, 0x00, 0x00, 0x00, 0x00, 0x00, 0x00, 0x00, 0x00, 0x00, 0x00,
    0x00, 0x00, 0x40, 0x00, 0x25, 0x00, 0xc7, 0x00, 0x86, 0x00, 0xe4, 0x00, 0xa4, 0x00, 0xc7, 0x00,
    0x66, 0x00, 0x86, 0x00, 0x48, 0x00, 0x00, 0x00, 0x43, 0x00, 0x07, 0x00, 0x00, 0x00, 0x00, 0x00,
    0x20, 0x00, 0xa3, 0x00, 0x00, 0x00, 0xe2, 0x00, 0x28, 0x00, 0x05, 0x00, 0xe5, 0x00, 0xe5, 0x00,
    0x00, 0x00, 0x00, 0x00, 0x00, 0x00, 0x00, 0x00, 0x00, 0x00, 0x00, 0x00, 0x00, 0x00, 0x00, 0x00,
    0x00, 0x00, 0x00, 0x00, 0x00, 0x00, 0x00, 0x00, 0x00, 0x00, 0x00, 0x00, 0x00, 0x00, 0x00, 0x00,
    0x00, 0x00, 0x00, 0x00, 0x00, 0x00, 0x00, 0x00, 0x00, 0x00, 0x00, 0x00, 0x00, 0x00, 0x00, 0x00,
    0x00, 0x00, 0x00, 0x00, 0x00, 0x00, 0x00, 0x00, 0x00, 0x00, 0x00, 0x00, 0x00, 0x00, 0x00, 0x00,
    0x00, 0x00, 0x00, 0x00, 0x00, 0x00, 0x00, 0x00, 0x00, 0x00, 0x00, 0x00, 0x00, 0x00, 0x00, 0x00,
    0x00, 0x00, 0x00, 0x00, 0x00, 0x00, 0xe2, 0x00, 0x43, 0x00, 0x23, 0x00, 0xc2, 0x00, 0xa1, 0x00,
    0xc5, 0x00, 0xa4, 0x00, 0x48, 0x00, 0x66, 0x00, 0xc2, 0x00, 0x29, 0x00, 0x25, 0x00, 0x00, 0x00,
    0x20, 0x00, 0x68, 0x00, 0xc6, 0x00, 0x00, 0x00, 0xc2, 0x00, 0xa7, 0x00, 0x86, 0x00, 0xc7, 0x00,
    0x61, 0x00, 0x00, 0x00, 0x00, 0x00, 0x00, 0x00, 0x00, 0x00, 0x00, 0x00, 0x00, 0x00, 0x00, 0x00,
    0x00, 0x00, 0x00, 0x00, 0x00, 0x00, 0x00, 0x00, 0x00, 0x00, 0x00, 0x00, 0x00, 0x00, 0x00, 0x00,
    0x00, 0x00, 0x00, 0x00, 0x00, 0x00, 0x00, 0x00, 0x00, 0x00, 0x00, 0x00, 0x00, 0x00, 0x00, 0x00,
    0x00, 0x00, 0x00, 0x00, 0x00, 0x00, 0x00, 0x00, 0x00, 0x00, 0x00, 0x00, 0x00, 0x00, 0x00, 0x00,
    0x00, 0x00, 0x00, 0x00, 0x00, 0x00, 0x00, 0x00, 0x00, 0x00, 0x00, 0x00, 0x00, 0x00, 0x00, 0x00,
    0x00, 0x00, 0x00, 0x00, 0x00, 0x00, 0x00, 0x00, 0x00, 0x00, 0x00, 0x00, 0x00, 0x00, 0x00, 0x00,
    0x61, 0x00, 0x63, 0x00, 0xa4, 0x00, 0x69, 0x00, 0xc7, 0x00, 0x45, 0x00, 0x29, 0x00, 0x45, 0x00,
    0x61, 0x00, 0xe6, 0x00, 0x6a, 0x00, 0x85, 0x00, 0x00, 0x00, 0x61, 0x00, 0x05, 0x00, 0x86, 0x00,
    0x46, 0x00, 0x00, 0x00, 0xa3, 0x00, 0x61, 0x00, 0x00, 0x00, 0x00, 0x00, 0x00, 0x00, 0x00, 0x00,
    0x00, 0x00, 0x00, 0x00, 0x00, 0x00, 0x00, 0x00, 0x00, 0x00, 0x00, 0x00, 0x00, 0x00, 0x00, 0x00,
    0x00, 0x00, 0x00, 0x00, 0x00, 0x00, 0x00, 0x00, 0x00, 0x00, 0x00, 0x00, 0x00, 0x00, 0x00, 0x00,
    0x00, 0x00, 0x00, 0x00, 0x00, 0x00, 0x00, 0x00, 0x00, 0x00, 0x00, 0x00, 0x00, 0x00, 0x00, 0x00,
    0x00, 0x00, 0x00, 0x00, 0x00, 0x00, 0x00, 0x00, 0x00, 0x00, 0x00, 0x00, 0x00, 0x00, 0x00, 0x00,
    0x00, 0x00, 0x00, 0x00, 0x00, 0x00, 0x00, 0x00, 0x00, 0x00, 0x00, 0x00, 0x00, 0x00, 0x00, 0x00,
    0x00, 0x00, 0x20, 0x00, 0xe2, 0x00, 0x84, 0x00, 0xc7, 0x00, 0x07, 0x00, 0x05, 0x00, 0x27, 0x00,
    0x85, 0x00, 0x86, 0x00, 0xc9, 0x00, 0xaa, 0x00, 0xc4, 0x00, 0x04, 0x00, 0xa1, 0x00, 0x63, 0x00,
    0x86, 0x00, 0xa4, 0x00, 0xa8, 0x00, 0x22, 0x00, 0x00, 0x00, 0x00, 0x00, 0x00, 0x00, 0x00, 0x00,
    0x00, 0x00, 0x00, 0x00, 0x00, 0x00, 0x00, 0x00, 0x00, 0x00, 0x00, 0x00, 0x00, 0x00, 0x00, 0x00,
    0x00, 0x00, 0x00, 0x00, 0x00, 0x00, 0x00, 0x00, 0x00, 0x00, 0x00, 0x00, 0x00, 0x00, 0x00, 0x00,
    0x00, 0x00, 0x00, 0x00, 0x00, 0x00, 0x00, 0x00, 0x00, 0x00, 0x00, 0x00, 0x00, 0x00, 0x00, 0x00,
    0x00, 0x00, 0x00, 0x00, 0x00, 0x00, 0x00, 0x00, 0x00, 0x00, 0x00, 0x00, 0x00, 0x00, 0x00, 0x00,
    0x00, 0x00, 0x00, 0x00, 0x00, 0x00, 0x00, 0x00, 0x00, 0x00, 0x00, 0x00, 0x00, 0x00, 0xc1, 0x00,
    0x83, 0x00, 0x40, 0x00, 0x00, 0x00, 0x40, 0x00, 0x23, 0x00, 0x66, 0x00, 0xc7, 0x00, 0xe4, 0x00,
    0x86, 0x00, 0x65, 0x00, 0x68, 0x00, 0x09, 0x00, 0x88, 0x00, 0x68, 0x00, 0xa8, 0x00, 0x81, 0x00,
    0xe5, 0x00, 0x45, 0x00, 0x49, 0x00, 0x42, 0x00, 0x00, 0x00, 0x00, 0x00, 0x00, 0x00, 0x00, 0x00,
    0x00, 0x00, 0x00, 0x00, 0x00, 0x00, 0x00, 0x00, 0x00, 0x00, 0x00, 0x00, 0x00, 0x00, 0x00, 0x00,
    0x00, 0x00, 0x00, 0x00, 0x00, 0x00, 0x00, 0x00, 0x00, 0x00, 0x00, 0x00, 0x00, 0x00, 0x00, 0x00,
    0x00, 0x00, 0x00, 0x00, 0x00, 0x00, 0x00, 0x00, 0x00, 0x00, 0x00, 0x00, 0x00, 0x00, 0x00, 0x00,
    0x00, 0x00, 0x00, 0x00, 0x00, 0x00, 0x00, 0x00, 0x00, 0x00, 0x00, 0x00, 0x00, 0x00, 0x00, 0x00,
    0x00, 0x00, 0x00, 0x00, 0x00, 0x00, 0x63, 0x00, 0x22, 0x00, 0x20, 0x00, 0x00, 0x00, 0x00, 0x00,
    0x65, 0x00, 0x07, 0x00, 0xa6, 0x00, 0x25, 0x00, 0x63, 0x00, 0x02, 0x00, 0xc4, 0x00, 0x86, 0x00,
    0x84, 0x00, 0xe4, 0x00, 0x86, 0x00, 0x68, 0x00, 0x68, 0x00, 0x47, 0x00, 0x0b, 0x00, 0x85, 0x00,
    0x43, 0x00, 0x25, 0x00, 0x09, 0x00, 0xc1, 0x00, 0x00, 0x00, 0x00, 0x00, 0x00, 0x00, 0x00, 0x00,
    0x00, 0x00, 0x00, 0x00, 0x00, 0x00, 0x00, 0x00, 0x00, 0x00, 0x00, 0x00, 0x00, 0x00, 0x00, 0x00,
    0x00, 0x00, 0x00, 0x00, 0x00, 0x00, 0x00, 0x00, 0x00, 0x00, 0x00, 0x00, 0x00, 0x00, 0x00, 0x00,
    0x00, 0x00, 0x00, 0x00, 0x00, 0x00, 0x00, 0x00, 0x00, 0x00, 0x00, 0x00, 0x00, 0x00, 0x00, 0x00,
    0x00, 0x00, 0x00, 0x00, 0x00, 0x00, 0x00, 0x00, 0x00, 0x00, 0x00, 0x00, 0x00, 0x00, 0x00, 0x00,
    0x00, 0x00, 0x00, 0x00, 0x00, 0x00, 0xe2, 0x00, 0x88, 0x00, 0x27, 0x00, 0xa6, 0x00, 0x45, 0x00,
    0x25, 0x00, 0x85, 0x00, 0xc6, 0x00, 0x47, 0x00, 0x45, 0x00, 0xa3, 0x00, 0xc6, 0x00, 0x07, 0x00,
    0xa6, 0x00, 0x02, 0x00, 0x47, 0x00, 0xa6, 0x00, 0x86, 0x00, 0x27, 0x00, 0xcb, 0x00, 0xca, 0x00,
    0x83, 0x00, 0x45, 0x00, 0x27, 0x00, 0x40, 0x00, 0x00, 0x00, 0x00, 0x00, 0x00, 0x00, 0x00, 0x00,
    0x00, 0x00, 0x00, 0x00, 0x00, 0x00, 0x00, 0x00, 0x00, 0x00, 0x00, 0x00, 0x00, 0x00, 0x00, 0x00,
    0x00, 0x00, 0x00, 0x00, 0x00, 0x00, 0x00, 0x00, 0x00, 0x00, 0x00, 0x00, 0x00, 0x00, 0x00, 0x00,
    0x00, 0x00, 0x00, 0x00, 0x00, 0x00, 0x00, 0x00, 0x00, 0x00, 0x00, 0x00, 0x00, 0x00, 0x00, 0x00,
    0x00, 0x00, 0x00, 0x00, 0x00, 0x00, 0x00, 0x00, 0x00, 0x00, 0x00, 0x00, 0x00, 0x00, 0x00, 0x00,
    0x00, 0x00, 0x00, 0x00, 0x00, 0x00, 0x00, 0x00, 0xc2, 0x00, 0x07, 0x00, 0x48, 0x00, 0xc9, 0x00,
    0x09, 0x00, 0x6a, 0x00, 0x09, 0x00, 0xa6, 0x00, 0x04, 0x00, 0xc4, 0x00, 0x2a, 0x00, 0x4c, 0x00,
    0x4c, 0x00, 0x65, 0x00, 0xc8, 0x00, 0xaa, 0x00, 0x24, 0x00, 0x25, 0x00, 0x29, 0x00, 0x4c, 0x00,
    0xa6, 0x00, 0x07, 0x00, 0x88, 0x00, 0x00, 0x00, 0x00, 0x00, 0x00, 0x00, 0x00, 0x00, 0x00, 0x00,
    0x00, 0x00, 0x00, 0x00, 0x00, 0x00, 0x00, 0x00, 0x00, 0x00, 0x00, 0x00, 0x00, 0x00, 0x00, 0x00,
    0x00, 0x00, 0x00, 0x00, 0x00, 0x00, 0x00, 0x00, 0x00, 0x00, 0x00, 0x00, 0x00, 0x00, 0x00, 0x00,
    0x00, 0x00, 0x00, 0x00, 0x00, 0x00, 0x00, 0x00, 0x00, 0x00, 0x00, 0x00, 0x00, 0x00, 0x00, 0x00,
    0x00, 0x00, 0x00, 0x00, 0x00, 0x00, 0x00, 0x00, 0x00, 0x00, 0x00, 0x00, 0x00, 0x00, 0x00, 0x00,
    0x00, 0x00, 0x00, 0x00, 0x00, 0x00, 0x00, 0x00, 0x00, 0x00, 0xa1, 0x00, 0x66, 0x00, 0xa6, 0x00,
    0x45, 0x00, 0x25, 0x00, 0xe9, 0x00, 0xcb, 0x00, 0x68, 0x00, 0x25, 0x00, 0x86, 0x00, 0x09, 0x00,
    0x4c, 0x00, 0x4c, 0x00, 0x06, 0x00, 0x8a, 0x00, 0x6a, 0x00, 0x65, 0x00, 0x07, 0x00, 0x2c, 0x00,
    0xa8, 0x00, 0x27, 0x00, 0x68, 0x00, 0x63, 0x00, 0x63, 0x00, 0x00, 0x00, 0x00, 0x00, 0x00, 0x00,
    0x00, 0x00, 0x00, 0x00, 0x00, 0x00, 0x00, 0x00, 0x00, 0x00, 0x00, 0x00, 0x00, 0x00, 0x00, 0x00,
    0x00, 0x00, 0x00, 0x00, 0x00, 0x00, 0x00, 0x00, 0x00, 0x00, 0x00, 0x00, 0x00, 0x00, 0x00, 0x00,
    0x00, 0x00, 0x00, 0x00, 0x00, 0x00, 0x00, 0x00, 0x00, 0x00, 0x00, 0x00, 0x00, 0x00, 0x00, 0x00,
    0x00, 0x00, 0x00, 0x00, 0x00, 0x00, 0x00, 0x00, 0x00, 0x00, 0x00, 0x00, 0x00, 0x00, 0x00, 0x00,
    0x00, 0x00, 0x00, 0x00, 0x00, 0x00, 0x00, 0x00, 0x00, 0x00, 0x00, 0x00, 0x40, 0x00, 0xc4, 0x00,
    0x45, 0x00, 0xc4, 0x00, 0x63, 0x00, 0x28, 0x00, 0xab, 0x00, 0x47, 0x00, 0x48, 0x00, 0x2a, 0x00,
    0x8a, 0x00, 0x6c, 0x00, 0xad, 0x00, 0xeb, 0x00, 0xab, 0x00, 0x4a, 0x00, 0x06, 0x00, 0x4a, 0x00,
    0xe8, 0x00, 0xa8, 0x00, 0xc8, 0x00, 0x29, 0x00, 0x65, 0x00, 0x00, 0x00, 0x00, 0x00, 0x00, 0x00,
    0x00, 0x00, 0x00, 0x00, 0x00, 0x00, 0x00, 0x00, 0x00, 0x00, 0x00, 0x00, 0x00, 0x00, 0x00, 0x00,
    0x00, 0x00, 0x00, 0x00, 0x00, 0x00, 0x00, 0x00, 0x00, 0x00, 0x00, 0x00, 0x00, 0x00, 0x00, 0x00,
    0x00, 0x00, 0x00, 0x00, 0x00, 0x00, 0x00, 0x00, 0x00, 0x00, 0x00, 0x00, 0x00, 0x00, 0x00, 0x00,
    0x00, 0x00, 0x00, 0x00, 0x00, 0x00, 0x00, 0x00, 0x00, 0x00, 0x00, 0x00, 0x00, 0x00, 0x00, 0x00,
    0x00, 0x00, 0x00, 0x00, 0x00, 0x00, 0x00, 0x00, 0x20, 0x00, 0xc1, 0x00, 0x22, 0x00, 0x22, 0x00,
    0x63, 0x00, 0x05, 0x00, 0xe4, 0x00, 0x63, 0x00, 0x48, 0x00, 0x4a, 0x00, 0x68, 0x00, 0xc9, 0x00,
    0x8b, 0x00, 0xcb, 0x00, 0x4c, 0x00, 0xad, 0x00, 0x6c, 0x00, 0x2c, 0x00, 0x49, 0x00, 0xa8, 0x00,
    0x29, 0x00, 0xc8, 0x00, 0x8a, 0x00, 0x0b, 0x00, 0x83, 0x00, 0x00, 0x00, 0x00, 0x00, 0x00, 0x00,
    0x00, 0x00, 0x00, 0x00, 0x00, 0x00, 0x00, 0x00, 0x00, 0x00, 0x00, 0x00, 0x00, 0x00, 0x00, 0x00,
    0x00, 0x00, 0x00, 0x00, 0x00, 0x00, 0x00, 0x00, 0x00, 0x00, 0x00, 0x00, 0x00, 0x00, 0x00, 0x00,
    0x00, 0x00, 0x00, 0x00, 0x00, 0x00, 0x00, 0x00, 0x00, 0x00, 0x00, 0x00, 0x00, 0x00, 0x00, 0x00,
    0x00, 0x00, 0x00, 0x00, 0x00, 0x00, 0x00, 0x00, 0x00, 0x00, 0x00, 0x00, 0x00, 0x00, 0x00, 0x00,
    0x00, 0x00, 0x00, 0x00, 0x00, 0x00, 0xa4, 0x00, 0x47, 0x00, 0x47, 0x00, 0xc6, 0x00, 0x25, 0x00,
    0xe2, 0x00, 0xe2, 0x00, 0x43, 0x00, 0x43, 0x00, 0x83, 0x00, 0xa6, 0x00, 0x68, 0x00, 0x48, 0x00,
    0x48, 0x00, 0x07, 0x00, 0x88, 0x00, 0xaa, 0x00, 0x6c, 0x00, 0x2b, 0x00, 0xeb, 0x00, 0x6a, 0x00,
    0x6a, 0x00, 0xa8, 0x00, 0x0b, 0x00, 0xc8, 0x00, 0x20, 0x00, 0x00, 0x00, 0x00, 0x00, 0x00, 0x00,
    0x00, 0x00, 0x00, 0x00, 0x00, 0x00, 0x00, 0x00, 0x00, 0x00, 0x00, 0x00, 0x00, 0x00, 0x00, 0x00,
    0x00, 0x00, 0x00, 0x00, 0x00, 0x00, 0x00, 0x00, 0x00, 0x00, 0x00, 0x00, 0x00, 0x00, 0x00, 0x00,
    0x00, 0x00, 0x00, 0x00, 0x00, 0x00, 0x00, 0x00, 0x00, 0x00, 0x00, 0x00, 0x00, 0x00, 0x00, 0x00,
    0x00, 0x00, 0x00, 0x00, 0x00, 0x00, 0x00, 0x00, 0x00, 0x00, 0x00, 0x00, 0x00, 0x00, 0x00, 0x00,
    0x00, 0x00, 0x00, 0x00, 0x00, 0x00, 0x20, 0x00, 0x63, 0x00, 0x65, 0x00, 0x66, 0x00, 0x05, 0x00,
    0x66, 0x00, 0xe7, 0x00, 0x66, 0x00, 0x05, 0x00, 0x05, 0x00, 0x45, 0x00, 0x86, 0x00, 0x86, 0x00,
    0x63, 0x00, 0xc1, 0x00, 0x22, 0x00, 0xe4, 0x00, 0x09, 0x00, 0x6c, 0x00, 0x0b, 0x00, 0x2b, 0x00,
    0x4c, 0x00, 0x6a, 0x00, 0x49, 0x00, 0x85, 0x00, 0xa1, 0x00, 0x00, 0x00, 0x00, 0x00, 0x00, 0x00,
    0x00, 0x00, 0x00, 0x00, 0x00, 0x00, 0x00, 0x00, 0x00, 0x00, 0x00, 0x00, 0x00, 0x00, 0x00, 0x00,
    0x00, 0x00, 0x00, 0x00, 0x00, 0x00, 0x00, 0x00, 0x00, 0x00, 0x00, 0x00, 0x00, 0x00, 0x00, 0x00,
    0x00, 0x00, 0x00, 0x00, 0x00, 0x00, 0x00, 0x00, 0x00, 0x00, 0x00, 0x00, 0x00, 0x00, 0x00, 0x00,
    0x00, 0x00, 0x00, 0x00, 0x00, 0x00, 0x00, 0x00, 0x00, 0x00, 0x00, 0x00, 0x00, 0x00, 0x00, 0x00,
    0x00, 0x00, 0x00, 0x00, 0x00, 0x00, 0x00, 0x00, 0x00, 0x00, 0x20, 0x00, 0xc1, 0x00, 0xe2, 0x00,
    0xa4, 0x00, 0xe7, 0x00, 0x89, 0x00, 0x69, 0x00, 0x28, 0x00, 0x28, 0x00, 0x68, 0x00, 0x88, 0x00,
    0xe4, 0x00, 0x43, 0x00, 0x02, 0x00, 0xe2, 0x00, 0x83, 0x00, 0xcb, 0x00, 0x4c, 0x00, 0x4c, 0x00,
    0x4c, 0x00, 0x2b, 0x00, 0x27, 0x00, 0xc6, 0x00, 0x22, 0x00, 0x00, 0x00, 0x00, 0x00, 0x00, 0x00,
    0x00, 0x00, 0x00, 0x00, 0x00, 0x00, 0x00, 0x00, 0x00, 0x00, 0x00, 0x00, 0x00, 0x00, 0x00, 0x00,
    0x00, 0x00, 0x00, 0x00, 0x00, 0x00, 0x00, 0x00, 0x00, 0x00, 0x00, 0x00, 0x00, 0x00, 0x00, 0x00,
    0x00, 0x00, 0x00, 0x00, 0x00, 0x00, 0x00, 0x00, 0x00, 0x00, 0x00, 0x00, 0x00, 0x00, 0x00, 0x00,
    0x00, 0x00, 0x00, 0x00, 0x00, 0x00, 0x00, 0x00, 0x00, 0x00, 0x00, 0x00, 0x00, 0x00, 0x00, 0x00,
    0x00, 0x00, 0x00, 0x00, 0x00, 0x00, 0x00, 0x00, 0x00, 0x00, 0x00, 0x00, 0x00, 0x00, 0x63, 0x00,
    0x83, 0x00, 0x02, 0x00, 0x23, 0x00, 0xc4, 0x00, 0x86, 0x00, 0x68, 0x00, 0x2a, 0x00, 0x8b, 0x00,
    0x09, 0x00, 0x25, 0x00, 0x60, 0x00, 0xe1, 0x00, 0xe4, 0x00, 0x88, 0x00, 0x2c, 0x00, 0x6c, 0x00,
    0x6c, 0x00, 0x0b, 0x00, 0x63, 0x00, 0x65, 0x00, 0x42, 0x00, 0x00, 0x00, 0x00, 0x00, 0x00, 0x00,
    0x00, 0x00, 0x00, 0x00, 0x00, 0x00, 0x00, 0x00, 0x00, 0x00, 0x00, 0x00, 0x00, 0x00, 0xe2, 0x00,
    0x83, 0x00, 0x00, 0x00, 0x00, 0x00, 0x00, 0x00, 0x00, 0x00, 0x00, 0x00, 0x00, 0x00, 0x00, 0x00,
    0x00, 0x00, 0x00, 0x00, 0x00, 0x00, 0x00, 0x00, 0x00, 0x00, 0x00, 0x00, 0x00, 0x00, 0x00, 0x00,
    0x00, 0x00, 0x00, 0x00, 0x00, 0x00, 0x00, 0x00, 0x00, 0x00, 0x00, 0x00, 0x00, 0x00, 0x00, 0x00,
    0x00, 0x00, 0x00, 0x00, 0x00, 0x00, 0x00, 0x00, 0x00, 0x00, 0x20, 0x00, 0x46, 0x00, 0xc7, 0x00,
    0x25, 0x00, 0x43, 0x00, 0x43, 0x00, 0x46, 0x00, 0x08, 0x00, 0xa9, 0x00, 0x2a, 0x00, 0x8b, 0x00,
    0x0c, 0x00, 0x0b, 0x00, 0xa8, 0x00, 0x07, 0x00, 0x85, 0x00, 0xc6, 0x00, 0xaa, 0x00, 0x2c, 0x00,
    0x6c, 0x00, 0x4c, 0x00, 0x24, 0x00, 0x65, 0x00, 0x45, 0x00, 0x00, 0x00, 0x00, 0x00, 0x00, 0x00,
    0x00, 0x00, 0x00, 0x00, 0x00, 0x00, 0x00, 0x00, 0x00, 0x00, 0x00, 0x00, 0x00, 0x00, 0x85, 0x00,
    0x27, 0x00, 0x00, 0x00, 0x00, 0x00, 0x00, 0x00, 0x00, 0x00, 0x00, 0x00, 0x00, 0x00, 0x00, 0x00,
    0x00, 0x00, 0x00, 0x00, 0x00, 0x00, 0x00, 0x00, 0x00, 0x00, 0x00, 0x00, 0x00, 0x00, 0x00, 0x00,
    0x00, 0x00, 0x00, 0x00, 0x00, 0x00, 0x00, 0x00, 0x00, 0x00, 0x00, 0x00, 0x00, 0x00, 0x00, 0x00,
    0x00, 0x00, 0x00, 0x00, 0x00, 0x00, 0x00, 0x00, 0x20, 0x00, 0x66, 0x00, 0x08, 0x00, 0x66, 0x00,
    0xa4, 0x00, 0xc1, 0x00, 0xc4, 0x00, 0xe7, 0x00, 0x28, 0x00, 0x68, 0x00, 0xea, 0x00, 0x6a, 0x00,
    0x6a, 0x00, 0x8a, 0x00, 0xeb, 0x00, 0x2c, 0x00, 0x4a, 0x00, 0x88, 0x00, 0x29, 0x00, 0xeb, 0x00,
    0x6c, 0x00, 0x8c, 0x00, 0x4b, 0x00, 0x45, 0x00, 0x04, 0x00, 0x00, 0x00, 0x00, 0x00, 0x00, 0x00,
    0x00, 0x00, 0x00, 0x00, 0x00, 0x00, 0x00, 0x00, 0x00, 0x00, 0x00, 0x00, 0x20, 0x00, 0x8a, 0x00,
    0x67, 0x00, 0x00, 0x00, 0x00, 0x00, 0x00, 0x00, 0x00, 0x00, 0x00, 0x00, 0x00, 0x00, 0x00, 0x00,
    0x00, 0x00, 0x00, 0x00, 0x00, 0x00, 0x00, 0x00, 0x00, 0x00, 0x00, 0x00, 0x00, 0x00, 0x00, 0x00,
    0x00, 0x00, 0x00, 0x00, 0x00, 0x00, 0x00, 0x00, 0x00, 0x00, 0x00, 0x00, 0x00, 0x00, 0x00, 0x00,
    0x00, 0x00, 0x00, 0x00, 0x00, 0x00, 0x00, 0x00, 0x40, 0x00, 0x43, 0x00, 0x02, 0x00, 0xe2, 0x00,
    0x23, 0x00, 0x43, 0x00, 0xe2, 0x00, 0xa1, 0x00, 0xe5, 0x00, 0x48, 0x00, 0x89, 0x00, 0x0a, 0x00,
    0x0a, 0x00, 0xa6, 0x00, 0x07, 0x00, 0x8b, 0x00, 0x0c, 0x00, 0xeb, 0x00, 0xeb, 0x00, 0x8a, 0x00,
    0xcb, 0x00, 0x4c, 0x00, 0x8c, 0x00, 0xaa, 0x00, 0xc1, 0x00, 0x00, 0x00, 0x00, 0x00, 0x00, 0x00,
    0x00, 0x00, 0x00, 0x00, 0x00, 0x00, 0x00, 0x00, 0x00, 0x00, 0x81, 0x00, 0x47, 0x00, 0x4b, 0x00,
    0x67, 0x00, 0x00, 0x00, 0x00, 0x00, 0x00, 0x00, 0x00, 0x00, 0x00, 0x00, 0x00, 0x00, 0x00, 0x00,
    0x00, 0x00, 0x00, 0x00, 0x00, 0x00, 0x00, 0x00, 0x00, 0x00, 0x00, 0x00, 0x00, 0x00, 0x00, 0x00,
    0x00, 0x00, 0x00, 0x00, 0x00, 0x00, 0x00, 0x00, 0x00, 0x00, 0x00, 0x00, 0x00, 0x00, 0x00, 0x00,
    0x00, 0x00, 0x00, 0x00, 0x00, 0x00, 0x00, 0x00, 0x00, 0x00, 0x00, 0x00, 0x00, 0x00, 0x61, 0x00,
    0x05, 0x00, 0xa4, 0x00, 0x23, 0x00, 0x02, 0x00, 0x66, 0x00, 0x46, 0x00, 0xc7, 0x00, 0x89, 0x00,
    0xea, 0x00, 0xa9, 0x00, 0x05, 0x00, 0xc6, 0x00, 0x0a, 0x00, 0xcb, 0x00, 0x0c, 0x00, 0x6a, 0x00,
    0x47, 0x00, 0xeb, 0x00, 0x0b, 0x00, 0xca, 0x00, 0x22, 0x00, 0x00, 0x00, 0x00, 0x00, 0x00, 0x00,
    0x00, 0x00, 0x00, 0x00, 0x00, 0x00, 0x00, 0x00, 0x83, 0x00, 0x49, 0x00, 0x49, 0x00, 0xaa, 0x00,
    0x27, 0x00, 0x00, 0x00, 0x00, 0x00, 0x00, 0x00, 0x00, 0x00, 0x00, 0x00, 0x00, 0x00, 0x00, 0x00,
    0x00, 0x00, 0x00, 0x00, 0x00, 0x00, 0x00, 0x00, 0x00, 0x00, 0x00, 0x00, 0x00, 0x00, 0x00, 0x00,
    0x00, 0x00, 0x00, 0x00, 0x00, 0x00, 0x00, 0x00, 0x00, 0x00, 0x00, 0x00, 0x00, 0x00, 0x00, 0x00,
    0x00, 0x00, 0x00, 0x00, 0x00, 0x00, 0x00, 0x00, 0x00, 0x00, 0x00, 0x00, 0x00, 0x00, 0x43, 0x00,
    0x87, 0x00, 0x84, 0x00, 0x84, 0x00, 0x43, 0x00, 0x02, 0x00, 0xc1, 0x00, 0xe2, 0x00, 0xa4, 0x00,
    0x86, 0x00, 0x69, 0x00, 0x88, 0x00, 0x86, 0x00, 0x45, 0x00, 0xa6, 0x00, 0xc9, 0x00, 0x8b, 0x00,
    0x6a, 0x00, 0x6a, 0x00, 0xcb, 0x00, 0x47, 0x00, 0x20, 0x00, 0x00, 0x00, 0x00, 0x00, 0x00, 0x00,
    0x00, 0x00, 0x00, 0x00, 0x00, 0x00, 0x02, 0x00, 0xca, 0x00, 0xc8, 0x00, 0xc8, 0x00, 0xcb, 0x00,
    0x65, 0x00, 0x00, 0x00, 0x00, 0x00, 0x00, 0x00, 0x00, 0x00, 0x00, 0x00, 0x00, 0x00, 0x00, 0x00,
    0x00, 0x00, 0x00, 0x00, 0x00, 0x00, 0x00, 0x00, 0x00, 0x00, 0x00, 0x00, 0x00, 0x00, 0x00, 0x00,
    0x00, 0x00, 0x00, 0x00, 0x00, 0x00, 0x00, 0x00, 0x00, 0x00, 0x00, 0x00, 0x00, 0x00, 0x00, 0x00,
    0x00, 0x00, 0x00, 0x00, 0x00, 0x00, 0x00, 0x00, 0x00, 0x00, 0x00, 0x00, 0x00, 0x00, 0xa4, 0x00,
    0x66, 0x00, 0x02, 0x00, 0x26, 0x00, 0x63, 0x00, 0x02, 0x00, 0x43, 0x00, 0x02, 0x00, 0x63, 0x00,
    0x43, 0x00, 0x63, 0x00, 0x45, 0x00, 0x28, 0x00, 0x68, 0x00, 0xc6, 0x00, 0x25, 0x00, 0xe7, 0x00,
    0xe9, 0x00, 0x2a, 0x00, 0x68, 0x00, 0xa1, 0x00, 0x00, 0x00, 0x00, 0x00, 0x00, 0x00, 0x00, 0x00,
    0x00, 0x00, 0x60, 0x00, 0x40, 0x00, 0x67, 0x00, 0x69, 0x00, 0x06, 0x00, 0x8a, 0x00, 0x49, 0x00,
    0x42, 0x00, 0x00, 0x00, 0x00, 0x00, 0x00, 0x00, 0x00, 0x00, 0x00, 0x00, 0x00, 0x00, 0x00, 0x00,
    0x00, 0x00, 0x00, 0x00, 0x00, 0x00, 0x00, 0x00, 0x00, 0x00, 0x00, 0x00, 0x00, 0x00, 0x00, 0x00,
    0x00, 0x00, 0x00, 0x00, 0x00, 0x00, 0x00, 0x00, 0x00, 0x00, 0x00, 0x00, 0x00, 0x00, 0x00, 0x00,
    0x00, 0x00, 0x00, 0x00, 0x00, 0x00, 0x00, 0x00, 0x00, 0x00, 0x00, 0x00, 0x00, 0x00, 0x84, 0x00,
    0x43, 0x00, 0xc2, 0x00, 0xa7, 0x00, 0x84, 0x00, 0x43, 0x00, 0x05, 0x00, 0x63, 0x00, 0xc4, 0x00,
    0x45, 0x00, 0xe4, 0x00, 0x83, 0x00, 0x63, 0x00, 0x25, 0x00, 0xe6, 0x00, 0x27, 0x00, 0x86, 0x00,
    0x04, 0x00, 0xa3, 0x00, 0x40, 0x00, 0x00, 0x00, 0x00, 0x00, 0x00, 0x00, 0x00, 0x00, 0x00, 0x00,
    0x00, 0x00, 0x24, 0x00, 0xe4, 0x00, 0xc8, 0x00, 0x06, 0x00, 0x88, 0x00, 0x09, 0x00, 0xe6, 0x00,
    0x20, 0x00, 0x00, 0x00, 0x00, 0x00, 0x00, 0x00, 0x00, 0x00, 0x00, 0x00, 0x00, 0x00, 0x00, 0x00,
    0x00, 0x00, 0x00, 0x00, 0x00, 0x00, 0x00, 0x00, 0x00, 0x00, 0x00, 0x00, 0x00, 0x00, 0x00, 0x00,
    0x00, 0x00, 0x00, 0x00, 0x00, 0x00, 0x00, 0x00, 0x00, 0x00, 0x00, 0x00, 0x00, 0x00, 0x00, 0x00,
    0x00, 0x00, 0x00, 0x00, 0x00, 0x00, 0x00, 0x00, 0x00, 0x00, 0x00, 0x00, 0x00, 0x00, 0x40, 0x00,
    0x00, 0x00, 0xc2, 0x00, 0xe8, 0x00, 0x84, 0x00, 0x23, 0x00, 0x46, 0x00, 0x05, 0x00, 0xa4, 0x00,
    0x66, 0x00, 0xa7, 0x00, 0xc7, 0x00, 0xe7, 0x00, 0xe5, 0x00, 0x61, 0x00, 0x40, 0x00, 0x60, 0x00,
    0x00, 0x00, 0x00, 0x00, 0x00, 0x00, 0x00, 0x00, 0x00, 0x00, 0x00, 0x00, 0x00, 0x00, 0x00, 0x00,
    0x00, 0x00, 0xa6, 0x00, 0x47, 0x00, 0x07, 0x00, 0xc6, 0x00, 0xc9, 0x00, 0x68, 0x00, 0x02, 0x00,
    0x00, 0x00, 0x00, 0x00, 0x00, 0x00, 0x00, 0x00, 0x00, 0x00, 0x00, 0x00, 0x00, 0x00, 0x00, 0x00,
    0x00, 0x00, 0x00, 0x00, 0x00, 0x00, 0x00, 0x00, 0x00, 0x00, 0x00, 0x00, 0x00, 0x00, 0x00, 0x00,
    0x00, 0x00, 0x00, 0x00, 0x00, 0x00, 0x00, 0x00, 0x00, 0x00, 0x00, 0x00, 0x00, 0x00, 0x00, 0x00,
    0x00, 0x00, 0x00, 0x00, 0x00, 0x00, 0x00, 0x00, 0x00, 0x00, 0x00, 0x00, 0x00, 0x00, 0x00, 0x00,
    0x00, 0x00, 0xa1, 0x00, 0xe8, 0x00, 0x02, 0x00, 0xe2, 0x00, 0x46, 0x00, 0xa6, 0x00, 0x45, 0x00,
    0x45, 0x00, 0xc7, 0x00, 0x49, 0x00, 0xa9, 0x00, 0x89, 0x00, 0x23, 0x00, 0x00, 0x00, 0x00, 0x00,
    0x00, 0x00, 0x00, 0x00, 0x00, 0x00, 0x00, 0x00, 0x00, 0x00, 0x00, 0x00, 0x00, 0x00, 0x00, 0x00,
    0x00, 0x00, 0xc6, 0x00, 0x67, 0x00, 0x86, 0x00, 0x27, 0x00, 0xa8, 0x00, 0x63, 0x00, 0x00, 0x00,
    0x00, 0x00, 0x00, 0x00, 0x00, 0x00, 0x00, 0x00, 0x00, 0x00, 0x00, 0x00, 0x00, 0x00, 0x00, 0x00,
    0x00, 0x00, 0x00, 0x00, 0x00, 0x00, 0x00, 0x00, 0x00, 0x00, 0x00, 0x00, 0x00, 0x00, 0x00, 0x00,
    0x00, 0x00, 0x00, 0x00, 0x00, 0x00, 0x00, 0x00, 0x00, 0x00, 0x00, 0x00, 0x00, 0x00, 0x00, 0x00,
    0x00, 0x00, 0x81, 0x00, 0x00, 0x00, 0x00, 0x00, 0x00, 0x00, 0x00, 0x00, 0x00, 0x00, 0x00, 0x00,
    0x00, 0x00, 0x40, 0x00, 0x25, 0x00, 0x81, 0x00, 0x63, 0x00, 0xe5, 0x00, 0xc7, 0x00, 0xc6, 0x00,
    0xa6, 0x00, 0x28, 0x00, 0xca, 0x00, 0x4b, 0x00, 0x89, 0x00, 0x86, 0x00, 0xa1, 0x00, 0x00, 0x00,
    0x00, 0x00, 0x00, 0x00, 0x00, 0x00, 0x00, 0x00, 0x00, 0x00, 0x00, 0x00, 0x00, 0x00, 0x00, 0x00,
    0x00, 0x00, 0x86, 0x00, 0x47, 0x00, 0xa6, 0x00, 0x07, 0x00, 0x45, 0x00, 0x22, 0x00, 0x22, 0x00,
    0x00, 0x00, 0x00, 0x00, 0x00, 0x00, 0x00, 0x00, 0x00, 0x00, 0x00, 0x00, 0x00, 0x00, 0x00, 0x00,
    0x00, 0x00, 0x00, 0x00, 0x00, 0x00, 0x00, 0x00, 0x00, 0x00, 0x00, 0x00, 0x00, 0x00, 0x00, 0x00,
    0x00, 0x00, 0x00, 0x00, 0x00, 0x00, 0x00, 0x00, 0x00, 0x00, 0x00, 0x00, 0x20, 0x00, 0x83, 0x00,
    0x02, 0x00, 0x24, 0x00, 0xe6, 0x00, 0x20, 0x00, 0x00, 0x00, 0x00, 0x00, 0x00, 0x00, 0x00, 0x00,
    0x00, 0x00, 0x00, 0x00, 0x20, 0x00, 0x61, 0x00, 0xe5, 0x00, 0x43, 0x00, 0xa6, 0x00, 0x27, 0x00,
    0x48, 0x00, 0x4b, 0x00, 0x0d, 0x00, 0xed, 0x00, 0xea, 0x00, 0x4b, 0x00, 0x69, 0x00, 0x00, 0x00,
    0x00, 0x00, 0x00, 0x00, 0x00, 0x00, 0x00, 0x00, 0x00, 0x00, 0x00, 0x00, 0x00, 0x00, 0x00, 0x00,
    0x00, 0x00, 0x04, 0x00, 0x07, 0x00, 0x45, 0x00, 0x65, 0x00, 0x27, 0x00, 0x47, 0x00, 0x02, 0x00,
    0x00, 0x00, 0x00, 0x00, 0x00, 0x00, 0x00, 0x00, 0x00, 0x00, 0x00, 0x00, 0x00, 0x00, 0x00, 0x00,
    0x00, 0x00, 0x00, 0x00, 0x00, 0x00, 0x00, 0x00, 0x00, 0x00, 0x00, 0x00, 0x00, 0x00, 0x00, 0x00,
    0x00, 0x00, 0x00, 0x00, 0x00, 0x00, 0x00, 0x00, 0x00, 0x00, 0x00, 0x00, 0x60, 0x00, 0xc6, 0x00,
    0xe9, 0x00, 0xe6, 0x00, 0x29, 0x00, 0xa6, 0x00, 0x00, 0x00, 0x00, 0x00, 0x00, 0x00, 0x00, 0x00,
    0x00, 0x00, 0x00, 0x00, 0x00, 0x00, 0x81, 0x00, 0xc4, 0x00, 0x60, 0x00, 0x66, 0x00, 0x27, 0x00,
    0xa8, 0x00, 0x68, 0x00, 0xcc, 0x00, 0x8f, 0x00, 0x8f, 0x00, 0xed, 0x00, 0x4e, 0x00, 0x05, 0x00,
    0x00, 0x00, 0x00, 0x00, 0x00, 0x00, 0x00, 0x00, 0x00, 0x00, 0x00, 0x00, 0x00, 0x00, 0x00, 0x00,
    0x00, 0x00, 0x43, 0x00, 0xa6, 0x00, 0xa3, 0x00, 0x86, 0x00, 0x04, 0x00, 0x40, 0x00, 0x00, 0x00,
    0x00, 0x00, 0x00, 0x00, 0x00, 0x00, 0x00, 0x00, 0x00, 0x00, 0x00, 0x00, 0x00, 0x00, 0x00, 0x00,
    0x00, 0x00, 0x00, 0x00, 0x00, 0x00, 0x00, 0x00, 0x00, 0x00, 0x00, 0x00, 0x00, 0x00, 0x00, 0x00,
    0x00, 0x00, 0x00, 0x00, 0x00, 0x00, 0x00, 0x00, 0x00, 0x00, 0x00, 0x00, 0x40, 0x00, 0x43, 0x00,
    0x86, 0x00, 0x27, 0x00, 0x88, 0x00, 0xa8, 0x00, 0x65, 0x00, 0xc1, 0x00, 0x00, 0x00, 0x00, 0x00,
    0x00, 0x00, 0x00, 0x00, 0x00, 0x00, 0x40, 0x00, 0x81, 0x00, 0x81, 0x00, 0xc4, 0x00, 0xc6, 0x00,
    0xa8, 0x00, 0xc8, 0x00, 0xc9, 0x00, 0xcc, 0x00, 0x6e, 0x00, 0xaf, 0x00, 0x8e, 0x00, 0x2b, 0x00,
    0x81, 0x00, 0x00, 0x00, 0x00, 0x00, 0x00, 0x00, 0x00, 0x00, 0x00, 0x00, 0x00, 0x00, 0x00, 0x00,
    0x00, 0x00, 0x81, 0x00, 0x45, 0x00, 0x04, 0x00, 0x83, 0x00, 0x00, 0x00, 0x00, 0x00, 0x00, 0x00,
    0x00, 0x00, 0x00, 0x00, 0x00, 0x00, 0x00, 0x00, 0x00, 0x00, 0x00, 0x00, 0x00, 0x00, 0x00, 0x00,
    0x00, 0x00, 0x00, 0x00, 0x00, 0x00, 0x00, 0x00, 0x00, 0x00, 0x00, 0x00, 0x00, 0x00, 0x00, 0x00,
    0x00, 0x00, 0x00, 0x00, 0x00, 0x00, 0x00, 0x00, 0x00, 0x00, 0x00, 0x00, 0xc4, 0x00, 0xe7, 0x00,
    0x66, 0x00, 0x86, 0x00, 0xa8, 0x00, 0xc6, 0x00, 0xe8, 0x00, 0x63, 0x00, 0x00, 0x00, 0x00, 0x00,
    0x00, 0x00, 0x00, 0x00, 0x00, 0x00, 0x00, 0x00, 0x00, 0x00, 0x63, 0x00, 0x43, 0x00, 0x65, 0x00,
    0x47, 0x00, 0x29, 0x00, 0x2a, 0x00, 0x2e, 0x00, 0xcc, 0x00, 0x0d, 0x00, 0x4e, 0x00, 0xed, 0x00,
    0x69, 0x00, 0x00, 0x00, 0x00, 0x00, 0x00, 0x00, 0x00, 0x00, 0x00, 0x00, 0x00, 0x00, 0x00, 0x00,
    0x00, 0x00, 0x00, 0x00, 0xa4, 0x00, 0x65, 0x00, 0x20, 0x00, 0x00, 0x00, 0x00, 0x00, 0x00, 0x00,
    0x00, 0x00, 0x00, 0x00, 0x00, 0x00, 0x00, 0x00, 0x00, 0x00, 0x00, 0x00, 0x00, 0x00, 0x00, 0x00,
    0x00, 0x00, 0x00, 0x00, 0x00, 0x00, 0x00, 0x00, 0x00, 0x00, 0x00, 0x00, 0x00, 0x00, 0x00, 0x00,
    0x00, 0x00, 0x00, 0x00, 0x00, 0x00, 0x00, 0x00, 0x00, 0x00, 0x00, 0x00, 0x02, 0x00, 0x25, 0x00,
    0x86, 0x00, 0xa7, 0x00, 0xe7, 0x00, 0xc6, 0x00, 0x68, 0x00, 0xe2, 0x00, 0x00, 0x00, 0x00, 0x00,
    0x00, 0x00, 0x00, 0x00, 0x20, 0x00, 0x83, 0x00, 0x43, 0x00, 0x63, 0x00, 0x22, 0x00, 0x25, 0x00,
    0x67, 0x00, 0x88, 0x00, 0xe9, 0x00, 0x4e, 0x00, 0xf0, 0x00, 0xaf, 0x00, 0x6e, 0x00, 0x6e, 0x00,
    0xef, 0x00, 0x43, 0x00, 0x00, 0x00, 0x00, 0x00, 0x00, 0x00, 0x00, 0x00, 0x00, 0x00, 0x00, 0x00,
    0x04, 0x00, 0x00, 0x00, 0xe2, 0x00, 0x45, 0x00, 0x00, 0x00, 0x00, 0x00, 0x00, 0x00, 0x00, 0x00,
    0x00, 0x00, 0x00, 0x00, 0x00, 0x00, 0x00, 0x00, 0x00, 0x00, 0x00, 0x00, 0x00, 0x00, 0x00, 0x00,
    0x00, 0x00, 0x00, 0x00, 0x00, 0x00, 0x00, 0x00, 0x00, 0x00, 0x00, 0x00, 0x00, 0x00, 0x00, 0x00,
    0x00, 0x00, 0x00, 0x00, 0x00, 0x00, 0x00, 0x00, 0x00, 0x00, 0x00, 0x00, 0x00, 0x00, 0x60, 0x00,
    0x66, 0x00, 0xe7, 0x00, 0x86, 0x00, 0x07, 0x00, 0x07, 0x00, 0x20, 0x00, 0x00, 0x00, 0x00, 0x00,
    0x00, 0x00, 0x00, 0x00, 0x00, 0x00, 0x43, 0x00, 0xa4, 0x00, 0x63, 0x00, 0x45, 0x00, 0x86, 0x00,
    0x47, 0x00, 0xc8, 0x00, 0x88, 0x00, 0x2a, 0x00, 0xf0, 0x00, 0xcf, 0x00, 0x10, 0x00, 0x8f, 0x00,
    0x10, 0x00, 0x68, 0x00, 0x00, 0x00, 0x00, 0x00, 0x00, 0x00, 0x00, 0x00, 0x00, 0x00, 0x00, 0x00,
    0x45, 0x00, 0x04, 0x00, 0x40, 0x00, 0xc6, 0x00, 0x20, 0x00, 0x00, 0x00, 0x00, 0x00, 0x00, 0x00,
    0x00, 0x00, 0x00, 0x00, 0x00, 0x00, 0x00, 0x00, 0x00, 0x00, 0x00, 0x00, 0x00, 0x00, 0x00, 0x00,
    0x00, 0x00, 0x00, 0x00, 0x00, 0x00, 0x00, 0x00, 0x00, 0x00, 0x00, 0x00, 0x00, 0x00, 0x00, 0x00,
    0x00, 0x00, 0x00, 0x00, 0x00, 0x00, 0x00, 0x00, 0x00, 0x00, 0x00, 0x00, 0x00, 0x00, 0x00, 0x00,
    0x84, 0x00, 0xe7, 0x00, 0x86, 0x00, 0xe7, 0x00, 0x88, 0x00, 0x81, 0x00, 0x00, 0x00, 0x00, 0x00,
    0x22, 0x00, 0x83, 0x00, 0x63, 0x00, 0x02, 0x00, 0x43, 0x00, 0xe7, 0x00, 0x68, 0x00, 0xc8, 0x00,
    0x06, 0x00, 0x88, 0x00, 0xe8, 0x00, 0xa8, 0x00, 0x8c, 0x00, 0xcf, 0x00, 0xf0, 0x00, 0xcf, 0x00,
    0xf0, 0x00, 0x8b, 0x00, 0x40, 0x00, 0x00, 0x00, 0x00, 0x00, 0x00, 0x00, 0x00, 0x00, 0x00, 0x00,
    0x02, 0x00, 0xc8, 0x00, 0x83, 0x00, 0xa6, 0x00, 0x81, 0x00, 0x00, 0x00, 0x00, 0x00, 0x00, 0x00,
    0x00, 0x00, 0x00, 0x00, 0x00, 0x00, 0x00, 0x00, 0x00, 0x00, 0x00, 0x00, 0x00, 0x00, 0x00, 0x00,
    0x00, 0x00, 0x00, 0x00, 0x00, 0x00, 0x00, 0x00, 0x00, 0x00, 0x00, 0x00, 0x00, 0x00, 0x00, 0x00,
    0x00, 0x00, 0x00, 0x00, 0x00, 0x00, 0x00, 0x00, 0x00, 0x00, 0x00, 0x00, 0x00, 0x00, 0x00, 0x00,
    0x20, 0x00, 0x05, 0x00, 0x66, 0x00, 0x86, 0x00, 0xa8, 0x00, 0xa6, 0x00, 0x00, 0x00, 0x00, 0x00,
    0x81, 0x00, 0xc4, 0x00, 0xa4, 0x00, 0x43, 0x00, 0xa6, 0x00, 0x28, 0x00, 0xe9, 0x00, 0x4a, 0x00,
    0x09, 0x00, 0x07, 0x00, 0x47, 0x00, 0xc9, 0x00, 0xac, 0x00, 0xcc, 0x00, 0x8f, 0x00, 0xcf, 0x00,
    0x8e, 0x00, 0xac, 0x00, 0x22, 0x00, 0x00, 0x00, 0x00, 0x00, 0x00, 0x00, 0x00, 0x00, 0x00, 0x00,
    0x00, 0x00, 0x45, 0x00, 0x06, 0x00, 0xe6, 0x00, 0x83, 0x00, 0x00, 0x00, 0x00, 0x00, 0x00, 0x00,
    0x00, 0x00, 0x00, 0x00, 0x00, 0x00, 0x00, 0x00, 0x00, 0x00, 0x00, 0x00, 0x00, 0x00, 0x00, 0x00,
    0x00, 0x00, 0x00, 0x00, 0x00, 0x00, 0x00, 0x00, 0x00, 0x00, 0x00, 0x00, 0x00, 0x00, 0x00, 0x00,
    0x00, 0x00, 0x00, 0x00, 0x00, 0x00, 0x00, 0x00, 0x00, 0x00, 0x00, 0x00, 0x00, 0x00, 0x00, 0x00,
    0x00, 0x00, 0x20, 0x00, 0xc4, 0x00, 0xa6, 0x00, 0x27, 0x00, 0x29, 0x00, 0x24, 0x00, 0xa1, 0x00,
    0x04, 0x00, 0xc4, 0x00, 0x84, 0x00, 0x86, 0x00, 0x28, 0x00, 0x88, 0x00, 0xc9, 0x00, 0x6a, 0x00,
    0xca, 0x00, 0x67, 0x00, 0xe6, 0x00, 0x07, 0x00, 0x8f, 0x00, 0x4e, 0x00, 0xed, 0x00, 0x4e, 0x00,
    0xed, 0x00, 0xac, 0x00, 0x43, 0x00, 0x00, 0x00, 0x00, 0x00, 0x00, 0x00, 0x00, 0x00, 0x00, 0x00,
    0x00, 0x00, 0x60, 0x00, 0xe4, 0x00, 0xc6, 0x00, 0x07, 0x00, 0x00, 0x00, 0x00, 0x00, 0x00, 0x00,
    0x00, 0x00, 0x00, 0x00, 0x00, 0x00, 0x00, 0x00, 0x00, 0x00, 0x00, 0x00, 0x00, 0x00, 0x00, 0x00,
    0x00, 0x00, 0x00, 0x00, 0x00, 0x00, 0x00, 0x00, 0x00, 0x00, 0x00, 0x00, 0x00, 0x00, 0x00, 0x00,
    0x00, 0x00, 0x00, 0x00, 0x00, 0x00, 0x00, 0x00, 0x00, 0x00, 0x00, 0x00, 0x00, 0x00, 0x00, 0x00,
    0x00, 0x00, 0x00, 0x00, 0x40, 0x00, 0x66, 0x00, 0xe7, 0x00, 0x68, 0x00, 0x49, 0x00, 0x67, 0x00,
    0xe4, 0x00, 0x05, 0x00, 0xe7, 0x00, 0x48, 0x00, 0x28, 0x00, 0x68, 0x00, 0xe9, 0x00, 0x8a, 0x00,
    0x8a, 0x00, 0x09, 0x00, 0x65, 0x00, 0x28, 0x00, 0x6e, 0x00, 0x8f, 0x00, 0xaf, 0x00, 0xed, 0x00,
    0x8c, 0x00, 0xcc, 0x00, 0x63, 0x00, 0x00, 0x00, 0x00, 0x00, 0x00, 0x00, 0x00, 0x00, 0x00, 0x00,
    0x00, 0x00, 0x00, 0x00, 0x00, 0x00, 0x43, 0x00, 0x88, 0x00, 0x83, 0x00, 0x00, 0x00, 0x40, 0x00,
    0x00, 0x00, 0x00, 0x00, 0x00, 0x00, 0x00, 0x00, 0x00, 0x00, 0x00, 0x00, 0x00, 0x00, 0x00, 0x00,
    0x00, 0x00, 0x00, 0x00, 0x00, 0x00, 0x00, 0x00, 0x00, 0x00, 0x00, 0x00, 0x00, 0x00, 0x00, 0x00,
    0x00, 0x00, 0x00, 0x00, 0x00, 0x00, 0x00, 0x00, 0x00, 0x00, 0x00, 0x00, 0x00, 0x00, 0x00, 0x00,
    0x00, 0x00, 0x81, 0x00, 0x02, 0x00, 0x05, 0x00, 0xe7, 0x00, 0x48, 0x00, 0xa8, 0x00, 0x29, 0x00,
    0xe6, 0x00, 0xa6, 0x00, 0x28, 0x00, 0x08, 0x00, 0xc7, 0x00, 0x27, 0x00, 0xe9, 0x00, 0x09, 0x00,
    0x4a, 0x00, 0x49, 0x00, 0x24, 0x00, 0xca, 0x00, 0x2e, 0x00, 0x4e, 0x00, 0xaf, 0x00, 0x2e, 0x00,
    0xac, 0x00, 0x4b, 0x00, 0x22, 0x00, 0x00, 0x00, 0x00, 0x00, 0x00, 0x00, 0x00, 0x00, 0x00, 0x00,
    0x00, 0x00, 0x00, 0x00, 0x00, 0x00, 0x00, 0x00, 0x25, 0x00, 0x47, 0x00, 0xa1, 0x00, 0xa3, 0x00,
    0x00, 0x00, 0x00, 0x00, 0x00, 0x00, 0x00, 0x00, 0x00, 0x00, 0x00, 0x00, 0x00, 0x00, 0x00, 0x00,
    0x00, 0x00, 0x00, 0x00, 0x00, 0x00, 0x00, 0x00, 0x00, 0x00, 0x00, 0x00, 0x00, 0x00, 0x00, 0x00,
    0x00, 0x00, 0x00, 0x00, 0x00, 0x00, 0x00, 0x00, 0x00, 0x00, 0x00, 0x00, 0x00, 0x00, 0xa1, 0x00,
    0xe4, 0x00, 0xc6, 0x00, 0x66, 0x00, 0x84, 0x00, 0x86, 0x00, 0x07, 0x00, 0x68, 0x00, 0xa8, 0x00,
    0xc9, 0x00, 0xc7, 0x00, 0x28, 0x00, 0xe7, 0x00, 0xc7, 0x00, 0x48, 0x00, 0xa8, 0x00, 0xc9, 0x00,
    0x4a, 0x00, 0x29, 0x00, 0xe6, 0x00, 0xa9, 0x00, 0x0d, 0x00, 0x0d, 0x00, 0x8f, 0x00, 0x2e, 0x00,
    0xac, 0x00, 0x68, 0x00, 0xc1, 0x00, 0x00, 0x00, 0x00, 0x00, 0x00, 0x00, 0x00, 0x00, 0x00, 0x00,
    0x00, 0x00, 0x00, 0x00, 0x00, 0x00, 0x00, 0x00, 0x81, 0x00, 0xa8, 0x00, 0x45, 0x00, 0x45, 0x00,
    0x20, 0x00, 0x00, 0x00, 0x00, 0x00, 0x00, 0x00, 0x00, 0x00, 0x00, 0x00, 0x00, 0x00, 0x00, 0x00,
    0x00, 0x00, 0x00, 0x00, 0x00, 0x00, 0x00, 0x00, 0x00, 0x00, 0x00, 0x00, 0x00, 0x00, 0x00, 0x00,
    0x00, 0x00, 0x00, 0x00, 0x00, 0x00, 0x00, 0x00, 0x00, 0x00, 0x00, 0x00, 0x43, 0x00, 0x86, 0x00,
    0x45, 0x00, 0x05, 0x00, 0x66, 0x00, 0x05, 0x00, 0x05, 0x00, 0xc7, 0x00, 0xe7, 0x00, 0x48, 0x00,
    0x47, 0x00, 0xc7, 0x00, 0x07, 0x00, 0xa7, 0x00, 0x86, 0x00, 0x48, 0x00, 0x68, 0x00, 0xe9, 0x00,
    0x09, 0x00, 0x47, 0x00, 0xc6, 0x00, 0xa9, 0x00, 0x2b, 0x00, 0xed, 0x00, 0x4e, 0x00, 0xed, 0x00,
    0x2b, 0x00, 0x65, 0x00, 0x81, 0x00, 0x00, 0x00, 0x00, 0x00, 0x00, 0x00, 0x00, 0x00, 0x00, 0x00,
    0x00, 0x00, 0x00, 0x00, 0x00, 0x00, 0x00, 0x00, 0x00, 0x00, 0xc6, 0x00, 0x87, 0x00, 0x65, 0x00,
    0x81, 0x00, 0x00, 0x00, 0x00, 0x00, 0x00, 0x00, 0x00, 0x00, 0x00, 0x00, 0x00, 0x00, 0x00, 0x00,
    0x00, 0x00, 0x00, 0x00, 0x00, 0x00, 0x00, 0x00, 0x00, 0x00, 0x00, 0x00, 0x00, 0x00, 0x00, 0x00,
    0x00, 0x00, 0x00, 0x00, 0x00, 0x00, 0x00, 0x00, 0x00, 0x00, 0x00, 0x00, 0x81, 0x00, 0x23, 0x00,
    0x05, 0x00, 0x07, 0x00, 0x27, 0x00, 0x65, 0x00, 0xa4, 0x00, 0x25, 0x00, 0xa6, 0x00, 0xe7, 0x00,
    0xa7, 0x00, 0xa6, 0x00, 0x86, 0x00, 0x05, 0x00, 0x46, 0x00, 0x48, 0x00, 0xc9, 0x00, 0xc9, 0x00,
    0xa9, 0x00, 0xc6, 0x00, 0x66, 0x00, 0x0b, 0x00, 0xa9, 0x00, 0xea, 0x00, 0xed, 0x00, 0x4b, 0x00,
    0x48, 0x00, 0xa3, 0x00, 0x20, 0x00, 0x00, 0x00, 0x00, 0x00, 0x00, 0x00, 0x00, 0x00, 0x00, 0x00,
    0x00, 0x00, 0x00, 0x00, 0x00, 0x00, 0x00, 0x00, 0x00, 0x00, 0xc4, 0x00, 0x29, 0x00, 0x65, 0x00,
    0x60, 0x00, 0x00, 0x00, 0x00, 0x00, 0x00, 0x00, 0x00, 0x00, 0x00, 0x00, 0x00, 0x00, 0x00, 0x00,
    0x00, 0x00, 0x00, 0x00, 0x00, 0x00, 0x00, 0x00, 0x00, 0x00, 0x00, 0x00, 0x00, 0x00, 0x00, 0x00,
    0x00, 0x00, 0x00, 0x00, 0x00, 0x00, 0x00, 0x00, 0x00, 0x00, 0x02, 0x00, 0xa4, 0x00, 0x46, 0x00,
    0x07, 0x00, 0x07, 0x00, 0xc6, 0x00, 0x45, 0x00, 0x25, 0x00, 0xc4, 0x00, 0xc4, 0x00, 0xc4, 0x00,
    0xc4, 0x00, 0xc4, 0x00, 0x83, 0x00, 0x23, 0x00, 0x07, 0x00, 0x68, 0x00, 0xe9, 0x00, 0xa8, 0x00,
    0x68, 0x00, 0x65, 0x00, 0xe7, 0x00, 0xea, 0x00, 0xea, 0x00, 0xa9, 0x00, 0x0a, 0x00, 0xca, 0x00,
    0xa6, 0x00, 0x83, 0x00, 0x00, 0x00, 0x00, 0x00, 0x00, 0x00, 0x00, 0x00, 0x00, 0x00, 0x00, 0x00,
    0x00, 0x00, 0x00, 0x00, 0x00, 0x00, 0x00, 0x00, 0x00, 0x00, 0x02, 0x00, 0xc8, 0x00, 0xe6, 0x00,
    0x00, 0x00, 0x00, 0x00, 0x00, 0x00, 0x00, 0x00, 0x00, 0x00, 0x00, 0x00, 0x00, 0x00, 0x00, 0x00,
    0x00, 0x00, 0x00, 0x00, 0x00, 0x00, 0x00, 0x00, 0x00, 0x00, 0x00, 0x00, 0x00, 0x00, 0x00, 0x00,
    0x00, 0x00, 0x00, 0x00, 0x00, 0x00, 0x00, 0x00, 0xc4, 0x00, 0x25, 0x00, 0x05, 0x00, 0xa6, 0x00,
    0xc7, 0x00, 0x47, 0x00, 0x47, 0x00, 0x47, 0x00, 0xa6, 0x00, 0x83, 0x00, 0x05, 0x00, 0xe4, 0x00,
    0xc4, 0x00, 0xe4, 0x00, 0x02, 0x00, 0x86, 0x00, 0x48, 0x00, 0x88, 0x00, 0xa9, 0x00, 0x48, 0x00,
    0x07, 0x00, 0xc4, 0x00, 0x69, 0x00, 0xa9, 0x00, 0xea, 0x00, 0xca, 0x00, 0x89, 0x00, 0x89, 0x00,
    0x45, 0x00, 0x04, 0x00, 0x00, 0x00, 0x00, 0x00, 0x00, 0x00, 0x00, 0x00, 0x00, 0x00, 0x00, 0x00,
    0x00, 0x00, 0x00, 0x00, 0x00, 0x00, 0x00, 0x00, 0x20, 0x00, 0xa1, 0x00, 0x88, 0x00, 0x27, 0x00,
    0x00, 0x00, 0x00, 0x00, 0x00, 0x00, 0x00, 0x00, 0x00, 0x00, 0x00, 0x00, 0x00, 0x00, 0x00, 0x00,
    0x00, 0x00, 0x00, 0x00, 0x00, 0x00, 0x00, 0x00, 0x00, 0x00, 0x00, 0x00, 0x00, 0x00, 0x00, 0x00,
    0x00, 0x00, 0x00, 0x00, 0x00, 0x00, 0xc4, 0x00, 0x05, 0x00, 0x63, 0x00, 0x66, 0x00, 0xa7, 0x00,
    0x88, 0x00, 0xa8, 0x00, 0xc8, 0x00, 0xe9, 0x00, 0xe9, 0x00, 0x04, 0x00, 0x63, 0x00, 0xe5, 0x00,
    0xe5, 0x00, 0x84, 0x00, 0x25, 0x00, 0xe7, 0x00, 0x07, 0x00, 0xa9, 0x00, 0x48, 0x00, 0x27, 0x00,
    0x05, 0x00, 0x05, 0x00, 0xa7, 0x00, 0x89, 0x00, 0xa9, 0x00, 0x48, 0x00, 0x89, 0x00, 0xe5, 0x00,
    0x65, 0x00, 0x85, 0x00, 0x00, 0x00, 0x00, 0x00, 0x00, 0x00, 0x00, 0x00, 0x00, 0x00, 0x00, 0x00,
    0x00, 0x00, 0x00, 0x00, 0x00, 0x00, 0x00, 0x00, 0x22, 0x00, 0xe2, 0x00, 0x27, 0x00, 0xe6, 0x00,
    0x00, 0x00, 0x00, 0x00, 0x00, 0x00, 0x00, 0x00, 0x00, 0x00, 0x00, 0x00, 0x00, 0x00, 0x00, 0x00,
    0x00, 0x00, 0x00, 0x00, 0x00, 0x00, 0x00, 0x00, 0x00, 0x00, 0x00, 0x00, 0x00, 0x00, 0x00, 0x00,
    0x00, 0x00, 0x00, 0x00, 0x61, 0x00, 0xe2, 0x00, 0x43, 0x00, 0x46, 0x00, 0x86, 0x00, 0x08, 0x00,
    0x48, 0x00, 0xe9, 0x00, 0x09, 0x00, 0xc8, 0x00, 0x09, 0x00, 0x07, 0x00, 0x43, 0x00, 0xe4, 0x00,
    0xc4, 0x00, 0x83, 0x00, 0xa4, 0x00, 0xe7, 0x00, 0x68, 0x00, 0xa8, 0x00, 0xa8, 0x00, 0x65, 0x00,
    0x25, 0x00, 0xc7, 0x00, 0x66, 0x00, 0xe7, 0x00, 0x08, 0x00, 0x08, 0x00, 0x25, 0x00, 0x63, 0x00,
    0x47, 0x00, 0x67, 0x00, 0x00, 0x00, 0x00, 0x00, 0x00, 0x00, 0x00, 0x00, 0x00, 0x00, 0x00, 0x00,
    0x00, 0x00, 0x00, 0x00, 0x00, 0x00, 0x00, 0x00, 0x63, 0x00, 0xc4, 0x00, 0x07, 0x00, 0x45, 0x00,
    0x00, 0x00, 0x00, 0x00, 0x00, 0x00, 0x00, 0x00, 0x00, 0x00, 0x00, 0x00, 0x00, 0x00, 0x00, 0x00,
    0x00, 0x00, 0x00, 0x00, 0x00, 0x00, 0x00, 0x00, 0x00, 0x00, 0x00, 0x00, 0x00, 0x00, 0x00, 0x00,
    0x00, 0x00, 0x00, 0x00, 0x00, 0x00, 0xe2, 0x00, 0x05, 0x00, 0x05, 0x00, 0xa7, 0x00, 0xe7, 0x00,
    0x28, 0x00, 0x68, 0x00, 0xe9, 0x00, 0x29, 0x00, 0xa8, 0x00, 0x67, 0x00, 0x83, 0x00, 0xc4, 0x00,
    0x63, 0x00, 0x02, 0x00, 0x63, 0x00, 0xc7, 0x00, 0x48, 0x00, 0x09, 0x00, 0x29, 0x00, 0xa6, 0x00,
    0x66, 0x00, 0xa7, 0x00, 0xc7, 0x00, 0x66, 0x00, 0xa7, 0x00, 0xe5, 0x00, 0x22, 0x00, 0x86, 0x00,
    0xa8, 0x00, 0x29, 0x00, 0x81, 0x00, 0x00, 0x00, 0x00, 0x00, 0x00, 0x00, 0x00, 0x00, 0x00, 0x00,
    0x00, 0x00, 0x00, 0x00, 0x00, 0x00, 0x00, 0x00, 0x83, 0x00, 0x45, 0x00, 0xe7, 0x00, 0x04, 0x00,
    0xa1, 0x00, 0x00, 0x00, 0x00, 0x00, 0x00, 0x00, 0x00, 0x00, 0x00, 0x00, 0x00, 0x00, 0x00, 0x00,
    0x00, 0x00, 0x00, 0x00, 0x00, 0x00, 0x00, 0x00, 0x00, 0x00, 0x00, 0x00, 0x00, 0x00, 0x00, 0x00,
    0x00, 0x00, 0x00, 0x00, 0x81, 0x00, 0xe5, 0x00, 0x26, 0x00, 0x05, 0x00, 0x66, 0x00, 0xe7, 0x00,
    0xe7, 0x00, 0x28, 0x00, 0xa8, 0x00, 0xc8, 0x00, 0xa8, 0x00, 0x68, 0x00, 0xa4, 0x00, 0x63, 0x00,
    0x84, 0x00, 0x26, 0x00, 0xa4, 0x00, 0x86, 0x00, 0xe7, 0x00, 0xa9, 0x00, 0x6a, 0x00, 0x67, 0x00,
    0x25, 0x00, 0xa7, 0x00, 0xa7, 0x00, 0x46, 0x00, 0x23, 0x00, 0xa1, 0x00, 0xe4, 0x00, 0xa6, 0x00,
    0xa8, 0x00, 0x49, 0x00, 0xa3, 0x00, 0x00, 0x00, 0x00, 0x00, 0x00, 0x00, 0x00, 0x00, 0x00, 0x00,
    0x00, 0x00, 0x00, 0x00, 0x00, 0x00, 0x20, 0x00, 0x45, 0x00, 0xc6, 0x00, 0x85, 0x00, 0x45, 0x00,
    0xa1, 0x00, 0x00, 0x00, 0x00, 0x00, 0x00, 0x00, 0x00, 0x00, 0x00, 0x00, 0x00, 0x00, 0x00, 0x00,
    0x00, 0x00, 0x00, 0x00, 0x00, 0x00, 0x00, 0x00, 0x00, 0x00, 0x00, 0x00, 0x00, 0x00, 0x00, 0x00,
    0x00, 0x00, 0x00, 0x00, 0xc5, 0x00, 0xc5, 0x00, 0x87, 0x00, 0x05, 0x00, 0x87, 0x00, 0x86, 0x00,
    0xa7, 0x00, 0x07, 0x00, 0x68, 0x00, 0x68, 0x00, 0xa8, 0x00, 0x07, 0x00, 0x22, 0x00, 0x63, 0x00,
    0x66, 0x00, 0xe8, 0x00, 0x83, 0x00, 0xc4, 0x00, 0x08, 0x00, 0x68, 0x00, 0x6a, 0x00, 0xe9, 0x00,
    0x45, 0x00, 0x66, 0x00, 0xa4, 0x00, 0x63, 0x00, 0x40, 0x00, 0x20, 0x00, 0xe4, 0x00, 0xa6, 0x00,
    0xa8, 0x00, 0xaa, 0x00, 0xa5, 0x00, 0x00, 0x00, 0x00, 0x00, 0x00, 0x00, 0x00, 0x00, 0x00, 0x00,
    0x00, 0x00, 0x00, 0x00, 0x00, 0x00, 0x42, 0x00, 0xe6, 0x00, 0x27, 0x00, 0xc6, 0x00, 0x83, 0x00,
    0x00, 0x00, 0x00, 0x00, 0x00, 0x00, 0x00, 0x00, 0x00, 0x00, 0x00, 0x00, 0x00, 0x00, 0x00, 0x00,
    0x00, 0x00, 0x00, 0x00, 0x00, 0x00, 0x00, 0x00, 0x00, 0x00, 0x00, 0x00, 0x00, 0x00, 0x00, 0x00,
    0x00, 0x00, 0x81, 0x00, 0x66, 0x00, 0x84, 0x00, 0x87, 0x00, 0xe5, 0x00, 0x66, 0x00, 0x46, 0x00,
    0xc7, 0x00, 0xe7, 0x00, 0x07, 0x00, 0x27, 0x00, 0x27, 0x00, 0x86, 0x00, 0xa4, 0x00, 0x66, 0x00,
    0xa7, 0x00, 0xe8, 0x00, 0x46, 0x00, 0x84, 0x00, 0xc7, 0x00, 0xa9, 0x00, 0x8a, 0x00, 0x8a, 0x00,
    0xc4, 0x00, 0xe2, 0x00, 0x22, 0x00, 0xc4, 0x00, 0x00, 0x00, 0x00, 0x00, 0x22, 0x00, 0xc6, 0x00,
    0x68, 0x00, 0x69, 0x00, 0x67, 0x00, 0x00, 0x00, 0x00, 0x00, 0x00, 0x00, 0x00, 0x00, 0x00, 0x00,
    0x00, 0x00, 0x00, 0x00, 0xa1, 0x00, 0xe6, 0x00, 0x27, 0x00, 0x27, 0x00, 0x65, 0x00, 0x40, 0x00,
    0x00, 0x00, 0x00, 0x00, 0x00, 0x00, 0x00, 0x00, 0x00, 0x00, 0x00, 0x00, 0x00, 0x00, 0x00, 0x00,
    0x00, 0x00, 0x00, 0x00, 0x00, 0x00, 0x00, 0x00, 0x00, 0x00, 0x00, 0x00, 0x00, 0x00, 0x00, 0x00,
    0x00, 0x00, 0x02, 0x00, 0xe5, 0x00, 0x64, 0x00, 0x66, 0x00, 0xc5, 0x00, 0x84, 0x00, 0xe5, 0x00,
    0xc7, 0x00, 0xa6, 0x00, 0xc7, 0x00, 0xc7, 0x00, 0xc6, 0x00, 0xc4, 0x00, 0x05, 0x00, 0xa7, 0x00,
    0x66, 0x00, 0xa7, 0x00, 0x08, 0x00, 0xe5, 0x00, 0x25, 0x00, 0x88, 0x00, 0x29, 0x00, 0xaa, 0x00,
    0x63, 0x00, 0x22, 0x00, 0x25, 0x00, 0x22, 0x00, 0x40, 0x00, 0x00, 0x00, 0x00, 0x00, 0x45, 0x00,
    0x27, 0x00, 0xe8, 0x00, 0xc8, 0x00, 0x40, 0x00, 0x00, 0x00, 0x00, 0x00, 0x00, 0x00, 0x00, 0x00,
    0xa3, 0x00, 0xa3, 0x00, 0xe6, 0x00, 0xc8, 0x00, 0x47, 0x00, 0x85, 0x00, 0x81, 0x00, 0x00, 0x00,
    0x00, 0x00, 0x00, 0x00, 0x00, 0x00, 0x00, 0x00, 0x00, 0x00, 0x00, 0x00, 0x00, 0x00, 0x00, 0x00,
    0x00, 0x00, 0x00, 0x00, 0x00, 0x00, 0x00, 0x00, 0x00, 0x00, 0x00, 0x00, 0x00, 0x00, 0x00, 0x00,
    0x00, 0x00, 0x61, 0x00, 0xa2, 0x00, 0xe5, 0x00, 0x26, 0x00, 0x26, 0x00, 0x23, 0x00, 0x64, 0x00,
    0xa7, 0x00, 0x86, 0x00, 0xc7, 0x00, 0xc7, 0x00, 0x05, 0x00, 0x22, 0x00, 0x05, 0x00, 0x87, 0x00,
    0xa7, 0x00, 0xa7, 0x00, 0x87, 0x00, 0x84, 0x00, 0xe2, 0x00, 0x27, 0x00, 0x29, 0x00, 0x29, 0x00,
    0x04, 0x00, 0x83, 0x00, 0x45, 0x00, 0x85, 0x00, 0x85, 0x00, 0xc3, 0x00, 0x81, 0x00, 0x02, 0x00,
    0x07, 0x00, 0x67, 0x00, 0xe8, 0x00, 0xa3, 0x00, 0x42, 0x00, 0x40, 0x00, 0xe2, 0x00, 0x85, 0x00,
    0x47, 0x00, 0x67, 0x00, 0xc8, 0x00, 0x27, 0x00, 0x24, 0x00, 0x81, 0x00, 0x00, 0x00, 0x00, 0x00,
    0x00, 0x00, 0x00, 0x00, 0x00, 0x00, 0x00, 0x00, 0x00, 0x00, 0x00, 0x00, 0x00, 0x00, 0x00, 0x00,
    0x00, 0x00, 0x00, 0x00, 0x00, 0x00, 0x00, 0x00, 0x00, 0x00, 0x00, 0x00, 0x00, 0x00, 0x00, 0x00,
    0x00, 0x00, 0x00, 0x00, 0x00, 0x00, 0x26, 0x00, 0x46, 0x00, 0x66, 0x00, 0x84, 0x00, 0x84, 0x00,
    0x87, 0x00, 0x86, 0x00, 0x66, 0x00, 0xc4, 0x00, 0x02, 0x00, 0x05, 0x00, 0x26, 0x00, 0x46, 0x00,
    0x66, 0x00, 0x26, 0x00, 0x63, 0x00, 0x02, 0x00, 0xc1, 0x00, 0x05, 0x00, 0xe9, 0x00, 0x6a, 0x00,
    0x06, 0x00, 0x63, 0x00, 0x65, 0x00, 0xc6, 0x00, 0xa6, 0x00, 0x07, 0x00, 0x67, 0x00, 0xa5, 0x00,
    0x85, 0x00, 0x67, 0x00, 0xc8, 0x00, 0xa5, 0x00, 0x65, 0x00, 0x06, 0x00, 0xa8, 0x00, 0xc8, 0x00,
    0x67, 0x00, 0x87, 0x00, 0xc6, 0x00, 0x65, 0x00, 0x63, 0x00, 0x00, 0x00, 0x00, 0x00, 0x00, 0x00,
    0x00, 0x00, 0x00, 0x00, 0x00, 0x00, 0x00, 0x00, 0x00, 0x00, 0x00, 0x00, 0x00, 0x00, 0x00, 0x00,
    0x00, 0x00, 0x00, 0x00, 0x00, 0x00, 0x00, 0x00, 0x00, 0x00, 0x00, 0x00, 0x00, 0x00, 0x00, 0x00,
    0x00, 0x00, 0x00, 0x00, 0x00, 0x00, 0x84, 0x00, 0x87, 0x00, 0x26, 0x00, 0xa4, 0x00, 0xe5, 0x00,
    0x66, 0x00, 0x25, 0x00, 0x84, 0x00, 0x63, 0x00, 0x83, 0x00, 0x63, 0x00, 0x84, 0x00, 0x43, 0x00,
    0x43, 0x00, 0x43, 0x00, 0x43, 0x00, 0x83, 0x00, 0x22, 0x00, 0x02, 0x00, 0x68, 0x00, 0x4a, 0x00,
    0x49, 0x00, 0x24, 0x00, 0x83, 0x00, 0xe4, 0x00, 0x25, 0x00, 0x65, 0x00, 0x07, 0x00, 0x47, 0x00,
    0x04, 0x00, 0x88, 0x00, 0xa8, 0x00, 0xc8, 0x00, 0x85, 0x00, 0x85, 0x00, 0x06, 0x00, 0xa6, 0x00,
    0xa6, 0x00, 0x85, 0x00, 0x24, 0x00, 0x63, 0x00, 0x60, 0x00, 0x00, 0x00, 0x00, 0x00, 0x00, 0x00,
    0x00, 0x00, 0x00, 0x00, 0x00, 0x00, 0x00, 0x00, 0x00, 0x00, 0x00, 0x00, 0x00, 0x00, 0x00, 0x00,
    0x00, 0x00, 0x00, 0x00, 0x00, 0x00, 0x00, 0x00, 0x00, 0x00, 0x00, 0x00, 0x00, 0x00, 0x00, 0x00,
    0x00, 0x00, 0x00, 0x00, 0x00, 0x00, 0x40, 0x00, 0xe5, 0x00, 0xc5, 0x00, 0xa4, 0x00, 0xa7, 0x00,
    0x66, 0x00, 0xa6, 0x00, 0xc6, 0x00, 0x25, 0x00, 0x45, 0x00, 0x65, 0x00, 0xa3, 0x00, 0xe4, 0x00,
    0x83, 0x00, 0xa4, 0x00, 0xc4, 0x00, 0x84, 0x00, 0x23, 0x00, 0xe2, 0x00, 0x27, 0x00, 0x09, 0x00,
    0x49, 0x00, 0x09, 0x00, 0x45, 0x00, 0x85, 0x00, 0xe4, 0x00, 0x02, 0x00, 0xc4, 0x00, 0x45, 0x00,
    0x83, 0x00, 0x06, 0x00, 0xe8, 0x00, 0xe8, 0x00, 0x47, 0x00, 0x26, 0x00, 0x85, 0x00, 0xc6, 0x00,
    0xe4, 0x00, 0xa1, 0x00, 0x20, 0x00, 0x00, 0x00, 0x00, 0x00, 0x00, 0x00, 0x00, 0x00, 0x00, 0x00,
    0x00, 0x00, 0x00, 0x00, 0x00, 0x00, 0x00, 0x00, 0x00, 0x00, 0x00, 0x00, 0x00, 0x00, 0x00, 0x00,
    0x00, 0x00, 0x00, 0x00, 0x00, 0x00, 0x00, 0x00, 0x00, 0x00, 0x00, 0x00, 0x00, 0x00, 0x00, 0x00,
    0x00, 0x00, 0x00, 0x00, 0x00, 0x00, 0x00, 0x00, 0x00, 0x00, 0x81, 0x00, 0xc4, 0x00, 0xc7, 0x00,
    0x86, 0x00, 0x07, 0x00, 0x48, 0x00, 0x27, 0x00, 0x65, 0x00, 0x45, 0x00, 0xe7, 0x00, 0xe4, 0x00,
    0x25, 0x00, 0xc1, 0x00, 0x61, 0x00, 0x81, 0x00, 0x40, 0x00, 0x40, 0x00, 0xa6, 0x00, 0xc8, 0x00,
    0xa8, 0x00, 0xa8, 0x00, 0xe8, 0x00, 0x06, 0x00, 0xe6, 0x00, 0x45, 0x00, 0x40, 0x00, 0x00, 0x00,
    0x81, 0x00, 0x45, 0x00, 0x27, 0x00, 0xc8, 0x00, 0x67, 0x00, 0x06, 0x00, 0xc8, 0x00, 0x06, 0x00,
    0x85, 0x00, 0x60, 0x00, 0x00, 0x00, 0x00, 0x00, 0x00, 0x00, 0x00, 0x00, 0x00, 0x00, 0x00, 0x00,
    0x00, 0x00, 0x00, 0x00, 0x00, 0x00, 0x00, 0x00, 0x00, 0x00, 0x00, 0x00, 0x00, 0x00, 0x00, 0x00,
    0x00, 0x00, 0x00, 0x00, 0x00, 0x00, 0x00, 0x00, 0x00, 0x00, 0x00, 0x00, 0x00, 0x00, 0x00, 0x00,
    0x00, 0x00, 0x00, 0x00, 0x00, 0x00, 0x00, 0x00, 0x00, 0x00, 0x00, 0x00, 0x20, 0x00, 0xa2, 0x00,
    0xc2, 0x00, 0x02, 0x00, 0xe5, 0x00, 0xa6, 0x00, 0x68, 0x00, 0x65, 0x00, 0x05, 0x00, 0x65, 0x00,
    0x02, 0x00, 0xc2, 0x00, 0x00, 0x00, 0x00, 0x00, 0x00, 0x00, 0x00, 0x00, 0x23, 0x00, 0x86, 0x00,
    0x67, 0x00, 0x67, 0x00, 0xc6, 0x00, 0x47, 0x00, 0xa6, 0x00, 0x85, 0x00, 0x24, 0x00, 0x00, 0x00,
    0x00, 0x00, 0x40, 0x00, 0xe2, 0x00, 0x63, 0x00, 0xa6, 0x00, 0x63, 0x00, 0x83, 0x00, 0x65, 0x00,
    0xc1, 0x00, 0x60, 0x00, 0x00, 0x00, 0x00, 0x00, 0x00, 0x00, 0x00, 0x00, 0x00, 0x00, 0x00, 0x00,
    0x00, 0x00, 0x00, 0x00, 0x00, 0x00, 0x00, 0x00, 0x00, 0x00, 0x00, 0x00, 0x00, 0x00, 0x00, 0x00,
    0x00, 0x00, 0x00, 0x00, 0x00, 0x00, 0x00, 0x00, 0x00, 0x00, 0x00, 0x00, 0x00, 0x00, 0x00, 0x00,
    0x00, 0x00, 0x00, 0x00, 0x00, 0x00, 0x00, 0x00, 0x00, 0x00, 0x00, 0x00, 0x00, 0x00, 0x00, 0x00,
    0x00, 0x00, 0x00, 0x00, 0x00, 0x00, 0x40, 0x00, 0xe2, 0x00, 0x83, 0x00, 0x40, 0x00, 0x02, 0x00,
    0x61, 0x00, 0x00, 0x00, 0x00, 0x00, 0x00, 0x00, 0x00, 0x00, 0x00, 0x00, 0x00, 0x00, 0x40, 0x00,
    0xe2, 0x00, 0x24, 0x00, 0x04, 0x00, 0x02, 0x00, 0x65, 0x00, 0xa1, 0x00, 0xa1, 0x00, 0x00, 0x00,
    0x00, 0x00, 0x00, 0x00, 0x00, 0x00, 0x00, 0x00, 0x00, 0x00, 0x00, 0x00, 0x00, 0x00, 0x00, 0x00,
    0x00, 0x00, 0x00, 0x00, 0x00, 0x00, 0x00, 0x00, 0x00, 0x00, 0x00, 0x00, 0x00, 0x00, 0x00, 0x00,
    0x00, 0x00, 0x00, 0x00, 0x00, 0x00, 0x00, 0x00, 0x00, 0x00, 0x00, 0x00, 0x00, 0x00, 0x00, 0x00,
    0x00, 0x00, 0x00, 0x00, 0x00, 0x00, 0x00, 0x00, 0x00, 0x00, 0x00, 0x00, 0x00, 0x00, 0x00, 0x00,
    0x00, 0x00, 0x00, 0x00, 0x00, 0x00, 0x00, 0x00, 0x00, 0x00, 0x00, 0x00, 0x00, 0x00, 0x00, 0x00,
    0x00, 0x00, 0x00, 0x00, 0x00, 0x00, 0x00, 0x00, 0x00, 0x00, 0x00, 0x00, 0x00, 0x00, 0x00, 0x00,
    0x00, 0x00, 0x00, 0x00, 0x00, 0x00, 0x00, 0x00, 0x00, 0x00, 0x00, 0x00, 0x00, 0x00, 0x00, 0x00,
    0x00, 0x00, 0x00, 0x00, 0x00, 0x00, 0x00, 0x00, 0x00, 0x00, 0x00, 0x00, 0x00, 0x00, 0x00, 0x00,
    0x00, 0x00, 0x00, 0x00, 0x00, 0x00, 0x00, 0x00, 0x00, 0x00, 0x00, 0x00, 0x00, 0x00, 0x00, 0x00,
    0x00, 0x00, 0x00, 0x00, 0x00, 0x00, 0x00, 0x00, 0x00, 0x00, 0x00, 0x00, 0x00, 0x00, 0x00, 0x00,
    0x00, 0x00, 0x00, 0x00, 0x00, 0x00, 0x00, 0x00, 0x00, 0x00, 0x00, 0x00, 0x00, 0x00, 0x00, 0x00,
    0x00, 0x00, 0x00, 0x00, 0x00, 0x00, 0x00, 0x00, 0x00, 0x00, 0x00, 0x00, 0x00, 0x00, 0x00, 0x00,
    0x00, 0x00, 0x00, 0x00, 0x00, 0x00, 0x00, 0x00, 0x00, 0x00, 0x00, 0x00, 0x00, 0x00, 0x00, 0x00,
    0x00, 0x00, 0x00, 0x00, 0x00, 0x00, 0x00, 0x00, 0x00, 0x00, 0x00, 0x00, 0x00, 0x00, 0x00, 0x00,
    0x00, 0x00, 0x00, 0x00, 0x00, 0x00, 0x00, 0x00, 0x00, 0x00, 0x00, 0x00, 0x00, 0x00, 0x00, 0x00,
    0x00, 0x00, 0x00, 0x00, 0x00, 0x00, 0x00, 0x00, 0x00, 0x00, 0x00, 0x00, 0x00, 0x00, 0x00, 0x00,
    0x00, 0x00, 0x00, 0x00, 0x00, 0x00, 0x00, 0x00, 0x00, 0x00, 0x00, 0x00, 0x00, 0x00, 0x00, 0x00,
    0x00, 0x00, 0x00, 0x00, 0x00, 0x00, 0x00, 0x00, 0x00, 0x00, 0x00, 0x00, 0x00, 0x00, 0x00, 0x00,
    0x00, 0x00, 0x00, 0x00, 0x00, 0x00, 0x00, 0x00, 0x00, 0x00, 0x00, 0x00, 0x00, 0x00, 0x00, 0x00,
    0x00, 0x00, 0x00, 0x00, 0x00, 0x00, 0x00, 0x00, 0x00, 0x00, 0x00, 0x00, 0x00, 0x00, 0x00, 0x00,
    0x00, 0x00, 0x00, 0x00, 0x01, 0xbe, 0x06, 0x00, 0x00, 0x00, 0x00, 0x00, 0x00, 0x00, 0x00, 0x00,
    0x00, 0x00, 0x00, 0x00, 0x00, 0x00, 0x00, 0x00, 0x00, 0x00, 0x00, 0x00, 0x00, 0x00, 0x00, 0x00,
    0x00, 0x00, 0x00, 0x00, 0x00, 0x00, 0x00, 0x00, 0x00, 0x00, 0x00, 0x00, 0x00, 0x00, 0x00, 0x00,
    0x00, 0x00, 0x00, 0x00, 0x00, 0x00, 0x00, 0x00, 0x00, 0x00, 0x00, 0x00, 0x00, 0x00, 0x00, 0x00,
    0x00, 0x00, 0x00, 0x00, 0x2d, 0xff, 0x09, 0x00, 0x00, 0x00, 0x00, 0x00, 0x00, 0x00, 0x00, 0x00,
    0x00, 0x00, 0x01, 0x1e, 0x00, 0x00, 0x00, 0x00, 0x00, 0x00, 0x00, 0x00, 0x00, 0x00, 0x00, 0x00,
    0x00, 0x00, 0x00, 0x00, 0x00, 0x00, 0x00, 0x00, 0x00, 0x00, 0x00, 0x00, 0x00, 0x00, 0x00, 0x00,
    0x00, 0x00, 0x00, 0x00, 0x00, 0x00, 0x00, 0x00, 0x00, 0x00, 0x00, 0x00, 0x00, 0x00, 0x00, 0x00,
    0x00, 0x00, 0x00, 0x00, 0x70, 0xfd, 0x08, 0x00, 0x00, 0x00, 0x00, 0x00, 0x00, 0x00, 0x00, 0x00,
    0x00, 0x00, 0x77, 0xcc, 0x00, 0x00, 0x00, 0x00, 0x00, 0x00, 0x00, 0x00, 0x00, 0x00, 0x00, 0x00,
    0x00, 0x00, 0x00, 0x00, 0x00, 0x00, 0x00, 0x00, 0x00, 0x00, 0x00, 0x00, 0x00, 0x00, 0x00, 0x00,
    0x00, 0x00, 0x00, 0x00, 0x00, 0x00, 0x00, 0x00, 0x00, 0x00, 0x00, 0x00, 0x00, 0x00, 0x00, 0x00,
    0x00, 0x00, 0x00, 0x00, 0x6f, 0xff, 0x13, 0x00, 0x00, 0x35, 0x15, 0x00, 0x00, 0x00, 0x00, 0x00,
    0x00, 0x01, 0xff, 0x79, 0x00, 0x00, 0x00, 0x00, 0x00, 0x00, 0x00, 0x00, 0x00, 0x00, 0x00, 0x00,
    0x00, 0x00, 0x00, 0x00, 0x00, 0x00, 0x00, 0x00, 0x00, 0x00, 0x00, 0x00, 0x00, 0x00, 0x00, 0x00,
    0x00, 0x00, 0x00, 0x00, 0x00, 0x00, 0x00, 0x00, 0x00, 0x00, 0x00, 0x00, 0x00, 0x00, 0x00, 0x00,
    0x00, 0x00, 0x00, 0x00, 0x45, 0xff, 0x75, 0x00, 0x0b, 0xff, 0x12, 0x00, 0x00, 0x00, 0x00, 0x00,
    0x00, 0x06, 0xff, 0xaf, 0x00, 0x00, 0x01, 0x0a, 0x00, 0x00, 0x00, 0x00, 0x00, 0x00, 0x00, 0x00,
    0x00, 0x00, 0x00, 0x00, 0x00, 0x00, 0x00, 0x00, 0x00, 0x00, 0x00, 0x00, 0x00, 0x00, 0x00, 0x00,
    0x00, 0x00, 0x00, 0x00, 0x00, 0x00, 0x00, 0x00, 0x00, 0x00, 0x00, 0x00, 0x00, 0x00, 0x00, 0x00,
    0x00, 0x00, 0x00, 0x00, 0x0c, 0xfd, 0xff, 0x15, 0x2c, 0xfb, 0x08, 0x00, 0x00, 0x00, 0x00, 0x00,
    0x00, 0x01, 0xd1, 0xfb, 0x0f, 0x00, 0x80, 0x61, 0x00, 0x00, 0x00, 0x00, 0x00, 0x00, 0x00, 0x00,
    0x00, 0x00, 0x00, 0x00, 0x00, 0x00, 0x00, 0x00, 0x00, 0x00, 0x00, 0x00, 0x00, 0x00, 0x00, 0x00,
    0x00, 0x00, 0x00, 0x00, 0x00, 0x00, 0x00, 0x00, 0x00, 0x00, 0x00, 0x00, 0x00, 0x00, 0x00, 0x00,
    0x00, 0x1e, 0x38, 0x04, 0x01, 0x8e, 0xf7, 0xd9, 0x92, 0xff, 0x2e, 0x00, 0x0a, 0x18, 0x00, 0x00,
    0x00, 0x00, 0x37, 0xff, 0xa0, 0x02, 0xff, 0x30, 0x00, 0x00, 0x00, 0x00, 0x00, 0x00, 0x00, 0x00,
    0x00, 0x00, 0x00, 0x00, 0x00, 0x00, 0x00, 0x00, 0x00, 0x00, 0x00, 0x00, 0x00, 0x00, 0x00, 0x00,
    0x00, 0x00, 0x00, 0x00, 0x00, 0x00, 0x00, 0x00, 0x00, 0x00, 0x00, 0x00, 0x00, 0x00, 0x00, 0x00,
    0x00, 0x0b, 0xff, 0xff, 0xf5, 0xff, 0xff, 0xff, 0xff, 0xfb, 0xce, 0x00, 0x4c, 0xd7, 0x00, 0x00,
    0x06, 0x74, 0x00, 0x85, 0xff, 0x9b, 0xf7, 0x64, 0x00, 0x00, 0x00, 0x00, 0x00, 0x00, 0x00, 0x00,
    0x00, 0x00, 0x00, 0x00, 0x00, 0x00, 0x00, 0x00, 0x00, 0x00, 0x00, 0x00, 0x00, 0x00, 0x00, 0x00,
    0x00, 0x00, 0x00, 0x00, 0x00, 0x00, 0x00, 0x00, 0x00, 0x00, 0x00, 0x00, 0x00, 0x00, 0x00, 0x00,
    0x00, 0x00, 0x07, 0x61, 0xa0, 0xa6, 0x74, 0x6d, 0xff, 0xfd, 0xff, 0x94, 0x8c, 0xff, 0x69, 0x00,
    0x0b, 0xff, 0x8b, 0x01, 0x6d, 0xff, 0xff, 0xe8, 0x08, 0x00, 0x00, 0x00, 0x00, 0x00, 0x00, 0x00,
    0x00, 0x00, 0x00, 0x00, 0x00, 0x00, 0x00, 0x00, 0x00, 0x00, 0x00, 0x00, 0x00, 0x00, 0x00, 0x00,
    0x00, 0x00, 0x00, 0x00, 0x00, 0x00, 0x00, 0x00, 0x00, 0x00, 0x00, 0x00, 0x00, 0x00, 0x00, 0x00,
    0x00, 0x00, 0x00, 0x00, 0x00, 0x00, 0x00, 0x00, 0x2c, 0xf5, 0xff, 0xff, 0xff, 0xf9, 0xff, 0x89,
    0x2e, 0xf3, 0xff, 0x8b, 0x00, 0x3d, 0xe4, 0xff, 0xb7, 0x01, 0x64, 0x08, 0x00, 0x00, 0x00, 0x00,
    0x00, 0x00, 0x00, 0x00, 0x00, 0x00, 0x00, 0x00, 0x00, 0x00, 0x00, 0x00, 0x00, 0x00, 0x00, 0x00,
    0x00, 0x00, 0x00, 0x00, 0x00, 0x00, 0x00, 0x00, 0x00, 0x00, 0x00, 0x00, 0x00, 0x00, 0x00, 0x00,
    0x00, 0x00, 0x00, 0x00, 0x00, 0x00, 0x00, 0x00, 0x00, 0x07, 0x8b, 0xff, 0xfb, 0xff, 0xf9, 0xff,
    0xff, 0xfd, 0xf7, 0xff, 0x7e, 0x83, 0x41, 0xd7, 0xff, 0x7c, 0xff, 0x21, 0x00, 0x00, 0x00, 0x00,
    0x00, 0x00, 0x00, 0x00, 0x00, 0x00, 0x00, 0x00, 0x00, 0x00, 0x00, 0x00, 0x00, 0x00, 0x00, 0x00,
    0x00, 0x00, 0x00, 0x00, 0x00, 0x00, 0x00, 0x00, 0x00, 0x00, 0x00, 0x00, 0x00, 0x00, 0x00, 0x00,
    0x00, 0x00, 0x00, 0x00, 0x00, 0x00, 0x00, 0x26, 0x38, 0x02, 0x00, 0x3c, 0xfd, 0xfb, 0xff, 0xf9,
    0xfd, 0xff, 0xff, 0xfb, 0xff, 0xff, 0xb2, 0x83, 0xfb, 0xff, 0xff, 0x2f, 0x00, 0x00, 0x00, 0x00,
    0x00, 0x00, 0x00, 0x00, 0x00, 0x00, 0x00, 0x00, 0x00, 0x00, 0x00, 0x00, 0x00, 0x00, 0x00, 0x00,
    0x00, 0x00, 0x00, 0x00, 0x00, 0x00, 0x00, 0x00, 0x00, 0x00, 0x00, 0x00, 0x00, 0x00, 0x00, 0x00,
    0x00, 0x00, 0x01, 0x63, 0x20, 0x04, 0x00, 0x0d, 0xff, 0xf1, 0xa6, 0x97, 0xff, 0xff, 0xff, 0xff,
    0xff, 0xff, 0xff, 0xff, 0xfd, 0xfb, 0xff, 0xf3, 0xff, 0xf5, 0xff, 0x1c, 0x00, 0x00, 0x00, 0x00,
    0x00, 0x00, 0x00, 0x00, 0x00, 0x00, 0x00, 0x00, 0x00, 0x00, 0x00, 0x00, 0x00, 0x00, 0x00, 0x00,
    0x00, 0x00, 0x00, 0x00, 0x00, 0x00, 0x00, 0x00, 0x00, 0x00, 0x00, 0x00, 0x00, 0x00, 0x00, 0x00,
    0x00, 0x00, 0x00, 0x3f, 0xff, 0xe2, 0xb0, 0x73, 0xcc, 0xff, 0xff, 0xff, 0xff, 0xff, 0xff, 0xff,
    0xff, 0xff, 0xff, 0xff, 0xff, 0xff, 0xfd, 0xff, 0xff, 0xff, 0xfd, 0x07, 0x00, 0x00, 0x00, 0x00,
    0x00, 0x00, 0x00, 0x00, 0x00, 0x00, 0x00, 0x00, 0x00, 0x00, 0x00, 0x00, 0x00, 0x00, 0x00, 0x00,
    0x00, 0x00, 0x00, 0x00, 0x00, 0x00, 0x00, 0x00, 0x00, 0x00, 0x00, 0x00, 0x00, 0x00, 0x00, 0x00,
    0x00, 0x00, 0x00, 0x00, 0x42, 0xff, 0xff, 0xff, 0xff, 0xfd, 0xfb, 0xfb, 0xff, 0xff, 0xff, 0xff,
    0xff, 0xff, 0xff, 0xff, 0xff, 0xff, 0xff, 0xff, 0xff, 0xff, 0xff, 0x08, 0x00, 0x00, 0x00, 0x00,
    0x00, 0x00, 0x00, 0x00, 0x00, 0x00, 0x00, 0x00, 0x00, 0x00, 0x00, 0x00, 0x00, 0x00, 0x00, 0x00,
    0x00, 0x00, 0x00, 0x00, 0x00, 0x00, 0x00, 0x00, 0x00, 0x00, 0x00, 0x00, 0x00, 0x00, 0x00, 0x00,
    0x00, 0x00, 0x00, 0x00, 0x00, 0x38, 0xff, 0xfb, 0xfd, 0xff, 0xff, 0xff, 0xff, 0xff, 0xff, 0xff,
    0xff, 0xff, 0xff, 0xff, 0xff, 0xff, 0xff, 0xff, 0xff, 0xff, 0xe0, 0x74, 0x31, 0x00, 0x00, 0x00,
    0x00, 0x00, 0x00, 0x00, 0x00, 0x00, 0x00, 0x00, 0x00, 0x00, 0x00, 0x00, 0x00, 0x00, 0x00, 0x00,
    0x00, 0x00, 0x00, 0x00, 0x00, 0x00, 0x00, 0x00, 0x00, 0x00, 0x00, 0x00, 0x00, 0x00, 0x00, 0x00,
    0x00, 0x00, 0x00, 0x00, 0x00, 0x00, 0x18, 0xe0, 0xfb, 0xfd, 0xff, 0xff, 0xff, 0xff, 0xff, 0xff,
    0xff, 0xff, 0xff, 0xff, 0xff, 0xff, 0xff, 0xff, 0xff, 0xff, 0xf1, 0xff, 0x5e, 0x00, 0x00, 0x00,
    0x00, 0x00, 0x00, 0x00, 0x00, 0x00, 0x00, 0x00, 0x00, 0x00, 0x00, 0x00, 0x00, 0x00, 0x00, 0x00,
    0x00, 0x00, 0x00, 0x00, 0x00, 0x00, 0x00, 0x00, 0x00, 0x00, 0x00, 0x00, 0x00, 0x00, 0x00, 0x00,
    0x00, 0x00, 0x00, 0x00, 0x06, 0x29, 0x57, 0xd7, 0xff, 0xfd, 0xff, 0xff, 0xff, 0xff, 0xff, 0xff,
    0xff, 0xff, 0xff, 0xff, 0xff, 0xff, 0xff, 0xff, 0xff, 0xff, 0xf9, 0xfd, 0x44, 0x00, 0x00, 0x00,
    0x00, 0x00, 0x00, 0x00, 0x00, 0x00, 0x00, 0x00, 0x00, 0x00, 0x00, 0x00, 0x00, 0x00, 0x00, 0x00,
    0x00, 0x00, 0x00, 0x00, 0x00, 0x00, 0x00, 0x00, 0x00, 0x00, 0x00, 0x00, 0x00, 0x00, 0x00, 0x00,
    0x00, 0x00, 0x01, 0xa3, 0xff, 0xff, 0xff, 0xff, 0xff, 0xff, 0xff, 0xff, 0xff, 0xff, 0xff, 0xff,
    0xff, 0xff, 0xff, 0xff, 0xff, 0xff, 0xff, 0xff, 0xff, 0xff, 0xf9, 0xff, 0x17, 0x00, 0x00, 0x00,
    0x00, 0x00, 0x00, 0x00, 0x00, 0x00, 0x00, 0x00, 0x00, 0x00, 0x00, 0x00, 0x00, 0x00, 0x00, 0x00,
    0x00, 0x00, 0x00, 0x00, 0x00, 0x00, 0x00, 0x00, 0x00, 0x00, 0x00, 0x00, 0x00, 0x00, 0x00, 0x00,
    0x00, 0x00, 0x00, 0x0d, 0x95, 0xff, 0xff, 0xff, 0xff, 0xff, 0xff, 0xff, 0xff, 0xff, 0xff, 0xff,
    0xff, 0xff, 0xff, 0xff, 0xff, 0xff, 0xff, 0xff, 0xff, 0xff, 0xf9, 0xff, 0x16, 0x00, 0x00, 0x00,
    0x00, 0x00, 0x00, 0x00, 0x00, 0x00, 0x00, 0x00, 0x00, 0x00, 0x00, 0x00, 0x00, 0x00, 0x00, 0x00,
    0x00, 0x00, 0x00, 0x00, 0x00, 0x00, 0x00, 0x00, 0x00, 0x00, 0x00, 0x00, 0x00, 0x00, 0x00, 0x00,
    0x00, 0x00, 0x00, 0x00, 0x00, 0x14, 0x4e, 0xc7, 0xff, 0xfd, 0xff, 0xff, 0xff, 0xff, 0xff, 0xff,
    0xff, 0xff, 0xff, 0xff, 0xff, 0xff, 0xff, 0xff, 0xff, 0xff, 0xf9, 0xff, 0x1c, 0x00, 0x00, 0x00,
    0x00, 0x00, 0x00, 0x00, 0x00, 0x00, 0x00, 0x00, 0x00, 0x00, 0x00, 0x00, 0x00, 0x00, 0x00, 0x00,
    0x00, 0x00, 0x00, 0x00, 0x00, 0x00, 0x00, 0x00, 0x00, 0x00, 0x00, 0x00, 0x00, 0x00, 0x00, 0x00,
    0x00, 0x00, 0x00, 0x00, 0x00, 0x00, 0x07, 0xca, 0xfb, 0xfd, 0xff, 0xff, 0xff, 0xff, 0xff, 0xff,
    0xff, 0xff, 0xff, 0xff, 0xff, 0xff, 0xff, 0xff, 0xff, 0xff, 0xf7, 0xff, 0x26, 0x00, 0x00, 0x00,
    0x00, 0x00, 0x00, 0x00, 0x00, 0x00, 0x00, 0x20, 0x42, 0x00, 0x00, 0x00, 0x00, 0x00, 0x00, 0x00,
    0x00, 0x00, 0x00, 0x00, 0x00, 0x00, 0x00, 0x00, 0x00, 0x00, 0x00, 0x00, 0x00, 0x00, 0x00, 0x00,
    0x00, 0x00, 0x00, 0x00, 0x00, 0x09, 0xe2, 0xff, 0xfd, 0xff, 0xff, 0xff, 0xff, 0xff, 0xff, 0xff,
    0xff, 0xff, 0xff, 0xff, 0xff, 0xff, 0xff, 0xff, 0xff, 0xff, 0xf9, 0xff, 0x77, 0x00, 0x00, 0x00,
    0x00, 0x00, 0x00, 0x00, 0x00, 0x00, 0x00, 0x7e, 0xaf, 0x00, 0x00, 0x00, 0x00, 0x00, 0x00, 0x00,
    0x00, 0x00, 0x00, 0x00, 0x00, 0x00, 0x00, 0x00, 0x00, 0x00, 0x00, 0x00, 0x00, 0x00, 0x00, 0x00,
    0x00, 0x00, 0x00, 0x00, 0x05, 0xef, 0xff, 0xff, 0xff, 0xff, 0xff, 0xff, 0xff, 0xff, 0xff, 0xff,
    0xff, 0xff, 0xff, 0xff, 0xff, 0xff, 0xff, 0xff, 0xff, 0xff, 0xfb, 0xff, 0xd3, 0x00, 0x00, 0x00,
    0x00, 0x00, 0x00, 0x00, 0x00, 0x00, 0x0b, 0xf9, 0xca, 0x00, 0x00, 0x00, 0x00, 0x00, 0x00, 0x00,
    0x00, 0x00, 0x00, 0x00, 0x00, 0x00, 0x00, 0x00, 0x00, 0x00, 0x00, 0x00, 0x00, 0x00, 0x00, 0x00,
    0x00, 0x00, 0x00, 0x00, 0x11, 0x74, 0x7f, 0x80, 0xf7, 0xff, 0xff, 0xff, 0xff, 0xff, 0xff, 0xff,
    0xff, 0xff, 0xff, 0xff, 0xff, 0xff, 0xff, 0xff, 0xff, 0xff, 0xf7, 0xfd, 0x56, 0x00, 0x00, 0x00,
    0x00, 0x00, 0x00, 0x00, 0x00, 0x17, 0xcf, 0xff, 0xd9, 0x01, 0x00, 0x00, 0x00, 0x00, 0x00, 0x00,
    0x00, 0x00, 0x00, 0x00, 0x00, 0x00, 0x00, 0x00, 0x00, 0x00, 0x00, 0x00, 0x00, 0x00, 0x00, 0x00,
    0x00, 0x00, 0x00, 0x00, 0x00, 0x00, 0x00, 0x23, 0xfd, 0xf7, 0xff, 0xff, 0xff, 0xff, 0xff, 0xff,
    0xff, 0xff, 0xff, 0xff, 0xff, 0xff, 0xff, 0xff, 0xff, 0xff, 0xf5, 0xff, 0x2a, 0x00, 0x00, 0x00,
    0x00, 0x00, 0x00, 0x00, 0x4a, 0xff, 0xff, 0xff, 0xd1, 0x00, 0x00, 0x00, 0x00, 0x00, 0x00, 0x00,
    0x00, 0x00, 0x00, 0x00, 0x00, 0x00, 0x00, 0x00, 0x00, 0x00, 0x00, 0x00, 0x00, 0x00, 0x00, 0x00,
    0x00, 0x00, 0x00, 0x00, 0x00, 0x00, 0x00, 0x7e, 0xfb, 0xff, 0xff, 0xff, 0xff, 0xff, 0xff, 0xff,
    0xff, 0xff, 0xff, 0xff, 0xff, 0xff, 0xff, 0xff, 0xff, 0xf9, 0xfb, 0xfd, 0x08, 0x00, 0x00, 0x00,
    0x00, 0x00, 0x00, 0x38, 0xff, 0xf7, 0xf7, 0xfd, 0x9e, 0x00, 0x00, 0x00, 0x00, 0x00, 0x00, 0x00,
    0x00, 0x00, 0x00, 0x00, 0x00, 0x00, 0x00, 0x00, 0x00, 0x00, 0x00, 0x00, 0x00, 0x00, 0x00, 0x00,
    0x00, 0x00, 0x00, 0x00, 0x00, 0x00, 0x00, 0x8b, 0xff, 0xcf, 0xff, 0xff, 0xff, 0xff, 0xff, 0xff,
    0xff, 0xff, 0xff, 0xff, 0xff, 0xff, 0xfb, 0xfb, 0xfd, 0xff, 0xff, 0x2b, 0x00, 0x00, 0x00, 0x00,
    0x00, 0x08, 0x08, 0xeb, 0xfb, 0xfd, 0xf7, 0xff, 0x45, 0x00, 0x00, 0x00, 0x00, 0x00, 0x00, 0x00,
    0x00, 0x00, 0x00, 0x00, 0x00, 0x00, 0x00, 0x00, 0x00, 0x00, 0x00, 0x00, 0x00, 0x00, 0x00, 0x00,
    0x00, 0x00, 0x00, 0x00, 0x00, 0x00, 0x00, 0x80, 0x9e, 0x4f, 0xff, 0xf7, 0xff, 0xff, 0xff, 0xff,
    0xff, 0xff, 0xff, 0xff, 0xff, 0xf9, 0xff, 0xff, 0xff, 0xab, 0x18, 0x00, 0x00, 0x00, 0x00, 0x00,
    0x00, 0x7c, 0x98, 0xfb, 0xff, 0xfd, 0xfb, 0xed, 0x04, 0x00, 0x00, 0x00, 0x00, 0x00, 0x00, 0x00,
    0x00, 0x00, 0x00, 0x00, 0x00, 0x00, 0x00, 0x00, 0x00, 0x00, 0x00, 0x00, 0x00, 0x00, 0x00, 0x00,
    0x00, 0x00, 0x00, 0x00, 0x00, 0x00, 0x00, 0x0a, 0x02, 0x3e, 0xfd, 0xfd, 0xff, 0xff, 0xff, 0xff,
    0xff, 0xff, 0xff, 0xf9, 0xff, 0x54, 0x0e, 0x14, 0x08, 0x00, 0x00, 0x00, 0x00, 0x00, 0x00, 0x00,
    0x00, 0xc0, 0xff, 0xfb, 0xff, 0xf7, 0xff, 0x3e, 0x00, 0x00, 0x00, 0x00, 0x00, 0x00, 0x00, 0x00,
    0x00, 0x00, 0x00, 0x00, 0x00, 0x00, 0x00, 0x00, 0x00, 0x00, 0x00, 0x00, 0x00, 0x00, 0x00, 0x00,
    0x00, 0x00, 0x00, 0x00, 0x00, 0x00, 0x00, 0x00, 0x00, 0x2a, 0xff, 0xd5, 0xf5, 0xff, 0xff, 0xff,
    0xff, 0xff, 0xff, 0xf9, 0xff, 0xa2, 0x00, 0x00, 0x00, 0x00, 0x00, 0x00, 0x00, 0x00, 0x00, 0x00,
    0x01, 0xde, 0xfd, 0xfd, 0xf9, 0xff, 0x82, 0x00, 0x00, 0x00, 0x00, 0x00, 0x00, 0x00, 0x00, 0x00,
    0x00, 0x00, 0x00, 0x00, 0x00, 0x00, 0x00, 0x00, 0x00, 0x00, 0x00, 0x00, 0x00, 0x00, 0x00, 0x00,
    0x00, 0x0e, 0x00, 0x00, 0x00, 0x00, 0x00, 0x00, 0x00, 0x0b, 0xf7, 0x3e, 0xf5, 0xfd, 0xff, 0xff,
    0xff, 0xff, 0xff, 0xff, 0xf9, 0xff, 0x23, 0x00, 0x00, 0x00, 0x00, 0x00, 0x00, 0x00, 0x00, 0x00,
    0x01, 0xe2, 0xff, 0xfb, 0xfd, 0xe4, 0x47, 0x35, 0x00, 0x00, 0x00, 0x00, 0x00, 0x00, 0x00, 0x00,
    0x00, 0x00, 0x00, 0x00, 0x00, 0x00, 0x00, 0x00, 0x00, 0x00, 0x00, 0x00, 0x00, 0x00, 0x06, 0x4e,
    0x2f, 0xbc, 0xaf, 0x02, 0x00, 0x00, 0x00, 0x00, 0x00, 0x01, 0x0f, 0x16, 0xff, 0xff, 0xff, 0xff,
    0xff, 0xff, 0xff, 0xff, 0xfb, 0xfb, 0xd5, 0x02, 0x00, 0x00, 0x00, 0x00, 0x00, 0x00, 0x00, 0x00,
    0x00, 0xbe, 0xff, 0xfb, 0xfb, 0xff, 0xff, 0x39, 0x00, 0x00, 0x00, 0x00, 0x00, 0x00, 0x00, 0x00,
    0x00, 0x00, 0x00, 0x00, 0x00, 0x00, 0x00, 0x00, 0x00, 0x00, 0x00, 0x00, 0x00, 0x00, 0x17, 0xff,
    0xff, 0xf3, 0xff, 0x92, 0x02, 0x00, 0x00, 0x00, 0x00, 0x00, 0x00, 0x18, 0xff, 0xa5, 0xff, 0xfd,
    0xff, 0xff, 0xff, 0xff, 0xff, 0xf9, 0xff, 0x6f, 0x00, 0x00, 0x00, 0x00, 0x00, 0x00, 0x00, 0x00,
    0x00, 0x77, 0xfd, 0xf5, 0xff, 0xc1, 0x15, 0x00, 0x00, 0x00, 0x00, 0x00, 0x00, 0x00, 0x00, 0x00,
    0x00, 0x00, 0x00, 0x00, 0x00, 0x00, 0x00, 0x00, 0x00, 0x00, 0x00, 0x00, 0x00, 0x00, 0x0d, 0xb7,
    0xf5, 0xfd, 0xfb, 0xfd, 0xda, 0x1a, 0x00, 0x00, 0x00, 0x00, 0x00, 0x08, 0x31, 0x4f, 0xff, 0xf7,
    0xff, 0xff, 0xff, 0xff, 0xff, 0xff, 0xf7, 0xff, 0x1e, 0x00, 0x00, 0x00, 0x00, 0x00, 0x00, 0x00,
    0x00, 0x22, 0xff, 0xfb, 0x91, 0x01, 0x00, 0x00, 0x00, 0x00, 0x00, 0x00, 0x00, 0x00, 0x00, 0x00,
    0x00, 0x00, 0x00, 0x00, 0x00, 0x00, 0x00, 0x00, 0x00, 0x00, 0x00, 0x00, 0x00, 0x04, 0xff, 0xff,
    0xfd, 0xff, 0xff, 0xf5, 0xff, 0x62, 0x00, 0x00, 0x00, 0x00, 0x00, 0x00, 0x00, 0xab, 0xff, 0xfb,
    0xff, 0xff, 0xff, 0xff, 0xff, 0xff, 0xfb, 0xfd, 0xd5, 0x01, 0x00, 0x00, 0x00, 0x00, 0x00, 0x00,
    0x02, 0x00, 0xd5, 0xfd, 0x06, 0x00, 0x00, 0x00, 0x00, 0x00, 0x00, 0x00, 0x00, 0x00, 0x00, 0x00,
    0x00, 0x00, 0x00, 0x00, 0x00, 0x00, 0x00, 0x00, 0x00, 0x00, 0x00, 0x00, 0x00, 0x02, 0x78, 0xff,
    0xf9, 0xff, 0xff, 0xf7, 0xfd, 0x46, 0x00, 0x00, 0x00, 0x00, 0x07, 0x86, 0x7e, 0xff, 0xff, 0xff,
    0xff, 0xff, 0xff, 0xff, 0xff, 0xff, 0xff, 0xf7, 0xff, 0x40, 0x00, 0x00, 0x00, 0x00, 0x00, 0x01,
    0xa3, 0x00, 0x6c, 0xf1, 0x00, 0x00, 0x00, 0x00, 0x00, 0x00, 0x00, 0x00, 0x00, 0x00, 0x00, 0x00,
    0x00, 0x00, 0x00, 0x00, 0x00, 0x00, 0x00, 0x00, 0x00, 0x00, 0x00, 0x00, 0x00, 0x00, 0x00, 0x26,
    0xff, 0xf9, 0xff, 0xfb, 0xff, 0x0f, 0x00, 0x00, 0x00, 0x00, 0x00, 0xbe, 0xff, 0xf9, 0xff, 0xff,
    0xff, 0xff, 0xff, 0xff, 0xff, 0xff, 0xff, 0xfb, 0xfd, 0xca, 0x00, 0x00, 0x00, 0x00, 0x00, 0x00,
    0xce, 0x61, 0x2a, 0xfd, 0x01, 0x00, 0x00, 0x00, 0x00, 0x00, 0x00, 0x00, 0x00, 0x00, 0x00, 0x00,
    0x00, 0x00, 0x00, 0x00, 0x00, 0x00, 0x00, 0x00, 0x00, 0x00, 0x00, 0x00, 0x00, 0x00, 0x00, 0x00,
    0xb9, 0xff, 0xf7, 0xf9, 0xff, 0x16, 0x00, 0x00, 0x59, 0x7b, 0xa2, 0xe4, 0xf7, 0xfd, 0xff, 0xff,
    0xff, 0xff, 0xff, 0xff, 0xff, 0xff, 0xff, 0xff, 0xfb, 0xff, 0x14, 0x00, 0x00, 0x00, 0x00, 0x00,
    0x4f, 0xff, 0x9d, 0xfd, 0x0b, 0x00, 0x00, 0x00, 0x00, 0x00, 0x00, 0x00, 0x00, 0x00, 0x00, 0x00,
    0x00, 0x00, 0x00, 0x00, 0x00, 0x00, 0x00, 0x00, 0x00, 0x00, 0x00, 0x00, 0x00, 0x00, 0x00, 0x00,
    0x0e, 0xe9, 0xff, 0xf7, 0xff, 0xa8, 0x00, 0x00, 0x36, 0xff, 0xff, 0xff, 0xff, 0xff, 0xff, 0xff,
    0xff, 0xff, 0xff, 0xff, 0xff, 0xff, 0xff, 0xff, 0xf7, 0xfd, 0x47, 0x00, 0x00, 0x00, 0x00, 0x00,
    0x06, 0xef, 0xff, 0xfb, 0x3f, 0x00, 0x00, 0x00, 0x00, 0x00, 0x00, 0x00, 0x00, 0x00, 0x00, 0x00,
    0x00, 0x00, 0x00, 0x00, 0x00, 0x00, 0x00, 0x00, 0x00, 0x00, 0x00, 0x00, 0x00, 0x00, 0x00, 0x00,
    0x00, 0x10, 0xeb, 0xfd, 0xf9, 0xff, 0x86, 0x44, 0xc1, 0xf3, 0xf9, 0xff, 0xff, 0xff, 0xff, 0xff,
    0xff, 0xff, 0xff, 0xff, 0xff, 0xff, 0xff, 0xff, 0xf7, 0xff, 0x74, 0x00, 0x00, 0x00, 0x00, 0x00,
    0x00, 0x19, 0xe4, 0xff, 0xc8, 0x01, 0x00, 0x00, 0x00, 0x00, 0x00, 0x00, 0x00, 0x00, 0x00, 0x00,
    0x00, 0x00, 0x00, 0x00, 0x00, 0x00, 0x00, 0x00, 0x00, 0x00, 0x00, 0x00, 0x00, 0x00, 0x00, 0x00,
    0x00, 0x00, 0x22, 0xff, 0xf9, 0xfb, 0xff, 0xff, 0xff, 0xff, 0xff, 0xff, 0xff, 0xff, 0xff, 0xff,
    0xff, 0xff, 0xff, 0xff, 0xff, 0xff, 0xff, 0xff, 0xf9, 0xff, 0x8e, 0x00, 0x00, 0x00, 0x00, 0x00,
    0x00, 0x00, 0x06, 0x9d, 0xff, 0x3e, 0x00, 0x08, 0x00, 0x00, 0x00, 0x00, 0x00, 0x00, 0x00, 0x00,
    0x00, 0x00, 0x00, 0x00, 0x00, 0x00, 0x00, 0x00, 0x00, 0x00, 0x00, 0x00, 0x00, 0x00, 0x00, 0x00,
    0x00, 0x17, 0x67, 0xfd, 0xfd, 0xff, 0xfb, 0xf7, 0xfd, 0xff, 0xff, 0xff, 0xff, 0xff, 0xff, 0xff,
    0xff, 0xff, 0xff, 0xff, 0xff, 0xff, 0xff, 0xff, 0xf9, 0xff, 0x80, 0x00, 0x00, 0x00, 0x00, 0x00,
    0x00, 0x00, 0x00, 0x02, 0xda, 0xda, 0x2f, 0x86, 0x00, 0x00, 0x00, 0x00, 0x00, 0x00, 0x00, 0x00,
    0x00, 0x00, 0x00, 0x00, 0x00, 0x00, 0x00, 0x00, 0x00, 0x00, 0x00, 0x00, 0x00, 0x00, 0x00, 0x2c,
    0xb4, 0xff, 0xff, 0xff, 0xff, 0xff, 0xff, 0xff, 0xff, 0xff, 0xff, 0xff, 0xff, 0xff, 0xff, 0xff,
    0xff, 0xff, 0xff, 0xff, 0xff, 0xff, 0xff, 0xff, 0xf7, 0xff, 0x59, 0x00, 0x00, 0x00, 0x00, 0x00,
    0x00, 0x00, 0x00, 0x00, 0x38, 0xff, 0xcf, 0xdc, 0x01, 0x00, 0x00, 0x00, 0x00, 0x00, 0x00, 0x00,
    0x00, 0x00, 0x00, 0x00, 0x00, 0x00, 0x00, 0x00, 0x00, 0x00, 0x00, 0x00, 0x00, 0x01, 0x8e, 0xff,
    0xff, 0xfb, 0xf9, 0xff, 0xff, 0xff, 0xff, 0xff, 0xff, 0xff, 0xff, 0xff, 0xff, 0xff, 0xff, 0xff,
    0xff, 0xff, 0xff, 0xff, 0xff, 0xff, 0xff, 0xff, 0xf9, 0xff, 0x23, 0x00, 0x00, 0x00, 0x00, 0x00,
    0x00, 0x00, 0x00, 0x00, 0x04, 0xf1, 0xff, 0xff, 0x0a, 0x00, 0x00, 0x00, 0x00, 0x00, 0x00, 0x00,
    0x00, 0x00, 0x00, 0x00, 0x00, 0x00, 0x00, 0x00, 0x00, 0x00, 0x00, 0x00, 0x00, 0x00, 0x21, 0xc5,
    0xf9, 0xfd, 0xff, 0xff, 0xff, 0xff, 0xff, 0xff, 0xff, 0xff, 0xff, 0xff, 0xff, 0xff, 0xff, 0xff,
    0xff, 0xff, 0xff, 0xff, 0xff, 0xff, 0xff, 0xfd, 0xff, 0xe9, 0x03, 0x00, 0x00, 0x00, 0x00, 0x00,
    0x00, 0x00, 0x00, 0x00, 0x00, 0xa6, 0xfd, 0xff, 0x11, 0x00, 0x00, 0x00, 0x00, 0x00, 0x00, 0x00,
    0x00, 0x00, 0x00, 0x00, 0x00, 0x00, 0x00, 0x00, 0x00, 0x00, 0x00, 0x00, 0x00, 0x3d, 0xca, 0xfd,
    0xfd, 0xff, 0xff, 0xff, 0xff, 0xff, 0xff, 0xff, 0xff, 0xff, 0xff, 0xff, 0xff, 0xff, 0xff, 0xff,
    0xff, 0xff, 0xff, 0xff, 0xff, 0xff, 0xff, 0xfb, 0xff, 0xaa, 0x00, 0x00, 0x00, 0x00, 0x00, 0x00,
    0x00, 0x00, 0x00, 0x00, 0x00, 0x6c, 0xff, 0xff, 0x11, 0x00, 0x00, 0x00, 0x00, 0x00, 0x00, 0x00,
    0x00, 0x00, 0x00, 0x00, 0x00, 0x00, 0x00, 0x00, 0x00, 0x00, 0x00, 0x03, 0x9d, 0xff, 0xff, 0xff,
    0xff, 0xff, 0xff, 0xff, 0xff, 0xff, 0xff, 0xff, 0xff, 0xff, 0xff, 0xff, 0xff, 0xff, 0xff, 0xff,
    0xff, 0xff, 0xff, 0xff, 0xff, 0xff, 0xff, 0xf9, 0xff, 0x94, 0x00, 0x00, 0x00, 0x00, 0x00, 0x00,
    0x00, 0x00, 0x00, 0x00, 0x07, 0x4a, 0xff, 0xfb, 0x09, 0x00, 0x00, 0x00, 0x00, 0x00, 0x00, 0x00,
    0x00, 0x00, 0x00, 0x00, 0x00, 0x00, 0x00, 0x00, 0x00, 0x00, 0x02, 0xc7, 0xff, 0xf5, 0xfd, 0xff,
    0xff, 0xff, 0xff, 0xff, 0xff, 0xff, 0xff, 0xff, 0xff, 0xff, 0xff, 0xff, 0xff, 0xff, 0xff, 0xff,
    0xff, 0xff, 0xff, 0xff, 0xff, 0xff, 0xff, 0xfb, 0xff, 0xb0, 0x00, 0x00, 0x00, 0x00, 0x00, 0x00,
    0x00, 0x00, 0x00, 0x00, 0x77, 0x88, 0xff, 0xed, 0x04, 0x00, 0x00, 0x00, 0x00, 0x00, 0x00, 0x00,
    0x00, 0x00, 0x00, 0x00, 0x00, 0x00, 0x00, 0x00, 0x00, 0x00, 0x1f, 0x80, 0xe8, 0xfd, 0xff, 0xff,
    0xff, 0xff, 0xff, 0xff, 0xff, 0xff, 0xff, 0xff, 0xff, 0xff, 0xff, 0xff, 0xff, 0xff, 0xff, 0xff,
    0xff, 0xff, 0xff, 0xff, 0xfb, 0xfb, 0xff, 0xfd, 0xff, 0xe2, 0x01, 0x00, 0x00, 0x00, 0x00, 0x00,
    0x00, 0x00, 0x00, 0x00, 0x89, 0xff, 0xff, 0xcc, 0x00, 0x00, 0x00, 0x00, 0x00, 0x00, 0x00, 0x00,
    0x00, 0x00, 0x00, 0x00, 0x00, 0x00, 0x00, 0x00, 0x00, 0x00, 0x00, 0x7e, 0xff, 0xf9, 0xff, 0xff,
    0xff, 0xff, 0xff, 0xff, 0xff, 0xff, 0xff, 0xff, 0xff, 0xff, 0xff, 0xff, 0xff, 0xff, 0xff, 0xff,
    0xff, 0xff, 0xff, 0xff, 0xff, 0xff, 0xff, 0xff, 0xfb, 0xff, 0x12, 0x00, 0x00, 0x00, 0x00, 0x00,
    0x00, 0x00, 0x00, 0x00, 0x9d, 0xff, 0xfb, 0xc7, 0x2b, 0x00, 0x00, 0x00, 0x00, 0x00, 0x00, 0x00,
    0x00, 0x00, 0x00, 0x00, 0x00, 0x00, 0x00, 0x00, 0x00, 0x00, 0x25, 0xff, 0xf9, 0xff, 0xff, 0xff,
    0xff, 0xff, 0xff, 0xff, 0xff, 0xff, 0xff, 0xff, 0xff, 0xff, 0xff, 0xff, 0xff, 0xff, 0xff, 0xff,
    0xff, 0xff, 0xfb, 0xff, 0x7f, 0x98, 0xfd, 0xfb, 0xf7, 0xff, 0x4f, 0x00, 0x00, 0x00, 0x00, 0x00,
    0x00, 0x00, 0x00, 0x02, 0xe9, 0xfd, 0xf5, 0xff, 0x2a, 0x00, 0x00, 0x00, 0x00, 0x00, 0x00, 0x00,
    0x00, 0x00, 0x00, 0x00, 0x00, 0x00, 0x00, 0x00, 0x00, 0x00, 0xc1, 0xfd, 0xfb, 0xff, 0xff, 0xff,
    0xff, 0xff, 0xff, 0xff, 0xff, 0xff, 0xff, 0xff, 0xff, 0xff, 0xff, 0xff, 0xff, 0xff, 0xff, 0xff,
    0xff, 0xff, 0xf9, 0xff, 0x12, 0x10, 0xff, 0xf9, 0xfb, 0xff, 0xb0, 0x00, 0x00, 0x00, 0x00, 0x00,
    0x00, 0x00, 0x00, 0x56, 0xff, 0xf3, 0xff, 0xaf, 0x00, 0x00, 0x00, 0x00, 0x00, 0x00, 0x00, 0x00,
    0x00, 0x00, 0x00, 0x00, 0x00, 0x00, 0x00, 0x00, 0x00, 0x14, 0xff, 0xfb, 0xff, 0xff, 0xff, 0xff,
    0xff, 0xff, 0xff, 0xff, 0xff, 0xff, 0xff, 0xff, 0xff, 0xff, 0xff, 0xff, 0xff, 0xff, 0xff, 0xff,
    0xff, 0xfd, 0xff, 0xef, 0x02, 0x00, 0xaa, 0xff, 0xf7, 0xff, 0xf3, 0x03, 0x00, 0x00, 0x00, 0x00,
    0x00, 0x02, 0x22, 0xff, 0xf7, 0xf9, 0xfd, 0x0d, 0x00, 0x00, 0x00, 0x00, 0x00, 0x00, 0x00, 0x00,
    0x00, 0x00, 0x00, 0x00, 0x00, 0x00, 0x00, 0x00, 0x00, 0x38, 0xff, 0xf1, 0xff, 0xff, 0xff, 0xff,
    0xff, 0xff, 0xff, 0xff, 0xff, 0xff, 0xff, 0xff, 0xff, 0xff, 0xff, 0xff, 0xff, 0xff, 0xff, 0xff,
    0xff, 0xf9, 0xff, 0x8c, 0x0b, 0x05, 0x09, 0xf9, 0xfb, 0xf9, 0xff, 0x1a, 0x00, 0x00, 0x00, 0x01,
    0x88, 0xaf, 0xf9, 0xfd, 0xff, 0xff, 0x29, 0x00, 0x00, 0x00, 0x00, 0x00, 0x00, 0x00, 0x00, 0x00,
    0x00, 0x00, 0x00, 0x00, 0x00, 0x00, 0x00, 0x00, 0x00, 0x12, 0x64, 0xef, 0xfd, 0xff, 0xff, 0xff,
    0xff, 0xff, 0xff, 0xff, 0xff, 0xff, 0xff, 0xff, 0xff, 0xff, 0xff, 0xff, 0xff, 0xff, 0xff, 0xff,
    0xff, 0xff, 0xff, 0xed, 0xff, 0xaa, 0x17, 0x97, 0xff, 0xf7, 0xfd, 0xcc, 0x86, 0x11, 0x20, 0xbc,
    0xff, 0xff, 0xfd, 0xf5, 0xda, 0x27, 0x00, 0x00, 0x00, 0x00, 0x00, 0x00, 0x00, 0x00, 0x00, 0x00,
    0x00, 0x00, 0x00, 0x00, 0x00, 0x00, 0x00, 0x00, 0x00, 0x00, 0x07, 0xff, 0xfb, 0xff, 0xff, 0xff,
    0xff, 0xff, 0xff, 0xff, 0xff, 0xff, 0xff, 0xff, 0xff, 0xff, 0xff, 0xff, 0xff, 0xff, 0xff, 0xff,
    0xff, 0xff, 0xff, 0xff, 0xfd, 0xff, 0xff, 0xf3, 0xfd, 0xff, 0xff, 0xff, 0xff, 0xef, 0xff, 0xff,
    0xf9, 0xf5, 0xfb, 0xff, 0xb7, 0x01, 0x00, 0x00, 0x00, 0x00, 0x00, 0x00, 0x00, 0x00, 0x00, 0x00,
    0x00, 0x00, 0x00, 0x00, 0x00, 0x00, 0x00, 0x00, 0x00, 0x00, 0x00, 0xbc, 0xff, 0xf3, 0xfd, 0xff,
    0xff, 0xff, 0xff, 0xff, 0xff, 0xff, 0xff, 0xff, 0xff, 0xfb, 0xf7, 0xf7, 0xf7, 0xfd, 0xff, 0xff,
    0xff, 0xff, 0xff, 0xff, 0xff, 0xff, 0xff, 0xff, 0xff, 0xff, 0xff, 0xfd, 0xfd, 0xff, 0xf9, 0xfb,
    0xff, 0xff, 0xf7, 0x79, 0x0c, 0x00, 0x00, 0x00, 0x00, 0x00, 0x00, 0x00, 0x00, 0x00, 0x00, 0x00,
    0x00, 0x00, 0x00, 0x00, 0x00, 0x00, 0x00, 0x00, 0x00, 0x00, 0x00, 0x10, 0xe4, 0xff, 0xff, 0xf7,
    0xf7, 0xf7, 0xfd, 0xff, 0xff, 0xff, 0xff, 0xff, 0xfb, 0xff, 0xff, 0xff, 0xff, 0xff, 0xfb, 0xff,
    0xff, 0xff, 0xff, 0xfd, 0xfb, 0xba, 0xcf, 0xf1, 0xff, 0xfb, 0xf5, 0xf9, 0xfd, 0xf9, 0xf7, 0xfb,
    0xda, 0x35, 0x07, 0x00, 0x00, 0x00, 0x00, 0x00, 0x00, 0x00, 0x00, 0x00, 0x00, 0x00, 0x00, 0x00,
    0x00, 0x00, 0x00, 0x00, 0x00, 0x00, 0x00, 0x00, 0x00, 0x00, 0x00, 0x00, 0x05, 0x4d, 0xd7, 0xff,
    0xff, 0xff, 0xff, 0xfb, 0xf7, 0xfb, 0xfd, 0xf3, 0xff, 0x75, 0x3c, 0x42, 0x26, 0x22, 0xff, 0xf9,
    0xf7, 0xfb, 0xfd, 0xf7, 0xf9, 0xab, 0x0e, 0x03, 0x37, 0xff, 0xff, 0xff, 0xff, 0xff, 0xff, 0xff,
    0xff, 0x09, 0x00, 0x00, 0x00, 0x00, 0x00, 0x00, 0x00, 0x00, 0x00, 0x00, 0x00, 0x00, 0x00, 0x00,
    0x00, 0x00, 0x00, 0x00, 0x00, 0x00, 0x00, 0x00, 0x00, 0x00, 0x00, 0x00, 0x00, 0x00, 0x05, 0x33,
    0x3f, 0x70, 0xcf, 0xff, 0xff, 0xff, 0xff, 0xff, 0xaf, 0x4a, 0x00, 0x00, 0x00, 0x00, 0x7b, 0xff,
    0xff, 0xff, 0xff, 0xff, 0xff, 0xff, 0xbc, 0x00, 0x00, 0x14, 0x41, 0x88, 0xe0, 0xbc, 0x92, 0xcf,
    0x5e, 0x11, 0x00, 0x00, 0x00, 0x00, 0x00, 0x00, 0x00, 0x00, 0x00, 0x00, 0x00, 0x00, 0x00, 0x00,
    0x00, 0x00, 0x00, 0x00, 0x00, 0x00, 0x00, 0x00, 0x00, 0x00, 0x00, 0x00, 0x00, 0x00, 0x00, 0x00,
    0x00, 0x00, 0x01, 0x17, 0x54, 0xaa, 0x1c, 0x52, 0x18, 0x00, 0x00, 0x00, 0x00, 0x00, 0x00, 0x19,
    0x5d, 0xba, 0xde, 0x91, 0xe6, 0x42, 0x32, 0x01, 0x00, 0x00, 0x00, 0x00, 0x02, 0x02, 0x00, 0x01,
    0x00, 0x00, 0x00, 0x00, 0x00, 0x00, 0x00, 0x00, 0x00, 0x00, 0x00, 0x00, 0x00, 0x00, 0x00, 0x00,
    0x00, 0x00, 0x00, 0x00, 0x00, 0x00, 0x00, 0x00, 0x00, 0x00, 0x00, 0x00, 0x00, 0x00, 0x00, 0x00,
    0x00, 0x00, 0x00, 0x00, 0x00, 0x00, 0x00, 0x00, 0x00, 0x00, 0x00, 0x00, 0x00, 0x00, 0x00, 0x00,
    0x00, 0x00, 0x02, 0x00, 0x02, 0x00, 0x00, 0x00, 0x00, 0x00, 0x00, 0x00, 0x00, 0x00, 0x00, 0x00,
    0x00, 0x00, 0x00, 0x00, 0x00, 0x00, 0x00, 0x00, 0x00, 0x00, 0x00, 0x00, 0x00, 0x00, 0x00, 0x00,
    0x00, 0x00, 0x00, 0x00, 0x00, 0x00, 0x00, 0x00, 0x00, 0x00, 0x00, 0x00, 0x00, 0x00, 0x00, 0x00,
    0x00, 0x00, 0x00, 0x00, 0x00, 0x00, 0x00, 0x00, 0x00, 0x00, 0x00, 0x00, 0x00, 0x00, 0x00, 0x00,
    0x00, 0x00, 0x00, 0x00, 0x00, 0x00, 0x00, 0x00, 0x00, 0x00, 0x00, 0x00, 0x00, 0x00, 0x00, 0x00,
    0x00, 0x00, 0x00, 0x00, 0x00, 0x00, 0x00, 0x00, 0x00, 0x00, 0x00, 0x00, 0x00, 0x00, 0x00, 0x00,
};

const lv_image_dsc_t play_frame_0_dsc = {
    .header.w = 64,
    .header.h = 64,
    .header.cf = LV_COLOR_FORMAT_RGB565A8,
    .data_size = 12288,
    .data = play_frame_0_data,
};

/* Frame 1: frame_001.png */
static const uint8_t play_frame_1_data[] = {
    0x00, 0x00, 0x00, 0x00, 0x00, 0x00, 0x00, 0x00, 0x00, 0x00, 0x00, 0x00, 0x00, 0x00, 0x00, 0x00,
    0x00, 0x00, 0x00, 0x00, 0x00, 0x00, 0x00, 0x00, 0x00, 0x00, 0x00, 0x00, 0x00, 0x00, 0x00, 0x00,
    0x00, 0x00, 0x00, 0x00, 0x00, 0x00, 0x00, 0x00, 0x00, 0x00, 0x00, 0x00, 0x00, 0x00, 0x00, 0x00,
    0x00, 0x00, 0x00, 0x00, 0x00, 0x00, 0x00, 0x00, 0x00, 0x00, 0x00, 0x00, 0x00, 0x00, 0x00, 0x00,
    0x00, 0x00, 0x00, 0x00, 0x00, 0x00, 0x00, 0x00, 0x00, 0x00, 0x00, 0x00, 0x00, 0x00, 0x00, 0x00,
    0x00, 0x00, 0x00, 0x00, 0x00, 0x00, 0x00, 0x00, 0x00, 0x00, 0x00, 0x00, 0x00, 0x00, 0x00, 0x00,
    0x00, 0x00, 0x00, 0x00, 0x00, 0x00, 0x00, 0x00, 0x00, 0x00, 0x00, 0x00, 0x00, 0x00, 0x00, 0x00,
    0x00, 0x00, 0x00, 0x00, 0x00, 0x00, 0x00, 0x00, 0x00, 0x00, 0x00, 0x00, 0x00, 0x00, 0x00, 0x00,
    0x00, 0x00, 0x00, 0x00, 0x00, 0x00, 0x00, 0x00, 0x00, 0x00, 0x00, 0x00, 0x00, 0x00, 0x00, 0x00,
    0x00, 0x00, 0x00, 0x00, 0x00, 0x00, 0x00, 0x00, 0x00, 0x00, 0x00, 0x00, 0x00, 0x00, 0x00, 0x00,
    0x00, 0x00, 0x00, 0x00, 0x00, 0x00, 0x00, 0x00, 0x00, 0x00, 0x00, 0x00, 0x00, 0x00, 0x00, 0x00,
    0x00, 0x00, 0x00, 0x00, 0x00, 0x00, 0x00, 0x00, 0x00, 0x00, 0x00, 0x00, 0x00, 0x00, 0x00, 0x00,
    0x00, 0x00, 0x00, 0x00, 0x00, 0x00, 0x00, 0x00, 0x00, 0x00, 0x00, 0x00, 0x00, 0x00, 0x00, 0x00,
    0x00, 0x00, 0x00, 0x00, 0x00, 0x00, 0x00, 0x00, 0x00, 0x00, 0x00, 0x00, 0x00, 0x00, 0x00, 0x00,
    0x00, 0x00, 0x00, 0x00, 0x00, 0x00, 0x00, 0x00, 0x00, 0x00, 0x00, 0x00, 0x00, 0x00, 0x00, 0x00,
    0x00, 0x00, 0x00, 0x00, 0x00, 0x00, 0x00, 0x00, 0x00, 0x00, 0x00, 0x00, 0x00, 0x00, 0x00, 0x00,
    0x00, 0x00, 0x00, 0x00, 0x00, 0x00, 0x00, 0x00, 0x00, 0x00, 0x00, 0x00, 0x00, 0x00, 0x00, 0x00,
    0x00, 0x00, 0x00, 0x00, 0x00, 0x00, 0x00, 0x00, 0x00, 0x00, 0x00, 0x00, 0x00, 0x00, 0x00, 0x00,
    0x00, 0x00, 0x00, 0x00, 0x00, 0x00, 0x00, 0x00, 0x00, 0x00, 0x00, 0x00, 0x00, 0x00, 0x00, 0x00,
    0x00, 0x00, 0x00, 0x00, 0x00, 0x00, 0x00, 0x00, 0x00, 0x00, 0x00, 0x00, 0x00, 0x00, 0x00, 0x00,
    0x00, 0x00, 0x00, 0x00, 0x00, 0x00, 0x00, 0x00, 0x00, 0x00, 0x00, 0x00, 0x00, 0x00, 0x00, 0x00,
    0x00, 0x00, 0x00, 0x00, 0x00, 0x00, 0x00, 0x00, 0x00, 0x00, 0x00, 0x00, 0x00, 0x00, 0x00, 0x00,
    0x00, 0x00, 0x00, 0x00, 0x00, 0x00, 0x00, 0x00, 0x00, 0x00, 0x00, 0x00, 0x00, 0x00, 0x00, 0x00,
    0x00, 0x00, 0x00, 0x00, 0x00, 0x00, 0x00, 0x00, 0x00, 0x00, 0x00, 0x00, 0x00, 0x00, 0x00, 0x00,
    0x00, 0x00, 0x00, 0x00, 0x00, 0x00, 0x00, 0x00, 0x00, 0x00, 0x00, 0x00, 0x00, 0x00, 0x00, 0x00,
    0x00, 0x00, 0x00, 0x00, 0x00, 0x00, 0x00, 0x00, 0x00, 0x00, 0x00, 0x00, 0x00, 0x00, 0x20, 0x00,
    0x83, 0x00, 0x00, 0x00, 0x00, 0x00, 0x00, 0x00, 0x00, 0x00, 0x00, 0x00, 0x00, 0x00, 0x00, 0x00,
    0x00, 0x00, 0x00, 0x00, 0x00, 0x00, 0x00, 0x00, 0x00, 0x00, 0x00, 0x00, 0x00, 0x00, 0x00, 0x00,
    0x00, 0x00, 0x00, 0x00, 0x00, 0x00, 0x00, 0x00, 0x00, 0x00, 0x00, 0x00, 0x00, 0x00, 0x00, 0x00,
    0x00, 0x00, 0x00, 0x00, 0x00, 0x00, 0x00, 0x00, 0x00, 0x00, 0x00, 0x00, 0x00, 0x00, 0x00, 0x00,
    0x00, 0x00, 0x00, 0x00, 0x00, 0x00, 0x00, 0x00, 0x00, 0x00, 0x00, 0x00, 0x00, 0x00, 0x00, 0x00,
    0x00, 0x00, 0x00, 0x00, 0x00, 0x00, 0x00, 0x00, 0x00, 0x00, 0x00, 0x00, 0x00, 0x00, 0x00, 0x00,
    0x00, 0x00, 0x00, 0x00, 0x00, 0x00, 0x00, 0x00, 0x00, 0x00, 0x00, 0x00, 0x00, 0x00, 0x00, 0x00,
    0x00, 0x00, 0x00, 0x00, 0x00, 0x00, 0x00, 0x00, 0x00, 0x00, 0x00, 0x00, 0x00, 0x00, 0x02, 0x00,
    0x86, 0x00, 0x00, 0x00, 0x00, 0x00, 0x00, 0x00, 0x00, 0x00, 0x00, 0x00, 0x00, 0x00, 0x00, 0x00,
    0x00, 0x00, 0x00, 0x00, 0x00, 0x00, 0x00, 0x00, 0x00, 0x00, 0x00, 0x00, 0x00, 0x00, 0xa1, 0x00,
    0x40, 0x00, 0x00, 0x00, 0x00, 0x00, 0x00, 0x00, 0x00, 0x00, 0x00, 0x00, 0x00, 0x00, 0x00, 0x00,
    0x00, 0x00, 0x00, 0x00, 0x00, 0x00, 0x00, 0x00, 0x00, 0x00, 0x00, 0x00, 0x00, 0x00, 0x00, 0x00,
    0x00, 0x00, 0x00, 0x00, 0x00, 0x00, 0x00, 0x00, 0x00, 0x00, 0x00, 0x00, 0x00, 0x00, 0x00, 0x00,
    0x00, 0x00, 0x00, 0x00, 0x00, 0x00, 0x00, 0x00, 0x00, 0x00, 0x00, 0x00, 0x00, 0x00, 0x00, 0x00,
    0x00, 0x00, 0x00, 0x00, 0x00, 0x00, 0x00, 0x00, 0x00, 0x00, 0x00, 0x00, 0x00, 0x00, 0x00, 0x00,
    0x00, 0x00, 0x00, 0x00, 0x00, 0x00, 0x00, 0x00, 0x00, 0x00, 0x00, 0x00, 0x00, 0x00, 0x63, 0x00,
    0x07, 0x00, 0x20, 0x00, 0x00, 0x00, 0x00, 0x00, 0x00, 0x00, 0x00, 0x00, 0x00, 0x00, 0x00, 0x00,
    0x00, 0x00, 0x00, 0x00, 0x00, 0x00, 0x00, 0x00, 0x00, 0x00, 0x00, 0x00, 0x20, 0x00, 0x66, 0x00,
    0xa1, 0x00, 0x00, 0x00, 0x00, 0x00, 0x00, 0x00, 0x00, 0x00, 0x00, 0x00, 0x00, 0x00, 0x00, 0x00,
    0x00, 0x00, 0x00, 0x00, 0x00, 0x00, 0x00, 0x00, 0x00, 0x00, 0x00, 0x00, 0x00, 0x00, 0x00, 0x00,
    0x00, 0x00, 0x00, 0x00, 0x00, 0x00, 0x00, 0x00, 0x00, 0x00, 0x00, 0x00, 0x00, 0x00, 0x00, 0x00,
    0x00, 0x00, 0x00, 0x00, 0x00, 0x00, 0x00, 0x00, 0x00, 0x00, 0x00, 0x00, 0x00, 0x00, 0x00, 0x00,
    0x00, 0x00, 0x00, 0x00, 0x00, 0x00, 0x00, 0x00, 0x00, 0x00, 0x00, 0x00, 0x00, 0x00, 0x00, 0x00,
    0x00, 0x00, 0x00, 0x00, 0x00, 0x00, 0x00, 0x00, 0x00, 0x00, 0x00, 0x00, 0x00, 0x00, 0xe2, 0x00,
    0x48, 0x00, 0x04, 0x00, 0x00, 0x00, 0x00, 0x00, 0x81, 0x00, 0x84, 0x00, 0x00, 0x00, 0x00, 0x00,
    0x00, 0x00, 0x00, 0x00, 0x00, 0x00, 0x40, 0x00, 0x00, 0x00, 0x00, 0x00, 0x81, 0x00, 0xc7, 0x00,
    0x02, 0x00, 0x00, 0x00, 0x00, 0x00, 0x00, 0x00, 0x00, 0x00, 0x00, 0x00, 0x00, 0x00, 0x00, 0x00,
    0x00, 0x00, 0x00, 0x00, 0x00, 0x00, 0x00, 0x00, 0x00, 0x00, 0x00, 0x00, 0x00, 0x00, 0x00, 0x00,
    0x00, 0x00, 0x00, 0x00, 0x00, 0x00, 0x00, 0x00, 0x00, 0x00, 0x00, 0x00, 0x00, 0x00, 0x00, 0x00,
    0x00, 0x00, 0x00, 0x00, 0x00, 0x00, 0x00, 0x00, 0x00, 0x00, 0x00, 0x00, 0x00, 0x00, 0x00, 0x00,
    0x00, 0x00, 0x00, 0x00, 0x00, 0x00, 0x00, 0x00, 0x00, 0x00, 0x00, 0x00, 0x00, 0x00, 0x00, 0x00,
    0x00, 0x00, 0x00, 0x00, 0x00, 0x00, 0x00, 0x00, 0x00, 0x00, 0x00, 0x00, 0x00, 0x00, 0x61, 0x00,
    0x66, 0x00, 0x88, 0x00, 0xa4, 0x00, 0x00, 0x00, 0xc2, 0x00, 0x28, 0x00, 0x60, 0x00, 0x00, 0x00,
    0x00, 0x00, 0x00, 0x00, 0x84, 0x00, 0x43, 0x00, 0x00, 0x00, 0x00, 0x00, 0x61, 0x00, 0x66, 0x00,
    0x46, 0x00, 0x40, 0x00, 0x00, 0x00, 0x00, 0x00, 0x20, 0x00, 0x02, 0x00, 0x00, 0x00, 0x00, 0x00,
    0x00, 0x00, 0x00, 0x00, 0x00, 0x00, 0x00, 0x00, 0x00, 0x00, 0x00, 0x00, 0x00, 0x00, 0x00, 0x00,
    0x00, 0x00, 0x00, 0x00, 0x00, 0x00, 0x00, 0x00, 0x00, 0x00, 0x00, 0x00, 0x00, 0x00, 0x00, 0x00,
    0x00, 0x00, 0x00, 0x00, 0x00, 0x00, 0x00, 0x00, 0x00, 0x00, 0x00, 0x00, 0x00, 0x00, 0x00, 0x00,
    0x00, 0x00, 0x00, 0x00, 0x00, 0x00, 0x00, 0x00, 0x00, 0x00, 0x00, 0x00, 0x00, 0x00, 0x00, 0x00,
    0x00, 0x00, 0x00, 0x00, 0x00, 0x00, 0x00, 0x00, 0x00, 0x00, 0x00, 0x00, 0x00, 0x00, 0x00, 0x00,
    0x23, 0x00, 0xc7, 0x00, 0x48, 0x00, 0xe4, 0x00, 0x02, 0x00, 0xa7, 0x00, 0x86, 0x00, 0x20, 0x00,
    0x00, 0x00, 0x00, 0x00, 0x86, 0x00, 0xc4, 0x00, 0x00, 0x00, 0x00, 0x00, 0x00, 0x00, 0xc4, 0x00,
    0x87, 0x00, 0x45, 0x00, 0xe2, 0x00, 0x00, 0x00, 0x81, 0x00, 0xa6, 0x00, 0x00, 0x00, 0x00, 0x00,
    0x00, 0x00, 0x00, 0x00, 0x00, 0x00, 0x00, 0x00, 0x00, 0x00, 0x00, 0x00, 0x00, 0x00, 0x00, 0x00,
    0x00, 0x00, 0x00, 0x00, 0x00, 0x00, 0x00, 0x00, 0x00, 0x00, 0x00, 0x00, 0x00, 0x00, 0x00, 0x00,
    0x00, 0x00, 0x00, 0x00, 0x00, 0x00, 0x00, 0x00, 0x00, 0x00, 0x00, 0x00, 0x00, 0x00, 0x00, 0x00,
    0x00, 0x00, 0x00, 0x00, 0x00, 0x00, 0x00, 0x00, 0x00, 0x00, 0x00, 0x00, 0x00, 0x00, 0x00, 0x00,
    0x00, 0x00, 0x00, 0x00, 0x00, 0x00, 0x00, 0x00, 0x00, 0x00, 0x00, 0x00, 0x00, 0x00, 0x00, 0x00,
    0x00, 0x00, 0x02, 0x00, 0x25, 0x00, 0x28, 0x00, 0xa6, 0x00, 0xc4, 0x00, 0xe7, 0x00, 0x45, 0x00,
    0xc2, 0x00, 0x00, 0x00, 0xa4, 0x00, 0x27, 0x00, 0x40, 0x00, 0x00, 0x00, 0x20, 0x00, 0xc2, 0x00,
    0xc5, 0x00, 0x46, 0x00, 0x45, 0x00, 0xc6, 0x00, 0x63, 0x00, 0x07, 0x00, 0xa1, 0x00, 0x20, 0x00,
    0x20, 0x00, 0x00, 0x00, 0x00, 0x00, 0x00, 0x00, 0x00, 0x00, 0x00, 0x00, 0x00, 0x00, 0x00, 0x00,
    0x00, 0x00, 0x00, 0x00, 0x00, 0x00, 0x00, 0x00, 0x00, 0x00, 0x00, 0x00, 0x00, 0x00, 0x00, 0x00,
    0x00, 0x00, 0x00, 0x00, 0x00, 0x00, 0x00, 0x00, 0x00, 0x00, 0x00, 0x00, 0x00, 0x00, 0x00, 0x00,
    0x00, 0x00, 0x00, 0x00, 0x00, 0x00, 0x00, 0x00, 0x00, 0x00, 0x00, 0x00, 0x00, 0x00, 0x00, 0x00,
    0x00, 0x00, 0x00, 0x00, 0x00, 0x00, 0x00, 0x00, 0x00, 0x00, 0x20, 0x00, 0x60, 0x00, 0x00, 0x00,
    0x40, 0x00, 0xe2, 0x00, 0xe5, 0x00, 0xe5, 0x00, 0xa7, 0x00, 0x86, 0x00, 0x45, 0x00, 0x07, 0x00,
    0xa6, 0x00, 0x05, 0x00, 0xc4, 0x00, 0xc7, 0x00, 0x25, 0x00, 0x00, 0x00, 0xa1, 0x00, 0x07, 0x00,
    0x04, 0x00, 0x84, 0x00, 0x04, 0x00, 0x29, 0x00, 0x6a, 0x00, 0xe6, 0x00, 0x83, 0x00, 0xc1, 0x00,
    0xe6, 0x00, 0x20, 0x00, 0x00, 0x00, 0x00, 0x00, 0x00, 0x00, 0x00, 0x00, 0x00, 0x00, 0x00, 0x00,
    0x00, 0x00, 0x00, 0x00, 0x00, 0x00, 0x00, 0x00, 0x00, 0x00, 0x00, 0x00, 0x00, 0x00, 0x00, 0x00,
    0x00, 0x00, 0x00, 0x00, 0x00, 0x00, 0x00, 0x00, 0x00, 0x00, 0x00, 0x00, 0x00, 0x00, 0x00, 0x00,
    0x00, 0x00, 0x00, 0x00, 0x00, 0x00, 0x00, 0x00, 0x00, 0x00, 0x00, 0x00, 0x00, 0x00, 0x00, 0x00,
    0x00, 0x00, 0x00, 0x00, 0x00, 0x00, 0x00, 0x00, 0x00, 0x00, 0x20, 0x00, 0x05, 0x00, 0x66, 0x00,
    0xa6, 0x00, 0xa7, 0x00, 0xe5, 0x00, 0x43, 0x00, 0xe2, 0x00, 0xa4, 0x00, 0xe5, 0x00, 0x46, 0x00,
    0x86, 0x00, 0xc7, 0x00, 0xe7, 0x00, 0xa6, 0x00, 0x88, 0x00, 0xa6, 0x00, 0xe2, 0x00, 0x07, 0x00,
    0x4c, 0x00, 0xa8, 0x00, 0x83, 0x00, 0xa6, 0x00, 0xaa, 0x00, 0xeb, 0x00, 0x88, 0x00, 0x83, 0x00,
    0x88, 0x00, 0xe6, 0x00, 0x00, 0x00, 0x00, 0x00, 0x00, 0x00, 0x00, 0x00, 0x00, 0x00, 0x00, 0x00,
    0x00, 0x00, 0x00, 0x00, 0x00, 0x00, 0x00, 0x00, 0x00, 0x00, 0x00, 0x00, 0x00, 0x00, 0x00, 0x00,
    0x00, 0x00, 0x00, 0x00, 0x00, 0x00, 0x00, 0x00, 0x00, 0x00, 0x00, 0x00, 0x00, 0x00, 0x00, 0x00,
    0x00, 0x00, 0x00, 0x00, 0x00, 0x00, 0x00, 0x00, 0x00, 0x00, 0x00, 0x00, 0x00, 0x00, 0x00, 0x00,
    0x00, 0x00, 0x00, 0x00, 0x00, 0x00, 0x00, 0x00, 0x00, 0x00, 0x00, 0x00, 0x40, 0x00, 0x84, 0x00,
    0xe5, 0x00, 0x63, 0x00, 0x81, 0x00, 0x00, 0x00, 0x00, 0x00, 0x00, 0x00, 0x81, 0x00, 0xc2, 0x00,
    0x23, 0x00, 0xa4, 0x00, 0x05, 0x00, 0xe7, 0x00, 0x27, 0x00, 0x29, 0x00, 0xa8, 0x00, 0x04, 0x00,
    0xe6, 0x00, 0x2c, 0x00, 0x67, 0x00, 0xc4, 0x00, 0xc8, 0x00, 0x0b, 0x00, 0x8a, 0x00, 0xe6, 0x00,
    0x24, 0x00, 0x6a, 0x00, 0x42, 0x00, 0x00, 0x00, 0x00, 0x00, 0x00, 0x00, 0x00, 0x00, 0x00, 0x00,
    0x00, 0x00, 0x00, 0x00, 0x00, 0x00, 0x00, 0x00, 0x00, 0x00, 0x00, 0x00, 0x00, 0x00, 0x00, 0x00,
    0x00, 0x00, 0x00, 0x00, 0x00, 0x00, 0x00, 0x00, 0x00, 0x00, 0x00, 0x00, 0x00, 0x00, 0x00, 0x00,
    0x00, 0x00, 0x00, 0x00, 0x00, 0x00, 0x00, 0x00, 0x00, 0x00, 0x00, 0x00, 0x00, 0x00, 0x00, 0x00,
    0x00, 0x00, 0x00, 0x00, 0x00, 0x00, 0x00, 0x00, 0x00, 0x00, 0x00, 0x00, 0x00, 0x00, 0x00, 0x00,
    0x00, 0x00, 0x00, 0x00, 0x00, 0x00, 0x00, 0x00, 0x00, 0x00, 0x00, 0x00, 0x00, 0x00, 0x20, 0x00,
    0xc1, 0x00, 0xc4, 0x00, 0xa4, 0x00, 0xc5, 0x00, 0x46, 0x00, 0x27, 0x00, 0x4a, 0x00, 0xc9, 0x00,
    0x04, 0x00, 0x45, 0x00, 0x88, 0x00, 0x24, 0x00, 0x25, 0x00, 0x09, 0x00, 0x8a, 0x00, 0x88, 0x00,
    0x65, 0x00, 0x67, 0x00, 0xa6, 0x00, 0x00, 0x00, 0x00, 0x00, 0x00, 0x00, 0x00, 0x00, 0x00, 0x00,
    0x00, 0x00, 0x00, 0x00, 0x00, 0x00, 0x00, 0x00, 0x00, 0x00, 0x00, 0x00, 0x00, 0x00, 0x00, 0x00,
    0x00, 0x00, 0x00, 0x00, 0x00, 0x00, 0x00, 0x00, 0x00, 0x00, 0x00, 0x00, 0x00, 0x00, 0x00, 0x00,
    0x00, 0x00, 0x00, 0x00, 0x00, 0x00, 0x00, 0x00, 0x00, 0x00, 0x00, 0x00, 0x00, 0x00, 0x00, 0x00,
    0x00, 0x00, 0x00, 0x00, 0x00, 0x00, 0x00, 0x00, 0x00, 0x00, 0x00, 0x00, 0x00, 0x00, 0x00, 0x00,
    0x00, 0x00, 0x00, 0x00, 0x20, 0x00, 0x45, 0x00, 0x25, 0x00, 0x81, 0x00, 0x00, 0x00, 0xa1, 0x00,
    0xa4, 0x00, 0x25, 0x00, 0xe5, 0x00, 0x63, 0x00, 0xa4, 0x00, 0x05, 0x00, 0x88, 0x00, 0x09, 0x00,
    0x48, 0x00, 0x25, 0x00, 0x27, 0x00, 0xa6, 0x00, 0x65, 0x00, 0x65, 0x00, 0x88, 0x00, 0x67, 0x00,
    0xab, 0x00, 0x47, 0x00, 0x85, 0x00, 0x83, 0x00, 0x63, 0x00, 0x00, 0x00, 0x00, 0x00, 0x00, 0x00,
    0x00, 0x00, 0x00, 0x00, 0x00, 0x00, 0x00, 0x00, 0x00, 0x00, 0x00, 0x00, 0x00, 0x00, 0x00, 0x00,
    0x00, 0x00, 0x00, 0x00, 0x00, 0x00, 0x00, 0x00, 0x00, 0x00, 0x00, 0x00, 0x00, 0x00, 0x00, 0x00,
    0x00, 0x00, 0x00, 0x00, 0x00, 0x00, 0x00, 0x00, 0x00, 0x00, 0x00, 0x00, 0x00, 0x00, 0x00, 0x00,
    0x00, 0x00, 0x00, 0x00, 0x00, 0x00, 0x00, 0x00, 0x00, 0x00, 0x00, 0x00, 0x00, 0x00, 0x00, 0x00,
    0x00, 0x00, 0x00, 0x00, 0x00, 0x00, 0x81, 0x00, 0x88, 0x00, 0x4a, 0x00, 0x68, 0x00, 0x25, 0x00,
    0x83, 0x00, 0xc4, 0x00, 0xe4, 0x00, 0xa4, 0x00, 0x23, 0x00, 0xc2, 0x00, 0x65, 0x00, 0x8a, 0x00,
    0x0b, 0x00, 0xab, 0x00, 0xc8, 0x00, 0x49, 0x00, 0x67, 0x00, 0x09, 0x00, 0xa6, 0x00, 0xe6, 0x00,
    0xaa, 0x00, 0x09, 0x00, 0xa6, 0x00, 0x47, 0x00, 0x27, 0x00, 0x00, 0x00, 0x00, 0x00, 0x00, 0x00,
    0x00, 0x00, 0x00, 0x00, 0x00, 0x00, 0x00, 0x00, 0x00, 0x00, 0x00, 0x00, 0x00, 0x00, 0x00, 0x00,
    0x00, 0x00, 0x00, 0x00, 0x00, 0x00, 0x00, 0x00, 0x00, 0x00, 0x00, 0x00, 0x00, 0x00, 0x00, 0x00,
    0x00, 0x00, 0x00, 0x00, 0x00, 0x00, 0x00, 0x00, 0x00, 0x00, 0x00, 0x00, 0x00, 0x00, 0x00, 0x00,
    0x00, 0x00, 0x00, 0x00, 0x00, 0x00, 0x00, 0x00, 0x00, 0x00, 0x00, 0x00, 0x00, 0x00, 0x00, 0x00,
    0x00, 0x00, 0x00, 0x00, 0x00, 0x00, 0x00, 0x00, 0x40, 0x00, 0x86, 0x00, 0x09, 0x00, 0x8a, 0x00,
    0x29, 0x00, 0x29, 0x00, 0xeb, 0x00, 0x8a, 0x00, 0x2a, 0x00, 0x07, 0x00, 0x25, 0x00, 0xc8, 0x00,
    0xca, 0x00, 0xed, 0x00, 0xee, 0x00, 0x4c, 0x00, 0x4c, 0x00, 0xcb, 0x00, 0xc8, 0x00, 0xe6, 0x00,
    0x27, 0x00, 0x6a, 0x00, 0xa8, 0x00, 0xe8, 0x00, 0x88, 0x00, 0x00, 0x00, 0x00, 0x00, 0x00, 0x00,
    0x00, 0x00, 0x00, 0x00, 0x00, 0x00, 0x00, 0x00, 0x00, 0x00, 0x00, 0x00, 0x00, 0x00, 0x00, 0x00,
    0x00, 0x00, 0x00, 0x00, 0x00, 0x00, 0x00, 0x00, 0x00, 0x00, 0x00, 0x00, 0x00, 0x00, 0x00, 0x00,
    0x00, 0x00, 0x00, 0x00, 0x00, 0x00, 0x00, 0x00, 0x00, 0x00, 0x00, 0x00, 0x00, 0x00, 0x00, 0x00,
    0x00, 0x00, 0x00, 0x00, 0x00, 0x00, 0x00, 0x00, 0x00, 0x00, 0x00, 0x00, 0x00, 0x00, 0x00, 0x00,
    0x00, 0x00, 0x00, 0x00, 0x00, 0x00, 0x00, 0x00, 0x00, 0x00, 0x00, 0x00, 0x43, 0x00, 0xc6, 0x00,
    0x07, 0x00, 0xe7, 0x00, 0xe9, 0x00, 0xab, 0x00, 0x6a, 0x00, 0xcb, 0x00, 0x09, 0x00, 0x06, 0x00,
    0xc8, 0x00, 0xaa, 0x00, 0x6c, 0x00, 0xed, 0x00, 0x8c, 0x00, 0x2e, 0x00, 0xeb, 0x00, 0x6a, 0x00,
    0x29, 0x00, 0x88, 0x00, 0x8a, 0x00, 0xaa, 0x00, 0xa6, 0x00, 0x20, 0x00, 0x00, 0x00, 0x00, 0x00,
    0x00, 0x00, 0x00, 0x00, 0x00, 0x00, 0x00, 0x00, 0x00, 0x00, 0x00, 0x00, 0x00, 0x00, 0x00, 0x00,
    0x00, 0x00, 0x00, 0x00, 0x00, 0x00, 0x00, 0x00, 0x00, 0x00, 0x00, 0x00, 0x00, 0x00, 0x00, 0x00,
    0x00, 0x00, 0x00, 0x00, 0x00, 0x00, 0x00, 0x00, 0x00, 0x00, 0x00, 0x00, 0x00, 0x00, 0x00, 0x00,
    0x00, 0x00, 0x00, 0x00, 0x00, 0x00, 0x00, 0x00, 0x00, 0x00, 0x00, 0x00, 0x00, 0x00, 0x00, 0x00,
    0x00, 0x00, 0x00, 0x00, 0x00, 0x00, 0x00, 0x00, 0x00, 0x00, 0xa1, 0x00, 0xa4, 0x00, 0xa4, 0x00,
    0xc4, 0x00, 0x66, 0x00, 0x05, 0x00, 0xa6, 0x00, 0x88, 0x00, 0x67, 0x00, 0xa8, 0x00, 0x88, 0x00,
    0x47, 0x00, 0x49, 0x00, 0x8a, 0x00, 0x8a, 0x00, 0x8a, 0x00, 0x29, 0x00, 0x6c, 0x00, 0xaa, 0x00,
    0x6c, 0x00, 0x09, 0x00, 0xeb, 0x00, 0xeb, 0x00, 0x8a, 0x00, 0x67, 0x00, 0x00, 0x00, 0x00, 0x00,
    0x00, 0x00, 0x00, 0x00, 0x00, 0x00, 0x00, 0x00, 0x00, 0x00, 0x00, 0x00, 0x00, 0x00, 0x00, 0x00,
    0x00, 0x00, 0x40, 0x00, 0xa1, 0x00, 0x00, 0x00, 0x00, 0x00, 0x00, 0x00, 0x00, 0x00, 0x00, 0x00,
    0x00, 0x00, 0x00, 0x00, 0x00, 0x00, 0x00, 0x00, 0x00, 0x00, 0x00, 0x00, 0x00, 0x00, 0x00, 0x00,
    0x00, 0x00, 0x00, 0x00, 0x00, 0x00, 0x00, 0x00, 0x00, 0x00, 0x00, 0x00, 0x00, 0x00, 0x00, 0x00,
    0x00, 0x00, 0x00, 0x00, 0x00, 0x00, 0x40, 0x00, 0x63, 0x00, 0x66, 0x00, 0x05, 0x00, 0xa4, 0x00,
    0x23, 0x00, 0x43, 0x00, 0xa4, 0x00, 0x02, 0x00, 0x83, 0x00, 0xe6, 0x00, 0x67, 0x00, 0x67, 0x00,
    0xa8, 0x00, 0xc8, 0x00, 0xa8, 0x00, 0x0b, 0x00, 0x8f, 0x00, 0x8d, 0x00, 0x09, 0x00, 0x2b, 0x00,
    0x4c, 0x00, 0x4c, 0x00, 0xeb, 0x00, 0x6c, 0x00, 0x6c, 0x00, 0xc8, 0x00, 0x00, 0x00, 0x00, 0x00,
    0x00, 0x00, 0x00, 0x00, 0x00, 0x00, 0x00, 0x00, 0x00, 0x00, 0x00, 0x00, 0x00, 0x00, 0x00, 0x00,
    0x00, 0x00, 0xa1, 0x00, 0xa8, 0x00, 0x20, 0x00, 0x00, 0x00, 0x00, 0x00, 0x00, 0x00, 0x00, 0x00,
    0x00, 0x00, 0x00, 0x00, 0x00, 0x00, 0x00, 0x00, 0x00, 0x00, 0x00, 0x00, 0x00, 0x00, 0x00, 0x00,
    0x00, 0x00, 0x00, 0x00, 0x00, 0x00, 0x00, 0x00, 0x00, 0x00, 0x00, 0x00, 0x00, 0x00, 0x00, 0x00,
    0x00, 0x00, 0xe2, 0x00, 0x25, 0x00, 0xc6, 0x00, 0xa6, 0x00, 0xc4, 0x00, 0xa4, 0x00, 0x05, 0x00,
    0x45, 0x00, 0x45, 0x00, 0x45, 0x00, 0x65, 0x00, 0x04, 0x00, 0x45, 0x00, 0xe6, 0x00, 0x07, 0x00,
    0x27, 0x00, 0x88, 0x00, 0x87, 0x00, 0x67, 0x00, 0x29, 0x00, 0xad, 0x00, 0x29, 0x00, 0x49, 0x00,
    0x4c, 0x00, 0x6c, 0x00, 0xed, 0x00, 0x8c, 0x00, 0x6c, 0x00, 0x85, 0x00, 0x00, 0x00, 0x00, 0x00,
    0x00, 0x00, 0x00, 0x00, 0x00, 0x00, 0x00, 0x00, 0x00, 0x00, 0x00, 0x00, 0x00, 0x00, 0x20, 0x00,
    0x00, 0x00, 0x22, 0x00, 0x4c, 0x00, 0x22, 0x00, 0x00, 0x00, 0x00, 0x00, 0x00, 0x00, 0x00, 0x00,
    0x00, 0x00, 0x00, 0x00, 0x00, 0x00, 0x00, 0x00, 0x00, 0x00, 0x00, 0x00, 0x00, 0x00, 0x00, 0x00,
    0x00, 0x00, 0x00, 0x00, 0x00, 0x00, 0x00, 0x00, 0x00, 0x00, 0x00, 0x00, 0x00, 0x00, 0x00, 0x00,
    0x00, 0x00, 0x61, 0x00, 0x43, 0x00, 0xe5, 0x00, 0xe5, 0x00, 0x84, 0x00, 0x63, 0x00, 0xc6, 0x00,
    0xa8, 0x00, 0xe9, 0x00, 0xc9, 0x00, 0x88, 0x00, 0x47, 0x00, 0x27, 0x00, 0x47, 0x00, 0x67, 0x00,
    0x67, 0x00, 0x27, 0x00, 0x45, 0x00, 0xa6, 0x00, 0x65, 0x00, 0x45, 0x00, 0x09, 0x00, 0xc8, 0x00,
    0x8a, 0x00, 0xeb, 0x00, 0xad, 0x00, 0x6c, 0x00, 0x8a, 0x00, 0xa3, 0x00, 0x00, 0x00, 0x00, 0x00,
    0x00, 0x00, 0x00, 0x00, 0x00, 0x00, 0x00, 0x00, 0x00, 0x00, 0x00, 0x00, 0x00, 0x00, 0x00, 0x00,
    0x40, 0x00, 0xc8, 0x00, 0x6c, 0x00, 0x04, 0x00, 0x00, 0x00, 0x00, 0x00, 0x00, 0x00, 0x00, 0x00,
    0x00, 0x00, 0x00, 0x00, 0x00, 0x00, 0x00, 0x00, 0x00, 0x00, 0x00, 0x00, 0x00, 0x00, 0x00, 0x00,
    0x00, 0x00, 0x00, 0x00, 0x00, 0x00, 0x00, 0x00, 0x00, 0x00, 0x00, 0x00, 0x00, 0x00, 0x00, 0x00,
    0x00, 0x00, 0x00, 0x00, 0x00, 0x00, 0x00, 0x00, 0x40, 0x00, 0xc1, 0x00, 0xc4, 0x00, 0x63, 0x00,
    0xc4, 0x00, 0xa6, 0x00, 0x07, 0x00, 0x07, 0x00, 0x27, 0x00, 0xc8, 0x00, 0x6a, 0x00, 0xeb, 0x00,
    0x2c, 0x00, 0x8d, 0x00, 0x0b, 0x00, 0x2c, 0x00, 0xed, 0x00, 0x67, 0x00, 0xc4, 0x00, 0x67, 0x00,
    0xe8, 0x00, 0xeb, 0x00, 0x4c, 0x00, 0x0b, 0x00, 0x8a, 0x00, 0xe4, 0x00, 0x00, 0x00, 0x00, 0x00,
    0x00, 0x00, 0x00, 0x00, 0x00, 0x00, 0x00, 0x00, 0x00, 0x00, 0x00, 0x00, 0x00, 0x00, 0x83, 0x00,
    0x29, 0x00, 0x0b, 0x00, 0x0b, 0x00, 0x45, 0x00, 0x00, 0x00, 0x00, 0x00, 0x00, 0x00, 0x00, 0x00,
    0x00, 0x00, 0x00, 0x00, 0x00, 0x00, 0x00, 0x00, 0x00, 0x00, 0x00, 0x00, 0x00, 0x00, 0x00, 0x00,
    0x00, 0x00, 0x00, 0x00, 0x00, 0x00, 0x00, 0x00, 0x00, 0x00, 0x00, 0x00, 0x00, 0x00, 0x00, 0x00,
    0x00, 0x00, 0x00, 0x00, 0x00, 0x00, 0x00, 0x00, 0x20, 0x00, 0x25, 0x00, 0x66, 0x00, 0x05, 0x00,
    0x43, 0x00, 0xe2, 0x00, 0xa4, 0x00, 0xa6, 0x00, 0xe7, 0x00, 0x68, 0x00, 0x6a, 0x00, 0x0b, 0x00,
    0x6c, 0x00, 0x4c, 0x00, 0x2b, 0x00, 0xad, 0x00, 0x4c, 0x00, 0x0b, 0x00, 0x67, 0x00, 0x67, 0x00,
    0xeb, 0x00, 0x2b, 0x00, 0x8c, 0x00, 0xac, 0x00, 0xcd, 0x00, 0x4c, 0x00, 0x45, 0x00, 0x00, 0x00,
    0x00, 0x00, 0x00, 0x00, 0x00, 0x00, 0x00, 0x00, 0x00, 0x00, 0x83, 0x00, 0xe9, 0x00, 0x4c, 0x00,
    0x2b, 0x00, 0xeb, 0x00, 0xca, 0x00, 0x04, 0x00, 0x00, 0x00, 0x00, 0x00, 0x00, 0x00, 0x00, 0x00,
    0x00, 0x00, 0x00, 0x00, 0x00, 0x00, 0x00, 0x00, 0x00, 0x00, 0x00, 0x00, 0x00, 0x00, 0x00, 0x00,
    0x00, 0x00, 0x00, 0x00, 0x00, 0x00, 0x00, 0x00, 0x00, 0x00, 0x00, 0x00, 0x00, 0x00, 0x00, 0x00,
    0x00, 0x00, 0x00, 0x00, 0x00, 0x00, 0x00, 0x00, 0x05, 0x00, 0x08, 0x00, 0x66, 0x00, 0xc4, 0x00,
    0x84, 0x00, 0x43, 0x00, 0x86, 0x00, 0xc9, 0x00, 0xc9, 0x00, 0x47, 0x00, 0xa8, 0x00, 0x8a, 0x00,
    0xeb, 0x00, 0xaa, 0x00, 0xe6, 0x00, 0xa8, 0x00, 0x4c, 0x00, 0x4c, 0x00, 0xed, 0x00, 0xed, 0x00,
    0xad, 0x00, 0xcd, 0x00, 0x09, 0x00, 0xe6, 0x00, 0x0b, 0x00, 0xcd, 0x00, 0x0e, 0x00, 0xe4, 0x00,
    0x00, 0x00, 0x00, 0x00, 0x00, 0x00, 0x00, 0x00, 0x85, 0x00, 0x4c, 0x00, 0x8c, 0x00, 0xca, 0x00,
    0x8a, 0x00, 0x0b, 0x00, 0x49, 0x00, 0x43, 0x00, 0x00, 0x00, 0x00, 0x00, 0x00, 0x00, 0x00, 0x00,
    0x00, 0x00, 0x00, 0x00, 0x00, 0x00, 0x00, 0x00, 0x00, 0x00, 0x00, 0x00, 0x00, 0x00, 0x00, 0x00,
    0x00, 0x00, 0x00, 0x00, 0x00, 0x00, 0x00, 0x00, 0x00, 0x00, 0x00, 0x00, 0x00, 0x00, 0x00, 0x00,
    0x00, 0x00, 0x00, 0x00, 0x00, 0x00, 0x63, 0x00, 0x28, 0x00, 0x66, 0x00, 0xa4, 0x00, 0xa4, 0x00,
    0xc5, 0x00, 0xa6, 0x00, 0xc7, 0x00, 0x45, 0x00, 0xc6, 0x00, 0x07, 0x00, 0x88, 0x00, 0xa8, 0x00,
    0x8a, 0x00, 0x4c, 0x00, 0xaa, 0x00, 0x04, 0x00, 0x06, 0x00, 0x2b, 0x00, 0x6c, 0x00, 0xed, 0x00,
    0x0d, 0x00, 0xed, 0x00, 0xcd, 0x00, 0x09, 0x00, 0x6a, 0x00, 0x4c, 0x00, 0xed, 0x00, 0xe6, 0x00,
    0x00, 0x00, 0x20, 0x00, 0x00, 0x00, 0x04, 0x00, 0x4c, 0x00, 0x6c, 0x00, 0x09, 0x00, 0xe9, 0x00,
    0xeb, 0x00, 0x49, 0x00, 0x87, 0x00, 0x40, 0x00, 0x00, 0x00, 0x00, 0x00, 0x00, 0x00, 0x00, 0x00,
    0x00, 0x00, 0x00, 0x00, 0x00, 0x00, 0x00, 0x00, 0x00, 0x00, 0x00, 0x00, 0x00, 0x00, 0x00, 0x00,
    0x00, 0x00, 0x00, 0x00, 0x00, 0x00, 0x00, 0x00, 0x00, 0x00, 0x00, 0x00, 0x00, 0x00, 0x00, 0x00,
    0x00, 0x00, 0x00, 0x00, 0x20, 0x00, 0x83, 0x00, 0x02, 0x00, 0x81, 0x00, 0xc4, 0x00, 0x46, 0x00,
    0xc4, 0x00, 0x63, 0x00, 0x84, 0x00, 0x23, 0x00, 0xe5, 0x00, 0x48, 0x00, 0x88, 0x00, 0x88, 0x00,
    0xa8, 0x00, 0xeb, 0x00, 0xcd, 0x00, 0x0b, 0x00, 0x22, 0x00, 0x25, 0x00, 0x67, 0x00, 0xa8, 0x00,
    0x49, 0x00, 0x0b, 0x00, 0xad, 0x00, 0xed, 0x00, 0xac, 0x00, 0xcb, 0x00, 0x2b, 0x00, 0xa3, 0x00,
    0x00, 0x00, 0x00, 0x00, 0x40, 0x00, 0x09, 0x00, 0xeb, 0x00, 0x08, 0x00, 0x09, 0x00, 0x6c, 0x00,
    0x6a, 0x00, 0xe8, 0x00, 0x83, 0x00, 0x00, 0x00, 0x00, 0x00, 0x00, 0x00, 0x00, 0x00, 0x00, 0x00,
    0x00, 0x00, 0x00, 0x00, 0x00, 0x00, 0x00, 0x00, 0x00, 0x00, 0x00, 0x00, 0x00, 0x00, 0x00, 0x00,
    0x00, 0x00, 0x00, 0x00, 0x00, 0x00, 0x00, 0x00, 0x00, 0x00, 0x00, 0x00, 0x00, 0x00, 0x00, 0x00,
    0x00, 0x00, 0x00, 0x00, 0x00, 0x00, 0x00, 0x00, 0x00, 0x00, 0x61, 0x00, 0x87, 0x00, 0x46, 0x00,
    0xa4, 0x00, 0xc5, 0x00, 0x46, 0x00, 0xa4, 0x00, 0x05, 0x00, 0x25, 0x00, 0x45, 0x00, 0xe6, 0x00,
    0x47, 0x00, 0x88, 0x00, 0x0b, 0x00, 0x0e, 0x00, 0x09, 0x00, 0xc2, 0x00, 0x02, 0x00, 0x02, 0x00,
    0x23, 0x00, 0xc4, 0x00, 0xe6, 0x00, 0x6a, 0x00, 0x4c, 0x00, 0x4c, 0x00, 0xa8, 0x00, 0x20, 0x00,
    0x00, 0x00, 0x00, 0x00, 0x42, 0x00, 0x8a, 0x00, 0x29, 0x00, 0x87, 0x00, 0x4b, 0x00, 0xaa, 0x00,
    0x69, 0x00, 0x45, 0x00, 0x00, 0x00, 0x00, 0x00, 0x00, 0x00, 0x00, 0x00, 0x00, 0x00, 0x00, 0x00,
    0x00, 0x00, 0x00, 0x00, 0x00, 0x00, 0x00, 0x00, 0x00, 0x00, 0x00, 0x00, 0x00, 0x00, 0x00, 0x00,
    0x00, 0x00, 0x00, 0x00, 0x00, 0x00, 0x00, 0x00, 0x00, 0x00, 0x00, 0x00, 0xc1, 0x00, 0x02, 0x00,
    0x00, 0x00, 0x00, 0x00, 0x00, 0x00, 0x00, 0x00, 0x00, 0x00, 0xa1, 0x00, 0xc7, 0x00, 0x05, 0x00,
    0xe5, 0x00, 0x05, 0x00, 0x66, 0x00, 0xc4, 0x00, 0xe5, 0x00, 0xc4, 0x00, 0x05, 0x00, 0xe4, 0x00,
    0x45, 0x00, 0x85, 0x00, 0xa8, 0x00, 0x0b, 0x00, 0xed, 0x00, 0x48, 0x00, 0x46, 0x00, 0xa7, 0x00,
    0xa4, 0x00, 0x23, 0x00, 0x00, 0x00, 0xa1, 0x00, 0xc6, 0x00, 0x07, 0x00, 0x81, 0x00, 0x00, 0x00,
    0x00, 0x00, 0x00, 0x00, 0x25, 0x00, 0x8a, 0x00, 0x47, 0x00, 0x49, 0x00, 0x49, 0x00, 0x69, 0x00,
    0xa6, 0x00, 0x00, 0x00, 0x00, 0x00, 0x00, 0x00, 0x00, 0x00, 0x00, 0x00, 0x00, 0x00, 0x00, 0x00,
    0x00, 0x00, 0x00, 0x00, 0x00, 0x00, 0x00, 0x00, 0x00, 0x00, 0x00, 0x00, 0x00, 0x00, 0x00, 0x00,
    0x00, 0x00, 0x00, 0x00, 0x00, 0x00, 0x00, 0x00, 0x00, 0x00, 0x00, 0x00, 0x60, 0x00, 0x27, 0x00,
    0xe9, 0x00, 0x65, 0x00, 0x60, 0x00, 0x00, 0x00, 0x00, 0x00, 0x61, 0x00, 0x25, 0x00, 0xe2, 0x00,
    0x46, 0x00, 0xc5, 0x00, 0x67, 0x00, 0xc4, 0x00, 0x46, 0x00, 0x25, 0x00, 0x86, 0x00, 0x66, 0x00,
    0x86, 0x00, 0x87, 0x00, 0x66, 0x00, 0x27, 0x00, 0x8a, 0x00, 0x6c, 0x00, 0xe7, 0x00, 0x28, 0x00,
    0x28, 0x00, 0x03, 0x00, 0x00, 0x00, 0x00, 0x00, 0x00, 0x00, 0x00, 0x00, 0x00, 0x00, 0x00, 0x00,
    0x00, 0x00, 0x00, 0x00, 0xa5, 0x00, 0x67, 0x00, 0x47, 0x00, 0x49, 0x00, 0xc8, 0x00, 0x24, 0x00,
    0x00, 0x00, 0x00, 0x00, 0x00, 0x00, 0x00, 0x00, 0x00, 0x00, 0x00, 0x00, 0x00, 0x00, 0x00, 0x00,
    0x00, 0x00, 0x00, 0x00, 0x00, 0x00, 0x00, 0x00, 0x00, 0x00, 0x00, 0x00, 0x00, 0x00, 0x00, 0x00,
    0x00, 0x00, 0x00, 0x00, 0x00, 0x00, 0x20, 0x00, 0x60, 0x00, 0x81, 0x00, 0x40, 0x00, 0xc1, 0x00,
    0x07, 0x00, 0x6a, 0x00, 0x29, 0x00, 0x02, 0x00, 0x20, 0x00, 0xe2, 0x00, 0x20, 0x00, 0x81, 0x00,
    0x87, 0x00, 0xc4, 0x00, 0x46, 0x00, 0xc4, 0x00, 0x05, 0x00, 0x46, 0x00, 0xa6, 0x00, 0xa6, 0x00,
    0xe7, 0x00, 0x48, 0x00, 0x69, 0x00, 0xc7, 0x00, 0xe4, 0x00, 0x09, 0x00, 0xaa, 0x00, 0x86, 0x00,
    0x69, 0x00, 0x45, 0x00, 0x20, 0x00, 0x00, 0x00, 0x00, 0x00, 0x00, 0x00, 0x00, 0x00, 0x00, 0x00,
    0x00, 0x00, 0x00, 0x00, 0x45, 0x00, 0xe6, 0x00, 0xa8, 0x00, 0x67, 0x00, 0xe2, 0x00, 0x00, 0x00,
    0x22, 0x00, 0xa3, 0x00, 0x00, 0x00, 0x00, 0x00, 0x00, 0x00, 0x00, 0x00, 0x00, 0x00, 0x00, 0x00,
    0x00, 0x00, 0x00, 0x00, 0x00, 0x00, 0x00, 0x00, 0x00, 0x00, 0x00, 0x00, 0x00, 0x00, 0x00, 0x00,
    0x20, 0x00, 0x43, 0x00, 0xe6, 0x00, 0xa8, 0x00, 0xc9, 0x00, 0xe9, 0x00, 0x47, 0x00, 0x65, 0x00,
    0xc4, 0x00, 0xe4, 0x00, 0x47, 0x00, 0xa8, 0x00, 0xa3, 0x00, 0xe6, 0x00, 0x40, 0x00, 0x40, 0x00,
    0x87, 0x00, 0x05, 0x00, 0xc5, 0x00, 0xa4, 0x00, 0x46, 0x00, 0x86, 0x00, 0x27, 0x00, 0xe7, 0x00,
    0xe7, 0x00, 0x48, 0x00, 0xea, 0x00, 0xea, 0x00, 0xa1, 0x00, 0x02, 0x00, 0x09, 0x00, 0x09, 0x00,
    0x27, 0x00, 0xa9, 0x00, 0xa6, 0x00, 0x00, 0x00, 0x00, 0x00, 0x00, 0x00, 0x00, 0x00, 0x00, 0x00,
    0x00, 0x00, 0x00, 0x00, 0x63, 0x00, 0x47, 0x00, 0x27, 0x00, 0x42, 0x00, 0x81, 0x00, 0x27, 0x00,
    0x29, 0x00, 0x63, 0x00, 0x00, 0x00, 0x00, 0x00, 0x00, 0x00, 0x00, 0x00, 0x00, 0x00, 0x00, 0x00,
    0x00, 0x00, 0x00, 0x00, 0x00, 0x00, 0x00, 0x00, 0x00, 0x00, 0x00, 0x00, 0x00, 0x00, 0x00, 0x00,
    0x81, 0x00, 0xa3, 0x00, 0x04, 0x00, 0x45, 0x00, 0xa6, 0x00, 0x25, 0x00, 0xe4, 0x00, 0xa6, 0x00,
    0xe6, 0x00, 0xe6, 0x00, 0xa6, 0x00, 0xc6, 0x00, 0x65, 0x00, 0xa6, 0x00, 0x25, 0x00, 0x00, 0x00,
    0xa4, 0x00, 0x84, 0x00, 0xc4, 0x00, 0x63, 0x00, 0x66, 0x00, 0x27, 0x00, 0x88, 0x00, 0xc9, 0x00,
    0x6b, 0x00, 0xea, 0x00, 0x4a, 0x00, 0x2a, 0x00, 0x25, 0x00, 0x00, 0x00, 0x22, 0x00, 0x47, 0x00,
    0xc8, 0x00, 0x67, 0x00, 0x43, 0x00, 0x00, 0x00, 0x00, 0x00, 0x00, 0x00, 0x00, 0x00, 0x00, 0x00,
    0x00, 0x00, 0x00, 0x00, 0x60, 0x00, 0x85, 0x00, 0x65, 0x00, 0xa1, 0x00, 0xe6, 0x00, 0x67, 0x00,
    0x63, 0x00, 0x00, 0x00, 0x00, 0x00, 0x00, 0x00, 0x00, 0x00, 0x00, 0x00, 0x00, 0x00, 0x00, 0x00,
    0x00, 0x00, 0x00, 0x00, 0x00, 0x00, 0x00, 0x00, 0x00, 0x00, 0x00, 0x00, 0x00, 0x00, 0x00, 0x00,
    0x00, 0x00, 0x00, 0x00, 0xc1, 0x00, 0x63, 0x00, 0xe4, 0x00, 0x65, 0x00, 0x88, 0x00, 0x8a, 0x00,
    0xcb, 0x00, 0x4c, 0x00, 0x4c, 0x00, 0x6a, 0x00, 0x47, 0x00, 0xc3, 0x00, 0x45, 0x00, 0xe2, 0x00,
    0x00, 0x00, 0x61, 0x00, 0x05, 0x00, 0x43, 0x00, 0xe5, 0x00, 0x27, 0x00, 0x09, 0x00, 0x29, 0x00,
    0xec, 0x00, 0xae, 0x00, 0x4d, 0x00, 0x6b, 0x00, 0x89, 0x00, 0x43, 0x00, 0x00, 0x00, 0x20, 0x00,
    0xa1, 0x00, 0x40, 0x00, 0x00, 0x00, 0x00, 0x00, 0x00, 0x00, 0x00, 0x00, 0x00, 0x00, 0x00, 0x00,
    0x00, 0x00, 0x00, 0x00, 0x00, 0x00, 0x83, 0x00, 0x04, 0x00, 0xe4, 0x00, 0xc6, 0x00, 0xc1, 0x00,
    0x00, 0x00, 0x00, 0x00, 0x00, 0x00, 0x00, 0x00, 0x00, 0x00, 0x00, 0x00, 0x00, 0x00, 0x00, 0x00,
    0x00, 0x00, 0x00, 0x00, 0x00, 0x00, 0x00, 0x00, 0x00, 0x00, 0x00, 0x00, 0x00, 0x00, 0x00, 0x00,
    0x43, 0x00, 0xe7, 0x00, 0xa6, 0x00, 0xa6, 0x00, 0x68, 0x00, 0x4a, 0x00, 0x6a, 0x00, 0x6a, 0x00,
    0x4c, 0x00, 0x8c, 0x00, 0x4c, 0x00, 0x2b, 0x00, 0x8a, 0x00, 0x26, 0x00, 0x45, 0x00, 0x04, 0x00,
    0x60, 0x00, 0x20, 0x00, 0x43, 0x00, 0x84, 0x00, 0xc4, 0x00, 0xe7, 0x00, 0x88, 0x00, 0x08, 0x00,
    0x4a, 0x00, 0x6d, 0x00, 0x0f, 0x00, 0xcf, 0x00, 0x2d, 0x00, 0x0a, 0x00, 0xc1, 0x00, 0x00, 0x00,
    0x00, 0x00, 0x00, 0x00, 0x00, 0x00, 0x00, 0x00, 0x00, 0x00, 0x00, 0x00, 0x00, 0x00, 0x00, 0x00,
    0x00, 0x00, 0x00, 0x00, 0x00, 0x00, 0x81, 0x00, 0x45, 0x00, 0x65, 0x00, 0x02, 0x00, 0x00, 0x00,
    0x00, 0x00, 0x00, 0x00, 0x00, 0x00, 0x00, 0x00, 0x00, 0x00, 0x00, 0x00, 0x00, 0x00, 0x00, 0x00,
    0x00, 0x00, 0x00, 0x00, 0x00, 0x00, 0x00, 0x00, 0x00, 0x00, 0x00, 0x00, 0x00, 0x00, 0xe4, 0x00,
    0x88, 0x00, 0x45, 0x00, 0x86, 0x00, 0x88, 0x00, 0x2a, 0x00, 0xcb, 0x00, 0x09, 0x00, 0x4a, 0x00,
    0x0b, 0x00, 0x2c, 0x00, 0x4c, 0x00, 0xcb, 0x00, 0x8a, 0x00, 0xe8, 0x00, 0x27, 0x00, 0x65, 0x00,
    0x04, 0x00, 0xe4, 0x00, 0x83, 0x00, 0xa4, 0x00, 0x25, 0x00, 0xe7, 0x00, 0x67, 0x00, 0x87, 0x00,
    0xaa, 0x00, 0xcb, 0x00, 0xae, 0x00, 0x2f, 0x00, 0xef, 0x00, 0x6d, 0x00, 0x47, 0x00, 0x40, 0x00,
    0x00, 0x00, 0x00, 0x00, 0x00, 0x00, 0x00, 0x00, 0x00, 0x00, 0x00, 0x00, 0x00, 0x00, 0x00, 0x00,
    0x00, 0x00, 0x00, 0x00, 0x00, 0x00, 0x00, 0x00, 0x04, 0x00, 0xa6, 0x00, 0x40, 0x00, 0x00, 0x00,
    0x00, 0x00, 0x00, 0x00, 0x00, 0x00, 0x00, 0x00, 0x00, 0x00, 0x00, 0x00, 0x00, 0x00, 0x00, 0x00,
    0x00, 0x00, 0x00, 0x00, 0x00, 0x00, 0x00, 0x00, 0x00, 0x00, 0x00, 0x00, 0xc4, 0x00, 0x28, 0x00,
    0xa4, 0x00, 0x25, 0x00, 0x88, 0x00, 0xc9, 0x00, 0x6a, 0x00, 0x6a, 0x00, 0x8a, 0x00, 0x6a, 0x00,
    0xc8, 0x00, 0x49, 0x00, 0x8a, 0x00, 0x49, 0x00, 0x09, 0x00, 0x49, 0x00, 0xc8, 0x00, 0x27, 0x00,
    0x85, 0x00, 0x45, 0x00, 0xe4, 0x00, 0xe4, 0x00, 0x25, 0x00, 0xc6, 0x00, 0x47, 0x00, 0x67, 0x00,
    0xca, 0x00, 0xeb, 0x00, 0xae, 0x00, 0xef, 0x00, 0xef, 0x00, 0xae, 0x00, 0xec, 0x00, 0x45, 0x00,
    0x00, 0x00, 0x00, 0x00, 0x00, 0x00, 0x00, 0x00, 0x00, 0x00, 0x00, 0x00, 0x00, 0x00, 0x00, 0x00,
    0x00, 0x00, 0x00, 0x00, 0x00, 0x00, 0x00, 0x00, 0xa1, 0x00, 0x27, 0x00, 0x02, 0x00, 0x00, 0x00,
    0x00, 0x00, 0x00, 0x00, 0x00, 0x00, 0x00, 0x00, 0x00, 0x00, 0x00, 0x00, 0x00, 0x00, 0x00, 0x00,
    0x00, 0x00, 0x00, 0x00, 0x00, 0x00, 0x00, 0x00, 0x00, 0x00, 0xa1, 0x00, 0x05, 0x00, 0xc2, 0x00,
    0xe5, 0x00, 0x88, 0x00, 0xc9, 0x00, 0x09, 0x00, 0x4a, 0x00, 0xe9, 0x00, 0xe9, 0x00, 0xa8, 0x00,
    0x67, 0x00, 0x09, 0x00, 0xa8, 0x00, 0xa8, 0x00, 0x29, 0x00, 0xaa, 0x00, 0x49, 0x00, 0x06, 0x00,
    0xa6, 0x00, 0x25, 0x00, 0xe4, 0x00, 0xe4, 0x00, 0xc6, 0x00, 0x88, 0x00, 0x88, 0x00, 0x67, 0x00,
    0xe8, 0x00, 0xaa, 0x00, 0xae, 0x00, 0x2f, 0x00, 0x50, 0x00, 0x8e, 0x00, 0x0c, 0x00, 0x2a, 0x00,
    0x40, 0x00, 0x00, 0x00, 0x00, 0x00, 0x00, 0x00, 0x00, 0x00, 0x00, 0x00, 0x00, 0x00, 0x00, 0x00,
    0x00, 0x00, 0x00, 0x00, 0x00, 0x00, 0x00, 0x00, 0x00, 0x00, 0xa3, 0x00, 0xc6, 0x00, 0x00, 0x00,
    0x00, 0x00, 0x00, 0x00, 0x00, 0x00, 0x00, 0x00, 0x00, 0x00, 0x00, 0x00, 0x00, 0x00, 0x00, 0x00,
    0x00, 0x00, 0x00, 0x00, 0x00, 0x00, 0x00, 0x00, 0x00, 0x00, 0x20, 0x00, 0x00, 0x00, 0xc4, 0x00,
    0xe7, 0x00, 0xc9, 0x00, 0xe9, 0x00, 0xe9, 0x00, 0x47, 0x00, 0x85, 0x00, 0x65, 0x00, 0xc6, 0x00,
    0x68, 0x00, 0x67, 0x00, 0xa8, 0x00, 0x88, 0x00, 0xaa, 0x00, 0x49, 0x00, 0x88, 0x00, 0x07, 0x00,
    0x86, 0x00, 0x04, 0x00, 0x04, 0x00, 0x07, 0x00, 0xa8, 0x00, 0x09, 0x00, 0xca, 0x00, 0x49, 0x00,
    0xa8, 0x00, 0x67, 0x00, 0x2d, 0x00, 0x30, 0x00, 0x30, 0x00, 0x30, 0x00, 0xce, 0x00, 0x2d, 0x00,
    0x83, 0x00, 0x00, 0x00, 0x00, 0x00, 0x00, 0x00, 0x00, 0x00, 0x81, 0x00, 0x42, 0x00, 0x20, 0x00,
    0x63, 0x00, 0xa1, 0x00, 0x00, 0x00, 0x00, 0x00, 0x00, 0x00, 0x20, 0x00, 0xc6, 0x00, 0xa3, 0x00,
    0x20, 0x00, 0x02, 0x00, 0x00, 0x00, 0x00, 0x00, 0x00, 0x00, 0x00, 0x00, 0x00, 0x00, 0x00, 0x00,
    0x00, 0x00, 0x00, 0x00, 0x00, 0x00, 0x00, 0x00, 0x00, 0x00, 0x00, 0x00, 0x63, 0x00, 0xa7, 0x00,
    0x07, 0x00, 0xc9, 0x00, 0xe9, 0x00, 0x68, 0x00, 0xe4, 0x00, 0x86, 0x00, 0xe9, 0x00, 0x47, 0x00,
    0x27, 0x00, 0x47, 0x00, 0x47, 0x00, 0x47, 0x00, 0xa8, 0x00, 0xc8, 0x00, 0x47, 0x00, 0x88, 0x00,
    0x88, 0x00, 0xa6, 0x00, 0x07, 0x00, 0x88, 0x00, 0x88, 0x00, 0x8a, 0x00, 0xca, 0x00, 0xca, 0x00,
    0x08, 0x00, 0x88, 0x00, 0xe9, 0x00, 0xae, 0x00, 0x0f, 0x00, 0x30, 0x00, 0xef, 0x00, 0x6d, 0x00,
    0x25, 0x00, 0x00, 0x00, 0x00, 0x00, 0x00, 0x00, 0x00, 0x00, 0x83, 0x00, 0xa8, 0x00, 0xa6, 0x00,
    0x47, 0x00, 0x83, 0x00, 0x00, 0x00, 0x00, 0x00, 0x00, 0x00, 0x00, 0x00, 0xc2, 0x00, 0x27, 0x00,
    0xa3, 0x00, 0x04, 0x00, 0x00, 0x00, 0x00, 0x00, 0x00, 0x00, 0x00, 0x00, 0x00, 0x00, 0x00, 0x00,
    0x00, 0x00, 0x00, 0x00, 0x00, 0x00, 0x00, 0x00, 0x00, 0x00, 0xa1, 0x00, 0x66, 0x00, 0xc6, 0x00,
    0xa9, 0x00, 0x88, 0x00, 0x68, 0x00, 0x45, 0x00, 0x45, 0x00, 0xa8, 0x00, 0x88, 0x00, 0x68, 0x00,
    0x07, 0x00, 0xe6, 0x00, 0xc6, 0x00, 0x07, 0x00, 0x67, 0x00, 0x68, 0x00, 0x67, 0x00, 0xe9, 0x00,
    0x88, 0x00, 0xe7, 0x00, 0x27, 0x00, 0x27, 0x00, 0xa8, 0x00, 0xca, 0x00, 0x6a, 0x00, 0xeb, 0x00,
    0xa8, 0x00, 0xe9, 0x00, 0x0c, 0x00, 0x4d, 0x00, 0xce, 0x00, 0x0f, 0x00, 0xef, 0x00, 0x4d, 0x00,
    0x66, 0x00, 0x00, 0x00, 0x00, 0x00, 0x00, 0x00, 0x40, 0x00, 0x04, 0x00, 0x25, 0x00, 0x45, 0x00,
    0xc4, 0x00, 0xc1, 0x00, 0xc1, 0x00, 0x00, 0x00, 0x00, 0x00, 0x00, 0x00, 0x00, 0x00, 0x85, 0x00,
    0x67, 0x00, 0xc4, 0x00, 0x00, 0x00, 0x00, 0x00, 0x00, 0x00, 0x00, 0x00, 0x00, 0x00, 0x00, 0x00,
    0x00, 0x00, 0x00, 0x00, 0x00, 0x00, 0x00, 0x00, 0x00, 0x00, 0xe5, 0x00, 0x66, 0x00, 0xe7, 0x00,
    0x48, 0x00, 0x07, 0x00, 0x86, 0x00, 0xa4, 0x00, 0xc7, 0x00, 0xa8, 0x00, 0x29, 0x00, 0xcb, 0x00,
    0x27, 0x00, 0xc6, 0x00, 0xe6, 0x00, 0xc6, 0x00, 0x27, 0x00, 0x27, 0x00, 0x27, 0x00, 0x07, 0x00,
    0xc6, 0x00, 0x07, 0x00, 0xe7, 0x00, 0xc8, 0x00, 0x88, 0x00, 0x09, 0x00, 0xaa, 0x00, 0xca, 0x00,
    0x47, 0x00, 0x88, 0x00, 0x6e, 0x00, 0xce, 0x00, 0x6e, 0x00, 0x4d, 0x00, 0xcf, 0x00, 0xac, 0x00,
    0x86, 0x00, 0xe4, 0x00, 0x83, 0x00, 0x83, 0x00, 0xc6, 0x00, 0x47, 0x00, 0xc6, 0x00, 0xa6, 0x00,
    0x07, 0x00, 0x67, 0x00, 0x09, 0x00, 0x22, 0x00, 0x00, 0x00, 0x00, 0x00, 0x00, 0x00, 0x42, 0x00,
    0x29, 0x00, 0x65, 0x00, 0x00, 0x00, 0x00, 0x00, 0x00, 0x00, 0x00, 0x00, 0x00, 0x00, 0x00, 0x00,
    0x00, 0x00, 0x00, 0x00, 0x00, 0x00, 0x00, 0x00, 0x61, 0x00, 0xc5, 0x00, 0x87, 0x00, 0xc7, 0x00,
    0xe7, 0x00, 0x66, 0x00, 0xa4, 0x00, 0x25, 0x00, 0xe7, 0x00, 0x2a, 0x00, 0x8a, 0x00, 0x4c, 0x00,
    0x0b, 0x00, 0x06, 0x00, 0xa6, 0x00, 0xe6, 0x00, 0x07, 0x00, 0x07, 0x00, 0xe6, 0x00, 0xe7, 0x00,
    0x86, 0x00, 0x65, 0x00, 0x86, 0x00, 0x47, 0x00, 0x27, 0x00, 0xe9, 0x00, 0x69, 0x00, 0x88, 0x00,
    0xc6, 0x00, 0xc6, 0x00, 0x6e, 0x00, 0xce, 0x00, 0xef, 0x00, 0xec, 0x00, 0xec, 0x00, 0x8b, 0x00,
    0xa6, 0x00, 0xc6, 0x00, 0x27, 0x00, 0x27, 0x00, 0x47, 0x00, 0x27, 0x00, 0x06, 0x00, 0x47, 0x00,
    0xe6, 0x00, 0xe2, 0x00, 0x63, 0x00, 0x63, 0x00, 0x00, 0x00, 0x00, 0x00, 0x00, 0x00, 0x81, 0x00,
    0x09, 0x00, 0x47, 0x00, 0x00, 0x00, 0x00, 0x00, 0x00, 0x00, 0x00, 0x00, 0x00, 0x00, 0x00, 0x00,
    0x00, 0x00, 0x00, 0x00, 0x00, 0x00, 0x00, 0x00, 0x20, 0x00, 0x63, 0x00, 0xe7, 0x00, 0xc7, 0x00,
    0x86, 0x00, 0xc5, 0x00, 0xa4, 0x00, 0x86, 0x00, 0xc7, 0x00, 0xa8, 0x00, 0x8a, 0x00, 0x8a, 0x00,
    0xeb, 0x00, 0x2b, 0x00, 0xe6, 0x00, 0xc6, 0x00, 0xc6, 0x00, 0x07, 0x00, 0xc6, 0x00, 0xc6, 0x00,
    0x86, 0x00, 0x25, 0x00, 0x45, 0x00, 0xe7, 0x00, 0xa8, 0x00, 0xc8, 0x00, 0xe9, 0x00, 0xa5, 0x00,
    0x45, 0x00, 0x86, 0x00, 0xec, 0x00, 0xcf, 0x00, 0xcf, 0x00, 0x8e, 0x00, 0x4d, 0x00, 0x4b, 0x00,
    0x65, 0x00, 0xa6, 0x00, 0xe6, 0x00, 0xe6, 0x00, 0xe6, 0x00, 0xc6, 0x00, 0xa6, 0x00, 0xa6, 0x00,
    0x65, 0x00, 0x63, 0x00, 0x00, 0x00, 0x00, 0x00, 0x00, 0x00, 0x00, 0x00, 0x00, 0x00, 0x20, 0x00,
    0xe8, 0x00, 0x09, 0x00, 0x40, 0x00, 0x00, 0x00, 0x00, 0x00, 0x00, 0x00, 0x00, 0x00, 0x00, 0x00,
    0x00, 0x00, 0x00, 0x00, 0x00, 0x00, 0x00, 0x00, 0x00, 0x00, 0x05, 0x00, 0xc7, 0x00, 0x87, 0x00,
    0x05, 0x00, 0xe5, 0x00, 0x84, 0x00, 0x66, 0x00, 0x86, 0x00, 0x07, 0x00, 0x09, 0x00, 0x8a, 0x00,
    0xaa, 0x00, 0x8c, 0x00, 0x09, 0x00, 0x07, 0x00, 0x27, 0x00, 0x86, 0x00, 0x86, 0x00, 0xa6, 0x00,
    0xa6, 0x00, 0x05, 0x00, 0x66, 0x00, 0x47, 0x00, 0xe9, 0x00, 0x88, 0x00, 0x47, 0x00, 0x45, 0x00,
    0x45, 0x00, 0x68, 0x00, 0x6b, 0x00, 0x6e, 0x00, 0x6e, 0x00, 0xec, 0x00, 0xec, 0x00, 0x48, 0x00,
    0x65, 0x00, 0xa6, 0x00, 0x47, 0x00, 0xe6, 0x00, 0x45, 0x00, 0xc1, 0x00, 0x61, 0x00, 0x60, 0x00,
    0x22, 0x00, 0xc6, 0x00, 0x20, 0x00, 0x00, 0x00, 0x00, 0x00, 0x00, 0x00, 0x00, 0x00, 0x40, 0x00,
    0xa8, 0x00, 0xe8, 0x00, 0xa1, 0x00, 0x00, 0x00, 0x00, 0x00, 0x00, 0x00, 0x00, 0x00, 0x00, 0x00,
    0x00, 0x00, 0x00, 0x00, 0x00, 0x00, 0x00, 0x00, 0x00, 0x00, 0x46, 0x00, 0xa7, 0x00, 0x86, 0x00,
    0xe5, 0x00, 0xe5, 0x00, 0x64, 0x00, 0x05, 0x00, 0xa7, 0x00, 0xc7, 0x00, 0x47, 0x00, 0xa8, 0x00,
    0x0b, 0x00, 0x2b, 0x00, 0x8a, 0x00, 0x66, 0x00, 0x0a, 0x00, 0x89, 0x00, 0xc7, 0x00, 0x86, 0x00,
    0x25, 0x00, 0x05, 0x00, 0xc6, 0x00, 0x68, 0x00, 0x67, 0x00, 0xe6, 0x00, 0xa6, 0x00, 0xe4, 0x00,
    0x28, 0x00, 0xe9, 0x00, 0x0a, 0x00, 0xac, 0x00, 0x8b, 0x00, 0x8b, 0x00, 0xc9, 0x00, 0x45, 0x00,
    0x65, 0x00, 0xa6, 0x00, 0x07, 0x00, 0xc6, 0x00, 0x43, 0x00, 0x00, 0x00, 0x00, 0x00, 0x00, 0x00,
    0x00, 0x00, 0x81, 0x00, 0x00, 0x00, 0x00, 0x00, 0x00, 0x00, 0x00, 0x00, 0x00, 0x00, 0x81, 0x00,
    0xc8, 0x00, 0xa8, 0x00, 0x02, 0x00, 0x60, 0x00, 0x00, 0x00, 0x00, 0x00, 0x00, 0x00, 0x00, 0x00,
    0x00, 0x00, 0x00, 0x00, 0x00, 0x00, 0x00, 0x00, 0x20, 0x00, 0x46, 0x00, 0x87, 0x00, 0x46, 0x00,
    0xe5, 0x00, 0xe5, 0x00, 0x84, 0x00, 0x63, 0x00, 0xa7, 0x00, 0xc7, 0x00, 0x68, 0x00, 0x88, 0x00,
    0xe9, 0x00, 0x8a, 0x00, 0x29, 0x00, 0x04, 0x00, 0x86, 0x00, 0x0a, 0x00, 0x0a, 0x00, 0x28, 0x00,
    0x25, 0x00, 0x86, 0x00, 0xc6, 0x00, 0x47, 0x00, 0xc8, 0x00, 0xa8, 0x00, 0xe6, 0x00, 0x66, 0x00,
    0xea, 0x00, 0x0a, 0x00, 0x0a, 0x00, 0xe9, 0x00, 0x4a, 0x00, 0x68, 0x00, 0xa4, 0x00, 0xa6, 0x00,
    0xa6, 0x00, 0x85, 0x00, 0xa6, 0x00, 0xa3, 0x00, 0x00, 0x00, 0x00, 0x00, 0x00, 0x00, 0x00, 0x00,
    0x00, 0x00, 0x00, 0x00, 0x00, 0x00, 0x00, 0x00, 0x00, 0x00, 0x42, 0x00, 0xa1, 0x00, 0x02, 0x00,
    0x49, 0x00, 0x87, 0x00, 0x65, 0x00, 0xe2, 0x00, 0x00, 0x00, 0x00, 0x00, 0x00, 0x00, 0x00, 0x00,
    0x00, 0x00, 0x00, 0x00, 0x00, 0x00, 0x00, 0x00, 0x40, 0x00, 0x46, 0x00, 0x66, 0x00, 0x46, 0x00,
    0x05, 0x00, 0xc5, 0x00, 0x63, 0x00, 0x84, 0x00, 0x86, 0x00, 0xc7, 0x00, 0x07, 0x00, 0x47, 0x00,
    0xc8, 0x00, 0x88, 0x00, 0x27, 0x00, 0x04, 0x00, 0x05, 0x00, 0x25, 0x00, 0x28, 0x00, 0xe7, 0x00,
    0x26, 0x00, 0x86, 0x00, 0x86, 0x00, 0x68, 0x00, 0x29, 0x00, 0xaa, 0x00, 0xaa, 0x00, 0x47, 0x00,
    0xc9, 0x00, 0x0a, 0x00, 0x0a, 0x00, 0x0a, 0x00, 0xc6, 0x00, 0x61, 0x00, 0x00, 0x00, 0x83, 0x00,
    0x05, 0x00, 0xe6, 0x00, 0xa3, 0x00, 0x00, 0x00, 0x00, 0x00, 0x00, 0x00, 0x00, 0x00, 0x00, 0x00,
    0x00, 0x00, 0x00, 0x00, 0x00, 0x00, 0x00, 0x00, 0x00, 0x00, 0x63, 0x00, 0x65, 0x00, 0x24, 0x00,
    0x29, 0x00, 0x27, 0x00, 0xa6, 0x00, 0x40, 0x00, 0x00, 0x00, 0x00, 0x00, 0x00, 0x00, 0x00, 0x00,
    0x00, 0x00, 0x00, 0x00, 0x00, 0x00, 0x00, 0x00, 0x00, 0x00, 0xe5, 0x00, 0x26, 0x00, 0x86, 0x00,
    0x26, 0x00, 0xa4, 0x00, 0xc4, 0x00, 0x86, 0x00, 0x86, 0x00, 0x86, 0x00, 0xc6, 0x00, 0xe7, 0x00,
    0x47, 0x00, 0x06, 0x00, 0xc6, 0x00, 0x22, 0x00, 0x23, 0x00, 0x05, 0x00, 0xa4, 0x00, 0xc4, 0x00,
    0xa5, 0x00, 0xc4, 0x00, 0x66, 0x00, 0xe6, 0x00, 0x67, 0x00, 0x29, 0x00, 0x8a, 0x00, 0x89, 0x00,
    0x07, 0x00, 0x48, 0x00, 0xa7, 0x00, 0x43, 0x00, 0x00, 0x00, 0x00, 0x00, 0x00, 0x00, 0x00, 0x00,
    0x00, 0x00, 0xc1, 0x00, 0xc1, 0x00, 0x00, 0x00, 0x00, 0x00, 0x00, 0x00, 0x00, 0x00, 0x00, 0x00,
    0x00, 0x00, 0x00, 0x00, 0x00, 0x00, 0x00, 0x00, 0x00, 0x00, 0x83, 0x00, 0xc6, 0x00, 0x27, 0x00,
    0xa8, 0x00, 0xe6, 0x00, 0x04, 0x00, 0x00, 0x00, 0x00, 0x00, 0x00, 0x00, 0x00, 0x00, 0x00, 0x00,
    0x00, 0x00, 0x00, 0x00, 0x00, 0x00, 0x00, 0x00, 0x00, 0x00, 0x02, 0x00, 0xc5, 0x00, 0x86, 0x00,
    0x26, 0x00, 0x63, 0x00, 0x46, 0x00, 0x46, 0x00, 0xc7, 0x00, 0xc7, 0x00, 0xc7, 0x00, 0xc6, 0x00,
    0xc6, 0x00, 0xe6, 0x00, 0x25, 0x00, 0x20, 0x00, 0x00, 0x00, 0xc4, 0x00, 0x25, 0x00, 0x05, 0x00,
    0xe5, 0x00, 0xc4, 0x00, 0x05, 0x00, 0xa6, 0x00, 0x07, 0x00, 0xe8, 0x00, 0x49, 0x00, 0xca, 0x00,
    0xe8, 0x00, 0x81, 0x00, 0x00, 0x00, 0x00, 0x00, 0x00, 0x00, 0x00, 0x00, 0x00, 0x00, 0x00, 0x00,
    0x00, 0x00, 0x00, 0x00, 0x00, 0x00, 0x00, 0x00, 0x00, 0x00, 0x00, 0x00, 0x00, 0x00, 0x00, 0x00,
    0x00, 0x00, 0x00, 0x00, 0x00, 0x00, 0x00, 0x00, 0x00, 0x00, 0x24, 0x00, 0x85, 0x00, 0xe8, 0x00,
    0x27, 0x00, 0xc6, 0x00, 0xa1, 0x00, 0x00, 0x00, 0x00, 0x00, 0x00, 0x00, 0x00, 0x00, 0x00, 0x00,
    0x00, 0x00, 0x00, 0x00, 0x00, 0x00, 0x00, 0x00, 0x00, 0x00, 0x00, 0x00, 0xe2, 0x00, 0x66, 0x00,
    0x46, 0x00, 0xa4, 0x00, 0x05, 0x00, 0x66, 0x00, 0x86, 0x00, 0xc7, 0x00, 0xe7, 0x00, 0xc6, 0x00,
    0xc6, 0x00, 0x04, 0x00, 0x60, 0x00, 0x00, 0x00, 0x40, 0x00, 0xe5, 0x00, 0x25, 0x00, 0x05, 0x00,
    0xc4, 0x00, 0x05, 0x00, 0x84, 0x00, 0x86, 0x00, 0xc6, 0x00, 0x67, 0x00, 0x09, 0x00, 0x29, 0x00,
    0xca, 0x00, 0xe6, 0x00, 0x00, 0x00, 0x00, 0x00, 0x00, 0x00, 0x00, 0x00, 0x00, 0x00, 0x00, 0x00,
    0x00, 0x00, 0x00, 0x00, 0x00, 0x00, 0x00, 0x00, 0x00, 0x00, 0x00, 0x00, 0x00, 0x00, 0x00, 0x00,
    0x00, 0x00, 0x00, 0x00, 0x00, 0x00, 0x00, 0x00, 0xc1, 0x00, 0x45, 0x00, 0x87, 0x00, 0xe8, 0x00,
    0xc6, 0x00, 0xa3, 0x00, 0x00, 0x00, 0x00, 0x00, 0x00, 0x00, 0x00, 0x00, 0x00, 0x00, 0x00, 0x00,
    0x00, 0x00, 0x00, 0x00, 0x00, 0x00, 0x00, 0x00, 0x00, 0x00, 0x00, 0x00, 0x00, 0x00, 0xe5, 0x00,
    0x46, 0x00, 0xc4, 0x00, 0xe5, 0x00, 0x66, 0x00, 0x46, 0x00, 0xe4, 0x00, 0xe4, 0x00, 0xe4, 0x00,
    0xe2, 0x00, 0x00, 0x00, 0x00, 0x00, 0x00, 0x00, 0xa4, 0x00, 0x66, 0x00, 0x25, 0x00, 0x05, 0x00,
    0xa4, 0x00, 0x02, 0x00, 0x20, 0x00, 0x02, 0x00, 0x25, 0x00, 0xc6, 0x00, 0x68, 0x00, 0xe8, 0x00,
    0x49, 0x00, 0xca, 0x00, 0x45, 0x00, 0x00, 0x00, 0x00, 0x00, 0x00, 0x00, 0x00, 0x00, 0x00, 0x00,
    0x00, 0x00, 0x00, 0x00, 0x00, 0x00, 0x00, 0x00, 0x00, 0x00, 0x00, 0x00, 0x00, 0x00, 0x00, 0x00,
    0x00, 0x00, 0x00, 0x00, 0x20, 0x00, 0x00, 0x00, 0x45, 0x00, 0x47, 0x00, 0xc8, 0x00, 0x06, 0x00,
    0x65, 0x00, 0x40, 0x00, 0x00, 0x00, 0x00, 0x00, 0x00, 0x00, 0x00, 0x00, 0x00, 0x00, 0x00, 0x00,
    0x00, 0x00, 0x00, 0x00, 0x00, 0x00, 0x00, 0x00, 0x00, 0x00, 0x00, 0x00, 0x00, 0x00, 0xc2, 0x00,
    0x66, 0x00, 0x05, 0x00, 0x26, 0x00, 0x86, 0x00, 0xc7, 0x00, 0x46, 0x00, 0xc4, 0x00, 0xe5, 0x00,
    0xa1, 0x00, 0x00, 0x00, 0x00, 0x00, 0x00, 0x00, 0x43, 0x00, 0x46, 0x00, 0x25, 0x00, 0x05, 0x00,
    0xe5, 0x00, 0x60, 0x00, 0x00, 0x00, 0x00, 0x00, 0x20, 0x00, 0x22, 0x00, 0xe7, 0x00, 0x67, 0x00,
    0x49, 0x00, 0x69, 0x00, 0x8a, 0x00, 0x63, 0x00, 0x00, 0x00, 0x00, 0x00, 0x00, 0x00, 0x00, 0x00,
    0x00, 0x00, 0x00, 0x00, 0x00, 0x00, 0x00, 0x00, 0x00, 0x00, 0x00, 0x00, 0x00, 0x00, 0x00, 0x00,
    0x00, 0x00, 0xc3, 0x00, 0x02, 0x00, 0x24, 0x00, 0xe8, 0x00, 0x29, 0x00, 0x67, 0x00, 0x65, 0x00,
    0xc1, 0x00, 0x00, 0x00, 0x00, 0x00, 0x00, 0x00, 0x00, 0x00, 0x00, 0x00, 0x00, 0x00, 0x00, 0x00,
    0x00, 0x00, 0x00, 0x00, 0x00, 0x00, 0x00, 0x00, 0x00, 0x00, 0x00, 0x00, 0x00, 0x00, 0x00, 0x00,
    0x63, 0x00, 0x66, 0x00, 0x05, 0x00, 0xa7, 0x00, 0xe7, 0x00, 0xa6, 0x00, 0xc4, 0x00, 0x05, 0x00,
    0x66, 0x00, 0x84, 0x00, 0x60, 0x00, 0x00, 0x00, 0x00, 0x00, 0xe2, 0x00, 0x66, 0x00, 0x45, 0x00,
    0x46, 0x00, 0x05, 0x00, 0xa1, 0x00, 0x00, 0x00, 0x00, 0x00, 0x00, 0x00, 0xe2, 0x00, 0x67, 0x00,
    0x87, 0x00, 0x08, 0x00, 0x09, 0x00, 0x29, 0x00, 0xe2, 0x00, 0x60, 0x00, 0xa1, 0x00, 0x40, 0x00,
    0x20, 0x00, 0xc1, 0x00, 0x22, 0x00, 0x00, 0x00, 0x00, 0x00, 0x00, 0x00, 0x00, 0x00, 0xa1, 0x00,
    0x24, 0x00, 0x27, 0x00, 0x47, 0x00, 0x69, 0x00, 0x29, 0x00, 0x87, 0x00, 0x45, 0x00, 0x24, 0x00,
    0xa3, 0x00, 0x20, 0x00, 0x00, 0x00, 0x00, 0x00, 0x00, 0x00, 0x00, 0x00, 0x00, 0x00, 0x00, 0x00,
    0x00, 0x00, 0x00, 0x00, 0x00, 0x00, 0x00, 0x00, 0x00, 0x00, 0x00, 0x00, 0x00, 0x00, 0x00, 0x00,
    0x00, 0x00, 0xa4, 0x00, 0xe5, 0x00, 0xa7, 0x00, 0x48, 0x00, 0x28, 0x00, 0x05, 0x00, 0x63, 0x00,
    0x25, 0x00, 0x66, 0x00, 0x45, 0x00, 0xa4, 0x00, 0x22, 0x00, 0xc1, 0x00, 0xc4, 0x00, 0x86, 0x00,
    0x66, 0x00, 0x66, 0x00, 0x66, 0x00, 0xe4, 0x00, 0x43, 0x00, 0x22, 0x00, 0x22, 0x00, 0x86, 0x00,
    0x67, 0x00, 0xa8, 0x00, 0x49, 0x00, 0x8a, 0x00, 0x8a, 0x00, 0xc6, 0x00, 0xe6, 0x00, 0x06, 0x00,
    0xe6, 0x00, 0xe6, 0x00, 0x45, 0x00, 0xc4, 0x00, 0xe4, 0x00, 0xe4, 0x00, 0x85, 0x00, 0xa7, 0x00,
    0x08, 0x00, 0x29, 0x00, 0x29, 0x00, 0xc8, 0x00, 0x06, 0x00, 0xa6, 0x00, 0x06, 0x00, 0x65, 0x00,
    0x40, 0x00, 0x00, 0x00, 0x00, 0x00, 0x00, 0x00, 0x00, 0x00, 0x00, 0x00, 0x00, 0x00, 0x00, 0x00,
    0x00, 0x00, 0x00, 0x00, 0x00, 0x00, 0x00, 0x00, 0x00, 0x00, 0x00, 0x00, 0x00, 0x00, 0x00, 0x00,
    0x00, 0x00, 0x20, 0x00, 0x43, 0x00, 0xa7, 0x00, 0x48, 0x00, 0x68, 0x00, 0x68, 0x00, 0x65, 0x00,
    0xc4, 0x00, 0xe5, 0x00, 0x46, 0x00, 0x86, 0x00, 0x66, 0x00, 0x66, 0x00, 0x05, 0x00, 0x25, 0x00,
    0x86, 0x00, 0x66, 0x00, 0x66, 0x00, 0x66, 0x00, 0x86, 0x00, 0xa6, 0x00, 0x66, 0x00, 0xa4, 0x00,
    0x88, 0x00, 0x67, 0x00, 0x49, 0x00, 0xca, 0x00, 0xa8, 0x00, 0xaa, 0x00, 0x27, 0x00, 0xc6, 0x00,
    0x06, 0x00, 0xc6, 0x00, 0x47, 0x00, 0xc8, 0x00, 0x69, 0x00, 0x8a, 0x00, 0x69, 0x00, 0x29, 0x00,
    0xe8, 0x00, 0x67, 0x00, 0x06, 0x00, 0xe6, 0x00, 0x06, 0x00, 0xc6, 0x00, 0x63, 0x00, 0x00, 0x00,
    0x00, 0x00, 0x00, 0x00, 0x00, 0x00, 0x00, 0x00, 0x00, 0x00, 0x00, 0x00, 0x00, 0x00, 0x00, 0x00,
    0x00, 0x00, 0x00, 0x00, 0x00, 0x00, 0x00, 0x00, 0x00, 0x00, 0x00, 0x00, 0x00, 0x00, 0x00, 0x00,
    0x00, 0x00, 0x00, 0x00, 0x81, 0x00, 0xc7, 0x00, 0xc9, 0x00, 0xa8, 0x00, 0x47, 0x00, 0x29, 0x00,
    0x47, 0x00, 0xe5, 0x00, 0x05, 0x00, 0x25, 0x00, 0x25, 0x00, 0x25, 0x00, 0xe4, 0x00, 0x63, 0x00,
    0xa4, 0x00, 0x46, 0x00, 0x86, 0x00, 0x86, 0x00, 0xe5, 0x00, 0xe5, 0x00, 0x46, 0x00, 0x23, 0x00,
    0xe6, 0x00, 0xc8, 0x00, 0xc6, 0x00, 0xca, 0x00, 0x06, 0x00, 0x27, 0x00, 0x29, 0x00, 0x86, 0x00,
    0x45, 0x00, 0xc6, 0x00, 0xc6, 0x00, 0xc6, 0x00, 0x06, 0x00, 0xe6, 0x00, 0xe6, 0x00, 0xc6, 0x00,
    0xc6, 0x00, 0xa6, 0x00, 0x45, 0x00, 0xa3, 0x00, 0xe2, 0x00, 0x20, 0x00, 0x00, 0x00, 0x00, 0x00,
    0x00, 0x00, 0x00, 0x00, 0x00, 0x00, 0x00, 0x00, 0x00, 0x00, 0x00, 0x00, 0x00, 0x00, 0x00, 0x00,
    0x00, 0x00, 0x00, 0x00, 0x00, 0x00, 0x00, 0x00, 0x00, 0x00, 0x00, 0x00, 0x00, 0x00, 0x00, 0x00,
    0x20, 0x00, 0x20, 0x00, 0x20, 0x00, 0x46, 0x00, 0x48, 0x00, 0x48, 0x00, 0x46, 0x00, 0xc6, 0x00,
    0x68, 0x00, 0x05, 0x00, 0xc5, 0x00, 0xe2, 0x00, 0x81, 0x00, 0x81, 0x00, 0x40, 0x00, 0x40, 0x00,
    0x40, 0x00, 0xa1, 0x00, 0x22, 0x00, 0x43, 0x00, 0x23, 0x00, 0x81, 0x00, 0xc1, 0x00, 0x20, 0x00,
    0xe4, 0x00, 0x28, 0x00, 0xc4, 0x00, 0xc9, 0x00, 0xa9, 0x00, 0xe2, 0x00, 0x25, 0x00, 0x46, 0x00,
    0x20, 0x00, 0xe2, 0x00, 0xc4, 0x00, 0x45, 0x00, 0x85, 0x00, 0xa6, 0x00, 0xc6, 0x00, 0x65, 0x00,
    0x83, 0x00, 0x81, 0x00, 0x20, 0x00, 0x00, 0x00, 0x00, 0x00, 0x00, 0x00, 0x00, 0x00, 0x00, 0x00,
    0x00, 0x00, 0x00, 0x00, 0x00, 0x00, 0x00, 0x00, 0x00, 0x00, 0x00, 0x00, 0x00, 0x00, 0x00, 0x00,
    0x00, 0x00, 0x00, 0x00, 0x00, 0x00, 0x00, 0x00, 0x00, 0x00, 0x00, 0x00, 0x00, 0x00, 0x00, 0x00,
    0x00, 0x00, 0x00, 0x00, 0x00, 0x00, 0xa1, 0x00, 0x63, 0x00, 0x25, 0x00, 0x84, 0x00, 0x20, 0x00,
    0x84, 0x00, 0x43, 0x00, 0x81, 0x00, 0x61, 0x00, 0x00, 0x00, 0x00, 0x00, 0x00, 0x00, 0x20, 0x00,
    0x00, 0x00, 0x00, 0x00, 0x00, 0x00, 0x00, 0x00, 0x00, 0x00, 0x20, 0x00, 0x20, 0x00, 0x20, 0x00,
    0x61, 0x00, 0xc4, 0x00, 0x61, 0x00, 0x43, 0x00, 0xa6, 0x00, 0x43, 0x00, 0x00, 0x00, 0x61, 0x00,
    0x20, 0x00, 0x00, 0x00, 0x00, 0x00, 0x20, 0x00, 0x81, 0x00, 0xc1, 0x00, 0xc1, 0x00, 0x61, 0x00,
    0x00, 0x00, 0x00, 0x00, 0x00, 0x00, 0x20, 0x00, 0x00, 0x00, 0x00, 0x00, 0x00, 0x00, 0x00, 0x00,
    0x00, 0x00, 0x00, 0x00, 0x00, 0x00, 0x00, 0x00, 0x00, 0x00, 0x00, 0x00, 0x00, 0x00, 0x00, 0x00,
    0x00, 0x00, 0x00, 0x00, 0x00, 0x00, 0x00, 0x00, 0x00, 0x00, 0x00, 0x00, 0x00, 0x00, 0x00, 0x00,
    0x00, 0x00, 0x00, 0x00, 0x00, 0x00, 0x00, 0x00, 0x00, 0x00, 0x00, 0x00, 0x00, 0x00, 0x00, 0x00,
    0x00, 0x00, 0x00, 0x00, 0x00, 0x00, 0x00, 0x00, 0x00, 0x00, 0x00, 0x00, 0x00, 0x00, 0x00, 0x00,
    0x00, 0x00, 0x00, 0x00, 0x00, 0x00, 0x00, 0x00, 0x00, 0x00, 0x00, 0x00, 0x00, 0x00, 0x00, 0x00,
    0x00, 0x00, 0x00, 0x00, 0x00, 0x00, 0x00, 0x00, 0x40, 0x00, 0x40, 0x00, 0x00, 0x00, 0x00, 0x00,
    0x00, 0x00, 0x00, 0x00, 0x00, 0x00, 0x00, 0x00, 0x00, 0x00, 0x00, 0x00, 0x00, 0x00, 0x00, 0x00,
    0x00, 0x00, 0x00, 0x00, 0x00, 0x00, 0x00, 0x00, 0x00, 0x00, 0x00, 0x00, 0x00, 0x00, 0x00, 0x00,
    0x00, 0x00, 0x00, 0x00, 0x00, 0x00, 0x00, 0x00, 0x00, 0x00, 0x00, 0x00, 0x00, 0x00, 0x00, 0x00,
    0x00, 0x00, 0x00, 0x00, 0x00, 0x00, 0x00, 0x00, 0x00, 0x00, 0x00, 0x00, 0x00, 0x00, 0x00, 0x00,
    0x00, 0x00, 0x00, 0x00, 0x00, 0x00, 0x00, 0x00, 0x00, 0x00, 0x00, 0x00, 0x00, 0x00, 0x00, 0x00,
    0x00, 0x00, 0x00, 0x00, 0x00, 0x00, 0x00, 0x00, 0x00, 0x00, 0x00, 0x00, 0x00, 0x00, 0x00, 0x00,
    0x00, 0x00, 0x00, 0x00, 0x00, 0x00, 0x00, 0x00, 0x00, 0x00, 0x00, 0x00, 0x00, 0x00, 0x00, 0x00,
    0x00, 0x00, 0x00, 0x00, 0x00, 0x00, 0x00, 0x00, 0x00, 0x00, 0x00, 0x00, 0x00, 0x00, 0x00, 0x00,
    0x00, 0x00, 0x00, 0x00, 0x00, 0x00, 0x00, 0x00, 0x00, 0x00, 0x00, 0x00, 0x00, 0x00, 0x00, 0x00,
    0x00, 0x00, 0x00, 0x00, 0x00, 0x00, 0x00, 0x00, 0x00, 0x00, 0x00, 0x00, 0x00, 0x00, 0x00, 0x00,
    0x00, 0x00, 0x00, 0x00, 0x00, 0x00, 0x00, 0x00, 0x00, 0x00, 0x00, 0x00, 0x00, 0x00, 0x00, 0x00,
    0x00, 0x00, 0x00, 0x00, 0x00, 0x00, 0x00, 0x00, 0x00, 0x00, 0x00, 0x00, 0x00, 0x00, 0x00, 0x00,
    0x00, 0x00, 0x00, 0x00, 0x00, 0x00, 0x00, 0x00, 0x00, 0x00, 0x00, 0x00, 0x00, 0x00, 0x00, 0x00,
    0x00, 0x00, 0x00, 0x00, 0x00, 0x00, 0x00, 0x00, 0x00, 0x00, 0x00, 0x00, 0x00, 0x00, 0x00, 0x00,
    0x00, 0x00, 0x00, 0x00, 0x00, 0x00, 0x00, 0x00, 0x00, 0x00, 0x00, 0x00, 0x00, 0x00, 0x00, 0x00,
    0x00, 0x00, 0x00, 0x00, 0x00, 0x00, 0x00, 0x00, 0x00, 0x00, 0x00, 0x00, 0x00, 0x00, 0x00, 0x00,
    0x00, 0x00, 0x00, 0x00, 0x00, 0x00, 0x00, 0x00, 0x00, 0x00, 0x00, 0x00, 0x00, 0x00, 0x00, 0x00,
    0x00, 0x00, 0x00, 0x00, 0x00, 0x00, 0x00, 0x00, 0x00, 0x00, 0x00, 0x00, 0x00, 0x00, 0x00, 0x00,
    0x00, 0x00, 0x00, 0x00, 0x00, 0x00, 0x00, 0x00, 0x00, 0x00, 0x00, 0x00, 0x00, 0x00, 0x00, 0x00,
    0x00, 0x00, 0x00, 0x00, 0x00, 0x00, 0x00, 0x00, 0x00, 0x00, 0x00, 0x00, 0x00, 0x00, 0x00, 0x00,
    0x00, 0x00, 0x00, 0x00, 0x00, 0x00, 0x00, 0x00, 0x00, 0x00, 0x00, 0x00, 0x00, 0x00, 0x00, 0x00,
    0x00, 0x00, 0x00, 0x00, 0x00, 0x00, 0x00, 0x00, 0x00, 0x00, 0x00, 0x00, 0x00, 0x00, 0x00, 0x00,
    0x00, 0x00, 0x00, 0x00, 0x00, 0x00, 0x00, 0x00, 0x00, 0x00, 0x00, 0x00, 0x00, 0x00, 0x00, 0x00,
    0x00, 0x00, 0x00, 0x00, 0x00, 0x00, 0x00, 0x00, 0x00, 0x00, 0x00, 0x00, 0x00, 0x00, 0x00, 0x00,
    0x00, 0x00, 0x00, 0x00, 0x00, 0x00, 0x00, 0x00, 0x00, 0x00, 0x00, 0x00, 0x00, 0x00, 0x00, 0x00,
    0x00, 0x00, 0x00, 0x00, 0x00, 0x00, 0x00, 0x00, 0x00, 0x00, 0x00, 0x00, 0x00, 0x00, 0x00, 0x00,
    0x00, 0x00, 0x00, 0x00, 0x00, 0x00, 0x00, 0x00, 0x00, 0x00, 0x00, 0x00, 0x00, 0x00, 0x00, 0x00,
    0x00, 0x00, 0x00, 0x00, 0x00, 0x00, 0x00, 0x00, 0x00, 0x00, 0x00, 0x00, 0x00, 0x00, 0x00, 0x00,
    0x00, 0x00, 0x00, 0x00, 0x00, 0x00, 0x00, 0x00, 0x00, 0x00, 0x00, 0x00, 0x00, 0x00, 0x00, 0x00,
    0x00, 0x00, 0x00, 0x00, 0x00, 0x00, 0x00, 0x00, 0x00, 0x00, 0x00, 0x00, 0x00, 0x00, 0x00, 0x00,
    0x00, 0x00, 0x00, 0x00, 0x00, 0x00, 0x00, 0x00, 0x00, 0x00, 0x00, 0x00, 0x00, 0x00, 0x00, 0x00,
    0x00, 0x00, 0x00, 0x00, 0x00, 0x00, 0x00, 0x00, 0x00, 0x00, 0x00, 0x00, 0x00, 0x00, 0x00, 0x00,
    0x00, 0x00, 0x00, 0x00, 0x00, 0x00, 0x00, 0x00, 0x00, 0x00, 0x00, 0x00, 0x00, 0x00, 0x00, 0x00,
    0x00, 0x00, 0x00, 0x00, 0x00, 0x00, 0x00, 0x00, 0x00, 0x00, 0x00, 0x00, 0x00, 0x00, 0x00, 0x00,
    0x00, 0x00, 0x00, 0x00, 0x00, 0x00, 0x00, 0x00, 0x00, 0x00, 0x00, 0x00, 0x00, 0x00, 0x00, 0x00,
    0x00, 0x00, 0x00, 0x00, 0x00, 0x00, 0x00, 0x00, 0x00, 0x00, 0x00, 0x00, 0x00, 0x00, 0x00, 0x00,
    0x00, 0x00, 0x00, 0x00, 0x00, 0x00, 0x00, 0x00, 0x00, 0x00, 0x00, 0x00, 0x00, 0x00, 0x00, 0x00,
    0x00, 0x00, 0x00, 0x00, 0x00, 0x00, 0x00, 0x00, 0x00, 0x00, 0x00, 0x00, 0x00, 0x00, 0x00, 0x00,
    0x00, 0x00, 0x00, 0x00, 0x00, 0x00, 0x00, 0x00, 0x00, 0x00, 0x00, 0x00, 0x00, 0x00, 0x00, 0x00,
    0x00, 0x00, 0x00, 0x00, 0x00, 0x00, 0x00, 0x00, 0x00, 0x00, 0x00, 0x00, 0x00, 0x00, 0x00, 0x00,
    0x00, 0x00, 0x00, 0x00, 0x00, 0x00, 0x00, 0x00, 0x00, 0x00, 0x00, 0x00, 0x00, 0x00, 0x00, 0x00,
    0x00, 0x00, 0x00, 0x00, 0x00, 0x00, 0x00, 0x00, 0x00, 0x00, 0x00, 0x00, 0x00, 0x00, 0x00, 0x00,
    0x00, 0x00, 0x00, 0x00, 0x00, 0x00, 0x00, 0x00, 0x00, 0x00, 0x00, 0x00, 0x00, 0x00, 0x00, 0x00,
    0x00, 0x00, 0x00, 0x00, 0x00, 0x00, 0x00, 0x00, 0x00, 0x00, 0x00, 0x00, 0x00, 0x00, 0x00, 0x00,
    0x00, 0x00, 0x00, 0x00, 0x00, 0x00, 0x00, 0x00, 0x00, 0x00, 0x00, 0x00, 0x00, 0x00, 0x00, 0x00,
    0x00, 0x00, 0x00, 0x00, 0x00, 0x00, 0x00, 0x00, 0x00, 0x00, 0x00, 0x00, 0x00, 0x00, 0x00, 0x00,
    0x00, 0x00, 0x00, 0x00, 0x00, 0x00, 0x00, 0x00, 0x00, 0x00, 0x00, 0x00, 0x00, 0x00, 0x00, 0x00,
    0x00, 0x00, 0x00, 0x00, 0x00, 0x00, 0x00, 0x00, 0x00, 0x00, 0x00, 0x00, 0x00, 0x00, 0x00, 0x07,
    0x80, 0x00, 0x00, 0x00, 0x00, 0x00, 0x00, 0x00, 0x00, 0x00, 0x00, 0x00, 0x00, 0x00, 0x00, 0x00,
    0x00, 0x00, 0x00, 0x00, 0x00, 0x00, 0x00, 0x00, 0x00, 0x00, 0x00, 0x00, 0x00, 0x00, 0x00, 0x00,
    0x00, 0x00, 0x00, 0x00, 0x00, 0x00, 0x00, 0x00, 0x00, 0x00, 0x00, 0x00, 0x00, 0x00, 0x00, 0x00,
    0x00, 0x00, 0x00, 0x00, 0x00, 0x00, 0x00, 0x00, 0x00, 0x00, 0x00, 0x00, 0x00, 0x00, 0x00, 0x63,
    0xef, 0x00, 0x00, 0x00, 0x00, 0x00, 0x00, 0x00, 0x00, 0x00, 0x00, 0x00, 0x00, 0x00, 0x00, 0x2a,
    0x0a, 0x00, 0x00, 0x00, 0x00, 0x00, 0x00, 0x00, 0x00, 0x00, 0x00, 0x00, 0x00, 0x00, 0x00, 0x00,
    0x00, 0x00, 0x00, 0x00, 0x00, 0x00, 0x00, 0x00, 0x00, 0x00, 0x00, 0x00, 0x00, 0x00, 0x00, 0x00,
    0x00, 0x00, 0x00, 0x00, 0x00, 0x00, 0x00, 0x00, 0x00, 0x00, 0x00, 0x00, 0x00, 0x00, 0x00, 0x89,
    0xfb, 0x04, 0x00, 0x00, 0x00, 0x01, 0x00, 0x00, 0x00, 0x00, 0x00, 0x00, 0x00, 0x00, 0x06, 0xff,
    0x10, 0x00, 0x00, 0x00, 0x00, 0x00, 0x00, 0x00, 0x00, 0x00, 0x00, 0x00, 0x00, 0x00, 0x00, 0x00,
    0x00, 0x00, 0x00, 0x00, 0x00, 0x00, 0x00, 0x00, 0x00, 0x00, 0x00, 0x00, 0x00, 0x00, 0x00, 0x00,
    0x00, 0x00, 0x00, 0x00, 0x00, 0x00, 0x00, 0x00, 0x00, 0x00, 0x00, 0x00, 0x00, 0x00, 0x00, 0x5e,
    0xfd, 0x68, 0x00, 0x00, 0x18, 0x97, 0x00, 0x00, 0x00, 0x00, 0x00, 0x04, 0x00, 0x00, 0x21, 0xfb,
    0x27, 0x00, 0x00, 0x00, 0x00, 0x00, 0x00, 0x00, 0x00, 0x00, 0x00, 0x00, 0x00, 0x00, 0x00, 0x00,
    0x00, 0x00, 0x00, 0x00, 0x00, 0x00, 0x00, 0x00, 0x00, 0x00, 0x00, 0x00, 0x00, 0x00, 0x00, 0x00,
    0x00, 0x00, 0x00, 0x00, 0x00, 0x00, 0x00, 0x00, 0x00, 0x00, 0x00, 0x00, 0x00, 0x00, 0x00, 0x15,
    0xff, 0xff, 0x63, 0x00, 0x44, 0xff, 0x09, 0x00, 0x00, 0x00, 0x7e, 0x3e, 0x00, 0x00, 0x1c, 0xff,
    0xce, 0x07, 0x00, 0x00, 0x02, 0x39, 0x00, 0x00, 0x00, 0x00, 0x00, 0x00, 0x00, 0x00, 0x00, 0x00,
    0x00, 0x00, 0x00, 0x00, 0x00, 0x00, 0x00, 0x00, 0x00, 0x00, 0x00, 0x00, 0x00, 0x00, 0x00, 0x00,
    0x00, 0x00, 0x00, 0x00, 0x00, 0x00, 0x00, 0x00, 0x00, 0x00, 0x00, 0x00, 0x00, 0x00, 0x00, 0x00,
    0x83, 0xff, 0xff, 0x8e, 0x74, 0xfb, 0xb4, 0x03, 0x00, 0x01, 0xff, 0x6d, 0x00, 0x00, 0x02, 0xeb,
    0xff, 0xdc, 0x34, 0x00, 0x2f, 0xeb, 0x00, 0x00, 0x00, 0x00, 0x00, 0x00, 0x00, 0x00, 0x00, 0x00,
    0x00, 0x00, 0x00, 0x00, 0x00, 0x00, 0x00, 0x00, 0x00, 0x00, 0x00, 0x00, 0x00, 0x00, 0x00, 0x00,
    0x00, 0x00, 0x00, 0x00, 0x00, 0x00, 0x00, 0x00, 0x00, 0x00, 0x00, 0x00, 0x00, 0x00, 0x00, 0x00,
    0x00, 0x75, 0xf7, 0xff, 0xff, 0xfb, 0xff, 0xcc, 0x30, 0x05, 0xc5, 0xf1, 0x06, 0x00, 0x04, 0x71,
    0xf7, 0xff, 0xff, 0x9e, 0x89, 0xfd, 0x06, 0x03, 0x04, 0x00, 0x00, 0x00, 0x00, 0x00, 0x00, 0x00,
    0x00, 0x00, 0x00, 0x00, 0x00, 0x00, 0x00, 0x00, 0x00, 0x00, 0x00, 0x00, 0x00, 0x00, 0x00, 0x00,
    0x00, 0x00, 0x00, 0x00, 0x00, 0x00, 0x00, 0x00, 0x00, 0x00, 0x00, 0x00, 0x00, 0x05, 0x0a, 0x00,
    0x08, 0x47, 0xf5, 0xff, 0xff, 0xff, 0xf5, 0xff, 0xff, 0xd9, 0xd7, 0xff, 0xa8, 0x00, 0x34, 0xce,
    0xde, 0xfd, 0xf7, 0xff, 0xff, 0xff, 0x59, 0x36, 0xcc, 0x02, 0x00, 0x00, 0x00, 0x00, 0x00, 0x00,
    0x00, 0x00, 0x00, 0x00, 0x00, 0x00, 0x00, 0x00, 0x00, 0x00, 0x00, 0x00, 0x00, 0x00, 0x00, 0x00,
    0x00, 0x00, 0x00, 0x00, 0x00, 0x00, 0x00, 0x00, 0x00, 0x00, 0x00, 0x00, 0x00, 0x0a, 0xef, 0xe0,
    0xff, 0xff, 0xff, 0xda, 0x97, 0xeb, 0xff, 0xff, 0xff, 0xff, 0xff, 0xfb, 0xff, 0xa0, 0x70, 0xff,
    0xfd, 0xff, 0xff, 0xfb, 0xfb, 0xff, 0xf9, 0xb5, 0xff, 0x8b, 0x00, 0x00, 0x00, 0x00, 0x00, 0x00,
    0x00, 0x00, 0x00, 0x00, 0x00, 0x00, 0x00, 0x00, 0x00, 0x00, 0x00, 0x00, 0x00, 0x00, 0x00, 0x00,
    0x00, 0x00, 0x00, 0x00, 0x00, 0x00, 0x00, 0x00, 0x00, 0x00, 0x00, 0x00, 0x00, 0x00, 0x10, 0xb0,
    0xe4, 0xa2, 0x30, 0x01, 0x00, 0x05, 0x28, 0x64, 0xa6, 0xef, 0xfd, 0xff, 0xfb, 0xff, 0xff, 0xfd,
    0xff, 0xff, 0xff, 0xff, 0xff, 0xff, 0xff, 0xff, 0xf7, 0xff, 0x20, 0x00, 0x00, 0x00, 0x00, 0x00,
    0x00, 0x00, 0x00, 0x00, 0x00, 0x00, 0x00, 0x00, 0x00, 0x00, 0x00, 0x00, 0x00, 0x00, 0x00, 0x00,
    0x00, 0x00, 0x00, 0x00, 0x00, 0x00, 0x00, 0x00, 0x00, 0x00, 0x00, 0x00, 0x00, 0x00, 0x00, 0x00,
    0x02, 0x00, 0x00, 0x01, 0x00, 0x00, 0x00, 0x05, 0x2f, 0xda, 0xfd, 0xfd, 0xff, 0xfb, 0xfb, 0xff,
    0xff, 0xff, 0xff, 0xff, 0xff, 0xff, 0xff, 0xfd, 0xf9, 0xfb, 0x8f, 0x00, 0x00, 0x00, 0x00, 0x00,
    0x00, 0x00, 0x00, 0x00, 0x00, 0x00, 0x00, 0x00, 0x00, 0x00, 0x00, 0x00, 0x00, 0x00, 0x00, 0x00,
    0x00, 0x00, 0x00, 0x00, 0x00, 0x00, 0x00, 0x00, 0x00, 0x00, 0x00, 0x00, 0x00, 0x00, 0x00, 0x00,
    0x00, 0x00, 0x03, 0xc1, 0x52, 0x0e, 0x02, 0x41, 0xbc, 0xfb, 0xfd, 0xff, 0xff, 0xff, 0xff, 0xff,
    0xff, 0xff, 0xff, 0xff, 0xff, 0xff, 0xff, 0xff, 0xfd, 0xff, 0xc5, 0x64, 0x29, 0x00, 0x00, 0x00,
    0x00, 0x00, 0x00, 0x00, 0x00, 0x00, 0x00, 0x00, 0x00, 0x00, 0x00, 0x00, 0x00, 0x00, 0x00, 0x00,
    0x00, 0x00, 0x00, 0x00, 0x00, 0x00, 0x00, 0x00, 0x00, 0x00, 0x00, 0x00, 0x00, 0x00, 0x00, 0x00,
    0x00, 0x00, 0x00, 0x21, 0xff, 0xff, 0xba, 0x69, 0x6c, 0xe9, 0xff, 0xfd, 0xff, 0xff, 0xff, 0xff,
    0xff, 0xff, 0xff, 0xff, 0xff, 0xff, 0xff, 0xff, 0xff, 0xff, 0xf1, 0xff, 0x74, 0x00, 0x00, 0x00,
    0x00, 0x00, 0x00, 0x00, 0x00, 0x00, 0x00, 0x00, 0x00, 0x00, 0x00, 0x00, 0x00, 0x00, 0x00, 0x00,
    0x00, 0x00, 0x00, 0x00, 0x00, 0x00, 0x00, 0x00, 0x00, 0x00, 0x00, 0x00, 0x00, 0x00, 0x00, 0x00,
    0x00, 0x00, 0x00, 0x00, 0x1c, 0xe2, 0xff, 0xff, 0xff, 0xff, 0xff, 0xff, 0xff, 0xff, 0xff, 0xff,
    0xff, 0xff, 0xff, 0xff, 0xff, 0xff, 0xff, 0xff, 0xff, 0xff, 0xf9, 0xff, 0x88, 0x00, 0x00, 0x00,
    0x00, 0x00, 0x00, 0x00, 0x00, 0x00, 0x00, 0x00, 0x00, 0x00, 0x00, 0x00, 0x00, 0x00, 0x00, 0x00,
    0x00, 0x00, 0x00, 0x00, 0x00, 0x00, 0x00, 0x00, 0x00, 0x00, 0x00, 0x00, 0x00, 0x00, 0x00, 0x00,
    0x00, 0x00, 0x00, 0x00, 0x00, 0x01, 0x82, 0xf7, 0xf5, 0xff, 0xff, 0xff, 0xff, 0xff, 0xff, 0xff,
    0xff, 0xff, 0xff, 0xff, 0xff, 0xff, 0xff, 0xff, 0xff, 0xff, 0xf9, 0xfd, 0x7b, 0x04, 0x00, 0x00,
    0x00, 0x00, 0x00, 0x00, 0x00, 0x00, 0x00, 0x00, 0x00, 0x00, 0x00, 0x00, 0x00, 0x00, 0x00, 0x00,
    0x00, 0x00, 0x00, 0x00, 0x00, 0x00, 0x00, 0x00, 0x00, 0x00, 0x00, 0x00, 0x00, 0x00, 0x00, 0x00,
    0x00, 0x00, 0x00, 0x00, 0x00, 0x26, 0xba, 0xfd, 0xfd, 0xff, 0xff, 0xff, 0xff, 0xff, 0xff, 0xff,
    0xff, 0xff, 0xff, 0xff, 0xff, 0xff, 0xff, 0xff, 0xff, 0xff, 0xff, 0xfb, 0xf7, 0x9b, 0x00, 0x00,
    0x00, 0x00, 0x00, 0x00, 0x00, 0x00, 0x00, 0x00, 0x00, 0x08, 0x1c, 0x00, 0x00, 0x00, 0x00, 0x00,
    0x00, 0x00, 0x00, 0x00, 0x00, 0x00, 0x00, 0x00, 0x00, 0x00, 0x00, 0x00, 0x00, 0x00, 0x00, 0x00,
    0x00, 0x00, 0x00, 0x06, 0x78, 0xff, 0xff, 0xff, 0xff, 0xff, 0xff, 0xff, 0xff, 0xff, 0xff, 0xff,
    0xff, 0xff, 0xff, 0xff, 0xff, 0xff, 0xff, 0xff, 0xff, 0xff, 0xff, 0xfb, 0xff, 0xb2, 0x00, 0x00,
    0x00, 0x00, 0x00, 0x00, 0x00, 0x00, 0x00, 0x00, 0x00, 0x10, 0xe9, 0x01, 0x00, 0x00, 0x00, 0x00,
    0x00, 0x00, 0x00, 0x00, 0x00, 0x00, 0x00, 0x00, 0x00, 0x00, 0x00, 0x00, 0x00, 0x00, 0x00, 0x00,
    0x00, 0x49, 0xb5, 0xf7, 0xff, 0xf7, 0xfd, 0xff, 0xff, 0xff, 0xff, 0xff, 0xff, 0xff, 0xff, 0xff,
    0xff, 0xff, 0xff, 0xff, 0xff, 0xff, 0xff, 0xff, 0xff, 0xff, 0xff, 0xf7, 0xff, 0x73, 0x00, 0x00,
    0x00, 0x00, 0x00, 0x00, 0x00, 0x00, 0x00, 0x00, 0x00, 0x2f, 0xff, 0x25, 0x00, 0x00, 0x00, 0x00,
    0x00, 0x00, 0x00, 0x00, 0x00, 0x00, 0x00, 0x00, 0x00, 0x00, 0x00, 0x00, 0x00, 0x00, 0x00, 0x00,
    0x00, 0x11, 0x6c, 0xdc, 0xff, 0xff, 0xff, 0xff, 0xff, 0xff, 0xff, 0xff, 0xff, 0xff, 0xff, 0xff,
    0xff, 0xff, 0xff, 0xff, 0xff, 0xff, 0xff, 0xff, 0xff, 0xff, 0xff, 0xf7, 0xff, 0x4b, 0x00, 0x00,
    0x00, 0x00, 0x00, 0x00, 0x00, 0x00, 0x00, 0x00, 0x08, 0xd3, 0xfd, 0x62, 0x00, 0x00, 0x00, 0x00,
    0x00, 0x00, 0x00, 0x00, 0x00, 0x00, 0x00, 0x00, 0x00, 0x00, 0x00, 0x00, 0x00, 0x00, 0x00, 0x00,
    0x00, 0x00, 0x00, 0x02, 0x0f, 0x66, 0xff, 0xfb, 0xff, 0xff, 0xff, 0xff, 0xff, 0xff, 0xff, 0xff,
    0xff, 0xff, 0xff, 0xff, 0xff, 0xff, 0xff, 0xff, 0xff, 0xff, 0xff, 0xfb, 0xff, 0xa2, 0x00, 0x00,
    0x00, 0x00, 0x00, 0x00, 0x00, 0x00, 0x03, 0x42, 0xe4, 0xff, 0xff, 0x85, 0x00, 0x00, 0x00, 0x00,
    0x00, 0x00, 0x00, 0x00, 0x00, 0x00, 0x00, 0x00, 0x00, 0x00, 0x00, 0x00, 0x00, 0x00, 0x00, 0x00,
    0x00, 0x00, 0x00, 0x00, 0x05, 0xd1, 0xfb, 0xfd, 0xff, 0xff, 0xff, 0xff, 0xff, 0xff, 0xff, 0xff,
    0xff, 0xff, 0xff, 0xff, 0xff, 0xff, 0xff, 0xff, 0xff, 0xff, 0xff, 0xff, 0xfb, 0xff, 0x88, 0x01,
    0x00, 0x00, 0x00, 0x00, 0x00, 0x40, 0xde, 0xff, 0xff, 0xf5, 0xff, 0x75, 0x00, 0x00, 0x00, 0x00,
    0x00, 0x00, 0x00, 0x00, 0x00, 0x00, 0x00, 0x00, 0x00, 0x00, 0x00, 0x00, 0x00, 0x00, 0x00, 0x00,
    0x00, 0x00, 0x00, 0x00, 0xb0, 0xff, 0xfb, 0xff, 0xff, 0xff, 0xff, 0xff, 0xff, 0xff, 0xff, 0xff,
    0xff, 0xff, 0xff, 0xff, 0xff, 0xff, 0xff, 0xff, 0xff, 0xff, 0xff, 0xff, 0xff, 0xf5, 0xff, 0x5e,
    0x00, 0x00, 0x00, 0x01, 0x8e, 0xff, 0xff, 0xf7, 0xfd, 0xf7, 0xff, 0x43, 0x00, 0x00, 0x00, 0x00,
    0x00, 0x00, 0x00, 0x00, 0x00, 0x00, 0x00, 0x00, 0x00, 0x00, 0x00, 0x00, 0x00, 0x00, 0x00, 0x00,
    0x00, 0x00, 0x00, 0x5b, 0xff, 0xff, 0xff, 0xff, 0xff, 0xff, 0xff, 0xff, 0xff, 0xff, 0xff, 0xff,
    0xff, 0xff, 0xff, 0xff, 0xff, 0xff, 0xff, 0xff, 0xff, 0xff, 0xff, 0xff, 0xff, 0xf9, 0xf9, 0x95,
    0x00, 0x00, 0x00, 0x71, 0xff, 0xf3, 0xfd, 0xff, 0xff, 0xf9, 0xff, 0x09, 0x00, 0x00, 0x00, 0x00,
    0x00, 0x00, 0x00, 0x00, 0x00, 0x00, 0x00, 0x00, 0x00, 0x00, 0x00, 0x00, 0x00, 0x00, 0x00, 0x00,
    0x00, 0x00, 0x04, 0x8f, 0x49, 0x4a, 0xff, 0xfd, 0xff, 0xff, 0xff, 0xff, 0xff, 0xff, 0xff, 0xff,
    0xff, 0xff, 0xff, 0xff, 0xff, 0xff, 0xff, 0xff, 0xff, 0xff, 0xfd, 0xf9, 0xfb, 0xf3, 0xff, 0x4f,
    0x00, 0x00, 0x0d, 0xff, 0xf7, 0xff, 0xff, 0xff, 0xf5, 0xff, 0x61, 0x00, 0x00, 0x00, 0x00, 0x00,
    0x00, 0x00, 0x00, 0x00, 0x00, 0x00, 0x00, 0x00, 0x00, 0x00, 0x00, 0x00, 0x00, 0x00, 0x00, 0x00,
    0x00, 0x00, 0x00, 0x00, 0x00, 0x0d, 0xfd, 0xf7, 0xff, 0xff, 0xff, 0xff, 0xff, 0xff, 0xff, 0xff,
    0xff, 0xff, 0xff, 0xff, 0xff, 0xff, 0xff, 0xff, 0xff, 0xff, 0xff, 0xff, 0xff, 0xff, 0xe6, 0x04,
    0x00, 0x00, 0x57, 0xfd, 0xf7, 0xff, 0xff, 0xf5, 0xff, 0xaa, 0x01, 0x00, 0x00, 0x00, 0x00, 0x00,
    0x00, 0x00, 0x00, 0x00, 0x00, 0x00, 0x00, 0x00, 0x00, 0x00, 0x00, 0x00, 0x00, 0x00, 0x22, 0x20,
    0x02, 0x00, 0x00, 0x00, 0x00, 0x24, 0xff, 0xff, 0xff, 0xff, 0xff, 0xff, 0xff, 0xff, 0xff, 0xff,
    0xff, 0xff, 0xff, 0xff, 0xfd, 0xff, 0xff, 0xff, 0xfd, 0xfb, 0x1b, 0x1c, 0xa3, 0xba, 0x10, 0x00,
    0x00, 0x00, 0xa2, 0xff, 0xfb, 0xff, 0xf7, 0xff, 0xc7, 0x04, 0x00, 0x00, 0x00, 0x00, 0x00, 0x00,
    0x00, 0x00, 0x00, 0x00, 0x00, 0x00, 0x00, 0x00, 0x00, 0x00, 0x00, 0x00, 0x00, 0x00, 0x0d, 0xf3,
    0xda, 0x62, 0x07, 0x00, 0x00, 0x10, 0xed, 0x5f, 0xfd, 0xfd, 0xff, 0xff, 0xff, 0xff, 0xff, 0xff,
    0xff, 0xff, 0xff, 0xff, 0xff, 0xfb, 0xff, 0xfd, 0xff, 0xd3, 0x00, 0x00, 0x00, 0x00, 0x00, 0x00,
    0x00, 0x00, 0xca, 0xff, 0xfb, 0xf9, 0xff, 0x8e, 0x01, 0x00, 0x00, 0x00, 0x00, 0x00, 0x00, 0x00,
    0x00, 0x00, 0x00, 0x00, 0x00, 0x00, 0x00, 0x00, 0x00, 0x00, 0x00, 0x03, 0x09, 0x0e, 0x0a, 0x52,
    0xff, 0xff, 0xef, 0x1c, 0x0b, 0x39, 0x09, 0x1d, 0xfd, 0xf5, 0xff, 0xff, 0xff, 0xff, 0xff, 0xff,
    0xff, 0xff, 0xff, 0xfd, 0xc0, 0xff, 0xf9, 0xfd, 0xfd, 0xef, 0x0d, 0x00, 0x00, 0x00, 0x00, 0x00,
    0x00, 0x00, 0xb2, 0xff, 0xf7, 0xff, 0x3d, 0x01, 0x1e, 0x5c, 0x00, 0x00, 0x00, 0x00, 0x00, 0x00,
    0x00, 0x00, 0x00, 0x00, 0x00, 0x00, 0x00, 0x00, 0x04, 0x44, 0xb2, 0xed, 0xff, 0xff, 0xff, 0xfd,
    0xfb, 0xf7, 0xff, 0xf3, 0x86, 0xfb, 0x02, 0x0d, 0xff, 0xff, 0xff, 0xff, 0xff, 0xff, 0xff, 0xff,
    0xff, 0xff, 0xf7, 0xff, 0x35, 0x42, 0xff, 0xfd, 0xf3, 0xff, 0xe2, 0x01, 0x00, 0x00, 0x00, 0x00,
    0x00, 0x00, 0x62, 0xfd, 0xff, 0x4f, 0x14, 0xc5, 0xff, 0x3f, 0x00, 0x00, 0x00, 0x00, 0x00, 0x00,
    0x00, 0x00, 0x00, 0x00, 0x00, 0x00, 0x00, 0x00, 0x1d, 0x73, 0x97, 0xed, 0xfd, 0xfb, 0xfb, 0xff,
    0xff, 0xff, 0xfd, 0xff, 0xff, 0xff, 0x9d, 0x00, 0xcc, 0xd5, 0xfd, 0xfd, 0xff, 0xff, 0xff, 0xff,
    0xff, 0xff, 0xfb, 0xff, 0xb9, 0x00, 0x40, 0xf3, 0xff, 0xfb, 0x3e, 0x00, 0x00, 0x00, 0x00, 0x00,
    0x00, 0x00, 0x0e, 0xff, 0xe2, 0x34, 0xff, 0xff, 0x68, 0x00, 0x00, 0x00, 0x00, 0x00, 0x00, 0x00,
    0x00, 0x00, 0x00, 0x00, 0x00, 0x00, 0x00, 0x00, 0x00, 0x00, 0x39, 0xda, 0xfb, 0xfd, 0xff, 0xff,
    0xff, 0xff, 0xff, 0xfd, 0xfd, 0xf7, 0xff, 0x35, 0x01, 0x17, 0xff, 0xf9, 0xff, 0xff, 0xff, 0xff,
    0xff, 0xff, 0xff, 0xf9, 0xff, 0x56, 0x00, 0x07, 0x1a, 0x08, 0x00, 0x00, 0x00, 0x00, 0x00, 0x00,
    0x00, 0x00, 0x00, 0x95, 0xeb, 0xce, 0xfb, 0x2f, 0x00, 0x00, 0x00, 0x00, 0x00, 0x00, 0x00, 0x00,
    0x00, 0x00, 0x00, 0x00, 0x00, 0x00, 0x00, 0x00, 0x38, 0xe4, 0xff, 0xff, 0xff, 0xff, 0xff, 0xff,
    0xff, 0xff, 0xff, 0xff, 0xff, 0xfd, 0xf9, 0xf1, 0x11, 0x06, 0xaa, 0xff, 0xfb, 0xff, 0xff, 0xff,
    0xff, 0xff, 0xff, 0xff, 0xf7, 0xff, 0x2c, 0x00, 0x00, 0x00, 0x00, 0x00, 0x00, 0x00, 0x00, 0x00,
    0x00, 0x00, 0x00, 0x1c, 0xff, 0xff, 0x3c, 0x00, 0x00, 0x00, 0x00, 0x00, 0x00, 0x00, 0x00, 0x00,
    0x00, 0x00, 0x00, 0x00, 0x00, 0x00, 0x00, 0x74, 0xff, 0xff, 0xf7, 0xff, 0xff, 0xff, 0xff, 0xff,
    0xff, 0xff, 0xff, 0xff, 0xff, 0xff, 0xfd, 0xff, 0xff, 0xf1, 0xe6, 0xff, 0xff, 0xff, 0xff, 0xff,
    0xff, 0xff, 0xff, 0xff, 0xfd, 0xf9, 0xf3, 0x09, 0x00, 0x00, 0x00, 0x00, 0x00, 0x00, 0x00, 0x00,
    0x00, 0x00, 0x00, 0x00, 0xb5, 0xf9, 0x08, 0x00, 0x00, 0x00, 0x00, 0x00, 0x00, 0x00, 0x00, 0x00,
    0x00, 0x00, 0x00, 0x00, 0x00, 0x00, 0x7b, 0xff, 0xf3, 0xfd, 0xff, 0xff, 0xff, 0xff, 0xff, 0xff,
    0xff, 0xff, 0xff, 0xff, 0xff, 0xff, 0xff, 0xfd, 0xff, 0xff, 0xff, 0xff, 0xff, 0xff, 0xff, 0xff,
    0xff, 0xff, 0xff, 0xff, 0xff, 0xf9, 0xff, 0x94, 0x00, 0x00, 0x00, 0x00, 0x00, 0x00, 0x00, 0x00,
    0x00, 0x00, 0x00, 0x00, 0x1b, 0xff, 0x34, 0x00, 0x00, 0x00, 0x00, 0x00, 0x00, 0x00, 0x00, 0x00,
    0x00, 0x00, 0x00, 0x00, 0x00, 0x29, 0xaa, 0x79, 0xfb, 0xfb, 0xff, 0xff, 0xff, 0xff, 0xff, 0xff,
    0xff, 0xff, 0xff, 0xff, 0xff, 0xff, 0xff, 0xff, 0xfd, 0xfd, 0xff, 0xff, 0xff, 0xff, 0xff, 0xff,
    0xff, 0xff, 0xff, 0xff, 0xff, 0xff, 0xfb, 0xff, 0x0e, 0x00, 0x00, 0x00, 0x00, 0x00, 0x00, 0x00,
    0x00, 0x00, 0x00, 0x00, 0x00, 0x8f, 0xda, 0x01, 0x00, 0x00, 0x00, 0x00, 0x00, 0x00, 0x00, 0x00,
    0x00, 0x00, 0x00, 0x00, 0x00, 0x05, 0x03, 0xbc, 0xfd, 0xfb, 0xff, 0xff, 0xff, 0xff, 0xff, 0xff,
    0xff, 0xff, 0xff, 0xff, 0xff, 0xff, 0xff, 0xff, 0xff, 0xff, 0xff, 0xff, 0xff, 0xff, 0xff, 0xff,
    0xff, 0xff, 0xff, 0xff, 0xff, 0xff, 0xf7, 0xfd, 0x58, 0x00, 0x00, 0x00, 0x00, 0x13, 0x47, 0x07,
    0x38, 0x0f, 0x00, 0x00, 0x00, 0x05, 0xfd, 0x5b, 0x04, 0x2a, 0x00, 0x00, 0x00, 0x00, 0x00, 0x00,
    0x00, 0x00, 0x00, 0x00, 0x00, 0x00, 0x92, 0xff, 0xf9, 0xff, 0xff, 0xff, 0xff, 0xff, 0xff, 0xff,
    0xff, 0xff, 0xff, 0xff, 0xff, 0xff, 0xff, 0xff, 0xff, 0xff, 0xff, 0xff, 0xff, 0xff, 0xff, 0xff,
    0xff, 0xff, 0xff, 0xff, 0xff, 0xff, 0xf9, 0xff, 0xa5, 0x00, 0x00, 0x00, 0x00, 0xa6, 0xff, 0xed,
    0xff, 0x80, 0x00, 0x00, 0x00, 0x00, 0x3f, 0xff, 0x8b, 0xa3, 0x00, 0x00, 0x00, 0x00, 0x00, 0x00,
    0x00, 0x00, 0x00, 0x00, 0x00, 0x2b, 0xff, 0xf7, 0xff, 0xff, 0xff, 0xff, 0xff, 0xff, 0xff, 0xff,
    0xff, 0xff, 0xff, 0xff, 0xff, 0xff, 0xff, 0xff, 0xff, 0xff, 0xff, 0xff, 0xff, 0xff, 0xff, 0xff,
    0xff, 0xff, 0xff, 0xff, 0xff, 0xff, 0xfb, 0xff, 0xcf, 0x03, 0x00, 0x00, 0x0f, 0xe4, 0xf3, 0xff,
    0xe0, 0x31, 0x16, 0x00, 0x00, 0x00, 0x01, 0xd5, 0xff, 0xb2, 0x00, 0x00, 0x00, 0x00, 0x00, 0x00,
    0x00, 0x00, 0x00, 0x00, 0x00, 0xcc, 0xfd, 0xfb, 0xff, 0xff, 0xff, 0xff, 0xff, 0xff, 0xff, 0xff,
    0xff, 0xff, 0xff, 0xff, 0xff, 0xff, 0xff, 0xff, 0xff, 0xff, 0xff, 0xff, 0xff, 0xff, 0xff, 0xff,
    0xff, 0xff, 0xff, 0xff, 0xff, 0xff, 0xff, 0xff, 0xfb, 0xe6, 0x82, 0x68, 0xef, 0xff, 0xfd, 0xff,
    0xff, 0xff, 0xff, 0x30, 0x00, 0x00, 0x00, 0x5c, 0xfb, 0xbe, 0x00, 0x00, 0x00, 0x00, 0x00, 0x00,
    0x00, 0x00, 0x00, 0x00, 0x17, 0xf7, 0xfb, 0xff, 0xff, 0xff, 0xff, 0xff, 0xff, 0xff, 0xff, 0xff,
    0xff, 0xff, 0xff, 0xff, 0xff, 0xff, 0xff, 0xff, 0xff, 0xff, 0xff, 0xff, 0xff, 0xff, 0xff, 0xff,
    0xff, 0xff, 0xff, 0xff, 0xff, 0xff, 0xff, 0xff, 0xff, 0xff, 0xff, 0xff, 0xff, 0xf7, 0xf9, 0xf5,
    0xf9, 0x5d, 0x62, 0x86, 0x00, 0x00, 0x00, 0x1e, 0xff, 0xe2, 0x02, 0x00, 0x00, 0x00, 0x00, 0x00,
    0x00, 0x00, 0x00, 0x00, 0x05, 0x8f, 0xff, 0xf9, 0xff, 0xff, 0xff, 0xff, 0xff, 0xff, 0xff, 0xff,
    0xff, 0xff, 0xff, 0xff, 0xff, 0xff, 0xff, 0xff, 0xff, 0xff, 0xff, 0xff, 0xff, 0xff, 0xff, 0xff,
    0xff, 0xff, 0xff, 0xff, 0xff, 0xff, 0xff, 0xff, 0xff, 0xfd, 0xf9, 0xf7, 0xfb, 0xff, 0xff, 0xff,
    0xff, 0x63, 0x00, 0x01, 0x00, 0x00, 0x00, 0x0b, 0xff, 0xff, 0x0e, 0x00, 0x00, 0x00, 0x00, 0x00,
    0x00, 0x00, 0x00, 0x00, 0x00, 0xc0, 0xff, 0xfb, 0xff, 0xff, 0xff, 0xff, 0xff, 0xff, 0xff, 0xff,
    0xff, 0xff, 0xff, 0xff, 0xff, 0xff, 0xff, 0xff, 0xff, 0xff, 0xff, 0xff, 0xff, 0xff, 0xff, 0xff,
    0xff, 0xff, 0xff, 0xff, 0xff, 0xfd, 0xfb, 0xff, 0xff, 0xff, 0xff, 0xf9, 0xff, 0x42, 0x18, 0x28,
    0x88, 0xff, 0x03, 0x00, 0x00, 0x00, 0x00, 0x0a, 0xff, 0xff, 0x1a, 0x00, 0x00, 0x00, 0x00, 0x00,
    0x00, 0x00, 0x00, 0x00, 0x05, 0xfb, 0xff, 0xfd, 0xff, 0xff, 0xff, 0xff, 0xff, 0xff, 0xff, 0xff,
    0xff, 0xff, 0xff, 0xff, 0xff, 0xff, 0xff, 0xff, 0xff, 0xff, 0xff, 0xff, 0xff, 0xff, 0xff, 0xff,
    0xff, 0xff, 0xff, 0xff, 0xfb, 0xff, 0xff, 0xfb, 0xfd, 0xff, 0xf9, 0xff, 0x95, 0x00, 0x00, 0x00,
    0x00, 0x27, 0x00, 0x00, 0x00, 0x02, 0x00, 0x14, 0xff, 0xf9, 0x49, 0x08, 0x00, 0x00, 0x00, 0x00,
    0x00, 0x00, 0x00, 0x00, 0x0b, 0xff, 0xfd, 0xff, 0xff, 0xff, 0xff, 0xff, 0xff, 0xff, 0xff, 0xff,
    0xff, 0xff, 0xff, 0xfd, 0xfb, 0xff, 0xff, 0xff, 0xff, 0xff, 0xff, 0xff, 0xff, 0xff, 0xff, 0xff,
    0xff, 0xff, 0xfb, 0xf7, 0xff, 0xf5, 0xce, 0xff, 0xff, 0xf5, 0xfb, 0xa5, 0x03, 0x00, 0x00, 0x00,
    0x00, 0x00, 0x00, 0x00, 0x00, 0x54, 0x17, 0x30, 0xff, 0xef, 0xf7, 0x20, 0x00, 0x00, 0x00, 0x00,
    0x00, 0x00, 0x00, 0x00, 0x09, 0xff, 0xfd, 0xff, 0xff, 0xff, 0xff, 0xff, 0xff, 0xff, 0xff, 0xff,
    0xff, 0xff, 0xfd, 0xff, 0xff, 0xff, 0xff, 0xff, 0xff, 0xff, 0xff, 0xff, 0xff, 0xff, 0xff, 0xff,
    0xff, 0xff, 0xff, 0xff, 0xca, 0x11, 0x03, 0xa3, 0xc8, 0xff, 0xca, 0x01, 0x00, 0x00, 0x00, 0x00,
    0x00, 0x00, 0x00, 0x00, 0x00, 0x55, 0xc1, 0xab, 0xff, 0xfb, 0xfd, 0x06, 0x00, 0x00, 0x00, 0x00,
    0x00, 0x00, 0x00, 0x00, 0x02, 0xf3, 0xff, 0xfd, 0xff, 0xff, 0xff, 0xff, 0xff, 0xff, 0xff, 0xff,
    0xff, 0xf7, 0xff, 0x66, 0x6f, 0xff, 0xf9, 0xff, 0xff, 0xff, 0xfd, 0xff, 0xff, 0xff, 0xff, 0xff,
    0xfd, 0xff, 0xc3, 0x43, 0x02, 0x00, 0x00, 0x00, 0x01, 0x26, 0x2b, 0x00, 0x00, 0x00, 0x00, 0x00,
    0x00, 0x00, 0x00, 0x00, 0x00, 0x74, 0xff, 0xff, 0xf9, 0xfd, 0xa2, 0x00, 0x00, 0x00, 0x00, 0x00,
    0x00, 0x00, 0x00, 0x00, 0x00, 0x7f, 0xeb, 0xfd, 0xfd, 0xff, 0xff, 0xff, 0xff, 0xff, 0xff, 0xff,
    0xf5, 0xff, 0xeb, 0x02, 0x02, 0xf3, 0xfd, 0xfd, 0xff, 0xf9, 0xff, 0xf9, 0xfd, 0xff, 0xff, 0xfb,
    0xfd, 0x2f, 0x00, 0x00, 0x00, 0x00, 0x00, 0x00, 0x00, 0x00, 0x00, 0x00, 0x00, 0x00, 0x00, 0x00,
    0x00, 0x00, 0x00, 0x00, 0x01, 0xdc, 0xfd, 0xfb, 0xf9, 0xff, 0x1e, 0x00, 0x00, 0x00, 0x00, 0x00,
    0x00, 0x00, 0x00, 0x00, 0x00, 0x03, 0x4c, 0xff, 0xf7, 0xff, 0xff, 0xff, 0xff, 0xff, 0xff, 0xfd,
    0xff, 0xdc, 0x14, 0x00, 0x0e, 0xf7, 0xfd, 0xff, 0xff, 0xff, 0xf7, 0xff, 0xff, 0xf9, 0xff, 0xfb,
    0xfd, 0xab, 0x01, 0x00, 0x00, 0x00, 0x00, 0x00, 0x00, 0x00, 0x00, 0x00, 0x00, 0x00, 0x00, 0x00,
    0x00, 0x00, 0x00, 0x00, 0x31, 0xff, 0xf9, 0xf9, 0xff, 0xa2, 0x00, 0x00, 0x00, 0x00, 0x00, 0x00,
    0x00, 0x00, 0x00, 0x00, 0x00, 0x00, 0x03, 0xed, 0xfb, 0xfd, 0xff, 0xff, 0xff, 0xff, 0xfd, 0xf9,
    0x4c, 0x03, 0x00, 0x00, 0xaa, 0xff, 0xf9, 0xfb, 0xff, 0x70, 0x08, 0x4f, 0xed, 0xff, 0xfb, 0xff,
    0xf9, 0xff, 0x91, 0x00, 0x00, 0x00, 0x00, 0x00, 0x00, 0x00, 0x00, 0x00, 0x00, 0x00, 0x00, 0x00,
    0x00, 0x00, 0x04, 0x03, 0xde, 0xfb, 0xfb, 0xff, 0xef, 0x09, 0x00, 0x00, 0x00, 0x00, 0x00, 0x00,
    0x00, 0x00, 0x00, 0x00, 0x00, 0x00, 0x00, 0x41, 0xff, 0xf5, 0xff, 0xff, 0xff, 0xff, 0xfb, 0xfd,
    0x4f, 0x00, 0x00, 0x00, 0x8c, 0xff, 0xfd, 0xf9, 0xff, 0x20, 0x00, 0x00, 0x07, 0x67, 0xff, 0xfd,
    0xff, 0xf7, 0xff, 0x4b, 0x00, 0x00, 0x00, 0x00, 0x00, 0x00, 0x00, 0x00, 0x00, 0x00, 0x00, 0x00,
    0x00, 0x7c, 0x49, 0x97, 0xff, 0xfb, 0xfb, 0xeb, 0x41, 0x00, 0x00, 0x00, 0x00, 0x00, 0x00, 0x00,
    0x00, 0x00, 0x00, 0x00, 0x00, 0x00, 0x00, 0x00, 0x9d, 0xff, 0xf7, 0xff, 0xff, 0xff, 0xff, 0xfd,
    0xff, 0x9a, 0x0f, 0x00, 0x00, 0x4d, 0xff, 0xf7, 0xfb, 0xf5, 0x33, 0x00, 0x00, 0x00, 0x3c, 0xff,
    0xf9, 0xff, 0xf9, 0xff, 0x3b, 0x12, 0x0e, 0x05, 0x05, 0x16, 0x45, 0x02, 0x00, 0x00, 0x00, 0x18,
    0xab, 0xff, 0xeb, 0xff, 0xfd, 0xfd, 0xf5, 0xf3, 0x91, 0x02, 0x00, 0x00, 0x00, 0x00, 0x00, 0x00,
    0x00, 0x00, 0x00, 0x00, 0x00, 0x00, 0x00, 0x00, 0x03, 0xc5, 0xff, 0xfb, 0xff, 0xff, 0xff, 0xff,
    0xf9, 0xff, 0xff, 0xab, 0x66, 0x64, 0xfb, 0xfb, 0xfd, 0xff, 0xff, 0xc0, 0x77, 0x66, 0x8c, 0xfb,
    0xfd, 0xff, 0xff, 0xfd, 0xff, 0xff, 0xff, 0xf9, 0xf3, 0xff, 0xfb, 0x66, 0x56, 0x6c, 0xb4, 0xff,
    0xff, 0xf9, 0xff, 0xf5, 0xf7, 0xff, 0xff, 0xc3, 0x09, 0x00, 0x00, 0x00, 0x00, 0x00, 0x00, 0x00,
    0x00, 0x00, 0x00, 0x00, 0x00, 0x00, 0x00, 0x00, 0x00, 0x05, 0xba, 0xfb, 0xfb, 0xff, 0xff, 0xff,
    0xff, 0xf9, 0xfd, 0xff, 0xff, 0xff, 0xff, 0xff, 0xff, 0xf9, 0xf3, 0xff, 0xff, 0xff, 0xff, 0xff,
    0xff, 0xff, 0xfd, 0xff, 0xf9, 0xf7, 0xf9, 0xff, 0xff, 0xf5, 0xf9, 0xff, 0xff, 0xff, 0xff, 0xfb,
    0xf7, 0xfb, 0xff, 0xff, 0xff, 0xf3, 0x61, 0x02, 0x00, 0x00, 0x00, 0x00, 0x00, 0x00, 0x00, 0x00,
    0x00, 0x00, 0x00, 0x00, 0x00, 0x00, 0x00, 0x00, 0x00, 0x00, 0x29, 0xff, 0xef, 0xfd, 0xfb, 0xf9,
    0xf9, 0xff, 0xf7, 0xff, 0xff, 0xfd, 0xde, 0xbc, 0xe4, 0xff, 0xff, 0xff, 0xff, 0xff, 0xff, 0xb5,
    0xf7, 0xfb, 0xff, 0xf9, 0xfd, 0xff, 0xff, 0xf5, 0xf5, 0xff, 0xff, 0xfb, 0xf3, 0xf1, 0xf5, 0xfb,
    0xff, 0xff, 0xd9, 0x91, 0x3a, 0x06, 0x00, 0x00, 0x00, 0x00, 0x00, 0x00, 0x00, 0x00, 0x00, 0x00,
    0x00, 0x00, 0x00, 0x00, 0x00, 0x00, 0x00, 0x00, 0x02, 0x02, 0x10, 0xf9, 0xff, 0xff, 0xff, 0xff,
    0xff, 0xff, 0xff, 0x62, 0x27, 0x23, 0x14, 0x0d, 0x14, 0x41, 0x7b, 0x89, 0x95, 0x49, 0x4c, 0x17,
    0xbe, 0xff, 0xe4, 0xff, 0xff, 0x9a, 0xb2, 0xc7, 0x1a, 0x44, 0xa2, 0xed, 0xff, 0xff, 0xff, 0xff,
    0xaf, 0x2d, 0x09, 0x01, 0x00, 0x00, 0x00, 0x00, 0x00, 0x00, 0x00, 0x00, 0x00, 0x00, 0x00, 0x00,
    0x00, 0x00, 0x00, 0x00, 0x00, 0x00, 0x00, 0x00, 0x00, 0x01, 0x02, 0x21, 0x74, 0xc7, 0x92, 0x1f,
    0x91, 0x5e, 0x26, 0x0d, 0x00, 0x01, 0x01, 0x01, 0x01, 0x00, 0x01, 0x01, 0x02, 0x03, 0x02, 0x03,
    0x1a, 0xb5, 0x1b, 0x66, 0xf9, 0x4d, 0x02, 0x0d, 0x01, 0x01, 0x02, 0x09, 0x1b, 0x2e, 0x2b, 0x13,
    0x02, 0x00, 0x00, 0x01, 0x00, 0x00, 0x00, 0x00, 0x00, 0x00, 0x00, 0x00, 0x00, 0x00, 0x00, 0x00,
    0x00, 0x00, 0x00, 0x00, 0x00, 0x00, 0x00, 0x00, 0x00, 0x00, 0x00, 0x00, 0x00, 0x01, 0x01, 0x00,
    0x00, 0x00, 0x00, 0x00, 0x00, 0x00, 0x00, 0x00, 0x00, 0x00, 0x00, 0x00, 0x00, 0x00, 0x00, 0x00,
    0x00, 0x00, 0x00, 0x00, 0x0a, 0x05, 0x00, 0x00, 0x00, 0x00, 0x00, 0x00, 0x00, 0x00, 0x00, 0x00,
    0x00, 0x00, 0x00, 0x00, 0x00, 0x00, 0x00, 0x00, 0x00, 0x00, 0x00, 0x00, 0x00, 0x00, 0x00, 0x00,
    0x00, 0x00, 0x00, 0x00, 0x00, 0x00, 0x00, 0x00, 0x00, 0x00, 0x00, 0x00, 0x00, 0x00, 0x00, 0x00,
    0x00, 0x00, 0x00, 0x00, 0x00, 0x00, 0x00, 0x00, 0x00, 0x00, 0x00, 0x00, 0x00, 0x00, 0x00, 0x00,
    0x00, 0x00, 0x00, 0x00, 0x00, 0x00, 0x00, 0x00, 0x00, 0x00, 0x00, 0x00, 0x00, 0x00, 0x00, 0x00,
    0x00, 0x00, 0x00, 0x00, 0x00, 0x00, 0x00, 0x00, 0x00, 0x00, 0x00, 0x00, 0x00, 0x00, 0x00, 0x00,
    0x00, 0x00, 0x00, 0x00, 0x00, 0x00, 0x00, 0x00, 0x00, 0x00, 0x00, 0x00, 0x00, 0x00, 0x00, 0x00,
    0x00, 0x00, 0x00, 0x00, 0x00, 0x00, 0x00, 0x00, 0x00, 0x00, 0x00, 0x00, 0x00, 0x00, 0x00, 0x00,
    0x00, 0x00, 0x00, 0x00, 0x00, 0x00, 0x00, 0x00, 0x00, 0x00, 0x00, 0x00, 0x00, 0x00, 0x00, 0x00,
    0x00, 0x00, 0x00, 0x00, 0x00, 0x00, 0x00, 0x00, 0x00, 0x00, 0x00, 0x00, 0x00, 0x00, 0x00, 0x00,
    0x00, 0x00, 0x00, 0x00, 0x00, 0x00, 0x00, 0x00, 0x00, 0x00, 0x00, 0x00, 0x00, 0x00, 0x00, 0x00,
    0x00, 0x00, 0x00, 0x00, 0x00, 0x00, 0x00, 0x00, 0x00, 0x00, 0x00, 0x00, 0x00, 0x00, 0x00, 0x00,
    0x00, 0x00, 0x00, 0x00, 0x00, 0x00, 0x00, 0x00, 0x00, 0x00, 0x00, 0x00, 0x00, 0x00, 0x00, 0x00,
    0x00, 0x00, 0x00, 0x00, 0x00, 0x00, 0x00, 0x00, 0x00, 0x00, 0x00, 0x00, 0x00, 0x00, 0x00, 0x00,
    0x00, 0x00, 0x00, 0x00, 0x00, 0x00, 0x00, 0x00, 0x00, 0x00, 0x00, 0x00, 0x00, 0x00, 0x00, 0x00,
    0x00, 0x00, 0x00, 0x00, 0x00, 0x00, 0x00, 0x00, 0x00, 0x00, 0x00, 0x00, 0x00, 0x00, 0x00, 0x00,
    0x00, 0x00, 0x00, 0x00, 0x00, 0x00, 0x00, 0x00, 0x00, 0x00, 0x00, 0x00, 0x00, 0x00, 0x00, 0x00,
    0x00, 0x00, 0x00, 0x00, 0x00, 0x00, 0x00, 0x00, 0x00, 0x00, 0x00, 0x00, 0x00, 0x00, 0x00, 0x00,
};

const lv_image_dsc_t play_frame_1_dsc = {
    .header.w = 64,
    .header.h = 64,
    .header.cf = LV_COLOR_FORMAT_RGB565A8,
    .data_size = 12288,
    .data = play_frame_1_data,
};

/* Frame 2: frame_002.png */
static const uint8_t play_frame_2_data[] = {
    0x00, 0x00, 0x00, 0x00, 0x00, 0x00, 0x00, 0x00, 0x00, 0x00, 0x00, 0x00, 0x00, 0x00, 0x00, 0x00,
    0x00, 0x00, 0x00, 0x00, 0x00, 0x00, 0x00, 0x00, 0x00, 0x00, 0x00, 0x00, 0x00, 0x00, 0x00, 0x00,
    0x00, 0x00, 0x00, 0x00, 0x00, 0x00, 0x00, 0x00, 0x00, 0x00, 0x00, 0x00, 0x00, 0x00, 0x00, 0x00,
    0x00, 0x00, 0x00, 0x00, 0x00, 0x00, 0x00, 0x00, 0x00, 0x00, 0xa1, 0x00, 0x20, 0x00, 0x00, 0x00,
    0x00, 0x00, 0x00, 0x00, 0x00, 0x00, 0x00, 0x00, 0x00, 0x00, 0x00, 0x00, 0x00, 0x00, 0x00, 0x00,
    0x00, 0x00, 0x00, 0x00, 0x00, 0x00, 0x00, 0x00, 0x00, 0x00, 0x00, 0x00, 0x00, 0x00, 0x00, 0x00,
    0x00, 0x00, 0x00, 0x00, 0x00, 0x00, 0x00, 0x00, 0x00, 0x00, 0x00, 0x00, 0x00, 0x00, 0x00, 0x00,
    0x00, 0x00, 0x00, 0x00, 0x00, 0x00, 0x00, 0x00, 0x00, 0x00, 0x00, 0x00, 0x00, 0x00, 0x00, 0x00,
    0x00, 0x00, 0x00, 0x00, 0x00, 0x00, 0x00, 0x00, 0x00, 0x00, 0x00, 0x00, 0x00, 0x00, 0x00, 0x00,
    0x00, 0x00, 0x00, 0x00, 0x00, 0x00, 0x00, 0x00, 0x00, 0x00, 0x00, 0x00, 0x00, 0x00, 0x00, 0x00,
    0x00, 0x00, 0x00, 0x00, 0x84, 0x00, 0xc2, 0x00, 0x00, 0x00, 0x00, 0x00, 0x00, 0x00, 0x00, 0x00,
    0x00, 0x00, 0x00, 0x00, 0x00, 0x00, 0x00, 0x00, 0x20, 0x00, 0x28, 0x00, 0xe2, 0x00, 0x00, 0x00,
    0x00, 0x00, 0x00, 0x00, 0x00, 0x00, 0x00, 0x00, 0x00, 0x00, 0x00, 0x00, 0x00, 0x00, 0x00, 0x00,
    0x00, 0x00, 0x00, 0x00, 0x00, 0x00, 0x00, 0x00, 0x00, 0x00, 0x00, 0x00, 0x00, 0x00, 0x00, 0x00,
    0x00, 0x00, 0x00, 0x00, 0x00, 0x00, 0x00, 0x00, 0x00, 0x00, 0x00, 0x00, 0x00, 0x00, 0x00, 0x00,
    0x00, 0x00, 0x00, 0x00, 0x00, 0x00, 0x00, 0x00, 0x00, 0x00, 0x00, 0x00, 0x00, 0x00, 0x00, 0x00,
    0x00, 0x00, 0x00, 0x00, 0x00, 0x00, 0x00, 0x00, 0x00, 0x00, 0x00, 0x00, 0x00, 0x00, 0x00, 0x00,
    0x00, 0x00, 0x00, 0x00, 0x00, 0x00, 0x00, 0x00, 0x00, 0x00, 0x00, 0x00, 0x00, 0x00, 0x00, 0x00,
    0x00, 0x00, 0x20, 0x00, 0x69, 0x00, 0xe4, 0x00, 0x00, 0x00, 0x00, 0x00, 0x00, 0x00, 0x00, 0x00,
    0x00, 0x00, 0x00, 0x00, 0x00, 0x00, 0x00, 0x00, 0x81, 0x00, 0xc9, 0x00, 0xc4, 0x00, 0x00, 0x00,
    0x00, 0x00, 0x00, 0x00, 0x00, 0x00, 0x00, 0x00, 0x00, 0x00, 0x00, 0x00, 0x00, 0x00, 0x00, 0x00,
    0x00, 0x00, 0x00, 0x00, 0x00, 0x00, 0x00, 0x00, 0x00, 0x00, 0x00, 0x00, 0x00, 0x00, 0x00, 0x00,
    0x00, 0x00, 0x00, 0x00, 0x00, 0x00, 0x00, 0x00, 0x00, 0x00, 0x00, 0x00, 0x00, 0x00, 0x00, 0x00,
    0x00, 0x00, 0x00, 0x00, 0x00, 0x00, 0x00, 0x00, 0x00, 0x00, 0x00, 0x00, 0x00, 0x00, 0x00, 0x00,
    0x00, 0x00, 0x00, 0x00, 0x00, 0x00, 0x00, 0x00, 0x00, 0x00, 0x00, 0x00, 0x00, 0x00, 0x00, 0x00,
    0x00, 0x00, 0x00, 0x00, 0x00, 0x00, 0x00, 0x00, 0x00, 0x00, 0x00, 0x00, 0x00, 0x00, 0x00, 0x00,
    0x00, 0x00, 0x81, 0x00, 0x68, 0x00, 0x86, 0x00, 0x00, 0x00, 0x00, 0x00, 0x00, 0x00, 0x00, 0x00,
    0x00, 0x00, 0x00, 0x00, 0x00, 0x00, 0x00, 0x00, 0x81, 0x00, 0x89, 0x00, 0x07, 0x00, 0x00, 0x00,
    0x00, 0x00, 0x00, 0x00, 0x00, 0x00, 0x00, 0x00, 0x00, 0x00, 0x00, 0x00, 0x00, 0x00, 0x00, 0x00,
    0x00, 0x00, 0x00, 0x00, 0x00, 0x00, 0x00, 0x00, 0x00, 0x00, 0x00, 0x00, 0x00, 0x00, 0x00, 0x00,
    0x00, 0x00, 0x00, 0x00, 0x00, 0x00, 0x00, 0x00, 0x00, 0x00, 0x00, 0x00, 0x00, 0x00, 0x00, 0x00,
    0x00, 0x00, 0x00, 0x00, 0x00, 0x00, 0x00, 0x00, 0x00, 0x00, 0x00, 0x00, 0x00, 0x00, 0x00, 0x00,
    0x00, 0x00, 0x00, 0x00, 0x00, 0x00, 0x00, 0x00, 0x00, 0x00, 0x00, 0x00, 0x00, 0x00, 0x00, 0x00,
    0x00, 0x00, 0x00, 0x00, 0x00, 0x00, 0x00, 0x00, 0x00, 0x00, 0x00, 0x00, 0x00, 0x00, 0x00, 0x00,
    0x00, 0x00, 0x61, 0x00, 0x07, 0x00, 0x89, 0x00, 0x20, 0x00, 0x00, 0x00, 0x00, 0x00, 0x00, 0x00,
    0x00, 0x00, 0x00, 0x00, 0x00, 0x00, 0x00, 0x00, 0x40, 0x00, 0xa6, 0x00, 0xe9, 0x00, 0x61, 0x00,
    0x00, 0x00, 0x00, 0x00, 0x00, 0x00, 0x00, 0x00, 0x00, 0x00, 0x00, 0x00, 0x00, 0x00, 0x00, 0x00,
    0x00, 0x00, 0x00, 0x00, 0x00, 0x00, 0x00, 0x00, 0x00, 0x00, 0x00, 0x00, 0x00, 0x00, 0x00, 0x00,
    0x00, 0x00, 0x00, 0x00, 0x00, 0x00, 0x00, 0x00, 0x00, 0x00, 0x00, 0x00, 0x00, 0x00, 0x00, 0x00,
    0x00, 0x00, 0x00, 0x00, 0x00, 0x00, 0x00, 0x00, 0x00, 0x00, 0x00, 0x00, 0x00, 0x00, 0x00, 0x00,
    0x00, 0x00, 0x00, 0x00, 0x00, 0x00, 0x00, 0x00, 0x00, 0x00, 0x00, 0x00, 0x00, 0x00, 0x00, 0x00,
    0x00, 0x00, 0x00, 0x00, 0x00, 0x00, 0x00, 0x00, 0x00, 0x00, 0x00, 0x00, 0x00, 0x00, 0x00, 0x00,
    0x00, 0x00, 0x20, 0x00, 0x66, 0x00, 0xea, 0x00, 0xc4, 0x00, 0x00, 0x00, 0x00, 0x00, 0x63, 0x00,
    0x40, 0x00, 0x00, 0x00, 0x00, 0x00, 0x00, 0x00, 0x00, 0x00, 0x84, 0x00, 0xe9, 0x00, 0x65, 0x00,
    0x00, 0x00, 0x00, 0x00, 0x61, 0x00, 0x40, 0x00, 0x00, 0x00, 0x00, 0x00, 0x00, 0x00, 0x00, 0x00,
    0x00, 0x00, 0x00, 0x00, 0x00, 0x00, 0x00, 0x00, 0x00, 0x00, 0x00, 0x00, 0x00, 0x00, 0x00, 0x00,
    0x00, 0x00, 0x00, 0x00, 0x00, 0x00, 0x00, 0x00, 0x00, 0x00, 0x00, 0x00, 0x00, 0x00, 0x00, 0x00,
    0x00, 0x00, 0x00, 0x00, 0x00, 0x00, 0x00, 0x00, 0x00, 0x00, 0x00, 0x00, 0x00, 0x00, 0x00, 0x00,
    0x00, 0x00, 0x00, 0x00, 0x00, 0x00, 0x00, 0x00, 0x00, 0x00, 0x00, 0x00, 0x00, 0x00, 0x00, 0x00,
    0x00, 0x00, 0x00, 0x00, 0x00, 0x00, 0x00, 0x00, 0x00, 0x00, 0x00, 0x00, 0x00, 0x00, 0x00, 0x00,
    0x00, 0x00, 0x00, 0x00, 0x84, 0x00, 0x28, 0x00, 0x88, 0x00, 0x40, 0x00, 0x00, 0x00, 0x08, 0x00,
    0x02, 0x00, 0x00, 0x00, 0x00, 0x00, 0x00, 0x00, 0xa1, 0x00, 0xa4, 0x00, 0xe7, 0x00, 0x0a, 0x00,
    0x02, 0x00, 0x00, 0x00, 0x66, 0x00, 0x83, 0x00, 0x00, 0x00, 0x00, 0x00, 0x00, 0x00, 0x00, 0x00,
    0x00, 0x00, 0x00, 0x00, 0x00, 0x00, 0x00, 0x00, 0x00, 0x00, 0x00, 0x00, 0x00, 0x00, 0xe4, 0x00,
    0x43, 0x00, 0x00, 0x00, 0x00, 0x00, 0x00, 0x00, 0x00, 0x00, 0x00, 0x00, 0x00, 0x00, 0x00, 0x00,
    0x00, 0x00, 0x00, 0x00, 0x00, 0x00, 0x00, 0x00, 0x00, 0x00, 0x00, 0x00, 0x00, 0x00, 0x00, 0x00,
    0x00, 0x00, 0x00, 0x00, 0x00, 0x00, 0x00, 0x00, 0x00, 0x00, 0x00, 0x00, 0x00, 0x00, 0x00, 0x00,
    0x00, 0x00, 0x00, 0x00, 0x00, 0x00, 0x00, 0x00, 0x00, 0x00, 0x00, 0x00, 0x00, 0x00, 0x00, 0x00,
    0x00, 0x00, 0x00, 0x00, 0x20, 0x00, 0x45, 0x00, 0x48, 0x00, 0xa6, 0x00, 0x00, 0x00, 0x66, 0x00,
    0x86, 0x00, 0x00, 0x00, 0x00, 0x00, 0x00, 0x00, 0x40, 0x00, 0x45, 0x00, 0x66, 0x00, 0x07, 0x00,
    0x48, 0x00, 0x60, 0x00, 0xc7, 0x00, 0x25, 0x00, 0x00, 0x00, 0x00, 0x00, 0x00, 0x00, 0x00, 0x00,
    0x00, 0x00, 0x00, 0x00, 0x00, 0x00, 0x00, 0x00, 0x00, 0x00, 0x00, 0x00, 0x00, 0x00, 0x86, 0x00,
    0xa8, 0x00, 0x00, 0x00, 0x43, 0x00, 0x20, 0x00, 0x00, 0x00, 0x00, 0x00, 0x00, 0x00, 0x00, 0x00,
    0x00, 0x00, 0x00, 0x00, 0x00, 0x00, 0x00, 0x00, 0x00, 0x00, 0x00, 0x00, 0x00, 0x00, 0x00, 0x00,
    0x00, 0x00, 0x00, 0x00, 0x00, 0x00, 0x00, 0x00, 0x00, 0x00, 0x00, 0x00, 0x00, 0x00, 0x00, 0x00,
    0x00, 0x00, 0x00, 0x00, 0x00, 0x00, 0x00, 0x00, 0x00, 0x00, 0x00, 0x00, 0x00, 0x00, 0x20, 0x00,
    0x05, 0x00, 0xe2, 0x00, 0x81, 0x00, 0x83, 0x00, 0x86, 0x00, 0x28, 0x00, 0x45, 0x00, 0x63, 0x00,
    0x28, 0x00, 0xa4, 0x00, 0x00, 0x00, 0x00, 0x00, 0x00, 0x00, 0x61, 0x00, 0x05, 0x00, 0x46, 0x00,
    0x27, 0x00, 0xa6, 0x00, 0x66, 0x00, 0xa6, 0x00, 0x00, 0x00, 0x00, 0x00, 0x00, 0x00, 0x00, 0x00,
    0x00, 0x00, 0x00, 0x00, 0x00, 0x00, 0x00, 0x00, 0xc2, 0x00, 0xe2, 0x00, 0x00, 0x00, 0x04, 0x00,
    0xc9, 0x00, 0x63, 0x00, 0xab, 0x00, 0xa1, 0x00, 0x00, 0x00, 0x00, 0x00, 0x00, 0x00, 0x00, 0x00,
    0x00, 0x00, 0x00, 0x00, 0x00, 0x00, 0x00, 0x00, 0x00, 0x00, 0x00, 0x00, 0x00, 0x00, 0x00, 0x00,
    0x00, 0x00, 0x00, 0x00, 0x00, 0x00, 0x00, 0x00, 0x00, 0x00, 0x00, 0x00, 0x00, 0x00, 0x00, 0x00,
    0x00, 0x00, 0x00, 0x00, 0x00, 0x00, 0x00, 0x00, 0x00, 0x00, 0x00, 0x00, 0x00, 0x00, 0x00, 0x00,
    0xa4, 0x00, 0x08, 0x00, 0xc7, 0x00, 0x87, 0x00, 0x46, 0x00, 0x66, 0x00, 0xe7, 0x00, 0x45, 0x00,
    0x25, 0x00, 0x48, 0x00, 0x25, 0x00, 0x61, 0x00, 0x00, 0x00, 0x81, 0x00, 0x61, 0x00, 0x43, 0x00,
    0x25, 0x00, 0xe7, 0x00, 0x86, 0x00, 0x27, 0x00, 0x40, 0x00, 0x00, 0x00, 0x00, 0x00, 0x00, 0x00,
    0x00, 0x00, 0x00, 0x00, 0x00, 0x00, 0x00, 0x00, 0xa4, 0x00, 0x6b, 0x00, 0xa1, 0x00, 0x65, 0x00,
    0xa8, 0x00, 0x07, 0x00, 0x2c, 0x00, 0xa1, 0x00, 0x00, 0x00, 0x00, 0x00, 0x00, 0x00, 0x00, 0x00,
    0x00, 0x00, 0x00, 0x00, 0x00, 0x00, 0x00, 0x00, 0x00, 0x00, 0x00, 0x00, 0x00, 0x00, 0x00, 0x00,
    0x00, 0x00, 0x00, 0x00, 0x00, 0x00, 0x00, 0x00, 0x00, 0x00, 0x00, 0x00, 0x00, 0x00, 0x00, 0x00,
    0x00, 0x00, 0x00, 0x00, 0x00, 0x00, 0x00, 0x00, 0x00, 0x00, 0x00, 0x00, 0x00, 0x00, 0x00, 0x00,
    0x00, 0x00, 0xe2, 0x00, 0xa4, 0x00, 0x84, 0x00, 0x63, 0x00, 0x84, 0x00, 0x05, 0x00, 0x25, 0x00,
    0xe5, 0x00, 0x86, 0x00, 0xc9, 0x00, 0x88, 0x00, 0x45, 0x00, 0x86, 0x00, 0x88, 0x00, 0xa6, 0x00,
    0xe4, 0x00, 0x05, 0x00, 0x86, 0x00, 0xe7, 0x00, 0x25, 0x00, 0x00, 0x00, 0xa6, 0x00, 0x81, 0x00,
    0x00, 0x00, 0x00, 0x00, 0x00, 0x00, 0x00, 0x00, 0x81, 0x00, 0x2a, 0x00, 0xa6, 0x00, 0x68, 0x00,
    0x47, 0x00, 0x88, 0x00, 0x8a, 0x00, 0x60, 0x00, 0x00, 0x00, 0x00, 0x00, 0x00, 0x00, 0x00, 0x00,
    0x00, 0x00, 0x00, 0x00, 0x00, 0x00, 0x00, 0x00, 0x00, 0x00, 0x00, 0x00, 0x00, 0x00, 0x00, 0x00,
    0x00, 0x00, 0x00, 0x00, 0x00, 0x00, 0x00, 0x00, 0x00, 0x00, 0x00, 0x00, 0x00, 0x00, 0x00, 0x00,
    0x00, 0x00, 0x00, 0x00, 0x00, 0x00, 0x00, 0x00, 0x00, 0x00, 0x00, 0x00, 0x00, 0x00, 0x00, 0x00,
    0x00, 0x00, 0x00, 0x00, 0x00, 0x00, 0x00, 0x00, 0x00, 0x00, 0x00, 0x00, 0x81, 0x00, 0xa4, 0x00,
    0xe4, 0x00, 0xe4, 0x00, 0x86, 0x00, 0x88, 0x00, 0x09, 0x00, 0x47, 0x00, 0xe6, 0x00, 0xca, 0x00,
    0x8d, 0x00, 0x67, 0x00, 0xc6, 0x00, 0xe8, 0x00, 0xa8, 0x00, 0xc3, 0x00, 0x86, 0x00, 0xa8, 0x00,
    0x00, 0x00, 0x00, 0x00, 0x00, 0x00, 0x00, 0x00, 0x00, 0x00, 0x27, 0x00, 0xe6, 0x00, 0xc8, 0x00,
    0x8a, 0x00, 0x29, 0x00, 0x67, 0x00, 0x00, 0x00, 0x00, 0x00, 0x00, 0x00, 0x00, 0x00, 0x00, 0x00,
    0x00, 0x00, 0x00, 0x00, 0x00, 0x00, 0x00, 0x00, 0x00, 0x00, 0x00, 0x00, 0x00, 0x00, 0x00, 0x00,
    0x00, 0x00, 0x00, 0x00, 0x00, 0x00, 0x00, 0x00, 0x00, 0x00, 0x00, 0x00, 0x00, 0x00, 0x00, 0x00,
    0x00, 0x00, 0x00, 0x00, 0x00, 0x00, 0x00, 0x00, 0x00, 0x00, 0x00, 0x00, 0x00, 0x00, 0x00, 0x00,
    0x00, 0x00, 0x00, 0x00, 0x00, 0x00, 0x00, 0x00, 0x60, 0x00, 0xa1, 0x00, 0x81, 0x00, 0x02, 0x00,
    0xc4, 0x00, 0xe4, 0x00, 0xa4, 0x00, 0xe4, 0x00, 0xa6, 0x00, 0x88, 0x00, 0x87, 0x00, 0xe6, 0x00,
    0x6a, 0x00, 0xad, 0x00, 0xc8, 0x00, 0xeb, 0x00, 0x0b, 0x00, 0x49, 0x00, 0x85, 0x00, 0xc8, 0x00,
    0x85, 0x00, 0x81, 0x00, 0x00, 0x00, 0x00, 0x00, 0xc1, 0x00, 0xc8, 0x00, 0x4a, 0x00, 0xa8, 0x00,
    0x8c, 0x00, 0x8c, 0x00, 0xe4, 0x00, 0x60, 0x00, 0x04, 0x00, 0x00, 0x00, 0x00, 0x00, 0x00, 0x00,
    0x00, 0x00, 0x00, 0x00, 0x00, 0x00, 0x00, 0x00, 0x00, 0x00, 0x00, 0x00, 0x00, 0x00, 0x00, 0x00,
    0x00, 0x00, 0x00, 0x00, 0x00, 0x00, 0x00, 0x00, 0x00, 0x00, 0x00, 0x00, 0x00, 0x00, 0x00, 0x00,
    0x00, 0x00, 0x00, 0x00, 0x00, 0x00, 0x00, 0x00, 0x00, 0x00, 0x40, 0x00, 0x84, 0x00, 0x40, 0x00,
    0x00, 0x00, 0x00, 0x00, 0x00, 0x00, 0x00, 0x00, 0x20, 0x00, 0x84, 0x00, 0x05, 0x00, 0xc4, 0x00,
    0xa4, 0x00, 0xa4, 0x00, 0x25, 0x00, 0x86, 0x00, 0x06, 0x00, 0x47, 0x00, 0xe9, 0x00, 0xa8, 0x00,
    0x67, 0x00, 0x09, 0x00, 0x29, 0x00, 0x88, 0x00, 0xeb, 0x00, 0xeb, 0x00, 0x8a, 0x00, 0x09, 0x00,
    0x09, 0x00, 0xc8, 0x00, 0x00, 0x00, 0x00, 0x00, 0xe2, 0x00, 0x88, 0x00, 0x4c, 0x00, 0x6c, 0x00,
    0x2b, 0x00, 0xee, 0x00, 0x86, 0x00, 0xa8, 0x00, 0x07, 0x00, 0x00, 0x00, 0x00, 0x00, 0x00, 0x00,
    0x00, 0x00, 0x00, 0x00, 0x00, 0x00, 0x00, 0x00, 0x00, 0x00, 0x00, 0x00, 0x00, 0x00, 0x00, 0x00,
    0x00, 0x00, 0x00, 0x00, 0x00, 0x00, 0x00, 0x00, 0x00, 0x00, 0x00, 0x00, 0x00, 0x00, 0x00, 0x00,
    0x00, 0x00, 0x00, 0x00, 0x00, 0x00, 0x00, 0x00, 0x00, 0x00, 0x00, 0x00, 0xe5, 0x00, 0x89, 0x00,
    0x05, 0x00, 0xe2, 0x00, 0xa1, 0x00, 0xa1, 0x00, 0xe1, 0x00, 0x22, 0x00, 0xe4, 0x00, 0x04, 0x00,
    0xc4, 0x00, 0x83, 0x00, 0x45, 0x00, 0x88, 0x00, 0x6a, 0x00, 0x4b, 0x00, 0xcd, 0x00, 0xed, 0x00,
    0xed, 0x00, 0x2b, 0x00, 0xeb, 0x00, 0x69, 0x00, 0x6a, 0x00, 0x8a, 0x00, 0x8a, 0x00, 0x2b, 0x00,
    0x4c, 0x00, 0x4c, 0x00, 0x60, 0x00, 0x00, 0x00, 0x61, 0x00, 0xc6, 0x00, 0xaa, 0x00, 0x4c, 0x00,
    0x2b, 0x00, 0x6c, 0x00, 0xaa, 0x00, 0xa8, 0x00, 0xa1, 0x00, 0x00, 0x00, 0x00, 0x00, 0x00, 0x00,
    0x00, 0x00, 0x00, 0x00, 0x00, 0x00, 0x00, 0x00, 0x00, 0x00, 0x00, 0x00, 0x00, 0x00, 0x00, 0x00,
    0x00, 0x00, 0x00, 0x00, 0x00, 0x00, 0x00, 0x00, 0x00, 0x00, 0x00, 0x00, 0x00, 0x00, 0x00, 0x00,
    0x00, 0x00, 0x00, 0x00, 0x00, 0x00, 0x00, 0x00, 0x00, 0x00, 0x00, 0x00, 0x00, 0x00, 0x45, 0x00,
    0xe9, 0x00, 0x2a, 0x00, 0x2a, 0x00, 0x49, 0x00, 0xeb, 0x00, 0x6c, 0x00, 0x6c, 0x00, 0xeb, 0x00,
    0x8a, 0x00, 0xe9, 0x00, 0x47, 0x00, 0xc6, 0x00, 0x27, 0x00, 0xc8, 0x00, 0x49, 0x00, 0x8a, 0x00,
    0x69, 0x00, 0x0b, 0x00, 0x4b, 0x00, 0x6c, 0x00, 0xcd, 0x00, 0x8c, 0x00, 0xaa, 0x00, 0xeb, 0x00,
    0xac, 0x00, 0x49, 0x00, 0x20, 0x00, 0x00, 0x00, 0x00, 0x00, 0xc4, 0x00, 0x88, 0x00, 0x09, 0x00,
    0x6a, 0x00, 0xcb, 0x00, 0x09, 0x00, 0xc2, 0x00, 0x00, 0x00, 0x00, 0x00, 0x00, 0x00, 0x00, 0x00,
    0x00, 0x00, 0x00, 0x00, 0x00, 0x00, 0x00, 0x00, 0x00, 0x00, 0x00, 0x00, 0x00, 0x00, 0x00, 0x00,
    0x00, 0x00, 0x00, 0x00, 0x00, 0x00, 0x00, 0x00, 0x00, 0x00, 0x00, 0x00, 0x00, 0x00, 0x00, 0x00,
    0x00, 0x00, 0x00, 0x00, 0x00, 0x00, 0x00, 0x00, 0x00, 0x00, 0x00, 0x00, 0x00, 0x00, 0x40, 0x00,
    0xc4, 0x00, 0xc6, 0x00, 0xc6, 0x00, 0xc6, 0x00, 0xa6, 0x00, 0x27, 0x00, 0x29, 0x00, 0xaa, 0x00,
    0x6a, 0x00, 0x49, 0x00, 0xca, 0x00, 0xaa, 0x00, 0x6a, 0x00, 0x09, 0x00, 0xa8, 0x00, 0x65, 0x00,
    0xa4, 0x00, 0xe5, 0x00, 0x47, 0x00, 0xeb, 0x00, 0xad, 0x00, 0x4e, 0x00, 0xac, 0x00, 0x2b, 0x00,
    0x6a, 0x00, 0x65, 0x00, 0x22, 0x00, 0x00, 0x00, 0x00, 0x00, 0xa3, 0x00, 0x68, 0x00, 0x68, 0x00,
    0xc8, 0x00, 0x49, 0x00, 0xa4, 0x00, 0x00, 0x00, 0x00, 0x00, 0x00, 0x00, 0x00, 0x00, 0x00, 0x00,
    0x00, 0x00, 0x00, 0x00, 0x00, 0x00, 0x00, 0x00, 0x00, 0x00, 0x00, 0x00, 0x00, 0x00, 0x00, 0x00,
    0x00, 0x00, 0x00, 0x00, 0x00, 0x00, 0x00, 0x00, 0x00, 0x00, 0x00, 0x00, 0x00, 0x00, 0x00, 0x00,
    0x00, 0x00, 0x00, 0x00, 0x00, 0x00, 0x00, 0x00, 0x00, 0x00, 0x00, 0x00, 0x00, 0x00, 0x00, 0x00,
    0x00, 0x00, 0x02, 0x00, 0xe4, 0x00, 0xe4, 0x00, 0xc4, 0x00, 0x63, 0x00, 0xa3, 0x00, 0x65, 0x00,
    0xa6, 0x00, 0xc6, 0x00, 0xe6, 0x00, 0x47, 0x00, 0x68, 0x00, 0x47, 0x00, 0xe4, 0x00, 0x47, 0x00,
    0x68, 0x00, 0xae, 0x00, 0x44, 0x00, 0x87, 0x00, 0xeb, 0x00, 0x2e, 0x00, 0x2e, 0x00, 0x2e, 0x00,
    0x8d, 0x00, 0x27, 0x00, 0xe6, 0x00, 0x20, 0x00, 0x00, 0x00, 0xc6, 0x00, 0x09, 0x00, 0xa8, 0x00,
    0x68, 0x00, 0x25, 0x00, 0x00, 0x00, 0x00, 0x00, 0x00, 0x00, 0x00, 0x00, 0x00, 0x00, 0x00, 0x00,
    0x00, 0x00, 0x00, 0x00, 0x00, 0x00, 0x00, 0x00, 0x00, 0x00, 0x00, 0x00, 0x00, 0x00, 0x00, 0x00,
    0x00, 0x00, 0x00, 0x00, 0x00, 0x00, 0x00, 0x00, 0x00, 0x00, 0x00, 0x00, 0x00, 0x00, 0x00, 0x00,
    0x00, 0x00, 0x00, 0x00, 0x00, 0x00, 0x00, 0x00, 0x00, 0x00, 0x00, 0x00, 0x00, 0x00, 0x00, 0x00,
    0x00, 0x00, 0x00, 0x00, 0x81, 0x00, 0x63, 0x00, 0x05, 0x00, 0xe4, 0x00, 0x63, 0x00, 0x22, 0x00,
    0x23, 0x00, 0x05, 0x00, 0x45, 0x00, 0x66, 0x00, 0x65, 0x00, 0x25, 0x00, 0x02, 0x00, 0xb0, 0x00,
    0x09, 0x00, 0x82, 0x00, 0x64, 0x00, 0x86, 0x00, 0xeb, 0x00, 0x4b, 0x00, 0xcd, 0x00, 0x2f, 0x00,
    0x4f, 0x00, 0xed, 0x00, 0x4c, 0x00, 0x67, 0x00, 0xe2, 0x00, 0x27, 0x00, 0xa8, 0x00, 0x4a, 0x00,
    0x07, 0x00, 0x00, 0x00, 0x00, 0x00, 0x00, 0x00, 0x00, 0x00, 0x00, 0x00, 0x00, 0x00, 0x00, 0x00,
    0x00, 0x00, 0x00, 0x00, 0x00, 0x00, 0x00, 0x00, 0x00, 0x00, 0x00, 0x00, 0x00, 0x00, 0x00, 0x00,
    0x00, 0x00, 0x00, 0x00, 0x00, 0x00, 0x00, 0x00, 0x00, 0x00, 0x00, 0x00, 0x00, 0x00, 0x00, 0x00,
    0x00, 0x00, 0x00, 0x00, 0x00, 0x00, 0x00, 0x00, 0x00, 0x00, 0x00, 0x00, 0x00, 0x00, 0x00, 0x00,
    0x00, 0x00, 0x00, 0x00, 0x00, 0x00, 0x20, 0x00, 0xe2, 0x00, 0xa4, 0x00, 0x45, 0x00, 0xe7, 0x00,
    0x48, 0x00, 0x88, 0x00, 0x48, 0x00, 0xe7, 0x00, 0x07, 0x00, 0x47, 0x00, 0x07, 0x00, 0x8d, 0x00,
    0xb0, 0x00, 0x09, 0x00, 0xc6, 0x00, 0x25, 0x00, 0x0b, 0x00, 0xcd, 0x00, 0xed, 0x00, 0xad, 0x00,
    0x6f, 0x00, 0x4f, 0x00, 0x0e, 0x00, 0x2e, 0x00, 0xa8, 0x00, 0x86, 0x00, 0xa8, 0x00, 0x8a, 0x00,
    0xe6, 0x00, 0x00, 0x00, 0x00, 0x00, 0x00, 0x00, 0x00, 0x00, 0x00, 0x00, 0x00, 0x00, 0x00, 0x00,
    0x00, 0x00, 0x00, 0x00, 0x00, 0x00, 0x00, 0x00, 0x00, 0x00, 0x00, 0x00, 0x00, 0x00, 0x00, 0x00,
    0x00, 0x00, 0x00, 0x00, 0x00, 0x00, 0x00, 0x00, 0x00, 0x00, 0x00, 0x00, 0x00, 0x00, 0x00, 0x00,
    0x00, 0x00, 0x00, 0x00, 0x00, 0x00, 0x00, 0x00, 0x00, 0x00, 0x00, 0x00, 0x00, 0x00, 0x00, 0x00,
    0xc2, 0x00, 0x63, 0x00, 0x05, 0x00, 0x66, 0x00, 0xe5, 0x00, 0xa4, 0x00, 0xa6, 0x00, 0x88, 0x00,
    0xe9, 0x00, 0xc9, 0x00, 0x48, 0x00, 0x68, 0x00, 0xc9, 0x00, 0x8a, 0x00, 0xeb, 0x00, 0x89, 0x00,
    0x0d, 0x00, 0xd2, 0x00, 0x0b, 0x00, 0x29, 0x00, 0xeb, 0x00, 0x8c, 0x00, 0xcc, 0x00, 0xca, 0x00,
    0x49, 0x00, 0x0e, 0x00, 0x0e, 0x00, 0xcd, 0x00, 0x6a, 0x00, 0xc6, 0x00, 0x09, 0x00, 0x6a, 0x00,
    0xa6, 0x00, 0x00, 0x00, 0x00, 0x00, 0x00, 0x00, 0x00, 0x00, 0x00, 0x00, 0x00, 0x00, 0x00, 0x00,
    0x00, 0x00, 0x00, 0x00, 0x00, 0x00, 0x00, 0x00, 0x00, 0x00, 0x00, 0x00, 0x00, 0x00, 0x00, 0x00,
    0x00, 0x00, 0x00, 0x00, 0x00, 0x00, 0x00, 0x00, 0x00, 0x00, 0x00, 0x00, 0x00, 0x00, 0x00, 0x00,
    0x00, 0x00, 0x00, 0x00, 0x00, 0x00, 0x00, 0x00, 0x00, 0x00, 0x00, 0x00, 0x00, 0x00, 0x00, 0x00,
    0x02, 0x00, 0x46, 0x00, 0x86, 0x00, 0x66, 0x00, 0x05, 0x00, 0x84, 0x00, 0x43, 0x00, 0xc4, 0x00,
    0x65, 0x00, 0xe7, 0x00, 0x68, 0x00, 0x09, 0x00, 0x8a, 0x00, 0xca, 0x00, 0x2b, 0x00, 0xeb, 0x00,
    0xca, 0x00, 0xca, 0x00, 0x4b, 0x00, 0xcc, 0x00, 0x6b, 0x00, 0x0a, 0x00, 0x4b, 0x00, 0x8c, 0x00,
    0x4b, 0x00, 0x0b, 0x00, 0x4b, 0x00, 0x4b, 0x00, 0x47, 0x00, 0xc6, 0x00, 0x6a, 0x00, 0x49, 0x00,
    0x25, 0x00, 0x00, 0x00, 0x00, 0x00, 0x00, 0x00, 0x00, 0x00, 0x00, 0x00, 0x00, 0x00, 0x00, 0x00,
    0x00, 0x00, 0x00, 0x00, 0x00, 0x00, 0x00, 0x00, 0x00, 0x00, 0x00, 0x00, 0x00, 0x00, 0x00, 0x00,
    0x00, 0x00, 0x00, 0x00, 0x00, 0x00, 0x00, 0x00, 0x00, 0x00, 0x00, 0x00, 0x00, 0x00, 0x00, 0x00,
    0x00, 0x00, 0x00, 0x00, 0x00, 0x00, 0x00, 0x00, 0x00, 0x00, 0x00, 0x00, 0x00, 0x00, 0x00, 0x00,
    0x00, 0x00, 0x40, 0x00, 0x02, 0x00, 0x84, 0x00, 0xc4, 0x00, 0xa4, 0x00, 0x84, 0x00, 0x23, 0x00,
    0x63, 0x00, 0xa6, 0x00, 0xa8, 0x00, 0x29, 0x00, 0x6a, 0x00, 0xca, 0x00, 0x69, 0x00, 0x47, 0x00,
    0x86, 0x00, 0x88, 0x00, 0xc8, 0x00, 0x49, 0x00, 0xea, 0x00, 0xa9, 0x00, 0x69, 0x00, 0xa7, 0x00,
    0xc8, 0x00, 0xca, 0x00, 0xeb, 0x00, 0x88, 0x00, 0xa4, 0x00, 0x07, 0x00, 0xe9, 0x00, 0xa8, 0x00,
    0x43, 0x00, 0x00, 0x00, 0x00, 0x00, 0x00, 0x00, 0x00, 0x00, 0x00, 0x00, 0x00, 0x00, 0x00, 0x00,
    0x00, 0x00, 0x00, 0x00, 0xc1, 0x00, 0xa3, 0x00, 0x00, 0x00, 0x00, 0x00, 0x00, 0x00, 0x00, 0x00,
    0x00, 0x00, 0x00, 0x00, 0x00, 0x00, 0x00, 0x00, 0x00, 0x00, 0x00, 0x00, 0x00, 0x00, 0x00, 0x00,
    0x00, 0x00, 0x00, 0x00, 0x00, 0x00, 0x00, 0x00, 0x00, 0x00, 0x00, 0x00, 0x00, 0x00, 0x00, 0x00,
    0x00, 0x00, 0x00, 0x00, 0x00, 0x00, 0x00, 0x00, 0x81, 0x00, 0xa4, 0x00, 0x84, 0x00, 0x25, 0x00,
    0x48, 0x00, 0xa8, 0x00, 0xe9, 0x00, 0x4a, 0x00, 0x8a, 0x00, 0xaa, 0x00, 0x8a, 0x00, 0x8a, 0x00,
    0xc6, 0x00, 0x61, 0x00, 0x22, 0x00, 0xa3, 0x00, 0xc3, 0x00, 0x83, 0x00, 0x02, 0x00, 0xa1, 0x00,
    0x81, 0x00, 0xa3, 0x00, 0x45, 0x00, 0x63, 0x00, 0x66, 0x00, 0x48, 0x00, 0x48, 0x00, 0xa6, 0x00,
    0x40, 0x00, 0x00, 0x00, 0x00, 0x00, 0x00, 0x00, 0x00, 0x00, 0x00, 0x00, 0x00, 0x00, 0x00, 0x00,
    0x00, 0x00, 0x00, 0x00, 0x65, 0x00, 0xe6, 0x00, 0x00, 0x00, 0x00, 0x00, 0x00, 0x00, 0x00, 0x00,
    0x00, 0x00, 0x00, 0x00, 0x00, 0x00, 0x00, 0x00, 0x00, 0x00, 0x00, 0x00, 0x00, 0x00, 0x00, 0x00,
    0x00, 0x00, 0x00, 0x00, 0x00, 0x00, 0x00, 0x00, 0x00, 0x00, 0x00, 0x00, 0x00, 0x00, 0x00, 0x00,
    0x00, 0x00, 0x00, 0x00, 0x00, 0x00, 0x40, 0x00, 0xe4, 0x00, 0xe5, 0x00, 0xe5, 0x00, 0x07, 0x00,
    0x48, 0x00, 0x68, 0x00, 0x88, 0x00, 0xc8, 0x00, 0x4a, 0x00, 0xca, 0x00, 0x8c, 0x00, 0x0e, 0x00,
    0x0e, 0x00, 0xc6, 0x00, 0x00, 0x00, 0x81, 0x00, 0xa2, 0x00, 0xc2, 0x00, 0xe2, 0x00, 0x23, 0x00,
    0x02, 0x00, 0x00, 0x00, 0x22, 0x00, 0x66, 0x00, 0xc6, 0x00, 0x48, 0x00, 0xe7, 0x00, 0xa6, 0x00,
    0xc2, 0x00, 0x00, 0x00, 0x00, 0x00, 0x00, 0x00, 0x00, 0x00, 0x00, 0x00, 0x00, 0x00, 0x00, 0x00,
    0x00, 0x00, 0x42, 0x00, 0x28, 0x00, 0x06, 0x00, 0x00, 0x00, 0x00, 0x00, 0x00, 0x00, 0x00, 0x00,
    0x00, 0x00, 0x00, 0x00, 0x00, 0x00, 0x00, 0x00, 0x00, 0x00, 0x00, 0x00, 0x00, 0x00, 0x00, 0x00,
    0x00, 0x00, 0x00, 0x00, 0x00, 0x00, 0x00, 0x00, 0x00, 0x00, 0x00, 0x00, 0x00, 0x00, 0x00, 0x00,
    0x00, 0x00, 0x00, 0x00, 0x00, 0x00, 0x63, 0x00, 0x46, 0x00, 0xe5, 0x00, 0xc4, 0x00, 0x84, 0x00,
    0xc4, 0x00, 0x05, 0x00, 0x05, 0x00, 0xe7, 0x00, 0x09, 0x00, 0x29, 0x00, 0xca, 0x00, 0x0b, 0x00,
    0x6c, 0x00, 0x0d, 0x00, 0xa6, 0x00, 0x24, 0x00, 0x06, 0x00, 0x27, 0x00, 0x47, 0x00, 0xa5, 0x00,
    0x05, 0x00, 0xa4, 0x00, 0x25, 0x00, 0x86, 0x00, 0xe7, 0x00, 0x07, 0x00, 0xc7, 0x00, 0x86, 0x00,
    0x20, 0x00, 0x00, 0x00, 0x00, 0x00, 0x00, 0x00, 0x00, 0x00, 0x00, 0x00, 0x00, 0x00, 0x00, 0x00,
    0x24, 0x00, 0xe8, 0x00, 0xa9, 0x00, 0x67, 0x00, 0x00, 0x00, 0x00, 0x00, 0x00, 0x00, 0x00, 0x00,
    0x00, 0x00, 0x00, 0x00, 0x00, 0x00, 0x00, 0x00, 0x00, 0x00, 0x00, 0x00, 0x00, 0x00, 0x00, 0x00,
    0x00, 0x00, 0x00, 0x00, 0x00, 0x00, 0x00, 0x00, 0x00, 0x00, 0x00, 0x00, 0x00, 0x00, 0x00, 0x00,
    0x00, 0x00, 0x00, 0x00, 0x00, 0x00, 0x40, 0x00, 0xa1, 0x00, 0xe2, 0x00, 0x23, 0x00, 0x84, 0x00,
    0x63, 0x00, 0xa4, 0x00, 0xa6, 0x00, 0xe7, 0x00, 0x07, 0x00, 0x47, 0x00, 0xa8, 0x00, 0xa8, 0x00,
    0x08, 0x00, 0xea, 0x00, 0x6b, 0x00, 0x48, 0x00, 0x48, 0x00, 0x0a, 0x00, 0x6b, 0x00, 0xa8, 0x00,
    0x26, 0x00, 0x66, 0x00, 0x25, 0x00, 0xa6, 0x00, 0xe7, 0x00, 0xe7, 0x00, 0xa6, 0x00, 0x81, 0x00,
    0x00, 0x00, 0x00, 0x00, 0x00, 0x00, 0x00, 0x00, 0x00, 0x00, 0x02, 0x00, 0xa1, 0x00, 0xe8, 0x00,
    0x69, 0x00, 0xe8, 0x00, 0xea, 0x00, 0x85, 0x00, 0x00, 0x00, 0x00, 0x00, 0x00, 0x00, 0x00, 0x00,
    0x00, 0x00, 0x00, 0x00, 0x00, 0x00, 0x00, 0x00, 0x00, 0x00, 0x00, 0x00, 0x00, 0x00, 0x61, 0x00,
    0x81, 0x00, 0x00, 0x00, 0x00, 0x00, 0x00, 0x00, 0x00, 0x00, 0x00, 0x00, 0x00, 0x00, 0x00, 0x00,
    0x00, 0x00, 0x00, 0x00, 0x00, 0x00, 0x00, 0x00, 0x00, 0x00, 0x00, 0x00, 0xc2, 0x00, 0x05, 0x00,
    0x63, 0x00, 0xe5, 0x00, 0x25, 0x00, 0x84, 0x00, 0x22, 0x00, 0xa4, 0x00, 0x45, 0x00, 0xc6, 0x00,
    0x06, 0x00, 0x47, 0x00, 0x69, 0x00, 0x4b, 0x00, 0x29, 0x00, 0x09, 0x00, 0x0a, 0x00, 0x4b, 0x00,
    0x84, 0x00, 0xe6, 0x00, 0xe7, 0x00, 0x86, 0x00, 0xe7, 0x00, 0xe7, 0x00, 0xa1, 0x00, 0x00, 0x00,
    0x00, 0x00, 0x00, 0x00, 0x00, 0x00, 0x00, 0x00, 0x04, 0x00, 0x26, 0x00, 0x49, 0x00, 0xc9, 0x00,
    0x28, 0x00, 0x89, 0x00, 0x28, 0x00, 0x83, 0x00, 0x00, 0x00, 0x00, 0x00, 0x00, 0x00, 0x00, 0x00,
    0x00, 0x00, 0x00, 0x00, 0x00, 0x00, 0x00, 0x00, 0x00, 0x00, 0x00, 0x00, 0x61, 0x00, 0x86, 0x00,
    0xc8, 0x00, 0x27, 0x00, 0x60, 0x00, 0x00, 0x00, 0x00, 0x00, 0x00, 0x00, 0x00, 0x00, 0x00, 0x00,
    0x00, 0x00, 0x00, 0x00, 0x00, 0x00, 0x00, 0x00, 0x00, 0x00, 0x00, 0x00, 0x64, 0x00, 0x46, 0x00,
    0x63, 0x00, 0x84, 0x00, 0xe5, 0x00, 0x84, 0x00, 0xa4, 0x00, 0x84, 0x00, 0xa4, 0x00, 0x04, 0x00,
    0xe4, 0x00, 0xe4, 0x00, 0xc5, 0x00, 0xc7, 0x00, 0x4b, 0x00, 0xcc, 0x00, 0x0b, 0x00, 0x6a, 0x00,
    0x49, 0x00, 0x8a, 0x00, 0xe7, 0x00, 0xe7, 0x00, 0x07, 0x00, 0xe2, 0x00, 0x00, 0x00, 0x00, 0x00,
    0x00, 0x00, 0x00, 0x00, 0x00, 0x00, 0xe2, 0x00, 0xa8, 0x00, 0xe8, 0x00, 0x49, 0x00, 0xc7, 0x00,
    0x28, 0x00, 0xe8, 0x00, 0xe7, 0x00, 0x40, 0x00, 0x00, 0x00, 0x00, 0x00, 0x00, 0x00, 0x00, 0x00,
    0x00, 0x00, 0x00, 0x00, 0x00, 0x00, 0x00, 0x00, 0x00, 0x00, 0x00, 0x00, 0x00, 0x00, 0x02, 0x00,
    0x07, 0x00, 0x09, 0x00, 0xa5, 0x00, 0x00, 0x00, 0x00, 0x00, 0xa5, 0x00, 0xe5, 0x00, 0x00, 0x00,
    0x00, 0x00, 0x00, 0x00, 0x00, 0x00, 0x00, 0x00, 0x00, 0x00, 0x00, 0x00, 0x84, 0x00, 0x84, 0x00,
    0x81, 0x00, 0xc5, 0x00, 0xe5, 0x00, 0x84, 0x00, 0x46, 0x00, 0x05, 0x00, 0xe4, 0x00, 0x66, 0x00,
    0x45, 0x00, 0x45, 0x00, 0x25, 0x00, 0x65, 0x00, 0x65, 0x00, 0x67, 0x00, 0x48, 0x00, 0x69, 0x00,
    0x69, 0x00, 0x86, 0x00, 0xa6, 0x00, 0x27, 0x00, 0xe4, 0x00, 0x00, 0x00, 0x00, 0x00, 0x00, 0x00,
    0x00, 0x00, 0x00, 0x00, 0x00, 0x00, 0xc6, 0x00, 0xc8, 0x00, 0x08, 0x00, 0x26, 0x00, 0x08, 0x00,
    0x89, 0x00, 0xc9, 0x00, 0xa3, 0x00, 0x00, 0x00, 0x00, 0x00, 0x00, 0x00, 0x00, 0x00, 0x00, 0x00,
    0x00, 0x00, 0x00, 0x00, 0x00, 0x00, 0x00, 0x00, 0x00, 0x00, 0x00, 0x00, 0x00, 0x00, 0x00, 0x00,
    0x22, 0x00, 0x07, 0x00, 0xa8, 0x00, 0x22, 0x00, 0x40, 0x00, 0xa6, 0x00, 0x67, 0x00, 0x61, 0x00,
    0x00, 0x00, 0x00, 0x00, 0x00, 0x00, 0x00, 0x00, 0x00, 0x00, 0x00, 0x00, 0x20, 0x00, 0x00, 0x00,
    0x00, 0x00, 0x84, 0x00, 0xc4, 0x00, 0xa4, 0x00, 0x25, 0x00, 0xa6, 0x00, 0x86, 0x00, 0x65, 0x00,
    0xa6, 0x00, 0xc6, 0x00, 0xe7, 0x00, 0xe7, 0x00, 0x45, 0x00, 0xe2, 0x00, 0xe2, 0x00, 0xe2, 0x00,
    0x43, 0x00, 0x25, 0x00, 0xc6, 0x00, 0x86, 0x00, 0x40, 0x00, 0x00, 0x00, 0x00, 0x00, 0x00, 0x00,
    0x00, 0x00, 0x00, 0x00, 0xc1, 0x00, 0xa8, 0x00, 0xa8, 0x00, 0x67, 0x00, 0xe8, 0x00, 0x89, 0x00,
    0x28, 0x00, 0x24, 0x00, 0x00, 0x00, 0x00, 0x00, 0x00, 0x00, 0x00, 0x00, 0x00, 0x00, 0x00, 0x00,
    0x00, 0x00, 0x00, 0x00, 0x00, 0x00, 0x00, 0x00, 0x00, 0x00, 0x20, 0x00, 0x43, 0x00, 0xe4, 0x00,
    0xc1, 0x00, 0x83, 0x00, 0xe6, 0x00, 0xe6, 0x00, 0x83, 0x00, 0x47, 0x00, 0xc8, 0x00, 0xe2, 0x00,
    0x00, 0x00, 0x00, 0x00, 0x00, 0x00, 0x00, 0x00, 0x00, 0x00, 0x00, 0x00, 0x00, 0x00, 0x00, 0x00,
    0x00, 0x00, 0x02, 0x00, 0xe5, 0x00, 0xc4, 0x00, 0x45, 0x00, 0xe7, 0x00, 0xa8, 0x00, 0x06, 0x00,
    0x65, 0x00, 0xa6, 0x00, 0x48, 0x00, 0xc9, 0x00, 0x07, 0x00, 0xe4, 0x00, 0x63, 0x00, 0x05, 0x00,
    0x66, 0x00, 0x45, 0x00, 0x86, 0x00, 0xc1, 0x00, 0x00, 0x00, 0x00, 0x00, 0x00, 0x00, 0x00, 0x00,
    0x00, 0x00, 0x00, 0x00, 0xc4, 0x00, 0xc8, 0x00, 0x06, 0x00, 0x87, 0x00, 0xa7, 0x00, 0x26, 0x00,
    0x26, 0x00, 0x44, 0x00, 0x40, 0x00, 0x00, 0x00, 0x00, 0x00, 0x00, 0x00, 0x00, 0x00, 0x00, 0x00,
    0x00, 0x00, 0x00, 0x00, 0x00, 0x00, 0x00, 0x00, 0x40, 0x00, 0xe5, 0x00, 0xc8, 0x00, 0xaa, 0x00,
    0x09, 0x00, 0xa6, 0x00, 0xc6, 0x00, 0xa6, 0x00, 0x65, 0x00, 0x45, 0x00, 0x07, 0x00, 0xa3, 0x00,
    0x00, 0x00, 0x00, 0x00, 0x00, 0x00, 0x00, 0x00, 0x00, 0x00, 0x00, 0x00, 0x00, 0x00, 0x00, 0x00,
    0x00, 0x00, 0x20, 0x00, 0xa1, 0x00, 0x84, 0x00, 0x66, 0x00, 0x07, 0x00, 0x67, 0x00, 0x88, 0x00,
    0x4a, 0x00, 0x29, 0x00, 0x09, 0x00, 0xc9, 0x00, 0x27, 0x00, 0xc9, 0x00, 0x48, 0x00, 0xc4, 0x00,
    0x05, 0x00, 0x45, 0x00, 0x22, 0x00, 0x00, 0x00, 0x00, 0x00, 0x00, 0x00, 0x00, 0x00, 0x00, 0x00,
    0x61, 0x00, 0x81, 0x00, 0x04, 0x00, 0x88, 0x00, 0xa6, 0x00, 0x06, 0x00, 0x06, 0x00, 0xc8, 0x00,
    0x28, 0x00, 0x04, 0x00, 0x00, 0x00, 0x00, 0x00, 0x00, 0x00, 0x00, 0x00, 0x00, 0x00, 0x00, 0x00,
    0x00, 0x00, 0x00, 0x00, 0x00, 0x00, 0x00, 0x00, 0x41, 0x00, 0xe2, 0x00, 0xc4, 0x00, 0xa6, 0x00,
    0xc6, 0x00, 0xe6, 0x00, 0xc6, 0x00, 0xa6, 0x00, 0x66, 0x00, 0x86, 0x00, 0x07, 0x00, 0x47, 0x00,
    0x85, 0x00, 0x60, 0x00, 0x00, 0x00, 0x00, 0x00, 0x00, 0x00, 0x00, 0x00, 0x00, 0x00, 0x00, 0x00,
    0x81, 0x00, 0x63, 0x00, 0x83, 0x00, 0xa4, 0x00, 0x45, 0x00, 0x88, 0x00, 0x87, 0x00, 0xa8, 0x00,
    0x6a, 0x00, 0x8c, 0x00, 0xcd, 0x00, 0x2c, 0x00, 0x4a, 0x00, 0x4c, 0x00, 0xcb, 0x00, 0xc4, 0x00,
    0xa4, 0x00, 0xc4, 0x00, 0x00, 0x00, 0x00, 0x00, 0x00, 0x00, 0x00, 0x00, 0x00, 0x00, 0x00, 0x00,
    0x43, 0x00, 0x24, 0x00, 0xc4, 0x00, 0x47, 0x00, 0x25, 0x00, 0xe6, 0x00, 0x47, 0x00, 0x85, 0x00,
    0x02, 0x00, 0x00, 0x00, 0x00, 0x00, 0x00, 0x00, 0x00, 0x00, 0x00, 0x00, 0x00, 0x00, 0x00, 0x00,
    0x00, 0x00, 0x00, 0x00, 0x00, 0x00, 0x00, 0x00, 0x00, 0x00, 0x00, 0x00, 0x00, 0x00, 0x00, 0x00,
    0x02, 0x00, 0x25, 0x00, 0xa6, 0x00, 0xc7, 0x00, 0x66, 0x00, 0xc6, 0x00, 0x27, 0x00, 0xc6, 0x00,
    0x8a, 0x00, 0xea, 0x00, 0x87, 0x00, 0x45, 0x00, 0x02, 0x00, 0x20, 0x00, 0x61, 0x00, 0x02, 0x00,
    0x25, 0x00, 0xa6, 0x00, 0x07, 0x00, 0x68, 0x00, 0x47, 0x00, 0x88, 0x00, 0xc8, 0x00, 0x28, 0x00,
    0xc8, 0x00, 0x09, 0x00, 0xeb, 0x00, 0x8d, 0x00, 0x4f, 0x00, 0x6f, 0x00, 0xcb, 0x00, 0xc8, 0x00,
    0x45, 0x00, 0x81, 0x00, 0x00, 0x00, 0x00, 0x00, 0x00, 0x00, 0x00, 0x00, 0x00, 0x00, 0x00, 0x00,
    0x43, 0x00, 0xc6, 0x00, 0xe4, 0x00, 0xe7, 0x00, 0x86, 0x00, 0x45, 0x00, 0xc1, 0x00, 0x00, 0x00,
    0x00, 0x00, 0x00, 0x00, 0x00, 0x00, 0x00, 0x00, 0x00, 0x00, 0x00, 0x00, 0x00, 0x00, 0x00, 0x00,
    0x00, 0x00, 0x00, 0x00, 0x00, 0x00, 0x00, 0x00, 0x00, 0x00, 0x00, 0x00, 0x00, 0x00, 0xc4, 0x00,
    0xa6, 0x00, 0x66, 0x00, 0xa7, 0x00, 0xa7, 0x00, 0x66, 0x00, 0x45, 0x00, 0x45, 0x00, 0xc6, 0x00,
    0xc8, 0x00, 0xca, 0x00, 0xec, 0x00, 0xac, 0x00, 0x4b, 0x00, 0xe8, 0x00, 0x67, 0x00, 0xc8, 0x00,
    0x09, 0x00, 0x08, 0x00, 0xe8, 0x00, 0x49, 0x00, 0x69, 0x00, 0x08, 0x00, 0xa7, 0x00, 0x08, 0x00,
    0x49, 0x00, 0xab, 0x00, 0x0c, 0x00, 0x8a, 0x00, 0xaa, 0x00, 0xcd, 0x00, 0xaa, 0x00, 0x2c, 0x00,
    0x09, 0x00, 0x00, 0x00, 0x00, 0x00, 0x00, 0x00, 0x00, 0x00, 0x00, 0x00, 0x00, 0x00, 0x00, 0x00,
    0xa1, 0x00, 0x27, 0x00, 0x65, 0x00, 0xe6, 0x00, 0x45, 0x00, 0x40, 0x00, 0x00, 0x00, 0x00, 0x00,
    0x00, 0x00, 0x00, 0x00, 0x00, 0x00, 0x00, 0x00, 0x00, 0x00, 0x00, 0x00, 0x00, 0x00, 0x00, 0x00,
    0x00, 0x00, 0x00, 0x00, 0x00, 0x00, 0x00, 0x00, 0x00, 0x00, 0x00, 0x00, 0x23, 0x00, 0xa7, 0x00,
    0xe5, 0x00, 0x63, 0x00, 0x43, 0x00, 0x25, 0x00, 0xc7, 0x00, 0xc7, 0x00, 0xe7, 0x00, 0x07, 0x00,
    0x88, 0x00, 0x08, 0x00, 0x29, 0x00, 0x89, 0x00, 0x69, 0x00, 0xca, 0x00, 0x8a, 0x00, 0x89, 0x00,
    0xca, 0x00, 0x8a, 0x00, 0x8a, 0x00, 0xaa, 0x00, 0xe8, 0x00, 0x08, 0x00, 0xe8, 0x00, 0xa8, 0x00,
    0x08, 0x00, 0x4c, 0x00, 0x0e, 0x00, 0x4f, 0x00, 0xee, 0x00, 0x4c, 0x00, 0xeb, 0x00, 0x2e, 0x00,
    0xac, 0x00, 0xe2, 0x00, 0x00, 0x00, 0x00, 0x00, 0x00, 0x00, 0x00, 0x00, 0x00, 0x00, 0x00, 0x00,
    0x00, 0x00, 0x86, 0x00, 0x07, 0x00, 0xc6, 0x00, 0x43, 0x00, 0x00, 0x00, 0x00, 0x00, 0x00, 0x00,
    0x00, 0x00, 0x00, 0x00, 0x00, 0x00, 0x00, 0x00, 0x00, 0x00, 0x00, 0x00, 0x00, 0x00, 0x00, 0x00,
    0x00, 0x00, 0x00, 0x00, 0x00, 0x00, 0x00, 0x00, 0x00, 0x00, 0x00, 0x00, 0x22, 0x00, 0xc2, 0x00,
    0x40, 0x00, 0x00, 0x00, 0x00, 0x00, 0x20, 0x00, 0xc2, 0x00, 0xe2, 0x00, 0xe4, 0x00, 0x28, 0x00,
    0x07, 0x00, 0x88, 0x00, 0xa8, 0x00, 0x29, 0x00, 0x69, 0x00, 0x29, 0x00, 0x08, 0x00, 0xa8, 0x00,
    0x87, 0x00, 0x67, 0x00, 0xe8, 0x00, 0xa8, 0x00, 0x27, 0x00, 0x67, 0x00, 0xc8, 0x00, 0x08, 0x00,
    0x08, 0x00, 0x29, 0x00, 0x6c, 0x00, 0xad, 0x00, 0xd1, 0x00, 0xf1, 0x00, 0xad, 0x00, 0xcd, 0x00,
    0x0e, 0x00, 0xc4, 0x00, 0x00, 0x00, 0x00, 0x00, 0x00, 0x00, 0x00, 0x00, 0x00, 0x00, 0x00, 0x00,
    0x00, 0x00, 0x02, 0x00, 0xe7, 0x00, 0xa6, 0x00, 0x43, 0x00, 0x00, 0x00, 0x00, 0x00, 0x00, 0x00,
    0x00, 0x00, 0x00, 0x00, 0x00, 0x00, 0x00, 0x00, 0x00, 0x00, 0x00, 0x00, 0x00, 0x00, 0x00, 0x00,
    0x00, 0x00, 0x00, 0x00, 0x00, 0x00, 0x00, 0x00, 0x00, 0x00, 0x00, 0x00, 0x00, 0x00, 0x00, 0x00,
    0x00, 0x00, 0x00, 0x00, 0x00, 0x00, 0x00, 0x00, 0x00, 0x00, 0x00, 0x00, 0x00, 0x00, 0x63, 0x00,
    0xa6, 0x00, 0xe7, 0x00, 0x07, 0x00, 0x47, 0x00, 0xc8, 0x00, 0x67, 0x00, 0x07, 0x00, 0x27, 0x00,
    0xc6, 0x00, 0x65, 0x00, 0x86, 0x00, 0xc6, 0x00, 0xc6, 0x00, 0x27, 0x00, 0x67, 0x00, 0x69, 0x00,
    0xa9, 0x00, 0xa8, 0x00, 0x29, 0x00, 0xcb, 0x00, 0xad, 0x00, 0xb0, 0x00, 0x2e, 0x00, 0xad, 0x00,
    0xad, 0x00, 0x45, 0x00, 0x00, 0x00, 0x00, 0x00, 0x00, 0x00, 0x00, 0x00, 0x00, 0x00, 0x00, 0x00,
    0x00, 0x00, 0x00, 0x00, 0xe4, 0x00, 0xe7, 0x00, 0xc4, 0x00, 0x00, 0x00, 0x00, 0x00, 0x00, 0x00,
    0x00, 0x00, 0x00, 0x00, 0x00, 0x00, 0x00, 0x00, 0x00, 0x00, 0x00, 0x00, 0x00, 0x00, 0x00, 0x00,
    0x00, 0x00, 0x00, 0x00, 0x00, 0x00, 0x00, 0x00, 0x00, 0x00, 0x00, 0x00, 0x00, 0x00, 0x00, 0x00,
    0x00, 0x00, 0x00, 0x00, 0x00, 0x00, 0x00, 0x00, 0x00, 0x00, 0x00, 0x00, 0x00, 0x00, 0x00, 0x00,
    0x40, 0x00, 0x22, 0x00, 0xc4, 0x00, 0x25, 0x00, 0x86, 0x00, 0xa6, 0x00, 0x86, 0x00, 0x66, 0x00,
    0xa6, 0x00, 0x66, 0x00, 0x45, 0x00, 0x45, 0x00, 0x45, 0x00, 0xa6, 0x00, 0x67, 0x00, 0x08, 0x00,
    0x28, 0x00, 0x6a, 0x00, 0xaa, 0x00, 0x8a, 0x00, 0x6a, 0x00, 0xcd, 0x00, 0x2e, 0x00, 0xac, 0x00,
    0xcb, 0x00, 0xc8, 0x00, 0x00, 0x00, 0x00, 0x00, 0x00, 0x00, 0x00, 0x00, 0x00, 0x00, 0x00, 0x00,
    0x00, 0x00, 0x00, 0x00, 0x00, 0x00, 0xe4, 0x00, 0x07, 0x00, 0x61, 0x00, 0x00, 0x00, 0x60, 0x00,
    0x20, 0x00, 0x00, 0x00, 0x00, 0x00, 0x00, 0x00, 0x00, 0x00, 0x00, 0x00, 0x00, 0x00, 0x00, 0x00,
    0x00, 0x00, 0x00, 0x00, 0x00, 0x00, 0x00, 0x00, 0x00, 0x00, 0x00, 0x00, 0x00, 0x00, 0x00, 0x00,
    0x00, 0x00, 0x00, 0x00, 0x00, 0x00, 0x00, 0x00, 0x00, 0x00, 0x00, 0x00, 0x00, 0x00, 0x20, 0x00,
    0x00, 0x00, 0x00, 0x00, 0x40, 0x00, 0xa4, 0x00, 0x25, 0x00, 0x25, 0x00, 0x05, 0x00, 0xe4, 0x00,
    0xa4, 0x00, 0x63, 0x00, 0x84, 0x00, 0x02, 0x00, 0xe4, 0x00, 0xa6, 0x00, 0x67, 0x00, 0xc8, 0x00,
    0x67, 0x00, 0xab, 0x00, 0x0b, 0x00, 0x0e, 0x00, 0x6d, 0x00, 0x09, 0x00, 0x6c, 0x00, 0x0b, 0x00,
    0x6c, 0x00, 0x09, 0x00, 0x00, 0x00, 0x00, 0x00, 0x00, 0x00, 0x00, 0x00, 0x00, 0x00, 0x00, 0x00,
    0x00, 0x00, 0x00, 0x00, 0x02, 0x00, 0xe2, 0x00, 0x65, 0x00, 0xe6, 0x00, 0x00, 0x00, 0xc4, 0x00,
    0x83, 0x00, 0x00, 0x00, 0x00, 0x00, 0x00, 0x00, 0x00, 0x00, 0x00, 0x00, 0x00, 0x00, 0x00, 0x00,
    0x00, 0x00, 0x00, 0x00, 0x00, 0x00, 0x00, 0x00, 0x00, 0x00, 0x00, 0x00, 0x00, 0x00, 0x00, 0x00,
    0x00, 0x00, 0x00, 0x00, 0x00, 0x00, 0x00, 0x00, 0x00, 0x00, 0x00, 0x00, 0x00, 0x00, 0x20, 0x00,
    0x45, 0x00, 0x04, 0x00, 0x63, 0x00, 0xc1, 0x00, 0x40, 0x00, 0x00, 0x00, 0x81, 0x00, 0xe2, 0x00,
    0xa1, 0x00, 0x23, 0x00, 0xa4, 0x00, 0xc4, 0x00, 0xa4, 0x00, 0xa6, 0x00, 0x67, 0x00, 0x87, 0x00,
    0x06, 0x00, 0x8a, 0x00, 0x0b, 0x00, 0x4c, 0x00, 0x4e, 0x00, 0x0b, 0x00, 0x49, 0x00, 0x8a, 0x00,
    0x6c, 0x00, 0x06, 0x00, 0x00, 0x00, 0x00, 0x00, 0x00, 0x00, 0x00, 0x00, 0x00, 0x00, 0x00, 0x00,
    0x00, 0x00, 0x00, 0x00, 0xa3, 0x00, 0xa8, 0x00, 0x85, 0x00, 0x67, 0x00, 0xe4, 0x00, 0x83, 0x00,
    0x65, 0x00, 0x00, 0x00, 0x00, 0x00, 0x00, 0x00, 0x00, 0x00, 0x00, 0x00, 0x00, 0x00, 0x00, 0x00,
    0x00, 0x00, 0x00, 0x00, 0x00, 0x00, 0x00, 0x00, 0x00, 0x00, 0x00, 0x00, 0x00, 0x00, 0x00, 0x00,
    0x00, 0x00, 0x00, 0x00, 0x00, 0x00, 0x00, 0x00, 0x00, 0x00, 0x60, 0x00, 0xe2, 0x00, 0x02, 0x00,
    0xe4, 0x00, 0xe7, 0x00, 0xe7, 0x00, 0x27, 0x00, 0xe6, 0x00, 0xc4, 0x00, 0xa1, 0x00, 0xa4, 0x00,
    0x84, 0x00, 0xa4, 0x00, 0xe5, 0x00, 0x05, 0x00, 0x05, 0x00, 0x45, 0x00, 0x07, 0x00, 0x27, 0x00,
    0x85, 0x00, 0x47, 0x00, 0xcb, 0x00, 0x4c, 0x00, 0x6c, 0x00, 0x4c, 0x00, 0x6c, 0x00, 0x0b, 0x00,
    0x2b, 0x00, 0x45, 0x00, 0x00, 0x00, 0x00, 0x00, 0x00, 0x00, 0x00, 0x00, 0x00, 0x00, 0x00, 0x00,
    0x00, 0x00, 0x00, 0x00, 0x00, 0x00, 0xc4, 0x00, 0x88, 0x00, 0xe6, 0x00, 0xc8, 0x00, 0x85, 0x00,
    0xe6, 0x00, 0x00, 0x00, 0x00, 0x00, 0x00, 0x00, 0x00, 0x00, 0x00, 0x00, 0x00, 0x00, 0x00, 0x00,
    0x00, 0x00, 0x00, 0x00, 0x00, 0x00, 0x00, 0x00, 0x00, 0x00, 0x00, 0x00, 0x00, 0x00, 0x00, 0x00,
    0x00, 0x00, 0x00, 0x00, 0x00, 0x00, 0x81, 0x00, 0x65, 0x00, 0x67, 0x00, 0x27, 0x00, 0x07, 0x00,
    0x86, 0x00, 0xa6, 0x00, 0xe6, 0x00, 0xe7, 0x00, 0x86, 0x00, 0x45, 0x00, 0xa4, 0x00, 0xe4, 0x00,
    0x45, 0x00, 0x05, 0x00, 0xe5, 0x00, 0x25, 0x00, 0xe7, 0x00, 0xa6, 0x00, 0x27, 0x00, 0x65, 0x00,
    0x07, 0x00, 0xc8, 0x00, 0xe8, 0x00, 0x4c, 0x00, 0x4c, 0x00, 0x4c, 0x00, 0xad, 0x00, 0x2b, 0x00,
    0x8a, 0x00, 0x22, 0x00, 0x00, 0x00, 0x00, 0x00, 0x00, 0x00, 0x00, 0x00, 0x00, 0x00, 0x00, 0x00,
    0x00, 0x00, 0x00, 0x00, 0x00, 0x00, 0x00, 0x00, 0xc4, 0x00, 0x07, 0x00, 0x67, 0x00, 0xe8, 0x00,
    0x88, 0x00, 0x20, 0x00, 0x00, 0x00, 0x00, 0x00, 0x00, 0x00, 0x00, 0x00, 0x00, 0x00, 0x00, 0x00,
    0x00, 0x00, 0x00, 0x00, 0x00, 0x00, 0x00, 0x00, 0x00, 0x00, 0x00, 0x00, 0x00, 0x00, 0x00, 0x00,
    0x00, 0x00, 0x00, 0x00, 0x43, 0x00, 0x07, 0x00, 0xe7, 0x00, 0x05, 0x00, 0x66, 0x00, 0xa6, 0x00,
    0xe7, 0x00, 0xa8, 0x00, 0xc8, 0x00, 0xe7, 0x00, 0x25, 0x00, 0xa4, 0x00, 0x45, 0x00, 0x07, 0x00,
    0xc7, 0x00, 0x66, 0x00, 0x05, 0x00, 0x45, 0x00, 0xe6, 0x00, 0xa6, 0x00, 0x85, 0x00, 0x04, 0x00,
    0xc9, 0x00, 0x4a, 0x00, 0xc8, 0x00, 0x29, 0x00, 0x0b, 0x00, 0x0b, 0x00, 0x0b, 0x00, 0x29, 0x00,
    0xa8, 0x00, 0x61, 0x00, 0x00, 0x00, 0x00, 0x00, 0x00, 0x00, 0x00, 0x00, 0x00, 0x00, 0x00, 0x00,
    0x00, 0x00, 0x00, 0x00, 0x00, 0x00, 0x00, 0x00, 0x00, 0x00, 0xe4, 0x00, 0x27, 0x00, 0x09, 0x00,
    0xa8, 0x00, 0x60, 0x00, 0x00, 0x00, 0x00, 0x00, 0x00, 0x00, 0x00, 0x00, 0x00, 0x00, 0x00, 0x00,
    0x00, 0x00, 0x00, 0x00, 0x00, 0x00, 0x00, 0x00, 0x00, 0x00, 0x00, 0x00, 0x00, 0x00, 0x00, 0x00,
    0x00, 0x00, 0x40, 0x00, 0x83, 0x00, 0xc4, 0x00, 0x83, 0x00, 0xc6, 0x00, 0x27, 0x00, 0x27, 0x00,
    0xc9, 0x00, 0x48, 0x00, 0xc6, 0x00, 0x65, 0x00, 0x45, 0x00, 0x66, 0x00, 0xe7, 0x00, 0x27, 0x00,
    0x88, 0x00, 0xa8, 0x00, 0x88, 0x00, 0x65, 0x00, 0x66, 0x00, 0x86, 0x00, 0xe4, 0x00, 0x86, 0x00,
    0xc9, 0x00, 0xe8, 0x00, 0x49, 0x00, 0x67, 0x00, 0x29, 0x00, 0x49, 0x00, 0x67, 0x00, 0xc8, 0x00,
    0xa5, 0x00, 0x00, 0x00, 0x00, 0x00, 0x00, 0x00, 0x00, 0x00, 0x00, 0x00, 0x00, 0x00, 0x00, 0x00,
    0x00, 0x00, 0x00, 0x00, 0x00, 0x00, 0x00, 0x00, 0x00, 0x00, 0x00, 0x00, 0xc6, 0x00, 0xe9, 0x00,
    0x47, 0x00, 0x61, 0x00, 0x00, 0x00, 0x00, 0x00, 0x00, 0x00, 0x00, 0x00, 0x00, 0x00, 0x00, 0x00,
    0x00, 0x00, 0x00, 0x00, 0x00, 0x00, 0x00, 0x00, 0x00, 0x00, 0x00, 0x00, 0x00, 0x00, 0x00, 0x00,
    0x00, 0x00, 0x40, 0x00, 0xe4, 0x00, 0xa4, 0x00, 0xc6, 0x00, 0x88, 0x00, 0x07, 0x00, 0xa8, 0x00,
    0x48, 0x00, 0xc6, 0x00, 0xc6, 0x00, 0xc6, 0x00, 0x86, 0x00, 0xc7, 0x00, 0x07, 0x00, 0xc9, 0x00,
    0x09, 0x00, 0xaa, 0x00, 0xca, 0x00, 0x29, 0x00, 0x86, 0x00, 0xe4, 0x00, 0x27, 0x00, 0xa6, 0x00,
    0x67, 0x00, 0xc8, 0x00, 0xe8, 0x00, 0xa8, 0x00, 0x27, 0x00, 0x27, 0x00, 0xe8, 0x00, 0xe9, 0x00,
    0x04, 0x00, 0x04, 0x00, 0x83, 0x00, 0x00, 0x00, 0x00, 0x00, 0x00, 0x00, 0x00, 0x00, 0x00, 0x00,
    0x00, 0x00, 0x00, 0x00, 0x00, 0x00, 0x00, 0x00, 0xc1, 0x00, 0xc1, 0x00, 0x63, 0x00, 0x29, 0x00,
    0x27, 0x00, 0x45, 0x00, 0x61, 0x00, 0x00, 0x00, 0x00, 0x00, 0x00, 0x00, 0x00, 0x00, 0x00, 0x00,
    0x00, 0x00, 0x00, 0x00, 0x00, 0x00, 0x00, 0x00, 0x00, 0x00, 0x00, 0x00, 0x00, 0x00, 0x00, 0x00,
    0x61, 0x00, 0xc6, 0x00, 0xa6, 0x00, 0x04, 0x00, 0x88, 0x00, 0xa6, 0x00, 0x48, 0x00, 0x27, 0x00,
    0x66, 0x00, 0xa4, 0x00, 0xa4, 0x00, 0xa4, 0x00, 0xc6, 0x00, 0x86, 0x00, 0x48, 0x00, 0xe9, 0x00,
    0x6a, 0x00, 0xeb, 0x00, 0x0b, 0x00, 0x4b, 0x00, 0x69, 0x00, 0xa6, 0x00, 0x47, 0x00, 0xe7, 0x00,
    0x07, 0x00, 0x88, 0x00, 0x87, 0x00, 0x87, 0x00, 0x87, 0x00, 0xc8, 0x00, 0x09, 0x00, 0x85, 0x00,
    0x65, 0x00, 0x87, 0x00, 0x08, 0x00, 0xc7, 0x00, 0xc1, 0x00, 0x00, 0x00, 0x00, 0x00, 0x00, 0x00,
    0x00, 0x00, 0x00, 0x00, 0x00, 0x00, 0x00, 0x00, 0xc1, 0x00, 0x06, 0x00, 0xa3, 0x00, 0x29, 0x00,
    0xc6, 0x00, 0x27, 0x00, 0x81, 0x00, 0x00, 0x00, 0x00, 0x00, 0x00, 0x00, 0x00, 0x00, 0x00, 0x00,
    0x00, 0x00, 0x00, 0x00, 0x00, 0x00, 0x00, 0x00, 0x00, 0x00, 0x00, 0x00, 0x00, 0x00, 0x40, 0x00,
    0xc6, 0x00, 0x27, 0x00, 0xa4, 0x00, 0xc6, 0x00, 0xc6, 0x00, 0x25, 0x00, 0xa6, 0x00, 0x45, 0x00,
    0x25, 0x00, 0xe5, 0x00, 0x23, 0x00, 0x63, 0x00, 0xc6, 0x00, 0x45, 0x00, 0x07, 0x00, 0x49, 0x00,
    0x8a, 0x00, 0x49, 0x00, 0xaa, 0x00, 0xca, 0x00, 0xaa, 0x00, 0x26, 0x00, 0xa6, 0x00, 0x27, 0x00,
    0xc6, 0x00, 0x06, 0x00, 0x47, 0x00, 0x67, 0x00, 0x67, 0x00, 0x67, 0x00, 0xc6, 0x00, 0xe4, 0x00,
    0xc6, 0x00, 0xa7, 0x00, 0x69, 0x00, 0xe9, 0x00, 0xe7, 0x00, 0x40, 0x00, 0x00, 0x00, 0x00, 0x00,
    0x00, 0x00, 0x00, 0x00, 0x00, 0x00, 0x00, 0x00, 0x00, 0x00, 0x85, 0x00, 0x07, 0x00, 0xe8, 0x00,
    0x65, 0x00, 0x27, 0x00, 0x40, 0x00, 0x00, 0x00, 0x00, 0x00, 0x00, 0x00, 0x00, 0x00, 0x00, 0x00,
    0x00, 0x00, 0x00, 0x00, 0x00, 0x00, 0x00, 0x00, 0x00, 0x00, 0x00, 0x00, 0x00, 0x00, 0xe4, 0x00,
    0x47, 0x00, 0xe4, 0x00, 0xc4, 0x00, 0xc7, 0x00, 0x05, 0x00, 0x66, 0x00, 0x66, 0x00, 0x86, 0x00,
    0xa6, 0x00, 0x86, 0x00, 0xa4, 0x00, 0xc4, 0x00, 0xa6, 0x00, 0x66, 0x00, 0x07, 0x00, 0xc8, 0x00,
    0xe9, 0x00, 0xca, 0x00, 0x2b, 0x00, 0x8a, 0x00, 0xaa, 0x00, 0xc8, 0x00, 0x86, 0x00, 0x07, 0x00,
    0x07, 0x00, 0xa6, 0x00, 0x06, 0x00, 0xe6, 0x00, 0x85, 0x00, 0x65, 0x00, 0xa4, 0x00, 0x65, 0x00,
    0x47, 0x00, 0x08, 0x00, 0xea, 0x00, 0xa9, 0x00, 0x48, 0x00, 0x22, 0x00, 0x00, 0x00, 0x00, 0x00,
    0x00, 0x00, 0x00, 0x00, 0x00, 0x00, 0x00, 0x00, 0x00, 0x00, 0xe4, 0x00, 0x47, 0x00, 0x88, 0x00,
    0x86, 0x00, 0xa6, 0x00, 0x00, 0x00, 0x00, 0x00, 0x00, 0x00, 0x00, 0x00, 0x00, 0x00, 0x00, 0x00,
    0x00, 0x00, 0x00, 0x00, 0x00, 0x00, 0x00, 0x00, 0x00, 0x00, 0x00, 0x00, 0x81, 0x00, 0xe7, 0x00,
    0x65, 0x00, 0x84, 0x00, 0x45, 0x00, 0x25, 0x00, 0xe5, 0x00, 0x66, 0x00, 0x86, 0x00, 0xc6, 0x00,
    0xa6, 0x00, 0x05, 0x00, 0xa4, 0x00, 0x05, 0x00, 0x86, 0x00, 0x86, 0x00, 0x07, 0x00, 0x67, 0x00,
    0xa8, 0x00, 0x8a, 0x00, 0x0b, 0x00, 0x8a, 0x00, 0x69, 0x00, 0xe8, 0x00, 0x86, 0x00, 0xe6, 0x00,
    0xe6, 0x00, 0x85, 0x00, 0x65, 0x00, 0x45, 0x00, 0x86, 0x00, 0xe4, 0x00, 0xc4, 0x00, 0xe6, 0x00,
    0x67, 0x00, 0xc8, 0x00, 0x48, 0x00, 0x28, 0x00, 0x08, 0x00, 0x62, 0x00, 0x00, 0x00, 0x00, 0x00,
    0x00, 0x00, 0x00, 0x00, 0x00, 0x00, 0x00, 0x00, 0x20, 0x00, 0xa6, 0x00, 0x68, 0x00, 0x47, 0x00,
    0xc6, 0x00, 0x63, 0x00, 0x00, 0x00, 0x00, 0x00, 0x00, 0x00, 0x00, 0x00, 0x00, 0x00, 0x00, 0x00,
    0x00, 0x00, 0x00, 0x00, 0x00, 0x00, 0x00, 0x00, 0x00, 0x00, 0x00, 0x00, 0x83, 0x00, 0xc7, 0x00,
    0x63, 0x00, 0x05, 0x00, 0x05, 0x00, 0x84, 0x00, 0x86, 0x00, 0x86, 0x00, 0x66, 0x00, 0x66, 0x00,
    0x05, 0x00, 0x05, 0x00, 0x05, 0x00, 0xe4, 0x00, 0x86, 0x00, 0x86, 0x00, 0xe7, 0x00, 0xa8, 0x00,
    0xc8, 0x00, 0x08, 0x00, 0x49, 0x00, 0x89, 0x00, 0xa8, 0x00, 0xc6, 0x00, 0x65, 0x00, 0xc6, 0x00,
    0x86, 0x00, 0x86, 0x00, 0x86, 0x00, 0xa6, 0x00, 0xe4, 0x00, 0x63, 0x00, 0x65, 0x00, 0xc6, 0x00,
    0x26, 0x00, 0xc8, 0x00, 0x08, 0x00, 0xa7, 0x00, 0x67, 0x00, 0xe1, 0x00, 0x00, 0x00, 0x00, 0x00,
    0x00, 0x00, 0x00, 0x00, 0x00, 0x00, 0x00, 0x00, 0xe4, 0x00, 0x67, 0x00, 0x07, 0x00, 0xa6, 0x00,
    0x86, 0x00, 0x20, 0x00, 0x00, 0x00, 0x00, 0x00, 0x00, 0x00, 0x00, 0x00, 0x00, 0x00, 0x00, 0x00,
    0x00, 0x00, 0x00, 0x00, 0x00, 0x00, 0x00, 0x00, 0x00, 0x00, 0x00, 0x00, 0xa4, 0x00, 0xc2, 0x00,
    0x43, 0x00, 0x66, 0x00, 0xe5, 0x00, 0xa4, 0x00, 0xc7, 0x00, 0xa6, 0x00, 0x66, 0x00, 0x25, 0x00,
    0xc4, 0x00, 0xc4, 0x00, 0xe4, 0x00, 0xa4, 0x00, 0x66, 0x00, 0x86, 0x00, 0xa6, 0x00, 0x88, 0x00,
    0xc8, 0x00, 0xc8, 0x00, 0x29, 0x00, 0x29, 0x00, 0xe6, 0x00, 0xe4, 0x00, 0x66, 0x00, 0x86, 0x00,
    0x66, 0x00, 0x86, 0x00, 0x45, 0x00, 0x63, 0x00, 0x43, 0x00, 0x05, 0x00, 0x66, 0x00, 0xc6, 0x00,
    0x06, 0x00, 0xa7, 0x00, 0xe8, 0x00, 0x67, 0x00, 0x85, 0x00, 0x20, 0x00, 0x00, 0x00, 0x00, 0x00,
    0x00, 0x00, 0x00, 0x00, 0xa1, 0x00, 0x22, 0x00, 0x88, 0x00, 0x27, 0x00, 0xa6, 0x00, 0x65, 0x00,
    0x02, 0x00, 0x00, 0x00, 0x00, 0x00, 0x00, 0x00, 0x00, 0x00, 0x00, 0x00, 0x00, 0x00, 0x00, 0x00,
    0x00, 0x00, 0x00, 0x00, 0x00, 0x00, 0x00, 0x00, 0x00, 0x00, 0x00, 0x00, 0x20, 0x00, 0x00, 0x00,
    0xe4, 0x00, 0x86, 0x00, 0xe5, 0x00, 0xa4, 0x00, 0xa7, 0x00, 0x86, 0x00, 0xa6, 0x00, 0x66, 0x00,
    0x25, 0x00, 0xa4, 0x00, 0x63, 0x00, 0x23, 0x00, 0x83, 0x00, 0x66, 0x00, 0x86, 0x00, 0x27, 0x00,
    0x47, 0x00, 0x67, 0x00, 0x67, 0x00, 0xc6, 0x00, 0x25, 0x00, 0x25, 0x00, 0xa6, 0x00, 0x86, 0x00,
    0x25, 0x00, 0xa4, 0x00, 0x23, 0x00, 0x84, 0x00, 0xc4, 0x00, 0xc4, 0x00, 0x25, 0x00, 0x86, 0x00,
    0xa6, 0x00, 0xe6, 0x00, 0x06, 0x00, 0xc6, 0x00, 0xe2, 0x00, 0x00, 0x00, 0x00, 0x00, 0x00, 0x00,
    0x00, 0x00, 0xc3, 0x00, 0x85, 0x00, 0x26, 0x00, 0x67, 0x00, 0xa6, 0x00, 0x25, 0x00, 0x25, 0x00,
    0x63, 0x00, 0x00, 0x00, 0x00, 0x00, 0x00, 0x00, 0x00, 0x00, 0x00, 0x00, 0x00, 0x00, 0x00, 0x00,
    0x00, 0x00, 0x00, 0x00, 0x00, 0x00, 0x00, 0x00, 0x00, 0x00, 0x00, 0x00, 0x00, 0x00, 0x00, 0x00,
    0xa4, 0x00, 0x86, 0x00, 0xe5, 0x00, 0xc4, 0x00, 0x66, 0x00, 0x66, 0x00, 0x86, 0x00, 0x46, 0x00,
    0x66, 0x00, 0x25, 0x00, 0xc4, 0x00, 0x43, 0x00, 0xc4, 0x00, 0x25, 0x00, 0x66, 0x00, 0x86, 0x00,
    0xa6, 0x00, 0xa6, 0x00, 0x86, 0x00, 0x25, 0x00, 0xa4, 0x00, 0x05, 0x00, 0xe4, 0x00, 0xa4, 0x00,
    0x43, 0x00, 0x43, 0x00, 0xe5, 0x00, 0xc4, 0x00, 0x83, 0x00, 0xa4, 0x00, 0x05, 0x00, 0x25, 0x00,
    0x45, 0x00, 0x45, 0x00, 0x45, 0x00, 0x02, 0x00, 0x00, 0x00, 0x00, 0x00, 0x00, 0x00, 0x40, 0x00,
    0x24, 0x00, 0x27, 0x00, 0xe6, 0x00, 0x47, 0x00, 0x85, 0x00, 0x45, 0x00, 0x86, 0x00, 0xa6, 0x00,
    0x81, 0x00, 0x00, 0x00, 0x00, 0x00, 0x00, 0x00, 0x00, 0x00, 0x00, 0x00, 0x00, 0x00, 0x00, 0x00,
    0x00, 0x00, 0x00, 0x00, 0x00, 0x00, 0x00, 0x00, 0x00, 0x00, 0x00, 0x00, 0x00, 0x00, 0x00, 0x00,
    0x23, 0x00, 0x66, 0x00, 0xc4, 0x00, 0xc4, 0x00, 0x46, 0x00, 0x66, 0x00, 0x66, 0x00, 0x86, 0x00,
    0x66, 0x00, 0x25, 0x00, 0xc4, 0x00, 0xc4, 0x00, 0x25, 0x00, 0xc4, 0x00, 0x45, 0x00, 0x45, 0x00,
    0x66, 0x00, 0x66, 0x00, 0x25, 0x00, 0x63, 0x00, 0x43, 0x00, 0x84, 0x00, 0x84, 0x00, 0xa4, 0x00,
    0xe5, 0x00, 0x05, 0x00, 0x02, 0x00, 0x61, 0x00, 0xa4, 0x00, 0xe5, 0x00, 0xe4, 0x00, 0x05, 0x00,
    0xe4, 0x00, 0x83, 0x00, 0xc1, 0x00, 0x00, 0x00, 0x60, 0x00, 0xe2, 0x00, 0xe4, 0x00, 0x06, 0x00,
    0x47, 0x00, 0xc6, 0x00, 0xc6, 0x00, 0x25, 0x00, 0x45, 0x00, 0xa6, 0x00, 0x45, 0x00, 0x61, 0x00,
    0x00, 0x00, 0x00, 0x00, 0x00, 0x00, 0x00, 0x00, 0x00, 0x00, 0x00, 0x00, 0x00, 0x00, 0x00, 0x00,
    0x00, 0x00, 0x00, 0x00, 0x00, 0x00, 0x00, 0x00, 0x00, 0x00, 0x00, 0x00, 0x00, 0x00, 0x00, 0x00,
    0x61, 0x00, 0x46, 0x00, 0x43, 0x00, 0xc4, 0x00, 0x25, 0x00, 0x46, 0x00, 0x25, 0x00, 0x66, 0x00,
    0x45, 0x00, 0x25, 0x00, 0xa4, 0x00, 0x05, 0x00, 0xe4, 0x00, 0xa4, 0x00, 0xe4, 0x00, 0x25, 0x00,
    0x05, 0x00, 0xc4, 0x00, 0xc4, 0x00, 0x05, 0x00, 0x25, 0x00, 0x25, 0x00, 0x25, 0x00, 0x05, 0x00,
    0xc4, 0x00, 0xe2, 0x00, 0x00, 0x00, 0x43, 0x00, 0xe5, 0x00, 0xc4, 0x00, 0x25, 0x00, 0x45, 0x00,
    0x65, 0x00, 0x25, 0x00, 0x04, 0x00, 0x25, 0x00, 0xa5, 0x00, 0xe6, 0x00, 0xc6, 0x00, 0x85, 0x00,
    0x25, 0x00, 0x25, 0x00, 0x05, 0x00, 0x25, 0x00, 0x45, 0x00, 0x43, 0x00, 0x00, 0x00, 0x00, 0x00,
    0x00, 0x00, 0x00, 0x00, 0x00, 0x00, 0x00, 0x00, 0x00, 0x00, 0x00, 0x00, 0x00, 0x00, 0x00, 0x00,
    0x00, 0x00, 0x00, 0x00, 0x00, 0x00, 0x00, 0x00, 0x00, 0x00, 0x00, 0x00, 0x00, 0x00, 0x00, 0x00,
    0x00, 0x00, 0x84, 0x00, 0xa1, 0x00, 0x02, 0x00, 0x46, 0x00, 0x25, 0x00, 0x05, 0x00, 0xe5, 0x00,
    0x25, 0x00, 0xe5, 0x00, 0x84, 0x00, 0xc4, 0x00, 0xe5, 0x00, 0x05, 0x00, 0xa4, 0x00, 0x83, 0x00,
    0x63, 0x00, 0xa1, 0x00, 0xc2, 0x00, 0x43, 0x00, 0xa4, 0x00, 0x63, 0x00, 0x81, 0x00, 0x20, 0x00,
    0x00, 0x00, 0x00, 0x00, 0x00, 0x00, 0xc4, 0x00, 0x46, 0x00, 0x05, 0x00, 0x45, 0x00, 0x06, 0x00,
    0x87, 0x00, 0xc8, 0x00, 0xa7, 0x00, 0x67, 0x00, 0x06, 0x00, 0xe6, 0x00, 0xa5, 0x00, 0xa5, 0x00,
    0xa5, 0x00, 0x04, 0x00, 0x25, 0x00, 0xc4, 0x00, 0x81, 0x00, 0x00, 0x00, 0x00, 0x00, 0x00, 0x00,
    0x00, 0x00, 0x00, 0x00, 0x00, 0x00, 0x00, 0x00, 0x00, 0x00, 0x00, 0x00, 0x00, 0x00, 0x00, 0x00,
    0x00, 0x00, 0x00, 0x00, 0x00, 0x00, 0x00, 0x00, 0x00, 0x00, 0x00, 0x00, 0x00, 0x00, 0x00, 0x00,
    0x00, 0x00, 0x40, 0x00, 0x40, 0x00, 0x00, 0x00, 0x63, 0x00, 0x46, 0x00, 0x25, 0x00, 0xe5, 0x00,
    0xc4, 0x00, 0x05, 0x00, 0x84, 0x00, 0x63, 0x00, 0xc6, 0x00, 0x67, 0x00, 0x65, 0x00, 0x65, 0x00,
    0xe6, 0x00, 0x45, 0x00, 0x63, 0x00, 0x40, 0x00, 0x00, 0x00, 0x00, 0x00, 0x00, 0x00, 0x00, 0x00,
    0x00, 0x00, 0x00, 0x00, 0x00, 0x00, 0x20, 0x00, 0x22, 0x00, 0xa4, 0x00, 0xe5, 0x00, 0xe6, 0x00,
    0x06, 0x00, 0xc8, 0x00, 0x48, 0x00, 0x08, 0x00, 0x87, 0x00, 0xe6, 0x00, 0x47, 0x00, 0x27, 0x00,
    0xa5, 0x00, 0x66, 0x00, 0x23, 0x00, 0x20, 0x00, 0x00, 0x00, 0x00, 0x00, 0x00, 0x00, 0x00, 0x00,
    0x00, 0x00, 0x00, 0x00, 0x00, 0x00, 0x00, 0x00, 0x00, 0x00, 0x00, 0x00, 0x00, 0x00, 0x00, 0x00,
    0x00, 0x00, 0x00, 0x00, 0x00, 0x00, 0x00, 0x00, 0x00, 0x00, 0x00, 0x00, 0x00, 0x00, 0x00, 0x00,
    0x00, 0x00, 0x00, 0x00, 0x00, 0x00, 0x00, 0x00, 0x00, 0x00, 0xc2, 0x00, 0xc4, 0x00, 0x25, 0x00,
    0xa4, 0x00, 0x84, 0x00, 0x83, 0x00, 0x83, 0x00, 0xa6, 0x00, 0x67, 0x00, 0x45, 0x00, 0xc6, 0x00,
    0x47, 0x00, 0xc6, 0x00, 0xa6, 0x00, 0xc6, 0x00, 0x00, 0x00, 0x00, 0x00, 0x00, 0x00, 0x00, 0x00,
    0x00, 0x00, 0x00, 0x00, 0x00, 0x00, 0x00, 0x00, 0x00, 0x00, 0x00, 0x00, 0x20, 0x00, 0xc1, 0x00,
    0x24, 0x00, 0xe6, 0x00, 0x06, 0x00, 0xe6, 0x00, 0x07, 0x00, 0x66, 0x00, 0xe4, 0x00, 0x45, 0x00,
    0x46, 0x00, 0x06, 0x00, 0xa4, 0x00, 0x00, 0x00, 0x00, 0x00, 0x00, 0x00, 0x00, 0x00, 0x00, 0x00,
    0x00, 0x00, 0x00, 0x00, 0x00, 0x00, 0x00, 0x00, 0x00, 0x00, 0x00, 0x00, 0x00, 0x00, 0x00, 0x00,
    0x00, 0x00, 0x00, 0x00, 0x00, 0x00, 0x00, 0x00, 0x00, 0x00, 0x00, 0x00, 0x00, 0x00, 0x00, 0x00,
    0x00, 0x00, 0x00, 0x00, 0x00, 0x00, 0x00, 0x00, 0x00, 0x00, 0x00, 0x00, 0x00, 0x00, 0x61, 0x00,
    0x61, 0x00, 0x00, 0x00, 0x20, 0x00, 0xc4, 0x00, 0x45, 0x00, 0xc7, 0x00, 0xe4, 0x00, 0x45, 0x00,
    0x07, 0x00, 0x45, 0x00, 0xa4, 0x00, 0x26, 0x00, 0x03, 0x00, 0x00, 0x00, 0x00, 0x00, 0x00, 0x00,
    0x00, 0x00, 0x00, 0x00, 0x00, 0x00, 0x00, 0x00, 0x00, 0x00, 0x00, 0x00, 0x00, 0x00, 0x00, 0x00,
    0x20, 0x00, 0xe2, 0x00, 0x63, 0x00, 0xc4, 0x00, 0xe4, 0x00, 0x26, 0x00, 0x05, 0x00, 0xe2, 0x00,
    0xc2, 0x00, 0xe2, 0x00, 0x40, 0x00, 0x00, 0x00, 0x00, 0x00, 0x00, 0x00, 0x00, 0x00, 0x00, 0x00,
    0x00, 0x00, 0x00, 0x00, 0x00, 0x00, 0x00, 0x00, 0x00, 0x00, 0x00, 0x00, 0x00, 0x00, 0x00, 0x00,
    0x00, 0x00, 0x00, 0x00, 0x00, 0x00, 0x00, 0x00, 0x00, 0x00, 0x00, 0x00, 0x00, 0x00, 0x00, 0x00,
    0x00, 0x00, 0x00, 0x00, 0x00, 0x00, 0x00, 0x00, 0x00, 0x00, 0x00, 0x00, 0x00, 0x00, 0x00, 0x00,
    0x00, 0x00, 0x00, 0x00, 0x00, 0x00, 0x22, 0x00, 0x83, 0x00, 0x26, 0x00, 0x05, 0x00, 0xe4, 0x00,
    0x05, 0x00, 0x05, 0x00, 0xe2, 0x00, 0x63, 0x00, 0x64, 0x00, 0x00, 0x00, 0x00, 0x00, 0x00, 0x00,
    0x00, 0x00, 0x00, 0x00, 0x00, 0x00, 0x00, 0x00, 0x00, 0x00, 0x00, 0x00, 0x00, 0x00, 0x00, 0x00,
    0x00, 0x00, 0x00, 0x00, 0x00, 0x00, 0x00, 0x00, 0x40, 0x00, 0x61, 0x00, 0x61, 0x00, 0x00, 0x00,
    0x00, 0x00, 0x00, 0x00, 0x00, 0x00, 0x00, 0x00, 0x00, 0x00, 0x00, 0x00, 0x00, 0x00, 0x00, 0x00,
    0x00, 0x00, 0x00, 0x00, 0x00, 0x00, 0x00, 0x00, 0x00, 0x00, 0x00, 0x00, 0x00, 0x00, 0x00, 0x00,
    0x00, 0x00, 0x00, 0x00, 0x00, 0x00, 0x00, 0x00, 0x00, 0x00, 0x00, 0x00, 0x00, 0x00, 0x00, 0x00,
    0x00, 0x00, 0x00, 0x00, 0x00, 0x00, 0x00, 0x00, 0x00, 0x00, 0x00, 0x00, 0x00, 0x00, 0x00, 0x00,
    0x00, 0x00, 0x00, 0x00, 0x00, 0x00, 0x00, 0x00, 0x20, 0x00, 0x64, 0x00, 0xc2, 0x00, 0x60, 0x00,
    0x63, 0x00, 0xa5, 0x00, 0x00, 0x00, 0x00, 0x00, 0x20, 0x00, 0x00, 0x00, 0x00, 0x00, 0x00, 0x00,
    0x00, 0x00, 0x00, 0x00, 0x00, 0x00, 0x00, 0x00, 0x00, 0x00, 0x00, 0x00, 0x00, 0x00, 0x00, 0x00,
    0x00, 0x00, 0x00, 0x00, 0x00, 0x00, 0x00, 0x00, 0x00, 0x00, 0x00, 0x00, 0x00, 0x00, 0x00, 0x00,
    0x00, 0x00, 0x00, 0x00, 0x00, 0x00, 0x00, 0x00, 0x00, 0x00, 0x00, 0x00, 0x00, 0x00, 0x00, 0x00,
    0x00, 0x00, 0x00, 0x00, 0x00, 0x00, 0x00, 0x00, 0x00, 0x00, 0x00, 0x00, 0x00, 0x00, 0x00, 0x00,
    0x00, 0x00, 0x00, 0x00, 0x00, 0x00, 0x00, 0x00, 0x00, 0x00, 0x00, 0x00, 0x00, 0x00, 0x00, 0x00,
    0x00, 0x00, 0x00, 0x00, 0x00, 0x00, 0x00, 0x00, 0x00, 0x00, 0x00, 0x00, 0x00, 0x00, 0x00, 0x00,
    0x00, 0x00, 0x00, 0x00, 0x00, 0x00, 0x00, 0x00, 0x00, 0x00, 0x00, 0x00, 0x00, 0x00, 0x00, 0x00,
    0x20, 0x00, 0x41, 0x00, 0x00, 0x00, 0x00, 0x00, 0x00, 0x00, 0x00, 0x00, 0x00, 0x00, 0x00, 0x00,
    0x00, 0x00, 0x00, 0x00, 0x00, 0x00, 0x00, 0x00, 0x00, 0x00, 0x00, 0x00, 0x00, 0x00, 0x00, 0x00,
    0x00, 0x00, 0x00, 0x00, 0x00, 0x00, 0x00, 0x00, 0x00, 0x00, 0x00, 0x00, 0x00, 0x00, 0x00, 0x00,
    0x00, 0x00, 0x00, 0x00, 0x00, 0x00, 0x00, 0x00, 0x00, 0x00, 0x00, 0x00, 0x00, 0x00, 0x00, 0x00,
    0x00, 0x00, 0x00, 0x00, 0x00, 0x00, 0x00, 0x00, 0x00, 0x00, 0x00, 0x00, 0x00, 0x00, 0x00, 0x00,
    0x00, 0x00, 0x00, 0x00, 0x00, 0x00, 0x00, 0x00, 0x00, 0x00, 0x00, 0x00, 0x00, 0x00, 0x00, 0x00,
    0x00, 0x00, 0x00, 0x00, 0x00, 0x00, 0x00, 0x00, 0x00, 0x00, 0x00, 0x00, 0x00, 0x1c, 0x02, 0x00,
    0x00, 0x00, 0x00, 0x00, 0x00, 0x00, 0x00, 0x00, 0x00, 0x00, 0x00, 0x00, 0x00, 0x00, 0x00, 0x00,
    0x00, 0x00, 0x00, 0x00, 0x00, 0x00, 0x00, 0x00, 0x00, 0x00, 0x00, 0x00, 0x00, 0x00, 0x00, 0x00,
    0x00, 0x00, 0x00, 0x00, 0x00, 0x00, 0x00, 0x00, 0x00, 0x00, 0x00, 0x00, 0x00, 0x00, 0x00, 0x00,
    0x00, 0x00, 0x6f, 0x1b, 0x00, 0x00, 0x00, 0x00, 0x00, 0x00, 0x00, 0x00, 0x07, 0xff, 0x17, 0x00,
    0x00, 0x00, 0x00, 0x00, 0x00, 0x00, 0x00, 0x00, 0x00, 0x00, 0x00, 0x00, 0x00, 0x00, 0x00, 0x00,
    0x00, 0x00, 0x00, 0x00, 0x00, 0x00, 0x00, 0x00, 0x00, 0x00, 0x00, 0x00, 0x00, 0x00, 0x00, 0x00,
    0x00, 0x00, 0x00, 0x00, 0x00, 0x00, 0x00, 0x00, 0x00, 0x00, 0x00, 0x00, 0x00, 0x00, 0x00, 0x00,
    0x00, 0x0a, 0xff, 0x54, 0x00, 0x00, 0x00, 0x00, 0x00, 0x00, 0x00, 0x00, 0x2c, 0xff, 0x41, 0x00,
    0x00, 0x00, 0x00, 0x00, 0x00, 0x00, 0x00, 0x00, 0x00, 0x00, 0x00, 0x00, 0x00, 0x00, 0x00, 0x00,
    0x00, 0x00, 0x00, 0x00, 0x00, 0x00, 0x00, 0x00, 0x00, 0x00, 0x00, 0x00, 0x00, 0x00, 0x00, 0x00,
    0x00, 0x00, 0x00, 0x00, 0x00, 0x00, 0x00, 0x00, 0x00, 0x00, 0x00, 0x00, 0x00, 0x00, 0x00, 0x00,
    0x00, 0x24, 0xf9, 0x95, 0x00, 0x00, 0x00, 0x00, 0x00, 0x00, 0x00, 0x00, 0x2a, 0xfd, 0x9e, 0x00,
    0x00, 0x00, 0x00, 0x00, 0x00, 0x00, 0x00, 0x00, 0x00, 0x00, 0x00, 0x00, 0x00, 0x00, 0x00, 0x00,
    0x00, 0x00, 0x00, 0x00, 0x00, 0x00, 0x00, 0x00, 0x00, 0x00, 0x00, 0x00, 0x00, 0x00, 0x00, 0x00,
    0x00, 0x00, 0x00, 0x00, 0x00, 0x00, 0x00, 0x00, 0x00, 0x00, 0x00, 0x00, 0x00, 0x00, 0x00, 0x00,
    0x00, 0x1b, 0xff, 0xe9, 0x03, 0x00, 0x00, 0x00, 0x00, 0x00, 0x00, 0x00, 0x0c, 0xff, 0xf9, 0x0a,
    0x00, 0x00, 0x00, 0x00, 0x00, 0x00, 0x00, 0x00, 0x00, 0x00, 0x00, 0x00, 0x00, 0x00, 0x00, 0x00,
    0x00, 0x00, 0x00, 0x00, 0x00, 0x00, 0x00, 0x00, 0x00, 0x00, 0x00, 0x00, 0x00, 0x00, 0x00, 0x00,
    0x00, 0x00, 0x00, 0x00, 0x00, 0x00, 0x00, 0x00, 0x00, 0x00, 0x00, 0x00, 0x00, 0x00, 0x00, 0x00,
    0x00, 0x06, 0xf5, 0xff, 0x44, 0x00, 0x00, 0x5d, 0x04, 0x00, 0x00, 0x00, 0x00, 0x9e, 0xff, 0x75,
    0x00, 0x00, 0x0d, 0x07, 0x00, 0x00, 0x00, 0x00, 0x00, 0x00, 0x00, 0x00, 0x00, 0x00, 0x00, 0x00,
    0x00, 0x00, 0x00, 0x00, 0x00, 0x00, 0x00, 0x00, 0x00, 0x00, 0x00, 0x00, 0x00, 0x00, 0x00, 0x00,
    0x00, 0x00, 0x00, 0x00, 0x00, 0x00, 0x00, 0x00, 0x00, 0x00, 0x00, 0x00, 0x00, 0x00, 0x00, 0x00,
    0x00, 0x00, 0x98, 0xff, 0xe6, 0x03, 0x02, 0xff, 0x1a, 0x00, 0x00, 0x00, 0x29, 0xa8, 0xf1, 0xff,
    0x1c, 0x00, 0xdc, 0x37, 0x00, 0x00, 0x00, 0x00, 0x00, 0x00, 0x00, 0x00, 0x00, 0x00, 0x00, 0x7f,
    0x2a, 0x00, 0x00, 0x00, 0x00, 0x00, 0x00, 0x00, 0x00, 0x00, 0x00, 0x00, 0x00, 0x00, 0x00, 0x00,
    0x00, 0x00, 0x00, 0x00, 0x00, 0x00, 0x00, 0x00, 0x00, 0x00, 0x00, 0x00, 0x00, 0x00, 0x00, 0x00,
    0x00, 0x00, 0x09, 0xe8, 0xff, 0x9d, 0x09, 0xe6, 0x95, 0x00, 0x00, 0x00, 0x0b, 0xff, 0xfd, 0xf7,
    0xde, 0x19, 0xff, 0x4f, 0x00, 0x00, 0x00, 0x00, 0x00, 0x00, 0x00, 0x00, 0x00, 0x00, 0x00, 0xcf,
    0xb9, 0x00, 0x3f, 0x01, 0x00, 0x00, 0x00, 0x00, 0x00, 0x00, 0x00, 0x00, 0x00, 0x00, 0x00, 0x00,
    0x00, 0x00, 0x00, 0x00, 0x00, 0x00, 0x00, 0x00, 0x00, 0x00, 0x00, 0x00, 0x00, 0x00, 0x00, 0x05,
    0xa2, 0x1c, 0x0f, 0x9a, 0xf7, 0xff, 0xb9, 0xcf, 0xff, 0x54, 0x00, 0x00, 0x00, 0x16, 0xf1, 0xff,
    0xff, 0xf1, 0xfd, 0x95, 0x00, 0x00, 0x00, 0x00, 0x00, 0x00, 0x00, 0x00, 0x1c, 0x18, 0x00, 0xcc,
    0xe4, 0x61, 0xff, 0x0a, 0x00, 0x00, 0x00, 0x00, 0x00, 0x00, 0x00, 0x00, 0x00, 0x00, 0x00, 0x00,
    0x00, 0x00, 0x00, 0x00, 0x00, 0x00, 0x00, 0x00, 0x00, 0x00, 0x00, 0x00, 0x00, 0x00, 0x00, 0x00,
    0x91, 0xff, 0xff, 0xff, 0xff, 0xff, 0xff, 0xff, 0xf9, 0xff, 0x8f, 0x12, 0x04, 0x0e, 0x14, 0xa2,
    0xf9, 0xfd, 0xfd, 0xf1, 0x04, 0x00, 0x01, 0x00, 0x00, 0x00, 0x00, 0x00, 0x85, 0xff, 0x17, 0xcf,
    0xff, 0xff, 0xf9, 0x10, 0x00, 0x00, 0x00, 0x00, 0x00, 0x00, 0x00, 0x00, 0x00, 0x00, 0x00, 0x00,
    0x00, 0x00, 0x00, 0x00, 0x00, 0x00, 0x00, 0x00, 0x00, 0x00, 0x00, 0x00, 0x00, 0x00, 0x00, 0x00,
    0x01, 0x4f, 0xad, 0xa8, 0x92, 0xce, 0xff, 0xff, 0xff, 0xfb, 0xff, 0xff, 0xe8, 0xff, 0xb7, 0x75,
    0xe2, 0xfb, 0xf9, 0xff, 0x6f, 0x02, 0xb7, 0x06, 0x00, 0x00, 0x00, 0x00, 0x30, 0xfd, 0xc7, 0xf1,
    0xff, 0xfb, 0xfd, 0x09, 0x00, 0x00, 0x00, 0x00, 0x00, 0x00, 0x00, 0x00, 0x00, 0x00, 0x00, 0x00,
    0x00, 0x00, 0x00, 0x00, 0x00, 0x00, 0x00, 0x00, 0x00, 0x00, 0x00, 0x00, 0x00, 0x00, 0x00, 0x00,
    0x00, 0x00, 0x00, 0x00, 0x00, 0x00, 0x28, 0xe2, 0xfb, 0xfd, 0xf9, 0xfb, 0xff, 0xfb, 0xff, 0xff,
    0xff, 0xff, 0xff, 0xfd, 0xff, 0x74, 0xff, 0xb4, 0x00, 0x00, 0x00, 0x00, 0x0e, 0xff, 0xff, 0xff,
    0xfd, 0xff, 0xd5, 0x00, 0x00, 0x00, 0x00, 0x00, 0x00, 0x00, 0x00, 0x00, 0x00, 0x00, 0x00, 0x00,
    0x00, 0x00, 0x00, 0x00, 0x00, 0x00, 0x00, 0x00, 0x00, 0x00, 0x00, 0x00, 0x00, 0x00, 0x00, 0x00,
    0x00, 0x00, 0x00, 0x00, 0x0d, 0x1a, 0x13, 0x8e, 0xff, 0xfb, 0xff, 0xff, 0xfd, 0xff, 0xfb, 0xfb,
    0xff, 0xff, 0xff, 0xff, 0xfd, 0xff, 0xf9, 0xff, 0x7c, 0x0b, 0x00, 0x00, 0x40, 0xff, 0xf5, 0xff,
    0xf7, 0xff, 0x64, 0x06, 0x70, 0x01, 0x00, 0x00, 0x00, 0x00, 0x00, 0x00, 0x00, 0x00, 0x00, 0x00,
    0x00, 0x00, 0x00, 0x00, 0x00, 0x00, 0x00, 0x00, 0x00, 0x00, 0x00, 0x00, 0x00, 0x0d, 0x67, 0x04,
    0x00, 0x00, 0x00, 0x00, 0x0f, 0xd9, 0xff, 0xff, 0xff, 0xff, 0xff, 0xff, 0xff, 0xff, 0xff, 0xff,
    0xff, 0xff, 0xff, 0xff, 0xff, 0xfb, 0xff, 0xf7, 0xff, 0xb4, 0x00, 0x00, 0x66, 0xff, 0xf7, 0xff,
    0xfb, 0xff, 0x8b, 0xde, 0xd5, 0x00, 0x00, 0x00, 0x00, 0x00, 0x00, 0x00, 0x00, 0x00, 0x00, 0x00,
    0x00, 0x00, 0x00, 0x00, 0x00, 0x00, 0x00, 0x00, 0x00, 0x00, 0x00, 0x00, 0x00, 0x00, 0xc8, 0xe8,
    0x54, 0x1e, 0x13, 0x15, 0x13, 0x3c, 0xe8, 0xfb, 0xfd, 0xff, 0xff, 0xff, 0xff, 0xff, 0xff, 0xff,
    0xff, 0xff, 0xff, 0xff, 0xff, 0xff, 0xff, 0xff, 0xf9, 0xff, 0x0a, 0x00, 0x2f, 0xff, 0xf7, 0xff,
    0xff, 0xfd, 0xff, 0xff, 0x15, 0x00, 0x00, 0x00, 0x00, 0x00, 0x00, 0x00, 0x00, 0x00, 0x00, 0x00,
    0x00, 0x00, 0x00, 0x00, 0x00, 0x00, 0x00, 0x00, 0x00, 0x00, 0x00, 0x00, 0x00, 0x00, 0x08, 0xeb,
    0xff, 0xff, 0xff, 0xff, 0xff, 0xff, 0xff, 0xff, 0xff, 0xff, 0xff, 0xff, 0xff, 0xff, 0xff, 0xff,
    0xff, 0xff, 0xff, 0xff, 0xff, 0xff, 0xff, 0xff, 0xfb, 0xfd, 0x10, 0x00, 0x04, 0xe6, 0xff, 0xfd,
    0xff, 0xf7, 0xff, 0x24, 0x00, 0x00, 0x00, 0x00, 0x00, 0x00, 0x00, 0x00, 0x00, 0x00, 0x00, 0x00,
    0x00, 0x00, 0x00, 0x00, 0x00, 0x00, 0x00, 0x00, 0x00, 0x00, 0x00, 0x00, 0x00, 0x00, 0x00, 0x0b,
    0xbe, 0xff, 0xf5, 0xf5, 0xf9, 0xfb, 0xff, 0xff, 0xff, 0xff, 0xff, 0xff, 0xff, 0xff, 0xff, 0xff,
    0xff, 0xff, 0xff, 0xff, 0xff, 0xff, 0xff, 0xff, 0xf7, 0xff, 0x4a, 0x00, 0x01, 0xce, 0xff, 0xfd,
    0xf9, 0xff, 0x70, 0x00, 0x00, 0x00, 0x00, 0x00, 0x00, 0x00, 0x00, 0x00, 0x00, 0x00, 0x00, 0x00,
    0x00, 0x00, 0x00, 0x00, 0x00, 0x00, 0x00, 0x00, 0x00, 0x00, 0x00, 0x00, 0x00, 0x00, 0x00, 0x00,
    0x02, 0x6b, 0xff, 0xff, 0xff, 0xff, 0xff, 0xff, 0xff, 0xff, 0xff, 0xff, 0xff, 0xff, 0xff, 0xff,
    0xff, 0xff, 0xff, 0xff, 0xff, 0xff, 0xff, 0xff, 0xfd, 0xfb, 0xe9, 0x05, 0x04, 0xfb, 0xfd, 0xf9,
    0xff, 0x9d, 0x01, 0x00, 0x00, 0x00, 0x00, 0x00, 0x00, 0x00, 0x00, 0x00, 0x00, 0x00, 0x00, 0x00,
    0x00, 0x00, 0x00, 0x00, 0x00, 0x00, 0x00, 0x00, 0x00, 0x00, 0x00, 0x00, 0x00, 0x00, 0x00, 0x00,
    0x00, 0x00, 0x17, 0x9a, 0xfb, 0xfd, 0xff, 0xff, 0xff, 0xff, 0xff, 0xff, 0xff, 0xff, 0xff, 0xff,
    0xff, 0xff, 0xff, 0xff, 0xff, 0xff, 0xff, 0xff, 0xff, 0xfb, 0xff, 0xb0, 0x6c, 0xff, 0xf9, 0xfd,
    0xfd, 0x09, 0x00, 0x00, 0x00, 0x00, 0x00, 0x00, 0x00, 0x00, 0x00, 0x00, 0x00, 0x00, 0x00, 0x00,
    0x00, 0x00, 0x00, 0x00, 0x00, 0x00, 0x00, 0x00, 0x00, 0x00, 0x00, 0x00, 0x00, 0x00, 0x00, 0x00,
    0x00, 0x00, 0x00, 0x06, 0x8b, 0xfd, 0xfb, 0xff, 0xff, 0xff, 0xff, 0xff, 0xff, 0xff, 0xff, 0xff,
    0xff, 0xff, 0xff, 0xff, 0xff, 0xff, 0xff, 0xff, 0xff, 0xff, 0xfd, 0xff, 0xff, 0xff, 0xfd, 0xff,
    0xe2, 0x01, 0x00, 0x00, 0x00, 0x00, 0x00, 0x00, 0x00, 0x00, 0x00, 0x00, 0x00, 0x00, 0x00, 0x00,
    0x00, 0x00, 0x00, 0x00, 0x00, 0x00, 0x00, 0x00, 0x00, 0x00, 0x00, 0x00, 0x00, 0x00, 0x00, 0x00,
    0x38, 0x5e, 0xad, 0xf3, 0xf7, 0xff, 0xff, 0xff, 0xff, 0xff, 0xff, 0xff, 0xff, 0xff, 0xff, 0xff,
    0xff, 0xff, 0xff, 0xff, 0xff, 0xff, 0xff, 0xff, 0xff, 0xff, 0xff, 0xfb, 0xfb, 0xff, 0xfb, 0xff,
    0xc1, 0x00, 0x00, 0x00, 0x00, 0x00, 0x00, 0x00, 0x00, 0x00, 0x00, 0x00, 0x00, 0x00, 0x00, 0x00,
    0x00, 0x00, 0x00, 0x00, 0x00, 0x00, 0x00, 0x00, 0x00, 0x00, 0x00, 0x00, 0x00, 0x00, 0x00, 0x00,
    0x5e, 0xff, 0xff, 0xff, 0xff, 0xff, 0xff, 0xff, 0xff, 0xff, 0xff, 0xff, 0xff, 0xff, 0xff, 0xff,
    0xff, 0xff, 0xff, 0xff, 0xff, 0xff, 0xff, 0xff, 0xff, 0xfb, 0xfd, 0xff, 0xff, 0xff, 0xf9, 0xff,
    0x92, 0x00, 0x00, 0x00, 0x00, 0x00, 0x00, 0x00, 0x00, 0x00, 0x00, 0x00, 0x00, 0x00, 0x00, 0x00,
    0x00, 0x00, 0x00, 0x00, 0x00, 0x00, 0x00, 0x00, 0x00, 0x00, 0x00, 0x00, 0x00, 0x00, 0x00, 0x00,
    0x00, 0x10, 0x80, 0xef, 0xff, 0xfd, 0xff, 0xff, 0xff, 0xff, 0xff, 0xff, 0xff, 0xff, 0xff, 0xff,
    0xff, 0xff, 0xff, 0xff, 0xff, 0xff, 0xff, 0xff, 0xff, 0xff, 0xff, 0xff, 0xff, 0xff, 0xf7, 0xff,
    0x40, 0x00, 0x00, 0x00, 0x00, 0x00, 0x00, 0x00, 0x00, 0x00, 0x28, 0x50, 0x00, 0x00, 0x00, 0x00,
    0x00, 0x00, 0x00, 0x00, 0x00, 0x00, 0x00, 0x00, 0x00, 0x00, 0x00, 0x00, 0x00, 0x00, 0x00, 0x00,
    0x00, 0x00, 0x00, 0x02, 0x35, 0xf5, 0xfb, 0xff, 0xff, 0xff, 0xff, 0xff, 0xff, 0xff, 0xff, 0xff,
    0xff, 0xff, 0xff, 0xff, 0xff, 0xff, 0xff, 0xff, 0xff, 0x9d, 0xd7, 0xff, 0xfd, 0xff, 0xfb, 0xf9,
    0x12, 0x00, 0x00, 0x00, 0x00, 0x00, 0x00, 0x00, 0x00, 0x00, 0xa3, 0xa2, 0x00, 0x00, 0x00, 0x00,
    0x00, 0x00, 0x00, 0x00, 0x00, 0x00, 0x00, 0x00, 0x00, 0x00, 0x00, 0x00, 0x00, 0x00, 0x00, 0x00,
    0x00, 0x00, 0x00, 0x05, 0xb0, 0xf5, 0xf9, 0xff, 0xff, 0xff, 0xff, 0xff, 0xff, 0xff, 0xff, 0xff,
    0xff, 0xff, 0xff, 0xff, 0xff, 0xff, 0xfd, 0xff, 0xdc, 0x14, 0xc8, 0xff, 0xfd, 0xff, 0xf7, 0xff,
    0x28, 0x00, 0x00, 0x00, 0x00, 0x00, 0x00, 0x00, 0x00, 0x2b, 0xff, 0xa6, 0x00, 0x00, 0x00, 0x00,
    0x00, 0x00, 0x00, 0x00, 0x00, 0x00, 0x00, 0x00, 0x00, 0x00, 0x00, 0x00, 0x00, 0x00, 0x00, 0x00,
    0x00, 0x00, 0x00, 0x9e, 0xff, 0xff, 0xff, 0xff, 0xff, 0xff, 0xff, 0xff, 0xff, 0xff, 0xff, 0xff,
    0xff, 0xff, 0xff, 0xff, 0xff, 0xff, 0xff, 0xff, 0xf9, 0xfd, 0xff, 0xff, 0xff, 0xfb, 0xff, 0xd7,
    0x02, 0x00, 0x00, 0x00, 0x00, 0x00, 0x00, 0x00, 0x4c, 0xff, 0xfd, 0xab, 0x00, 0x00, 0x00, 0x00,
    0x00, 0x00, 0x00, 0x00, 0x00, 0x00, 0x00, 0x00, 0x00, 0x00, 0x00, 0x00, 0x00, 0x00, 0x00, 0x00,
    0x00, 0x00, 0x00, 0x0c, 0x37, 0x62, 0xaa, 0xff, 0xfd, 0xff, 0xff, 0xff, 0xff, 0xff, 0xff, 0xff,
    0xff, 0xff, 0xff, 0xff, 0xff, 0xff, 0xff, 0xff, 0xff, 0xff, 0xfd, 0xff, 0xfd, 0xfb, 0xff, 0x17,
    0x00, 0x00, 0x00, 0x00, 0x00, 0x26, 0x13, 0xad, 0xff, 0xf5, 0xfd, 0x89, 0x00, 0x00, 0x00, 0x00,
    0x00, 0x00, 0x00, 0x00, 0x00, 0x00, 0x01, 0x0a, 0x08, 0x00, 0x00, 0x00, 0x00, 0x00, 0x00, 0x00,
    0x00, 0x00, 0x00, 0x00, 0x00, 0x00, 0x4b, 0xfb, 0xf3, 0xff, 0xff, 0xff, 0xff, 0xff, 0xff, 0xff,
    0xff, 0xff, 0xff, 0xff, 0xff, 0xff, 0xff, 0xff, 0xff, 0xfd, 0xff, 0xfd, 0xf7, 0xfd, 0x23, 0x00,
    0x00, 0x00, 0x00, 0x00, 0x5d, 0xff, 0xf5, 0xff, 0xf7, 0xf7, 0xff, 0x43, 0x00, 0x00, 0x00, 0x00,
    0x00, 0x00, 0x00, 0x00, 0x00, 0x00, 0x1c, 0xff, 0xf9, 0xa2, 0x04, 0x00, 0x00, 0x01, 0x01, 0x00,
    0x00, 0x00, 0x00, 0x00, 0x00, 0x00, 0x9b, 0xff, 0xff, 0xfd, 0xff, 0xff, 0xff, 0xff, 0xff, 0xff,
    0xff, 0xff, 0xff, 0xff, 0xff, 0xff, 0xff, 0xff, 0xff, 0xff, 0xff, 0xf7, 0xff, 0x39, 0x00, 0x00,
    0x00, 0x00, 0x00, 0x21, 0xff, 0xf9, 0xff, 0xfb, 0xff, 0xfb, 0xf9, 0x07, 0x00, 0x00, 0x00, 0x00,
    0x00, 0x00, 0x00, 0x00, 0x00, 0x00, 0x00, 0x4a, 0xff, 0xff, 0x95, 0x00, 0x00, 0xa6, 0x91, 0x00,
    0x00, 0x00, 0x00, 0x00, 0x00, 0x00, 0xa6, 0xa6, 0x3d, 0xff, 0xfb, 0xff, 0xff, 0xff, 0xff, 0xff,
    0xff, 0xff, 0xff, 0xff, 0xff, 0xff, 0xff, 0xff, 0xff, 0xff, 0xf9, 0xff, 0xa3, 0x00, 0x00, 0x00,
    0x00, 0x00, 0x01, 0xd3, 0xfd, 0xfb, 0xfd, 0xff, 0xf9, 0xff, 0x66, 0x00, 0x00, 0x00, 0x00, 0x00,
    0x00, 0x00, 0x00, 0x00, 0x00, 0x00, 0x00, 0x00, 0x61, 0xff, 0xff, 0x28, 0x19, 0xff, 0xfd, 0x08,
    0x00, 0x00, 0x00, 0x00, 0x00, 0x00, 0x04, 0x00, 0x00, 0xd1, 0xf9, 0xfb, 0xff, 0xff, 0xff, 0xff,
    0xff, 0xff, 0xff, 0xff, 0xff, 0xff, 0xff, 0xff, 0xff, 0xfd, 0xf9, 0xf7, 0x09, 0x00, 0x00, 0x00,
    0x00, 0x00, 0x23, 0xff, 0xf9, 0xff, 0xff, 0xfb, 0xfd, 0xa5, 0x01, 0x00, 0x00, 0x00, 0x00, 0x00,
    0x00, 0x00, 0x00, 0x00, 0x00, 0x01, 0x2a, 0x4b, 0x27, 0xb9, 0xfd, 0xf7, 0xd5, 0xf5, 0xff, 0x24,
    0x00, 0x00, 0x00, 0x00, 0x00, 0x00, 0x00, 0x00, 0x00, 0x6d, 0xff, 0xf9, 0xff, 0xff, 0xff, 0xff,
    0xff, 0xff, 0xff, 0xff, 0xff, 0xff, 0xff, 0xff, 0xff, 0xf7, 0xff, 0x2e, 0x00, 0x00, 0x00, 0x00,
    0x00, 0x00, 0x6f, 0xfd, 0xf7, 0xff, 0xff, 0xf9, 0xf1, 0xa5, 0x08, 0x00, 0x00, 0x00, 0x00, 0x00,
    0x00, 0x00, 0x00, 0x00, 0x0c, 0xe9, 0xff, 0xff, 0xff, 0xf3, 0xff, 0xff, 0xff, 0xf9, 0xfd, 0x7c,
    0x00, 0x00, 0x00, 0x00, 0x00, 0x00, 0x00, 0x00, 0x00, 0x08, 0x62, 0xe9, 0xff, 0xff, 0xff, 0xff,
    0xff, 0xff, 0xff, 0xff, 0xff, 0xff, 0xff, 0xff, 0xf9, 0xff, 0x66, 0x00, 0x00, 0x00, 0x00, 0x00,
    0x0b, 0x12, 0x92, 0xff, 0xfb, 0xfd, 0xf9, 0xff, 0xff, 0x85, 0x01, 0x00, 0x00, 0x00, 0x00, 0x00,
    0x00, 0x00, 0x00, 0x00, 0x10, 0x5c, 0x91, 0xdc, 0xef, 0xff, 0xff, 0xfd, 0xfd, 0xff, 0xfb, 0xff,
    0x6f, 0x08, 0x00, 0x00, 0x00, 0x00, 0x00, 0x00, 0x24, 0x7c, 0xad, 0xf9, 0xff, 0xff, 0xff, 0xff,
    0xff, 0xff, 0xff, 0xff, 0xff, 0xff, 0xff, 0xfd, 0xfd, 0xd5, 0x01, 0x00, 0x00, 0x00, 0x00, 0x00,
    0x3d, 0x8b, 0x95, 0xff, 0xf9, 0xff, 0xff, 0xd7, 0x40, 0x00, 0x00, 0x00, 0x00, 0x00, 0x00, 0x00,
    0x00, 0x00, 0x00, 0x00, 0x00, 0x00, 0x00, 0x03, 0x7f, 0xf9, 0xf5, 0xfd, 0xff, 0xff, 0xff, 0xfd,
    0xff, 0xfb, 0x97, 0x46, 0x16, 0x08, 0x0d, 0x3b, 0xff, 0xff, 0xff, 0xff, 0xff, 0xff, 0xff, 0xff,
    0xff, 0xff, 0xff, 0xff, 0xff, 0xff, 0xff, 0xf7, 0xff, 0x45, 0x00, 0x00, 0x00, 0x00, 0x00, 0x00,
    0x3c, 0xd7, 0xa0, 0xff, 0xff, 0xd9, 0x2f, 0x02, 0x00, 0x00, 0x00, 0x00, 0x00, 0x00, 0x00, 0x00,
    0x00, 0x00, 0x00, 0x00, 0x00, 0x00, 0x00, 0x7b, 0xfb, 0xff, 0xff, 0xff, 0xf7, 0xf7, 0xfb, 0xff,
    0xf9, 0xff, 0xff, 0xff, 0xff, 0xff, 0xff, 0xff, 0xfb, 0xf9, 0xfd, 0xff, 0xff, 0xff, 0xff, 0xff,
    0xff, 0xff, 0xff, 0xff, 0xff, 0xff, 0xff, 0xfd, 0xff, 0x0b, 0x00, 0x00, 0x00, 0x00, 0x00, 0x00,
    0x1f, 0xff, 0xd1, 0xff, 0xe6, 0x08, 0x00, 0x00, 0x00, 0x00, 0x00, 0x00, 0x00, 0x00, 0x00, 0x00,
    0x00, 0x00, 0x00, 0x00, 0x00, 0x00, 0x56, 0xff, 0xff, 0xc5, 0x88, 0xf7, 0xff, 0xff, 0xff, 0xf9,
    0xff, 0xfd, 0xf9, 0xf7, 0xf9, 0xff, 0xfd, 0xf9, 0xff, 0xff, 0xff, 0xff, 0xff, 0xff, 0xff, 0xff,
    0xff, 0xff, 0xff, 0xff, 0xff, 0xff, 0xff, 0xf9, 0xff, 0x1b, 0x00, 0x00, 0x00, 0x00, 0x00, 0x00,
    0x02, 0xe8, 0xfd, 0xff, 0x67, 0x00, 0x00, 0x00, 0x00, 0x00, 0x00, 0x00, 0x00, 0x00, 0x00, 0x00,
    0x00, 0x00, 0x00, 0x00, 0x00, 0x00, 0x5c, 0x40, 0x14, 0x01, 0x00, 0x07, 0x31, 0x3e, 0xaa, 0xff,
    0xf9, 0xf7, 0xfd, 0xff, 0xff, 0xff, 0xff, 0xff, 0xff, 0xff, 0xff, 0xff, 0xff, 0xff, 0xff, 0xff,
    0xff, 0xff, 0xff, 0xff, 0xff, 0xff, 0xff, 0xf7, 0xff, 0x56, 0x00, 0x00, 0x00, 0x00, 0x00, 0x00,
    0x00, 0x4f, 0xff, 0xfd, 0x42, 0x00, 0x00, 0x00, 0x00, 0x00, 0x00, 0x00, 0x00, 0x00, 0x00, 0x00,
    0x00, 0x00, 0x00, 0x00, 0x00, 0x00, 0x00, 0x00, 0x00, 0x00, 0x00, 0x00, 0x00, 0x00, 0x01, 0x78,
    0xff, 0xff, 0xff, 0xfd, 0xfd, 0xfd, 0xff, 0xfd, 0xfb, 0xfd, 0xff, 0xff, 0xff, 0xff, 0xff, 0xff,
    0xff, 0xff, 0xff, 0xff, 0xff, 0xff, 0xff, 0xf9, 0xff, 0x88, 0x00, 0x00, 0x00, 0x00, 0x00, 0x00,
    0x00, 0x01, 0xc0, 0xff, 0x77, 0x00, 0x00, 0x00, 0x00, 0x00, 0x00, 0x00, 0x00, 0x00, 0x00, 0x00,
    0x00, 0x00, 0x00, 0x00, 0x00, 0x00, 0x00, 0x00, 0x00, 0x00, 0x00, 0x00, 0x00, 0x00, 0x00, 0x00,
    0x0e, 0x59, 0xcf, 0xff, 0xff, 0xff, 0xfd, 0xff, 0xff, 0xff, 0xff, 0xff, 0xff, 0xff, 0xff, 0xff,
    0xff, 0xff, 0xff, 0xff, 0xff, 0xff, 0xff, 0xfb, 0xff, 0xaf, 0x00, 0x00, 0x00, 0x00, 0x00, 0x00,
    0x00, 0x00, 0x03, 0xc8, 0xf7, 0x09, 0x00, 0x0a, 0x03, 0x00, 0x00, 0x00, 0x00, 0x00, 0x00, 0x00,
    0x00, 0x00, 0x00, 0x00, 0x00, 0x00, 0x00, 0x00, 0x00, 0x00, 0x00, 0x00, 0x00, 0x00, 0x00, 0x01,
    0x00, 0x00, 0x30, 0xba, 0xe6, 0xf1, 0xff, 0xd5, 0xa3, 0xcc, 0xff, 0xfd, 0xff, 0xff, 0xff, 0xff,
    0xff, 0xff, 0xff, 0xff, 0xff, 0xff, 0xff, 0xfb, 0xff, 0xb5, 0x00, 0x00, 0x00, 0x00, 0x00, 0x00,
    0x00, 0x00, 0x22, 0x33, 0xda, 0xaf, 0x00, 0x6c, 0x35, 0x00, 0x00, 0x00, 0x00, 0x00, 0x00, 0x00,
    0x00, 0x00, 0x00, 0x00, 0x00, 0x00, 0x00, 0x00, 0x00, 0x00, 0x00, 0x00, 0x00, 0x00, 0x00, 0x07,
    0xb2, 0x6d, 0x33, 0x1a, 0x0d, 0x03, 0x38, 0x6f, 0x67, 0xd5, 0xff, 0xfd, 0xff, 0xff, 0xff, 0xff,
    0xff, 0xff, 0xff, 0xff, 0xff, 0xff, 0xff, 0xf9, 0xff, 0x9a, 0x00, 0x00, 0x00, 0x00, 0x00, 0x00,
    0x00, 0x00, 0x82, 0xff, 0xce, 0xff, 0x4c, 0x69, 0x6c, 0x00, 0x00, 0x00, 0x00, 0x00, 0x00, 0x00,
    0x00, 0x00, 0x00, 0x00, 0x00, 0x00, 0x00, 0x00, 0x00, 0x00, 0x00, 0x00, 0x00, 0x06, 0x14, 0x1c,
    0xa6, 0xff, 0xff, 0xff, 0xd5, 0x77, 0x44, 0xff, 0xff, 0xff, 0xff, 0xff, 0xff, 0xff, 0xff, 0xff,
    0xff, 0xff, 0xff, 0xff, 0xff, 0xff, 0xff, 0xf7, 0xff, 0x67, 0x00, 0x00, 0x00, 0x00, 0x00, 0x00,
    0x00, 0x00, 0x01, 0xa8, 0xff, 0xf5, 0xf5, 0xbc, 0x9d, 0x00, 0x00, 0x00, 0x00, 0x00, 0x00, 0x00,
    0x00, 0x00, 0x00, 0x00, 0x00, 0x00, 0x00, 0x00, 0x00, 0x00, 0x00, 0x13, 0x92, 0xf5, 0xff, 0xff,
    0xfd, 0xf7, 0xf7, 0xfd, 0xff, 0xff, 0xff, 0xf9, 0xf9, 0xfd, 0xff, 0xff, 0xff, 0xff, 0xff, 0xff,
    0xff, 0xff, 0xff, 0xff, 0xff, 0xff, 0xff, 0xf7, 0xff, 0x2f, 0x00, 0x00, 0x00, 0x00, 0x00, 0x00,
    0x00, 0x00, 0x00, 0x01, 0x97, 0xff, 0xf7, 0xff, 0xd7, 0x01, 0x00, 0x00, 0x00, 0x00, 0x00, 0x00,
    0x00, 0x00, 0x00, 0x00, 0x00, 0x00, 0x00, 0x00, 0x00, 0x00, 0x3f, 0xff, 0xff, 0xff, 0xfb, 0xf9,
    0xff, 0xff, 0xff, 0xff, 0xfd, 0xf9, 0xf9, 0xff, 0xff, 0xff, 0xff, 0xff, 0xff, 0xff, 0xff, 0xff,
    0xff, 0xff, 0xff, 0xff, 0xff, 0xff, 0xff, 0xfd, 0xfd, 0x09, 0x00, 0x00, 0x00, 0x00, 0x00, 0x00,
    0x00, 0x00, 0x00, 0x00, 0x01, 0xaa, 0xff, 0xfb, 0xfb, 0x04, 0x00, 0x00, 0x00, 0x00, 0x00, 0x00,
    0x00, 0x00, 0x00, 0x00, 0x00, 0x00, 0x00, 0x00, 0x00, 0x08, 0x9d, 0xe8, 0xf7, 0xfd, 0xff, 0xff,
    0xff, 0xff, 0xff, 0xff, 0xff, 0xff, 0xff, 0xff, 0xff, 0xff, 0xff, 0xff, 0xff, 0xff, 0xff, 0xff,
    0xff, 0xff, 0xff, 0xff, 0xff, 0xff, 0xfb, 0xff, 0xa5, 0x00, 0x00, 0x00, 0x00, 0x00, 0x00, 0x00,
    0x00, 0x00, 0x00, 0x00, 0x00, 0x03, 0xf3, 0xfd, 0xf7, 0x13, 0x00, 0x00, 0x00, 0x00, 0x00, 0x00,
    0x00, 0x00, 0x00, 0x00, 0x00, 0x00, 0x00, 0x00, 0x00, 0x10, 0xa6, 0xf7, 0xfd, 0xff, 0xff, 0xff,
    0xff, 0xff, 0xff, 0xff, 0xff, 0xff, 0xff, 0xff, 0xff, 0xff, 0xff, 0xff, 0xff, 0xff, 0xff, 0xff,
    0xff, 0xff, 0xff, 0xff, 0xff, 0xff, 0xfd, 0xfd, 0xe4, 0x92, 0x2f, 0x01, 0x00, 0x00, 0x00, 0x00,
    0x00, 0x00, 0x00, 0x00, 0x1e, 0x15, 0x66, 0xff, 0xe6, 0xc3, 0x07, 0x00, 0x00, 0x00, 0x00, 0x00,
    0x00, 0x00, 0x00, 0x00, 0x00, 0x00, 0x00, 0x00, 0x13, 0xed, 0xff, 0xfd, 0xff, 0xff, 0xff, 0xff,
    0xff, 0xff, 0xff, 0xff, 0xff, 0xff, 0xff, 0xff, 0xff, 0xff, 0xff, 0xff, 0xff, 0xff, 0xff, 0xff,
    0xff, 0xff, 0xff, 0xff, 0xff, 0xff, 0xff, 0xff, 0xff, 0xff, 0xff, 0xc3, 0x0d, 0x00, 0x00, 0x00,
    0x00, 0x00, 0x00, 0x00, 0x2e, 0xfd, 0x77, 0xff, 0xfd, 0xff, 0x09, 0x00, 0x00, 0x00, 0x00, 0x00,
    0x00, 0x00, 0x00, 0x00, 0x00, 0x00, 0x00, 0x07, 0xe9, 0xff, 0xf9, 0xff, 0xff, 0xff, 0xff, 0xff,
    0xff, 0xff, 0xff, 0xff, 0xff, 0xff, 0xff, 0xff, 0xff, 0xff, 0xff, 0xff, 0xff, 0xff, 0xff, 0xff,
    0xff, 0xff, 0xff, 0xff, 0xff, 0xff, 0xff, 0xff, 0xff, 0xf9, 0xf5, 0xff, 0xdc, 0x02, 0x00, 0x00,
    0x00, 0x00, 0x00, 0x00, 0x05, 0xf5, 0xff, 0xfd, 0xff, 0xf1, 0x04, 0x00, 0x00, 0x00, 0x00, 0x00,
    0x00, 0x00, 0x00, 0x00, 0x00, 0x00, 0x00, 0x9b, 0xff, 0xf7, 0xff, 0xff, 0xff, 0xff, 0xff, 0xff,
    0xff, 0xff, 0xff, 0xff, 0xff, 0xff, 0xff, 0xff, 0xff, 0xff, 0xff, 0xff, 0xff, 0xff, 0xff, 0xff,
    0xff, 0xff, 0xff, 0xff, 0xff, 0xff, 0xff, 0xff, 0xff, 0xff, 0xff, 0xf5, 0xff, 0x23, 0x00, 0x00,
    0x00, 0x00, 0x00, 0x00, 0x00, 0xce, 0xff, 0xf7, 0xfd, 0xaa, 0x00, 0x00, 0x00, 0x00, 0x00, 0x00,
    0x00, 0x00, 0x00, 0x00, 0x00, 0x00, 0x1a, 0xff, 0xfb, 0xff, 0xff, 0xff, 0xff, 0xff, 0xff, 0xff,
    0xff, 0xff, 0xff, 0xff, 0xff, 0xff, 0xff, 0xff, 0xff, 0xff, 0xff, 0xff, 0xff, 0xff, 0xff, 0xff,
    0xff, 0xff, 0xff, 0xff, 0xff, 0xff, 0xff, 0xff, 0xff, 0xff, 0xff, 0xf7, 0xfb, 0x36, 0x00, 0x00,
    0x00, 0x00, 0x00, 0x00, 0x0b, 0xf7, 0xfb, 0xf7, 0xff, 0x38, 0x00, 0x00, 0x00, 0x00, 0x00, 0x00,
    0x00, 0x00, 0x00, 0x00, 0x00, 0x00, 0x75, 0xff, 0xe6, 0xff, 0xff, 0xff, 0xff, 0xff, 0xff, 0xff,
    0xff, 0xff, 0xff, 0xff, 0xff, 0xff, 0xff, 0xff, 0xff, 0xff, 0xff, 0xff, 0xff, 0xff, 0xff, 0xff,
    0xff, 0xff, 0xff, 0xff, 0xff, 0xff, 0xff, 0xff, 0xff, 0xff, 0xff, 0xf9, 0xff, 0x21, 0x00, 0x00,
    0x00, 0x00, 0x00, 0x00, 0x89, 0xff, 0xf5, 0xff, 0xda, 0x01, 0x00, 0x00, 0x00, 0x00, 0x00, 0x00,
    0x00, 0x00, 0x00, 0x00, 0x00, 0x00, 0xbe, 0x43, 0x8f, 0xff, 0xfb, 0xff, 0xff, 0xff, 0xff, 0xff,
    0xff, 0xff, 0xff, 0xff, 0xff, 0xff, 0xff, 0xff, 0xff, 0xff, 0xff, 0xff, 0xff, 0xff, 0xff, 0xff,
    0xff, 0xff, 0xff, 0xff, 0xff, 0xff, 0xff, 0xff, 0xff, 0xff, 0xfd, 0xfb, 0xed, 0x03, 0x00, 0x00,
    0x00, 0x00, 0x1c, 0x38, 0xff, 0xf9, 0xf9, 0xf9, 0x2e, 0x00, 0x00, 0x00, 0x00, 0x00, 0x00, 0x00,
    0x00, 0x00, 0x00, 0x00, 0x00, 0x00, 0x07, 0x00, 0xb0, 0xff, 0xfb, 0xff, 0xff, 0xff, 0xff, 0xff,
    0xff, 0xff, 0xff, 0xff, 0xff, 0xff, 0xff, 0xff, 0xff, 0xff, 0xff, 0xff, 0xff, 0xff, 0xff, 0xff,
    0xff, 0xff, 0xf9, 0xff, 0xff, 0xff, 0xff, 0xff, 0xff, 0xff, 0xf9, 0xff, 0x36, 0x00, 0x00, 0x00,
    0x00, 0x62, 0xf7, 0xf9, 0xfd, 0xfd, 0xf9, 0xed, 0x5c, 0x00, 0x00, 0x00, 0x00, 0x00, 0x00, 0x00,
    0x00, 0x00, 0x00, 0x00, 0x00, 0x00, 0x00, 0x00, 0x98, 0xff, 0xf7, 0xff, 0xff, 0xff, 0xff, 0xff,
    0xff, 0xff, 0xff, 0xff, 0xff, 0xff, 0xff, 0xff, 0xff, 0xff, 0xff, 0xff, 0xff, 0xff, 0xff, 0xff,
    0xfd, 0xf7, 0xff, 0xf9, 0xf3, 0xff, 0xff, 0xff, 0xff, 0xfd, 0xff, 0x4d, 0x00, 0x00, 0x00, 0x07,
    0x8c, 0xff, 0xfd, 0xff, 0xfd, 0xf7, 0xff, 0xf5, 0x11, 0x00, 0x00, 0x00, 0x00, 0x00, 0x00, 0x00,
    0x00, 0x00, 0x00, 0x00, 0x00, 0x00, 0x00, 0x00, 0x5c, 0xfd, 0xff, 0xfd, 0xff, 0xff, 0xff, 0xff,
    0xff, 0xff, 0xff, 0xff, 0xff, 0xff, 0xff, 0xff, 0xff, 0xfb, 0xf7, 0xf9, 0xfb, 0xfb, 0xf9, 0xff,
    0xff, 0xff, 0x6c, 0x2c, 0xed, 0xfb, 0xff, 0xff, 0xfb, 0xf5, 0x49, 0x02, 0x0a, 0x23, 0x6f, 0xef,
    0xff, 0xf9, 0xff, 0xfd, 0xff, 0xff, 0xd9, 0x13, 0x00, 0x00, 0x00, 0x00, 0x00, 0x00, 0x00, 0x00,
    0x00, 0x00, 0x00, 0x00, 0x00, 0x00, 0x00, 0x00, 0x12, 0xff, 0xc7, 0xff, 0xfb, 0xff, 0xff, 0xff,
    0xff, 0xff, 0xff, 0xff, 0xff, 0xff, 0xff, 0xff, 0xff, 0xff, 0xff, 0xff, 0xff, 0xff, 0xff, 0xff,
    0xcf, 0x6c, 0x00, 0x89, 0xfb, 0xf5, 0xfd, 0xff, 0xff, 0xfb, 0xda, 0xf1, 0xff, 0xff, 0xff, 0xff,
    0xf9, 0xff, 0xfb, 0xff, 0xf1, 0x68, 0x04, 0x00, 0x00, 0x00, 0x00, 0x00, 0x00, 0x00, 0x00, 0x00,
    0x00, 0x00, 0x00, 0x00, 0x00, 0x00, 0x00, 0x00, 0x00, 0xba, 0x41, 0x73, 0xff, 0xf3, 0xfb, 0xff,
    0xfd, 0xfb, 0xfd, 0xff, 0xff, 0xff, 0xff, 0xfd, 0xf9, 0x62, 0x44, 0x7f, 0xaa, 0xa5, 0x35, 0x08,
    0x01, 0x00, 0x01, 0xda, 0xff, 0xff, 0xff, 0xf9, 0xfd, 0xff, 0xff, 0xff, 0xff, 0xf9, 0xf9, 0xfd,
    0xff, 0xfd, 0xff, 0xf5, 0x42, 0x00, 0x00, 0x00, 0x00, 0x00, 0x00, 0x00, 0x00, 0x00, 0x00, 0x00,
    0x00, 0x00, 0x00, 0x00, 0x00, 0x00, 0x00, 0x00, 0x00, 0x0a, 0x09, 0x00, 0x98, 0xff, 0xff, 0xfb,
    0xfd, 0xff, 0xff, 0xff, 0xff, 0xff, 0xff, 0xfd, 0xfd, 0xca, 0x4e, 0x05, 0x00, 0x00, 0x00, 0x00,
    0x00, 0x00, 0x00, 0x04, 0x56, 0xbc, 0xf1, 0xff, 0xff, 0xf7, 0xf7, 0xf9, 0xfd, 0xff, 0xfd, 0xf7,
    0xf3, 0xf9, 0x5f, 0x06, 0x00, 0x00, 0x00, 0x00, 0x00, 0x00, 0x00, 0x00, 0x00, 0x00, 0x00, 0x00,
    0x00, 0x00, 0x00, 0x00, 0x00, 0x00, 0x00, 0x00, 0x00, 0x00, 0x00, 0x00, 0x00, 0x3a, 0xc3, 0xff,
    0xff, 0xc5, 0xfd, 0xfd, 0xff, 0xff, 0xff, 0xff, 0xff, 0xff, 0xff, 0xe8, 0x03, 0x00, 0x00, 0x00,
    0x00, 0x00, 0x00, 0x00, 0x00, 0x00, 0x05, 0x33, 0xde, 0xff, 0xff, 0xff, 0xfd, 0xf9, 0xff, 0xff,
    0xff, 0xff, 0x86, 0x00, 0x00, 0x00, 0x00, 0x00, 0x00, 0x00, 0x00, 0x00, 0x00, 0x00, 0x00, 0x00,
    0x00, 0x00, 0x00, 0x00, 0x00, 0x00, 0x00, 0x00, 0x00, 0x00, 0x00, 0x00, 0x00, 0x00, 0x00, 0x11,
    0x1e, 0x00, 0x0c, 0xf7, 0xfb, 0xfb, 0xfd, 0xf9, 0xfd, 0xff, 0xff, 0xff, 0x3f, 0x00, 0x00, 0x00,
    0x00, 0x00, 0x00, 0x00, 0x00, 0x00, 0x00, 0x00, 0x04, 0x35, 0x5c, 0xb2, 0xff, 0xff, 0xe2, 0x62,
    0x67, 0x4f, 0x0f, 0x00, 0x00, 0x00, 0x00, 0x00, 0x00, 0x00, 0x00, 0x00, 0x00, 0x00, 0x00, 0x00,
    0x00, 0x00, 0x00, 0x00, 0x00, 0x00, 0x00, 0x00, 0x00, 0x00, 0x00, 0x00, 0x00, 0x00, 0x00, 0x00,
    0x00, 0x00, 0x00, 0x74, 0xff, 0xff, 0xff, 0xff, 0xff, 0xe6, 0x79, 0xcc, 0x9a, 0x00, 0x00, 0x00,
    0x00, 0x00, 0x00, 0x00, 0x00, 0x00, 0x00, 0x00, 0x00, 0x00, 0x00, 0x00, 0x0b, 0x2c, 0x16, 0x00,
    0x00, 0x00, 0x00, 0x00, 0x00, 0x00, 0x00, 0x00, 0x00, 0x00, 0x00, 0x00, 0x00, 0x00, 0x00, 0x00,
    0x00, 0x00, 0x00, 0x00, 0x00, 0x00, 0x00, 0x00, 0x00, 0x00, 0x00, 0x00, 0x00, 0x00, 0x00, 0x00,
    0x00, 0x00, 0x00, 0x00, 0x10, 0xc0, 0x32, 0x1f, 0xce, 0xaa, 0x00, 0x02, 0x09, 0x00, 0x00, 0x00,
    0x00, 0x00, 0x00, 0x00, 0x00, 0x00, 0x00, 0x00, 0x00, 0x00, 0x00, 0x00, 0x00, 0x00, 0x00, 0x00,
    0x00, 0x00, 0x00, 0x00, 0x00, 0x00, 0x00, 0x00, 0x00, 0x00, 0x00, 0x00, 0x00, 0x00, 0x00, 0x00,
    0x00, 0x00, 0x00, 0x00, 0x00, 0x00, 0x00, 0x00, 0x00, 0x00, 0x00, 0x00, 0x00, 0x00, 0x00, 0x00,
    0x00, 0x00, 0x00, 0x00, 0x00, 0x01, 0x00, 0x00, 0x09, 0x13, 0x00, 0x00, 0x00, 0x00, 0x00, 0x00,
    0x00, 0x00, 0x00, 0x00, 0x00, 0x00, 0x00, 0x00, 0x00, 0x00, 0x00, 0x00, 0x00, 0x00, 0x00, 0x00,
    0x00, 0x00, 0x00, 0x00, 0x00, 0x00, 0x00, 0x00, 0x00, 0x00, 0x00, 0x00, 0x00, 0x00, 0x00, 0x00,
};

const lv_image_dsc_t play_frame_2_dsc = {
    .header.w = 64,
    .header.h = 64,
    .header.cf = LV_COLOR_FORMAT_RGB565A8,
    .data_size = 12288,
    .data = play_frame_2_data,
};

/* Frame 3: frame_003.png */
static const uint8_t play_frame_3_data[] = {
    0x00, 0x00, 0x00, 0x00, 0x00, 0x00, 0x00, 0x00, 0x00, 0x00, 0x00, 0x00, 0x00, 0x00, 0x00, 0x00,
    0x00, 0x00, 0x00, 0x00, 0x00, 0x00, 0x00, 0x00, 0x00, 0x00, 0x00, 0x00, 0x00, 0x00, 0x00, 0x00,
    0x00, 0x00, 0x00, 0x00, 0x00, 0x00, 0x00, 0x00, 0x00, 0x00, 0x00, 0x00, 0x00, 0x00, 0x00, 0x00,
    0x00, 0x00, 0x00, 0x00, 0x00, 0x00, 0x00, 0x00, 0x00, 0x00, 0x00, 0x00, 0x00, 0x00, 0x00, 0x00,
    0x00, 0x00, 0x00, 0x00, 0x00, 0x00, 0x00, 0x00, 0x00, 0x00, 0x00, 0x00, 0x00, 0x00, 0x00, 0x00,
    0x00, 0x00, 0x00, 0x00, 0x00, 0x00, 0x00, 0x00, 0x00, 0x00, 0x00, 0x00, 0x00, 0x00, 0x00, 0x00,
    0x00, 0x00, 0x00, 0x00, 0x00, 0x00, 0x00, 0x00, 0x00, 0x00, 0x00, 0x00, 0x00, 0x00, 0x00, 0x00,
    0x00, 0x00, 0x00, 0x00, 0x00, 0x00, 0x00, 0x00, 0x00, 0x00, 0x00, 0x00, 0x00, 0x00, 0x00, 0x00,
    0x00, 0x00, 0x00, 0x00, 0x00, 0x00, 0x00, 0x00, 0x00, 0x00, 0x00, 0x00, 0x00, 0x00, 0x00, 0x00,
    0x00, 0x00, 0x00, 0x00, 0x00, 0x00, 0x00, 0x00, 0x00, 0x00, 0x00, 0x00, 0x00, 0x00, 0x00, 0x00,
    0x00, 0x00, 0x00, 0x00, 0x00, 0x00, 0x00, 0x00, 0x00, 0x00, 0x00, 0x00, 0x00, 0x00, 0x00, 0x00,
    0x00, 0x00, 0x00, 0x00, 0x00, 0x00, 0x00, 0x00, 0x00, 0x00, 0x00, 0x00, 0x00, 0x00, 0x00, 0x00,
    0x00, 0x00, 0x00, 0x00, 0x00, 0x00, 0x00, 0x00, 0x00, 0x00, 0x00, 0x00, 0x00, 0x00, 0x00, 0x00,
    0x00, 0x00, 0x00, 0x00, 0x00, 0x00, 0x00, 0x00, 0x00, 0x00, 0x00, 0x00, 0x00, 0x00, 0x00, 0x00,
    0x00, 0x00, 0x00, 0x00, 0x00, 0x00, 0x00, 0x00, 0x00, 0x00, 0x00, 0x00, 0x00, 0x00, 0x00, 0x00,
    0x00, 0x00, 0x00, 0x00, 0x00, 0x00, 0x00, 0x00, 0x00, 0x00, 0x00, 0x00, 0x00, 0x00, 0x00, 0x00,
    0x00, 0x00, 0x00, 0x00, 0x00, 0x00, 0x00, 0x00, 0x00, 0x00, 0x00, 0x00, 0x00, 0x00, 0x00, 0x00,
    0x00, 0x00, 0x00, 0x00, 0x00, 0x00, 0x00, 0x00, 0x00, 0x00, 0x00, 0x00, 0x00, 0x00, 0x00, 0x00,
    0x00, 0x00, 0x00, 0x00, 0x00, 0x00, 0x00, 0x00, 0x00, 0x00, 0x00, 0x00, 0x00, 0x00, 0x00, 0x00,
    0x00, 0x00, 0x00, 0x00, 0x00, 0x00, 0x00, 0x00, 0x00, 0x00, 0x00, 0x00, 0x00, 0x00, 0x00, 0x00,
    0x00, 0x00, 0x00, 0x00, 0x00, 0x00, 0x00, 0x00, 0x00, 0x00, 0x00, 0x00, 0x00, 0x00, 0x00, 0x00,
    0x00, 0x00, 0x00, 0x00, 0x00, 0x00, 0x00, 0x00, 0x00, 0x00, 0x00, 0x00, 0x00, 0x00, 0x00, 0x00,
    0x00, 0x00, 0x00, 0x00, 0x00, 0x00, 0x00, 0x00, 0x00, 0x00, 0x00, 0x00, 0x00, 0x00, 0x00, 0x00,
    0x00, 0x00, 0x00, 0x00, 0x00, 0x00, 0x00, 0x00, 0x00, 0x00, 0x00, 0x00, 0x00, 0x00, 0x00, 0x00,
    0x00, 0x00, 0x00, 0x00, 0x00, 0x00, 0x00, 0x00, 0x00, 0x00, 0x00, 0x00, 0x00, 0x00, 0x00, 0x00,
    0x00, 0x00, 0x00, 0x00, 0x00, 0x00, 0x00, 0x00, 0x00, 0x00, 0x00, 0x00, 0x00, 0x00, 0x00, 0x00,
    0x00, 0x00, 0x00, 0x00, 0x00, 0x00, 0x00, 0x00, 0x00, 0x00, 0x00, 0x00, 0x00, 0x00, 0x00, 0x00,
    0x00, 0x00, 0x00, 0x00, 0x00, 0x00, 0x00, 0x00, 0x00, 0x00, 0x00, 0x00, 0x00, 0x00, 0x00, 0x00,
    0x00, 0x00, 0x00, 0x00, 0x00, 0x00, 0x00, 0x00, 0x00, 0x00, 0x00, 0x00, 0x00, 0x00, 0x00, 0x00,
    0x00, 0x00, 0x00, 0x00, 0x00, 0x00, 0x00, 0x00, 0x00, 0x00, 0x00, 0x00, 0x00, 0x00, 0x00, 0x00,
    0x00, 0x00, 0x00, 0x00, 0x00, 0x00, 0x00, 0x00, 0x00, 0x00, 0x00, 0x00, 0x00, 0x00, 0x00, 0x00,
    0x00, 0x00, 0x00, 0x00, 0x00, 0x00, 0x00, 0x00, 0x00, 0x00, 0x00, 0x00, 0x00, 0x00, 0x00, 0x00,
    0x00, 0x00, 0x00, 0x00, 0x00, 0x00, 0x00, 0x00, 0x00, 0x00, 0x00, 0x00, 0x00, 0x00, 0x00, 0x00,
    0x00, 0x00, 0x00, 0x00, 0x00, 0x00, 0x00, 0x00, 0x00, 0x00, 0x00, 0x00, 0x00, 0x00, 0x00, 0x00,
    0x00, 0x00, 0x00, 0x00, 0x00, 0x00, 0x00, 0x00, 0x00, 0x00, 0x00, 0x00, 0x00, 0x00, 0x00, 0x00,
    0x00, 0x00, 0x00, 0x00, 0x00, 0x00, 0x00, 0x00, 0x00, 0x00, 0x00, 0x00, 0x00, 0x00, 0x00, 0x00,
    0x00, 0x00, 0x00, 0x00, 0x00, 0x00, 0x00, 0x00, 0x00, 0x00, 0x00, 0x00, 0x00, 0x00, 0x00, 0x00,
    0x00, 0x00, 0x00, 0x00, 0x00, 0x00, 0x00, 0x00, 0x00, 0x00, 0x00, 0x00, 0x00, 0x00, 0x00, 0x00,
    0x00, 0x00, 0x00, 0x00, 0x00, 0x00, 0x00, 0x00, 0x00, 0x00, 0x00, 0x00, 0x00, 0x00, 0x00, 0x00,
    0x00, 0x00, 0x00, 0x00, 0x00, 0x00, 0x00, 0x00, 0x00, 0x00, 0x00, 0x00, 0x00, 0x00, 0x00, 0x00,
    0x00, 0x00, 0x00, 0x00, 0x00, 0x00, 0x00, 0x00, 0x00, 0x00, 0x00, 0x00, 0x00, 0x00, 0x00, 0x00,
    0x00, 0x00, 0x00, 0x00, 0x00, 0x00, 0x00, 0x00, 0x00, 0x00, 0x20, 0x00, 0xc2, 0x00, 0x00, 0x00,
    0x00, 0x00, 0x00, 0x00, 0x00, 0x00, 0x00, 0x00, 0x00, 0x00, 0x00, 0x00, 0x00, 0x00, 0x00, 0x00,
    0x00, 0x00, 0x00, 0x00, 0x61, 0x00, 0x40, 0x00, 0x00, 0x00, 0x00, 0x00, 0x00, 0x00, 0x00, 0x00,
    0x00, 0x00, 0x00, 0x00, 0x00, 0x00, 0x00, 0x00, 0x00, 0x00, 0x00, 0x00, 0x00, 0x00, 0x00, 0x00,
    0x00, 0x00, 0x00, 0x00, 0x00, 0x00, 0x00, 0x00, 0x00, 0x00, 0x00, 0x00, 0x00, 0x00, 0x00, 0x00,
    0x00, 0x00, 0x00, 0x00, 0x00, 0x00, 0x00, 0x00, 0x00, 0x00, 0x00, 0x00, 0x00, 0x00, 0x00, 0x00,
    0x00, 0x00, 0x00, 0x00, 0x00, 0x00, 0x00, 0x00, 0x00, 0x00, 0x00, 0x00, 0x00, 0x00, 0x00, 0x00,
    0x00, 0x00, 0x00, 0x00, 0x00, 0x00, 0x00, 0x00, 0x00, 0x00, 0x00, 0x00, 0x00, 0x00, 0x00, 0x00,
    0x00, 0x00, 0x00, 0x00, 0x00, 0x00, 0x00, 0x00, 0x00, 0x00, 0x23, 0x00, 0x64, 0x00, 0x00, 0x00,
    0x00, 0x00, 0x00, 0x00, 0x00, 0x00, 0x00, 0x00, 0x00, 0x00, 0x00, 0x00, 0x00, 0x00, 0x00, 0x00,
    0x00, 0x00, 0x00, 0x00, 0xe5, 0x00, 0x61, 0x00, 0x00, 0x00, 0x00, 0x00, 0x00, 0x00, 0x00, 0x00,
    0x00, 0x00, 0x00, 0x00, 0x00, 0x00, 0x00, 0x00, 0x00, 0x00, 0x00, 0x00, 0x00, 0x00, 0x00, 0x00,
    0x00, 0x00, 0x00, 0x00, 0x00, 0x00, 0x00, 0x00, 0x00, 0x00, 0x00, 0x00, 0x00, 0x00, 0x00, 0x00,
    0x00, 0x00, 0x00, 0x00, 0x00, 0x00, 0x00, 0x00, 0x00, 0x00, 0x00, 0x00, 0x00, 0x00, 0x00, 0x00,
    0x00, 0x00, 0x00, 0x00, 0x00, 0x00, 0x00, 0x00, 0x00, 0x00, 0x00, 0x00, 0x00, 0x00, 0x00, 0x00,
    0x00, 0x00, 0x00, 0x00, 0x00, 0x00, 0x00, 0x00, 0x00, 0x00, 0x00, 0x00, 0x00, 0x00, 0x00, 0x00,
    0x00, 0x00, 0x00, 0x00, 0x00, 0x00, 0x00, 0x00, 0x00, 0x00, 0xc5, 0x00, 0xa4, 0x00, 0x00, 0x00,
    0x00, 0x00, 0x00, 0x00, 0x00, 0x00, 0x00, 0x00, 0x61, 0x00, 0xe2, 0x00, 0x00, 0x00, 0x00, 0x00,
    0x00, 0x00, 0x00, 0x00, 0xc8, 0x00, 0xc2, 0x00, 0x00, 0x00, 0x00, 0x00, 0x00, 0x00, 0x00, 0x00,
    0x00, 0x00, 0x00, 0x00, 0x00, 0x00, 0x00, 0x00, 0x00, 0x00, 0x00, 0x00, 0x00, 0x00, 0x00, 0x00,
    0x00, 0x00, 0x00, 0x00, 0x00, 0x00, 0x00, 0x00, 0x00, 0x00, 0x00, 0x00, 0x00, 0x00, 0x00, 0x00,
    0x00, 0x00, 0x00, 0x00, 0x00, 0x00, 0x00, 0x00, 0x00, 0x00, 0x00, 0x00, 0x00, 0x00, 0x00, 0x00,
    0x00, 0x00, 0x00, 0x00, 0x00, 0x00, 0x00, 0x00, 0x00, 0x00, 0x00, 0x00, 0x00, 0x00, 0x00, 0x00,
    0x00, 0x00, 0x00, 0x00, 0x00, 0x00, 0x00, 0x00, 0x00, 0x00, 0x00, 0x00, 0x00, 0x00, 0x00, 0x00,
    0x00, 0x00, 0x00, 0x00, 0x00, 0x00, 0x00, 0x00, 0x00, 0x00, 0x64, 0x00, 0x87, 0x00, 0x00, 0x00,
    0x00, 0x00, 0x00, 0x00, 0x00, 0x00, 0x00, 0x00, 0x43, 0x00, 0x46, 0x00, 0x00, 0x00, 0x00, 0x00,
    0x20, 0x00, 0xc2, 0x00, 0x06, 0x00, 0x08, 0x00, 0x61, 0x00, 0x00, 0x00, 0x00, 0x00, 0x61, 0x00,
    0x20, 0x00, 0x00, 0x00, 0x00, 0x00, 0x00, 0x00, 0x00, 0x00, 0x00, 0x00, 0x00, 0x00, 0x00, 0x00,
    0x00, 0x00, 0x00, 0x00, 0x00, 0x00, 0x00, 0x00, 0x00, 0x00, 0x00, 0x00, 0x00, 0x00, 0x00, 0x00,
    0x00, 0x00, 0x00, 0x00, 0x00, 0x00, 0x00, 0x00, 0x00, 0x00, 0x00, 0x00, 0x00, 0x00, 0x00, 0x00,
    0x00, 0x00, 0x00, 0x00, 0x00, 0x00, 0x00, 0x00, 0x00, 0x00, 0x00, 0x00, 0x00, 0x00, 0x00, 0x00,
    0x00, 0x00, 0x00, 0x00, 0x00, 0x00, 0x00, 0x00, 0x00, 0x00, 0x00, 0x00, 0x00, 0x00, 0x00, 0x00,
    0x00, 0x00, 0x00, 0x00, 0x00, 0x00, 0x00, 0x00, 0x00, 0x00, 0x81, 0x00, 0x29, 0x00, 0x84, 0x00,
    0x00, 0x00, 0x00, 0x00, 0x81, 0x00, 0x00, 0x00, 0xc2, 0x00, 0x8a, 0x00, 0x61, 0x00, 0x00, 0x00,
    0x20, 0x00, 0x27, 0x00, 0x47, 0x00, 0xc7, 0x00, 0xe8, 0x00, 0x43, 0x00, 0x00, 0x00, 0xe2, 0x00,
    0x86, 0x00, 0x00, 0x00, 0x00, 0x00, 0x00, 0x00, 0x00, 0x00, 0x00, 0x00, 0x00, 0x00, 0x00, 0x00,
    0x00, 0x00, 0x00, 0x00, 0x00, 0x00, 0x00, 0x00, 0x00, 0x00, 0x00, 0x00, 0x00, 0x00, 0x00, 0x00,
    0x00, 0x00, 0x00, 0x00, 0x00, 0x00, 0x00, 0x00, 0x00, 0x00, 0x00, 0x00, 0x00, 0x00, 0x00, 0x00,
    0x00, 0x00, 0x00, 0x00, 0x00, 0x00, 0x00, 0x00, 0x00, 0x00, 0x00, 0x00, 0x00, 0x00, 0x00, 0x00,
    0x00, 0x00, 0x00, 0x00, 0x00, 0x00, 0x00, 0x00, 0x00, 0x00, 0x00, 0x00, 0x00, 0x00, 0x00, 0x00,
    0x00, 0x00, 0x00, 0x00, 0x00, 0x00, 0x00, 0x00, 0x00, 0x00, 0x00, 0x00, 0xc5, 0x00, 0xab, 0x00,
    0x26, 0x00, 0x40, 0x00, 0xc2, 0x00, 0x26, 0x00, 0x40, 0x00, 0xc8, 0x00, 0x08, 0x00, 0x61, 0x00,
    0x00, 0x00, 0x65, 0x00, 0x4a, 0x00, 0xc9, 0x00, 0xe6, 0x00, 0xe7, 0x00, 0x66, 0x00, 0xc2, 0x00,
    0xa9, 0x00, 0x46, 0x00, 0x00, 0x00, 0x00, 0x00, 0x00, 0x00, 0x00, 0x00, 0x00, 0x00, 0x00, 0x00,
    0x00, 0x00, 0x00, 0x00, 0x00, 0x00, 0x00, 0x00, 0x00, 0x00, 0x00, 0x00, 0x00, 0x00, 0x00, 0x00,
    0x00, 0x00, 0x00, 0x00, 0x00, 0x00, 0x00, 0x00, 0x00, 0x00, 0x00, 0x00, 0x00, 0x00, 0x00, 0x00,
    0x00, 0x00, 0x00, 0x00, 0x00, 0x00, 0x00, 0x00, 0x00, 0x00, 0x00, 0x00, 0x00, 0x00, 0x00, 0x00,
    0x00, 0x00, 0x00, 0x00, 0x00, 0x00, 0x00, 0x00, 0x00, 0x00, 0x00, 0x00, 0x00, 0x00, 0x00, 0x00,
    0x00, 0x00, 0x00, 0x00, 0x00, 0x00, 0x00, 0x00, 0x00, 0x00, 0x00, 0x00, 0x00, 0x00, 0x64, 0x00,
    0xe9, 0x00, 0xc8, 0x00, 0x84, 0x00, 0x67, 0x00, 0x46, 0x00, 0xa5, 0x00, 0x29, 0x00, 0x69, 0x00,
    0x84, 0x00, 0x02, 0x00, 0x66, 0x00, 0x4a, 0x00, 0x8b, 0x00, 0x27, 0x00, 0x45, 0x00, 0x65, 0x00,
    0xa7, 0x00, 0x2b, 0x00, 0x81, 0x00, 0x00, 0x00, 0x00, 0x00, 0x00, 0x00, 0x00, 0x00, 0x00, 0x00,
    0x00, 0x00, 0x00, 0x00, 0x00, 0x00, 0x00, 0x00, 0x00, 0x00, 0x00, 0x00, 0x00, 0x00, 0x00, 0x00,
    0x00, 0x00, 0x00, 0x00, 0x00, 0x00, 0x00, 0x00, 0x00, 0x00, 0x00, 0x00, 0x00, 0x00, 0x00, 0x00,
    0x00, 0x00, 0x00, 0x00, 0x00, 0x00, 0x00, 0x00, 0x00, 0x00, 0x00, 0x00, 0x00, 0x00, 0x00, 0x00,
    0x00, 0x00, 0x00, 0x00, 0x00, 0x00, 0x00, 0x00, 0x00, 0x00, 0x00, 0x00, 0x00, 0x00, 0x00, 0x00,
    0x00, 0x00, 0x81, 0x00, 0xe5, 0x00, 0x03, 0x00, 0xa2, 0x00, 0xe2, 0x00, 0x84, 0x00, 0x26, 0x00,
    0xa8, 0x00, 0xc8, 0x00, 0xe9, 0x00, 0x88, 0x00, 0x88, 0x00, 0x47, 0x00, 0x47, 0x00, 0x4a, 0x00,
    0xcb, 0x00, 0x08, 0x00, 0xa4, 0x00, 0x66, 0x00, 0xea, 0x00, 0xea, 0x00, 0xe4, 0x00, 0x0b, 0x00,
    0x48, 0x00, 0x68, 0x00, 0xe5, 0x00, 0x02, 0x00, 0x20, 0x00, 0x00, 0x00, 0x00, 0x00, 0x00, 0x00,
    0x00, 0x00, 0x00, 0x00, 0x00, 0x00, 0x00, 0x00, 0x00, 0x00, 0x00, 0x00, 0x00, 0x00, 0x00, 0x00,
    0x00, 0x00, 0x00, 0x00, 0x00, 0x00, 0x00, 0x00, 0x00, 0x00, 0x00, 0x00, 0x00, 0x00, 0x00, 0x00,
    0x00, 0x00, 0x00, 0x00, 0x00, 0x00, 0x00, 0x00, 0x00, 0x00, 0x00, 0x00, 0x00, 0x00, 0x00, 0x00,
    0x00, 0x00, 0x00, 0x00, 0x00, 0x00, 0x00, 0x00, 0x00, 0x00, 0x00, 0x00, 0x00, 0x00, 0x00, 0x00,
    0x00, 0x00, 0x00, 0x00, 0x84, 0x00, 0x29, 0x00, 0x4a, 0x00, 0x4a, 0x00, 0xe9, 0x00, 0x67, 0x00,
    0xa5, 0x00, 0x03, 0x00, 0xe3, 0x00, 0x44, 0x00, 0xa5, 0x00, 0xc5, 0x00, 0xe6, 0x00, 0x47, 0x00,
    0xe8, 0x00, 0x69, 0x00, 0xc7, 0x00, 0x05, 0x00, 0x87, 0x00, 0x48, 0x00, 0x06, 0x00, 0xea, 0x00,
    0xcd, 0x00, 0xc6, 0x00, 0x46, 0x00, 0x48, 0x00, 0x81, 0x00, 0x00, 0x00, 0x00, 0x00, 0x00, 0x00,
    0x00, 0x00, 0x00, 0x00, 0x00, 0x00, 0x00, 0x00, 0x00, 0x00, 0x00, 0x00, 0x00, 0x00, 0x00, 0x00,
    0x00, 0x00, 0x00, 0x00, 0x00, 0x00, 0x00, 0x00, 0x00, 0x00, 0x00, 0x00, 0x00, 0x00, 0x00, 0x00,
    0x00, 0x00, 0x00, 0x00, 0x00, 0x00, 0x00, 0x00, 0x00, 0x00, 0x00, 0x00, 0x00, 0x00, 0x00, 0x00,
    0x00, 0x00, 0x00, 0x00, 0x00, 0x00, 0x00, 0x00, 0x00, 0x00, 0x00, 0x00, 0x00, 0x00, 0x00, 0x00,
    0x00, 0x00, 0x00, 0x00, 0x00, 0x00, 0x81, 0x00, 0x23, 0x00, 0x23, 0x00, 0xa2, 0x00, 0x20, 0x00,
    0x00, 0x00, 0x03, 0x00, 0x64, 0x00, 0x23, 0x00, 0x64, 0x00, 0xa4, 0x00, 0x43, 0x00, 0xe5, 0x00,
    0x46, 0x00, 0x06, 0x00, 0x89, 0x00, 0x05, 0x00, 0xe7, 0x00, 0x67, 0x00, 0xa5, 0x00, 0xa8, 0x00,
    0x0d, 0x00, 0x0b, 0x00, 0xa4, 0x00, 0xea, 0x00, 0x22, 0x00, 0x00, 0x00, 0x00, 0x00, 0x00, 0x00,
    0x00, 0x00, 0x00, 0x00, 0x00, 0x00, 0x00, 0x00, 0x00, 0x00, 0x00, 0x00, 0x00, 0x00, 0x00, 0x00,
    0x00, 0x00, 0x00, 0x00, 0x00, 0x00, 0x00, 0x00, 0x00, 0x00, 0x00, 0x00, 0x00, 0x00, 0x00, 0x00,
    0x00, 0x00, 0x00, 0x00, 0x00, 0x00, 0x00, 0x00, 0x00, 0x00, 0x00, 0x00, 0x00, 0x00, 0x00, 0x00,
    0x00, 0x00, 0x00, 0x00, 0x00, 0x00, 0x00, 0x00, 0x00, 0x00, 0x00, 0x00, 0x00, 0x00, 0x00, 0x00,
    0x00, 0x00, 0x00, 0x00, 0x00, 0x00, 0x00, 0x00, 0x00, 0x00, 0x00, 0x00, 0x00, 0x00, 0x00, 0x00,
    0x00, 0x00, 0xc2, 0x00, 0x26, 0x00, 0x67, 0x00, 0xa8, 0x00, 0x49, 0x00, 0x46, 0x00, 0x63, 0x00,
    0x89, 0x00, 0x25, 0x00, 0x88, 0x00, 0xec, 0x00, 0x48, 0x00, 0xc9, 0x00, 0xc9, 0x00, 0x65, 0x00,
    0x8a, 0x00, 0x0e, 0x00, 0xa9, 0x00, 0x28, 0x00, 0x23, 0x00, 0x00, 0x00, 0x00, 0x00, 0x00, 0x00,
    0x00, 0x00, 0x00, 0x00, 0x00, 0x00, 0x00, 0x00, 0x00, 0x00, 0x00, 0x00, 0x00, 0x00, 0x00, 0x00,
    0x00, 0x00, 0x00, 0x00, 0x00, 0x00, 0x00, 0x00, 0x00, 0x00, 0x00, 0x00, 0x00, 0x00, 0x00, 0x00,
    0x00, 0x00, 0x00, 0x00, 0x00, 0x00, 0x00, 0x00, 0x00, 0x00, 0x00, 0x00, 0x00, 0x00, 0x00, 0x00,
    0x00, 0x00, 0x00, 0x00, 0x00, 0x00, 0x00, 0x00, 0x00, 0x00, 0x00, 0x00, 0x00, 0x00, 0x00, 0x00,
    0x00, 0x00, 0x00, 0x00, 0x00, 0x00, 0x00, 0x00, 0x00, 0x00, 0x00, 0x00, 0x00, 0x00, 0x20, 0x00,
    0x40, 0x00, 0x40, 0x00, 0xa1, 0x00, 0x44, 0x00, 0x44, 0x00, 0x25, 0x00, 0x0a, 0x00, 0xc7, 0x00,
    0x05, 0x00, 0xea, 0x00, 0x2b, 0x00, 0x2d, 0x00, 0x0f, 0x00, 0x2d, 0x00, 0xce, 0x00, 0xec, 0x00,
    0xc8, 0x00, 0xeb, 0x00, 0x4c, 0x00, 0x0c, 0x00, 0x07, 0x00, 0xc2, 0x00, 0x00, 0x00, 0x00, 0x00,
    0x00, 0x00, 0x00, 0x00, 0x00, 0x00, 0x00, 0x00, 0x00, 0x00, 0x00, 0x00, 0x00, 0x00, 0x00, 0x00,
    0x00, 0x00, 0x00, 0x00, 0x00, 0x00, 0x00, 0x00, 0x00, 0x00, 0x00, 0x00, 0x00, 0x00, 0x00, 0x00,
    0x00, 0x00, 0x00, 0x00, 0x00, 0x00, 0x00, 0x00, 0x00, 0x00, 0x00, 0x00, 0x00, 0x00, 0x00, 0x00,
    0x00, 0x00, 0x00, 0x00, 0x00, 0x00, 0x00, 0x00, 0x00, 0x00, 0x00, 0x00, 0x00, 0x00, 0x00, 0x00,
    0x00, 0x00, 0x00, 0x00, 0x00, 0x00, 0x00, 0x00, 0x00, 0x00, 0x00, 0x00, 0x41, 0x00, 0x87, 0x00,
    0x68, 0x00, 0xe9, 0x00, 0x6b, 0x00, 0x4b, 0x00, 0x6b, 0x00, 0x28, 0x00, 0x28, 0x00, 0x0d, 0x00,
    0x8c, 0x00, 0x89, 0x00, 0x6b, 0x00, 0xed, 0x00, 0x4d, 0x00, 0x30, 0x00, 0x0f, 0x00, 0x70, 0x00,
    0xce, 0x00, 0x4d, 0x00, 0x8b, 0x00, 0x70, 0x00, 0x4c, 0x00, 0xc9, 0x00, 0x00, 0x00, 0x00, 0x00,
    0x00, 0x00, 0x00, 0x00, 0x00, 0x00, 0x00, 0x00, 0x00, 0x00, 0x00, 0x00, 0x00, 0x00, 0x00, 0x00,
    0x00, 0x00, 0x00, 0x00, 0x00, 0x00, 0x00, 0x00, 0x00, 0x00, 0x00, 0x00, 0x00, 0x00, 0x00, 0x00,
    0x00, 0x00, 0x00, 0x00, 0x00, 0x00, 0x00, 0x00, 0x00, 0x00, 0x00, 0x00, 0x00, 0x00, 0x00, 0x00,
    0x00, 0x00, 0x00, 0x00, 0x00, 0x00, 0x00, 0x00, 0x00, 0x00, 0x00, 0x00, 0x00, 0x00, 0x00, 0x00,
    0x00, 0x00, 0x00, 0x00, 0x00, 0x00, 0x00, 0x00, 0x00, 0x00, 0x00, 0x00, 0x00, 0x00, 0x61, 0x00,
    0xc5, 0x00, 0x66, 0x00, 0xc7, 0x00, 0xa9, 0x00, 0xcc, 0x00, 0x4d, 0x00, 0x6b, 0x00, 0xa9, 0x00,
    0x4b, 0x00, 0x0d, 0x00, 0x8c, 0x00, 0x4b, 0x00, 0x8c, 0x00, 0x0d, 0x00, 0xce, 0x00, 0x0f, 0x00,
    0x70, 0x00, 0x4f, 0x00, 0x2f, 0x00, 0x4f, 0x00, 0xad, 0x00, 0xee, 0x00, 0xa1, 0x00, 0x00, 0x00,
    0x00, 0x00, 0x00, 0x00, 0x00, 0x00, 0x00, 0x00, 0x00, 0x00, 0x00, 0x00, 0x00, 0x00, 0x00, 0x00,
    0x00, 0x00, 0x00, 0x00, 0x00, 0x00, 0x00, 0x00, 0x00, 0x00, 0x00, 0x00, 0x00, 0x00, 0x00, 0x00,
    0x00, 0x00, 0x00, 0x00, 0x00, 0x00, 0x00, 0x00, 0x00, 0x00, 0x00, 0x00, 0x00, 0x00, 0x00, 0x00,
    0x00, 0x00, 0x00, 0x00, 0x00, 0x00, 0x00, 0x00, 0x00, 0x00, 0x00, 0x00, 0x00, 0x00, 0x00, 0x00,
    0x00, 0x00, 0x00, 0x00, 0x00, 0x00, 0x00, 0x00, 0x00, 0x00, 0x00, 0x00, 0x00, 0x00, 0x00, 0x00,
    0x00, 0x00, 0x23, 0x00, 0x27, 0x00, 0x06, 0x00, 0xc5, 0x00, 0xc7, 0x00, 0x2a, 0x00, 0x6c, 0x00,
    0xea, 0x00, 0xeb, 0x00, 0x0b, 0x00, 0x0b, 0x00, 0xca, 0x00, 0x28, 0x00, 0x48, 0x00, 0x8b, 0x00,
    0x0f, 0x00, 0x4f, 0x00, 0x0e, 0x00, 0x2f, 0x00, 0x0e, 0x00, 0x0e, 0x00, 0xe2, 0x00, 0x00, 0x00,
    0x00, 0x00, 0x00, 0x00, 0x00, 0x00, 0x00, 0x00, 0x00, 0x00, 0x00, 0x00, 0x00, 0x00, 0x00, 0x00,
    0x00, 0x00, 0x42, 0x00, 0x20, 0x00, 0x00, 0x00, 0x00, 0x00, 0x00, 0x00, 0x00, 0x00, 0x00, 0x00,
    0x00, 0x00, 0x00, 0x00, 0x00, 0x00, 0x00, 0x00, 0x00, 0x00, 0x00, 0x00, 0x00, 0x00, 0x00, 0x00,
    0x00, 0x00, 0x00, 0x00, 0x00, 0x00, 0x00, 0x00, 0x00, 0x00, 0x00, 0x00, 0x00, 0x00, 0x00, 0x00,
    0x00, 0x00, 0x00, 0x00, 0x00, 0x00, 0x00, 0x00, 0x00, 0x00, 0x00, 0x00, 0x00, 0x00, 0x40, 0x00,
    0x84, 0x00, 0x64, 0x00, 0x44, 0x00, 0x06, 0x00, 0xa5, 0x00, 0xc2, 0x00, 0xa4, 0x00, 0x69, 0x00,
    0x0b, 0x00, 0x0b, 0x00, 0xca, 0x00, 0x28, 0x00, 0x25, 0x00, 0xe7, 0x00, 0x48, 0x00, 0x65, 0x00,
    0xa8, 0x00, 0xce, 0x00, 0xee, 0x00, 0xae, 0x00, 0xcd, 0x00, 0xc8, 0x00, 0x00, 0x00, 0x00, 0x00,
    0x00, 0x00, 0x00, 0x00, 0x00, 0x00, 0x00, 0x00, 0x00, 0x00, 0x00, 0x00, 0x00, 0x00, 0x00, 0x00,
    0x00, 0x00, 0xc7, 0x00, 0x63, 0x00, 0x00, 0x00, 0x20, 0x00, 0x00, 0x00, 0x00, 0x00, 0x00, 0x00,
    0x00, 0x00, 0x00, 0x00, 0x00, 0x00, 0x00, 0x00, 0x00, 0x00, 0x00, 0x00, 0x00, 0x00, 0x00, 0x00,
    0x00, 0x00, 0x00, 0x00, 0x00, 0x00, 0x00, 0x00, 0x00, 0x00, 0x00, 0x00, 0x00, 0x00, 0x00, 0x00,
    0x00, 0x00, 0x00, 0x00, 0x00, 0x00, 0x00, 0x00, 0x00, 0x00, 0x20, 0x00, 0x84, 0x00, 0x08, 0x00,
    0xe8, 0x00, 0xe6, 0x00, 0x03, 0x00, 0x23, 0x00, 0xe5, 0x00, 0x67, 0x00, 0xe8, 0x00, 0xaa, 0x00,
    0x6b, 0x00, 0xec, 0x00, 0xec, 0x00, 0x8b, 0x00, 0xcc, 0x00, 0x8d, 0x00, 0xee, 0x00, 0x4c, 0x00,
    0x07, 0x00, 0xab, 0x00, 0x4d, 0x00, 0xad, 0x00, 0x8d, 0x00, 0x49, 0x00, 0xe2, 0x00, 0x00, 0x00,
    0x00, 0x00, 0x00, 0x00, 0x00, 0x00, 0x00, 0x00, 0x00, 0x00, 0x00, 0x00, 0x00, 0x00, 0x00, 0x00,
    0x20, 0x00, 0x48, 0x00, 0xea, 0x00, 0xc2, 0x00, 0x00, 0x00, 0x00, 0x00, 0x00, 0x00, 0x00, 0x00,
    0x00, 0x00, 0x00, 0x00, 0x00, 0x00, 0x00, 0x00, 0x00, 0x00, 0x00, 0x00, 0x00, 0x00, 0x00, 0x00,
    0x00, 0x00, 0x00, 0x00, 0x00, 0x00, 0x00, 0x00, 0x00, 0x00, 0x00, 0x00, 0x00, 0x00, 0x00, 0x00,
    0x00, 0x00, 0x00, 0x00, 0x00, 0x00, 0x00, 0x00, 0x00, 0x00, 0xa2, 0x00, 0x26, 0x00, 0x47, 0x00,
    0xc5, 0x00, 0x64, 0x00, 0x23, 0x00, 0xa5, 0x00, 0xa8, 0x00, 0x09, 0x00, 0x69, 0x00, 0xea, 0x00,
    0x6b, 0x00, 0xac, 0x00, 0x0d, 0x00, 0x2d, 0x00, 0x4d, 0x00, 0x2d, 0x00, 0x2c, 0x00, 0x6d, 0x00,
    0x4d, 0x00, 0x8d, 0x00, 0xec, 0x00, 0x6c, 0x00, 0x0d, 0x00, 0xed, 0x00, 0x4c, 0x00, 0xe4, 0x00,
    0x00, 0x00, 0x00, 0x00, 0x00, 0x00, 0x00, 0x00, 0x00, 0x00, 0x00, 0x00, 0x00, 0x00, 0x00, 0x00,
    0x20, 0x00, 0x68, 0x00, 0xcb, 0x00, 0xed, 0x00, 0x25, 0x00, 0x00, 0x00, 0x00, 0x00, 0x00, 0x00,
    0x00, 0x00, 0x00, 0x00, 0x00, 0x00, 0x00, 0x00, 0x00, 0x00, 0x00, 0x00, 0x00, 0x00, 0x00, 0x00,
    0x00, 0x00, 0x00, 0x00, 0x00, 0x00, 0x00, 0x00, 0x00, 0x00, 0x00, 0x00, 0x00, 0x00, 0x00, 0x00,
    0x00, 0x00, 0x00, 0x00, 0x00, 0x00, 0x00, 0x00, 0x00, 0x00, 0x00, 0x00, 0x00, 0x00, 0x00, 0x00,
    0x23, 0x00, 0x47, 0x00, 0xe6, 0x00, 0x64, 0x00, 0x03, 0x00, 0x44, 0x00, 0xa7, 0x00, 0x8a, 0x00,
    0xea, 0x00, 0x0a, 0x00, 0x6b, 0x00, 0x8b, 0x00, 0xe7, 0x00, 0x25, 0x00, 0x8b, 0x00, 0x6d, 0x00,
    0x6d, 0x00, 0x6d, 0x00, 0x4c, 0x00, 0x0b, 0x00, 0xaa, 0x00, 0x8c, 0x00, 0xcd, 0x00, 0xeb, 0x00,
    0x20, 0x00, 0x00, 0x00, 0x00, 0x00, 0x00, 0x00, 0x00, 0x00, 0x00, 0x00, 0x00, 0x00, 0x00, 0x00,
    0x00, 0x00, 0x28, 0x00, 0x09, 0x00, 0xcb, 0x00, 0xce, 0x00, 0x08, 0x00, 0xa1, 0x00, 0x00, 0x00,
    0x00, 0x00, 0x00, 0x00, 0x00, 0x00, 0x00, 0x00, 0x00, 0x00, 0x00, 0x00, 0x00, 0x00, 0x00, 0x00,
    0x00, 0x00, 0x00, 0x00, 0x00, 0x00, 0x00, 0x00, 0x00, 0x00, 0x00, 0x00, 0x00, 0x00, 0x00, 0x00,
    0x00, 0x00, 0x00, 0x00, 0x00, 0x00, 0x00, 0x00, 0x00, 0x00, 0x00, 0x00, 0x00, 0x00, 0x03, 0x00,
    0x09, 0x00, 0xc8, 0x00, 0x27, 0x00, 0xa5, 0x00, 0x24, 0x00, 0x84, 0x00, 0x87, 0x00, 0xe8, 0x00,
    0x49, 0x00, 0x89, 0x00, 0x0a, 0x00, 0xac, 0x00, 0xec, 0x00, 0xc9, 0x00, 0xe7, 0x00, 0x8b, 0x00,
    0x4d, 0x00, 0x4c, 0x00, 0x4d, 0x00, 0xc9, 0x00, 0x45, 0x00, 0x4c, 0x00, 0x8c, 0x00, 0x6a, 0x00,
    0x20, 0x00, 0x00, 0x00, 0x00, 0x00, 0x00, 0x00, 0x00, 0x00, 0x00, 0x00, 0x00, 0x00, 0x00, 0x00,
    0x00, 0x00, 0x46, 0x00, 0x09, 0x00, 0xc7, 0x00, 0xeb, 0x00, 0x6d, 0x00, 0x6b, 0x00, 0x63, 0x00,
    0x00, 0x00, 0x00, 0x00, 0x00, 0x00, 0x00, 0x00, 0x00, 0x00, 0x00, 0x00, 0x00, 0x00, 0x00, 0x00,
    0x00, 0x00, 0x00, 0x00, 0x00, 0x00, 0x00, 0x00, 0x00, 0x00, 0x00, 0x00, 0x00, 0x00, 0x00, 0x00,
    0x00, 0x00, 0x00, 0x00, 0x00, 0x00, 0x00, 0x00, 0x00, 0x00, 0x00, 0x00, 0x61, 0x00, 0xe9, 0x00,
    0x29, 0x00, 0x47, 0x00, 0x84, 0x00, 0x26, 0x00, 0x64, 0x00, 0x47, 0x00, 0x47, 0x00, 0x87, 0x00,
    0xc8, 0x00, 0x08, 0x00, 0x29, 0x00, 0xca, 0x00, 0xec, 0x00, 0x2d, 0x00, 0xab, 0x00, 0x68, 0x00,
    0x88, 0x00, 0x09, 0x00, 0x6a, 0x00, 0xcb, 0x00, 0x0b, 0x00, 0xeb, 0x00, 0x4c, 0x00, 0x06, 0x00,
    0x00, 0x00, 0x00, 0x00, 0x00, 0x00, 0x00, 0x00, 0x00, 0x00, 0x00, 0x00, 0x00, 0x00, 0x00, 0x00,
    0x00, 0x00, 0xc3, 0x00, 0xe8, 0x00, 0x68, 0x00, 0x27, 0x00, 0x09, 0x00, 0xec, 0x00, 0x4b, 0x00,
    0xc1, 0x00, 0x00, 0x00, 0x00, 0x00, 0x00, 0x00, 0x00, 0x00, 0x00, 0x00, 0x00, 0x00, 0x00, 0x00,
    0x00, 0x00, 0x00, 0x00, 0x00, 0x00, 0x00, 0x00, 0x00, 0x00, 0x00, 0x00, 0x00, 0x00, 0x00, 0x00,
    0x00, 0x00, 0x00, 0x00, 0x00, 0x00, 0x00, 0x00, 0x00, 0x00, 0x20, 0x00, 0x47, 0x00, 0xc8, 0x00,
    0xe5, 0x00, 0x03, 0x00, 0xe5, 0x00, 0x67, 0x00, 0x44, 0x00, 0xa5, 0x00, 0x23, 0x00, 0xe6, 0x00,
    0xc8, 0x00, 0x09, 0x00, 0x69, 0x00, 0xaa, 0x00, 0xea, 0x00, 0x4b, 0x00, 0xab, 0x00, 0xab, 0x00,
    0xe9, 0x00, 0x27, 0x00, 0xc6, 0x00, 0xc6, 0x00, 0xc9, 0x00, 0xec, 0x00, 0x4a, 0x00, 0xa1, 0x00,
    0x00, 0x00, 0x00, 0x00, 0x00, 0x00, 0x00, 0x00, 0x00, 0x00, 0x00, 0x00, 0x00, 0x00, 0x00, 0x00,
    0x00, 0x00, 0x60, 0x00, 0xc6, 0x00, 0x09, 0x00, 0xc8, 0x00, 0xc6, 0x00, 0xc9, 0x00, 0xcb, 0x00,
    0x67, 0x00, 0x00, 0x00, 0xa1, 0x00, 0x20, 0x00, 0x00, 0x00, 0x00, 0x00, 0x00, 0x00, 0x00, 0x00,
    0x00, 0x00, 0x00, 0x00, 0x00, 0x00, 0x00, 0x00, 0x00, 0x00, 0x00, 0x00, 0x00, 0x00, 0x00, 0x00,
    0x00, 0x00, 0x00, 0x00, 0x00, 0x00, 0x00, 0x00, 0x00, 0x00, 0x61, 0x00, 0x03, 0x00, 0x61, 0x00,
    0x00, 0x00, 0x43, 0x00, 0x47, 0x00, 0x67, 0x00, 0x44, 0x00, 0x67, 0x00, 0x26, 0x00, 0xa5, 0x00,
    0x26, 0x00, 0x84, 0x00, 0x26, 0x00, 0x86, 0x00, 0x66, 0x00, 0xa6, 0x00, 0x48, 0x00, 0x09, 0x00,
    0x6a, 0x00, 0x4a, 0x00, 0x6a, 0x00, 0x09, 0x00, 0x07, 0x00, 0x85, 0x00, 0xc1, 0x00, 0x00, 0x00,
    0x00, 0x00, 0x00, 0x00, 0x00, 0x00, 0x00, 0x00, 0x00, 0x00, 0x00, 0x00, 0x00, 0x00, 0x00, 0x00,
    0x00, 0x00, 0x00, 0x00, 0x82, 0x00, 0x27, 0x00, 0xa8, 0x00, 0x88, 0x00, 0xe7, 0x00, 0x4a, 0x00,
    0x69, 0x00, 0xa1, 0x00, 0x02, 0x00, 0xc4, 0x00, 0x00, 0x00, 0x00, 0x00, 0x00, 0x00, 0x00, 0x00,
    0x00, 0x00, 0x00, 0x00, 0x00, 0x00, 0x00, 0x00, 0x00, 0x00, 0x00, 0x00, 0x00, 0x00, 0x00, 0x00,
    0x00, 0x00, 0x00, 0x00, 0x00, 0x00, 0x00, 0x00, 0x00, 0x00, 0x00, 0x00, 0x00, 0x00, 0x00, 0x00,
    0x00, 0x00, 0xa5, 0x00, 0x06, 0x00, 0x26, 0x00, 0xc5, 0x00, 0xe9, 0x00, 0xa8, 0x00, 0xc5, 0x00,
    0x84, 0x00, 0x64, 0x00, 0xa4, 0x00, 0xa7, 0x00, 0x87, 0x00, 0x26, 0x00, 0x22, 0x00, 0x02, 0x00,
    0xe4, 0x00, 0x65, 0x00, 0x68, 0x00, 0xc9, 0x00, 0x65, 0x00, 0x00, 0x00, 0x00, 0x00, 0x00, 0x00,
    0x00, 0x00, 0x00, 0x00, 0x00, 0x00, 0x00, 0x00, 0x00, 0x00, 0x00, 0x00, 0x00, 0x00, 0x00, 0x00,
    0x00, 0x00, 0x00, 0x00, 0x00, 0x00, 0xc3, 0x00, 0xe7, 0x00, 0x48, 0x00, 0xc7, 0x00, 0x28, 0x00,
    0x89, 0x00, 0x44, 0x00, 0xe2, 0x00, 0xe8, 0x00, 0x00, 0x00, 0x00, 0x00, 0x00, 0x00, 0x00, 0x00,
    0x00, 0x00, 0x00, 0x00, 0x00, 0x00, 0x00, 0x00, 0x00, 0x00, 0x00, 0x00, 0x00, 0x00, 0x00, 0x00,
    0x00, 0x00, 0x00, 0x00, 0x00, 0x00, 0x00, 0x00, 0x00, 0x00, 0x00, 0x00, 0x00, 0x00, 0x00, 0x00,
    0x00, 0x00, 0x84, 0x00, 0xc5, 0x00, 0xc5, 0x00, 0xa4, 0x00, 0xa8, 0x00, 0xe8, 0x00, 0x87, 0x00,
    0x46, 0x00, 0x06, 0x00, 0xc5, 0x00, 0x26, 0x00, 0x29, 0x00, 0xe8, 0x00, 0x66, 0x00, 0x20, 0x00,
    0x00, 0x00, 0x00, 0x00, 0x40, 0x00, 0x40, 0x00, 0x00, 0x00, 0x00, 0x00, 0x00, 0x00, 0x00, 0x00,
    0x00, 0x00, 0x00, 0x00, 0x00, 0x00, 0x00, 0x00, 0x00, 0x00, 0x00, 0x00, 0x00, 0x00, 0x00, 0x00,
    0x00, 0x00, 0x00, 0x00, 0x00, 0x00, 0x00, 0x00, 0xc1, 0x00, 0xe6, 0x00, 0xe8, 0x00, 0x67, 0x00,
    0x47, 0x00, 0x26, 0x00, 0xe4, 0x00, 0x0b, 0x00, 0xa1, 0x00, 0x00, 0x00, 0x00, 0x00, 0x00, 0x00,
    0x00, 0x00, 0x00, 0x00, 0x00, 0x00, 0x00, 0x00, 0x00, 0x00, 0x00, 0x00, 0x00, 0x00, 0x00, 0x00,
    0x00, 0x00, 0x00, 0x00, 0x00, 0x00, 0x00, 0x00, 0x00, 0x00, 0x00, 0x00, 0x00, 0x00, 0x00, 0x00,
    0x00, 0x00, 0xc2, 0x00, 0xe2, 0x00, 0x64, 0x00, 0x67, 0x00, 0x64, 0x00, 0x87, 0x00, 0x29, 0x00,
    0x8a, 0x00, 0xa7, 0x00, 0xe8, 0x00, 0x86, 0x00, 0xa7, 0x00, 0xeb, 0x00, 0x0b, 0x00, 0xa9, 0x00,
    0xa4, 0x00, 0x00, 0x00, 0x00, 0x00, 0x00, 0x00, 0x00, 0x00, 0x00, 0x00, 0x00, 0x00, 0x00, 0x00,
    0x00, 0x00, 0x00, 0x00, 0x00, 0x00, 0x00, 0x00, 0x00, 0x00, 0x00, 0x00, 0x00, 0x00, 0x00, 0x00,
    0x00, 0x00, 0x00, 0x00, 0x00, 0x00, 0x42, 0x00, 0x25, 0x00, 0xc4, 0x00, 0xa5, 0x00, 0xc8, 0x00,
    0x85, 0x00, 0xa5, 0x00, 0xc6, 0x00, 0x4b, 0x00, 0x63, 0x00, 0x00, 0x00, 0x00, 0x00, 0x00, 0x00,
    0x00, 0x00, 0x00, 0x00, 0x00, 0x00, 0x00, 0x00, 0x00, 0x00, 0x00, 0x00, 0x00, 0x00, 0x00, 0x00,
    0x00, 0x00, 0x00, 0x00, 0x00, 0x00, 0x00, 0x00, 0x61, 0x00, 0xa1, 0x00, 0x20, 0x00, 0x00, 0x00,
    0x00, 0x00, 0x00, 0x00, 0x00, 0x00, 0x81, 0x00, 0xe8, 0x00, 0xa4, 0x00, 0xa4, 0x00, 0x67, 0x00,
    0x6a, 0x00, 0x28, 0x00, 0xaa, 0x00, 0x2b, 0x00, 0xea, 0x00, 0x0a, 0x00, 0xac, 0x00, 0xac, 0x00,
    0x8b, 0x00, 0x89, 0x00, 0x43, 0x00, 0x00, 0x00, 0x00, 0x00, 0x00, 0x00, 0x00, 0x00, 0x00, 0x00,
    0x00, 0x00, 0x00, 0x00, 0x00, 0x00, 0x00, 0x00, 0x00, 0x00, 0x00, 0x00, 0x00, 0x00, 0x00, 0x00,
    0x00, 0x00, 0x00, 0x00, 0x00, 0x00, 0x61, 0x00, 0x45, 0x00, 0x88, 0x00, 0xe6, 0x00, 0x68, 0x00,
    0x88, 0x00, 0x04, 0x00, 0x07, 0x00, 0x2b, 0x00, 0x83, 0x00, 0x00, 0x00, 0x00, 0x00, 0x00, 0x00,
    0x00, 0x00, 0x00, 0x00, 0x00, 0x00, 0x00, 0x00, 0x00, 0x00, 0x00, 0x00, 0x00, 0x00, 0x00, 0x00,
    0x00, 0x00, 0x00, 0x00, 0x00, 0x00, 0x00, 0x00, 0x40, 0x00, 0x66, 0x00, 0x89, 0x00, 0xc7, 0x00,
    0xe2, 0x00, 0x00, 0x00, 0x00, 0x00, 0x00, 0x00, 0x43, 0x00, 0xc5, 0x00, 0x23, 0x00, 0x46, 0x00,
    0x67, 0x00, 0x87, 0x00, 0xe8, 0x00, 0xa9, 0x00, 0x6b, 0x00, 0xab, 0x00, 0x8b, 0x00, 0x2e, 0x00,
    0xed, 0x00, 0xcd, 0x00, 0x0e, 0x00, 0x26, 0x00, 0x00, 0x00, 0x00, 0x00, 0x00, 0x00, 0x00, 0x00,
    0x00, 0x00, 0x00, 0x00, 0x00, 0x00, 0x00, 0x00, 0x00, 0x00, 0x00, 0x00, 0x00, 0x00, 0x00, 0x00,
    0x00, 0x00, 0x00, 0x00, 0x00, 0x00, 0x00, 0x00, 0x00, 0x00, 0xe2, 0x00, 0xa6, 0x00, 0x27, 0x00,
    0x48, 0x00, 0x45, 0x00, 0x07, 0x00, 0xaa, 0x00, 0x63, 0x00, 0x00, 0x00, 0x00, 0x00, 0x00, 0x00,
    0x00, 0x00, 0x00, 0x00, 0x00, 0x00, 0x00, 0x00, 0x00, 0x00, 0x00, 0x00, 0x00, 0x00, 0x00, 0x00,
    0x00, 0x00, 0x00, 0x00, 0x40, 0x00, 0xa1, 0x00, 0x02, 0x00, 0x02, 0x00, 0xc4, 0x00, 0xa9, 0x00,
    0x0a, 0x00, 0x66, 0x00, 0x81, 0x00, 0x61, 0x00, 0x40, 0x00, 0x40, 0x00, 0x20, 0x00, 0x84, 0x00,
    0x06, 0x00, 0x06, 0x00, 0x86, 0x00, 0x48, 0x00, 0x2a, 0x00, 0x2c, 0x00, 0x2b, 0x00, 0x2d, 0x00,
    0x52, 0x00, 0x72, 0x00, 0x72, 0x00, 0x52, 0x00, 0xeb, 0x00, 0x20, 0x00, 0x00, 0x00, 0x00, 0x00,
    0x00, 0x00, 0x00, 0x00, 0x00, 0x00, 0x00, 0x00, 0x00, 0x00, 0x00, 0x00, 0x00, 0x00, 0x00, 0x00,
    0x00, 0x00, 0x00, 0x00, 0x00, 0x00, 0x00, 0x00, 0x00, 0x00, 0x00, 0x00, 0x40, 0x00, 0x25, 0x00,
    0xe7, 0x00, 0x66, 0x00, 0xa6, 0x00, 0x6a, 0x00, 0xe2, 0x00, 0x00, 0x00, 0x00, 0x00, 0x00, 0x00,
    0x00, 0x00, 0x00, 0x00, 0x00, 0x00, 0x00, 0x00, 0x00, 0x00, 0x00, 0x00, 0x00, 0x00, 0x00, 0x00,
    0x02, 0x00, 0xe7, 0x00, 0xea, 0x00, 0x6b, 0x00, 0x2a, 0x00, 0x08, 0x00, 0xa4, 0x00, 0x84, 0x00,
    0x28, 0x00, 0x68, 0x00, 0x86, 0x00, 0xa4, 0x00, 0x46, 0x00, 0x81, 0x00, 0x00, 0x00, 0x61, 0x00,
    0x84, 0x00, 0x46, 0x00, 0x0a, 0x00, 0xeb, 0x00, 0xab, 0x00, 0xcb, 0x00, 0x0b, 0x00, 0x69, 0x00,
    0x8c, 0x00, 0xb0, 0x00, 0x31, 0x00, 0x72, 0x00, 0x34, 0x00, 0x29, 0x00, 0x00, 0x00, 0x00, 0x00,
    0x00, 0x00, 0x00, 0x00, 0x00, 0x00, 0x00, 0x00, 0x00, 0x00, 0x00, 0x00, 0x00, 0x00, 0x00, 0x00,
    0x00, 0x00, 0x00, 0x00, 0x00, 0x00, 0x00, 0x00, 0x00, 0x00, 0x00, 0x00, 0x00, 0x00, 0x00, 0x00,
    0x46, 0x00, 0x46, 0x00, 0xa6, 0x00, 0xe9, 0x00, 0x40, 0x00, 0x00, 0x00, 0x00, 0x00, 0x00, 0x00,
    0x00, 0x00, 0x00, 0x00, 0x00, 0x00, 0x00, 0x00, 0x00, 0x00, 0x00, 0x00, 0x00, 0x00, 0x43, 0x00,
    0x07, 0x00, 0x69, 0x00, 0x69, 0x00, 0xa7, 0x00, 0x45, 0x00, 0xc7, 0x00, 0xea, 0x00, 0x6b, 0x00,
    0x2a, 0x00, 0xc9, 0x00, 0x89, 0x00, 0x87, 0x00, 0x26, 0x00, 0xa4, 0x00, 0x40, 0x00, 0xc2, 0x00,
    0xe5, 0x00, 0xa9, 0x00, 0x6a, 0x00, 0xad, 0x00, 0xad, 0x00, 0x4c, 0x00, 0x8a, 0x00, 0x89, 0x00,
    0xaa, 0x00, 0xd0, 0x00, 0xd0, 0x00, 0xb0, 0x00, 0x31, 0x00, 0x4f, 0x00, 0x81, 0x00, 0x00, 0x00,
    0x00, 0x00, 0x00, 0x00, 0x00, 0x00, 0x00, 0x00, 0x00, 0x00, 0x00, 0x00, 0x00, 0x00, 0x00, 0x00,
    0x00, 0x00, 0x00, 0x00, 0x00, 0x00, 0x00, 0x00, 0x00, 0x00, 0x00, 0x00, 0x40, 0x00, 0x23, 0x00,
    0xc2, 0x00, 0x26, 0x00, 0xe7, 0x00, 0xe7, 0x00, 0x00, 0x00, 0x00, 0x00, 0x00, 0x00, 0x00, 0x00,
    0x00, 0x00, 0x00, 0x00, 0x00, 0x00, 0x00, 0x00, 0x00, 0x00, 0x00, 0x00, 0x00, 0x00, 0x00, 0x00,
    0x00, 0x00, 0x02, 0x00, 0xa4, 0x00, 0x05, 0x00, 0x89, 0x00, 0x6b, 0x00, 0x0d, 0x00, 0x4d, 0x00,
    0xec, 0x00, 0xab, 0x00, 0x0a, 0x00, 0x08, 0x00, 0x46, 0x00, 0x05, 0x00, 0x26, 0x00, 0x66, 0x00,
    0xa7, 0x00, 0x6b, 0x00, 0xab, 0x00, 0x4c, 0x00, 0x4c, 0x00, 0x8c, 0x00, 0x8a, 0x00, 0x8a, 0x00,
    0xaa, 0x00, 0x6f, 0x00, 0x72, 0x00, 0x32, 0x00, 0x6f, 0x00, 0x8f, 0x00, 0x08, 0x00, 0x00, 0x00,
    0x00, 0x00, 0x00, 0x00, 0x00, 0x00, 0x00, 0x00, 0x00, 0x00, 0x00, 0x00, 0x00, 0x00, 0x00, 0x00,
    0x00, 0x00, 0x00, 0x00, 0x00, 0x00, 0x00, 0x00, 0x00, 0x00, 0x00, 0x00, 0x00, 0x00, 0xc4, 0x00,
    0x26, 0x00, 0xe5, 0x00, 0xe7, 0x00, 0xc4, 0x00, 0x00, 0x00, 0x00, 0x00, 0x00, 0x00, 0x00, 0x00,
    0x00, 0x00, 0x00, 0x00, 0x00, 0x00, 0x00, 0x00, 0x00, 0x00, 0x00, 0x00, 0x00, 0x00, 0xa1, 0x00,
    0xa7, 0x00, 0xa7, 0x00, 0xa6, 0x00, 0xa9, 0x00, 0x8b, 0x00, 0xab, 0x00, 0xae, 0x00, 0xef, 0x00,
    0x2c, 0x00, 0x2d, 0x00, 0x2a, 0x00, 0x28, 0x00, 0x28, 0x00, 0x48, 0x00, 0xc7, 0x00, 0x66, 0x00,
    0xa6, 0x00, 0xc9, 0x00, 0x2a, 0x00, 0xcb, 0x00, 0xcb, 0x00, 0x8a, 0x00, 0x29, 0x00, 0x49, 0x00,
    0x29, 0x00, 0x4e, 0x00, 0xf0, 0x00, 0x11, 0x00, 0x72, 0x00, 0x6f, 0x00, 0xcd, 0x00, 0x20, 0x00,
    0x00, 0x00, 0x00, 0x00, 0x00, 0x00, 0x00, 0x00, 0x00, 0x00, 0x00, 0x00, 0x00, 0x00, 0x00, 0x00,
    0x00, 0x00, 0x00, 0x00, 0x00, 0x00, 0x00, 0x00, 0x00, 0x00, 0x00, 0x00, 0x00, 0x00, 0x40, 0x00,
    0xc7, 0x00, 0x46, 0x00, 0x86, 0x00, 0x81, 0x00, 0x00, 0x00, 0x00, 0x00, 0x00, 0x00, 0x00, 0x00,
    0x00, 0x00, 0x00, 0x00, 0x00, 0x00, 0x00, 0x00, 0x00, 0x00, 0x00, 0x00, 0x81, 0x00, 0xc9, 0x00,
    0x69, 0x00, 0x46, 0x00, 0x89, 0x00, 0x6b, 0x00, 0x8b, 0x00, 0x4d, 0x00, 0x0c, 0x00, 0x8b, 0x00,
    0xea, 0x00, 0x4a, 0x00, 0x0a, 0x00, 0x68, 0x00, 0xa9, 0x00, 0x69, 0x00, 0x66, 0x00, 0x66, 0x00,
    0x86, 0x00, 0x48, 0x00, 0xa9, 0x00, 0x2a, 0x00, 0x8a, 0x00, 0x8a, 0x00, 0xe9, 0x00, 0xc8, 0x00,
    0xc9, 0x00, 0x6c, 0x00, 0x6f, 0x00, 0xd0, 0x00, 0xf0, 0x00, 0x31, 0x00, 0x4e, 0x00, 0x61, 0x00,
    0x00, 0x00, 0x00, 0x00, 0x00, 0x00, 0x00, 0x00, 0x00, 0x00, 0x00, 0x00, 0x00, 0x00, 0x00, 0x00,
    0x00, 0x00, 0x00, 0x00, 0x00, 0x00, 0x00, 0x00, 0x00, 0x00, 0x00, 0x00, 0x00, 0x00, 0x00, 0x00,
    0x25, 0x00, 0x29, 0x00, 0x84, 0x00, 0xe2, 0x00, 0xe2, 0x00, 0x00, 0x00, 0x00, 0x00, 0x00, 0x00,
    0x00, 0x00, 0x00, 0x00, 0x00, 0x00, 0x00, 0x00, 0x00, 0x00, 0x00, 0x00, 0x07, 0x00, 0x0a, 0x00,
    0x05, 0x00, 0xe7, 0x00, 0x4b, 0x00, 0x6b, 0x00, 0x6b, 0x00, 0xab, 0x00, 0xec, 0x00, 0x0a, 0x00,
    0x89, 0x00, 0x48, 0x00, 0xe7, 0x00, 0xe7, 0x00, 0x08, 0x00, 0xe7, 0x00, 0x46, 0x00, 0x26, 0x00,
    0x46, 0x00, 0x28, 0x00, 0xa9, 0x00, 0x6a, 0x00, 0x8b, 0x00, 0x2a, 0x00, 0x6a, 0x00, 0x67, 0x00,
    0xc9, 0x00, 0x8c, 0x00, 0x0a, 0x00, 0x2e, 0x00, 0x8f, 0x00, 0xb0, 0x00, 0xed, 0x00, 0x40, 0x00,
    0x00, 0x00, 0x00, 0x00, 0x00, 0x00, 0x00, 0x00, 0x00, 0x00, 0x00, 0x00, 0x00, 0x00, 0x00, 0x00,
    0x00, 0x00, 0x00, 0x00, 0x00, 0x00, 0x00, 0x00, 0x00, 0x00, 0x00, 0x00, 0x00, 0x00, 0x00, 0x00,
    0xe5, 0x00, 0x08, 0x00, 0x43, 0x00, 0x48, 0x00, 0x81, 0x00, 0x00, 0x00, 0x00, 0x00, 0x00, 0x00,
    0x00, 0x00, 0x00, 0x00, 0x00, 0x00, 0x00, 0x00, 0x00, 0x00, 0x63, 0x00, 0xea, 0x00, 0xa6, 0x00,
    0xc7, 0x00, 0x89, 0x00, 0x0a, 0x00, 0x4b, 0x00, 0x6b, 0x00, 0x0c, 0x00, 0x4b, 0x00, 0x69, 0x00,
    0x69, 0x00, 0x28, 0x00, 0xc7, 0x00, 0xa7, 0x00, 0xc7, 0x00, 0x66, 0x00, 0x26, 0x00, 0x66, 0x00,
    0xe5, 0x00, 0x08, 0x00, 0xa9, 0x00, 0x09, 0x00, 0x6a, 0x00, 0xcb, 0x00, 0xab, 0x00, 0x0b, 0x00,
    0x49, 0x00, 0xc9, 0x00, 0x2b, 0x00, 0x4b, 0x00, 0xed, 0x00, 0x2e, 0x00, 0x0b, 0x00, 0xa1, 0x00,
    0x00, 0x00, 0x00, 0x00, 0x00, 0x00, 0x00, 0x00, 0x00, 0x00, 0x00, 0x00, 0x00, 0x00, 0x00, 0x00,
    0x00, 0x00, 0x00, 0x00, 0x00, 0x00, 0x00, 0x00, 0x00, 0x00, 0x00, 0x00, 0x00, 0x00, 0x00, 0x00,
    0x66, 0x00, 0xc8, 0x00, 0x86, 0x00, 0xe7, 0x00, 0x00, 0x00, 0x00, 0x00, 0x00, 0x00, 0x00, 0x00,
    0x00, 0x00, 0x00, 0x00, 0x00, 0x00, 0x00, 0x00, 0x00, 0x00, 0xa7, 0x00, 0x66, 0x00, 0xe5, 0x00,
    0x49, 0x00, 0x69, 0x00, 0x2b, 0x00, 0xa9, 0x00, 0xa9, 0x00, 0xa9, 0x00, 0x48, 0x00, 0xe8, 0x00,
    0xa7, 0x00, 0xa7, 0x00, 0xa7, 0x00, 0x46, 0x00, 0x05, 0x00, 0x05, 0x00, 0x46, 0x00, 0x26, 0x00,
    0x64, 0x00, 0x86, 0x00, 0x89, 0x00, 0xe9, 0x00, 0x2a, 0x00, 0x6a, 0x00, 0xab, 0x00, 0x0b, 0x00,
    0xcb, 0x00, 0x8a, 0x00, 0x88, 0x00, 0x4b, 0x00, 0x2b, 0x00, 0x0b, 0x00, 0xca, 0x00, 0x66, 0x00,
    0x81, 0x00, 0x00, 0x00, 0x00, 0x00, 0x00, 0x00, 0x00, 0x00, 0x00, 0x00, 0x00, 0x00, 0x00, 0x00,
    0x00, 0x00, 0x00, 0x00, 0x00, 0x00, 0x00, 0x00, 0x00, 0x00, 0x00, 0x00, 0x00, 0x00, 0x20, 0x00,
    0xe8, 0x00, 0xe8, 0x00, 0x28, 0x00, 0x43, 0x00, 0x00, 0x00, 0x00, 0x00, 0x00, 0x00, 0x00, 0x00,
    0x00, 0x00, 0x00, 0x00, 0x00, 0x00, 0x00, 0x00, 0x81, 0x00, 0xc5, 0x00, 0x81, 0x00, 0x67, 0x00,
    0xe8, 0x00, 0x28, 0x00, 0x89, 0x00, 0x48, 0x00, 0x49, 0x00, 0xe8, 0x00, 0xa7, 0x00, 0x28, 0x00,
    0x4b, 0x00, 0xec, 0x00, 0x2d, 0x00, 0x2d, 0x00, 0xc9, 0x00, 0x25, 0x00, 0x06, 0x00, 0xe5, 0x00,
    0x43, 0x00, 0xc5, 0x00, 0x28, 0x00, 0x68, 0x00, 0x88, 0x00, 0xa9, 0x00, 0x09, 0x00, 0x09, 0x00,
    0x6a, 0x00, 0x8a, 0x00, 0x6a, 0x00, 0x68, 0x00, 0x0b, 0x00, 0xca, 0x00, 0x69, 0x00, 0xc6, 0x00,
    0x48, 0x00, 0x20, 0x00, 0x00, 0x00, 0x00, 0x00, 0x40, 0x00, 0xe4, 0x00, 0x86, 0x00, 0x65, 0x00,
    0x61, 0x00, 0x00, 0x00, 0x00, 0x00, 0x00, 0x00, 0x00, 0x00, 0x00, 0x00, 0x00, 0x00, 0xc2, 0x00,
    0x69, 0x00, 0x08, 0x00, 0x05, 0x00, 0x00, 0x00, 0x00, 0x00, 0x00, 0x00, 0x00, 0x00, 0x00, 0x00,
    0x00, 0x00, 0x00, 0x00, 0x00, 0x00, 0x00, 0x00, 0x40, 0x00, 0x00, 0x00, 0x23, 0x00, 0xa8, 0x00,
    0xe8, 0x00, 0xc8, 0x00, 0xc8, 0x00, 0x49, 0x00, 0xc7, 0x00, 0x87, 0x00, 0x89, 0x00, 0x6b, 0x00,
    0xcc, 0x00, 0x6d, 0x00, 0x50, 0x00, 0x0f, 0x00, 0xad, 0x00, 0xab, 0x00, 0x05, 0x00, 0xa5, 0x00,
    0x64, 0x00, 0x03, 0x00, 0x46, 0x00, 0xa7, 0x00, 0xe7, 0x00, 0xc7, 0x00, 0x66, 0x00, 0xc6, 0x00,
    0xa9, 0x00, 0x4a, 0x00, 0xcb, 0x00, 0xe9, 0x00, 0x69, 0x00, 0xca, 0x00, 0x86, 0x00, 0xe7, 0x00,
    0x2a, 0x00, 0xe4, 0x00, 0x00, 0x00, 0x40, 0x00, 0x27, 0x00, 0x07, 0x00, 0x25, 0x00, 0x22, 0x00,
    0x20, 0x00, 0x00, 0x00, 0x00, 0x00, 0x00, 0x00, 0x00, 0x00, 0x00, 0x00, 0x00, 0x00, 0x25, 0x00,
    0xca, 0x00, 0xe5, 0x00, 0x00, 0x00, 0x00, 0x00, 0x00, 0x00, 0x00, 0x00, 0x00, 0x00, 0x00, 0x00,
    0x00, 0x00, 0x00, 0x00, 0x00, 0x00, 0x00, 0x00, 0x00, 0x00, 0x00, 0x00, 0x27, 0x00, 0x68, 0x00,
    0xc8, 0x00, 0x87, 0x00, 0xe8, 0x00, 0xe8, 0x00, 0xa7, 0x00, 0x69, 0x00, 0x6b, 0x00, 0x4d, 0x00,
    0xcc, 0x00, 0x0c, 0x00, 0xae, 0x00, 0x8d, 0x00, 0x2c, 0x00, 0x6d, 0x00, 0xc9, 0x00, 0x64, 0x00,
    0xc5, 0x00, 0xe5, 0x00, 0xe5, 0x00, 0xc5, 0x00, 0xc5, 0x00, 0xc4, 0x00, 0x63, 0x00, 0x84, 0x00,
    0x48, 0x00, 0xa8, 0x00, 0x4a, 0x00, 0x49, 0x00, 0x27, 0x00, 0xe5, 0x00, 0x86, 0x00, 0x28, 0x00,
    0x68, 0x00, 0x68, 0x00, 0xc2, 0x00, 0xe4, 0x00, 0xa9, 0x00, 0xc6, 0x00, 0xa6, 0x00, 0xa3, 0x00,
    0x00, 0x00, 0x00, 0x00, 0x00, 0x00, 0x00, 0x00, 0x00, 0x00, 0x00, 0x00, 0xa4, 0x00, 0xea, 0x00,
    0xa7, 0x00, 0x00, 0x00, 0x00, 0x00, 0x00, 0x00, 0x00, 0x00, 0x00, 0x00, 0x00, 0x00, 0x00, 0x00,
    0x00, 0x00, 0x00, 0x00, 0x00, 0x00, 0x00, 0x00, 0x00, 0x00, 0x40, 0x00, 0x68, 0x00, 0x68, 0x00,
    0x68, 0x00, 0x47, 0x00, 0xc8, 0x00, 0xa7, 0x00, 0x49, 0x00, 0xca, 0x00, 0xac, 0x00, 0x8b, 0x00,
    0x0c, 0x00, 0x6d, 0x00, 0xec, 0x00, 0xab, 0x00, 0x0c, 0x00, 0x0c, 0x00, 0xeb, 0x00, 0xc7, 0x00,
    0x87, 0x00, 0x09, 0x00, 0x29, 0x00, 0xe8, 0x00, 0xc8, 0x00, 0xe8, 0x00, 0x08, 0x00, 0x05, 0x00,
    0x05, 0x00, 0x07, 0x00, 0x47, 0x00, 0x88, 0x00, 0x88, 0x00, 0x43, 0x00, 0xe5, 0x00, 0x07, 0x00,
    0xe7, 0x00, 0x48, 0x00, 0xc9, 0x00, 0x68, 0x00, 0x27, 0x00, 0x27, 0x00, 0x83, 0x00, 0x61, 0x00,
    0x00, 0x00, 0x00, 0x00, 0x00, 0x00, 0x00, 0x00, 0x00, 0x00, 0xa1, 0x00, 0xea, 0x00, 0x89, 0x00,
    0x61, 0x00, 0x00, 0x00, 0x00, 0x00, 0x00, 0x00, 0x00, 0x00, 0x00, 0x00, 0x00, 0x00, 0x00, 0x00,
    0x00, 0x00, 0x00, 0x00, 0x00, 0x00, 0x00, 0x00, 0x00, 0x00, 0x61, 0x00, 0x88, 0x00, 0x47, 0x00,
    0x27, 0x00, 0x47, 0x00, 0x67, 0x00, 0xa7, 0x00, 0xaa, 0x00, 0xea, 0x00, 0x0a, 0x00, 0x0a, 0x00,
    0xcc, 0x00, 0x0c, 0x00, 0xab, 0x00, 0x8b, 0x00, 0xcb, 0x00, 0xec, 0x00, 0xab, 0x00, 0x27, 0x00,
    0x67, 0x00, 0x29, 0x00, 0x29, 0x00, 0x08, 0x00, 0x29, 0x00, 0x29, 0x00, 0x69, 0x00, 0x69, 0x00,
    0xa7, 0x00, 0xe7, 0x00, 0xe7, 0x00, 0xc7, 0x00, 0xe7, 0x00, 0xe4, 0x00, 0x00, 0x00, 0x23, 0x00,
    0xc7, 0x00, 0x27, 0x00, 0x28, 0x00, 0x48, 0x00, 0xe7, 0x00, 0xc2, 0x00, 0x00, 0x00, 0x00, 0x00,
    0x00, 0x00, 0x00, 0x00, 0x00, 0x00, 0x40, 0x00, 0xc4, 0x00, 0xa7, 0x00, 0x2b, 0x00, 0x46, 0x00,
    0x23, 0x00, 0x00, 0x00, 0x00, 0x00, 0x00, 0x00, 0x00, 0x00, 0x00, 0x00, 0x00, 0x00, 0x00, 0x00,
    0x00, 0x00, 0x00, 0x00, 0x00, 0x00, 0x00, 0x00, 0x00, 0x00, 0x41, 0x00, 0x68, 0x00, 0x27, 0x00,
    0x27, 0x00, 0x47, 0x00, 0x87, 0x00, 0xc8, 0x00, 0x69, 0x00, 0x89, 0x00, 0x2b, 0x00, 0xea, 0x00,
    0x2a, 0x00, 0x6b, 0x00, 0x6b, 0x00, 0x2a, 0x00, 0xab, 0x00, 0x4a, 0x00, 0x6a, 0x00, 0x07, 0x00,
    0x67, 0x00, 0x09, 0x00, 0xe8, 0x00, 0x29, 0x00, 0x29, 0x00, 0x49, 0x00, 0x69, 0x00, 0xaa, 0x00,
    0x46, 0x00, 0x25, 0x00, 0x66, 0x00, 0xa6, 0x00, 0xe4, 0x00, 0x63, 0x00, 0x00, 0x00, 0x00, 0x00,
    0x43, 0x00, 0x28, 0x00, 0xe7, 0x00, 0x45, 0x00, 0x81, 0x00, 0x00, 0x00, 0x00, 0x00, 0x00, 0x00,
    0x00, 0x00, 0x00, 0x00, 0x00, 0x00, 0xa6, 0x00, 0x68, 0x00, 0xea, 0x00, 0x48, 0x00, 0xc7, 0x00,
    0xc2, 0x00, 0x00, 0x00, 0x00, 0x00, 0x00, 0x00, 0x00, 0x00, 0x00, 0x00, 0x00, 0x00, 0x00, 0x00,
    0x00, 0x00, 0x00, 0x00, 0x00, 0x00, 0x00, 0x00, 0x00, 0x00, 0x20, 0x00, 0x48, 0x00, 0xe7, 0x00,
    0x27, 0x00, 0x68, 0x00, 0x88, 0x00, 0xa8, 0x00, 0xe8, 0x00, 0x49, 0x00, 0xaa, 0x00, 0x69, 0x00,
    0xca, 0x00, 0xea, 0x00, 0xa9, 0x00, 0xa9, 0x00, 0x2a, 0x00, 0xc9, 0x00, 0xc9, 0x00, 0xe7, 0x00,
    0x67, 0x00, 0xc8, 0x00, 0x08, 0x00, 0x29, 0x00, 0x49, 0x00, 0x49, 0x00, 0x86, 0x00, 0x02, 0x00,
    0x00, 0x00, 0xe2, 0x00, 0x63, 0x00, 0xa4, 0x00, 0x63, 0x00, 0x00, 0x00, 0x00, 0x00, 0x00, 0x00,
    0x00, 0x00, 0x63, 0x00, 0x23, 0x00, 0x00, 0x00, 0x00, 0x00, 0x00, 0x00, 0x00, 0x00, 0x00, 0x00,
    0x00, 0x00, 0x00, 0x00, 0x85, 0x00, 0x2a, 0x00, 0x0a, 0x00, 0xa9, 0x00, 0x67, 0x00, 0xe2, 0x00,
    0x00, 0x00, 0x00, 0x00, 0x00, 0x00, 0x00, 0x00, 0x00, 0x00, 0x00, 0x00, 0x00, 0x00, 0x00, 0x00,
    0x00, 0x00, 0x00, 0x00, 0x00, 0x00, 0x00, 0x00, 0x00, 0x00, 0x00, 0x00, 0xe6, 0x00, 0x65, 0x00,
    0x07, 0x00, 0x27, 0x00, 0x27, 0x00, 0x47, 0x00, 0xe8, 0x00, 0x49, 0x00, 0x49, 0x00, 0x89, 0x00,
    0x89, 0x00, 0x89, 0x00, 0x69, 0x00, 0x69, 0x00, 0x69, 0x00, 0x68, 0x00, 0x89, 0x00, 0xa6, 0x00,
    0x67, 0x00, 0xa7, 0x00, 0x05, 0x00, 0xc5, 0x00, 0x43, 0x00, 0x61, 0x00, 0x00, 0x00, 0x00, 0x00,
    0x00, 0x00, 0x00, 0x00, 0x20, 0x00, 0x61, 0x00, 0x40, 0x00, 0x00, 0x00, 0x00, 0x00, 0x00, 0x00,
    0x00, 0x00, 0x00, 0x00, 0x00, 0x00, 0x00, 0x00, 0x00, 0x00, 0x00, 0x00, 0x81, 0x00, 0x20, 0x00,
    0x40, 0x00, 0x87, 0x00, 0x6a, 0x00, 0xc9, 0x00, 0xea, 0x00, 0x26, 0x00, 0x81, 0x00, 0x00, 0x00,
    0x00, 0x00, 0x00, 0x00, 0x00, 0x00, 0x00, 0x00, 0x00, 0x00, 0x00, 0x00, 0x00, 0x00, 0x00, 0x00,
    0x00, 0x00, 0x00, 0x00, 0x00, 0x00, 0x00, 0x00, 0x00, 0x00, 0x00, 0x00, 0x24, 0x00, 0xe3, 0x00,
    0x85, 0x00, 0x48, 0x00, 0xe7, 0x00, 0x07, 0x00, 0x68, 0x00, 0xe8, 0x00, 0x09, 0x00, 0x29, 0x00,
    0x49, 0x00, 0x49, 0x00, 0x69, 0x00, 0x89, 0x00, 0x48, 0x00, 0x68, 0x00, 0x89, 0x00, 0x25, 0x00,
    0x40, 0x00, 0x00, 0x00, 0x00, 0x00, 0x00, 0x00, 0x43, 0x00, 0xc4, 0x00, 0xa1, 0x00, 0x00, 0x00,
    0x00, 0x00, 0x00, 0x00, 0x00, 0x00, 0x00, 0x00, 0x00, 0x00, 0x00, 0x00, 0x00, 0x00, 0x00, 0x00,
    0x00, 0x00, 0x00, 0x00, 0x00, 0x00, 0x00, 0x00, 0x00, 0x00, 0x02, 0x00, 0x07, 0x00, 0x42, 0x00,
    0xe8, 0x00, 0x8a, 0x00, 0xc9, 0x00, 0xea, 0x00, 0x05, 0x00, 0x20, 0x00, 0x00, 0x00, 0x00, 0x00,
    0x00, 0x00, 0x00, 0x00, 0x00, 0x00, 0x00, 0x00, 0x00, 0x00, 0x00, 0x00, 0x00, 0x00, 0x00, 0x00,
    0x00, 0x00, 0x00, 0x00, 0x00, 0x00, 0x00, 0x00, 0x00, 0x00, 0x00, 0x00, 0x40, 0x00, 0x41, 0x00,
    0xc3, 0x00, 0x69, 0x00, 0x28, 0x00, 0x28, 0x00, 0x68, 0x00, 0x68, 0x00, 0xc8, 0x00, 0xe9, 0x00,
    0xe8, 0x00, 0x46, 0x00, 0xe5, 0x00, 0x08, 0x00, 0x49, 0x00, 0x69, 0x00, 0xa9, 0x00, 0xe7, 0x00,
    0x61, 0x00, 0xc1, 0x00, 0x04, 0x00, 0xa8, 0x00, 0xe9, 0x00, 0x09, 0x00, 0x47, 0x00, 0xe4, 0x00,
    0x40, 0x00, 0x00, 0x00, 0x00, 0x00, 0x00, 0x00, 0x00, 0x00, 0x00, 0x00, 0x00, 0x00, 0x00, 0x00,
    0x00, 0x00, 0x00, 0x00, 0x00, 0x00, 0x00, 0x00, 0xc4, 0x00, 0xeb, 0x00, 0xc8, 0x00, 0x6a, 0x00,
    0x09, 0x00, 0x29, 0x00, 0x0a, 0x00, 0x84, 0x00, 0x00, 0x00, 0x00, 0x00, 0x00, 0x00, 0x00, 0x00,
    0x00, 0x00, 0x00, 0x00, 0x00, 0x00, 0x00, 0x00, 0x00, 0x00, 0x00, 0x00, 0x00, 0x00, 0x00, 0x00,
    0x00, 0x00, 0x00, 0x00, 0x00, 0x00, 0x00, 0x00, 0x00, 0x00, 0x00, 0x00, 0x00, 0x00, 0x00, 0x00,
    0x00, 0x00, 0x07, 0x00, 0x8a, 0x00, 0x48, 0x00, 0x69, 0x00, 0x07, 0x00, 0x07, 0x00, 0xe6, 0x00,
    0x65, 0x00, 0x44, 0x00, 0xe3, 0x00, 0x84, 0x00, 0x08, 0x00, 0x28, 0x00, 0x48, 0x00, 0xa9, 0x00,
    0xc9, 0x00, 0x0a, 0x00, 0x4a, 0x00, 0x4a, 0x00, 0x88, 0x00, 0xc6, 0x00, 0xa9, 0x00, 0x25, 0x00,
    0x83, 0x00, 0x20, 0x00, 0x00, 0x00, 0x00, 0x00, 0x00, 0x00, 0xc1, 0x00, 0xc1, 0x00, 0x00, 0x00,
    0x00, 0x00, 0x00, 0x00, 0x83, 0x00, 0x87, 0x00, 0x2b, 0x00, 0xaa, 0x00, 0x49, 0x00, 0x29, 0x00,
    0x6a, 0x00, 0x68, 0x00, 0x02, 0x00, 0x40, 0x00, 0x00, 0x00, 0x00, 0x00, 0x00, 0x00, 0x00, 0x00,
    0x00, 0x00, 0x00, 0x00, 0x00, 0x00, 0x00, 0x00, 0x00, 0x00, 0x00, 0x00, 0x00, 0x00, 0x00, 0x00,
    0x00, 0x00, 0x00, 0x00, 0x00, 0x00, 0x00, 0x00, 0x00, 0x00, 0x00, 0x00, 0x00, 0x00, 0x00, 0x00,
    0x00, 0x00, 0x61, 0x00, 0x8a, 0x00, 0x8a, 0x00, 0x89, 0x00, 0x28, 0x00, 0xe7, 0x00, 0xa6, 0x00,
    0xa6, 0x00, 0xa6, 0x00, 0x85, 0x00, 0x03, 0x00, 0x87, 0x00, 0x29, 0x00, 0x49, 0x00, 0x89, 0x00,
    0xa9, 0x00, 0x69, 0x00, 0x07, 0x00, 0xc7, 0x00, 0xc9, 0x00, 0x86, 0x00, 0x05, 0x00, 0x86, 0x00,
    0x20, 0x00, 0x00, 0x00, 0xc1, 0x00, 0x86, 0x00, 0x68, 0x00, 0xa6, 0x00, 0xc1, 0x00, 0xa1, 0x00,
    0x04, 0x00, 0xc8, 0x00, 0xaa, 0x00, 0x0b, 0x00, 0x6a, 0x00, 0xc8, 0x00, 0x4a, 0x00, 0x4a, 0x00,
    0x27, 0x00, 0x04, 0x00, 0xa6, 0x00, 0xa3, 0x00, 0x00, 0x00, 0x00, 0x00, 0x00, 0x00, 0x00, 0x00,
    0x00, 0x00, 0x00, 0x00, 0x00, 0x00, 0x00, 0x00, 0x00, 0x00, 0x00, 0x00, 0x00, 0x00, 0x00, 0x00,
    0x00, 0x00, 0x00, 0x00, 0x00, 0x00, 0x00, 0x00, 0x00, 0x00, 0x00, 0x00, 0x00, 0x00, 0x00, 0x00,
    0x00, 0x00, 0x00, 0x00, 0x82, 0x00, 0x49, 0x00, 0x8a, 0x00, 0xaa, 0x00, 0x28, 0x00, 0x07, 0x00,
    0x48, 0x00, 0x07, 0x00, 0xc6, 0x00, 0x85, 0x00, 0x06, 0x00, 0xe8, 0x00, 0xc7, 0x00, 0xc7, 0x00,
    0xa7, 0x00, 0x26, 0x00, 0xa4, 0x00, 0x64, 0x00, 0xc5, 0x00, 0x46, 0x00, 0x81, 0x00, 0xa1, 0x00,
    0xe2, 0x00, 0x05, 0x00, 0x88, 0x00, 0xc9, 0x00, 0xe7, 0x00, 0x05, 0x00, 0xc6, 0x00, 0x09, 0x00,
    0xeb, 0x00, 0x4a, 0x00, 0xe9, 0x00, 0xe9, 0x00, 0x09, 0x00, 0x2a, 0x00, 0xc8, 0x00, 0x47, 0x00,
    0x47, 0x00, 0x27, 0x00, 0x22, 0x00, 0x00, 0x00, 0x00, 0x00, 0x00, 0x00, 0x00, 0x00, 0x00, 0x00,
    0x00, 0x00, 0x00, 0x00, 0x00, 0x00, 0x00, 0x00, 0x00, 0x00, 0x00, 0x00, 0x00, 0x00, 0x00, 0x00,
    0x00, 0x00, 0x00, 0x00, 0x00, 0x00, 0x00, 0x00, 0x00, 0x00, 0x00, 0x00, 0x00, 0x00, 0x00, 0x00,
    0x00, 0x00, 0x00, 0x00, 0x00, 0x00, 0x41, 0x00, 0xa6, 0x00, 0x08, 0x00, 0xaa, 0x00, 0x69, 0x00,
    0x48, 0x00, 0x48, 0x00, 0x28, 0x00, 0xe7, 0x00, 0xa5, 0x00, 0xc6, 0x00, 0xa5, 0x00, 0x85, 0x00,
    0xa5, 0x00, 0xc6, 0x00, 0x06, 0x00, 0x27, 0x00, 0x26, 0x00, 0x47, 0x00, 0xa7, 0x00, 0x66, 0x00,
    0xe8, 0x00, 0x69, 0x00, 0x68, 0x00, 0xa9, 0x00, 0xe9, 0x00, 0x6b, 0x00, 0x0a, 0x00, 0x2a, 0x00,
    0x88, 0x00, 0xc6, 0x00, 0x48, 0x00, 0xa9, 0x00, 0xc9, 0x00, 0x88, 0x00, 0x27, 0x00, 0xa6, 0x00,
    0x83, 0x00, 0x20, 0x00, 0x00, 0x00, 0x00, 0x00, 0x00, 0x00, 0x00, 0x00, 0x00, 0x00, 0x00, 0x00,
    0x00, 0x00, 0x00, 0x00, 0x00, 0x00, 0x00, 0x00, 0x00, 0x00, 0x00, 0x00, 0x00, 0x00, 0x00, 0x00,
    0x00, 0x00, 0x00, 0x00, 0x00, 0x00, 0x00, 0x00, 0x00, 0x00, 0x00, 0x00, 0x00, 0x00, 0x00, 0x00,
    0x00, 0x00, 0x00, 0x00, 0x00, 0x00, 0x00, 0x00, 0x00, 0x00, 0xc3, 0x00, 0xe3, 0x00, 0x28, 0x00,
    0xcb, 0x00, 0x69, 0x00, 0x48, 0x00, 0x28, 0x00, 0x07, 0x00, 0x07, 0x00, 0x07, 0x00, 0x27, 0x00,
    0x27, 0x00, 0x48, 0x00, 0x88, 0x00, 0xa8, 0x00, 0xa8, 0x00, 0xc8, 0x00, 0xe8, 0x00, 0x29, 0x00,
    0x49, 0x00, 0x69, 0x00, 0x69, 0x00, 0xc9, 0x00, 0xa9, 0x00, 0x68, 0x00, 0x48, 0x00, 0x89, 0x00,
    0x68, 0x00, 0x89, 0x00, 0x48, 0x00, 0xe7, 0x00, 0x66, 0x00, 0x84, 0x00, 0xa1, 0x00, 0x00, 0x00,
    0x00, 0x00, 0x00, 0x00, 0x00, 0x00, 0x00, 0x00, 0x00, 0x00, 0x00, 0x00, 0x00, 0x00, 0x00, 0x00,
    0x00, 0x00, 0x00, 0x00, 0x00, 0x00, 0x00, 0x00, 0x00, 0x00, 0x00, 0x00, 0x00, 0x00, 0x00, 0x00,
    0x00, 0x00, 0x00, 0x00, 0x00, 0x00, 0x00, 0x00, 0x00, 0x00, 0x00, 0x00, 0x00, 0x00, 0x00, 0x00,
    0x00, 0x00, 0x00, 0x00, 0x00, 0x00, 0x00, 0x00, 0x00, 0x00, 0x00, 0x00, 0x00, 0x00, 0x00, 0x00,
    0x45, 0x00, 0xaa, 0x00, 0xca, 0x00, 0x89, 0x00, 0x07, 0x00, 0x07, 0x00, 0x27, 0x00, 0x48, 0x00,
    0x68, 0x00, 0x88, 0x00, 0x68, 0x00, 0x88, 0x00, 0x88, 0x00, 0xa8, 0x00, 0xe9, 0x00, 0xe9, 0x00,
    0xc8, 0x00, 0xe8, 0x00, 0x08, 0x00, 0x28, 0x00, 0x28, 0x00, 0x28, 0x00, 0x89, 0x00, 0x89, 0x00,
    0x48, 0x00, 0x66, 0x00, 0x63, 0x00, 0x81, 0x00, 0x00, 0x00, 0x00, 0x00, 0x00, 0x00, 0x00, 0x00,
    0x00, 0x00, 0x00, 0x00, 0x00, 0x00, 0x00, 0x00, 0x00, 0x00, 0x00, 0x00, 0x00, 0x00, 0x00, 0x00,
    0x00, 0x00, 0x00, 0x00, 0x00, 0x00, 0x00, 0x00, 0x00, 0x00, 0x00, 0x00, 0x00, 0x00, 0x00, 0x00,
    0x00, 0x00, 0x00, 0x00, 0x00, 0x00, 0x00, 0x00, 0x00, 0x00, 0x00, 0x00, 0x00, 0x00, 0x00, 0x00,
    0x00, 0x00, 0x00, 0x00, 0x00, 0x00, 0x00, 0x00, 0x00, 0x00, 0x00, 0x00, 0x00, 0x00, 0x00, 0x00,
    0x00, 0x00, 0x41, 0x00, 0x45, 0x00, 0x48, 0x00, 0xca, 0x00, 0x48, 0x00, 0xc6, 0x00, 0xe6, 0x00,
    0x68, 0x00, 0xa9, 0x00, 0xea, 0x00, 0xc9, 0x00, 0xc9, 0x00, 0xa8, 0x00, 0xa8, 0x00, 0xc8, 0x00,
    0xc8, 0x00, 0xc8, 0x00, 0xc8, 0x00, 0xc8, 0x00, 0xe8, 0x00, 0xe8, 0x00, 0x08, 0x00, 0x28, 0x00,
    0xe7, 0x00, 0x86, 0x00, 0x04, 0x00, 0xc2, 0x00, 0x00, 0x00, 0x00, 0x00, 0x00, 0x00, 0x00, 0x00,
    0x00, 0x00, 0x00, 0x00, 0x00, 0x00, 0x00, 0x00, 0x00, 0x00, 0x00, 0x00, 0x00, 0x00, 0x00, 0x00,
    0x00, 0x00, 0x00, 0x00, 0x00, 0x00, 0x00, 0x00, 0x00, 0x00, 0x00, 0x00, 0x00, 0x00, 0x00, 0x00,
    0x00, 0x00, 0x00, 0x00, 0x00, 0x00, 0x00, 0x00, 0x00, 0x00, 0x00, 0x00, 0x00, 0x00, 0x00, 0x00,
    0x00, 0x00, 0x00, 0x00, 0x00, 0x00, 0x00, 0x00, 0x00, 0x00, 0x00, 0x00, 0x00, 0x00, 0x00, 0x00,
    0x00, 0x00, 0x00, 0x00, 0x00, 0x00, 0x00, 0x00, 0xa2, 0x00, 0x65, 0x00, 0x65, 0x00, 0x82, 0x00,
    0x20, 0x00, 0xa2, 0x00, 0x44, 0x00, 0x06, 0x00, 0x68, 0x00, 0xa9, 0x00, 0xc9, 0x00, 0xc9, 0x00,
    0xa8, 0x00, 0x47, 0x00, 0x84, 0x00, 0x81, 0x00, 0x61, 0x00, 0x81, 0x00, 0xa1, 0x00, 0xa1, 0x00,
    0x81, 0x00, 0x40, 0x00, 0x00, 0x00, 0x00, 0x00, 0x00, 0x00, 0x00, 0x00, 0x00, 0x00, 0x00, 0x00,
    0x00, 0x00, 0x00, 0x00, 0x00, 0x00, 0x00, 0x00, 0x00, 0x00, 0x00, 0x00, 0x00, 0x00, 0x00, 0x00,
    0x00, 0x00, 0x00, 0x00, 0x00, 0x00, 0x00, 0x00, 0x00, 0x00, 0x00, 0x00, 0x00, 0x00, 0x00, 0x00,
    0x00, 0x00, 0x00, 0x00, 0x00, 0x00, 0x00, 0x00, 0x00, 0x00, 0x00, 0x00, 0x00, 0x00, 0x00, 0x00,
    0x00, 0x00, 0x00, 0x00, 0x00, 0x00, 0x00, 0x00, 0x00, 0x00, 0x00, 0x00, 0x00, 0x00, 0x00, 0x00,
    0x00, 0x00, 0x00, 0x00, 0x00, 0x00, 0x00, 0x00, 0x00, 0x00, 0x00, 0x00, 0x00, 0x00, 0x00, 0x00,
    0x00, 0x00, 0x00, 0x00, 0x00, 0x00, 0x00, 0x00, 0x00, 0x00, 0x40, 0x00, 0x61, 0x00, 0x61, 0x00,
    0x40, 0x00, 0x00, 0x00, 0x00, 0x00, 0x00, 0x00, 0x00, 0x00, 0x00, 0x00, 0x00, 0x00, 0x00, 0x00,
    0x00, 0x00, 0x00, 0x00, 0x00, 0x00, 0x00, 0x00, 0x00, 0x00, 0x00, 0x00, 0x00, 0x00, 0x00, 0x00,
    0x00, 0x00, 0x00, 0x00, 0x00, 0x00, 0x00, 0x00, 0x00, 0x00, 0x00, 0x00, 0x00, 0x00, 0x00, 0x00,
    0x00, 0x00, 0x00, 0x00, 0x00, 0x00, 0x00, 0x00, 0x00, 0x00, 0x00, 0x00, 0x00, 0x00, 0x00, 0x00,
    0x00, 0x00, 0x00, 0x00, 0x00, 0x00, 0x00, 0x00, 0x00, 0x00, 0x00, 0x00, 0x00, 0x00, 0x00, 0x00,
    0x00, 0x00, 0x00, 0x00, 0x00, 0x00, 0x00, 0x00, 0x00, 0x00, 0x00, 0x00, 0x00, 0x00, 0x00, 0x00,
    0x00, 0x00, 0x00, 0x00, 0x00, 0x00, 0x00, 0x00, 0x00, 0x00, 0x00, 0x00, 0x00, 0x00, 0x00, 0x00,
    0x00, 0x00, 0x00, 0x00, 0x00, 0x00, 0x00, 0x00, 0x00, 0x00, 0x00, 0x00, 0x00, 0x00, 0x00, 0x00,
    0x00, 0x00, 0x00, 0x00, 0x00, 0x00, 0x00, 0x00, 0x00, 0x00, 0x00, 0x00, 0x00, 0x00, 0x00, 0x00,
    0x00, 0x00, 0x00, 0x00, 0x00, 0x00, 0x00, 0x00, 0x00, 0x00, 0x00, 0x00, 0x00, 0x00, 0x00, 0x00,
    0x00, 0x00, 0x00, 0x00, 0x00, 0x00, 0x00, 0x00, 0x00, 0x00, 0x00, 0x00, 0x00, 0x00, 0x00, 0x00,
    0x00, 0x00, 0x00, 0x00, 0x00, 0x00, 0x00, 0x00, 0x00, 0x00, 0x00, 0x00, 0x00, 0x00, 0x00, 0x00,
    0x00, 0x00, 0x00, 0x00, 0x00, 0x00, 0x00, 0x00, 0x00, 0x00, 0x00, 0x00, 0x00, 0x00, 0x00, 0x00,
    0x00, 0x00, 0x00, 0x00, 0x00, 0x00, 0x00, 0x00, 0x00, 0x00, 0x00, 0x00, 0x00, 0x00, 0x00, 0x00,
    0x00, 0x00, 0x00, 0x00, 0x00, 0x00, 0x00, 0x00, 0x00, 0x00, 0x00, 0x00, 0x00, 0x00, 0x00, 0x00,
    0x00, 0x00, 0x00, 0x00, 0x00, 0x00, 0x00, 0x00, 0x00, 0x00, 0x00, 0x00, 0x00, 0x00, 0x00, 0x00,
    0x00, 0x00, 0x00, 0x00, 0x00, 0x00, 0x00, 0x00, 0x00, 0x00, 0x00, 0x00, 0x00, 0x00, 0x00, 0x00,
    0x00, 0x00, 0x00, 0x00, 0x00, 0x00, 0x00, 0x00, 0x00, 0x00, 0x00, 0x00, 0x00, 0x00, 0x00, 0x00,
    0x00, 0x00, 0x00, 0x00, 0x00, 0x00, 0x00, 0x00, 0x00, 0x00, 0x00, 0x00, 0x00, 0x00, 0x00, 0x00,
    0x00, 0x00, 0x00, 0x00, 0x00, 0x00, 0x00, 0x00, 0x00, 0x00, 0x00, 0x00, 0x00, 0x00, 0x00, 0x00,
    0x00, 0x00, 0x00, 0x00, 0x00, 0x00, 0x00, 0x00, 0x00, 0x00, 0x00, 0x00, 0x00, 0x00, 0x00, 0x00,
    0x00, 0x00, 0x00, 0x00, 0x00, 0x00, 0x00, 0x00, 0x00, 0x00, 0x00, 0x00, 0x00, 0x00, 0x00, 0x00,
    0x00, 0x00, 0x00, 0x00, 0x00, 0x00, 0x00, 0x00, 0x00, 0x00, 0x00, 0x00, 0x00, 0x00, 0x00, 0x00,
    0x00, 0x00, 0x00, 0x00, 0x00, 0x00, 0x00, 0x00, 0x00, 0x00, 0x00, 0x00, 0x00, 0x00, 0x00, 0x00,
    0x00, 0x00, 0x00, 0x00, 0x00, 0x00, 0x00, 0x00, 0x00, 0x00, 0x00, 0x00, 0x00, 0x00, 0x00, 0x00,
    0x00, 0x00, 0x00, 0x00, 0x00, 0x00, 0x00, 0x00, 0x00, 0x00, 0x00, 0x00, 0x00, 0x00, 0x00, 0x00,
    0x00, 0x00, 0x00, 0x00, 0x00, 0x00, 0x00, 0x00, 0x00, 0x00, 0x00, 0x00, 0x00, 0x00, 0x00, 0x00,
    0x00, 0x00, 0x00, 0x00, 0x00, 0x00, 0x00, 0x00, 0x00, 0x00, 0x00, 0x00, 0x00, 0x00, 0x00, 0x00,
    0x00, 0x00, 0x00, 0x00, 0x00, 0x00, 0x00, 0x00, 0x00, 0x00, 0x00, 0x00, 0x00, 0x00, 0x00, 0x00,
    0x00, 0x00, 0x00, 0x00, 0x00, 0x00, 0x00, 0x00, 0x00, 0x00, 0x00, 0x00, 0x00, 0x00, 0x00, 0x00,
    0x00, 0x00, 0x00, 0x00, 0x00, 0x00, 0x00, 0x00, 0x00, 0x00, 0x00, 0x00, 0x00, 0x00, 0x00, 0x00,
    0x00, 0x00, 0x00, 0x00, 0x00, 0x00, 0x00, 0x00, 0x00, 0x00, 0x00, 0x00, 0x00, 0x00, 0x00, 0x00,
    0x00, 0x00, 0x00, 0x00, 0x00, 0x00, 0x00, 0x00, 0x00, 0x00, 0x00, 0x00, 0x00, 0x00, 0x00, 0x00,
    0x00, 0x00, 0x00, 0x00, 0x00, 0x00, 0x00, 0x00, 0x00, 0x00, 0x00, 0x00, 0x00, 0x00, 0x00, 0x00,
    0x00, 0x00, 0x00, 0x00, 0x00, 0x00, 0x00, 0x00, 0x00, 0x00, 0x00, 0x00, 0x00, 0x00, 0x00, 0x00,
    0x00, 0x00, 0x00, 0x00, 0x00, 0x00, 0x00, 0x00, 0x00, 0x00, 0x00, 0x00, 0x00, 0x00, 0x00, 0x00,
    0x00, 0x00, 0x00, 0x00, 0x00, 0x00, 0x00, 0x00, 0x00, 0x00, 0x00, 0x00, 0x00, 0x00, 0x00, 0x00,
    0x00, 0x00, 0x00, 0x00, 0x00, 0x00, 0x00, 0x00, 0x00, 0x00, 0x00, 0x00, 0x00, 0x00, 0x00, 0x00,
    0x00, 0x00, 0x00, 0x00, 0x00, 0x00, 0x00, 0x00, 0x00, 0x00, 0x00, 0x00, 0x00, 0x00, 0x00, 0x00,
    0x00, 0x00, 0x00, 0x00, 0x00, 0x00, 0x00, 0x00, 0x00, 0x00, 0x00, 0x00, 0x00, 0x00, 0x00, 0x00,
    0x00, 0x00, 0x00, 0x00, 0x00, 0x00, 0x00, 0x00, 0x00, 0x00, 0x00, 0x00, 0x00, 0x00, 0x00, 0x00,
    0x00, 0x00, 0x00, 0x00, 0x00, 0x00, 0x00, 0x00, 0x00, 0x00, 0x00, 0x00, 0x00, 0x00, 0x00, 0x00,
    0x00, 0x00, 0x00, 0x00, 0x00, 0x00, 0x00, 0x00, 0x00, 0x00, 0x00, 0x00, 0x00, 0x00, 0x00, 0x00,
    0x00, 0x00, 0x00, 0x00, 0x00, 0x00, 0x00, 0x00, 0x00, 0x00, 0x00, 0x00, 0x00, 0x00, 0x00, 0x00,
    0x00, 0x00, 0x00, 0x00, 0x00, 0x00, 0x00, 0x00, 0x00, 0x00, 0x00, 0x00, 0x00, 0x00, 0x00, 0x00,
    0x00, 0x00, 0x00, 0x00, 0x00, 0x00, 0x00, 0x00, 0x00, 0x00, 0x00, 0x00, 0x00, 0x00, 0x00, 0x00,
    0x00, 0x00, 0x00, 0x00, 0x00, 0x00, 0x00, 0x00, 0x00, 0x00, 0x00, 0x00, 0x00, 0x00, 0x00, 0x00,
    0x00, 0x00, 0x00, 0x00, 0x00, 0x00, 0x00, 0x00, 0x00, 0x00, 0x00, 0x00, 0x00, 0x00, 0x00, 0x00,
    0x00, 0x00, 0x00, 0x00, 0x00, 0x00, 0x00, 0x00, 0x00, 0x00, 0x00, 0x00, 0x00, 0x0a, 0x4a, 0x00,
    0x00, 0x00, 0x00, 0x00, 0x00, 0x00, 0x00, 0x00, 0x00, 0x00, 0x1e, 0x0a, 0x00, 0x00, 0x00, 0x00,
    0x00, 0x00, 0x00, 0x00, 0x00, 0x00, 0x00, 0x00, 0x00, 0x00, 0x00, 0x00, 0x00, 0x00, 0x00, 0x00,
    0x00, 0x00, 0x00, 0x00, 0x00, 0x00, 0x00, 0x00, 0x00, 0x00, 0x00, 0x00, 0x00, 0x00, 0x00, 0x00,
    0x00, 0x00, 0x00, 0x00, 0x00, 0x00, 0x00, 0x00, 0x00, 0x00, 0x00, 0x00, 0x00, 0x77, 0x57, 0x00,
    0x00, 0x00, 0x00, 0x00, 0x00, 0x01, 0x00, 0x00, 0x00, 0x01, 0xd9, 0x09, 0x00, 0x00, 0x00, 0x00,
    0x00, 0x00, 0x00, 0x00, 0x00, 0x00, 0x00, 0x00, 0x00, 0x00, 0x00, 0x00, 0x00, 0x00, 0x00, 0x00,
    0x00, 0x00, 0x00, 0x00, 0x00, 0x00, 0x00, 0x00, 0x00, 0x00, 0x00, 0x00, 0x00, 0x00, 0x00, 0x00,
    0x00, 0x00, 0x00, 0x00, 0x00, 0x00, 0x00, 0x00, 0x00, 0x00, 0x00, 0x00, 0x00, 0xbe, 0x55, 0x00,
    0x00, 0x00, 0x00, 0x00, 0x20, 0x3b, 0x00, 0x00, 0x00, 0x01, 0xff, 0x18, 0x00, 0x00, 0x00, 0x00,
    0x00, 0x00, 0x00, 0x00, 0x00, 0x00, 0x00, 0x00, 0x00, 0x00, 0x00, 0x00, 0x00, 0x00, 0x00, 0x00,
    0x00, 0x00, 0x00, 0x00, 0x00, 0x00, 0x00, 0x00, 0x00, 0x00, 0x00, 0x00, 0x00, 0x00, 0x00, 0x00,
    0x00, 0x00, 0x00, 0x00, 0x00, 0x00, 0x00, 0x00, 0x00, 0x00, 0x00, 0x00, 0x00, 0x94, 0xc3, 0x00,
    0x00, 0x00, 0x00, 0x00, 0x6c, 0x8e, 0x00, 0x00, 0x07, 0x55, 0xe4, 0xc3, 0x05, 0x00, 0x00, 0x16,
    0x04, 0x00, 0x00, 0x00, 0x00, 0x00, 0x00, 0x00, 0x00, 0x00, 0x00, 0x00, 0x00, 0x00, 0x00, 0x00,
    0x00, 0x00, 0x00, 0x00, 0x00, 0x00, 0x00, 0x00, 0x00, 0x00, 0x00, 0x00, 0x00, 0x00, 0x00, 0x00,
    0x00, 0x00, 0x00, 0x00, 0x00, 0x00, 0x00, 0x00, 0x00, 0x00, 0x00, 0x00, 0x00, 0x2e, 0xff, 0x3e,
    0x00, 0x00, 0x20, 0x02, 0x38, 0xfd, 0x06, 0x00, 0x0b, 0xff, 0xf9, 0xff, 0xd9, 0x32, 0x00, 0x63,
    0xbe, 0x00, 0x00, 0x00, 0x00, 0x00, 0x00, 0x00, 0x00, 0x00, 0x00, 0x00, 0x00, 0x00, 0x00, 0x00,
    0x00, 0x00, 0x00, 0x00, 0x00, 0x00, 0x00, 0x00, 0x00, 0x00, 0x00, 0x00, 0x00, 0x00, 0x00, 0x00,
    0x00, 0x00, 0x00, 0x00, 0x00, 0x00, 0x00, 0x00, 0x00, 0x00, 0x00, 0x00, 0x00, 0x02, 0xcf, 0xff,
    0x64, 0x03, 0x42, 0x9d, 0x1d, 0xef, 0xb9, 0x08, 0x00, 0xcf, 0xff, 0xf9, 0xff, 0xff, 0xa2, 0x71,
    0xff, 0x5c, 0x00, 0x00, 0x00, 0x00, 0x00, 0x00, 0x00, 0x00, 0x00, 0x00, 0x00, 0x00, 0x00, 0x00,
    0x00, 0x00, 0x00, 0x00, 0x00, 0x00, 0x00, 0x00, 0x00, 0x00, 0x00, 0x00, 0x00, 0x00, 0x00, 0x00,
    0x00, 0x00, 0x00, 0x00, 0x00, 0x00, 0x00, 0x00, 0x00, 0x00, 0x00, 0x00, 0x00, 0x00, 0x07, 0xce,
    0xff, 0xda, 0xa0, 0xff, 0xe0, 0xed, 0xff, 0xf1, 0x4e, 0x9d, 0xff, 0xfb, 0xfd, 0xf9, 0xff, 0xff,
    0xf9, 0xff, 0x0a, 0x00, 0x00, 0x00, 0x00, 0x00, 0x00, 0x00, 0x00, 0x00, 0x00, 0x00, 0x00, 0x00,
    0x00, 0x00, 0x00, 0x00, 0x00, 0x00, 0x00, 0x00, 0x00, 0x00, 0x00, 0x00, 0x00, 0x00, 0x00, 0x00,
    0x00, 0x00, 0x00, 0x00, 0x00, 0x00, 0x00, 0x00, 0x00, 0x2a, 0x9a, 0x2a, 0x16, 0x2a, 0x62, 0xda,
    0xff, 0xff, 0xff, 0xff, 0xff, 0xff, 0xfb, 0xff, 0xff, 0xff, 0xff, 0xff, 0xff, 0xff, 0xfb, 0xfb,
    0xf9, 0xff, 0x6b, 0x4f, 0x01, 0x00, 0x00, 0x00, 0x00, 0x00, 0x00, 0x00, 0x00, 0x00, 0x00, 0x00,
    0x00, 0x00, 0x00, 0x00, 0x00, 0x00, 0x00, 0x00, 0x00, 0x00, 0x00, 0x00, 0x00, 0x00, 0x00, 0x00,
    0x00, 0x00, 0x00, 0x00, 0x00, 0x00, 0x00, 0x00, 0x00, 0x01, 0xa5, 0xff, 0xff, 0xff, 0xff, 0xff,
    0xa8, 0x57, 0x50, 0x75, 0xcc, 0xfd, 0xfd, 0xfd, 0xf9, 0xff, 0xff, 0xff, 0xff, 0xff, 0xff, 0xff,
    0xff, 0xff, 0xfd, 0xff, 0x0b, 0x00, 0x00, 0x00, 0x00, 0x00, 0x00, 0x00, 0x00, 0x00, 0x00, 0x00,
    0x00, 0x00, 0x00, 0x00, 0x00, 0x00, 0x00, 0x00, 0x00, 0x00, 0x00, 0x00, 0x00, 0x00, 0x00, 0x00,
    0x00, 0x00, 0x00, 0x00, 0x00, 0x00, 0x00, 0x00, 0x00, 0x00, 0x00, 0x26, 0x69, 0x6c, 0x36, 0x08,
    0x01, 0x58, 0x6d, 0x50, 0x83, 0xfd, 0xfd, 0xff, 0xff, 0xff, 0xff, 0xff, 0xff, 0xff, 0xff, 0xff,
    0xff, 0xff, 0xf7, 0xfd, 0x1b, 0x00, 0x00, 0x00, 0x00, 0x00, 0x00, 0x00, 0x00, 0x00, 0x00, 0x00,
    0x00, 0x00, 0x00, 0x00, 0x00, 0x00, 0x00, 0x00, 0x00, 0x00, 0x00, 0x00, 0x00, 0x00, 0x00, 0x00,
    0x00, 0x00, 0x00, 0x00, 0x00, 0x00, 0x00, 0x00, 0x00, 0x00, 0x00, 0x00, 0x00, 0x00, 0x00, 0x00,
    0x00, 0x42, 0xff, 0xff, 0xff, 0xff, 0xff, 0xff, 0xff, 0xff, 0xff, 0xff, 0xff, 0xff, 0xff, 0xff,
    0xff, 0xff, 0xf7, 0xff, 0x3f, 0x00, 0x00, 0x00, 0x00, 0x00, 0x00, 0x00, 0x00, 0x00, 0x00, 0x00,
    0x00, 0x00, 0x00, 0x00, 0x00, 0x00, 0x00, 0x00, 0x00, 0x00, 0x00, 0x00, 0x00, 0x00, 0x00, 0x00,
    0x00, 0x00, 0x00, 0x00, 0x00, 0x00, 0x00, 0x00, 0x00, 0x00, 0x00, 0x00, 0x00, 0x00, 0x01, 0x02,
    0x03, 0x03, 0x3a, 0xe0, 0xf7, 0xfd, 0xff, 0xff, 0xff, 0xff, 0xff, 0xff, 0xff, 0xff, 0xff, 0xff,
    0xff, 0xff, 0xfd, 0xfb, 0xef, 0x0c, 0x00, 0x00, 0x00, 0x00, 0x00, 0x00, 0x00, 0x00, 0x00, 0x00,
    0x00, 0x00, 0x00, 0x00, 0x00, 0x00, 0x00, 0x00, 0x00, 0x00, 0x00, 0x00, 0x00, 0x00, 0x00, 0x00,
    0x00, 0x00, 0x00, 0x00, 0x00, 0x00, 0x00, 0x00, 0x00, 0x00, 0x00, 0x00, 0x00, 0x00, 0x13, 0xe6,
    0xf9, 0xff, 0xe8, 0xf7, 0xff, 0xff, 0xff, 0xff, 0xff, 0xff, 0xff, 0xff, 0xff, 0xff, 0xff, 0xff,
    0xff, 0xff, 0xff, 0xf9, 0xff, 0xaa, 0x00, 0x00, 0x00, 0x00, 0x00, 0x00, 0x00, 0x00, 0x00, 0x00,
    0x00, 0x00, 0x00, 0x00, 0x00, 0x00, 0x00, 0x00, 0x00, 0x00, 0x00, 0x00, 0x00, 0x00, 0x00, 0x00,
    0x00, 0x00, 0x00, 0x00, 0x00, 0x00, 0x00, 0x00, 0x00, 0x00, 0x00, 0x00, 0x00, 0x00, 0x00, 0x20,
    0xd5, 0xff, 0xff, 0xff, 0xff, 0xff, 0xff, 0xff, 0xff, 0xff, 0xff, 0xff, 0xff, 0xff, 0xff, 0xff,
    0xff, 0xff, 0xff, 0xff, 0xfb, 0xff, 0x0c, 0x00, 0x00, 0x00, 0x00, 0x00, 0x00, 0x00, 0x00, 0x00,
    0x00, 0x00, 0x00, 0x00, 0x00, 0x00, 0x00, 0x00, 0x00, 0x00, 0x00, 0x00, 0x00, 0x00, 0x00, 0x00,
    0x00, 0x00, 0x00, 0x00, 0x00, 0x00, 0x00, 0x00, 0x00, 0x00, 0x00, 0x00, 0x00, 0x00, 0x00, 0x00,
    0x04, 0xd9, 0xfb, 0xfd, 0xff, 0xff, 0xff, 0xff, 0xff, 0xff, 0xff, 0xff, 0xff, 0xff, 0xff, 0xff,
    0xff, 0xff, 0xff, 0xff, 0xf9, 0xfd, 0x1c, 0x00, 0x00, 0x00, 0x00, 0x00, 0x00, 0x00, 0x00, 0x00,
    0x00, 0x61, 0x02, 0x00, 0x00, 0x00, 0x00, 0x00, 0x00, 0x00, 0x00, 0x00, 0x00, 0x00, 0x00, 0x00,
    0x00, 0x00, 0x00, 0x00, 0x00, 0x00, 0x00, 0x00, 0x00, 0x00, 0x00, 0x00, 0x00, 0x00, 0x00, 0x0e,
    0x94, 0xf9, 0xfd, 0xff, 0xff, 0xff, 0xff, 0xff, 0xff, 0xff, 0xff, 0xff, 0xff, 0xff, 0xff, 0xff,
    0xff, 0xff, 0xff, 0xff, 0xfb, 0xff, 0x0e, 0x00, 0x00, 0x00, 0x00, 0x00, 0x00, 0x00, 0x00, 0x00,
    0x01, 0xf9, 0x29, 0x00, 0x00, 0x00, 0x00, 0x00, 0x00, 0x00, 0x00, 0x00, 0x00, 0x00, 0x00, 0x00,
    0x00, 0x00, 0x00, 0x00, 0x00, 0x00, 0x00, 0x00, 0x00, 0x00, 0x00, 0x00, 0x00, 0x05, 0x66, 0xff,
    0xff, 0xff, 0xff, 0xff, 0xff, 0xff, 0xff, 0xff, 0xff, 0xff, 0xff, 0xff, 0xff, 0xff, 0xff, 0xff,
    0xff, 0xff, 0xff, 0xff, 0xf9, 0xff, 0x37, 0x00, 0x00, 0x00, 0x00, 0x00, 0x00, 0x00, 0x00, 0x00,
    0x08, 0xff, 0xe0, 0x14, 0x00, 0x00, 0x00, 0x00, 0x00, 0x00, 0x00, 0x00, 0x00, 0x00, 0x00, 0x00,
    0x00, 0x00, 0x00, 0x00, 0x00, 0x00, 0x00, 0x00, 0x00, 0x00, 0x00, 0x00, 0x00, 0x37, 0xd3, 0xed,
    0xeb, 0xff, 0xff, 0xff, 0xff, 0xff, 0xff, 0xff, 0xff, 0xff, 0xff, 0xff, 0xff, 0xff, 0xff, 0xff,
    0xff, 0xff, 0xff, 0xff, 0xff, 0xfb, 0xff, 0x49, 0x00, 0x00, 0x00, 0x00, 0x00, 0x00, 0x00, 0x00,
    0x0b, 0xff, 0xff, 0xff, 0x4a, 0x00, 0x00, 0x00, 0x00, 0x00, 0x00, 0x00, 0x00, 0x00, 0x00, 0x00,
    0x00, 0x00, 0x00, 0x00, 0x00, 0x00, 0x00, 0x00, 0x00, 0x00, 0x00, 0x00, 0x00, 0x00, 0x00, 0x02,
    0x8e, 0xff, 0xfb, 0xff, 0xff, 0xff, 0xff, 0xff, 0xff, 0xff, 0xff, 0xff, 0xff, 0xff, 0xff, 0xff,
    0xff, 0xff, 0xff, 0xff, 0xff, 0xfd, 0xff, 0xff, 0x04, 0x00, 0x00, 0x00, 0x00, 0x00, 0x00, 0x00,
    0x05, 0xf9, 0xfd, 0xfb, 0xff, 0xb4, 0x13, 0x00, 0x00, 0x00, 0x00, 0x00, 0x00, 0x00, 0x00, 0x00,
    0x00, 0x00, 0x00, 0x00, 0x00, 0x00, 0x00, 0x00, 0x00, 0x00, 0x00, 0x00, 0x00, 0x00, 0x00, 0x3e,
    0xff, 0xf9, 0xff, 0xff, 0xff, 0xff, 0xff, 0xff, 0xff, 0xff, 0xff, 0xff, 0xff, 0xff, 0xff, 0xff,
    0xff, 0xff, 0xff, 0xff, 0xff, 0xfd, 0xfd, 0xf7, 0x05, 0x00, 0x00, 0x00, 0x00, 0x00, 0x00, 0x00,
    0x00, 0xcc, 0xff, 0xfb, 0xf7, 0xff, 0xff, 0x33, 0x00, 0x00, 0x00, 0x00, 0x00, 0x00, 0x00, 0x00,
    0x00, 0x00, 0x00, 0x00, 0x00, 0x00, 0x00, 0x00, 0x00, 0x00, 0x00, 0x00, 0x00, 0x00, 0x14, 0xff,
    0xff, 0xff, 0xff, 0xff, 0xff, 0xff, 0xff, 0xff, 0xff, 0xff, 0xff, 0xff, 0xff, 0xff, 0xff, 0xff,
    0xff, 0xff, 0xff, 0xff, 0xff, 0xf7, 0xfd, 0xba, 0x00, 0x00, 0x00, 0x00, 0x00, 0x00, 0x00, 0x00,
    0x00, 0x80, 0xfb, 0xf7, 0xff, 0xf9, 0xf9, 0xff, 0x15, 0x00, 0x00, 0x00, 0x00, 0x00, 0x00, 0x00,
    0x00, 0x00, 0x00, 0x00, 0x00, 0x00, 0x00, 0x00, 0x00, 0x00, 0x00, 0x00, 0x00, 0x05, 0xf5, 0xff,
    0xeb, 0xe6, 0xff, 0xff, 0xff, 0xff, 0xff, 0xff, 0xff, 0xff, 0xff, 0xff, 0xff, 0xff, 0xfd, 0xf7,
    0xfb, 0xfd, 0xff, 0xff, 0xf9, 0xff, 0xff, 0x1c, 0x00, 0x00, 0x00, 0x00, 0x00, 0x00, 0x00, 0x00,
    0x00, 0x1d, 0xff, 0xf5, 0xff, 0xff, 0xf9, 0xfd, 0xc8, 0x00, 0x1b, 0x02, 0x00, 0x00, 0x00, 0x00,
    0x00, 0x00, 0x00, 0x00, 0x00, 0x00, 0x00, 0x00, 0x00, 0x00, 0x00, 0x00, 0x00, 0x18, 0x4a, 0x1c,
    0x04, 0x8e, 0xff, 0xf9, 0xff, 0xff, 0xff, 0xff, 0xff, 0xff, 0xff, 0xff, 0xff, 0xff, 0xff, 0xff,
    0xff, 0xff, 0xfd, 0xfb, 0xff, 0xe4, 0x26, 0x00, 0x00, 0x00, 0x00, 0x00, 0x00, 0x00, 0x00, 0x00,
    0x00, 0x00, 0x7f, 0xff, 0xf5, 0xff, 0xff, 0xf7, 0xff, 0x1c, 0x46, 0x57, 0x00, 0x00, 0x00, 0x00,
    0x00, 0x00, 0x00, 0x00, 0x00, 0x00, 0x00, 0x00, 0x00, 0x00, 0x00, 0x00, 0x00, 0x00, 0x00, 0x00,
    0x00, 0x9d, 0xfb, 0xf9, 0xff, 0xff, 0xff, 0xff, 0xff, 0xff, 0xff, 0xff, 0xfd, 0xff, 0xd5, 0x5f,
    0xab, 0xe0, 0xff, 0xff, 0x95, 0x06, 0x00, 0x00, 0x00, 0x00, 0x00, 0x00, 0x00, 0x00, 0x00, 0x00,
    0x00, 0x00, 0x01, 0x8c, 0xff, 0xfd, 0xff, 0xfb, 0xfd, 0x9d, 0x4b, 0xeb, 0x00, 0x00, 0x00, 0x00,
    0x00, 0x00, 0x00, 0x00, 0x00, 0x00, 0x00, 0x00, 0x00, 0x00, 0x00, 0x00, 0x00, 0x00, 0x00, 0x00,
    0x00, 0x69, 0xff, 0xf9, 0xff, 0xff, 0xff, 0xff, 0xff, 0xff, 0xff, 0xff, 0xfd, 0xfb, 0xef, 0x13,
    0x00, 0x01, 0x0e, 0x0b, 0x00, 0x00, 0x00, 0x00, 0x00, 0x00, 0x00, 0x00, 0x00, 0x00, 0x00, 0x00,
    0x00, 0x00, 0x00, 0x00, 0x4d, 0xf5, 0xfb, 0xff, 0xff, 0xf9, 0xd5, 0xff, 0x13, 0x00, 0x00, 0x00,
    0x00, 0x00, 0x00, 0x00, 0x00, 0x00, 0x00, 0x00, 0x00, 0x00, 0x00, 0x00, 0x00, 0x00, 0x00, 0x00,
    0x00, 0x23, 0x73, 0x88, 0xfb, 0xf9, 0xfd, 0xff, 0xff, 0xff, 0xff, 0xff, 0xff, 0xfd, 0xff, 0xff,
    0x4c, 0x01, 0x00, 0x00, 0x00, 0x00, 0x00, 0x00, 0x00, 0x00, 0x00, 0x00, 0x00, 0x00, 0x00, 0x00,
    0x00, 0x00, 0x00, 0x4f, 0x8f, 0xdc, 0xfd, 0xfd, 0xff, 0xff, 0xfd, 0xfd, 0x32, 0x00, 0x00, 0x00,
    0x00, 0x00, 0x00, 0x00, 0x00, 0x00, 0x00, 0x00, 0x00, 0x00, 0x00, 0x00, 0x0d, 0x12, 0x02, 0x00,
    0x00, 0x00, 0x00, 0x1c, 0xff, 0xf7, 0xff, 0xfd, 0xff, 0xff, 0xff, 0xff, 0xff, 0xff, 0xff, 0xff,
    0xff, 0xc8, 0x27, 0x00, 0x00, 0x00, 0x00, 0x00, 0x00, 0x00, 0x00, 0x00, 0x00, 0x00, 0x00, 0x00,
    0x00, 0x00, 0x00, 0x0a, 0xa8, 0xff, 0xfd, 0xfd, 0xff, 0xff, 0xf5, 0xff, 0x40, 0x00, 0x00, 0x00,
    0x00, 0x00, 0x00, 0x00, 0x00, 0x00, 0x00, 0x00, 0x00, 0x00, 0x00, 0x00, 0x11, 0xc7, 0xe6, 0x8e,
    0x24, 0x00, 0x00, 0x00, 0x56, 0xff, 0xd7, 0xff, 0xfd, 0xff, 0xff, 0xff, 0xff, 0xff, 0xff, 0xff,
    0xf7, 0xff, 0xff, 0x70, 0x01, 0x00, 0x00, 0x00, 0x00, 0x00, 0x00, 0x00, 0x00, 0x00, 0x00, 0x00,
    0x00, 0x00, 0x00, 0x00, 0x00, 0x36, 0xf7, 0xff, 0xfb, 0xff, 0xf7, 0xff, 0x38, 0x00, 0x00, 0x00,
    0x00, 0x00, 0x00, 0x00, 0x00, 0x00, 0x00, 0x00, 0x00, 0x00, 0x05, 0x18, 0x23, 0x45, 0xd7, 0xff,
    0xff, 0xaa, 0x0c, 0x1b, 0x0f, 0x17, 0x0f, 0xe8, 0xfd, 0xfd, 0xff, 0xff, 0xff, 0xff, 0xff, 0xff,
    0xff, 0xfb, 0xf7, 0xff, 0xaa, 0x03, 0x00, 0x00, 0x00, 0x00, 0x00, 0x00, 0x00, 0x00, 0x00, 0x00,
    0x00, 0x00, 0x00, 0x00, 0x00, 0x00, 0x0e, 0xda, 0xff, 0xfb, 0xf9, 0xff, 0x1e, 0x00, 0x00, 0x00,
    0x00, 0x00, 0x00, 0x00, 0x00, 0x00, 0x00, 0x00, 0x25, 0xa0, 0xf5, 0xff, 0xff, 0xff, 0xf9, 0xf9,
    0xf7, 0xff, 0xef, 0xcf, 0xfd, 0x1e, 0x00, 0x2f, 0xff, 0xf7, 0xff, 0xff, 0xff, 0xff, 0xff, 0xff,
    0xff, 0xff, 0xff, 0xf3, 0xff, 0x8f, 0x00, 0x00, 0x00, 0x00, 0x00, 0x00, 0x00, 0x00, 0x00, 0x00,
    0x00, 0x00, 0x00, 0x00, 0x00, 0x00, 0x00, 0x06, 0xde, 0xfd, 0xfd, 0xfd, 0x08, 0x00, 0x00, 0x00,
    0x00, 0x00, 0x00, 0x00, 0x00, 0x00, 0x00, 0x66, 0xeb, 0xf7, 0xff, 0xf9, 0xf7, 0xfb, 0xff, 0xff,
    0xff, 0xfb, 0xff, 0xff, 0xff, 0xff, 0x33, 0x68, 0xff, 0xfb, 0xff, 0xff, 0xff, 0xff, 0xff, 0xff,
    0xff, 0xff, 0xff, 0xff, 0xf5, 0xff, 0x1a, 0x00, 0x00, 0x00, 0x00, 0x00, 0x00, 0x00, 0x00, 0x00,
    0x00, 0x00, 0x00, 0x00, 0x00, 0x00, 0x0a, 0x3f, 0x50, 0xff, 0xff, 0xb9, 0x00, 0x00, 0x00, 0x00,
    0x00, 0x00, 0x00, 0x00, 0x00, 0x00, 0x00, 0x01, 0x09, 0x97, 0xfb, 0xfb, 0xff, 0xff, 0xff, 0xff,
    0xff, 0xff, 0xfd, 0xfd, 0xfd, 0xfd, 0xff, 0xff, 0xff, 0xff, 0xff, 0xff, 0xff, 0xff, 0xff, 0xff,
    0xff, 0xff, 0xff, 0xff, 0xf9, 0xfd, 0xa2, 0x00, 0x00, 0x00, 0x00, 0x00, 0x00, 0x00, 0x00, 0x00,
    0x00, 0x00, 0x00, 0x00, 0x00, 0x00, 0x00, 0x77, 0xd7, 0xed, 0xff, 0x52, 0x00, 0x00, 0x00, 0x00,
    0x00, 0x00, 0x00, 0x00, 0x00, 0x00, 0x00, 0x17, 0xcf, 0xff, 0xfd, 0xff, 0xff, 0xff, 0xff, 0xff,
    0xff, 0xff, 0xff, 0xff, 0xff, 0xff, 0xf9, 0xfb, 0xff, 0xff, 0xff, 0xff, 0xff, 0xff, 0xff, 0xff,
    0xff, 0xff, 0xff, 0xff, 0xff, 0xff, 0xfb, 0x06, 0x00, 0x00, 0x00, 0x00, 0x00, 0x00, 0x00, 0x00,
    0x00, 0x00, 0x00, 0x00, 0x00, 0x00, 0x00, 0x09, 0xff, 0xf9, 0xff, 0x0c, 0x00, 0x00, 0x00, 0x00,
    0x00, 0x00, 0x00, 0x00, 0x00, 0x00, 0x1c, 0xff, 0xff, 0xfb, 0xff, 0xff, 0xff, 0xff, 0xff, 0xff,
    0xff, 0xff, 0xff, 0xff, 0xff, 0xff, 0xff, 0xff, 0xff, 0xff, 0xff, 0xff, 0xff, 0xff, 0xff, 0xff,
    0xff, 0xff, 0xff, 0xff, 0xff, 0xfb, 0xff, 0x12, 0x00, 0x00, 0x00, 0x00, 0x00, 0x00, 0x00, 0x00,
    0x00, 0x00, 0x00, 0x00, 0x00, 0x00, 0x00, 0x00, 0xc5, 0xff, 0x91, 0x38, 0x25, 0x00, 0x00, 0x00,
    0x00, 0x00, 0x00, 0x00, 0x00, 0x03, 0xe4, 0xfd, 0xf9, 0xff, 0xff, 0xff, 0xff, 0xff, 0xff, 0xff,
    0xff, 0xff, 0xff, 0xff, 0xff, 0xff, 0xff, 0xff, 0xff, 0xff, 0xff, 0xff, 0xff, 0xff, 0xff, 0xff,
    0xff, 0xff, 0xff, 0xff, 0xff, 0xfb, 0xff, 0x0d, 0x00, 0x00, 0x00, 0x00, 0x00, 0x00, 0x00, 0x00,
    0x00, 0x00, 0x00, 0x00, 0x00, 0x00, 0x00, 0x00, 0xb5, 0xff, 0x9d, 0xff, 0x11, 0x00, 0x00, 0x00,
    0x00, 0x00, 0x00, 0x00, 0x00, 0x52, 0xff, 0xf7, 0xff, 0xff, 0xff, 0xff, 0xff, 0xff, 0xff, 0xff,
    0xff, 0xff, 0xff, 0xff, 0xff, 0xff, 0xff, 0xff, 0xff, 0xff, 0xff, 0xff, 0xff, 0xff, 0xff, 0xff,
    0xff, 0xff, 0xff, 0xff, 0xff, 0xf9, 0xff, 0x46, 0x00, 0x00, 0x00, 0x00, 0x00, 0x00, 0x00, 0x00,
    0x00, 0x00, 0x00, 0x00, 0x00, 0x00, 0x00, 0x01, 0xe0, 0xff, 0xff, 0xca, 0x00, 0x00, 0x00, 0x00,
    0x00, 0x00, 0x00, 0x00, 0x00, 0xde, 0xff, 0xfb, 0xff, 0xff, 0xff, 0xff, 0xff, 0xff, 0xff, 0xff,
    0xff, 0xff, 0xff, 0xff, 0xff, 0xff, 0xff, 0xff, 0xff, 0xff, 0xff, 0xff, 0xff, 0xff, 0xff, 0xff,
    0xff, 0xff, 0xff, 0xff, 0xff, 0xff, 0xfb, 0xff, 0x1b, 0x00, 0x00, 0x00, 0x00, 0x00, 0x00, 0x00,
    0x00, 0x00, 0x00, 0x00, 0x00, 0x00, 0x00, 0x0c, 0xff, 0xf3, 0xff, 0x37, 0x00, 0x00, 0x00, 0x00,
    0x00, 0x00, 0x00, 0x00, 0x1c, 0xd1, 0x6d, 0xfd, 0xfb, 0xff, 0xff, 0xff, 0xff, 0xff, 0xff, 0xff,
    0xff, 0xff, 0xff, 0xff, 0xff, 0xff, 0xff, 0xff, 0xff, 0xff, 0xff, 0xff, 0xff, 0xff, 0xff, 0xff,
    0xff, 0xff, 0xff, 0xff, 0xff, 0xff, 0xfd, 0xfd, 0xe9, 0x04, 0x00, 0x00, 0x07, 0x71, 0x89, 0x8c,
    0x0f, 0x00, 0x00, 0x00, 0x00, 0x00, 0x00, 0x38, 0xfd, 0xff, 0xa3, 0x00, 0x00, 0x00, 0x00, 0x00,
    0x00, 0x00, 0x00, 0x00, 0x0b, 0x04, 0x7e, 0xff, 0xf9, 0xff, 0xff, 0xff, 0xff, 0xff, 0xff, 0xff,
    0xff, 0xff, 0xff, 0xff, 0xff, 0xff, 0xff, 0xff, 0xff, 0xff, 0xff, 0xff, 0xff, 0xff, 0xff, 0xff,
    0xff, 0xff, 0xff, 0xff, 0xff, 0xfd, 0xfd, 0xf7, 0xff, 0x73, 0x00, 0x0a, 0xe0, 0xff, 0xff, 0x49,
    0x02, 0x00, 0x00, 0x00, 0x00, 0x00, 0x05, 0xba, 0xff, 0xbe, 0x03, 0x00, 0x00, 0x00, 0x00, 0x00,
    0x00, 0x00, 0x00, 0x00, 0x00, 0x01, 0xef, 0xff, 0xfd, 0xff, 0xff, 0xff, 0xff, 0xff, 0xff, 0xff,
    0xff, 0xff, 0xff, 0xff, 0xff, 0xff, 0xff, 0xff, 0xff, 0xff, 0xff, 0xff, 0xff, 0xff, 0xff, 0xff,
    0xff, 0xff, 0xff, 0xff, 0xff, 0xff, 0xff, 0xf7, 0xfb, 0xff, 0x28, 0xa8, 0xff, 0xef, 0xff, 0x7c,
    0x01, 0x00, 0x00, 0x00, 0x00, 0x00, 0x92, 0xff, 0xcf, 0x05, 0x00, 0x00, 0x00, 0x00, 0x00, 0x00,
    0x00, 0x00, 0x00, 0x00, 0x00, 0x0c, 0xff, 0xfd, 0xff, 0xff, 0xff, 0xff, 0xff, 0xff, 0xff, 0xff,
    0xff, 0xff, 0xff, 0xff, 0xff, 0xff, 0xff, 0xff, 0xff, 0xff, 0xff, 0xff, 0xff, 0xff, 0xff, 0xff,
    0xfb, 0xfd, 0xff, 0xfd, 0xfd, 0xc0, 0xdc, 0xff, 0xff, 0xfd, 0xff, 0xff, 0xf9, 0xff, 0x51, 0x09,
    0x00, 0x00, 0x00, 0x00, 0x02, 0x31, 0xff, 0xef, 0x17, 0x00, 0x00, 0x00, 0x00, 0x00, 0x00, 0x00,
    0x00, 0x00, 0x00, 0x00, 0x00, 0x12, 0xfd, 0xfb, 0xff, 0xff, 0xff, 0xff, 0xff, 0xff, 0xff, 0xff,
    0xff, 0xff, 0xff, 0xff, 0xff, 0xff, 0xff, 0xff, 0xff, 0xff, 0xff, 0xff, 0xff, 0xff, 0xfd, 0xf9,
    0xff, 0xff, 0xfd, 0xf5, 0xff, 0x70, 0x03, 0x4e, 0xf7, 0xf5, 0xef, 0xff, 0xff, 0x2c, 0x00, 0x00,
    0x00, 0x00, 0x00, 0x04, 0x9e, 0xe4, 0xf9, 0xda, 0x50, 0x00, 0x00, 0x00, 0x00, 0x00, 0x00, 0x00,
    0x00, 0x00, 0x00, 0x00, 0x00, 0x0d, 0xff, 0xfd, 0xff, 0xff, 0xff, 0xff, 0xff, 0xff, 0xff, 0xff,
    0xff, 0xff, 0xff, 0xff, 0xff, 0xff, 0xff, 0xff, 0xff, 0xff, 0xfd, 0xfb, 0xf7, 0xf9, 0xff, 0xff,
    0xb0, 0xcc, 0xff, 0xff, 0xed, 0x8c, 0x00, 0x00, 0x4f, 0xff, 0xff, 0xc8, 0x17, 0x00, 0x00, 0x00,
    0x00, 0x00, 0x00, 0x98, 0xff, 0xf9, 0xf9, 0xff, 0x17, 0x00, 0x00, 0x00, 0x00, 0x00, 0x00, 0x00,
    0x00, 0x00, 0x00, 0x00, 0x00, 0x04, 0xf5, 0xfd, 0xfd, 0xff, 0xff, 0xff, 0xff, 0xff, 0xff, 0xff,
    0xff, 0xff, 0xff, 0xff, 0xff, 0xff, 0xff, 0xff, 0xf9, 0xff, 0xff, 0xff, 0xff, 0xff, 0xcc, 0x3a,
    0x00, 0x2f, 0xa5, 0xc3, 0x55, 0x07, 0x00, 0x00, 0x02, 0x86, 0x5b, 0x02, 0x00, 0x00, 0x00, 0x00,
    0x00, 0x02, 0x95, 0xff, 0xf3, 0xfb, 0xff, 0x2a, 0x00, 0x00, 0x00, 0x00, 0x00, 0x00, 0x00, 0x00,
    0x00, 0x00, 0x00, 0x00, 0x00, 0x00, 0xb9, 0xff, 0xfd, 0xff, 0xff, 0xff, 0xff, 0xff, 0xff, 0xff,
    0xff, 0xff, 0xff, 0xff, 0xff, 0xff, 0xff, 0xff, 0xff, 0xff, 0xe4, 0xa0, 0x54, 0x15, 0x00, 0x00,
    0x00, 0x00, 0x02, 0x14, 0x0a, 0x00, 0x00, 0x00, 0x00, 0x00, 0x00, 0x00, 0x00, 0x00, 0x12, 0x04,
    0x08, 0xc0, 0xff, 0xf1, 0xff, 0xf7, 0x22, 0x00, 0x00, 0x00, 0x00, 0x00, 0x00, 0x00, 0x00, 0x00,
    0x00, 0x00, 0x00, 0x00, 0x00, 0x00, 0x61, 0xaf, 0xb0, 0xfd, 0xfb, 0xff, 0xff, 0xff, 0xff, 0xff,
    0xff, 0xff, 0xff, 0xff, 0xff, 0xfd, 0xff, 0xd3, 0x17, 0x03, 0x00, 0x05, 0x33, 0x42, 0x0c, 0x00,
    0x00, 0x00, 0x00, 0x00, 0x00, 0x00, 0x00, 0x00, 0x00, 0x00, 0x00, 0x00, 0x00, 0x20, 0xe2, 0x4e,
    0xe8, 0xff, 0xf1, 0xff, 0xda, 0x11, 0x00, 0x00, 0x00, 0x00, 0x00, 0x00, 0x00, 0x00, 0x00, 0x00,
    0x00, 0x00, 0x00, 0x00, 0x00, 0x00, 0x0b, 0x1e, 0x38, 0xff, 0xf7, 0xff, 0xff, 0xff, 0xff, 0xff,
    0xff, 0xff, 0xff, 0xff, 0xff, 0xff, 0xfd, 0xf1, 0x28, 0x1a, 0x6b, 0xed, 0xff, 0xff, 0xff, 0x70,
    0x04, 0x00, 0x00, 0x00, 0x00, 0x00, 0x00, 0x00, 0x00, 0x00, 0x00, 0x04, 0x61, 0xff, 0xfb, 0xff,
    0xff, 0xf9, 0xff, 0x8e, 0x05, 0x00, 0x00, 0x00, 0x00, 0x00, 0x00, 0x00, 0x00, 0x00, 0x00, 0x00,
    0x00, 0x00, 0x00, 0x00, 0x00, 0x00, 0x00, 0x00, 0x02, 0xd1, 0xff, 0xf9, 0xff, 0xff, 0xff, 0xff,
    0xff, 0xff, 0xff, 0xff, 0xff, 0xff, 0xff, 0xff, 0xff, 0xff, 0xff, 0xff, 0xf7, 0xf9, 0xff, 0xce,
    0x80, 0x04, 0x00, 0x00, 0x02, 0x0f, 0x18, 0x00, 0x00, 0x04, 0x4a, 0xde, 0xff, 0xfb, 0xff, 0xfd,
    0xf9, 0xf5, 0x6f, 0x0b, 0x00, 0x00, 0x00, 0x00, 0x00, 0x00, 0x00, 0x00, 0x00, 0x00, 0x00, 0x00,
    0x00, 0x00, 0x00, 0x00, 0x00, 0x00, 0x00, 0x00, 0x00, 0x12, 0xfb, 0xfd, 0xf9, 0xff, 0xff, 0xff,
    0xff, 0xff, 0xff, 0xff, 0xff, 0xff, 0xff, 0xff, 0xf9, 0xf9, 0xf9, 0xfd, 0xff, 0xe8, 0xaa, 0xaa,
    0x06, 0x01, 0x18, 0x79, 0xda, 0xfd, 0x45, 0x12, 0x6c, 0xe6, 0xff, 0xff, 0xf9, 0xff, 0xff, 0xfb,
    0xf7, 0xf5, 0xca, 0x5e, 0x00, 0x00, 0x00, 0x00, 0x00, 0x00, 0x00, 0x00, 0x00, 0x00, 0x00, 0x00,
    0x00, 0x00, 0x00, 0x00, 0x00, 0x00, 0x00, 0x00, 0x00, 0x00, 0x1a, 0xf5, 0xff, 0xf7, 0xf9, 0xfb,
    0xff, 0xff, 0xff, 0xff, 0xff, 0xff, 0xff, 0xff, 0xff, 0xff, 0xff, 0xff, 0xfb, 0xf3, 0x4c, 0x36,
    0x41, 0x8c, 0xff, 0xff, 0xff, 0xdc, 0xaa, 0xff, 0xff, 0xff, 0xf7, 0xfd, 0xfb, 0xf9, 0xf9, 0xff,
    0xff, 0xe0, 0x33, 0x00, 0x00, 0x00, 0x00, 0x00, 0x00, 0x00, 0x00, 0x00, 0x00, 0x00, 0x00, 0x00,
    0x00, 0x00, 0x00, 0x00, 0x00, 0x00, 0x00, 0x00, 0x00, 0x00, 0x00, 0x0f, 0xc1, 0xff, 0xff, 0xff,
    0xf9, 0xff, 0xff, 0xff, 0xff, 0xff, 0xff, 0xff, 0xff, 0xff, 0xff, 0xff, 0xff, 0xff, 0xff, 0xfd,
    0xff, 0xff, 0xfb, 0xf9, 0xfd, 0xff, 0xff, 0xfb, 0xf9, 0xfd, 0xfb, 0xff, 0xff, 0xff, 0xff, 0xd3,
    0x54, 0x04, 0x00, 0x00, 0x00, 0x00, 0x00, 0x00, 0x00, 0x00, 0x00, 0x00, 0x00, 0x00, 0x00, 0x00,
    0x00, 0x00, 0x00, 0x00, 0x00, 0x00, 0x00, 0x00, 0x00, 0x00, 0x00, 0x00, 0x01, 0x5c, 0x82, 0xc5,
    0xff, 0xfd, 0xf7, 0xfd, 0xff, 0xff, 0xff, 0xff, 0xff, 0xff, 0xff, 0xff, 0xff, 0xff, 0xfb, 0xff,
    0xf9, 0xf9, 0xff, 0xff, 0xff, 0xfd, 0xfb, 0xff, 0xff, 0xff, 0xff, 0xfb, 0xc7, 0x69, 0x1c, 0x01,
    0x00, 0x00, 0x00, 0x00, 0x00, 0x00, 0x00, 0x00, 0x00, 0x00, 0x00, 0x00, 0x00, 0x00, 0x00, 0x00,
    0x00, 0x00, 0x00, 0x00, 0x00, 0x00, 0x00, 0x00, 0x00, 0x00, 0x00, 0x00, 0x00, 0x00, 0x00, 0x03,
    0x61, 0xfd, 0xff, 0xff, 0xf9, 0xf9, 0xf9, 0xff, 0xfd, 0xf7, 0xf9, 0xfb, 0xfd, 0xff, 0xff, 0xff,
    0xff, 0xfd, 0xfb, 0xf9, 0xf9, 0xf7, 0xf7, 0xf7, 0xf9, 0xf1, 0x8c, 0x26, 0x01, 0x00, 0x00, 0x00,
    0x00, 0x00, 0x00, 0x00, 0x00, 0x00, 0x00, 0x00, 0x00, 0x00, 0x00, 0x00, 0x00, 0x00, 0x00, 0x00,
    0x00, 0x00, 0x00, 0x00, 0x00, 0x00, 0x00, 0x00, 0x00, 0x00, 0x00, 0x00, 0x00, 0x00, 0x00, 0x00,
    0x00, 0x0b, 0x64, 0xe2, 0xff, 0xff, 0xff, 0xff, 0xff, 0xff, 0xff, 0xff, 0xff, 0xfd, 0xf9, 0xf9,
    0xfd, 0xff, 0xff, 0xff, 0xff, 0xff, 0xff, 0xff, 0xff, 0xf5, 0x9e, 0x27, 0x00, 0x00, 0x00, 0x00,
    0x00, 0x00, 0x00, 0x00, 0x00, 0x00, 0x00, 0x00, 0x00, 0x00, 0x00, 0x00, 0x00, 0x00, 0x00, 0x00,
    0x00, 0x00, 0x00, 0x00, 0x00, 0x00, 0x00, 0x00, 0x00, 0x00, 0x00, 0x00, 0x00, 0x00, 0x00, 0x00,
    0x00, 0x00, 0x00, 0x03, 0x2a, 0x71, 0xa0, 0x70, 0x12, 0x33, 0x71, 0xb7, 0xe9, 0xff, 0xff, 0xff,
    0xff, 0xed, 0xb2, 0x45, 0x17, 0x21, 0x23, 0x21, 0x14, 0x06, 0x00, 0x00, 0x00, 0x00, 0x00, 0x00,
    0x00, 0x00, 0x00, 0x00, 0x00, 0x00, 0x00, 0x00, 0x00, 0x00, 0x00, 0x00, 0x00, 0x00, 0x00, 0x00,
    0x00, 0x00, 0x00, 0x00, 0x00, 0x00, 0x00, 0x00, 0x00, 0x00, 0x00, 0x00, 0x00, 0x00, 0x00, 0x00,
    0x00, 0x00, 0x00, 0x00, 0x00, 0x00, 0x00, 0x00, 0x00, 0x00, 0x00, 0x00, 0x03, 0x0b, 0x16, 0x18,
    0x0d, 0x03, 0x00, 0x00, 0x00, 0x00, 0x00, 0x00, 0x00, 0x00, 0x00, 0x00, 0x00, 0x00, 0x00, 0x00,
    0x00, 0x00, 0x00, 0x00, 0x00, 0x00, 0x00, 0x00, 0x00, 0x00, 0x00, 0x00, 0x00, 0x00, 0x00, 0x00,
    0x00, 0x00, 0x00, 0x00, 0x00, 0x00, 0x00, 0x00, 0x00, 0x00, 0x00, 0x00, 0x00, 0x00, 0x00, 0x00,
    0x00, 0x00, 0x00, 0x00, 0x00, 0x00, 0x00, 0x00, 0x00, 0x00, 0x00, 0x00, 0x00, 0x00, 0x00, 0x00,
    0x00, 0x00, 0x00, 0x00, 0x00, 0x00, 0x00, 0x00, 0x00, 0x00, 0x00, 0x00, 0x00, 0x00, 0x00, 0x00,
    0x00, 0x00, 0x00, 0x00, 0x00, 0x00, 0x00, 0x00, 0x00, 0x00, 0x00, 0x00, 0x00, 0x00, 0x00, 0x00,
    0x00, 0x00, 0x00, 0x00, 0x00, 0x00, 0x00, 0x00, 0x00, 0x00, 0x00, 0x00, 0x00, 0x00, 0x00, 0x00,
    0x00, 0x00, 0x00, 0x00, 0x00, 0x00, 0x00, 0x00, 0x00, 0x00, 0x00, 0x00, 0x00, 0x00, 0x00, 0x00,
    0x00, 0x00, 0x00, 0x00, 0x00, 0x00, 0x00, 0x00, 0x00, 0x00, 0x00, 0x00, 0x00, 0x00, 0x00, 0x00,
    0x00, 0x00, 0x00, 0x00, 0x00, 0x00, 0x00, 0x00, 0x00, 0x00, 0x00, 0x00, 0x00, 0x00, 0x00, 0x00,
    0x00, 0x00, 0x00, 0x00, 0x00, 0x00, 0x00, 0x00, 0x00, 0x00, 0x00, 0x00, 0x00, 0x00, 0x00, 0x00,
    0x00, 0x00, 0x00, 0x00, 0x00, 0x00, 0x00, 0x00, 0x00, 0x00, 0x00, 0x00, 0x00, 0x00, 0x00, 0x00,
    0x00, 0x00, 0x00, 0x00, 0x00, 0x00, 0x00, 0x00, 0x00, 0x00, 0x00, 0x00, 0x00, 0x00, 0x00, 0x00,
    0x00, 0x00, 0x00, 0x00, 0x00, 0x00, 0x00, 0x00, 0x00, 0x00, 0x00, 0x00, 0x00, 0x00, 0x00, 0x00,
};

const lv_image_dsc_t play_frame_3_dsc = {
    .header.w = 64,
    .header.h = 64,
    .header.cf = LV_COLOR_FORMAT_RGB565A8,
    .data_size = 12288,
    .data = play_frame_3_data,
};

/* Frame 4: frame_004.png */
static const uint8_t play_frame_4_data[] = {
    0x00, 0x00, 0x00, 0x00, 0x00, 0x00, 0x00, 0x00, 0x00, 0x00, 0x00, 0x00, 0x00, 0x00, 0x00, 0x00,
    0x00, 0x00, 0x00, 0x00, 0x00, 0x00, 0x00, 0x00, 0x00, 0x00, 0x00, 0x00, 0x00, 0x00, 0x81, 0x00,
    0x40, 0x00, 0x00, 0x00, 0x00, 0x00, 0x00, 0x00, 0x00, 0x00, 0x00, 0x00, 0x00, 0x00, 0x00, 0x00,
    0x00, 0x00, 0x00, 0x00, 0x00, 0x00, 0x00, 0x00, 0x00, 0x00, 0x00, 0x00, 0x00, 0x00, 0x00, 0x00,
    0x00, 0x00, 0x00, 0x00, 0x00, 0x00, 0x00, 0x00, 0x00, 0x00, 0x00, 0x00, 0x00, 0x00, 0x00, 0x00,
    0x00, 0x00, 0x00, 0x00, 0x00, 0x00, 0x00, 0x00, 0x00, 0x00, 0x00, 0x00, 0x00, 0x00, 0x00, 0x00,
    0x00, 0x00, 0x00, 0x00, 0x00, 0x00, 0x00, 0x00, 0x00, 0x00, 0x00, 0x00, 0x00, 0x00, 0x00, 0x00,
    0x00, 0x00, 0x00, 0x00, 0x00, 0x00, 0x00, 0x00, 0x00, 0x00, 0x00, 0x00, 0x00, 0x00, 0x00, 0x00,
    0x00, 0x00, 0x00, 0x00, 0x00, 0x00, 0x00, 0x00, 0x00, 0x00, 0x00, 0x00, 0x00, 0x00, 0x00, 0x00,
    0x00, 0x00, 0x00, 0x00, 0x00, 0x00, 0x00, 0x00, 0x00, 0x00, 0x00, 0x00, 0x00, 0x00, 0x04, 0x00,
    0x63, 0x00, 0x00, 0x00, 0x00, 0x00, 0x00, 0x00, 0x00, 0x00, 0x00, 0x00, 0x00, 0x00, 0x00, 0x00,
    0x00, 0x00, 0x00, 0x00, 0x00, 0x00, 0x00, 0x00, 0x00, 0x00, 0x00, 0x00, 0x00, 0x00, 0x00, 0x00,
    0x00, 0x00, 0x00, 0x00, 0x00, 0x00, 0x00, 0x00, 0x00, 0x00, 0x00, 0x00, 0x00, 0x00, 0x00, 0x00,
    0x00, 0x00, 0x00, 0x00, 0x00, 0x00, 0x00, 0x00, 0x00, 0x00, 0x00, 0x00, 0x00, 0x00, 0x00, 0x00,
    0x00, 0x00, 0x00, 0x00, 0x00, 0x00, 0x00, 0x00, 0x00, 0x00, 0x00, 0x00, 0xe1, 0x00, 0x20, 0x00,
    0x00, 0x00, 0x00, 0x00, 0x00, 0x00, 0x00, 0x00, 0x00, 0x00, 0x00, 0x00, 0x00, 0x00, 0x00, 0x00,
    0x00, 0x00, 0x00, 0x00, 0x00, 0x00, 0x00, 0x00, 0x00, 0x00, 0x00, 0x00, 0x00, 0x00, 0x00, 0x00,
    0x00, 0x00, 0x00, 0x00, 0x00, 0x00, 0x00, 0x00, 0x22, 0x00, 0x24, 0x00, 0x00, 0x00, 0x65, 0x00,
    0x65, 0x00, 0x00, 0x00, 0x83, 0x00, 0x63, 0x00, 0x00, 0x00, 0x00, 0x00, 0x00, 0x00, 0x00, 0x00,
    0x00, 0x00, 0x00, 0x00, 0x00, 0x00, 0x00, 0x00, 0x00, 0x00, 0x00, 0x00, 0x00, 0x00, 0x00, 0x00,
    0x00, 0x00, 0x00, 0x00, 0xa3, 0x00, 0xc6, 0x00, 0x40, 0x00, 0x00, 0x00, 0x00, 0x00, 0x00, 0x00,
    0x00, 0x00, 0x00, 0x00, 0x00, 0x00, 0x00, 0x00, 0x00, 0x00, 0x00, 0x00, 0x00, 0x00, 0x00, 0x00,
    0x00, 0x00, 0x00, 0x00, 0x00, 0x00, 0x00, 0x00, 0x00, 0x00, 0x20, 0x00, 0x46, 0x00, 0x81, 0x00,
    0x00, 0x00, 0x00, 0x00, 0x00, 0x00, 0x00, 0x00, 0x00, 0x00, 0x00, 0x00, 0x00, 0x00, 0x00, 0x00,
    0x00, 0x00, 0x00, 0x00, 0x00, 0x00, 0x00, 0x00, 0x00, 0x00, 0x00, 0x00, 0x00, 0x00, 0x00, 0x00,
    0x00, 0x00, 0x00, 0x00, 0x00, 0x00, 0x00, 0x00, 0x40, 0x00, 0x85, 0x00, 0x02, 0x00, 0xa3, 0x00,
    0x24, 0x00, 0x00, 0x00, 0x06, 0x00, 0xc3, 0x00, 0x00, 0x00, 0x00, 0x00, 0x00, 0x00, 0x00, 0x00,
    0x00, 0x00, 0x00, 0x00, 0x00, 0x00, 0x00, 0x00, 0x00, 0x00, 0x00, 0x00, 0x20, 0x00, 0x45, 0x00,
    0x00, 0x00, 0x63, 0x00, 0x88, 0x00, 0x63, 0x00, 0x00, 0x00, 0x00, 0x00, 0x00, 0x00, 0x00, 0x00,
    0x00, 0x00, 0x00, 0x00, 0x00, 0x00, 0x00, 0x00, 0x00, 0x00, 0x00, 0x00, 0x00, 0x00, 0x00, 0x00,
    0x00, 0x00, 0x00, 0x00, 0x00, 0x00, 0x00, 0x00, 0x00, 0x00, 0xc3, 0x00, 0x89, 0x00, 0x22, 0x00,
    0x00, 0x00, 0x00, 0x00, 0x00, 0x00, 0x00, 0x00, 0x00, 0x00, 0x00, 0x00, 0x00, 0x00, 0x00, 0x00,
    0x00, 0x00, 0x00, 0x00, 0x00, 0x00, 0x00, 0x00, 0x00, 0x00, 0x00, 0x00, 0x00, 0x00, 0x00, 0x00,
    0x00, 0x00, 0x00, 0x00, 0x00, 0x00, 0x20, 0x00, 0x00, 0x00, 0xa1, 0x00, 0xc3, 0x00, 0x65, 0x00,
    0x65, 0x00, 0xe3, 0x00, 0x65, 0x00, 0xc1, 0x00, 0x00, 0x00, 0x00, 0x00, 0x00, 0x00, 0x00, 0x00,
    0x00, 0x00, 0x00, 0x00, 0x00, 0x00, 0x00, 0x00, 0x00, 0x00, 0x00, 0x00, 0x43, 0x00, 0xa6, 0x00,
    0x20, 0x00, 0x27, 0x00, 0xc4, 0x00, 0x00, 0x00, 0x00, 0x00, 0x00, 0x00, 0x00, 0x00, 0x00, 0x00,
    0x00, 0x00, 0x00, 0x00, 0x00, 0x00, 0x00, 0x00, 0x00, 0x00, 0x00, 0x00, 0x00, 0x00, 0x00, 0x00,
    0x00, 0x00, 0x00, 0x00, 0x00, 0x00, 0x00, 0x00, 0x83, 0x00, 0x87, 0x00, 0x48, 0x00, 0x04, 0x00,
    0x00, 0x00, 0x00, 0x00, 0x00, 0x00, 0x00, 0x00, 0x00, 0x00, 0x00, 0x00, 0x00, 0x00, 0x00, 0x00,
    0x00, 0x00, 0x00, 0x00, 0x00, 0x00, 0x00, 0x00, 0x00, 0x00, 0x00, 0x00, 0x00, 0x00, 0x00, 0x00,
    0x00, 0x00, 0x00, 0x00, 0x00, 0x00, 0xc1, 0x00, 0x04, 0x00, 0xe4, 0x00, 0x26, 0x00, 0xa7, 0x00,
    0xc7, 0x00, 0xc7, 0x00, 0x04, 0x00, 0x00, 0x00, 0x00, 0x00, 0x00, 0x00, 0x00, 0x00, 0x00, 0x00,
    0x00, 0x00, 0x00, 0x00, 0x00, 0x00, 0x00, 0x00, 0x00, 0x00, 0x00, 0x00, 0x83, 0x00, 0x45, 0x00,
    0x02, 0x00, 0x27, 0x00, 0x60, 0x00, 0x00, 0x00, 0x00, 0x00, 0x00, 0x00, 0x00, 0x00, 0x00, 0x00,
    0x00, 0x00, 0x00, 0x00, 0x00, 0x00, 0x00, 0x00, 0x00, 0x00, 0x00, 0x00, 0x00, 0x00, 0x00, 0x00,
    0x00, 0x00, 0x00, 0x00, 0x00, 0x00, 0x65, 0x00, 0x89, 0x00, 0x67, 0x00, 0x48, 0x00, 0xe6, 0x00,
    0x00, 0x00, 0x00, 0x00, 0x00, 0x00, 0x00, 0x00, 0x00, 0x00, 0x00, 0x00, 0x00, 0x00, 0x00, 0x00,
    0x00, 0x00, 0x00, 0x00, 0x00, 0x00, 0x00, 0x00, 0x00, 0x00, 0x00, 0x00, 0x00, 0x00, 0x00, 0x00,
    0x00, 0x00, 0x00, 0x00, 0x00, 0x00, 0x00, 0x00, 0xc4, 0x00, 0x26, 0x00, 0x47, 0x00, 0xc7, 0x00,
    0xc7, 0x00, 0xe7, 0x00, 0x85, 0x00, 0x00, 0x00, 0x00, 0x00, 0x00, 0x00, 0x00, 0x00, 0x00, 0x00,
    0x00, 0x00, 0x00, 0x00, 0x00, 0x00, 0x00, 0x00, 0x00, 0x00, 0x00, 0x00, 0xe2, 0x00, 0x45, 0x00,
    0xa4, 0x00, 0xc6, 0x00, 0x20, 0x00, 0x00, 0x00, 0x00, 0x00, 0x00, 0x00, 0x00, 0x00, 0x00, 0x00,
    0x00, 0x00, 0x00, 0x00, 0x00, 0x00, 0x00, 0x00, 0x00, 0x00, 0x00, 0x00, 0x00, 0x00, 0x00, 0x00,
    0x00, 0x00, 0x00, 0x00, 0x85, 0x00, 0x89, 0x00, 0x49, 0x00, 0x46, 0x00, 0x89, 0x00, 0x47, 0x00,
    0x00, 0x00, 0x00, 0x00, 0x00, 0x00, 0x00, 0x00, 0x00, 0x00, 0x00, 0x00, 0x00, 0x00, 0x00, 0x00,
    0x00, 0x00, 0x00, 0x00, 0x00, 0x00, 0x00, 0x00, 0x00, 0x00, 0x00, 0x00, 0x00, 0x00, 0x00, 0x00,
    0x00, 0x00, 0x00, 0x00, 0x00, 0x00, 0x00, 0x00, 0x00, 0x00, 0x62, 0x00, 0x87, 0x00, 0x87, 0x00,
    0xa7, 0x00, 0x08, 0x00, 0x24, 0x00, 0x00, 0x00, 0x00, 0x00, 0x00, 0x00, 0x00, 0x00, 0x00, 0x00,
    0x00, 0x00, 0x00, 0x00, 0x00, 0x00, 0x60, 0x00, 0x40, 0x00, 0x00, 0x00, 0x00, 0x00, 0x84, 0x00,
    0x05, 0x00, 0x86, 0x00, 0x20, 0x00, 0x00, 0x00, 0x00, 0x00, 0x00, 0x00, 0x00, 0x00, 0x00, 0x00,
    0x00, 0x00, 0x00, 0x00, 0x00, 0x00, 0x00, 0x00, 0x00, 0x00, 0x00, 0x00, 0x00, 0x00, 0x00, 0x00,
    0x00, 0x00, 0x83, 0x00, 0x69, 0x00, 0x48, 0x00, 0x08, 0x00, 0x87, 0x00, 0xa9, 0x00, 0x06, 0x00,
    0x00, 0x00, 0x00, 0x00, 0x00, 0x00, 0x00, 0x00, 0x00, 0x00, 0x00, 0x00, 0x00, 0x00, 0x00, 0x00,
    0x00, 0x00, 0x00, 0x00, 0x00, 0x00, 0x00, 0x00, 0x00, 0x00, 0x00, 0x00, 0x00, 0x00, 0x00, 0x00,
    0x00, 0x00, 0x00, 0x00, 0x00, 0x00, 0x00, 0x00, 0x00, 0x00, 0x00, 0x00, 0xa5, 0x00, 0xa7, 0x00,
    0xe8, 0x00, 0xc7, 0x00, 0xe1, 0x00, 0x00, 0x00, 0x00, 0x00, 0x00, 0x00, 0x00, 0x00, 0x00, 0x00,
    0x00, 0x00, 0x00, 0x00, 0x00, 0x00, 0x22, 0x00, 0x63, 0x00, 0x00, 0x00, 0x00, 0x00, 0x61, 0x00,
    0x05, 0x00, 0x86, 0x00, 0x40, 0x00, 0x81, 0x00, 0xa3, 0x00, 0x00, 0x00, 0x00, 0x00, 0x00, 0x00,
    0x00, 0x00, 0x00, 0x00, 0x00, 0x00, 0x00, 0x00, 0x00, 0x00, 0x00, 0x00, 0x00, 0x00, 0x00, 0x00,
    0x20, 0x00, 0x67, 0x00, 0x69, 0x00, 0x28, 0x00, 0xa7, 0x00, 0x08, 0x00, 0x49, 0x00, 0xa5, 0x00,
    0x00, 0x00, 0x00, 0x00, 0x00, 0x00, 0x00, 0x00, 0x00, 0x00, 0x00, 0x00, 0x00, 0x00, 0x00, 0x00,
    0x00, 0x00, 0x00, 0x00, 0x00, 0x00, 0x00, 0x00, 0x00, 0x00, 0x00, 0x00, 0x00, 0x00, 0x00, 0x00,
    0x00, 0x00, 0x00, 0x00, 0x00, 0x00, 0x00, 0x00, 0x00, 0x00, 0x00, 0x00, 0x81, 0x00, 0xe6, 0x00,
    0xe7, 0x00, 0x67, 0x00, 0x83, 0x00, 0x00, 0x00, 0x00, 0x00, 0x00, 0x00, 0x00, 0x00, 0x00, 0x00,
    0x00, 0x00, 0x00, 0x00, 0x00, 0x00, 0xe2, 0x00, 0xa5, 0x00, 0xa1, 0x00, 0x00, 0x00, 0x00, 0x00,
    0x22, 0x00, 0xc6, 0x00, 0x43, 0x00, 0x04, 0x00, 0xe4, 0x00, 0x00, 0x00, 0x00, 0x00, 0x00, 0x00,
    0x00, 0x00, 0x00, 0x00, 0x00, 0x00, 0x00, 0x00, 0x00, 0x00, 0x00, 0x00, 0x00, 0x00, 0x00, 0x00,
    0xe1, 0x00, 0x28, 0x00, 0x69, 0x00, 0xe8, 0x00, 0x26, 0x00, 0xe8, 0x00, 0xc7, 0x00, 0x83, 0x00,
    0x00, 0x00, 0x00, 0x00, 0x00, 0x00, 0x00, 0x00, 0x00, 0x00, 0x00, 0x00, 0x00, 0x00, 0x00, 0x00,
    0x00, 0x00, 0x00, 0x00, 0x00, 0x00, 0x00, 0x00, 0x00, 0x00, 0x00, 0x00, 0x00, 0x00, 0x00, 0x00,
    0x00, 0x00, 0x00, 0x00, 0x00, 0x00, 0x00, 0x00, 0x00, 0x00, 0x00, 0x00, 0x00, 0x00, 0x62, 0x00,
    0xa7, 0x00, 0xe7, 0x00, 0xa5, 0x00, 0x00, 0x00, 0x00, 0x00, 0x00, 0x00, 0x00, 0x00, 0x00, 0x00,
    0x00, 0x00, 0x00, 0x00, 0x00, 0x00, 0xa1, 0x00, 0x45, 0x00, 0xc5, 0x00, 0x02, 0x00, 0x20, 0x00,
    0x20, 0x00, 0x05, 0x00, 0x65, 0x00, 0x86, 0x00, 0xe2, 0x00, 0x00, 0x00, 0x00, 0x00, 0x00, 0x00,
    0x00, 0x00, 0x00, 0x00, 0x00, 0x00, 0x00, 0x00, 0x00, 0x00, 0x00, 0x00, 0x00, 0x00, 0x00, 0x00,
    0x63, 0x00, 0x28, 0x00, 0x08, 0x00, 0x66, 0x00, 0x46, 0x00, 0xa7, 0x00, 0x06, 0x00, 0x61, 0x00,
    0x00, 0x00, 0x00, 0x00, 0x00, 0x00, 0x00, 0x00, 0x00, 0x00, 0x00, 0x00, 0x00, 0x00, 0x00, 0x00,
    0x00, 0x00, 0x00, 0x00, 0x00, 0x00, 0x00, 0x00, 0x00, 0x00, 0x00, 0x00, 0x00, 0x00, 0x00, 0x00,
    0x00, 0x00, 0x00, 0x00, 0x00, 0x00, 0x00, 0x00, 0x00, 0x00, 0x00, 0x00, 0x00, 0x00, 0xc1, 0x00,
    0x46, 0x00, 0xa7, 0x00, 0xe6, 0x00, 0x20, 0x00, 0x00, 0x00, 0x00, 0x00, 0x00, 0x00, 0x00, 0x00,
    0x42, 0x00, 0xe1, 0x00, 0x00, 0x00, 0x40, 0x00, 0xc4, 0x00, 0x04, 0x00, 0x85, 0x00, 0x63, 0x00,
    0x81, 0x00, 0x22, 0x00, 0x45, 0x00, 0xa6, 0x00, 0x02, 0x00, 0x00, 0x00, 0x00, 0x00, 0x00, 0x00,
    0x00, 0x00, 0x00, 0x00, 0x00, 0x00, 0x00, 0x00, 0x00, 0x00, 0x00, 0x00, 0x00, 0x00, 0x00, 0x00,
    0x22, 0x00, 0xe8, 0x00, 0x46, 0x00, 0xc5, 0x00, 0x67, 0x00, 0x46, 0x00, 0x83, 0x00, 0x00, 0x00,
    0x00, 0x00, 0x00, 0x00, 0x00, 0x00, 0x00, 0x00, 0x00, 0x00, 0x00, 0x00, 0x00, 0x00, 0x00, 0x00,
    0x00, 0x00, 0x00, 0x00, 0x00, 0x00, 0x00, 0x00, 0x00, 0x00, 0x00, 0x00, 0x00, 0x00, 0x00, 0x00,
    0x00, 0x00, 0x00, 0x00, 0x00, 0x00, 0x00, 0x00, 0x00, 0x00, 0x00, 0x00, 0x00, 0x00, 0x40, 0x00,
    0x26, 0x00, 0x66, 0x00, 0x87, 0x00, 0xe2, 0x00, 0x00, 0x00, 0x00, 0x00, 0x00, 0x00, 0x00, 0x00,
    0xe2, 0x00, 0x46, 0x00, 0xa3, 0x00, 0x61, 0x00, 0x22, 0x00, 0x43, 0x00, 0x65, 0x00, 0xa7, 0x00,
    0x83, 0x00, 0xe2, 0x00, 0xc4, 0x00, 0x86, 0x00, 0x04, 0x00, 0x00, 0x00, 0x02, 0x00, 0x40, 0x00,
    0x00, 0x00, 0x00, 0x00, 0x00, 0x00, 0x00, 0x00, 0x00, 0x00, 0x00, 0x00, 0x00, 0x00, 0x00, 0x00,
    0x60, 0x00, 0x67, 0x00, 0xa5, 0x00, 0xc5, 0x00, 0x26, 0x00, 0xa3, 0x00, 0xe2, 0x00, 0xc1, 0x00,
    0x00, 0x00, 0x00, 0x00, 0x00, 0x00, 0x00, 0x00, 0x00, 0x00, 0x00, 0x00, 0x00, 0x00, 0x00, 0x00,
    0x00, 0x00, 0x00, 0x00, 0x00, 0x00, 0x00, 0x00, 0x00, 0x00, 0x00, 0x00, 0x00, 0x00, 0x00, 0x00,
    0x00, 0x00, 0x00, 0x00, 0x00, 0x00, 0x00, 0x00, 0x00, 0x00, 0x00, 0x00, 0x00, 0x00, 0x81, 0x00,
    0xe6, 0x00, 0x67, 0x00, 0xc7, 0x00, 0x44, 0x00, 0x00, 0x00, 0x00, 0x00, 0x00, 0x00, 0x00, 0x00,
    0x00, 0x00, 0x04, 0x00, 0xe8, 0x00, 0x26, 0x00, 0xa3, 0x00, 0xe2, 0x00, 0x43, 0x00, 0xe8, 0x00,
    0x67, 0x00, 0x02, 0x00, 0x02, 0x00, 0x25, 0x00, 0x45, 0x00, 0xc2, 0x00, 0xc3, 0x00, 0x04, 0x00,
    0x00, 0x00, 0x00, 0x00, 0x00, 0x00, 0x22, 0x00, 0x40, 0x00, 0x00, 0x00, 0x00, 0x00, 0x00, 0x00,
    0x00, 0x00, 0x65, 0x00, 0xa5, 0x00, 0xe6, 0x00, 0xe4, 0x00, 0x04, 0x00, 0xe4, 0x00, 0x40, 0x00,
    0x00, 0x00, 0x00, 0x00, 0x00, 0x00, 0x00, 0x00, 0x00, 0x00, 0x00, 0x00, 0x00, 0x00, 0x00, 0x00,
    0x00, 0x00, 0x00, 0x00, 0x00, 0x00, 0x00, 0x00, 0x00, 0x00, 0x00, 0x00, 0x00, 0x00, 0x00, 0x00,
    0x00, 0x00, 0x00, 0x00, 0x00, 0x00, 0x00, 0x00, 0x00, 0x00, 0x00, 0x00, 0x00, 0x00, 0xc3, 0x00,
    0x26, 0x00, 0x46, 0x00, 0x46, 0x00, 0x06, 0x00, 0x81, 0x00, 0x00, 0x00, 0x00, 0x00, 0x00, 0x00,
    0x00, 0x00, 0x60, 0x00, 0x85, 0x00, 0xc7, 0x00, 0x87, 0x00, 0x24, 0x00, 0xa1, 0x00, 0xc5, 0x00,
    0x08, 0x00, 0xa5, 0x00, 0xe2, 0x00, 0x83, 0x00, 0x04, 0x00, 0xc4, 0x00, 0x63, 0x00, 0x65, 0x00,
    0xc1, 0x00, 0x00, 0x00, 0x20, 0x00, 0x26, 0x00, 0xa1, 0x00, 0x00, 0x00, 0x00, 0x00, 0x40, 0x00,
    0x00, 0x00, 0x04, 0x00, 0xe6, 0x00, 0x45, 0x00, 0x65, 0x00, 0x04, 0x00, 0x61, 0x00, 0x00, 0x00,
    0x00, 0x00, 0x00, 0x00, 0x00, 0x00, 0x00, 0x00, 0x00, 0x00, 0x00, 0x00, 0x00, 0x00, 0x00, 0x00,
    0x00, 0x00, 0x00, 0x00, 0x00, 0x00, 0x00, 0x00, 0x00, 0x00, 0x00, 0x00, 0x00, 0x00, 0x00, 0x00,
    0x00, 0x00, 0x00, 0x00, 0x00, 0x00, 0x00, 0x00, 0x00, 0x00, 0x00, 0x00, 0x00, 0x00, 0x81, 0x00,
    0xc6, 0x00, 0x26, 0x00, 0x06, 0x00, 0x26, 0x00, 0x22, 0x00, 0x00, 0x00, 0x60, 0x00, 0x63, 0x00,
    0x63, 0x00, 0x02, 0x00, 0xe2, 0x00, 0x26, 0x00, 0xa7, 0x00, 0x87, 0x00, 0xe4, 0x00, 0xc3, 0x00,
    0x46, 0x00, 0xc7, 0x00, 0x44, 0x00, 0xe4, 0x00, 0x06, 0x00, 0xe6, 0x00, 0x44, 0x00, 0x24, 0x00,
    0x83, 0x00, 0x00, 0x00, 0xe4, 0x00, 0x28, 0x00, 0xe1, 0x00, 0x00, 0x00, 0x60, 0x00, 0x24, 0x00,
    0xc1, 0x00, 0x65, 0x00, 0x45, 0x00, 0x65, 0x00, 0x83, 0x00, 0x20, 0x00, 0x00, 0x00, 0x00, 0x00,
    0x00, 0x00, 0x00, 0x00, 0x00, 0x00, 0x00, 0x00, 0x00, 0x00, 0x00, 0x00, 0x00, 0x00, 0x00, 0x00,
    0x00, 0x00, 0x00, 0x00, 0x00, 0x00, 0x00, 0x00, 0x00, 0x00, 0x00, 0x00, 0x00, 0x00, 0x00, 0x00,
    0x00, 0x00, 0x00, 0x00, 0x00, 0x00, 0x00, 0x00, 0x00, 0x00, 0x00, 0x00, 0x00, 0x00, 0x00, 0x00,
    0x83, 0x00, 0xc6, 0x00, 0x06, 0x00, 0x47, 0x00, 0x04, 0x00, 0x00, 0x00, 0x20, 0x00, 0xc1, 0x00,
    0x43, 0x00, 0x43, 0x00, 0x02, 0x00, 0x63, 0x00, 0x87, 0x00, 0xa7, 0x00, 0xa7, 0x00, 0xe6, 0x00,
    0xe6, 0x00, 0x67, 0x00, 0xc6, 0x00, 0x47, 0x00, 0xa9, 0x00, 0x89, 0x00, 0x46, 0x00, 0x85, 0x00,
    0xc3, 0x00, 0x81, 0x00, 0xa7, 0x00, 0x28, 0x00, 0x22, 0x00, 0x00, 0x00, 0x62, 0x00, 0xc6, 0x00,
    0xe4, 0x00, 0x25, 0x00, 0xe4, 0x00, 0xc2, 0x00, 0x00, 0x00, 0x00, 0x00, 0x00, 0x00, 0x00, 0x00,
    0x00, 0x00, 0x00, 0x00, 0x00, 0x00, 0x00, 0x00, 0x00, 0x00, 0x00, 0x00, 0x00, 0x00, 0x00, 0x00,
    0x00, 0x00, 0x00, 0x00, 0x00, 0x00, 0x00, 0x00, 0x00, 0x00, 0x00, 0x00, 0x00, 0x00, 0x00, 0x00,
    0x00, 0x00, 0x00, 0x00, 0x00, 0x00, 0x00, 0x00, 0x00, 0x00, 0x00, 0x00, 0x00, 0x00, 0x40, 0x00,
    0x83, 0x00, 0x04, 0x00, 0xc6, 0x00, 0xe6, 0x00, 0x26, 0x00, 0xa1, 0x00, 0x00, 0x00, 0xa1, 0x00,
    0x65, 0x00, 0x46, 0x00, 0x46, 0x00, 0xa5, 0x00, 0xa5, 0x00, 0xa7, 0x00, 0xc7, 0x00, 0xc7, 0x00,
    0x66, 0x00, 0x26, 0x00, 0x06, 0x00, 0x87, 0x00, 0x06, 0x00, 0x49, 0x00, 0x48, 0x00, 0x67, 0x00,
    0x24, 0x00, 0xa3, 0x00, 0x28, 0x00, 0xe8, 0x00, 0xc1, 0x00, 0x00, 0x00, 0x65, 0x00, 0x04, 0x00,
    0x83, 0x00, 0x43, 0x00, 0x00, 0x00, 0x00, 0x00, 0x20, 0x00, 0x00, 0x00, 0x00, 0x00, 0x00, 0x00,
    0x00, 0x00, 0x00, 0x00, 0x00, 0x00, 0x00, 0x00, 0x00, 0x00, 0x00, 0x00, 0x00, 0x00, 0x00, 0x00,
    0x00, 0x00, 0x00, 0x00, 0x00, 0x00, 0x00, 0x00, 0x00, 0x00, 0x00, 0x00, 0x00, 0x00, 0x00, 0x00,
    0x00, 0x00, 0x00, 0x00, 0x00, 0x00, 0x00, 0x00, 0x00, 0x00, 0x00, 0x00, 0x00, 0x00, 0x00, 0x00,
    0x02, 0x00, 0x04, 0x00, 0xa5, 0x00, 0xc6, 0x00, 0x67, 0x00, 0xe4, 0x00, 0x61, 0x00, 0x83, 0x00,
    0xe2, 0x00, 0x65, 0x00, 0xa7, 0x00, 0xe8, 0x00, 0x87, 0x00, 0x46, 0x00, 0xe7, 0x00, 0x28, 0x00,
    0x08, 0x00, 0x87, 0x00, 0xa5, 0x00, 0x65, 0x00, 0x66, 0x00, 0x44, 0x00, 0x69, 0x00, 0x48, 0x00,
    0x04, 0x00, 0xe4, 0x00, 0x08, 0x00, 0x87, 0x00, 0x22, 0x00, 0x63, 0x00, 0xe4, 0x00, 0x83, 0x00,
    0x83, 0x00, 0xa1, 0x00, 0x02, 0x00, 0xc4, 0x00, 0x40, 0x00, 0x00, 0x00, 0x00, 0x00, 0x00, 0x00,
    0x00, 0x00, 0x00, 0x00, 0x00, 0x00, 0x00, 0x00, 0x00, 0x00, 0x00, 0x00, 0x00, 0x00, 0x00, 0x00,
    0x00, 0x00, 0x00, 0x00, 0x00, 0x00, 0x00, 0x00, 0x00, 0x00, 0x00, 0x00, 0x00, 0x00, 0x00, 0x00,
    0x00, 0x00, 0x00, 0x00, 0x00, 0x00, 0x00, 0x00, 0x00, 0x00, 0x00, 0x00, 0x00, 0x00, 0x00, 0x00,
    0x00, 0x00, 0x02, 0x00, 0x65, 0x00, 0xc6, 0x00, 0xe6, 0x00, 0xc5, 0x00, 0xe4, 0x00, 0xc4, 0x00,
    0x83, 0x00, 0x43, 0x00, 0x04, 0x00, 0x65, 0x00, 0x26, 0x00, 0xc7, 0x00, 0x08, 0x00, 0x28, 0x00,
    0x89, 0x00, 0xc7, 0x00, 0x25, 0x00, 0x8f, 0x00, 0xb3, 0x00, 0x28, 0x00, 0x87, 0x00, 0x28, 0x00,
    0x24, 0x00, 0xa5, 0x00, 0xc7, 0x00, 0x67, 0x00, 0xe4, 0x00, 0xe4, 0x00, 0x83, 0x00, 0xc4, 0x00,
    0xc4, 0x00, 0x25, 0x00, 0x04, 0x00, 0xa1, 0x00, 0x00, 0x00, 0x00, 0x00, 0x00, 0x00, 0x00, 0x00,
    0x00, 0x00, 0x00, 0x00, 0x00, 0x00, 0x00, 0x00, 0x00, 0x00, 0x00, 0x00, 0x00, 0x00, 0x00, 0x00,
    0x00, 0x00, 0x00, 0x00, 0x00, 0x00, 0x00, 0x00, 0x00, 0x00, 0x00, 0x00, 0x00, 0x00, 0x00, 0x00,
    0x00, 0x00, 0x00, 0x00, 0x00, 0x00, 0x00, 0x00, 0x00, 0x00, 0x00, 0x00, 0x00, 0x00, 0x00, 0x00,
    0x00, 0x00, 0x00, 0x00, 0x63, 0x00, 0xa5, 0x00, 0xa5, 0x00, 0xa5, 0x00, 0xc4, 0x00, 0xe4, 0x00,
    0xa6, 0x00, 0xc4, 0x00, 0x44, 0x00, 0x66, 0x00, 0x06, 0x00, 0x06, 0x00, 0xa7, 0x00, 0x48, 0x00,
    0x69, 0x00, 0x08, 0x00, 0x07, 0x00, 0xaa, 0x00, 0x6d, 0x00, 0xeb, 0x00, 0x26, 0x00, 0x28, 0x00,
    0xa5, 0x00, 0x46, 0x00, 0xc7, 0x00, 0xc5, 0x00, 0x43, 0x00, 0x22, 0x00, 0x60, 0x00, 0x40, 0x00,
    0x61, 0x00, 0x61, 0x00, 0x00, 0x00, 0x00, 0x00, 0x00, 0x00, 0x00, 0x00, 0x00, 0x00, 0x00, 0x00,
    0x00, 0x00, 0x00, 0x00, 0x00, 0x00, 0x00, 0x00, 0x00, 0x00, 0x00, 0x00, 0x00, 0x00, 0x00, 0x00,
    0x00, 0x00, 0x00, 0x00, 0x00, 0x00, 0x00, 0x00, 0x00, 0x00, 0x00, 0x00, 0x00, 0x00, 0x00, 0x00,
    0x00, 0x00, 0x00, 0x00, 0x00, 0x00, 0x00, 0x00, 0x00, 0x00, 0x00, 0x00, 0x00, 0x00, 0x00, 0x00,
    0x00, 0x00, 0x00, 0x00, 0x61, 0x00, 0x25, 0x00, 0x25, 0x00, 0xe4, 0x00, 0x83, 0x00, 0xe4, 0x00,
    0xc4, 0x00, 0x63, 0x00, 0xa1, 0x00, 0x04, 0x00, 0x46, 0x00, 0x87, 0x00, 0x44, 0x00, 0xa5, 0x00,
    0x28, 0x00, 0x48, 0x00, 0xc4, 0x00, 0x02, 0x00, 0x05, 0x00, 0x65, 0x00, 0xa7, 0x00, 0x48, 0x00,
    0x87, 0x00, 0x26, 0x00, 0x06, 0x00, 0x24, 0x00, 0xe4, 0x00, 0x22, 0x00, 0xc1, 0x00, 0x00, 0x00,
    0x00, 0x00, 0x00, 0x00, 0x00, 0x00, 0x00, 0x00, 0x00, 0x00, 0x00, 0x00, 0x00, 0x00, 0x00, 0x00,
    0x00, 0x00, 0x00, 0x00, 0x00, 0x00, 0x00, 0x00, 0x00, 0x00, 0x00, 0x00, 0x00, 0x00, 0x00, 0x00,
    0x00, 0x00, 0x00, 0x00, 0x00, 0x00, 0x00, 0x00, 0x00, 0x00, 0x00, 0x00, 0x00, 0x00, 0x00, 0x00,
    0x00, 0x00, 0x00, 0x00, 0x00, 0x00, 0x00, 0x00, 0x00, 0x00, 0x00, 0x00, 0x00, 0x00, 0x00, 0x00,
    0x00, 0x00, 0x00, 0x00, 0x81, 0x00, 0xc4, 0x00, 0xe4, 0x00, 0x43, 0x00, 0x23, 0x00, 0xe2, 0x00,
    0x25, 0x00, 0xa4, 0x00, 0x02, 0x00, 0xc5, 0x00, 0x46, 0x00, 0xc7, 0x00, 0xa7, 0x00, 0x42, 0x00,
    0xe6, 0x00, 0x89, 0x00, 0xa5, 0x00, 0xc2, 0x00, 0x83, 0x00, 0x44, 0x00, 0xe8, 0x00, 0x28, 0x00,
    0xa7, 0x00, 0x06, 0x00, 0xe6, 0x00, 0x45, 0x00, 0xe4, 0x00, 0x45, 0x00, 0xa3, 0x00, 0x00, 0x00,
    0x00, 0x00, 0x00, 0x00, 0x00, 0x00, 0x00, 0x00, 0x00, 0x00, 0x00, 0x00, 0x00, 0x00, 0x00, 0x00,
    0x00, 0x00, 0x00, 0x00, 0x00, 0x00, 0x00, 0x00, 0x00, 0x00, 0x00, 0x00, 0x00, 0x00, 0x00, 0x00,
    0x00, 0x00, 0x00, 0x00, 0x00, 0x00, 0x00, 0x00, 0x00, 0x00, 0x00, 0x00, 0x00, 0x00, 0x00, 0x00,
    0x00, 0x00, 0x00, 0x00, 0x00, 0x00, 0x00, 0x00, 0x00, 0x00, 0x00, 0x00, 0x00, 0x00, 0x00, 0x00,
    0x00, 0x00, 0x00, 0x00, 0x22, 0x00, 0x83, 0x00, 0xe4, 0x00, 0x63, 0x00, 0x43, 0x00, 0xe4, 0x00,
    0x25, 0x00, 0x02, 0x00, 0x81, 0x00, 0x83, 0x00, 0x87, 0x00, 0x87, 0x00, 0x48, 0x00, 0x24, 0x00,
    0x63, 0x00, 0x08, 0x00, 0x08, 0x00, 0x06, 0x00, 0x65, 0x00, 0xe5, 0x00, 0xa7, 0x00, 0xe7, 0x00,
    0xc7, 0x00, 0x87, 0x00, 0x67, 0x00, 0xc5, 0x00, 0x06, 0x00, 0x22, 0x00, 0x00, 0x00, 0x00, 0x00,
    0x00, 0x00, 0x00, 0x00, 0x00, 0x00, 0x00, 0x00, 0x00, 0x00, 0x00, 0x00, 0x00, 0x00, 0x00, 0x00,
    0x00, 0x00, 0x00, 0x00, 0x00, 0x00, 0x00, 0x00, 0x00, 0x00, 0x00, 0x00, 0x00, 0x00, 0x00, 0x00,
    0x00, 0x00, 0x00, 0x00, 0x00, 0x00, 0x00, 0x00, 0x00, 0x00, 0x00, 0x00, 0x00, 0x00, 0x00, 0x00,
    0x00, 0x00, 0x00, 0x00, 0x00, 0x00, 0x00, 0x00, 0x00, 0x00, 0x00, 0x00, 0x00, 0x00, 0x00, 0x00,
    0x00, 0x00, 0x00, 0x00, 0x61, 0x00, 0x63, 0x00, 0x63, 0x00, 0xc4, 0x00, 0x66, 0x00, 0x63, 0x00,
    0x02, 0x00, 0x02, 0x00, 0x63, 0x00, 0xe2, 0x00, 0xa5, 0x00, 0xe7, 0x00, 0x48, 0x00, 0x45, 0x00,
    0x61, 0x00, 0x26, 0x00, 0xe8, 0x00, 0xe8, 0x00, 0xe8, 0x00, 0xa7, 0x00, 0x28, 0x00, 0x69, 0x00,
    0xa7, 0x00, 0x26, 0x00, 0x26, 0x00, 0x06, 0x00, 0x27, 0x00, 0x24, 0x00, 0x00, 0x00, 0x00, 0x00,
    0x00, 0x00, 0x00, 0x00, 0x00, 0x00, 0x00, 0x00, 0x00, 0x00, 0x00, 0x00, 0x00, 0x00, 0x00, 0x00,
    0x00, 0x00, 0x00, 0x00, 0x00, 0x00, 0x00, 0x00, 0x00, 0x00, 0x00, 0x00, 0x00, 0x00, 0x00, 0x00,
    0x00, 0x00, 0x00, 0x00, 0x00, 0x00, 0x00, 0x00, 0x00, 0x00, 0x00, 0x00, 0x00, 0x00, 0x00, 0x00,
    0x00, 0x00, 0x00, 0x00, 0x00, 0x00, 0x00, 0x00, 0x00, 0x00, 0x00, 0x00, 0x00, 0x00, 0x00, 0x00,
    0x00, 0x00, 0x00, 0x00, 0x00, 0x00, 0xc2, 0x00, 0xa3, 0x00, 0x88, 0x00, 0xa9, 0x00, 0xc7, 0x00,
    0x28, 0x00, 0x28, 0x00, 0xa7, 0x00, 0x05, 0x00, 0xa4, 0x00, 0xa7, 0x00, 0x69, 0x00, 0xe4, 0x00,
    0x21, 0x00, 0x63, 0x00, 0x46, 0x00, 0xe8, 0x00, 0x08, 0x00, 0x28, 0x00, 0x26, 0x00, 0xa9, 0x00,
    0xa9, 0x00, 0x26, 0x00, 0xe6, 0x00, 0x24, 0x00, 0x25, 0x00, 0x42, 0x00, 0x00, 0x00, 0x00, 0x00,
    0x00, 0x00, 0x00, 0x00, 0x00, 0x00, 0x00, 0x00, 0x00, 0x00, 0x00, 0x00, 0x00, 0x00, 0x00, 0x00,
    0x00, 0x00, 0x00, 0x00, 0x00, 0x00, 0x00, 0x00, 0x00, 0x00, 0x00, 0x00, 0x00, 0x00, 0x00, 0x00,
    0x00, 0x00, 0x00, 0x00, 0x00, 0x00, 0x00, 0x00, 0x00, 0x00, 0x00, 0x00, 0x00, 0x00, 0x00, 0x00,
    0x00, 0x00, 0x00, 0x00, 0x00, 0x00, 0x00, 0x00, 0x00, 0x00, 0x00, 0x00, 0x00, 0x00, 0x00, 0x00,
    0x00, 0x00, 0x00, 0x00, 0x00, 0x00, 0x25, 0x00, 0xe9, 0x00, 0x0d, 0x00, 0xcc, 0x00, 0x8c, 0x00,
    0xcd, 0x00, 0x4c, 0x00, 0xca, 0x00, 0x28, 0x00, 0x84, 0x00, 0xc5, 0x00, 0x49, 0x00, 0x63, 0x00,
    0x81, 0x00, 0xa2, 0x00, 0xc2, 0x00, 0x04, 0x00, 0x87, 0x00, 0x48, 0x00, 0x08, 0x00, 0x89, 0x00,
    0xa9, 0x00, 0xc7, 0x00, 0x26, 0x00, 0x67, 0x00, 0x42, 0x00, 0x00, 0x00, 0x00, 0x00, 0x00, 0x00,
    0x00, 0x00, 0x00, 0x00, 0x00, 0x00, 0x00, 0x00, 0x00, 0x00, 0x00, 0x00, 0x00, 0x00, 0x00, 0x00,
    0x00, 0x00, 0x00, 0x00, 0x00, 0x00, 0x00, 0x00, 0x00, 0x00, 0x00, 0x00, 0x00, 0x00, 0x00, 0x00,
    0x00, 0x00, 0x00, 0x00, 0x00, 0x00, 0x00, 0x00, 0x00, 0x00, 0x00, 0x00, 0x00, 0x00, 0x00, 0x00,
    0x00, 0x00, 0x00, 0x00, 0x00, 0x00, 0x00, 0x00, 0x00, 0x00, 0x00, 0x00, 0x00, 0x00, 0x00, 0x00,
    0x00, 0x00, 0x00, 0x00, 0xa5, 0x00, 0x8d, 0x00, 0xcb, 0x00, 0x8e, 0x00, 0xef, 0x00, 0x0d, 0x00,
    0x8c, 0x00, 0x4b, 0x00, 0x89, 0x00, 0xc7, 0x00, 0x84, 0x00, 0x24, 0x00, 0x08, 0x00, 0x02, 0x00,
    0x03, 0x00, 0x23, 0x00, 0xe2, 0x00, 0x41, 0x00, 0x02, 0x00, 0xc8, 0x00, 0x28, 0x00, 0x69, 0x00,
    0x89, 0x00, 0xa5, 0x00, 0x85, 0x00, 0xc4, 0x00, 0x00, 0x00, 0x00, 0x00, 0x00, 0x00, 0x00, 0x00,
    0x00, 0x00, 0x00, 0x00, 0x00, 0x00, 0x00, 0x00, 0x00, 0x00, 0x00, 0x00, 0x00, 0x00, 0x00, 0x00,
    0x00, 0x00, 0x00, 0x00, 0x00, 0x00, 0x00, 0x00, 0x00, 0x00, 0x00, 0x00, 0x00, 0x00, 0x00, 0x00,
    0x00, 0x00, 0x00, 0x00, 0x00, 0x00, 0x00, 0x00, 0x00, 0x00, 0x00, 0x00, 0x00, 0x00, 0x00, 0x00,
    0x00, 0x00, 0x00, 0x00, 0x00, 0x00, 0x00, 0x00, 0x00, 0x00, 0x00, 0x00, 0x00, 0x00, 0x00, 0x00,
    0x20, 0x00, 0x65, 0x00, 0x0e, 0x00, 0x4f, 0x00, 0x2c, 0x00, 0x0f, 0x00, 0x50, 0x00, 0xcf, 0x00,
    0x0d, 0x00, 0x0a, 0x00, 0xc7, 0x00, 0x86, 0x00, 0xe5, 0x00, 0xa4, 0x00, 0xa7, 0x00, 0x23, 0x00,
    0x84, 0x00, 0xa5, 0x00, 0x84, 0x00, 0x03, 0x00, 0x61, 0x00, 0x65, 0x00, 0x28, 0x00, 0x08, 0x00,
    0xc7, 0x00, 0x26, 0x00, 0x26, 0x00, 0x20, 0x00, 0x00, 0x00, 0x00, 0x00, 0x00, 0x00, 0x00, 0x00,
    0x00, 0x00, 0x00, 0x00, 0x00, 0x00, 0x00, 0x00, 0x00, 0x00, 0x00, 0x00, 0x00, 0x00, 0x00, 0x00,
    0x00, 0x00, 0x00, 0x00, 0x00, 0x00, 0x00, 0x00, 0x00, 0x00, 0x00, 0x00, 0x00, 0x00, 0x00, 0x00,
    0x00, 0x00, 0x00, 0x00, 0x00, 0x00, 0x00, 0x00, 0x00, 0x00, 0x00, 0x00, 0x00, 0x00, 0x00, 0x00,
    0x00, 0x00, 0x00, 0x00, 0x00, 0x00, 0x00, 0x00, 0x00, 0x00, 0x00, 0x00, 0x00, 0x00, 0x20, 0x00,
    0xa5, 0x00, 0x0c, 0x00, 0xb0, 0x00, 0x2f, 0x00, 0x4c, 0x00, 0xae, 0x00, 0x4d, 0x00, 0x0d, 0x00,
    0x6b, 0x00, 0xe7, 0x00, 0xa7, 0x00, 0x25, 0x00, 0x84, 0x00, 0xe2, 0x00, 0x26, 0x00, 0x83, 0x00,
    0xa5, 0x00, 0x47, 0x00, 0x26, 0x00, 0x44, 0x00, 0xa2, 0x00, 0x61, 0x00, 0x65, 0x00, 0x67, 0x00,
    0x47, 0x00, 0xe6, 0x00, 0x67, 0x00, 0xa1, 0x00, 0x00, 0x00, 0x00, 0x00, 0x00, 0x00, 0x00, 0x00,
    0x00, 0x00, 0x00, 0x00, 0x00, 0x00, 0x00, 0x00, 0x00, 0x00, 0x00, 0x00, 0xc1, 0x00, 0x20, 0x00,
    0x00, 0x00, 0x00, 0x00, 0x00, 0x00, 0x00, 0x00, 0x00, 0x00, 0x00, 0x00, 0x00, 0x00, 0x00, 0x00,
    0x00, 0x00, 0x00, 0x00, 0x00, 0x00, 0x00, 0x00, 0x00, 0x00, 0x00, 0x00, 0x00, 0x00, 0x00, 0x00,
    0x00, 0x00, 0x00, 0x00, 0x00, 0x00, 0x00, 0x00, 0x00, 0x00, 0x00, 0x00, 0x00, 0x00, 0x24, 0x00,
    0x0b, 0x00, 0xad, 0x00, 0x6f, 0x00, 0x90, 0x00, 0xb1, 0x00, 0x90, 0x00, 0x50, 0x00, 0xae, 0x00,
    0x6b, 0x00, 0x68, 0x00, 0x86, 0x00, 0xa4, 0x00, 0x61, 0x00, 0x00, 0x00, 0x65, 0x00, 0x65, 0x00,
    0x44, 0x00, 0xc8, 0x00, 0x88, 0x00, 0x03, 0x00, 0x23, 0x00, 0x63, 0x00, 0x43, 0x00, 0x43, 0x00,
    0x83, 0x00, 0x65, 0x00, 0xc3, 0x00, 0x00, 0x00, 0x00, 0x00, 0x00, 0x00, 0x00, 0x00, 0x00, 0x00,
    0x00, 0x00, 0x00, 0x00, 0x00, 0x00, 0x00, 0x00, 0x00, 0x00, 0x24, 0x00, 0xe6, 0x00, 0x00, 0x00,
    0x00, 0x00, 0x00, 0x00, 0x00, 0x00, 0x00, 0x00, 0x00, 0x00, 0x00, 0x00, 0x00, 0x00, 0x00, 0x00,
    0x00, 0x00, 0x00, 0x00, 0x00, 0x00, 0x00, 0x00, 0x00, 0x00, 0x00, 0x00, 0x00, 0x00, 0x00, 0x00,
    0x00, 0x00, 0x00, 0x00, 0x00, 0x00, 0x00, 0x00, 0x00, 0x00, 0x00, 0x00, 0xe1, 0x00, 0x69, 0x00,
    0xad, 0x00, 0x4c, 0x00, 0xd1, 0x00, 0x73, 0x00, 0x53, 0x00, 0xd1, 0x00, 0x2f, 0x00, 0x0c, 0x00,
    0xe9, 0x00, 0x07, 0x00, 0x25, 0x00, 0xe4, 0x00, 0x43, 0x00, 0x00, 0x00, 0xc1, 0x00, 0x67, 0x00,
    0x63, 0x00, 0xe6, 0x00, 0x06, 0x00, 0x45, 0x00, 0xe4, 0x00, 0x02, 0x00, 0x02, 0x00, 0x63, 0x00,
    0xe4, 0x00, 0x63, 0x00, 0x00, 0x00, 0x00, 0x00, 0x00, 0x00, 0x00, 0x00, 0x00, 0x00, 0x00, 0x00,
    0x00, 0x00, 0x00, 0x00, 0x83, 0x00, 0xa3, 0x00, 0x42, 0x00, 0x08, 0x00, 0xc1, 0x00, 0x81, 0x00,
    0xc1, 0x00, 0x00, 0x00, 0x00, 0x00, 0x00, 0x00, 0x00, 0x00, 0x00, 0x00, 0x00, 0x00, 0x00, 0x00,
    0x00, 0x00, 0x00, 0x00, 0x00, 0x00, 0x00, 0x00, 0x00, 0x00, 0x00, 0x00, 0x00, 0x00, 0x00, 0x00,
    0x00, 0x00, 0x00, 0x00, 0x00, 0x00, 0x00, 0x00, 0x00, 0x00, 0x00, 0x00, 0x85, 0x00, 0x4b, 0x00,
    0x0e, 0x00, 0x4c, 0x00, 0x2f, 0x00, 0xee, 0x00, 0xae, 0x00, 0x4c, 0x00, 0xe9, 0x00, 0x47, 0x00,
    0xa7, 0x00, 0xe6, 0x00, 0xe6, 0x00, 0x06, 0x00, 0xa5, 0x00, 0xe2, 0x00, 0x00, 0x00, 0x83, 0x00,
    0x47, 0x00, 0xa5, 0x00, 0x06, 0x00, 0x83, 0x00, 0x00, 0x00, 0x00, 0x00, 0x00, 0x00, 0x00, 0x00,
    0x00, 0x00, 0x00, 0x00, 0x00, 0x00, 0x00, 0x00, 0x00, 0x00, 0x00, 0x00, 0x00, 0x00, 0x00, 0x00,
    0x00, 0x00, 0x00, 0x00, 0x06, 0x00, 0xa5, 0x00, 0x47, 0x00, 0x85, 0x00, 0x04, 0x00, 0x26, 0x00,
    0x22, 0x00, 0x00, 0x00, 0x00, 0x00, 0x00, 0x00, 0x00, 0x00, 0x00, 0x00, 0x00, 0x00, 0x00, 0x00,
    0x00, 0x00, 0x00, 0x00, 0x00, 0x00, 0x00, 0x00, 0x00, 0x00, 0x00, 0x00, 0x00, 0x00, 0x00, 0x00,
    0x00, 0x00, 0x00, 0x00, 0x00, 0x00, 0x00, 0x00, 0x00, 0x00, 0xc1, 0x00, 0x87, 0x00, 0x8c, 0x00,
    0x4f, 0x00, 0x70, 0x00, 0xb1, 0x00, 0xd1, 0x00, 0x70, 0x00, 0xad, 0x00, 0x27, 0x00, 0x87, 0x00,
    0xe7, 0x00, 0x87, 0x00, 0x46, 0x00, 0xe6, 0x00, 0xe5, 0x00, 0x85, 0x00, 0x81, 0x00, 0x00, 0x00,
    0xa1, 0x00, 0x63, 0x00, 0x81, 0x00, 0x00, 0x00, 0x00, 0x00, 0x00, 0x00, 0x00, 0x00, 0x00, 0x00,
    0x00, 0x00, 0x00, 0x00, 0x00, 0x00, 0x00, 0x00, 0x00, 0x00, 0x00, 0x00, 0x00, 0x00, 0x20, 0x00,
    0x22, 0x00, 0x22, 0x00, 0x46, 0x00, 0x06, 0x00, 0xe4, 0x00, 0x45, 0x00, 0x06, 0x00, 0x63, 0x00,
    0x00, 0x00, 0x00, 0x00, 0x00, 0x00, 0x00, 0x00, 0x00, 0x00, 0x00, 0x00, 0x00, 0x00, 0x00, 0x00,
    0x00, 0x00, 0x00, 0x00, 0x00, 0x00, 0x00, 0x00, 0x00, 0x00, 0x00, 0x00, 0x00, 0x00, 0x00, 0x00,
    0x00, 0x00, 0x00, 0x00, 0x00, 0x00, 0x00, 0x00, 0x00, 0x00, 0xe4, 0x00, 0x49, 0x00, 0x4c, 0x00,
    0x6f, 0x00, 0x32, 0x00, 0x32, 0x00, 0x12, 0x00, 0x70, 0x00, 0x8d, 0x00, 0x47, 0x00, 0x46, 0x00,
    0x87, 0x00, 0x26, 0x00, 0x67, 0x00, 0x67, 0x00, 0x06, 0x00, 0x26, 0x00, 0x64, 0x00, 0x81, 0x00,
    0x00, 0x00, 0x00, 0x00, 0x00, 0x00, 0x00, 0x00, 0x00, 0x00, 0x00, 0x00, 0x00, 0x00, 0x00, 0x00,
    0x00, 0x00, 0x00, 0x00, 0x00, 0x00, 0x00, 0x00, 0x00, 0x00, 0x00, 0x00, 0x00, 0x00, 0x61, 0x00,
    0x26, 0x00, 0x85, 0x00, 0x87, 0x00, 0x85, 0x00, 0xc4, 0x00, 0x85, 0x00, 0x63, 0x00, 0x00, 0x00,
    0x00, 0x00, 0x00, 0x00, 0x00, 0x00, 0x00, 0x00, 0x00, 0x00, 0x00, 0x00, 0x00, 0x00, 0x00, 0x00,
    0x00, 0x00, 0x00, 0x00, 0x00, 0x00, 0x00, 0x00, 0x00, 0x00, 0x00, 0x00, 0x00, 0x00, 0x00, 0x00,
    0x00, 0x00, 0x00, 0x00, 0x00, 0x00, 0x00, 0x00, 0x00, 0x00, 0xc6, 0x00, 0x69, 0x00, 0x2b, 0x00,
    0x4f, 0x00, 0xf1, 0x00, 0x12, 0x00, 0xb0, 0x00, 0xee, 0x00, 0x4a, 0x00, 0xa5, 0x00, 0xa5, 0x00,
    0x26, 0x00, 0xe5, 0x00, 0x85, 0x00, 0x26, 0x00, 0x46, 0x00, 0x26, 0x00, 0xe5, 0x00, 0x85, 0x00,
    0x82, 0x00, 0x20, 0x00, 0x00, 0x00, 0x00, 0x00, 0x00, 0x00, 0x00, 0x00, 0x00, 0x00, 0x00, 0x00,
    0x00, 0x00, 0x00, 0x00, 0x00, 0x00, 0x00, 0x00, 0x00, 0x00, 0x00, 0x00, 0x00, 0x00, 0x63, 0x00,
    0x87, 0x00, 0xe6, 0x00, 0x46, 0x00, 0xa4, 0x00, 0x83, 0x00, 0xc2, 0x00, 0x00, 0x00, 0x00, 0x00,
    0x00, 0x00, 0x00, 0x00, 0x00, 0x00, 0x00, 0x00, 0x00, 0x00, 0x00, 0x00, 0x00, 0x00, 0x00, 0x00,
    0x00, 0x00, 0x00, 0x00, 0x00, 0x00, 0x00, 0x00, 0x00, 0x00, 0x00, 0x00, 0x00, 0x00, 0x00, 0x00,
    0x00, 0x00, 0x00, 0x00, 0x00, 0x00, 0x00, 0x00, 0x20, 0x00, 0x47, 0x00, 0xeb, 0x00, 0xcb, 0x00,
    0x4f, 0x00, 0xf1, 0x00, 0x2f, 0x00, 0x0c, 0x00, 0x4a, 0x00, 0xc6, 0x00, 0x26, 0x00, 0xc5, 0x00,
    0x65, 0x00, 0x85, 0x00, 0x04, 0x00, 0xc4, 0x00, 0x04, 0x00, 0x44, 0x00, 0x65, 0x00, 0xe5, 0x00,
    0x26, 0x00, 0x64, 0x00, 0xa3, 0x00, 0x02, 0x00, 0x02, 0x00, 0x22, 0x00, 0xe1, 0x00, 0x60, 0x00,
    0x00, 0x00, 0x00, 0x00, 0x00, 0x00, 0x00, 0x00, 0x00, 0x00, 0x00, 0x00, 0xa1, 0x00, 0x87, 0x00,
    0x47, 0x00, 0x26, 0x00, 0xa3, 0x00, 0x22, 0x00, 0x61, 0x00, 0x00, 0x00, 0x00, 0x00, 0x00, 0x00,
    0x00, 0x00, 0x00, 0x00, 0x00, 0x00, 0x00, 0x00, 0x00, 0x00, 0x00, 0x00, 0x00, 0x00, 0x00, 0x00,
    0x00, 0x00, 0x00, 0x00, 0x00, 0x00, 0x00, 0x00, 0x00, 0x00, 0x00, 0x00, 0x00, 0x00, 0x00, 0x00,
    0x00, 0x00, 0x00, 0x00, 0x00, 0x00, 0x00, 0x00, 0x60, 0x00, 0x67, 0x00, 0x0b, 0x00, 0xaa, 0x00,
    0x2c, 0x00, 0x6d, 0x00, 0x6a, 0x00, 0xab, 0x00, 0x0c, 0x00, 0x47, 0x00, 0xc5, 0x00, 0x83, 0x00,
    0x22, 0x00, 0xe2, 0x00, 0x02, 0x00, 0x22, 0x00, 0x43, 0x00, 0x63, 0x00, 0x63, 0x00, 0xa3, 0x00,
    0x44, 0x00, 0xe5, 0x00, 0x46, 0x00, 0x66, 0x00, 0xc7, 0x00, 0xa7, 0x00, 0xa7, 0x00, 0x46, 0x00,
    0x64, 0x00, 0x62, 0x00, 0xa1, 0x00, 0x02, 0x00, 0x83, 0x00, 0xc5, 0x00, 0xc7, 0x00, 0xa7, 0x00,
    0x26, 0x00, 0xe4, 0x00, 0xa3, 0x00, 0xc4, 0x00, 0x60, 0x00, 0x00, 0x00, 0x00, 0x00, 0x00, 0x00,
    0x00, 0x00, 0x00, 0x00, 0x00, 0x00, 0x00, 0x00, 0x00, 0x00, 0x00, 0x00, 0x00, 0x00, 0x00, 0x00,
    0x00, 0x00, 0x00, 0x00, 0x00, 0x00, 0x00, 0x00, 0x00, 0x00, 0x00, 0x00, 0x00, 0x00, 0x00, 0x00,
    0x00, 0x00, 0x00, 0x00, 0x00, 0x00, 0x00, 0x00, 0x40, 0x00, 0x87, 0x00, 0xca, 0x00, 0xaa, 0x00,
    0x8a, 0x00, 0x8d, 0x00, 0xee, 0x00, 0xad, 0x00, 0x6d, 0x00, 0x07, 0x00, 0xa3, 0x00, 0xe4, 0x00,
    0xa4, 0x00, 0x81, 0x00, 0x61, 0x00, 0x40, 0x00, 0x61, 0x00, 0x22, 0x00, 0xc4, 0x00, 0xc4, 0x00,
    0xc4, 0x00, 0xe4, 0x00, 0x65, 0x00, 0xc5, 0x00, 0x26, 0x00, 0x87, 0x00, 0x87, 0x00, 0xc7, 0x00,
    0x08, 0x00, 0xc7, 0x00, 0x08, 0x00, 0x69, 0x00, 0x28, 0x00, 0xc7, 0x00, 0xe6, 0x00, 0xa5, 0x00,
    0x65, 0x00, 0xe4, 0x00, 0x02, 0x00, 0x20, 0x00, 0x00, 0x00, 0x00, 0x00, 0x00, 0x00, 0x00, 0x00,
    0x00, 0x00, 0x00, 0x00, 0x00, 0x00, 0x00, 0x00, 0x00, 0x00, 0x00, 0x00, 0x00, 0x00, 0x00, 0x00,
    0x00, 0x00, 0x00, 0x00, 0x00, 0x00, 0x00, 0x00, 0x00, 0x00, 0x00, 0x00, 0x00, 0x00, 0x00, 0x00,
    0x00, 0x00, 0x00, 0x00, 0x00, 0x00, 0x00, 0x00, 0x40, 0x00, 0xc6, 0x00, 0x8a, 0x00, 0x6a, 0x00,
    0x8d, 0x00, 0xce, 0x00, 0x6d, 0x00, 0x2c, 0x00, 0x0c, 0x00, 0xa6, 0x00, 0x24, 0x00, 0x65, 0x00,
    0x65, 0x00, 0x22, 0x00, 0x22, 0x00, 0x23, 0x00, 0x40, 0x00, 0x00, 0x00, 0xa1, 0x00, 0x83, 0x00,
    0xe4, 0x00, 0xa4, 0x00, 0x83, 0x00, 0x04, 0x00, 0x65, 0x00, 0x85, 0x00, 0xc5, 0x00, 0x26, 0x00,
    0x46, 0x00, 0xa7, 0x00, 0x67, 0x00, 0x26, 0x00, 0xc6, 0x00, 0x45, 0x00, 0x45, 0x00, 0x04, 0x00,
    0x22, 0x00, 0x40, 0x00, 0x00, 0x00, 0x00, 0x00, 0x00, 0x00, 0x00, 0x00, 0x00, 0x00, 0x00, 0x00,
    0x00, 0x00, 0x00, 0x00, 0x00, 0x00, 0x00, 0x00, 0x00, 0x00, 0x00, 0x00, 0x00, 0x00, 0x00, 0x00,
    0x00, 0x00, 0x00, 0x00, 0x00, 0x00, 0x00, 0x00, 0x00, 0x00, 0x00, 0x00, 0x00, 0x00, 0x00, 0x00,
    0x00, 0x00, 0x00, 0x00, 0x00, 0x00, 0x00, 0x00, 0x20, 0x00, 0x65, 0x00, 0xc8, 0x00, 0x49, 0x00,
    0xeb, 0x00, 0x2c, 0x00, 0x2c, 0x00, 0x0c, 0x00, 0x2a, 0x00, 0x88, 0x00, 0x26, 0x00, 0x46, 0x00,
    0xe6, 0x00, 0xa4, 0x00, 0x43, 0x00, 0x22, 0x00, 0x23, 0x00, 0x60, 0x00, 0x00, 0x00, 0x20, 0x00,
    0x81, 0x00, 0x02, 0x00, 0x43, 0x00, 0x63, 0x00, 0xe4, 0x00, 0xc4, 0x00, 0xa4, 0x00, 0x04, 0x00,
    0x24, 0x00, 0x24, 0x00, 0xe4, 0x00, 0x63, 0x00, 0xe2, 0x00, 0xa1, 0x00, 0xa1, 0x00, 0x20, 0x00,
    0x00, 0x00, 0x00, 0x00, 0x00, 0x00, 0x00, 0x00, 0x00, 0x00, 0x00, 0x00, 0x00, 0x00, 0x00, 0x00,
    0x00, 0x00, 0x00, 0x00, 0x00, 0x00, 0x00, 0x00, 0x00, 0x00, 0x00, 0x00, 0x00, 0x00, 0x00, 0x00,
    0x00, 0x00, 0x00, 0x00, 0x00, 0x00, 0x00, 0x00, 0x00, 0x00, 0x00, 0x00, 0x00, 0x00, 0x00, 0x00,
    0x00, 0x00, 0x00, 0x00, 0x00, 0x00, 0x00, 0x00, 0x00, 0x00, 0x04, 0x00, 0x07, 0x00, 0xe8, 0x00,
    0x4a, 0x00, 0x0c, 0x00, 0xeb, 0x00, 0x2a, 0x00, 0x0c, 0x00, 0xe9, 0x00, 0xe5, 0x00, 0x67, 0x00,
    0x26, 0x00, 0xa5, 0x00, 0x04, 0x00, 0xc3, 0x00, 0xa1, 0x00, 0x00, 0x00, 0x00, 0x00, 0x00, 0x00,
    0x00, 0x00, 0x00, 0x00, 0xa1, 0x00, 0x63, 0x00, 0x02, 0x00, 0x63, 0x00, 0xa4, 0x00, 0x83, 0x00,
    0xe2, 0x00, 0x40, 0x00, 0x20, 0x00, 0x00, 0x00, 0x00, 0x00, 0x00, 0x00, 0x00, 0x00, 0x00, 0x00,
    0x00, 0x00, 0x00, 0x00, 0x00, 0x00, 0x00, 0x00, 0x00, 0x00, 0x00, 0x00, 0x00, 0x00, 0x00, 0x00,
    0x00, 0x00, 0x00, 0x00, 0x00, 0x00, 0x00, 0x00, 0x00, 0x00, 0x00, 0x00, 0x00, 0x00, 0x00, 0x00,
    0x00, 0x00, 0x00, 0x00, 0x00, 0x00, 0x00, 0x00, 0x00, 0x00, 0x00, 0x00, 0x00, 0x00, 0x00, 0x00,
    0x00, 0x00, 0x00, 0x00, 0x00, 0x00, 0x00, 0x00, 0x00, 0x00, 0x22, 0x00, 0x47, 0x00, 0x07, 0x00,
    0x4a, 0x00, 0xcb, 0x00, 0x29, 0x00, 0x0c, 0x00, 0x6d, 0x00, 0xcb, 0x00, 0xe6, 0x00, 0x26, 0x00,
    0xe6, 0x00, 0xc6, 0x00, 0x65, 0x00, 0x04, 0x00, 0x04, 0x00, 0x63, 0x00, 0xc1, 0x00, 0x60, 0x00,
    0x00, 0x00, 0x00, 0x00, 0x00, 0x00, 0x61, 0x00, 0x20, 0x00, 0x00, 0x00, 0x20, 0x00, 0x40, 0x00,
    0x20, 0x00, 0x00, 0x00, 0x00, 0x00, 0x00, 0x00, 0x00, 0x00, 0x00, 0x00, 0x00, 0x00, 0x00, 0x00,
    0x00, 0x00, 0x00, 0x00, 0x00, 0x00, 0x00, 0x00, 0x00, 0x00, 0x00, 0x00, 0x00, 0x00, 0x00, 0x00,
    0x00, 0x00, 0x00, 0x00, 0x00, 0x00, 0x00, 0x00, 0x20, 0x00, 0x00, 0x00, 0x00, 0x00, 0x00, 0x00,
    0x00, 0x00, 0x00, 0x00, 0x00, 0x00, 0x00, 0x00, 0x00, 0x00, 0x00, 0x00, 0x00, 0x00, 0x00, 0x00,
    0x00, 0x00, 0x00, 0x00, 0x00, 0x00, 0x00, 0x00, 0x00, 0x00, 0x00, 0x00, 0x06, 0x00, 0x47, 0x00,
    0x07, 0x00, 0xc8, 0x00, 0xab, 0x00, 0x4c, 0x00, 0xec, 0x00, 0xeb, 0x00, 0x07, 0x00, 0xa5, 0x00,
    0x06, 0x00, 0xc6, 0x00, 0x85, 0x00, 0xe4, 0x00, 0xe4, 0x00, 0x45, 0x00, 0x65, 0x00, 0xc4, 0x00,
    0xa1, 0x00, 0x00, 0x00, 0x00, 0x00, 0x00, 0x00, 0x00, 0x00, 0x00, 0x00, 0x00, 0x00, 0x00, 0x00,
    0x00, 0x00, 0x00, 0x00, 0x00, 0x00, 0x00, 0x00, 0x00, 0x00, 0x00, 0x00, 0x00, 0x00, 0x00, 0x00,
    0x00, 0x00, 0x00, 0x00, 0x00, 0x00, 0x00, 0x00, 0x00, 0x00, 0x00, 0x00, 0x00, 0x00, 0x00, 0x00,
    0x00, 0x00, 0x00, 0x00, 0x42, 0x00, 0x85, 0x00, 0x42, 0x00, 0x00, 0x00, 0x00, 0x00, 0x00, 0x00,
    0x00, 0x00, 0x00, 0x00, 0x00, 0x00, 0x00, 0x00, 0x00, 0x00, 0x00, 0x00, 0x00, 0x00, 0x00, 0x00,
    0x00, 0x00, 0x00, 0x00, 0x00, 0x00, 0x00, 0x00, 0x00, 0x00, 0x00, 0x00, 0x22, 0x00, 0x09, 0x00,
    0x68, 0x00, 0x88, 0x00, 0xcb, 0x00, 0x8a, 0x00, 0xab, 0x00, 0xc9, 0x00, 0x2a, 0x00, 0x07, 0x00,
    0xa5, 0x00, 0xe6, 0x00, 0xc6, 0x00, 0xe4, 0x00, 0x02, 0x00, 0x02, 0x00, 0x63, 0x00, 0x24, 0x00,
    0xa5, 0x00, 0x24, 0x00, 0x81, 0x00, 0x00, 0x00, 0x00, 0x00, 0x00, 0x00, 0x00, 0x00, 0x00, 0x00,
    0x00, 0x00, 0x00, 0x00, 0x00, 0x00, 0x00, 0x00, 0x00, 0x00, 0x00, 0x00, 0x00, 0x00, 0x00, 0x00,
    0x00, 0x00, 0x00, 0x00, 0x00, 0x00, 0x00, 0x00, 0x00, 0x00, 0x00, 0x00, 0x00, 0x00, 0x00, 0x00,
    0x20, 0x00, 0x24, 0x00, 0x47, 0x00, 0x63, 0x00, 0x00, 0x00, 0x00, 0x00, 0x00, 0x00, 0x00, 0x00,
    0x00, 0x00, 0x00, 0x00, 0x00, 0x00, 0x00, 0x00, 0x00, 0x00, 0x00, 0x00, 0x00, 0x00, 0x00, 0x00,
    0x00, 0x00, 0x00, 0x00, 0x00, 0x00, 0x00, 0x00, 0x00, 0x00, 0x00, 0x00, 0x00, 0x00, 0x25, 0x00,
    0x09, 0x00, 0xa8, 0x00, 0xe9, 0x00, 0x09, 0x00, 0x88, 0x00, 0xc9, 0x00, 0x4a, 0x00, 0xa8, 0x00,
    0x65, 0x00, 0xe6, 0x00, 0xe6, 0x00, 0x04, 0x00, 0x24, 0x00, 0xa5, 0x00, 0xc5, 0x00, 0x24, 0x00,
    0xa3, 0x00, 0x65, 0x00, 0xc5, 0x00, 0x62, 0x00, 0x00, 0x00, 0x00, 0x00, 0x00, 0x00, 0x00, 0x00,
    0x00, 0x00, 0x00, 0x00, 0x00, 0x00, 0x00, 0x00, 0x00, 0x00, 0x00, 0x00, 0x00, 0x00, 0x00, 0x00,
    0x00, 0x00, 0x00, 0x00, 0x00, 0x00, 0x00, 0x00, 0x00, 0x00, 0x00, 0x00, 0x00, 0x00, 0x63, 0x00,
    0xe4, 0x00, 0x46, 0x00, 0x04, 0x00, 0x00, 0x00, 0x00, 0x00, 0x00, 0x00, 0x00, 0x00, 0x00, 0x00,
    0x00, 0x00, 0x00, 0x00, 0x00, 0x00, 0x00, 0x00, 0x00, 0x00, 0x00, 0x00, 0x00, 0x00, 0x00, 0x00,
    0x00, 0x00, 0x00, 0x00, 0x00, 0x00, 0x00, 0x00, 0x00, 0x00, 0x00, 0x00, 0x00, 0x00, 0x60, 0x00,
    0x25, 0x00, 0x68, 0x00, 0xa8, 0x00, 0x68, 0x00, 0x47, 0x00, 0xe9, 0x00, 0xc9, 0x00, 0x88, 0x00,
    0x24, 0x00, 0xa5, 0x00, 0x45, 0x00, 0xc4, 0x00, 0x26, 0x00, 0xc7, 0x00, 0x48, 0x00, 0xe7, 0x00,
    0xc5, 0x00, 0x83, 0x00, 0xa3, 0x00, 0x44, 0x00, 0xc1, 0x00, 0x00, 0x00, 0x00, 0x00, 0x00, 0x00,
    0x00, 0x00, 0x00, 0x00, 0x00, 0x00, 0x00, 0x00, 0x00, 0x00, 0x00, 0x00, 0x00, 0x00, 0x00, 0x00,
    0x00, 0x00, 0x00, 0x00, 0x00, 0x00, 0x00, 0x00, 0x00, 0x00, 0x00, 0x00, 0xa1, 0x00, 0x67, 0x00,
    0xe6, 0x00, 0x06, 0x00, 0xe2, 0x00, 0x00, 0x00, 0x00, 0x00, 0x00, 0x00, 0x00, 0x00, 0x00, 0x00,
    0x00, 0x00, 0x00, 0x00, 0x00, 0x00, 0x00, 0x00, 0x40, 0x00, 0xa1, 0x00, 0x20, 0x00, 0x00, 0x00,
    0x00, 0x00, 0x00, 0x00, 0x00, 0x00, 0x00, 0x00, 0x00, 0x00, 0x00, 0x00, 0x00, 0x00, 0x00, 0x00,
    0x02, 0x00, 0x25, 0x00, 0x45, 0x00, 0x45, 0x00, 0x48, 0x00, 0x48, 0x00, 0x68, 0x00, 0xe7, 0x00,
    0x66, 0x00, 0x45, 0x00, 0x83, 0x00, 0x24, 0x00, 0xe7, 0x00, 0x08, 0x00, 0x28, 0x00, 0xe7, 0x00,
    0x07, 0x00, 0xe6, 0x00, 0x83, 0x00, 0x22, 0x00, 0x81, 0x00, 0x00, 0x00, 0x00, 0x00, 0x00, 0x00,
    0x00, 0x00, 0x00, 0x00, 0x00, 0x00, 0x00, 0x00, 0x00, 0x00, 0x00, 0x00, 0x00, 0x00, 0x00, 0x00,
    0x00, 0x00, 0x00, 0x00, 0x00, 0x00, 0x00, 0x00, 0x00, 0x00, 0x00, 0x00, 0xc3, 0x00, 0xa7, 0x00,
    0x65, 0x00, 0x85, 0x00, 0x22, 0x00, 0x20, 0x00, 0x00, 0x00, 0x00, 0x00, 0x00, 0x00, 0x00, 0x00,
    0x00, 0x00, 0x00, 0x00, 0x00, 0x00, 0x00, 0x00, 0x22, 0x00, 0xc5, 0x00, 0x65, 0x00, 0xc5, 0x00,
    0x83, 0x00, 0x00, 0x00, 0x00, 0x00, 0x00, 0x00, 0x00, 0x00, 0x00, 0x00, 0xe2, 0x00, 0x04, 0x00,
    0x43, 0x00, 0xc4, 0x00, 0x45, 0x00, 0x66, 0x00, 0xa6, 0x00, 0xa6, 0x00, 0xa6, 0x00, 0x86, 0x00,
    0x86, 0x00, 0x66, 0x00, 0x23, 0x00, 0xc5, 0x00, 0xe7, 0x00, 0xe7, 0x00, 0xc7, 0x00, 0xe7, 0x00,
    0xa7, 0x00, 0x66, 0x00, 0xa5, 0x00, 0x24, 0x00, 0x06, 0x00, 0x44, 0x00, 0x60, 0x00, 0x00, 0x00,
    0x00, 0x00, 0x00, 0x00, 0x00, 0x00, 0x00, 0x00, 0x00, 0x00, 0x00, 0x00, 0x00, 0x00, 0x00, 0x00,
    0x00, 0x00, 0x00, 0x00, 0x00, 0x00, 0x00, 0x00, 0x00, 0x00, 0x00, 0x00, 0x65, 0x00, 0x67, 0x00,
    0xe4, 0x00, 0x45, 0x00, 0x04, 0x00, 0x40, 0x00, 0x00, 0x00, 0x00, 0x00, 0x00, 0x00, 0x00, 0x00,
    0x00, 0x00, 0x00, 0x00, 0x00, 0x00, 0x00, 0x00, 0x00, 0x00, 0xa1, 0x00, 0x04, 0x00, 0xe6, 0x00,
    0xc7, 0x00, 0xa3, 0x00, 0x00, 0x00, 0x00, 0x00, 0x00, 0x00, 0x00, 0x00, 0x24, 0x00, 0xa5, 0x00,
    0x04, 0x00, 0x43, 0x00, 0x83, 0x00, 0x65, 0x00, 0x86, 0x00, 0x86, 0x00, 0xa6, 0x00, 0x45, 0x00,
    0x66, 0x00, 0x86, 0x00, 0xa4, 0x00, 0x26, 0x00, 0xa7, 0x00, 0x28, 0x00, 0xa7, 0x00, 0xc7, 0x00,
    0xc7, 0x00, 0x26, 0x00, 0xe5, 0x00, 0xa3, 0x00, 0xe3, 0x00, 0x87, 0x00, 0x87, 0x00, 0x02, 0x00,
    0x00, 0x00, 0x00, 0x00, 0x00, 0x00, 0x00, 0x00, 0x00, 0x00, 0x00, 0x00, 0x00, 0x00, 0x00, 0x00,
    0x00, 0x00, 0x00, 0x00, 0x00, 0x00, 0x00, 0x00, 0x00, 0x00, 0x00, 0x00, 0x85, 0x00, 0x06, 0x00,
    0xe4, 0x00, 0x44, 0x00, 0xe4, 0x00, 0x20, 0x00, 0x00, 0x00, 0x00, 0x00, 0x00, 0x00, 0x00, 0x00,
    0x00, 0x00, 0x00, 0x00, 0x00, 0x00, 0x20, 0x00, 0x83, 0x00, 0x25, 0x00, 0xc4, 0x00, 0xc3, 0x00,
    0x06, 0x00, 0xa7, 0x00, 0x02, 0x00, 0x00, 0x00, 0x00, 0x00, 0x00, 0x00, 0xe4, 0x00, 0xc6, 0x00,
    0x24, 0x00, 0xa4, 0x00, 0x22, 0x00, 0x43, 0x00, 0x05, 0x00, 0x25, 0x00, 0x45, 0x00, 0x25, 0x00,
    0x46, 0x00, 0x66, 0x00, 0xc4, 0x00, 0xe6, 0x00, 0x66, 0x00, 0xc7, 0x00, 0xe7, 0x00, 0x46, 0x00,
    0x66, 0x00, 0xe6, 0x00, 0xc5, 0x00, 0xa3, 0x00, 0xe4, 0x00, 0x04, 0x00, 0xa5, 0x00, 0x87, 0x00,
    0x22, 0x00, 0x00, 0x00, 0x00, 0x00, 0x00, 0x00, 0x00, 0x00, 0x00, 0x00, 0x00, 0x00, 0x00, 0x00,
    0x00, 0x00, 0x00, 0x00, 0x00, 0x00, 0x00, 0x00, 0x00, 0x00, 0xc1, 0x00, 0x65, 0x00, 0xa5, 0x00,
    0xc4, 0x00, 0x24, 0x00, 0xa3, 0x00, 0x00, 0x00, 0x00, 0x00, 0x00, 0x00, 0x00, 0x00, 0x00, 0x00,
    0x00, 0x00, 0x00, 0x00, 0x00, 0x00, 0x20, 0x00, 0xa1, 0x00, 0x83, 0x00, 0x04, 0x00, 0x83, 0x00,
    0xc4, 0x00, 0xe6, 0x00, 0x06, 0x00, 0xa1, 0x00, 0x00, 0x00, 0x00, 0x00, 0x63, 0x00, 0x06, 0x00,
    0x65, 0x00, 0xa4, 0x00, 0x84, 0x00, 0x43, 0x00, 0x63, 0x00, 0x05, 0x00, 0x66, 0x00, 0x46, 0x00,
    0x45, 0x00, 0x86, 0x00, 0xa4, 0x00, 0xc5, 0x00, 0xe6, 0x00, 0x26, 0x00, 0xa7, 0x00, 0x26, 0x00,
    0xe5, 0x00, 0xe6, 0x00, 0x65, 0x00, 0x83, 0x00, 0x24, 0x00, 0xe5, 0x00, 0x24, 0x00, 0x62, 0x00,
    0x22, 0x00, 0x00, 0x00, 0x00, 0x00, 0x00, 0x00, 0x00, 0x00, 0x00, 0x00, 0x00, 0x00, 0x00, 0x00,
    0x00, 0x00, 0x00, 0x00, 0x00, 0x00, 0x00, 0x00, 0x40, 0x00, 0x85, 0x00, 0x04, 0x00, 0xc4, 0x00,
    0x04, 0x00, 0x45, 0x00, 0xa1, 0x00, 0x00, 0x00, 0x00, 0x00, 0x00, 0x00, 0x00, 0x00, 0x00, 0x00,
    0x00, 0x00, 0x00, 0x00, 0x00, 0x00, 0x00, 0x00, 0xe2, 0x00, 0xe4, 0x00, 0xe4, 0x00, 0xe4, 0x00,
    0x63, 0x00, 0x04, 0x00, 0x26, 0x00, 0xe6, 0x00, 0xc1, 0x00, 0x00, 0x00, 0x02, 0x00, 0x06, 0x00,
    0x45, 0x00, 0xe4, 0x00, 0x84, 0x00, 0x63, 0x00, 0x43, 0x00, 0x43, 0x00, 0xa4, 0x00, 0x45, 0x00,
    0x46, 0x00, 0x66, 0x00, 0xa4, 0x00, 0x04, 0x00, 0xa5, 0x00, 0x85, 0x00, 0x06, 0x00, 0xa5, 0x00,
    0xc5, 0x00, 0x45, 0x00, 0x04, 0x00, 0x42, 0x00, 0x04, 0x00, 0x46, 0x00, 0x46, 0x00, 0x64, 0x00,
    0xa1, 0x00, 0x00, 0x00, 0x00, 0x00, 0x00, 0x00, 0x00, 0x00, 0x00, 0x00, 0x00, 0x00, 0x00, 0x00,
    0x00, 0x00, 0x00, 0x00, 0x00, 0x00, 0x00, 0x00, 0x42, 0x00, 0x46, 0x00, 0xa5, 0x00, 0x04, 0x00,
    0x65, 0x00, 0xa3, 0x00, 0x61, 0x00, 0x00, 0x00, 0x00, 0x00, 0x00, 0x00, 0x00, 0x00, 0x00, 0x00,
    0x00, 0x00, 0x00, 0x00, 0x00, 0x00, 0x00, 0x00, 0xa1, 0x00, 0x02, 0x00, 0x02, 0x00, 0x63, 0x00,
    0x25, 0x00, 0x04, 0x00, 0x44, 0x00, 0xc6, 0x00, 0x46, 0x00, 0xa3, 0x00, 0xc1, 0x00, 0xa5, 0x00,
    0x85, 0x00, 0xe4, 0x00, 0x83, 0x00, 0x63, 0x00, 0x63, 0x00, 0x43, 0x00, 0x23, 0x00, 0x63, 0x00,
    0xe4, 0x00, 0x46, 0x00, 0xc4, 0x00, 0x22, 0x00, 0x24, 0x00, 0x45, 0x00, 0x65, 0x00, 0x85, 0x00,
    0x04, 0x00, 0x43, 0x00, 0x22, 0x00, 0x22, 0x00, 0xa4, 0x00, 0xc5, 0x00, 0x26, 0x00, 0x87, 0x00,
    0x06, 0x00, 0x04, 0x00, 0xe1, 0x00, 0x20, 0x00, 0x00, 0x00, 0x00, 0x00, 0x00, 0x00, 0x00, 0x00,
    0x00, 0x00, 0x00, 0x00, 0x00, 0x00, 0x00, 0x00, 0x06, 0x00, 0x66, 0x00, 0xc5, 0x00, 0x04, 0x00,
    0xe4, 0x00, 0xe4, 0x00, 0xc1, 0x00, 0x00, 0x00, 0x00, 0x00, 0x00, 0x00, 0x00, 0x00, 0x00, 0x00,
    0x00, 0x00, 0x00, 0x00, 0x00, 0x00, 0x00, 0x00, 0x00, 0x00, 0x00, 0x00, 0x00, 0x00, 0x00, 0x00,
    0xc1, 0x00, 0xa3, 0x00, 0x25, 0x00, 0x45, 0x00, 0xe6, 0x00, 0x87, 0x00, 0x44, 0x00, 0x04, 0x00,
    0x85, 0x00, 0xc4, 0x00, 0x63, 0x00, 0x23, 0x00, 0x63, 0x00, 0x83, 0x00, 0x63, 0x00, 0x63, 0x00,
    0x43, 0x00, 0x63, 0x00, 0xe5, 0x00, 0x63, 0x00, 0x83, 0x00, 0xe4, 0x00, 0x04, 0x00, 0x45, 0x00,
    0x63, 0x00, 0xa1, 0x00, 0xe2, 0x00, 0x63, 0x00, 0x24, 0x00, 0x85, 0x00, 0x26, 0x00, 0x66, 0x00,
    0x66, 0x00, 0x85, 0x00, 0x44, 0x00, 0xe2, 0x00, 0x00, 0x00, 0x00, 0x00, 0x00, 0x00, 0x00, 0x00,
    0x00, 0x00, 0x00, 0x00, 0x20, 0x00, 0xa5, 0x00, 0xa7, 0x00, 0x46, 0x00, 0x24, 0x00, 0xc4, 0x00,
    0x04, 0x00, 0x63, 0x00, 0x00, 0x00, 0x00, 0x00, 0x00, 0x00, 0x00, 0x00, 0x00, 0x00, 0x00, 0x00,
    0x00, 0x00, 0x00, 0x00, 0x00, 0x00, 0x00, 0x00, 0x00, 0x00, 0x00, 0x00, 0x00, 0x00, 0x00, 0x00,
    0x00, 0x00, 0x00, 0x00, 0xa1, 0x00, 0xc4, 0x00, 0x45, 0x00, 0xa5, 0x00, 0xe6, 0x00, 0x45, 0x00,
    0x45, 0x00, 0xc4, 0x00, 0xa1, 0x00, 0x00, 0x00, 0x40, 0x00, 0xa1, 0x00, 0x02, 0x00, 0x02, 0x00,
    0x22, 0x00, 0xc2, 0x00, 0xa1, 0x00, 0x23, 0x00, 0x43, 0x00, 0xe4, 0x00, 0x04, 0x00, 0xc4, 0x00,
    0x83, 0x00, 0xe2, 0x00, 0x63, 0x00, 0xa4, 0x00, 0xe4, 0x00, 0x65, 0x00, 0xc5, 0x00, 0x06, 0x00,
    0x66, 0x00, 0x46, 0x00, 0xa5, 0x00, 0xc3, 0x00, 0x22, 0x00, 0x02, 0x00, 0x42, 0x00, 0x60, 0x00,
    0x40, 0x00, 0x62, 0x00, 0xe6, 0x00, 0xa7, 0x00, 0x26, 0x00, 0xa5, 0x00, 0xa3, 0x00, 0xe4, 0x00,
    0x63, 0x00, 0x00, 0x00, 0x00, 0x00, 0x00, 0x00, 0x00, 0x00, 0x00, 0x00, 0x00, 0x00, 0x00, 0x00,
    0x00, 0x00, 0x00, 0x00, 0x00, 0x00, 0x00, 0x00, 0x00, 0x00, 0x00, 0x00, 0x00, 0x00, 0x00, 0x00,
    0x00, 0x00, 0x00, 0x00, 0x00, 0x00, 0x40, 0x00, 0xa3, 0x00, 0x65, 0x00, 0x65, 0x00, 0x85, 0x00,
    0x45, 0x00, 0x22, 0x00, 0x00, 0x00, 0x00, 0x00, 0x00, 0x00, 0x00, 0x00, 0x00, 0x00, 0x00, 0x00,
    0x00, 0x00, 0x00, 0x00, 0x00, 0x00, 0x00, 0x00, 0x40, 0x00, 0xc2, 0x00, 0xe4, 0x00, 0xe4, 0x00,
    0x83, 0x00, 0x63, 0x00, 0xe4, 0x00, 0xc4, 0x00, 0x63, 0x00, 0xe4, 0x00, 0x85, 0x00, 0xc5, 0x00,
    0xe5, 0x00, 0x46, 0x00, 0x66, 0x00, 0x46, 0x00, 0x66, 0x00, 0x26, 0x00, 0xc5, 0x00, 0x85, 0x00,
    0x26, 0x00, 0x67, 0x00, 0x06, 0x00, 0x85, 0x00, 0x24, 0x00, 0xc4, 0x00, 0xa4, 0x00, 0x22, 0x00,
    0x00, 0x00, 0x00, 0x00, 0x00, 0x00, 0x00, 0x00, 0x00, 0x00, 0x00, 0x00, 0x00, 0x00, 0x00, 0x00,
    0x00, 0x00, 0x00, 0x00, 0x00, 0x00, 0x00, 0x00, 0x00, 0x00, 0x00, 0x00, 0x00, 0x00, 0x00, 0x00,
    0x00, 0x00, 0x00, 0x00, 0x00, 0x00, 0x00, 0x00, 0x00, 0x00, 0x83, 0x00, 0x65, 0x00, 0x04, 0x00,
    0x25, 0x00, 0x81, 0x00, 0x00, 0x00, 0x00, 0x00, 0x00, 0x00, 0x00, 0x00, 0x00, 0x00, 0x00, 0x00,
    0x00, 0x00, 0x00, 0x00, 0x00, 0x00, 0x00, 0x00, 0x20, 0x00, 0x81, 0x00, 0x43, 0x00, 0xe4, 0x00,
    0xa4, 0x00, 0x02, 0x00, 0xa4, 0x00, 0x04, 0x00, 0xc4, 0x00, 0x63, 0x00, 0xc4, 0x00, 0x65, 0x00,
    0x65, 0x00, 0x65, 0x00, 0x85, 0x00, 0x85, 0x00, 0x06, 0x00, 0x46, 0x00, 0x46, 0x00, 0x66, 0x00,
    0x46, 0x00, 0xc5, 0x00, 0x85, 0x00, 0x04, 0x00, 0x43, 0x00, 0x83, 0x00, 0xe2, 0x00, 0x00, 0x00,
    0x00, 0x00, 0x00, 0x00, 0x00, 0x00, 0x00, 0x00, 0x00, 0x00, 0x00, 0x00, 0x00, 0x00, 0x00, 0x00,
    0x00, 0x00, 0x00, 0x00, 0x00, 0x00, 0x00, 0x00, 0x00, 0x00, 0x00, 0x00, 0x00, 0x00, 0x00, 0x00,
    0x00, 0x00, 0x00, 0x00, 0x00, 0x00, 0x00, 0x00, 0x00, 0x00, 0x00, 0x00, 0x63, 0x00, 0x45, 0x00,
    0x04, 0x00, 0x61, 0x00, 0x00, 0x00, 0x00, 0x00, 0x00, 0x00, 0x00, 0x00, 0x00, 0x00, 0x00, 0x00,
    0x00, 0x00, 0xa1, 0x00, 0x83, 0x00, 0xe4, 0x00, 0x04, 0x00, 0x24, 0x00, 0x24, 0x00, 0xc4, 0x00,
    0x04, 0x00, 0xc1, 0x00, 0x40, 0x00, 0x22, 0x00, 0xc4, 0x00, 0x04, 0x00, 0xa3, 0x00, 0x63, 0x00,
    0xa3, 0x00, 0xe4, 0x00, 0x24, 0x00, 0x45, 0x00, 0x45, 0x00, 0x85, 0x00, 0xc5, 0x00, 0xc5, 0x00,
    0xa5, 0x00, 0xa5, 0x00, 0x24, 0x00, 0xc4, 0x00, 0xc4, 0x00, 0xa4, 0x00, 0xa1, 0x00, 0x00, 0x00,
    0x00, 0x00, 0x00, 0x00, 0x00, 0x00, 0x00, 0x00, 0x00, 0x00, 0x00, 0x00, 0x00, 0x00, 0x00, 0x00,
    0x00, 0x00, 0x00, 0x00, 0x00, 0x00, 0x00, 0x00, 0x00, 0x00, 0x00, 0x00, 0x00, 0x00, 0x00, 0x00,
    0x00, 0x00, 0x00, 0x00, 0x00, 0x00, 0x00, 0x00, 0x00, 0x00, 0x00, 0x00, 0x00, 0x00, 0xa1, 0x00,
    0x81, 0x00, 0x00, 0x00, 0x00, 0x00, 0x00, 0x00, 0x00, 0x00, 0x00, 0x00, 0x00, 0x00, 0x00, 0x00,
    0x83, 0x00, 0x06, 0x00, 0x44, 0x00, 0xc5, 0x00, 0x65, 0x00, 0x85, 0x00, 0x65, 0x00, 0x24, 0x00,
    0x22, 0x00, 0x20, 0x00, 0x00, 0x00, 0x00, 0x00, 0x81, 0x00, 0x63, 0x00, 0xe4, 0x00, 0xe4, 0x00,
    0x83, 0x00, 0x83, 0x00, 0xc4, 0x00, 0x04, 0x00, 0x24, 0x00, 0xe4, 0x00, 0xa4, 0x00, 0xe4, 0x00,
    0x25, 0x00, 0xe4, 0x00, 0xc4, 0x00, 0x83, 0x00, 0x02, 0x00, 0x20, 0x00, 0x00, 0x00, 0x00, 0x00,
    0x00, 0x00, 0x00, 0x00, 0x00, 0x00, 0x00, 0x00, 0x00, 0x00, 0x00, 0x00, 0x00, 0x00, 0x00, 0x00,
    0x00, 0x00, 0x00, 0x00, 0x00, 0x00, 0x00, 0x00, 0x00, 0x00, 0x00, 0x00, 0x00, 0x00, 0x00, 0x00,
    0x00, 0x00, 0x00, 0x00, 0x00, 0x00, 0x00, 0x00, 0x00, 0x00, 0x00, 0x00, 0x00, 0x00, 0x00, 0x00,
    0x00, 0x00, 0x00, 0x00, 0x00, 0x00, 0x00, 0x00, 0x00, 0x00, 0x00, 0x00, 0x00, 0x00, 0xa1, 0x00,
    0xa6, 0x00, 0xa3, 0x00, 0x65, 0x00, 0x24, 0x00, 0x44, 0x00, 0xc5, 0x00, 0x04, 0x00, 0xa1, 0x00,
    0x00, 0x00, 0x00, 0x00, 0x00, 0x00, 0x00, 0x00, 0x00, 0x00, 0x00, 0x00, 0x61, 0x00, 0x02, 0x00,
    0x83, 0x00, 0xa4, 0x00, 0xc4, 0x00, 0xc4, 0x00, 0xc4, 0x00, 0xe4, 0x00, 0xe4, 0x00, 0xc4, 0x00,
    0x83, 0x00, 0x23, 0x00, 0xa1, 0x00, 0x00, 0x00, 0x00, 0x00, 0x00, 0x00, 0x00, 0x00, 0x00, 0x00,
    0x00, 0x00, 0x00, 0x00, 0x00, 0x00, 0x00, 0x00, 0x00, 0x00, 0x00, 0x00, 0x00, 0x00, 0x00, 0x00,
    0x00, 0x00, 0x00, 0x00, 0x00, 0x00, 0x00, 0x00, 0x00, 0x00, 0x00, 0x00, 0x00, 0x00, 0x00, 0x00,
    0x00, 0x00, 0x00, 0x00, 0x00, 0x00, 0x00, 0x00, 0x00, 0x00, 0x00, 0x00, 0x00, 0x00, 0x00, 0x00,
    0x00, 0x00, 0x00, 0x00, 0x00, 0x00, 0x00, 0x00, 0x00, 0x00, 0x00, 0x00, 0x00, 0x00, 0x63, 0x00,
    0x43, 0x00, 0xa3, 0x00, 0x85, 0x00, 0x22, 0x00, 0xe4, 0x00, 0x04, 0x00, 0xc1, 0x00, 0x00, 0x00,
    0x00, 0x00, 0x00, 0x00, 0x00, 0x00, 0x00, 0x00, 0x00, 0x00, 0x00, 0x00, 0x00, 0x00, 0x00, 0x00,
    0x00, 0x00, 0x20, 0x00, 0x61, 0x00, 0x81, 0x00, 0x61, 0x00, 0x40, 0x00, 0x61, 0x00, 0x60, 0x00,
    0x20, 0x00, 0x00, 0x00, 0x00, 0x00, 0x00, 0x00, 0x00, 0x00, 0x00, 0x00, 0x00, 0x00, 0x00, 0x00,
    0x00, 0x00, 0x00, 0x00, 0x00, 0x00, 0x00, 0x00, 0x00, 0x00, 0x00, 0x00, 0x00, 0x00, 0x00, 0x00,
    0x00, 0x00, 0x00, 0x00, 0x00, 0x00, 0x00, 0x00, 0x00, 0x00, 0x00, 0x00, 0x00, 0x00, 0x00, 0x00,
    0x00, 0x00, 0x00, 0x00, 0x00, 0x00, 0x00, 0x00, 0x00, 0x00, 0x00, 0x00, 0x00, 0x00, 0x00, 0x00,
    0x00, 0x00, 0x00, 0x00, 0x00, 0x00, 0x00, 0x00, 0x00, 0x00, 0x00, 0x00, 0x00, 0x00, 0x40, 0x00,
    0x20, 0x00, 0x24, 0x00, 0xa1, 0x00, 0x83, 0x00, 0xe4, 0x00, 0x61, 0x00, 0x00, 0x00, 0x00, 0x00,
    0x00, 0x00, 0x00, 0x00, 0x00, 0x00, 0x00, 0x00, 0x00, 0x00, 0x00, 0x00, 0x00, 0x00, 0x00, 0x00,
    0x00, 0x00, 0x00, 0x00, 0x00, 0x00, 0x00, 0x00, 0x00, 0x00, 0x00, 0x00, 0x00, 0x00, 0x00, 0x00,
    0x00, 0x00, 0x00, 0x00, 0x00, 0x00, 0x00, 0x00, 0x00, 0x00, 0x00, 0x00, 0x00, 0x00, 0x00, 0x00,
    0x00, 0x00, 0x00, 0x00, 0x00, 0x00, 0x00, 0x00, 0x00, 0x00, 0x00, 0x00, 0x00, 0x00, 0x00, 0x00,
    0x00, 0x00, 0x00, 0x00, 0x00, 0x00, 0x00, 0x00, 0x00, 0x00, 0x00, 0x00, 0x00, 0x00, 0x00, 0x00,
    0x00, 0x00, 0x00, 0x00, 0x00, 0x00, 0x00, 0x00, 0x00, 0x00, 0x00, 0x00, 0x00, 0x00, 0x00, 0x00,
    0x00, 0x00, 0x00, 0x00, 0x00, 0x00, 0x00, 0x00, 0x00, 0x00, 0x00, 0x00, 0x00, 0x00, 0x00, 0x00,
    0x20, 0x00, 0x81, 0x00, 0x00, 0x00, 0xe2, 0x00, 0x40, 0x00, 0x00, 0x00, 0x00, 0x00, 0x00, 0x00,
    0x00, 0x00, 0x00, 0x00, 0x00, 0x00, 0x00, 0x00, 0x00, 0x00, 0x00, 0x00, 0x00, 0x00, 0x00, 0x00,
    0x00, 0x00, 0x00, 0x00, 0x00, 0x00, 0x00, 0x00, 0x00, 0x00, 0x00, 0x00, 0x00, 0x00, 0x00, 0x00,
    0x00, 0x00, 0x00, 0x00, 0x00, 0x00, 0x00, 0x00, 0x00, 0x00, 0x00, 0x00, 0x00, 0x00, 0x00, 0x00,
    0x00, 0x00, 0x00, 0x00, 0x00, 0x00, 0x00, 0x00, 0x00, 0x00, 0x00, 0x00, 0x00, 0x00, 0x00, 0x00,
    0x00, 0x00, 0x00, 0x00, 0x00, 0x00, 0x00, 0x00, 0x00, 0x00, 0x00, 0x00, 0x00, 0x00, 0x00, 0x1a,
    0x08, 0x00, 0x00, 0x00, 0x00, 0x00, 0x00, 0x00, 0x00, 0x00, 0x00, 0x00, 0x00, 0x00, 0x00, 0x00,
    0x00, 0x00, 0x00, 0x00, 0x00, 0x00, 0x00, 0x00, 0x00, 0x00, 0x00, 0x00, 0x00, 0x00, 0x00, 0x00,
    0x00, 0x00, 0x00, 0x00, 0x00, 0x00, 0x00, 0x00, 0x00, 0x00, 0x00, 0x00, 0x00, 0x00, 0x00, 0x00,
    0x00, 0x00, 0x00, 0x00, 0x00, 0x00, 0x00, 0x00, 0x00, 0x00, 0x00, 0x00, 0x01, 0x00, 0x00, 0xb7,
    0x4d, 0x00, 0x00, 0x00, 0x00, 0x00, 0x00, 0x00, 0x00, 0x00, 0x00, 0x00, 0x00, 0x00, 0x00, 0x00,
    0x00, 0x00, 0x00, 0x00, 0x00, 0x00, 0x00, 0x00, 0x00, 0x00, 0x00, 0x00, 0x00, 0x00, 0x00, 0x00,
    0x00, 0x00, 0x00, 0x00, 0x00, 0x00, 0x45, 0x02, 0x00, 0x00, 0x00, 0x00, 0x00, 0x00, 0x00, 0x00,
    0x00, 0x00, 0x00, 0x00, 0x00, 0x00, 0x00, 0x00, 0x00, 0x00, 0x00, 0x00, 0x43, 0xab, 0x03, 0xeb,
    0xb7, 0x00, 0x66, 0x4c, 0x00, 0x00, 0x00, 0x00, 0x00, 0x00, 0x00, 0x00, 0x00, 0x00, 0x00, 0x02,
    0x00, 0x01, 0x73, 0xe4, 0x0d, 0x00, 0x00, 0x00, 0x00, 0x00, 0x00, 0x00, 0x00, 0x00, 0x00, 0x00,
    0x00, 0x00, 0x00, 0x00, 0x00, 0x06, 0xff, 0x12, 0x00, 0x00, 0x00, 0x00, 0x00, 0x00, 0x00, 0x00,
    0x00, 0x00, 0x00, 0x00, 0x00, 0x00, 0x00, 0x00, 0x00, 0x00, 0x00, 0x00, 0x12, 0xff, 0x98, 0xef,
    0xcc, 0x12, 0xff, 0x6d, 0x00, 0x00, 0x00, 0x00, 0x00, 0x00, 0x00, 0x00, 0x00, 0x00, 0x08, 0xdc,
    0x06, 0x79, 0xff, 0x5e, 0x01, 0x00, 0x00, 0x00, 0x00, 0x00, 0x00, 0x00, 0x00, 0x00, 0x00, 0x00,
    0x00, 0x00, 0x00, 0x00, 0x00, 0x89, 0xff, 0x3d, 0x00, 0x00, 0x00, 0x00, 0x00, 0x00, 0x00, 0x00,
    0x00, 0x00, 0x00, 0x00, 0x00, 0x00, 0x00, 0x00, 0x00, 0x00, 0x00, 0x08, 0x00, 0x82, 0xff, 0xfd,
    0xe8, 0xc3, 0xff, 0x32, 0x00, 0x00, 0x00, 0x00, 0x00, 0x00, 0x00, 0x00, 0x00, 0x00, 0x6b, 0xe4,
    0x18, 0xff, 0x89, 0x00, 0x00, 0x00, 0x00, 0x00, 0x00, 0x00, 0x00, 0x00, 0x00, 0x00, 0x00, 0x00,
    0x00, 0x00, 0x00, 0x01, 0x73, 0xff, 0xff, 0x8b, 0x00, 0x00, 0x00, 0x00, 0x00, 0x00, 0x00, 0x00,
    0x00, 0x00, 0x00, 0x00, 0x00, 0x00, 0x00, 0x00, 0x00, 0x00, 0x00, 0x3a, 0xb2, 0xa3, 0xfb, 0xfb,
    0xff, 0xff, 0xd9, 0x02, 0x00, 0x00, 0x00, 0x00, 0x00, 0x00, 0x00, 0x00, 0x00, 0x00, 0x89, 0xd9,
    0x69, 0xfd, 0x1a, 0x00, 0x00, 0x00, 0x00, 0x00, 0x00, 0x00, 0x00, 0x00, 0x00, 0x00, 0x00, 0x00,
    0x00, 0x00, 0x03, 0xa8, 0xff, 0xf5, 0xff, 0xcf, 0x00, 0x00, 0x00, 0x00, 0x00, 0x00, 0x00, 0x00,
    0x00, 0x00, 0x00, 0x00, 0x00, 0x00, 0x00, 0x00, 0x00, 0x00, 0x00, 0x01, 0xd5, 0xff, 0xfb, 0xff,
    0xf9, 0xfd, 0xb9, 0x00, 0x00, 0x00, 0x00, 0x00, 0x00, 0x00, 0x00, 0x00, 0x00, 0x00, 0x4a, 0xff,
    0xe0, 0xfd, 0x08, 0x00, 0x00, 0x00, 0x00, 0x00, 0x00, 0x00, 0x00, 0x00, 0x00, 0x00, 0x00, 0x00,
    0x00, 0x01, 0xb5, 0xff, 0xf5, 0xfd, 0xff, 0xed, 0x03, 0x00, 0x00, 0x00, 0x00, 0x00, 0x00, 0x00,
    0x00, 0x00, 0x00, 0x00, 0x00, 0x00, 0x00, 0x00, 0x00, 0x00, 0x00, 0x00, 0x03, 0xa6, 0xff, 0xfb,
    0xfb, 0xff, 0xc0, 0x00, 0x00, 0x00, 0x00, 0x00, 0x00, 0x00, 0x00, 0x1a, 0x0f, 0x00, 0x05, 0xeb,
    0xff, 0xfd, 0x07, 0x00, 0x00, 0x00, 0x00, 0x00, 0x00, 0x00, 0x00, 0x00, 0x00, 0x00, 0x00, 0x00,
    0x00, 0x6f, 0xff, 0xf5, 0xff, 0xfd, 0xff, 0xe9, 0x02, 0x00, 0x00, 0x00, 0x00, 0x00, 0x00, 0x00,
    0x00, 0x00, 0x00, 0x00, 0x00, 0x00, 0x00, 0x00, 0x00, 0x00, 0x00, 0x00, 0x00, 0x07, 0xf9, 0xfb,
    0xf5, 0xff, 0x63, 0x00, 0x00, 0x00, 0x00, 0x00, 0x00, 0x00, 0x00, 0x88, 0x86, 0x00, 0x00, 0x38,
    0xff, 0xff, 0x1a, 0x1f, 0xab, 0x00, 0x00, 0x00, 0x00, 0x00, 0x00, 0x00, 0x00, 0x00, 0x00, 0x00,
    0x09, 0xff, 0xf9, 0xff, 0xff, 0xfb, 0xff, 0xc7, 0x00, 0x00, 0x00, 0x00, 0x00, 0x00, 0x00, 0x00,
    0x00, 0x00, 0x00, 0x00, 0x00, 0x00, 0x00, 0x00, 0x00, 0x00, 0x00, 0x00, 0x00, 0x00, 0x35, 0xff,
    0xf3, 0xff, 0x82, 0x00, 0x00, 0x00, 0x00, 0x00, 0x00, 0x00, 0x00, 0x69, 0xff, 0x30, 0x00, 0x00,
    0xbe, 0xff, 0xb5, 0xeb, 0xa2, 0x00, 0x00, 0x00, 0x00, 0x00, 0x00, 0x00, 0x00, 0x00, 0x00, 0x00,
    0x3c, 0xff, 0xf7, 0xff, 0xff, 0xf7, 0xfd, 0x79, 0x00, 0x00, 0x00, 0x00, 0x00, 0x00, 0x00, 0x00,
    0x00, 0x00, 0x00, 0x00, 0x00, 0x00, 0x00, 0x00, 0x00, 0x00, 0x00, 0x00, 0x00, 0x00, 0x00, 0x9b,
    0xff, 0xff, 0xd1, 0x00, 0x00, 0x00, 0x00, 0x00, 0x00, 0x00, 0x00, 0x52, 0xfd, 0xff, 0x75, 0x06,
    0x13, 0xf5, 0xff, 0xff, 0x3c, 0x00, 0x00, 0x00, 0x00, 0x00, 0x00, 0x00, 0x00, 0x00, 0x00, 0x00,
    0x63, 0xff, 0xf7, 0xff, 0xff, 0xf9, 0xff, 0x21, 0x00, 0x00, 0x00, 0x00, 0x00, 0x00, 0x00, 0x00,
    0x00, 0x00, 0x00, 0x00, 0x00, 0x00, 0x00, 0x00, 0x00, 0x00, 0x00, 0x00, 0x00, 0x00, 0x00, 0x3a,
    0xff, 0xf5, 0xfd, 0x0b, 0x00, 0x00, 0x00, 0x00, 0x86, 0x2e, 0x00, 0x1e, 0xff, 0xf3, 0xff, 0xf5,
    0x71, 0xd9, 0xf9, 0xfd, 0x4d, 0x00, 0x00, 0x00, 0x00, 0x00, 0x00, 0x00, 0x00, 0x00, 0x00, 0x00,
    0x56, 0xff, 0xf7, 0xff, 0xfb, 0xff, 0xaa, 0x02, 0x00, 0x00, 0x00, 0x00, 0x00, 0x00, 0x00, 0x00,
    0x00, 0x00, 0x00, 0x00, 0x00, 0x00, 0x00, 0x00, 0x00, 0x00, 0x00, 0x00, 0x00, 0x00, 0x00, 0x13,
    0xff, 0xf1, 0xff, 0x40, 0x00, 0x00, 0x00, 0x00, 0x77, 0xff, 0x9a, 0x5f, 0xfb, 0xfd, 0xf9, 0xff,
    0xff, 0xff, 0xfb, 0xff, 0xcc, 0x00, 0x66, 0x07, 0x00, 0x00, 0x00, 0x00, 0x00, 0x00, 0x00, 0x00,
    0x20, 0xff, 0xf9, 0xff, 0xfd, 0xe0, 0x86, 0x37, 0x00, 0x00, 0x00, 0x00, 0x00, 0x00, 0x00, 0x00,
    0x00, 0x00, 0x00, 0x00, 0x00, 0x00, 0x00, 0x00, 0x00, 0x00, 0x00, 0x00, 0x00, 0x00, 0x00, 0x29,
    0xff, 0xf9, 0xff, 0xce, 0x01, 0x00, 0x00, 0x00, 0x0a, 0xef, 0xff, 0xff, 0xff, 0xff, 0xff, 0xfd,
    0xf9, 0xff, 0xff, 0xfd, 0xff, 0x94, 0xff, 0xa0, 0x00, 0x00, 0x00, 0x5d, 0x05, 0x00, 0x00, 0x00,
    0x05, 0xf7, 0xff, 0xfd, 0xfb, 0xf7, 0xff, 0x09, 0x00, 0x00, 0x00, 0x00, 0x00, 0x00, 0x00, 0x00,
    0x00, 0x00, 0x00, 0x00, 0x00, 0x00, 0x00, 0x00, 0x00, 0x00, 0x00, 0x00, 0x00, 0x00, 0x00, 0xa5,
    0xff, 0xf9, 0xf9, 0xff, 0x24, 0x00, 0x00, 0x00, 0x05, 0xa5, 0xfb, 0xf5, 0xff, 0xff, 0xff, 0xff,
    0xff, 0xff, 0xff, 0xff, 0xfd, 0xff, 0xf7, 0xff, 0x26, 0x00, 0x06, 0xff, 0x1c, 0x00, 0x00, 0x09,
    0x03, 0xf7, 0xfd, 0xf5, 0xff, 0xff, 0x20, 0x00, 0x00, 0x00, 0x00, 0x00, 0x00, 0x00, 0x00, 0x00,
    0x00, 0x00, 0x00, 0x00, 0x00, 0x00, 0x00, 0x00, 0x00, 0x00, 0x00, 0x00, 0x00, 0x00, 0x00, 0x2b,
    0xff, 0xf7, 0xf7, 0xfd, 0x7b, 0x00, 0x1e, 0xd9, 0xf9, 0xfb, 0xff, 0xff, 0xff, 0xff, 0xff, 0xff,
    0xff, 0xff, 0xff, 0xff, 0xff, 0xfb, 0xf7, 0xfd, 0x95, 0x00, 0x8b, 0xfd, 0x34, 0x00, 0x0c, 0xc7,
    0x52, 0xfd, 0xf7, 0xff, 0xc8, 0x13, 0x00, 0x00, 0x00, 0x00, 0x00, 0x00, 0x00, 0x00, 0x00, 0x00,
    0x00, 0x00, 0x00, 0x00, 0x00, 0x00, 0x00, 0x00, 0x00, 0x00, 0x00, 0x00, 0x00, 0x00, 0x00, 0x03,
    0xce, 0xfd, 0xf9, 0xff, 0xda, 0x01, 0x08, 0x67, 0xf9, 0xfd, 0xff, 0xff, 0xff, 0xff, 0xff, 0xff,
    0xff, 0xff, 0xff, 0xff, 0xff, 0xff, 0xfd, 0xff, 0xdc, 0x57, 0xff, 0xff, 0x46, 0x00, 0x56, 0xff,
    0xff, 0xff, 0xff, 0x57, 0x01, 0x00, 0x00, 0x00, 0x00, 0x00, 0x00, 0x00, 0x00, 0x00, 0x00, 0x00,
    0x00, 0x00, 0x00, 0x00, 0x00, 0x00, 0x00, 0x00, 0x00, 0x00, 0x00, 0x00, 0x00, 0x00, 0x00, 0x11,
    0xfb, 0xf7, 0xff, 0xf9, 0xff, 0x2f, 0x00, 0x55, 0xf9, 0xfb, 0xff, 0xff, 0xff, 0xff, 0xff, 0xff,
    0xff, 0xff, 0xff, 0xff, 0xff, 0xff, 0xff, 0xff, 0xff, 0xff, 0xf3, 0xff, 0x1d, 0x01, 0xe9, 0xf7,
    0xf7, 0xaf, 0x09, 0x00, 0x04, 0x00, 0x00, 0x00, 0x00, 0x00, 0x00, 0x00, 0x00, 0x00, 0x00, 0x00,
    0x00, 0x00, 0x00, 0x00, 0x00, 0x00, 0x00, 0x00, 0x00, 0x00, 0x00, 0x00, 0x00, 0x00, 0x00, 0x00,
    0x94, 0xff, 0xf9, 0xfb, 0xfd, 0xab, 0x46, 0xff, 0xfd, 0xff, 0xff, 0xff, 0xff, 0xff, 0xff, 0xff,
    0xff, 0xff, 0xff, 0xff, 0xff, 0xff, 0xff, 0xff, 0xff, 0xfb, 0xfb, 0xff, 0x71, 0xa3, 0xfb, 0xf1,
    0xf9, 0x42, 0x38, 0xd9, 0x12, 0x00, 0x00, 0x00, 0x00, 0x00, 0x00, 0x00, 0x00, 0x00, 0x00, 0x00,
    0x00, 0x00, 0x00, 0x00, 0x00, 0x00, 0x00, 0x00, 0x00, 0x00, 0x00, 0x00, 0x00, 0x00, 0x00, 0x00,
    0x02, 0xaf, 0xff, 0xfb, 0xff, 0xff, 0xff, 0xfb, 0xff, 0xff, 0xff, 0xff, 0xff, 0xff, 0xff, 0xff,
    0xff, 0xff, 0xff, 0xff, 0xff, 0xff, 0xff, 0xff, 0xff, 0xff, 0xff, 0xff, 0xff, 0xff, 0xff, 0xff,
    0xff, 0xff, 0xff, 0x30, 0x00, 0x00, 0x00, 0x00, 0x00, 0x00, 0x00, 0x00, 0x00, 0x00, 0x00, 0x00,
    0x00, 0x00, 0x00, 0x00, 0x00, 0x00, 0x00, 0x00, 0x00, 0x00, 0x00, 0x00, 0x00, 0x00, 0x00, 0x00,
    0x00, 0x04, 0xda, 0xfd, 0xfd, 0xfd, 0xfb, 0xff, 0xff, 0xff, 0xff, 0xff, 0xff, 0xff, 0xff, 0xff,
    0xff, 0xff, 0xff, 0xff, 0xff, 0xff, 0xff, 0xff, 0xff, 0xff, 0xff, 0xfd, 0xf7, 0xb0, 0x2c, 0x18,
    0x23, 0x1b, 0x03, 0x00, 0x00, 0x00, 0x00, 0x00, 0x00, 0x00, 0x00, 0x00, 0x00, 0x00, 0x00, 0x00,
    0x00, 0x00, 0x00, 0x00, 0x00, 0x00, 0x00, 0x00, 0x00, 0x00, 0x00, 0x00, 0x00, 0x00, 0x00, 0x00,
    0x00, 0x00, 0x66, 0xff, 0xf7, 0xff, 0xff, 0xff, 0xff, 0xff, 0xff, 0xff, 0xff, 0xff, 0xff, 0xff,
    0xff, 0xff, 0xff, 0xff, 0xff, 0xff, 0xff, 0xff, 0xff, 0xff, 0xff, 0xfb, 0xff, 0x79, 0x27, 0x01,
    0x00, 0x00, 0x00, 0x00, 0x00, 0x00, 0x00, 0x00, 0x00, 0x00, 0x00, 0x00, 0x00, 0x00, 0x00, 0x00,
    0x00, 0x00, 0x00, 0x00, 0x00, 0x00, 0x00, 0x00, 0x00, 0x00, 0x00, 0x00, 0x00, 0x00, 0x00, 0x00,
    0x00, 0x00, 0x9b, 0xff, 0xf9, 0xff, 0xff, 0xff, 0xff, 0xff, 0xff, 0xff, 0xff, 0xff, 0xff, 0xff,
    0xff, 0xff, 0xff, 0xff, 0xff, 0xff, 0xff, 0xff, 0xff, 0xff, 0xff, 0xff, 0xfb, 0xff, 0xcc, 0x02,
    0x00, 0x00, 0x00, 0x00, 0x00, 0x00, 0x00, 0x00, 0x00, 0x00, 0x00, 0x00, 0x00, 0x00, 0x00, 0x00,
    0x00, 0x00, 0x00, 0x00, 0x00, 0x00, 0x00, 0x00, 0x00, 0x00, 0x00, 0x00, 0x00, 0x00, 0x00, 0x00,
    0x00, 0x07, 0xff, 0xff, 0xff, 0xff, 0xff, 0xff, 0xff, 0xff, 0xff, 0xff, 0xff, 0xff, 0xff, 0xff,
    0xff, 0xff, 0xff, 0xff, 0xff, 0xff, 0xff, 0xff, 0xff, 0xff, 0xff, 0xf9, 0xfd, 0x89, 0x00, 0x00,
    0x00, 0x00, 0x00, 0x00, 0x00, 0x00, 0x00, 0x00, 0x00, 0x00, 0x00, 0x00, 0x00, 0x00, 0x00, 0x00,
    0x00, 0x00, 0x00, 0x00, 0x00, 0x00, 0x00, 0x00, 0x00, 0x00, 0x00, 0x00, 0x00, 0x00, 0x00, 0x00,
    0x00, 0x02, 0x63, 0xff, 0xfd, 0xff, 0xff, 0xff, 0xff, 0xff, 0xff, 0xff, 0xff, 0xff, 0xff, 0xff,
    0xff, 0xff, 0xff, 0xff, 0xff, 0xff, 0xff, 0xff, 0xff, 0xff, 0xff, 0xfb, 0xfb, 0xb9, 0x00, 0x00,
    0x00, 0x00, 0x00, 0x00, 0x00, 0x00, 0x00, 0x00, 0x00, 0x00, 0x00, 0x00, 0x00, 0x00, 0x00, 0x00,
    0x00, 0x00, 0x00, 0x00, 0x00, 0x00, 0x00, 0x00, 0x00, 0x00, 0x00, 0x00, 0x00, 0x00, 0x00, 0x00,
    0x00, 0x00, 0x00, 0xef, 0xff, 0xfd, 0xff, 0xff, 0xff, 0xff, 0xff, 0xff, 0xff, 0xff, 0xff, 0xff,
    0xff, 0xff, 0xff, 0xff, 0xff, 0xff, 0xff, 0xff, 0xff, 0xff, 0xff, 0xf5, 0xff, 0x69, 0x00, 0x00,
    0x00, 0x00, 0x00, 0x00, 0x00, 0x00, 0x00, 0x00, 0x00, 0x00, 0x00, 0x00, 0x00, 0x00, 0x00, 0x00,
    0x00, 0x00, 0x00, 0x00, 0x00, 0x00, 0x00, 0x00, 0x00, 0x00, 0x00, 0x00, 0x00, 0x00, 0x00, 0x00,
    0x00, 0x00, 0x11, 0xf9, 0xfb, 0xff, 0xff, 0xff, 0xff, 0xff, 0xff, 0xff, 0xff, 0xff, 0xff, 0xff,
    0xff, 0xff, 0xff, 0xff, 0xff, 0xff, 0xff, 0xff, 0xff, 0xff, 0xfb, 0xff, 0xa2, 0x01, 0x00, 0x00,
    0x00, 0x00, 0x00, 0x00, 0x00, 0x00, 0x00, 0x00, 0x00, 0x00, 0x00, 0x00, 0x00, 0x00, 0x00, 0x00,
    0x00, 0x00, 0x00, 0x00, 0x00, 0x00, 0x00, 0x00, 0x00, 0x00, 0x00, 0x00, 0x00, 0x00, 0x00, 0x00,
    0x00, 0x13, 0xda, 0xfd, 0xfd, 0xff, 0xff, 0xff, 0xff, 0xff, 0xff, 0xff, 0xff, 0xff, 0xff, 0xff,
    0xff, 0xff, 0xff, 0xff, 0xff, 0xff, 0xff, 0xff, 0xff, 0xfb, 0xfd, 0x91, 0x01, 0x00, 0x00, 0x00,
    0x00, 0x00, 0x00, 0x00, 0x00, 0x00, 0x00, 0x00, 0x00, 0x00, 0x00, 0x00, 0x00, 0x00, 0x00, 0x00,
    0x00, 0x00, 0x00, 0x00, 0x00, 0x00, 0x00, 0x00, 0x00, 0x00, 0x00, 0x00, 0x00, 0x00, 0x00, 0x00,
    0x1a, 0xf7, 0xff, 0xfd, 0xff, 0xff, 0xff, 0xff, 0xff, 0xff, 0xff, 0xff, 0xff, 0xf9, 0xfd, 0xff,
    0xff, 0xff, 0xff, 0xff, 0xff, 0xff, 0xff, 0xff, 0xfd, 0xfb, 0xed, 0x07, 0x00, 0x00, 0x00, 0x00,
    0x00, 0x00, 0x00, 0x00, 0x00, 0x00, 0x00, 0x00, 0x00, 0x00, 0x00, 0x00, 0x00, 0x00, 0x00, 0x00,
    0x00, 0x00, 0x00, 0x00, 0x00, 0x00, 0x00, 0x00, 0x00, 0x00, 0x00, 0x00, 0x00, 0x00, 0x00, 0x0e,
    0xf7, 0xfd, 0xfb, 0xff, 0xff, 0xff, 0xff, 0xff, 0xff, 0xff, 0xff, 0xff, 0xff, 0xff, 0xff, 0xff,
    0xff, 0xff, 0xff, 0xff, 0xfd, 0xf7, 0xf7, 0xfb, 0xfd, 0xf5, 0xff, 0x14, 0x00, 0x00, 0x00, 0x00,
    0x00, 0x00, 0x00, 0x00, 0x00, 0x00, 0x2a, 0x05, 0x00, 0x00, 0x00, 0x00, 0x00, 0x00, 0x00, 0x00,
    0x00, 0x00, 0x00, 0x00, 0x00, 0x00, 0x00, 0x00, 0x00, 0x00, 0x00, 0x00, 0x00, 0x00, 0x01, 0xcc,
    0xff, 0xf9, 0xff, 0xff, 0xff, 0xff, 0xff, 0xff, 0xff, 0xff, 0xfb, 0xff, 0xc0, 0x13, 0xd3, 0xf9,
    0xfb, 0xff, 0xff, 0xf9, 0xff, 0xff, 0xff, 0xff, 0xff, 0xff, 0x95, 0x00, 0x00, 0x00, 0x00, 0x00,
    0x00, 0x00, 0x00, 0x00, 0x00, 0x89, 0xe8, 0x00, 0x00, 0x00, 0x00, 0x00, 0x00, 0x00, 0x00, 0x00,
    0x00, 0x00, 0x00, 0x00, 0x00, 0x00, 0x00, 0x00, 0x00, 0x00, 0x00, 0x00, 0x00, 0x00, 0x55, 0xff,
    0xf7, 0xff, 0xff, 0xff, 0xff, 0xff, 0xff, 0xff, 0xff, 0xff, 0xff, 0xfb, 0xf5, 0x08, 0x2f, 0xff,
    0xf3, 0xf7, 0xf9, 0xff, 0xd7, 0x5e, 0x68, 0xbc, 0xd7, 0x74, 0x02, 0x00, 0x00, 0x00, 0x00, 0x00,
    0x00, 0x00, 0x4b, 0x6b, 0x4f, 0xff, 0x46, 0x12, 0x20, 0x00, 0x00, 0x00, 0x00, 0x00, 0x00, 0x00,
    0x00, 0x00, 0x00, 0x00, 0x00, 0x00, 0x00, 0x00, 0x00, 0x00, 0x00, 0x00, 0x00, 0x04, 0xef, 0xfb,
    0xfd, 0xff, 0xff, 0xff, 0xff, 0xff, 0xff, 0xff, 0xff, 0xff, 0xff, 0xf9, 0xff, 0xaa, 0x00, 0x74,
    0xff, 0xff, 0xff, 0x71, 0x02, 0x00, 0x00, 0x00, 0x01, 0x00, 0x00, 0x00, 0x00, 0x00, 0x00, 0x00,
    0x00, 0x00, 0xd5, 0xff, 0xff, 0xf9, 0xe0, 0xff, 0x57, 0x00, 0x00, 0x00, 0x00, 0x00, 0x00, 0x00,
    0x00, 0x00, 0x00, 0x00, 0x00, 0x00, 0x00, 0x00, 0x00, 0x00, 0x00, 0x00, 0x00, 0x38, 0xff, 0xf7,
    0xff, 0xff, 0xff, 0xff, 0xff, 0xff, 0xff, 0xff, 0xff, 0xff, 0xff, 0xff, 0xf9, 0xff, 0x3c, 0x00,
    0x23, 0x4c, 0x1c, 0x00, 0x00, 0x00, 0x00, 0x00, 0x00, 0x00, 0x00, 0x00, 0x00, 0x00, 0x00, 0x02,
    0x56, 0x4f, 0xff, 0xf7, 0xfb, 0xf5, 0xff, 0xa2, 0x00, 0x00, 0x00, 0x00, 0x00, 0x00, 0x00, 0x00,
    0x00, 0x00, 0x00, 0x00, 0x00, 0x00, 0x00, 0x00, 0x00, 0x00, 0x00, 0x00, 0x00, 0x9a, 0xfd, 0xf9,
    0xff, 0xff, 0xff, 0xff, 0xff, 0xff, 0xff, 0xff, 0xff, 0xff, 0xff, 0xff, 0xfd, 0xf9, 0xff, 0x3a,
    0x00, 0x00, 0x00, 0x00, 0x00, 0x00, 0x00, 0x00, 0x00, 0x00, 0x00, 0x00, 0x00, 0x00, 0x00, 0x0f,
    0xff, 0xff, 0xfd, 0xff, 0xff, 0xff, 0xaf, 0x03, 0x00, 0x00, 0x00, 0x00, 0x00, 0x00, 0x00, 0x00,
    0x00, 0x00, 0x00, 0x00, 0x00, 0x00, 0x00, 0x00, 0x00, 0x00, 0x00, 0x00, 0x02, 0xe8, 0xff, 0xfd,
    0xff, 0xff, 0xff, 0xff, 0xff, 0xff, 0xff, 0xff, 0xff, 0xff, 0xff, 0xff, 0xff, 0xff, 0xfb, 0xff,
    0x7b, 0x06, 0x00, 0x00, 0x00, 0x00, 0x00, 0x00, 0x00, 0x00, 0x00, 0x00, 0x00, 0x00, 0x00, 0x56,
    0xfb, 0xf5, 0xff, 0xfb, 0xe8, 0x5f, 0x01, 0x00, 0x00, 0x00, 0x00, 0x00, 0x00, 0x00, 0x00, 0x00,
    0x00, 0x00, 0x00, 0x00, 0x00, 0x00, 0x00, 0x00, 0x00, 0x00, 0x00, 0x00, 0x0d, 0xff, 0xfd, 0xff,
    0xff, 0xff, 0xff, 0xff, 0xff, 0xff, 0xff, 0xff, 0xff, 0xff, 0xff, 0xff, 0xfb, 0xfd, 0xff, 0xf9,
    0xff, 0xe8, 0x70, 0x41, 0x35, 0x33, 0x26, 0x0e, 0x00, 0x00, 0x00, 0x00, 0x00, 0x00, 0x27, 0xf7,
    0xfb, 0xfd, 0xf3, 0xf9, 0x39, 0x00, 0x00, 0x00, 0x00, 0x00, 0x00, 0x00, 0x00, 0x00, 0x00, 0x00,
    0x00, 0x00, 0x00, 0x00, 0x00, 0x00, 0x00, 0x00, 0x00, 0x00, 0x00, 0x00, 0x1a, 0xff, 0xf9, 0xff,
    0xff, 0xff, 0xff, 0xff, 0xff, 0xff, 0xff, 0xff, 0xff, 0xff, 0xff, 0xff, 0xff, 0xff, 0xf9, 0xff,
    0xf9, 0xff, 0xff, 0xff, 0xff, 0xff, 0xff, 0xff, 0xc0, 0x62, 0x39, 0x31, 0x4d, 0xa5, 0xff, 0xff,
    0xf9, 0xfd, 0xff, 0xfd, 0x1a, 0x00, 0x00, 0x00, 0x00, 0x00, 0x00, 0x00, 0x00, 0x00, 0x00, 0x00,
    0x00, 0x00, 0x00, 0x00, 0x00, 0x00, 0x00, 0x00, 0x00, 0x00, 0x00, 0x00, 0x1d, 0xff, 0xf9, 0xff,
    0xff, 0xff, 0xff, 0xff, 0xff, 0xff, 0xff, 0xff, 0xff, 0xff, 0xff, 0xf5, 0x91, 0xed, 0xff, 0xfb,
    0xf7, 0xfb, 0xf7, 0xf7, 0xf7, 0xf7, 0xf7, 0xfd, 0xff, 0xff, 0xff, 0xff, 0xff, 0xff, 0xf3, 0xfb,
    0xff, 0xff, 0x75, 0x0c, 0x00, 0x00, 0x00, 0x00, 0x00, 0x00, 0x00, 0x00, 0x00, 0x00, 0x00, 0x00,
    0x00, 0x00, 0x00, 0x00, 0x00, 0x00, 0x00, 0x00, 0x00, 0x00, 0x00, 0x00, 0x14, 0xff, 0xfb, 0xff,
    0xff, 0xff, 0xff, 0xff, 0xff, 0xff, 0xff, 0xff, 0xff, 0xff, 0xfb, 0xfb, 0x2d, 0x05, 0x7e, 0xff,
    0xff, 0xff, 0xfb, 0xff, 0xfd, 0xfd, 0xff, 0xff, 0xf9, 0xf1, 0xf7, 0xff, 0xff, 0xff, 0xff, 0xff,
    0x92, 0x14, 0x00, 0x00, 0x00, 0x00, 0x00, 0x00, 0x00, 0x00, 0x00, 0x00, 0x00, 0x00, 0x00, 0x00,
    0x00, 0x00, 0x00, 0x00, 0x00, 0x00, 0x00, 0x00, 0x00, 0x00, 0x00, 0x00, 0x07, 0xfd, 0xff, 0xff,
    0xff, 0xff, 0xff, 0xff, 0xff, 0xff, 0xff, 0xff, 0xff, 0xff, 0xff, 0xfb, 0xff, 0x1e, 0x00, 0x15,
    0x62, 0xc8, 0xff, 0xf5, 0xff, 0xff, 0xf9, 0xf7, 0xff, 0xff, 0xff, 0xba, 0x6b, 0x43, 0x36, 0x0d,
    0x00, 0x00, 0x00, 0x00, 0x00, 0x00, 0x00, 0x00, 0x00, 0x00, 0x00, 0x00, 0x00, 0x00, 0x00, 0x00,
    0x00, 0x00, 0x00, 0x00, 0x00, 0x00, 0x00, 0x00, 0x00, 0x00, 0x00, 0x00, 0x00, 0xc5, 0xff, 0xfb,
    0xff, 0xff, 0xff, 0xff, 0xff, 0xff, 0xff, 0xff, 0xff, 0xff, 0xfb, 0xfd, 0x9e, 0x03, 0x00, 0x00,
    0x00, 0x03, 0x91, 0xff, 0xd5, 0xed, 0xff, 0xff, 0xca, 0x24, 0x08, 0x00, 0x00, 0x00, 0x00, 0x00,
    0x00, 0x00, 0x00, 0x00, 0x00, 0x00, 0x00, 0x00, 0x00, 0x00, 0x00, 0x00, 0x00, 0x00, 0x00, 0x00,
    0x00, 0x00, 0x00, 0x00, 0x00, 0x00, 0x00, 0x00, 0x00, 0x00, 0x00, 0x00, 0x00, 0x5d, 0xff, 0xf7,
    0xff, 0xff, 0xff, 0xff, 0xff, 0xff, 0xff, 0xff, 0xff, 0xff, 0xff, 0xfd, 0xf7, 0xaa, 0x54, 0x31,
    0x02, 0x00, 0x00, 0x2f, 0x11, 0x04, 0x18, 0x1e, 0x09, 0x00, 0x00, 0x00, 0x00, 0x00, 0x00, 0x00,
    0x00, 0x00, 0x00, 0x00, 0x00, 0x00, 0x00, 0x00, 0x00, 0x00, 0x00, 0x00, 0x02, 0x00, 0x00, 0x00,
    0x00, 0x00, 0x00, 0x00, 0x00, 0x00, 0x00, 0x00, 0x00, 0x00, 0x00, 0x00, 0x00, 0x0c, 0xff, 0xfb,
    0xff, 0xff, 0xff, 0xff, 0xff, 0xff, 0xff, 0xff, 0xff, 0xff, 0xff, 0xff, 0xff, 0xff, 0xff, 0xff,
    0x3f, 0x00, 0x00, 0x00, 0x00, 0x00, 0x00, 0x00, 0x00, 0x00, 0x00, 0x00, 0x00, 0x00, 0x00, 0x00,
    0x00, 0x00, 0x00, 0x00, 0x00, 0x00, 0x00, 0x00, 0x00, 0x03, 0x5f, 0xdc, 0x6d, 0x00, 0x00, 0x00,
    0x00, 0x00, 0x00, 0x00, 0x00, 0x00, 0x00, 0x00, 0x00, 0x00, 0x00, 0x00, 0x00, 0x00, 0x8f, 0xff,
    0xf9, 0xff, 0xff, 0xff, 0xff, 0xff, 0xff, 0xff, 0xff, 0xff, 0xff, 0xff, 0xff, 0xfb, 0xf7, 0xf5,
    0xff, 0xad, 0x15, 0x00, 0x00, 0x00, 0x00, 0x00, 0x00, 0x00, 0x00, 0x00, 0x00, 0x00, 0x00, 0x00,
    0x00, 0x00, 0x00, 0x00, 0x00, 0x00, 0x00, 0x00, 0x06, 0xc8, 0xff, 0x85, 0x01, 0x00, 0x00, 0x00,
    0x00, 0x00, 0x00, 0x00, 0x00, 0x00, 0x00, 0x00, 0x00, 0x00, 0x00, 0x00, 0x00, 0x00, 0x0b, 0xfd,
    0xfb, 0xfd, 0xff, 0xff, 0xff, 0xff, 0xff, 0xff, 0xff, 0xff, 0xff, 0xff, 0xff, 0xff, 0xff, 0xff,
    0xf9, 0xff, 0xff, 0x4e, 0x00, 0x00, 0x00, 0x00, 0x00, 0x00, 0x00, 0x00, 0x00, 0x00, 0x00, 0x00,
    0x00, 0x00, 0x00, 0x00, 0x00, 0x00, 0x00, 0x71, 0xb7, 0xff, 0xd1, 0x01, 0x00, 0x00, 0x00, 0x00,
    0x00, 0x00, 0x00, 0x00, 0x00, 0x00, 0x00, 0x00, 0x00, 0x00, 0x00, 0x00, 0x00, 0x00, 0x00, 0x32,
    0xff, 0xf9, 0xff, 0xff, 0xff, 0xff, 0xff, 0xff, 0xff, 0xff, 0xff, 0xff, 0xff, 0xff, 0xff, 0xff,
    0xff, 0xf9, 0xf7, 0xff, 0x2f, 0x00, 0x00, 0x00, 0x00, 0x00, 0x00, 0x00, 0x00, 0x00, 0x00, 0x00,
    0x00, 0x00, 0x00, 0x00, 0x00, 0x00, 0x20, 0xff, 0xfb, 0xfd, 0x50, 0x00, 0x00, 0x00, 0x00, 0x00,
    0x00, 0x00, 0x00, 0x00, 0x06, 0x10, 0x03, 0x03, 0x00, 0x00, 0x00, 0x00, 0x00, 0x00, 0x00, 0x05,
    0xab, 0xff, 0xfb, 0xff, 0xff, 0xff, 0xff, 0xff, 0xff, 0xff, 0xff, 0xff, 0xff, 0xff, 0xff, 0xff,
    0xff, 0xfb, 0xfb, 0xad, 0x21, 0x00, 0x00, 0x00, 0x00, 0x00, 0x00, 0x00, 0x00, 0x00, 0x00, 0x00,
    0x00, 0x00, 0x00, 0x00, 0x00, 0x00, 0x7f, 0xfb, 0xf3, 0xfd, 0xa8, 0x09, 0x00, 0x00, 0x00, 0x00,
    0x00, 0x00, 0x00, 0x00, 0x8c, 0xff, 0xe4, 0xe9, 0x5b, 0x00, 0x00, 0x00, 0x00, 0x00, 0x5c, 0xf7,
    0xed, 0xff, 0xff, 0xff, 0xff, 0xff, 0xff, 0xff, 0xff, 0xff, 0xff, 0xff, 0xff, 0xff, 0xff, 0xff,
    0xff, 0xff, 0xff, 0xff, 0xfd, 0x95, 0x11, 0x00, 0x00, 0x00, 0x00, 0x00, 0x00, 0x00, 0x00, 0x00,
    0x00, 0x00, 0x00, 0x00, 0x00, 0x00, 0xc8, 0xff, 0xfd, 0xfb, 0xff, 0x13, 0x00, 0x00, 0x00, 0x00,
    0x00, 0x00, 0x00, 0x00, 0x00, 0x83, 0xff, 0xfb, 0xff, 0x6f, 0x00, 0x00, 0x00, 0x01, 0xeb, 0xff,
    0xff, 0xff, 0xff, 0xff, 0xff, 0xff, 0xff, 0xff, 0xff, 0xff, 0xff, 0xff, 0xff, 0xff, 0xff, 0xff,
    0xff, 0xff, 0xff, 0xfd, 0xfd, 0xff, 0xff, 0x3d, 0x00, 0x00, 0x00, 0x00, 0x00, 0x00, 0x00, 0x00,
    0x00, 0x00, 0x00, 0x00, 0x00, 0x02, 0xed, 0xff, 0xfd, 0xfd, 0xfd, 0x0a, 0x00, 0x00, 0x00, 0x00,
    0x00, 0x00, 0x00, 0x0d, 0xbe, 0xed, 0xfb, 0xfd, 0xf3, 0xff, 0x47, 0x00, 0x00, 0x00, 0xcc, 0xfd,
    0xfb, 0xff, 0xff, 0xff, 0xff, 0xff, 0xff, 0xff, 0xff, 0xff, 0xff, 0xff, 0xff, 0xff, 0xff, 0xff,
    0xff, 0xff, 0xff, 0xff, 0xff, 0xf9, 0xf9, 0xff, 0x3c, 0x00, 0x00, 0x00, 0x00, 0x00, 0x00, 0x00,
    0x00, 0x00, 0x00, 0x00, 0x00, 0x6c, 0xfd, 0xff, 0xfb, 0xff, 0xd9, 0x01, 0x00, 0x00, 0x00, 0x00,
    0x00, 0x00, 0x00, 0x07, 0x5c, 0xf5, 0xf7, 0xfd, 0xff, 0xf7, 0xff, 0x26, 0x00, 0x00, 0x95, 0xff,
    0xf9, 0xff, 0xff, 0xff, 0xff, 0xff, 0xff, 0xff, 0xff, 0xff, 0xff, 0xff, 0xff, 0xff, 0xff, 0xff,
    0xff, 0xff, 0xff, 0xff, 0xff, 0xfd, 0xfb, 0xb2, 0x49, 0x00, 0x00, 0x00, 0x00, 0x00, 0x00, 0x00,
    0x00, 0x00, 0x00, 0x00, 0x08, 0xff, 0xfd, 0xff, 0xf7, 0xff, 0x47, 0x00, 0x00, 0x00, 0x00, 0x00,
    0x00, 0x00, 0x00, 0x00, 0x88, 0xff, 0xff, 0xff, 0xf7, 0xfb, 0xf9, 0xfd, 0x2f, 0x00, 0x56, 0xff,
    0xf7, 0xff, 0xff, 0xff, 0xff, 0xff, 0xff, 0xff, 0xff, 0xff, 0xff, 0xff, 0xff, 0xff, 0xff, 0xff,
    0xff, 0xff, 0xff, 0xff, 0xff, 0xfd, 0xfd, 0xcc, 0x1f, 0x00, 0x00, 0x00, 0x00, 0x00, 0x00, 0x00,
    0x00, 0x00, 0x00, 0x00, 0x4b, 0xfd, 0xf7, 0xff, 0xfd, 0xef, 0x23, 0x00, 0x00, 0x00, 0x00, 0x00,
    0x00, 0x00, 0x00, 0x03, 0x4e, 0x75, 0x88, 0xd7, 0xff, 0xff, 0xf7, 0xfb, 0xff, 0x73, 0x66, 0xff,
    0xfb, 0xff, 0xfb, 0xfd, 0xf7, 0xf9, 0xfb, 0xfd, 0xfd, 0xfb, 0xf9, 0xfd, 0xff, 0xff, 0xff, 0xff,
    0xff, 0xff, 0xff, 0xff, 0xff, 0xff, 0xff, 0xff, 0xff, 0xa8, 0x26, 0x02, 0x00, 0x00, 0x00, 0x00,
    0x00, 0x00, 0x00, 0x07, 0xe9, 0xfb, 0xfd, 0xff, 0xf5, 0xff, 0x3d, 0x00, 0x00, 0x00, 0x00, 0x00,
    0x00, 0x00, 0x00, 0x00, 0x00, 0x00, 0x00, 0x05, 0x5b, 0xe0, 0xff, 0xfd, 0xf9, 0xff, 0xff, 0xff,
    0xff, 0xfd, 0xff, 0xff, 0xff, 0xff, 0xff, 0xff, 0xff, 0xff, 0xff, 0xff, 0xf7, 0xfb, 0xff, 0xff,
    0xff, 0xff, 0xff, 0xff, 0xff, 0xff, 0xff, 0xfd, 0xf9, 0xff, 0xff, 0x5e, 0x00, 0x00, 0x00, 0x00,
    0x00, 0x00, 0x0b, 0xc8, 0xff, 0xfb, 0xff, 0xf5, 0xff, 0xab, 0x00, 0x00, 0x00, 0x00, 0x00, 0x00,
    0x00, 0x00, 0x00, 0x00, 0x00, 0x00, 0x00, 0x00, 0x00, 0x03, 0x4f, 0xff, 0xff, 0xf3, 0xfd, 0xff,
    0xf9, 0xff, 0x68, 0x0a, 0x2f, 0x79, 0xc7, 0xed, 0xed, 0xad, 0x94, 0xf5, 0xff, 0xff, 0xff, 0xff,
    0xff, 0xff, 0xff, 0xff, 0xff, 0xff, 0xff, 0xff, 0xff, 0xf9, 0xf9, 0xa5, 0x4e, 0x3e, 0x61, 0x20,
    0x09, 0x58, 0xf3, 0xff, 0xfb, 0xff, 0xfb, 0xff, 0xcf, 0x05, 0x00, 0x00, 0x00, 0x00, 0x00, 0x00,
    0x00, 0x00, 0x00, 0x00, 0x00, 0x00, 0x00, 0x00, 0x00, 0x00, 0x00, 0x15, 0xd5, 0xff, 0xf9, 0xfb,
    0xff, 0xba, 0x00, 0x00, 0x00, 0x00, 0x00, 0x03, 0x03, 0x00, 0x00, 0x05, 0x2b, 0x9b, 0xfd, 0xfd,
    0xff, 0xff, 0xf9, 0xfd, 0xff, 0xff, 0xff, 0xff, 0xff, 0xff, 0xff, 0xff, 0xff, 0xff, 0xff, 0xe8,
    0xff, 0xff, 0xff, 0xfb, 0xff, 0xfb, 0xf9, 0xa2, 0x06, 0x00, 0x00, 0x00, 0x00, 0x00, 0x00, 0x00,
    0x00, 0x00, 0x00, 0x00, 0x00, 0x00, 0x00, 0x00, 0x00, 0x00, 0x00, 0x00, 0x05, 0xb9, 0xff, 0xeb,
    0xf9, 0x4f, 0x00, 0x00, 0x00, 0x00, 0x00, 0x00, 0x00, 0x00, 0x00, 0x00, 0x0d, 0x7e, 0xfd, 0xfb,
    0xfd, 0xf7, 0xff, 0xff, 0xf7, 0xfd, 0xff, 0xff, 0xff, 0xff, 0xff, 0xfb, 0xf7, 0xf7, 0xf7, 0xff,
    0xff, 0xf7, 0xfd, 0xff, 0xf5, 0xfd, 0xb2, 0x00, 0x00, 0x00, 0x00, 0x00, 0x00, 0x00, 0x00, 0x00,
    0x00, 0x00, 0x00, 0x00, 0x00, 0x00, 0x00, 0x00, 0x00, 0x00, 0x00, 0x00, 0x00, 0x04, 0xb9, 0xff,
    0xff, 0x28, 0x00, 0x00, 0x00, 0x00, 0x00, 0x00, 0x00, 0x2b, 0x88, 0xda, 0xff, 0xff, 0xff, 0xf1,
    0xff, 0x7e, 0x33, 0xda, 0xff, 0xff, 0xf7, 0xf9, 0xfd, 0xff, 0xff, 0xff, 0xff, 0xff, 0xff, 0xfd,
    0xfd, 0xfb, 0xf7, 0xff, 0xff, 0xff, 0x38, 0x00, 0x00, 0x00, 0x00, 0x00, 0x00, 0x00, 0x00, 0x00,
    0x00, 0x00, 0x00, 0x00, 0x00, 0x00, 0x00, 0x00, 0x00, 0x00, 0x00, 0x00, 0x00, 0x00, 0x01, 0x37,
    0x2f, 0x00, 0x00, 0x00, 0x00, 0x00, 0x00, 0x01, 0x9a, 0xff, 0xff, 0xff, 0xfb, 0xfb, 0xfb, 0xff,
    0xd7, 0x0d, 0x00, 0x03, 0x49, 0xda, 0xff, 0xff, 0xff, 0xfd, 0xf7, 0xf7, 0xf7, 0xf9, 0xf9, 0xf9,
    0xff, 0xff, 0xff, 0xfb, 0x82, 0x0e, 0x00, 0x00, 0x00, 0x00, 0x00, 0x00, 0x00, 0x00, 0x00, 0x00,
    0x00, 0x00, 0x00, 0x00, 0x00, 0x00, 0x00, 0x00, 0x00, 0x00, 0x00, 0x00, 0x00, 0x00, 0x00, 0x00,
    0x00, 0x00, 0x00, 0x00, 0x00, 0x00, 0x00, 0x39, 0xff, 0xf5, 0xf3, 0xfd, 0xfd, 0xf5, 0xff, 0x55,
    0x03, 0x00, 0x00, 0x00, 0x00, 0x02, 0x2c, 0x85, 0xda, 0xff, 0xff, 0xff, 0xff, 0xff, 0xff, 0xff,
    0xff, 0xc1, 0x4d, 0x09, 0x00, 0x00, 0x00, 0x00, 0x00, 0x00, 0x00, 0x00, 0x00, 0x00, 0x00, 0x00,
    0x00, 0x00, 0x00, 0x00, 0x00, 0x00, 0x00, 0x00, 0x00, 0x00, 0x00, 0x00, 0x00, 0x00, 0x00, 0x00,
    0x00, 0x00, 0x00, 0x00, 0x00, 0x00, 0x00, 0xb4, 0xc7, 0xdc, 0xff, 0xfb, 0xfd, 0xff, 0x62, 0x00,
    0x00, 0x00, 0x00, 0x00, 0x00, 0x00, 0x00, 0x00, 0x01, 0x0e, 0x26, 0x39, 0x31, 0x1c, 0x20, 0x1a,
    0x0a, 0x00, 0x00, 0x00, 0x00, 0x00, 0x00, 0x00, 0x00, 0x00, 0x00, 0x00, 0x00, 0x00, 0x00, 0x00,
    0x00, 0x00, 0x00, 0x00, 0x00, 0x00, 0x00, 0x00, 0x00, 0x00, 0x00, 0x00, 0x00, 0x00, 0x00, 0x00,
    0x00, 0x00, 0x00, 0x00, 0x00, 0x00, 0x00, 0x14, 0x13, 0xff, 0x56, 0xb7, 0xef, 0x33, 0x00, 0x00,
    0x00, 0x00, 0x00, 0x00, 0x00, 0x00, 0x00, 0x00, 0x00, 0x00, 0x00, 0x00, 0x00, 0x00, 0x00, 0x00,
    0x00, 0x00, 0x00, 0x00, 0x00, 0x00, 0x00, 0x00, 0x00, 0x00, 0x00, 0x00, 0x00, 0x00, 0x00, 0x00,
    0x00, 0x00, 0x00, 0x00, 0x00, 0x00, 0x00, 0x00, 0x00, 0x00, 0x00, 0x00, 0x00, 0x00, 0x00, 0x00,
    0x00, 0x00, 0x00, 0x00, 0x00, 0x00, 0x00, 0x00, 0x05, 0x38, 0x00, 0x71, 0x15, 0x00, 0x00, 0x00,
    0x00, 0x00, 0x00, 0x00, 0x00, 0x00, 0x00, 0x00, 0x00, 0x00, 0x00, 0x00, 0x00, 0x00, 0x00, 0x00,
    0x00, 0x00, 0x00, 0x00, 0x00, 0x00, 0x00, 0x00, 0x00, 0x00, 0x00, 0x00, 0x00, 0x00, 0x00, 0x00,
};

const lv_image_dsc_t play_frame_4_dsc = {
    .header.w = 64,
    .header.h = 64,
    .header.cf = LV_COLOR_FORMAT_RGB565A8,
    .data_size = 12288,
    .data = play_frame_4_data,
};

/* Frame 5: frame_005.png */
static const uint8_t play_frame_5_data[] = {
    0x00, 0x00, 0x00, 0x00, 0x00, 0x00, 0x00, 0x00, 0x00, 0x00, 0x00, 0x00, 0x00, 0x00, 0x00, 0x00,
    0x00, 0x00, 0x00, 0x00, 0x00, 0x00, 0x00, 0x00, 0x00, 0x00, 0x00, 0x00, 0x00, 0x00, 0x00, 0x00,
    0x00, 0x00, 0x00, 0x00, 0x00, 0x00, 0x00, 0x00, 0x00, 0x00, 0x00, 0x00, 0x00, 0x00, 0x00, 0x00,
    0x00, 0x00, 0x00, 0x00, 0x00, 0x00, 0x00, 0x00, 0x00, 0x00, 0x00, 0x00, 0x00, 0x00, 0x00, 0x00,
    0x00, 0x00, 0x00, 0x00, 0x00, 0x00, 0x00, 0x00, 0x00, 0x00, 0x00, 0x00, 0x00, 0x00, 0x00, 0x00,
    0x00, 0x00, 0x00, 0x00, 0x00, 0x00, 0x00, 0x00, 0x00, 0x00, 0x00, 0x00, 0x00, 0x00, 0x00, 0x00,
    0x00, 0x00, 0x00, 0x00, 0x00, 0x00, 0x00, 0x00, 0x00, 0x00, 0x00, 0x00, 0x00, 0x00, 0x00, 0x00,
    0x00, 0x00, 0x00, 0x00, 0x00, 0x00, 0x00, 0x00, 0x00, 0x00, 0x00, 0x00, 0x00, 0x00, 0x00, 0x00,
    0x00, 0x00, 0x00, 0x00, 0x00, 0x00, 0x00, 0x00, 0x00, 0x00, 0x00, 0x00, 0x00, 0x00, 0x00, 0x00,
    0x00, 0x00, 0x00, 0x00, 0x00, 0x00, 0x00, 0x00, 0x00, 0x00, 0x00, 0x00, 0x00, 0x00, 0x00, 0x00,
    0x00, 0x00, 0x00, 0x00, 0x00, 0x00, 0x00, 0x00, 0x00, 0x00, 0x00, 0x00, 0x00, 0x00, 0x00, 0x00,
    0x00, 0x00, 0x00, 0x00, 0x00, 0x00, 0x00, 0x00, 0x00, 0x00, 0x00, 0x00, 0x00, 0x00, 0x00, 0x00,
    0x00, 0x00, 0x00, 0x00, 0x00, 0x00, 0x00, 0x00, 0x00, 0x00, 0x00, 0x00, 0x00, 0x00, 0x00, 0x00,
    0x00, 0x00, 0x00, 0x00, 0x00, 0x00, 0x00, 0x00, 0x00, 0x00, 0x00, 0x00, 0x00, 0x00, 0x00, 0x00,
    0x00, 0x00, 0x00, 0x00, 0x00, 0x00, 0x00, 0x00, 0x00, 0x00, 0x00, 0x00, 0x00, 0x00, 0x00, 0x00,
    0x00, 0x00, 0x00, 0x00, 0x00, 0x00, 0x00, 0x00, 0x00, 0x00, 0x00, 0x00, 0x00, 0x00, 0x00, 0x00,
    0x00, 0x00, 0x00, 0x00, 0x00, 0x00, 0x00, 0x00, 0x00, 0x00, 0x00, 0x00, 0x00, 0x00, 0x00, 0x00,
    0x00, 0x00, 0x00, 0x00, 0x00, 0x00, 0x00, 0x00, 0x00, 0x00, 0x00, 0x00, 0xe2, 0x00, 0x00, 0x00,
    0x00, 0x00, 0x00, 0x00, 0x00, 0x00, 0x00, 0x00, 0x00, 0x00, 0x00, 0x00, 0x00, 0x00, 0x00, 0x00,
    0x40, 0x00, 0x00, 0x00, 0x00, 0x00, 0x00, 0x00, 0x00, 0x00, 0x20, 0x00, 0xe4, 0x00, 0x00, 0x00,
    0x00, 0x00, 0x00, 0x00, 0x00, 0x00, 0x00, 0x00, 0x00, 0x00, 0x00, 0x00, 0x00, 0x00, 0x00, 0x00,
    0x00, 0x00, 0x00, 0x00, 0x00, 0x00, 0x00, 0x00, 0x00, 0x00, 0x00, 0x00, 0x00, 0x00, 0x00, 0x00,
    0x00, 0x00, 0x00, 0x00, 0x00, 0x00, 0x00, 0x00, 0x00, 0x00, 0x00, 0x00, 0x00, 0x00, 0x00, 0x00,
    0x00, 0x00, 0x00, 0x00, 0x00, 0x00, 0x00, 0x00, 0x00, 0x00, 0x00, 0x00, 0x00, 0x00, 0x00, 0x00,
    0x00, 0x00, 0x00, 0x00, 0x00, 0x00, 0x00, 0x00, 0x00, 0x00, 0x00, 0x00, 0x00, 0x00, 0x00, 0x00,
    0x00, 0x00, 0x00, 0x00, 0x00, 0x00, 0x00, 0x00, 0x00, 0x00, 0x00, 0x00, 0x86, 0x00, 0x61, 0x00,
    0x00, 0x00, 0x00, 0x00, 0x00, 0x00, 0x00, 0x00, 0x00, 0x00, 0x00, 0x00, 0x00, 0x00, 0x00, 0x00,
    0x22, 0x00, 0x25, 0x00, 0x00, 0x00, 0x00, 0x00, 0x00, 0x00, 0x20, 0x00, 0x67, 0x00, 0x81, 0x00,
    0x00, 0x00, 0x00, 0x00, 0x00, 0x00, 0x00, 0x00, 0x00, 0x00, 0x00, 0x00, 0x00, 0x00, 0x00, 0x00,
    0x00, 0x00, 0x00, 0x00, 0x00, 0x00, 0x00, 0x00, 0x00, 0x00, 0x00, 0x00, 0x00, 0x00, 0x00, 0x00,
    0x00, 0x00, 0x00, 0x00, 0x00, 0x00, 0x00, 0x00, 0x00, 0x00, 0x00, 0x00, 0x00, 0x00, 0x00, 0x00,
    0x00, 0x00, 0x00, 0x00, 0x00, 0x00, 0x00, 0x00, 0x00, 0x00, 0x00, 0x00, 0x00, 0x00, 0x00, 0x00,
    0x00, 0x00, 0x00, 0x00, 0x00, 0x00, 0x00, 0x00, 0x00, 0x00, 0x00, 0x00, 0x00, 0x00, 0x00, 0x00,
    0x00, 0x00, 0x00, 0x00, 0x00, 0x00, 0x00, 0x00, 0x00, 0x00, 0x20, 0x00, 0xa7, 0x00, 0x84, 0x00,
    0x00, 0x00, 0x00, 0x00, 0x00, 0x00, 0x00, 0x00, 0x00, 0x00, 0x00, 0x00, 0x00, 0x00, 0x00, 0x00,
    0x20, 0x00, 0x27, 0x00, 0x25, 0x00, 0x00, 0x00, 0x00, 0x00, 0x00, 0x00, 0x27, 0x00, 0x07, 0x00,
    0x00, 0x00, 0x00, 0x00, 0x00, 0x00, 0x00, 0x00, 0x00, 0x00, 0x00, 0x00, 0x00, 0x00, 0x00, 0x00,
    0x00, 0x00, 0x00, 0x00, 0x00, 0x00, 0x00, 0x00, 0x00, 0x00, 0x00, 0x00, 0x00, 0x00, 0x00, 0x00,
    0x00, 0x00, 0x00, 0x00, 0x00, 0x00, 0x00, 0x00, 0x00, 0x00, 0x00, 0x00, 0x00, 0x00, 0x00, 0x00,
    0x00, 0x00, 0x00, 0x00, 0x00, 0x00, 0x00, 0x00, 0x00, 0x00, 0x00, 0x00, 0x00, 0x00, 0x00, 0x00,
    0x00, 0x00, 0x00, 0x00, 0x00, 0x00, 0x00, 0x00, 0x00, 0x00, 0x00, 0x00, 0x00, 0x00, 0x00, 0x00,
    0x00, 0x00, 0x00, 0x00, 0x00, 0x00, 0x00, 0x00, 0x00, 0x00, 0x00, 0x00, 0xc4, 0x00, 0x68, 0x00,
    0xa1, 0x00, 0x00, 0x00, 0x00, 0x00, 0x00, 0x00, 0xa1, 0x00, 0x00, 0x00, 0x00, 0x00, 0x00, 0x00,
    0x00, 0x00, 0xa1, 0x00, 0x68, 0x00, 0x27, 0x00, 0xa3, 0x00, 0x81, 0x00, 0xa3, 0x00, 0x8a, 0x00,
    0x04, 0x00, 0x00, 0x00, 0x00, 0x00, 0x00, 0x00, 0x00, 0x00, 0x00, 0x00, 0x00, 0x00, 0x00, 0x00,
    0x00, 0x00, 0x00, 0x00, 0x00, 0x00, 0x00, 0x00, 0x00, 0x00, 0x00, 0x00, 0x00, 0x00, 0x00, 0x00,
    0x00, 0x00, 0x00, 0x00, 0x00, 0x00, 0x00, 0x00, 0x00, 0x00, 0x00, 0x00, 0x00, 0x00, 0x00, 0x00,
    0x00, 0x00, 0x00, 0x00, 0x00, 0x00, 0x00, 0x00, 0x00, 0x00, 0x00, 0x00, 0x00, 0x00, 0x00, 0x00,
    0x00, 0x00, 0x00, 0x00, 0x00, 0x00, 0x00, 0x00, 0x00, 0x00, 0x00, 0x00, 0x00, 0x00, 0x00, 0x00,
    0x00, 0x00, 0x00, 0x00, 0x00, 0x00, 0x00, 0x00, 0x00, 0x00, 0x00, 0x00, 0xc2, 0x00, 0xc7, 0x00,
    0x89, 0x00, 0x02, 0x00, 0x00, 0x00, 0x00, 0x00, 0xa6, 0x00, 0x40, 0x00, 0x00, 0x00, 0x00, 0x00,
    0x00, 0x00, 0x00, 0x00, 0xa1, 0x00, 0x65, 0x00, 0x88, 0x00, 0xa8, 0x00, 0x07, 0x00, 0x07, 0x00,
    0x6a, 0x00, 0x04, 0x00, 0x00, 0x00, 0x61, 0x00, 0xe6, 0x00, 0x00, 0x00, 0x00, 0x00, 0x00, 0x00,
    0x00, 0x00, 0x00, 0x00, 0x00, 0x00, 0x00, 0x00, 0x00, 0x00, 0x00, 0x00, 0x00, 0x00, 0x00, 0x00,
    0x00, 0x00, 0x00, 0x00, 0x00, 0x00, 0x00, 0x00, 0x00, 0x00, 0x00, 0x00, 0x00, 0x00, 0x00, 0x00,
    0x00, 0x00, 0x00, 0x00, 0x00, 0x00, 0x00, 0x00, 0x00, 0x00, 0x00, 0x00, 0x00, 0x00, 0x00, 0x00,
    0x00, 0x00, 0x00, 0x00, 0x00, 0x00, 0x00, 0x00, 0x00, 0x00, 0x00, 0x00, 0x00, 0x00, 0x00, 0x00,
    0x00, 0x00, 0x00, 0x00, 0x00, 0x00, 0x00, 0x00, 0x00, 0x00, 0x00, 0x00, 0x00, 0x00, 0x43, 0x00,
    0xe7, 0x00, 0xa9, 0x00, 0x45, 0x00, 0x61, 0x00, 0x66, 0x00, 0x86, 0x00, 0x00, 0x00, 0x00, 0x00,
    0x00, 0x00, 0x00, 0x00, 0x00, 0x00, 0x00, 0x00, 0x81, 0x00, 0x43, 0x00, 0x66, 0x00, 0xa6, 0x00,
    0xc6, 0x00, 0xe9, 0x00, 0xa3, 0x00, 0xa1, 0x00, 0xeb, 0x00, 0x45, 0x00, 0x00, 0x00, 0x00, 0x00,
    0x00, 0x00, 0x00, 0x00, 0x00, 0x00, 0x00, 0x00, 0x00, 0x00, 0x00, 0x00, 0x00, 0x00, 0x00, 0x00,
    0x00, 0x00, 0x00, 0x00, 0x00, 0x00, 0x00, 0x00, 0x00, 0x00, 0x00, 0x00, 0x00, 0x00, 0x00, 0x00,
    0x00, 0x00, 0x00, 0x00, 0x00, 0x00, 0x00, 0x00, 0x00, 0x00, 0x00, 0x00, 0x00, 0x00, 0x00, 0x00,
    0x00, 0x00, 0x00, 0x00, 0x00, 0x00, 0x00, 0x00, 0x00, 0x00, 0x00, 0x00, 0x00, 0x00, 0x00, 0x00,
    0x00, 0x00, 0x00, 0x00, 0x00, 0x00, 0x00, 0x00, 0x00, 0x00, 0x00, 0x00, 0x00, 0x00, 0x20, 0x00,
    0x63, 0x00, 0x66, 0x00, 0x48, 0x00, 0x08, 0x00, 0xa4, 0x00, 0x88, 0x00, 0x05, 0x00, 0x00, 0x00,
    0x00, 0x00, 0xe2, 0x00, 0xe4, 0x00, 0x00, 0x00, 0x00, 0x00, 0x40, 0x00, 0x60, 0x00, 0x02, 0x00,
    0x65, 0x00, 0xa6, 0x00, 0x06, 0x00, 0xe4, 0x00, 0x09, 0x00, 0xcb, 0x00, 0xa1, 0x00, 0x00, 0x00,
    0x00, 0x00, 0x00, 0x00, 0x00, 0x00, 0x00, 0x00, 0x00, 0x00, 0x00, 0x00, 0x00, 0x00, 0x00, 0x00,
    0x00, 0x00, 0x00, 0x00, 0x00, 0x00, 0x00, 0x00, 0x00, 0x00, 0x00, 0x00, 0x00, 0x00, 0x00, 0x00,
    0x00, 0x00, 0x00, 0x00, 0x00, 0x00, 0x00, 0x00, 0x00, 0x00, 0x00, 0x00, 0x00, 0x00, 0x00, 0x00,
    0x00, 0x00, 0x00, 0x00, 0x00, 0x00, 0x00, 0x00, 0x00, 0x00, 0x00, 0x00, 0x00, 0x00, 0x00, 0x00,
    0x00, 0x00, 0x00, 0x00, 0x00, 0x00, 0x00, 0x00, 0x00, 0x00, 0x61, 0x00, 0x61, 0x00, 0x00, 0x00,
    0x00, 0x00, 0xc2, 0x00, 0x84, 0x00, 0x26, 0x00, 0x05, 0x00, 0xe5, 0x00, 0xa9, 0x00, 0xc6, 0x00,
    0xe2, 0x00, 0x61, 0x00, 0xa8, 0x00, 0xc3, 0x00, 0x40, 0x00, 0x22, 0x00, 0x29, 0x00, 0xc4, 0x00,
    0x43, 0x00, 0x04, 0x00, 0x45, 0x00, 0x25, 0x00, 0xa8, 0x00, 0x6c, 0x00, 0xa6, 0x00, 0x00, 0x00,
    0x00, 0x00, 0x00, 0x00, 0x00, 0x00, 0x00, 0x00, 0x00, 0x00, 0x00, 0x00, 0x00, 0x00, 0x00, 0x00,
    0x00, 0x00, 0x00, 0x00, 0x00, 0x00, 0x00, 0x00, 0x00, 0x00, 0x00, 0x00, 0x00, 0x00, 0x00, 0x00,
    0x00, 0x00, 0x00, 0x00, 0x00, 0x00, 0x00, 0x00, 0x00, 0x00, 0x00, 0x00, 0x00, 0x00, 0x00, 0x00,
    0x00, 0x00, 0x00, 0x00, 0x00, 0x00, 0x00, 0x00, 0x00, 0x00, 0x00, 0x00, 0x00, 0x00, 0x00, 0x00,
    0x00, 0x00, 0x00, 0x00, 0x00, 0x00, 0x00, 0x00, 0x00, 0x00, 0xa1, 0x00, 0xa7, 0x00, 0x46, 0x00,
    0x66, 0x00, 0x66, 0x00, 0x25, 0x00, 0x64, 0x00, 0x64, 0x00, 0x63, 0x00, 0xc4, 0x00, 0x48, 0x00,
    0x88, 0x00, 0xc6, 0x00, 0x06, 0x00, 0x09, 0x00, 0x85, 0x00, 0xc4, 0x00, 0x68, 0x00, 0x6c, 0x00,
    0x29, 0x00, 0x85, 0x00, 0xc4, 0x00, 0xa4, 0x00, 0x47, 0x00, 0x2b, 0x00, 0x47, 0x00, 0x43, 0x00,
    0x04, 0x00, 0x00, 0x00, 0x00, 0x00, 0x00, 0x00, 0x00, 0x00, 0x00, 0x00, 0x00, 0x00, 0x00, 0x00,
    0x00, 0x00, 0x00, 0x00, 0x00, 0x00, 0x00, 0x00, 0x00, 0x00, 0x00, 0x00, 0x00, 0x00, 0x00, 0x00,
    0x00, 0x00, 0x00, 0x00, 0x00, 0x00, 0x00, 0x00, 0x00, 0x00, 0x00, 0x00, 0x00, 0x00, 0x00, 0x00,
    0x00, 0x00, 0x00, 0x00, 0x00, 0x00, 0x00, 0x00, 0x00, 0x00, 0x00, 0x00, 0x00, 0x00, 0x00, 0x00,
    0x00, 0x00, 0x00, 0x00, 0x00, 0x00, 0x00, 0x00, 0x00, 0x00, 0x00, 0x00, 0xa1, 0x00, 0xc5, 0x00,
    0x46, 0x00, 0x46, 0x00, 0xa4, 0x00, 0xe2, 0x00, 0x40, 0x00, 0x60, 0x00, 0x81, 0x00, 0x43, 0x00,
    0x66, 0x00, 0x68, 0x00, 0xa8, 0x00, 0xe8, 0x00, 0xc8, 0x00, 0x25, 0x00, 0xe4, 0x00, 0x09, 0x00,
    0xac, 0x00, 0x8c, 0x00, 0xe8, 0x00, 0xc4, 0x00, 0x85, 0x00, 0x8a, 0x00, 0xa8, 0x00, 0xc6, 0x00,
    0x49, 0x00, 0x00, 0x00, 0x00, 0x00, 0x00, 0x00, 0x00, 0x00, 0x00, 0x00, 0x00, 0x00, 0x00, 0x00,
    0x00, 0x00, 0x00, 0x00, 0x00, 0x00, 0x00, 0x00, 0x00, 0x00, 0x00, 0x00, 0x00, 0x00, 0x00, 0x00,
    0x00, 0x00, 0x00, 0x00, 0x00, 0x00, 0x00, 0x00, 0x00, 0x00, 0x00, 0x00, 0x00, 0x00, 0x00, 0x00,
    0x00, 0x00, 0x00, 0x00, 0x00, 0x00, 0x00, 0x00, 0x00, 0x00, 0x00, 0x00, 0x00, 0x00, 0x00, 0x00,
    0x00, 0x00, 0x00, 0x00, 0x00, 0x00, 0x00, 0x00, 0x00, 0x00, 0x00, 0x00, 0x00, 0x00, 0x00, 0x00,
    0x00, 0x00, 0x00, 0x00, 0x00, 0x00, 0x00, 0x00, 0x00, 0x00, 0x00, 0x00, 0x00, 0x00, 0x00, 0x00,
    0x81, 0x00, 0xc4, 0x00, 0xc6, 0x00, 0xe8, 0x00, 0x28, 0x00, 0x87, 0x00, 0xc4, 0x00, 0x07, 0x00,
    0x09, 0x00, 0x4b, 0x00, 0xac, 0x00, 0xe8, 0x00, 0xc9, 0x00, 0xa8, 0x00, 0x09, 0x00, 0x06, 0x00,
    0xaa, 0x00, 0xc1, 0x00, 0x00, 0x00, 0x00, 0x00, 0x00, 0x00, 0x00, 0x00, 0x00, 0x00, 0x00, 0x00,
    0x00, 0x00, 0x00, 0x00, 0x00, 0x00, 0x00, 0x00, 0x00, 0x00, 0x00, 0x00, 0x00, 0x00, 0x00, 0x00,
    0x00, 0x00, 0x00, 0x00, 0x00, 0x00, 0x00, 0x00, 0x00, 0x00, 0x00, 0x00, 0x00, 0x00, 0x00, 0x00,
    0x00, 0x00, 0x00, 0x00, 0x00, 0x00, 0x00, 0x00, 0x00, 0x00, 0x00, 0x00, 0x00, 0x00, 0x00, 0x00,
    0x00, 0x00, 0x00, 0x00, 0x00, 0x00, 0x00, 0x00, 0x00, 0x00, 0x00, 0x00, 0x00, 0x00, 0x00, 0x00,
    0x00, 0x00, 0x00, 0x00, 0x00, 0x00, 0x66, 0x00, 0x47, 0x00, 0x45, 0x00, 0xe2, 0x00, 0x81, 0x00,
    0x63, 0x00, 0x63, 0x00, 0x43, 0x00, 0xc6, 0x00, 0xa8, 0x00, 0x29, 0x00, 0xc8, 0x00, 0x88, 0x00,
    0x6a, 0x00, 0x49, 0x00, 0xeb, 0x00, 0xe9, 0x00, 0x8a, 0x00, 0x2b, 0x00, 0x09, 0x00, 0x09, 0x00,
    0x4a, 0x00, 0x42, 0x00, 0x00, 0x00, 0x00, 0x00, 0x00, 0x00, 0x00, 0x00, 0x00, 0x00, 0x00, 0x00,
    0x00, 0x00, 0x00, 0x00, 0x00, 0x00, 0x00, 0x00, 0x00, 0x00, 0x02, 0x00, 0x40, 0x00, 0x00, 0x00,
    0x00, 0x00, 0x00, 0x00, 0x00, 0x00, 0x00, 0x00, 0x00, 0x00, 0x00, 0x00, 0x00, 0x00, 0x00, 0x00,
    0x00, 0x00, 0x00, 0x00, 0x00, 0x00, 0x00, 0x00, 0x00, 0x00, 0x00, 0x00, 0x00, 0x00, 0x00, 0x00,
    0x00, 0x00, 0x00, 0x00, 0x00, 0x00, 0x00, 0x00, 0x00, 0x00, 0x00, 0x00, 0x00, 0x00, 0x00, 0x00,
    0x00, 0x00, 0x00, 0x00, 0x00, 0x00, 0x02, 0x00, 0x88, 0x00, 0xab, 0x00, 0x8a, 0x00, 0x4a, 0x00,
    0xc9, 0x00, 0x68, 0x00, 0xa6, 0x00, 0x63, 0x00, 0x45, 0x00, 0x4a, 0x00, 0xad, 0x00, 0x8c, 0x00,
    0x8c, 0x00, 0x4b, 0x00, 0x4b, 0x00, 0xaa, 0x00, 0x47, 0x00, 0x2b, 0x00, 0xeb, 0x00, 0x8a, 0x00,
    0x0b, 0x00, 0xa3, 0x00, 0x00, 0x00, 0x00, 0x00, 0x00, 0x00, 0x00, 0x00, 0x00, 0x00, 0x00, 0x00,
    0x00, 0x00, 0x00, 0x00, 0x00, 0x00, 0x00, 0x00, 0x00, 0x00, 0xe4, 0x00, 0x45, 0x00, 0x00, 0x00,
    0x00, 0x00, 0x00, 0x00, 0x00, 0x00, 0x00, 0x00, 0x00, 0x00, 0x00, 0x00, 0x00, 0x00, 0x00, 0x00,
    0x00, 0x00, 0x00, 0x00, 0x00, 0x00, 0x00, 0x00, 0x00, 0x00, 0x00, 0x00, 0x00, 0x00, 0x00, 0x00,
    0x00, 0x00, 0x00, 0x00, 0x00, 0x00, 0x00, 0x00, 0x00, 0x00, 0x00, 0x00, 0x00, 0x00, 0x00, 0x00,
    0x00, 0x00, 0x00, 0x00, 0x00, 0x00, 0x00, 0x00, 0x40, 0x00, 0x45, 0x00, 0x68, 0x00, 0x09, 0x00,
    0x8a, 0x00, 0xab, 0x00, 0x0b, 0x00, 0x29, 0x00, 0x65, 0x00, 0x88, 0x00, 0xcb, 0x00, 0x6c, 0x00,
    0xcd, 0x00, 0x0e, 0x00, 0xcd, 0x00, 0x4e, 0x00, 0xeb, 0x00, 0x09, 0x00, 0xeb, 0x00, 0xca, 0x00,
    0x2b, 0x00, 0x09, 0x00, 0x81, 0x00, 0x00, 0x00, 0x00, 0x00, 0x00, 0x00, 0x00, 0x00, 0x00, 0x00,
    0x00, 0x00, 0x00, 0x00, 0x00, 0x00, 0x00, 0x00, 0x00, 0x00, 0x43, 0x00, 0xaa, 0x00, 0x00, 0x00,
    0x00, 0x00, 0x00, 0x00, 0x00, 0x00, 0x00, 0x00, 0x00, 0x00, 0x00, 0x00, 0x00, 0x00, 0x00, 0x00,
    0x00, 0x00, 0x00, 0x00, 0x00, 0x00, 0x00, 0x00, 0x00, 0x00, 0x00, 0x00, 0x00, 0x00, 0x00, 0x00,
    0x00, 0x00, 0x00, 0x00, 0x00, 0x00, 0x00, 0x00, 0x00, 0x00, 0x00, 0x00, 0x00, 0x00, 0x00, 0x00,
    0x00, 0x00, 0x00, 0x00, 0x00, 0x00, 0x81, 0x00, 0x02, 0x00, 0x43, 0x00, 0xc4, 0x00, 0x86, 0x00,
    0x48, 0x00, 0xa8, 0x00, 0x4a, 0x00, 0xeb, 0x00, 0x8a, 0x00, 0xc8, 0x00, 0xeb, 0x00, 0x6c, 0x00,
    0x8c, 0x00, 0x2e, 0x00, 0x4e, 0x00, 0x2e, 0x00, 0xd0, 0x00, 0xad, 0x00, 0x8a, 0x00, 0xeb, 0x00,
    0xca, 0x00, 0x8c, 0x00, 0xeb, 0x00, 0x61, 0x00, 0x00, 0x00, 0x00, 0x00, 0x00, 0x00, 0x00, 0x00,
    0x00, 0x00, 0x00, 0x00, 0x00, 0x00, 0x00, 0x00, 0x00, 0x00, 0xa8, 0x00, 0xcd, 0x00, 0x02, 0x00,
    0x00, 0x00, 0x00, 0x00, 0x00, 0x00, 0x00, 0x00, 0x00, 0x00, 0x00, 0x00, 0x00, 0x00, 0x00, 0x00,
    0x00, 0x00, 0x00, 0x00, 0x00, 0x00, 0x00, 0x00, 0x00, 0x00, 0x00, 0x00, 0x00, 0x00, 0x00, 0x00,
    0x00, 0x00, 0x00, 0x00, 0x00, 0x00, 0x00, 0x00, 0x00, 0x00, 0x00, 0x00, 0x00, 0x00, 0x00, 0x00,
    0x00, 0x00, 0x81, 0x00, 0x86, 0x00, 0xa9, 0x00, 0xea, 0x00, 0x69, 0x00, 0x66, 0x00, 0xc4, 0x00,
    0x84, 0x00, 0x05, 0x00, 0xa6, 0x00, 0x68, 0x00, 0x6a, 0x00, 0x8a, 0x00, 0xaa, 0x00, 0x4c, 0x00,
    0x6c, 0x00, 0xeb, 0x00, 0x6a, 0x00, 0xa8, 0x00, 0xa8, 0x00, 0x4f, 0x00, 0xad, 0x00, 0x0b, 0x00,
    0xeb, 0x00, 0x0b, 0x00, 0x6c, 0x00, 0x22, 0x00, 0x00, 0x00, 0x00, 0x00, 0x00, 0x00, 0x00, 0x00,
    0x00, 0x00, 0x00, 0x00, 0x00, 0x00, 0x00, 0x00, 0x27, 0x00, 0x8c, 0x00, 0x8c, 0x00, 0x45, 0x00,
    0x00, 0x00, 0x00, 0x00, 0x00, 0x00, 0x00, 0x00, 0x00, 0x00, 0x00, 0x00, 0x00, 0x00, 0x00, 0x00,
    0x00, 0x00, 0x00, 0x00, 0x00, 0x00, 0x00, 0x00, 0x00, 0x00, 0x00, 0x00, 0x00, 0x00, 0x00, 0x00,
    0x00, 0x00, 0x00, 0x00, 0x00, 0x00, 0x00, 0x00, 0x00, 0x00, 0x00, 0x00, 0x00, 0x00, 0x00, 0x00,
    0x00, 0x00, 0x40, 0x00, 0xe2, 0x00, 0x84, 0x00, 0x66, 0x00, 0xa6, 0x00, 0xa6, 0x00, 0xe5, 0x00,
    0x05, 0x00, 0xe9, 0x00, 0x48, 0x00, 0x48, 0x00, 0xa8, 0x00, 0x4a, 0x00, 0xcb, 0x00, 0x4c, 0x00,
    0xcd, 0x00, 0x0d, 0x00, 0x8f, 0x00, 0x8f, 0x00, 0xc8, 0x00, 0xa8, 0x00, 0x6e, 0x00, 0xcd, 0x00,
    0x4c, 0x00, 0xca, 0x00, 0xc8, 0x00, 0x20, 0x00, 0x00, 0x00, 0x00, 0x00, 0x00, 0x00, 0x00, 0x00,
    0x00, 0x00, 0x00, 0x00, 0x00, 0x00, 0x67, 0x00, 0xed, 0x00, 0xca, 0x00, 0x2b, 0x00, 0xe6, 0x00,
    0x00, 0x00, 0x00, 0x00, 0x00, 0x00, 0x00, 0x00, 0x00, 0x00, 0x00, 0x00, 0x00, 0x00, 0x00, 0x00,
    0x00, 0x00, 0x00, 0x00, 0x00, 0x00, 0x00, 0x00, 0x00, 0x00, 0x00, 0x00, 0x00, 0x00, 0x00, 0x00,
    0x00, 0x00, 0x00, 0x00, 0x00, 0x00, 0x00, 0x00, 0x00, 0x00, 0x00, 0x00, 0x00, 0x00, 0x00, 0x00,
    0x00, 0x00, 0x00, 0x00, 0x00, 0x00, 0x00, 0x00, 0x00, 0x00, 0x63, 0x00, 0x46, 0x00, 0x05, 0x00,
    0xa4, 0x00, 0x07, 0x00, 0xc9, 0x00, 0xe9, 0x00, 0x09, 0x00, 0x4a, 0x00, 0x29, 0x00, 0xc8, 0x00,
    0xc8, 0x00, 0xaa, 0x00, 0xea, 0x00, 0xcd, 0x00, 0x6e, 0x00, 0x09, 0x00, 0x2b, 0x00, 0xcd, 0x00,
    0xcd, 0x00, 0xaa, 0x00, 0xe6, 0x00, 0xa1, 0x00, 0x00, 0x00, 0x00, 0x00, 0x00, 0x00, 0x00, 0x00,
    0x00, 0x00, 0x00, 0x00, 0x65, 0x00, 0xcd, 0x00, 0x2b, 0x00, 0xc8, 0x00, 0xeb, 0x00, 0xa6, 0x00,
    0x00, 0x00, 0x00, 0x00, 0x00, 0x00, 0x00, 0x00, 0x00, 0x00, 0x00, 0x00, 0x00, 0x00, 0x00, 0x00,
    0x00, 0x00, 0x00, 0x00, 0x00, 0x00, 0x00, 0x00, 0x00, 0x00, 0x00, 0x00, 0x00, 0x00, 0x00, 0x00,
    0x00, 0x00, 0x00, 0x00, 0x00, 0x00, 0x00, 0x00, 0x00, 0x00, 0x00, 0x00, 0x00, 0x00, 0x00, 0x00,
    0x00, 0x00, 0x00, 0x00, 0x00, 0x00, 0x20, 0x00, 0x66, 0x00, 0x28, 0x00, 0x26, 0x00, 0x25, 0x00,
    0x66, 0x00, 0xa6, 0x00, 0xe7, 0x00, 0x28, 0x00, 0x88, 0x00, 0x2a, 0x00, 0x8a, 0x00, 0x8a, 0x00,
    0x66, 0x00, 0x6a, 0x00, 0x8a, 0x00, 0x46, 0x00, 0x25, 0x00, 0x27, 0x00, 0x8a, 0x00, 0xac, 0x00,
    0xcd, 0x00, 0x4c, 0x00, 0x27, 0x00, 0x20, 0x00, 0x00, 0x00, 0x00, 0x00, 0x00, 0x00, 0x00, 0x00,
    0x00, 0x00, 0x61, 0x00, 0xaa, 0x00, 0x6c, 0x00, 0xe9, 0x00, 0xa8, 0x00, 0x4c, 0x00, 0x83, 0x00,
    0x00, 0x00, 0x00, 0x00, 0x00, 0x00, 0x00, 0x00, 0x00, 0x00, 0x00, 0x00, 0x00, 0x00, 0x00, 0x00,
    0x00, 0x00, 0x00, 0x00, 0x00, 0x00, 0x00, 0x00, 0x00, 0x00, 0x00, 0x00, 0x00, 0x00, 0x00, 0x00,
    0x00, 0x00, 0x00, 0x00, 0x00, 0x00, 0x00, 0x00, 0x00, 0x00, 0x00, 0x00, 0x00, 0x00, 0x00, 0x00,
    0x00, 0x00, 0x00, 0x00, 0x00, 0x00, 0xa7, 0x00, 0xa9, 0x00, 0x66, 0x00, 0x86, 0x00, 0xc9, 0x00,
    0x2a, 0x00, 0x2a, 0x00, 0x4a, 0x00, 0x2a, 0x00, 0xa8, 0x00, 0x29, 0x00, 0xcb, 0x00, 0x2b, 0x00,
    0x4c, 0x00, 0xac, 0x00, 0x6f, 0x00, 0x2c, 0x00, 0xe5, 0x00, 0xe6, 0x00, 0xeb, 0x00, 0xed, 0x00,
    0xed, 0x00, 0x8c, 0x00, 0xaa, 0x00, 0x42, 0x00, 0x00, 0x00, 0x00, 0x00, 0x00, 0x00, 0x00, 0x00,
    0x00, 0x00, 0x83, 0x00, 0xeb, 0x00, 0x29, 0x00, 0xe9, 0x00, 0x8c, 0x00, 0x6a, 0x00, 0x40, 0x00,
    0x00, 0x00, 0x00, 0x00, 0x00, 0x00, 0x00, 0x00, 0x00, 0x00, 0x00, 0x00, 0x00, 0x00, 0x00, 0x00,
    0x00, 0x00, 0x00, 0x00, 0x00, 0x00, 0x00, 0x00, 0x00, 0x00, 0x00, 0x00, 0x00, 0x00, 0x00, 0x00,
    0x00, 0x00, 0x00, 0x00, 0x00, 0x00, 0x00, 0x00, 0x00, 0x00, 0x00, 0x00, 0x00, 0x00, 0x00, 0x00,
    0x00, 0x00, 0x00, 0x00, 0xe5, 0x00, 0x69, 0x00, 0x46, 0x00, 0x23, 0x00, 0x86, 0x00, 0xe7, 0x00,
    0x28, 0x00, 0x68, 0x00, 0x89, 0x00, 0xa9, 0x00, 0xa9, 0x00, 0x09, 0x00, 0xaa, 0x00, 0x0b, 0x00,
    0x6c, 0x00, 0xac, 0x00, 0xeb, 0x00, 0xeb, 0x00, 0x2b, 0x00, 0x8c, 0x00, 0x8c, 0x00, 0xed, 0x00,
    0x2e, 0x00, 0x2e, 0x00, 0xac, 0x00, 0xcb, 0x00, 0xc6, 0x00, 0x20, 0x00, 0x00, 0x00, 0x00, 0x00,
    0x00, 0x00, 0x25, 0x00, 0x8a, 0x00, 0x09, 0x00, 0x4c, 0x00, 0x29, 0x00, 0xa1, 0x00, 0x00, 0x00,
    0x00, 0x00, 0x00, 0x00, 0x00, 0x00, 0x00, 0x00, 0x00, 0x00, 0x00, 0x00, 0x00, 0x00, 0x00, 0x00,
    0x00, 0x00, 0x00, 0x00, 0x00, 0x00, 0x00, 0x00, 0x00, 0x00, 0x00, 0x00, 0x00, 0x00, 0x00, 0x00,
    0x00, 0x00, 0x00, 0x00, 0x00, 0x00, 0x00, 0x00, 0x00, 0x00, 0x00, 0x00, 0x00, 0x00, 0x00, 0x00,
    0x00, 0x00, 0x20, 0x00, 0xa4, 0x00, 0xa1, 0x00, 0x00, 0x00, 0xa4, 0x00, 0x26, 0x00, 0x64, 0x00,
    0x43, 0x00, 0x23, 0x00, 0x83, 0x00, 0x68, 0x00, 0x4a, 0x00, 0xe9, 0x00, 0x6a, 0x00, 0x0b, 0x00,
    0x2b, 0x00, 0x6c, 0x00, 0xcd, 0x00, 0x2d, 0x00, 0xed, 0x00, 0xac, 0x00, 0xcc, 0x00, 0xed, 0x00,
    0xed, 0x00, 0x0b, 0x00, 0x0d, 0x00, 0x8c, 0x00, 0x4c, 0x00, 0x02, 0x00, 0x00, 0x00, 0x00, 0x00,
    0x00, 0x00, 0xa3, 0x00, 0xe9, 0x00, 0x29, 0x00, 0xa8, 0x00, 0x22, 0x00, 0x83, 0x00, 0x20, 0x00,
    0x00, 0x00, 0x00, 0x00, 0x00, 0x00, 0x00, 0x00, 0x00, 0x00, 0x00, 0x00, 0x00, 0x00, 0x00, 0x00,
    0x00, 0x00, 0x00, 0x00, 0x00, 0x00, 0x00, 0x00, 0x00, 0x00, 0x00, 0x00, 0x00, 0x00, 0x00, 0x00,
    0x00, 0x00, 0x00, 0x00, 0x00, 0x00, 0x00, 0x00, 0x00, 0x00, 0x00, 0x00, 0x00, 0x00, 0x00, 0x00,
    0x00, 0x00, 0x00, 0x00, 0x00, 0x00, 0x00, 0x00, 0x61, 0x00, 0x08, 0x00, 0xa7, 0x00, 0xa4, 0x00,
    0xc5, 0x00, 0x84, 0x00, 0x68, 0x00, 0x0a, 0x00, 0xc9, 0x00, 0x88, 0x00, 0x09, 0x00, 0xaa, 0x00,
    0xcb, 0x00, 0xca, 0x00, 0xaa, 0x00, 0xcb, 0x00, 0x4b, 0x00, 0x8c, 0x00, 0x0d, 0x00, 0x4e, 0x00,
    0xcd, 0x00, 0x6a, 0x00, 0xac, 0x00, 0xcd, 0x00, 0xeb, 0x00, 0xa1, 0x00, 0x00, 0x00, 0x00, 0x00,
    0x00, 0x00, 0x61, 0x00, 0x07, 0x00, 0x07, 0x00, 0xa6, 0x00, 0x8a, 0x00, 0xe6, 0x00, 0x00, 0x00,
    0x00, 0x00, 0x00, 0x00, 0x00, 0x00, 0x00, 0x00, 0x00, 0x00, 0x00, 0x00, 0x00, 0x00, 0x00, 0x00,
    0x00, 0x00, 0x00, 0x00, 0x00, 0x00, 0x00, 0x00, 0x00, 0x00, 0x00, 0x00, 0x00, 0x00, 0x00, 0x00,
    0x00, 0x00, 0x00, 0x00, 0x00, 0x00, 0x00, 0x00, 0x00, 0x00, 0x00, 0x00, 0x00, 0x00, 0x00, 0x00,
    0x00, 0x00, 0x00, 0x00, 0x00, 0x00, 0x00, 0x00, 0x23, 0x00, 0x28, 0x00, 0x05, 0x00, 0x23, 0x00,
    0x67, 0x00, 0xe5, 0x00, 0x05, 0x00, 0x43, 0x00, 0xc4, 0x00, 0x66, 0x00, 0x48, 0x00, 0xc9, 0x00,
    0xc9, 0x00, 0xe7, 0x00, 0x25, 0x00, 0xc4, 0x00, 0xc4, 0x00, 0xa7, 0x00, 0xa9, 0x00, 0xeb, 0x00,
    0x0d, 0x00, 0x6e, 0x00, 0xed, 0x00, 0x8c, 0x00, 0xc6, 0x00, 0x00, 0x00, 0x00, 0x00, 0x00, 0x00,
    0x00, 0x00, 0x00, 0x00, 0x83, 0x00, 0x68, 0x00, 0x29, 0x00, 0xe4, 0x00, 0x00, 0x00, 0x00, 0x00,
    0x00, 0x00, 0x00, 0x00, 0x00, 0x00, 0x00, 0x00, 0x00, 0x00, 0x00, 0x00, 0x00, 0x00, 0x00, 0x00,
    0x00, 0x00, 0x00, 0x00, 0x00, 0x00, 0x00, 0x00, 0x00, 0x00, 0x00, 0x00, 0x00, 0x00, 0x00, 0x00,
    0x00, 0x00, 0x00, 0x00, 0x00, 0x00, 0x00, 0x00, 0x00, 0x00, 0x00, 0x00, 0x00, 0x00, 0x00, 0x00,
    0x00, 0x00, 0x00, 0x00, 0x00, 0x00, 0x00, 0x00, 0x43, 0x00, 0x28, 0x00, 0xa1, 0x00, 0x23, 0x00,
    0xc8, 0x00, 0xa4, 0x00, 0x46, 0x00, 0xa7, 0x00, 0xa4, 0x00, 0xc4, 0x00, 0x25, 0x00, 0x05, 0x00,
    0x25, 0x00, 0x65, 0x00, 0xa6, 0x00, 0x07, 0x00, 0x48, 0x00, 0x69, 0x00, 0xaa, 0x00, 0x46, 0x00,
    0x65, 0x00, 0x8a, 0x00, 0x8c, 0x00, 0xe9, 0x00, 0x40, 0x00, 0x00, 0x00, 0x00, 0x00, 0x00, 0x00,
    0x00, 0x00, 0x00, 0x00, 0x25, 0x00, 0x07, 0x00, 0x81, 0x00, 0x00, 0x00, 0x00, 0x00, 0x00, 0x00,
    0x00, 0x00, 0x00, 0x00, 0x00, 0x00, 0x00, 0x00, 0x00, 0x00, 0x00, 0x00, 0x00, 0x00, 0x00, 0x00,
    0x00, 0x00, 0x00, 0x00, 0x00, 0x00, 0x00, 0x00, 0x00, 0x00, 0x00, 0x00, 0x00, 0x00, 0x00, 0x00,
    0x00, 0x00, 0x00, 0x00, 0x00, 0x00, 0x00, 0x00, 0x00, 0x00, 0x00, 0x00, 0x00, 0x00, 0x00, 0x00,
    0x00, 0x00, 0x00, 0x00, 0x00, 0x00, 0x00, 0x00, 0xc2, 0x00, 0xc5, 0x00, 0x00, 0x00, 0x64, 0x00,
    0x67, 0x00, 0x46, 0x00, 0x28, 0x00, 0x48, 0x00, 0x05, 0x00, 0x05, 0x00, 0x27, 0x00, 0xe6, 0x00,
    0xa6, 0x00, 0x45, 0x00, 0xe4, 0x00, 0x81, 0x00, 0xc2, 0x00, 0x45, 0x00, 0xa8, 0x00, 0x09, 0x00,
    0xa8, 0x00, 0x83, 0x00, 0x22, 0x00, 0x81, 0x00, 0x00, 0x00, 0x00, 0x00, 0x00, 0x00, 0x65, 0x00,
    0x04, 0x00, 0x81, 0x00, 0x27, 0x00, 0x00, 0x00, 0x00, 0x00, 0x00, 0x00, 0x00, 0x00, 0x00, 0x00,
    0x00, 0x00, 0x00, 0x00, 0x00, 0x00, 0x00, 0x00, 0x00, 0x00, 0x00, 0x00, 0x00, 0x00, 0x00, 0x00,
    0x00, 0x00, 0x00, 0x00, 0x00, 0x00, 0x00, 0x00, 0x00, 0x00, 0x00, 0x00, 0x00, 0x00, 0x00, 0x00,
    0x00, 0x00, 0x00, 0x00, 0x00, 0x00, 0x00, 0x00, 0x00, 0x00, 0x00, 0x00, 0x00, 0x00, 0x61, 0x00,
    0x81, 0x00, 0x00, 0x00, 0x00, 0x00, 0x00, 0x00, 0x00, 0x00, 0x00, 0x00, 0x00, 0x00, 0x02, 0x00,
    0x46, 0x00, 0xe5, 0x00, 0xc8, 0x00, 0x48, 0x00, 0x69, 0x00, 0x45, 0x00, 0x67, 0x00, 0xc8, 0x00,
    0xa8, 0x00, 0x68, 0x00, 0x47, 0x00, 0x81, 0x00, 0x00, 0x00, 0x00, 0x00, 0x02, 0x00, 0xe4, 0x00,
    0x02, 0x00, 0x00, 0x00, 0x00, 0x00, 0x00, 0x00, 0x00, 0x00, 0x00, 0x00, 0x00, 0x00, 0x68, 0x00,
    0x27, 0x00, 0xe6, 0x00, 0x42, 0x00, 0x42, 0x00, 0x45, 0x00, 0x00, 0x00, 0x00, 0x00, 0x00, 0x00,
    0x00, 0x00, 0x00, 0x00, 0x00, 0x00, 0x00, 0x00, 0x00, 0x00, 0x00, 0x00, 0x00, 0x00, 0x00, 0x00,
    0x00, 0x00, 0x00, 0x00, 0x00, 0x00, 0x00, 0x00, 0x00, 0x00, 0x00, 0x00, 0x00, 0x00, 0x00, 0x00,
    0x00, 0x00, 0x00, 0x00, 0x00, 0x00, 0x00, 0x00, 0x00, 0x00, 0x00, 0x00, 0x00, 0x00, 0xc1, 0x00,
    0xa8, 0x00, 0xc8, 0x00, 0x25, 0x00, 0x20, 0x00, 0x00, 0x00, 0x00, 0x00, 0x00, 0x00, 0x40, 0x00,
    0x23, 0x00, 0x64, 0x00, 0x46, 0x00, 0xc7, 0x00, 0x89, 0x00, 0xc7, 0x00, 0x86, 0x00, 0x88, 0x00,
    0x67, 0x00, 0x88, 0x00, 0xc8, 0x00, 0xe6, 0x00, 0x61, 0x00, 0x00, 0x00, 0x00, 0x00, 0x00, 0x00,
    0x00, 0x00, 0x00, 0x00, 0x00, 0x00, 0x00, 0x00, 0x00, 0x00, 0x00, 0x00, 0x00, 0x00, 0x47, 0x00,
    0x68, 0x00, 0xc6, 0x00, 0xa8, 0x00, 0x2c, 0x00, 0x88, 0x00, 0x00, 0x00, 0x00, 0x00, 0x00, 0x00,
    0x00, 0x00, 0x00, 0x00, 0x00, 0x00, 0x00, 0x00, 0x00, 0x00, 0x00, 0x00, 0x00, 0x00, 0x00, 0x00,
    0x00, 0x00, 0x00, 0x00, 0x00, 0x00, 0x00, 0x00, 0x00, 0x00, 0x00, 0x00, 0x00, 0x00, 0x00, 0x00,
    0x00, 0x00, 0x00, 0x00, 0x00, 0x00, 0x00, 0x00, 0x00, 0x00, 0x00, 0x00, 0x00, 0x00, 0x00, 0x00,
    0xc1, 0x00, 0xa8, 0x00, 0xeb, 0x00, 0x29, 0x00, 0x63, 0x00, 0x00, 0x00, 0x00, 0x00, 0x00, 0x00,
    0x00, 0x00, 0x23, 0x00, 0xa4, 0x00, 0x26, 0x00, 0x66, 0x00, 0xe9, 0x00, 0x27, 0x00, 0xa8, 0x00,
    0x09, 0x00, 0xc8, 0x00, 0xa8, 0x00, 0xc8, 0x00, 0x07, 0x00, 0xc2, 0x00, 0x40, 0x00, 0x00, 0x00,
    0x00, 0x00, 0x00, 0x00, 0x00, 0x00, 0x00, 0x00, 0x00, 0x00, 0x00, 0x00, 0x81, 0x00, 0x29, 0x00,
    0x68, 0x00, 0x88, 0x00, 0x6a, 0x00, 0xe6, 0x00, 0x60, 0x00, 0x00, 0x00, 0x00, 0x00, 0x00, 0x00,
    0x00, 0x00, 0x00, 0x00, 0x00, 0x00, 0x00, 0x00, 0x00, 0x00, 0x00, 0x00, 0x00, 0x00, 0x00, 0x00,
    0x00, 0x00, 0x00, 0x00, 0x00, 0x00, 0x00, 0x00, 0x00, 0x00, 0x00, 0x00, 0x00, 0x00, 0x00, 0x00,
    0x00, 0x00, 0x00, 0x00, 0x00, 0x00, 0x00, 0x00, 0xa1, 0x00, 0x04, 0x00, 0xc6, 0x00, 0xa6, 0x00,
    0xc4, 0x00, 0x63, 0x00, 0x85, 0x00, 0xc8, 0x00, 0x8a, 0x00, 0xc4, 0x00, 0xa1, 0x00, 0xc6, 0x00,
    0x00, 0x00, 0x61, 0x00, 0xc2, 0x00, 0x05, 0x00, 0x66, 0x00, 0xe9, 0x00, 0xaa, 0x00, 0xc8, 0x00,
    0x6a, 0x00, 0xcb, 0x00, 0x4d, 0x00, 0xcb, 0x00, 0x09, 0x00, 0x27, 0x00, 0x25, 0x00, 0x63, 0x00,
    0x00, 0x00, 0x00, 0x00, 0x00, 0x00, 0x00, 0x00, 0x00, 0x00, 0x00, 0x00, 0x83, 0x00, 0x6a, 0x00,
    0x09, 0x00, 0xc8, 0x00, 0x67, 0x00, 0x09, 0x00, 0x27, 0x00, 0x40, 0x00, 0x00, 0x00, 0x00, 0x00,
    0x00, 0x00, 0x00, 0x00, 0x00, 0x00, 0x00, 0x00, 0x00, 0x00, 0x00, 0x00, 0x00, 0x00, 0x00, 0x00,
    0x00, 0x00, 0x00, 0x00, 0x00, 0x00, 0x00, 0x00, 0x00, 0x00, 0x00, 0x00, 0x00, 0x00, 0x00, 0x00,
    0x00, 0x00, 0x00, 0x00, 0x22, 0x00, 0x47, 0x00, 0xcb, 0x00, 0xcb, 0x00, 0x4a, 0x00, 0xa8, 0x00,
    0xe7, 0x00, 0x25, 0x00, 0xe4, 0x00, 0x65, 0x00, 0xa6, 0x00, 0x07, 0x00, 0x83, 0x00, 0x88, 0x00,
    0xa4, 0x00, 0x00, 0x00, 0x00, 0x00, 0x84, 0x00, 0x26, 0x00, 0xc9, 0x00, 0xeb, 0x00, 0xaa, 0x00,
    0x6a, 0x00, 0xad, 0x00, 0x50, 0x00, 0xb1, 0x00, 0x2f, 0x00, 0x2c, 0x00, 0xe7, 0x00, 0x04, 0x00,
    0x61, 0x00, 0x00, 0x00, 0x00, 0x00, 0x00, 0x00, 0x00, 0x00, 0x00, 0x00, 0xe4, 0x00, 0x8a, 0x00,
    0x4a, 0x00, 0x49, 0x00, 0xeb, 0x00, 0xeb, 0x00, 0x88, 0x00, 0x40, 0x00, 0x00, 0x00, 0x00, 0x00,
    0x00, 0x00, 0x00, 0x00, 0x00, 0x00, 0x00, 0x00, 0x00, 0x00, 0x00, 0x00, 0x00, 0x00, 0x00, 0x00,
    0x00, 0x00, 0x00, 0x00, 0x00, 0x00, 0x00, 0x00, 0x00, 0x00, 0x00, 0x00, 0x00, 0x00, 0x00, 0x00,
    0x00, 0x00, 0x20, 0x00, 0x63, 0x00, 0xa4, 0x00, 0xc4, 0x00, 0xa4, 0x00, 0x05, 0x00, 0xa6, 0x00,
    0xc8, 0x00, 0xca, 0x00, 0xeb, 0x00, 0x0b, 0x00, 0xeb, 0x00, 0x87, 0x00, 0xe4, 0x00, 0xe4, 0x00,
    0x86, 0x00, 0xa1, 0x00, 0x84, 0x00, 0x20, 0x00, 0x84, 0x00, 0x29, 0x00, 0xeb, 0x00, 0xca, 0x00,
    0x8a, 0x00, 0x2c, 0x00, 0x0f, 0x00, 0x0f, 0x00, 0x70, 0x00, 0xef, 0x00, 0x0c, 0x00, 0xe7, 0x00,
    0xe2, 0x00, 0x00, 0x00, 0x00, 0x00, 0x00, 0x00, 0x00, 0x00, 0x00, 0x00, 0x45, 0x00, 0x6a, 0x00,
    0x6a, 0x00, 0x8a, 0x00, 0xc9, 0x00, 0xc4, 0x00, 0x00, 0x00, 0x00, 0x00, 0x00, 0x00, 0x81, 0x00,
    0xa1, 0x00, 0x00, 0x00, 0x00, 0x00, 0x00, 0x00, 0x00, 0x00, 0x00, 0x00, 0x00, 0x00, 0x00, 0x00,
    0x00, 0x00, 0x00, 0x00, 0x00, 0x00, 0x00, 0x00, 0x00, 0x00, 0x00, 0x00, 0x00, 0x00, 0x00, 0x00,
    0x00, 0x00, 0x00, 0x00, 0x00, 0x00, 0x02, 0x00, 0x63, 0x00, 0x25, 0x00, 0x27, 0x00, 0x09, 0x00,
    0x0b, 0x00, 0x2b, 0x00, 0xac, 0x00, 0x8c, 0x00, 0xeb, 0x00, 0x0b, 0x00, 0x6a, 0x00, 0xe6, 0x00,
    0xe4, 0x00, 0x02, 0x00, 0x66, 0x00, 0x02, 0x00, 0x43, 0x00, 0x4a, 0x00, 0x4b, 0x00, 0x29, 0x00,
    0xca, 0x00, 0x2c, 0x00, 0x90, 0x00, 0x50, 0x00, 0x50, 0x00, 0x4d, 0x00, 0x6d, 0x00, 0x0c, 0x00,
    0x86, 0x00, 0x25, 0x00, 0x20, 0x00, 0x00, 0x00, 0x00, 0x00, 0xa1, 0x00, 0xc8, 0x00, 0xc8, 0x00,
    0x09, 0x00, 0x88, 0x00, 0x23, 0x00, 0x00, 0x00, 0x00, 0x00, 0x00, 0x00, 0x00, 0x00, 0xe6, 0x00,
    0xc2, 0x00, 0x00, 0x00, 0x00, 0x00, 0x00, 0x00, 0x00, 0x00, 0x00, 0x00, 0x00, 0x00, 0x00, 0x00,
    0x00, 0x00, 0x00, 0x00, 0x00, 0x00, 0x00, 0x00, 0x00, 0x00, 0x00, 0x00, 0x00, 0x00, 0x00, 0x00,
    0x00, 0x00, 0xc1, 0x00, 0xe7, 0x00, 0x86, 0x00, 0xc6, 0x00, 0x09, 0x00, 0xaa, 0x00, 0x0b, 0x00,
    0xeb, 0x00, 0xaa, 0x00, 0x6c, 0x00, 0x6c, 0x00, 0xca, 0x00, 0x49, 0x00, 0x49, 0x00, 0xa8, 0x00,
    0x88, 0x00, 0x66, 0x00, 0x83, 0x00, 0xe5, 0x00, 0xc6, 0x00, 0x8a, 0x00, 0xea, 0x00, 0x69, 0x00,
    0x49, 0x00, 0xcb, 0x00, 0x50, 0x00, 0xb1, 0x00, 0xb1, 0x00, 0x2f, 0x00, 0xae, 0x00, 0x2f, 0x00,
    0x86, 0x00, 0x07, 0x00, 0x27, 0x00, 0x63, 0x00, 0x42, 0x00, 0xe9, 0x00, 0x8a, 0x00, 0x29, 0x00,
    0x68, 0x00, 0xc1, 0x00, 0x00, 0x00, 0x00, 0x00, 0x00, 0x00, 0x00, 0x00, 0x22, 0x00, 0xc9, 0x00,
    0x20, 0x00, 0x00, 0x00, 0x00, 0x00, 0x00, 0x00, 0x00, 0x00, 0x00, 0x00, 0x00, 0x00, 0x00, 0x00,
    0x00, 0x00, 0x00, 0x00, 0x00, 0x00, 0x00, 0x00, 0x00, 0x00, 0x00, 0x00, 0x00, 0x00, 0x00, 0x00,
    0x02, 0x00, 0x88, 0x00, 0x66, 0x00, 0xe4, 0x00, 0x88, 0x00, 0x6a, 0x00, 0xeb, 0x00, 0xeb, 0x00,
    0x0b, 0x00, 0xeb, 0x00, 0x8a, 0x00, 0x8a, 0x00, 0x6a, 0x00, 0x49, 0x00, 0x29, 0x00, 0x88, 0x00,
    0x07, 0x00, 0x07, 0x00, 0xe5, 0x00, 0x05, 0x00, 0x88, 0x00, 0xaa, 0x00, 0x8a, 0x00, 0x2b, 0x00,
    0xaa, 0x00, 0x29, 0x00, 0x8d, 0x00, 0xb1, 0x00, 0x70, 0x00, 0x90, 0x00, 0x0f, 0x00, 0x50, 0x00,
    0x48, 0x00, 0x04, 0x00, 0xc9, 0x00, 0x27, 0x00, 0xc8, 0x00, 0xeb, 0x00, 0x4a, 0x00, 0x6a, 0x00,
    0x05, 0x00, 0x00, 0x00, 0x00, 0x00, 0x00, 0x00, 0x00, 0x00, 0x00, 0x00, 0x45, 0x00, 0x2a, 0x00,
    0xc1, 0x00, 0x00, 0x00, 0x00, 0x00, 0x00, 0x00, 0x00, 0x00, 0x00, 0x00, 0x00, 0x00, 0x00, 0x00,
    0x00, 0x00, 0x00, 0x00, 0x00, 0x00, 0x00, 0x00, 0x00, 0x00, 0x00, 0x00, 0x00, 0x00, 0xc2, 0x00,
    0x28, 0x00, 0x05, 0x00, 0x25, 0x00, 0xe9, 0x00, 0x8a, 0x00, 0xaa, 0x00, 0xca, 0x00, 0x0b, 0x00,
    0x29, 0x00, 0x09, 0x00, 0x68, 0x00, 0x68, 0x00, 0x88, 0x00, 0x29, 0x00, 0x29, 0x00, 0x29, 0x00,
    0x68, 0x00, 0x45, 0x00, 0xe5, 0x00, 0xc6, 0x00, 0xa8, 0x00, 0x8a, 0x00, 0xea, 0x00, 0x6c, 0x00,
    0x0b, 0x00, 0xe8, 0x00, 0xc9, 0x00, 0x2d, 0x00, 0x2f, 0x00, 0x90, 0x00, 0x30, 0x00, 0xee, 0x00,
    0xe9, 0x00, 0x65, 0x00, 0x27, 0x00, 0x47, 0x00, 0x6a, 0x00, 0xcb, 0x00, 0x8a, 0x00, 0x88, 0x00,
    0x61, 0x00, 0x00, 0x00, 0x00, 0x00, 0x00, 0x00, 0x00, 0x00, 0x00, 0x00, 0xc6, 0x00, 0x8a, 0x00,
    0x04, 0x00, 0x00, 0x00, 0x00, 0x00, 0x00, 0x00, 0x00, 0x00, 0x00, 0x00, 0x00, 0x00, 0x00, 0x00,
    0x00, 0x00, 0x00, 0x00, 0x00, 0x00, 0x00, 0x00, 0x00, 0x00, 0x00, 0x00, 0x00, 0x00, 0x63, 0x00,
    0xe2, 0x00, 0xc4, 0x00, 0xc9, 0x00, 0x8a, 0x00, 0x2b, 0x00, 0xcb, 0x00, 0x68, 0x00, 0x07, 0x00,
    0x07, 0x00, 0x07, 0x00, 0xc6, 0x00, 0xc7, 0x00, 0x48, 0x00, 0x68, 0x00, 0x68, 0x00, 0xe9, 0x00,
    0xc9, 0x00, 0x86, 0x00, 0x66, 0x00, 0x86, 0x00, 0x09, 0x00, 0x8a, 0x00, 0xea, 0x00, 0x6c, 0x00,
    0xaa, 0x00, 0x27, 0x00, 0x4a, 0x00, 0x8d, 0x00, 0x0c, 0x00, 0xce, 0x00, 0x4f, 0x00, 0x2c, 0x00,
    0x49, 0x00, 0xa6, 0x00, 0x27, 0x00, 0xe9, 0x00, 0x29, 0x00, 0x09, 0x00, 0x4a, 0x00, 0x05, 0x00,
    0x00, 0x00, 0x00, 0x00, 0x00, 0x00, 0x00, 0x00, 0x00, 0x00, 0x00, 0x00, 0x86, 0x00, 0x4a, 0x00,
    0xa8, 0x00, 0x40, 0x00, 0x00, 0x00, 0x00, 0x00, 0x00, 0x00, 0x00, 0x00, 0x00, 0x00, 0x00, 0x00,
    0x00, 0x00, 0x00, 0x00, 0x00, 0x00, 0x00, 0x00, 0x00, 0x00, 0x00, 0x00, 0x00, 0x00, 0x00, 0x00,
    0x83, 0x00, 0x88, 0x00, 0x6a, 0x00, 0x4c, 0x00, 0x6a, 0x00, 0xe7, 0x00, 0x27, 0x00, 0x48, 0x00,
    0x86, 0x00, 0x66, 0x00, 0x45, 0x00, 0x05, 0x00, 0x46, 0x00, 0xe7, 0x00, 0xc7, 0x00, 0x28, 0x00,
    0x89, 0x00, 0x66, 0x00, 0xc4, 0x00, 0x25, 0x00, 0x4a, 0x00, 0x6a, 0x00, 0x0b, 0x00, 0xaa, 0x00,
    0x8a, 0x00, 0x04, 0x00, 0x29, 0x00, 0xee, 0x00, 0x0e, 0x00, 0x6d, 0x00, 0xeb, 0x00, 0x6a, 0x00,
    0xeb, 0x00, 0x85, 0x00, 0x07, 0x00, 0x68, 0x00, 0xa8, 0x00, 0xc9, 0x00, 0x07, 0x00, 0x20, 0x00,
    0x00, 0x00, 0x00, 0x00, 0x00, 0x00, 0x00, 0x00, 0x00, 0x00, 0x00, 0x00, 0xa4, 0x00, 0xc9, 0x00,
    0x6a, 0x00, 0xc4, 0x00, 0x00, 0x00, 0x00, 0x00, 0x00, 0x00, 0x00, 0x00, 0x00, 0x00, 0x00, 0x00,
    0x00, 0x00, 0x00, 0x00, 0x00, 0x00, 0x00, 0x00, 0x00, 0x00, 0x00, 0x00, 0x00, 0x00, 0xc4, 0x00,
    0x88, 0x00, 0xa9, 0x00, 0xe9, 0x00, 0x29, 0x00, 0xe7, 0x00, 0x48, 0x00, 0x48, 0x00, 0xc4, 0x00,
    0x45, 0x00, 0xa8, 0x00, 0x09, 0x00, 0x29, 0x00, 0xe6, 0x00, 0x45, 0x00, 0x07, 0x00, 0x68, 0x00,
    0x68, 0x00, 0xa6, 0x00, 0xa4, 0x00, 0x47, 0x00, 0xaa, 0x00, 0xeb, 0x00, 0x49, 0x00, 0xaa, 0x00,
    0x47, 0x00, 0xc4, 0x00, 0x8a, 0x00, 0xce, 0x00, 0xee, 0x00, 0xee, 0x00, 0xcb, 0x00, 0xeb, 0x00,
    0x0b, 0x00, 0x22, 0x00, 0xc4, 0x00, 0xe7, 0x00, 0xe7, 0x00, 0xa6, 0x00, 0xe2, 0x00, 0x00, 0x00,
    0x00, 0x00, 0x00, 0x00, 0x00, 0x00, 0x00, 0x00, 0xe2, 0x00, 0x00, 0x00, 0x40, 0x00, 0x48, 0x00,
    0x2a, 0x00, 0x07, 0x00, 0x00, 0x00, 0x00, 0x00, 0x00, 0x00, 0x00, 0x00, 0x00, 0x00, 0x00, 0x00,
    0x00, 0x00, 0x00, 0x00, 0x00, 0x00, 0x00, 0x00, 0x00, 0x00, 0x00, 0x00, 0xe2, 0x00, 0x48, 0x00,
    0x88, 0x00, 0xc9, 0x00, 0xc7, 0x00, 0xa7, 0x00, 0x08, 0x00, 0x28, 0x00, 0xe5, 0x00, 0xe5, 0x00,
    0xc9, 0x00, 0x8a, 0x00, 0xeb, 0x00, 0x2b, 0x00, 0x0b, 0x00, 0xa6, 0x00, 0x66, 0x00, 0x48, 0x00,
    0xe7, 0x00, 0x66, 0x00, 0x66, 0x00, 0x4a, 0x00, 0x6a, 0x00, 0x8a, 0x00, 0x6a, 0x00, 0xc8, 0x00,
    0x05, 0x00, 0x66, 0x00, 0x09, 0x00, 0x8d, 0x00, 0xce, 0x00, 0x8d, 0x00, 0x8d, 0x00, 0x0c, 0x00,
    0xe9, 0x00, 0x00, 0x00, 0x00, 0x00, 0xe2, 0x00, 0xe2, 0x00, 0x81, 0x00, 0x61, 0x00, 0x00, 0x00,
    0x00, 0x00, 0x00, 0x00, 0x00, 0x00, 0x00, 0x00, 0x04, 0x00, 0x48, 0x00, 0x00, 0x00, 0x25, 0x00,
    0x2a, 0x00, 0xa8, 0x00, 0x60, 0x00, 0x00, 0x00, 0x00, 0x00, 0x00, 0x00, 0x00, 0x00, 0x00, 0x00,
    0x00, 0x00, 0x00, 0x00, 0x00, 0x00, 0x00, 0x00, 0x00, 0x00, 0x00, 0x00, 0xc6, 0x00, 0x28, 0x00,
    0x89, 0x00, 0xc7, 0x00, 0x08, 0x00, 0x48, 0x00, 0x28, 0x00, 0x25, 0x00, 0x84, 0x00, 0x89, 0x00,
    0x09, 0x00, 0xaa, 0x00, 0x2b, 0x00, 0x4c, 0x00, 0x8c, 0x00, 0xaa, 0x00, 0x65, 0x00, 0xa7, 0x00,
    0x86, 0x00, 0xe5, 0x00, 0xe7, 0x00, 0xe9, 0x00, 0x29, 0x00, 0xaa, 0x00, 0x49, 0x00, 0x65, 0x00,
    0xc4, 0x00, 0x86, 0x00, 0xcb, 0x00, 0xcb, 0x00, 0x8d, 0x00, 0x8d, 0x00, 0x6d, 0x00, 0xab, 0x00,
    0x45, 0x00, 0x00, 0x00, 0x00, 0x00, 0x00, 0x00, 0x00, 0x00, 0x00, 0x00, 0x00, 0x00, 0x00, 0x00,
    0x00, 0x00, 0x00, 0x00, 0x00, 0x00, 0x00, 0x00, 0x20, 0x00, 0xc9, 0x00, 0xe7, 0x00, 0x22, 0x00,
    0xe9, 0x00, 0xc9, 0x00, 0x81, 0x00, 0x00, 0x00, 0x00, 0x00, 0x00, 0x00, 0x00, 0x00, 0x00, 0x00,
    0x00, 0x00, 0x00, 0x00, 0x00, 0x00, 0x00, 0x00, 0x00, 0x00, 0xe2, 0x00, 0x88, 0x00, 0xa6, 0x00,
    0xc7, 0x00, 0xc7, 0x00, 0x48, 0x00, 0x48, 0x00, 0x66, 0x00, 0x43, 0x00, 0xa4, 0x00, 0x89, 0x00,
    0xa8, 0x00, 0xaa, 0x00, 0x4b, 0x00, 0x4b, 0x00, 0x0b, 0x00, 0x0b, 0x00, 0x67, 0x00, 0x46, 0x00,
    0xa7, 0x00, 0x05, 0x00, 0x88, 0x00, 0x68, 0x00, 0x4a, 0x00, 0x8a, 0x00, 0xca, 0x00, 0x8a, 0x00,
    0x88, 0x00, 0x07, 0x00, 0x4a, 0x00, 0x0b, 0x00, 0x8a, 0x00, 0x2c, 0x00, 0x2c, 0x00, 0x29, 0x00,
    0xa1, 0x00, 0x00, 0x00, 0x00, 0x00, 0x00, 0x00, 0x00, 0x00, 0x00, 0x00, 0x00, 0x00, 0x00, 0x00,
    0x00, 0x00, 0x00, 0x00, 0x00, 0x00, 0x00, 0x00, 0x00, 0x00, 0x83, 0x00, 0x0a, 0x00, 0x65, 0x00,
    0xa9, 0x00, 0xa8, 0x00, 0x40, 0x00, 0x00, 0x00, 0x00, 0x00, 0x00, 0x00, 0x00, 0x00, 0x00, 0x00,
    0x00, 0x00, 0x00, 0x00, 0x00, 0x00, 0x00, 0x00, 0x00, 0x00, 0x45, 0x00, 0x28, 0x00, 0x63, 0x00,
    0x86, 0x00, 0xa9, 0x00, 0x28, 0x00, 0x25, 0x00, 0xc5, 0x00, 0x43, 0x00, 0xa4, 0x00, 0x48, 0x00,
    0xc9, 0x00, 0x8a, 0x00, 0xeb, 0x00, 0x0b, 0x00, 0x0b, 0x00, 0xeb, 0x00, 0xa8, 0x00, 0xc7, 0x00,
    0x86, 0x00, 0x86, 0x00, 0xa9, 0x00, 0x48, 0x00, 0xa8, 0x00, 0x09, 0x00, 0x49, 0x00, 0x8a, 0x00,
    0x4b, 0x00, 0x2b, 0x00, 0x6a, 0x00, 0x49, 0x00, 0x8a, 0x00, 0x49, 0x00, 0x8a, 0x00, 0x24, 0x00,
    0x00, 0x00, 0x00, 0x00, 0x00, 0x00, 0x00, 0x00, 0x00, 0x00, 0x00, 0x00, 0x00, 0x00, 0x00, 0x00,
    0x00, 0x00, 0x00, 0x00, 0x00, 0x00, 0x00, 0x00, 0x00, 0x00, 0x40, 0x00, 0x48, 0x00, 0x48, 0x00,
    0x88, 0x00, 0xa6, 0x00, 0x00, 0x00, 0x00, 0x00, 0x00, 0x00, 0x00, 0x00, 0x00, 0x00, 0x00, 0x00,
    0x00, 0x00, 0x00, 0x00, 0x00, 0x00, 0x00, 0x00, 0x00, 0x00, 0x07, 0x00, 0xc4, 0x00, 0xa4, 0x00,
    0x08, 0x00, 0xa9, 0x00, 0xc7, 0x00, 0x26, 0x00, 0x46, 0x00, 0xa4, 0x00, 0x05, 0x00, 0x48, 0x00,
    0x2a, 0x00, 0x6a, 0x00, 0x8a, 0x00, 0x4a, 0x00, 0x8a, 0x00, 0xaa, 0x00, 0xa8, 0x00, 0xc7, 0x00,
    0x66, 0x00, 0x45, 0x00, 0xe7, 0x00, 0x48, 0x00, 0x27, 0x00, 0xc9, 0x00, 0x29, 0x00, 0x09, 0x00,
    0xca, 0x00, 0xaa, 0x00, 0x2b, 0x00, 0x2b, 0x00, 0x08, 0x00, 0x29, 0x00, 0x65, 0x00, 0x00, 0x00,
    0x00, 0x00, 0x00, 0x00, 0x00, 0x00, 0x00, 0x00, 0x00, 0x00, 0x00, 0x00, 0x00, 0x00, 0x00, 0x00,
    0x00, 0x00, 0x00, 0x00, 0x00, 0x00, 0x00, 0x00, 0x00, 0x00, 0x00, 0x00, 0x66, 0x00, 0x68, 0x00,
    0x48, 0x00, 0x05, 0x00, 0x00, 0x00, 0x00, 0x00, 0x00, 0x00, 0x00, 0x00, 0x00, 0x00, 0x00, 0x00,
    0x00, 0x00, 0x00, 0x00, 0x00, 0x00, 0x00, 0x00, 0x40, 0x00, 0x45, 0x00, 0xa1, 0x00, 0x46, 0x00,
    0xe7, 0x00, 0x49, 0x00, 0x26, 0x00, 0xa7, 0x00, 0x66, 0x00, 0xe5, 0x00, 0x05, 0x00, 0x48, 0x00,
    0x68, 0x00, 0xe9, 0x00, 0x29, 0x00, 0x29, 0x00, 0x29, 0x00, 0x09, 0x00, 0xc8, 0x00, 0x66, 0x00,
    0x87, 0x00, 0x25, 0x00, 0x25, 0x00, 0x48, 0x00, 0x45, 0x00, 0x45, 0x00, 0x88, 0x00, 0xe9, 0x00,
    0xc8, 0x00, 0x8a, 0x00, 0xea, 0x00, 0xea, 0x00, 0x8a, 0x00, 0x04, 0x00, 0x00, 0x00, 0x00, 0x00,
    0x00, 0x00, 0x00, 0x00, 0x00, 0x00, 0x00, 0x00, 0x00, 0x00, 0x00, 0x00, 0x00, 0x00, 0x00, 0x00,
    0x00, 0x00, 0x00, 0x00, 0x00, 0x00, 0x00, 0x00, 0x00, 0x00, 0x00, 0x00, 0x83, 0x00, 0x68, 0x00,
    0x28, 0x00, 0x22, 0x00, 0x00, 0x00, 0x00, 0x00, 0x00, 0x00, 0x00, 0x00, 0x00, 0x00, 0x00, 0x00,
    0x00, 0x00, 0x00, 0x00, 0x00, 0x00, 0x00, 0x00, 0x20, 0x00, 0x40, 0x00, 0xa1, 0x00, 0x87, 0x00,
    0x25, 0x00, 0x87, 0x00, 0x87, 0x00, 0x08, 0x00, 0x46, 0x00, 0x46, 0x00, 0x43, 0x00, 0xc7, 0x00,
    0x89, 0x00, 0x48, 0x00, 0x27, 0x00, 0x68, 0x00, 0x29, 0x00, 0xa8, 0x00, 0x07, 0x00, 0x25, 0x00,
    0x46, 0x00, 0xe7, 0x00, 0xe7, 0x00, 0xa6, 0x00, 0xa6, 0x00, 0xa6, 0x00, 0x86, 0x00, 0xa6, 0x00,
    0x27, 0x00, 0x88, 0x00, 0x0b, 0x00, 0xaa, 0x00, 0xeb, 0x00, 0x26, 0x00, 0x00, 0x00, 0x00, 0x00,
    0x00, 0x00, 0x00, 0x00, 0x00, 0x00, 0x00, 0x00, 0x00, 0x00, 0x00, 0x00, 0x00, 0x00, 0x00, 0x00,
    0x00, 0x00, 0x00, 0x00, 0x00, 0x00, 0x00, 0x00, 0x22, 0x00, 0xe2, 0x00, 0x23, 0x00, 0xc9, 0x00,
    0xe4, 0x00, 0x00, 0x00, 0x00, 0x00, 0x00, 0x00, 0x00, 0x00, 0x00, 0x00, 0x00, 0x00, 0x00, 0x00,
    0x00, 0x00, 0x00, 0x00, 0x00, 0x00, 0x00, 0x00, 0x00, 0x00, 0x00, 0x00, 0xe2, 0x00, 0xa7, 0x00,
    0x25, 0x00, 0x46, 0x00, 0x08, 0x00, 0xc7, 0x00, 0x46, 0x00, 0x67, 0x00, 0x81, 0x00, 0xc4, 0x00,
    0x28, 0x00, 0x08, 0x00, 0xe7, 0x00, 0xe7, 0x00, 0x27, 0x00, 0xe7, 0x00, 0x25, 0x00, 0x86, 0x00,
    0xe7, 0x00, 0x89, 0x00, 0x68, 0x00, 0x66, 0x00, 0x27, 0x00, 0xa9, 0x00, 0x48, 0x00, 0x88, 0x00,
    0xc9, 0x00, 0x07, 0x00, 0x8a, 0x00, 0x8a, 0x00, 0x0b, 0x00, 0x49, 0x00, 0x43, 0x00, 0x00, 0x00,
    0x00, 0x00, 0x00, 0x00, 0x00, 0x00, 0x00, 0x00, 0x00, 0x00, 0x00, 0x00, 0x00, 0x00, 0x00, 0x00,
    0x00, 0x00, 0x00, 0x00, 0x00, 0x00, 0x00, 0x00, 0x04, 0x00, 0x25, 0x00, 0xe4, 0x00, 0xe7, 0x00,
    0x83, 0x00, 0x63, 0x00, 0x00, 0x00, 0x00, 0x00, 0x00, 0x00, 0x00, 0x00, 0x00, 0x00, 0x00, 0x00,
    0x00, 0x00, 0x00, 0x00, 0x00, 0x00, 0x00, 0x00, 0x00, 0x00, 0x00, 0x00, 0xc2, 0x00, 0x87, 0x00,
    0x66, 0x00, 0x46, 0x00, 0xc7, 0x00, 0xa7, 0x00, 0x66, 0x00, 0xc8, 0x00, 0x61, 0x00, 0x02, 0x00,
    0xe8, 0x00, 0x08, 0x00, 0x08, 0x00, 0xe7, 0x00, 0x07, 0x00, 0xe4, 0x00, 0x83, 0x00, 0x68, 0x00,
    0xa9, 0x00, 0x89, 0x00, 0xa9, 0x00, 0xc9, 0x00, 0xa9, 0x00, 0x89, 0x00, 0xc9, 0x00, 0xe9, 0x00,
    0x48, 0x00, 0x22, 0x00, 0xc8, 0x00, 0xa8, 0x00, 0x09, 0x00, 0xc8, 0x00, 0x09, 0x00, 0xa1, 0x00,
    0x00, 0x00, 0x00, 0x00, 0x00, 0x00, 0x00, 0x00, 0x00, 0x00, 0x00, 0x00, 0x00, 0x00, 0x00, 0x00,
    0x00, 0x00, 0x00, 0x00, 0x00, 0x00, 0x00, 0x00, 0x66, 0x00, 0x45, 0x00, 0xe7, 0x00, 0x65, 0x00,
    0x68, 0x00, 0xa1, 0x00, 0x00, 0x00, 0x00, 0x00, 0x00, 0x00, 0x00, 0x00, 0x00, 0x00, 0x00, 0x00,
    0x00, 0x00, 0x00, 0x00, 0x00, 0x00, 0x00, 0x00, 0x00, 0x00, 0x00, 0x00, 0x61, 0x00, 0x46, 0x00,
    0x46, 0x00, 0xa7, 0x00, 0x46, 0x00, 0xa7, 0x00, 0x26, 0x00, 0xe8, 0x00, 0xe2, 0x00, 0x23, 0x00,
    0xc7, 0x00, 0xc7, 0x00, 0xc7, 0x00, 0xc7, 0x00, 0xc4, 0x00, 0x40, 0x00, 0x00, 0x00, 0x81, 0x00,
    0x63, 0x00, 0xe5, 0x00, 0x86, 0x00, 0xc7, 0x00, 0x07, 0x00, 0x48, 0x00, 0xe7, 0x00, 0xe4, 0x00,
    0x61, 0x00, 0x00, 0x00, 0xa8, 0x00, 0xa6, 0x00, 0x68, 0x00, 0x67, 0x00, 0x88, 0x00, 0x25, 0x00,
    0x00, 0x00, 0x00, 0x00, 0x00, 0x00, 0x00, 0x00, 0x00, 0x00, 0x00, 0x00, 0x00, 0x00, 0x00, 0x00,
    0x00, 0x00, 0x00, 0x00, 0x00, 0x00, 0x61, 0x00, 0x86, 0x00, 0x47, 0x00, 0x07, 0x00, 0xc9, 0x00,
    0xa4, 0x00, 0x00, 0x00, 0x00, 0x00, 0x00, 0x00, 0x00, 0x00, 0x00, 0x00, 0x00, 0x00, 0x00, 0x00,
    0x00, 0x00, 0x00, 0x00, 0x00, 0x00, 0x00, 0x00, 0x00, 0x00, 0x00, 0x00, 0x00, 0x00, 0x26, 0x00,
    0x26, 0x00, 0xa7, 0x00, 0x87, 0x00, 0x67, 0x00, 0x67, 0x00, 0xe8, 0x00, 0xe5, 0x00, 0x84, 0x00,
    0xa7, 0x00, 0x46, 0x00, 0x87, 0x00, 0x46, 0x00, 0x40, 0x00, 0x00, 0x00, 0x00, 0x00, 0x00, 0x00,
    0x00, 0x00, 0x23, 0x00, 0x05, 0x00, 0x25, 0x00, 0x05, 0x00, 0x25, 0x00, 0x46, 0x00, 0x61, 0x00,
    0x00, 0x00, 0xe2, 0x00, 0xa8, 0x00, 0xe2, 0x00, 0x07, 0x00, 0x07, 0x00, 0x02, 0x00, 0x83, 0x00,
    0x00, 0x00, 0x00, 0x00, 0x00, 0x00, 0x00, 0x00, 0x00, 0x00, 0x00, 0x00, 0x00, 0x00, 0x00, 0x00,
    0x00, 0x00, 0x00, 0x00, 0x00, 0x00, 0x83, 0x00, 0x09, 0x00, 0x67, 0x00, 0x48, 0x00, 0x66, 0x00,
    0x00, 0x00, 0x00, 0x00, 0x00, 0x00, 0x00, 0x00, 0x00, 0x00, 0x00, 0x00, 0x00, 0x00, 0x00, 0x00,
    0x00, 0x00, 0x00, 0x00, 0x00, 0x00, 0x00, 0x00, 0x00, 0x00, 0x00, 0x00, 0x00, 0x00, 0xa4, 0x00,
    0x06, 0x00, 0x46, 0x00, 0xe8, 0x00, 0xe8, 0x00, 0x87, 0x00, 0xc8, 0x00, 0xa7, 0x00, 0xa4, 0x00,
    0x67, 0x00, 0x66, 0x00, 0x66, 0x00, 0x87, 0x00, 0x84, 0x00, 0x00, 0x00, 0x00, 0x00, 0x00, 0x00,
    0x00, 0x00, 0x05, 0x00, 0xa7, 0x00, 0xa7, 0x00, 0x66, 0x00, 0x46, 0x00, 0xe7, 0x00, 0x26, 0x00,
    0x81, 0x00, 0xe2, 0x00, 0x43, 0x00, 0x00, 0x00, 0x02, 0x00, 0xa3, 0x00, 0x00, 0x00, 0x00, 0x00,
    0x00, 0x00, 0x00, 0x00, 0x00, 0x00, 0x00, 0x00, 0x00, 0x00, 0x00, 0x00, 0x00, 0x00, 0x00, 0x00,
    0x20, 0x00, 0x00, 0x00, 0x02, 0x00, 0x8a, 0x00, 0xc8, 0x00, 0x28, 0x00, 0x86, 0x00, 0x40, 0x00,
    0x00, 0x00, 0x00, 0x00, 0x00, 0x00, 0x00, 0x00, 0x00, 0x00, 0x00, 0x00, 0x00, 0x00, 0x00, 0x00,
    0x00, 0x00, 0x00, 0x00, 0x00, 0x00, 0x00, 0x00, 0x00, 0x00, 0x00, 0x00, 0x00, 0x00, 0xa1, 0x00,
    0x26, 0x00, 0xc5, 0x00, 0xc8, 0x00, 0xe8, 0x00, 0xe8, 0x00, 0x67, 0x00, 0xe8, 0x00, 0x05, 0x00,
    0x06, 0x00, 0x46, 0x00, 0x67, 0x00, 0x66, 0x00, 0xc7, 0x00, 0xa4, 0x00, 0x81, 0x00, 0xe2, 0x00,
    0x40, 0x00, 0x00, 0x00, 0x23, 0x00, 0xe5, 0x00, 0x46, 0x00, 0x87, 0x00, 0xa7, 0x00, 0x08, 0x00,
    0x66, 0x00, 0xe2, 0x00, 0x81, 0x00, 0x43, 0x00, 0x60, 0x00, 0x00, 0x00, 0x00, 0x00, 0x00, 0x00,
    0x00, 0x00, 0x00, 0x00, 0x00, 0x00, 0x00, 0x00, 0x00, 0x00, 0x00, 0x00, 0x00, 0x00, 0x04, 0x00,
    0xa1, 0x00, 0x83, 0x00, 0xaa, 0x00, 0xc9, 0x00, 0xc7, 0x00, 0x05, 0x00, 0x20, 0x00, 0x00, 0x00,
    0x00, 0x00, 0x00, 0x00, 0x00, 0x00, 0x00, 0x00, 0x00, 0x00, 0x00, 0x00, 0x00, 0x00, 0x00, 0x00,
    0x00, 0x00, 0x00, 0x00, 0x00, 0x00, 0x00, 0x00, 0x00, 0x00, 0x00, 0x00, 0x00, 0x00, 0x00, 0x00,
    0xa1, 0x00, 0xa1, 0x00, 0x46, 0x00, 0x67, 0x00, 0xe8, 0x00, 0x67, 0x00, 0x87, 0x00, 0x46, 0x00,
    0xa5, 0x00, 0x26, 0x00, 0xe8, 0x00, 0xa7, 0x00, 0xa7, 0x00, 0x87, 0x00, 0x46, 0x00, 0x86, 0x00,
    0x46, 0x00, 0xe2, 0x00, 0x00, 0x00, 0x20, 0x00, 0x23, 0x00, 0x25, 0x00, 0x46, 0x00, 0x66, 0x00,
    0x05, 0x00, 0x25, 0x00, 0x66, 0x00, 0x07, 0x00, 0xe7, 0x00, 0xa4, 0x00, 0x40, 0x00, 0x00, 0x00,
    0x00, 0x00, 0x00, 0x00, 0x00, 0x00, 0x00, 0x00, 0x00, 0x00, 0x61, 0x00, 0x65, 0x00, 0x87, 0x00,
    0xa8, 0x00, 0xaa, 0x00, 0x67, 0x00, 0x66, 0x00, 0xa4, 0x00, 0x40, 0x00, 0x00, 0x00, 0x00, 0x00,
    0x00, 0x00, 0x00, 0x00, 0x00, 0x00, 0x00, 0x00, 0x00, 0x00, 0x00, 0x00, 0x00, 0x00, 0x00, 0x00,
    0x00, 0x00, 0x00, 0x00, 0x00, 0x00, 0x00, 0x00, 0x00, 0x00, 0x00, 0x00, 0x00, 0x00, 0x00, 0x00,
    0x00, 0x00, 0x00, 0x00, 0x43, 0x00, 0x46, 0x00, 0x46, 0x00, 0x46, 0x00, 0x67, 0x00, 0x67, 0x00,
    0x26, 0x00, 0xa5, 0x00, 0x29, 0x00, 0xc7, 0x00, 0x66, 0x00, 0x87, 0x00, 0xe7, 0x00, 0x27, 0x00,
    0x05, 0x00, 0xa7, 0x00, 0x66, 0x00, 0x05, 0x00, 0x05, 0x00, 0xe5, 0x00, 0x05, 0x00, 0x65, 0x00,
    0x86, 0x00, 0x45, 0x00, 0x07, 0x00, 0x47, 0x00, 0x65, 0x00, 0x25, 0x00, 0x02, 0x00, 0x00, 0x00,
    0x00, 0x00, 0x00, 0x00, 0x40, 0x00, 0xc1, 0x00, 0xe4, 0x00, 0xa8, 0x00, 0x8a, 0x00, 0xaa, 0x00,
    0x29, 0x00, 0xe7, 0x00, 0x86, 0x00, 0xc6, 0x00, 0x86, 0x00, 0xa1, 0x00, 0x00, 0x00, 0x00, 0x00,
    0x00, 0x00, 0x00, 0x00, 0x00, 0x00, 0x00, 0x00, 0x00, 0x00, 0x00, 0x00, 0x00, 0x00, 0x00, 0x00,
    0x00, 0x00, 0x00, 0x00, 0x00, 0x00, 0x00, 0x00, 0x00, 0x00, 0x00, 0x00, 0x00, 0x00, 0x00, 0x00,
    0x00, 0x00, 0x00, 0x00, 0x20, 0x00, 0xe5, 0x00, 0x67, 0x00, 0x67, 0x00, 0xc8, 0x00, 0xa7, 0x00,
    0xa8, 0x00, 0xe5, 0x00, 0xe5, 0x00, 0x86, 0x00, 0xe5, 0x00, 0x26, 0x00, 0xc7, 0x00, 0x48, 0x00,
    0xc4, 0x00, 0xa4, 0x00, 0xc7, 0x00, 0xa7, 0x00, 0x66, 0x00, 0x86, 0x00, 0x27, 0x00, 0x68, 0x00,
    0xa8, 0x00, 0x4a, 0x00, 0x8a, 0x00, 0xc9, 0x00, 0xe7, 0x00, 0x25, 0x00, 0x85, 0x00, 0x27, 0x00,
    0xc8, 0x00, 0xe8, 0x00, 0xa8, 0x00, 0x6a, 0x00, 0xeb, 0x00, 0x8a, 0x00, 0xc8, 0x00, 0x07, 0x00,
    0xa6, 0x00, 0xc7, 0x00, 0xc7, 0x00, 0xe4, 0x00, 0x40, 0x00, 0x00, 0x00, 0x00, 0x00, 0x00, 0x00,
    0x00, 0x00, 0x00, 0x00, 0x00, 0x00, 0x00, 0x00, 0x00, 0x00, 0x00, 0x00, 0x00, 0x00, 0x00, 0x00,
    0x00, 0x00, 0x00, 0x00, 0x00, 0x00, 0x00, 0x00, 0x00, 0x00, 0x00, 0x00, 0x00, 0x00, 0x00, 0x00,
    0x00, 0x00, 0x00, 0x00, 0x00, 0x00, 0x40, 0x00, 0xe5, 0x00, 0x46, 0x00, 0xe5, 0x00, 0x66, 0x00,
    0xa7, 0x00, 0xc8, 0x00, 0xc5, 0x00, 0xe5, 0x00, 0xc4, 0x00, 0x64, 0x00, 0xa4, 0x00, 0xc5, 0x00,
    0x66, 0x00, 0xe7, 0x00, 0x08, 0x00, 0xc7, 0x00, 0x48, 0x00, 0xc9, 0x00, 0xc9, 0x00, 0x2a, 0x00,
    0x2a, 0x00, 0xc9, 0x00, 0x07, 0x00, 0x27, 0x00, 0x09, 0x00, 0xaa, 0x00, 0x4c, 0x00, 0xac, 0x00,
    0x4c, 0x00, 0x6a, 0x00, 0x8a, 0x00, 0x4a, 0x00, 0x88, 0x00, 0xc6, 0x00, 0xc7, 0x00, 0xc7, 0x00,
    0x86, 0x00, 0xa4, 0x00, 0x81, 0x00, 0x00, 0x00, 0x00, 0x00, 0x00, 0x00, 0x00, 0x00, 0x00, 0x00,
    0x00, 0x00, 0x00, 0x00, 0x00, 0x00, 0x00, 0x00, 0x00, 0x00, 0x00, 0x00, 0x00, 0x00, 0x00, 0x00,
    0x00, 0x00, 0x00, 0x00, 0x00, 0x00, 0x00, 0x00, 0x00, 0x00, 0x00, 0x00, 0x00, 0x00, 0x00, 0x00,
    0x00, 0x00, 0x00, 0x00, 0x00, 0x00, 0x00, 0x00, 0x20, 0x00, 0x84, 0x00, 0xa4, 0x00, 0xc2, 0x00,
    0xe5, 0x00, 0x87, 0x00, 0xa7, 0x00, 0x06, 0x00, 0x05, 0x00, 0x87, 0x00, 0x87, 0x00, 0x87, 0x00,
    0xe8, 0x00, 0xc7, 0x00, 0xa7, 0x00, 0xa7, 0x00, 0x28, 0x00, 0x48, 0x00, 0x88, 0x00, 0x07, 0x00,
    0x86, 0x00, 0xa6, 0x00, 0x27, 0x00, 0xc9, 0x00, 0xe9, 0x00, 0xa8, 0x00, 0xa8, 0x00, 0x47, 0x00,
    0xa6, 0x00, 0xe6, 0x00, 0xc6, 0x00, 0x45, 0x00, 0xe4, 0x00, 0xc4, 0x00, 0x83, 0x00, 0xc2, 0x00,
    0x20, 0x00, 0x00, 0x00, 0x00, 0x00, 0x00, 0x00, 0x00, 0x00, 0x00, 0x00, 0x00, 0x00, 0x00, 0x00,
    0x00, 0x00, 0x00, 0x00, 0x00, 0x00, 0x00, 0x00, 0x00, 0x00, 0x00, 0x00, 0x00, 0x00, 0x00, 0x00,
    0x00, 0x00, 0x00, 0x00, 0x00, 0x00, 0x00, 0x00, 0x00, 0x00, 0x00, 0x00, 0x00, 0x00, 0x00, 0x00,
    0x00, 0x00, 0x00, 0x00, 0x00, 0x00, 0x00, 0x00, 0x00, 0x00, 0x00, 0x00, 0xa1, 0x00, 0x20, 0x00,
    0x20, 0x00, 0x02, 0x00, 0xa4, 0x00, 0x05, 0x00, 0x46, 0x00, 0x46, 0x00, 0x46, 0x00, 0x26, 0x00,
    0x26, 0x00, 0xa7, 0x00, 0xa7, 0x00, 0x66, 0x00, 0x05, 0x00, 0x05, 0x00, 0xc4, 0x00, 0x05, 0x00,
    0x86, 0x00, 0x07, 0x00, 0xe7, 0x00, 0xa6, 0x00, 0x66, 0x00, 0x66, 0x00, 0x86, 0x00, 0x66, 0x00,
    0x66, 0x00, 0x66, 0x00, 0x66, 0x00, 0xa6, 0x00, 0xa6, 0x00, 0xc4, 0x00, 0x40, 0x00, 0x00, 0x00,
    0x00, 0x00, 0x00, 0x00, 0x00, 0x00, 0x00, 0x00, 0x00, 0x00, 0x00, 0x00, 0x00, 0x00, 0x00, 0x00,
    0x00, 0x00, 0x00, 0x00, 0x00, 0x00, 0x00, 0x00, 0x00, 0x00, 0x00, 0x00, 0x00, 0x00, 0x00, 0x00,
    0x00, 0x00, 0x00, 0x00, 0x00, 0x00, 0x00, 0x00, 0x00, 0x00, 0x00, 0x00, 0x00, 0x00, 0x00, 0x00,
    0x00, 0x00, 0x00, 0x00, 0x00, 0x00, 0x00, 0x00, 0x00, 0x00, 0x00, 0x00, 0x00, 0x00, 0x00, 0x00,
    0x00, 0x00, 0x00, 0x00, 0x00, 0x00, 0x40, 0x00, 0xc2, 0x00, 0x23, 0x00, 0x63, 0x00, 0x64, 0x00,
    0x43, 0x00, 0x43, 0x00, 0xe5, 0x00, 0x46, 0x00, 0xa7, 0x00, 0xc7, 0x00, 0x66, 0x00, 0x23, 0x00,
    0xe2, 0x00, 0x43, 0x00, 0xc4, 0x00, 0x25, 0x00, 0x45, 0x00, 0x63, 0x00, 0xe2, 0x00, 0x43, 0x00,
    0x83, 0x00, 0xa4, 0x00, 0xa4, 0x00, 0x43, 0x00, 0xc1, 0x00, 0x40, 0x00, 0x00, 0x00, 0x00, 0x00,
    0x00, 0x00, 0x00, 0x00, 0x00, 0x00, 0x00, 0x00, 0x00, 0x00, 0x00, 0x00, 0x00, 0x00, 0x00, 0x00,
    0x00, 0x00, 0x00, 0x00, 0x00, 0x00, 0x00, 0x00, 0x00, 0x00, 0x00, 0x00, 0x00, 0x00, 0x00, 0x00,
    0x00, 0x00, 0x00, 0x00, 0x00, 0x00, 0x00, 0x00, 0x00, 0x00, 0x00, 0x00, 0x00, 0x00, 0x00, 0x00,
    0x00, 0x00, 0x00, 0x00, 0x00, 0x00, 0x00, 0x00, 0x00, 0x00, 0x00, 0x00, 0x00, 0x00, 0x00, 0x00,
    0x00, 0x00, 0x00, 0x00, 0x00, 0x00, 0x00, 0x00, 0x00, 0x00, 0x00, 0x00, 0x00, 0x00, 0x00, 0x00,
    0x00, 0x00, 0x00, 0x00, 0x00, 0x00, 0x20, 0x00, 0x81, 0x00, 0xa1, 0x00, 0xa1, 0x00, 0x20, 0x00,
    0x00, 0x00, 0x00, 0x00, 0x00, 0x00, 0x00, 0x00, 0x00, 0x00, 0x00, 0x00, 0x00, 0x00, 0x00, 0x00,
    0x00, 0x00, 0x00, 0x00, 0x00, 0x00, 0x00, 0x00, 0x00, 0x00, 0x00, 0x00, 0x00, 0x00, 0x00, 0x00,
    0x00, 0x00, 0x00, 0x00, 0x00, 0x00, 0x00, 0x00, 0x00, 0x00, 0x00, 0x00, 0x00, 0x00, 0x00, 0x00,
    0x00, 0x00, 0x00, 0x00, 0x00, 0x00, 0x00, 0x00, 0x00, 0x00, 0x00, 0x00, 0x00, 0x00, 0x00, 0x00,
    0x00, 0x00, 0x00, 0x00, 0x00, 0x00, 0x00, 0x00, 0x00, 0x00, 0x00, 0x00, 0x00, 0x00, 0x00, 0x00,
    0x00, 0x00, 0x00, 0x00, 0x00, 0x00, 0x00, 0x00, 0x00, 0x00, 0x00, 0x00, 0x00, 0x00, 0x00, 0x00,
    0x00, 0x00, 0x00, 0x00, 0x00, 0x00, 0x00, 0x00, 0x00, 0x00, 0x00, 0x00, 0x00, 0x00, 0x00, 0x00,
    0x00, 0x00, 0x00, 0x00, 0x00, 0x00, 0x00, 0x00, 0x00, 0x00, 0x00, 0x00, 0x00, 0x00, 0x00, 0x00,
    0x00, 0x00, 0x00, 0x00, 0x00, 0x00, 0x00, 0x00, 0x00, 0x00, 0x00, 0x00, 0x00, 0x00, 0x00, 0x00,
    0x00, 0x00, 0x00, 0x00, 0x00, 0x00, 0x00, 0x00, 0x00, 0x00, 0x00, 0x00, 0x00, 0x00, 0x00, 0x00,
    0x00, 0x00, 0x00, 0x00, 0x00, 0x00, 0x00, 0x00, 0x00, 0x00, 0x00, 0x00, 0x00, 0x00, 0x00, 0x00,
    0x00, 0x00, 0x00, 0x00, 0x00, 0x00, 0x00, 0x00, 0x00, 0x00, 0x00, 0x00, 0x00, 0x00, 0x00, 0x00,
    0x00, 0x00, 0x00, 0x00, 0x00, 0x00, 0x00, 0x00, 0x00, 0x00, 0x00, 0x00, 0x00, 0x00, 0x00, 0x00,
    0x00, 0x00, 0x00, 0x00, 0x00, 0x00, 0x00, 0x00, 0x00, 0x00, 0x00, 0x00, 0x00, 0x00, 0x00, 0x00,
    0x00, 0x00, 0x00, 0x00, 0x00, 0x00, 0x00, 0x00, 0x00, 0x00, 0x00, 0x00, 0x00, 0x00, 0x00, 0x00,
    0x00, 0x00, 0x00, 0x00, 0x00, 0x00, 0x00, 0x00, 0x00, 0x00, 0x00, 0x00, 0x00, 0x00, 0x00, 0x00,
    0x00, 0x00, 0x00, 0x00, 0x00, 0x00, 0x00, 0x00, 0x00, 0x00, 0x00, 0x00, 0x00, 0x00, 0x00, 0x00,
    0x00, 0x00, 0x00, 0x00, 0x00, 0x00, 0x00, 0x00, 0x00, 0x00, 0x00, 0x00, 0x00, 0x00, 0x00, 0x00,
    0x00, 0x00, 0x00, 0x00, 0x00, 0x00, 0x00, 0x00, 0x00, 0x00, 0x00, 0x00, 0x00, 0x00, 0x00, 0x00,
    0x00, 0x00, 0x00, 0x00, 0x00, 0x00, 0x00, 0x00, 0x00, 0x00, 0x00, 0x00, 0x00, 0x00, 0x00, 0x00,
    0x00, 0x00, 0x00, 0x00, 0x00, 0x00, 0x00, 0x00, 0x00, 0x00, 0x00, 0x00, 0x00, 0x00, 0x00, 0x00,
    0x00, 0x00, 0x00, 0x00, 0x00, 0x00, 0x00, 0x00, 0x00, 0x00, 0x00, 0x00, 0x00, 0x00, 0x00, 0x00,
    0x00, 0x00, 0x00, 0x00, 0x00, 0x00, 0x00, 0x00, 0x00, 0x00, 0x00, 0x00, 0x00, 0x00, 0x00, 0x00,
    0x00, 0x00, 0x00, 0x00, 0x00, 0x00, 0x00, 0x00, 0x00, 0x00, 0x00, 0x00, 0x00, 0x00, 0x00, 0x00,
    0x00, 0x00, 0x00, 0x00, 0x00, 0x00, 0x00, 0x00, 0x00, 0x00, 0x00, 0x00, 0x00, 0x00, 0x00, 0x00,
    0x00, 0x00, 0x00, 0x00, 0x00, 0x00, 0x00, 0x00, 0x00, 0x00, 0x00, 0x00, 0x00, 0x00, 0x00, 0x00,
    0x00, 0x00, 0x00, 0x00, 0x00, 0x00, 0x00, 0x00, 0x00, 0x00, 0x00, 0x00, 0x00, 0x00, 0x00, 0x00,
    0x00, 0x00, 0x00, 0x00, 0x00, 0x00, 0x00, 0x00, 0x00, 0x00, 0x00, 0x00, 0x00, 0x00, 0x00, 0x00,
    0x00, 0x00, 0x00, 0x00, 0x00, 0x00, 0x00, 0x00, 0x00, 0x00, 0x00, 0x00, 0x00, 0x00, 0x55, 0x01,
    0x00, 0x00, 0x00, 0x00, 0x00, 0x00, 0x00, 0x00, 0x09, 0x02, 0x00, 0x00, 0x00, 0x04, 0x82, 0x00,
    0x00, 0x00, 0x00, 0x00, 0x00, 0x00, 0x00, 0x00, 0x00, 0x00, 0x00, 0x00, 0x00, 0x00, 0x00, 0x00,
    0x00, 0x00, 0x00, 0x00, 0x00, 0x00, 0x00, 0x00, 0x00, 0x00, 0x00, 0x00, 0x00, 0x00, 0x00, 0x00,
    0x00, 0x00, 0x00, 0x00, 0x00, 0x00, 0x00, 0x00, 0x00, 0x00, 0x00, 0x00, 0x00, 0x0d, 0xff, 0x09,
    0x00, 0x00, 0x00, 0x00, 0x00, 0x00, 0x00, 0x00, 0x55, 0x94, 0x00, 0x00, 0x00, 0x08, 0xff, 0x0b,
    0x00, 0x00, 0x00, 0x00, 0x00, 0x00, 0x00, 0x00, 0x00, 0x00, 0x00, 0x00, 0x00, 0x00, 0x00, 0x00,
    0x00, 0x00, 0x00, 0x00, 0x00, 0x00, 0x00, 0x00, 0x00, 0x00, 0x00, 0x00, 0x00, 0x00, 0x00, 0x00,
    0x00, 0x00, 0x00, 0x00, 0x00, 0x00, 0x00, 0x00, 0x00, 0x00, 0x00, 0x00, 0x00, 0x12, 0xfd, 0x5d,
    0x00, 0x00, 0x00, 0x00, 0x00, 0x00, 0x00, 0x00, 0x06, 0xff, 0x66, 0x01, 0x00, 0x00, 0xef, 0x95,
    0x00, 0x00, 0x00, 0x00, 0x00, 0x00, 0x00, 0x00, 0x00, 0x00, 0x00, 0x00, 0x00, 0x00, 0x00, 0x00,
    0x00, 0x00, 0x00, 0x00, 0x00, 0x00, 0x00, 0x00, 0x00, 0x00, 0x00, 0x00, 0x00, 0x00, 0x00, 0x00,
    0x00, 0x00, 0x00, 0x00, 0x00, 0x00, 0x00, 0x00, 0x00, 0x00, 0x00, 0x00, 0x00, 0x03, 0xeb, 0xfd,
    0x20, 0x00, 0x00, 0x01, 0x35, 0x00, 0x00, 0x00, 0x00, 0x2f, 0xff, 0xcc, 0x45, 0x13, 0xb0, 0xff,
    0x56, 0x00, 0x00, 0x00, 0x01, 0x00, 0x00, 0x00, 0x00, 0x00, 0x00, 0x00, 0x00, 0x00, 0x00, 0x00,
    0x00, 0x00, 0x00, 0x00, 0x00, 0x00, 0x00, 0x00, 0x00, 0x00, 0x00, 0x00, 0x00, 0x00, 0x00, 0x00,
    0x00, 0x00, 0x00, 0x00, 0x00, 0x00, 0x00, 0x00, 0x00, 0x00, 0x00, 0x00, 0x00, 0x00, 0x70, 0xff,
    0xf7, 0x39, 0x00, 0x0c, 0xff, 0x07, 0x00, 0x00, 0x00, 0x00, 0x29, 0xe8, 0xff, 0xff, 0xff, 0xf3,
    0xff, 0x57, 0x00, 0x0a, 0xc1, 0x02, 0x00, 0x00, 0x00, 0x00, 0x00, 0x00, 0x00, 0x00, 0x00, 0x00,
    0x00, 0x00, 0x00, 0x00, 0x00, 0x00, 0x00, 0x00, 0x00, 0x00, 0x00, 0x00, 0x00, 0x00, 0x00, 0x00,
    0x00, 0x00, 0x00, 0x00, 0x00, 0x00, 0x00, 0x00, 0x00, 0x00, 0x00, 0x00, 0x00, 0x00, 0x04, 0xd7,
    0xff, 0xff, 0xa0, 0x5b, 0xfb, 0x92, 0x00, 0x00, 0x00, 0x00, 0x00, 0x02, 0x2b, 0x75, 0xe8, 0xff,
    0xf5, 0xff, 0x4f, 0x3b, 0xff, 0x6b, 0x00, 0x00, 0x00, 0x00, 0x00, 0x00, 0x00, 0x00, 0x00, 0x00,
    0x00, 0x00, 0x00, 0x00, 0x00, 0x00, 0x00, 0x00, 0x00, 0x00, 0x00, 0x00, 0x00, 0x00, 0x00, 0x00,
    0x00, 0x00, 0x00, 0x00, 0x00, 0x00, 0x00, 0x00, 0x00, 0x00, 0x00, 0x00, 0x00, 0x00, 0x00, 0x0b,
    0xcc, 0xff, 0xff, 0xff, 0xfb, 0xff, 0x71, 0x01, 0x00, 0x3a, 0x7f, 0x00, 0x00, 0x08, 0x29, 0x9a,
    0xfd, 0xf7, 0xff, 0xeb, 0xf9, 0xff, 0x0c, 0x00, 0x00, 0x00, 0x00, 0x00, 0x00, 0x00, 0x00, 0x00,
    0x00, 0x00, 0x00, 0x00, 0x00, 0x00, 0x00, 0x00, 0x00, 0x00, 0x00, 0x00, 0x00, 0x00, 0x00, 0x00,
    0x00, 0x00, 0x00, 0x00, 0x00, 0x00, 0x00, 0x00, 0x00, 0x00, 0x00, 0x00, 0x00, 0x17, 0x10, 0x00,
    0x07, 0xb5, 0xf3, 0xef, 0xf7, 0xf1, 0xff, 0xbe, 0x2a, 0x54, 0xff, 0x8e, 0x17, 0x69, 0xe8, 0x89,
    0xf7, 0xfd, 0xfb, 0xff, 0xf7, 0xff, 0x5e, 0x00, 0x00, 0x00, 0x00, 0x00, 0x00, 0x00, 0x00, 0x00,
    0x00, 0x00, 0x00, 0x00, 0x00, 0x00, 0x00, 0x00, 0x00, 0x00, 0x00, 0x00, 0x00, 0x00, 0x00, 0x00,
    0x00, 0x00, 0x00, 0x00, 0x00, 0x00, 0x00, 0x00, 0x00, 0x00, 0x00, 0x00, 0x00, 0x3d, 0xff, 0xc8,
    0xc1, 0xef, 0xff, 0xff, 0xff, 0xff, 0xff, 0xff, 0xff, 0xfb, 0xf9, 0xff, 0xff, 0xf5, 0xff, 0xff,
    0xff, 0xff, 0xff, 0xfd, 0xfb, 0xff, 0x98, 0x49, 0x55, 0x00, 0x00, 0x00, 0x00, 0x00, 0x00, 0x00,
    0x00, 0x00, 0x00, 0x00, 0x00, 0x00, 0x00, 0x00, 0x00, 0x00, 0x00, 0x00, 0x00, 0x00, 0x00, 0x00,
    0x00, 0x00, 0x00, 0x00, 0x00, 0x00, 0x00, 0x00, 0x00, 0x00, 0x00, 0x00, 0x00, 0x00, 0x3d, 0xdc,
    0xff, 0xff, 0xb9, 0x67, 0x3a, 0x38, 0x67, 0xd9, 0xff, 0xff, 0xff, 0xf9, 0xfb, 0xff, 0xfd, 0xfb,
    0xff, 0xff, 0xff, 0xff, 0xff, 0xff, 0xe4, 0xef, 0xd5, 0x00, 0x00, 0x00, 0x00, 0x00, 0x00, 0x00,
    0x00, 0x00, 0x00, 0x00, 0x00, 0x00, 0x00, 0x00, 0x00, 0x00, 0x00, 0x00, 0x00, 0x00, 0x00, 0x00,
    0x00, 0x00, 0x00, 0x00, 0x00, 0x00, 0x00, 0x00, 0x00, 0x00, 0x00, 0x00, 0x00, 0x00, 0x00, 0x01,
    0x08, 0x06, 0x00, 0x00, 0x00, 0x00, 0x00, 0x00, 0x63, 0xfd, 0xfb, 0xff, 0xff, 0xff, 0xff, 0xff,
    0xff, 0xff, 0xff, 0xff, 0xff, 0xff, 0xff, 0xfd, 0xff, 0x0f, 0x00, 0x00, 0x00, 0x00, 0x00, 0x00,
    0x00, 0x00, 0x00, 0x00, 0x00, 0x00, 0x00, 0x00, 0x00, 0x00, 0x00, 0x00, 0x00, 0x00, 0x00, 0x00,
    0x00, 0x00, 0x00, 0x00, 0x00, 0x00, 0x00, 0x00, 0x00, 0x00, 0x00, 0x00, 0x00, 0x00, 0x00, 0x00,
    0x00, 0x00, 0x04, 0xde, 0xaf, 0x6b, 0x29, 0x37, 0xbe, 0xfd, 0xfd, 0xff, 0xff, 0xff, 0xff, 0xff,
    0xff, 0xff, 0xff, 0xff, 0xff, 0xff, 0xff, 0xf5, 0xff, 0x23, 0x00, 0x00, 0x00, 0x00, 0x00, 0x00,
    0x00, 0x00, 0x00, 0x00, 0x00, 0x32, 0x05, 0x00, 0x00, 0x00, 0x00, 0x00, 0x00, 0x00, 0x00, 0x00,
    0x00, 0x00, 0x00, 0x00, 0x00, 0x00, 0x00, 0x00, 0x00, 0x00, 0x00, 0x00, 0x00, 0x00, 0x00, 0x00,
    0x00, 0x00, 0x00, 0x5c, 0xff, 0xff, 0xff, 0xff, 0xff, 0xff, 0xff, 0xff, 0xff, 0xff, 0xff, 0xff,
    0xff, 0xff, 0xff, 0xff, 0xff, 0xff, 0xff, 0xf7, 0xff, 0x4a, 0x00, 0x00, 0x00, 0x00, 0x00, 0x00,
    0x00, 0x00, 0x00, 0x00, 0x00, 0x62, 0x6b, 0x00, 0x00, 0x00, 0x00, 0x00, 0x00, 0x00, 0x00, 0x00,
    0x00, 0x00, 0x00, 0x00, 0x00, 0x00, 0x00, 0x00, 0x00, 0x00, 0x00, 0x00, 0x00, 0x00, 0x00, 0x00,
    0x00, 0x00, 0x00, 0x00, 0x23, 0xd7, 0xf5, 0xf7, 0xfd, 0xff, 0xff, 0xff, 0xff, 0xff, 0xff, 0xff,
    0xff, 0xff, 0xff, 0xff, 0xff, 0xff, 0xff, 0xfd, 0xfb, 0xe0, 0x14, 0x00, 0x00, 0x00, 0x00, 0x00,
    0x00, 0x00, 0x00, 0x00, 0x00, 0x3f, 0xf5, 0x01, 0x00, 0x00, 0x00, 0x00, 0x00, 0x00, 0x00, 0x00,
    0x00, 0x00, 0x00, 0x00, 0x00, 0x00, 0x00, 0x00, 0x00, 0x00, 0x00, 0x00, 0x00, 0x00, 0x00, 0x00,
    0x00, 0x00, 0x00, 0x18, 0x3f, 0xc0, 0xff, 0xfd, 0xff, 0xff, 0xff, 0xff, 0xff, 0xff, 0xff, 0xff,
    0xff, 0xff, 0xff, 0xff, 0xff, 0xff, 0xff, 0xff, 0xfd, 0xff, 0xff, 0x0d, 0x00, 0x00, 0x00, 0x00,
    0x00, 0x00, 0x00, 0x00, 0x02, 0xc3, 0xff, 0x1a, 0x00, 0x00, 0x00, 0x00, 0x00, 0x00, 0x00, 0x00,
    0x00, 0x00, 0x00, 0x00, 0x00, 0x00, 0x00, 0x00, 0x00, 0x00, 0x00, 0x00, 0x00, 0x00, 0x00, 0x00,
    0x00, 0x19, 0xe0, 0xff, 0xff, 0xff, 0xff, 0xff, 0xff, 0xff, 0xff, 0xff, 0xff, 0xff, 0xff, 0xff,
    0xff, 0xff, 0xff, 0xff, 0xff, 0xff, 0xff, 0xff, 0xff, 0xf5, 0xff, 0x2e, 0x00, 0x00, 0x00, 0x00,
    0x00, 0x00, 0x00, 0x03, 0xa5, 0xff, 0xff, 0x58, 0x00, 0x00, 0x00, 0x00, 0x00, 0x00, 0x00, 0x00,
    0x00, 0x00, 0x00, 0x00, 0x00, 0x00, 0x00, 0x00, 0x00, 0x00, 0x00, 0x00, 0x00, 0x00, 0x00, 0x00,
    0x00, 0x0b, 0x36, 0x71, 0xbe, 0xeb, 0xff, 0xff, 0xff, 0xff, 0xff, 0xff, 0xff, 0xff, 0xff, 0xff,
    0xff, 0xff, 0xff, 0xff, 0xff, 0xff, 0xff, 0xff, 0xfd, 0xff, 0xf3, 0x05, 0x00, 0x00, 0x00, 0x00,
    0x00, 0x00, 0x02, 0xb7, 0xff, 0xf3, 0xff, 0x8b, 0x00, 0x00, 0x00, 0x00, 0x00, 0x00, 0x00, 0x00,
    0x00, 0x00, 0x00, 0x00, 0x00, 0x00, 0x00, 0x00, 0x00, 0x00, 0x00, 0x00, 0x00, 0x00, 0x00, 0x00,
    0x00, 0x00, 0x00, 0x00, 0x06, 0xb5, 0xfb, 0xfb, 0xff, 0xff, 0xff, 0xff, 0xff, 0xff, 0xff, 0xff,
    0xff, 0xff, 0xff, 0xff, 0xff, 0xff, 0xff, 0xff, 0xff, 0xfb, 0xf3, 0x2c, 0x00, 0x00, 0x00, 0x00,
    0x00, 0x00, 0x88, 0xff, 0xf5, 0xf9, 0xfd, 0x85, 0x00, 0x00, 0x00, 0x00, 0x00, 0x00, 0x00, 0x00,
    0x00, 0x00, 0x00, 0x00, 0x00, 0x00, 0x00, 0x00, 0x00, 0x00, 0x00, 0x00, 0x00, 0x00, 0x00, 0x00,
    0x00, 0x00, 0x00, 0x07, 0xbe, 0xff, 0xfb, 0xff, 0xff, 0xff, 0xff, 0xff, 0xff, 0xff, 0xff, 0xff,
    0xff, 0xff, 0xff, 0xff, 0xff, 0xff, 0xff, 0xff, 0xfd, 0xfd, 0xf3, 0x07, 0x00, 0x00, 0x00, 0x00,
    0x00, 0x14, 0xff, 0xf7, 0xff, 0xf7, 0xff, 0x4a, 0x00, 0x00, 0x00, 0x00, 0x00, 0x00, 0x00, 0x00,
    0x00, 0x00, 0x00, 0x00, 0x00, 0x00, 0x00, 0x00, 0x00, 0x00, 0x00, 0x00, 0x00, 0x00, 0x00, 0x00,
    0x00, 0x00, 0x02, 0xc1, 0xff, 0xff, 0xff, 0xff, 0xff, 0xff, 0xff, 0xff, 0xff, 0xff, 0xff, 0xff,
    0xff, 0xff, 0xff, 0xff, 0xff, 0xff, 0xff, 0xff, 0xff, 0xfb, 0xf7, 0x3b, 0x00, 0x00, 0x00, 0x00,
    0x00, 0x5f, 0xfd, 0xf7, 0xfd, 0xfd, 0xff, 0x08, 0x00, 0x00, 0x00, 0x00, 0x00, 0x00, 0x00, 0x00,
    0x00, 0x00, 0x00, 0x00, 0x00, 0x00, 0x00, 0x00, 0x00, 0x00, 0x00, 0x00, 0x00, 0x00, 0x00, 0x00,
    0x00, 0x00, 0x86, 0xff, 0xf7, 0xed, 0xff, 0xff, 0xff, 0xff, 0xff, 0xff, 0xff, 0xff, 0xff, 0xff,
    0xff, 0xff, 0xff, 0xff, 0xff, 0xff, 0xff, 0xff, 0xff, 0xff, 0xfd, 0xff, 0x9a, 0x01, 0x00, 0x00,
    0x00, 0x85, 0xff, 0xf7, 0xfd, 0xfd, 0x29, 0x00, 0x00, 0x00, 0x00, 0x00, 0x00, 0x00, 0x00, 0x00,
    0x00, 0x00, 0x00, 0x00, 0x00, 0x00, 0x00, 0x00, 0x00, 0x00, 0x00, 0x00, 0x00, 0x00, 0x00, 0x00,
    0x00, 0x05, 0xb0, 0x3b, 0x0c, 0xc1, 0xff, 0xf9, 0xff, 0xff, 0xff, 0xff, 0xff, 0xff, 0xff, 0xff,
    0xff, 0xff, 0xff, 0xff, 0xff, 0xff, 0xff, 0xff, 0xff, 0xff, 0xff, 0xf3, 0xff, 0x23, 0x00, 0x00,
    0x00, 0x68, 0xfd, 0xf5, 0xf1, 0x67, 0x30, 0x02, 0x00, 0x00, 0x00, 0x00, 0x00, 0x00, 0x00, 0x00,
    0x00, 0x00, 0x00, 0x00, 0x00, 0x00, 0x00, 0x00, 0x00, 0x00, 0x00, 0x00, 0x00, 0x00, 0x00, 0x00,
    0x00, 0x00, 0x00, 0x00, 0x14, 0xff, 0xf9, 0xff, 0xff, 0xff, 0xff, 0xff, 0xff, 0xff, 0xff, 0xff,
    0xff, 0xff, 0xff, 0xff, 0xff, 0xff, 0xff, 0xff, 0xff, 0xff, 0xff, 0xf9, 0xff, 0x17, 0x00, 0x00,
    0x00, 0x1c, 0xff, 0xf7, 0xed, 0xff, 0xbe, 0x01, 0x00, 0x00, 0x00, 0x00, 0x00, 0x00, 0x00, 0x00,
    0x00, 0x00, 0x00, 0x00, 0x00, 0x00, 0x00, 0x00, 0x00, 0x00, 0x00, 0x00, 0x00, 0x00, 0x00, 0x00,
    0x00, 0x00, 0x00, 0x00, 0x5c, 0xfb, 0xf3, 0xca, 0xff, 0xfd, 0xff, 0xff, 0xff, 0xff, 0xff, 0xff,
    0xff, 0xff, 0xff, 0xf9, 0xf7, 0xfb, 0xff, 0xff, 0xff, 0xfb, 0xf1, 0xff, 0xb4, 0x00, 0x00, 0x00,
    0x00, 0x00, 0x9b, 0xff, 0xff, 0x6f, 0x01, 0x00, 0x00, 0x00, 0x00, 0x00, 0x00, 0x00, 0x00, 0x00,
    0x00, 0x00, 0x00, 0x00, 0x00, 0x00, 0x00, 0x00, 0x00, 0x00, 0x00, 0x00, 0x00, 0x00, 0x00, 0x00,
    0x00, 0x00, 0x00, 0x00, 0x69, 0xff, 0x46, 0x63, 0xff, 0xf9, 0xff, 0xff, 0xff, 0xff, 0xff, 0xff,
    0xff, 0xff, 0xff, 0xff, 0xff, 0xff, 0xf7, 0xf9, 0xf7, 0xff, 0xff, 0xff, 0x0f, 0x00, 0x00, 0x02,
    0x01, 0x00, 0x97, 0xba, 0x13, 0x00, 0x00, 0x00, 0x00, 0x00, 0x00, 0x00, 0x00, 0x00, 0x00, 0x00,
    0x00, 0x00, 0x00, 0x00, 0x00, 0x00, 0x00, 0x00, 0x00, 0x00, 0x00, 0x00, 0x00, 0x00, 0x00, 0x00,
    0x00, 0x00, 0x00, 0x00, 0x38, 0xbe, 0x00, 0x6b, 0xfb, 0xf7, 0xff, 0xff, 0xff, 0xff, 0xff, 0xff,
    0xff, 0xfb, 0xff, 0x47, 0x3f, 0xc5, 0xff, 0xff, 0xff, 0xa3, 0x4b, 0x19, 0x00, 0x00, 0x00, 0xaf,
    0x6f, 0x0e, 0xe0, 0x00, 0x00, 0x00, 0x00, 0x00, 0x00, 0x00, 0x00, 0x00, 0x00, 0x00, 0x00, 0x00,
    0x00, 0x00, 0x00, 0x00, 0x00, 0x00, 0x00, 0x00, 0x00, 0x00, 0x00, 0x00, 0x00, 0x00, 0x00, 0x11,
    0x0e, 0x00, 0x00, 0x00, 0x01, 0x02, 0x00, 0x3e, 0xff, 0xf9, 0xff, 0xff, 0xff, 0xff, 0xff, 0xff,
    0xff, 0xf7, 0xff, 0x36, 0x00, 0x02, 0x44, 0x70, 0x30, 0x01, 0x00, 0x00, 0x00, 0x00, 0x04, 0xff,
    0xde, 0xd3, 0x44, 0x1e, 0x6f, 0x02, 0x00, 0x00, 0x00, 0x00, 0x00, 0x00, 0x00, 0x00, 0x00, 0x00,
    0x00, 0x00, 0x00, 0x00, 0x00, 0x00, 0x00, 0x00, 0x00, 0x00, 0x00, 0x00, 0x00, 0x00, 0x00, 0x2e,
    0xff, 0xc8, 0x5b, 0x07, 0x00, 0x00, 0x00, 0x07, 0x8c, 0xc0, 0xfd, 0xfd, 0xff, 0xff, 0xff, 0xff,
    0xff, 0xfd, 0xfb, 0xf5, 0x1a, 0x00, 0x00, 0x00, 0x00, 0x00, 0x00, 0x00, 0x00, 0x00, 0x09, 0xfd,
    0xff, 0xff, 0xca, 0xff, 0xfd, 0x02, 0x00, 0x00, 0x00, 0x00, 0x00, 0x00, 0x00, 0x00, 0x00, 0x00,
    0x00, 0x00, 0x00, 0x00, 0x00, 0x00, 0x00, 0x00, 0x00, 0x00, 0x00, 0x00, 0x00, 0x00, 0x00, 0x00,
    0x4a, 0xff, 0xff, 0xf1, 0x3c, 0x00, 0x01, 0x01, 0x00, 0x74, 0xff, 0xf3, 0xff, 0xff, 0xff, 0xff,
    0xff, 0xff, 0xfd, 0xff, 0xfd, 0x50, 0x07, 0x00, 0x00, 0x00, 0x00, 0x00, 0x00, 0x00, 0x18, 0xff,
    0xf7, 0xfd, 0xff, 0xf9, 0x26, 0x00, 0x00, 0x00, 0x00, 0x00, 0x00, 0x00, 0x00, 0x00, 0x00, 0x00,
    0x00, 0x00, 0x00, 0x00, 0x00, 0x00, 0x00, 0x00, 0x00, 0x00, 0x00, 0x00, 0x14, 0x54, 0x92, 0xad,
    0x97, 0xf1, 0xf7, 0xfd, 0xff, 0x4e, 0x28, 0xbc, 0x00, 0x15, 0x70, 0xed, 0xfd, 0xff, 0xff, 0xff,
    0xff, 0xff, 0xff, 0xfd, 0xfd, 0xff, 0xf1, 0x44, 0x00, 0x00, 0x00, 0x00, 0x00, 0x00, 0x4b, 0xff,
    0xf7, 0xff, 0xfb, 0xf5, 0xa6, 0x09, 0x00, 0x00, 0x00, 0x00, 0x00, 0x00, 0x00, 0x00, 0x00, 0x00,
    0x00, 0x00, 0x00, 0x00, 0x00, 0x00, 0x00, 0x00, 0x00, 0x01, 0x38, 0xd9, 0xff, 0xff, 0xff, 0xff,
    0xff, 0xff, 0xff, 0xfd, 0xf9, 0xff, 0xbc, 0xff, 0x5d, 0x00, 0x01, 0xce, 0xff, 0xfb, 0xff, 0xff,
    0xff, 0xff, 0xff, 0xff, 0xff, 0xf7, 0xff, 0xff, 0x0f, 0x00, 0x00, 0x00, 0x00, 0x00, 0x74, 0xff,
    0xf7, 0xff, 0xf7, 0xff, 0xfd, 0x0a, 0x00, 0x00, 0x00, 0x00, 0x00, 0x00, 0x00, 0x00, 0x00, 0x00,
    0x00, 0x00, 0x00, 0x00, 0x00, 0x00, 0x00, 0x00, 0x00, 0x05, 0x61, 0x67, 0x91, 0xe8, 0xf9, 0xf9,
    0xfb, 0xff, 0xff, 0xff, 0xff, 0xfd, 0xff, 0xfb, 0xef, 0x2b, 0x7f, 0x17, 0xe4, 0xfb, 0xfd, 0xff,
    0xff, 0xff, 0xff, 0xff, 0xff, 0xff, 0xf9, 0xed, 0x57, 0x00, 0x00, 0x00, 0x00, 0x00, 0xa6, 0xff,
    0xf9, 0xf9, 0xff, 0x9b, 0x08, 0x00, 0x00, 0x0e, 0x1a, 0x00, 0x00, 0x00, 0x00, 0x00, 0x00, 0x00,
    0x00, 0x00, 0x00, 0x00, 0x00, 0x00, 0x00, 0x00, 0x00, 0x00, 0x00, 0x38, 0xa6, 0xf5, 0xfd, 0xff,
    0xff, 0xff, 0xff, 0xff, 0xff, 0xff, 0xfd, 0xfd, 0xff, 0xc1, 0xff, 0x70, 0xd1, 0xff, 0xfd, 0xff,
    0xff, 0xff, 0xff, 0xff, 0xff, 0xff, 0xff, 0xfd, 0xff, 0x86, 0x05, 0x00, 0x00, 0x26, 0xfd, 0xfb,
    0xf9, 0xff, 0x5d, 0x00, 0x00, 0x00, 0x01, 0xda, 0x24, 0x00, 0x00, 0x00, 0x00, 0x00, 0x00, 0x00,
    0x00, 0x00, 0x00, 0x00, 0x00, 0x00, 0x00, 0x00, 0x00, 0x1d, 0xda, 0xff, 0xff, 0xff, 0xff, 0xff,
    0xff, 0xff, 0xff, 0xff, 0xff, 0xff, 0xff, 0xff, 0xfd, 0xff, 0xfb, 0xff, 0xff, 0xff, 0xff, 0xff,
    0xff, 0xff, 0xff, 0xff, 0xff, 0xff, 0xff, 0xff, 0xf9, 0xff, 0xe6, 0x64, 0x73, 0xff, 0xff, 0xf9,
    0xff, 0x3d, 0x00, 0x00, 0x00, 0x00, 0x39, 0xff, 0x0c, 0x00, 0x00, 0x00, 0x00, 0x00, 0x00, 0x00,
    0x00, 0x00, 0x00, 0x00, 0x00, 0x00, 0x00, 0x00, 0x34, 0xff, 0xff, 0xf7, 0xfb, 0xff, 0xff, 0xff,
    0xff, 0xff, 0xff, 0xff, 0xff, 0xff, 0xff, 0xff, 0xff, 0xfd, 0xff, 0xf9, 0xfd, 0xff, 0xff, 0xff,
    0xff, 0xff, 0xff, 0xff, 0xff, 0xff, 0xff, 0xff, 0xff, 0xf9, 0xff, 0xff, 0xff, 0xff, 0xf9, 0xff,
    0x9a, 0x00, 0x00, 0x00, 0x00, 0x00, 0xa0, 0xfd, 0x20, 0x00, 0x00, 0x00, 0x00, 0x00, 0x00, 0x00,
    0x00, 0x00, 0x00, 0x00, 0x00, 0x00, 0x00, 0x2d, 0xff, 0xf9, 0xfb, 0xff, 0xff, 0xff, 0xff, 0xff,
    0xff, 0xff, 0xff, 0xff, 0xff, 0xff, 0xff, 0xff, 0xff, 0xff, 0xff, 0xff, 0xff, 0xff, 0xff, 0xff,
    0xff, 0xff, 0xff, 0xff, 0xff, 0xff, 0xff, 0xff, 0xff, 0xff, 0xfd, 0xf7, 0xf9, 0xfd, 0xf9, 0xff,
    0x12, 0x00, 0x00, 0x00, 0x00, 0x01, 0xd3, 0xff, 0x7b, 0x00, 0x00, 0x00, 0x00, 0x00, 0x00, 0x00,
    0x00, 0x00, 0x00, 0x00, 0x00, 0x00, 0x02, 0x91, 0x69, 0xed, 0xfd, 0xff, 0xff, 0xff, 0xff, 0xff,
    0xff, 0xff, 0xff, 0xff, 0xff, 0xff, 0xff, 0xff, 0xff, 0xff, 0xff, 0xff, 0xff, 0xff, 0xff, 0xff,
    0xff, 0xff, 0xff, 0xff, 0xff, 0xff, 0xff, 0xff, 0xff, 0xf9, 0xfd, 0xff, 0xff, 0xf9, 0xff, 0x89,
    0x00, 0x00, 0x00, 0x00, 0x00, 0x00, 0xcc, 0xff, 0xf5, 0x08, 0x00, 0x00, 0x00, 0x00, 0x00, 0x00,
    0x00, 0x00, 0x00, 0x00, 0x00, 0x00, 0x00, 0x01, 0x91, 0xfd, 0xfb, 0xff, 0xff, 0xff, 0xff, 0xff,
    0xff, 0xff, 0xff, 0xff, 0xff, 0xff, 0xff, 0xff, 0xff, 0xff, 0xff, 0xff, 0xff, 0xff, 0xff, 0xff,
    0xff, 0xff, 0xff, 0xff, 0xff, 0xff, 0xff, 0xff, 0xff, 0xff, 0xff, 0xf7, 0xf7, 0xf5, 0xc8, 0x05,
    0x00, 0x00, 0x00, 0x00, 0x00, 0x00, 0x80, 0xfd, 0xff, 0x6f, 0x00, 0x00, 0x00, 0x00, 0x00, 0x00,
    0x00, 0x00, 0x00, 0x00, 0x00, 0x00, 0x00, 0x8c, 0xff, 0xf9, 0xff, 0xff, 0xff, 0xff, 0xff, 0xff,
    0xff, 0xff, 0xff, 0xff, 0xff, 0xff, 0xff, 0xff, 0xff, 0xff, 0xff, 0xff, 0xff, 0xff, 0xff, 0xff,
    0xff, 0xff, 0xff, 0xff, 0xff, 0xff, 0xff, 0xfd, 0xff, 0x95, 0xdc, 0xff, 0xff, 0xff, 0x77, 0x00,
    0x00, 0x00, 0x00, 0x00, 0x26, 0x02, 0x13, 0xff, 0xff, 0xe8, 0x02, 0x00, 0x00, 0x00, 0x00, 0x00,
    0x00, 0x00, 0x00, 0x00, 0x00, 0x00, 0x2f, 0xff, 0xf5, 0xff, 0xff, 0xff, 0xff, 0xff, 0xff, 0xff,
    0xff, 0xff, 0xff, 0xff, 0xff, 0xff, 0xff, 0xff, 0xff, 0xff, 0xff, 0xff, 0xff, 0xff, 0xff, 0xff,
    0xff, 0xff, 0xff, 0xff, 0xff, 0xff, 0xff, 0xfd, 0xfd, 0x05, 0x02, 0x3f, 0x56, 0x23, 0x11, 0x00,
    0x00, 0x00, 0x00, 0x00, 0x94, 0xc5, 0x06, 0xaf, 0xff, 0xff, 0x10, 0x00, 0x00, 0x00, 0x00, 0x00,
    0x00, 0x00, 0x00, 0x00, 0x00, 0x01, 0xd5, 0xfb, 0xfb, 0xff, 0xff, 0xff, 0xff, 0xff, 0xff, 0xff,
    0xff, 0xff, 0xff, 0xff, 0xff, 0xff, 0xff, 0xff, 0xff, 0xff, 0xff, 0xff, 0xff, 0xff, 0xff, 0xff,
    0xff, 0xff, 0xff, 0xff, 0xff, 0xff, 0xf9, 0xfd, 0x98, 0x00, 0x00, 0x00, 0x00, 0x00, 0x00, 0x00,
    0x00, 0x00, 0x00, 0x00, 0x0b, 0xff, 0xb2, 0x74, 0xff, 0xfd, 0x1a, 0x00, 0x00, 0x00, 0x00, 0x00,
    0x00, 0x00, 0x00, 0x00, 0x00, 0x2a, 0xff, 0xf7, 0xff, 0xff, 0xff, 0xff, 0xff, 0xff, 0xff, 0xff,
    0xff, 0xff, 0xff, 0xff, 0xff, 0xff, 0xff, 0xff, 0xff, 0xff, 0xff, 0xff, 0xff, 0xff, 0xff, 0xff,
    0xff, 0xff, 0xff, 0xff, 0xff, 0xff, 0xf7, 0xff, 0x15, 0x00, 0x00, 0x00, 0x00, 0x00, 0x00, 0x00,
    0x00, 0x00, 0x00, 0x00, 0x00, 0x77, 0xff, 0xe9, 0xfb, 0xff, 0x12, 0x00, 0x00, 0x00, 0x00, 0x00,
    0x00, 0x00, 0x00, 0x00, 0x00, 0x8e, 0xff, 0xfb, 0xff, 0xff, 0xff, 0xff, 0xff, 0xff, 0xff, 0xff,
    0xff, 0xff, 0xff, 0xff, 0xff, 0xff, 0xff, 0xff, 0xff, 0xff, 0xff, 0xff, 0xff, 0xff, 0xff, 0xff,
    0xff, 0xff, 0xff, 0xff, 0xff, 0xf7, 0xff, 0x6b, 0x00, 0x00, 0x00, 0x00, 0x00, 0x00, 0x00, 0x00,
    0x00, 0x00, 0x00, 0x00, 0x00, 0x0f, 0xfd, 0xfd, 0xff, 0xef, 0x03, 0x00, 0x00, 0x00, 0x00, 0x00,
    0x00, 0x00, 0x00, 0x00, 0x01, 0xeb, 0xca, 0xe9, 0xff, 0xff, 0xff, 0xff, 0xff, 0xff, 0xff, 0xff,
    0xff, 0xff, 0xff, 0xff, 0xff, 0xff, 0xff, 0xff, 0xff, 0xff, 0xff, 0xff, 0xff, 0xff, 0xff, 0xff,
    0xff, 0xff, 0xff, 0xff, 0xfb, 0xff, 0x9a, 0x00, 0x00, 0x00, 0x00, 0x00, 0x00, 0x00, 0x00, 0x00,
    0x00, 0x00, 0x00, 0x00, 0x00, 0x00, 0xc1, 0xff, 0xfd, 0xaf, 0x00, 0x00, 0x00, 0x00, 0x00, 0x00,
    0x00, 0x00, 0x00, 0x00, 0x0b, 0xf5, 0x3d, 0xf7, 0xfd, 0xff, 0xff, 0xff, 0xff, 0xff, 0xff, 0xff,
    0xff, 0xff, 0xff, 0xff, 0xff, 0xff, 0xff, 0xff, 0xff, 0xff, 0xff, 0xff, 0xff, 0xff, 0xff, 0xff,
    0xff, 0xff, 0xff, 0xfb, 0xfd, 0xaa, 0x01, 0x00, 0x00, 0x00, 0x00, 0x00, 0x00, 0x00, 0x00, 0x00,
    0x00, 0x00, 0x00, 0x00, 0x00, 0x00, 0x62, 0xff, 0xff, 0x41, 0x00, 0x00, 0x00, 0x00, 0x00, 0x00,
    0x00, 0x00, 0x00, 0x00, 0x03, 0x10, 0x27, 0xff, 0xf7, 0xff, 0xff, 0xff, 0xff, 0xff, 0xf9, 0xff,
    0xff, 0xff, 0xff, 0xff, 0xff, 0xfd, 0xfb, 0xff, 0xff, 0xff, 0xff, 0xff, 0xff, 0xff, 0xff, 0xff,
    0xfd, 0xfb, 0xff, 0xfb, 0xff, 0xbe, 0x00, 0x00, 0x00, 0x00, 0x00, 0x00, 0x00, 0x00, 0x00, 0x00,
    0x00, 0x00, 0x00, 0x00, 0x42, 0x2a, 0x43, 0xff, 0xcf, 0x06, 0x00, 0x00, 0x00, 0x00, 0x00, 0x00,
    0x00, 0x00, 0x00, 0x00, 0x00, 0x00, 0x39, 0xff, 0xf7, 0xff, 0xff, 0xff, 0xf9, 0xff, 0x59, 0xb7,
    0xff, 0xfd, 0xff, 0xff, 0xfd, 0xff, 0xff, 0xfb, 0xf7, 0xfb, 0xff, 0xff, 0xff, 0xff, 0xff, 0xfd,
    0xff, 0xff, 0xff, 0xff, 0xf9, 0xff, 0x57, 0x00, 0x00, 0x00, 0x00, 0x00, 0x00, 0x00, 0x00, 0x00,
    0x00, 0x00, 0x00, 0x00, 0x75, 0xba, 0x94, 0xff, 0xc0, 0x63, 0x00, 0x00, 0x00, 0x00, 0x00, 0x00,
    0x00, 0x00, 0x00, 0x00, 0x00, 0x00, 0x2e, 0xff, 0xf7, 0xff, 0xff, 0xff, 0xf7, 0xff, 0x2f, 0x61,
    0xff, 0xf7, 0xff, 0xfd, 0xff, 0xeb, 0xaf, 0xff, 0xff, 0xff, 0xff, 0xff, 0xff, 0xff, 0xfd, 0xff,
    0xff, 0x88, 0xfd, 0xfb, 0xfd, 0xf9, 0xff, 0x12, 0x00, 0x00, 0x00, 0x00, 0x00, 0x00, 0x00, 0x00,
    0x00, 0x00, 0x00, 0x00, 0xad, 0xfb, 0xf9, 0xf9, 0xff, 0x1c, 0x00, 0x00, 0x00, 0x00, 0x00, 0x00,
    0x00, 0x00, 0x00, 0x00, 0x00, 0x00, 0x15, 0xff, 0xfb, 0xff, 0xff, 0xff, 0xf9, 0xff, 0x71, 0x77,
    0xff, 0xf9, 0xfd, 0xfb, 0xde, 0x14, 0x00, 0x15, 0x4d, 0x9d, 0xfd, 0xfd, 0xff, 0xfd, 0xfd, 0xc5,
    0x14, 0x09, 0xf9, 0xff, 0xff, 0xf5, 0xff, 0x62, 0x00, 0x00, 0x00, 0x00, 0x00, 0x00, 0x00, 0x00,
    0x00, 0x00, 0x00, 0x0b, 0xfd, 0xfb, 0xf7, 0xff, 0x82, 0x00, 0x00, 0x00, 0x00, 0x00, 0x00, 0x00,
    0x00, 0x00, 0x00, 0x00, 0x00, 0x00, 0x03, 0xed, 0xff, 0xfd, 0xff, 0xff, 0xff, 0xff, 0xed, 0xe2,
    0xff, 0xfd, 0xf7, 0xff, 0x2f, 0x00, 0x00, 0x00, 0x00, 0x89, 0xf9, 0xfb, 0xff, 0xf7, 0xff, 0x3b,
    0x00, 0x3e, 0xff, 0x54, 0xdc, 0xd9, 0x56, 0x4a, 0x00, 0x00, 0x00, 0x00, 0x00, 0x00, 0x00, 0x00,
    0x00, 0x00, 0x00, 0x86, 0xff, 0xf1, 0xff, 0xd7, 0x03, 0x00, 0x00, 0x00, 0x00, 0x00, 0x00, 0x00,
    0x00, 0x00, 0x00, 0x00, 0x00, 0x00, 0x00, 0x8e, 0xfb, 0xf9, 0xff, 0xff, 0xff, 0xff, 0xff, 0xff,
    0xff, 0xff, 0xfb, 0xfd, 0x9b, 0x01, 0x00, 0x00, 0x03, 0xff, 0xff, 0xff, 0xfd, 0xfd, 0xfd, 0xd5,
    0x1a, 0x38, 0x54, 0x00, 0x36, 0x7b, 0x00, 0x00, 0x00, 0x00, 0x00, 0x00, 0x00, 0x00, 0x00, 0x00,
    0x01, 0x00, 0x3d, 0xff, 0xf5, 0xff, 0xeb, 0x0e, 0x00, 0x00, 0x00, 0x00, 0x00, 0x00, 0x00, 0x00,
    0x00, 0x00, 0x00, 0x00, 0x00, 0x00, 0x00, 0x1f, 0xff, 0xf9, 0xfd, 0xff, 0xff, 0xff, 0xfd, 0xfd,
    0xff, 0xff, 0xff, 0xfd, 0xff, 0xb0, 0x38, 0x38, 0x07, 0x05, 0x7c, 0xf7, 0xff, 0xff, 0xff, 0xff,
    0xff, 0x83, 0x3f, 0x4b, 0x12, 0x00, 0x00, 0x00, 0x00, 0x00, 0x00, 0x00, 0x00, 0x00, 0x01, 0x8e,
    0x32, 0x46, 0xff, 0xf7, 0xff, 0xaf, 0x0d, 0x00, 0x00, 0x00, 0x00, 0x00, 0x00, 0x00, 0x00, 0x00,
    0x00, 0x00, 0x00, 0x00, 0x00, 0x00, 0x00, 0x00, 0x2f, 0x3e, 0xff, 0xf9, 0xff, 0xff, 0xff, 0xff,
    0xff, 0xff, 0xff, 0xff, 0xfb, 0xff, 0xff, 0xff, 0xf1, 0x46, 0x0a, 0x1f, 0xbe, 0xfd, 0xfd, 0xfd,
    0xfb, 0xff, 0xff, 0xff, 0xff, 0x85, 0x07, 0x00, 0x00, 0x00, 0x00, 0x00, 0x00, 0x15, 0xbc, 0xff,
    0xe6, 0xff, 0xf9, 0xf5, 0xba, 0x1a, 0x00, 0x00, 0x00, 0x00, 0x00, 0x00, 0x00, 0x00, 0x00, 0x00,
    0x00, 0x00, 0x00, 0x00, 0x00, 0x00, 0x00, 0x00, 0x00, 0x00, 0x9e, 0xff, 0xf7, 0xff, 0xff, 0xff,
    0xff, 0xff, 0xff, 0xff, 0xff, 0xfb, 0xf7, 0xf7, 0xff, 0xff, 0xff, 0xda, 0xf1, 0xff, 0xff, 0xff,
    0xff, 0xf9, 0xf7, 0xf7, 0xf7, 0xda, 0x6f, 0x00, 0x00, 0x02, 0x0a, 0x29, 0x88, 0xff, 0xff, 0xf9,
    0xff, 0xf3, 0xf7, 0xff, 0xef, 0x21, 0x00, 0x00, 0x00, 0x00, 0x00, 0x00, 0x00, 0x00, 0x00, 0x00,
    0x00, 0x00, 0x00, 0x00, 0x00, 0x00, 0x00, 0x00, 0x00, 0x00, 0x05, 0xde, 0xff, 0xf7, 0xff, 0xfb,
    0xfd, 0xff, 0xff, 0xff, 0xff, 0xff, 0xff, 0xff, 0xfd, 0xf7, 0xff, 0xff, 0xff, 0xff, 0xff, 0xff,
    0xff, 0xff, 0xff, 0xfd, 0xff, 0xba, 0xa2, 0xa3, 0xc3, 0xe2, 0xff, 0xff, 0xff, 0xfb, 0xf5, 0xf7,
    0xff, 0xff, 0xff, 0x9b, 0x0f, 0x00, 0x00, 0x00, 0x00, 0x00, 0x00, 0x00, 0x00, 0x00, 0x00, 0x00,
    0x00, 0x00, 0x00, 0x00, 0x00, 0x00, 0x00, 0x00, 0x00, 0x00, 0x00, 0x0d, 0xe0, 0xff, 0xef, 0xff,
    0xff, 0xf7, 0xfd, 0xff, 0xff, 0xff, 0xff, 0xff, 0xff, 0xff, 0xff, 0xfd, 0xff, 0xff, 0xff, 0xff,
    0xff, 0xff, 0xff, 0xff, 0xff, 0xff, 0xff, 0xff, 0xff, 0xff, 0xff, 0xf9, 0xf9, 0xff, 0xff, 0xff,
    0xfb, 0x8f, 0x1e, 0x00, 0x00, 0x00, 0x00, 0x00, 0x00, 0x00, 0x00, 0x00, 0x00, 0x00, 0x00, 0x00,
    0x00, 0x00, 0x00, 0x00, 0x00, 0x00, 0x00, 0x00, 0x00, 0x00, 0x00, 0x00, 0x08, 0x9e, 0xff, 0x83,
    0xf3, 0xff, 0xff, 0xfd, 0xf7, 0xf7, 0xf9, 0xfb, 0xf9, 0xf9, 0xfd, 0xff, 0xff, 0xff, 0xff, 0xfd,
    0xf7, 0xf7, 0xf9, 0xfb, 0xfd, 0xf9, 0xf3, 0xf3, 0xf5, 0xf5, 0xf7, 0xf5, 0xf7, 0xe9, 0x86, 0x38,
    0x08, 0x00, 0x00, 0x00, 0x00, 0x00, 0x00, 0x00, 0x00, 0x00, 0x00, 0x00, 0x00, 0x00, 0x00, 0x00,
    0x00, 0x00, 0x00, 0x00, 0x00, 0x00, 0x00, 0x00, 0x00, 0x00, 0x00, 0x00, 0x00, 0x00, 0x27, 0x0b,
    0x07, 0x59, 0xca, 0xff, 0xff, 0xff, 0xff, 0xff, 0xff, 0xff, 0xff, 0xff, 0xf9, 0xf9, 0xf9, 0xff,
    0xff, 0xff, 0xff, 0xff, 0xff, 0xff, 0xff, 0xff, 0xff, 0xff, 0xff, 0xff, 0xff, 0xe9, 0x22, 0x00,
    0x00, 0x00, 0x00, 0x00, 0x00, 0x00, 0x00, 0x00, 0x00, 0x00, 0x00, 0x00, 0x00, 0x00, 0x00, 0x00,
    0x00, 0x00, 0x00, 0x00, 0x00, 0x00, 0x00, 0x00, 0x00, 0x00, 0x00, 0x00, 0x00, 0x00, 0x00, 0x00,
    0x00, 0x00, 0x01, 0x0f, 0x38, 0x6c, 0x92, 0xa5, 0xa2, 0x94, 0xd1, 0xff, 0xff, 0xff, 0xff, 0xb2,
    0x3e, 0x6d, 0x9d, 0xc5, 0xdc, 0xaf, 0x3e, 0x5f, 0x75, 0x77, 0x66, 0x49, 0x24, 0x09, 0x01, 0x00,
    0x00, 0x00, 0x00, 0x00, 0x00, 0x00, 0x00, 0x00, 0x00, 0x00, 0x00, 0x00, 0x00, 0x00, 0x00, 0x00,
    0x00, 0x00, 0x00, 0x00, 0x00, 0x00, 0x00, 0x00, 0x00, 0x00, 0x00, 0x00, 0x00, 0x00, 0x00, 0x00,
    0x00, 0x00, 0x00, 0x00, 0x00, 0x00, 0x00, 0x00, 0x00, 0x00, 0x01, 0x09, 0x17, 0x23, 0x1f, 0x05,
    0x00, 0x00, 0x00, 0x00, 0x01, 0x00, 0x00, 0x00, 0x00, 0x00, 0x00, 0x00, 0x00, 0x00, 0x00, 0x00,
    0x00, 0x00, 0x00, 0x00, 0x00, 0x00, 0x00, 0x00, 0x00, 0x00, 0x00, 0x00, 0x00, 0x00, 0x00, 0x00,
    0x00, 0x00, 0x00, 0x00, 0x00, 0x00, 0x00, 0x00, 0x00, 0x00, 0x00, 0x00, 0x00, 0x00, 0x00, 0x00,
    0x00, 0x00, 0x00, 0x00, 0x00, 0x00, 0x00, 0x00, 0x00, 0x00, 0x00, 0x00, 0x00, 0x00, 0x00, 0x00,
    0x00, 0x00, 0x00, 0x00, 0x00, 0x00, 0x00, 0x00, 0x00, 0x00, 0x00, 0x00, 0x00, 0x00, 0x00, 0x00,
    0x00, 0x00, 0x00, 0x00, 0x00, 0x00, 0x00, 0x00, 0x00, 0x00, 0x00, 0x00, 0x00, 0x00, 0x00, 0x00,
    0x00, 0x00, 0x00, 0x00, 0x00, 0x00, 0x00, 0x00, 0x00, 0x00, 0x00, 0x00, 0x00, 0x00, 0x00, 0x00,
    0x00, 0x00, 0x00, 0x00, 0x00, 0x00, 0x00, 0x00, 0x00, 0x00, 0x00, 0x00, 0x00, 0x00, 0x00, 0x00,
    0x00, 0x00, 0x00, 0x00, 0x00, 0x00, 0x00, 0x00, 0x00, 0x00, 0x00, 0x00, 0x00, 0x00, 0x00, 0x00,
    0x00, 0x00, 0x00, 0x00, 0x00, 0x00, 0x00, 0x00, 0x00, 0x00, 0x00, 0x00, 0x00, 0x00, 0x00, 0x00,
};

const lv_image_dsc_t play_frame_5_dsc = {
    .header.w = 64,
    .header.h = 64,
    .header.cf = LV_COLOR_FORMAT_RGB565A8,
    .data_size = 12288,
    .data = play_frame_5_data,
};

/* Frame 6: frame_006.png */
static const uint8_t play_frame_6_data[] = {
    0x00, 0x00, 0x00, 0x00, 0x00, 0x00, 0x00, 0x00, 0x00, 0x00, 0x00, 0x00, 0x00, 0x00, 0x00, 0x00,
    0x00, 0x00, 0x00, 0x00, 0x00, 0x00, 0x00, 0x00, 0x00, 0x00, 0x00, 0x00, 0x00, 0x00, 0x00, 0x00,
    0x00, 0x00, 0x00, 0x00, 0x00, 0x00, 0x00, 0x00, 0x00, 0x00, 0x00, 0x00, 0x00, 0x00, 0x00, 0x00,
    0x00, 0x00, 0x00, 0x00, 0x00, 0x00, 0x00, 0x00, 0x00, 0x00, 0x00, 0x00, 0x00, 0x00, 0x00, 0x00,
    0x00, 0x00, 0x00, 0x00, 0x00, 0x00, 0x00, 0x00, 0x00, 0x00, 0x00, 0x00, 0x00, 0x00, 0x00, 0x00,
    0x00, 0x00, 0x00, 0x00, 0x00, 0x00, 0x00, 0x00, 0x00, 0x00, 0x00, 0x00, 0x00, 0x00, 0x00, 0x00,
    0x00, 0x00, 0x00, 0x00, 0x00, 0x00, 0x00, 0x00, 0x00, 0x00, 0x00, 0x00, 0x00, 0x00, 0x00, 0x00,
    0x00, 0x00, 0x00, 0x00, 0x00, 0x00, 0x00, 0x00, 0x00, 0x00, 0x00, 0x00, 0x00, 0x00, 0x00, 0x00,
    0x00, 0x00, 0x00, 0x00, 0x00, 0x00, 0x00, 0x00, 0x00, 0x00, 0x00, 0x00, 0x00, 0x00, 0x00, 0x00,
    0x00, 0x00, 0x00, 0x00, 0x00, 0x00, 0x00, 0x00, 0x00, 0x00, 0x00, 0x00, 0x00, 0x00, 0x00, 0x00,
    0x00, 0x00, 0x00, 0x00, 0x00, 0x00, 0x00, 0x00, 0x00, 0x00, 0x00, 0x00, 0x00, 0x00, 0x00, 0x00,
    0x00, 0x00, 0x00, 0x00, 0x00, 0x00, 0x00, 0x00, 0x00, 0x00, 0x00, 0x00, 0x00, 0x00, 0x00, 0x00,
    0x00, 0x00, 0x00, 0x00, 0x00, 0x00, 0x00, 0x00, 0x00, 0x00, 0x00, 0x00, 0x00, 0x00, 0x00, 0x00,
    0x00, 0x00, 0x00, 0x00, 0x00, 0x00, 0x00, 0x00, 0x00, 0x00, 0x00, 0x00, 0x00, 0x00, 0x00, 0x00,
    0x00, 0x00, 0x00, 0x00, 0x00, 0x00, 0x00, 0x00, 0x00, 0x00, 0x00, 0x00, 0x00, 0x00, 0x00, 0x00,
    0x00, 0x00, 0x00, 0x00, 0x00, 0x00, 0x00, 0x00, 0x00, 0x00, 0x00, 0x00, 0x00, 0x00, 0x00, 0x00,
    0x00, 0x00, 0x00, 0x00, 0x00, 0x00, 0x00, 0x00, 0x00, 0x00, 0x00, 0x00, 0x00, 0x00, 0x00, 0x00,
    0x00, 0x00, 0x00, 0x00, 0x00, 0x00, 0x00, 0x00, 0x00, 0x00, 0x00, 0x00, 0x00, 0x00, 0x00, 0x00,
    0x00, 0x00, 0x00, 0x00, 0x20, 0x00, 0x43, 0x00, 0x00, 0x00, 0x00, 0x00, 0x00, 0x00, 0x00, 0x00,
    0x00, 0x00, 0x00, 0x00, 0x00, 0x00, 0x00, 0x00, 0x00, 0x00, 0x00, 0x00, 0x00, 0x00, 0x00, 0x00,
    0x00, 0x00, 0x00, 0x00, 0x00, 0x00, 0x00, 0x00, 0x00, 0x00, 0x02, 0x00, 0x00, 0x00, 0x00, 0x00,
    0x00, 0x00, 0x00, 0x00, 0x00, 0x00, 0x00, 0x00, 0x00, 0x00, 0x00, 0x00, 0x00, 0x00, 0x00, 0x00,
    0x00, 0x00, 0x00, 0x00, 0x00, 0x00, 0x00, 0x00, 0x00, 0x00, 0x00, 0x00, 0x00, 0x00, 0x00, 0x00,
    0x00, 0x00, 0x00, 0x00, 0x00, 0x00, 0x00, 0x00, 0x00, 0x00, 0x00, 0x00, 0x00, 0x00, 0x00, 0x00,
    0x00, 0x00, 0x00, 0x00, 0x00, 0x00, 0x00, 0x00, 0x00, 0x00, 0x00, 0x00, 0x00, 0x00, 0x00, 0x00,
    0x00, 0x00, 0x00, 0x00, 0x00, 0x00, 0x00, 0x00, 0x00, 0x00, 0x00, 0x00, 0x00, 0x00, 0x00, 0x00,
    0x00, 0x00, 0x00, 0x00, 0xa4, 0x00, 0xe4, 0x00, 0x00, 0x00, 0x00, 0x00, 0x00, 0x00, 0x00, 0x00,
    0x00, 0x00, 0x00, 0x00, 0x00, 0x00, 0x00, 0x00, 0x00, 0x00, 0x00, 0x00, 0x00, 0x00, 0x00, 0x00,
    0x00, 0x00, 0x00, 0x00, 0x00, 0x00, 0x00, 0x00, 0xe2, 0x00, 0x25, 0x00, 0x00, 0x00, 0x00, 0x00,
    0x00, 0x00, 0x00, 0x00, 0x00, 0x00, 0x00, 0x00, 0x00, 0x00, 0x00, 0x00, 0x00, 0x00, 0x00, 0x00,
    0x00, 0x00, 0x00, 0x00, 0x00, 0x00, 0x00, 0x00, 0x00, 0x00, 0x00, 0x00, 0x00, 0x00, 0x00, 0x00,
    0x00, 0x00, 0x00, 0x00, 0x00, 0x00, 0x00, 0x00, 0x00, 0x00, 0x00, 0x00, 0x00, 0x00, 0x00, 0x00,
    0x00, 0x00, 0x00, 0x00, 0x00, 0x00, 0x00, 0x00, 0x00, 0x00, 0x00, 0x00, 0x00, 0x00, 0x00, 0x00,
    0x00, 0x00, 0x00, 0x00, 0x00, 0x00, 0x00, 0x00, 0x00, 0x00, 0x00, 0x00, 0x00, 0x00, 0x00, 0x00,
    0x00, 0x00, 0x00, 0x00, 0xa6, 0x00, 0x83, 0x00, 0x00, 0x00, 0x00, 0x00, 0x00, 0x00, 0x00, 0x00,
    0x00, 0x00, 0x00, 0x00, 0x00, 0x00, 0x00, 0x00, 0x00, 0x00, 0x00, 0x00, 0x00, 0x00, 0x00, 0x00,
    0x00, 0x00, 0x00, 0x00, 0x00, 0x00, 0x00, 0x00, 0xa4, 0x00, 0x65, 0x00, 0x00, 0x00, 0x00, 0x00,
    0x00, 0x00, 0x00, 0x00, 0x00, 0x00, 0x00, 0x00, 0x00, 0x00, 0x00, 0x00, 0x00, 0x00, 0x00, 0x00,
    0x00, 0x00, 0x00, 0x00, 0x00, 0x00, 0x00, 0x00, 0x00, 0x00, 0x00, 0x00, 0x00, 0x00, 0x00, 0x00,
    0x00, 0x00, 0x00, 0x00, 0x00, 0x00, 0x00, 0x00, 0x00, 0x00, 0x00, 0x00, 0x00, 0x00, 0x00, 0x00,
    0x00, 0x00, 0x00, 0x00, 0x00, 0x00, 0x00, 0x00, 0x00, 0x00, 0x00, 0x00, 0x00, 0x00, 0x00, 0x00,
    0x00, 0x00, 0x00, 0x00, 0x00, 0x00, 0x00, 0x00, 0x00, 0x00, 0x00, 0x00, 0x00, 0x00, 0x00, 0x00,
    0x00, 0x00, 0x00, 0x00, 0xc6, 0x00, 0x25, 0x00, 0x00, 0x00, 0x00, 0x00, 0x00, 0x00, 0x61, 0x00,
    0xa1, 0x00, 0x00, 0x00, 0x00, 0x00, 0x00, 0x00, 0x00, 0x00, 0x00, 0x00, 0x00, 0x00, 0x00, 0x00,
    0x00, 0x00, 0x43, 0x00, 0x40, 0x00, 0x00, 0x00, 0xa4, 0x00, 0x07, 0x00, 0x00, 0x00, 0x00, 0x00,
    0x00, 0x00, 0x00, 0x00, 0x00, 0x00, 0x00, 0x00, 0x00, 0x00, 0x00, 0x00, 0x00, 0x00, 0x00, 0x00,
    0x00, 0x00, 0x00, 0x00, 0x00, 0x00, 0x00, 0x00, 0x00, 0x00, 0x00, 0x00, 0x00, 0x00, 0x00, 0x00,
    0x00, 0x00, 0x00, 0x00, 0x00, 0x00, 0x00, 0x00, 0x00, 0x00, 0x00, 0x00, 0x00, 0x00, 0x00, 0x00,
    0x00, 0x00, 0x00, 0x00, 0x00, 0x00, 0x00, 0x00, 0x00, 0x00, 0x00, 0x00, 0x00, 0x00, 0x00, 0x00,
    0x00, 0x00, 0x00, 0x00, 0x00, 0x00, 0x00, 0x00, 0x00, 0x00, 0x00, 0x00, 0x00, 0x00, 0x00, 0x00,
    0x00, 0x00, 0x00, 0x00, 0xe4, 0x00, 0x68, 0x00, 0x40, 0x00, 0x00, 0x00, 0x00, 0x00, 0x25, 0x00,
    0x22, 0x00, 0x00, 0x00, 0x00, 0x00, 0x00, 0x00, 0x00, 0x00, 0x00, 0x00, 0x00, 0x00, 0x00, 0x00,
    0x00, 0x00, 0x25, 0x00, 0xe2, 0x00, 0x00, 0x00, 0xc2, 0x00, 0x28, 0x00, 0x84, 0x00, 0x00, 0x00,
    0x23, 0x00, 0x00, 0x00, 0x00, 0x00, 0x00, 0x00, 0x00, 0x00, 0x00, 0x00, 0x00, 0x00, 0x00, 0x00,
    0x00, 0x00, 0x00, 0x00, 0x00, 0x00, 0x00, 0x00, 0x00, 0x00, 0x00, 0x00, 0x00, 0x00, 0x00, 0x00,
    0x00, 0x00, 0x00, 0x00, 0x00, 0x00, 0x00, 0x00, 0x00, 0x00, 0x00, 0x00, 0x00, 0x00, 0x00, 0x00,
    0x00, 0x00, 0x00, 0x00, 0x00, 0x00, 0x00, 0x00, 0x00, 0x00, 0x00, 0x00, 0x00, 0x00, 0x00, 0x00,
    0x00, 0x00, 0x00, 0x00, 0x00, 0x00, 0x00, 0x00, 0x00, 0x00, 0x00, 0x00, 0x00, 0x00, 0x00, 0x00,
    0x00, 0x00, 0x00, 0x00, 0x81, 0x00, 0x07, 0x00, 0xc6, 0x00, 0x60, 0x00, 0x00, 0x00, 0xe7, 0x00,
    0x43, 0x00, 0x00, 0x00, 0x00, 0x00, 0x00, 0x00, 0x00, 0x00, 0x00, 0x00, 0x00, 0x00, 0x00, 0x00,
    0x00, 0x00, 0x43, 0x00, 0xa6, 0x00, 0x22, 0x00, 0xa1, 0x00, 0x04, 0x00, 0x07, 0x00, 0x23, 0x00,
    0xa6, 0x00, 0x61, 0x00, 0x00, 0x00, 0x00, 0x00, 0x00, 0x00, 0x00, 0x00, 0x00, 0x00, 0x00, 0x00,
    0x00, 0x00, 0x00, 0x00, 0x00, 0x00, 0x00, 0x00, 0x00, 0x00, 0x00, 0x00, 0x00, 0x00, 0x00, 0x00,
    0x00, 0x00, 0x00, 0x00, 0x00, 0x00, 0x00, 0x00, 0x00, 0x00, 0x00, 0x00, 0x00, 0x00, 0x00, 0x00,
    0x00, 0x00, 0x00, 0x00, 0x00, 0x00, 0x00, 0x00, 0x00, 0x00, 0x00, 0x00, 0x00, 0x00, 0x00, 0x00,
    0x00, 0x00, 0x00, 0x00, 0x00, 0x00, 0x00, 0x00, 0x00, 0x00, 0x00, 0x00, 0x00, 0x00, 0x20, 0x00,
    0xe4, 0x00, 0x61, 0x00, 0x00, 0x00, 0xe2, 0x00, 0xc6, 0x00, 0xc6, 0x00, 0xa4, 0x00, 0x66, 0x00,
    0xe7, 0x00, 0x00, 0x00, 0x00, 0x00, 0x00, 0x00, 0x20, 0x00, 0xa3, 0x00, 0x40, 0x00, 0x00, 0x00,
    0x00, 0x00, 0x20, 0x00, 0x83, 0x00, 0x45, 0x00, 0x04, 0x00, 0x63, 0x00, 0x66, 0x00, 0xc7, 0x00,
    0x07, 0x00, 0x20, 0x00, 0x00, 0x00, 0x00, 0x00, 0x00, 0x00, 0x00, 0x00, 0x00, 0x00, 0x00, 0x00,
    0x00, 0x00, 0x00, 0x00, 0x00, 0x00, 0x00, 0x00, 0x00, 0x00, 0x00, 0x00, 0x00, 0x00, 0x00, 0x00,
    0x00, 0x00, 0x00, 0x00, 0x00, 0x00, 0x00, 0x00, 0x00, 0x00, 0x00, 0x00, 0x00, 0x00, 0x00, 0x00,
    0x00, 0x00, 0x00, 0x00, 0x00, 0x00, 0x00, 0x00, 0x00, 0x00, 0x00, 0x00, 0x00, 0x00, 0x00, 0x00,
    0x00, 0x00, 0x00, 0x00, 0x00, 0x00, 0x00, 0x00, 0x00, 0x00, 0x00, 0x00, 0x00, 0x00, 0x00, 0x00,
    0xa4, 0x00, 0xc7, 0x00, 0xe4, 0x00, 0x83, 0x00, 0x63, 0x00, 0x25, 0x00, 0x86, 0x00, 0xc4, 0x00,
    0x68, 0x00, 0x25, 0x00, 0x00, 0x00, 0x00, 0x00, 0x00, 0x00, 0xe6, 0x00, 0x29, 0x00, 0x04, 0x00,
    0x81, 0x00, 0x40, 0x00, 0xc1, 0x00, 0x81, 0x00, 0x22, 0x00, 0xa3, 0x00, 0x65, 0x00, 0x07, 0x00,
    0xc4, 0x00, 0x00, 0x00, 0x00, 0x00, 0x00, 0x00, 0x00, 0x00, 0x00, 0x00, 0x00, 0x00, 0x00, 0x00,
    0x00, 0x00, 0x00, 0x00, 0x00, 0x00, 0x00, 0x00, 0x00, 0x00, 0x00, 0x00, 0x00, 0x00, 0x00, 0x00,
    0x00, 0x00, 0x00, 0x00, 0x00, 0x00, 0x00, 0x00, 0x00, 0x00, 0x00, 0x00, 0x00, 0x00, 0x00, 0x00,
    0x00, 0x00, 0x00, 0x00, 0x00, 0x00, 0x00, 0x00, 0x00, 0x00, 0x00, 0x00, 0x00, 0x00, 0x00, 0x00,
    0x00, 0x00, 0x00, 0x00, 0x00, 0x00, 0x00, 0x00, 0x00, 0x00, 0x00, 0x00, 0x00, 0x00, 0x00, 0x00,
    0x00, 0x00, 0x63, 0x00, 0x25, 0x00, 0x05, 0x00, 0xa4, 0x00, 0x63, 0x00, 0x43, 0x00, 0x83, 0x00,
    0x25, 0x00, 0xa8, 0x00, 0x07, 0x00, 0xa1, 0x00, 0x81, 0x00, 0x63, 0x00, 0xc8, 0x00, 0xaa, 0x00,
    0xc8, 0x00, 0xc6, 0x00, 0xe8, 0x00, 0x02, 0x00, 0x00, 0x00, 0xe2, 0x00, 0x05, 0x00, 0x07, 0x00,
    0x63, 0x00, 0x00, 0x00, 0x00, 0x00, 0x00, 0x00, 0x00, 0x00, 0x00, 0x00, 0x00, 0x00, 0x00, 0x00,
    0x00, 0x00, 0x00, 0x00, 0x00, 0x00, 0x00, 0x00, 0x00, 0x00, 0x00, 0x00, 0x00, 0x00, 0x00, 0x00,
    0x00, 0x00, 0x00, 0x00, 0x00, 0x00, 0x00, 0x00, 0x00, 0x00, 0x00, 0x00, 0x00, 0x00, 0x00, 0x00,
    0x00, 0x00, 0x00, 0x00, 0x00, 0x00, 0x00, 0x00, 0x00, 0x00, 0x00, 0x00, 0x00, 0x00, 0x00, 0x00,
    0x00, 0x00, 0x00, 0x00, 0x00, 0x00, 0x00, 0x00, 0x00, 0x00, 0x00, 0x00, 0x00, 0x00, 0x00, 0x00,
    0x00, 0x00, 0x00, 0x00, 0x20, 0x00, 0x61, 0x00, 0x40, 0x00, 0x00, 0x00, 0x20, 0x00, 0x81, 0x00,
    0x83, 0x00, 0x45, 0x00, 0x88, 0x00, 0xa8, 0x00, 0xe6, 0x00, 0xa6, 0x00, 0xe4, 0x00, 0x67, 0x00,
    0x2b, 0x00, 0x09, 0x00, 0xe9, 0x00, 0xca, 0x00, 0x42, 0x00, 0x00, 0x00, 0x02, 0x00, 0xe7, 0x00,
    0x86, 0x00, 0x00, 0x00, 0x04, 0x00, 0x81, 0x00, 0x00, 0x00, 0x00, 0x00, 0x00, 0x00, 0x00, 0x00,
    0x00, 0x00, 0x00, 0x00, 0x00, 0x00, 0x00, 0x00, 0x00, 0x00, 0x00, 0x00, 0x00, 0x00, 0x00, 0x00,
    0x00, 0x00, 0x00, 0x00, 0x00, 0x00, 0x00, 0x00, 0x00, 0x00, 0x00, 0x00, 0x00, 0x00, 0x00, 0x00,
    0x00, 0x00, 0x00, 0x00, 0x00, 0x00, 0x00, 0x00, 0x00, 0x00, 0x00, 0x00, 0x00, 0x00, 0x00, 0x00,
    0x00, 0x00, 0x00, 0x00, 0x00, 0x00, 0x00, 0x00, 0x00, 0x00, 0x00, 0x00, 0x00, 0x00, 0x00, 0x00,
    0x00, 0x00, 0x00, 0x00, 0x00, 0x00, 0x00, 0x00, 0x20, 0x00, 0xa1, 0x00, 0x00, 0x00, 0x00, 0x00,
    0x00, 0x00, 0x22, 0x00, 0x04, 0x00, 0x67, 0x00, 0x67, 0x00, 0x25, 0x00, 0xe5, 0x00, 0xe9, 0x00,
    0x68, 0x00, 0xe8, 0x00, 0x49, 0x00, 0xca, 0x00, 0xaa, 0x00, 0x25, 0x00, 0x22, 0x00, 0x65, 0x00,
    0xa6, 0x00, 0x24, 0x00, 0xeb, 0x00, 0x60, 0x00, 0x00, 0x00, 0x00, 0x00, 0x00, 0x00, 0x00, 0x00,
    0x00, 0x00, 0x00, 0x00, 0x00, 0x00, 0x00, 0x00, 0x00, 0x00, 0x00, 0x00, 0x00, 0x00, 0x00, 0x00,
    0x00, 0x00, 0x00, 0x00, 0x00, 0x00, 0x00, 0x00, 0x00, 0x00, 0x00, 0x00, 0x00, 0x00, 0x00, 0x00,
    0x00, 0x00, 0x00, 0x00, 0x00, 0x00, 0x00, 0x00, 0x00, 0x00, 0x00, 0x00, 0x00, 0x00, 0x00, 0x00,
    0x00, 0x00, 0x00, 0x00, 0x00, 0x00, 0x00, 0x00, 0x00, 0x00, 0x00, 0x00, 0x00, 0x00, 0x00, 0x00,
    0x00, 0x00, 0x00, 0x00, 0x00, 0x00, 0x00, 0x00, 0x00, 0x00, 0xc4, 0x00, 0x45, 0x00, 0x83, 0x00,
    0x43, 0x00, 0x63, 0x00, 0x63, 0x00, 0x45, 0x00, 0x47, 0x00, 0x27, 0x00, 0xe4, 0x00, 0xaa, 0x00,
    0xaa, 0x00, 0x05, 0x00, 0x09, 0x00, 0x49, 0x00, 0xaa, 0x00, 0x68, 0x00, 0x45, 0x00, 0x45, 0x00,
    0xc6, 0x00, 0xca, 0x00, 0xa8, 0x00, 0x20, 0x00, 0x00, 0x00, 0x00, 0x00, 0x00, 0x00, 0x00, 0x00,
    0x00, 0x00, 0x00, 0x00, 0x00, 0x00, 0x00, 0x00, 0x00, 0x00, 0x00, 0x00, 0x00, 0x00, 0x00, 0x00,
    0x00, 0x00, 0x00, 0x00, 0x00, 0x00, 0x00, 0x00, 0x00, 0x00, 0x00, 0x00, 0x00, 0x00, 0x00, 0x00,
    0x00, 0x00, 0x00, 0x00, 0x00, 0x00, 0x00, 0x00, 0x00, 0x00, 0x00, 0x00, 0x00, 0x00, 0x00, 0x00,
    0x00, 0x00, 0x00, 0x00, 0x00, 0x00, 0x00, 0x00, 0x00, 0x00, 0x00, 0x00, 0x00, 0x00, 0x00, 0x00,
    0x00, 0x00, 0x00, 0x00, 0x00, 0x00, 0x43, 0x00, 0x43, 0x00, 0x61, 0x00, 0x64, 0x00, 0x46, 0x00,
    0x66, 0x00, 0x26, 0x00, 0xe5, 0x00, 0x02, 0x00, 0xc6, 0x00, 0x2b, 0x00, 0xe8, 0x00, 0xa6, 0x00,
    0x2b, 0x00, 0xc8, 0x00, 0x66, 0x00, 0x49, 0x00, 0xc8, 0x00, 0x88, 0x00, 0x29, 0x00, 0x25, 0x00,
    0x29, 0x00, 0x8a, 0x00, 0x45, 0x00, 0x00, 0x00, 0x40, 0x00, 0x00, 0x00, 0x00, 0x00, 0x00, 0x00,
    0x00, 0x00, 0x00, 0x00, 0x00, 0x00, 0x00, 0x00, 0x00, 0x00, 0x00, 0x00, 0x00, 0x00, 0x00, 0x00,
    0x00, 0x00, 0x00, 0x00, 0x00, 0x00, 0x00, 0x00, 0x00, 0x00, 0x00, 0x00, 0x00, 0x00, 0x00, 0x00,
    0x00, 0x00, 0x00, 0x00, 0x00, 0x00, 0x00, 0x00, 0x00, 0x00, 0x00, 0x00, 0x00, 0x00, 0x00, 0x00,
    0x00, 0x00, 0x00, 0x00, 0x00, 0x00, 0x00, 0x00, 0x00, 0x00, 0x00, 0x00, 0x00, 0x00, 0x00, 0x00,
    0x00, 0x00, 0x00, 0x00, 0x00, 0x00, 0x23, 0x00, 0x48, 0x00, 0x4a, 0x00, 0xc8, 0x00, 0xe7, 0x00,
    0x05, 0x00, 0x84, 0x00, 0x86, 0x00, 0xc4, 0x00, 0xe4, 0x00, 0x6a, 0x00, 0x8c, 0x00, 0x09, 0x00,
    0xc8, 0x00, 0xeb, 0x00, 0x27, 0x00, 0x67, 0x00, 0xe9, 0x00, 0x4b, 0x00, 0xa8, 0x00, 0x47, 0x00,
    0x8c, 0x00, 0x68, 0x00, 0x63, 0x00, 0x04, 0x00, 0xe4, 0x00, 0x00, 0x00, 0x00, 0x00, 0x00, 0x00,
    0x00, 0x00, 0x00, 0x00, 0x00, 0x00, 0x00, 0x00, 0x00, 0x00, 0x00, 0x00, 0x00, 0x00, 0x00, 0x00,
    0x00, 0x00, 0x00, 0x00, 0x00, 0x00, 0x00, 0x00, 0x00, 0x00, 0x00, 0x00, 0x00, 0x00, 0x00, 0x00,
    0x00, 0x00, 0x00, 0x00, 0x00, 0x00, 0x00, 0x00, 0x00, 0x00, 0x00, 0x00, 0x00, 0x00, 0x00, 0x00,
    0x00, 0x00, 0x00, 0x00, 0x00, 0x00, 0x00, 0x00, 0x00, 0x00, 0x00, 0x00, 0x00, 0x00, 0x00, 0x00,
    0x00, 0x00, 0x00, 0x00, 0x00, 0x00, 0x00, 0x00, 0x23, 0x00, 0xc7, 0x00, 0x29, 0x00, 0x2b, 0x00,
    0xeb, 0x00, 0x29, 0x00, 0xe7, 0x00, 0xe7, 0x00, 0xe9, 0x00, 0x47, 0x00, 0x6a, 0x00, 0x4b, 0x00,
    0x2b, 0x00, 0x8c, 0x00, 0x0b, 0x00, 0xe8, 0x00, 0x27, 0x00, 0x4c, 0x00, 0x88, 0x00, 0x8a, 0x00,
    0x09, 0x00, 0xe7, 0x00, 0x68, 0x00, 0xe9, 0x00, 0x42, 0x00, 0x00, 0x00, 0x00, 0x00, 0x00, 0x00,
    0x00, 0x00, 0x00, 0x00, 0x00, 0x00, 0x00, 0x00, 0x00, 0x00, 0x00, 0x00, 0x00, 0x00, 0x00, 0x00,
    0x00, 0x00, 0x00, 0x00, 0x00, 0x00, 0x00, 0x00, 0x00, 0x00, 0x00, 0x00, 0x00, 0x00, 0x00, 0x00,
    0x00, 0x00, 0x00, 0x00, 0x00, 0x00, 0x00, 0x00, 0x00, 0x00, 0x00, 0x00, 0x00, 0x00, 0x00, 0x00,
    0x00, 0x00, 0x00, 0x00, 0x00, 0x00, 0x00, 0x00, 0x00, 0x00, 0x00, 0x00, 0x00, 0x00, 0x00, 0x00,
    0x00, 0x00, 0x00, 0x00, 0x00, 0x00, 0x00, 0x00, 0x00, 0x00, 0x63, 0x00, 0x46, 0x00, 0xa6, 0x00,
    0xa8, 0x00, 0x29, 0x00, 0x4a, 0x00, 0x27, 0x00, 0x47, 0x00, 0x8a, 0x00, 0x8a, 0x00, 0x2b, 0x00,
    0xac, 0x00, 0xed, 0x00, 0x8c, 0x00, 0xcd, 0x00, 0xa8, 0x00, 0x49, 0x00, 0x29, 0x00, 0xc8, 0x00,
    0x6a, 0x00, 0x6c, 0x00, 0x6a, 0x00, 0x07, 0x00, 0x40, 0x00, 0x00, 0x00, 0x00, 0x00, 0x00, 0x00,
    0x00, 0x00, 0x00, 0x00, 0x00, 0x00, 0x00, 0x00, 0x00, 0x00, 0x00, 0x00, 0x00, 0x00, 0x00, 0x00,
    0x00, 0x00, 0x00, 0x00, 0x00, 0x00, 0x00, 0x00, 0x00, 0x00, 0x00, 0x00, 0x00, 0x00, 0x00, 0x00,
    0x00, 0x00, 0x00, 0x00, 0x00, 0x00, 0x00, 0x00, 0x00, 0x00, 0x00, 0x00, 0x00, 0x00, 0x00, 0x00,
    0x00, 0x00, 0x00, 0x00, 0x00, 0x00, 0x00, 0x00, 0x00, 0x00, 0x00, 0x00, 0x00, 0x00, 0x00, 0x00,
    0x00, 0x00, 0x00, 0x00, 0x00, 0x00, 0x00, 0x00, 0x00, 0x00, 0x00, 0x00, 0x63, 0x00, 0x87, 0x00,
    0x05, 0x00, 0x86, 0x00, 0x27, 0x00, 0x68, 0x00, 0xe7, 0x00, 0x27, 0x00, 0x09, 0x00, 0xca, 0x00,
    0xac, 0x00, 0xed, 0x00, 0xed, 0x00, 0x0d, 0x00, 0xcc, 0x00, 0x29, 0x00, 0x09, 0x00, 0x6c, 0x00,
    0xac, 0x00, 0x2b, 0x00, 0x47, 0x00, 0xa4, 0x00, 0x00, 0x00, 0x00, 0x00, 0x00, 0x00, 0x00, 0x00,
    0x00, 0x00, 0x00, 0x00, 0x00, 0x00, 0x00, 0x00, 0x00, 0x00, 0x00, 0x00, 0x00, 0x00, 0x00, 0x00,
    0x00, 0x00, 0x00, 0x00, 0x00, 0x00, 0x00, 0x00, 0x00, 0x00, 0x00, 0x00, 0x00, 0x00, 0x00, 0x00,
    0x00, 0x00, 0x00, 0x00, 0x00, 0x00, 0x00, 0x00, 0x00, 0x00, 0x00, 0x00, 0x00, 0x00, 0x00, 0x00,
    0x00, 0x00, 0x00, 0x00, 0x00, 0x00, 0x00, 0x00, 0x00, 0x00, 0x00, 0x00, 0x00, 0x00, 0x00, 0x00,
    0x00, 0x00, 0x00, 0x00, 0x00, 0x00, 0x00, 0x00, 0x00, 0x00, 0xa1, 0x00, 0x03, 0x00, 0xe5, 0x00,
    0x87, 0x00, 0x66, 0x00, 0xc7, 0x00, 0x05, 0x00, 0x25, 0x00, 0x86, 0x00, 0xe4, 0x00, 0xc4, 0x00,
    0x67, 0x00, 0x2b, 0x00, 0xea, 0x00, 0x8c, 0x00, 0x0d, 0x00, 0xed, 0x00, 0x6b, 0x00, 0x8c, 0x00,
    0x0a, 0x00, 0xa6, 0x00, 0xa4, 0x00, 0x40, 0x00, 0x00, 0x00, 0x00, 0x00, 0x00, 0x00, 0x00, 0x00,
    0x00, 0x00, 0x00, 0x00, 0x00, 0x00, 0x00, 0x00, 0x00, 0x00, 0x00, 0x00, 0x00, 0x00, 0x00, 0x00,
    0x00, 0x00, 0x00, 0x00, 0x00, 0x00, 0x00, 0x00, 0x00, 0x00, 0x00, 0x00, 0x00, 0x00, 0x00, 0x00,
    0x00, 0x00, 0x00, 0x00, 0x00, 0x00, 0x00, 0x00, 0x00, 0x00, 0x00, 0x00, 0x00, 0x00, 0x00, 0x00,
    0x00, 0x00, 0x00, 0x00, 0x00, 0x00, 0x00, 0x00, 0x00, 0x00, 0x00, 0x00, 0x00, 0x00, 0x00, 0x00,
    0x00, 0x00, 0x00, 0x00, 0x61, 0x00, 0xe5, 0x00, 0x86, 0x00, 0xa7, 0x00, 0xa7, 0x00, 0x86, 0x00,
    0x66, 0x00, 0x05, 0x00, 0x46, 0x00, 0xa7, 0x00, 0xe5, 0x00, 0x84, 0x00, 0xc2, 0x00, 0x81, 0x00,
    0x60, 0x00, 0xa6, 0x00, 0x69, 0x00, 0xaa, 0x00, 0x0b, 0x00, 0x6c, 0x00, 0x6c, 0x00, 0x6b, 0x00,
    0x67, 0x00, 0xa1, 0x00, 0x04, 0x00, 0x65, 0x00, 0x02, 0x00, 0x00, 0x00, 0x00, 0x00, 0x00, 0x00,
    0x00, 0x00, 0x00, 0x00, 0x00, 0x00, 0x00, 0x00, 0x00, 0x00, 0x00, 0x00, 0x00, 0x00, 0x00, 0x00,
    0x00, 0x00, 0x00, 0x00, 0x00, 0x00, 0x00, 0x00, 0x00, 0x00, 0x00, 0x00, 0x00, 0x00, 0x00, 0x00,
    0x00, 0x00, 0x00, 0x00, 0x00, 0x00, 0x00, 0x00, 0x00, 0x00, 0x00, 0x00, 0x00, 0x00, 0x00, 0x00,
    0x00, 0x00, 0x00, 0x00, 0x00, 0x00, 0x00, 0x00, 0x00, 0x00, 0x00, 0x00, 0x00, 0x00, 0x00, 0x00,
    0x00, 0x00, 0x00, 0x00, 0x20, 0x00, 0x63, 0x00, 0x46, 0x00, 0x46, 0x00, 0xe5, 0x00, 0x28, 0x00,
    0xc9, 0x00, 0x88, 0x00, 0x48, 0x00, 0x68, 0x00, 0x27, 0x00, 0x86, 0x00, 0x83, 0x00, 0xe2, 0x00,
    0xc2, 0x00, 0x48, 0x00, 0x65, 0x00, 0xca, 0x00, 0xea, 0x00, 0xea, 0x00, 0x6c, 0x00, 0x89, 0x00,
    0x47, 0x00, 0x23, 0x00, 0x04, 0x00, 0xc6, 0x00, 0xe2, 0x00, 0x00, 0x00, 0x00, 0x00, 0x00, 0x00,
    0x00, 0x00, 0x00, 0x00, 0x00, 0x00, 0x00, 0x00, 0x00, 0x00, 0x00, 0x00, 0x00, 0x00, 0x00, 0x00,
    0x81, 0x00, 0x02, 0x00, 0x00, 0x00, 0x00, 0x00, 0x00, 0x00, 0x00, 0x00, 0x00, 0x00, 0x00, 0x00,
    0x00, 0x00, 0x00, 0x00, 0x00, 0x00, 0x00, 0x00, 0x00, 0x00, 0x00, 0x00, 0x00, 0x00, 0x00, 0x00,
    0x00, 0x00, 0x00, 0x00, 0x00, 0x00, 0x00, 0x00, 0x00, 0x00, 0x00, 0x00, 0x00, 0x00, 0x00, 0x00,
    0x00, 0x00, 0x00, 0x00, 0x00, 0x00, 0x00, 0x00, 0x20, 0x00, 0xc2, 0x00, 0x64, 0x00, 0x63, 0x00,
    0xc7, 0x00, 0x88, 0x00, 0xc9, 0x00, 0x09, 0x00, 0x4a, 0x00, 0x8a, 0x00, 0xc8, 0x00, 0x65, 0x00,
    0xc2, 0x00, 0xc2, 0x00, 0x02, 0x00, 0xe9, 0x00, 0x6b, 0x00, 0x6b, 0x00, 0xcc, 0x00, 0x29, 0x00,
    0x20, 0x00, 0xe4, 0x00, 0xe9, 0x00, 0xc4, 0x00, 0x00, 0x00, 0x00, 0x00, 0x00, 0x00, 0x00, 0x00,
    0x00, 0x00, 0x00, 0x00, 0x00, 0x00, 0x00, 0x00, 0x00, 0x00, 0x00, 0x00, 0x20, 0x00, 0x00, 0x00,
    0xc4, 0x00, 0xa8, 0x00, 0x00, 0x00, 0x00, 0x00, 0x00, 0x00, 0x00, 0x00, 0x00, 0x00, 0x00, 0x00,
    0x00, 0x00, 0x00, 0x00, 0x00, 0x00, 0x00, 0x00, 0x00, 0x00, 0x00, 0x00, 0x00, 0x00, 0x00, 0x00,
    0x00, 0x00, 0x00, 0x00, 0x00, 0x00, 0x00, 0x00, 0x00, 0x00, 0x00, 0x00, 0x00, 0x00, 0x00, 0x00,
    0x00, 0x00, 0x00, 0x00, 0x00, 0x00, 0x00, 0x00, 0x00, 0x00, 0x61, 0x00, 0x46, 0x00, 0xc5, 0x00,
    0x43, 0x00, 0xe5, 0x00, 0xe7, 0x00, 0xe9, 0x00, 0x6a, 0x00, 0x8a, 0x00, 0x4c, 0x00, 0x4b, 0x00,
    0x29, 0x00, 0x87, 0x00, 0xa6, 0x00, 0x6a, 0x00, 0xac, 0x00, 0x8c, 0x00, 0xcc, 0x00, 0x6b, 0x00,
    0x29, 0x00, 0x0b, 0x00, 0x8c, 0x00, 0x88, 0x00, 0x43, 0x00, 0x00, 0x00, 0x00, 0x00, 0x00, 0x00,
    0x00, 0x00, 0x00, 0x00, 0x00, 0x00, 0x00, 0x00, 0x00, 0x00, 0x00, 0x00, 0x00, 0x00, 0x40, 0x00,
    0x08, 0x00, 0x0b, 0x00, 0xa1, 0x00, 0x00, 0x00, 0x00, 0x00, 0x00, 0x00, 0x00, 0x00, 0x00, 0x00,
    0x00, 0x00, 0x00, 0x00, 0x00, 0x00, 0x00, 0x00, 0x00, 0x00, 0x00, 0x00, 0x00, 0x00, 0x00, 0x00,
    0x00, 0x00, 0x00, 0x00, 0x00, 0x00, 0x00, 0x00, 0x00, 0x00, 0x00, 0x00, 0x00, 0x00, 0x00, 0x00,
    0x00, 0x00, 0x00, 0x00, 0x00, 0x00, 0x00, 0x00, 0x00, 0x00, 0x25, 0x00, 0x28, 0x00, 0x46, 0x00,
    0x26, 0x00, 0x08, 0x00, 0x28, 0x00, 0xa9, 0x00, 0x09, 0x00, 0xe7, 0x00, 0xe7, 0x00, 0x0b, 0x00,
    0x8c, 0x00, 0x6c, 0x00, 0x2b, 0x00, 0xeb, 0x00, 0x29, 0x00, 0x8c, 0x00, 0xec, 0x00, 0x2d, 0x00,
    0x6b, 0x00, 0x0b, 0x00, 0xc8, 0x00, 0x86, 0x00, 0xe2, 0x00, 0x00, 0x00, 0x00, 0x00, 0x00, 0x00,
    0x00, 0x00, 0x00, 0x00, 0x00, 0x00, 0x00, 0x00, 0x00, 0x00, 0x20, 0x00, 0xa3, 0x00, 0x49, 0x00,
    0x0b, 0x00, 0x2b, 0x00, 0x83, 0x00, 0x00, 0x00, 0x00, 0x00, 0x00, 0x00, 0x00, 0x00, 0x00, 0x00,
    0x00, 0x00, 0x00, 0x00, 0x00, 0x00, 0x00, 0x00, 0x00, 0x00, 0x00, 0x00, 0x00, 0x00, 0x00, 0x00,
    0x00, 0x00, 0x00, 0x00, 0x00, 0x00, 0x00, 0x00, 0x00, 0x00, 0x00, 0x00, 0x00, 0x00, 0x00, 0x00,
    0x00, 0x00, 0x00, 0x00, 0x00, 0x00, 0x00, 0x00, 0x61, 0x00, 0x08, 0x00, 0x87, 0x00, 0xa5, 0x00,
    0x64, 0x00, 0xc5, 0x00, 0x05, 0x00, 0xc7, 0x00, 0xe9, 0x00, 0x29, 0x00, 0x45, 0x00, 0x84, 0x00,
    0xe9, 0x00, 0xeb, 0x00, 0x0b, 0x00, 0x0b, 0x00, 0x29, 0x00, 0x0b, 0x00, 0x8c, 0x00, 0x8c, 0x00,
    0x6b, 0x00, 0xc8, 0x00, 0xc6, 0x00, 0x66, 0x00, 0x00, 0x00, 0x00, 0x00, 0x00, 0x00, 0x00, 0x00,
    0x00, 0x00, 0x00, 0x00, 0x00, 0x00, 0x00, 0x00, 0xe4, 0x00, 0x28, 0x00, 0x8b, 0x00, 0x4b, 0x00,
    0xea, 0x00, 0x0b, 0x00, 0xc4, 0x00, 0x00, 0x00, 0x00, 0x00, 0x00, 0x00, 0x00, 0x00, 0x00, 0x00,
    0x00, 0x00, 0x00, 0x00, 0x00, 0x00, 0x00, 0x00, 0x00, 0x00, 0x00, 0x00, 0x00, 0x00, 0x00, 0x00,
    0x00, 0x00, 0x00, 0x00, 0x00, 0x00, 0x00, 0x00, 0x00, 0x00, 0x00, 0x00, 0x00, 0x00, 0x00, 0x00,
    0x00, 0x00, 0x00, 0x00, 0x00, 0x00, 0x00, 0x00, 0xc2, 0x00, 0x64, 0x00, 0x81, 0x00, 0x26, 0x00,
    0x26, 0x00, 0x03, 0x00, 0x26, 0x00, 0x08, 0x00, 0x07, 0x00, 0x29, 0x00, 0xca, 0x00, 0x42, 0x00,
    0xa1, 0x00, 0x86, 0x00, 0x48, 0x00, 0x09, 0x00, 0xaa, 0x00, 0x0b, 0x00, 0x2b, 0x00, 0xeb, 0x00,
    0xe8, 0x00, 0x07, 0x00, 0x88, 0x00, 0x63, 0x00, 0x00, 0x00, 0x00, 0x00, 0x00, 0x00, 0x00, 0x00,
    0x00, 0x00, 0x61, 0x00, 0x20, 0x00, 0xa5, 0x00, 0x6b, 0x00, 0x6b, 0x00, 0x6b, 0x00, 0xca, 0x00,
    0xea, 0x00, 0xca, 0x00, 0xa3, 0x00, 0x00, 0x00, 0x00, 0x00, 0x00, 0x00, 0x00, 0x00, 0x00, 0x00,
    0x00, 0x00, 0x00, 0x00, 0x00, 0x00, 0x00, 0x00, 0x00, 0x00, 0x00, 0x00, 0x00, 0x00, 0x00, 0x00,
    0x00, 0x00, 0x00, 0x00, 0x00, 0x00, 0x00, 0x00, 0x00, 0x00, 0x00, 0x00, 0x00, 0x00, 0x00, 0x00,
    0x00, 0x00, 0x00, 0x00, 0x00, 0x00, 0x00, 0x00, 0x00, 0x00, 0x00, 0x00, 0x81, 0x00, 0x29, 0x00,
    0x67, 0x00, 0x84, 0x00, 0x46, 0x00, 0x26, 0x00, 0xa4, 0x00, 0x86, 0x00, 0xaa, 0x00, 0x8a, 0x00,
    0x43, 0x00, 0x81, 0x00, 0x23, 0x00, 0x63, 0x00, 0xa4, 0x00, 0x05, 0x00, 0x86, 0x00, 0xa6, 0x00,
    0xa6, 0x00, 0xe7, 0x00, 0x81, 0x00, 0x00, 0x00, 0x00, 0x00, 0x00, 0x00, 0x00, 0x00, 0x00, 0x00,
    0x81, 0x00, 0x47, 0x00, 0x45, 0x00, 0x0a, 0x00, 0x6b, 0x00, 0xea, 0x00, 0x89, 0x00, 0x0a, 0x00,
    0x0b, 0x00, 0x6a, 0x00, 0xe2, 0x00, 0x00, 0x00, 0x00, 0x00, 0x00, 0x00, 0x00, 0x00, 0x00, 0x00,
    0x00, 0x00, 0x00, 0x00, 0x00, 0x00, 0x00, 0x00, 0x00, 0x00, 0x00, 0x00, 0x00, 0x00, 0x00, 0x00,
    0x00, 0x00, 0x00, 0x00, 0x00, 0x00, 0x00, 0x00, 0x00, 0x00, 0x00, 0x00, 0x00, 0x00, 0x00, 0x00,
    0x00, 0x00, 0x00, 0x00, 0x00, 0x00, 0x00, 0x00, 0x00, 0x00, 0x00, 0x00, 0x61, 0x00, 0x28, 0x00,
    0x26, 0x00, 0xe6, 0x00, 0x84, 0x00, 0x64, 0x00, 0x26, 0x00, 0xc5, 0x00, 0xa6, 0x00, 0xaa, 0x00,
    0x8a, 0x00, 0x05, 0x00, 0xc5, 0x00, 0xc5, 0x00, 0x06, 0x00, 0xe5, 0x00, 0x23, 0x00, 0x63, 0x00,
    0xc6, 0x00, 0x61, 0x00, 0x00, 0x00, 0x00, 0x00, 0x00, 0x00, 0x00, 0x00, 0x00, 0x00, 0x00, 0x00,
    0x45, 0x00, 0x8a, 0x00, 0x49, 0x00, 0x8b, 0x00, 0xaa, 0x00, 0xe8, 0x00, 0x0a, 0x00, 0x6b, 0x00,
    0xaa, 0x00, 0x68, 0x00, 0x20, 0x00, 0x00, 0x00, 0x00, 0x00, 0x00, 0x00, 0x00, 0x00, 0x00, 0x00,
    0x00, 0x00, 0x00, 0x00, 0x00, 0x00, 0x00, 0x00, 0x00, 0x00, 0x00, 0x00, 0x00, 0x00, 0x00, 0x00,
    0x00, 0x00, 0x00, 0x00, 0x00, 0x00, 0x00, 0x00, 0x00, 0x00, 0x00, 0x00, 0x00, 0x00, 0x00, 0x00,
    0x00, 0x00, 0x00, 0x00, 0x00, 0x00, 0x00, 0x00, 0x00, 0x00, 0x00, 0x00, 0x40, 0x00, 0x26, 0x00,
    0x03, 0x00, 0x46, 0x00, 0x06, 0x00, 0x84, 0x00, 0xa7, 0x00, 0x26, 0x00, 0x66, 0x00, 0x66, 0x00,
    0xa8, 0x00, 0x8b, 0x00, 0xc9, 0x00, 0x69, 0x00, 0xc7, 0x00, 0x87, 0x00, 0xc7, 0x00, 0x86, 0x00,
    0x81, 0x00, 0x00, 0x00, 0x00, 0x00, 0x00, 0x00, 0x00, 0x00, 0x00, 0x00, 0x00, 0x00, 0x20, 0x00,
    0x27, 0x00, 0x29, 0x00, 0x0a, 0x00, 0x8a, 0x00, 0x67, 0x00, 0xea, 0x00, 0x4b, 0x00, 0x89, 0x00,
    0x6a, 0x00, 0xa3, 0x00, 0x00, 0x00, 0x00, 0x00, 0x00, 0x00, 0x00, 0x00, 0x00, 0x00, 0x00, 0x00,
    0x00, 0x00, 0x00, 0x00, 0x00, 0x00, 0x00, 0x00, 0x00, 0x00, 0x00, 0x00, 0x00, 0x00, 0x00, 0x00,
    0x00, 0x00, 0x00, 0x00, 0x00, 0x00, 0x00, 0x00, 0x00, 0x00, 0x00, 0x00, 0x00, 0x00, 0x00, 0x00,
    0xc1, 0x00, 0x83, 0x00, 0x60, 0x00, 0x00, 0x00, 0x00, 0x00, 0x00, 0x00, 0x00, 0x00, 0x60, 0x00,
    0x20, 0x00, 0x46, 0x00, 0x46, 0x00, 0x84, 0x00, 0x05, 0x00, 0x26, 0x00, 0xc6, 0x00, 0xe7, 0x00,
    0x45, 0x00, 0xa6, 0x00, 0x2a, 0x00, 0xab, 0x00, 0x8b, 0x00, 0x6b, 0x00, 0xab, 0x00, 0x83, 0x00,
    0x00, 0x00, 0x00, 0x00, 0x00, 0x00, 0x00, 0x00, 0x00, 0x00, 0x00, 0x00, 0x00, 0x00, 0xe2, 0x00,
    0x68, 0x00, 0x09, 0x00, 0xaa, 0x00, 0x47, 0x00, 0xaa, 0x00, 0x0b, 0x00, 0xaa, 0x00, 0xaa, 0x00,
    0xa6, 0x00, 0x00, 0x00, 0x00, 0x00, 0x00, 0x00, 0x00, 0x00, 0x00, 0x00, 0x00, 0x00, 0x00, 0x00,
    0x00, 0x00, 0x00, 0x00, 0x00, 0x00, 0x00, 0x00, 0x00, 0x00, 0x00, 0x00, 0x00, 0x00, 0x00, 0x00,
    0x00, 0x00, 0x00, 0x00, 0x00, 0x00, 0x00, 0x00, 0x00, 0x00, 0x20, 0x00, 0x60, 0x00, 0x20, 0x00,
    0x20, 0x00, 0xa6, 0x00, 0xc8, 0x00, 0xa5, 0x00, 0xc1, 0x00, 0x00, 0x00, 0x20, 0x00, 0x00, 0x00,
    0x00, 0x00, 0xe5, 0x00, 0xa7, 0x00, 0xe5, 0x00, 0x26, 0x00, 0xa7, 0x00, 0xa6, 0x00, 0xe7, 0x00,
    0x07, 0x00, 0xc6, 0x00, 0xc7, 0x00, 0x27, 0x00, 0x47, 0x00, 0x68, 0x00, 0x25, 0x00, 0x00, 0x00,
    0x00, 0x00, 0x00, 0x00, 0x00, 0x00, 0x00, 0x00, 0x00, 0x00, 0x00, 0x00, 0x00, 0x00, 0x43, 0x00,
    0x48, 0x00, 0xe9, 0x00, 0x88, 0x00, 0xe8, 0x00, 0xca, 0x00, 0x8a, 0x00, 0xe8, 0x00, 0x45, 0x00,
    0x60, 0x00, 0x40, 0x00, 0x00, 0x00, 0x00, 0x00, 0x00, 0x00, 0x00, 0x00, 0x00, 0x00, 0x00, 0x00,
    0x00, 0x00, 0x00, 0x00, 0x00, 0x00, 0x00, 0x00, 0x00, 0x00, 0x00, 0x00, 0x00, 0x00, 0x00, 0x00,
    0x00, 0x00, 0x00, 0x00, 0x20, 0x00, 0xc4, 0x00, 0x47, 0x00, 0xe9, 0x00, 0x29, 0x00, 0x09, 0x00,
    0xc6, 0x00, 0xe4, 0x00, 0x67, 0x00, 0x6a, 0x00, 0x08, 0x00, 0x83, 0x00, 0x43, 0x00, 0x23, 0x00,
    0x00, 0x00, 0xe2, 0x00, 0xa4, 0x00, 0x84, 0x00, 0x87, 0x00, 0x48, 0x00, 0xe7, 0x00, 0x48, 0x00,
    0xa9, 0x00, 0x89, 0x00, 0xc9, 0x00, 0x89, 0x00, 0xc7, 0x00, 0x86, 0x00, 0x46, 0x00, 0x20, 0x00,
    0x00, 0x00, 0x00, 0x00, 0x00, 0x00, 0x00, 0x00, 0x00, 0x00, 0x00, 0x00, 0x00, 0x00, 0x43, 0x00,
    0x07, 0x00, 0x48, 0x00, 0x07, 0x00, 0x09, 0x00, 0x68, 0x00, 0x86, 0x00, 0xe4, 0x00, 0x25, 0x00,
    0x27, 0x00, 0x60, 0x00, 0x00, 0x00, 0x00, 0x00, 0x00, 0x00, 0x00, 0x00, 0x00, 0x00, 0x00, 0x00,
    0x00, 0x00, 0x00, 0x00, 0x00, 0x00, 0x00, 0x00, 0x00, 0x00, 0x00, 0x00, 0x00, 0x00, 0x00, 0x00,
    0x00, 0x00, 0x00, 0x00, 0x20, 0x00, 0x43, 0x00, 0xc6, 0x00, 0x67, 0x00, 0x88, 0x00, 0xa8, 0x00,
    0x88, 0x00, 0x27, 0x00, 0xe6, 0x00, 0x87, 0x00, 0x87, 0x00, 0x06, 0x00, 0xa4, 0x00, 0x66, 0x00,
    0x23, 0x00, 0x00, 0x00, 0x00, 0x00, 0x03, 0x00, 0x66, 0x00, 0xc9, 0x00, 0x47, 0x00, 0x89, 0x00,
    0x8b, 0x00, 0x2a, 0x00, 0x0a, 0x00, 0x89, 0x00, 0x89, 0x00, 0x2a, 0x00, 0x6b, 0x00, 0xa1, 0x00,
    0x00, 0x00, 0x00, 0x00, 0x00, 0x00, 0x00, 0x00, 0x00, 0x00, 0x00, 0x00, 0x00, 0x00, 0xc2, 0x00,
    0xa7, 0x00, 0xa6, 0x00, 0xe7, 0x00, 0xc7, 0x00, 0x25, 0x00, 0x68, 0x00, 0x29, 0x00, 0x8a, 0x00,
    0xa4, 0x00, 0x00, 0x00, 0x00, 0x00, 0x00, 0x00, 0x00, 0x00, 0x00, 0x00, 0x00, 0x00, 0x00, 0x00,
    0x00, 0x00, 0x00, 0x00, 0x00, 0x00, 0x00, 0x00, 0x00, 0x00, 0x00, 0x00, 0x00, 0x00, 0x00, 0x00,
    0x00, 0x00, 0x00, 0x00, 0x00, 0x00, 0x81, 0x00, 0x02, 0x00, 0xc4, 0x00, 0x86, 0x00, 0x67, 0x00,
    0x29, 0x00, 0xaa, 0x00, 0xeb, 0x00, 0xaa, 0x00, 0xa8, 0x00, 0xc6, 0x00, 0x25, 0x00, 0x05, 0x00,
    0x46, 0x00, 0xa1, 0x00, 0x81, 0x00, 0xa4, 0x00, 0x66, 0x00, 0xa8, 0x00, 0x09, 0x00, 0xa6, 0x00,
    0x0a, 0x00, 0xcc, 0x00, 0xcc, 0x00, 0x4d, 0x00, 0x50, 0x00, 0xaf, 0x00, 0x2d, 0x00, 0x65, 0x00,
    0x00, 0x00, 0x00, 0x00, 0x00, 0x00, 0x00, 0x00, 0x00, 0x00, 0x00, 0x00, 0x20, 0x00, 0x61, 0x00,
    0x05, 0x00, 0x86, 0x00, 0xa6, 0x00, 0x86, 0x00, 0xc8, 0x00, 0xe9, 0x00, 0x48, 0x00, 0x83, 0x00,
    0x00, 0x00, 0x00, 0x00, 0x00, 0x00, 0x00, 0x00, 0x00, 0x00, 0x00, 0x00, 0x00, 0x00, 0x00, 0x00,
    0x00, 0x00, 0x00, 0x00, 0x00, 0x00, 0x00, 0x00, 0x00, 0x00, 0x00, 0x00, 0x00, 0x00, 0x00, 0x00,
    0x00, 0x00, 0x22, 0x00, 0xc6, 0x00, 0xa6, 0x00, 0x07, 0x00, 0x29, 0x00, 0xaa, 0x00, 0xeb, 0x00,
    0x8c, 0x00, 0xac, 0x00, 0x6c, 0x00, 0x0b, 0x00, 0xeb, 0x00, 0x29, 0x00, 0x07, 0x00, 0x04, 0x00,
    0x25, 0x00, 0xc4, 0x00, 0x23, 0x00, 0x45, 0x00, 0x07, 0x00, 0x68, 0x00, 0x6a, 0x00, 0xe8, 0x00,
    0x68, 0x00, 0xac, 0x00, 0x4e, 0x00, 0x91, 0x00, 0xd2, 0x00, 0x10, 0x00, 0x2d, 0x00, 0x4a, 0x00,
    0xc2, 0x00, 0x00, 0x00, 0x00, 0x00, 0x00, 0x00, 0x00, 0x00, 0x00, 0x00, 0x61, 0x00, 0xa4, 0x00,
    0x43, 0x00, 0x46, 0x00, 0x45, 0x00, 0xc7, 0x00, 0xe4, 0x00, 0x02, 0x00, 0x40, 0x00, 0x00, 0x00,
    0x00, 0x00, 0x00, 0x00, 0x00, 0x00, 0x00, 0x00, 0x00, 0x00, 0x00, 0x00, 0x00, 0x00, 0x00, 0x00,
    0x00, 0x00, 0x00, 0x00, 0x00, 0x00, 0x00, 0x00, 0x00, 0x00, 0x00, 0x00, 0x00, 0x00, 0x20, 0x00,
    0x05, 0x00, 0x68, 0x00, 0x66, 0x00, 0x07, 0x00, 0x29, 0x00, 0xcb, 0x00, 0xeb, 0x00, 0xeb, 0x00,
    0x2b, 0x00, 0x2b, 0x00, 0x2b, 0x00, 0xaa, 0x00, 0x49, 0x00, 0x8a, 0x00, 0xc8, 0x00, 0xc6, 0x00,
    0x05, 0x00, 0x25, 0x00, 0x25, 0x00, 0xc7, 0x00, 0x07, 0x00, 0xc8, 0x00, 0xa8, 0x00, 0x69, 0x00,
    0x8b, 0x00, 0x8e, 0x00, 0xcf, 0x00, 0x10, 0x00, 0x92, 0x00, 0x30, 0x00, 0x6e, 0x00, 0x6e, 0x00,
    0x45, 0x00, 0x00, 0x00, 0x00, 0x00, 0x00, 0x00, 0x00, 0x00, 0x00, 0x00, 0x00, 0x00, 0x46, 0x00,
    0xe5, 0x00, 0xc4, 0x00, 0x46, 0x00, 0x02, 0x00, 0x00, 0x00, 0x00, 0x00, 0x00, 0x00, 0x00, 0x00,
    0x00, 0x00, 0x00, 0x00, 0x00, 0x00, 0x00, 0x00, 0x00, 0x00, 0x00, 0x00, 0x00, 0x00, 0x00, 0x00,
    0x00, 0x00, 0x00, 0x00, 0x00, 0x00, 0x00, 0x00, 0x00, 0x00, 0x00, 0x00, 0x00, 0x00, 0xa1, 0x00,
    0x63, 0x00, 0x23, 0x00, 0x27, 0x00, 0x6a, 0x00, 0xcb, 0x00, 0xeb, 0x00, 0x0b, 0x00, 0x0b, 0x00,
    0xcb, 0x00, 0xcb, 0x00, 0x49, 0x00, 0x29, 0x00, 0x49, 0x00, 0x29, 0x00, 0xa8, 0x00, 0x45, 0x00,
    0x25, 0x00, 0xe5, 0x00, 0x86, 0x00, 0x47, 0x00, 0xa8, 0x00, 0x09, 0x00, 0x09, 0x00, 0x69, 0x00,
    0x4a, 0x00, 0xcf, 0x00, 0x50, 0x00, 0xb2, 0x00, 0x92, 0x00, 0x8f, 0x00, 0x30, 0x00, 0xae, 0x00,
    0x47, 0x00, 0x42, 0x00, 0x00, 0x00, 0x00, 0x00, 0x00, 0x00, 0x00, 0x00, 0x00, 0x00, 0x02, 0x00,
    0xe7, 0x00, 0xe5, 0x00, 0x05, 0x00, 0x20, 0x00, 0x00, 0x00, 0x00, 0x00, 0x00, 0x00, 0x00, 0x00,
    0x00, 0x00, 0x00, 0x00, 0x00, 0x00, 0x00, 0x00, 0x00, 0x00, 0x00, 0x00, 0x00, 0x00, 0x00, 0x00,
    0x00, 0x00, 0x00, 0x00, 0x00, 0x00, 0x00, 0x00, 0x00, 0x00, 0x00, 0x00, 0x00, 0x00, 0x00, 0x00,
    0x20, 0x00, 0xe7, 0x00, 0x09, 0x00, 0x09, 0x00, 0x6a, 0x00, 0x09, 0x00, 0x27, 0x00, 0xc6, 0x00,
    0xe6, 0x00, 0x27, 0x00, 0x48, 0x00, 0x47, 0x00, 0x49, 0x00, 0x29, 0x00, 0x07, 0x00, 0x45, 0x00,
    0x25, 0x00, 0x05, 0x00, 0x07, 0x00, 0xe9, 0x00, 0x4a, 0x00, 0xaa, 0x00, 0x6a, 0x00, 0xeb, 0x00,
    0x29, 0x00, 0xac, 0x00, 0x0f, 0x00, 0x91, 0x00, 0xf2, 0x00, 0x30, 0x00, 0x50, 0x00, 0xcf, 0x00,
    0x47, 0x00, 0xc6, 0x00, 0x00, 0x00, 0x00, 0x00, 0x00, 0x00, 0x00, 0x00, 0x00, 0x00, 0x00, 0x00,
    0x25, 0x00, 0xc7, 0x00, 0x25, 0x00, 0x40, 0x00, 0x00, 0x00, 0x00, 0x00, 0x00, 0x00, 0x00, 0x00,
    0x00, 0x00, 0x00, 0x00, 0x00, 0x00, 0x00, 0x00, 0x00, 0x00, 0x00, 0x00, 0x00, 0x00, 0x00, 0x00,
    0x00, 0x00, 0x00, 0x00, 0x00, 0x00, 0x00, 0x00, 0x00, 0x00, 0x00, 0x00, 0x00, 0x00, 0x81, 0x00,
    0xa6, 0x00, 0xe9, 0x00, 0x0a, 0x00, 0x4a, 0x00, 0x4a, 0x00, 0x65, 0x00, 0xe7, 0x00, 0x88, 0x00,
    0xa8, 0x00, 0x07, 0x00, 0x45, 0x00, 0xa6, 0x00, 0xe6, 0x00, 0xe9, 0x00, 0x07, 0x00, 0x25, 0x00,
    0x66, 0x00, 0xa6, 0x00, 0x68, 0x00, 0x09, 0x00, 0x6a, 0x00, 0x0b, 0x00, 0xcb, 0x00, 0x29, 0x00,
    0x49, 0x00, 0x4a, 0x00, 0xcc, 0x00, 0x71, 0x00, 0xb2, 0x00, 0x51, 0x00, 0x10, 0x00, 0x8e, 0x00,
    0x27, 0x00, 0xe8, 0x00, 0x81, 0x00, 0x00, 0x00, 0x00, 0x00, 0x00, 0x00, 0x00, 0x00, 0x00, 0x00,
    0x81, 0x00, 0x46, 0x00, 0xe7, 0x00, 0xc1, 0x00, 0x00, 0x00, 0x00, 0x00, 0x00, 0x00, 0x00, 0x00,
    0x00, 0x00, 0x00, 0x00, 0x00, 0x00, 0x00, 0x00, 0x00, 0x00, 0x00, 0x00, 0x00, 0x00, 0x00, 0x00,
    0x00, 0x00, 0x00, 0x00, 0x00, 0x00, 0x00, 0x00, 0x00, 0x00, 0x00, 0x00, 0x40, 0x00, 0xa6, 0x00,
    0x68, 0x00, 0xc9, 0x00, 0xc9, 0x00, 0x6a, 0x00, 0xc6, 0x00, 0x48, 0x00, 0xe9, 0x00, 0x4a, 0x00,
    0xcb, 0x00, 0xeb, 0x00, 0x09, 0x00, 0x45, 0x00, 0x86, 0x00, 0xa6, 0x00, 0x86, 0x00, 0x45, 0x00,
    0x66, 0x00, 0x07, 0x00, 0x09, 0x00, 0xcb, 0x00, 0xab, 0x00, 0xab, 0x00, 0x6a, 0x00, 0x29, 0x00,
    0x68, 0x00, 0x4d, 0x00, 0x8b, 0x00, 0x2d, 0x00, 0xb2, 0x00, 0x30, 0x00, 0x8e, 0x00, 0x2d, 0x00,
    0x48, 0x00, 0xc8, 0x00, 0x02, 0x00, 0x00, 0x00, 0x00, 0x00, 0x00, 0x00, 0x00, 0x00, 0x00, 0x00,
    0x00, 0x00, 0x02, 0x00, 0x07, 0x00, 0x24, 0x00, 0x00, 0x00, 0x00, 0x00, 0x00, 0x00, 0x00, 0x00,
    0x00, 0x00, 0x00, 0x00, 0x00, 0x00, 0x00, 0x00, 0x00, 0x00, 0x00, 0x00, 0x00, 0x00, 0x00, 0x00,
    0x00, 0x00, 0x00, 0x00, 0x00, 0x00, 0x00, 0x00, 0x00, 0x00, 0x00, 0x00, 0xa4, 0x00, 0x86, 0x00,
    0x88, 0x00, 0x88, 0x00, 0xa9, 0x00, 0x86, 0x00, 0x46, 0x00, 0x68, 0x00, 0xc9, 0x00, 0x8a, 0x00,
    0x6a, 0x00, 0xeb, 0x00, 0x0b, 0x00, 0x88, 0x00, 0x25, 0x00, 0x45, 0x00, 0x86, 0x00, 0x05, 0x00,
    0x05, 0x00, 0xa9, 0x00, 0x2a, 0x00, 0x0b, 0x00, 0xaa, 0x00, 0x09, 0x00, 0x8a, 0x00, 0x09, 0x00,
    0x48, 0x00, 0x4d, 0x00, 0x8e, 0x00, 0x2d, 0x00, 0xaf, 0x00, 0x6e, 0x00, 0x0d, 0x00, 0x0d, 0x00,
    0x25, 0x00, 0x47, 0x00, 0x63, 0x00, 0x00, 0x00, 0x00, 0x00, 0x00, 0x00, 0x00, 0x00, 0x00, 0x00,
    0x00, 0x00, 0x20, 0x00, 0x05, 0x00, 0x68, 0x00, 0x81, 0x00, 0x20, 0x00, 0x00, 0x00, 0x00, 0x00,
    0x00, 0x00, 0x00, 0x00, 0x00, 0x00, 0x00, 0x00, 0x00, 0x00, 0x00, 0x00, 0x00, 0x00, 0x00, 0x00,
    0x00, 0x00, 0x00, 0x00, 0x00, 0x00, 0x00, 0x00, 0x00, 0x00, 0x20, 0x00, 0xc2, 0x00, 0x25, 0x00,
    0x48, 0x00, 0xc7, 0x00, 0x87, 0x00, 0xe5, 0x00, 0xa7, 0x00, 0x48, 0x00, 0x09, 0x00, 0xcb, 0x00,
    0xab, 0x00, 0xeb, 0x00, 0xeb, 0x00, 0x6a, 0x00, 0x65, 0x00, 0x05, 0x00, 0x46, 0x00, 0xe5, 0x00,
    0x66, 0x00, 0x88, 0x00, 0x09, 0x00, 0x29, 0x00, 0x29, 0x00, 0x29, 0x00, 0xc8, 0x00, 0xa6, 0x00,
    0x07, 0x00, 0xcc, 0x00, 0x4d, 0x00, 0xae, 0x00, 0x6e, 0x00, 0x4b, 0x00, 0xcf, 0x00, 0x89, 0x00,
    0x04, 0x00, 0x68, 0x00, 0xa8, 0x00, 0x25, 0x00, 0x20, 0x00, 0x42, 0x00, 0xe2, 0x00, 0x00, 0x00,
    0x00, 0x00, 0x00, 0x00, 0x61, 0x00, 0xc7, 0x00, 0xc6, 0x00, 0xc4, 0x00, 0x02, 0x00, 0x00, 0x00,
    0x00, 0x00, 0x00, 0x00, 0x00, 0x00, 0x00, 0x00, 0x00, 0x00, 0x00, 0x00, 0x00, 0x00, 0x00, 0x00,
    0x00, 0x00, 0x00, 0x00, 0x00, 0x00, 0x00, 0x00, 0x00, 0x00, 0x00, 0x00, 0xe2, 0x00, 0x66, 0x00,
    0xa7, 0x00, 0x87, 0x00, 0x26, 0x00, 0x25, 0x00, 0xa7, 0x00, 0x89, 0x00, 0x88, 0x00, 0xa9, 0x00,
    0x2a, 0x00, 0xeb, 0x00, 0xeb, 0x00, 0xaa, 0x00, 0xc6, 0x00, 0xe4, 0x00, 0x05, 0x00, 0x05, 0x00,
    0x07, 0x00, 0x88, 0x00, 0x8a, 0x00, 0x29, 0x00, 0x4a, 0x00, 0x88, 0x00, 0xe7, 0x00, 0xe4, 0x00,
    0xe7, 0x00, 0xc9, 0x00, 0xec, 0x00, 0x4d, 0x00, 0x4d, 0x00, 0xec, 0x00, 0xcc, 0x00, 0xa4, 0x00,
    0x86, 0x00, 0x88, 0x00, 0xc8, 0x00, 0x09, 0x00, 0x06, 0x00, 0x09, 0x00, 0x09, 0x00, 0xc1, 0x00,
    0x20, 0x00, 0x00, 0x00, 0x00, 0x00, 0xc2, 0x00, 0x48, 0x00, 0xa8, 0x00, 0x45, 0x00, 0x00, 0x00,
    0x00, 0x00, 0x00, 0x00, 0x00, 0x00, 0x00, 0x00, 0x00, 0x00, 0x00, 0x00, 0x00, 0x00, 0x00, 0x00,
    0x00, 0x00, 0x00, 0x00, 0x00, 0x00, 0x00, 0x00, 0x00, 0x00, 0x00, 0x00, 0x05, 0x00, 0x05, 0x00,
    0xc7, 0x00, 0xa7, 0x00, 0x26, 0x00, 0xe5, 0x00, 0x87, 0x00, 0xc7, 0x00, 0xc7, 0x00, 0x88, 0x00,
    0x4a, 0x00, 0x4a, 0x00, 0xab, 0x00, 0x4a, 0x00, 0xa6, 0x00, 0x86, 0x00, 0xe5, 0x00, 0x86, 0x00,
    0x68, 0x00, 0xe9, 0x00, 0xab, 0x00, 0x09, 0x00, 0x47, 0x00, 0xe7, 0x00, 0xe4, 0x00, 0x25, 0x00,
    0xc9, 0x00, 0x88, 0x00, 0x0a, 0x00, 0xcc, 0x00, 0x8b, 0x00, 0x2a, 0x00, 0x86, 0x00, 0xc5, 0x00,
    0xe7, 0x00, 0x27, 0x00, 0xaa, 0x00, 0xe8, 0x00, 0x86, 0x00, 0xe8, 0x00, 0xe8, 0x00, 0x67, 0x00,
    0x06, 0x00, 0x00, 0x00, 0x00, 0x00, 0x00, 0x00, 0x83, 0x00, 0xe9, 0x00, 0xe8, 0x00, 0xa1, 0x00,
    0x00, 0x00, 0x00, 0x00, 0x00, 0x00, 0x00, 0x00, 0x00, 0x00, 0x00, 0x00, 0x00, 0x00, 0x00, 0x00,
    0x00, 0x00, 0x00, 0x00, 0x00, 0x00, 0x00, 0x00, 0x00, 0x00, 0xc2, 0x00, 0x46, 0x00, 0x05, 0x00,
    0xc8, 0x00, 0x46, 0x00, 0xc5, 0x00, 0xa4, 0x00, 0x87, 0x00, 0x66, 0x00, 0xe7, 0x00, 0x48, 0x00,
    0xa9, 0x00, 0xa9, 0x00, 0xe9, 0x00, 0x48, 0x00, 0x45, 0x00, 0xa6, 0x00, 0x25, 0x00, 0xe7, 0x00,
    0x88, 0x00, 0x4a, 0x00, 0xcb, 0x00, 0xcb, 0x00, 0xe6, 0x00, 0xc4, 0x00, 0xc4, 0x00, 0xa6, 0x00,
    0x89, 0x00, 0x88, 0x00, 0x88, 0x00, 0xc9, 0x00, 0x68, 0x00, 0xe9, 0x00, 0x05, 0x00, 0x46, 0x00,
    0x45, 0x00, 0x07, 0x00, 0xe9, 0x00, 0x47, 0x00, 0x83, 0x00, 0xc8, 0x00, 0x67, 0x00, 0xe9, 0x00,
    0xe9, 0x00, 0xa1, 0x00, 0x00, 0x00, 0x00, 0x00, 0x40, 0x00, 0xe7, 0x00, 0xcb, 0x00, 0x04, 0x00,
    0x00, 0x00, 0x00, 0x00, 0x00, 0x00, 0x00, 0x00, 0x00, 0x00, 0x00, 0x00, 0x00, 0x00, 0x00, 0x00,
    0x00, 0x00, 0x00, 0x00, 0x00, 0x00, 0x00, 0x00, 0x00, 0x00, 0x84, 0x00, 0x06, 0x00, 0xe5, 0x00,
    0x46, 0x00, 0x46, 0x00, 0xa4, 0x00, 0x43, 0x00, 0x87, 0x00, 0x46, 0x00, 0xe7, 0x00, 0xe7, 0x00,
    0xe7, 0x00, 0xa8, 0x00, 0x48, 0x00, 0xa6, 0x00, 0x65, 0x00, 0x45, 0x00, 0x66, 0x00, 0x07, 0x00,
    0x68, 0x00, 0x8a, 0x00, 0x0b, 0x00, 0x0b, 0x00, 0xc8, 0x00, 0x63, 0x00, 0x27, 0x00, 0xc6, 0x00,
    0x28, 0x00, 0xa9, 0x00, 0x68, 0x00, 0x27, 0x00, 0xe9, 0x00, 0x66, 0x00, 0x84, 0x00, 0x66, 0x00,
    0x25, 0x00, 0x25, 0x00, 0xa6, 0x00, 0x09, 0x00, 0x65, 0x00, 0x45, 0x00, 0x86, 0x00, 0x68, 0x00,
    0xa8, 0x00, 0x07, 0x00, 0x00, 0x00, 0x00, 0x00, 0x00, 0x00, 0xe5, 0x00, 0x6a, 0x00, 0x47, 0x00,
    0xa1, 0x00, 0x00, 0x00, 0x00, 0x00, 0x00, 0x00, 0x00, 0x00, 0x00, 0x00, 0x00, 0x00, 0x00, 0x00,
    0x00, 0x00, 0x00, 0x00, 0x00, 0x00, 0x00, 0x00, 0x00, 0x00, 0x06, 0x00, 0xa5, 0x00, 0x06, 0x00,
    0x67, 0x00, 0x46, 0x00, 0xe5, 0x00, 0x43, 0x00, 0x05, 0x00, 0x26, 0x00, 0xc7, 0x00, 0xa7, 0x00,
    0x07, 0x00, 0xc7, 0x00, 0x86, 0x00, 0xe4, 0x00, 0x86, 0x00, 0x25, 0x00, 0x25, 0x00, 0xc7, 0x00,
    0x48, 0x00, 0x4a, 0x00, 0x4a, 0x00, 0xeb, 0x00, 0xeb, 0x00, 0xc6, 0x00, 0xe7, 0x00, 0x07, 0x00,
    0x68, 0x00, 0x88, 0x00, 0x07, 0x00, 0xc6, 0x00, 0x25, 0x00, 0xa1, 0x00, 0x81, 0x00, 0x66, 0x00,
    0x87, 0x00, 0x05, 0x00, 0x05, 0x00, 0x07, 0x00, 0x86, 0x00, 0x25, 0x00, 0x25, 0x00, 0x25, 0x00,
    0x66, 0x00, 0xe7, 0x00, 0x20, 0x00, 0x00, 0x00, 0x00, 0x00, 0x23, 0x00, 0xe9, 0x00, 0x09, 0x00,
    0xe4, 0x00, 0x00, 0x00, 0x00, 0x00, 0x00, 0x00, 0x00, 0x00, 0x00, 0x00, 0x00, 0x00, 0x00, 0x00,
    0x00, 0x00, 0x00, 0x00, 0x00, 0x00, 0x00, 0x00, 0x61, 0x00, 0xc5, 0x00, 0x03, 0x00, 0x26, 0x00,
    0x67, 0x00, 0x46, 0x00, 0xe5, 0x00, 0x84, 0x00, 0x43, 0x00, 0x06, 0x00, 0x87, 0x00, 0xa7, 0x00,
    0xa7, 0x00, 0x66, 0x00, 0x05, 0x00, 0x23, 0x00, 0x43, 0x00, 0x22, 0x00, 0x63, 0x00, 0x86, 0x00,
    0xe7, 0x00, 0xe9, 0x00, 0x4a, 0x00, 0x8a, 0x00, 0x8a, 0x00, 0xc6, 0x00, 0xa6, 0x00, 0x48, 0x00,
    0x07, 0x00, 0xe4, 0x00, 0x63, 0x00, 0x43, 0x00, 0x25, 0x00, 0x84, 0x00, 0x00, 0x00, 0x81, 0x00,
    0x43, 0x00, 0xe2, 0x00, 0x23, 0x00, 0x45, 0x00, 0x40, 0x00, 0x61, 0x00, 0xe2, 0x00, 0x81, 0x00,
    0xe5, 0x00, 0x43, 0x00, 0x00, 0x00, 0x00, 0x00, 0x40, 0x00, 0x84, 0x00, 0x68, 0x00, 0xc9, 0x00,
    0xc4, 0x00, 0x00, 0x00, 0x00, 0x00, 0x00, 0x00, 0x00, 0x00, 0x00, 0x00, 0x00, 0x00, 0x00, 0x00,
    0x00, 0x00, 0x00, 0x00, 0x00, 0x00, 0x00, 0x00, 0x61, 0x00, 0x81, 0x00, 0x03, 0x00, 0x06, 0x00,
    0x87, 0x00, 0x05, 0x00, 0xc5, 0x00, 0x84, 0x00, 0x64, 0x00, 0x66, 0x00, 0x67, 0x00, 0x87, 0x00,
    0x66, 0x00, 0x66, 0x00, 0x63, 0x00, 0x02, 0x00, 0x63, 0x00, 0x02, 0x00, 0x02, 0x00, 0x05, 0x00,
    0xa7, 0x00, 0x07, 0x00, 0x88, 0x00, 0x8a, 0x00, 0xeb, 0x00, 0xe8, 0x00, 0xe4, 0x00, 0xc4, 0x00,
    0x43, 0x00, 0x23, 0x00, 0x63, 0x00, 0xe5, 0x00, 0x66, 0x00, 0xa1, 0x00, 0x00, 0x00, 0x00, 0x00,
    0x00, 0x00, 0x00, 0x00, 0x00, 0x00, 0x60, 0x00, 0x00, 0x00, 0x00, 0x00, 0x00, 0x00, 0x61, 0x00,
    0xe2, 0x00, 0x00, 0x00, 0x00, 0x00, 0x00, 0x00, 0x40, 0x00, 0x05, 0x00, 0x47, 0x00, 0x68, 0x00,
    0x43, 0x00, 0x00, 0x00, 0x00, 0x00, 0x00, 0x00, 0x00, 0x00, 0x00, 0x00, 0x00, 0x00, 0x00, 0x00,
    0x00, 0x00, 0x00, 0x00, 0x00, 0x00, 0x00, 0x00, 0x00, 0x00, 0x00, 0x00, 0x23, 0x00, 0xc5, 0x00,
    0x67, 0x00, 0x06, 0x00, 0xa5, 0x00, 0x64, 0x00, 0xc5, 0x00, 0x46, 0x00, 0x46, 0x00, 0x66, 0x00,
    0x46, 0x00, 0x43, 0x00, 0x23, 0x00, 0xc5, 0x00, 0xa4, 0x00, 0x63, 0x00, 0x23, 0x00, 0x43, 0x00,
    0x26, 0x00, 0xa7, 0x00, 0x48, 0x00, 0xe9, 0x00, 0x6a, 0x00, 0xeb, 0x00, 0xe4, 0x00, 0xc2, 0x00,
    0x43, 0x00, 0x63, 0x00, 0x63, 0x00, 0x43, 0x00, 0xa1, 0x00, 0x00, 0x00, 0x00, 0x00, 0x00, 0x00,
    0x00, 0x00, 0x00, 0x00, 0x00, 0x00, 0x00, 0x00, 0x00, 0x00, 0x00, 0x00, 0x00, 0x00, 0x00, 0x00,
    0x00, 0x00, 0x00, 0x00, 0x00, 0x00, 0x00, 0x00, 0x81, 0x00, 0x25, 0x00, 0x48, 0x00, 0x07, 0x00,
    0x81, 0x00, 0x00, 0x00, 0x00, 0x00, 0x00, 0x00, 0x00, 0x00, 0x00, 0x00, 0x00, 0x00, 0x00, 0x00,
    0x00, 0x00, 0x00, 0x00, 0x00, 0x00, 0x00, 0x00, 0x00, 0x00, 0x00, 0x00, 0xc2, 0x00, 0xe5, 0x00,
    0x05, 0x00, 0x06, 0x00, 0xc5, 0x00, 0x84, 0x00, 0x46, 0x00, 0x06, 0x00, 0x26, 0x00, 0x46, 0x00,
    0x84, 0x00, 0x03, 0x00, 0x84, 0x00, 0x43, 0x00, 0x61, 0x00, 0xe2, 0x00, 0xa4, 0x00, 0x43, 0x00,
    0x84, 0x00, 0x86, 0x00, 0xe7, 0x00, 0xe9, 0x00, 0xc8, 0x00, 0x8a, 0x00, 0xc6, 0x00, 0x43, 0x00,
    0x84, 0x00, 0x84, 0x00, 0x83, 0x00, 0xc2, 0x00, 0x00, 0x00, 0xe2, 0x00, 0x65, 0x00, 0x02, 0x00,
    0xa1, 0x00, 0x00, 0x00, 0x00, 0x00, 0x00, 0x00, 0x00, 0x00, 0x00, 0x00, 0x00, 0x00, 0x00, 0x00,
    0x00, 0x00, 0x00, 0x00, 0x00, 0x00, 0x00, 0x00, 0x23, 0x00, 0xa7, 0x00, 0x27, 0x00, 0xe5, 0x00,
    0x00, 0x00, 0x00, 0x00, 0x00, 0x00, 0x00, 0x00, 0x00, 0x00, 0x00, 0x00, 0x00, 0x00, 0x00, 0x00,
    0x00, 0x00, 0x00, 0x00, 0x00, 0x00, 0x00, 0x00, 0x00, 0x00, 0x00, 0x00, 0x40, 0x00, 0xe5, 0x00,
    0x84, 0x00, 0xe5, 0x00, 0x26, 0x00, 0xc5, 0x00, 0x26, 0x00, 0x46, 0x00, 0x67, 0x00, 0x46, 0x00,
    0x46, 0x00, 0x66, 0x00, 0xe5, 0x00, 0xa4, 0x00, 0x63, 0x00, 0x61, 0x00, 0x40, 0x00, 0x41, 0x00,
    0x61, 0x00, 0x46, 0x00, 0x46, 0x00, 0x07, 0x00, 0x48, 0x00, 0x88, 0x00, 0x09, 0x00, 0xa4, 0x00,
    0xe5, 0x00, 0x25, 0x00, 0x86, 0x00, 0x45, 0x00, 0x45, 0x00, 0x86, 0x00, 0xa6, 0x00, 0x07, 0x00,
    0x27, 0x00, 0xc4, 0x00, 0x00, 0x00, 0x00, 0x00, 0x00, 0x00, 0x00, 0x00, 0x00, 0x00, 0x00, 0x00,
    0x00, 0x00, 0x00, 0x00, 0x61, 0x00, 0x40, 0x00, 0x86, 0x00, 0x27, 0x00, 0x66, 0x00, 0xa1, 0x00,
    0x00, 0x00, 0x00, 0x00, 0x00, 0x00, 0x00, 0x00, 0x00, 0x00, 0x00, 0x00, 0x00, 0x00, 0x00, 0x00,
    0x00, 0x00, 0x00, 0x00, 0x00, 0x00, 0x00, 0x00, 0x00, 0x00, 0x00, 0x00, 0x00, 0x00, 0x43, 0x00,
    0xa5, 0x00, 0x06, 0x00, 0x06, 0x00, 0x26, 0x00, 0xe5, 0x00, 0xe5, 0x00, 0x46, 0x00, 0x46, 0x00,
    0x46, 0x00, 0x05, 0x00, 0x07, 0x00, 0x86, 0x00, 0xe4, 0x00, 0x27, 0x00, 0xe4, 0x00, 0x00, 0x00,
    0x00, 0x00, 0xe2, 0x00, 0x25, 0x00, 0x25, 0x00, 0x07, 0x00, 0xc9, 0x00, 0x6a, 0x00, 0x09, 0x00,
    0x84, 0x00, 0x43, 0x00, 0x63, 0x00, 0x25, 0x00, 0x66, 0x00, 0x86, 0x00, 0xa4, 0x00, 0x05, 0x00,
    0xc4, 0x00, 0x86, 0x00, 0x43, 0x00, 0x00, 0x00, 0x00, 0x00, 0x00, 0x00, 0x00, 0x00, 0x00, 0x00,
    0x20, 0x00, 0xe4, 0x00, 0xc4, 0x00, 0x65, 0x00, 0x88, 0x00, 0xc7, 0x00, 0x66, 0x00, 0xc1, 0x00,
    0x00, 0x00, 0x00, 0x00, 0x00, 0x00, 0x00, 0x00, 0x00, 0x00, 0x00, 0x00, 0x00, 0x00, 0x00, 0x00,
    0x00, 0x00, 0x00, 0x00, 0x00, 0x00, 0x00, 0x00, 0x00, 0x00, 0x00, 0x00, 0x00, 0x00, 0x40, 0x00,
    0xc2, 0x00, 0xa5, 0x00, 0x26, 0x00, 0xc5, 0x00, 0x06, 0x00, 0xa5, 0x00, 0x84, 0x00, 0x05, 0x00,
    0x68, 0x00, 0x04, 0x00, 0x27, 0x00, 0x88, 0x00, 0x65, 0x00, 0xe5, 0x00, 0x07, 0x00, 0x02, 0x00,
    0x00, 0x00, 0x20, 0x00, 0xc5, 0x00, 0x46, 0x00, 0xc7, 0x00, 0x48, 0x00, 0xe9, 0x00, 0x29, 0x00,
    0x85, 0x00, 0xc4, 0x00, 0x25, 0x00, 0xc4, 0x00, 0xa4, 0x00, 0xa4, 0x00, 0xc4, 0x00, 0xe5, 0x00,
    0xa4, 0x00, 0xa4, 0x00, 0xa6, 0x00, 0x86, 0x00, 0x04, 0x00, 0x83, 0x00, 0x83, 0x00, 0x04, 0x00,
    0x67, 0x00, 0xc8, 0x00, 0x88, 0x00, 0xe9, 0x00, 0x27, 0x00, 0xc7, 0x00, 0x43, 0x00, 0x00, 0x00,
    0x00, 0x00, 0x00, 0x00, 0x00, 0x00, 0x00, 0x00, 0x00, 0x00, 0x00, 0x00, 0x00, 0x00, 0x00, 0x00,
    0x00, 0x00, 0x00, 0x00, 0x00, 0x00, 0x00, 0x00, 0x00, 0x00, 0x00, 0x00, 0x00, 0x00, 0x00, 0x00,
    0x00, 0x00, 0x61, 0x00, 0x06, 0x00, 0xc5, 0x00, 0xa5, 0x00, 0xe6, 0x00, 0x84, 0x00, 0x25, 0x00,
    0x28, 0x00, 0x45, 0x00, 0x86, 0x00, 0x86, 0x00, 0x86, 0x00, 0x84, 0x00, 0xc5, 0x00, 0x84, 0x00,
    0x00, 0x00, 0x40, 0x00, 0xc5, 0x00, 0x26, 0x00, 0x86, 0x00, 0x88, 0x00, 0x07, 0x00, 0x07, 0x00,
    0x29, 0x00, 0xc6, 0x00, 0xc8, 0x00, 0xe9, 0x00, 0xa1, 0x00, 0x61, 0x00, 0x43, 0x00, 0x25, 0x00,
    0x46, 0x00, 0x25, 0x00, 0x86, 0x00, 0x27, 0x00, 0xc8, 0x00, 0x09, 0x00, 0x29, 0x00, 0x29, 0x00,
    0x09, 0x00, 0xe8, 0x00, 0xc8, 0x00, 0x07, 0x00, 0x25, 0x00, 0xc2, 0x00, 0x00, 0x00, 0x00, 0x00,
    0x00, 0x00, 0x00, 0x00, 0x00, 0x00, 0x00, 0x00, 0x00, 0x00, 0x00, 0x00, 0x00, 0x00, 0x00, 0x00,
    0x00, 0x00, 0x00, 0x00, 0x00, 0x00, 0x00, 0x00, 0x00, 0x00, 0x00, 0x00, 0x00, 0x00, 0x00, 0x00,
    0x00, 0x00, 0x00, 0x00, 0x40, 0x00, 0x84, 0x00, 0x43, 0x00, 0xe2, 0x00, 0x43, 0x00, 0xc5, 0x00,
    0x06, 0x00, 0xe5, 0x00, 0xa4, 0x00, 0xc4, 0x00, 0xa4, 0x00, 0x02, 0x00, 0x02, 0x00, 0x02, 0x00,
    0x00, 0x00, 0x40, 0x00, 0xa4, 0x00, 0x26, 0x00, 0x45, 0x00, 0xc9, 0x00, 0xc6, 0x00, 0x07, 0x00,
    0x27, 0x00, 0xc7, 0x00, 0x25, 0x00, 0x07, 0x00, 0xc4, 0x00, 0x00, 0x00, 0x00, 0x00, 0x81, 0x00,
    0x43, 0x00, 0xe5, 0x00, 0x26, 0x00, 0x86, 0x00, 0xc7, 0x00, 0x07, 0x00, 0x68, 0x00, 0x88, 0x00,
    0x68, 0x00, 0x07, 0x00, 0x86, 0x00, 0x84, 0x00, 0x20, 0x00, 0x00, 0x00, 0x00, 0x00, 0x00, 0x00,
    0x00, 0x00, 0x00, 0x00, 0x00, 0x00, 0x00, 0x00, 0x00, 0x00, 0x00, 0x00, 0x00, 0x00, 0x00, 0x00,
    0x00, 0x00, 0x00, 0x00, 0x00, 0x00, 0x00, 0x00, 0x00, 0x00, 0x00, 0x00, 0x00, 0x00, 0x00, 0x00,
    0x00, 0x00, 0x00, 0x00, 0x00, 0x00, 0x00, 0x00, 0x40, 0x00, 0x00, 0x00, 0x00, 0x00, 0x41, 0x00,
    0xe2, 0x00, 0x23, 0x00, 0x20, 0x00, 0x61, 0x00, 0xe2, 0x00, 0x61, 0x00, 0x00, 0x00, 0x00, 0x00,
    0x20, 0x00, 0x00, 0x00, 0x40, 0x00, 0x43, 0x00, 0x05, 0x00, 0x05, 0x00, 0x66, 0x00, 0x46, 0x00,
    0xc4, 0x00, 0x26, 0x00, 0x02, 0x00, 0xc2, 0x00, 0xa4, 0x00, 0x20, 0x00, 0x00, 0x00, 0x00, 0x00,
    0x00, 0x00, 0x40, 0x00, 0xc2, 0x00, 0x63, 0x00, 0xc4, 0x00, 0xe5, 0x00, 0x84, 0x00, 0x83, 0x00,
    0x63, 0x00, 0x23, 0x00, 0xc2, 0x00, 0x40, 0x00, 0x00, 0x00, 0x00, 0x00, 0x00, 0x00, 0x00, 0x00,
    0x00, 0x00, 0x00, 0x00, 0x00, 0x00, 0x00, 0x00, 0x00, 0x00, 0x00, 0x00, 0x00, 0x00, 0x00, 0x00,
    0x00, 0x00, 0x00, 0x00, 0x00, 0x00, 0x00, 0x00, 0x00, 0x00, 0x00, 0x00, 0x00, 0x00, 0x00, 0x00,
    0x00, 0x00, 0x00, 0x00, 0x00, 0x00, 0x00, 0x00, 0x00, 0x00, 0x00, 0x00, 0x00, 0x00, 0x00, 0x00,
    0x00, 0x00, 0x00, 0x00, 0x00, 0x00, 0x00, 0x00, 0x00, 0x00, 0x00, 0x00, 0x00, 0x00, 0x00, 0x00,
    0x00, 0x00, 0x00, 0x00, 0x00, 0x00, 0x00, 0x00, 0x61, 0x00, 0x23, 0x00, 0xe5, 0x00, 0x81, 0x00,
    0x81, 0x00, 0x02, 0x00, 0x61, 0x00, 0x00, 0x00, 0x20, 0x00, 0x00, 0x00, 0x00, 0x00, 0x00, 0x00,
    0x00, 0x00, 0x00, 0x00, 0x00, 0x00, 0x00, 0x00, 0x00, 0x00, 0x20, 0x00, 0x00, 0x00, 0x00, 0x00,
    0x00, 0x00, 0x00, 0x00, 0x00, 0x00, 0x00, 0x00, 0x00, 0x00, 0x00, 0x00, 0x00, 0x00, 0x00, 0x00,
    0x00, 0x00, 0x00, 0x00, 0x00, 0x00, 0x00, 0x00, 0x00, 0x00, 0x00, 0x00, 0x00, 0x00, 0x00, 0x00,
    0x00, 0x00, 0x00, 0x00, 0x00, 0x00, 0x00, 0x00, 0x00, 0x00, 0x00, 0x00, 0x00, 0x00, 0x00, 0x00,
    0x00, 0x00, 0x00, 0x00, 0x00, 0x00, 0x00, 0x00, 0x00, 0x00, 0x00, 0x00, 0x00, 0x00, 0x00, 0x00,
    0x00, 0x00, 0x00, 0x00, 0x00, 0x00, 0x00, 0x00, 0x00, 0x00, 0x00, 0x00, 0x00, 0x00, 0x00, 0x00,
    0x00, 0x00, 0x00, 0x00, 0x00, 0x00, 0x00, 0x00, 0x00, 0x00, 0x00, 0x00, 0x40, 0x00, 0x00, 0x00,
    0x00, 0x00, 0x00, 0x00, 0x00, 0x00, 0x00, 0x00, 0x00, 0x00, 0x00, 0x00, 0x00, 0x00, 0x00, 0x00,
    0x00, 0x00, 0x00, 0x00, 0x00, 0x00, 0x00, 0x00, 0x00, 0x00, 0x00, 0x00, 0x00, 0x00, 0x00, 0x00,
    0x00, 0x00, 0x00, 0x00, 0x00, 0x00, 0x00, 0x00, 0x00, 0x00, 0x00, 0x00, 0x00, 0x00, 0x00, 0x00,
    0x00, 0x00, 0x00, 0x00, 0x00, 0x00, 0x00, 0x00, 0x00, 0x00, 0x00, 0x00, 0x00, 0x00, 0x00, 0x00,
    0x00, 0x00, 0x00, 0x00, 0x00, 0x00, 0x00, 0x00, 0x00, 0x00, 0x00, 0x00, 0x00, 0x00, 0x00, 0x00,
    0x00, 0x00, 0x00, 0x00, 0x00, 0x00, 0x00, 0x00, 0x00, 0x00, 0x00, 0x00, 0x00, 0x00, 0x00, 0x00,
    0x00, 0x00, 0x00, 0x00, 0x00, 0x00, 0x00, 0x00, 0x00, 0x00, 0x00, 0x00, 0x00, 0x00, 0x00, 0x00,
    0x00, 0x00, 0x00, 0x00, 0x00, 0x00, 0x00, 0x00, 0x00, 0x00, 0x00, 0x00, 0x00, 0x00, 0x00, 0x00,
    0x00, 0x00, 0x00, 0x00, 0x00, 0x00, 0x00, 0x00, 0x00, 0x00, 0x00, 0x00, 0x00, 0x00, 0x00, 0x00,
    0x00, 0x00, 0x00, 0x00, 0x00, 0x00, 0x00, 0x00, 0x00, 0x00, 0x00, 0x00, 0x00, 0x00, 0x00, 0x00,
    0x00, 0x00, 0x00, 0x00, 0x00, 0x00, 0x00, 0x00, 0x00, 0x00, 0x00, 0x00, 0x00, 0x00, 0x00, 0x00,
    0x00, 0x00, 0x00, 0x00, 0x00, 0x00, 0x00, 0x00, 0x00, 0x00, 0x00, 0x00, 0x00, 0x00, 0x00, 0x00,
    0x00, 0x00, 0x00, 0x00, 0x00, 0x00, 0x00, 0x00, 0x00, 0x00, 0x00, 0x00, 0x00, 0x00, 0x00, 0x00,
    0x00, 0x00, 0x00, 0x00, 0x00, 0x00, 0x00, 0x00, 0x00, 0x00, 0x00, 0x00, 0x00, 0x00, 0x00, 0x00,
    0x00, 0x00, 0x00, 0x00, 0x00, 0x00, 0x00, 0x00, 0x00, 0x00, 0x00, 0x00, 0x00, 0x00, 0x00, 0x00,
    0x00, 0x00, 0x00, 0x00, 0x00, 0x00, 0x00, 0x00, 0x00, 0x00, 0x00, 0x00, 0x00, 0x00, 0x00, 0x00,
    0x00, 0x00, 0x00, 0x00, 0x00, 0x00, 0x00, 0x00, 0x00, 0x00, 0x00, 0x00, 0x00, 0x00, 0x00, 0x00,
    0x00, 0x00, 0x00, 0x00, 0x00, 0x00, 0x00, 0x00, 0x00, 0x00, 0x00, 0x00, 0x00, 0x00, 0x00, 0x00,
    0x00, 0x00, 0x00, 0x00, 0x00, 0x00, 0x00, 0x00, 0x00, 0x00, 0x00, 0x00, 0x00, 0x00, 0x00, 0x00,
    0x00, 0x00, 0x00, 0x00, 0x00, 0x00, 0x00, 0x00, 0x00, 0x00, 0x00, 0x00, 0x00, 0x00, 0x00, 0x00,
    0x00, 0x00, 0x00, 0x00, 0x00, 0x00, 0x00, 0x00, 0x00, 0x00, 0x00, 0x00, 0x00, 0x00, 0x00, 0x00,
    0x00, 0x00, 0x00, 0x00, 0x00, 0x00, 0x00, 0x00, 0x00, 0x00, 0x00, 0x00, 0x00, 0x00, 0x00, 0x00,
    0x00, 0x00, 0x00, 0x00, 0x00, 0x00, 0x00, 0x00, 0x00, 0x00, 0x00, 0x00, 0x00, 0x00, 0x00, 0x00,
    0x00, 0x00, 0x00, 0x00, 0x00, 0x00, 0x00, 0x00, 0x00, 0x00, 0x00, 0x00, 0x00, 0x00, 0x00, 0x00,
    0x00, 0x00, 0x00, 0x00, 0x00, 0x00, 0x00, 0x00, 0x00, 0x00, 0x00, 0x00, 0x00, 0x00, 0x00, 0x00,
    0x00, 0x00, 0x00, 0x00, 0x00, 0x00, 0x00, 0x00, 0x00, 0x00, 0x00, 0x00, 0x00, 0x00, 0x00, 0x00,
    0x00, 0x00, 0x00, 0x00, 0x00, 0x00, 0x00, 0x00, 0x00, 0x00, 0x00, 0x00, 0x00, 0x00, 0x00, 0x00,
    0x00, 0x00, 0x00, 0x00, 0x00, 0x00, 0x00, 0x00, 0x00, 0x00, 0x00, 0x00, 0x00, 0x00, 0x00, 0x00,
    0x00, 0x00, 0x00, 0x00, 0x00, 0x00, 0x00, 0x00, 0x00, 0x00, 0x00, 0x00, 0x00, 0x00, 0x00, 0x00,
    0x00, 0x00, 0x00, 0x00, 0x00, 0x00, 0x00, 0x00, 0x00, 0x00, 0x00, 0x00, 0x00, 0x00, 0x00, 0x00,
    0x00, 0x00, 0x00, 0x00, 0x00, 0x00, 0x00, 0x00, 0x00, 0x00, 0x00, 0x00, 0x00, 0x00, 0x00, 0x00,
    0x00, 0x00, 0x00, 0x00, 0x00, 0x00, 0x00, 0x00, 0x00, 0x00, 0x00, 0x00, 0x00, 0x00, 0x00, 0x00,
    0x00, 0x00, 0x00, 0x00, 0x00, 0x00, 0x00, 0x00, 0x00, 0x00, 0x00, 0x00, 0x00, 0x00, 0x00, 0x00,
    0x00, 0x00, 0x00, 0x00, 0x00, 0x00, 0x00, 0x00, 0x00, 0x00, 0x00, 0x00, 0x00, 0x00, 0x00, 0x00,
    0x00, 0x00, 0x00, 0x00, 0x00, 0x00, 0x00, 0x00, 0x00, 0x00, 0x00, 0x00, 0x00, 0x00, 0x00, 0x00,
    0x00, 0x00, 0x00, 0x00, 0x00, 0x00, 0x00, 0x00, 0x00, 0x00, 0x00, 0x00, 0x00, 0x00, 0x00, 0x00,
    0x00, 0x00, 0x00, 0x00, 0x00, 0x00, 0x00, 0x00, 0x00, 0x00, 0x00, 0x00, 0x00, 0x00, 0x00, 0x00,
    0x00, 0x00, 0x00, 0x00, 0x00, 0x00, 0x00, 0x00, 0x00, 0x00, 0x00, 0x00, 0x00, 0x00, 0x00, 0x00,
    0x00, 0x00, 0x00, 0x00, 0x00, 0x00, 0x00, 0x00, 0x00, 0x00, 0x00, 0x00, 0x00, 0x00, 0x00, 0x00,
    0x00, 0x00, 0x00, 0x00, 0x00, 0x00, 0x00, 0x00, 0x00, 0x00, 0x00, 0x00, 0x00, 0x00, 0x00, 0x00,
    0x00, 0x00, 0x00, 0x00, 0x00, 0x00, 0x00, 0x00, 0x00, 0x00, 0x00, 0x00, 0x00, 0x00, 0x00, 0x00,
    0x00, 0x00, 0x00, 0x00, 0x00, 0x00, 0x00, 0x00, 0x00, 0x00, 0x00, 0x00, 0x00, 0x00, 0x00, 0x00,
    0x00, 0x00, 0x00, 0x00, 0x00, 0x00, 0x00, 0x00, 0x00, 0x00, 0x00, 0x00, 0x00, 0x00, 0x00, 0x00,
    0x00, 0x00, 0x00, 0x00, 0x00, 0x00, 0x00, 0x00, 0x00, 0x00, 0x00, 0x00, 0x00, 0x00, 0x00, 0x00,
    0x00, 0x00, 0x00, 0x00, 0x00, 0x00, 0x00, 0x00, 0x00, 0x00, 0x00, 0x00, 0x00, 0x00, 0x00, 0x00,
    0x00, 0x00, 0x02, 0x43, 0x00, 0x00, 0x00, 0x00, 0x00, 0x00, 0x00, 0x00, 0x00, 0x00, 0x00, 0x00,
    0x00, 0x00, 0x00, 0x00, 0x00, 0x3e, 0x00, 0x00, 0x00, 0x00, 0x00, 0x00, 0x00, 0x00, 0x00, 0x00,
    0x00, 0x00, 0x00, 0x00, 0x00, 0x00, 0x00, 0x00, 0x00, 0x00, 0x00, 0x00, 0x00, 0x00, 0x00, 0x00,
    0x00, 0x00, 0x00, 0x00, 0x00, 0x00, 0x00, 0x00, 0x00, 0x00, 0x00, 0x00, 0x00, 0x00, 0x00, 0x00,
    0x00, 0x00, 0x71, 0x71, 0x00, 0x00, 0x00, 0x00, 0x00, 0x00, 0x00, 0x00, 0x00, 0x00, 0x00, 0x00,
    0x00, 0x00, 0x00, 0x00, 0x32, 0xaf, 0x00, 0x00, 0x00, 0x00, 0x00, 0x00, 0x00, 0x00, 0x00, 0x00,
    0x00, 0x00, 0x00, 0x00, 0x00, 0x00, 0x00, 0x00, 0x00, 0x00, 0x00, 0x00, 0x00, 0x00, 0x00, 0x00,
    0x00, 0x00, 0x00, 0x00, 0x00, 0x00, 0x00, 0x00, 0x00, 0x00, 0x00, 0x00, 0x00, 0x00, 0x00, 0x00,
    0x00, 0x00, 0xf7, 0x33, 0x00, 0x00, 0x00, 0x00, 0x00, 0x00, 0x00, 0x00, 0x00, 0x00, 0x00, 0x00,
    0x00, 0x00, 0x00, 0x00, 0x97, 0x9b, 0x00, 0x00, 0x00, 0x00, 0x00, 0x00, 0x00, 0x00, 0x00, 0x00,
    0x00, 0x00, 0x00, 0x00, 0x00, 0x00, 0x00, 0x00, 0x00, 0x00, 0x00, 0x00, 0x00, 0x00, 0x00, 0x00,
    0x00, 0x00, 0x00, 0x00, 0x00, 0x00, 0x00, 0x00, 0x00, 0x00, 0x00, 0x00, 0x00, 0x00, 0x00, 0x00,
    0x00, 0x02, 0xff, 0x66, 0x00, 0x00, 0x00, 0x09, 0x14, 0x00, 0x00, 0x00, 0x00, 0x00, 0x00, 0x00,
    0x00, 0x4f, 0x03, 0x00, 0xaa, 0xe2, 0x00, 0x00, 0x00, 0x00, 0x00, 0x00, 0x00, 0x00, 0x00, 0x00,
    0x00, 0x00, 0x00, 0x00, 0x00, 0x00, 0x00, 0x00, 0x00, 0x00, 0x00, 0x00, 0x00, 0x00, 0x00, 0x00,
    0x00, 0x00, 0x00, 0x00, 0x00, 0x00, 0x00, 0x00, 0x00, 0x00, 0x00, 0x00, 0x00, 0x00, 0x00, 0x00,
    0x00, 0x00, 0xc0, 0xe8, 0x03, 0x00, 0x00, 0xa8, 0x26, 0x00, 0x00, 0x00, 0x00, 0x00, 0x00, 0x00,
    0x00, 0xc3, 0x1c, 0x00, 0x57, 0xff, 0x3a, 0x00, 0x3d, 0x00, 0x00, 0x00, 0x00, 0x00, 0x00, 0x00,
    0x00, 0x00, 0x00, 0x00, 0x00, 0x00, 0x00, 0x00, 0x00, 0x00, 0x00, 0x00, 0x00, 0x00, 0x00, 0x00,
    0x00, 0x00, 0x00, 0x00, 0x00, 0x00, 0x00, 0x00, 0x00, 0x00, 0x00, 0x00, 0x00, 0x00, 0x00, 0x00,
    0x01, 0x00, 0x30, 0xff, 0x9a, 0x04, 0x00, 0xff, 0x29, 0x00, 0x00, 0x00, 0x00, 0x00, 0x00, 0x00,
    0x00, 0x82, 0xef, 0x25, 0x2a, 0xfd, 0xf7, 0x4e, 0xe0, 0x04, 0x00, 0x00, 0x00, 0x00, 0x00, 0x00,
    0x00, 0x00, 0x00, 0x00, 0x00, 0x00, 0x00, 0x00, 0x00, 0x00, 0x00, 0x00, 0x00, 0x00, 0x00, 0x00,
    0x00, 0x00, 0x00, 0x00, 0x00, 0x00, 0x00, 0x00, 0x00, 0x00, 0x00, 0x00, 0x00, 0x00, 0x00, 0x02,
    0x88, 0x04, 0x00, 0x6c, 0xff, 0xde, 0x89, 0xfd, 0xab, 0x00, 0x00, 0x00, 0x05, 0x45, 0x03, 0x00,
    0x00, 0x06, 0xd7, 0xff, 0xff, 0xf9, 0xff, 0xff, 0xe4, 0x01, 0x00, 0x00, 0x00, 0x00, 0x00, 0x00,
    0x00, 0x00, 0x00, 0x00, 0x00, 0x00, 0x00, 0x00, 0x00, 0x00, 0x00, 0x00, 0x00, 0x00, 0x00, 0x00,
    0x00, 0x00, 0x00, 0x00, 0x00, 0x00, 0x00, 0x00, 0x00, 0x00, 0x00, 0x00, 0x00, 0x00, 0x00, 0x00,
    0x95, 0xff, 0x8e, 0xa2, 0xf7, 0xff, 0xff, 0xf3, 0xff, 0x69, 0x00, 0x00, 0x00, 0xe4, 0xe2, 0x58,
    0x07, 0x05, 0x33, 0x52, 0xed, 0xff, 0xf3, 0xf9, 0x67, 0x00, 0x00, 0x00, 0x00, 0x00, 0x00, 0x00,
    0x00, 0x00, 0x00, 0x00, 0x00, 0x00, 0x00, 0x00, 0x00, 0x00, 0x00, 0x00, 0x00, 0x00, 0x00, 0x00,
    0x00, 0x00, 0x00, 0x00, 0x00, 0x00, 0x00, 0x00, 0x00, 0x00, 0x00, 0x00, 0x00, 0x00, 0x00, 0x00,
    0x03, 0x97, 0xff, 0xff, 0xff, 0xff, 0xff, 0xff, 0xfd, 0xff, 0xaf, 0x17, 0x09, 0x8e, 0xff, 0xff,
    0xf3, 0xbe, 0xe9, 0x18, 0x02, 0x7c, 0xff, 0xff, 0x42, 0x00, 0x00, 0x00, 0x00, 0x00, 0x00, 0x00,
    0x00, 0x00, 0x00, 0x00, 0x00, 0x00, 0x00, 0x00, 0x00, 0x00, 0x00, 0x00, 0x00, 0x00, 0x00, 0x00,
    0x00, 0x00, 0x00, 0x00, 0x00, 0x00, 0x00, 0x00, 0x00, 0x00, 0x00, 0x00, 0x00, 0x00, 0x00, 0x00,
    0x00, 0x00, 0x09, 0x17, 0x0e, 0x04, 0x0c, 0x47, 0xf9, 0xff, 0xff, 0xff, 0xff, 0xff, 0xfd, 0xf7,
    0xff, 0xff, 0xff, 0xff, 0x27, 0x00, 0xb9, 0xff, 0x8e, 0x00, 0x52, 0x0a, 0x00, 0x00, 0x00, 0x00,
    0x00, 0x00, 0x00, 0x00, 0x00, 0x00, 0x00, 0x00, 0x00, 0x00, 0x00, 0x00, 0x00, 0x00, 0x00, 0x00,
    0x00, 0x00, 0x00, 0x00, 0x00, 0x00, 0x00, 0x00, 0x00, 0x00, 0x00, 0x00, 0x00, 0x00, 0x00, 0x00,
    0x00, 0x00, 0x00, 0x00, 0x02, 0x14, 0x00, 0x00, 0x07, 0xc3, 0xf7, 0xf9, 0xfd, 0xfd, 0xff, 0xff,
    0xfd, 0xfb, 0xfd, 0xfd, 0xff, 0x9a, 0xd9, 0xff, 0xc1, 0x55, 0xff, 0x0a, 0x00, 0x00, 0x00, 0x00,
    0x00, 0x00, 0x00, 0x00, 0x00, 0x00, 0x00, 0x00, 0x00, 0x00, 0x00, 0x00, 0x00, 0x00, 0x00, 0x00,
    0x00, 0x00, 0x00, 0x00, 0x00, 0x00, 0x00, 0x00, 0x00, 0x00, 0x00, 0x00, 0x00, 0x00, 0x00, 0x00,
    0x00, 0x00, 0x00, 0x00, 0x00, 0xc7, 0xaf, 0x4f, 0x3a, 0xa2, 0xff, 0xfb, 0xff, 0xff, 0xff, 0xff,
    0xff, 0xff, 0xff, 0xff, 0xfd, 0xff, 0xff, 0xff, 0xfb, 0xff, 0xda, 0x01, 0x00, 0x00, 0x00, 0x00,
    0x00, 0x00, 0x00, 0x00, 0x00, 0x00, 0x00, 0x00, 0x00, 0x00, 0x00, 0x00, 0x00, 0x00, 0x00, 0x00,
    0x00, 0x00, 0x00, 0x00, 0x00, 0x00, 0x00, 0x00, 0x00, 0x00, 0x00, 0x00, 0x00, 0x00, 0x00, 0x00,
    0x00, 0x00, 0x01, 0x5c, 0x15, 0x0e, 0xbc, 0xff, 0xff, 0xff, 0xff, 0xff, 0xff, 0xff, 0xff, 0xff,
    0xff, 0xff, 0xff, 0xff, 0xff, 0xf9, 0xfd, 0xff, 0xf9, 0xfb, 0x7c, 0x00, 0x03, 0x00, 0x00, 0x00,
    0x00, 0x00, 0x00, 0x00, 0x00, 0x00, 0x00, 0x00, 0x00, 0x00, 0x00, 0x00, 0x00, 0x00, 0x00, 0x00,
    0x00, 0x00, 0x00, 0x00, 0x00, 0x00, 0x00, 0x00, 0x00, 0x00, 0x00, 0x00, 0x00, 0x00, 0x00, 0x00,
    0x00, 0x00, 0x00, 0x6d, 0xff, 0xc8, 0xa6, 0xeb, 0xf5, 0xfb, 0xff, 0xff, 0xff, 0xff, 0xff, 0xff,
    0xff, 0xff, 0xff, 0xff, 0xff, 0xff, 0xff, 0xff, 0xf9, 0xff, 0x54, 0x67, 0x4e, 0x00, 0x00, 0x00,
    0x00, 0x00, 0x00, 0x00, 0x00, 0x00, 0x00, 0x00, 0x00, 0x00, 0x00, 0x00, 0x00, 0x00, 0x00, 0x00,
    0x00, 0x00, 0x00, 0x00, 0x00, 0x00, 0x00, 0x00, 0x00, 0x00, 0x00, 0x00, 0x00, 0x00, 0x00, 0x00,
    0x00, 0x00, 0x00, 0x00, 0x8f, 0xff, 0xff, 0xff, 0xff, 0xff, 0xff, 0xff, 0xff, 0xff, 0xff, 0xff,
    0xff, 0xff, 0xff, 0xff, 0xff, 0xff, 0xff, 0xff, 0xff, 0xff, 0xed, 0xff, 0x21, 0x00, 0x00, 0x00,
    0x00, 0x00, 0x00, 0x00, 0x00, 0x00, 0x00, 0x00, 0x00, 0x00, 0x00, 0x00, 0x00, 0x00, 0x00, 0x00,
    0x00, 0x00, 0x00, 0x00, 0x00, 0x00, 0x00, 0x00, 0x00, 0x00, 0x00, 0x00, 0x00, 0x00, 0x00, 0x00,
    0x00, 0x00, 0x00, 0x00, 0x01, 0xa6, 0xff, 0xfb, 0xff, 0xff, 0xff, 0xff, 0xff, 0xff, 0xff, 0xff,
    0xff, 0xff, 0xff, 0xff, 0xff, 0xff, 0xff, 0xff, 0xff, 0xfd, 0xff, 0xe9, 0x03, 0x00, 0x00, 0x00,
    0x00, 0x00, 0x00, 0x00, 0x00, 0x00, 0x00, 0x00, 0x00, 0x00, 0x00, 0x00, 0x00, 0x00, 0x00, 0x00,
    0x00, 0x00, 0x00, 0x00, 0x00, 0x00, 0x00, 0x00, 0x00, 0x00, 0x00, 0x00, 0x00, 0x00, 0x00, 0x00,
    0x00, 0x00, 0x00, 0x00, 0x00, 0x00, 0x91, 0xfd, 0xfb, 0xff, 0xff, 0xff, 0xff, 0xff, 0xff, 0xff,
    0xff, 0xff, 0xff, 0xff, 0xff, 0xff, 0xff, 0xff, 0xff, 0xf7, 0xff, 0x75, 0x00, 0x00, 0x00, 0x00,
    0x00, 0x00, 0x00, 0x00, 0x00, 0x00, 0x00, 0x00, 0x00, 0x00, 0x00, 0x00, 0x00, 0x00, 0x00, 0x00,
    0x00, 0x00, 0x00, 0x00, 0x00, 0x00, 0x00, 0x00, 0x00, 0x00, 0x00, 0x00, 0x00, 0x00, 0x00, 0x00,
    0x00, 0x00, 0x00, 0x00, 0x01, 0x19, 0x9d, 0xfd, 0xfb, 0xff, 0xff, 0xff, 0xff, 0xff, 0xff, 0xff,
    0xff, 0xff, 0xff, 0xff, 0xff, 0xff, 0xff, 0xff, 0xff, 0xfb, 0xfd, 0x0d, 0x00, 0x00, 0x00, 0x00,
    0x00, 0x00, 0x00, 0x00, 0x00, 0x00, 0x00, 0x00, 0x00, 0x00, 0x00, 0x00, 0x00, 0x00, 0x00, 0x00,
    0x00, 0x00, 0x00, 0x00, 0x00, 0x00, 0x00, 0x00, 0x00, 0x00, 0x00, 0x00, 0x00, 0x00, 0x00, 0x00,
    0x00, 0x00, 0x14, 0x92, 0xcc, 0xff, 0xff, 0xff, 0xff, 0xff, 0xff, 0xff, 0xff, 0xff, 0xff, 0xff,
    0xff, 0xff, 0xff, 0xff, 0xff, 0xff, 0xff, 0xff, 0xff, 0xff, 0xf7, 0xa3, 0x2f, 0x00, 0x00, 0x00,
    0x00, 0x00, 0x00, 0x00, 0x00, 0x00, 0x00, 0x00, 0x00, 0x00, 0x00, 0x00, 0x00, 0x00, 0x00, 0x00,
    0x00, 0x00, 0x00, 0x00, 0x00, 0x00, 0x00, 0x00, 0x00, 0x00, 0x00, 0x00, 0x00, 0x00, 0x00, 0x00,
    0x00, 0x00, 0x04, 0x71, 0xff, 0xff, 0xfd, 0xff, 0xff, 0xff, 0xff, 0xff, 0xff, 0xff, 0xff, 0xff,
    0xff, 0xff, 0xff, 0xff, 0xff, 0xff, 0xff, 0xff, 0xff, 0xff, 0xf9, 0xff, 0x28, 0x00, 0x00, 0x00,
    0x00, 0x00, 0x00, 0x00, 0x00, 0x00, 0x00, 0x00, 0x09, 0x23, 0x00, 0x00, 0x00, 0x00, 0x00, 0x00,
    0x00, 0x00, 0x00, 0x00, 0x00, 0x00, 0x00, 0x00, 0x00, 0x00, 0x00, 0x00, 0x00, 0x00, 0x00, 0x00,
    0x00, 0x00, 0x00, 0x00, 0x09, 0x4c, 0xed, 0xfd, 0xfd, 0xff, 0xff, 0xff, 0xff, 0xff, 0xff, 0xff,
    0xff, 0xff, 0xff, 0xff, 0xff, 0xff, 0xff, 0xff, 0xff, 0xfb, 0xff, 0xc1, 0x00, 0x00, 0x00, 0x00,
    0x00, 0x00, 0x00, 0x00, 0x00, 0x00, 0x00, 0x00, 0x4e, 0xe2, 0x00, 0x00, 0x00, 0x00, 0x00, 0x00,
    0x00, 0x00, 0x00, 0x00, 0x00, 0x00, 0x00, 0x00, 0x00, 0x00, 0x00, 0x00, 0x00, 0x00, 0x00, 0x00,
    0x00, 0x00, 0x00, 0x00, 0x00, 0x0d, 0xf5, 0xf9, 0xff, 0xff, 0xff, 0xff, 0xff, 0xff, 0xff, 0xff,
    0xff, 0xff, 0xff, 0xff, 0xff, 0xff, 0xff, 0xff, 0xff, 0xff, 0xf9, 0xff, 0x88, 0x00, 0x00, 0x00,
    0x00, 0x00, 0x00, 0x00, 0x00, 0x00, 0x00, 0x08, 0xe0, 0xff, 0x0f, 0x00, 0x00, 0x00, 0x00, 0x00,
    0x00, 0x00, 0x00, 0x00, 0x00, 0x00, 0x00, 0x00, 0x00, 0x00, 0x00, 0x00, 0x00, 0x00, 0x00, 0x00,
    0x00, 0x00, 0x00, 0x00, 0x00, 0xa3, 0xfd, 0xf9, 0xff, 0xff, 0xff, 0xff, 0xff, 0xff, 0xff, 0xff,
    0xff, 0xff, 0xff, 0xff, 0xff, 0xff, 0xff, 0xff, 0xff, 0xff, 0xf9, 0xef, 0x41, 0x00, 0x00, 0x00,
    0x00, 0x00, 0x00, 0x00, 0x00, 0x04, 0x3f, 0xdc, 0xfd, 0xfd, 0x32, 0x00, 0x00, 0x00, 0x00, 0x00,
    0x00, 0x00, 0x00, 0x00, 0x00, 0x00, 0x00, 0x00, 0x00, 0x00, 0x00, 0x00, 0x00, 0x00, 0x00, 0x00,
    0x00, 0x00, 0x00, 0x00, 0x10, 0xff, 0xff, 0xfd, 0xff, 0xff, 0xff, 0xff, 0xff, 0xff, 0xff, 0xff,
    0xff, 0xff, 0xff, 0xff, 0xff, 0xff, 0xff, 0xff, 0xff, 0xf9, 0xfd, 0xe9, 0x00, 0x00, 0x00, 0x00,
    0x00, 0x00, 0x00, 0x00, 0x44, 0xe2, 0xff, 0xff, 0xf5, 0xff, 0x49, 0x00, 0x00, 0x00, 0x00, 0x00,
    0x00, 0x00, 0x00, 0x00, 0x00, 0x00, 0x00, 0x00, 0x00, 0x00, 0x00, 0x00, 0x00, 0x00, 0x00, 0x00,
    0x00, 0x00, 0x00, 0x00, 0x23, 0x66, 0x31, 0xf5, 0xfd, 0xff, 0xff, 0xff, 0xff, 0xff, 0xff, 0xff,
    0xff, 0xff, 0xff, 0xff, 0xff, 0xff, 0xff, 0xff, 0xfb, 0xff, 0xff, 0x57, 0x00, 0x00, 0x00, 0x00,
    0x00, 0x0f, 0x03, 0x89, 0xff, 0xff, 0xf7, 0xfd, 0xf7, 0xfd, 0x44, 0x00, 0x00, 0x00, 0x00, 0x00,
    0x00, 0x00, 0x00, 0x00, 0x00, 0x00, 0x00, 0x00, 0x00, 0x00, 0x00, 0x00, 0x00, 0x00, 0x00, 0x00,
    0x00, 0x00, 0x00, 0x00, 0x00, 0x00, 0x11, 0xff, 0xf7, 0xff, 0xff, 0xff, 0xff, 0xff, 0xff, 0xff,
    0xff, 0xff, 0xff, 0xff, 0xff, 0xff, 0xff, 0xfd, 0xff, 0xe8, 0x1a, 0x00, 0x00, 0x00, 0x00, 0x00,
    0x0d, 0xdc, 0x8f, 0xff, 0xf5, 0xfd, 0xff, 0xff, 0xf9, 0xff, 0x20, 0x00, 0x00, 0x00, 0x00, 0x00,
    0x00, 0x00, 0x00, 0x00, 0x00, 0x00, 0x00, 0x00, 0x00, 0x00, 0x00, 0x00, 0x00, 0x00, 0x00, 0x00,
    0x00, 0x00, 0x00, 0x00, 0x00, 0x00, 0x13, 0xff, 0xff, 0xff, 0xff, 0xff, 0xff, 0xff, 0xff, 0xff,
    0xff, 0xff, 0xff, 0xff, 0xff, 0xff, 0xfd, 0xfb, 0xe6, 0x0d, 0x00, 0x00, 0x00, 0x00, 0x00, 0x00,
    0x98, 0xff, 0xff, 0xfb, 0xff, 0xff, 0xff, 0xfd, 0xfb, 0xe8, 0x02, 0x00, 0x00, 0x00, 0x00, 0x00,
    0x00, 0x00, 0x00, 0x00, 0x00, 0x00, 0x00, 0x00, 0x00, 0x00, 0x00, 0x00, 0x00, 0x00, 0x00, 0x00,
    0x00, 0x00, 0x00, 0x00, 0x00, 0x00, 0x06, 0xd7, 0x59, 0xff, 0xfb, 0xff, 0xff, 0xff, 0xff, 0xff,
    0xff, 0xff, 0xff, 0xff, 0xff, 0xff, 0xf9, 0xff, 0x1b, 0x00, 0x00, 0x00, 0x00, 0x00, 0x00, 0x0a,
    0xff, 0xfb, 0xfb, 0xff, 0xff, 0xff, 0xff, 0xf3, 0xff, 0x4b, 0x00, 0x00, 0x00, 0x00, 0x00, 0x00,
    0x00, 0x00, 0x00, 0x00, 0x00, 0x00, 0x00, 0x00, 0x00, 0x00, 0x00, 0x00, 0x00, 0x00, 0x00, 0x00,
    0x17, 0x38, 0x05, 0x00, 0x00, 0x00, 0x00, 0x0d, 0x07, 0xfd, 0xf9, 0xfd, 0xff, 0xff, 0xff, 0xff,
    0xff, 0xff, 0xff, 0xff, 0xff, 0xf9, 0xff, 0x68, 0x00, 0x00, 0x00, 0x00, 0x00, 0x00, 0x00, 0x38,
    0xff, 0xf7, 0xff, 0xff, 0xff, 0xff, 0xfb, 0xff, 0xa3, 0x00, 0x00, 0x00, 0x00, 0x00, 0x00, 0x00,
    0x00, 0x00, 0x00, 0x00, 0x00, 0x00, 0x00, 0x00, 0x00, 0x00, 0x00, 0x00, 0x00, 0x02, 0x06, 0x02,
    0x05, 0xd1, 0xf3, 0x7b, 0x0e, 0x00, 0x01, 0x00, 0x00, 0xc0, 0xff, 0xff, 0xff, 0xff, 0xff, 0xff,
    0xff, 0xff, 0xff, 0xff, 0xfd, 0xfd, 0xe4, 0x03, 0x00, 0x00, 0x00, 0x00, 0x00, 0x00, 0x00, 0x5f,
    0xff, 0xf7, 0xff, 0xff, 0xff, 0xfd, 0xff, 0x8b, 0x09, 0x04, 0x00, 0x00, 0x00, 0x00, 0x00, 0x00,
    0x00, 0x00, 0x00, 0x00, 0x00, 0x00, 0x00, 0x00, 0x00, 0x00, 0x02, 0x50, 0xba, 0xe9, 0xf7, 0xe4,
    0x94, 0x9d, 0xff, 0xff, 0xff, 0x4f, 0x7e, 0x4d, 0x00, 0x2f, 0xb9, 0xd5, 0xff, 0xfd, 0xff, 0xff,
    0xff, 0xff, 0xff, 0xff, 0xfd, 0xff, 0xdc, 0x01, 0x00, 0x00, 0x00, 0x00, 0x00, 0x00, 0x00, 0x5e,
    0xfd, 0xf7, 0xff, 0xff, 0xfd, 0xf9, 0xa0, 0x51, 0xca, 0x0a, 0x00, 0x00, 0x00, 0x00, 0x00, 0x00,
    0x00, 0x00, 0x00, 0x00, 0x00, 0x00, 0x00, 0x00, 0x00, 0x00, 0x01, 0x3f, 0xab, 0xf3, 0xff, 0xff,
    0xff, 0xff, 0xfd, 0xf9, 0xff, 0xff, 0xed, 0xff, 0x62, 0x00, 0x06, 0xe4, 0xfd, 0xfd, 0xff, 0xff,
    0xff, 0xff, 0xff, 0xff, 0xff, 0xf9, 0xff, 0x27, 0x00, 0x00, 0x00, 0x00, 0x00, 0x00, 0x00, 0x2c,
    0xff, 0xf7, 0xff, 0xff, 0xf9, 0xf5, 0xf1, 0xff, 0x59, 0x00, 0x00, 0x00, 0x00, 0x00, 0x00, 0x00,
    0x00, 0x00, 0x00, 0x00, 0x00, 0x00, 0x00, 0x00, 0x00, 0x00, 0x00, 0x0d, 0x50, 0xcf, 0xfb, 0xfb,
    0xf9, 0xfb, 0xff, 0xff, 0xfd, 0xf9, 0xff, 0xf3, 0xff, 0x25, 0x38, 0xff, 0xf7, 0xff, 0xff, 0xff,
    0xff, 0xff, 0xff, 0xff, 0xff, 0xfb, 0xff, 0xcc, 0x01, 0x00, 0x00, 0x00, 0x00, 0x00, 0x02, 0x19,
    0xe2, 0xfd, 0xfd, 0xfd, 0xff, 0xff, 0xff, 0x5e, 0x00, 0x00, 0x00, 0x00, 0x00, 0x00, 0x00, 0x00,
    0x00, 0x00, 0x00, 0x00, 0x00, 0x00, 0x00, 0x00, 0x00, 0x26, 0xbe, 0xff, 0xff, 0xff, 0xff, 0xff,
    0xff, 0xff, 0xff, 0xff, 0xff, 0xff, 0xff, 0xfd, 0xfb, 0xf3, 0xed, 0xff, 0xfd, 0xff, 0xff, 0xff,
    0xff, 0xff, 0xff, 0xff, 0xff, 0xff, 0xf7, 0xff, 0x39, 0x00, 0x00, 0x00, 0x00, 0x00, 0x09, 0xa2,
    0x94, 0xff, 0xf9, 0xff, 0x95, 0x3c, 0x0b, 0x00, 0x00, 0x00, 0x00, 0x00, 0x00, 0x00, 0x00, 0x00,
    0x00, 0x00, 0x00, 0x00, 0x00, 0x00, 0x00, 0x01, 0x82, 0xff, 0xff, 0xf9, 0xf9, 0xfd, 0xff, 0xff,
    0xff, 0xff, 0xff, 0xff, 0xff, 0xff, 0xff, 0xff, 0xff, 0xff, 0xff, 0xff, 0xff, 0xff, 0xff, 0xff,
    0xff, 0xff, 0xff, 0xff, 0xff, 0xff, 0xfb, 0xfd, 0xd7, 0x01, 0x00, 0x00, 0x00, 0x00, 0x00, 0xce,
    0xe6, 0xf5, 0xff, 0x47, 0x00, 0x00, 0x00, 0x00, 0x00, 0x00, 0x00, 0x00, 0x00, 0x00, 0x00, 0x00,
    0x00, 0x00, 0x00, 0x00, 0x00, 0x00, 0x00, 0x24, 0x67, 0x8b, 0xfb, 0xfb, 0xff, 0xff, 0xff, 0xff,
    0xff, 0xff, 0xff, 0xff, 0xff, 0xff, 0xff, 0xff, 0xff, 0xfd, 0xfd, 0xff, 0xff, 0xff, 0xff, 0xff,
    0xff, 0xff, 0xff, 0xff, 0xff, 0xff, 0xff, 0xf7, 0xff, 0x36, 0x00, 0x00, 0x00, 0x00, 0x00, 0x4a,
    0xff, 0xfd, 0xe8, 0x01, 0x00, 0x00, 0x00, 0x00, 0x00, 0x00, 0x00, 0x00, 0x00, 0x00, 0x00, 0x00,
    0x00, 0x00, 0x00, 0x00, 0x00, 0x00, 0x00, 0x00, 0x0b, 0xd7, 0xfb, 0xfd, 0xff, 0xff, 0xff, 0xff,
    0xff, 0xff, 0xff, 0xff, 0xff, 0xff, 0xff, 0xff, 0xff, 0xff, 0xff, 0xff, 0xff, 0xff, 0xff, 0xff,
    0xff, 0xff, 0xff, 0xff, 0xff, 0xff, 0xff, 0xfb, 0xfd, 0xba, 0x00, 0x00, 0x00, 0x00, 0x00, 0x02,
    0xd5, 0xff, 0xe4, 0x02, 0x00, 0x00, 0x00, 0x00, 0x00, 0x00, 0x00, 0x00, 0x00, 0x00, 0x00, 0x00,
    0x00, 0x00, 0x00, 0x00, 0x00, 0x00, 0x00, 0x11, 0xf7, 0xff, 0xfd, 0xff, 0xff, 0xff, 0xff, 0xff,
    0xff, 0xff, 0xff, 0xff, 0xff, 0xff, 0xff, 0xff, 0xff, 0xff, 0xff, 0xff, 0xff, 0xff, 0xff, 0xff,
    0xff, 0xff, 0xff, 0xff, 0xff, 0xff, 0xff, 0xff, 0xfd, 0xff, 0x0a, 0x00, 0x00, 0x00, 0x00, 0x00,
    0x17, 0xff, 0xfd, 0x0e, 0x00, 0x00, 0x00, 0x00, 0x00, 0x00, 0x00, 0x00, 0x00, 0x00, 0x00, 0x00,
    0x00, 0x00, 0x00, 0x00, 0x00, 0x00, 0x04, 0xe0, 0xff, 0xfb, 0xff, 0xff, 0xff, 0xff, 0xff, 0xff,
    0xff, 0xff, 0xff, 0xff, 0xff, 0xff, 0xff, 0xff, 0xff, 0xff, 0xff, 0xff, 0xff, 0xff, 0xff, 0xff,
    0xff, 0xff, 0xff, 0xff, 0xff, 0xff, 0xff, 0xff, 0xf7, 0xff, 0x21, 0x00, 0x00, 0x00, 0x00, 0x00,
    0x00, 0x5b, 0xff, 0x57, 0x00, 0x00, 0x00, 0x00, 0x00, 0x00, 0x00, 0x00, 0x00, 0x00, 0x00, 0x00,
    0x00, 0x00, 0x00, 0x00, 0x00, 0x00, 0x8f, 0xff, 0xf7, 0xff, 0xff, 0xff, 0xff, 0xff, 0xff, 0xff,
    0xff, 0xff, 0xff, 0xff, 0xff, 0xff, 0xff, 0xff, 0xff, 0xff, 0xff, 0xff, 0xff, 0xff, 0xff, 0xff,
    0xff, 0xff, 0xff, 0xff, 0xff, 0xff, 0xff, 0xff, 0xf7, 0xff, 0x63, 0x00, 0x00, 0x00, 0x00, 0x00,
    0x00, 0x01, 0xd7, 0xf1, 0x06, 0x06, 0x01, 0x00, 0x00, 0x00, 0x00, 0x00, 0x00, 0x00, 0x00, 0x00,
    0x00, 0x00, 0x00, 0x00, 0x00, 0x02, 0x50, 0xeb, 0xfd, 0xff, 0xff, 0xff, 0xff, 0xff, 0xff, 0xff,
    0xff, 0xff, 0xff, 0xff, 0xff, 0xff, 0xff, 0xff, 0xff, 0xff, 0xff, 0xff, 0xff, 0xff, 0xff, 0xff,
    0xff, 0xff, 0xff, 0xff, 0xff, 0xff, 0xff, 0xff, 0xff, 0xfd, 0xff, 0x91, 0x07, 0x1f, 0x13, 0x00,
    0x00, 0x00, 0x17, 0xff, 0x92, 0x83, 0x1a, 0x00, 0x00, 0x00, 0x00, 0x00, 0x00, 0x00, 0x00, 0x00,
    0x00, 0x00, 0x00, 0x00, 0x00, 0x00, 0x45, 0xff, 0xf7, 0xff, 0xff, 0xff, 0xff, 0xff, 0xff, 0xff,
    0xff, 0xff, 0xff, 0xff, 0xff, 0xff, 0xff, 0xff, 0xff, 0xff, 0xff, 0xff, 0xff, 0xff, 0xff, 0xff,
    0xff, 0xff, 0xff, 0xff, 0xff, 0xff, 0xff, 0xff, 0xff, 0xff, 0xfd, 0xff, 0xe9, 0xff, 0xf9, 0x18,
    0x02, 0x00, 0x00, 0x3c, 0xff, 0xff, 0x80, 0x00, 0x00, 0x00, 0x00, 0x00, 0x00, 0x00, 0x00, 0x00,
    0x00, 0x00, 0x00, 0x00, 0x00, 0x01, 0xe2, 0xff, 0xfd, 0xff, 0xff, 0xff, 0xff, 0xff, 0xff, 0xff,
    0xff, 0xff, 0xff, 0xff, 0xff, 0xff, 0xff, 0xff, 0xff, 0xff, 0xff, 0xff, 0xff, 0xff, 0xff, 0xff,
    0xff, 0xff, 0xff, 0xff, 0xff, 0xfb, 0xfd, 0xff, 0xff, 0xff, 0xff, 0xf9, 0xff, 0xfb, 0xfd, 0xff,
    0xca, 0x01, 0x00, 0x00, 0x8e, 0xfd, 0xf9, 0x09, 0x00, 0x00, 0x00, 0x00, 0x00, 0x00, 0x00, 0x00,
    0x00, 0x00, 0x00, 0x00, 0x00, 0x26, 0xff, 0xf9, 0xff, 0xff, 0xff, 0xff, 0xff, 0xff, 0xff, 0xff,
    0xff, 0xff, 0xff, 0xff, 0xff, 0xff, 0xff, 0xff, 0xff, 0xff, 0xff, 0xff, 0xff, 0xff, 0xff, 0xff,
    0xff, 0xff, 0xff, 0xff, 0xff, 0xff, 0xff, 0xff, 0xff, 0xff, 0xff, 0xff, 0xfd, 0xff, 0xfd, 0xf9,
    0xff, 0x1e, 0x00, 0x00, 0x11, 0xff, 0xff, 0x47, 0x00, 0x00, 0x00, 0x00, 0x00, 0x00, 0x00, 0x00,
    0x00, 0x00, 0x00, 0x00, 0x00, 0x80, 0xfd, 0xf9, 0xff, 0xff, 0xff, 0xff, 0xff, 0xff, 0xff, 0xff,
    0xff, 0xff, 0xff, 0xff, 0xff, 0xff, 0xff, 0xff, 0xff, 0xff, 0xff, 0xff, 0xff, 0xff, 0xff, 0xff,
    0xff, 0xff, 0xff, 0xfb, 0xff, 0xa0, 0xe6, 0xfd, 0xf5, 0xf7, 0xfb, 0xfd, 0xfd, 0xf9, 0xf7, 0xf3,
    0xfd, 0xa5, 0x00, 0x00, 0x00, 0xbc, 0xff, 0xc5, 0x25, 0x00, 0x00, 0x00, 0x00, 0x00, 0x00, 0x00,
    0x00, 0x00, 0x00, 0x00, 0x01, 0xde, 0xff, 0xfd, 0xff, 0xff, 0xff, 0xff, 0xff, 0xff, 0xff, 0xff,
    0xff, 0xff, 0xff, 0xff, 0xff, 0xff, 0xff, 0xff, 0xff, 0xff, 0xff, 0xff, 0xff, 0xff, 0xff, 0xff,
    0xff, 0xff, 0xff, 0xf7, 0xff, 0x33, 0x1f, 0xff, 0xff, 0xff, 0xff, 0xff, 0xff, 0xff, 0xff, 0xff,
    0xf7, 0xe8, 0x01, 0x00, 0x00, 0x70, 0xff, 0xff, 0x86, 0x00, 0x00, 0x00, 0x00, 0x00, 0x00, 0x00,
    0x00, 0x00, 0x00, 0x00, 0x10, 0xe0, 0x92, 0xff, 0xfb, 0xff, 0xff, 0xff, 0xff, 0xff, 0xff, 0xff,
    0xff, 0xff, 0xff, 0xff, 0xff, 0xff, 0xff, 0xff, 0xff, 0xff, 0xff, 0xff, 0xff, 0xff, 0xff, 0xff,
    0xff, 0xff, 0xff, 0xf3, 0xfb, 0x68, 0x00, 0x14, 0x68, 0x63, 0xa8, 0xff, 0x14, 0x17, 0x34, 0x31,
    0xff, 0x63, 0x00, 0x00, 0x0d, 0xd5, 0xf9, 0xfd, 0x7c, 0x00, 0x00, 0x00, 0x00, 0x00, 0x00, 0x00,
    0x00, 0x00, 0x00, 0x00, 0x1d, 0x2b, 0x5b, 0xff, 0xf7, 0xff, 0xff, 0xff, 0xff, 0xff, 0xff, 0xff,
    0xff, 0xff, 0xff, 0xfd, 0xf7, 0xfb, 0xff, 0xff, 0xff, 0xff, 0xff, 0xff, 0xff, 0xff, 0xff, 0xff,
    0xff, 0xff, 0xff, 0xff, 0xff, 0x1f, 0x00, 0x00, 0x00, 0x00, 0x00, 0x0e, 0x00, 0x00, 0x00, 0x0b,
    0x51, 0x00, 0x00, 0x00, 0x0b, 0xff, 0xf3, 0xfd, 0x50, 0x00, 0x00, 0x00, 0x00, 0x00, 0x00, 0x00,
    0x00, 0x00, 0x00, 0x00, 0x00, 0x00, 0x5d, 0xff, 0xf7, 0xff, 0xff, 0xff, 0xff, 0xff, 0xff, 0xff,
    0xff, 0xff, 0xff, 0xff, 0xff, 0xff, 0xf9, 0xfb, 0xfd, 0xff, 0xff, 0xff, 0xff, 0xff, 0xff, 0xff,
    0xff, 0xff, 0xf5, 0xb9, 0x32, 0x00, 0x00, 0x00, 0x00, 0x00, 0x00, 0x00, 0x00, 0x00, 0x00, 0x00,
    0x00, 0x00, 0x00, 0x00, 0x1c, 0xfd, 0xf5, 0xff, 0x15, 0x00, 0x00, 0x00, 0x00, 0x00, 0x00, 0x00,
    0x00, 0x00, 0x00, 0x00, 0x00, 0x00, 0x30, 0xff, 0xf7, 0xff, 0xff, 0xff, 0xff, 0xff, 0xff, 0xff,
    0xff, 0xfd, 0xff, 0xd1, 0x4b, 0x98, 0xff, 0xff, 0xff, 0xfd, 0xff, 0xff, 0xff, 0xff, 0xff, 0xff,
    0xfd, 0xfd, 0xe9, 0x32, 0x02, 0x35, 0x9a, 0x2a, 0x15, 0x00, 0x00, 0x00, 0x00, 0x00, 0x00, 0x00,
    0x00, 0x00, 0x00, 0x00, 0x6f, 0xff, 0xff, 0xaa, 0x00, 0x00, 0x00, 0x00, 0x00, 0x00, 0x00, 0x00,
    0x00, 0x00, 0x00, 0x00, 0x00, 0x00, 0x07, 0xfb, 0xf9, 0xfd, 0xff, 0xff, 0xff, 0xff, 0xff, 0xff,
    0xff, 0xfd, 0xfd, 0xe6, 0x55, 0x17, 0x1c, 0x17, 0x2a, 0xff, 0xfb, 0xff, 0xff, 0xff, 0xff, 0xff,
    0xff, 0xff, 0xff, 0xff, 0xf9, 0xff, 0xff, 0xff, 0xff, 0x59, 0x00, 0x00, 0x00, 0x00, 0x00, 0x00,
    0x00, 0x00, 0x0b, 0x0a, 0xf5, 0xf9, 0xf7, 0x33, 0x00, 0x00, 0x00, 0x00, 0x00, 0x00, 0x00, 0x00,
    0x00, 0x00, 0x00, 0x00, 0x00, 0x00, 0x00, 0x80, 0xff, 0xfb, 0xfd, 0xff, 0xff, 0xff, 0xff, 0xff,
    0xff, 0xff, 0xff, 0xff, 0xff, 0xff, 0x47, 0x00, 0x00, 0x6d, 0xff, 0xf9, 0xff, 0xff, 0xff, 0xff,
    0xff, 0xff, 0xff, 0xfd, 0xff, 0xf1, 0xf5, 0xf7, 0xf5, 0xff, 0x4c, 0x00, 0x00, 0x00, 0x00, 0x00,
    0x02, 0x7b, 0x98, 0xb7, 0xfd, 0xf3, 0xff, 0x34, 0x00, 0x00, 0x00, 0x00, 0x00, 0x00, 0x00, 0x00,
    0x00, 0x00, 0x00, 0x00, 0x00, 0x00, 0x00, 0x08, 0x6b, 0xc0, 0xff, 0xf7, 0xfd, 0xf7, 0xfb, 0xff,
    0xff, 0xff, 0xfd, 0xfd, 0xf9, 0xf1, 0xff, 0x26, 0x00, 0x08, 0xfd, 0xfd, 0xff, 0xff, 0xff, 0xff,
    0xff, 0xff, 0xff, 0xfb, 0xfd, 0xff, 0xff, 0xfd, 0xf7, 0xf9, 0xff, 0xc1, 0x6f, 0x35, 0x3a, 0x68,
    0xd9, 0xff, 0xff, 0xff, 0xff, 0xff, 0x52, 0x00, 0x00, 0x00, 0x00, 0x00, 0x00, 0x00, 0x00, 0x00,
    0x00, 0x00, 0x00, 0x00, 0x00, 0x00, 0x00, 0x00, 0x00, 0x12, 0xed, 0xff, 0xff, 0xff, 0xff, 0xfd,
    0xf9, 0xff, 0xff, 0xfb, 0xf9, 0xff, 0xff, 0x9a, 0x00, 0x10, 0xfd, 0xfb, 0xff, 0xff, 0xff, 0xff,
    0xff, 0xff, 0xf7, 0xeb, 0x32, 0x34, 0xaf, 0xff, 0xff, 0xff, 0xf5, 0xff, 0xff, 0xff, 0xff, 0xff,
    0xff, 0xf3, 0xf5, 0xfb, 0xca, 0x24, 0x00, 0x00, 0x00, 0x00, 0x00, 0x00, 0x00, 0x00, 0x00, 0x00,
    0x00, 0x00, 0x00, 0x00, 0x00, 0x00, 0x00, 0x00, 0x01, 0x00, 0x0e, 0xa8, 0xc3, 0x68, 0xc0, 0xff,
    0xff, 0xff, 0xed, 0xff, 0xff, 0x7c, 0x7e, 0x73, 0x01, 0x11, 0xfd, 0xff, 0xf7, 0xf9, 0xfd, 0xf7,
    0xf9, 0xf9, 0xff, 0xff, 0x9b, 0x00, 0x03, 0x18, 0x6f, 0xe6, 0xff, 0xff, 0xff, 0xfb, 0xff, 0xff,
    0xff, 0xff, 0xff, 0xb7, 0x05, 0x00, 0x00, 0x00, 0x00, 0x00, 0x00, 0x00, 0x00, 0x00, 0x00, 0x00,
    0x00, 0x00, 0x00, 0x00, 0x00, 0x00, 0x00, 0x00, 0x00, 0x00, 0x00, 0x01, 0x0c, 0x00, 0x03, 0x18,
    0x62, 0x92, 0x0d, 0x1f, 0x6f, 0x17, 0x00, 0x03, 0x02, 0x03, 0x1d, 0xa5, 0xff, 0xff, 0xff, 0xff,
    0xff, 0xff, 0x7c, 0x80, 0xcc, 0x04, 0x02, 0x00, 0x00, 0x08, 0x36, 0x88, 0xce, 0xf3, 0xaa, 0x82,
    0x78, 0x57, 0x2a, 0x08, 0x01, 0x01, 0x00, 0x00, 0x00, 0x00, 0x00, 0x00, 0x00, 0x00, 0x00, 0x00,
    0x00, 0x00, 0x00, 0x00, 0x00, 0x00, 0x00, 0x00, 0x00, 0x00, 0x00, 0x00, 0x00, 0x00, 0x00, 0x00,
    0x00, 0x00, 0x00, 0x00, 0x00, 0x00, 0x00, 0x00, 0x00, 0x00, 0x00, 0x01, 0x29, 0x86, 0xe0, 0x39,
    0x28, 0x67, 0x0e, 0x00, 0x04, 0x00, 0x00, 0x00, 0x00, 0x00, 0x00, 0x00, 0x01, 0x05, 0x01, 0x00,
    0x00, 0x00, 0x00, 0x00, 0x00, 0x00, 0x00, 0x00, 0x00, 0x00, 0x00, 0x00, 0x00, 0x00, 0x00, 0x00,
    0x00, 0x00, 0x00, 0x00, 0x00, 0x00, 0x00, 0x00, 0x00, 0x00, 0x00, 0x00, 0x00, 0x00, 0x00, 0x00,
    0x00, 0x00, 0x00, 0x00, 0x00, 0x00, 0x00, 0x00, 0x00, 0x00, 0x00, 0x00, 0x00, 0x00, 0x07, 0x00,
    0x00, 0x00, 0x00, 0x00, 0x00, 0x00, 0x00, 0x00, 0x00, 0x00, 0x00, 0x00, 0x00, 0x00, 0x00, 0x00,
    0x00, 0x00, 0x00, 0x00, 0x00, 0x00, 0x00, 0x00, 0x00, 0x00, 0x00, 0x00, 0x00, 0x00, 0x00, 0x00,
    0x00, 0x00, 0x00, 0x00, 0x00, 0x00, 0x00, 0x00, 0x00, 0x00, 0x00, 0x00, 0x00, 0x00, 0x00, 0x00,
    0x00, 0x00, 0x00, 0x00, 0x00, 0x00, 0x00, 0x00, 0x00, 0x00, 0x00, 0x00, 0x00, 0x00, 0x00, 0x00,
    0x00, 0x00, 0x00, 0x00, 0x00, 0x00, 0x00, 0x00, 0x00, 0x00, 0x00, 0x00, 0x00, 0x00, 0x00, 0x00,
    0x00, 0x00, 0x00, 0x00, 0x00, 0x00, 0x00, 0x00, 0x00, 0x00, 0x00, 0x00, 0x00, 0x00, 0x00, 0x00,
    0x00, 0x00, 0x00, 0x00, 0x00, 0x00, 0x00, 0x00, 0x00, 0x00, 0x00, 0x00, 0x00, 0x00, 0x00, 0x00,
    0x00, 0x00, 0x00, 0x00, 0x00, 0x00, 0x00, 0x00, 0x00, 0x00, 0x00, 0x00, 0x00, 0x00, 0x00, 0x00,
    0x00, 0x00, 0x00, 0x00, 0x00, 0x00, 0x00, 0x00, 0x00, 0x00, 0x00, 0x00, 0x00, 0x00, 0x00, 0x00,
    0x00, 0x00, 0x00, 0x00, 0x00, 0x00, 0x00, 0x00, 0x00, 0x00, 0x00, 0x00, 0x00, 0x00, 0x00, 0x00,
    0x00, 0x00, 0x00, 0x00, 0x00, 0x00, 0x00, 0x00, 0x00, 0x00, 0x00, 0x00, 0x00, 0x00, 0x00, 0x00,
    0x00, 0x00, 0x00, 0x00, 0x00, 0x00, 0x00, 0x00, 0x00, 0x00, 0x00, 0x00, 0x00, 0x00, 0x00, 0x00,
    0x00, 0x00, 0x00, 0x00, 0x00, 0x00, 0x00, 0x00, 0x00, 0x00, 0x00, 0x00, 0x00, 0x00, 0x00, 0x00,
    0x00, 0x00, 0x00, 0x00, 0x00, 0x00, 0x00, 0x00, 0x00, 0x00, 0x00, 0x00, 0x00, 0x00, 0x00, 0x00,
    0x00, 0x00, 0x00, 0x00, 0x00, 0x00, 0x00, 0x00, 0x00, 0x00, 0x00, 0x00, 0x00, 0x00, 0x00, 0x00,
    0x00, 0x00, 0x00, 0x00, 0x00, 0x00, 0x00, 0x00, 0x00, 0x00, 0x00, 0x00, 0x00, 0x00, 0x00, 0x00,
    0x00, 0x00, 0x00, 0x00, 0x00, 0x00, 0x00, 0x00, 0x00, 0x00, 0x00, 0x00, 0x00, 0x00, 0x00, 0x00,
    0x00, 0x00, 0x00, 0x00, 0x00, 0x00, 0x00, 0x00, 0x00, 0x00, 0x00, 0x00, 0x00, 0x00, 0x00, 0x00,
};

const lv_image_dsc_t play_frame_6_dsc = {
    .header.w = 64,
    .header.h = 64,
    .header.cf = LV_COLOR_FORMAT_RGB565A8,
    .data_size = 12288,
    .data = play_frame_6_data,
};

/* Frame 7: frame_007.png */
static const uint8_t play_frame_7_data[] = {
    0x00, 0x00, 0x00, 0x00, 0x00, 0x00, 0x00, 0x00, 0x00, 0x00, 0x00, 0x00, 0x00, 0x00, 0x00, 0x00,
    0x00, 0x00, 0x00, 0x00, 0x00, 0x00, 0x00, 0x00, 0x00, 0x00, 0x00, 0x00, 0x00, 0x00, 0x00, 0x00,
    0x00, 0x00, 0x00, 0x00, 0x00, 0x00, 0x00, 0x00, 0x00, 0x00, 0x00, 0x00, 0x00, 0x00, 0x00, 0x00,
    0x00, 0x00, 0x00, 0x00, 0x00, 0x00, 0x00, 0x00, 0x00, 0x00, 0x00, 0x00, 0x00, 0x00, 0x00, 0x00,
    0x00, 0x00, 0x00, 0x00, 0x00, 0x00, 0x00, 0x00, 0x00, 0x00, 0x00, 0x00, 0x00, 0x00, 0x00, 0x00,
    0x00, 0x00, 0x00, 0x00, 0x00, 0x00, 0x00, 0x00, 0x00, 0x00, 0x00, 0x00, 0x00, 0x00, 0x00, 0x00,
    0x00, 0x00, 0x00, 0x00, 0x00, 0x00, 0x00, 0x00, 0x00, 0x00, 0x00, 0x00, 0x00, 0x00, 0x00, 0x00,
    0x00, 0x00, 0x00, 0x00, 0x00, 0x00, 0x00, 0x00, 0x00, 0x00, 0x00, 0x00, 0x00, 0x00, 0x00, 0x00,
    0x00, 0x00, 0x00, 0x00, 0x00, 0x00, 0x00, 0x00, 0x00, 0x00, 0x00, 0x00, 0x00, 0x00, 0x00, 0x00,
    0x00, 0x00, 0x00, 0x00, 0x00, 0x00, 0x00, 0x00, 0x00, 0x00, 0x00, 0x00, 0x00, 0x00, 0x00, 0x00,
    0x00, 0x00, 0x00, 0x00, 0x61, 0x00, 0x03, 0x00, 0x00, 0x00, 0x00, 0x00, 0x00, 0x00, 0x00, 0x00,
    0x00, 0x00, 0x00, 0x00, 0x00, 0x00, 0x00, 0x00, 0x00, 0x00, 0x00, 0x00, 0x00, 0x00, 0x00, 0x00,
    0x00, 0x00, 0x00, 0x00, 0x00, 0x00, 0x00, 0x00, 0x00, 0x00, 0x00, 0x00, 0x00, 0x00, 0x00, 0x00,
    0x00, 0x00, 0x00, 0x00, 0x00, 0x00, 0x00, 0x00, 0x00, 0x00, 0x00, 0x00, 0x00, 0x00, 0x00, 0x00,
    0x00, 0x00, 0x00, 0x00, 0x00, 0x00, 0x00, 0x00, 0x00, 0x00, 0x00, 0x00, 0x00, 0x00, 0x00, 0x00,
    0x00, 0x00, 0x00, 0x00, 0x00, 0x00, 0x00, 0x00, 0x00, 0x00, 0x00, 0x00, 0x00, 0x00, 0x00, 0x00,
    0x00, 0x00, 0x00, 0x00, 0x00, 0x00, 0x00, 0x00, 0x00, 0x00, 0x00, 0x00, 0x00, 0x00, 0x00, 0x00,
    0x00, 0x00, 0x00, 0x00, 0x00, 0x00, 0x00, 0x00, 0x00, 0x00, 0x00, 0x00, 0x00, 0x00, 0x00, 0x00,
    0x00, 0x00, 0x00, 0x00, 0x84, 0x00, 0x26, 0x00, 0x00, 0x00, 0x00, 0x00, 0x00, 0x00, 0x00, 0x00,
    0x00, 0x00, 0x00, 0x00, 0x00, 0x00, 0x00, 0x00, 0x00, 0x00, 0x00, 0x00, 0x02, 0x00, 0x20, 0x00,
    0x00, 0x00, 0x00, 0x00, 0x00, 0x00, 0x00, 0x00, 0x00, 0x00, 0x00, 0x00, 0x00, 0x00, 0x00, 0x00,
    0x00, 0x00, 0x00, 0x00, 0x00, 0x00, 0x00, 0x00, 0x00, 0x00, 0x00, 0x00, 0x00, 0x00, 0x00, 0x00,
    0x00, 0x00, 0x00, 0x00, 0x00, 0x00, 0x00, 0x00, 0x00, 0x00, 0x00, 0x00, 0x00, 0x00, 0x00, 0x00,
    0x00, 0x00, 0x00, 0x00, 0x00, 0x00, 0x00, 0x00, 0x00, 0x00, 0x00, 0x00, 0x00, 0x00, 0x00, 0x00,
    0x00, 0x00, 0x00, 0x00, 0x00, 0x00, 0x00, 0x00, 0x00, 0x00, 0x00, 0x00, 0x00, 0x00, 0x00, 0x00,
    0x00, 0x00, 0x00, 0x00, 0x00, 0x00, 0x00, 0x00, 0x00, 0x00, 0x00, 0x00, 0x00, 0x00, 0x00, 0x00,
    0x00, 0x00, 0x00, 0x00, 0xa5, 0x00, 0xc7, 0x00, 0x00, 0x00, 0x00, 0x00, 0x00, 0x00, 0x81, 0x00,
    0x81, 0x00, 0x00, 0x00, 0x00, 0x00, 0x00, 0x00, 0x00, 0x00, 0x40, 0x00, 0xc6, 0x00, 0x20, 0x00,
    0x00, 0x00, 0x00, 0x00, 0x00, 0x00, 0x00, 0x00, 0x00, 0x00, 0x00, 0x00, 0x00, 0x00, 0x00, 0x00,
    0x00, 0x00, 0x00, 0x00, 0x00, 0x00, 0x00, 0x00, 0x00, 0x00, 0x00, 0x00, 0x00, 0x00, 0x00, 0x00,
    0x00, 0x00, 0x00, 0x00, 0x00, 0x00, 0x00, 0x00, 0x00, 0x00, 0x00, 0x00, 0x00, 0x00, 0x00, 0x00,
    0x00, 0x00, 0x00, 0x00, 0x00, 0x00, 0x00, 0x00, 0x00, 0x00, 0x00, 0x00, 0x00, 0x00, 0x00, 0x00,
    0x00, 0x00, 0x00, 0x00, 0x00, 0x00, 0x00, 0x00, 0x00, 0x00, 0x00, 0x00, 0x00, 0x00, 0x00, 0x00,
    0x00, 0x00, 0x00, 0x00, 0x00, 0x00, 0x00, 0x00, 0x00, 0x00, 0x00, 0x00, 0x00, 0x00, 0x00, 0x00,
    0x00, 0x00, 0x00, 0x00, 0x23, 0x00, 0x6a, 0x00, 0x23, 0x00, 0x00, 0x00, 0x00, 0x00, 0x84, 0x00,
    0x43, 0x00, 0x00, 0x00, 0x00, 0x00, 0x00, 0x00, 0x00, 0x00, 0x60, 0x00, 0x07, 0x00, 0xa1, 0x00,
    0x00, 0x00, 0x00, 0x00, 0x00, 0x00, 0x00, 0x00, 0x00, 0x00, 0x00, 0x00, 0x00, 0x00, 0x00, 0x00,
    0x00, 0x00, 0x00, 0x00, 0x00, 0x00, 0x00, 0x00, 0x00, 0x00, 0x00, 0x00, 0x00, 0x00, 0x00, 0x00,
    0x00, 0x00, 0x00, 0x00, 0x00, 0x00, 0x00, 0x00, 0x00, 0x00, 0x00, 0x00, 0x00, 0x00, 0x00, 0x00,
    0x00, 0x00, 0x00, 0x00, 0x00, 0x00, 0x00, 0x00, 0x00, 0x00, 0x00, 0x00, 0x00, 0x00, 0x00, 0x00,
    0x00, 0x00, 0x00, 0x00, 0x00, 0x00, 0x00, 0x00, 0x00, 0x00, 0x00, 0x00, 0x00, 0x00, 0x00, 0x00,
    0x00, 0x00, 0x00, 0x00, 0x00, 0x00, 0x00, 0x00, 0x00, 0x00, 0x00, 0x00, 0x00, 0x00, 0x00, 0x00,
    0x00, 0x00, 0x00, 0x00, 0x61, 0x00, 0x87, 0x00, 0x49, 0x00, 0x81, 0x00, 0x00, 0x00, 0x23, 0x00,
    0x87, 0x00, 0x00, 0x00, 0x00, 0x00, 0xe2, 0x00, 0x02, 0x00, 0x00, 0x00, 0x65, 0x00, 0xc6, 0x00,
    0x20, 0x00, 0x00, 0x00, 0x00, 0x00, 0xa4, 0x00, 0xe2, 0x00, 0x00, 0x00, 0x00, 0x00, 0x00, 0x00,
    0x00, 0x00, 0x00, 0x00, 0x00, 0x00, 0x00, 0x00, 0x00, 0x00, 0x00, 0x00, 0x00, 0x00, 0x00, 0x00,
    0x00, 0x00, 0x00, 0x00, 0x00, 0x00, 0x00, 0x00, 0x00, 0x00, 0x00, 0x00, 0x00, 0x00, 0x00, 0x00,
    0x00, 0x00, 0x00, 0x00, 0x00, 0x00, 0x00, 0x00, 0x00, 0x00, 0x00, 0x00, 0x00, 0x00, 0x00, 0x00,
    0x00, 0x00, 0x00, 0x00, 0x00, 0x00, 0x00, 0x00, 0x00, 0x00, 0x00, 0x00, 0x00, 0x00, 0x00, 0x00,
    0x00, 0x00, 0x00, 0x00, 0x00, 0x00, 0x00, 0x00, 0x00, 0x00, 0x00, 0x00, 0x00, 0x00, 0x00, 0x00,
    0x00, 0x00, 0x00, 0x00, 0x00, 0x00, 0x23, 0x00, 0xe8, 0x00, 0x08, 0x00, 0x23, 0x00, 0x61, 0x00,
    0xa7, 0x00, 0x05, 0x00, 0x00, 0x00, 0xa1, 0x00, 0x28, 0x00, 0x05, 0x00, 0xa4, 0x00, 0xc6, 0x00,
    0xc6, 0x00, 0x43, 0x00, 0x20, 0x00, 0x45, 0x00, 0x48, 0x00, 0x20, 0x00, 0x00, 0x00, 0x00, 0x00,
    0x00, 0x00, 0x00, 0x00, 0x00, 0x00, 0x00, 0x00, 0x00, 0x00, 0x00, 0x00, 0x00, 0x00, 0x00, 0x00,
    0x00, 0x00, 0x00, 0x00, 0x00, 0x00, 0x00, 0x00, 0x00, 0x00, 0x00, 0x00, 0x00, 0x00, 0x00, 0x00,
    0x00, 0x00, 0x00, 0x00, 0x00, 0x00, 0x00, 0x00, 0x00, 0x00, 0x00, 0x00, 0x00, 0x00, 0x00, 0x00,
    0x00, 0x00, 0x00, 0x00, 0x00, 0x00, 0x00, 0x00, 0x00, 0x00, 0x00, 0x00, 0x00, 0x00, 0x00, 0x00,
    0x00, 0x00, 0x00, 0x00, 0x00, 0x00, 0x00, 0x00, 0x00, 0x00, 0x00, 0x00, 0x00, 0x00, 0x00, 0x00,
    0x00, 0x00, 0x00, 0x00, 0x00, 0x00, 0x00, 0x00, 0x02, 0x00, 0x26, 0x00, 0x08, 0x00, 0x87, 0x00,
    0xa4, 0x00, 0x29, 0x00, 0x26, 0x00, 0x40, 0x00, 0x84, 0x00, 0xc7, 0x00, 0x07, 0x00, 0x25, 0x00,
    0xc4, 0x00, 0x45, 0x00, 0x04, 0x00, 0x83, 0x00, 0xc6, 0x00, 0x27, 0x00, 0x61, 0x00, 0x00, 0x00,
    0x00, 0x00, 0x00, 0x00, 0x00, 0x00, 0x00, 0x00, 0x00, 0x00, 0x00, 0x00, 0x00, 0x00, 0x00, 0x00,
    0x00, 0x00, 0x00, 0x00, 0x00, 0x00, 0x00, 0x00, 0x00, 0x00, 0x00, 0x00, 0x00, 0x00, 0x00, 0x00,
    0x00, 0x00, 0x00, 0x00, 0x00, 0x00, 0x00, 0x00, 0x00, 0x00, 0x00, 0x00, 0x00, 0x00, 0x00, 0x00,
    0x00, 0x00, 0x00, 0x00, 0x00, 0x00, 0x00, 0x00, 0x00, 0x00, 0x00, 0x00, 0x00, 0x00, 0x00, 0x00,
    0x00, 0x00, 0x00, 0x00, 0x00, 0x00, 0x00, 0x00, 0x00, 0x00, 0x00, 0x00, 0x00, 0x00, 0xa2, 0x00,
    0xa5, 0x00, 0xc2, 0x00, 0xa2, 0x00, 0x03, 0x00, 0x84, 0x00, 0x64, 0x00, 0xa4, 0x00, 0x06, 0x00,
    0x43, 0x00, 0x43, 0x00, 0xc8, 0x00, 0x46, 0x00, 0x02, 0x00, 0xa4, 0x00, 0xc7, 0x00, 0x89, 0x00,
    0x48, 0x00, 0x66, 0x00, 0xa4, 0x00, 0x43, 0x00, 0x04, 0x00, 0xe7, 0x00, 0x07, 0x00, 0x20, 0x00,
    0x00, 0x00, 0x00, 0x00, 0x00, 0x00, 0x00, 0x00, 0x00, 0x00, 0x00, 0x00, 0x00, 0x00, 0x00, 0x00,
    0x00, 0x00, 0x00, 0x00, 0x00, 0x00, 0x00, 0x00, 0x00, 0x00, 0x00, 0x00, 0x00, 0x00, 0x00, 0x00,
    0x00, 0x00, 0x00, 0x00, 0x00, 0x00, 0x00, 0x00, 0x00, 0x00, 0x00, 0x00, 0x00, 0x00, 0x00, 0x00,
    0x00, 0x00, 0x00, 0x00, 0x00, 0x00, 0x00, 0x00, 0x00, 0x00, 0x00, 0x00, 0x00, 0x00, 0x00, 0x00,
    0x00, 0x00, 0x00, 0x00, 0x00, 0x00, 0x00, 0x00, 0x00, 0x00, 0x00, 0x00, 0x00, 0x00, 0x00, 0x00,
    0x64, 0x00, 0x87, 0x00, 0xa8, 0x00, 0x67, 0x00, 0xe5, 0x00, 0x44, 0x00, 0x03, 0x00, 0x03, 0x00,
    0x84, 0x00, 0x23, 0x00, 0xc5, 0x00, 0x49, 0x00, 0xc7, 0x00, 0xc4, 0x00, 0x86, 0x00, 0x46, 0x00,
    0x48, 0x00, 0x0a, 0x00, 0xc9, 0x00, 0x65, 0x00, 0x05, 0x00, 0x0a, 0x00, 0x47, 0x00, 0x83, 0x00,
    0x20, 0x00, 0x00, 0x00, 0x00, 0x00, 0x00, 0x00, 0x00, 0x00, 0x00, 0x00, 0x00, 0x00, 0x00, 0x00,
    0x00, 0x00, 0x00, 0x00, 0x00, 0x00, 0x00, 0x00, 0x00, 0x00, 0x00, 0x00, 0x00, 0x00, 0x00, 0x00,
    0x00, 0x00, 0x00, 0x00, 0x00, 0x00, 0x00, 0x00, 0x00, 0x00, 0x00, 0x00, 0x00, 0x00, 0x00, 0x00,
    0x00, 0x00, 0x00, 0x00, 0x00, 0x00, 0x00, 0x00, 0x00, 0x00, 0x00, 0x00, 0x00, 0x00, 0x00, 0x00,
    0x00, 0x00, 0x00, 0x00, 0x00, 0x00, 0x00, 0x00, 0x00, 0x00, 0x00, 0x00, 0x00, 0x00, 0x00, 0x00,
    0x00, 0x00, 0x20, 0x00, 0xa2, 0x00, 0x41, 0x00, 0x00, 0x00, 0x00, 0x00, 0x00, 0x00, 0x00, 0x00,
    0x00, 0x00, 0xe2, 0x00, 0x84, 0x00, 0xa4, 0x00, 0x66, 0x00, 0x25, 0x00, 0x45, 0x00, 0x86, 0x00,
    0x45, 0x00, 0xe7, 0x00, 0x69, 0x00, 0xa9, 0x00, 0x25, 0x00, 0x4a, 0x00, 0xab, 0x00, 0x04, 0x00,
    0x07, 0x00, 0xe2, 0x00, 0x00, 0x00, 0x00, 0x00, 0x00, 0x00, 0x00, 0x00, 0x00, 0x00, 0x00, 0x00,
    0x00, 0x00, 0x00, 0x00, 0x00, 0x00, 0x00, 0x00, 0x00, 0x00, 0x00, 0x00, 0x00, 0x00, 0x00, 0x00,
    0x00, 0x00, 0x00, 0x00, 0x00, 0x00, 0x00, 0x00, 0x00, 0x00, 0x00, 0x00, 0x00, 0x00, 0x00, 0x00,
    0x00, 0x00, 0x00, 0x00, 0x00, 0x00, 0x00, 0x00, 0x00, 0x00, 0x00, 0x00, 0x00, 0x00, 0x00, 0x00,
    0x00, 0x00, 0x00, 0x00, 0x00, 0x00, 0x00, 0x00, 0x00, 0x00, 0x00, 0x00, 0x00, 0x00, 0x00, 0x00,
    0x00, 0x00, 0x00, 0x00, 0x00, 0x00, 0x00, 0x00, 0x40, 0x00, 0x00, 0x00, 0x20, 0x00, 0xa1, 0x00,
    0x23, 0x00, 0xe2, 0x00, 0xc2, 0x00, 0x43, 0x00, 0x83, 0x00, 0xa4, 0x00, 0x63, 0x00, 0xe4, 0x00,
    0xc6, 0x00, 0xc7, 0x00, 0x86, 0x00, 0x69, 0x00, 0xe7, 0x00, 0x07, 0x00, 0x6e, 0x00, 0xc9, 0x00,
    0xc9, 0x00, 0x48, 0x00, 0x00, 0x00, 0x00, 0x00, 0x00, 0x00, 0x00, 0x00, 0x00, 0x00, 0x00, 0x00,
    0x00, 0x00, 0x00, 0x00, 0x00, 0x00, 0x00, 0x00, 0x00, 0x00, 0x00, 0x00, 0x00, 0x00, 0x00, 0x00,
    0x00, 0x00, 0x00, 0x00, 0x00, 0x00, 0x00, 0x00, 0x00, 0x00, 0x00, 0x00, 0x00, 0x00, 0x00, 0x00,
    0x00, 0x00, 0x00, 0x00, 0x00, 0x00, 0x00, 0x00, 0x00, 0x00, 0x00, 0x00, 0x00, 0x00, 0x00, 0x00,
    0x00, 0x00, 0x00, 0x00, 0x00, 0x00, 0x00, 0x00, 0x00, 0x00, 0x00, 0x00, 0x20, 0x00, 0x81, 0x00,
    0x00, 0x00, 0x00, 0x00, 0x00, 0x00, 0x00, 0x00, 0x64, 0x00, 0x43, 0x00, 0xc4, 0x00, 0x66, 0x00,
    0x26, 0x00, 0x66, 0x00, 0xe7, 0x00, 0xe4, 0x00, 0x05, 0x00, 0xea, 0x00, 0x4b, 0x00, 0x0b, 0x00,
    0x48, 0x00, 0x2d, 0x00, 0xac, 0x00, 0x89, 0x00, 0x4b, 0x00, 0x48, 0x00, 0x88, 0x00, 0x0c, 0x00,
    0x88, 0x00, 0x2a, 0x00, 0x00, 0x00, 0x00, 0x00, 0x00, 0x00, 0x00, 0x00, 0x00, 0x00, 0x00, 0x00,
    0x00, 0x00, 0x00, 0x00, 0x00, 0x00, 0x00, 0x00, 0x00, 0x00, 0x00, 0x00, 0x00, 0x00, 0x00, 0x00,
    0x00, 0x00, 0x00, 0x00, 0x00, 0x00, 0x00, 0x00, 0x00, 0x00, 0x00, 0x00, 0x00, 0x00, 0x00, 0x00,
    0x00, 0x00, 0x00, 0x00, 0x00, 0x00, 0x00, 0x00, 0x00, 0x00, 0x00, 0x00, 0x00, 0x00, 0x00, 0x00,
    0x00, 0x00, 0x00, 0x00, 0x00, 0x00, 0x00, 0x00, 0x00, 0x00, 0x00, 0x00, 0x40, 0x00, 0xe7, 0x00,
    0xaa, 0x00, 0x49, 0x00, 0xe7, 0x00, 0x66, 0x00, 0xc7, 0x00, 0xe8, 0x00, 0xc7, 0x00, 0x28, 0x00,
    0x08, 0x00, 0x46, 0x00, 0xe7, 0x00, 0x8c, 0x00, 0xea, 0x00, 0xc9, 0x00, 0x0d, 0x00, 0xcf, 0x00,
    0x30, 0x00, 0xf0, 0x00, 0xb2, 0x00, 0xaf, 0x00, 0x0a, 0x00, 0x2d, 0x00, 0xac, 0x00, 0x8b, 0x00,
    0xab, 0x00, 0xc9, 0x00, 0xe4, 0x00, 0x00, 0x00, 0x00, 0x00, 0x00, 0x00, 0x00, 0x00, 0x00, 0x00,
    0x00, 0x00, 0x00, 0x00, 0x00, 0x00, 0x61, 0x00, 0x40, 0x00, 0x00, 0x00, 0x00, 0x00, 0x00, 0x00,
    0x00, 0x00, 0x00, 0x00, 0x00, 0x00, 0x00, 0x00, 0x00, 0x00, 0x00, 0x00, 0x00, 0x00, 0x00, 0x00,
    0x00, 0x00, 0x00, 0x00, 0x00, 0x00, 0x00, 0x00, 0x00, 0x00, 0x00, 0x00, 0x00, 0x00, 0x00, 0x00,
    0x00, 0x00, 0x00, 0x00, 0x00, 0x00, 0x00, 0x00, 0x00, 0x00, 0x00, 0x00, 0x00, 0x00, 0x41, 0x00,
    0xa7, 0x00, 0x2b, 0x00, 0x2b, 0x00, 0xeb, 0x00, 0x0b, 0x00, 0x0b, 0x00, 0x2b, 0x00, 0x8c, 0x00,
    0x6c, 0x00, 0x4b, 0x00, 0xe8, 0x00, 0x46, 0x00, 0xca, 0x00, 0x4b, 0x00, 0x8c, 0x00, 0xcc, 0x00,
    0xed, 0x00, 0xcc, 0x00, 0x0d, 0x00, 0xef, 0x00, 0x2d, 0x00, 0x68, 0x00, 0xcf, 0x00, 0xef, 0x00,
    0xae, 0x00, 0xac, 0x00, 0x10, 0x00, 0xc4, 0x00, 0x00, 0x00, 0x00, 0x00, 0x00, 0x00, 0x00, 0x00,
    0x00, 0x00, 0x00, 0x00, 0xa4, 0x00, 0xec, 0x00, 0xa4, 0x00, 0x00, 0x00, 0x00, 0x00, 0x00, 0x00,
    0x00, 0x00, 0x00, 0x00, 0x00, 0x00, 0x00, 0x00, 0x00, 0x00, 0x00, 0x00, 0x00, 0x00, 0x00, 0x00,
    0x00, 0x00, 0x00, 0x00, 0x00, 0x00, 0x00, 0x00, 0x00, 0x00, 0x00, 0x00, 0x00, 0x00, 0x00, 0x00,
    0x00, 0x00, 0x00, 0x00, 0x00, 0x00, 0x00, 0x00, 0x00, 0x00, 0x00, 0x00, 0x00, 0x00, 0x00, 0x00,
    0x00, 0x00, 0x03, 0x00, 0xe5, 0x00, 0xe5, 0x00, 0xa5, 0x00, 0xc5, 0x00, 0x06, 0x00, 0xc7, 0x00,
    0x49, 0x00, 0x8a, 0x00, 0xca, 0x00, 0xc8, 0x00, 0xe5, 0x00, 0x46, 0x00, 0x49, 0x00, 0x0a, 0x00,
    0x0a, 0x00, 0xa9, 0x00, 0xa6, 0x00, 0x48, 0x00, 0xec, 0x00, 0xa9, 0x00, 0x2a, 0x00, 0xef, 0x00,
    0xcf, 0x00, 0xac, 0x00, 0xaf, 0x00, 0x05, 0x00, 0x00, 0x00, 0x20, 0x00, 0x00, 0x00, 0x43, 0x00,
    0x61, 0x00, 0x00, 0x00, 0x0a, 0x00, 0x2a, 0x00, 0x20, 0x00, 0x81, 0x00, 0x63, 0x00, 0x61, 0x00,
    0x00, 0x00, 0x00, 0x00, 0x00, 0x00, 0x00, 0x00, 0x00, 0x00, 0x00, 0x00, 0x00, 0x00, 0x00, 0x00,
    0x00, 0x00, 0x00, 0x00, 0x00, 0x00, 0x00, 0x00, 0x00, 0x00, 0x00, 0x00, 0x00, 0x00, 0x00, 0x00,
    0x00, 0x00, 0x00, 0x00, 0x00, 0x00, 0x00, 0x00, 0x00, 0x00, 0x00, 0x00, 0x00, 0x00, 0x00, 0x00,
    0x00, 0x00, 0x00, 0x00, 0x00, 0x00, 0x00, 0x00, 0x00, 0x00, 0x23, 0x00, 0xe5, 0x00, 0xa5, 0x00,
    0x84, 0x00, 0x05, 0x00, 0x87, 0x00, 0xa7, 0x00, 0x28, 0x00, 0x89, 0x00, 0x2b, 0x00, 0x6b, 0x00,
    0x07, 0x00, 0x66, 0x00, 0xea, 0x00, 0x25, 0x00, 0x28, 0x00, 0xea, 0x00, 0x4b, 0x00, 0x0d, 0x00,
    0xcc, 0x00, 0x8b, 0x00, 0xec, 0x00, 0x81, 0x00, 0x00, 0x00, 0x00, 0x00, 0x00, 0x00, 0xe5, 0x00,
    0xea, 0x00, 0x23, 0x00, 0x2a, 0x00, 0x25, 0x00, 0xe2, 0x00, 0xa9, 0x00, 0xab, 0x00, 0xa4, 0x00,
    0x00, 0x00, 0x00, 0x00, 0x00, 0x00, 0x00, 0x00, 0x00, 0x00, 0x00, 0x00, 0x00, 0x00, 0x00, 0x00,
    0x00, 0x00, 0x00, 0x00, 0x00, 0x00, 0x00, 0x00, 0x00, 0x00, 0x00, 0x00, 0x00, 0x00, 0x00, 0x00,
    0x00, 0x00, 0x00, 0x00, 0x00, 0x00, 0x00, 0x00, 0x00, 0x00, 0x00, 0x00, 0x00, 0x00, 0x00, 0x00,
    0x00, 0x00, 0x00, 0x00, 0x00, 0x00, 0xe2, 0x00, 0x08, 0x00, 0x6a, 0x00, 0x49, 0x00, 0x29, 0x00,
    0x87, 0x00, 0xe5, 0x00, 0xc5, 0x00, 0xe7, 0x00, 0x6b, 0x00, 0xed, 0x00, 0xac, 0x00, 0xed, 0x00,
    0x2d, 0x00, 0x6e, 0x00, 0x30, 0x00, 0x4e, 0x00, 0x05, 0x00, 0xa9, 0x00, 0x6e, 0x00, 0x4e, 0x00,
    0x4d, 0x00, 0x2d, 0x00, 0x48, 0x00, 0x05, 0x00, 0x00, 0x00, 0x00, 0x00, 0x00, 0x00, 0x61, 0x00,
    0x4b, 0x00, 0xc9, 0x00, 0x28, 0x00, 0x86, 0x00, 0xa6, 0x00, 0x86, 0x00, 0x23, 0x00, 0x00, 0x00,
    0x00, 0x00, 0x00, 0x00, 0x00, 0x00, 0x00, 0x00, 0x00, 0x00, 0x00, 0x00, 0x00, 0x00, 0x00, 0x00,
    0x00, 0x00, 0x00, 0x00, 0x00, 0x00, 0x00, 0x00, 0x00, 0x00, 0x00, 0x00, 0x00, 0x00, 0x00, 0x00,
    0x00, 0x00, 0x00, 0x00, 0x00, 0x00, 0x00, 0x00, 0x00, 0x00, 0x00, 0x00, 0x00, 0x00, 0x00, 0x00,
    0x00, 0x00, 0x00, 0x00, 0x00, 0x00, 0x20, 0x00, 0x23, 0x00, 0x26, 0x00, 0xc8, 0x00, 0xe8, 0x00,
    0x67, 0x00, 0x87, 0x00, 0x0b, 0x00, 0xac, 0x00, 0xac, 0x00, 0x6b, 0x00, 0xcc, 0x00, 0xaf, 0x00,
    0x10, 0x00, 0x30, 0x00, 0x30, 0x00, 0x91, 0x00, 0x6e, 0x00, 0xcc, 0x00, 0x6e, 0x00, 0x8f, 0x00,
    0x0d, 0x00, 0x6e, 0x00, 0xf0, 0x00, 0x0f, 0x00, 0xe7, 0x00, 0x00, 0x00, 0x00, 0x00, 0x00, 0x00,
    0x86, 0x00, 0x8b, 0x00, 0x89, 0x00, 0x89, 0x00, 0x28, 0x00, 0x83, 0x00, 0xc1, 0x00, 0x00, 0x00,
    0x00, 0x00, 0x00, 0x00, 0x00, 0x00, 0x00, 0x00, 0x00, 0x00, 0x00, 0x00, 0x00, 0x00, 0x00, 0x00,
    0x00, 0x00, 0x00, 0x00, 0x00, 0x00, 0x00, 0x00, 0x00, 0x00, 0x00, 0x00, 0x00, 0x00, 0x00, 0x00,
    0x00, 0x00, 0x00, 0x00, 0x00, 0x00, 0x00, 0x00, 0x00, 0x00, 0x00, 0x00, 0x00, 0x00, 0x00, 0x00,
    0x00, 0x00, 0x00, 0x00, 0x00, 0x00, 0x00, 0x00, 0x00, 0x00, 0xa2, 0x00, 0x64, 0x00, 0xa5, 0x00,
    0x84, 0x00, 0x26, 0x00, 0xc7, 0x00, 0x87, 0x00, 0xc7, 0x00, 0xea, 0x00, 0xac, 0x00, 0xcc, 0x00,
    0x6b, 0x00, 0xc9, 0x00, 0x4b, 0x00, 0x2d, 0x00, 0xef, 0x00, 0x30, 0x00, 0xae, 0x00, 0xcc, 0x00,
    0xc7, 0x00, 0x68, 0x00, 0xef, 0x00, 0x50, 0x00, 0xcf, 0x00, 0xc2, 0x00, 0x00, 0x00, 0x00, 0x00,
    0x43, 0x00, 0x8c, 0x00, 0xac, 0x00, 0x89, 0x00, 0xc9, 0x00, 0xa6, 0x00, 0x28, 0x00, 0xe7, 0x00,
    0x00, 0x00, 0x00, 0x00, 0x00, 0x00, 0x00, 0x00, 0x00, 0x00, 0x00, 0x00, 0x00, 0x00, 0x00, 0x00,
    0x00, 0x00, 0x00, 0x00, 0x00, 0x00, 0x00, 0x00, 0x00, 0x00, 0x00, 0x00, 0x00, 0x00, 0x00, 0x00,
    0x00, 0x00, 0x00, 0x00, 0x00, 0x00, 0x00, 0x00, 0x00, 0x00, 0x00, 0x00, 0x00, 0x00, 0x00, 0x00,
    0x00, 0x00, 0x00, 0x00, 0x40, 0x00, 0xc2, 0x00, 0xc5, 0x00, 0x27, 0x00, 0xe6, 0x00, 0xa5, 0x00,
    0xa5, 0x00, 0x47, 0x00, 0x26, 0x00, 0xc5, 0x00, 0x46, 0x00, 0xca, 0x00, 0x2b, 0x00, 0xca, 0x00,
    0x89, 0x00, 0xc7, 0x00, 0xe2, 0x00, 0x89, 0x00, 0x4b, 0x00, 0x8b, 0x00, 0x8b, 0x00, 0xac, 0x00,
    0x2d, 0x00, 0xec, 0x00, 0x4d, 0x00, 0x8e, 0x00, 0x4d, 0x00, 0xe2, 0x00, 0x00, 0x00, 0x00, 0x00,
    0x63, 0x00, 0x6b, 0x00, 0xed, 0x00, 0x4b, 0x00, 0xa9, 0x00, 0x86, 0x00, 0x46, 0x00, 0xca, 0x00,
    0x23, 0x00, 0x00, 0x00, 0x00, 0x00, 0x00, 0x00, 0x00, 0x00, 0x00, 0x00, 0x00, 0x00, 0x00, 0x00,
    0x00, 0x00, 0x00, 0x00, 0x00, 0x00, 0x00, 0x00, 0x00, 0x00, 0x00, 0x00, 0x00, 0x00, 0x00, 0x00,
    0x00, 0x00, 0x00, 0x00, 0x00, 0x00, 0x00, 0x00, 0x00, 0x00, 0x00, 0x00, 0x00, 0x00, 0x00, 0x00,
    0x00, 0x00, 0x00, 0x00, 0xe3, 0x00, 0xc9, 0x00, 0xe9, 0x00, 0x88, 0x00, 0xa5, 0x00, 0xe6, 0x00,
    0xe9, 0x00, 0x09, 0x00, 0x88, 0x00, 0x26, 0x00, 0x69, 0x00, 0x69, 0x00, 0x89, 0x00, 0xa9, 0x00,
    0xac, 0x00, 0x0a, 0x00, 0x00, 0x00, 0x81, 0x00, 0x46, 0x00, 0x28, 0x00, 0x48, 0x00, 0xc7, 0x00,
    0x46, 0x00, 0x48, 0x00, 0x6b, 0x00, 0xcc, 0x00, 0xa9, 0x00, 0x20, 0x00, 0x00, 0x00, 0x60, 0x00,
    0x69, 0x00, 0x2a, 0x00, 0x4b, 0x00, 0xea, 0x00, 0xea, 0x00, 0xe7, 0x00, 0xc2, 0x00, 0x02, 0x00,
    0x81, 0x00, 0x00, 0x00, 0x00, 0x00, 0x00, 0x00, 0x00, 0x00, 0x00, 0x00, 0x00, 0x00, 0x00, 0x00,
    0x00, 0x00, 0x00, 0x00, 0x00, 0x00, 0x00, 0x00, 0x00, 0x00, 0x00, 0x00, 0x00, 0x00, 0x00, 0x00,
    0x00, 0x00, 0x00, 0x00, 0x00, 0x00, 0x00, 0x00, 0x00, 0x00, 0x00, 0x00, 0x00, 0x00, 0x00, 0x00,
    0x00, 0x00, 0x00, 0x00, 0x00, 0x00, 0x20, 0x00, 0xa2, 0x00, 0xa2, 0x00, 0xa5, 0x00, 0x67, 0x00,
    0x47, 0x00, 0xc5, 0x00, 0x43, 0x00, 0xa8, 0x00, 0x29, 0x00, 0x49, 0x00, 0x49, 0x00, 0xea, 0x00,
    0x8c, 0x00, 0x2d, 0x00, 0xa4, 0x00, 0x00, 0x00, 0x00, 0x00, 0x43, 0x00, 0x84, 0x00, 0x21, 0x00,
    0x61, 0x00, 0x81, 0x00, 0xc7, 0x00, 0x28, 0x00, 0xa1, 0x00, 0x00, 0x00, 0x61, 0x00, 0xe7, 0x00,
    0x4b, 0x00, 0x6b, 0x00, 0x89, 0x00, 0x0a, 0x00, 0xea, 0x00, 0x84, 0x00, 0x00, 0x00, 0x00, 0x00,
    0x00, 0x00, 0x00, 0x00, 0x00, 0x00, 0x00, 0x00, 0x00, 0x00, 0x00, 0x00, 0x00, 0x00, 0x00, 0x00,
    0x00, 0x00, 0x00, 0x00, 0x00, 0x00, 0x00, 0x00, 0x00, 0x00, 0x00, 0x00, 0x00, 0x00, 0x00, 0x00,
    0x00, 0x00, 0x00, 0x00, 0x00, 0x00, 0x00, 0x00, 0x00, 0x00, 0x00, 0x00, 0x00, 0x00, 0x00, 0x00,
    0x00, 0x00, 0x00, 0x00, 0x00, 0x00, 0x00, 0x00, 0x00, 0x00, 0x23, 0x00, 0x47, 0x00, 0xc5, 0x00,
    0x44, 0x00, 0xe2, 0x00, 0xa5, 0x00, 0xe8, 0x00, 0xa8, 0x00, 0x67, 0x00, 0x29, 0x00, 0xaa, 0x00,
    0xea, 0x00, 0xed, 0x00, 0x48, 0x00, 0xe3, 0x00, 0x85, 0x00, 0xa2, 0x00, 0x81, 0x00, 0x03, 0x00,
    0x03, 0x00, 0x00, 0x00, 0x20, 0x00, 0x20, 0x00, 0x00, 0x00, 0x00, 0x00, 0xe7, 0x00, 0x2b, 0x00,
    0x2b, 0x00, 0x2b, 0x00, 0x69, 0x00, 0x28, 0x00, 0x23, 0x00, 0x00, 0x00, 0x00, 0x00, 0x00, 0x00,
    0x00, 0x00, 0x00, 0x00, 0x00, 0x00, 0x00, 0x00, 0x00, 0x00, 0x00, 0x00, 0x00, 0x00, 0x00, 0x00,
    0x00, 0x00, 0x00, 0x00, 0x00, 0x00, 0x00, 0x00, 0x00, 0x00, 0x00, 0x00, 0x00, 0x00, 0x00, 0x00,
    0x00, 0x00, 0x00, 0x00, 0x00, 0x00, 0x00, 0x00, 0x00, 0x00, 0x00, 0x00, 0x00, 0x00, 0x00, 0x00,
    0x00, 0x00, 0x00, 0x00, 0x00, 0x00, 0x00, 0x00, 0xa2, 0x00, 0xc9, 0x00, 0x68, 0x00, 0xa5, 0x00,
    0x84, 0x00, 0x64, 0x00, 0x44, 0x00, 0x64, 0x00, 0x84, 0x00, 0x06, 0x00, 0x87, 0x00, 0x09, 0x00,
    0x69, 0x00, 0x0a, 0x00, 0x2b, 0x00, 0x44, 0x00, 0x07, 0x00, 0x68, 0x00, 0x65, 0x00, 0x64, 0x00,
    0xc2, 0x00, 0x00, 0x00, 0x00, 0x00, 0x00, 0x00, 0x00, 0x00, 0xa4, 0x00, 0x6b, 0x00, 0x6b, 0x00,
    0x4b, 0x00, 0xc9, 0x00, 0xe7, 0x00, 0xc1, 0x00, 0x00, 0x00, 0x00, 0x00, 0x00, 0x00, 0x00, 0x00,
    0x00, 0x00, 0x00, 0x00, 0x00, 0x00, 0x00, 0x00, 0x00, 0x00, 0x00, 0x00, 0x00, 0x00, 0x00, 0x00,
    0x00, 0x00, 0x00, 0x00, 0x00, 0x00, 0x00, 0x00, 0x00, 0x00, 0x00, 0x00, 0x00, 0x00, 0x00, 0x00,
    0x00, 0x00, 0x00, 0x00, 0x00, 0x00, 0x00, 0x00, 0x00, 0x00, 0x00, 0x00, 0x00, 0x00, 0x00, 0x00,
    0x00, 0x00, 0x00, 0x00, 0x00, 0x00, 0x00, 0x00, 0xe6, 0x00, 0x47, 0x00, 0x03, 0x00, 0xa2, 0x00,
    0x26, 0x00, 0x85, 0x00, 0x44, 0x00, 0xa5, 0x00, 0xe6, 0x00, 0x44, 0x00, 0x84, 0x00, 0x64, 0x00,
    0x05, 0x00, 0x08, 0x00, 0x4b, 0x00, 0x87, 0x00, 0x68, 0x00, 0x8c, 0x00, 0xea, 0x00, 0x85, 0x00,
    0x41, 0x00, 0x00, 0x00, 0x00, 0x00, 0x20, 0x00, 0x63, 0x00, 0xca, 0x00, 0x4b, 0x00, 0x6b, 0x00,
    0xa9, 0x00, 0x08, 0x00, 0x66, 0x00, 0x00, 0x00, 0x00, 0x00, 0x00, 0x00, 0x00, 0x00, 0x00, 0x00,
    0x00, 0x00, 0x00, 0x00, 0x00, 0x00, 0x00, 0x00, 0x00, 0x00, 0x00, 0x00, 0x00, 0x00, 0x00, 0x00,
    0x00, 0x00, 0x00, 0x00, 0x00, 0x00, 0x00, 0x00, 0x00, 0x00, 0x00, 0x00, 0x00, 0x00, 0x00, 0x00,
    0x00, 0x00, 0x00, 0x00, 0x00, 0x00, 0x00, 0x00, 0x00, 0x00, 0x00, 0x00, 0x00, 0x00, 0x00, 0x00,
    0x00, 0x00, 0x00, 0x00, 0x00, 0x00, 0x00, 0x00, 0x20, 0x00, 0x00, 0x00, 0x00, 0x00, 0x84, 0x00,
    0xa8, 0x00, 0x64, 0x00, 0xa5, 0x00, 0x47, 0x00, 0xc5, 0x00, 0x44, 0x00, 0xc5, 0x00, 0x63, 0x00,
    0x23, 0x00, 0xa4, 0x00, 0x08, 0x00, 0x4b, 0x00, 0x8b, 0x00, 0xcd, 0x00, 0x0e, 0x00, 0x85, 0x00,
    0x43, 0x00, 0xa4, 0x00, 0x86, 0x00, 0x69, 0x00, 0x4b, 0x00, 0x2a, 0x00, 0x0a, 0x00, 0x2b, 0x00,
    0x48, 0x00, 0x07, 0x00, 0x43, 0x00, 0x00, 0x00, 0x00, 0x00, 0x00, 0x00, 0x00, 0x00, 0x00, 0x00,
    0x20, 0x00, 0x40, 0x00, 0x00, 0x00, 0x00, 0x00, 0x00, 0x00, 0x00, 0x00, 0x00, 0x00, 0x00, 0x00,
    0x00, 0x00, 0x00, 0x00, 0x00, 0x00, 0x00, 0x00, 0x00, 0x00, 0x00, 0x00, 0x00, 0x00, 0x00, 0x00,
    0x00, 0x00, 0x00, 0x00, 0x00, 0x00, 0x00, 0x00, 0x00, 0x00, 0x00, 0x00, 0x00, 0x00, 0x00, 0x00,
    0x00, 0x00, 0x00, 0x00, 0x00, 0x00, 0x00, 0x00, 0x00, 0x00, 0x00, 0x00, 0x00, 0x00, 0xe6, 0x00,
    0x44, 0x00, 0xe2, 0x00, 0x06, 0x00, 0x47, 0x00, 0x84, 0x00, 0x64, 0x00, 0xe6, 0x00, 0xa4, 0x00,
    0xc4, 0x00, 0xa4, 0x00, 0xc4, 0x00, 0xca, 0x00, 0x0d, 0x00, 0x09, 0x00, 0xe7, 0x00, 0xa8, 0x00,
    0x28, 0x00, 0x08, 0x00, 0x0b, 0x00, 0x4b, 0x00, 0x2b, 0x00, 0x2b, 0x00, 0x2b, 0x00, 0xa9, 0x00,
    0xa6, 0x00, 0xa4, 0x00, 0x00, 0x00, 0x00, 0x00, 0x00, 0x00, 0x00, 0x00, 0x00, 0x00, 0x00, 0x00,
    0xe2, 0x00, 0x04, 0x00, 0x00, 0x00, 0x00, 0x00, 0x00, 0x00, 0x00, 0x00, 0x00, 0x00, 0x00, 0x00,
    0x00, 0x00, 0x00, 0x00, 0x00, 0x00, 0x00, 0x00, 0x00, 0x00, 0x00, 0x00, 0x00, 0x00, 0x00, 0x00,
    0x00, 0x00, 0x00, 0x00, 0x00, 0x00, 0x00, 0x00, 0x00, 0x00, 0x00, 0x00, 0x00, 0x00, 0x00, 0x00,
    0x00, 0x00, 0x00, 0x00, 0x00, 0x00, 0x00, 0x00, 0x00, 0x00, 0x00, 0x00, 0x00, 0x00, 0x20, 0x00,
    0x00, 0x00, 0x64, 0x00, 0x47, 0x00, 0xe6, 0x00, 0xa5, 0x00, 0x84, 0x00, 0x26, 0x00, 0xe6, 0x00,
    0xc4, 0x00, 0x05, 0x00, 0x66, 0x00, 0x25, 0x00, 0x0a, 0x00, 0x6e, 0x00, 0xcc, 0x00, 0xec, 0x00,
    0xa7, 0x00, 0x49, 0x00, 0x4b, 0x00, 0x4b, 0x00, 0xc9, 0x00, 0xa9, 0x00, 0x48, 0x00, 0x66, 0x00,
    0x45, 0x00, 0x43, 0x00, 0x00, 0x00, 0x00, 0x00, 0x00, 0x00, 0x00, 0x00, 0x20, 0x00, 0x00, 0x00,
    0x24, 0x00, 0xa7, 0x00, 0x00, 0x00, 0x00, 0x00, 0x00, 0x00, 0x00, 0x00, 0x00, 0x00, 0x00, 0x00,
    0x00, 0x00, 0x00, 0x00, 0x00, 0x00, 0x00, 0x00, 0x00, 0x00, 0x00, 0x00, 0x00, 0x00, 0x00, 0x00,
    0x00, 0x00, 0x00, 0x00, 0x00, 0x00, 0x00, 0x00, 0x00, 0x00, 0x61, 0x00, 0x25, 0x00, 0x63, 0x00,
    0x40, 0x00, 0x00, 0x00, 0x00, 0x00, 0x00, 0x00, 0x00, 0x00, 0x00, 0x00, 0x00, 0x00, 0x00, 0x00,
    0x00, 0x00, 0xc6, 0x00, 0x47, 0x00, 0xa2, 0x00, 0x06, 0x00, 0x64, 0x00, 0xa5, 0x00, 0x06, 0x00,
    0xc5, 0x00, 0xc4, 0x00, 0xa6, 0x00, 0xa9, 0x00, 0xe7, 0x00, 0xe7, 0x00, 0xe9, 0x00, 0x88, 0x00,
    0x45, 0x00, 0xc8, 0x00, 0xea, 0x00, 0x89, 0x00, 0x48, 0x00, 0x28, 0x00, 0xa7, 0x00, 0xa4, 0x00,
    0x84, 0x00, 0x61, 0x00, 0x00, 0x00, 0x00, 0x00, 0x00, 0x00, 0x00, 0x00, 0x00, 0x00, 0xa1, 0x00,
    0xc9, 0x00, 0xe8, 0x00, 0x00, 0x00, 0x00, 0x00, 0x00, 0x00, 0x00, 0x00, 0x00, 0x00, 0x00, 0x00,
    0x00, 0x00, 0x00, 0x00, 0x00, 0x00, 0x00, 0x00, 0x00, 0x00, 0x00, 0x00, 0x00, 0x00, 0x00, 0x00,
    0x00, 0x00, 0x00, 0x00, 0x00, 0x00, 0x00, 0x00, 0x00, 0x00, 0x00, 0x00, 0xa4, 0x00, 0x4b, 0x00,
    0x2a, 0x00, 0xe7, 0x00, 0x02, 0x00, 0x00, 0x00, 0x63, 0x00, 0xa1, 0x00, 0x00, 0x00, 0x00, 0x00,
    0x00, 0x00, 0x85, 0x00, 0xe2, 0x00, 0x00, 0x00, 0xc6, 0x00, 0xc6, 0x00, 0x44, 0x00, 0xa5, 0x00,
    0xc5, 0x00, 0xe5, 0x00, 0x25, 0x00, 0xe7, 0x00, 0xc9, 0x00, 0x48, 0x00, 0x27, 0x00, 0xab, 0x00,
    0x6a, 0x00, 0x28, 0x00, 0x66, 0x00, 0xc7, 0x00, 0xe7, 0x00, 0xa7, 0x00, 0x23, 0x00, 0x20, 0x00,
    0x00, 0x00, 0x00, 0x00, 0x00, 0x00, 0x00, 0x00, 0x00, 0x00, 0x00, 0x00, 0x24, 0x00, 0x0a, 0x00,
    0x8b, 0x00, 0xc7, 0x00, 0x00, 0x00, 0x00, 0x00, 0x00, 0x00, 0x00, 0x00, 0x00, 0x00, 0x00, 0x00,
    0x00, 0x00, 0x00, 0x00, 0x00, 0x00, 0x00, 0x00, 0x00, 0x00, 0x00, 0x00, 0x00, 0x00, 0x00, 0x00,
    0x00, 0x00, 0x02, 0x00, 0xc7, 0x00, 0x69, 0x00, 0x89, 0x00, 0x07, 0x00, 0xe4, 0x00, 0x05, 0x00,
    0x28, 0x00, 0xc9, 0x00, 0x0a, 0x00, 0x25, 0x00, 0x63, 0x00, 0x0a, 0x00, 0xa1, 0x00, 0x00, 0x00,
    0x00, 0x00, 0x00, 0x00, 0x00, 0x00, 0x00, 0x00, 0x85, 0x00, 0x85, 0x00, 0x23, 0x00, 0xa5, 0x00,
    0x44, 0x00, 0xc5, 0x00, 0x69, 0x00, 0x07, 0x00, 0x27, 0x00, 0xc9, 0x00, 0x4a, 0x00, 0x0b, 0x00,
    0x2c, 0x00, 0xad, 0x00, 0xc9, 0x00, 0x26, 0x00, 0x86, 0x00, 0x02, 0x00, 0x00, 0x00, 0x00, 0x00,
    0x00, 0x00, 0x00, 0x00, 0x00, 0x00, 0x20, 0x00, 0x42, 0x00, 0x26, 0x00, 0x8b, 0x00, 0x4a, 0x00,
    0x8b, 0x00, 0x47, 0x00, 0x00, 0x00, 0x00, 0x00, 0x00, 0x00, 0x00, 0x00, 0x00, 0x00, 0x00, 0x00,
    0x00, 0x00, 0x00, 0x00, 0x00, 0x00, 0x00, 0x00, 0x00, 0x00, 0x00, 0x00, 0x00, 0x00, 0x00, 0x00,
    0x00, 0x00, 0x43, 0x00, 0xa4, 0x00, 0x05, 0x00, 0xe7, 0x00, 0x08, 0x00, 0x28, 0x00, 0x89, 0x00,
    0x68, 0x00, 0x88, 0x00, 0x68, 0x00, 0xa9, 0x00, 0x25, 0x00, 0x48, 0x00, 0xa9, 0x00, 0x40, 0x00,
    0x00, 0x00, 0x00, 0x00, 0x00, 0x00, 0x00, 0x00, 0x81, 0x00, 0x40, 0x00, 0x41, 0x00, 0xe5, 0x00,
    0x66, 0x00, 0x08, 0x00, 0xcc, 0x00, 0x0d, 0x00, 0x4a, 0x00, 0xad, 0x00, 0x0e, 0x00, 0x6f, 0x00,
    0xee, 0x00, 0xcd, 0x00, 0x2e, 0x00, 0xa6, 0x00, 0xa1, 0x00, 0x00, 0x00, 0x00, 0x00, 0x00, 0x00,
    0x00, 0x00, 0x00, 0x00, 0x00, 0x00, 0xc3, 0x00, 0xc8, 0x00, 0xca, 0x00, 0x28, 0x00, 0x69, 0x00,
    0x0a, 0x00, 0xc3, 0x00, 0x00, 0x00, 0x00, 0x00, 0x00, 0x00, 0x00, 0x00, 0x00, 0x00, 0x00, 0x00,
    0x00, 0x00, 0x00, 0x00, 0x00, 0x00, 0x00, 0x00, 0x00, 0x00, 0x00, 0x00, 0x00, 0x00, 0x00, 0x00,
    0x00, 0x00, 0x00, 0x00, 0x23, 0x00, 0x46, 0x00, 0x08, 0x00, 0xa9, 0x00, 0x6b, 0x00, 0xcc, 0x00,
    0x0d, 0x00, 0xcc, 0x00, 0xab, 0x00, 0x2a, 0x00, 0x88, 0x00, 0x45, 0x00, 0xe7, 0x00, 0x05, 0x00,
    0x61, 0x00, 0x61, 0x00, 0x00, 0x00, 0x00, 0x00, 0x00, 0x00, 0x00, 0x00, 0x20, 0x00, 0xe8, 0x00,
    0x0a, 0x00, 0x2d, 0x00, 0x2d, 0x00, 0x2d, 0x00, 0x2a, 0x00, 0x6a, 0x00, 0xad, 0x00, 0x2e, 0x00,
    0x4e, 0x00, 0x4e, 0x00, 0x4e, 0x00, 0xc8, 0x00, 0x00, 0x00, 0x00, 0x00, 0x00, 0x00, 0x00, 0x00,
    0x00, 0x00, 0x00, 0x00, 0x00, 0x00, 0x07, 0x00, 0xa8, 0x00, 0x87, 0x00, 0xe8, 0x00, 0x89, 0x00,
    0xa8, 0x00, 0x40, 0x00, 0x00, 0x00, 0x00, 0x00, 0x00, 0x00, 0x00, 0x00, 0x00, 0x00, 0x00, 0x00,
    0x00, 0x00, 0x00, 0x00, 0x00, 0x00, 0x00, 0x00, 0x00, 0x00, 0x00, 0x00, 0x00, 0x00, 0x00, 0x00,
    0x43, 0x00, 0x89, 0x00, 0xaa, 0x00, 0xaa, 0x00, 0x6b, 0x00, 0x0d, 0x00, 0xcc, 0x00, 0xcc, 0x00,
    0x8e, 0x00, 0x0d, 0x00, 0x2d, 0x00, 0x0d, 0x00, 0x2a, 0x00, 0xa9, 0x00, 0xc7, 0x00, 0x46, 0x00,
    0xe5, 0x00, 0xe5, 0x00, 0x00, 0x00, 0x40, 0x00, 0xe2, 0x00, 0x00, 0x00, 0xe5, 0x00, 0x28, 0x00,
    0x2b, 0x00, 0x0d, 0x00, 0xcc, 0x00, 0x8b, 0x00, 0xab, 0x00, 0xe9, 0x00, 0x6a, 0x00, 0xcb, 0x00,
    0xcd, 0x00, 0x6e, 0x00, 0x2e, 0x00, 0x0b, 0x00, 0x02, 0x00, 0x00, 0x00, 0x00, 0x00, 0x00, 0x00,
    0x00, 0x00, 0x00, 0x00, 0x20, 0x00, 0x48, 0x00, 0x27, 0x00, 0x47, 0x00, 0x09, 0x00, 0x27, 0x00,
    0xa1, 0x00, 0x00, 0x00, 0x00, 0x00, 0x00, 0x00, 0x00, 0x00, 0x00, 0x00, 0x00, 0x00, 0x00, 0x00,
    0x00, 0x00, 0x00, 0x00, 0x00, 0x00, 0x00, 0x00, 0x00, 0x00, 0x00, 0x00, 0x00, 0x00, 0x05, 0x00,
    0xaa, 0x00, 0xc8, 0x00, 0xe8, 0x00, 0xca, 0x00, 0x6c, 0x00, 0xac, 0x00, 0x4b, 0x00, 0x6c, 0x00,
    0x4b, 0x00, 0x4b, 0x00, 0xed, 0x00, 0xcc, 0x00, 0x4b, 0x00, 0xea, 0x00, 0x68, 0x00, 0x86, 0x00,
    0x46, 0x00, 0xa7, 0x00, 0x81, 0x00, 0x00, 0x00, 0x26, 0x00, 0xe2, 0x00, 0x05, 0x00, 0x28, 0x00,
    0x8b, 0x00, 0xac, 0x00, 0xec, 0x00, 0x0a, 0x00, 0x89, 0x00, 0xab, 0x00, 0x0e, 0x00, 0x8d, 0x00,
    0x49, 0x00, 0x4b, 0x00, 0xed, 0x00, 0x8c, 0x00, 0x25, 0x00, 0x00, 0x00, 0x00, 0x00, 0x00, 0x00,
    0x00, 0x00, 0x00, 0x00, 0x20, 0x00, 0x07, 0x00, 0xe7, 0x00, 0x27, 0x00, 0xe7, 0x00, 0x65, 0x00,
    0x86, 0x00, 0xa1, 0x00, 0x00, 0x00, 0x00, 0x00, 0x00, 0x00, 0x00, 0x00, 0x00, 0x00, 0x00, 0x00,
    0x00, 0x00, 0x00, 0x00, 0x00, 0x00, 0x00, 0x00, 0x00, 0x00, 0x00, 0x00, 0x05, 0x00, 0x49, 0x00,
    0xe5, 0x00, 0xc8, 0x00, 0x8a, 0x00, 0x4c, 0x00, 0xac, 0x00, 0x0b, 0x00, 0x89, 0x00, 0xca, 0x00,
    0xea, 0x00, 0xaa, 0x00, 0xaa, 0x00, 0xca, 0x00, 0xca, 0x00, 0x6b, 0x00, 0xea, 0x00, 0x28, 0x00,
    0x46, 0x00, 0x46, 0x00, 0xc5, 0x00, 0xe2, 0x00, 0x43, 0x00, 0x25, 0x00, 0x08, 0x00, 0x0a, 0x00,
    0x8b, 0x00, 0x6b, 0x00, 0x2b, 0x00, 0x07, 0x00, 0x68, 0x00, 0x4a, 0x00, 0x0e, 0x00, 0x8f, 0x00,
    0x6f, 0x00, 0xaa, 0x00, 0x0b, 0x00, 0x0e, 0x00, 0x85, 0x00, 0x00, 0x00, 0x00, 0x00, 0x00, 0x00,
    0x00, 0x00, 0x00, 0x00, 0x00, 0x00, 0x05, 0x00, 0x86, 0x00, 0x48, 0x00, 0x48, 0x00, 0xe7, 0x00,
    0x43, 0x00, 0x00, 0x00, 0x00, 0x00, 0x00, 0x00, 0x00, 0x00, 0x00, 0x00, 0x00, 0x00, 0x00, 0x00,
    0x00, 0x00, 0x00, 0x00, 0x00, 0x00, 0x00, 0x00, 0x00, 0x00, 0xc2, 0x00, 0x47, 0x00, 0x03, 0x00,
    0x67, 0x00, 0xaa, 0x00, 0xca, 0x00, 0x0b, 0x00, 0x8a, 0x00, 0xa7, 0x00, 0xe8, 0x00, 0xe8, 0x00,
    0xa8, 0x00, 0xc8, 0x00, 0x26, 0x00, 0x87, 0x00, 0x08, 0x00, 0xaa, 0x00, 0x69, 0x00, 0xc7, 0x00,
    0xa7, 0x00, 0x06, 0x00, 0xc5, 0x00, 0x64, 0x00, 0x43, 0x00, 0x28, 0x00, 0xca, 0x00, 0x2a, 0x00,
    0xc9, 0x00, 0xa9, 0x00, 0x66, 0x00, 0xa6, 0x00, 0xc9, 0x00, 0x27, 0x00, 0xcb, 0x00, 0xed, 0x00,
    0x4e, 0x00, 0x4e, 0x00, 0x0b, 0x00, 0x0e, 0x00, 0x65, 0x00, 0x00, 0x00, 0x00, 0x00, 0x00, 0x00,
    0x00, 0x00, 0x20, 0x00, 0x20, 0x00, 0xe2, 0x00, 0x27, 0x00, 0x45, 0x00, 0x61, 0x00, 0x00, 0x00,
    0x00, 0x00, 0x00, 0x00, 0x00, 0x00, 0x00, 0x00, 0x00, 0x00, 0x00, 0x00, 0x00, 0x00, 0x00, 0x00,
    0x00, 0x00, 0x00, 0x00, 0x00, 0x00, 0x00, 0x00, 0x00, 0x00, 0x40, 0x00, 0x00, 0x00, 0xe6, 0x00,
    0x29, 0x00, 0xca, 0x00, 0xaa, 0x00, 0x49, 0x00, 0x87, 0x00, 0xa8, 0x00, 0x67, 0x00, 0x06, 0x00,
    0x47, 0x00, 0x27, 0x00, 0x06, 0x00, 0xe6, 0x00, 0x87, 0x00, 0xa8, 0x00, 0xa8, 0x00, 0x26, 0x00,
    0x06, 0x00, 0xe5, 0x00, 0xa5, 0x00, 0x23, 0x00, 0x46, 0x00, 0x89, 0x00, 0x6b, 0x00, 0x0c, 0x00,
    0x6b, 0x00, 0x43, 0x00, 0x84, 0x00, 0x87, 0x00, 0x86, 0x00, 0xe9, 0x00, 0xa8, 0x00, 0x0b, 0x00,
    0xed, 0x00, 0x0e, 0x00, 0xcd, 0x00, 0x8c, 0x00, 0xa3, 0x00, 0x00, 0x00, 0x00, 0x00, 0x00, 0x00,
    0x00, 0x00, 0x40, 0x00, 0xe4, 0x00, 0xc2, 0x00, 0xe7, 0x00, 0x81, 0x00, 0x00, 0x00, 0x00, 0x00,
    0x00, 0x00, 0x00, 0x00, 0x00, 0x00, 0x00, 0x00, 0x00, 0x00, 0x00, 0x00, 0x00, 0x00, 0x00, 0x00,
    0x00, 0x00, 0x00, 0x00, 0x00, 0x00, 0x00, 0x00, 0x00, 0x00, 0x00, 0x00, 0x64, 0x00, 0xc8, 0x00,
    0x29, 0x00, 0x8a, 0x00, 0x29, 0x00, 0xc8, 0x00, 0x47, 0x00, 0x67, 0x00, 0x87, 0x00, 0xc5, 0x00,
    0xe2, 0x00, 0x43, 0x00, 0xe6, 0x00, 0xc5, 0x00, 0xc5, 0x00, 0x26, 0x00, 0xc5, 0x00, 0x84, 0x00,
    0xc5, 0x00, 0xa5, 0x00, 0x84, 0x00, 0xa4, 0x00, 0xa7, 0x00, 0x08, 0x00, 0x4b, 0x00, 0xec, 0x00,
    0x8e, 0x00, 0xe9, 0x00, 0xa4, 0x00, 0xa4, 0x00, 0x27, 0x00, 0x2c, 0x00, 0xeb, 0x00, 0xe8, 0x00,
    0x2b, 0x00, 0xed, 0x00, 0x6c, 0x00, 0x49, 0x00, 0xe2, 0x00, 0x00, 0x00, 0x00, 0x00, 0x00, 0x00,
    0x00, 0x00, 0x00, 0x00, 0x45, 0x00, 0xa6, 0x00, 0x46, 0x00, 0xe2, 0x00, 0x00, 0x00, 0x00, 0x00,
    0x00, 0x00, 0x00, 0x00, 0x00, 0x00, 0x00, 0x00, 0x00, 0x00, 0x00, 0x00, 0x00, 0x00, 0x00, 0x00,
    0x00, 0x00, 0x00, 0x00, 0x00, 0x00, 0x00, 0x00, 0x00, 0x00, 0xa2, 0x00, 0x67, 0x00, 0x87, 0x00,
    0x6a, 0x00, 0x09, 0x00, 0x87, 0x00, 0xa8, 0x00, 0x26, 0x00, 0x87, 0x00, 0xe5, 0x00, 0x41, 0x00,
    0x00, 0x00, 0x00, 0x00, 0x03, 0x00, 0xe6, 0x00, 0xc5, 0x00, 0xa5, 0x00, 0x84, 0x00, 0x46, 0x00,
    0xa7, 0x00, 0x86, 0x00, 0x26, 0x00, 0xa4, 0x00, 0x05, 0x00, 0xe8, 0x00, 0x48, 0x00, 0x2a, 0x00,
    0x6b, 0x00, 0xac, 0x00, 0x2a, 0x00, 0x27, 0x00, 0xa9, 0x00, 0x8a, 0x00, 0x0b, 0x00, 0x0b, 0x00,
    0x4a, 0x00, 0x0b, 0x00, 0x29, 0x00, 0x27, 0x00, 0x20, 0x00, 0x00, 0x00, 0x00, 0x00, 0x00, 0x00,
    0x00, 0x00, 0x00, 0x00, 0x81, 0x00, 0xc7, 0x00, 0xa7, 0x00, 0xe4, 0x00, 0x00, 0x00, 0x00, 0x00,
    0x00, 0x00, 0x00, 0x00, 0x00, 0x00, 0x00, 0x00, 0x00, 0x00, 0x00, 0x00, 0x00, 0x00, 0x00, 0x00,
    0x00, 0x00, 0x00, 0x00, 0x00, 0x00, 0x00, 0x00, 0x00, 0x00, 0x26, 0x00, 0x67, 0x00, 0x67, 0x00,
    0x29, 0x00, 0xe9, 0x00, 0x47, 0x00, 0x87, 0x00, 0x27, 0x00, 0x06, 0x00, 0x41, 0x00, 0x00, 0x00,
    0x00, 0x00, 0x00, 0x00, 0x00, 0x00, 0x64, 0x00, 0xe6, 0x00, 0x44, 0x00, 0x05, 0x00, 0x28, 0x00,
    0xa9, 0x00, 0xea, 0x00, 0x08, 0x00, 0xe5, 0x00, 0x43, 0x00, 0x67, 0x00, 0xe8, 0x00, 0x69, 0x00,
    0x89, 0x00, 0xea, 0x00, 0x4b, 0x00, 0xab, 0x00, 0x48, 0x00, 0x09, 0x00, 0xcb, 0x00, 0xcb, 0x00,
    0xe9, 0x00, 0x88, 0x00, 0xc9, 0x00, 0x45, 0x00, 0x00, 0x00, 0x00, 0x00, 0x00, 0x00, 0x00, 0x00,
    0x00, 0x00, 0x00, 0x00, 0x00, 0x00, 0xa1, 0x00, 0x66, 0x00, 0xa7, 0x00, 0x20, 0x00, 0x61, 0x00,
    0xa1, 0x00, 0x00, 0x00, 0x00, 0x00, 0x00, 0x00, 0x00, 0x00, 0x00, 0x00, 0x00, 0x00, 0x00, 0x00,
    0x00, 0x00, 0x00, 0x00, 0x00, 0x00, 0x00, 0x00, 0xe3, 0x00, 0xe9, 0x00, 0x47, 0x00, 0x26, 0x00,
    0xc8, 0x00, 0xa8, 0x00, 0x06, 0x00, 0x88, 0x00, 0x67, 0x00, 0x03, 0x00, 0x00, 0x00, 0x00, 0x00,
    0x00, 0x00, 0x00, 0x00, 0x00, 0x00, 0x61, 0x00, 0x06, 0x00, 0xe5, 0x00, 0xc7, 0x00, 0xca, 0x00,
    0x0a, 0x00, 0x6b, 0x00, 0xa9, 0x00, 0x87, 0x00, 0x84, 0x00, 0x03, 0x00, 0x84, 0x00, 0xe5, 0x00,
    0xa7, 0x00, 0x28, 0x00, 0x0a, 0x00, 0xac, 0x00, 0xa9, 0x00, 0xe7, 0x00, 0x4a, 0x00, 0x4a, 0x00,
    0xc8, 0x00, 0xc9, 0x00, 0xc9, 0x00, 0x61, 0x00, 0x00, 0x00, 0x00, 0x00, 0x00, 0x00, 0x00, 0x00,
    0x00, 0x00, 0x00, 0x00, 0x00, 0x00, 0x00, 0x00, 0xa1, 0x00, 0xe7, 0x00, 0x23, 0x00, 0x66, 0x00,
    0x84, 0x00, 0x00, 0x00, 0x00, 0x00, 0x00, 0x00, 0x00, 0x00, 0x00, 0x00, 0x00, 0x00, 0x00, 0x00,
    0x00, 0x00, 0x00, 0x00, 0x00, 0x00, 0x00, 0x00, 0x06, 0x00, 0xc9, 0x00, 0x47, 0x00, 0x47, 0x00,
    0xc8, 0x00, 0x47, 0x00, 0x27, 0x00, 0x47, 0x00, 0x47, 0x00, 0x61, 0x00, 0x00, 0x00, 0x00, 0x00,
    0x00, 0x00, 0x00, 0x00, 0x00, 0x00, 0x00, 0x00, 0xa2, 0x00, 0x66, 0x00, 0x49, 0x00, 0x0a, 0x00,
    0x6b, 0x00, 0x8b, 0x00, 0x4b, 0x00, 0x28, 0x00, 0x05, 0x00, 0x03, 0x00, 0xc2, 0x00, 0x81, 0x00,
    0x23, 0x00, 0x87, 0x00, 0xea, 0x00, 0xac, 0x00, 0xcc, 0x00, 0x07, 0x00, 0xe9, 0x00, 0x09, 0x00,
    0xa8, 0x00, 0xe9, 0x00, 0x22, 0x00, 0x00, 0x00, 0x00, 0x00, 0x00, 0x00, 0x00, 0x00, 0x00, 0x00,
    0x00, 0x00, 0x00, 0x00, 0x00, 0x00, 0x00, 0x00, 0x00, 0x00, 0xe5, 0x00, 0xa7, 0x00, 0x48, 0x00,
    0x84, 0x00, 0x00, 0x00, 0x00, 0x00, 0x00, 0x00, 0x00, 0x00, 0x00, 0x00, 0x00, 0x00, 0x00, 0x00,
    0x00, 0x00, 0x00, 0x00, 0x00, 0x00, 0x00, 0x00, 0x88, 0x00, 0x88, 0x00, 0x67, 0x00, 0x67, 0x00,
    0xa8, 0x00, 0x47, 0x00, 0x67, 0x00, 0x67, 0x00, 0xe6, 0x00, 0x00, 0x00, 0x00, 0x00, 0x00, 0x00,
    0x00, 0x00, 0x00, 0x00, 0xe5, 0x00, 0x06, 0x00, 0xe2, 0x00, 0xc8, 0x00, 0x49, 0x00, 0x2b, 0x00,
    0xac, 0x00, 0xcc, 0x00, 0xcc, 0x00, 0x89, 0x00, 0x46, 0x00, 0x23, 0x00, 0x22, 0x00, 0xc4, 0x00,
    0xc4, 0x00, 0xc5, 0x00, 0x89, 0x00, 0xea, 0x00, 0x6b, 0x00, 0x88, 0x00, 0x86, 0x00, 0xe9, 0x00,
    0xc9, 0x00, 0x43, 0x00, 0x00, 0x00, 0x00, 0x00, 0x00, 0x00, 0x00, 0x00, 0x00, 0x00, 0x00, 0x00,
    0x00, 0x00, 0x00, 0x00, 0x00, 0x00, 0x00, 0x00, 0x00, 0x00, 0x03, 0x00, 0xc7, 0x00, 0x48, 0x00,
    0x63, 0x00, 0x00, 0x00, 0x00, 0x00, 0x00, 0x00, 0x00, 0x00, 0x00, 0x00, 0x00, 0x00, 0x00, 0x00,
    0x00, 0x00, 0x00, 0x00, 0x00, 0x00, 0x20, 0x00, 0x88, 0x00, 0x64, 0x00, 0x87, 0x00, 0x67, 0x00,
    0x67, 0x00, 0x27, 0x00, 0x88, 0x00, 0x88, 0x00, 0x06, 0x00, 0x00, 0x00, 0x00, 0x00, 0x00, 0x00,
    0x00, 0x00, 0x00, 0x00, 0x46, 0x00, 0x87, 0x00, 0x26, 0x00, 0x08, 0x00, 0x69, 0x00, 0xea, 0x00,
    0x8c, 0x00, 0xac, 0x00, 0xec, 0x00, 0x69, 0x00, 0x26, 0x00, 0xc4, 0x00, 0xe7, 0x00, 0xc7, 0x00,
    0x86, 0x00, 0x43, 0x00, 0x87, 0x00, 0x48, 0x00, 0xc9, 0x00, 0xa6, 0x00, 0x45, 0x00, 0xc9, 0x00,
    0x05, 0x00, 0x20, 0x00, 0x00, 0x00, 0x00, 0x00, 0x00, 0x00, 0x00, 0x00, 0x00, 0x00, 0x00, 0x00,
    0x00, 0x00, 0x00, 0x00, 0x00, 0x00, 0x00, 0x00, 0x00, 0x00, 0xa1, 0x00, 0x08, 0x00, 0x08, 0x00,
    0x02, 0x00, 0x00, 0x00, 0x00, 0x00, 0x00, 0x00, 0x00, 0x00, 0x00, 0x00, 0x00, 0x00, 0x00, 0x00,
    0x00, 0x00, 0x00, 0x00, 0x00, 0x00, 0x20, 0x00, 0x44, 0x00, 0x61, 0x00, 0xa8, 0x00, 0x47, 0x00,
    0x27, 0x00, 0x06, 0x00, 0x67, 0x00, 0x87, 0x00, 0x46, 0x00, 0x00, 0x00, 0x00, 0x00, 0x00, 0x00,
    0x00, 0x00, 0x00, 0x00, 0xc5, 0x00, 0x67, 0x00, 0x87, 0x00, 0xa8, 0x00, 0xaa, 0x00, 0xaa, 0x00,
    0xea, 0x00, 0x6b, 0x00, 0x0a, 0x00, 0x87, 0x00, 0x05, 0x00, 0xc7, 0x00, 0xa9, 0x00, 0x48, 0x00,
    0xa6, 0x00, 0x22, 0x00, 0xa4, 0x00, 0x66, 0x00, 0xa7, 0x00, 0x46, 0x00, 0x07, 0x00, 0xe5, 0x00,
    0x46, 0x00, 0xa4, 0x00, 0x00, 0x00, 0x00, 0x00, 0x00, 0x00, 0x00, 0x00, 0x00, 0x00, 0x00, 0x00,
    0x00, 0x00, 0x00, 0x00, 0x00, 0x00, 0x20, 0x00, 0x43, 0x00, 0x23, 0x00, 0x08, 0x00, 0xe7, 0x00,
    0x81, 0x00, 0x00, 0x00, 0x00, 0x00, 0x00, 0x00, 0x00, 0x00, 0x00, 0x00, 0x00, 0x00, 0x00, 0x00,
    0x00, 0x00, 0x00, 0x00, 0x00, 0x00, 0x00, 0x00, 0x00, 0x00, 0x20, 0x00, 0x88, 0x00, 0x47, 0x00,
    0x27, 0x00, 0x26, 0x00, 0x47, 0x00, 0x47, 0x00, 0xc8, 0x00, 0xa1, 0x00, 0x00, 0x00, 0x00, 0x00,
    0x00, 0x00, 0x00, 0x00, 0x84, 0x00, 0x06, 0x00, 0xc8, 0x00, 0x47, 0x00, 0x28, 0x00, 0x69, 0x00,
    0x89, 0x00, 0xca, 0x00, 0xe8, 0x00, 0x87, 0x00, 0x07, 0x00, 0x48, 0x00, 0x28, 0x00, 0x68, 0x00,
    0x68, 0x00, 0x25, 0x00, 0xe7, 0x00, 0xc5, 0x00, 0x84, 0x00, 0xc4, 0x00, 0xe5, 0x00, 0x46, 0x00,
    0xa7, 0x00, 0x66, 0x00, 0x20, 0x00, 0x00, 0x00, 0x00, 0x00, 0x00, 0x00, 0x00, 0x00, 0x00, 0x00,
    0x00, 0x00, 0x00, 0x00, 0x00, 0x00, 0x00, 0x00, 0x84, 0x00, 0x66, 0x00, 0xc7, 0x00, 0xa7, 0x00,
    0x20, 0x00, 0x00, 0x00, 0x00, 0x00, 0x00, 0x00, 0x00, 0x00, 0x00, 0x00, 0x00, 0x00, 0x00, 0x00,
    0x00, 0x00, 0x00, 0x00, 0x00, 0x00, 0x00, 0x00, 0x00, 0x00, 0x00, 0x00, 0x47, 0x00, 0x67, 0x00,
    0x67, 0x00, 0x27, 0x00, 0x87, 0x00, 0x47, 0x00, 0x29, 0x00, 0xc5, 0x00, 0x00, 0x00, 0x00, 0x00,
    0x00, 0x00, 0xa2, 0x00, 0x06, 0x00, 0x85, 0x00, 0x47, 0x00, 0x47, 0x00, 0x26, 0x00, 0xc8, 0x00,
    0x08, 0x00, 0x09, 0x00, 0xc5, 0x00, 0x22, 0x00, 0x66, 0x00, 0xe7, 0x00, 0x08, 0x00, 0x07, 0x00,
    0xa7, 0x00, 0x66, 0x00, 0x46, 0x00, 0x43, 0x00, 0x84, 0x00, 0xc5, 0x00, 0x46, 0x00, 0x66, 0x00,
    0x66, 0x00, 0x87, 0x00, 0x40, 0x00, 0x00, 0x00, 0x00, 0x00, 0x00, 0x00, 0x00, 0x00, 0x00, 0x00,
    0x00, 0x00, 0x00, 0x00, 0x00, 0x00, 0x00, 0x00, 0xc2, 0x00, 0x66, 0x00, 0xc7, 0x00, 0x46, 0x00,
    0x00, 0x00, 0x00, 0x00, 0x00, 0x00, 0x00, 0x00, 0x00, 0x00, 0x00, 0x00, 0x00, 0x00, 0x00, 0x00,
    0x00, 0x00, 0x00, 0x00, 0x00, 0x00, 0x00, 0x00, 0x00, 0x00, 0x00, 0x00, 0xa5, 0x00, 0x67, 0x00,
    0x67, 0x00, 0x06, 0x00, 0x47, 0x00, 0x88, 0x00, 0xe8, 0x00, 0x69, 0x00, 0x81, 0x00, 0x00, 0x00,
    0x00, 0x00, 0xa5, 0x00, 0x67, 0x00, 0xc5, 0x00, 0x64, 0x00, 0x06, 0x00, 0xa8, 0x00, 0xa8, 0x00,
    0xa8, 0x00, 0x64, 0x00, 0x00, 0x00, 0x00, 0x00, 0x00, 0x00, 0x60, 0x00, 0xa1, 0x00, 0xa1, 0x00,
    0x64, 0x00, 0x64, 0x00, 0x64, 0x00, 0xa5, 0x00, 0xc5, 0x00, 0x05, 0x00, 0x46, 0x00, 0x26, 0x00,
    0xa7, 0x00, 0x26, 0x00, 0x00, 0x00, 0x00, 0x00, 0x00, 0x00, 0x00, 0x00, 0x00, 0x00, 0x00, 0x00,
    0x00, 0x00, 0x00, 0x00, 0x00, 0x00, 0x00, 0x00, 0x02, 0x00, 0x87, 0x00, 0xc7, 0x00, 0xa4, 0x00,
    0xa4, 0x00, 0x20, 0x00, 0x00, 0x00, 0x00, 0x00, 0x00, 0x00, 0x00, 0x00, 0x00, 0x00, 0x00, 0x00,
    0x00, 0x00, 0x00, 0x00, 0x00, 0x00, 0x00, 0x00, 0x00, 0x00, 0x00, 0x00, 0xc2, 0x00, 0x47, 0x00,
    0x67, 0x00, 0x47, 0x00, 0x06, 0x00, 0xa8, 0x00, 0xa8, 0x00, 0x49, 0x00, 0x08, 0x00, 0x40, 0x00,
    0x20, 0x00, 0x67, 0x00, 0x47, 0x00, 0x47, 0x00, 0xe5, 0x00, 0x43, 0x00, 0x03, 0x00, 0x44, 0x00,
    0x61, 0x00, 0x00, 0x00, 0x00, 0x00, 0x00, 0x00, 0x00, 0x00, 0x00, 0x00, 0x00, 0x00, 0x03, 0x00,
    0xc5, 0x00, 0xa5, 0x00, 0xc5, 0x00, 0xc5, 0x00, 0x06, 0x00, 0x67, 0x00, 0x67, 0x00, 0x87, 0x00,
    0x26, 0x00, 0x81, 0x00, 0x00, 0x00, 0x00, 0x00, 0x00, 0x00, 0x00, 0x00, 0x00, 0x00, 0x00, 0x00,
    0x00, 0x00, 0x00, 0x00, 0x00, 0x00, 0x00, 0x00, 0xe5, 0x00, 0xe8, 0x00, 0x86, 0x00, 0xc7, 0x00,
    0xc4, 0x00, 0x00, 0x00, 0x00, 0x00, 0x00, 0x00, 0x00, 0x00, 0x00, 0x00, 0x00, 0x00, 0x00, 0x00,
    0x00, 0x00, 0x00, 0x00, 0x00, 0x00, 0x00, 0x00, 0x00, 0x00, 0x00, 0x00, 0x00, 0x00, 0xc5, 0x00,
    0x47, 0x00, 0x88, 0x00, 0x27, 0x00, 0x87, 0x00, 0xe9, 0x00, 0xe8, 0x00, 0xaa, 0x00, 0xa7, 0x00,
    0x23, 0x00, 0x67, 0x00, 0x47, 0x00, 0x47, 0x00, 0x26, 0x00, 0xa5, 0x00, 0x00, 0x00, 0x00, 0x00,
    0x00, 0x00, 0x00, 0x00, 0x00, 0x00, 0x00, 0x00, 0x00, 0x00, 0x40, 0x00, 0xe6, 0x00, 0xe6, 0x00,
    0xa5, 0x00, 0xc5, 0x00, 0xc5, 0x00, 0xc5, 0x00, 0xc5, 0x00, 0x84, 0x00, 0x23, 0x00, 0xc2, 0x00,
    0x00, 0x00, 0x00, 0x00, 0x00, 0x00, 0x00, 0x00, 0x00, 0x00, 0x00, 0x00, 0x00, 0x00, 0x00, 0x00,
    0x00, 0x00, 0x20, 0x00, 0x00, 0x00, 0x81, 0x00, 0x48, 0x00, 0x08, 0x00, 0x86, 0x00, 0xc7, 0x00,
    0x40, 0x00, 0x00, 0x00, 0x00, 0x00, 0x00, 0x00, 0x00, 0x00, 0x00, 0x00, 0x00, 0x00, 0x00, 0x00,
    0x00, 0x00, 0x00, 0x00, 0x00, 0x00, 0x00, 0x00, 0x00, 0x00, 0x00, 0x00, 0x00, 0x00, 0x81, 0x00,
    0x03, 0x00, 0xa8, 0x00, 0x88, 0x00, 0x88, 0x00, 0x09, 0x00, 0x49, 0x00, 0xaa, 0x00, 0xc8, 0x00,
    0x06, 0x00, 0x27, 0x00, 0x26, 0x00, 0x26, 0x00, 0x26, 0x00, 0x84, 0x00, 0x00, 0x00, 0x00, 0x00,
    0x00, 0x00, 0x00, 0x00, 0x00, 0x00, 0x00, 0x00, 0x00, 0x00, 0x20, 0x00, 0xe6, 0x00, 0x47, 0x00,
    0x47, 0x00, 0x06, 0x00, 0xe5, 0x00, 0x64, 0x00, 0x20, 0x00, 0x00, 0x00, 0x00, 0x00, 0x00, 0x00,
    0x00, 0x00, 0x00, 0x00, 0x00, 0x00, 0x00, 0x00, 0x00, 0x00, 0x00, 0x00, 0x00, 0x00, 0x00, 0x00,
    0xa1, 0x00, 0x86, 0x00, 0x00, 0x00, 0xa6, 0x00, 0x89, 0x00, 0xe7, 0x00, 0xe7, 0x00, 0x02, 0x00,
    0x00, 0x00, 0x00, 0x00, 0x00, 0x00, 0x00, 0x00, 0x00, 0x00, 0x00, 0x00, 0x00, 0x00, 0x00, 0x00,
    0x00, 0x00, 0x00, 0x00, 0x00, 0x00, 0x00, 0x00, 0x00, 0x00, 0x00, 0x00, 0x00, 0x00, 0x00, 0x00,
    0x00, 0x00, 0xc5, 0x00, 0x09, 0x00, 0x67, 0x00, 0xe9, 0x00, 0x2a, 0x00, 0xc8, 0x00, 0xc5, 0x00,
    0xe6, 0x00, 0x85, 0x00, 0xe6, 0x00, 0xe6, 0x00, 0xc5, 0x00, 0xa5, 0x00, 0x00, 0x00, 0x00, 0x00,
    0x00, 0x00, 0x00, 0x00, 0x00, 0x00, 0x00, 0x00, 0x00, 0x00, 0x00, 0x00, 0x20, 0x00, 0xe2, 0x00,
    0xc5, 0x00, 0x46, 0x00, 0x46, 0x00, 0xa7, 0x00, 0xa4, 0x00, 0x81, 0x00, 0x00, 0x00, 0x00, 0x00,
    0x00, 0x00, 0x00, 0x00, 0x00, 0x00, 0x00, 0x00, 0x00, 0x00, 0x00, 0x00, 0x00, 0x00, 0x00, 0x00,
    0x68, 0x00, 0x45, 0x00, 0x83, 0x00, 0xc9, 0x00, 0x28, 0x00, 0xe7, 0x00, 0xa4, 0x00, 0x00, 0x00,
    0x00, 0x00, 0x00, 0x00, 0x00, 0x00, 0x00, 0x00, 0x00, 0x00, 0x00, 0x00, 0x00, 0x00, 0x00, 0x00,
    0x00, 0x00, 0x00, 0x00, 0x00, 0x00, 0x00, 0x00, 0x00, 0x00, 0x00, 0x00, 0x00, 0x00, 0x00, 0x00,
    0x00, 0x00, 0x20, 0x00, 0x68, 0x00, 0xa8, 0x00, 0x88, 0x00, 0x09, 0x00, 0x67, 0x00, 0x85, 0x00,
    0xc5, 0x00, 0x64, 0x00, 0x06, 0x00, 0x84, 0x00, 0xa5, 0x00, 0x64, 0x00, 0x61, 0x00, 0x20, 0x00,
    0x00, 0x00, 0x20, 0x00, 0x81, 0x00, 0x02, 0x00, 0xe2, 0x00, 0x20, 0x00, 0x00, 0x00, 0x00, 0x00,
    0x20, 0x00, 0xa5, 0x00, 0xa7, 0x00, 0x48, 0x00, 0x69, 0x00, 0xe7, 0x00, 0x86, 0x00, 0x63, 0x00,
    0x20, 0x00, 0x00, 0x00, 0x00, 0x00, 0x00, 0x00, 0x00, 0x00, 0x00, 0x00, 0x00, 0x00, 0xc6, 0x00,
    0x88, 0x00, 0x45, 0x00, 0x68, 0x00, 0x68, 0x00, 0xa6, 0x00, 0xa4, 0x00, 0x40, 0x00, 0x00, 0x00,
    0x00, 0x00, 0x00, 0x00, 0x00, 0x00, 0x00, 0x00, 0x00, 0x00, 0x00, 0x00, 0x00, 0x00, 0x00, 0x00,
    0x00, 0x00, 0x00, 0x00, 0x00, 0x00, 0x00, 0x00, 0x00, 0x00, 0x00, 0x00, 0x00, 0x00, 0x00, 0x00,
    0x00, 0x00, 0x00, 0x00, 0x61, 0x00, 0x88, 0x00, 0x47, 0x00, 0xe9, 0x00, 0xe9, 0x00, 0x29, 0x00,
    0x87, 0x00, 0x64, 0x00, 0xa5, 0x00, 0xe6, 0x00, 0x44, 0x00, 0x06, 0x00, 0x69, 0x00, 0x49, 0x00,
    0x28, 0x00, 0x28, 0x00, 0x89, 0x00, 0x69, 0x00, 0xa4, 0x00, 0x00, 0x00, 0x00, 0x00, 0x00, 0x00,
    0x00, 0x00, 0x20, 0x00, 0x87, 0x00, 0x49, 0x00, 0x89, 0x00, 0x69, 0x00, 0x89, 0x00, 0x2a, 0x00,
    0xe7, 0x00, 0x61, 0x00, 0x00, 0x00, 0x00, 0x00, 0x00, 0x00, 0xc1, 0x00, 0xe7, 0x00, 0xe9, 0x00,
    0xe7, 0x00, 0x89, 0x00, 0x28, 0x00, 0x46, 0x00, 0x46, 0x00, 0x66, 0x00, 0xa1, 0x00, 0x00, 0x00,
    0x00, 0x00, 0x00, 0x00, 0x00, 0x00, 0x00, 0x00, 0x00, 0x00, 0x00, 0x00, 0x00, 0x00, 0x00, 0x00,
    0x00, 0x00, 0x00, 0x00, 0x00, 0x00, 0x00, 0x00, 0x00, 0x00, 0x00, 0x00, 0x00, 0x00, 0x00, 0x00,
    0x00, 0x00, 0x00, 0x00, 0x00, 0x00, 0x61, 0x00, 0x85, 0x00, 0x23, 0x00, 0xe9, 0x00, 0x09, 0x00,
    0xa8, 0x00, 0x47, 0x00, 0xa8, 0x00, 0xa8, 0x00, 0x06, 0x00, 0xe8, 0x00, 0x29, 0x00, 0x29, 0x00,
    0x09, 0x00, 0xe8, 0x00, 0xc8, 0x00, 0x87, 0x00, 0xa4, 0x00, 0x84, 0x00, 0x02, 0x00, 0xa1, 0x00,
    0x40, 0x00, 0x00, 0x00, 0xa1, 0x00, 0xe8, 0x00, 0x49, 0x00, 0xca, 0x00, 0xa6, 0x00, 0x48, 0x00,
    0x88, 0x00, 0x63, 0x00, 0xe2, 0x00, 0xa4, 0x00, 0xe7, 0x00, 0x88, 0x00, 0xa9, 0x00, 0x28, 0x00,
    0x08, 0x00, 0x86, 0x00, 0x26, 0x00, 0xc8, 0x00, 0xc8, 0x00, 0xe2, 0x00, 0x00, 0x00, 0x00, 0x00,
    0x00, 0x00, 0x00, 0x00, 0x00, 0x00, 0x00, 0x00, 0x00, 0x00, 0x00, 0x00, 0x00, 0x00, 0x00, 0x00,
    0x00, 0x00, 0x00, 0x00, 0x00, 0x00, 0x00, 0x00, 0x00, 0x00, 0x00, 0x00, 0x00, 0x00, 0x00, 0x00,
    0x00, 0x00, 0x00, 0x00, 0x00, 0x00, 0x00, 0x00, 0x00, 0x00, 0x00, 0x00, 0xa2, 0x00, 0x88, 0x00,
    0x0a, 0x00, 0xe9, 0x00, 0x88, 0x00, 0xc9, 0x00, 0xc9, 0x00, 0x88, 0x00, 0x67, 0x00, 0x67, 0x00,
    0x67, 0x00, 0x87, 0x00, 0xe8, 0x00, 0x6a, 0x00, 0xca, 0x00, 0xaa, 0x00, 0xca, 0x00, 0x0a, 0x00,
    0xa9, 0x00, 0xc7, 0x00, 0xa4, 0x00, 0xe5, 0x00, 0xc8, 0x00, 0x26, 0x00, 0x04, 0x00, 0xa6, 0x00,
    0x66, 0x00, 0x25, 0x00, 0xe7, 0x00, 0x0a, 0x00, 0x89, 0x00, 0xc7, 0x00, 0xc7, 0x00, 0x86, 0x00,
    0x86, 0x00, 0xc7, 0x00, 0x08, 0x00, 0xe5, 0x00, 0x20, 0x00, 0x00, 0x00, 0x00, 0x00, 0x00, 0x00,
    0x00, 0x00, 0x00, 0x00, 0x00, 0x00, 0x00, 0x00, 0x00, 0x00, 0x00, 0x00, 0x00, 0x00, 0x00, 0x00,
    0x00, 0x00, 0x00, 0x00, 0x00, 0x00, 0x00, 0x00, 0x00, 0x00, 0x00, 0x00, 0x00, 0x00, 0x00, 0x00,
    0x00, 0x00, 0x00, 0x00, 0x00, 0x00, 0x00, 0x00, 0x00, 0x00, 0x00, 0x00, 0x00, 0x00, 0x20, 0x00,
    0xe6, 0x00, 0x09, 0x00, 0xc9, 0x00, 0x06, 0x00, 0x47, 0x00, 0xc8, 0x00, 0xa8, 0x00, 0x47, 0x00,
    0x47, 0x00, 0x67, 0x00, 0x87, 0x00, 0xa8, 0x00, 0xa8, 0x00, 0xc8, 0x00, 0x29, 0x00, 0x49, 0x00,
    0x49, 0x00, 0x69, 0x00, 0x8a, 0x00, 0x29, 0x00, 0x26, 0x00, 0x84, 0x00, 0xa3, 0x00, 0xea, 0x00,
    0x66, 0x00, 0xc7, 0x00, 0xc7, 0x00, 0xc7, 0x00, 0x66, 0x00, 0x67, 0x00, 0x87, 0x00, 0xa7, 0x00,
    0x26, 0x00, 0x84, 0x00, 0x61, 0x00, 0x00, 0x00, 0x00, 0x00, 0x00, 0x00, 0x00, 0x00, 0x00, 0x00,
    0x00, 0x00, 0x00, 0x00, 0x00, 0x00, 0x00, 0x00, 0x00, 0x00, 0x00, 0x00, 0x00, 0x00, 0x00, 0x00,
    0x00, 0x00, 0x00, 0x00, 0x00, 0x00, 0x00, 0x00, 0x00, 0x00, 0x00, 0x00, 0x00, 0x00, 0x00, 0x00,
    0x00, 0x00, 0x00, 0x00, 0x00, 0x00, 0x00, 0x00, 0x00, 0x00, 0x00, 0x00, 0x00, 0x00, 0x00, 0x00,
    0x00, 0x00, 0xc2, 0x00, 0xe6, 0x00, 0xe6, 0x00, 0x81, 0x00, 0x81, 0x00, 0x23, 0x00, 0x47, 0x00,
    0xc8, 0x00, 0xa8, 0x00, 0x47, 0x00, 0x06, 0x00, 0x06, 0x00, 0x67, 0x00, 0x87, 0x00, 0x87, 0x00,
    0x87, 0x00, 0xa7, 0x00, 0x87, 0x00, 0x87, 0x00, 0xc8, 0x00, 0x87, 0x00, 0x05, 0x00, 0xc8, 0x00,
    0x67, 0x00, 0x46, 0x00, 0x67, 0x00, 0x46, 0x00, 0x46, 0x00, 0xc5, 0x00, 0x03, 0x00, 0x61, 0x00,
    0x00, 0x00, 0x00, 0x00, 0x00, 0x00, 0x00, 0x00, 0x00, 0x00, 0x00, 0x00, 0x00, 0x00, 0x00, 0x00,
    0x00, 0x00, 0x00, 0x00, 0x00, 0x00, 0x00, 0x00, 0x00, 0x00, 0x00, 0x00, 0x00, 0x00, 0x00, 0x00,
    0x00, 0x00, 0x00, 0x00, 0x00, 0x00, 0x00, 0x00, 0x00, 0x00, 0x00, 0x00, 0x00, 0x00, 0x00, 0x00,
    0x00, 0x00, 0x00, 0x00, 0x00, 0x00, 0x00, 0x00, 0x00, 0x00, 0x00, 0x00, 0x00, 0x00, 0x00, 0x00,
    0x00, 0x00, 0x00, 0x00, 0x00, 0x00, 0x00, 0x00, 0x20, 0x00, 0x00, 0x00, 0x00, 0x00, 0x61, 0x00,
    0x64, 0x00, 0x67, 0x00, 0xe9, 0x00, 0xc8, 0x00, 0x87, 0x00, 0xe6, 0x00, 0xc5, 0x00, 0x06, 0x00,
    0x67, 0x00, 0x87, 0x00, 0xc8, 0x00, 0x87, 0x00, 0x26, 0x00, 0x46, 0x00, 0x67, 0x00, 0xa7, 0x00,
    0xe8, 0x00, 0x29, 0x00, 0x49, 0x00, 0x09, 0x00, 0x67, 0x00, 0x03, 0x00, 0x00, 0x00, 0x00, 0x00,
    0x00, 0x00, 0x00, 0x00, 0x00, 0x00, 0x00, 0x00, 0x00, 0x00, 0x00, 0x00, 0x00, 0x00, 0x00, 0x00,
    0x00, 0x00, 0x00, 0x00, 0x00, 0x00, 0x00, 0x00, 0x00, 0x00, 0x00, 0x00, 0x00, 0x00, 0x00, 0x00,
    0x00, 0x00, 0x00, 0x00, 0x00, 0x00, 0x00, 0x00, 0x00, 0x00, 0x00, 0x00, 0x00, 0x00, 0x00, 0x00,
    0x00, 0x00, 0x00, 0x00, 0x00, 0x00, 0x00, 0x00, 0x00, 0x00, 0x00, 0x00, 0x00, 0x00, 0x00, 0x00,
    0x00, 0x00, 0x00, 0x00, 0x00, 0x00, 0x00, 0x00, 0x00, 0x00, 0x00, 0x00, 0x00, 0x00, 0x00, 0x00,
    0x00, 0x00, 0x00, 0x00, 0x81, 0x00, 0x43, 0x00, 0xc5, 0x00, 0x23, 0x00, 0x00, 0x00, 0x00, 0x00,
    0x20, 0x00, 0x61, 0x00, 0xe2, 0x00, 0x23, 0x00, 0xa1, 0x00, 0x00, 0x00, 0x20, 0x00, 0x61, 0x00,
    0xa1, 0x00, 0xc2, 0x00, 0xc2, 0x00, 0x81, 0x00, 0x20, 0x00, 0x00, 0x00, 0x00, 0x00, 0x00, 0x00,
    0x00, 0x00, 0x00, 0x00, 0x00, 0x00, 0x00, 0x00, 0x00, 0x00, 0x00, 0x00, 0x00, 0x00, 0x00, 0x00,
    0x00, 0x00, 0x00, 0x00, 0x00, 0x00, 0x00, 0x00, 0x00, 0x00, 0x00, 0x00, 0x00, 0x00, 0x00, 0x00,
    0x00, 0x00, 0x00, 0x00, 0x00, 0x00, 0x00, 0x00, 0x00, 0x00, 0x00, 0x00, 0x00, 0x00, 0x00, 0x00,
    0x00, 0x00, 0x00, 0x00, 0x00, 0x00, 0x00, 0x00, 0x00, 0x00, 0x00, 0x00, 0x00, 0x00, 0x00, 0x00,
    0x00, 0x00, 0x00, 0x00, 0x00, 0x00, 0x00, 0x00, 0x00, 0x00, 0x00, 0x00, 0x00, 0x00, 0x00, 0x00,
    0x00, 0x00, 0x00, 0x00, 0x00, 0x00, 0x00, 0x00, 0x00, 0x00, 0x00, 0x00, 0x00, 0x00, 0x00, 0x00,
    0x00, 0x00, 0x00, 0x00, 0x00, 0x00, 0x00, 0x00, 0x00, 0x00, 0x00, 0x00, 0x00, 0x00, 0x00, 0x00,
    0x00, 0x00, 0x00, 0x00, 0x00, 0x00, 0x00, 0x00, 0x00, 0x00, 0x00, 0x00, 0x00, 0x00, 0x00, 0x00,
    0x00, 0x00, 0x00, 0x00, 0x00, 0x00, 0x00, 0x00, 0x00, 0x00, 0x00, 0x00, 0x00, 0x00, 0x00, 0x00,
    0x00, 0x00, 0x00, 0x00, 0x00, 0x00, 0x00, 0x00, 0x00, 0x00, 0x00, 0x00, 0x00, 0x00, 0x00, 0x00,
    0x00, 0x00, 0x00, 0x00, 0x00, 0x00, 0x00, 0x00, 0x00, 0x00, 0x00, 0x00, 0x00, 0x00, 0x00, 0x00,
    0x00, 0x00, 0x00, 0x00, 0x00, 0x00, 0x00, 0x00, 0x00, 0x00, 0x00, 0x00, 0x00, 0x00, 0x00, 0x00,
    0x00, 0x00, 0x00, 0x00, 0x00, 0x00, 0x00, 0x00, 0x00, 0x00, 0x00, 0x00, 0x00, 0x00, 0x00, 0x00,
    0x00, 0x00, 0x00, 0x00, 0x00, 0x00, 0x00, 0x00, 0x00, 0x00, 0x00, 0x00, 0x00, 0x00, 0x00, 0x00,
    0x00, 0x00, 0x00, 0x00, 0x00, 0x00, 0x00, 0x00, 0x00, 0x00, 0x00, 0x00, 0x00, 0x00, 0x00, 0x00,
    0x00, 0x00, 0x00, 0x00, 0x00, 0x00, 0x00, 0x00, 0x00, 0x00, 0x00, 0x00, 0x00, 0x00, 0x00, 0x00,
    0x00, 0x00, 0x00, 0x00, 0x00, 0x00, 0x00, 0x00, 0x00, 0x00, 0x00, 0x00, 0x00, 0x00, 0x00, 0x00,
    0x00, 0x00, 0x00, 0x00, 0x00, 0x00, 0x00, 0x00, 0x00, 0x00, 0x00, 0x00, 0x00, 0x00, 0x00, 0x00,
    0x00, 0x00, 0x00, 0x00, 0x00, 0x00, 0x00, 0x00, 0x00, 0x00, 0x00, 0x00, 0x00, 0x00, 0x00, 0x00,
    0x00, 0x00, 0x00, 0x00, 0x00, 0x00, 0x00, 0x00, 0x00, 0x00, 0x00, 0x00, 0x00, 0x00, 0x00, 0x00,
    0x00, 0x00, 0x00, 0x00, 0x00, 0x00, 0x00, 0x00, 0x00, 0x00, 0x00, 0x00, 0x00, 0x00, 0x00, 0x00,
    0x00, 0x00, 0x00, 0x00, 0x00, 0x00, 0x00, 0x00, 0x00, 0x00, 0x00, 0x00, 0x00, 0x00, 0x00, 0x00,
    0x00, 0x00, 0x00, 0x00, 0x00, 0x00, 0x00, 0x00, 0x00, 0x00, 0x00, 0x00, 0x00, 0x00, 0x00, 0x00,
    0x00, 0x00, 0x12, 0x3c, 0x00, 0x00, 0x00, 0x00, 0x00, 0x00, 0x00, 0x00, 0x00, 0x00, 0x00, 0x00,
    0x00, 0x00, 0x00, 0x00, 0x00, 0x00, 0x00, 0x00, 0x00, 0x00, 0x00, 0x00, 0x00, 0x00, 0x00, 0x00,
    0x00, 0x00, 0x00, 0x00, 0x00, 0x00, 0x00, 0x00, 0x00, 0x00, 0x00, 0x00, 0x00, 0x00, 0x00, 0x00,
    0x00, 0x00, 0x00, 0x00, 0x00, 0x00, 0x00, 0x00, 0x00, 0x00, 0x00, 0x00, 0x00, 0x00, 0x00, 0x00,
    0x00, 0x00, 0x97, 0xab, 0x00, 0x00, 0x00, 0x00, 0x00, 0x00, 0x00, 0x00, 0x00, 0x00, 0x44, 0x01,
    0x00, 0x00, 0x00, 0x00, 0x00, 0x00, 0x00, 0x00, 0x00, 0x00, 0x00, 0x00, 0x00, 0x00, 0x00, 0x00,
    0x00, 0x00, 0x00, 0x00, 0x00, 0x00, 0x00, 0x00, 0x00, 0x00, 0x00, 0x00, 0x00, 0x00, 0x00, 0x00,
    0x00, 0x00, 0x00, 0x00, 0x00, 0x00, 0x00, 0x00, 0x00, 0x00, 0x00, 0x00, 0x00, 0x00, 0x00, 0x00,
    0x00, 0x00, 0xaf, 0xe4, 0x00, 0x00, 0x00, 0x14, 0x11, 0x00, 0x00, 0x00, 0x00, 0x0f, 0xfd, 0x01,
    0x00, 0x00, 0x00, 0x00, 0x00, 0x00, 0x00, 0x00, 0x00, 0x00, 0x00, 0x00, 0x00, 0x00, 0x00, 0x00,
    0x00, 0x00, 0x00, 0x00, 0x00, 0x00, 0x00, 0x00, 0x00, 0x00, 0x00, 0x00, 0x00, 0x00, 0x00, 0x00,
    0x00, 0x00, 0x00, 0x00, 0x00, 0x00, 0x00, 0x00, 0x00, 0x00, 0x00, 0x00, 0x00, 0x00, 0x00, 0x00,
    0x00, 0x00, 0x70, 0xff, 0x2a, 0x00, 0x00, 0x78, 0x3f, 0x00, 0x00, 0x00, 0x00, 0x18, 0xff, 0x12,
    0x00, 0x00, 0x00, 0x00, 0x00, 0x00, 0x00, 0x00, 0x00, 0x00, 0x00, 0x00, 0x00, 0x00, 0x00, 0x00,
    0x00, 0x00, 0x00, 0x00, 0x00, 0x00, 0x00, 0x00, 0x00, 0x00, 0x00, 0x00, 0x00, 0x00, 0x00, 0x00,
    0x00, 0x00, 0x00, 0x00, 0x00, 0x00, 0x00, 0x00, 0x00, 0x00, 0x00, 0x00, 0x00, 0x00, 0x00, 0x00,
    0x00, 0x00, 0x1a, 0xff, 0xdc, 0x0b, 0x00, 0x5f, 0xc7, 0x00, 0x00, 0x3d, 0x22, 0x02, 0xed, 0xb5,
    0x02, 0x00, 0x00, 0x7e, 0x18, 0x00, 0x00, 0x00, 0x00, 0x00, 0x00, 0x00, 0x00, 0x00, 0x00, 0x00,
    0x00, 0x00, 0x00, 0x00, 0x00, 0x00, 0x00, 0x00, 0x00, 0x00, 0x00, 0x00, 0x00, 0x00, 0x00, 0x00,
    0x00, 0x00, 0x00, 0x00, 0x00, 0x00, 0x00, 0x00, 0x00, 0x00, 0x00, 0x00, 0x00, 0x00, 0x00, 0x00,
    0x00, 0x00, 0x00, 0x94, 0xff, 0xe0, 0x2e, 0x35, 0xff, 0x67, 0x00, 0x28, 0xff, 0x80, 0xd1, 0xff,
    0xc1, 0x26, 0x02, 0xe9, 0xb0, 0x02, 0x00, 0x00, 0x00, 0x00, 0x00, 0x00, 0x00, 0x00, 0x00, 0x00,
    0x00, 0x00, 0x00, 0x00, 0x00, 0x00, 0x00, 0x00, 0x00, 0x00, 0x00, 0x00, 0x00, 0x00, 0x00, 0x00,
    0x00, 0x00, 0x00, 0x00, 0x00, 0x00, 0x00, 0x00, 0x00, 0x00, 0x00, 0x00, 0x00, 0x00, 0x00, 0x02,
    0x00, 0x00, 0x00, 0x00, 0xa0, 0xff, 0xff, 0xf3, 0xf7, 0xff, 0x8b, 0x18, 0xc8, 0xff, 0xff, 0xfb,
    0xff, 0xff, 0xd7, 0xe2, 0xff, 0xb9, 0x05, 0x00, 0x00, 0x00, 0x00, 0x00, 0x00, 0x00, 0x00, 0x00,
    0x00, 0x00, 0x00, 0x00, 0x00, 0x00, 0x00, 0x00, 0x00, 0x00, 0x00, 0x00, 0x00, 0x00, 0x00, 0x00,
    0x00, 0x00, 0x00, 0x00, 0x00, 0x00, 0x00, 0x00, 0x00, 0x00, 0x00, 0x00, 0x00, 0x00, 0x00, 0x37,
    0x7c, 0x20, 0x20, 0x4a, 0xc1, 0xff, 0xff, 0xff, 0xff, 0xf5, 0xff, 0xff, 0xe9, 0xf9, 0xfd, 0xff,
    0xfb, 0xf9, 0xff, 0xff, 0xf7, 0xff, 0xba, 0x01, 0x00, 0x00, 0x00, 0x00, 0x00, 0x00, 0x00, 0x00,
    0x00, 0x00, 0x00, 0x00, 0x00, 0x00, 0x00, 0x00, 0x00, 0x00, 0x00, 0x00, 0x00, 0x00, 0x00, 0x00,
    0x00, 0x00, 0x00, 0x00, 0x00, 0x00, 0x00, 0x00, 0x00, 0x00, 0x00, 0x00, 0x00, 0x00, 0x00, 0x00,
    0x78, 0xff, 0xff, 0xff, 0xf7, 0x9b, 0x79, 0x98, 0xff, 0xff, 0xfb, 0xfd, 0xff, 0xff, 0xff, 0xff,
    0xff, 0xff, 0xfd, 0xfd, 0xff, 0xf5, 0xff, 0x37, 0x03, 0x00, 0x00, 0x00, 0x00, 0x00, 0x00, 0x00,
    0x00, 0x00, 0x00, 0x00, 0x00, 0x00, 0x00, 0x00, 0x00, 0x00, 0x00, 0x00, 0x00, 0x00, 0x00, 0x00,
    0x00, 0x00, 0x00, 0x00, 0x00, 0x00, 0x00, 0x00, 0x00, 0x00, 0x00, 0x00, 0x00, 0x00, 0x00, 0x00,
    0x00, 0x08, 0x1f, 0x11, 0x01, 0x00, 0x00, 0x00, 0x03, 0x6c, 0xf3, 0xfb, 0xfd, 0xff, 0xff, 0xff,
    0xff, 0xff, 0xff, 0xff, 0xff, 0xfd, 0xfb, 0xc5, 0xb7, 0x0d, 0x00, 0x00, 0x00, 0x00, 0x00, 0x00,
    0x00, 0x00, 0x00, 0x00, 0x00, 0x00, 0x00, 0x00, 0x00, 0x00, 0x00, 0x00, 0x00, 0x00, 0x00, 0x00,
    0x00, 0x00, 0x00, 0x00, 0x00, 0x00, 0x00, 0x00, 0x00, 0x00, 0x00, 0x00, 0x00, 0x00, 0x00, 0x00,
    0x00, 0x00, 0x00, 0x00, 0x04, 0x00, 0x01, 0x17, 0x3c, 0x51, 0xd3, 0xff, 0xfd, 0xff, 0xff, 0xff,
    0xff, 0xff, 0xff, 0xff, 0xff, 0xff, 0xff, 0xff, 0xff, 0x80, 0x00, 0x00, 0x00, 0x00, 0x00, 0x00,
    0x00, 0x00, 0x00, 0x00, 0x00, 0x00, 0x00, 0x00, 0x00, 0x00, 0x00, 0x00, 0x00, 0x00, 0x00, 0x00,
    0x00, 0x00, 0x00, 0x00, 0x00, 0x00, 0x00, 0x00, 0x00, 0x00, 0x00, 0x00, 0x00, 0x00, 0x03, 0x09,
    0x00, 0x00, 0x00, 0x03, 0xcc, 0xcc, 0xcf, 0xff, 0xff, 0xff, 0xff, 0xff, 0xff, 0xff, 0xff, 0xff,
    0xff, 0xff, 0xff, 0xff, 0xff, 0xff, 0xff, 0xfb, 0xfb, 0xf1, 0x01, 0x00, 0x00, 0x00, 0x00, 0x00,
    0x00, 0x00, 0x00, 0x00, 0x00, 0x00, 0x00, 0x00, 0x00, 0x00, 0x00, 0x00, 0x00, 0x00, 0x00, 0x00,
    0x00, 0x00, 0x00, 0x00, 0x00, 0x00, 0x00, 0x00, 0x00, 0x00, 0x00, 0x00, 0x00, 0x00, 0x07, 0xe0,
    0xda, 0x98, 0x7f, 0x69, 0xbe, 0xff, 0xff, 0xfb, 0xf7, 0xf7, 0xfd, 0xff, 0xff, 0xff, 0xff, 0xff,
    0xff, 0xff, 0xff, 0xff, 0xff, 0xff, 0xff, 0xff, 0xfd, 0xff, 0x47, 0x00, 0x00, 0x00, 0x00, 0x00,
    0x00, 0x00, 0x00, 0x08, 0x03, 0x00, 0x00, 0x00, 0x00, 0x00, 0x00, 0x00, 0x00, 0x00, 0x00, 0x00,
    0x00, 0x00, 0x00, 0x00, 0x00, 0x00, 0x00, 0x00, 0x00, 0x00, 0x00, 0x00, 0x00, 0x00, 0x00, 0x0b,
    0xc8, 0xff, 0xff, 0xff, 0xff, 0xff, 0xfd, 0xff, 0xff, 0xff, 0xff, 0xff, 0xff, 0xff, 0xff, 0xff,
    0xff, 0xff, 0xff, 0xff, 0xff, 0xff, 0xff, 0xff, 0xff, 0xf7, 0xff, 0x30, 0x00, 0x00, 0x00, 0x00,
    0x00, 0x00, 0x3f, 0xff, 0x3b, 0x00, 0x00, 0x00, 0x00, 0x00, 0x00, 0x00, 0x00, 0x00, 0x00, 0x00,
    0x00, 0x00, 0x00, 0x00, 0x00, 0x00, 0x00, 0x00, 0x00, 0x00, 0x00, 0x00, 0x00, 0x00, 0x00, 0x00,
    0x01, 0x42, 0xa5, 0xc3, 0xca, 0xeb, 0xff, 0xff, 0xff, 0xff, 0xff, 0xff, 0xff, 0xff, 0xff, 0xff,
    0xff, 0xff, 0xff, 0xff, 0xff, 0xff, 0xff, 0xff, 0xff, 0xf7, 0xf9, 0x56, 0x00, 0x00, 0x00, 0x38,
    0x06, 0x02, 0xff, 0xf9, 0x06, 0x0a, 0x1f, 0x04, 0x00, 0x00, 0x00, 0x00, 0x00, 0x00, 0x00, 0x00,
    0x00, 0x00, 0x00, 0x00, 0x00, 0x00, 0x00, 0x00, 0x00, 0x00, 0x00, 0x00, 0x00, 0x00, 0x00, 0x00,
    0x00, 0x00, 0x00, 0x00, 0x09, 0x95, 0xfd, 0xfb, 0xff, 0xff, 0xff, 0xff, 0xff, 0xff, 0xff, 0xff,
    0xff, 0xff, 0xff, 0xff, 0xff, 0xff, 0xff, 0xff, 0xff, 0xf7, 0xff, 0x2a, 0x00, 0x00, 0x00, 0x78,
    0xcf, 0x51, 0xff, 0xab, 0x27, 0xf9, 0xff, 0x54, 0x00, 0x00, 0x00, 0x00, 0x00, 0x00, 0x00, 0x00,
    0x00, 0x00, 0x00, 0x00, 0x00, 0x00, 0x00, 0x00, 0x00, 0x00, 0x00, 0x00, 0x00, 0x00, 0x00, 0x00,
    0x00, 0x00, 0x00, 0x43, 0xff, 0xff, 0xfd, 0xff, 0xff, 0xff, 0xff, 0xff, 0xff, 0xff, 0xff, 0xff,
    0xff, 0xff, 0xff, 0xff, 0xff, 0xff, 0xff, 0xff, 0xff, 0xf9, 0xff, 0x82, 0x00, 0x00, 0x00, 0x1f,
    0xff, 0xff, 0xff, 0xf1, 0xff, 0xfd, 0x67, 0x01, 0x00, 0x00, 0x00, 0x00, 0x00, 0x00, 0x00, 0x00,
    0x00, 0x00, 0x00, 0x00, 0x00, 0x00, 0x00, 0x00, 0x00, 0x00, 0x00, 0x00, 0x00, 0x00, 0x00, 0x00,
    0x00, 0x00, 0x00, 0x04, 0x35, 0xa3, 0xfd, 0xfd, 0xff, 0xff, 0xff, 0xff, 0xff, 0xff, 0xff, 0xff,
    0xff, 0xff, 0xff, 0xff, 0xff, 0xff, 0xff, 0xff, 0xff, 0xff, 0xfb, 0xff, 0x83, 0x00, 0x00, 0x00,
    0xc0, 0xfb, 0xfb, 0xff, 0xfd, 0xb2, 0x0d, 0x00, 0x00, 0x00, 0x00, 0x00, 0x00, 0x00, 0x00, 0x00,
    0x00, 0x00, 0x00, 0x00, 0x00, 0x00, 0x00, 0x00, 0x00, 0x00, 0x00, 0x00, 0x00, 0x00, 0x00, 0x00,
    0x00, 0x00, 0x00, 0x00, 0x00, 0x73, 0xfd, 0xfb, 0xff, 0xff, 0xff, 0xff, 0xff, 0xff, 0xff, 0xff,
    0xff, 0xff, 0xff, 0xff, 0xff, 0xff, 0xff, 0xff, 0xff, 0xff, 0xff, 0xf9, 0xff, 0x13, 0x00, 0x00,
    0x61, 0xff, 0xf7, 0xff, 0xfd, 0xfb, 0xff, 0x8b, 0x00, 0x00, 0x00, 0x00, 0x00, 0x00, 0x00, 0x00,
    0x00, 0x00, 0x00, 0x00, 0x00, 0x00, 0x00, 0x00, 0x00, 0x00, 0x00, 0x00, 0x00, 0x00, 0x00, 0x00,
    0x00, 0x00, 0x06, 0x2d, 0xc1, 0xff, 0xfd, 0xff, 0xff, 0xff, 0xff, 0xff, 0xff, 0xff, 0xff, 0xff,
    0xff, 0xff, 0xff, 0xff, 0xff, 0xff, 0xff, 0xff, 0xff, 0xfb, 0xfd, 0xf7, 0xfd, 0x1d, 0x00, 0x00,
    0x79, 0xff, 0xf7, 0xff, 0xff, 0xff, 0xff, 0xff, 0x26, 0x00, 0x00, 0x00, 0x00, 0x00, 0x00, 0x00,
    0x00, 0x00, 0x00, 0x00, 0x00, 0x00, 0x00, 0x00, 0x00, 0x00, 0x00, 0x00, 0x00, 0x00, 0x00, 0x00,
    0x00, 0x00, 0x38, 0xff, 0xff, 0xff, 0xff, 0xff, 0xff, 0xff, 0xff, 0xff, 0xff, 0xff, 0xff, 0xff,
    0xff, 0xff, 0xff, 0xff, 0xff, 0xff, 0xff, 0xff, 0xfd, 0xff, 0xff, 0xff, 0xf1, 0x05, 0x00, 0x11,
    0xf3, 0xfb, 0xfd, 0xfb, 0xf9, 0xe2, 0x1b, 0x31, 0x0e, 0x00, 0x00, 0x00, 0x00, 0x00, 0x00, 0x00,
    0x00, 0x00, 0x00, 0x00, 0x00, 0x00, 0x00, 0x00, 0x00, 0x00, 0x00, 0x00, 0x00, 0x00, 0x00, 0x00,
    0x00, 0x00, 0x00, 0x03, 0x20, 0x3d, 0xef, 0xfd, 0xfd, 0xff, 0xff, 0xff, 0xff, 0xff, 0xff, 0xff,
    0xff, 0xff, 0xff, 0xff, 0xff, 0xff, 0xff, 0xfd, 0xff, 0xb0, 0xcc, 0xe8, 0x1a, 0x00, 0x0c, 0xe4,
    0xff, 0xfd, 0xff, 0xf7, 0xff, 0x64, 0x00, 0x00, 0x00, 0x00, 0x00, 0x00, 0x00, 0x00, 0x00, 0x00,
    0x00, 0x00, 0x00, 0x00, 0x00, 0x00, 0x00, 0x00, 0x00, 0x00, 0x00, 0x00, 0x00, 0x00, 0x00, 0x00,
    0x00, 0x00, 0x00, 0x00, 0x00, 0x50, 0xf7, 0xfb, 0xff, 0xff, 0xff, 0xff, 0xff, 0xff, 0xff, 0xff,
    0xff, 0xff, 0xff, 0xff, 0xff, 0xff, 0xfd, 0xfd, 0xd5, 0x01, 0x02, 0x05, 0x00, 0x02, 0xce, 0xff,
    0xfb, 0xff, 0xfb, 0xff, 0x57, 0x00, 0x00, 0x00, 0x00, 0x00, 0x00, 0x00, 0x00, 0x00, 0x00, 0x00,
    0x00, 0x00, 0x00, 0x00, 0x00, 0x00, 0x00, 0x00, 0x00, 0x00, 0x00, 0x00, 0x00, 0x00, 0x00, 0x00,
    0x00, 0x00, 0x00, 0x00, 0x1c, 0xff, 0xff, 0xf7, 0xfd, 0xff, 0xff, 0xff, 0xff, 0xff, 0xff, 0xff,
    0xff, 0xff, 0xff, 0xff, 0xff, 0xff, 0xf7, 0xff, 0x5c, 0x00, 0x00, 0x00, 0x00, 0x77, 0xff, 0xf7,
    0xff, 0xf9, 0xff, 0x44, 0x00, 0x00, 0x00, 0x00, 0x00, 0x00, 0x00, 0x00, 0x00, 0x00, 0x00, 0x00,
    0x00, 0x00, 0x00, 0x00, 0x00, 0x00, 0x00, 0x00, 0x00, 0x00, 0x00, 0x00, 0x00, 0x00, 0x00, 0x00,
    0x00, 0x00, 0x00, 0x01, 0xaf, 0xd5, 0x52, 0x4a, 0xf7, 0xfb, 0xff, 0xff, 0xff, 0xff, 0xff, 0xff,
    0xff, 0xff, 0xff, 0xff, 0xff, 0xff, 0xf7, 0xff, 0x1e, 0x00, 0x00, 0x07, 0x62, 0xff, 0xf9, 0xff,
    0xfd, 0xfb, 0xef, 0x01, 0x00, 0x00, 0x00, 0x00, 0x00, 0x00, 0x00, 0x00, 0x00, 0x00, 0x00, 0x00,
    0x00, 0x00, 0x00, 0x00, 0x00, 0x00, 0x00, 0x00, 0x00, 0x00, 0x00, 0x00, 0x00, 0x00, 0x00, 0x00,
    0x00, 0x00, 0x00, 0x00, 0x02, 0x01, 0x00, 0x71, 0xff, 0xf3, 0xff, 0xff, 0xff, 0xff, 0xff, 0xff,
    0xff, 0xff, 0xff, 0xff, 0xff, 0xff, 0xfd, 0xff, 0xa8, 0x7c, 0xb4, 0xf9, 0xff, 0xfb, 0xff, 0xff,
    0xf9, 0xff, 0x5f, 0x00, 0x00, 0x00, 0x00, 0x00, 0x02, 0x05, 0x00, 0x00, 0x00, 0x00, 0x00, 0x00,
    0x00, 0x00, 0x00, 0x00, 0x00, 0x00, 0x00, 0x00, 0x00, 0x00, 0x00, 0x00, 0x00, 0x00, 0x00, 0x00,
    0x00, 0x00, 0x00, 0x00, 0x00, 0x00, 0x00, 0xab, 0x5f, 0x79, 0xfd, 0xf5, 0xff, 0xff, 0xff, 0xff,
    0xff, 0xff, 0xff, 0xff, 0xff, 0xff, 0xff, 0xff, 0xff, 0xff, 0xff, 0xff, 0xf9, 0xff, 0xff, 0xfb,
    0xf9, 0xa6, 0x01, 0x00, 0x00, 0x00, 0x00, 0x00, 0x17, 0x5b, 0x00, 0x00, 0x00, 0x00, 0x00, 0x00,
    0x00, 0x00, 0x00, 0x00, 0x00, 0x00, 0x00, 0x00, 0x00, 0x00, 0x00, 0x00, 0x00, 0x00, 0x00, 0x00,
    0x00, 0x00, 0x00, 0x00, 0x00, 0x00, 0x00, 0x06, 0x00, 0xa0, 0xff, 0xff, 0xff, 0xff, 0xff, 0xff,
    0xff, 0xff, 0xff, 0xff, 0xff, 0xff, 0xff, 0xff, 0xfb, 0xf9, 0xfb, 0xfd, 0xff, 0xff, 0xfb, 0xfb,
    0xff, 0x57, 0x00, 0x00, 0x00, 0x00, 0x00, 0x00, 0x5d, 0xc1, 0x00, 0x00, 0x00, 0x00, 0x00, 0x00,
    0x00, 0x00, 0x00, 0x00, 0x00, 0x00, 0x00, 0x00, 0x00, 0x00, 0x00, 0x00, 0x00, 0x0a, 0x66, 0x24,
    0x05, 0x00, 0x00, 0x00, 0x00, 0x00, 0x00, 0x00, 0x00, 0xc7, 0xeb, 0x64, 0xff, 0xf9, 0xfd, 0xff,
    0xff, 0xff, 0xff, 0xff, 0xff, 0xff, 0xff, 0xff, 0xff, 0xff, 0xff, 0xff, 0xff, 0xf9, 0xff, 0xf5,
    0x86, 0x05, 0x00, 0x00, 0x00, 0x00, 0x00, 0x15, 0xf3, 0xcf, 0x00, 0x00, 0x00, 0x00, 0x00, 0x00,
    0x00, 0x00, 0x00, 0x00, 0x00, 0x00, 0x00, 0x00, 0x00, 0x00, 0x00, 0x00, 0x00, 0x00, 0x6b, 0xff,
    0xed, 0x7e, 0x14, 0x00, 0x37, 0x0d, 0x00, 0x00, 0x00, 0x85, 0x35, 0x02, 0xf9, 0xff, 0xff, 0xff,
    0xff, 0xff, 0xff, 0xff, 0xff, 0xff, 0xff, 0xff, 0xff, 0xff, 0xff, 0xff, 0xf7, 0xff, 0x8e, 0x07,
    0x00, 0x00, 0x00, 0x00, 0x00, 0x00, 0x49, 0xfb, 0xff, 0xcc, 0x00, 0x00, 0x00, 0x00, 0x00, 0x00,
    0x00, 0x00, 0x00, 0x00, 0x00, 0x00, 0x00, 0x00, 0x00, 0x25, 0x92, 0xc1, 0xba, 0x9e, 0x71, 0xe8,
    0xff, 0xff, 0xff, 0x66, 0x58, 0xf5, 0x0d, 0x00, 0x00, 0x02, 0x00, 0x00, 0xb5, 0xb4, 0xab, 0xff,
    0xfb, 0xff, 0xff, 0xff, 0xff, 0xff, 0xff, 0xff, 0xff, 0xff, 0xff, 0xff, 0xff, 0x71, 0x00, 0x00,
    0x00, 0x00, 0x00, 0x02, 0x4d, 0x8f, 0xff, 0xf7, 0xfd, 0xa6, 0x00, 0x00, 0x00, 0x00, 0x00, 0x00,
    0x00, 0x00, 0x00, 0x00, 0x00, 0x00, 0x00, 0x00, 0x01, 0x38, 0x5b, 0xa6, 0xff, 0xff, 0xff, 0xff,
    0xfd, 0xf9, 0xfd, 0xff, 0xe6, 0xff, 0xdc, 0x05, 0x00, 0x00, 0x00, 0x00, 0x16, 0x09, 0x1e, 0xff,
    0xf9, 0xff, 0xff, 0xff, 0xff, 0xff, 0xff, 0xff, 0xff, 0xff, 0xfb, 0xf1, 0x3a, 0x00, 0x00, 0x00,
    0x00, 0x00, 0x00, 0x54, 0xff, 0xff, 0xf9, 0xf5, 0xff, 0x51, 0x00, 0x00, 0x00, 0x00, 0x00, 0x00,
    0x00, 0x00, 0x00, 0x00, 0x00, 0x00, 0x00, 0x00, 0x00, 0x00, 0x2d, 0xa8, 0xf7, 0xf9, 0xf9, 0xff,
    0xff, 0xff, 0xff, 0xf9, 0xff, 0xf7, 0xff, 0x7c, 0x11, 0x0b, 0x00, 0x00, 0x00, 0x00, 0x0f, 0xff,
    0xfb, 0xff, 0xff, 0xff, 0xff, 0xff, 0xff, 0xff, 0xff, 0xfd, 0xff, 0xe4, 0x01, 0x00, 0x00, 0x00,
    0x00, 0x00, 0x01, 0xe0, 0xfb, 0xf9, 0xfd, 0xff, 0xff, 0x08, 0x00, 0x00, 0x00, 0x00, 0x00, 0x00,
    0x00, 0x00, 0x00, 0x00, 0x00, 0x00, 0x00, 0x00, 0x31, 0xe2, 0xff, 0xff, 0xff, 0xff, 0xff, 0xff,
    0xff, 0xff, 0xff, 0xff, 0xfd, 0xff, 0xfd, 0xf3, 0xc3, 0x9d, 0x00, 0x0a, 0x43, 0x00, 0x9a, 0xff,
    0xf9, 0xff, 0xff, 0xff, 0xff, 0xff, 0xff, 0xff, 0xff, 0xff, 0xf9, 0xff, 0x24, 0x00, 0x00, 0x00,
    0x00, 0x00, 0x07, 0xff, 0xff, 0xfd, 0xf9, 0xe6, 0x24, 0x00, 0x00, 0x00, 0x00, 0x00, 0x00, 0x00,
    0x00, 0x00, 0x00, 0x00, 0x00, 0x00, 0x00, 0x6d, 0xff, 0xff, 0xf7, 0xfd, 0xff, 0xff, 0xff, 0xff,
    0xff, 0xff, 0xff, 0xff, 0xff, 0xff, 0xff, 0xff, 0xff, 0xff, 0x26, 0x0b, 0xff, 0x79, 0xfd, 0xff,
    0xff, 0xff, 0xff, 0xff, 0xff, 0xff, 0xff, 0xff, 0xff, 0xff, 0xf7, 0xff, 0x52, 0x00, 0x00, 0x00,
    0x00, 0x00, 0x03, 0xef, 0xff, 0xf9, 0xf9, 0xbe, 0x7b, 0x0e, 0x00, 0x00, 0x00, 0x00, 0x00, 0x00,
    0x00, 0x00, 0x00, 0x00, 0x00, 0x00, 0x73, 0xff, 0xf3, 0xfd, 0xff, 0xff, 0xff, 0xff, 0xff, 0xff,
    0xff, 0xff, 0xff, 0xff, 0xff, 0xff, 0xff, 0xff, 0xfb, 0xfd, 0xf7, 0xb4, 0xfb, 0xff, 0xff, 0xff,
    0xff, 0xff, 0xff, 0xff, 0xff, 0xff, 0xff, 0xff, 0xff, 0xff, 0xf7, 0xff, 0x67, 0x00, 0x00, 0x00,
    0x00, 0x00, 0x00, 0xaf, 0xff, 0xff, 0xff, 0xca, 0x32, 0x00, 0x00, 0x00, 0x00, 0x00, 0x00, 0x00,
    0x00, 0x00, 0x00, 0x00, 0x00, 0x24, 0xba, 0x83, 0xfb, 0xfb, 0xff, 0xff, 0xff, 0xff, 0xff, 0xfd,
    0xf7, 0xfb, 0xff, 0xff, 0xff, 0xff, 0xff, 0xff, 0xff, 0xff, 0xff, 0xff, 0xff, 0xf9, 0xff, 0xff,
    0xff, 0xff, 0xff, 0xff, 0xff, 0xff, 0xff, 0xff, 0xff, 0xff, 0xf7, 0xff, 0x5f, 0x00, 0x00, 0x00,
    0x00, 0x03, 0x02, 0x3b, 0xff, 0xd7, 0x23, 0x00, 0x00, 0x00, 0x00, 0x00, 0x00, 0x00, 0x00, 0x00,
    0x00, 0x00, 0x00, 0x00, 0x00, 0x07, 0x08, 0xd1, 0xfd, 0xfd, 0xff, 0xff, 0xff, 0xff, 0xfd, 0xff,
    0xff, 0xff, 0xfb, 0xff, 0xff, 0xff, 0xff, 0xff, 0xff, 0xff, 0xfd, 0xfb, 0xff, 0xff, 0xff, 0xff,
    0xff, 0xff, 0xff, 0xff, 0xff, 0xff, 0xff, 0xff, 0xff, 0xff, 0xf7, 0xfd, 0x43, 0x00, 0x00, 0x00,
    0x00, 0x06, 0x8e, 0x32, 0xff, 0x30, 0x00, 0x00, 0x00, 0x00, 0x00, 0x00, 0x00, 0x00, 0x00, 0x00,
    0x00, 0x00, 0x00, 0x00, 0x00, 0x00, 0x8c, 0xff, 0xf9, 0xff, 0xff, 0xff, 0xff, 0xfd, 0xff, 0xff,
    0x73, 0xb9, 0xff, 0xfb, 0xff, 0xff, 0xff, 0xff, 0xff, 0xff, 0xff, 0xff, 0xff, 0xff, 0xff, 0xff,
    0xff, 0xff, 0xff, 0xff, 0xff, 0xff, 0xff, 0xff, 0xff, 0xff, 0xf9, 0xff, 0x1c, 0x00, 0x00, 0x00,
    0x00, 0x00, 0xaf, 0xeb, 0xff, 0x2a, 0x00, 0x00, 0x00, 0x00, 0x00, 0x00, 0x00, 0x00, 0x00, 0x00,
    0x00, 0x00, 0x00, 0x00, 0x00, 0x28, 0xff, 0xf7, 0xff, 0xff, 0xff, 0xff, 0xfd, 0xfd, 0xdc, 0x12,
    0x00, 0x01, 0x8b, 0xff, 0xf9, 0xff, 0xff, 0xff, 0xff, 0xff, 0xff, 0xff, 0xff, 0xff, 0xff, 0xff,
    0xff, 0xff, 0xff, 0xff, 0xff, 0xff, 0xff, 0xff, 0xff, 0xfd, 0xfd, 0xeb, 0x02, 0x00, 0x00, 0x00,
    0x00, 0x00, 0x13, 0xff, 0xff, 0x88, 0x00, 0x00, 0x00, 0x00, 0x00, 0x00, 0x00, 0x00, 0x00, 0x00,
    0x00, 0x00, 0x00, 0x00, 0x01, 0xd3, 0xfd, 0xfb, 0xff, 0xff, 0xff, 0xff, 0xfb, 0xfb, 0x13, 0x00,
    0x00, 0x00, 0x01, 0xd1, 0xfd, 0xfb, 0xff, 0xff, 0xff, 0xff, 0xff, 0xff, 0xff, 0xff, 0xff, 0xff,
    0xff, 0xff, 0xff, 0xff, 0xff, 0xff, 0xff, 0xff, 0xff, 0xf7, 0xff, 0x71, 0x00, 0x00, 0x00, 0x00,
    0x00, 0x00, 0x00, 0x29, 0xfd, 0xf1, 0x02, 0x09, 0x11, 0x00, 0x00, 0x00, 0x00, 0x00, 0x00, 0x00,
    0x00, 0x00, 0x00, 0x00, 0x2f, 0xff, 0xf7, 0xff, 0xff, 0xff, 0xff, 0xf7, 0xff, 0x6d, 0x00, 0x00,
    0x00, 0x00, 0x00, 0x15, 0xff, 0xfb, 0xff, 0xff, 0xff, 0xff, 0xff, 0xff, 0xff, 0xff, 0xff, 0xff,
    0xff, 0xff, 0xff, 0xff, 0xff, 0xff, 0xff, 0xff, 0xfd, 0xf9, 0xf9, 0x08, 0x00, 0x00, 0x00, 0x00,
    0x00, 0x00, 0x00, 0x00, 0x38, 0xff, 0x3c, 0xa3, 0x3e, 0x00, 0x00, 0x00, 0x00, 0x00, 0x00, 0x00,
    0x00, 0x00, 0x00, 0x00, 0x9b, 0xfb, 0xf9, 0xff, 0xff, 0xff, 0xff, 0xf9, 0xff, 0x14, 0x00, 0x00,
    0x00, 0x00, 0x01, 0x00, 0x3b, 0xff, 0xf9, 0xff, 0xff, 0xff, 0xff, 0xff, 0xff, 0xff, 0xff, 0xff,
    0xff, 0xff, 0xff, 0xff, 0xff, 0xff, 0xff, 0xff, 0xf9, 0xff, 0x32, 0x00, 0x00, 0x00, 0x00, 0x00,
    0x00, 0x00, 0x00, 0x00, 0x00, 0xbe, 0xf3, 0xff, 0x37, 0x00, 0x00, 0x00, 0x00, 0x00, 0x00, 0x00,
    0x00, 0x00, 0x00, 0x01, 0xde, 0xff, 0xfd, 0xff, 0xff, 0xff, 0xfd, 0xff, 0xeb, 0x02, 0x00, 0x00,
    0x00, 0x00, 0x9d, 0xb7, 0x61, 0xff, 0xfd, 0xff, 0xff, 0xff, 0xff, 0xff, 0xff, 0xff, 0xff, 0xff,
    0xff, 0xff, 0xff, 0xff, 0xff, 0xff, 0xff, 0xfb, 0xff, 0x45, 0x00, 0x00, 0x00, 0x00, 0x00, 0x00,
    0x00, 0x00, 0x00, 0x00, 0x00, 0x44, 0xff, 0xfd, 0x32, 0x00, 0x00, 0x00, 0x00, 0x00, 0x00, 0x00,
    0x00, 0x00, 0x00, 0x03, 0xff, 0x98, 0xf1, 0xff, 0xff, 0xff, 0xfd, 0xff, 0xda, 0x01, 0x00, 0x00,
    0x00, 0x01, 0xe2, 0xff, 0xff, 0xff, 0xff, 0xff, 0xff, 0xff, 0xff, 0xff, 0xff, 0xff, 0xff, 0xff,
    0xff, 0xff, 0xff, 0xff, 0xff, 0xff, 0xff, 0xf9, 0xff, 0x12, 0x00, 0x00, 0x00, 0x00, 0x00, 0x00,
    0x00, 0x00, 0x00, 0x01, 0x00, 0x1e, 0xfd, 0xff, 0x23, 0x00, 0x00, 0x00, 0x00, 0x00, 0x00, 0x00,
    0x00, 0x00, 0x00, 0x01, 0x71, 0x18, 0xff, 0xfd, 0xff, 0xff, 0xfd, 0xff, 0xef, 0x03, 0x00, 0x00,
    0x00, 0x01, 0xda, 0xfb, 0xf7, 0xff, 0xff, 0xff, 0xff, 0xff, 0xfb, 0xf7, 0xfb, 0xff, 0xff, 0xff,
    0xff, 0xff, 0xff, 0xff, 0xff, 0xff, 0xff, 0xf7, 0xff, 0x7c, 0x00, 0x00, 0x00, 0x00, 0x00, 0x00,
    0x00, 0x00, 0x00, 0x04, 0x6c, 0x64, 0xff, 0xff, 0x0f, 0x00, 0x00, 0x00, 0x00, 0x00, 0x00, 0x00,
    0x00, 0x00, 0x00, 0x00, 0x00, 0x06, 0xfd, 0xff, 0xff, 0xff, 0xff, 0xf9, 0xff, 0x1b, 0x00, 0x00,
    0x00, 0x03, 0xef, 0xff, 0xfd, 0xff, 0xff, 0xff, 0xff, 0xf9, 0xff, 0xff, 0xff, 0xff, 0xf9, 0xfd,
    0xff, 0xff, 0xff, 0xff, 0xff, 0xff, 0xff, 0xfd, 0xff, 0xe9, 0x02, 0x00, 0x00, 0x00, 0x00, 0x00,
    0x00, 0x00, 0x00, 0x00, 0x74, 0xff, 0xfd, 0xf5, 0x03, 0x00, 0x00, 0x00, 0x00, 0x00, 0x00, 0x00,
    0x00, 0x00, 0x00, 0x00, 0x00, 0x01, 0xd7, 0xff, 0xfd, 0xff, 0xff, 0xf9, 0xff, 0x85, 0x00, 0x00,
    0x00, 0x23, 0xff, 0xf9, 0xff, 0xff, 0xf7, 0xf7, 0xf7, 0xff, 0xa8, 0x4e, 0xc0, 0xff, 0xff, 0xff,
    0xff, 0xff, 0xff, 0xff, 0xff, 0xff, 0xff, 0xff, 0xfd, 0xff, 0x09, 0x00, 0x00, 0x00, 0x00, 0x00,
    0x00, 0x00, 0x00, 0x00, 0x2f, 0xfb, 0xff, 0xbe, 0x01, 0x00, 0x00, 0x00, 0x00, 0x00, 0x00, 0x00,
    0x00, 0x00, 0x00, 0x00, 0x00, 0x00, 0x85, 0xfd, 0xf9, 0xff, 0xff, 0xff, 0xfb, 0xff, 0x14, 0x00,
    0x00, 0xa2, 0xff, 0xf9, 0xff, 0xff, 0xff, 0xff, 0xff, 0x73, 0x01, 0x00, 0x00, 0x0b, 0x16, 0x40,
    0xfd, 0xfb, 0xff, 0xff, 0xfd, 0xfb, 0xf9, 0xf3, 0xff, 0xde, 0x01, 0x00, 0x00, 0x00, 0x00, 0x00,
    0x00, 0x00, 0x00, 0x00, 0x44, 0xff, 0xfd, 0xb4, 0x78, 0x01, 0x00, 0x00, 0x00, 0x00, 0x00, 0x00,
    0x00, 0x00, 0x00, 0x00, 0x00, 0x00, 0x24, 0xff, 0xf5, 0xff, 0xff, 0xff, 0xfb, 0xfb, 0xd3, 0x04,
    0x07, 0xff, 0xfb, 0xfd, 0xff, 0xdc, 0x5b, 0x5f, 0x17, 0x00, 0x00, 0x00, 0x00, 0x00, 0x01, 0x95,
    0xfd, 0xfb, 0xff, 0xff, 0xff, 0xff, 0xff, 0xff, 0xe6, 0x1b, 0x00, 0x00, 0x00, 0x00, 0x00, 0x00,
    0x00, 0x00, 0x00, 0x00, 0xa0, 0xff, 0xf3, 0xff, 0x74, 0x00, 0x00, 0x00, 0x00, 0x00, 0x00, 0x00,
    0x00, 0x00, 0x00, 0x00, 0x00, 0x00, 0x01, 0xcc, 0xff, 0xf9, 0xff, 0xff, 0xff, 0xfb, 0xff, 0xc7,
    0x95, 0xff, 0xfb, 0xfd, 0xff, 0xd9, 0x00, 0x00, 0x00, 0x00, 0x00, 0x00, 0x00, 0x0b, 0xf3, 0xff,
    0xfb, 0xff, 0xff, 0xfd, 0xe2, 0xc0, 0x75, 0x34, 0x04, 0x00, 0x00, 0x00, 0x00, 0x00, 0x00, 0x00,
    0x00, 0x05, 0x00, 0x12, 0xff, 0xf9, 0xf7, 0xf7, 0x08, 0x00, 0x00, 0x00, 0x00, 0x00, 0x00, 0x00,
    0x00, 0x00, 0x00, 0x00, 0x00, 0x00, 0x00, 0x1c, 0x80, 0xff, 0xfd, 0xff, 0xff, 0xff, 0xfd, 0xff,
    0xff, 0xff, 0xff, 0xfb, 0xff, 0xce, 0x01, 0x00, 0x00, 0x00, 0x00, 0x00, 0x00, 0x05, 0xd5, 0xff,
    0xff, 0xfb, 0xfb, 0xf7, 0x22, 0x00, 0x00, 0x00, 0x00, 0x00, 0x00, 0x00, 0x00, 0x00, 0x00, 0x00,
    0x0f, 0xa6, 0x00, 0xb2, 0xfd, 0xf1, 0xff, 0x44, 0x00, 0x00, 0x00, 0x00, 0x00, 0x00, 0x00, 0x00,
    0x00, 0x00, 0x00, 0x00, 0x00, 0x00, 0x00, 0x00, 0x00, 0x98, 0xff, 0xf7, 0xff, 0xff, 0xff, 0xfb,
    0xfb, 0xff, 0xff, 0xfd, 0xff, 0xe4, 0x01, 0x00, 0x00, 0x00, 0x00, 0x00, 0x00, 0x00, 0x04, 0x4b,
    0xe0, 0xff, 0xf9, 0xfd, 0xd5, 0x1e, 0x00, 0x00, 0x00, 0x00, 0x00, 0x00, 0x00, 0x00, 0x00, 0x01,
    0xce, 0x9e, 0x5b, 0xff, 0xf5, 0xff, 0x83, 0x00, 0x00, 0x00, 0x00, 0x00, 0x00, 0x00, 0x00, 0x00,
    0x00, 0x00, 0x00, 0x00, 0x00, 0x00, 0x00, 0x00, 0x00, 0x05, 0xe0, 0xff, 0xf9, 0xfb, 0xff, 0xff,
    0xff, 0xff, 0xff, 0xfd, 0xff, 0xf3, 0x14, 0x04, 0x02, 0x02, 0x0b, 0x1d, 0x21, 0x01, 0x00, 0x00,
    0x08, 0xc8, 0xff, 0xfb, 0xff, 0xff, 0xab, 0x45, 0x04, 0x00, 0x00, 0x00, 0x00, 0x00, 0x02, 0x9b,
    0xff, 0xd7, 0xff, 0xf9, 0xf7, 0xaa, 0x0b, 0x00, 0x00, 0x00, 0x00, 0x00, 0x00, 0x00, 0x00, 0x00,
    0x00, 0x00, 0x00, 0x00, 0x00, 0x00, 0x00, 0x00, 0x00, 0x00, 0x0e, 0xe6, 0xff, 0xff, 0xfd, 0xfd,
    0xff, 0xff, 0xff, 0xff, 0xff, 0xff, 0xff, 0xf1, 0xde, 0xe9, 0xff, 0xff, 0x88, 0x00, 0x00, 0x00,
    0x00, 0x0a, 0xfd, 0xfb, 0xfb, 0xfb, 0xff, 0xff, 0xdc, 0x18, 0x00, 0x00, 0x00, 0x18, 0xba, 0xff,
    0xf9, 0xff, 0xfd, 0xf7, 0xf9, 0xd5, 0x17, 0x00, 0x00, 0x00, 0x00, 0x00, 0x00, 0x00, 0x00, 0x00,
    0x00, 0x00, 0x00, 0x00, 0x00, 0x00, 0x00, 0x00, 0x00, 0x00, 0x00, 0x0b, 0x97, 0x71, 0xff, 0xff,
    0xf9, 0xff, 0xff, 0xff, 0xff, 0xff, 0xff, 0xff, 0xff, 0xff, 0xfd, 0xeb, 0x5d, 0x41, 0x29, 0x11,
    0x05, 0x00, 0x38, 0xff, 0xf9, 0xff, 0xfb, 0xf5, 0xff, 0xe9, 0x27, 0x50, 0xb2, 0xff, 0xff, 0xf9,
    0xfd, 0xf7, 0xfd, 0xff, 0xeb, 0x23, 0x00, 0x00, 0x00, 0x00, 0x00, 0x00, 0x00, 0x00, 0x00, 0x00,
    0x00, 0x00, 0x00, 0x00, 0x00, 0x00, 0x00, 0x00, 0x00, 0x00, 0x00, 0x00, 0x01, 0x00, 0x20, 0xe9,
    0xff, 0xf9, 0xf9, 0xff, 0xff, 0xf9, 0xf9, 0xfd, 0xfd, 0xfd, 0xff, 0xff, 0xff, 0xff, 0xff, 0xff,
    0xf1, 0xb2, 0x7b, 0xf9, 0xff, 0xff, 0xff, 0xff, 0xfd, 0xff, 0xff, 0xff, 0xff, 0xf7, 0xf3, 0xfd,
    0xff, 0xff, 0xfd, 0x77, 0x08, 0x00, 0x00, 0x00, 0x00, 0x00, 0x00, 0x00, 0x00, 0x00, 0x00, 0x00,
    0x00, 0x00, 0x00, 0x00, 0x00, 0x00, 0x00, 0x00, 0x00, 0x00, 0x00, 0x00, 0x00, 0x00, 0x00, 0x08,
    0x8e, 0xff, 0xff, 0xff, 0xe9, 0xff, 0xff, 0xfd, 0xf9, 0xfd, 0xff, 0xff, 0xf9, 0xf5, 0xf3, 0xf9,
    0xff, 0xff, 0xff, 0xff, 0xfd, 0xfd, 0xfd, 0xff, 0xff, 0xfd, 0xf7, 0xf7, 0xf9, 0xff, 0xff, 0xff,
    0xc1, 0x57, 0x0b, 0x00, 0x00, 0x00, 0x00, 0x00, 0x00, 0x00, 0x00, 0x00, 0x00, 0x00, 0x00, 0x00,
    0x00, 0x00, 0x00, 0x00, 0x00, 0x00, 0x00, 0x00, 0x00, 0x00, 0x00, 0x00, 0x00, 0x00, 0x00, 0x00,
    0x00, 0x1e, 0x85, 0xcf, 0x42, 0x1a, 0x74, 0xff, 0xff, 0xff, 0xfb, 0xf7, 0xf7, 0xff, 0xff, 0xff,
    0xff, 0xf7, 0xf1, 0xf7, 0xff, 0xff, 0xff, 0xfd, 0xf9, 0xf9, 0xf9, 0xfb, 0xff, 0xb7, 0x41, 0x10,
    0x00, 0x00, 0x00, 0x00, 0x00, 0x00, 0x00, 0x00, 0x00, 0x00, 0x00, 0x00, 0x00, 0x00, 0x00, 0x00,
    0x00, 0x00, 0x00, 0x00, 0x00, 0x00, 0x00, 0x00, 0x00, 0x00, 0x00, 0x00, 0x00, 0x00, 0x00, 0x00,
    0x00, 0x00, 0x00, 0x01, 0x03, 0x00, 0x00, 0x0f, 0x68, 0xd3, 0xff, 0xff, 0xff, 0xe4, 0xad, 0xd5,
    0xf9, 0xff, 0xff, 0xff, 0xf1, 0xda, 0xf5, 0xff, 0xff, 0xff, 0xff, 0xff, 0xd7, 0x4b, 0x00, 0x00,
    0x00, 0x00, 0x00, 0x00, 0x00, 0x00, 0x00, 0x00, 0x00, 0x00, 0x00, 0x00, 0x00, 0x00, 0x00, 0x00,
    0x00, 0x00, 0x00, 0x00, 0x00, 0x00, 0x00, 0x00, 0x00, 0x00, 0x00, 0x00, 0x00, 0x00, 0x00, 0x00,
    0x00, 0x00, 0x00, 0x00, 0x00, 0x00, 0x00, 0x00, 0x00, 0x01, 0x15, 0x3e, 0x64, 0x56, 0x01, 0x01,
    0x05, 0x11, 0x25, 0x41, 0x31, 0x02, 0x05, 0x0b, 0x14, 0x1e, 0x1b, 0x0c, 0x01, 0x00, 0x00, 0x00,
    0x00, 0x00, 0x00, 0x00, 0x00, 0x00, 0x00, 0x00, 0x00, 0x00, 0x00, 0x00, 0x00, 0x00, 0x00, 0x00,
    0x00, 0x00, 0x00, 0x00, 0x00, 0x00, 0x00, 0x00, 0x00, 0x00, 0x00, 0x00, 0x00, 0x00, 0x00, 0x00,
    0x00, 0x00, 0x00, 0x00, 0x00, 0x00, 0x00, 0x00, 0x00, 0x00, 0x00, 0x00, 0x00, 0x00, 0x00, 0x00,
    0x00, 0x00, 0x00, 0x00, 0x00, 0x00, 0x00, 0x00, 0x00, 0x00, 0x00, 0x00, 0x00, 0x00, 0x00, 0x00,
    0x00, 0x00, 0x00, 0x00, 0x00, 0x00, 0x00, 0x00, 0x00, 0x00, 0x00, 0x00, 0x00, 0x00, 0x00, 0x00,
    0x00, 0x00, 0x00, 0x00, 0x00, 0x00, 0x00, 0x00, 0x00, 0x00, 0x00, 0x00, 0x00, 0x00, 0x00, 0x00,
    0x00, 0x00, 0x00, 0x00, 0x00, 0x00, 0x00, 0x00, 0x00, 0x00, 0x00, 0x00, 0x00, 0x00, 0x00, 0x00,
    0x00, 0x00, 0x00, 0x00, 0x00, 0x00, 0x00, 0x00, 0x00, 0x00, 0x00, 0x00, 0x00, 0x00, 0x00, 0x00,
    0x00, 0x00, 0x00, 0x00, 0x00, 0x00, 0x00, 0x00, 0x00, 0x00, 0x00, 0x00, 0x00, 0x00, 0x00, 0x00,
};

const lv_image_dsc_t play_frame_7_dsc = {
    .header.w = 64,
    .header.h = 64,
    .header.cf = LV_COLOR_FORMAT_RGB565A8,
    .data_size = 12288,
    .data = play_frame_7_data,
};

/* Frame 8: frame_008.png */
static const uint8_t play_frame_8_data[] = {
    0x00, 0x00, 0x00, 0x00, 0x00, 0x00, 0x00, 0x00, 0x00, 0x00, 0x00, 0x00, 0x00, 0x00, 0x00, 0x00,
    0x00, 0x00, 0x00, 0x00, 0x00, 0x00, 0x00, 0x00, 0x00, 0x00, 0x00, 0x00, 0x00, 0x00, 0x00, 0x00,
    0x00, 0x00, 0x00, 0x00, 0x00, 0x00, 0x00, 0x00, 0x00, 0x00, 0x00, 0x00, 0x00, 0x00, 0x00, 0x00,
    0x00, 0x00, 0x00, 0x00, 0x00, 0x00, 0x00, 0x00, 0x00, 0x00, 0x00, 0x00, 0x00, 0x00, 0x00, 0x00,
    0x00, 0x00, 0x00, 0x00, 0x00, 0x00, 0x00, 0x00, 0x00, 0x00, 0x00, 0x00, 0x00, 0x00, 0x00, 0x00,
    0x00, 0x00, 0x00, 0x00, 0x00, 0x00, 0x00, 0x00, 0x00, 0x00, 0x00, 0x00, 0x00, 0x00, 0x00, 0x00,
    0x00, 0x00, 0x00, 0x00, 0x00, 0x00, 0x00, 0x00, 0x00, 0x00, 0x00, 0x00, 0x00, 0x00, 0x00, 0x00,
    0x00, 0x00, 0x00, 0x00, 0x00, 0x00, 0x00, 0x00, 0x00, 0x00, 0x00, 0x00, 0x00, 0x00, 0x00, 0x00,
    0x00, 0x00, 0x00, 0x00, 0x00, 0x00, 0x00, 0x00, 0x00, 0x00, 0x00, 0x00, 0x00, 0x00, 0x00, 0x00,
    0x00, 0x00, 0x00, 0x00, 0x00, 0x00, 0x00, 0x00, 0x00, 0x00, 0x00, 0x00, 0x00, 0x00, 0x00, 0x00,
    0x00, 0x00, 0x00, 0x00, 0x00, 0x00, 0x00, 0x00, 0x00, 0x00, 0x00, 0x00, 0x00, 0x00, 0x00, 0x00,
    0x00, 0x00, 0x00, 0x00, 0x00, 0x00, 0x00, 0x00, 0x00, 0x00, 0x00, 0x00, 0x00, 0x00, 0x00, 0x00,
    0x00, 0x00, 0x00, 0x00, 0x00, 0x00, 0x00, 0x00, 0x00, 0x00, 0x00, 0x00, 0x00, 0x00, 0x00, 0x00,
    0x00, 0x00, 0x00, 0x00, 0x00, 0x00, 0x00, 0x00, 0x00, 0x00, 0x00, 0x00, 0x00, 0x00, 0x00, 0x00,
    0x00, 0x00, 0x00, 0x00, 0x00, 0x00, 0x00, 0x00, 0x00, 0x00, 0x00, 0x00, 0x00, 0x00, 0x00, 0x00,
    0x00, 0x00, 0x00, 0x00, 0x00, 0x00, 0x00, 0x00, 0x00, 0x00, 0x00, 0x00, 0x00, 0x00, 0x00, 0x00,
    0x00, 0x00, 0x00, 0x00, 0x00, 0x00, 0x00, 0x00, 0x00, 0x00, 0x00, 0x00, 0x00, 0x00, 0x00, 0x00,
    0x00, 0x00, 0x00, 0x00, 0x00, 0x00, 0x00, 0x00, 0x00, 0x00, 0x00, 0x00, 0x00, 0x00, 0x00, 0x00,
    0x00, 0x00, 0x00, 0x00, 0x00, 0x00, 0x00, 0x00, 0x00, 0x00, 0x00, 0x00, 0x00, 0x00, 0x00, 0x00,
    0x00, 0x00, 0x00, 0x00, 0x00, 0x00, 0x00, 0x00, 0x00, 0x00, 0x00, 0x00, 0x00, 0x00, 0x00, 0x00,
    0x00, 0x00, 0x00, 0x00, 0x00, 0x00, 0x00, 0x00, 0x41, 0x00, 0x20, 0x00, 0x00, 0x00, 0x00, 0x00,
    0x00, 0x00, 0x00, 0x00, 0x00, 0x00, 0x00, 0x00, 0x00, 0x00, 0x00, 0x00, 0x00, 0x00, 0x00, 0x00,
    0x00, 0x00, 0x00, 0x00, 0x00, 0x00, 0x00, 0x00, 0x00, 0x00, 0x00, 0x00, 0x00, 0x00, 0x00, 0x00,
    0x00, 0x00, 0x00, 0x00, 0x00, 0x00, 0x00, 0x00, 0x00, 0x00, 0x00, 0x00, 0x00, 0x00, 0x00, 0x00,
    0x00, 0x00, 0x00, 0x00, 0x00, 0x00, 0x00, 0x00, 0x00, 0x00, 0x00, 0x00, 0x00, 0x00, 0x00, 0x00,
    0x00, 0x00, 0x00, 0x00, 0x00, 0x00, 0x00, 0x00, 0x00, 0x00, 0x00, 0x00, 0x00, 0x00, 0x00, 0x00,
    0x00, 0x00, 0x00, 0x00, 0x00, 0x00, 0x00, 0x00, 0x40, 0x00, 0xc2, 0x00, 0x00, 0x00, 0x00, 0x00,
    0x00, 0x00, 0x00, 0x00, 0x00, 0x00, 0x00, 0x00, 0x00, 0x00, 0x00, 0x00, 0x00, 0x00, 0x00, 0x00,
    0x00, 0x00, 0x00, 0x00, 0x00, 0x00, 0x41, 0x00, 0x06, 0x00, 0x20, 0x00, 0x00, 0x00, 0x00, 0x00,
    0x00, 0x00, 0x00, 0x00, 0x00, 0x00, 0x00, 0x00, 0x00, 0x00, 0x00, 0x00, 0x00, 0x00, 0x00, 0x00,
    0x00, 0x00, 0x00, 0x00, 0x00, 0x00, 0x00, 0x00, 0x00, 0x00, 0x00, 0x00, 0x00, 0x00, 0x00, 0x00,
    0x00, 0x00, 0x00, 0x00, 0x00, 0x00, 0x00, 0x00, 0x00, 0x00, 0x00, 0x00, 0x00, 0x00, 0x00, 0x00,
    0x00, 0x00, 0x00, 0x00, 0x00, 0x00, 0x00, 0x00, 0x00, 0x00, 0x00, 0x00, 0x00, 0x00, 0x00, 0x00,
    0x00, 0x00, 0x00, 0x00, 0x00, 0x00, 0x00, 0x00, 0x00, 0x00, 0x00, 0x00, 0x00, 0x00, 0x00, 0x00,
    0x00, 0x00, 0x00, 0x00, 0x00, 0x00, 0x00, 0x00, 0xa4, 0x00, 0x43, 0x00, 0x00, 0x00, 0x00, 0x00,
    0x61, 0x00, 0xc2, 0x00, 0x00, 0x00, 0x00, 0x00, 0x00, 0x00, 0x00, 0x00, 0x00, 0x00, 0x00, 0x00,
    0x40, 0x00, 0x00, 0x00, 0x00, 0x00, 0x43, 0x00, 0x47, 0x00, 0x00, 0x00, 0x00, 0x00, 0x00, 0x00,
    0x00, 0x00, 0x00, 0x00, 0x00, 0x00, 0x00, 0x00, 0x00, 0x00, 0x00, 0x00, 0x00, 0x00, 0x00, 0x00,
    0x00, 0x00, 0x00, 0x00, 0x00, 0x00, 0x00, 0x00, 0x00, 0x00, 0x00, 0x00, 0x00, 0x00, 0x00, 0x00,
    0x00, 0x00, 0x00, 0x00, 0x00, 0x00, 0x00, 0x00, 0x00, 0x00, 0x00, 0x00, 0x00, 0x00, 0x00, 0x00,
    0x00, 0x00, 0x00, 0x00, 0x00, 0x00, 0x00, 0x00, 0x00, 0x00, 0x00, 0x00, 0x00, 0x00, 0x00, 0x00,
    0x00, 0x00, 0x00, 0x00, 0x00, 0x00, 0x00, 0x00, 0x00, 0x00, 0x00, 0x00, 0x00, 0x00, 0x00, 0x00,
    0x00, 0x00, 0x00, 0x00, 0x00, 0x00, 0x00, 0x00, 0x47, 0x00, 0xe2, 0x00, 0x00, 0x00, 0x00, 0x00,
    0x64, 0x00, 0x63, 0x00, 0x00, 0x00, 0x00, 0x00, 0x00, 0x00, 0x00, 0x00, 0x00, 0x00, 0x00, 0x00,
    0xc5, 0x00, 0x00, 0x00, 0x00, 0x00, 0x84, 0x00, 0x67, 0x00, 0x00, 0x00, 0x00, 0x00, 0x00, 0x00,
    0x00, 0x00, 0x00, 0x00, 0x00, 0x00, 0x00, 0x00, 0x00, 0x00, 0x00, 0x00, 0x00, 0x00, 0x00, 0x00,
    0x00, 0x00, 0x00, 0x00, 0x00, 0x00, 0x00, 0x00, 0x00, 0x00, 0x00, 0x00, 0x00, 0x00, 0x00, 0x00,
    0x00, 0x00, 0x81, 0x00, 0x63, 0x00, 0x00, 0x00, 0x00, 0x00, 0x00, 0x00, 0x00, 0x00, 0x00, 0x00,
    0x00, 0x00, 0x00, 0x00, 0x00, 0x00, 0x00, 0x00, 0x00, 0x00, 0x00, 0x00, 0x00, 0x00, 0x00, 0x00,
    0x00, 0x00, 0x00, 0x00, 0x00, 0x00, 0x00, 0x00, 0x00, 0x00, 0x00, 0x00, 0x00, 0x00, 0x00, 0x00,
    0x00, 0x00, 0x00, 0x00, 0x00, 0x00, 0x00, 0x00, 0x06, 0x00, 0x05, 0x00, 0x00, 0x00, 0x00, 0x00,
    0xc5, 0x00, 0x84, 0x00, 0x00, 0x00, 0x00, 0x00, 0x00, 0x00, 0x00, 0x00, 0x00, 0x00, 0x00, 0x00,
    0xe5, 0x00, 0x84, 0x00, 0x00, 0x00, 0x03, 0x00, 0xc8, 0x00, 0xe2, 0x00, 0x00, 0x00, 0xe2, 0x00,
    0xa1, 0x00, 0x00, 0x00, 0x00, 0x00, 0x00, 0x00, 0x00, 0x00, 0x00, 0x00, 0x00, 0x00, 0x00, 0x00,
    0x00, 0x00, 0x00, 0x00, 0x00, 0x00, 0x00, 0x00, 0x00, 0x00, 0x00, 0x00, 0x00, 0x00, 0x00, 0x00,
    0x00, 0x00, 0x43, 0x00, 0xc9, 0x00, 0x00, 0x00, 0x00, 0x00, 0x00, 0x00, 0x00, 0x00, 0x00, 0x00,
    0x00, 0x00, 0x00, 0x00, 0x00, 0x00, 0x00, 0x00, 0x00, 0x00, 0x00, 0x00, 0x00, 0x00, 0x00, 0x00,
    0x00, 0x00, 0x00, 0x00, 0x00, 0x00, 0x00, 0x00, 0x00, 0x00, 0x00, 0x00, 0x00, 0x00, 0x00, 0x00,
    0x00, 0x00, 0x00, 0x00, 0x00, 0x00, 0x00, 0x00, 0x03, 0x00, 0x87, 0x00, 0xc5, 0x00, 0x20, 0x00,
    0x23, 0x00, 0xa8, 0x00, 0x00, 0x00, 0x00, 0x00, 0x40, 0x00, 0x63, 0x00, 0x00, 0x00, 0x00, 0x00,
    0x81, 0x00, 0x26, 0x00, 0x84, 0x00, 0x02, 0x00, 0x26, 0x00, 0xa7, 0x00, 0xa2, 0x00, 0x46, 0x00,
    0x61, 0x00, 0x00, 0x00, 0x00, 0x00, 0x00, 0x00, 0x00, 0x00, 0x00, 0x00, 0x00, 0x00, 0x00, 0x00,
    0x00, 0x00, 0x00, 0x00, 0x00, 0x00, 0x00, 0x00, 0x00, 0x00, 0x00, 0x00, 0x00, 0x00, 0x00, 0x00,
    0x20, 0x00, 0xe9, 0x00, 0x8b, 0x00, 0x61, 0x00, 0x00, 0x00, 0x00, 0x00, 0x00, 0x00, 0x00, 0x00,
    0x00, 0x00, 0x00, 0x00, 0x00, 0x00, 0x00, 0x00, 0x00, 0x00, 0x00, 0x00, 0x00, 0x00, 0x00, 0x00,
    0x00, 0x00, 0x00, 0x00, 0x00, 0x00, 0x00, 0x00, 0x00, 0x00, 0x00, 0x00, 0x00, 0x00, 0x00, 0x00,
    0x00, 0x00, 0x20, 0x00, 0x81, 0x00, 0x00, 0x00, 0x00, 0x00, 0x23, 0x00, 0x67, 0x00, 0x26, 0x00,
    0x23, 0x00, 0x87, 0x00, 0xc5, 0x00, 0x00, 0x00, 0x00, 0x00, 0xe7, 0x00, 0x84, 0x00, 0x00, 0x00,
    0x00, 0x00, 0x20, 0x00, 0x43, 0x00, 0xa4, 0x00, 0x84, 0x00, 0xa7, 0x00, 0xe8, 0x00, 0x46, 0x00,
    0x20, 0x00, 0x00, 0x00, 0x00, 0x00, 0x00, 0x00, 0x00, 0x00, 0x00, 0x00, 0x00, 0x00, 0x00, 0x00,
    0x00, 0x00, 0x00, 0x00, 0x00, 0x00, 0x00, 0x00, 0x00, 0x00, 0x00, 0x00, 0x00, 0x00, 0x42, 0x00,
    0xc8, 0x00, 0x2c, 0x00, 0x8b, 0x00, 0xe2, 0x00, 0x00, 0x00, 0x00, 0x00, 0x00, 0x00, 0x00, 0x00,
    0x00, 0x00, 0x00, 0x00, 0x00, 0x00, 0x00, 0x00, 0x00, 0x00, 0x00, 0x00, 0x00, 0x00, 0x00, 0x00,
    0x00, 0x00, 0x00, 0x00, 0x00, 0x00, 0x00, 0x00, 0x00, 0x00, 0x00, 0x00, 0x00, 0x00, 0x00, 0x00,
    0x00, 0x00, 0x00, 0x00, 0xa4, 0x00, 0xe5, 0x00, 0x84, 0x00, 0xa5, 0x00, 0xa5, 0x00, 0xe5, 0x00,
    0xe6, 0x00, 0xc5, 0x00, 0xa7, 0x00, 0x26, 0x00, 0x81, 0x00, 0x84, 0x00, 0x89, 0x00, 0x40, 0x00,
    0x02, 0x00, 0x45, 0x00, 0x40, 0x00, 0x00, 0x00, 0xc2, 0x00, 0xc5, 0x00, 0x08, 0x00, 0x69, 0x00,
    0xc2, 0x00, 0x00, 0x00, 0x84, 0x00, 0x00, 0x00, 0x00, 0x00, 0x00, 0x00, 0x00, 0x00, 0x00, 0x00,
    0x00, 0x00, 0x00, 0x00, 0x00, 0x00, 0x00, 0x00, 0x40, 0x00, 0x24, 0x00, 0xc8, 0x00, 0x4c, 0x00,
    0xcd, 0x00, 0x4c, 0x00, 0xab, 0x00, 0x02, 0x00, 0x00, 0x00, 0x00, 0x00, 0x00, 0x00, 0x00, 0x00,
    0x00, 0x00, 0x00, 0x00, 0x00, 0x00, 0x00, 0x00, 0x00, 0x00, 0x00, 0x00, 0x00, 0x00, 0x00, 0x00,
    0x00, 0x00, 0x00, 0x00, 0x00, 0x00, 0x00, 0x00, 0x00, 0x00, 0x00, 0x00, 0x00, 0x00, 0x00, 0x00,
    0x00, 0x00, 0x00, 0x00, 0x20, 0x00, 0x23, 0x00, 0xa5, 0x00, 0x84, 0x00, 0x23, 0x00, 0xc2, 0x00,
    0xe2, 0x00, 0x84, 0x00, 0x26, 0x00, 0xa7, 0x00, 0xc7, 0x00, 0xe5, 0x00, 0x86, 0x00, 0x05, 0x00,
    0x66, 0x00, 0x4c, 0x00, 0x6a, 0x00, 0xe4, 0x00, 0x00, 0x00, 0x41, 0x00, 0x26, 0x00, 0xaa, 0x00,
    0x05, 0x00, 0xa4, 0x00, 0x0b, 0x00, 0x00, 0x00, 0x00, 0x00, 0x00, 0x00, 0x00, 0x00, 0x00, 0x00,
    0x00, 0x00, 0x00, 0x00, 0x00, 0x00, 0xe2, 0x00, 0xc8, 0x00, 0x6c, 0x00, 0x8d, 0x00, 0x4c, 0x00,
    0xeb, 0x00, 0xeb, 0x00, 0x09, 0x00, 0xc2, 0x00, 0x00, 0x00, 0x00, 0x00, 0x00, 0x00, 0x00, 0x00,
    0x00, 0x00, 0x00, 0x00, 0x00, 0x00, 0x00, 0x00, 0x00, 0x00, 0x00, 0x00, 0x00, 0x00, 0x00, 0x00,
    0x00, 0x00, 0x00, 0x00, 0x00, 0x00, 0x00, 0x00, 0x00, 0x00, 0x00, 0x00, 0x00, 0x00, 0x00, 0x00,
    0x00, 0x00, 0x00, 0x00, 0x00, 0x00, 0x00, 0x00, 0x20, 0x00, 0x20, 0x00, 0x00, 0x00, 0x00, 0x00,
    0x00, 0x00, 0x00, 0x00, 0xa2, 0x00, 0xc5, 0x00, 0x46, 0x00, 0xa7, 0x00, 0x05, 0x00, 0x05, 0x00,
    0xa6, 0x00, 0xcb, 0x00, 0x0c, 0x00, 0x4c, 0x00, 0x8a, 0x00, 0x83, 0x00, 0xa2, 0x00, 0x49, 0x00,
    0xe7, 0x00, 0x6c, 0x00, 0x28, 0x00, 0x00, 0x00, 0x00, 0x00, 0x00, 0x00, 0x00, 0x00, 0x00, 0x00,
    0x00, 0x00, 0x00, 0x00, 0xc2, 0x00, 0x29, 0x00, 0x4c, 0x00, 0x8c, 0x00, 0x8a, 0x00, 0x8a, 0x00,
    0x2c, 0x00, 0x6a, 0x00, 0x88, 0x00, 0x40, 0x00, 0x00, 0x00, 0x00, 0x00, 0x00, 0x00, 0x00, 0x00,
    0x00, 0x00, 0x00, 0x00, 0x00, 0x00, 0x00, 0x00, 0x00, 0x00, 0x00, 0x00, 0x00, 0x00, 0x00, 0x00,
    0x00, 0x00, 0x00, 0x00, 0x00, 0x00, 0x00, 0x00, 0x00, 0x00, 0x00, 0x00, 0x00, 0x00, 0x00, 0x00,
    0x00, 0x00, 0x00, 0x00, 0x00, 0x00, 0x00, 0x00, 0x00, 0x00, 0x00, 0x00, 0x00, 0x00, 0x00, 0x00,
    0x00, 0x00, 0xc2, 0x00, 0x02, 0x00, 0xa1, 0x00, 0x63, 0x00, 0xc4, 0x00, 0xa6, 0x00, 0xc7, 0x00,
    0xc4, 0x00, 0x68, 0x00, 0xab, 0x00, 0xab, 0x00, 0xad, 0x00, 0xcd, 0x00, 0xa4, 0x00, 0x46, 0x00,
    0x48, 0x00, 0x2b, 0x00, 0x02, 0x00, 0x00, 0x00, 0x00, 0x00, 0x00, 0x00, 0x00, 0x00, 0x00, 0x00,
    0x00, 0x00, 0x00, 0x00, 0x27, 0x00, 0x2c, 0x00, 0x4c, 0x00, 0x49, 0x00, 0x6a, 0x00, 0x6c, 0x00,
    0x6a, 0x00, 0xe9, 0x00, 0x66, 0x00, 0x00, 0x00, 0x00, 0x00, 0x00, 0x00, 0x00, 0x00, 0x00, 0x00,
    0x00, 0x00, 0x00, 0x00, 0x00, 0x00, 0x00, 0x00, 0x00, 0x00, 0x00, 0x00, 0x00, 0x00, 0x00, 0x00,
    0x00, 0x00, 0x00, 0x00, 0x00, 0x00, 0x00, 0x00, 0x00, 0x00, 0x00, 0x00, 0x00, 0x00, 0x00, 0x00,
    0x00, 0x00, 0x00, 0x00, 0x00, 0x00, 0x00, 0x00, 0x00, 0x00, 0x61, 0x00, 0xe4, 0x00, 0x02, 0x00,
    0x00, 0x00, 0xc2, 0x00, 0xa6, 0x00, 0x66, 0x00, 0x83, 0x00, 0x22, 0x00, 0x68, 0x00, 0xec, 0x00,
    0x0c, 0x00, 0x6a, 0x00, 0x09, 0x00, 0x09, 0x00, 0x09, 0x00, 0x8d, 0x00, 0x2c, 0x00, 0x45, 0x00,
    0xab, 0x00, 0xc7, 0x00, 0x60, 0x00, 0x60, 0x00, 0x00, 0x00, 0x00, 0x00, 0x00, 0x00, 0x00, 0x00,
    0x00, 0x00, 0xe2, 0x00, 0x4a, 0x00, 0x0b, 0x00, 0x09, 0x00, 0xe9, 0x00, 0xcb, 0x00, 0x2a, 0x00,
    0xe9, 0x00, 0x27, 0x00, 0x81, 0x00, 0x00, 0x00, 0x00, 0x00, 0x00, 0x00, 0x00, 0x00, 0x00, 0x00,
    0x00, 0x00, 0x00, 0x00, 0x00, 0x00, 0x00, 0x00, 0x00, 0x00, 0x00, 0x00, 0x00, 0x00, 0x00, 0x00,
    0x00, 0x00, 0x00, 0x00, 0x00, 0x00, 0x00, 0x00, 0x00, 0x00, 0x00, 0x00, 0x00, 0x00, 0x00, 0x00,
    0x00, 0x00, 0x00, 0x00, 0x00, 0x00, 0x00, 0x00, 0x00, 0x00, 0x00, 0x00, 0xe5, 0x00, 0xa9, 0x00,
    0x28, 0x00, 0x86, 0x00, 0x65, 0x00, 0x25, 0x00, 0xe5, 0x00, 0x43, 0x00, 0x05, 0x00, 0xc9, 0x00,
    0x0c, 0x00, 0x2c, 0x00, 0x8d, 0x00, 0x0c, 0x00, 0x88, 0x00, 0xe9, 0x00, 0xee, 0x00, 0x09, 0x00,
    0x6d, 0x00, 0x6a, 0x00, 0x4a, 0x00, 0x25, 0x00, 0x00, 0x00, 0x00, 0x00, 0x00, 0x00, 0x00, 0x00,
    0x00, 0x00, 0xa4, 0x00, 0x8b, 0x00, 0x2a, 0x00, 0xa8, 0x00, 0xeb, 0x00, 0x6a, 0x00, 0x4a, 0x00,
    0xe7, 0x00, 0x81, 0x00, 0x00, 0x00, 0x00, 0x00, 0x00, 0x00, 0x00, 0x00, 0x00, 0x00, 0x00, 0x00,
    0x00, 0x00, 0x00, 0x00, 0x00, 0x00, 0x00, 0x00, 0x00, 0x00, 0x00, 0x00, 0x00, 0x00, 0x00, 0x00,
    0x00, 0x00, 0x00, 0x00, 0x00, 0x00, 0x00, 0x00, 0x00, 0x00, 0x00, 0x00, 0x00, 0x00, 0x00, 0x00,
    0x00, 0x00, 0x00, 0x00, 0x00, 0x00, 0x00, 0x00, 0x00, 0x00, 0x00, 0x00, 0x00, 0x00, 0xc4, 0x00,
    0x48, 0x00, 0xea, 0x00, 0x4a, 0x00, 0x2a, 0x00, 0x88, 0x00, 0x86, 0x00, 0x25, 0x00, 0x07, 0x00,
    0x6a, 0x00, 0xad, 0x00, 0x8c, 0x00, 0x2e, 0x00, 0x2c, 0x00, 0xa8, 0x00, 0x6c, 0x00, 0xcd, 0x00,
    0x2c, 0x00, 0x6c, 0x00, 0xcd, 0x00, 0xc4, 0x00, 0x00, 0x00, 0x00, 0x00, 0x00, 0x00, 0x00, 0x00,
    0x00, 0x00, 0xc4, 0x00, 0x4a, 0x00, 0x68, 0x00, 0x4a, 0x00, 0x09, 0x00, 0x68, 0x00, 0x83, 0x00,
    0x00, 0x00, 0x00, 0x00, 0x00, 0x00, 0x00, 0x00, 0x00, 0x00, 0x00, 0x00, 0x00, 0x00, 0x00, 0x00,
    0x00, 0x00, 0x00, 0x00, 0x00, 0x00, 0x00, 0x00, 0x00, 0x00, 0x00, 0x00, 0x00, 0x00, 0x00, 0x00,
    0x00, 0x00, 0x00, 0x00, 0x00, 0x00, 0x00, 0x00, 0x00, 0x00, 0x00, 0x00, 0x00, 0x00, 0x00, 0x00,
    0x81, 0x00, 0x23, 0x00, 0x00, 0x00, 0x00, 0x00, 0x00, 0x00, 0x00, 0x00, 0x00, 0x00, 0x20, 0x00,
    0xa4, 0x00, 0xa7, 0x00, 0xc9, 0x00, 0x6b, 0x00, 0xec, 0x00, 0xab, 0x00, 0x4a, 0x00, 0x8b, 0x00,
    0x09, 0x00, 0x68, 0x00, 0xab, 0x00, 0x8d, 0x00, 0x0e, 0x00, 0xcb, 0x00, 0x4c, 0x00, 0x0e, 0x00,
    0x0b, 0x00, 0x6c, 0x00, 0x2c, 0x00, 0xa1, 0x00, 0x00, 0x00, 0x00, 0x00, 0x00, 0x00, 0x00, 0x00,
    0x00, 0x00, 0x63, 0x00, 0x89, 0x00, 0xe7, 0x00, 0x28, 0x00, 0x27, 0x00, 0x85, 0x00, 0xe4, 0x00,
    0x02, 0x00, 0x00, 0x00, 0x00, 0x00, 0x00, 0x00, 0x00, 0x00, 0x00, 0x00, 0x00, 0x00, 0x00, 0x00,
    0x00, 0x00, 0x00, 0x00, 0x00, 0x00, 0x00, 0x00, 0x00, 0x00, 0x00, 0x00, 0x00, 0x00, 0x00, 0x00,
    0x00, 0x00, 0x00, 0x00, 0x00, 0x00, 0x00, 0x00, 0x00, 0x00, 0x23, 0x00, 0x23, 0x00, 0x00, 0x00,
    0x61, 0x00, 0xa9, 0x00, 0xa4, 0x00, 0x00, 0x00, 0x00, 0x00, 0x00, 0x00, 0x00, 0x00, 0x00, 0x00,
    0x40, 0x00, 0x63, 0x00, 0x05, 0x00, 0xe7, 0x00, 0xa9, 0x00, 0x4a, 0x00, 0x0a, 0x00, 0xc9, 0x00,
    0x46, 0x00, 0xcb, 0x00, 0xc5, 0x00, 0xc9, 0x00, 0x8d, 0x00, 0xad, 0x00, 0xad, 0x00, 0xee, 0x00,
    0x4c, 0x00, 0xcb, 0x00, 0x48, 0x00, 0x22, 0x00, 0x00, 0x00, 0x00, 0x00, 0x00, 0x00, 0x00, 0x00,
    0x00, 0x00, 0xa1, 0x00, 0x66, 0x00, 0x66, 0x00, 0x07, 0x00, 0x88, 0x00, 0xe9, 0x00, 0xe7, 0x00,
    0x81, 0x00, 0x00, 0x00, 0x00, 0x00, 0x00, 0x00, 0x00, 0x00, 0x00, 0x00, 0x00, 0x00, 0x00, 0x00,
    0x00, 0x00, 0x00, 0x00, 0x00, 0x00, 0x00, 0x00, 0x00, 0x00, 0x00, 0x00, 0x00, 0x00, 0x00, 0x00,
    0x00, 0x00, 0x00, 0x00, 0x00, 0x00, 0x00, 0x00, 0x00, 0x00, 0x61, 0x00, 0x08, 0x00, 0x68, 0x00,
    0x02, 0x00, 0xe9, 0x00, 0x47, 0x00, 0x00, 0x00, 0x00, 0x00, 0x00, 0x00, 0x02, 0x00, 0x86, 0x00,
    0x66, 0x00, 0xc7, 0x00, 0x07, 0x00, 0xe7, 0x00, 0xa6, 0x00, 0xe7, 0x00, 0x68, 0x00, 0xa6, 0x00,
    0xce, 0x00, 0x4c, 0x00, 0xa5, 0x00, 0x2a, 0x00, 0xaa, 0x00, 0xad, 0x00, 0xcd, 0x00, 0xee, 0x00,
    0x6c, 0x00, 0x08, 0x00, 0xc7, 0x00, 0x83, 0x00, 0x00, 0x00, 0x00, 0x00, 0x00, 0x00, 0x00, 0x00,
    0x00, 0x00, 0x40, 0x00, 0x86, 0x00, 0x05, 0x00, 0xa4, 0x00, 0x43, 0x00, 0x81, 0x00, 0x00, 0x00,
    0x00, 0x00, 0x00, 0x00, 0x00, 0x00, 0x00, 0x00, 0x00, 0x00, 0x00, 0x00, 0x00, 0x00, 0x00, 0x00,
    0x00, 0x00, 0x00, 0x00, 0x00, 0x00, 0x00, 0x00, 0x00, 0x00, 0x00, 0x00, 0x00, 0x00, 0x00, 0x00,
    0x00, 0x00, 0x00, 0x00, 0x00, 0x00, 0x20, 0x00, 0x82, 0x00, 0x81, 0x00, 0x22, 0x00, 0x0a, 0x00,
    0xe4, 0x00, 0x45, 0x00, 0xc6, 0x00, 0x00, 0x00, 0x43, 0x00, 0xc2, 0x00, 0x61, 0x00, 0x08, 0x00,
    0xca, 0x00, 0xea, 0x00, 0xca, 0x00, 0xa9, 0x00, 0xe9, 0x00, 0x4a, 0x00, 0x8a, 0x00, 0x27, 0x00,
    0x0f, 0x00, 0x6a, 0x00, 0x20, 0x00, 0x64, 0x00, 0xc9, 0x00, 0xcd, 0x00, 0xcd, 0x00, 0xad, 0x00,
    0xad, 0x00, 0x64, 0x00, 0x46, 0x00, 0x25, 0x00, 0x00, 0x00, 0x00, 0x00, 0x00, 0x00, 0x00, 0x00,
    0x00, 0x00, 0x81, 0x00, 0x63, 0x00, 0x00, 0x00, 0x00, 0x00, 0x00, 0x00, 0x00, 0x00, 0x00, 0x00,
    0x00, 0x00, 0x00, 0x00, 0x00, 0x00, 0x00, 0x00, 0x00, 0x00, 0x00, 0x00, 0x00, 0x00, 0x00, 0x00,
    0x00, 0x00, 0x00, 0x00, 0x00, 0x00, 0x00, 0x00, 0x00, 0x00, 0x00, 0x00, 0x00, 0x00, 0x00, 0x00,
    0x00, 0x00, 0x00, 0x00, 0x00, 0x00, 0xa2, 0x00, 0x67, 0x00, 0x4a, 0x00, 0xc7, 0x00, 0xc4, 0x00,
    0x27, 0x00, 0x09, 0x00, 0x47, 0x00, 0x45, 0x00, 0x48, 0x00, 0x83, 0x00, 0x00, 0x00, 0x20, 0x00,
    0x84, 0x00, 0x66, 0x00, 0xc7, 0x00, 0x08, 0x00, 0x89, 0x00, 0x8b, 0x00, 0x2c, 0x00, 0x6c, 0x00,
    0xec, 0x00, 0x4d, 0x00, 0x06, 0x00, 0x46, 0x00, 0x07, 0x00, 0xeb, 0x00, 0x6c, 0x00, 0xcd, 0x00,
    0xcd, 0x00, 0xc6, 0x00, 0x29, 0x00, 0x47, 0x00, 0x43, 0x00, 0x00, 0x00, 0x00, 0x00, 0x00, 0x00,
    0x00, 0x00, 0x00, 0x00, 0x00, 0x00, 0x00, 0x00, 0x00, 0x00, 0x00, 0x00, 0x00, 0x00, 0x00, 0x00,
    0x00, 0x00, 0x00, 0x00, 0x00, 0x00, 0x00, 0x00, 0x00, 0x00, 0x00, 0x00, 0x00, 0x00, 0x00, 0x00,
    0x00, 0x00, 0x00, 0x00, 0x00, 0x00, 0x00, 0x00, 0x00, 0x00, 0x00, 0x00, 0x00, 0x00, 0x00, 0x00,
    0x00, 0x00, 0x00, 0x00, 0x00, 0x00, 0x00, 0x00, 0xc1, 0x00, 0xe7, 0x00, 0x68, 0x00, 0x68, 0x00,
    0x0a, 0x00, 0xa8, 0x00, 0x88, 0x00, 0xeb, 0x00, 0x48, 0x00, 0xc2, 0x00, 0x00, 0x00, 0x00, 0x00,
    0x61, 0x00, 0x84, 0x00, 0xe5, 0x00, 0x05, 0x00, 0x86, 0x00, 0x27, 0x00, 0xc9, 0x00, 0xe9, 0x00,
    0x8a, 0x00, 0xec, 0x00, 0x6c, 0x00, 0x2a, 0x00, 0x6a, 0x00, 0x8a, 0x00, 0x2c, 0x00, 0x2f, 0x00,
    0x8f, 0x00, 0x4c, 0x00, 0x6a, 0x00, 0x6a, 0x00, 0x02, 0x00, 0x00, 0x00, 0x00, 0x00, 0x00, 0x00,
    0x00, 0x00, 0x00, 0x00, 0x00, 0x00, 0x20, 0x00, 0x20, 0x00, 0x00, 0x00, 0x00, 0x00, 0x00, 0x00,
    0x00, 0x00, 0x00, 0x00, 0x00, 0x00, 0x00, 0x00, 0x00, 0x00, 0x00, 0x00, 0x00, 0x00, 0x00, 0x00,
    0x00, 0x00, 0x00, 0x00, 0x00, 0x00, 0x00, 0x00, 0x00, 0x00, 0x00, 0x00, 0x00, 0x00, 0x00, 0x00,
    0x00, 0x00, 0x00, 0x00, 0x00, 0x00, 0x00, 0x00, 0x00, 0x00, 0x20, 0x00, 0x43, 0x00, 0x48, 0x00,
    0x68, 0x00, 0xc9, 0x00, 0x89, 0x00, 0x88, 0x00, 0x25, 0x00, 0x00, 0x00, 0x20, 0x00, 0x05, 0x00,
    0x28, 0x00, 0x08, 0x00, 0x08, 0x00, 0x08, 0x00, 0x48, 0x00, 0xa9, 0x00, 0xe9, 0x00, 0x09, 0x00,
    0xa6, 0x00, 0x88, 0x00, 0x0b, 0x00, 0x6c, 0x00, 0xcd, 0x00, 0x6c, 0x00, 0xad, 0x00, 0x07, 0x00,
    0x2c, 0x00, 0x2e, 0x00, 0xeb, 0x00, 0x68, 0x00, 0xc1, 0x00, 0x00, 0x00, 0x00, 0x00, 0xe2, 0x00,
    0x41, 0x00, 0x00, 0x00, 0x45, 0x00, 0x68, 0x00, 0x81, 0x00, 0x00, 0x00, 0x00, 0x00, 0x00, 0x00,
    0x00, 0x00, 0x00, 0x00, 0x00, 0x00, 0x00, 0x00, 0x00, 0x00, 0x00, 0x00, 0x00, 0x00, 0x00, 0x00,
    0x00, 0x00, 0x00, 0x00, 0x00, 0x00, 0x00, 0x00, 0x00, 0x00, 0x00, 0x00, 0x00, 0x00, 0x00, 0x00,
    0x00, 0x00, 0x00, 0x00, 0x00, 0x00, 0x00, 0x00, 0x00, 0x00, 0x00, 0x00, 0x00, 0x00, 0xe5, 0x00,
    0x08, 0x00, 0x08, 0x00, 0xa6, 0x00, 0x27, 0x00, 0xc6, 0x00, 0x00, 0x00, 0x00, 0x00, 0xc2, 0x00,
    0x02, 0x00, 0x23, 0x00, 0x05, 0x00, 0xc7, 0x00, 0x28, 0x00, 0x89, 0x00, 0x8a, 0x00, 0xad, 0x00,
    0xaa, 0x00, 0xc2, 0x00, 0x66, 0x00, 0x4a, 0x00, 0xcb, 0x00, 0xaa, 0x00, 0x2c, 0x00, 0x0b, 0x00,
    0x6a, 0x00, 0x6c, 0x00, 0x0c, 0x00, 0x25, 0x00, 0x00, 0x00, 0x00, 0x00, 0x20, 0x00, 0xa9, 0x00,
    0x43, 0x00, 0x63, 0x00, 0x2c, 0x00, 0xa6, 0x00, 0x00, 0x00, 0x00, 0x00, 0x00, 0x00, 0x00, 0x00,
    0x00, 0x00, 0x00, 0x00, 0x00, 0x00, 0x00, 0x00, 0x00, 0x00, 0x00, 0x00, 0x00, 0x00, 0x00, 0x00,
    0x00, 0x00, 0x00, 0x00, 0x00, 0x00, 0x00, 0x00, 0x00, 0x00, 0x00, 0x00, 0x00, 0x00, 0x00, 0x00,
    0x00, 0x00, 0x00, 0x00, 0x00, 0x00, 0x00, 0x00, 0x00, 0x00, 0x00, 0x00, 0x00, 0x00, 0x61, 0x00,
    0x05, 0x00, 0x66, 0x00, 0xe7, 0x00, 0xc9, 0x00, 0xab, 0x00, 0xa6, 0x00, 0x00, 0x00, 0x00, 0x00,
    0x00, 0x00, 0x61, 0x00, 0x05, 0x00, 0xc5, 0x00, 0x66, 0x00, 0x28, 0x00, 0xc9, 0x00, 0xec, 0x00,
    0xee, 0x00, 0xc7, 0x00, 0x62, 0x00, 0x03, 0x00, 0xa4, 0x00, 0x05, 0x00, 0x25, 0x00, 0x47, 0x00,
    0x29, 0x00, 0xe9, 0x00, 0x07, 0x00, 0xa1, 0x00, 0x00, 0x00, 0x00, 0x00, 0x40, 0x00, 0x4a, 0x00,
    0x47, 0x00, 0x05, 0x00, 0x47, 0x00, 0x83, 0x00, 0xe7, 0x00, 0xe7, 0x00, 0xe2, 0x00, 0x00, 0x00,
    0x00, 0x00, 0x00, 0x00, 0x00, 0x00, 0x00, 0x00, 0x00, 0x00, 0x00, 0x00, 0x00, 0x00, 0x00, 0x00,
    0x00, 0x00, 0x00, 0x00, 0x00, 0x00, 0x00, 0x00, 0x00, 0x00, 0x00, 0x00, 0x00, 0x00, 0x00, 0x00,
    0x00, 0x00, 0x00, 0x00, 0x00, 0x00, 0x00, 0x00, 0x00, 0x00, 0x00, 0x00, 0x00, 0x00, 0x00, 0x00,
    0x00, 0x00, 0x23, 0x00, 0xc7, 0x00, 0x89, 0x00, 0x2a, 0x00, 0xcb, 0x00, 0x27, 0x00, 0x81, 0x00,
    0x00, 0x00, 0x46, 0x00, 0x46, 0x00, 0x84, 0x00, 0xe5, 0x00, 0xe5, 0x00, 0xc7, 0x00, 0x89, 0x00,
    0xec, 0x00, 0x6c, 0x00, 0xc5, 0x00, 0x04, 0x00, 0x45, 0x00, 0x24, 0x00, 0xc3, 0x00, 0xe2, 0x00,
    0x83, 0x00, 0x22, 0x00, 0x40, 0x00, 0x00, 0x00, 0x00, 0x00, 0x00, 0x00, 0x00, 0x00, 0x86, 0x00,
    0x88, 0x00, 0xa6, 0x00, 0x49, 0x00, 0x47, 0x00, 0xe9, 0x00, 0x68, 0x00, 0xc2, 0x00, 0x00, 0x00,
    0x00, 0x00, 0x00, 0x00, 0x00, 0x00, 0x00, 0x00, 0x00, 0x00, 0x00, 0x00, 0x00, 0x00, 0x00, 0x00,
    0x00, 0x00, 0x00, 0x00, 0x00, 0x00, 0x00, 0x00, 0x00, 0x00, 0x00, 0x00, 0x00, 0x00, 0x00, 0x00,
    0x00, 0x00, 0x00, 0x00, 0x00, 0x00, 0x00, 0x00, 0x00, 0x00, 0x00, 0x00, 0x00, 0x00, 0x00, 0x00,
    0x00, 0x00, 0x00, 0x00, 0xc4, 0x00, 0x28, 0x00, 0x89, 0x00, 0x8a, 0x00, 0xcb, 0x00, 0xe9, 0x00,
    0x43, 0x00, 0x40, 0x00, 0xe2, 0x00, 0x46, 0x00, 0xc4, 0x00, 0xa4, 0x00, 0xa4, 0x00, 0xa4, 0x00,
    0x45, 0x00, 0x8a, 0x00, 0x6b, 0x00, 0x27, 0x00, 0x2b, 0x00, 0x4b, 0x00, 0xc6, 0x00, 0x84, 0x00,
    0xc1, 0x00, 0x00, 0x00, 0x00, 0x00, 0x00, 0x00, 0x00, 0x00, 0x00, 0x00, 0xc2, 0x00, 0x68, 0x00,
    0xe9, 0x00, 0x8a, 0x00, 0x2b, 0x00, 0x27, 0x00, 0x22, 0x00, 0x00, 0x00, 0x00, 0x00, 0x00, 0x00,
    0x00, 0x00, 0x00, 0x00, 0x00, 0x00, 0x00, 0x00, 0x00, 0x00, 0x00, 0x00, 0x00, 0x00, 0x00, 0x00,
    0x00, 0x00, 0x00, 0x00, 0x00, 0x00, 0x00, 0x00, 0x00, 0x00, 0x00, 0x00, 0x00, 0x00, 0x00, 0x00,
    0x00, 0x00, 0x00, 0x00, 0x00, 0x00, 0x00, 0x00, 0x00, 0x00, 0x00, 0x00, 0x00, 0x00, 0x00, 0x00,
    0x00, 0x00, 0x00, 0x00, 0x81, 0x00, 0xe7, 0x00, 0x08, 0x00, 0x0a, 0x00, 0xcb, 0x00, 0xeb, 0x00,
    0x8a, 0x00, 0xc4, 0x00, 0x20, 0x00, 0xa4, 0x00, 0x83, 0x00, 0xe5, 0x00, 0x25, 0x00, 0x04, 0x00,
    0x04, 0x00, 0xc4, 0x00, 0x8b, 0x00, 0xcc, 0x00, 0x4b, 0x00, 0x4c, 0x00, 0x86, 0x00, 0xe7, 0x00,
    0xc1, 0x00, 0x00, 0x00, 0x00, 0x00, 0x00, 0x00, 0x20, 0x00, 0xa4, 0x00, 0x09, 0x00, 0x8a, 0x00,
    0x09, 0x00, 0x6a, 0x00, 0x6a, 0x00, 0x09, 0x00, 0x6a, 0x00, 0x45, 0x00, 0x20, 0x00, 0x00, 0x00,
    0x00, 0x00, 0x00, 0x00, 0x00, 0x00, 0x00, 0x00, 0x00, 0x00, 0x00, 0x00, 0x00, 0x00, 0x00, 0x00,
    0x00, 0x00, 0x00, 0x00, 0x00, 0x00, 0x00, 0x00, 0x00, 0x00, 0x00, 0x00, 0x00, 0x00, 0x00, 0x00,
    0x00, 0x00, 0x00, 0x00, 0x00, 0x00, 0x00, 0x00, 0x00, 0x00, 0x00, 0x00, 0x00, 0x00, 0x00, 0x00,
    0x00, 0x00, 0x00, 0x00, 0x00, 0x00, 0xa4, 0x00, 0x48, 0x00, 0x28, 0x00, 0x0a, 0x00, 0x8a, 0x00,
    0xeb, 0x00, 0xcb, 0x00, 0x07, 0x00, 0xa1, 0x00, 0xc4, 0x00, 0x46, 0x00, 0xa7, 0x00, 0xa6, 0x00,
    0x27, 0x00, 0xc6, 0x00, 0x65, 0x00, 0xaa, 0x00, 0x8d, 0x00, 0x6c, 0x00, 0x6a, 0x00, 0x67, 0x00,
    0x00, 0x00, 0x00, 0x00, 0x00, 0x00, 0x83, 0x00, 0x67, 0x00, 0xcb, 0x00, 0x2c, 0x00, 0x29, 0x00,
    0x88, 0x00, 0x09, 0x00, 0x68, 0x00, 0x45, 0x00, 0x27, 0x00, 0x45, 0x00, 0x81, 0x00, 0x00, 0x00,
    0x00, 0x00, 0x00, 0x00, 0x00, 0x00, 0x00, 0x00, 0x00, 0x00, 0x00, 0x00, 0x00, 0x00, 0x00, 0x00,
    0x00, 0x00, 0x00, 0x00, 0x00, 0x00, 0x00, 0x00, 0x00, 0x00, 0x00, 0x00, 0x00, 0x00, 0x00, 0x00,
    0x00, 0x00, 0x00, 0x00, 0x00, 0x00, 0x00, 0x00, 0x00, 0x00, 0x00, 0x00, 0x00, 0x00, 0x00, 0x00,
    0x00, 0x00, 0x00, 0x00, 0x00, 0x00, 0x00, 0x00, 0x46, 0x00, 0x89, 0x00, 0x28, 0x00, 0xe9, 0x00,
    0x4a, 0x00, 0x6a, 0x00, 0xeb, 0x00, 0xe9, 0x00, 0xe7, 0x00, 0x05, 0x00, 0x66, 0x00, 0x07, 0x00,
    0xe7, 0x00, 0xc9, 0x00, 0x88, 0x00, 0x07, 0x00, 0xa8, 0x00, 0x6a, 0x00, 0x09, 0x00, 0xa1, 0x00,
    0x00, 0x00, 0xe2, 0x00, 0x07, 0x00, 0xcb, 0x00, 0x0b, 0x00, 0x0b, 0x00, 0xab, 0x00, 0x88, 0x00,
    0x25, 0x00, 0x22, 0x00, 0x40, 0x00, 0x00, 0x00, 0x20, 0x00, 0x00, 0x00, 0x00, 0x00, 0x00, 0x00,
    0x00, 0x00, 0x00, 0x00, 0x00, 0x00, 0x00, 0x00, 0x00, 0x00, 0x00, 0x00, 0x00, 0x00, 0x00, 0x00,
    0x00, 0x00, 0x00, 0x00, 0x00, 0x00, 0x00, 0x00, 0x00, 0x00, 0x00, 0x00, 0x00, 0x00, 0x00, 0x00,
    0x00, 0x00, 0x00, 0x00, 0x00, 0x00, 0x00, 0x00, 0x00, 0x00, 0x20, 0x00, 0x40, 0x00, 0x00, 0x00,
    0x00, 0x00, 0x00, 0x00, 0x00, 0x00, 0x00, 0x00, 0xe2, 0x00, 0xc7, 0x00, 0x69, 0x00, 0x68, 0x00,
    0xc9, 0x00, 0x0a, 0x00, 0x6a, 0x00, 0xab, 0x00, 0x09, 0x00, 0x2a, 0x00, 0xe7, 0x00, 0x07, 0x00,
    0x07, 0x00, 0x27, 0x00, 0xc9, 0x00, 0x0a, 0x00, 0x68, 0x00, 0x45, 0x00, 0x83, 0x00, 0x04, 0x00,
    0xe6, 0x00, 0xe9, 0x00, 0xeb, 0x00, 0xcb, 0x00, 0xeb, 0x00, 0x6a, 0x00, 0xc9, 0x00, 0x25, 0x00,
    0x00, 0x00, 0x00, 0x00, 0x00, 0x00, 0x00, 0x00, 0x00, 0x00, 0x00, 0x00, 0x00, 0x00, 0x00, 0x00,
    0x00, 0x00, 0x00, 0x00, 0x00, 0x00, 0x00, 0x00, 0x00, 0x00, 0x00, 0x00, 0x00, 0x00, 0x00, 0x00,
    0x00, 0x00, 0x00, 0x00, 0x00, 0x00, 0x00, 0x00, 0x00, 0x00, 0x00, 0x00, 0x00, 0x00, 0x00, 0x00,
    0x00, 0x00, 0x00, 0x00, 0x00, 0x00, 0x00, 0x00, 0x00, 0x00, 0x00, 0x00, 0x86, 0x00, 0x07, 0x00,
    0xa4, 0x00, 0x20, 0x00, 0x00, 0x00, 0x00, 0x00, 0xc2, 0x00, 0x86, 0x00, 0xc7, 0x00, 0x48, 0x00,
    0x48, 0x00, 0x89, 0x00, 0xe9, 0x00, 0x6b, 0x00, 0x0a, 0x00, 0x4a, 0x00, 0x2c, 0x00, 0x68, 0x00,
    0x47, 0x00, 0xab, 0x00, 0x4e, 0x00, 0x0d, 0x00, 0xa9, 0x00, 0xe9, 0x00, 0x68, 0x00, 0x27, 0x00,
    0x0a, 0x00, 0x2a, 0x00, 0x6a, 0x00, 0xaa, 0x00, 0x29, 0x00, 0x88, 0x00, 0x25, 0x00, 0x00, 0x00,
    0x00, 0x00, 0x00, 0x00, 0x00, 0x00, 0x00, 0x00, 0x00, 0x00, 0x00, 0x00, 0x00, 0x00, 0x00, 0x00,
    0x00, 0x00, 0x00, 0x00, 0x00, 0x00, 0x00, 0x00, 0x00, 0x00, 0x00, 0x00, 0x00, 0x00, 0x00, 0x00,
    0x00, 0x00, 0x00, 0x00, 0x00, 0x00, 0x00, 0x00, 0x00, 0x00, 0x00, 0x00, 0x00, 0x00, 0x00, 0x00,
    0x00, 0x00, 0x00, 0x00, 0x00, 0x00, 0x20, 0x00, 0x61, 0x00, 0xa1, 0x00, 0xc1, 0x00, 0x27, 0x00,
    0x09, 0x00, 0x27, 0x00, 0x81, 0x00, 0x00, 0x00, 0x00, 0x00, 0x81, 0x00, 0x83, 0x00, 0xe4, 0x00,
    0xa7, 0x00, 0xe7, 0x00, 0xe7, 0x00, 0x68, 0x00, 0xa9, 0x00, 0xa9, 0x00, 0xab, 0x00, 0x0b, 0x00,
    0x09, 0x00, 0x6d, 0x00, 0xd2, 0x00, 0x33, 0x00, 0xf0, 0x00, 0x8e, 0x00, 0x8e, 0x00, 0x27, 0x00,
    0x27, 0x00, 0x48, 0x00, 0xa9, 0x00, 0xa8, 0x00, 0x07, 0x00, 0xa3, 0x00, 0x00, 0x00, 0x00, 0x00,
    0x00, 0x00, 0x00, 0x00, 0x00, 0x00, 0x00, 0x00, 0x00, 0x00, 0x00, 0x00, 0x00, 0x00, 0x00, 0x00,
    0x00, 0x00, 0x00, 0x00, 0x00, 0x00, 0x00, 0x00, 0x00, 0x00, 0x00, 0x00, 0x00, 0x00, 0x00, 0x00,
    0x00, 0x00, 0x00, 0x00, 0x00, 0x00, 0x00, 0x00, 0x00, 0x00, 0x00, 0x00, 0x00, 0x00, 0x00, 0x00,
    0x00, 0x00, 0x61, 0x00, 0xe4, 0x00, 0xe7, 0x00, 0x88, 0x00, 0x88, 0x00, 0xa6, 0x00, 0x04, 0x00,
    0xa6, 0x00, 0x07, 0x00, 0x86, 0x00, 0xc1, 0x00, 0x61, 0x00, 0x00, 0x00, 0x00, 0x00, 0x63, 0x00,
    0xe5, 0x00, 0x25, 0x00, 0x87, 0x00, 0xa7, 0x00, 0x28, 0x00, 0x68, 0x00, 0xe9, 0x00, 0xcb, 0x00,
    0x6a, 0x00, 0x8b, 0x00, 0xae, 0x00, 0x91, 0x00, 0x13, 0x00, 0x50, 0x00, 0xef, 0x00, 0x68, 0x00,
    0x45, 0x00, 0xe7, 0x00, 0xc6, 0x00, 0x86, 0x00, 0xe4, 0x00, 0x00, 0x00, 0x00, 0x00, 0x00, 0x00,
    0x00, 0x00, 0x00, 0x00, 0x00, 0x00, 0x00, 0x00, 0x00, 0x00, 0x00, 0x00, 0x00, 0x00, 0x00, 0x00,
    0x00, 0x00, 0x00, 0x00, 0x00, 0x00, 0x00, 0x00, 0x00, 0x00, 0x00, 0x00, 0x00, 0x00, 0x00, 0x00,
    0x00, 0x00, 0x00, 0x00, 0x00, 0x00, 0x00, 0x00, 0x00, 0x00, 0x00, 0x00, 0x00, 0x00, 0x00, 0x00,
    0x00, 0x00, 0xe2, 0x00, 0x63, 0x00, 0x83, 0x00, 0x66, 0x00, 0xe7, 0x00, 0x68, 0x00, 0x88, 0x00,
    0xe9, 0x00, 0x47, 0x00, 0x65, 0x00, 0x86, 0x00, 0x25, 0x00, 0x00, 0x00, 0x20, 0x00, 0x43, 0x00,
    0x66, 0x00, 0x25, 0x00, 0x25, 0x00, 0x66, 0x00, 0xa7, 0x00, 0xe7, 0x00, 0x48, 0x00, 0x09, 0x00,
    0x6a, 0x00, 0x6d, 0x00, 0xae, 0x00, 0xcf, 0x00, 0x30, 0x00, 0x71, 0x00, 0x6d, 0x00, 0x0c, 0x00,
    0xa6, 0x00, 0x04, 0x00, 0xc4, 0x00, 0xe2, 0x00, 0x40, 0x00, 0x00, 0x00, 0x00, 0x00, 0x00, 0x00,
    0x00, 0x00, 0x00, 0x00, 0x00, 0x00, 0x00, 0x00, 0x00, 0x00, 0x00, 0x00, 0x00, 0x00, 0x00, 0x00,
    0x00, 0x00, 0x00, 0x00, 0x00, 0x00, 0x00, 0x00, 0x00, 0x00, 0x00, 0x00, 0x00, 0x00, 0x00, 0x00,
    0x00, 0x00, 0x00, 0x00, 0x00, 0x00, 0x00, 0x00, 0x00, 0x00, 0x00, 0x00, 0x00, 0x00, 0x00, 0x00,
    0x00, 0x00, 0x00, 0x00, 0xc2, 0x00, 0x46, 0x00, 0x28, 0x00, 0xa9, 0x00, 0xc9, 0x00, 0x6a, 0x00,
    0xcb, 0x00, 0xcb, 0x00, 0x09, 0x00, 0x65, 0x00, 0x48, 0x00, 0x20, 0x00, 0x00, 0x00, 0x00, 0x00,
    0x61, 0x00, 0x43, 0x00, 0x43, 0x00, 0x05, 0x00, 0x46, 0x00, 0xa7, 0x00, 0xc7, 0x00, 0xc9, 0x00,
    0x09, 0x00, 0x2d, 0x00, 0x50, 0x00, 0xb1, 0x00, 0xef, 0x00, 0x4d, 0x00, 0x0c, 0x00, 0x0f, 0x00,
    0x68, 0x00, 0xc4, 0x00, 0x63, 0x00, 0x00, 0x00, 0x00, 0x00, 0x00, 0x00, 0x00, 0x00, 0x00, 0x00,
    0x00, 0x00, 0x00, 0x00, 0x00, 0x00, 0x00, 0x00, 0x00, 0x00, 0x00, 0x00, 0x00, 0x00, 0x00, 0x00,
    0x00, 0x00, 0x00, 0x00, 0x00, 0x00, 0x00, 0x00, 0x00, 0x00, 0x00, 0x00, 0x00, 0x00, 0x00, 0x00,
    0x00, 0x00, 0x00, 0x00, 0x00, 0x00, 0x00, 0x00, 0x00, 0x00, 0x00, 0x00, 0x00, 0x00, 0x00, 0x00,
    0x00, 0x00, 0xa4, 0x00, 0x28, 0x00, 0x89, 0x00, 0x69, 0x00, 0x89, 0x00, 0xa9, 0x00, 0x2a, 0x00,
    0x6a, 0x00, 0xcb, 0x00, 0xcb, 0x00, 0xe6, 0x00, 0xe7, 0x00, 0xc2, 0x00, 0x00, 0x00, 0x00, 0x00,
    0x00, 0x00, 0x00, 0x00, 0x84, 0x00, 0x66, 0x00, 0x83, 0x00, 0xa7, 0x00, 0xc7, 0x00, 0x88, 0x00,
    0xc9, 0x00, 0x0d, 0x00, 0xef, 0x00, 0x70, 0x00, 0xd2, 0x00, 0x30, 0x00, 0xae, 0x00, 0x2f, 0x00,
    0x4a, 0x00, 0x81, 0x00, 0x00, 0x00, 0x00, 0x00, 0x00, 0x00, 0x00, 0x00, 0x00, 0x00, 0x00, 0x00,
    0x00, 0x00, 0x00, 0x00, 0x00, 0x00, 0x00, 0x00, 0x00, 0x00, 0x00, 0x00, 0x00, 0x00, 0x00, 0x00,
    0x00, 0x00, 0x00, 0x00, 0x00, 0x00, 0x00, 0x00, 0x00, 0x00, 0x00, 0x00, 0x00, 0x00, 0x00, 0x00,
    0x00, 0x00, 0x00, 0x00, 0x00, 0x00, 0x00, 0x00, 0x00, 0x00, 0x00, 0x00, 0x00, 0x00, 0x00, 0x00,
    0x84, 0x00, 0xe8, 0x00, 0xe8, 0x00, 0xe7, 0x00, 0xa7, 0x00, 0xa6, 0x00, 0x48, 0x00, 0xea, 0x00,
    0xe9, 0x00, 0xab, 0x00, 0x4a, 0x00, 0x88, 0x00, 0xc6, 0x00, 0x22, 0x00, 0x20, 0x00, 0x00, 0x00,
    0x00, 0x00, 0x00, 0x00, 0xa1, 0x00, 0x43, 0x00, 0xc4, 0x00, 0x66, 0x00, 0x28, 0x00, 0x89, 0x00,
    0x68, 0x00, 0x0a, 0x00, 0x2d, 0x00, 0xef, 0x00, 0x70, 0x00, 0x71, 0x00, 0xef, 0x00, 0xce, 0x00,
    0x6b, 0x00, 0x20, 0x00, 0x00, 0x00, 0x00, 0x00, 0x00, 0x00, 0x00, 0x00, 0x00, 0x00, 0x00, 0x00,
    0x00, 0x00, 0x00, 0x00, 0x00, 0x00, 0x00, 0x00, 0x00, 0x00, 0x00, 0x00, 0x00, 0x00, 0x00, 0x00,
    0x00, 0x00, 0x00, 0x00, 0x00, 0x00, 0x00, 0x00, 0x00, 0x00, 0x00, 0x00, 0x00, 0x00, 0x00, 0x00,
    0x00, 0x00, 0x00, 0x00, 0x00, 0x00, 0x00, 0x00, 0x00, 0x00, 0x00, 0x00, 0x00, 0x00, 0xe2, 0x00,
    0x46, 0x00, 0x87, 0x00, 0x28, 0x00, 0xa7, 0x00, 0x28, 0x00, 0xe7, 0x00, 0xa4, 0x00, 0x46, 0x00,
    0x89, 0x00, 0x0a, 0x00, 0x2a, 0x00, 0x09, 0x00, 0x07, 0x00, 0x83, 0x00, 0x84, 0x00, 0x00, 0x00,
    0x00, 0x00, 0x00, 0x00, 0x00, 0x00, 0xc2, 0x00, 0x43, 0x00, 0x46, 0x00, 0x48, 0x00, 0xe9, 0x00,
    0xa9, 0x00, 0x8b, 0x00, 0x6b, 0x00, 0xab, 0x00, 0xce, 0x00, 0x30, 0x00, 0xcf, 0x00, 0x6d, 0x00,
    0x0a, 0x00, 0xa1, 0x00, 0x00, 0x00, 0x00, 0x00, 0x00, 0x00, 0x00, 0x00, 0x00, 0x00, 0x00, 0x00,
    0x00, 0x00, 0x00, 0x00, 0x00, 0x00, 0x00, 0x00, 0x00, 0x00, 0x00, 0x00, 0x00, 0x00, 0x00, 0x00,
    0x00, 0x00, 0x00, 0x00, 0x00, 0x00, 0x00, 0x00, 0x00, 0x00, 0x00, 0x00, 0x00, 0x00, 0x00, 0x00,
    0x00, 0x00, 0x00, 0x00, 0x00, 0x00, 0x00, 0x00, 0x00, 0x00, 0x00, 0x00, 0x20, 0x00, 0x23, 0x00,
    0x84, 0x00, 0x49, 0x00, 0x28, 0x00, 0x89, 0x00, 0x25, 0x00, 0x81, 0x00, 0x00, 0x00, 0x61, 0x00,
    0x08, 0x00, 0xc9, 0x00, 0x88, 0x00, 0xe9, 0x00, 0x88, 0x00, 0x25, 0x00, 0xc7, 0x00, 0x00, 0x00,
    0x00, 0x00, 0x00, 0x00, 0x00, 0x00, 0x00, 0x00, 0x43, 0x00, 0x46, 0x00, 0x48, 0x00, 0xc9, 0x00,
    0x0a, 0x00, 0x0c, 0x00, 0x2d, 0x00, 0xec, 0x00, 0x8b, 0x00, 0x6e, 0x00, 0x8e, 0x00, 0x2a, 0x00,
    0x8b, 0x00, 0x02, 0x00, 0x00, 0x00, 0x20, 0x00, 0x00, 0x00, 0x00, 0x00, 0x00, 0x00, 0x00, 0x00,
    0x00, 0x00, 0x00, 0x00, 0x00, 0x00, 0x00, 0x00, 0x00, 0x00, 0x00, 0x00, 0x00, 0x00, 0x00, 0x00,
    0x00, 0x00, 0x00, 0x00, 0x00, 0x00, 0x00, 0x00, 0x00, 0x00, 0x00, 0x00, 0x00, 0x00, 0x00, 0x00,
    0x00, 0x00, 0x00, 0x00, 0x00, 0x00, 0x00, 0x00, 0x00, 0x00, 0x00, 0x00, 0x00, 0x00, 0x40, 0x00,
    0xc7, 0x00, 0x08, 0x00, 0x48, 0x00, 0xc7, 0x00, 0x00, 0x00, 0x00, 0x00, 0x00, 0x00, 0x00, 0x00,
    0xa4, 0x00, 0x89, 0x00, 0xc9, 0x00, 0xe9, 0x00, 0x09, 0x00, 0x86, 0x00, 0x07, 0x00, 0x20, 0x00,
    0x00, 0x00, 0x00, 0x00, 0x40, 0x00, 0x84, 0x00, 0x25, 0x00, 0xa7, 0x00, 0x48, 0x00, 0x88, 0x00,
    0xe9, 0x00, 0xec, 0x00, 0xcc, 0x00, 0xae, 0x00, 0xae, 0x00, 0x8b, 0x00, 0x2a, 0x00, 0xec, 0x00,
    0x2d, 0x00, 0xa1, 0x00, 0x00, 0x00, 0x00, 0x00, 0x00, 0x00, 0x00, 0x00, 0x00, 0x00, 0x00, 0x00,
    0x00, 0x00, 0x00, 0x00, 0x00, 0x00, 0x00, 0x00, 0x00, 0x00, 0x00, 0x00, 0x00, 0x00, 0x00, 0x00,
    0x00, 0x00, 0x00, 0x00, 0x00, 0x00, 0x00, 0x00, 0x00, 0x00, 0x00, 0x00, 0x00, 0x00, 0x00, 0x00,
    0x00, 0x00, 0x00, 0x00, 0x00, 0x00, 0x00, 0x00, 0x00, 0x00, 0x00, 0x00, 0x00, 0x00, 0x43, 0x00,
    0x49, 0x00, 0xe8, 0x00, 0x48, 0x00, 0xc2, 0x00, 0x00, 0x00, 0x00, 0x00, 0x00, 0x00, 0x00, 0x00,
    0x40, 0x00, 0xe7, 0x00, 0xc9, 0x00, 0xe9, 0x00, 0x4a, 0x00, 0xe6, 0x00, 0x25, 0x00, 0xe2, 0x00,
    0x00, 0x00, 0x00, 0x00, 0x02, 0x00, 0xe5, 0x00, 0x86, 0x00, 0x08, 0x00, 0x89, 0x00, 0xa9, 0x00,
    0x27, 0x00, 0xab, 0x00, 0xec, 0x00, 0x0c, 0x00, 0xae, 0x00, 0x2d, 0x00, 0xcc, 0x00, 0xae, 0x00,
    0x4a, 0x00, 0xc1, 0x00, 0xa3, 0x00, 0x25, 0x00, 0xa1, 0x00, 0x00, 0x00, 0x00, 0x00, 0x00, 0x00,
    0x00, 0x00, 0x00, 0x00, 0x00, 0x00, 0x00, 0x00, 0x00, 0x00, 0x00, 0x00, 0x00, 0x00, 0x00, 0x00,
    0x00, 0x00, 0x00, 0x00, 0x00, 0x00, 0x00, 0x00, 0x00, 0x00, 0x00, 0x00, 0x00, 0x00, 0x00, 0x00,
    0x00, 0x00, 0x00, 0x00, 0x00, 0x00, 0x00, 0x00, 0x00, 0x00, 0x00, 0x00, 0x00, 0x00, 0x05, 0x00,
    0x08, 0x00, 0xe8, 0x00, 0xa7, 0x00, 0x00, 0x00, 0x00, 0x00, 0x00, 0x00, 0x00, 0x00, 0x00, 0x00,
    0xe2, 0x00, 0x25, 0x00, 0x69, 0x00, 0xe9, 0x00, 0x2a, 0x00, 0x2a, 0x00, 0x45, 0x00, 0x86, 0x00,
    0xc2, 0x00, 0x61, 0x00, 0x23, 0x00, 0x05, 0x00, 0x28, 0x00, 0x48, 0x00, 0x68, 0x00, 0x28, 0x00,
    0xa9, 0x00, 0xc9, 0x00, 0xac, 0x00, 0x0d, 0x00, 0x0d, 0x00, 0x0c, 0x00, 0x2d, 0x00, 0x4d, 0x00,
    0x68, 0x00, 0xe7, 0x00, 0x8b, 0x00, 0xcb, 0x00, 0x09, 0x00, 0x81, 0x00, 0x00, 0x00, 0x00, 0x00,
    0x00, 0x00, 0x00, 0x00, 0x00, 0x00, 0x00, 0x00, 0x00, 0x00, 0x00, 0x00, 0x00, 0x00, 0x00, 0x00,
    0x00, 0x00, 0x00, 0x00, 0x00, 0x00, 0x00, 0x00, 0x00, 0x00, 0x00, 0x00, 0x00, 0x00, 0x00, 0x00,
    0x00, 0x00, 0x00, 0x00, 0x00, 0x00, 0x00, 0x00, 0x00, 0x00, 0x00, 0x00, 0x00, 0x00, 0x66, 0x00,
    0xe8, 0x00, 0xe8, 0x00, 0xe4, 0x00, 0x00, 0x00, 0x00, 0x00, 0x00, 0x00, 0x00, 0x00, 0x00, 0x00,
    0xa4, 0x00, 0xc7, 0x00, 0x69, 0x00, 0xea, 0x00, 0x0a, 0x00, 0x4a, 0x00, 0x88, 0x00, 0x86, 0x00,
    0x45, 0x00, 0x05, 0x00, 0x05, 0x00, 0x07, 0x00, 0xc9, 0x00, 0xc9, 0x00, 0x07, 0x00, 0x86, 0x00,
    0x2a, 0x00, 0x6b, 0x00, 0x0a, 0x00, 0xcc, 0x00, 0x0d, 0x00, 0xcc, 0x00, 0x2d, 0x00, 0x8b, 0x00,
    0x66, 0x00, 0x68, 0x00, 0x4a, 0x00, 0x29, 0x00, 0x8a, 0x00, 0x25, 0x00, 0x00, 0x00, 0x00, 0x00,
    0x00, 0x00, 0x61, 0x00, 0xa1, 0x00, 0x00, 0x00, 0x00, 0x00, 0x00, 0x00, 0x00, 0x00, 0x00, 0x00,
    0x00, 0x00, 0x00, 0x00, 0x00, 0x00, 0x00, 0x00, 0x00, 0x00, 0x00, 0x00, 0x00, 0x00, 0x00, 0x00,
    0x00, 0x00, 0x00, 0x00, 0x00, 0x00, 0x00, 0x00, 0x00, 0x00, 0x00, 0x00, 0x00, 0x00, 0x46, 0x00,
    0xc7, 0x00, 0x48, 0x00, 0x63, 0x00, 0x00, 0x00, 0x00, 0x00, 0x00, 0x00, 0x00, 0x00, 0x00, 0x00,
    0x61, 0x00, 0xe8, 0x00, 0x48, 0x00, 0x89, 0x00, 0xa9, 0x00, 0xa9, 0x00, 0x88, 0x00, 0xe7, 0x00,
    0x25, 0x00, 0xc4, 0x00, 0xe7, 0x00, 0xc9, 0x00, 0xe9, 0x00, 0x09, 0x00, 0xe6, 0x00, 0xc7, 0x00,
    0x4a, 0x00, 0x6b, 0x00, 0x8b, 0x00, 0x0a, 0x00, 0x8b, 0x00, 0x6b, 0x00, 0x4a, 0x00, 0xa9, 0x00,
    0x86, 0x00, 0x68, 0x00, 0x6b, 0x00, 0x2a, 0x00, 0x6a, 0x00, 0xe6, 0x00, 0x00, 0x00, 0x00, 0x00,
    0xc4, 0x00, 0x66, 0x00, 0xa2, 0x00, 0xe2, 0x00, 0xc2, 0x00, 0x00, 0x00, 0x00, 0x00, 0x00, 0x00,
    0x00, 0x00, 0x00, 0x00, 0x00, 0x00, 0x00, 0x00, 0x00, 0x00, 0x00, 0x00, 0x00, 0x00, 0x00, 0x00,
    0x00, 0x00, 0x00, 0x00, 0x00, 0x00, 0x00, 0x00, 0x00, 0x00, 0x00, 0x00, 0x00, 0x00, 0x05, 0x00,
    0xc7, 0x00, 0x69, 0x00, 0x63, 0x00, 0x00, 0x00, 0x00, 0x00, 0x00, 0x00, 0x00, 0x00, 0x00, 0x00,
    0x00, 0x00, 0x84, 0x00, 0x48, 0x00, 0x28, 0x00, 0x68, 0x00, 0xa9, 0x00, 0x88, 0x00, 0x07, 0x00,
    0x05, 0x00, 0xa7, 0x00, 0xc9, 0x00, 0x2a, 0x00, 0x4a, 0x00, 0x2a, 0x00, 0x48, 0x00, 0xe7, 0x00,
    0x4b, 0x00, 0x0a, 0x00, 0x4b, 0x00, 0x8b, 0x00, 0xe9, 0x00, 0xc9, 0x00, 0x4a, 0x00, 0x48, 0x00,
    0x66, 0x00, 0x48, 0x00, 0xe9, 0x00, 0x2a, 0x00, 0xe9, 0x00, 0xa6, 0x00, 0x00, 0x00, 0x83, 0x00,
    0xcb, 0x00, 0xc7, 0x00, 0xc6, 0x00, 0xc9, 0x00, 0x03, 0x00, 0x00, 0x00, 0x00, 0x00, 0x00, 0x00,
    0x00, 0x00, 0x00, 0x00, 0x00, 0x00, 0x00, 0x00, 0x00, 0x00, 0x00, 0x00, 0x00, 0x00, 0x00, 0x00,
    0x00, 0x00, 0x00, 0x00, 0x00, 0x00, 0x00, 0x00, 0x00, 0x00, 0x00, 0x00, 0x00, 0x00, 0xe2, 0x00,
    0x86, 0x00, 0x69, 0x00, 0xe4, 0x00, 0x00, 0x00, 0x00, 0x00, 0x00, 0x00, 0x00, 0x00, 0x00, 0x00,
    0x00, 0x00, 0x20, 0x00, 0x05, 0x00, 0x28, 0x00, 0x48, 0x00, 0x48, 0x00, 0x48, 0x00, 0xa6, 0x00,
    0x05, 0x00, 0xa9, 0x00, 0xea, 0x00, 0x2a, 0x00, 0x2a, 0x00, 0xe9, 0x00, 0x68, 0x00, 0x86, 0x00,
    0xea, 0x00, 0x2a, 0x00, 0x2a, 0x00, 0x2a, 0x00, 0xe9, 0x00, 0x2a, 0x00, 0xe9, 0x00, 0x25, 0x00,
    0xa6, 0x00, 0xc7, 0x00, 0x68, 0x00, 0x88, 0x00, 0xa8, 0x00, 0xa3, 0x00, 0x00, 0x00, 0x88, 0x00,
    0xe9, 0x00, 0x66, 0x00, 0x28, 0x00, 0x45, 0x00, 0x81, 0x00, 0x20, 0x00, 0x00, 0x00, 0x00, 0x00,
    0x00, 0x00, 0x00, 0x00, 0x00, 0x00, 0x00, 0x00, 0x00, 0x00, 0x00, 0x00, 0x00, 0x00, 0x00, 0x00,
    0x00, 0x00, 0x00, 0x00, 0x00, 0x00, 0x00, 0x00, 0x00, 0x00, 0x00, 0x00, 0x00, 0x00, 0x00, 0x00,
    0x25, 0x00, 0x89, 0x00, 0xe7, 0x00, 0x00, 0x00, 0x00, 0x00, 0x00, 0x00, 0x00, 0x00, 0x00, 0x00,
    0x00, 0x00, 0x00, 0x00, 0x63, 0x00, 0x46, 0x00, 0xe7, 0x00, 0x08, 0x00, 0x08, 0x00, 0x46, 0x00,
    0x86, 0x00, 0xca, 0x00, 0xc9, 0x00, 0x0a, 0x00, 0x4a, 0x00, 0x2a, 0x00, 0xa6, 0x00, 0x07, 0x00,
    0xe9, 0x00, 0xc9, 0x00, 0x0a, 0x00, 0xe9, 0x00, 0xe9, 0x00, 0xe9, 0x00, 0x45, 0x00, 0x66, 0x00,
    0x86, 0x00, 0xa7, 0x00, 0xe7, 0x00, 0x48, 0x00, 0x68, 0x00, 0x81, 0x00, 0xc4, 0x00, 0xc9, 0x00,
    0x07, 0x00, 0xe4, 0x00, 0x47, 0x00, 0x48, 0x00, 0xc5, 0x00, 0x03, 0x00, 0x00, 0x00, 0x00, 0x00,
    0x00, 0x00, 0x00, 0x00, 0x00, 0x00, 0x00, 0x00, 0x00, 0x00, 0x00, 0x00, 0x00, 0x00, 0x00, 0x00,
    0x00, 0x00, 0x00, 0x00, 0x00, 0x00, 0x00, 0x00, 0x00, 0x00, 0x00, 0x00, 0x00, 0x00, 0x00, 0x00,
    0x43, 0x00, 0x69, 0x00, 0x89, 0x00, 0x22, 0x00, 0x00, 0x00, 0x00, 0x00, 0x00, 0x00, 0x00, 0x00,
    0x00, 0x00, 0x00, 0x00, 0x22, 0x00, 0x07, 0x00, 0x86, 0x00, 0x25, 0x00, 0x05, 0x00, 0xe4, 0x00,
    0xa7, 0x00, 0x69, 0x00, 0x0a, 0x00, 0x4a, 0x00, 0x6a, 0x00, 0xa9, 0x00, 0x45, 0x00, 0x27, 0x00,
    0xe9, 0x00, 0x68, 0x00, 0x88, 0x00, 0x88, 0x00, 0x89, 0x00, 0x65, 0x00, 0x45, 0x00, 0xc7, 0x00,
    0x05, 0x00, 0x86, 0x00, 0xc7, 0x00, 0x07, 0x00, 0x45, 0x00, 0x45, 0x00, 0x09, 0x00, 0x09, 0x00,
    0x47, 0x00, 0x27, 0x00, 0x27, 0x00, 0x86, 0x00, 0x81, 0x00, 0x00, 0x00, 0x00, 0x00, 0x00, 0x00,
    0x00, 0x00, 0x00, 0x00, 0x00, 0x00, 0x00, 0x00, 0x00, 0x00, 0x00, 0x00, 0x00, 0x00, 0x00, 0x00,
    0x00, 0x00, 0x00, 0x00, 0x00, 0x00, 0x00, 0x00, 0x00, 0x00, 0x00, 0x00, 0x00, 0x00, 0x00, 0x00,
    0x20, 0x00, 0xa7, 0x00, 0x28, 0x00, 0xe7, 0x00, 0x20, 0x00, 0x00, 0x00, 0x00, 0x00, 0x00, 0x00,
    0x00, 0x00, 0x00, 0x00, 0x00, 0x00, 0xe2, 0x00, 0xa6, 0x00, 0x07, 0x00, 0xc7, 0x00, 0xe5, 0x00,
    0xc7, 0x00, 0x89, 0x00, 0x0a, 0x00, 0xa9, 0x00, 0xc9, 0x00, 0x27, 0x00, 0x45, 0x00, 0x48, 0x00,
    0xc9, 0x00, 0x88, 0x00, 0x68, 0x00, 0x48, 0x00, 0x65, 0x00, 0x04, 0x00, 0x45, 0x00, 0x02, 0x00,
    0x40, 0x00, 0x45, 0x00, 0xa6, 0x00, 0x86, 0x00, 0x86, 0x00, 0x68, 0x00, 0xa8, 0x00, 0x48, 0x00,
    0x27, 0x00, 0x22, 0x00, 0x20, 0x00, 0x00, 0x00, 0x00, 0x00, 0x00, 0x00, 0x00, 0x00, 0x00, 0x00,
    0x00, 0x00, 0x00, 0x00, 0x00, 0x00, 0x00, 0x00, 0x00, 0x00, 0x00, 0x00, 0x00, 0x00, 0x00, 0x00,
    0x00, 0x00, 0x00, 0x00, 0x00, 0x00, 0x00, 0x00, 0x00, 0x00, 0x00, 0x00, 0x00, 0x00, 0x00, 0x00,
    0x00, 0x00, 0xc2, 0x00, 0xa7, 0x00, 0x07, 0x00, 0xc7, 0x00, 0x23, 0x00, 0x81, 0x00, 0x20, 0x00,
    0x00, 0x00, 0x00, 0x00, 0x00, 0x00, 0x00, 0x00, 0x00, 0x00, 0xc1, 0x00, 0x22, 0x00, 0x05, 0x00,
    0x87, 0x00, 0x69, 0x00, 0xa9, 0x00, 0xe9, 0x00, 0x68, 0x00, 0xe7, 0x00, 0x45, 0x00, 0x07, 0x00,
    0x68, 0x00, 0x48, 0x00, 0xc6, 0x00, 0x63, 0x00, 0xa1, 0x00, 0xa1, 0x00, 0x00, 0x00, 0x00, 0x00,
    0x00, 0x00, 0x22, 0x00, 0x66, 0x00, 0xa6, 0x00, 0xc7, 0x00, 0xe7, 0x00, 0x07, 0x00, 0xc6, 0x00,
    0x02, 0x00, 0x00, 0x00, 0x00, 0x00, 0x00, 0x00, 0x00, 0x00, 0x00, 0x00, 0x00, 0x00, 0x00, 0x00,
    0x00, 0x00, 0x00, 0x00, 0x00, 0x00, 0x00, 0x00, 0x00, 0x00, 0x00, 0x00, 0x00, 0x00, 0x00, 0x00,
    0x00, 0x00, 0x00, 0x00, 0x00, 0x00, 0x00, 0x00, 0x00, 0x00, 0x00, 0x00, 0x00, 0x00, 0x00, 0x00,
    0x00, 0x00, 0x00, 0x00, 0xa1, 0x00, 0xa1, 0x00, 0x63, 0x00, 0x25, 0x00, 0x83, 0x00, 0x40, 0x00,
    0x00, 0x00, 0x00, 0x00, 0x00, 0x00, 0x00, 0x00, 0x00, 0x00, 0x00, 0x00, 0x02, 0x00, 0x26, 0x00,
    0xa7, 0x00, 0x49, 0x00, 0xc9, 0x00, 0xe9, 0x00, 0x07, 0x00, 0x86, 0x00, 0x07, 0x00, 0xe7, 0x00,
    0x05, 0x00, 0x22, 0x00, 0x20, 0x00, 0x00, 0x00, 0x00, 0x00, 0x00, 0x00, 0x00, 0x00, 0x00, 0x00,
    0x00, 0x00, 0x60, 0x00, 0x46, 0x00, 0x86, 0x00, 0xa6, 0x00, 0xc7, 0x00, 0x02, 0x00, 0x20, 0x00,
    0x00, 0x00, 0x00, 0x00, 0x00, 0x00, 0x00, 0x00, 0x00, 0x00, 0x00, 0x00, 0x00, 0x00, 0x00, 0x00,
    0x00, 0x00, 0x00, 0x00, 0x00, 0x00, 0x00, 0x00, 0x00, 0x00, 0x00, 0x00, 0x00, 0x00, 0x00, 0x00,
    0x00, 0x00, 0x00, 0x00, 0x00, 0x00, 0x00, 0x00, 0x00, 0x00, 0x00, 0x00, 0x00, 0x00, 0x00, 0x00,
    0x00, 0x00, 0x00, 0x00, 0x00, 0x00, 0x00, 0x00, 0x00, 0x00, 0x00, 0x00, 0x00, 0x00, 0x00, 0x00,
    0x00, 0x00, 0x00, 0x00, 0x00, 0x00, 0x00, 0x00, 0x00, 0x00, 0xa1, 0x00, 0x46, 0x00, 0x25, 0x00,
    0xc7, 0x00, 0x69, 0x00, 0x48, 0x00, 0xe7, 0x00, 0x86, 0x00, 0xe2, 0x00, 0xa1, 0x00, 0x40, 0x00,
    0x00, 0x00, 0x00, 0x00, 0x00, 0x00, 0x00, 0x00, 0x00, 0x00, 0x00, 0x00, 0x00, 0x00, 0x00, 0x00,
    0x00, 0x00, 0x81, 0x00, 0x86, 0x00, 0xa6, 0x00, 0x86, 0x00, 0xc2, 0x00, 0x00, 0x00, 0x00, 0x00,
    0x00, 0x00, 0x00, 0x00, 0x00, 0x00, 0x00, 0x00, 0x00, 0x00, 0x00, 0x00, 0x00, 0x00, 0x00, 0x00,
    0x00, 0x00, 0x00, 0x00, 0x00, 0x00, 0x00, 0x00, 0x00, 0x00, 0x00, 0x00, 0x00, 0x00, 0x00, 0x00,
    0x00, 0x00, 0x00, 0x00, 0x00, 0x00, 0x00, 0x00, 0x00, 0x00, 0x00, 0x00, 0x00, 0x00, 0x00, 0x00,
    0x00, 0x00, 0x00, 0x00, 0x00, 0x00, 0x00, 0x00, 0x00, 0x00, 0x00, 0x00, 0x00, 0x00, 0x00, 0x00,
    0x00, 0x00, 0x00, 0x00, 0x00, 0x00, 0x00, 0x00, 0x00, 0x00, 0x63, 0x00, 0x25, 0x00, 0x66, 0x00,
    0xc7, 0x00, 0xc7, 0x00, 0xc7, 0x00, 0x86, 0x00, 0xe2, 0x00, 0x00, 0x00, 0x00, 0x00, 0x00, 0x00,
    0x00, 0x00, 0x00, 0x00, 0x00, 0x00, 0x00, 0x00, 0x00, 0x00, 0x00, 0x00, 0x00, 0x00, 0x00, 0x00,
    0x00, 0x00, 0x20, 0x00, 0xc4, 0x00, 0xc4, 0x00, 0x81, 0x00, 0x00, 0x00, 0x00, 0x00, 0x00, 0x00,
    0x00, 0x00, 0x00, 0x00, 0x00, 0x00, 0x00, 0x00, 0x00, 0x00, 0x00, 0x00, 0x00, 0x00, 0x00, 0x00,
    0x00, 0x00, 0x00, 0x00, 0x00, 0x00, 0x00, 0x00, 0x00, 0x00, 0x00, 0x00, 0x00, 0x00, 0x00, 0x00,
    0x00, 0x00, 0x00, 0x00, 0x00, 0x00, 0x00, 0x00, 0x00, 0x00, 0x00, 0x00, 0x00, 0x00, 0x00, 0x00,
    0x00, 0x00, 0x00, 0x00, 0x00, 0x00, 0x00, 0x00, 0x00, 0x00, 0x00, 0x00, 0x00, 0x00, 0x00, 0x00,
    0x00, 0x00, 0x00, 0x00, 0x00, 0x00, 0x00, 0x00, 0x40, 0x00, 0x46, 0x00, 0x26, 0x00, 0x26, 0x00,
    0xa7, 0x00, 0xa7, 0x00, 0x25, 0x00, 0xa1, 0x00, 0x00, 0x00, 0x00, 0x00, 0x00, 0x00, 0x00, 0x00,
    0x00, 0x00, 0x00, 0x00, 0x00, 0x00, 0x00, 0x00, 0x00, 0x00, 0x00, 0x00, 0x00, 0x00, 0x00, 0x00,
    0x00, 0x00, 0x00, 0x00, 0x00, 0x00, 0x00, 0x00, 0x00, 0x00, 0x00, 0x00, 0x00, 0x00, 0x00, 0x00,
    0x00, 0x00, 0x00, 0x00, 0x00, 0x00, 0x00, 0x00, 0x00, 0x00, 0x00, 0x00, 0x00, 0x00, 0x00, 0x00,
    0x00, 0x00, 0x00, 0x00, 0x00, 0x00, 0x00, 0x00, 0x00, 0x00, 0x00, 0x00, 0x00, 0x00, 0x00, 0x00,
    0x00, 0x00, 0x00, 0x00, 0x00, 0x00, 0x00, 0x00, 0x00, 0x00, 0x00, 0x00, 0x00, 0x00, 0x00, 0x00,
    0x00, 0x00, 0x00, 0x00, 0x00, 0x00, 0x00, 0x00, 0x00, 0x00, 0x00, 0x00, 0x00, 0x00, 0x00, 0x00,
    0x00, 0x00, 0x00, 0x00, 0x00, 0x00, 0x00, 0x00, 0xc5, 0x00, 0x86, 0x00, 0xa7, 0x00, 0x66, 0x00,
    0x22, 0x00, 0x81, 0x00, 0x00, 0x00, 0x00, 0x00, 0x00, 0x00, 0x00, 0x00, 0x00, 0x00, 0x00, 0x00,
    0x00, 0x00, 0x00, 0x00, 0x00, 0x00, 0x00, 0x00, 0x00, 0x00, 0x00, 0x00, 0x00, 0x00, 0x00, 0x00,
    0x00, 0x00, 0x00, 0x00, 0x00, 0x00, 0x00, 0x00, 0x00, 0x00, 0x00, 0x00, 0x00, 0x00, 0x00, 0x00,
    0x00, 0x00, 0x00, 0x00, 0x00, 0x00, 0x00, 0x00, 0x00, 0x00, 0x00, 0x00, 0x00, 0x00, 0x00, 0x00,
    0x00, 0x00, 0x00, 0x00, 0x00, 0x00, 0x00, 0x00, 0x00, 0x00, 0x00, 0x00, 0x00, 0x00, 0x00, 0x00,
    0x00, 0x00, 0x00, 0x00, 0x00, 0x00, 0x00, 0x00, 0x00, 0x00, 0x00, 0x00, 0x00, 0x00, 0x00, 0x00,
    0x00, 0x00, 0x00, 0x00, 0x00, 0x00, 0x00, 0x00, 0x00, 0x00, 0x00, 0x00, 0x00, 0x00, 0x00, 0x00,
    0x00, 0x00, 0x00, 0x00, 0x20, 0x00, 0xc5, 0x00, 0x66, 0x00, 0x86, 0x00, 0xc7, 0x00, 0xa7, 0x00,
    0x20, 0x00, 0x00, 0x00, 0x00, 0x00, 0x00, 0x00, 0x00, 0x00, 0x00, 0x00, 0x00, 0x00, 0x00, 0x00,
    0x00, 0x00, 0x00, 0x00, 0x00, 0x00, 0x00, 0x00, 0x00, 0x00, 0x00, 0x00, 0x00, 0x00, 0x00, 0x00,
    0x00, 0x00, 0x00, 0x00, 0x00, 0x00, 0x00, 0x00, 0x00, 0x00, 0x00, 0x00, 0x00, 0x00, 0x00, 0x00,
    0x00, 0x00, 0x00, 0x00, 0x00, 0x00, 0x00, 0x00, 0x00, 0x00, 0x00, 0x00, 0x00, 0x00, 0x00, 0x00,
    0x00, 0x00, 0x00, 0x00, 0x00, 0x00, 0x00, 0x00, 0x00, 0x00, 0x00, 0x00, 0x00, 0x00, 0x00, 0x00,
    0x00, 0x00, 0x00, 0x00, 0x00, 0x00, 0x00, 0x00, 0x00, 0x00, 0x00, 0x00, 0x00, 0x00, 0x00, 0x00,
    0x00, 0x00, 0x00, 0x00, 0x00, 0x00, 0x00, 0x00, 0x00, 0x00, 0x00, 0x00, 0x00, 0x00, 0x00, 0x00,
    0x00, 0x00, 0x61, 0x00, 0x46, 0x00, 0x87, 0x00, 0x25, 0x00, 0xa7, 0x00, 0xa7, 0x00, 0x25, 0x00,
    0x00, 0x00, 0x00, 0x00, 0x00, 0x00, 0x00, 0x00, 0x00, 0x00, 0x00, 0x00, 0x00, 0x00, 0x00, 0x00,
    0x00, 0x00, 0x00, 0x00, 0x00, 0x00, 0x00, 0x00, 0x00, 0x00, 0x00, 0x00, 0x00, 0x00, 0x00, 0x00,
    0x00, 0x00, 0x00, 0x00, 0x00, 0x00, 0x00, 0x00, 0x00, 0x00, 0x00, 0x00, 0x00, 0x00, 0x00, 0x00,
    0x00, 0x00, 0x00, 0x00, 0x00, 0x00, 0x00, 0x00, 0x00, 0x00, 0x00, 0x00, 0x00, 0x00, 0x00, 0x00,
    0x00, 0x00, 0x00, 0x00, 0x00, 0x00, 0x00, 0x00, 0x00, 0x00, 0x00, 0x00, 0x00, 0x00, 0x00, 0x00,
    0x00, 0x00, 0x00, 0x00, 0x00, 0x00, 0x00, 0x00, 0x00, 0x00, 0x00, 0x00, 0x00, 0x00, 0x00, 0x00,
    0x00, 0x00, 0x00, 0x00, 0x00, 0x00, 0x00, 0x00, 0x00, 0x00, 0x00, 0x00, 0x00, 0x00, 0x00, 0x00,
    0x20, 0x00, 0x87, 0x00, 0xa7, 0x00, 0xc4, 0x00, 0x87, 0x00, 0xc7, 0x00, 0xa7, 0x00, 0xe5, 0x00,
    0x00, 0x00, 0x00, 0x00, 0x00, 0x00, 0x00, 0x00, 0x00, 0x00, 0x00, 0x00, 0x00, 0x00, 0x00, 0x00,
    0x00, 0x00, 0x00, 0x00, 0x00, 0x00, 0x00, 0x00, 0x00, 0x00, 0x00, 0x00, 0x00, 0x00, 0x00, 0x00,
    0x00, 0x00, 0x00, 0x00, 0x00, 0x00, 0x00, 0x00, 0x00, 0x00, 0x00, 0x00, 0x00, 0x00, 0x00, 0x00,
    0x00, 0x00, 0x00, 0x00, 0x00, 0x00, 0x00, 0x00, 0x00, 0x00, 0x00, 0x00, 0x00, 0x00, 0x00, 0x00,
    0x00, 0x00, 0x00, 0x00, 0x00, 0x00, 0x00, 0x00, 0x00, 0x00, 0x00, 0x00, 0x00, 0x00, 0x00, 0x00,
    0x00, 0x00, 0x00, 0x00, 0x00, 0x00, 0x00, 0x00, 0x00, 0x00, 0x00, 0x00, 0x00, 0x00, 0x00, 0x00,
    0x00, 0x00, 0x00, 0x00, 0x00, 0x00, 0x00, 0x00, 0x00, 0x00, 0x00, 0x00, 0x00, 0x00, 0x00, 0x00,
    0x40, 0x00, 0x02, 0x00, 0xa1, 0x00, 0x46, 0x00, 0xe8, 0x00, 0x46, 0x00, 0xc7, 0x00, 0x02, 0x00,
    0x00, 0x00, 0x00, 0x00, 0x00, 0x00, 0x00, 0x00, 0x00, 0x00, 0x00, 0x00, 0x00, 0x00, 0x00, 0x00,
    0x00, 0x00, 0x00, 0x00, 0x00, 0x00, 0x00, 0x00, 0x00, 0x00, 0x00, 0x00, 0x00, 0x00, 0x00, 0x00,
    0x00, 0x00, 0x00, 0x00, 0x00, 0x00, 0x00, 0x00, 0x00, 0x00, 0x00, 0x00, 0x00, 0x00, 0x00, 0x00,
    0x00, 0x00, 0x00, 0x00, 0x00, 0x00, 0x00, 0x00, 0x00, 0x00, 0x00, 0x00, 0x00, 0x00, 0x00, 0x00,
    0x00, 0x00, 0x00, 0x00, 0x00, 0x00, 0x00, 0x00, 0x00, 0x00, 0x00, 0x00, 0x00, 0x00, 0x00, 0x00,
    0x00, 0x00, 0x00, 0x00, 0x00, 0x00, 0x00, 0x00, 0x00, 0x00, 0x00, 0x00, 0x00, 0x00, 0x00, 0x00,
    0x00, 0x00, 0x00, 0x00, 0x00, 0x00, 0x00, 0x00, 0x00, 0x00, 0x00, 0x00, 0x00, 0x00, 0x00, 0x00,
    0x00, 0x00, 0x00, 0x00, 0x43, 0x00, 0xe8, 0x00, 0x84, 0x00, 0x26, 0x00, 0xe5, 0x00, 0x00, 0x00,
    0x00, 0x00, 0x00, 0x00, 0x00, 0x00, 0x00, 0x00, 0x00, 0x00, 0x00, 0x00, 0x00, 0x00, 0x00, 0x00,
    0x00, 0x00, 0x00, 0x00, 0x00, 0x00, 0x00, 0x00, 0x00, 0x00, 0x00, 0x00, 0x00, 0x00, 0x00, 0x00,
    0x00, 0x00, 0x00, 0x00, 0x00, 0x00, 0x00, 0x00, 0x00, 0x00, 0x00, 0x00, 0x00, 0x00, 0x00, 0x00,
    0x00, 0x00, 0x00, 0x00, 0x00, 0x00, 0x00, 0x00, 0x00, 0x00, 0x00, 0x00, 0x00, 0x00, 0x00, 0x00,
    0x00, 0x00, 0x00, 0x00, 0x00, 0x00, 0x00, 0x00, 0x00, 0x00, 0x00, 0x00, 0x00, 0x00, 0x00, 0x00,
    0x00, 0x00, 0x00, 0x00, 0x00, 0x00, 0x00, 0x00, 0x00, 0x00, 0x00, 0x00, 0x00, 0x00, 0x00, 0x00,
    0x00, 0x00, 0x00, 0x00, 0x00, 0x00, 0x00, 0x00, 0x00, 0x00, 0x00, 0x00, 0x00, 0x00, 0x00, 0x00,
    0x00, 0x00, 0x00, 0x00, 0xc2, 0x00, 0x81, 0x00, 0x00, 0x00, 0xc2, 0x00, 0x00, 0x00, 0x00, 0x00,
    0x00, 0x00, 0x00, 0x00, 0x00, 0x00, 0x00, 0x00, 0x00, 0x00, 0x00, 0x00, 0x00, 0x00, 0x00, 0x00,
    0x00, 0x00, 0x00, 0x00, 0x00, 0x00, 0x00, 0x00, 0x00, 0x00, 0x00, 0x00, 0x00, 0x00, 0x00, 0x00,
    0x00, 0x00, 0x00, 0x00, 0x00, 0x00, 0x00, 0x00, 0x00, 0x00, 0x00, 0x00, 0x00, 0x00, 0x00, 0x00,
    0x00, 0x00, 0x00, 0x00, 0x00, 0x00, 0x00, 0x00, 0x00, 0x00, 0x00, 0x00, 0x00, 0x00, 0x00, 0x00,
    0x00, 0x00, 0x00, 0x00, 0x00, 0x00, 0x00, 0x00, 0x00, 0x00, 0x00, 0x00, 0x00, 0x00, 0x00, 0x00,
    0x00, 0x00, 0x00, 0x00, 0x00, 0x00, 0x00, 0x00, 0x00, 0x00, 0x00, 0x00, 0x00, 0x00, 0x00, 0x00,
    0x00, 0x00, 0x00, 0x00, 0x00, 0x00, 0x00, 0x00, 0x00, 0x00, 0x00, 0x00, 0x00, 0x00, 0x00, 0x00,
    0x00, 0x00, 0x00, 0x00, 0x00, 0x00, 0x00, 0x00, 0x00, 0x00, 0x00, 0x00, 0x00, 0x00, 0x00, 0x00,
    0x00, 0x00, 0x00, 0x00, 0x00, 0x00, 0x00, 0x00, 0x00, 0x00, 0x00, 0x00, 0x00, 0x00, 0x00, 0x00,
    0x00, 0x00, 0x00, 0x00, 0x00, 0x00, 0x00, 0x00, 0x00, 0x00, 0x00, 0x00, 0x00, 0x00, 0x00, 0x00,
    0x00, 0x00, 0x00, 0x00, 0x00, 0x00, 0x00, 0x00, 0x00, 0x00, 0x00, 0x00, 0x00, 0x00, 0x00, 0x00,
    0x00, 0x00, 0x00, 0x00, 0x00, 0x00, 0x00, 0x00, 0x00, 0x00, 0x00, 0x00, 0x00, 0x00, 0x00, 0x00,
    0x00, 0x00, 0x00, 0x00, 0x00, 0x00, 0x00, 0x00, 0x00, 0x00, 0x00, 0x00, 0x00, 0x00, 0x00, 0x00,
    0x00, 0x00, 0x00, 0x00, 0x00, 0x00, 0x00, 0x00, 0x00, 0x00, 0x00, 0x00, 0x00, 0x00, 0x00, 0x00,
    0x00, 0x00, 0x00, 0x00, 0x00, 0x00, 0x00, 0x00, 0x00, 0x00, 0x00, 0x00, 0x00, 0x00, 0x00, 0x00,
    0x00, 0x00, 0x00, 0x00, 0x00, 0x00, 0x00, 0x00, 0x00, 0x00, 0x00, 0x00, 0x00, 0x00, 0x00, 0x00,
    0x00, 0x00, 0x00, 0x00, 0x00, 0x00, 0x00, 0x00, 0x00, 0x00, 0x00, 0x00, 0x00, 0x00, 0x00, 0x00,
    0x00, 0x00, 0x00, 0x00, 0x00, 0x00, 0x00, 0x00, 0x00, 0x00, 0x00, 0x00, 0x00, 0x00, 0x00, 0x00,
    0x00, 0x00, 0x00, 0x00, 0x00, 0x00, 0x00, 0x00, 0x00, 0x00, 0x00, 0x00, 0x00, 0x00, 0x00, 0x00,
    0x00, 0x00, 0x00, 0x00, 0x00, 0x00, 0x00, 0x00, 0x00, 0x00, 0x00, 0x00, 0x00, 0x00, 0x00, 0x00,
    0x00, 0x00, 0x00, 0x00, 0x00, 0x00, 0x00, 0x00, 0x00, 0x00, 0x00, 0x00, 0x00, 0x00, 0x00, 0x00,
    0x00, 0x00, 0x00, 0x00, 0x00, 0x00, 0x00, 0x00, 0x00, 0x00, 0x00, 0x00, 0x00, 0x00, 0x00, 0x00,
    0x00, 0x00, 0x00, 0x00, 0x00, 0x00, 0x00, 0x00, 0x00, 0x00, 0x00, 0x00, 0x00, 0x00, 0x00, 0x00,
    0x00, 0x00, 0x00, 0x00, 0x00, 0x00, 0x00, 0x00, 0x00, 0x00, 0x00, 0x00, 0x00, 0x00, 0x00, 0x00,
    0x00, 0x00, 0x00, 0x00, 0x00, 0x00, 0x00, 0x00, 0x00, 0x00, 0x00, 0x00, 0x00, 0x00, 0x00, 0x00,
    0x00, 0x00, 0x00, 0x00, 0x00, 0x00, 0x00, 0x00, 0x00, 0x00, 0x00, 0x00, 0x00, 0x00, 0x00, 0x00,
    0x00, 0x00, 0x00, 0x00, 0x00, 0x00, 0x00, 0x00, 0x00, 0x00, 0x00, 0x00, 0x00, 0x00, 0x00, 0x00,
    0x00, 0x00, 0x00, 0x00, 0x00, 0x00, 0x00, 0x00, 0x00, 0x00, 0x00, 0x00, 0x00, 0x00, 0x00, 0x00,
    0x00, 0x00, 0x00, 0x00, 0x00, 0x00, 0x00, 0x00, 0x00, 0x00, 0x00, 0x00, 0x00, 0x00, 0x00, 0x00,
    0x00, 0x00, 0x00, 0x00, 0x00, 0x00, 0x00, 0x00, 0x00, 0x00, 0x00, 0x00, 0x00, 0x00, 0x00, 0x00,
    0x00, 0x00, 0x00, 0x00, 0x00, 0x00, 0x00, 0x00, 0x00, 0x00, 0x00, 0x00, 0x00, 0x00, 0x00, 0x00,
    0x00, 0x00, 0x00, 0x00, 0x0b, 0x02, 0x00, 0x00, 0x00, 0x00, 0x00, 0x00, 0x00, 0x00, 0x00, 0x00,
    0x00, 0x00, 0x00, 0x00, 0x00, 0x00, 0x00, 0x00, 0x00, 0x00, 0x00, 0x00, 0x00, 0x00, 0x00, 0x00,
    0x00, 0x00, 0x00, 0x00, 0x00, 0x00, 0x00, 0x00, 0x00, 0x00, 0x00, 0x00, 0x00, 0x00, 0x00, 0x00,
    0x00, 0x00, 0x00, 0x00, 0x06, 0x2b, 0x00, 0x00, 0x00, 0x00, 0x00, 0x00, 0x00, 0x00, 0x00, 0x00,
    0x00, 0x00, 0x00, 0x0d, 0xf1, 0x04, 0x00, 0x00, 0x00, 0x00, 0x00, 0x00, 0x00, 0x00, 0x00, 0x00,
    0x00, 0x00, 0x00, 0x00, 0x00, 0x00, 0x00, 0x00, 0x00, 0x00, 0x00, 0x00, 0x00, 0x00, 0x00, 0x00,
    0x00, 0x00, 0x00, 0x00, 0x00, 0x00, 0x00, 0x00, 0x00, 0x00, 0x00, 0x00, 0x00, 0x00, 0x00, 0x00,
    0x00, 0x00, 0x00, 0x00, 0x9e, 0x59, 0x00, 0x00, 0x08, 0x23, 0x00, 0x00, 0x00, 0x00, 0x00, 0x00,
    0x09, 0x00, 0x00, 0x85, 0xe6, 0x00, 0x00, 0x00, 0x00, 0x00, 0x00, 0x00, 0x00, 0x00, 0x00, 0x00,
    0x00, 0x00, 0x00, 0x00, 0x00, 0x00, 0x00, 0x00, 0x00, 0x00, 0x00, 0x00, 0x00, 0x00, 0x00, 0x00,
    0x00, 0x00, 0x00, 0x00, 0x00, 0x00, 0x00, 0x00, 0x00, 0x00, 0x00, 0x00, 0x00, 0x00, 0x00, 0x00,
    0x00, 0x00, 0x00, 0x03, 0xff, 0x30, 0x00, 0x00, 0x66, 0x54, 0x00, 0x00, 0x00, 0x00, 0x00, 0x03,
    0xc1, 0x00, 0x00, 0xc7, 0xeb, 0x01, 0x00, 0x00, 0x00, 0x00, 0x00, 0x00, 0x00, 0x00, 0x00, 0x00,
    0x00, 0x00, 0x00, 0x00, 0x00, 0x00, 0x00, 0x00, 0x00, 0x0a, 0x32, 0x00, 0x00, 0x00, 0x00, 0x00,
    0x00, 0x00, 0x00, 0x00, 0x00, 0x00, 0x00, 0x00, 0x00, 0x00, 0x00, 0x00, 0x00, 0x00, 0x00, 0x00,
    0x00, 0x00, 0x00, 0x05, 0xff, 0x9b, 0x00, 0x00, 0xc1, 0x5d, 0x00, 0x00, 0x00, 0x00, 0x00, 0x01,
    0xfd, 0x49, 0x00, 0x83, 0xff, 0x25, 0x00, 0x36, 0x18, 0x00, 0x00, 0x00, 0x00, 0x00, 0x00, 0x00,
    0x00, 0x00, 0x00, 0x00, 0x00, 0x00, 0x00, 0x00, 0x00, 0x26, 0xda, 0x00, 0x00, 0x00, 0x00, 0x00,
    0x00, 0x00, 0x00, 0x00, 0x00, 0x00, 0x00, 0x00, 0x00, 0x00, 0x00, 0x00, 0x00, 0x00, 0x00, 0x00,
    0x00, 0x00, 0x00, 0x00, 0x95, 0xff, 0x6c, 0x02, 0x88, 0xd7, 0x00, 0x00, 0x07, 0x4d, 0x00, 0x00,
    0x47, 0xff, 0x66, 0x67, 0xf9, 0xcf, 0x30, 0xff, 0x0f, 0x00, 0x00, 0x00, 0x00, 0x00, 0x00, 0x00,
    0x00, 0x00, 0x00, 0x00, 0x00, 0x00, 0x00, 0x00, 0x03, 0xc3, 0xff, 0x08, 0x00, 0x00, 0x00, 0x00,
    0x00, 0x00, 0x00, 0x00, 0x00, 0x00, 0x00, 0x00, 0x00, 0x00, 0x00, 0x00, 0x00, 0x00, 0x00, 0x00,
    0x00, 0x02, 0x0b, 0x00, 0x04, 0xbe, 0xff, 0xca, 0xb0, 0xff, 0x68, 0x00, 0x01, 0xff, 0x33, 0x00,
    0x00, 0x3b, 0xf7, 0xff, 0xff, 0xff, 0xff, 0xf3, 0x03, 0x00, 0x00, 0x00, 0x00, 0x00, 0x00, 0x00,
    0x00, 0x00, 0x00, 0x00, 0x00, 0x00, 0x01, 0x23, 0xc7, 0xff, 0xfd, 0x1c, 0x00, 0x00, 0x00, 0x00,
    0x00, 0x00, 0x00, 0x00, 0x00, 0x00, 0x00, 0x00, 0x00, 0x00, 0x00, 0x00, 0x00, 0x00, 0x00, 0x00,
    0x00, 0x02, 0xc3, 0xbe, 0x97, 0xda, 0xff, 0xff, 0xff, 0xfd, 0xff, 0x9b, 0x15, 0xa3, 0xff, 0x06,
    0x1c, 0x56, 0x0a, 0x1d, 0x95, 0xff, 0xf1, 0xfd, 0x18, 0x00, 0x4b, 0x00, 0x00, 0x00, 0x00, 0x00,
    0x00, 0x00, 0x00, 0x00, 0x04, 0x4c, 0xc7, 0xff, 0xff, 0xf3, 0xff, 0x23, 0x00, 0x00, 0x00, 0x00,
    0x00, 0x00, 0x00, 0x00, 0x00, 0x00, 0x00, 0x00, 0x00, 0x00, 0x00, 0x00, 0x00, 0x00, 0x00, 0x00,
    0x00, 0x00, 0x07, 0xaa, 0xff, 0xff, 0xca, 0x79, 0x8e, 0xfd, 0xff, 0xff, 0xff, 0xef, 0xff, 0xb9,
    0x95, 0xff, 0xce, 0x26, 0x01, 0x3e, 0xff, 0xff, 0x88, 0x3d, 0xff, 0x03, 0x00, 0x00, 0x00, 0x00,
    0x00, 0x00, 0x00, 0x1e, 0xdc, 0xff, 0xff, 0xf9, 0xfd, 0xf9, 0xff, 0x1a, 0x00, 0x00, 0x00, 0x00,
    0x00, 0x00, 0x00, 0x00, 0x00, 0x00, 0x00, 0x00, 0x00, 0x00, 0x00, 0x00, 0x00, 0x00, 0x00, 0x00,
    0x00, 0x00, 0x00, 0x00, 0x07, 0x08, 0x01, 0x00, 0x00, 0x04, 0x68, 0xfb, 0xf9, 0xff, 0xff, 0xff,
    0xff, 0xf9, 0xff, 0xff, 0xca, 0x2f, 0x80, 0xff, 0xf5, 0xff, 0xc0, 0x00, 0x00, 0x00, 0x00, 0x00,
    0x00, 0x00, 0x1e, 0xff, 0xff, 0xf7, 0xfd, 0xff, 0xff, 0xfd, 0xff, 0x08, 0x00, 0x00, 0x00, 0x00,
    0x00, 0x00, 0x00, 0x00, 0x00, 0x00, 0x00, 0x00, 0x00, 0x00, 0x00, 0x00, 0x00, 0x00, 0x00, 0x00,
    0x00, 0x00, 0x00, 0x00, 0x00, 0x00, 0x00, 0x00, 0x00, 0x2b, 0x22, 0x5f, 0xfb, 0xf9, 0xff, 0xfb,
    0xfb, 0xff, 0xfd, 0xf9, 0xff, 0xfb, 0xaf, 0xff, 0xf7, 0xff, 0x25, 0x00, 0x00, 0x00, 0x00, 0x00,
    0x00, 0x02, 0xe0, 0xfd, 0xf9, 0xff, 0xff, 0xff, 0xf7, 0xff, 0xb9, 0x00, 0x00, 0x00, 0x00, 0x00,
    0x00, 0x00, 0x00, 0x00, 0x00, 0x00, 0x00, 0x00, 0x00, 0x00, 0x00, 0x00, 0x00, 0x00, 0x00, 0x00,
    0x00, 0x00, 0x00, 0x00, 0x00, 0x0f, 0x7b, 0x1b, 0x01, 0x64, 0xff, 0xda, 0xfd, 0xff, 0xff, 0xff,
    0xff, 0xff, 0xff, 0xff, 0xfb, 0xff, 0xff, 0xfd, 0xff, 0xde, 0x0d, 0x03, 0x00, 0x00, 0x00, 0x00,
    0x00, 0x2e, 0xff, 0xf7, 0xff, 0xff, 0xff, 0xf7, 0xff, 0xff, 0x15, 0x00, 0x00, 0x00, 0x00, 0x00,
    0x00, 0x00, 0x00, 0x00, 0x00, 0x00, 0x00, 0x00, 0x00, 0x00, 0x00, 0x00, 0x00, 0x00, 0x00, 0x00,
    0x00, 0x00, 0x00, 0x00, 0x00, 0x01, 0xb4, 0xff, 0xcc, 0xaf, 0xf9, 0xff, 0xff, 0xff, 0xff, 0xff,
    0xff, 0xff, 0xff, 0xff, 0xff, 0xfd, 0xfd, 0xff, 0xff, 0xe9, 0xe8, 0x4c, 0x00, 0x00, 0x00, 0x00,
    0x00, 0x68, 0xfd, 0xf7, 0xff, 0xff, 0xff, 0xff, 0xdc, 0x18, 0x00, 0x00, 0x00, 0x00, 0x00, 0x00,
    0x00, 0x00, 0x00, 0x00, 0x00, 0x00, 0x00, 0x00, 0x00, 0x00, 0x00, 0x00, 0x00, 0x00, 0x00, 0x00,
    0x00, 0x00, 0x00, 0x00, 0x00, 0x00, 0x01, 0xc0, 0xff, 0xff, 0xff, 0xff, 0xff, 0xff, 0xff, 0xff,
    0xff, 0xff, 0xff, 0xff, 0xff, 0xff, 0xff, 0xff, 0xff, 0xf9, 0xff, 0x57, 0x00, 0x00, 0x00, 0x00,
    0x00, 0x71, 0xff, 0xf7, 0xff, 0xfb, 0xf7, 0x64, 0x01, 0x00, 0x00, 0x00, 0x00, 0x00, 0x00, 0x00,
    0x00, 0x00, 0x00, 0x00, 0x00, 0x00, 0x00, 0x00, 0x00, 0x00, 0x00, 0x00, 0x00, 0x00, 0x00, 0x00,
    0x11, 0x6f, 0x00, 0x00, 0x00, 0x00, 0x00, 0x09, 0xda, 0xfd, 0xfd, 0xff, 0xff, 0xff, 0xff, 0xff,
    0xff, 0xff, 0xff, 0xff, 0xff, 0xff, 0xff, 0xff, 0xff, 0xf7, 0xfd, 0x23, 0x00, 0x00, 0x00, 0x00,
    0x00, 0x4b, 0xff, 0xf3, 0xf5, 0xf7, 0xb5, 0x45, 0x1d, 0x00, 0x00, 0x00, 0x00, 0x00, 0x00, 0x00,
    0x00, 0x00, 0x00, 0x00, 0x00, 0x00, 0x00, 0x00, 0x00, 0x00, 0x00, 0x00, 0x00, 0x5e, 0x4d, 0x00,
    0x10, 0xff, 0x2f, 0x00, 0x00, 0x00, 0x00, 0x00, 0x14, 0xe0, 0xfb, 0xfd, 0xff, 0xff, 0xff, 0xff,
    0xff, 0xff, 0xff, 0xff, 0xff, 0xff, 0xff, 0xff, 0xff, 0xf9, 0xff, 0x1e, 0x00, 0x00, 0x00, 0x00,
    0x00, 0x15, 0xfb, 0xff, 0xff, 0xff, 0xff, 0xab, 0x09, 0x00, 0x00, 0x00, 0x00, 0x00, 0x00, 0x00,
    0x00, 0x00, 0x00, 0x00, 0x00, 0x00, 0x00, 0x00, 0x00, 0x00, 0x00, 0x00, 0x00, 0x1e, 0xff, 0xa3,
    0x37, 0xf9, 0xb5, 0x00, 0x00, 0x00, 0x2f, 0xa2, 0xb9, 0xef, 0xff, 0xff, 0xff, 0xff, 0xff, 0xff,
    0xff, 0xff, 0xff, 0xff, 0xff, 0xff, 0xff, 0xff, 0xff, 0xf7, 0xff, 0x2a, 0x00, 0x00, 0x00, 0x00,
    0x00, 0x07, 0xff, 0xba, 0x6b, 0x3e, 0x13, 0x00, 0x00, 0x00, 0x00, 0x00, 0x00, 0x00, 0x00, 0x00,
    0x00, 0x00, 0x00, 0x00, 0x00, 0x00, 0x00, 0x00, 0x00, 0x00, 0x00, 0x04, 0x1e, 0x0b, 0x50, 0xff,
    0x98, 0xed, 0xda, 0x00, 0x55, 0x33, 0x0c, 0xfd, 0xff, 0xff, 0xff, 0xff, 0xff, 0xff, 0xff, 0xff,
    0xff, 0xff, 0xff, 0xff, 0xff, 0xff, 0xff, 0xff, 0xff, 0xf9, 0xff, 0x74, 0x00, 0x00, 0x00, 0x00,
    0x00, 0x12, 0x62, 0x00, 0x00, 0x00, 0x00, 0x00, 0x00, 0x00, 0x00, 0x00, 0x00, 0x00, 0x00, 0x00,
    0x00, 0x00, 0x00, 0x00, 0x00, 0x00, 0x00, 0x00, 0x00, 0x00, 0x00, 0x2c, 0xff, 0xff, 0xbc, 0xf7,
    0xff, 0xfd, 0xf3, 0x8c, 0xff, 0x45, 0x00, 0x08, 0x83, 0xef, 0xfd, 0xff, 0xff, 0xff, 0xff, 0xff,
    0xff, 0xff, 0xff, 0xff, 0xff, 0xff, 0xff, 0xff, 0xff, 0xff, 0xf9, 0xff, 0x2d, 0x00, 0x00, 0x00,
    0x00, 0x00, 0x00, 0x00, 0x00, 0x00, 0x00, 0x00, 0x00, 0x00, 0x00, 0x00, 0x00, 0x00, 0x00, 0x00,
    0x00, 0x00, 0x00, 0x00, 0x00, 0x00, 0x00, 0x00, 0x00, 0x00, 0x00, 0x00, 0x1c, 0xf7, 0xff, 0xfb,
    0xff, 0xff, 0xff, 0xff, 0xff, 0x2a, 0x00, 0x00, 0x12, 0xab, 0xfb, 0xfb, 0xff, 0xff, 0xff, 0xff,
    0xff, 0xff, 0xff, 0xff, 0xff, 0xff, 0xff, 0xff, 0xff, 0xff, 0xf9, 0xfb, 0x2b, 0x00, 0x00, 0x00,
    0x00, 0x00, 0x00, 0x04, 0x03, 0x00, 0x00, 0x00, 0x00, 0x00, 0x00, 0x00, 0x00, 0x00, 0x00, 0x00,
    0x00, 0x00, 0x00, 0x00, 0x00, 0x00, 0x00, 0x00, 0x00, 0x00, 0x00, 0x00, 0x00, 0x09, 0x88, 0xff,
    0xf9, 0xff, 0xfd, 0xf9, 0xe6, 0x04, 0x01, 0xad, 0xff, 0xff, 0xff, 0xff, 0xff, 0xff, 0xff, 0xff,
    0xff, 0xff, 0xff, 0xff, 0xff, 0xff, 0xff, 0xff, 0xff, 0xff, 0xf9, 0xff, 0x15, 0x00, 0x00, 0x44,
    0x09, 0x00, 0x54, 0xfd, 0x1f, 0x00, 0x00, 0x00, 0x00, 0x00, 0x00, 0x00, 0x00, 0x00, 0x00, 0x00,
    0x00, 0x00, 0x00, 0x00, 0x00, 0x00, 0x00, 0x00, 0x00, 0x00, 0x00, 0x00, 0x00, 0x00, 0x01, 0xd3,
    0xff, 0xf5, 0xfd, 0xfd, 0xd3, 0x01, 0x00, 0x1d, 0x3b, 0x68, 0xe9, 0xff, 0xfd, 0xff, 0xff, 0xff,
    0xff, 0xff, 0xff, 0xff, 0xff, 0xff, 0xff, 0xff, 0xfd, 0xf3, 0xff, 0xd5, 0x01, 0x00, 0x04, 0xff,
    0x2f, 0x2e, 0xff, 0x8c, 0x00, 0x00, 0x00, 0x00, 0x00, 0x00, 0x00, 0x00, 0x00, 0x00, 0x00, 0x00,
    0x00, 0x00, 0x00, 0x00, 0x00, 0x00, 0x00, 0x00, 0x00, 0x00, 0x00, 0x00, 0x00, 0x00, 0x00, 0x0e,
    0xd7, 0xff, 0xfb, 0xfb, 0xff, 0x95, 0x01, 0x00, 0x00, 0x12, 0xe9, 0xfb, 0xfd, 0xff, 0xff, 0xff,
    0xff, 0xff, 0xff, 0xff, 0xff, 0xff, 0xff, 0xff, 0xff, 0xff, 0xff, 0x1c, 0x00, 0x00, 0x10, 0xfb,
    0xbe, 0xd9, 0xf9, 0x73, 0x78, 0xb5, 0x58, 0x00, 0x00, 0x00, 0x00, 0x00, 0x00, 0x00, 0x00, 0x00,
    0x00, 0x00, 0x00, 0x00, 0x00, 0x00, 0x00, 0x00, 0x00, 0x00, 0x00, 0x00, 0x00, 0x00, 0x00, 0x00,
    0x04, 0x75, 0xff, 0xfb, 0xfb, 0xff, 0xc1, 0x11, 0x00, 0xde, 0xff, 0xf7, 0xff, 0xff, 0xff, 0xff,
    0xff, 0xff, 0xff, 0xff, 0xff, 0xff, 0xfd, 0xfd, 0xde, 0x4d, 0x0e, 0x00, 0x00, 0x00, 0x05, 0xfd,
    0xff, 0xff, 0xff, 0xff, 0xff, 0xff, 0x2a, 0x00, 0x00, 0x00, 0x00, 0x00, 0x00, 0x00, 0x00, 0x00,
    0x00, 0x00, 0x00, 0x00, 0x00, 0x00, 0x00, 0x00, 0x00, 0x00, 0x00, 0x00, 0x00, 0x00, 0x00, 0x00,
    0x00, 0x00, 0xb4, 0xfd, 0xfb, 0xf9, 0xff, 0xfb, 0x30, 0x0a, 0x59, 0xff, 0xfd, 0xff, 0xff, 0xff,
    0xff, 0xff, 0xff, 0xff, 0xff, 0xff, 0xf7, 0xff, 0x35, 0x00, 0x00, 0x00, 0x00, 0x00, 0x2a, 0xff,
    0xf9, 0xfd, 0xfb, 0xf3, 0x6d, 0x03, 0x00, 0x00, 0x00, 0x00, 0x00, 0x00, 0x00, 0x00, 0x00, 0x00,
    0x00, 0x00, 0x00, 0x00, 0x00, 0x00, 0x00, 0x00, 0x00, 0x00, 0x00, 0x00, 0x00, 0x00, 0x00, 0x00,
    0x00, 0x00, 0x17, 0xff, 0xf7, 0xff, 0xfb, 0xfd, 0xff, 0x4b, 0x0e, 0xc8, 0xe9, 0xff, 0xff, 0xff,
    0xff, 0xff, 0xff, 0xff, 0xff, 0xff, 0xfd, 0xff, 0x09, 0x00, 0x00, 0x00, 0x04, 0x56, 0xff, 0xfd,
    0xfb, 0xf7, 0xfd, 0xff, 0xd9, 0x77, 0x05, 0x00, 0x00, 0x00, 0x00, 0x00, 0x00, 0x00, 0x00, 0x00,
    0x00, 0x00, 0x00, 0x00, 0x00, 0x00, 0x00, 0x00, 0x00, 0x00, 0x00, 0x00, 0x00, 0x00, 0x00, 0x00,
    0x00, 0x00, 0x00, 0x86, 0xff, 0xf9, 0xff, 0xfd, 0xf7, 0xff, 0xba, 0x35, 0xca, 0xff, 0xfd, 0xff,
    0xff, 0xff, 0xff, 0xff, 0xff, 0xf9, 0xff, 0xad, 0x00, 0x00, 0x01, 0x43, 0xde, 0xff, 0xfd, 0xfb,
    0xff, 0xff, 0xff, 0xba, 0xfb, 0xd3, 0x3e, 0x00, 0x00, 0x00, 0x00, 0x00, 0x00, 0x00, 0x00, 0x00,
    0x00, 0x00, 0x00, 0x00, 0x00, 0x00, 0x00, 0x00, 0x00, 0x00, 0x00, 0x00, 0x00, 0x00, 0x00, 0x00,
    0x00, 0x00, 0x00, 0x04, 0xc7, 0xfd, 0xfd, 0xff, 0xff, 0xf9, 0xff, 0xff, 0xff, 0xff, 0xff, 0xff,
    0xff, 0xff, 0xff, 0xff, 0xff, 0xfb, 0xf1, 0x23, 0x06, 0x2a, 0xb7, 0xff, 0xff, 0xf9, 0xf9, 0xff,
    0xc0, 0x40, 0x0c, 0x00, 0x05, 0x00, 0x00, 0x00, 0x00, 0x00, 0x00, 0x00, 0x00, 0x00, 0x00, 0x00,
    0x00, 0x00, 0x00, 0x00, 0x00, 0x00, 0x00, 0x00, 0x00, 0x00, 0x00, 0x00, 0x00, 0x01, 0x04, 0x00,
    0x00, 0x00, 0x00, 0x00, 0x35, 0xf9, 0xf3, 0xfd, 0xff, 0xff, 0xfb, 0xff, 0xff, 0xff, 0xff, 0xff,
    0xff, 0xff, 0xff, 0xff, 0xff, 0xff, 0xf7, 0xdc, 0xfd, 0xff, 0xff, 0xf7, 0xfd, 0xf5, 0xff, 0x9a,
    0x01, 0x00, 0x00, 0x00, 0x00, 0x00, 0x00, 0x00, 0x00, 0x00, 0x00, 0x00, 0x00, 0x00, 0x00, 0x00,
    0x00, 0x00, 0x00, 0x00, 0x00, 0x00, 0x00, 0x00, 0x00, 0x00, 0x00, 0x00, 0x00, 0x01, 0xab, 0xab,
    0x38, 0x01, 0x00, 0x00, 0x16, 0xef, 0xff, 0xff, 0xff, 0xff, 0xff, 0xff, 0xff, 0xff, 0xff, 0xff,
    0xff, 0xff, 0xff, 0xff, 0xff, 0xff, 0xff, 0xff, 0xff, 0xf9, 0xfb, 0xff, 0xfb, 0xff, 0xaa, 0x01,
    0x00, 0x00, 0x00, 0x00, 0x00, 0x00, 0x00, 0x00, 0x00, 0x00, 0x00, 0x00, 0x00, 0x00, 0x00, 0x00,
    0x00, 0x00, 0x00, 0x00, 0x00, 0x00, 0x00, 0x00, 0x00, 0x00, 0x00, 0x02, 0x0a, 0x0a, 0x2a, 0xff,
    0xff, 0xba, 0x07, 0x00, 0x00, 0x0b, 0x78, 0xc0, 0xfb, 0xff, 0xff, 0xff, 0xff, 0xff, 0xff, 0xff,
    0xff, 0xff, 0xff, 0xff, 0xff, 0xff, 0xff, 0xfd, 0xfd, 0xff, 0xff, 0xf5, 0xfb, 0x83, 0x01, 0x00,
    0x00, 0x00, 0x00, 0x00, 0x00, 0x00, 0x00, 0x00, 0x00, 0x00, 0x00, 0x00, 0x00, 0x00, 0x00, 0x00,
    0x00, 0x00, 0x00, 0x00, 0x00, 0x00, 0x00, 0x00, 0x00, 0x09, 0x88, 0xf5, 0xff, 0xff, 0xf3, 0xf5,
    0xf3, 0xff, 0x98, 0x1c, 0x08, 0x00, 0x00, 0x8c, 0xff, 0xf3, 0xfb, 0xff, 0xff, 0xff, 0xff, 0xff,
    0xff, 0xff, 0xff, 0xff, 0xff, 0xff, 0xff, 0xff, 0xff, 0xff, 0xf9, 0xff, 0xef, 0x02, 0x00, 0x00,
    0x00, 0x00, 0x00, 0x00, 0x00, 0x00, 0x00, 0x00, 0x00, 0x00, 0x00, 0x00, 0x00, 0x00, 0x00, 0x00,
    0x00, 0x00, 0x00, 0x00, 0x00, 0x00, 0x00, 0x00, 0x00, 0x24, 0x42, 0x7f, 0xfb, 0xfb, 0xff, 0xff,
    0xff, 0xfb, 0xf5, 0xed, 0x6f, 0x00, 0x01, 0x55, 0xfb, 0xff, 0xff, 0xff, 0xff, 0xff, 0xff, 0xff,
    0xff, 0xff, 0xff, 0xff, 0xff, 0xff, 0xff, 0xff, 0xff, 0xf7, 0xff, 0x55, 0x0b, 0x00, 0x00, 0x00,
    0x00, 0x00, 0x00, 0x00, 0x00, 0x00, 0x00, 0x00, 0x00, 0x00, 0x00, 0x00, 0x00, 0x00, 0x00, 0x00,
    0x00, 0x00, 0x00, 0x00, 0x00, 0x00, 0x00, 0x00, 0x00, 0x00, 0x21, 0xbc, 0xfb, 0xfd, 0xff, 0xff,
    0xff, 0xff, 0xfd, 0xff, 0xe8, 0x02, 0x00, 0x00, 0x0d, 0x58, 0xaa, 0xfb, 0xfd, 0xff, 0xff, 0xff,
    0xff, 0xff, 0xff, 0xff, 0xff, 0xff, 0xff, 0xff, 0xfb, 0xff, 0x82, 0x00, 0x00, 0x00, 0x00, 0x00,
    0x00, 0x00, 0x00, 0x00, 0x00, 0x00, 0x00, 0x00, 0x00, 0x00, 0x00, 0x00, 0x00, 0x00, 0x00, 0x00,
    0x00, 0x00, 0x00, 0x00, 0x00, 0x00, 0x00, 0x00, 0x00, 0x66, 0xff, 0xff, 0xff, 0xff, 0xfb, 0xfd,
    0xff, 0xff, 0xff, 0xf7, 0xff, 0x15, 0x00, 0x00, 0x00, 0x00, 0x74, 0xff, 0xf5, 0xff, 0xff, 0xff,
    0xff, 0xff, 0xff, 0xff, 0xff, 0xff, 0xff, 0xfd, 0xf9, 0x3f, 0x00, 0x00, 0x00, 0x00, 0x00, 0x00,
    0x00, 0x00, 0x00, 0x00, 0x00, 0x00, 0x00, 0x00, 0x00, 0x00, 0x00, 0x00, 0x00, 0x00, 0x00, 0x00,
    0x00, 0x00, 0x00, 0x00, 0x00, 0x00, 0x00, 0x00, 0x54, 0xff, 0xf5, 0xfd, 0xfb, 0xfb, 0xff, 0xff,
    0xff, 0xff, 0xff, 0xf7, 0xfd, 0x3f, 0x01, 0x00, 0x00, 0x00, 0x1c, 0x7b, 0xff, 0xfb, 0xff, 0xff,
    0xff, 0xff, 0xff, 0xff, 0xff, 0xff, 0xfd, 0xff, 0xfb, 0x02, 0x00, 0x00, 0x00, 0x00, 0x00, 0x00,
    0x00, 0x00, 0x00, 0x00, 0x00, 0x00, 0x00, 0x00, 0x00, 0x00, 0x00, 0x00, 0x00, 0x00, 0x00, 0x00,
    0x00, 0x00, 0x00, 0x00, 0x00, 0x00, 0x00, 0x20, 0xff, 0xf5, 0xff, 0xfb, 0xff, 0xff, 0xbe, 0xed,
    0xff, 0xfd, 0xff, 0xfd, 0xff, 0xb2, 0x56, 0x00, 0x00, 0x00, 0x00, 0x1e, 0xc7, 0xf9, 0xfd, 0xff,
    0xff, 0xff, 0xff, 0xff, 0xff, 0xff, 0xff, 0xfb, 0xff, 0x10, 0x00, 0x00, 0x00, 0x00, 0x00, 0x00,
    0x00, 0x00, 0x00, 0x00, 0x00, 0x00, 0x00, 0x00, 0x00, 0x00, 0x00, 0x00, 0x00, 0x00, 0x00, 0x00,
    0x00, 0x00, 0x00, 0x00, 0x00, 0x00, 0x01, 0x71, 0xba, 0xff, 0xf9, 0xff, 0xb7, 0x1c, 0x00, 0x1a,
    0xff, 0xfb, 0xff, 0xff, 0xfd, 0xf5, 0xc7, 0x00, 0x00, 0x00, 0x00, 0x00, 0xad, 0xff, 0xfb, 0xff,
    0xff, 0xff, 0xff, 0xff, 0xff, 0xff, 0xff, 0xf9, 0xff, 0x1b, 0x00, 0x00, 0x00, 0x00, 0x00, 0x00,
    0x00, 0x00, 0x00, 0x00, 0x00, 0x00, 0x00, 0x00, 0x00, 0x00, 0x00, 0x00, 0x00, 0x00, 0x00, 0x00,
    0x00, 0x00, 0x00, 0x00, 0x00, 0x00, 0x00, 0x0f, 0xe8, 0xf9, 0xfb, 0xc5, 0x02, 0x00, 0x00, 0x00,
    0x82, 0xff, 0xf9, 0xff, 0xfd, 0xff, 0xed, 0x01, 0x00, 0x00, 0x05, 0x8b, 0xff, 0xfb, 0xff, 0xff,
    0xff, 0xff, 0xff, 0xff, 0xff, 0xff, 0xff, 0xf9, 0xff, 0x10, 0x00, 0x00, 0x00, 0x00, 0x00, 0x00,
    0x00, 0x00, 0x00, 0x00, 0x00, 0x00, 0x00, 0x00, 0x00, 0x00, 0x00, 0x00, 0x00, 0x00, 0x00, 0x00,
    0x00, 0x00, 0x00, 0x00, 0x00, 0x00, 0x00, 0x44, 0xff, 0xf1, 0xff, 0x1c, 0x00, 0x00, 0x00, 0x00,
    0x0e, 0xfb, 0xfb, 0xff, 0xfd, 0xff, 0xe8, 0x28, 0x00, 0x00, 0x45, 0xff, 0xf9, 0xff, 0xff, 0xff,
    0xff, 0xff, 0xff, 0xff, 0xff, 0xff, 0xff, 0xff, 0xf3, 0x2b, 0x50, 0x5b, 0x0c, 0x00, 0x00, 0x00,
    0x00, 0x00, 0x00, 0x00, 0x00, 0x00, 0x00, 0x00, 0x00, 0x00, 0x00, 0x00, 0x00, 0x00, 0x00, 0x00,
    0x00, 0x00, 0x00, 0x00, 0x00, 0x00, 0x00, 0x95, 0xff, 0xff, 0xcc, 0x00, 0x00, 0x00, 0x00, 0x00,
    0x4d, 0xe6, 0xff, 0xfd, 0xff, 0xff, 0xf5, 0xfd, 0x1d, 0x0f, 0x82, 0xf5, 0xfd, 0xff, 0xff, 0xff,
    0xff, 0xff, 0xff, 0xff, 0xff, 0xff, 0xff, 0xff, 0xfb, 0xff, 0xff, 0xff, 0xf3, 0x0a, 0x00, 0x00,
    0x00, 0x00, 0x00, 0x00, 0x00, 0x00, 0x00, 0x00, 0x00, 0x00, 0x00, 0x00, 0x00, 0x00, 0x00, 0x00,
    0x00, 0x00, 0x00, 0x00, 0x00, 0x00, 0x00, 0xc1, 0xff, 0xff, 0x7e, 0x00, 0x00, 0x00, 0x00, 0x00,
    0x7e, 0xff, 0xf7, 0xff, 0xff, 0xff, 0xff, 0xff, 0xf5, 0xff, 0xff, 0xff, 0xff, 0xff, 0xff, 0xff,
    0xff, 0xff, 0xff, 0xff, 0xff, 0xff, 0xff, 0xff, 0xff, 0xfd, 0xf7, 0xef, 0xff, 0x71, 0x00, 0x00,
    0x00, 0x13, 0x16, 0x00, 0x00, 0x00, 0x00, 0x00, 0x00, 0x00, 0x00, 0x00, 0x00, 0x00, 0x00, 0x00,
    0x00, 0x00, 0x00, 0x00, 0x00, 0x00, 0x00, 0xc8, 0xff, 0xff, 0x56, 0x00, 0x00, 0x00, 0x00, 0x00,
    0x10, 0xff, 0xf9, 0xff, 0xff, 0xff, 0xff, 0xfd, 0xff, 0xfd, 0xf9, 0xff, 0xff, 0xff, 0xff, 0xff,
    0xff, 0xff, 0xff, 0xff, 0xff, 0xff, 0xff, 0xff, 0xff, 0xff, 0xff, 0xfb, 0xfd, 0xab, 0x00, 0x00,
    0x4f, 0xff, 0x32, 0x23, 0x2d, 0x00, 0x00, 0x00, 0x00, 0x00, 0x00, 0x00, 0x00, 0x00, 0x00, 0x00,
    0x00, 0x00, 0x00, 0x00, 0x00, 0x00, 0x00, 0xb5, 0xff, 0xff, 0x4f, 0x00, 0x00, 0x00, 0x00, 0x00,
    0x00, 0x7f, 0xff, 0xf9, 0xff, 0xff, 0xff, 0xff, 0xfd, 0xff, 0xff, 0xff, 0xff, 0xff, 0xff, 0xff,
    0xff, 0xff, 0xff, 0xff, 0xff, 0xff, 0xff, 0xff, 0xff, 0xff, 0xff, 0xf9, 0xff, 0xa5, 0x00, 0x49,
    0xff, 0xe4, 0xba, 0xff, 0x52, 0x00, 0x00, 0x00, 0x00, 0x00, 0x00, 0x00, 0x00, 0x00, 0x00, 0x00,
    0x00, 0x00, 0x00, 0x00, 0x00, 0x00, 0x00, 0x57, 0xf9, 0xff, 0x7e, 0x00, 0x00, 0x00, 0x00, 0x00,
    0x00, 0x03, 0xb5, 0xfd, 0xfb, 0xff, 0xff, 0xff, 0xff, 0xff, 0xff, 0xff, 0xff, 0xff, 0xff, 0xff,
    0xff, 0xff, 0xff, 0xff, 0xff, 0xff, 0xff, 0xff, 0xff, 0xff, 0xff, 0xf7, 0xff, 0x5b, 0x01, 0xfd,
    0xf7, 0xfd, 0xff, 0xb7, 0x14, 0x02, 0x00, 0x00, 0x00, 0x00, 0x00, 0x00, 0x00, 0x00, 0x00, 0x00,
    0x00, 0x00, 0x00, 0x00, 0x00, 0x00, 0x00, 0x00, 0xa5, 0xfd, 0xd7, 0x01, 0x00, 0x00, 0x00, 0x00,
    0x00, 0x00, 0x9b, 0xfb, 0xf7, 0xff, 0xff, 0xff, 0xff, 0xff, 0xff, 0xff, 0xff, 0xff, 0xff, 0xff,
    0xff, 0xff, 0xff, 0xff, 0xff, 0xff, 0xfd, 0xf9, 0xfb, 0xfd, 0xff, 0xf9, 0xfb, 0x27, 0x6d, 0xff,
    0xf9, 0xf9, 0xfb, 0xff, 0xff, 0x58, 0x00, 0x00, 0x00, 0x00, 0x00, 0x00, 0x00, 0x00, 0x00, 0x00,
    0x00, 0x00, 0x00, 0x00, 0x00, 0x00, 0x00, 0x00, 0x46, 0xff, 0xff, 0x2f, 0x00, 0x00, 0x00, 0x00,
    0x00, 0x00, 0x3e, 0xff, 0xff, 0xf7, 0xf9, 0xff, 0xff, 0xff, 0xff, 0xff, 0xff, 0xff, 0xff, 0xff,
    0xff, 0xff, 0xfd, 0xf9, 0xf7, 0xf7, 0xff, 0xff, 0xff, 0xff, 0xff, 0xff, 0xf9, 0xd9, 0xff, 0xfb,
    0xf9, 0xff, 0xf9, 0xb9, 0x13, 0x00, 0x00, 0x00, 0x00, 0x00, 0x00, 0x00, 0x00, 0x00, 0x00, 0x00,
    0x00, 0x00, 0x00, 0x00, 0x00, 0x00, 0x00, 0x00, 0x04, 0xed, 0xfd, 0xd7, 0x04, 0x00, 0x00, 0x00,
    0x00, 0x00, 0x00, 0x23, 0xc8, 0xff, 0xff, 0xff, 0xff, 0xff, 0xff, 0xff, 0xff, 0xff, 0xff, 0xfd,
    0xfb, 0xf7, 0xff, 0xff, 0xff, 0xff, 0xde, 0x46, 0x18, 0xef, 0xff, 0xfd, 0xff, 0xff, 0xf3, 0xff,
    0xff, 0x4f, 0x06, 0x00, 0x00, 0x00, 0x00, 0x00, 0x00, 0x00, 0x00, 0x00, 0x00, 0x00, 0x00, 0x00,
    0x00, 0x00, 0x00, 0x00, 0x00, 0x00, 0x00, 0x00, 0x00, 0x23, 0xff, 0xff, 0xe4, 0x33, 0x10, 0x04,
    0x00, 0x00, 0x00, 0x00, 0x01, 0x20, 0x45, 0xf9, 0xff, 0xff, 0xff, 0xff, 0xfd, 0xf7, 0xf9, 0xff,
    0xff, 0xff, 0xeb, 0x85, 0x59, 0x26, 0x02, 0x00, 0x00, 0x4c, 0xff, 0xf7, 0xfd, 0xfb, 0xff, 0xf1,
    0x41, 0x00, 0x00, 0x00, 0x00, 0x00, 0x00, 0x00, 0x00, 0x00, 0x00, 0x00, 0x00, 0x00, 0x00, 0x00,
    0x00, 0x00, 0x00, 0x00, 0x00, 0x00, 0x00, 0x00, 0x00, 0x00, 0x1d, 0x23, 0x59, 0xba, 0x7c, 0x0a,
    0x00, 0x00, 0x00, 0x00, 0x00, 0x00, 0x5c, 0xff, 0xfb, 0xff, 0xff, 0xff, 0xff, 0xff, 0xff, 0xf9,
    0xa6, 0x3c, 0x05, 0x00, 0x00, 0x00, 0x00, 0x00, 0x00, 0x0d, 0xfb, 0xf5, 0xfb, 0xff, 0x4d, 0x06,
    0x00, 0x00, 0x00, 0x00, 0x00, 0x00, 0x00, 0x00, 0x00, 0x00, 0x00, 0x00, 0x00, 0x00, 0x00, 0x00,
    0x00, 0x00, 0x00, 0x00, 0x00, 0x00, 0x00, 0x00, 0x00, 0x00, 0x00, 0x00, 0x00, 0x00, 0x00, 0x00,
    0x00, 0x00, 0x00, 0x00, 0x00, 0x25, 0xff, 0xf9, 0xff, 0xff, 0xfb, 0xfb, 0xfb, 0x3c, 0x1a, 0x07,
    0x00, 0x00, 0x00, 0x00, 0x00, 0x00, 0x00, 0x00, 0x00, 0x16, 0xff, 0xff, 0xff, 0x2d, 0x00, 0x00,
    0x00, 0x00, 0x00, 0x00, 0x00, 0x00, 0x00, 0x00, 0x00, 0x00, 0x00, 0x00, 0x00, 0x00, 0x00, 0x00,
    0x00, 0x00, 0x00, 0x00, 0x00, 0x00, 0x00, 0x00, 0x00, 0x00, 0x00, 0x00, 0x00, 0x00, 0x00, 0x00,
    0x00, 0x00, 0x00, 0x00, 0x00, 0x80, 0xfb, 0xf9, 0xfb, 0xf7, 0xff, 0xff, 0x31, 0x00, 0x00, 0x00,
    0x00, 0x00, 0x00, 0x00, 0x00, 0x00, 0x00, 0x00, 0x00, 0x07, 0xab, 0x9d, 0x18, 0x00, 0x00, 0x00,
    0x00, 0x00, 0x00, 0x00, 0x00, 0x00, 0x00, 0x00, 0x00, 0x00, 0x00, 0x00, 0x00, 0x00, 0x00, 0x00,
    0x00, 0x00, 0x00, 0x00, 0x00, 0x00, 0x00, 0x00, 0x00, 0x00, 0x00, 0x00, 0x00, 0x00, 0x00, 0x00,
    0x00, 0x00, 0x00, 0x00, 0x0c, 0xf9, 0xfb, 0xfd, 0xff, 0xff, 0xd3, 0x23, 0x00, 0x00, 0x00, 0x00,
    0x00, 0x00, 0x00, 0x00, 0x00, 0x00, 0x00, 0x00, 0x00, 0x00, 0x00, 0x00, 0x00, 0x00, 0x00, 0x00,
    0x00, 0x00, 0x00, 0x00, 0x00, 0x00, 0x00, 0x00, 0x00, 0x00, 0x00, 0x00, 0x00, 0x00, 0x00, 0x00,
    0x00, 0x00, 0x00, 0x00, 0x00, 0x00, 0x00, 0x00, 0x00, 0x00, 0x00, 0x00, 0x00, 0x00, 0x00, 0x00,
    0x00, 0x00, 0x00, 0x01, 0xb9, 0xff, 0xf7, 0xff, 0x97, 0x1e, 0x02, 0x00, 0x00, 0x00, 0x00, 0x00,
    0x00, 0x00, 0x00, 0x00, 0x00, 0x00, 0x00, 0x00, 0x00, 0x00, 0x00, 0x00, 0x00, 0x00, 0x00, 0x00,
    0x00, 0x00, 0x00, 0x00, 0x00, 0x00, 0x00, 0x00, 0x00, 0x00, 0x00, 0x00, 0x00, 0x00, 0x00, 0x00,
    0x00, 0x00, 0x00, 0x00, 0x00, 0x00, 0x00, 0x00, 0x00, 0x00, 0x00, 0x00, 0x00, 0x00, 0x00, 0x00,
    0x00, 0x00, 0x06, 0xab, 0xff, 0xf9, 0xfd, 0xfb, 0x07, 0x00, 0x00, 0x00, 0x00, 0x00, 0x00, 0x00,
    0x00, 0x00, 0x00, 0x00, 0x00, 0x00, 0x00, 0x00, 0x00, 0x00, 0x00, 0x00, 0x00, 0x00, 0x00, 0x00,
    0x00, 0x00, 0x00, 0x00, 0x00, 0x00, 0x00, 0x00, 0x00, 0x00, 0x00, 0x00, 0x00, 0x00, 0x00, 0x00,
    0x00, 0x00, 0x00, 0x00, 0x00, 0x00, 0x00, 0x00, 0x00, 0x00, 0x00, 0x00, 0x00, 0x00, 0x00, 0x00,
    0x00, 0x11, 0xdc, 0xff, 0xf9, 0xfd, 0xff, 0xd9, 0x01, 0x00, 0x00, 0x00, 0x00, 0x00, 0x00, 0x00,
    0x00, 0x00, 0x00, 0x00, 0x00, 0x00, 0x00, 0x00, 0x00, 0x00, 0x00, 0x00, 0x00, 0x00, 0x00, 0x00,
    0x00, 0x00, 0x00, 0x00, 0x00, 0x00, 0x00, 0x00, 0x00, 0x00, 0x00, 0x00, 0x00, 0x00, 0x00, 0x00,
    0x00, 0x00, 0x00, 0x00, 0x00, 0x00, 0x00, 0x00, 0x00, 0x00, 0x00, 0x00, 0x00, 0x00, 0x00, 0x00,
    0x04, 0xff, 0xff, 0xf7, 0xfb, 0xf9, 0xfb, 0xaa, 0x00, 0x00, 0x00, 0x00, 0x00, 0x00, 0x00, 0x00,
    0x00, 0x00, 0x00, 0x00, 0x00, 0x00, 0x00, 0x00, 0x00, 0x00, 0x00, 0x00, 0x00, 0x00, 0x00, 0x00,
    0x00, 0x00, 0x00, 0x00, 0x00, 0x00, 0x00, 0x00, 0x00, 0x00, 0x00, 0x00, 0x00, 0x00, 0x00, 0x00,
    0x00, 0x00, 0x00, 0x00, 0x00, 0x00, 0x00, 0x00, 0x00, 0x00, 0x00, 0x00, 0x00, 0x00, 0x00, 0x00,
    0x04, 0x3b, 0x3d, 0xef, 0xff, 0xf3, 0xff, 0x4f, 0x00, 0x00, 0x00, 0x00, 0x00, 0x00, 0x00, 0x00,
    0x00, 0x00, 0x00, 0x00, 0x00, 0x00, 0x00, 0x00, 0x00, 0x00, 0x00, 0x00, 0x00, 0x00, 0x00, 0x00,
    0x00, 0x00, 0x00, 0x00, 0x00, 0x00, 0x00, 0x00, 0x00, 0x00, 0x00, 0x00, 0x00, 0x00, 0x00, 0x00,
    0x00, 0x00, 0x00, 0x00, 0x00, 0x00, 0x00, 0x00, 0x00, 0x00, 0x00, 0x00, 0x00, 0x00, 0x00, 0x00,
    0x00, 0x00, 0x5f, 0xff, 0x92, 0xf3, 0xb5, 0x02, 0x00, 0x00, 0x00, 0x00, 0x00, 0x00, 0x00, 0x00,
    0x00, 0x00, 0x00, 0x00, 0x00, 0x00, 0x00, 0x00, 0x00, 0x00, 0x00, 0x00, 0x00, 0x00, 0x00, 0x00,
    0x00, 0x00, 0x00, 0x00, 0x00, 0x00, 0x00, 0x00, 0x00, 0x00, 0x00, 0x00, 0x00, 0x00, 0x00, 0x00,
    0x00, 0x00, 0x00, 0x00, 0x00, 0x00, 0x00, 0x00, 0x00, 0x00, 0x00, 0x00, 0x00, 0x00, 0x00, 0x00,
    0x00, 0x00, 0x32, 0x1c, 0x01, 0x31, 0x01, 0x00, 0x00, 0x00, 0x00, 0x00, 0x00, 0x00, 0x00, 0x00,
    0x00, 0x00, 0x00, 0x00, 0x00, 0x00, 0x00, 0x00, 0x00, 0x00, 0x00, 0x00, 0x00, 0x00, 0x00, 0x00,
    0x00, 0x00, 0x00, 0x00, 0x00, 0x00, 0x00, 0x00, 0x00, 0x00, 0x00, 0x00, 0x00, 0x00, 0x00, 0x00,
    0x00, 0x00, 0x00, 0x00, 0x00, 0x00, 0x00, 0x00, 0x00, 0x00, 0x00, 0x00, 0x00, 0x00, 0x00, 0x00,
    0x00, 0x00, 0x00, 0x00, 0x00, 0x00, 0x00, 0x00, 0x00, 0x00, 0x00, 0x00, 0x00, 0x00, 0x00, 0x00,
    0x00, 0x00, 0x00, 0x00, 0x00, 0x00, 0x00, 0x00, 0x00, 0x00, 0x00, 0x00, 0x00, 0x00, 0x00, 0x00,
    0x00, 0x00, 0x00, 0x00, 0x00, 0x00, 0x00, 0x00, 0x00, 0x00, 0x00, 0x00, 0x00, 0x00, 0x00, 0x00,
    0x00, 0x00, 0x00, 0x00, 0x00, 0x00, 0x00, 0x00, 0x00, 0x00, 0x00, 0x00, 0x00, 0x00, 0x00, 0x00,
    0x00, 0x00, 0x00, 0x00, 0x00, 0x00, 0x00, 0x00, 0x00, 0x00, 0x00, 0x00, 0x00, 0x00, 0x00, 0x00,
    0x00, 0x00, 0x00, 0x00, 0x00, 0x00, 0x00, 0x00, 0x00, 0x00, 0x00, 0x00, 0x00, 0x00, 0x00, 0x00,
    0x00, 0x00, 0x00, 0x00, 0x00, 0x00, 0x00, 0x00, 0x00, 0x00, 0x00, 0x00, 0x00, 0x00, 0x00, 0x00,
};

const lv_image_dsc_t play_frame_8_dsc = {
    .header.w = 64,
    .header.h = 64,
    .header.cf = LV_COLOR_FORMAT_RGB565A8,
    .data_size = 12288,
    .data = play_frame_8_data,
};
