#ifdef __has_include
    #if __has_include("lvgl.h")
        #ifndef LV_LVGL_H_INCLUDE_SIMPLE
            #define LV_LVGL_H_INCLUDE_SIMPLE
        #endif
    #endif
#endif

#if defined(LV_LVGL_H_INCLUDE_SIMPLE)
    #include "lvgl.h"
#else
    #include "lvgl/lvgl.h"
#endif

#ifndef LV_ATTRIBUTE_MEM_ALIGN
#define LV_ATTRIBUTE_MEM_ALIGN
#endif

#ifndef LV_ATTRIBUTE_IMAGE_DRAGON_IMG
#define LV_ATTRIBUTE_IMAGE_DRAGON_IMG
#endif

const LV_ATTRIBUTE_MEM_ALIGN LV_ATTRIBUTE_LARGE_CONST LV_ATTRIBUTE_IMAGE_DRAGON_IMG uint8_t dragon_img_map[] = {
  0x08, 0xe1, 0x08, 0xe1, 0x08, 0xe1, 0x08, 0xe1, 0x08, 0xe1, 0x08, 0xe1, 0x08, 0xe1, 0x08, 0xe1,
  0x08, 0xe1, 0x08, 0xe1, 0x08, 0xe1, 0x08, 0xe1, 0x08, 0xe1, 0x08, 0xe1, 0x08, 0xe1, 0x08, 0xe1,
  0x08, 0xe1, 0x08, 0xe1, 0x08, 0xe1, 0x08, 0xe1, 0x08, 0xe1, 0x08, 0xe1, 0x08, 0xe1, 0x08, 0xe1,
  0x08, 0xe1, 0x08, 0xe1, 0x08, 0xe1, 0x08, 0xe1, 0x08, 0xe1, 0x08, 0xe1, 0x08, 0xe1, 0x08, 0xe1,
  0x08, 0xe1, 0x08, 0xe1, 0x08, 0xe1, 0x08, 0xe1, 0x08, 0xe1, 0x08, 0xe1, 0x08, 0xe1, 0x08, 0xe1,
  0x08, 0xe1, 0x08, 0xe1, 0x08, 0xe1, 0x08, 0xe1, 0x08, 0xe1, 0x08, 0xe1, 0x08, 0xe1, 0x08, 0xe1,
  0x08, 0xe1, 0x08, 0xe1, 0x08, 0xe1, 0x08, 0xe1, 0x08, 0xe1, 0x08, 0xe1, 0x08, 0xe1, 0x08, 0xe1,
  0x08, 0xe1, 0x08, 0xe1, 0x08, 0xe1, 0x08, 0xe1, 0x08, 0xe1, 0x08, 0xe1, 0x08, 0xe1, 0x08, 0xe1,
  0x08, 0xe1, 0x08, 0xe1, 0x08, 0xe1, 0x08, 0xe1, 0x08, 0xe1, 0x08, 0xe1, 0x08, 0xe1, 0x08, 0xe1,
  0x08, 0xe1, 0x08, 0xe1, 0x08, 0xe1, 0x08, 0xe1, 0x08, 0xe1, 0x08, 0xe1, 0x08, 0xe1, 0x08, 0xe1,
  0x08, 0xe1, 0x08, 0xe1, 0x08, 0xe1, 0x08, 0xe1, 0x08, 0xe1, 0x08, 0xe1, 0x08, 0xe1, 0x08, 0xe1,
  0x08, 0xe1, 0x08, 0xe1, 0x08, 0xe1, 0x08, 0xe1, 0x08, 0xe1, 0x08, 0xe1, 0x08, 0xe1, 0x08, 0xe1,
  0x08, 0xe1, 0x08, 0xe1, 0x08, 0xe1, 0x08, 0xe1, 0x08, 0xe1, 0x08, 0xe1, 0x08, 0xe1, 0x08, 0xe1,
  0x08, 0xe1, 0x08, 0xe1, 0x08, 0xe1, 0x08, 0xe1, 0x08, 0xe1, 0x08, 0xe1, 0x08, 0xe1, 0x08, 0xe1,
  0x08, 0xe1, 0x08, 0xe1, 0x08, 0xe1, 0x08, 0xe1, 0x08, 0xe1, 0x08, 0xe1, 0x08, 0xe1, 0x08, 0xe1,
  0x08, 0xe1, 0x08, 0xe1, 0x08, 0xe1, 0x08, 0xe1, 0x08, 0xe1, 0x08, 0xe1, 0x08, 0xe1, 0x08, 0xe1,
  0x08, 0xe1, 0x08, 0xe1, 0x08, 0xe1, 0x08, 0xe1, 0x08, 0xe1, 0x08, 0xe1, 0x08, 0xe1, 0x08, 0xe1,
  0x08, 0xe1, 0x08, 0xe1, 0x08, 0xe1, 0x08, 0xe1, 0x08, 0xe1, 0x08, 0xe1, 0x08, 0xe1, 0x08, 0xe1,
  0x08, 0xe1, 0x08, 0xe1, 0x08, 0xe1, 0x08, 0xe1, 0x08, 0xe1, 0x08, 0xe1, 0x08, 0xe1, 0x08, 0xe1,
  0x08, 0xe1, 0x08, 0xe1, 0x08, 0xe1, 0x08, 0xe1, 0x08, 0xe1, 0x08, 0xe1, 0x08, 0xe1, 0x08, 0xe1,
  0x08, 0xe1, 0x08, 0xe1, 0x08, 0xe1, 0x08, 0xe1, 0x08, 0xe1, 0x08, 0xe1, 0x08, 0xe1, 0x08, 0xe1,
  0x08, 0xe1, 0x08, 0xe1, 0x08, 0xe1, 0x08, 0xe1, 0x08, 0xe1, 0x08, 0xe1, 0x08, 0xe1, 0x08, 0xe1,
  0x08, 0xe1, 0x08, 0xe1, 0x08, 0xe1, 0x08, 0xe1, 0x08, 0xe1, 0x08, 0xe1, 0x08, 0xe1, 0x08, 0xe1,
  0x08, 0xe1, 0x08, 0xe1, 0x08, 0xe1, 0x08, 0xe1, 0x08, 0xe1, 0x08, 0xe1, 0x08, 0xe1, 0x08, 0xe1,
  0x08, 0xe1, 0x08, 0xe1, 0x08, 0xe1, 0x08, 0xe1, 0x08, 0xe1, 0x08, 0xe1, 0x08, 0xe1, 0x08, 0xe1,
  0x08, 0xe1, 0x08, 0xe1, 0x08, 0xe1, 0x08, 0xe1, 0x08, 0xe1, 0x08, 0xe1, 0x08, 0xe1, 0x08, 0xe1,
  0x08, 0xe1, 0x08, 0xe1, 0x08, 0xe1, 0x08, 0xe1, 0x08, 0xe1, 0x08, 0xe1, 0x08, 0xe1, 0x08, 0xe1,
  0x08, 0xe1, 0x08, 0xe1, 0x08, 0xe1, 0x08, 0xe1, 0x08, 0xe1, 0x08, 0xe1, 0x08, 0xe1, 0x08, 0xe1,
  0x08, 0xe1, 0x08, 0xe1, 0x08, 0xe1, 0x08, 0xe1, 0x08, 0xe1, 0x08, 0xe1, 0x08, 0xe1, 0x08, 0xe1,
  0x08, 0xe1, 0x08, 0xe1, 0x08, 0xe1, 0x08, 0xe1, 0x08, 0xe1, 0x08, 0xe1, 0x08, 0xe1, 0x08, 0xe1,
  0x08, 0xe1, 0x08, 0xe1, 0x08, 0xe1, 0x08, 0xe1, 0x08, 0xe1, 0x08, 0xe1, 0x08, 0xe1, 0x08, 0xe1,
  0x08, 0xe1, 0x08, 0xe1, 0x08, 0xe1, 0x08, 0xe1, 0x08, 0xe1, 0x08, 0xe1, 0x08, 0xe1, 0x08, 0xe1,
  0x08, 0xe1, 0x08, 0xe1, 0x08, 0xe1, 0x08, 0xe1, 0x08, 0xe1, 0x08, 0xe1, 0x08, 0xe1, 0x08, 0xe1,
  0x08, 0xe1, 0x08, 0xe1, 0x08, 0xe1, 0x08, 0xe1, 0x08, 0xe1, 0x08, 0xe1, 0x08, 0xe1, 0x08, 0xe1,
  0x08, 0xe1, 0x08, 0xe1, 0x08, 0xe1, 0x08, 0xe1, 0x08, 0xe1, 0x08, 0xe1, 0x08, 0xe1, 0x08, 0xe1,
  0x08, 0xe1, 0x08, 0xe1, 0x08, 0xe1, 0x08, 0xe1, 0x08, 0xe1, 0x08, 0xe1, 0x08, 0xe1, 0x08, 0xe1,
  0x08, 0xe1, 0x08, 0xe1, 0x08, 0xe1, 0x08, 0xe1, 0x08, 0xe1, 0x08, 0xe1, 0x08, 0xe1, 0x08, 0xe1,
  0x08, 0xe1, 0x08, 0xe1, 0x08, 0xe1, 0x08, 0xe1, 0x08, 0xe1, 0x08, 0xe1, 0x08, 0xe1, 0x08, 0xe1,
  0x08, 0xe1, 0x08, 0xe1, 0x08, 0xe1, 0x08, 0xe1, 0x08, 0xe1, 0x08, 0xe1, 0x08, 0xe1, 0x08, 0xe1,
  0x08, 0xe1, 0x08, 0xe1, 0x08, 0xe1, 0x08, 0xe1, 0x08, 0xe1, 0x08, 0xe1, 0x08, 0xe1, 0x08, 0xe1,
  0x08, 0xe1, 0x08, 0xe1, 0x08, 0xe1, 0x08, 0xe1, 0x08, 0xe1, 0x08, 0xe1, 0x08, 0xe1, 0x08, 0xe1,
  0x08, 0xe1, 0x08, 0xe1, 0x08, 0xe1, 0x08, 0xe1, 0x08, 0xe1, 0x08, 0xe1, 0x08, 0xe1, 0x08, 0xe1,
  0x08, 0xe1, 0x08, 0xe1, 0x08, 0xe1, 0x08, 0xe1, 0x08, 0xe1, 0x08, 0xe1, 0x08, 0xe1, 0x08, 0xe1,
  0x08, 0xe1, 0x08, 0xe1, 0x08, 0xe1, 0x08, 0xe1, 0x08, 0xe1, 0x08, 0xe1, 0x08, 0xe1, 0x73, 0xce,
  0x11, 0x03, 0x08, 0xe1, 0x08, 0xe1, 0x08, 0xe1, 0x08, 0xe1, 0x08, 0xe1, 0x08, 0xe1, 0x08, 0xe1,
  0x08, 0xe1, 0x08, 0xe1, 0x08, 0xe1, 0x08, 0xe1, 0x08, 0xe1, 0x08, 0xe1, 0x08, 0xe1, 0x08, 0xe1,
  0x08, 0xe1, 0x08, 0xe1, 0x08, 0xe1, 0x08, 0xe1, 0x08, 0xe1, 0x08, 0xe1, 0x08, 0xe1, 0x08, 0xe1,
  0x08, 0xe1, 0x08, 0xe1, 0x08, 0xe1, 0x08, 0xe1, 0x08, 0xe1, 0x08, 0xe1, 0x08, 0xe1, 0x08, 0xe1,
  0x08, 0xe1, 0x08, 0xe1, 0x08, 0xe1, 0x08, 0xe1, 0x08, 0xe1, 0x08, 0xe1, 0x08, 0xe1, 0x08, 0xe1,
  0x08, 0xe1, 0x08, 0xe1, 0x08, 0xe1, 0x08, 0xe1, 0x08, 0xe1, 0x08, 0xe1, 0x08, 0xe1, 0x08, 0xe1,
  0x08, 0xe1, 0x08, 0xe1, 0x08, 0xe1, 0x08, 0xe1, 0x08, 0xe1, 0x08, 0xe1, 0x08, 0xe1, 0x08, 0xe1,
  0x08, 0xe1, 0x08, 0xe1, 0x08, 0xe1, 0x08, 0xe1, 0x08, 0xe1, 0x08, 0xe1, 0x08, 0xe1, 0x08, 0xe1,
  0x08, 0xe1, 0x08, 0xe1, 0x08, 0xe1, 0x08, 0xe1, 0x08, 0xe1, 0x08, 0xe1, 0x08, 0xe1, 0x08, 0xe1,
  0x08, 0xe1, 0x08, 0xe1, 0x08, 0xe1, 0x08, 0xe1, 0x08, 0xe1, 0x08, 0xe1, 0x08, 0xe1, 0x08, 0xe1,
  0x08, 0xe1, 0x08, 0xe1, 0x08, 0xe1, 0x08, 0xe1, 0x08, 0xe1, 0x08, 0xe1, 0x08, 0xe1, 0x08, 0xe1,
  0x08, 0xe1, 0x08, 0xe1, 0x08, 0xe1, 0x08, 0xe1, 0x08, 0xe1, 0x08, 0xe1, 0x08, 0xe1, 0x08, 0xe1,
  0x08, 0xe1, 0x08, 0xe1, 0x08, 0xe1, 0x08, 0xe1, 0x08, 0xe1, 0x08, 0xe1, 0x08, 0xe1, 0x08, 0xe1,
  0x08, 0xe1, 0x74, 0x2f, 0x08, 0xe1, 0x08, 0xe1, 0x08, 0xe1, 0x08, 0xe1, 0x08, 0xe1, 0x08, 0xe1,
  0x08, 0xe1, 0x08, 0xe1, 0x08, 0xe1, 0x08, 0xe1, 0x08, 0xe1, 0x08, 0xe1, 0x08, 0xe1, 0x08, 0xe1,
  0x08, 0xe1, 0x08, 0xe1, 0x08, 0xe1, 0x08, 0xe1, 0x08, 0xe1, 0x08, 0xe1, 0x08, 0xe1, 0x08, 0xe1,
  0x08, 0xe1, 0x08, 0xe1, 0x08, 0xe1, 0x08, 0xe1, 0x08, 0xe1, 0x08, 0xe1, 0x08, 0xe1, 0x53, 0x6c,
  0x32, 0x47, 0x08, 0xe1, 0x08, 0xe1, 0x08, 0xe1, 0x08, 0xe1, 0x08, 0xe1, 0x08, 0xe1, 0x08, 0xe1,
  0x08, 0xe1, 0x08, 0xe1, 0x08, 0xe1, 0x08, 0xe1, 0x08, 0xe1, 0x08, 0xe1, 0x08, 0xe1, 0x08, 0xe1,
  0x08, 0xe1, 0x08, 0xe1, 0x08, 0xe1, 0x08, 0xe1, 0x08, 0xe1, 0x08, 0xe1, 0x08, 0xe1, 0x08, 0xe1,
  0x08, 0xe1, 0x08, 0xe1, 0x08, 0xe1, 0x08, 0xe1, 0x08, 0xe1, 0x08, 0xe1, 0x08, 0xe1, 0x08, 0xe1,
  0x08, 0xe1, 0x08, 0xe1, 0x08, 0xe1, 0x08, 0xe1, 0x08, 0xe1, 0x08, 0xe1, 0x08, 0xe1, 0x08, 0xe1,
  0x08, 0xe1, 0x08, 0xe1, 0x08, 0xe1, 0x08, 0xe1, 0x08, 0xe1, 0x08, 0xe1, 0x08, 0xe1, 0x08, 0xe1,
  0x08, 0xe1, 0x08, 0xe1, 0x08, 0xe1, 0x08, 0xe1, 0x08, 0xe1, 0x08, 0xe1, 0x08, 0xe1, 0x08, 0xe1,
  0x08, 0xe1, 0x08, 0xe1, 0x08, 0xe1, 0x08, 0xe1, 0x08, 0xe1, 0x08, 0xe1, 0x08, 0xe1, 0x08, 0xe1,
  0x08, 0xe1, 0x08, 0xe1, 0x08, 0xe1, 0x08, 0xe1, 0x08, 0xe1, 0x08, 0xe1, 0x08, 0xe1, 0x08, 0xe1,
  0x08, 0xe1, 0x08, 0xe1, 0x08, 0xe1, 0x08, 0xe1, 0x08, 0xe1, 0x08, 0xe1, 0x08, 0xe1, 0x08, 0xe1,
  0x08, 0xe1, 0x08, 0xe1, 0x08, 0xe1, 0x08, 0xe1, 0x08, 0xe1, 0x08, 0xe1, 0x08, 0xe1, 0x08, 0xe1,
  0x08, 0xe1, 0x08, 0xe1, 0x08, 0xe1, 0x08, 0xe1, 0x08, 0xe1, 0x08, 0xe1, 0x08, 0xe1, 0x08, 0xe1,
  0x08, 0xe1, 0x08, 0xe1, 0x08, 0xe1, 0x08, 0xe1, 0x08, 0xe1, 0x08, 0xe1, 0x08, 0xe1, 0x08, 0xe1,
  0x19, 0x43, 0x32, 0x46, 0x08, 0xe1, 0x08, 0xe1, 0x08, 0xe1, 0x08, 0xe1, 0x08, 0xe1, 0x08, 0xe1,
  0x08, 0xe1, 0x08, 0xe1, 0x08, 0xe1, 0x08, 0xe1, 0x08, 0xe1, 0x08, 0xe1, 0x08, 0xe1, 0x08, 0xe1,
  0x08, 0xe1, 0x08, 0xe1, 0x08, 0xe1, 0x08, 0xe1, 0x08, 0xe1, 0x08, 0xe1, 0x08, 0xe1, 0x08, 0xe1,
  0x08, 0xe1, 0x08, 0xe1, 0x08, 0xe1, 0x08, 0xe1, 0x08, 0xe1, 0x08, 0xe1, 0x19, 0x85, 0x7d, 0x13,
  0x19, 0x43, 0x08, 0xe1, 0x08, 0xe1, 0x08, 0xe1, 0x08, 0xe1, 0x08, 0xe1, 0x08, 0xe1, 0x08, 0xe1,
  0x08, 0xe1, 0x08, 0xe1, 0x08, 0xe1, 0x08, 0xe1, 0x08, 0xe1, 0x08, 0xe1, 0x08, 0xe1, 0x08, 0xe1,
  0x08, 0xe1, 0x08, 0xe1, 0x08, 0xe1, 0x08, 0xe1, 0x08, 0xe1, 0x08, 0xe1, 0x08, 0xe1, 0x08, 0xe1,
  0x08, 0xe1, 0x08, 0xe1, 0x08, 0xe1, 0x08, 0xe1, 0x08, 0xe1, 0x08, 0xe1, 0x08, 0xe1, 0x08, 0xe1,
  0x08, 0xe1, 0x08, 0xe1, 0x08, 0xe1, 0x08, 0xe1, 0x08, 0xe1, 0x08, 0xe1, 0x08, 0xe1, 0x08, 0xe1,
  0x08, 0xe1, 0x08, 0xe1, 0x08, 0xe1, 0x08, 0xe1, 0x08, 0xe1, 0x08, 0xe1, 0x08, 0xe1, 0x08, 0xe1,
  0x08, 0xe1, 0x08, 0xe1, 0x08, 0xe1, 0x08, 0xe1, 0x08, 0xe1, 0x08, 0xe1, 0x08, 0xe1, 0x08, 0xe1,
  0x08, 0xe1, 0x08, 0xe1, 0x08, 0xe1, 0x08, 0xe1, 0x08, 0xe1, 0x08, 0xe1, 0x08, 0xe1, 0x08, 0xe1,
  0x08, 0xe1, 0x08, 0xe1, 0x08, 0xe1, 0x08, 0xe1, 0x08, 0xe1, 0x08, 0xe1, 0x08, 0xe1, 0x08, 0xe1,
  0x08, 0xe1, 0x08, 0xe1, 0x08, 0xe1, 0x08, 0xe1, 0x08, 0xe1, 0x08, 0xe1, 0x08, 0xe1, 0x08, 0xe1,
  0x08, 0xe1, 0x08, 0xe1, 0x08, 0xe1, 0x08, 0xe1, 0x08, 0xe1, 0x08, 0xe1, 0x08, 0xe1, 0x08, 0xe1,
  0x08, 0xe1, 0x08, 0xe1, 0x08, 0xe1, 0x08, 0xe1, 0x08, 0xe1, 0x08, 0xe1, 0x08, 0xe1, 0x08, 0xe1,
  0x08, 0xe1, 0x08, 0xe1, 0x08, 0xe1, 0x08, 0xe1, 0x08, 0xe1, 0x08, 0xe1, 0x08, 0xe1, 0x08, 0xe1,
  0x3a, 0xa8, 0x32, 0x26, 0x08, 0xe1, 0x08, 0xe1, 0x08, 0xe1, 0x08, 0xe1, 0x08, 0xe1, 0x08, 0xe1,
  0x08, 0xe1, 0x08, 0xe1, 0x08, 0xe1, 0x08, 0xe1, 0x08, 0xe1, 0x08, 0xe1, 0x08, 0xe1, 0x08, 0xe1,
  0x08, 0xe1, 0x08, 0xe1, 0x08, 0xe1, 0x08, 0xe1, 0x08, 0xe1, 0x08, 0xe1, 0x08, 0xe1, 0x08, 0xe1,
  0x08, 0xe1, 0x08, 0xe1, 0x08, 0xe1, 0x08, 0xe1, 0x08, 0xe1, 0x42, 0xaa, 0x4b, 0xad, 0x74, 0x50,
  0x11, 0x24, 0x08, 0xe1, 0x08, 0xe1, 0x08, 0xe1, 0x08, 0xe1, 0x08, 0xe1, 0x08, 0xe1, 0x08, 0xe1,
  0x08, 0xe1, 0x08, 0xe1, 0x08, 0xe1, 0x08, 0xe1, 0x08, 0xe1, 0x08, 0xe1, 0x08, 0xe1, 0x08, 0xe1,
  0x08, 0xe1, 0x08, 0xe1, 0x08, 0xe1, 0x08, 0xe1, 0x08, 0xe1, 0x08, 0xe1, 0x08, 0xe1, 0x08, 0xe1,
  0x08, 0xe1, 0x08, 0xe1, 0x08, 0xe1, 0x08, 0xe1, 0x08, 0xe1, 0x08, 0xe1, 0x08, 0xe1, 0x08, 0xe1,
  0x08, 0xe1, 0x08, 0xe1, 0x08, 0xe1, 0x08, 0xe1, 0x08, 0xe1, 0x08, 0xe1, 0x08, 0xe1, 0x08, 0xe1,
  0x08, 0xe1, 0x08, 0xe1, 0x08, 0xe1, 0x08, 0xe1, 0x08, 0xe1, 0x08, 0xe1, 0x08, 0xe1, 0x08, 0xe1,
  0x08, 0xe1, 0x08, 0xe1, 0x08, 0xe1, 0x08, 0xe1, 0x08, 0xe1, 0x08, 0xe1, 0x08, 0xe1, 0x08, 0xe1,
  0x08, 0xe1, 0x08, 0xe1, 0x08, 0xe1, 0x08, 0xe1, 0x08, 0xe1, 0x08, 0xe1, 0x08, 0xe1, 0x08, 0xe1,
  0x08, 0xe1, 0x08, 0xe1, 0x08, 0xe1, 0x08, 0xe1, 0x08, 0xe1, 0x08, 0xe1, 0x08, 0xe1, 0x08, 0xe1,
  0x08, 0xe1, 0x08, 0xe1, 0x08, 0xe1, 0x08, 0xe1, 0x08, 0xe1, 0x08, 0xe1, 0x08, 0xe1, 0x08, 0xe1,
  0x08, 0xe1, 0x08, 0xe1, 0x08, 0xe1, 0x08, 0xe1, 0x08, 0xe1, 0x08, 0xe1, 0x08, 0xe1, 0x08, 0xe1,
  0x08, 0xe1, 0x08, 0xe1, 0x08, 0xe1, 0x08, 0xe1, 0x08, 0xe1, 0x08, 0xe1, 0x08, 0xe1, 0x08, 0xe1,
  0x08, 0xe1, 0x08, 0xe1, 0x08, 0xe1, 0x08, 0xe1, 0x08, 0xe1, 0x08, 0xe1, 0x08, 0xe1, 0x01, 0x22,
  0x6c, 0x6f, 0x09, 0x43, 0x08, 0xe1, 0x08, 0xe1, 0x08, 0xe1, 0x08, 0xe1, 0x08, 0xe1, 0x08, 0xe1,
  0x08, 0xe1, 0x08, 0xe1, 0x08, 0xe1, 0x08, 0xe1, 0x08, 0xe1, 0x08, 0xe1, 0x08, 0xe1, 0x08, 0xe1,
  0x08, 0xe1, 0x08, 0xe1, 0x08, 0xe1, 0x08, 0xe1, 0x08, 0xe1, 0x08, 0xe1, 0x08, 0xe1, 0x08, 0xe1,
  0x08, 0xe1, 0x08, 0xe1, 0x08, 0xe1, 0x08, 0xe1, 0x08, 0xe1, 0x00, 0xa2, 0x6c, 0x91, 0x4b, 0x2b,
  0x32, 0x07, 0x08, 0xe1, 0x08, 0xe1, 0x08, 0xe1, 0x08, 0xe1, 0x08, 0xe1, 0x08, 0xe1, 0x08, 0xe1,
  0x08, 0xe1, 0x08, 0xe1, 0x08, 0xe1, 0x08, 0xe1, 0x08, 0xe1, 0x08, 0xe1, 0x08, 0xe1, 0x08, 0xe1,
  0x08, 0xe1, 0x08, 0xe1, 0x08, 0xe1, 0x08, 0xe1, 0x08, 0xe1, 0x08, 0xe1, 0x08, 0xe1, 0x08, 0xe1,
  0x08, 0xe1, 0x08, 0xe1, 0x08, 0xe1, 0x08, 0xe1, 0x08, 0xe1, 0x08, 0xe1, 0x08, 0xe1, 0x08, 0xe1,
  0x08, 0xe1, 0x08, 0xe1, 0x08, 0xe1, 0x08, 0xe1, 0x08, 0xe1, 0x08, 0xe1, 0x08, 0xe1, 0x08, 0xe1,
  0x08, 0xe1, 0x08, 0xe1, 0x08, 0xe1, 0x08, 0xe1, 0x08, 0xe1, 0x08, 0xe1, 0x08, 0xe1, 0x08, 0xe1,
  0x08, 0xe1, 0x08, 0xe1, 0x08, 0xe1, 0x08, 0xe1, 0x08, 0xe1, 0x08, 0xe1, 0x08, 0xe1, 0x08, 0xe1,
  0x08, 0xe1, 0x08, 0xe1, 0x08, 0xe1, 0x08, 0xe1, 0x08, 0xe1, 0x08, 0xe1, 0x08, 0xe1, 0x08, 0xe1,
  0x08, 0xe1, 0x08, 0xe1, 0x08, 0xe1, 0x08, 0xe1, 0x08, 0xe1, 0x08, 0xe1, 0x08, 0xe1, 0x08, 0xe1,
  0x08, 0xe1, 0x08, 0xe1, 0x08, 0xe1, 0x08, 0xe1, 0x08, 0xe1, 0x08, 0xe1, 0x08, 0xe1, 0x08, 0xe1,
  0x08, 0xe1, 0x08, 0xe1, 0x08, 0xe1, 0x08, 0xe1, 0x08, 0xe1, 0x08, 0xe1, 0x08, 0xe1, 0x08, 0xe1,
  0x08, 0xe1, 0x08, 0xe1, 0x08, 0xe1, 0x08, 0xe1, 0x08, 0xe1, 0x08, 0xe1, 0x08, 0xe1, 0x08, 0xe1,
  0x08, 0xe1, 0x08, 0xe1, 0x08, 0xe1, 0x08, 0xe1, 0x08, 0xe1, 0x08, 0xe1, 0x5b, 0x2c, 0x22, 0x67,
  0x64, 0x4f, 0x01, 0x02, 0x08, 0xe1, 0x08, 0xe1, 0x08, 0xe1, 0x08, 0xe1, 0x08, 0xe1, 0x08, 0xe1,
  0x08, 0xe1, 0x08, 0xe1, 0x08, 0xe1, 0x08, 0xe1, 0x08, 0xe1, 0x08, 0xe1, 0x08, 0xe1, 0x08, 0xe1,
  0x08, 0xe1, 0x08, 0xe1, 0x08, 0xe1, 0x08, 0xe1, 0x08, 0xe1, 0x08, 0xe1, 0x08, 0xe1, 0x08, 0xe1,
  0x08, 0xe1, 0x08, 0xe1, 0x08, 0xe1, 0x08, 0xe1, 0x08, 0xe1, 0x21, 0x85, 0x5c, 0x2f, 0x64, 0x0f,
  0x21, 0x85, 0x08, 0xe1, 0x08, 0xe1, 0x08, 0xe1, 0x08, 0xe1, 0x08, 0xe1, 0x08, 0xe1, 0x08, 0xe1,
  0x08, 0xe1, 0x08, 0xe1, 0x08, 0xe1, 0x08, 0xe1, 0x08, 0xe1, 0x08, 0xe1, 0x08, 0xe1, 0x08, 0xe1,
  0x08, 0xe1, 0x08, 0xe1, 0x08, 0xe1, 0x08, 0xe1, 0x08, 0xe1, 0x08, 0xe1, 0x08, 0xe1, 0x08, 0xe1,
  0x08, 0xe1, 0x08, 0xe1, 0x08, 0xe1, 0x08, 0xe1, 0x08, 0xe1, 0x08, 0xe1, 0x08, 0xe1, 0x08, 0xe1,
  0x08, 0xe1, 0x08, 0xe1, 0x08, 0xe1, 0x08, 0xe1, 0x08, 0xe1, 0x08, 0xe1, 0x08, 0xe1, 0x08, 0xe1,
  0x08, 0xe1, 0x08, 0xe1, 0x08, 0xe1, 0x08, 0xe1, 0x08, 0xe1, 0x08, 0xe1, 0x08, 0xe1, 0x08, 0xe1,
  0x08, 0xe1, 0x08, 0xe1, 0x08, 0xe1, 0x08, 0xe1, 0x08, 0xe1, 0x08, 0xe1, 0x08, 0xe1, 0x08, 0xe1,
  0x08, 0xe1, 0x08, 0xe1, 0x08, 0xe1, 0x08, 0xe1, 0x08, 0xe1, 0x08, 0xe1, 0x08, 0xe1, 0x08, 0xe1,
  0x08, 0xe1, 0x08, 0xe1, 0x08, 0xe1, 0x08, 0xe1, 0x08, 0xe1, 0x08, 0xe1, 0x08, 0xe1, 0x08, 0xe1,
  0x08, 0xe1, 0x08, 0xe1, 0x08, 0xe1, 0x08, 0xe1, 0x08, 0xe1, 0x08, 0xe1, 0x08, 0xe1, 0x08, 0xe1,
  0x08, 0xe1, 0x08, 0xe1, 0x08, 0xe1, 0x08, 0xe1, 0x08, 0xe1, 0x08, 0xe1, 0x08, 0xe1, 0x08, 0xe1,
  0x08, 0xe1, 0x08, 0xe1, 0x08, 0xe1, 0x08, 0xe1, 0x08, 0xe1, 0x08, 0xe1, 0x08, 0xe1, 0x08, 0xe1,
  0x08, 0xe1, 0x08, 0xe1, 0x08, 0xe1, 0x08, 0xe1, 0x08, 0xe1, 0x08, 0xe1, 0x11, 0x43, 0x33, 0x09,
  0x53, 0xac, 0x11, 0x63, 0x08, 0xe1, 0x08, 0xe1, 0x08, 0xe1, 0x08, 0xe1, 0x08, 0xe1, 0x08, 0xe1,
  0x08, 0xe1, 0x08, 0xe1, 0x08, 0xe1, 0x08, 0xe1, 0x08, 0xe1, 0x08, 0xe1, 0x08, 0xe1, 0x08, 0xe1,
  0x08, 0xe1, 0x08, 0xe1, 0x08, 0xe1, 0x08, 0xe1, 0x08, 0xe1, 0x08, 0xe1, 0x08, 0xe1, 0x08, 0xe1,
  0x08, 0xe1, 0x08, 0xe1, 0x08, 0xe1, 0x08, 0xe1, 0x08, 0xe1, 0x32, 0x08, 0x64, 0x0f, 0x6c, 0x0f,
  0x11, 0x44, 0x08, 0xe1, 0x08, 0xe1, 0x08, 0xe1, 0x08, 0xe1, 0x08, 0xe1, 0x08, 0xe1, 0x08, 0xe1,
  0x08, 0xe1, 0x08, 0xe1, 0x08, 0xe1, 0x08, 0xe1, 0x08, 0xe1, 0x08, 0xe1, 0x08, 0xe1, 0x08, 0xe1,
  0x08, 0xe1, 0x08, 0xe1, 0x08, 0xe1, 0x08, 0xe1, 0x08, 0xe1, 0x08, 0xe1, 0x08, 0xe1, 0x08, 0xe1,
  0x08, 0xe1, 0x08, 0xe1, 0x08, 0xe1, 0x08, 0xe1, 0x08, 0xe1, 0x08, 0xe1, 0x08, 0xe1, 0x08, 0xe1,
  0x08, 0xe1, 0x08, 0xe1, 0x08, 0xe1, 0x08, 0xe1, 0x08, 0xe1, 0x08, 0xe1, 0x08, 0xe1, 0x08, 0xe1,
  0x08, 0xe1, 0x08, 0xe1, 0x08, 0xe1, 0x08, 0xe1, 0x08, 0xe1, 0x08, 0xe1, 0x08, 0xe1, 0x08, 0xe1,
  0x08, 0xe1, 0x08, 0xe1, 0x08, 0xe1, 0x08, 0xe1, 0x08, 0xe1, 0x08, 0xe1, 0x08, 0xe1, 0x08, 0xe1,
  0x08, 0xe1, 0x08, 0xe1, 0x08, 0xe1, 0x08, 0xe1, 0x08, 0xe1, 0x08, 0xe1, 0x08, 0xe1, 0x08, 0xe1,
  0x08, 0xe1, 0x08, 0xe1, 0x08, 0xe1, 0x08, 0xe1, 0x08, 0xe1, 0x08, 0xe1, 0x08, 0xe1, 0x08, 0xe1,
  0x08, 0xe1, 0x08, 0xe1, 0x08, 0xe1, 0x08, 0xe1, 0x08, 0xe1, 0x08, 0xe1, 0x08, 0xe1, 0x08, 0xe1,
  0x08, 0xe1, 0x08, 0xe1, 0x08, 0xe1, 0x08, 0xe1, 0x08, 0xe1, 0x08, 0xe1, 0x08, 0xe1, 0x08, 0xe1,
  0x08, 0xe1, 0x08, 0xe1, 0x08, 0xe1, 0x08, 0xe1, 0x08, 0xe1, 0x08, 0xe1, 0x08, 0xe1, 0x08, 0xe1,
  0x08, 0xe1, 0x08, 0xe1, 0x08, 0xe1, 0x08, 0xe1, 0x08, 0xe1, 0x08, 0xe1, 0x19, 0x63, 0x2a, 0xc8,
  0x53, 0xab, 0x11, 0x63, 0x08, 0xe1, 0x08, 0xe1, 0x08, 0xe1, 0x08, 0xe1, 0x08, 0xe1, 0x08, 0xe1,
  0x08, 0xe1, 0x08, 0xe1, 0x08, 0xe1, 0x08, 0xe1, 0x08, 0xe1, 0x08, 0xe1, 0x08, 0xe1, 0x08, 0xe1,
  0x08, 0xe1, 0x08, 0xe1, 0x08, 0xe1, 0x08, 0xe1, 0x08, 0xe1, 0x08, 0xe1, 0x08, 0xe1, 0x08, 0xe1,
  0x08, 0xe1, 0x08, 0xe1, 0x08, 0xe1, 0x08, 0xe1, 0x08, 0xe1, 0x32, 0x08, 0x74, 0x91, 0x4b, 0x0b,
  0x19, 0x85, 0x08, 0xe1, 0x08, 0xe1, 0x08, 0xe1, 0x08, 0xe1, 0x08, 0xe1, 0x08, 0xe1, 0x11, 0xa6,
  0x29, 0xe7, 0x08, 0xe1, 0x08, 0xe1, 0x08, 0xe1, 0x08, 0xe1, 0x08, 0xe1, 0x08, 0xe1, 0x08, 0xe1,
  0x08, 0xe1, 0x08, 0xe1, 0x08, 0xe1, 0x08, 0xe1, 0x08, 0xe1, 0x08, 0xe1, 0x08, 0xe1, 0x08, 0xe1,
  0x08, 0xe1, 0x08, 0xe1, 0x08, 0xe1, 0x08, 0xe1, 0x08, 0xe1, 0x08, 0xe1, 0x08, 0xe1, 0x08, 0xe1,
  0x08, 0xe1, 0x08, 0xe1, 0x08, 0xe1, 0x08, 0xe1, 0x08, 0xe1, 0x08, 0xe1, 0x08, 0xe1, 0x08, 0xe1,
  0x08, 0xe1, 0x08, 0xe1, 0x08, 0xe1, 0x08, 0xe1, 0x08, 0xe1, 0x08, 0xe1, 0x08, 0xe1, 0x08, 0xe1,
  0x08, 0xe1, 0x08, 0xe1, 0x08, 0xe1, 0x08, 0xe1, 0x08, 0xe1, 0x08, 0xe1, 0x08, 0xe1, 0x08, 0xe1,
  0x08, 0xe1, 0x08, 0xe1, 0x08, 0xe1, 0x08, 0xe1, 0x08, 0xe1, 0x08, 0xe1, 0x08, 0xe1, 0x08, 0xe1,
  0x08, 0xe1, 0x08, 0xe1, 0x08, 0xe1, 0x08, 0xe1, 0x08, 0xe1, 0x08, 0xe1, 0x08, 0xe1, 0x08, 0xe1,
  0x08, 0xe1, 0x08, 0xe1, 0x08, 0xe1, 0x08, 0xe1, 0x08, 0xe1, 0x08, 0xe1, 0x08, 0xe1, 0x08, 0xe1,
  0x08, 0xe1, 0x08, 0xe1, 0x08, 0xe1, 0x08, 0xe1, 0x08, 0xe1, 0x08, 0xe1, 0x08, 0xe1, 0x08, 0xe1,
  0x08, 0xe1, 0x08, 0xe1, 0x08, 0xe1, 0x08, 0xe1, 0x08, 0xe1, 0x08, 0xe1, 0x08, 0xe1, 0x08, 0xe1,
  0x08, 0xe1, 0x08, 0xe1, 0x08, 0xe1, 0x08, 0xe1, 0x08, 0xe1, 0x08, 0xe1, 0x19, 0x43, 0x19, 0xc5,
  0x53, 0xac, 0x11, 0x84, 0x08, 0xe1, 0x08, 0xe1, 0x08, 0xe1, 0x08, 0xe1, 0x08, 0xe1, 0x08, 0xe1,
  0x08, 0xe1, 0x08, 0xe1, 0x08, 0xe1, 0x08, 0xe1, 0x08, 0xe1, 0x08, 0xe1, 0x08, 0xe1, 0x08, 0xe1,
  0x08, 0xe1, 0x08, 0xe1, 0x08, 0xe1, 0x08, 0xe1, 0x08, 0xe1, 0x08, 0xe1, 0x08, 0xe1, 0x08, 0xe1,
  0x08, 0xe1, 0x08, 0xe1, 0x08, 0xe1, 0x08, 0xe1, 0x08, 0xe1, 0x21, 0xa6, 0x54, 0x0f, 0x2a, 0x28,
  0x29, 0xe7, 0xa5, 0x54, 0x08, 0xe1, 0x08, 0xe1, 0x08, 0xe1, 0x08, 0xe1, 0x32, 0x48, 0x6c, 0x70,
  0x09, 0x03, 0x08, 0xe1, 0x08, 0xe1, 0x08, 0xe1, 0x08, 0xe1, 0x08, 0xe1, 0x08, 0xe1, 0x08, 0xe1,
  0x08, 0xe1, 0x08, 0xe1, 0x08, 0xe1, 0x08, 0xe1, 0x08, 0xe1, 0x08, 0xe1, 0x08, 0xe1, 0x08, 0xe1,
  0x08, 0xe1, 0x08, 0xe1, 0x08, 0xe1, 0x08, 0xe1, 0x08, 0xe1, 0x08, 0xe1, 0x08, 0xe1, 0x08, 0xe1,
  0x08, 0xe1, 0x08, 0xe1, 0x08, 0xe1, 0x08, 0xe1, 0x08, 0xe1, 0x08, 0xe1, 0x08, 0xe1, 0x08, 0xe1,
  0x08, 0xe1, 0x08, 0xe1, 0x08, 0xe1, 0x08, 0xe1, 0x08, 0xe1, 0x08, 0xe1, 0x08, 0xe1, 0x08, 0xe1,
  0x08, 0xe1, 0x08, 0xe1, 0x08, 0xe1, 0x08, 0xe1, 0x08, 0xe1, 0x08, 0xe1, 0x08, 0xe1, 0x08, 0xe1,
  0x08, 0xe1, 0x08, 0xe1, 0x08, 0xe1, 0x08, 0xe1, 0x08, 0xe1, 0x08, 0xe1, 0x08, 0xe1, 0x08, 0xe1,
  0x08, 0xe1, 0x08, 0xe1, 0x08, 0xe1, 0x08, 0xe1, 0x08, 0xe1, 0x08, 0xe1, 0x08, 0xe1, 0x08, 0xe1,
  0x08, 0xe1, 0x08, 0xe1, 0x08, 0xe1, 0x08, 0xe1, 0x08, 0xe1, 0x08, 0xe1, 0x08, 0xe1, 0x08, 0xe1,
  0x08, 0xe1, 0x08, 0xe1, 0x08, 0xe1, 0x08, 0xe1, 0x08, 0xe1, 0x08, 0xe1, 0x08, 0xe1, 0x08, 0xe1,
  0x08, 0xe1, 0x08, 0xe1, 0x08, 0xe1, 0x08, 0xe1, 0x08, 0xe1, 0x08, 0xe1, 0x08, 0xe1, 0x08, 0xe1,
  0x08, 0xe1, 0x08, 0xe1, 0x08, 0xe1, 0x08, 0xe1, 0x08, 0xe1, 0x08, 0xe1, 0x19, 0x43, 0x22, 0x06,
  0x64, 0x0e, 0x2a, 0x67, 0x08, 0xe1, 0x08, 0xe1, 0x08, 0xe1, 0x08, 0xe1, 0x08, 0xe1, 0x08, 0xe1,
  0x08, 0xe1, 0x08, 0xe1, 0x08, 0xe1, 0x08, 0xe1, 0x08, 0xe1, 0x8c, 0xf3, 0x08, 0xe1, 0x08, 0xe1,
  0x08, 0xe1, 0x08, 0xe1, 0x08, 0xe1, 0x08, 0xe1, 0x08, 0xe1, 0x08, 0xe1, 0x08, 0xe1, 0x08, 0xe1,
  0x08, 0xe1, 0x08, 0xe1, 0x08, 0xe1, 0x08, 0xe1, 0x08, 0xe1, 0x00, 0x82, 0x53, 0x6d, 0x53, 0xae,
  0x21, 0xc6, 0x00, 0xc2, 0x08, 0xe1, 0x08, 0xe1, 0x08, 0xe1, 0x08, 0xe1, 0x2a, 0x48, 0x85, 0x32,
  0x5b, 0x6d, 0x08, 0xe1, 0x08, 0xe1, 0x08, 0xe1, 0x08, 0xe1, 0x08, 0xe1, 0x08, 0xe1, 0x08, 0xe1,
  0x08, 0xe1, 0x08, 0xe1, 0x08, 0xe1, 0x08, 0xe1, 0x08, 0xe1, 0x08, 0xe1, 0x08, 0xe1, 0x08, 0xe1,
  0x08, 0xe1, 0x08, 0xe1, 0x08, 0xe1, 0x08, 0xe1, 0x08, 0xe1, 0x08, 0xe1, 0x08, 0xe1, 0x08, 0xe1,
  0x08, 0xe1, 0x08, 0xe1, 0x08, 0xe1, 0x08, 0xe1, 0x08, 0xe1, 0x08, 0xe1, 0x08, 0xe1, 0x08, 0xe1,
  0x08, 0xe1, 0x08, 0xe1, 0x08, 0xe1, 0x08, 0xe1, 0x08, 0xe1, 0x08, 0xe1, 0x08, 0xe1, 0x08, 0xe1,
  0x08, 0xe1, 0x08, 0xe1, 0x08, 0xe1, 0x08, 0xe1, 0x08, 0xe1, 0x08, 0xe1, 0x08, 0xe1, 0x08, 0xe1,
  0x08, 0xe1, 0x08, 0xe1, 0x08, 0xe1, 0x08, 0xe1, 0x08, 0xe1, 0x08, 0xe1, 0x08, 0xe1, 0x08, 0xe1,
  0x08, 0xe1, 0x08, 0xe1, 0x08, 0xe1, 0x08, 0xe1, 0x08, 0xe1, 0x08, 0xe1, 0x08, 0xe1, 0x08, 0xe1,
  0x08, 0xe1, 0x08, 0xe1, 0x08, 0xe1, 0x08, 0xe1, 0x08, 0xe1, 0x08, 0xe1, 0x08, 0xe1, 0x08, 0xe1,
  0x08, 0xe1, 0x08, 0xe1, 0x08, 0xe1, 0x08, 0xe1, 0x08, 0xe1, 0x08, 0xe1, 0x08, 0xe1, 0x08, 0xe1,
  0x08, 0xe1, 0x08, 0xe1, 0x08, 0xe1, 0x08, 0xe1, 0x08, 0xe1, 0x08, 0xe1, 0x08, 0xe1, 0x08, 0xe1,
  0x08, 0xe1, 0x08, 0xe1, 0x08, 0xe1, 0x08, 0xe1, 0x08, 0xe1, 0x08, 0xe1, 0x11, 0x23, 0x5b, 0x6c,
  0x6c, 0x4f, 0x7d, 0x32, 0x3a, 0x89, 0x08, 0xe1, 0x08, 0xe1, 0x08, 0xe1, 0x08, 0xe1, 0x08, 0xe1,
  0x08, 0xe1, 0x08, 0xe1, 0x08, 0xe1, 0x08, 0xe1, 0x32, 0x28, 0x8d, 0xd5, 0x3a, 0xa9, 0x08, 0xe1,
  0x08, 0xe1, 0x08, 0xe1, 0x08, 0xe1, 0x08, 0xe1, 0x08, 0xe1, 0x08, 0xe1, 0x08, 0xe1, 0x08, 0xe1,
  0x08, 0xe1, 0x08, 0xe1, 0x08, 0xe1, 0x08, 0xe1, 0x08, 0xe1, 0x94, 0xd2, 0x31, 0xe7, 0x63, 0xce,
  0x6c, 0xb3, 0x43, 0x4d, 0x42, 0xcb, 0x08, 0xe1, 0x08, 0xe1, 0x29, 0xe7, 0x53, 0x6d, 0x19, 0x65,
  0x08, 0xe1, 0x08, 0xe1, 0x08, 0xe1, 0x08, 0xe1, 0x08, 0xe1, 0x08, 0xe1, 0x08, 0xe1, 0x08, 0xe1,
  0x08, 0xe1, 0x08, 0xe1, 0x08, 0xe1, 0x08, 0xe1, 0x08, 0xe1, 0x08, 0xe1, 0x08, 0xe1, 0x08, 0xe1,
  0x08, 0xe1, 0x08, 0xe1, 0x08, 0xe1, 0x08, 0xe1, 0x08, 0xe1, 0x08, 0xe1, 0x08, 0xe1, 0x08, 0xe1,
  0x08, 0xe1, 0x08, 0xe1, 0x08, 0xe1, 0x08, 0xe1, 0x08, 0xe1, 0x08, 0xe1, 0x08, 0xe1, 0x08, 0xe1,
  0x08, 0xe1, 0x08, 0xe1, 0x08, 0xe1, 0x08, 0xe1, 0x08, 0xe1, 0x08, 0xe1, 0x08, 0xe1, 0x08, 0xe1,
  0x08, 0xe1, 0x08, 0xe1, 0x08, 0xe1, 0x08, 0xe1, 0x08, 0xe1, 0x08, 0xe1, 0x08, 0xe1, 0x08, 0xe1,
  0x08, 0xe1, 0x08, 0xe1, 0x08, 0xe1, 0x08, 0xe1, 0x08, 0xe1, 0x08, 0xe1, 0x08, 0xe1, 0x08, 0xe1,
  0x08, 0xe1, 0x08, 0xe1, 0x08, 0xe1, 0x08, 0xe1, 0x08, 0xe1, 0x08, 0xe1, 0x08, 0xe1, 0x08, 0xe1,
  0x08, 0xe1, 0x08, 0xe1, 0x08, 0xe1, 0x08, 0xe1, 0x08, 0xe1, 0x08, 0xe1, 0x08, 0xe1, 0x08, 0xe1,
  0x08, 0xe1, 0x08, 0xe1, 0x08, 0xe1, 0x08, 0xe1, 0x08, 0xe1, 0x08, 0xe1, 0x08, 0xe1, 0x08, 0xe1,
  0x08, 0xe1, 0x08, 0xe1, 0x08, 0xe1, 0x08, 0xe1, 0x08, 0xe1, 0x08, 0xe1, 0x08, 0xe1, 0x08, 0xe1,
  0x08, 0xe1, 0x08, 0xe1, 0x08, 0xe1, 0x08, 0xe1, 0x08, 0xe1, 0x08, 0xe1, 0x29, 0xa5, 0x74, 0x2f,
  0x3a, 0xc9, 0x7d, 0x33, 0x19, 0xe6, 0x08, 0xe1, 0x08, 0xe1, 0x08, 0xe1, 0x08, 0xe1, 0x08, 0xe1,
  0x08, 0xe1, 0x08, 0xe1, 0x08, 0xe1, 0x95, 0x54, 0x84, 0xd2, 0x8d, 0x94, 0x21, 0xc6, 0x08, 0xe1,
  0x08, 0xe1, 0x08, 0xe1, 0x08, 0xe1, 0x08, 0xe1, 0x08, 0xe1, 0x08, 0xe1, 0x08, 0xe1, 0x08, 0xe1,
  0x08, 0xe1, 0x08, 0xe1, 0x08, 0xe1, 0x08, 0xe1, 0x08, 0xe1, 0x08, 0xe1, 0x11, 0x03, 0x4b, 0x2c,
  0x43, 0x8e, 0x6c, 0x92, 0x2a, 0x08, 0x53, 0x4d, 0x08, 0xe1, 0x19, 0x85, 0x43, 0x0b, 0x21, 0x85,
  0x08, 0xe1, 0x08, 0xe1, 0x08, 0xe1, 0x08, 0xe1, 0x08, 0xe1, 0x08, 0xe1, 0x08, 0xe1, 0x08, 0xe1,
  0x08, 0xe1, 0x08, 0xe1, 0x08, 0xe1, 0x08, 0xe1, 0x08, 0xe1, 0x08, 0xe1, 0x08, 0xe1, 0x08, 0xe1,
  0x08, 0xe1, 0x08, 0xe1, 0x08, 0xe1, 0x08, 0xe1, 0x08, 0xe1, 0x08, 0xe1, 0x08, 0xe1, 0x08, 0xe1,
  0x08, 0xe1, 0x08, 0xe1, 0x08, 0xe1, 0x08, 0xe1, 0x08, 0xe1, 0x08, 0xe1, 0x08, 0xe1, 0x08, 0xe1,
  0x08, 0xe1, 0x08, 0xe1, 0x08, 0xe1, 0x08, 0xe1, 0x08, 0xe1, 0x08, 0xe1, 0x08, 0xe1, 0x08, 0xe1,
  0x08, 0xe1, 0x08, 0xe1, 0x08, 0xe1, 0x08, 0xe1, 0x08, 0xe1, 0x08, 0xe1, 0x08, 0xe1, 0x08, 0xe1,
  0x08, 0xe1, 0x08, 0xe1, 0x08, 0xe1, 0x08, 0xe1, 0x08, 0xe1, 0x08, 0xe1, 0x08, 0xe1, 0x08, 0xe1,
  0x08, 0xe1, 0x08, 0xe1, 0x08, 0xe1, 0x08, 0xe1, 0x08, 0xe1, 0x08, 0xe1, 0x08, 0xe1, 0x08, 0xe1,
  0x08, 0xe1, 0x08, 0xe1, 0x08, 0xe1, 0x08, 0xe1, 0x08, 0xe1, 0x08, 0xe1, 0x08, 0xe1, 0x08, 0xe1,
  0x08, 0xe1, 0x08, 0xe1, 0x08, 0xe1, 0x08, 0xe1, 0x08, 0xe1, 0x08, 0xe1, 0x08, 0xe1, 0x08, 0xe1,
  0x08, 0xe1, 0x08, 0xe1, 0x08, 0xe1, 0x08, 0xe1, 0x08, 0xe1, 0x08, 0xe1, 0x08, 0xe1, 0x08, 0xe1,
  0x08, 0xe1, 0x08, 0xe1, 0x08, 0xe1, 0x08, 0xe1, 0x08, 0xe1, 0x08, 0xe1, 0x08, 0xe1, 0x42, 0xc9,
  0x4b, 0x4b, 0x43, 0x4b, 0x85, 0x33, 0x00, 0xc2, 0x08, 0xe1, 0x9d, 0x34, 0x21, 0x45, 0x08, 0xe1,
  0x08, 0xe1, 0x08, 0xe1, 0x08, 0xe1, 0x11, 0x65, 0x8d, 0x95, 0x19, 0xa5, 0x08, 0xe1, 0x08, 0xe1,
  0x08, 0xe1, 0x08, 0xe1, 0x08, 0xe1, 0x08, 0xe1, 0x08, 0xe1, 0x08, 0xe1, 0x08, 0xe1, 0x08, 0xe1,
  0x08, 0xe1, 0x08, 0xe1, 0x08, 0xe1, 0x08, 0xe1, 0x08, 0xe1, 0x08, 0xe1, 0x32, 0x07, 0x21, 0xc6,
  0x3b, 0x4d, 0x53, 0xaf, 0x4b, 0x2d, 0x32, 0x69, 0x8c, 0xd2, 0x21, 0x85, 0x4b, 0x2c, 0x19, 0x65,
  0x08, 0xe1, 0x08, 0xe1, 0x08, 0xe1, 0x08, 0xe1, 0x08, 0xe1, 0x08, 0xe1, 0x08, 0xe1, 0x08, 0xe1,
  0x08, 0xe1, 0x08, 0xe1, 0x08, 0xe1, 0x08, 0xe1, 0x08, 0xe1, 0x08, 0xe1, 0x08, 0xe1, 0x08, 0xe1,
  0x08, 0xe1, 0x08, 0xe1, 0x08, 0xe1, 0x08, 0xe1, 0x08, 0xe1, 0x08, 0xe1, 0x08, 0xe1, 0x08, 0xe1,
  0x08, 0xe1, 0x08, 0xe1, 0x08, 0xe1, 0x08, 0xe1, 0x08, 0xe1, 0x08, 0xe1, 0x08, 0xe1, 0x08, 0xe1,
  0x08, 0xe1, 0x08, 0xe1, 0x08, 0xe1, 0x08, 0xe1, 0x08, 0xe1, 0x08, 0xe1, 0x08, 0xe1, 0x08, 0xe1,
  0x08, 0xe1, 0x08, 0xe1, 0x08, 0xe1, 0x08, 0xe1, 0x08, 0xe1, 0x08, 0xe1, 0x08, 0xe1, 0x08, 0xe1,
  0x08, 0xe1, 0x08, 0xe1, 0x08, 0xe1, 0x08, 0xe1, 0x08, 0xe1, 0x08, 0xe1, 0x08, 0xe1, 0x08, 0xe1,
  0x08, 0xe1, 0x08, 0xe1, 0x08, 0xe1, 0x08, 0xe1, 0x08, 0xe1, 0x08, 0xe1, 0x08, 0xe1, 0x08, 0xe1,
  0x08, 0xe1, 0x08, 0xe1, 0x08, 0xe1, 0x08, 0xe1, 0x08, 0xe1, 0x08, 0xe1, 0x08, 0xe1, 0x08, 0xe1,
  0x08, 0xe1, 0x08, 0xe1, 0x08, 0xe1, 0x08, 0xe1, 0x08, 0xe1, 0x08, 0xe1, 0x08, 0xe1, 0x08, 0xe1,
  0x08, 0xe1, 0x08, 0xe1, 0x08, 0xe1, 0x08, 0xe1, 0x08, 0xe1, 0x08, 0xe1, 0x08, 0xe1, 0x08, 0xe1,
  0x08, 0xe1, 0x08, 0xe1, 0x08, 0xe1, 0x08, 0xe1, 0x08, 0xe1, 0x08, 0xe1, 0x08, 0xe1, 0x08, 0xe2,
  0x5b, 0x6c, 0x4a, 0xea, 0x6c, 0x70, 0x5c, 0x0f, 0x19, 0x44, 0x19, 0xe6, 0x96, 0x17, 0x08, 0xe1,
  0x08, 0xe1, 0x08, 0xe1, 0x08, 0xe1, 0x2a, 0x28, 0x63, 0xef, 0x29, 0xa6, 0x08, 0xe1, 0x08, 0xe1,
  0x08, 0xe1, 0x08, 0xe1, 0x08, 0xe1, 0x08, 0xe1, 0x08, 0xe1, 0x08, 0xe1, 0x08, 0xe1, 0x08, 0xe1,
  0x08, 0xe1, 0x21, 0xa5, 0x08, 0xe1, 0x08, 0xe1, 0x08, 0xe1, 0x08, 0xe1, 0x08, 0xe1, 0x11, 0x23,
  0x19, 0x85, 0x3a, 0x8a, 0x63, 0xd0, 0x53, 0x6e, 0x21, 0xe8, 0x2a, 0x29, 0x42, 0xec, 0x11, 0x24,
  0x08, 0xe1, 0x08, 0xe1, 0x08, 0xe1, 0x08, 0xe1, 0x08, 0xe1, 0x08, 0xe1, 0x08, 0xe1, 0x08, 0xe1,
  0x08, 0xe1, 0x08, 0xe1, 0x08, 0xe1, 0x08, 0xe1, 0x08, 0xe1, 0x08, 0xe1, 0x08, 0xe1, 0x08, 0xe1,
  0x08, 0xe1, 0x08, 0xe1, 0x08, 0xe1, 0x08, 0xe1, 0x08, 0xe1, 0x08, 0xe1, 0x08, 0xe1, 0x08, 0xe1,
  0x08, 0xe1, 0x08, 0xe1, 0x08, 0xe1, 0x08, 0xe1, 0x08, 0xe1, 0x08, 0xe1, 0x08, 0xe1, 0x08, 0xe1,
  0x08, 0xe1, 0x08, 0xe1, 0x08, 0xe1, 0x08, 0xe1, 0x08, 0xe1, 0x08, 0xe1, 0x08, 0xe1, 0x08, 0xe1,
  0x08, 0xe1, 0x08, 0xe1, 0x08, 0xe1, 0x08, 0xe1, 0x08, 0xe1, 0x08, 0xe1, 0x08, 0xe1, 0x08, 0xe1,
  0x08, 0xe1, 0x08, 0xe1, 0x08, 0xe1, 0x08, 0xe1, 0x08, 0xe1, 0x08, 0xe1, 0x08, 0xe1, 0x08, 0xe1,
  0x08, 0xe1, 0x08, 0xe1, 0x08, 0xe1, 0x08, 0xe1, 0x08, 0xe1, 0x08, 0xe1, 0x08, 0xe1, 0x08, 0xe1,
  0x08, 0xe1, 0x08, 0xe1, 0x08, 0xe1, 0x08, 0xe1, 0x08, 0xe1, 0x08, 0xe1, 0x08, 0xe1, 0x08, 0xe1,
  0x08, 0xe1, 0x08, 0xe1, 0x08, 0xe1, 0x08, 0xe1, 0x08, 0xe1, 0x08, 0xe1, 0x08, 0xe1, 0x08, 0xe1,
  0x08, 0xe1, 0x08, 0xe1, 0x08, 0xe1, 0x08, 0xe1, 0x08, 0xe1, 0x08, 0xe1, 0x08, 0xe1, 0x08, 0xe1,
  0x08, 0xe1, 0x08, 0xe1, 0x08, 0xe1, 0x08, 0xe1, 0x08, 0xe1, 0x08, 0xe1, 0x08, 0xe1, 0x53, 0x2b,
  0x32, 0x07, 0x53, 0x0b, 0x3a, 0xa9, 0x3a, 0xa9, 0x3a, 0xa9, 0x32, 0xea, 0x85, 0xf7, 0x5b, 0xef,
  0x08, 0xe1, 0x08, 0xe1, 0x08, 0xe1, 0x3a, 0xca, 0x4b, 0x4c, 0x29, 0xa6, 0x08, 0xe1, 0x08, 0xe1,
  0x08, 0xe1, 0x08, 0xe1, 0x08, 0xe1, 0x08, 0xe1, 0x08, 0xe1, 0x08, 0xe1, 0x08, 0xe1, 0x08, 0xe1,
  0x08, 0xe1, 0x22, 0x05, 0x7c, 0x4f, 0x08, 0xe1, 0x08, 0xe1, 0x08, 0xe1, 0x08, 0xe1, 0x32, 0x06,
  0x19, 0x84, 0x19, 0x85, 0x32, 0x49, 0x42, 0xec, 0x53, 0x6e, 0x4b, 0x2d, 0x53, 0x6e, 0x43, 0x0b,
  0x09, 0x03, 0x08, 0xe1, 0x08, 0xe1, 0x08, 0xe1, 0x08, 0xe1, 0x08, 0xe1, 0x08, 0xe1, 0x08, 0xe1,
  0x08, 0xe1, 0x08, 0xe1, 0x08, 0xe1, 0x08, 0xe1, 0x08, 0xe1, 0x08, 0xe1, 0x08, 0xe1, 0x08, 0xe1,
  0x08, 0xe1, 0x08, 0xe1, 0x08, 0xe1, 0x08, 0xe1, 0x08, 0xe1, 0x08, 0xe1, 0x08, 0xe1, 0x08, 0xe1,
  0x08, 0xe1, 0x08, 0xe1, 0x08, 0xe1, 0x08, 0xe1, 0x08, 0xe1, 0x08, 0xe1, 0x08, 0xe1, 0x08, 0xe1,
  0x08, 0xe1, 0x08, 0xe1, 0x08, 0xe1, 0x08, 0xe1, 0x08, 0xe1, 0x08, 0xe1, 0x08, 0xe1, 0x08, 0xe1,
  0x08, 0xe1, 0x08, 0xe1, 0x08, 0xe1, 0x08, 0xe1, 0x08, 0xe1, 0x08, 0xe1, 0x08, 0xe1, 0x08, 0xe1,
  0x08, 0xe1, 0x08, 0xe1, 0x08, 0xe1, 0x08, 0xe1, 0x08, 0xe1, 0x08, 0xe1, 0x08, 0xe1, 0x08, 0xe1,
  0x08, 0xe1, 0x08, 0xe1, 0x08, 0xe1, 0x08, 0xe1, 0x08, 0xe1, 0x08, 0xe1, 0x08, 0xe1, 0x08, 0xe1,
  0x08, 0xe1, 0x08, 0xe1, 0x08, 0xe1, 0x08, 0xe1, 0x08, 0xe1, 0x08, 0xe1, 0x08, 0xe1, 0x08, 0xe1,
  0x08, 0xe1, 0x08, 0xe1, 0x08, 0xe1, 0x08, 0xe1, 0x08, 0xe1, 0x08, 0xe1, 0x08, 0xe1, 0x08, 0xe1,
  0x08, 0xe1, 0x08, 0xe1, 0x08, 0xe1, 0x08, 0xe1, 0x08, 0xe1, 0x08, 0xe1, 0x08, 0xe1, 0x08, 0xe1,
  0x08, 0xe1, 0x08, 0xe1, 0x08, 0xe1, 0x08, 0xe1, 0x08, 0xe1, 0x08, 0xe1, 0x08, 0xe1, 0x08, 0xe1,
  0x29, 0xc6, 0x53, 0x2c, 0x3a, 0x47, 0x42, 0x69, 0x29, 0xe7, 0x32, 0xaa, 0x65, 0x95, 0x22, 0x69,
  0x08, 0xe1, 0x08, 0xe1, 0x08, 0xe1, 0x3a, 0xaa, 0x53, 0x8e, 0x09, 0x03, 0x08, 0xe1, 0x08, 0xe1,
  0x08, 0xe1, 0x08, 0xe1, 0x08, 0xe1, 0x08, 0xe1, 0x9d, 0x33, 0x08, 0xe1, 0x08, 0xe1, 0x08, 0xe1,
  0x08, 0xe1, 0x21, 0x63, 0x0a, 0x26, 0xc7, 0x5b, 0x08, 0xe1, 0x08, 0xe1, 0x08, 0xe1, 0x08, 0xe1,
  0x08, 0xa2, 0x19, 0x24, 0x19, 0x64, 0x32, 0x48, 0x52, 0xcc, 0x53, 0x2d, 0x5b, 0x8e, 0x4b, 0x4e,
  0x22, 0x29, 0x19, 0xc7, 0x08, 0xe1, 0x08, 0xe1, 0x08, 0xe1, 0x08, 0xe1, 0x08, 0xe1, 0x08, 0xe1,
  0x08, 0xe1, 0x08, 0xe1, 0x08, 0xe1, 0x01, 0x03, 0x08, 0xe1, 0x08, 0xe1, 0x08, 0xe1, 0x08, 0xe1,
  0x08, 0xe1, 0x08, 0xe1, 0x08, 0xe1, 0x08, 0xe1, 0x08, 0xe1, 0x08, 0xe1, 0x08, 0xe1, 0x08, 0xe1,
  0x08, 0xe1, 0x08, 0xe1, 0x08, 0xe1, 0x08, 0xe1, 0x08, 0xe1, 0x08, 0xe1, 0x08, 0xe1, 0x08, 0xe1,
  0x08, 0xe1, 0x08, 0xe1, 0x08, 0xe1, 0x08, 0xe1, 0x08, 0xe1, 0x08, 0xe1, 0x08, 0xe1, 0x08, 0xe1,
  0x08, 0xe1, 0x08, 0xe1, 0x08, 0xe1, 0x08, 0xe1, 0x08, 0xe1, 0x08, 0xe1, 0x08, 0xe1, 0x08, 0xe1,
  0x08, 0xe1, 0x08, 0xe1, 0x08, 0xe1, 0x08, 0xe1, 0x08, 0xe1, 0x08, 0xe1, 0x08, 0xe1, 0x08, 0xe1,
  0x08, 0xe1, 0x08, 0xe1, 0x08, 0xe1, 0x08, 0xe1, 0x08, 0xe1, 0x08, 0xe1, 0x08, 0xe1, 0x08, 0xe1,
  0x08, 0xe1, 0x08, 0xe1, 0x08, 0xe1, 0x08, 0xe1, 0x08, 0xe1, 0x08, 0xe1, 0x08, 0xe1, 0x08, 0xe1,
  0x08, 0xe1, 0x08, 0xe1, 0x08, 0xe1, 0x08, 0xe1, 0x08, 0xe1, 0x08, 0xe1, 0x08, 0xe1, 0x08, 0xe1,
  0x08, 0xe1, 0x08, 0xe1, 0x08, 0xe1, 0x08, 0xe1, 0x08, 0xe1, 0x08, 0xe1, 0x08, 0xe1, 0x94, 0xf3,
  0x08, 0xe1, 0x08, 0xe1, 0x08, 0xe1, 0x08, 0xe1, 0x08, 0xe1, 0x08, 0xe1, 0x08, 0xe1, 0x08, 0xe1,
  0x19, 0x44, 0x2a, 0x07, 0x53, 0x2b, 0x29, 0xc7, 0x31, 0xe7, 0x3a, 0x8a, 0x43, 0x2c, 0x8d, 0x54,
  0x09, 0x03, 0x08, 0xe1, 0x08, 0xe1, 0x2a, 0x28, 0x64, 0x10, 0x19, 0x85, 0x08, 0xe1, 0x08, 0xe1,
  0x08, 0xe1, 0x08, 0xe1, 0x08, 0xe1, 0x08, 0xe1, 0x09, 0x23, 0x21, 0xa5, 0x08, 0xe1, 0x08, 0xe1,
  0x08, 0xe1, 0x21, 0xc3, 0x96, 0xd7, 0x22, 0x66, 0xae, 0x57, 0x08, 0xe1, 0x08, 0xe1, 0x08, 0xe1,
  0x95, 0x13, 0x00, 0xc1, 0x43, 0x29, 0x00, 0xe2, 0x3a, 0x49, 0x42, 0xcb, 0x4a, 0xec, 0x5b, 0xf0,
  0x5b, 0xcf, 0x2a, 0x6a, 0x43, 0x2c, 0x19, 0x85, 0x08, 0xe1, 0x08, 0xe1, 0x08, 0xe1, 0x08, 0xe1,
  0x08, 0xe1, 0x08, 0xe1, 0x19, 0xa6, 0x5c, 0x0f, 0x08, 0xe1, 0x08, 0xe1, 0x08, 0xe1, 0x08, 0xe1,
  0x08, 0xe1, 0x08, 0xe1, 0x08, 0xe1, 0x08, 0xe1, 0x08, 0xe1, 0x08, 0xe1, 0x08, 0xe1, 0x08, 0xe1,
  0x08, 0xe1, 0x08, 0xe1, 0x08, 0xe1, 0x08, 0xe1, 0x08, 0xe1, 0x08, 0xe1, 0x08, 0xe1, 0x08, 0xe1,
  0x08, 0xe1, 0x08, 0xe1, 0x08, 0xe1, 0x08, 0xe1, 0x08, 0xe1, 0x08, 0xe1, 0x08, 0xe1, 0x08, 0xe1,
  0x08, 0xe1, 0x08, 0xe1, 0x08, 0xe1, 0x08, 0xe1, 0x08, 0xe1, 0x08, 0xe1, 0x08, 0xe1, 0x08, 0xe1,
  0x08, 0xe1, 0x08, 0xe1, 0x08, 0xe1, 0x08, 0xe1, 0x08, 0xe1, 0x08, 0xe1, 0x08, 0xe1, 0x08, 0xe1,
  0x08, 0xe1, 0x08, 0xe1, 0x08, 0xe1, 0x08, 0xe1, 0x08, 0xe1, 0x08, 0xe1, 0x08, 0xe1, 0x08, 0xe1,
  0x08, 0xe1, 0x08, 0xe1, 0x08, 0xe1, 0x08, 0xe1, 0x08, 0xe1, 0x08, 0xe1, 0x08, 0xe1, 0x08, 0xe1,
  0x08, 0xe1, 0x08, 0xe1, 0x08, 0xe1, 0x08, 0xe1, 0x08, 0xe1, 0x08, 0xe1, 0x08, 0xe1, 0x08, 0xe1,
  0x08, 0xe1, 0x08, 0xe1, 0x08, 0xe1, 0x08, 0xe1, 0x08, 0xe1, 0x08, 0xe1, 0x08, 0xe1, 0x19, 0x65,
  0x32, 0x47, 0x4a, 0xe9, 0x08, 0xe1, 0x08, 0xe1, 0x7c, 0x10, 0x8c, 0x92, 0x08, 0xe1, 0x08, 0xe1,
  0x08, 0xe1, 0x00, 0xa2, 0x32, 0x06, 0x42, 0xaa, 0x21, 0x65, 0x29, 0xc7, 0x5b, 0x4c, 0x42, 0xeb,
  0x4b, 0x2c, 0x21, 0x85, 0x08, 0xe1, 0x11, 0x45, 0x53, 0x8e, 0x7c, 0x50, 0x21, 0x65, 0x08, 0xe1,
  0x08, 0xe1, 0x08, 0xe1, 0x08, 0xe1, 0x08, 0xe1, 0x01, 0x44, 0x4b, 0x0b, 0x95, 0x33, 0x08, 0xe1,
  0x08, 0xe1, 0x19, 0xc2, 0x65, 0x91, 0xa6, 0xd6, 0x11, 0xe5, 0x4b, 0x2b, 0x08, 0xe1, 0x08, 0xe1,
  0x08, 0xe1, 0x19, 0xa4, 0x4b, 0x6a, 0x64, 0x4e, 0x4b, 0x0b, 0x42, 0xab, 0x42, 0xcc, 0x3a, 0xec,
  0x53, 0x8e, 0x64, 0x31, 0x4b, 0xae, 0xa6, 0x17, 0x32, 0x28, 0x08, 0xe1, 0x08, 0xe1, 0x08, 0xe1,
  0x08, 0xe1, 0x11, 0x03, 0x85, 0x54, 0x7c, 0xf3, 0x84, 0x91, 0x08, 0xe1, 0x08, 0xe1, 0x08, 0xe1,
  0x08, 0xe1, 0x08, 0xe1, 0x08, 0xe1, 0x08, 0xe1, 0x08, 0xe1, 0x08, 0xe1, 0x08, 0xe1, 0x08, 0xe1,
  0x08, 0xe1, 0x08, 0xe1, 0x08, 0xe1, 0x08, 0xe1, 0x08, 0xe1, 0x08, 0xe1, 0x08, 0xe1, 0x08, 0xe1,
  0x08, 0xe1, 0x08, 0xe1, 0x08, 0xe1, 0x08, 0xe1, 0x08, 0xe1, 0x08, 0xe1, 0x08, 0xe1, 0x08, 0xe1,
  0x08, 0xe1, 0x08, 0xe1, 0x08, 0xe1, 0x08, 0xe1, 0x08, 0xe1, 0x08, 0xe1, 0x08, 0xe1, 0x08, 0xe1,
  0x08, 0xe1, 0x08, 0xe1, 0x08, 0xe1, 0x08, 0xe1, 0x08, 0xe1, 0x08, 0xe1, 0x08, 0xe1, 0x08, 0xe1,
  0x08, 0xe1, 0x08, 0xe1, 0x08, 0xe1, 0x08, 0xe1, 0x08, 0xe1, 0x08, 0xe1, 0x08, 0xe1, 0x08, 0xe1,
  0x08, 0xe1, 0x08, 0xe1, 0x08, 0xe1, 0x08, 0xe1, 0x08, 0xe1, 0x08, 0xe1, 0x08, 0xe1, 0x08, 0xe1,
  0x08, 0xe1, 0x08, 0xe1, 0x08, 0xe1, 0x08, 0xe1, 0x08, 0xe1, 0x08, 0xe1, 0x08, 0xe1, 0x08, 0xe1,
  0x08, 0xe1, 0x08, 0xe1, 0x08, 0xe1, 0x08, 0xe1, 0x08, 0xe1, 0x08, 0xe1, 0x08, 0xe1, 0x5b, 0x2b,
  0x6c, 0x6f, 0x8d, 0xd4, 0x3b, 0x4b, 0x2a, 0xa8, 0x2a, 0xc9, 0x19, 0xe5, 0x11, 0x84, 0x09, 0x02,
  0x08, 0xe1, 0x08, 0xe1, 0x21, 0x65, 0x31, 0xe7, 0x32, 0x08, 0x42, 0x8a, 0x19, 0x86, 0x53, 0x8e,
  0x53, 0xcf, 0x4b, 0x0b, 0x3a, 0xaa, 0x00, 0xc2, 0x4b, 0x2c, 0x64, 0x51, 0x32, 0xaa, 0x08, 0xe1,
  0x08, 0xe1, 0x08, 0xe1, 0x08, 0xe1, 0x08, 0xe1, 0x00, 0xe3, 0x95, 0x94, 0x00, 0xc2, 0x6c, 0x4d,
  0x8d, 0x51, 0x32, 0x44, 0x75, 0x50, 0x4c, 0x8d, 0x96, 0x74, 0x4b, 0xaa, 0x2a, 0x87, 0x95, 0xb3,
  0xae, 0xd8, 0xae, 0xd8, 0x2a, 0xa7, 0x54, 0x6d, 0x12, 0x05, 0x08, 0xe2, 0x2a, 0x07, 0x3a, 0xab,
  0x42, 0xec, 0x4b, 0x2d, 0x6c, 0x92, 0x75, 0x14, 0x3a, 0xeb, 0x08, 0xe1, 0x08, 0xe1, 0x08, 0xe1,
  0x7c, 0x30, 0x9e, 0x17, 0x5b, 0xee, 0x53, 0xae, 0x08, 0xe1, 0x08, 0xe1, 0x08, 0xe1, 0x08, 0xe1,
  0x08, 0xe1, 0x08, 0xe1, 0x08, 0xe1, 0x08, 0xe1, 0x08, 0xe1, 0x08, 0xe1, 0x08, 0xe1, 0x08, 0xe1,
  0x08, 0xe1, 0x08, 0xe1, 0x08, 0xe1, 0x08, 0xe1, 0x08, 0xe1, 0x08, 0xe1, 0x08, 0xe1, 0x08, 0xe1,
  0x08, 0xe1, 0x08, 0xe1, 0x08, 0xe1, 0x08, 0xe1, 0x08, 0xe1, 0x08, 0xe1, 0x08, 0xe1, 0x08, 0xe1,
  0x08, 0xe1, 0x08, 0xe1, 0x08, 0xe1, 0x08, 0xe1, 0x08, 0xe1, 0x08, 0xe1, 0x08, 0xe1, 0x08, 0xe1,
  0x08, 0xe1, 0x08, 0xe1, 0x08, 0xe1, 0x08, 0xe1, 0x08, 0xe1, 0x08, 0xe1, 0x08, 0xe1, 0x08, 0xe1,
  0x08, 0xe1, 0x08, 0xe1, 0x08, 0xe1, 0x08, 0xe1, 0x08, 0xe1, 0x08, 0xe1, 0x08, 0xe1, 0x08, 0xe1,
  0x08, 0xe1, 0x08, 0xe1, 0x08, 0xe1, 0x08, 0xe1, 0x08, 0xe1, 0x08, 0xe1, 0x08, 0xe1, 0x08, 0xe1,
  0x08, 0xe1, 0x08, 0xe1, 0x08, 0xe1, 0x08, 0xe1, 0x08, 0xe1, 0x08, 0xe1, 0x08, 0xe1, 0x08, 0xe1,
  0x08, 0xe1, 0x08, 0xe1, 0x08, 0xe1, 0x08, 0xe1, 0x08, 0xe1, 0x08, 0xe1, 0x08, 0xe1, 0x08, 0xe1,
  0x19, 0x62, 0x4b, 0x4a, 0x43, 0x6a, 0x3b, 0x49, 0x4b, 0xcb, 0x4c, 0x6e, 0x4b, 0xcb, 0x53, 0xcb,
  0x19, 0x83, 0x00, 0xa1, 0x08, 0xe1, 0x08, 0xa2, 0x29, 0x86, 0x3a, 0x28, 0x42, 0x49, 0x21, 0xc7,
  0x53, 0x8e, 0x5b, 0xcf, 0x43, 0x0d, 0x3a, 0x89, 0x3a, 0xcb, 0x32, 0xaa, 0x64, 0x10, 0x32, 0x08,
  0x6b, 0xce, 0x08, 0xe1, 0x08, 0xe1, 0x08, 0xe1, 0x00, 0xa2, 0x6c, 0x50, 0x84, 0xf2, 0x32, 0xc7,
  0x5c, 0x2d, 0x43, 0x48, 0x43, 0x07, 0x53, 0x89, 0x54, 0x2b, 0x86, 0x54, 0x8e, 0x95, 0x3b, 0xca,
  0x3b, 0x89, 0x43, 0xea, 0x9e, 0xd5, 0x22, 0x87, 0x4c, 0x4c, 0x7d, 0x93, 0x01, 0x02, 0x2a, 0x29,
  0x4b, 0x2d, 0x3a, 0xab, 0x2a, 0x8a, 0x64, 0xd3, 0x7d, 0x34, 0x11, 0x65, 0x08, 0xe1, 0x08, 0xe1,
  0x2a, 0x28, 0x9e, 0x99, 0x54, 0x50, 0x95, 0xb6, 0x08, 0xe1, 0x08, 0xe1, 0x08, 0xe1, 0x08, 0xe1,
  0x08, 0xe1, 0x08, 0xe1, 0x08, 0xe1, 0x08, 0xe1, 0x08, 0xe1, 0x08, 0xe1, 0x08, 0xe1, 0x08, 0xe1,
  0x08, 0xe1, 0x08, 0xe1, 0x08, 0xe1, 0x08, 0xe1, 0x08, 0xe1, 0x08, 0xe1, 0x08, 0xe1, 0x08, 0xe1,
  0x08, 0xe1, 0x08, 0xe1, 0x08, 0xe1, 0x08, 0xe1, 0x08, 0xe1, 0x08, 0xe1, 0x08, 0xe1, 0x08, 0xe1,
  0x08, 0xe1, 0x08, 0xe1, 0x08, 0xe1, 0x08, 0xe1, 0x08, 0xe1, 0x08, 0xe1, 0x08, 0xe1, 0x08, 0xe1,
  0x08, 0xe1, 0x08, 0xe1, 0x08, 0xe1, 0x08, 0xe1, 0x08, 0xe1, 0x08, 0xe1, 0x08, 0xe1, 0x08, 0xe1,
  0x08, 0xe1, 0x08, 0xe1, 0x08, 0xe1, 0x08, 0xe1, 0x08, 0xe1, 0x08, 0xe1, 0x08, 0xe1, 0x08, 0xe1,
  0x08, 0xe1, 0x08, 0xe1, 0x08, 0xe1, 0x08, 0xe1, 0x08, 0xe1, 0x08, 0xe1, 0x08, 0xe1, 0x08, 0xe1,
  0x08, 0xe1, 0x08, 0xe1, 0x08, 0xe1, 0x08, 0xe1, 0x08, 0xe1, 0x08, 0xe1, 0x08, 0xe1, 0x08, 0xe1,
  0x08, 0xe1, 0x08, 0xe1, 0x08, 0xe1, 0x08, 0xe1, 0x08, 0xe1, 0x08, 0xe1, 0x08, 0xe1, 0x08, 0xe1,
  0x9d, 0x33, 0x19, 0x83, 0x5b, 0xcc, 0x5b, 0xcc, 0x5b, 0xcc, 0x32, 0xa7, 0x53, 0xec, 0x3a, 0xe7,
  0x43, 0x4a, 0x22, 0x47, 0x08, 0xc2, 0x52, 0xeb, 0x53, 0x0b, 0x21, 0x85, 0x3a, 0x49, 0x3a, 0x49,
  0x21, 0xa6, 0x32, 0x49, 0x43, 0x6e, 0x5b, 0x6e, 0x19, 0x66, 0x42, 0xab, 0x3a, 0x8a, 0x74, 0x51,
  0x5b, 0xcf, 0x19, 0xa7, 0x08, 0xe1, 0x08, 0xe1, 0x00, 0xc3, 0x3a, 0xeb, 0x64, 0x30, 0x01, 0x43,
  0x5c, 0x0b, 0x22, 0xa5, 0x64, 0xad, 0x3b, 0x47, 0x64, 0x6c, 0x64, 0xcd, 0x6d, 0x91, 0x8e, 0x94,
  0x8e, 0x54, 0x02, 0x03, 0x3b, 0xa9, 0x85, 0xb2, 0x3b, 0x69, 0x33, 0x8a, 0x96, 0x76, 0x08, 0xe2,
  0x53, 0x2c, 0x4b, 0x0d, 0x42, 0xcb, 0x4b, 0x6e, 0x43, 0xae, 0x43, 0x0c, 0x8c, 0x92, 0x3a, 0xaa,
  0x7c, 0xd2, 0x5c, 0xd2, 0x8e, 0x58, 0x43, 0x6d, 0x08, 0xe1, 0x08, 0xe1, 0x08, 0xe1, 0x08, 0xe1,
  0x08, 0xe1, 0x08, 0xe1, 0x08, 0xe1, 0x08, 0xe1, 0x08, 0xe1, 0x08, 0xe1, 0x08, 0xe1, 0x08, 0xe1,
  0x08, 0xe1, 0x08, 0xe1, 0x08, 0xe1, 0x08, 0xe1, 0x08, 0xe1, 0x08, 0xe1, 0x08, 0xe1, 0x08, 0xe1,
  0x08, 0xe1, 0x08, 0xe1, 0x08, 0xe1, 0x08, 0xe1, 0x08, 0xe1, 0x08, 0xe1, 0x08, 0xe1, 0x08, 0xe1,
  0x08, 0xe1, 0x08, 0xe1, 0x08, 0xe1, 0x08, 0xe1, 0x08, 0xe1, 0x08, 0xe1, 0x08, 0xe1, 0x08, 0xe1,
  0x08, 0xe1, 0x08, 0xe1, 0x08, 0xe1, 0x08, 0xe1, 0x08, 0xe1, 0x08, 0xe1, 0x08, 0xe1, 0x08, 0xe1,
  0x08, 0xe1, 0x08, 0xe1, 0x08, 0xe1, 0x08, 0xe1, 0x08, 0xe1, 0x08, 0xe1, 0x08, 0xe1, 0x08, 0xe1,
  0x08, 0xe1, 0x08, 0xe1, 0x08, 0xe1, 0x08, 0xe1, 0x08, 0xe1, 0x08, 0xe1, 0x08, 0xe1, 0x08, 0xe1,
  0x08, 0xe1, 0x08, 0xe1, 0x08, 0xe1, 0x08, 0xe1, 0x08, 0xe1, 0x08, 0xe1, 0x08, 0xe1, 0x08, 0xe1,
  0x08, 0xe1, 0x08, 0xe1, 0x08, 0xe1, 0x08, 0xe1, 0x08, 0xe1, 0x08, 0xe1, 0x08, 0xe1, 0x08, 0xe1,
  0x08, 0xe1, 0x8c, 0xb1, 0x00, 0xe0, 0x63, 0xcc, 0x63, 0xcc, 0x63, 0xcc, 0x4b, 0x8a, 0x5b, 0xcb,
  0x32, 0x87, 0x2a, 0x87, 0x53, 0x2c, 0x52, 0xeb, 0x42, 0xaa, 0x3a, 0x69, 0x29, 0xc7, 0x3a, 0x28,
  0x3a, 0x28, 0x42, 0x8a, 0x2a, 0x49, 0x53, 0x2c, 0x5b, 0x6d, 0x21, 0xc8, 0x53, 0x2d, 0x32, 0x29,
  0x5b, 0xcf, 0x6c, 0x31, 0x42, 0xab, 0x2a, 0x28, 0x00, 0xe3, 0x3a, 0xcb, 0x53, 0x6d, 0x5b, 0xee,
  0x43, 0x09, 0x22, 0xa5, 0x65, 0x2f, 0x4c, 0xce, 0x3b, 0xa9, 0x53, 0xea, 0x6d, 0x0f, 0x7d, 0xb1,
  0x7d, 0xb1, 0x8e, 0x53, 0x12, 0x64, 0x4b, 0xca, 0x33, 0x07, 0x43, 0x89, 0x75, 0x51, 0x96, 0x15,
  0x00, 0xe2, 0x42, 0x89, 0x3a, 0xaa, 0x32, 0x8a, 0x74, 0xd3, 0x64, 0x10, 0x11, 0x65, 0x7c, 0xd2,
  0x75, 0x13, 0xa6, 0xda, 0xa6, 0xda, 0x00, 0x81, 0x08, 0xe1, 0x08, 0xe1, 0x08, 0xe1, 0x08, 0xe1,
  0x08, 0xe1, 0x08, 0xe1, 0x08, 0xe1, 0x08, 0xe1, 0x08, 0xe1, 0x08, 0xe1, 0x08, 0xe1, 0x08, 0xe1,
  0x08, 0xe1, 0x08, 0xe1, 0x08, 0xe1, 0x08, 0xe1, 0x08, 0xe1, 0x08, 0xe1, 0x08, 0xe1, 0x08, 0xe1,
  0x08, 0xe1, 0x08, 0xe1, 0x08, 0xe1, 0x08, 0xe1, 0x08, 0xe1, 0x08, 0xe1, 0x08, 0xe1, 0x08, 0xe1,
  0x08, 0xe1, 0x08, 0xe1, 0x08, 0xe1, 0x08, 0xe1, 0x08, 0xe1, 0x08, 0xe1, 0x08, 0xe1, 0x08, 0xe1,
  0x08, 0xe1, 0x08, 0xe1, 0x08, 0xe1, 0x08, 0xe1, 0x08, 0xe1, 0x08, 0xe1, 0x08, 0xe1, 0x08, 0xe1,
  0x08, 0xe1, 0x08, 0xe1, 0x08, 0xe1, 0x08, 0xe1, 0x08, 0xe1, 0x08, 0xe1, 0x08, 0xe1, 0x08, 0xe1,
  0x08, 0xe1, 0x08, 0xe1, 0x08, 0xe1, 0x08, 0xe1, 0x08, 0xe1, 0x08, 0xe1, 0x08, 0xe1, 0x08, 0xe1,
  0x08, 0xe1, 0x08, 0xe1, 0x08, 0xe1, 0x08, 0xe1, 0x08, 0xe1, 0x08, 0xe1, 0x08, 0xe1, 0x08, 0xe1,
  0x08, 0xe1, 0x08, 0xe1, 0x08, 0xe1, 0x08, 0xe1, 0x08, 0xe1, 0x08, 0xe1, 0x08, 0xe1, 0x08, 0xe1,
  0x08, 0xe1, 0x08, 0xe1, 0x08, 0xe1, 0x09, 0x02, 0x09, 0x02, 0x42, 0xa8, 0x42, 0xa8, 0x29, 0xe5,
  0x32, 0x26, 0x11, 0x22, 0x10, 0xa2, 0x84, 0x30, 0x08, 0xe1, 0x84, 0x30, 0x00, 0x61, 0x08, 0xa2,
  0x08, 0xe3, 0x4a, 0xca, 0x4b, 0x0b, 0x3a, 0x48, 0x21, 0xc6, 0x43, 0x2c, 0x4b, 0x4d, 0x3a, 0xcb,
  0x63, 0xcf, 0x53, 0xcf, 0x4b, 0x2d, 0x5b, 0xaf, 0x4a, 0xeb, 0x21, 0xa7, 0x19, 0x86, 0x74, 0x92,
  0x00, 0xc2, 0x11, 0xc2, 0x43, 0x88, 0x4b, 0xe8, 0x4c, 0x8d, 0x5c, 0x6c, 0x32, 0xe6, 0x6c, 0x8d,
  0x7c, 0xad, 0x64, 0x8d, 0x6d, 0xf2, 0x7d, 0xb1, 0x43, 0x89, 0x4b, 0xc9, 0x54, 0x4b, 0x65, 0xf3,
  0x8e, 0x97, 0x01, 0x02, 0x4a, 0xa9, 0x22, 0x08, 0x6c, 0x51, 0x42, 0xeb, 0x7c, 0xf1, 0xb7, 0x1b,
  0x43, 0x8d, 0xae, 0x79, 0x00, 0x61, 0x08, 0xe1, 0x08, 0xe1, 0x08, 0xe1, 0x08, 0xe1, 0x08, 0xe1,
  0x08, 0xe1, 0x08, 0xe1, 0x08, 0xe1, 0x08, 0xe1, 0x08, 0xe1, 0x08, 0xe1, 0x08, 0xe1, 0x08, 0xe1,
  0x08, 0xe1, 0x08, 0xe1, 0x08, 0xe1, 0x08, 0xe1, 0x08, 0xe1, 0x08, 0xe1, 0x08, 0xe1, 0x08, 0xe1,
  0x08, 0xe1, 0x08, 0xe1, 0x08, 0xe1, 0x08, 0xe1, 0x08, 0xe1, 0x08, 0xe1, 0x08, 0xe1, 0x08, 0xe1,
  0x08, 0xe1, 0x08, 0xe1, 0x08, 0xe1, 0x08, 0xe1, 0x08, 0xe1, 0x08, 0xe1, 0x08, 0xe1, 0x08, 0xe1,
  0x08, 0xe1, 0x08, 0xe1, 0x08, 0xe1, 0x08, 0xe1, 0x08, 0xe1, 0x08, 0xe1, 0x08, 0xe1, 0x08, 0xe1,
  0x08, 0xe1, 0x08, 0xe1, 0x08, 0xe1, 0x08, 0xe1, 0x08, 0xe1, 0x08, 0xe1, 0x08, 0xe1, 0x08, 0xe1,
  0x08, 0xe1, 0x08, 0xe1, 0x08, 0xe1, 0x08, 0xe1, 0x08, 0xe1, 0x08, 0xe1, 0x08, 0xe1, 0x08, 0xe1,
  0x08, 0xe1, 0x08, 0xe1, 0x08, 0xe1, 0x08, 0xe1, 0x08, 0xe1, 0x08, 0xe1, 0x08, 0xe1, 0x08, 0xe1,
  0x08, 0xe1, 0x08, 0xe1, 0x08, 0xe1, 0x08, 0xe1, 0x08, 0xe1, 0x08, 0xe1, 0x08, 0xe1, 0x08, 0xe1,
  0x08, 0xe1, 0x08, 0xe1, 0x08, 0xe1, 0x08, 0xe1, 0x6b, 0xce, 0x00, 0x81, 0x08, 0x81, 0x00, 0x40,
  0x10, 0xe2, 0x08, 0xe1, 0x08, 0xe1, 0x08, 0xe1, 0x08, 0xe1, 0x08, 0xe1, 0x08, 0xe1, 0x08, 0xe1,
  0x08, 0xe1, 0x21, 0x85, 0x00, 0x81, 0x19, 0x04, 0x19, 0x85, 0x53, 0x8e, 0x43, 0x2c, 0x19, 0xc7,
  0x4a, 0xec, 0x4b, 0x2d, 0x5b, 0xaf, 0x4b, 0x2d, 0x4b, 0x0c, 0x19, 0x65, 0x2a, 0x08, 0x64, 0x10,
  0x4b, 0x2b, 0x19, 0xa2, 0x43, 0x48, 0x2a, 0x84, 0x54, 0x4c, 0x4c, 0x4c, 0x64, 0xad, 0x5c, 0x6c,
  0x3b, 0x27, 0x4b, 0xca, 0x6d, 0x90, 0x7d, 0x91, 0x43, 0x47, 0x2a, 0xa6, 0x43, 0xaa, 0x65, 0x50,
  0x96, 0xb6, 0x64, 0x8f, 0x08, 0xc1, 0x32, 0x69, 0x53, 0xaf, 0x3a, 0xca, 0x64, 0x2e, 0x9e, 0x78,
  0x5c, 0x2f, 0x19, 0xc6, 0x08, 0xe1, 0x08, 0xe1, 0x08, 0xe1, 0x08, 0xe1, 0x08, 0xe1, 0x08, 0xe1,
  0x08, 0xe1, 0x08, 0xe1, 0x08, 0xe1, 0x08, 0xe1, 0x08, 0xe1, 0x08, 0xe1, 0x08, 0xe1, 0x08, 0xe1,
  0x08, 0xe1, 0x08, 0xe1, 0x08, 0xe1, 0x08, 0xe1, 0x08, 0xe1, 0x08, 0xe1, 0x08, 0xe1, 0x08, 0xe1,
  0x08, 0xe1, 0x08, 0xe1, 0x08, 0xe1, 0x08, 0xe1, 0x08, 0xe1, 0x08, 0xe1, 0x08, 0xe1, 0x08, 0xe1,
  0x08, 0xe1, 0x08, 0xe1, 0x08, 0xe1, 0x08, 0xe1, 0x08, 0xe1, 0x08, 0xe1, 0x08, 0xe1, 0x08, 0xe1,
  0x08, 0xe1, 0x08, 0xe1, 0x08, 0xe1, 0x08, 0xe1, 0x08, 0xe1, 0x08, 0xe1, 0x08, 0xe1, 0x08, 0xe1,
  0x08, 0xe1, 0x08, 0xe1, 0x08, 0xe1, 0x08, 0xe1, 0x08, 0xe1, 0x08, 0xe1, 0x08, 0xe1, 0x08, 0xe1,
  0x08, 0xe1, 0x08, 0xe1, 0x08, 0xe1, 0x08, 0xe1, 0x08, 0xe1, 0x08, 0xe1, 0x08, 0xe1, 0x08, 0xe1,
  0x08, 0xe1, 0x08, 0xe1, 0x08, 0xe1, 0x08, 0xe1, 0x08, 0xe1, 0x08, 0xe1, 0x08, 0xe1, 0x08, 0xe1,
  0x08, 0xe1, 0x08, 0xe1, 0x08, 0xe1, 0x08, 0xe1, 0x08, 0xe1, 0x08, 0xe1, 0x08, 0xe1, 0x08, 0xe1,
  0x08, 0xe1, 0x08, 0xe1, 0x08, 0xe1, 0x08, 0xe1, 0x08, 0xe1, 0x08, 0xe1, 0x08, 0xe1, 0x08, 0xe1,
  0x08, 0xe1, 0x08, 0xe1, 0x08, 0xe1, 0x08, 0xe1, 0x08, 0xe1, 0x08, 0xe1, 0x08, 0xe1, 0x08, 0xe1,
  0x08, 0xe1, 0x08, 0xe1, 0x08, 0xe1, 0x4a, 0x28, 0x08, 0xa2, 0x00, 0xe3, 0x43, 0x2c, 0x22, 0x08,
  0x10, 0xe4, 0x3a, 0x6a, 0x32, 0x8a, 0x53, 0x4d, 0x32, 0x28, 0x3a, 0x69, 0x19, 0x65, 0x6c, 0x31,
  0x7c, 0x91, 0x11, 0x22, 0x42, 0xe7, 0x2a, 0x85, 0x3b, 0x07, 0x4c, 0x6c, 0x4c, 0x2b, 0x75, 0xb1,
  0x7d, 0xb1, 0x43, 0xca, 0x85, 0xb1, 0x43, 0x68, 0x63, 0xea, 0x11, 0x82, 0x09, 0xa3, 0x96, 0x73,
  0x86, 0x12, 0x7e, 0x14, 0x11, 0xe4, 0x2a, 0x27, 0x5b, 0xcf, 0x22, 0x27, 0x53, 0x8c, 0x9e, 0x58,
  0x75, 0x12, 0x6b, 0xef, 0x08, 0xe1, 0x08, 0xe1, 0x08, 0xe1, 0x08, 0xe1, 0x08, 0xe1, 0x08, 0xe1,
  0x08, 0xe1, 0x08, 0xe1, 0x08, 0xe1, 0x08, 0xe1, 0x08, 0xe1, 0x08, 0xe1, 0x08, 0xe1, 0x08, 0xe1,
  0x08, 0xe1, 0x08, 0xe1, 0x08, 0xe1, 0x08, 0xe1, 0x08, 0xe1, 0x08, 0xe1, 0x08, 0xe1, 0x08, 0xe1,
  0x08, 0xe1, 0x08, 0xe1, 0x08, 0xe1, 0x08, 0xe1, 0x08, 0xe1, 0x08, 0xe1, 0x08, 0xe1, 0x08, 0xe1,
  0x08, 0xe1, 0x08, 0xe1, 0x08, 0xe1, 0x08, 0xe1, 0x08, 0xe1, 0x08, 0xe1, 0x08, 0xe1, 0x08, 0xe1,
  0x08, 0xe1, 0x08, 0xe1, 0x08, 0xe1, 0x08, 0xe1, 0x08, 0xe1, 0x08, 0xe1, 0x08, 0xe1, 0x08, 0xe1,
  0x08, 0xe1, 0x08, 0xe1, 0x08, 0xe1, 0x08, 0xe1, 0x08, 0xe1, 0x08, 0xe1, 0x08, 0xe1, 0x08, 0xe1,
  0x08, 0xe1, 0x08, 0xe1, 0x08, 0xe1, 0x08, 0xe1, 0x08, 0xe1, 0x08, 0xe1, 0x08, 0xe1, 0x08, 0xe1,
  0x08, 0xe1, 0x08, 0xe1, 0x08, 0xe1, 0x08, 0xe1, 0x08, 0xe1, 0x08, 0xe1, 0x08, 0xe1, 0x08, 0xe1,
  0x08, 0xe1, 0x08, 0xe1, 0x08, 0xe1, 0x08, 0xe1, 0x08, 0xe1, 0x08, 0xe1, 0x08, 0xe1, 0x08, 0xe1,
  0x08, 0xe1, 0x08, 0xe1, 0x08, 0xe1, 0x08, 0xe1, 0x08, 0xe1, 0x08, 0xe1, 0x08, 0xe1, 0x08, 0xe1,
  0x08, 0xe1, 0x08, 0xe1, 0x08, 0xe1, 0x08, 0xe1, 0x08, 0xe1, 0x08, 0xe1, 0x08, 0xe1, 0x08, 0xe1,
  0x08, 0xe1, 0x08, 0xe1, 0x08, 0xe1, 0x08, 0xe1, 0x08, 0xe1, 0x74, 0x0f, 0x08, 0xe2, 0x19, 0x24,
  0x00, 0xa1, 0x21, 0x45, 0x42, 0x6a, 0x4a, 0xcb, 0x42, 0xcb, 0x53, 0x4d, 0x42, 0xcc, 0x3a, 0x69,
  0x42, 0xaa, 0x32, 0x26, 0x29, 0xc3, 0x21, 0xa1, 0x2a, 0x44, 0x43, 0x07, 0x53, 0xea, 0x7d, 0x0f,
  0x85, 0x91, 0x8d, 0xd2, 0x43, 0x89, 0x64, 0x6d, 0x22, 0x03, 0x95, 0xd3, 0x11, 0xa3, 0x09, 0xe3,
  0xa7, 0x17, 0x86, 0x54, 0x75, 0x52, 0x00, 0xc1, 0x4b, 0xae, 0x22, 0x06, 0x4b, 0x0a, 0x74, 0x91,
  0x64, 0x0f, 0x08, 0xe1, 0x08, 0xe1, 0x08, 0xe1, 0x08, 0xe1, 0x08, 0xe1, 0x08, 0xe1, 0x08, 0xe1,
  0x08, 0xe1, 0x08, 0xe1, 0x08, 0xe1, 0x08, 0xe1, 0x08, 0xe1, 0x08, 0xe1, 0x08, 0xe1, 0x08, 0xe1,
  0x08, 0xe1, 0x08, 0xe1, 0x08, 0xe1, 0x08, 0xe1, 0x08, 0xe1, 0x08, 0xe1, 0x08, 0xe1, 0x08, 0xe1,
  0x08, 0xe1, 0x08, 0xe1, 0x08, 0xe1, 0x08, 0xe1, 0x08, 0xe1, 0x08, 0xe1, 0x08, 0xe1, 0x08, 0xe1,
  0x08, 0xe1, 0x08, 0xe1, 0x08, 0xe1, 0x08, 0xe1, 0x08, 0xe1, 0x08, 0xe1, 0x08, 0xe1, 0x08, 0xe1,
  0x08, 0xe1, 0x08, 0xe1, 0x08, 0xe1, 0x08, 0xe1, 0x08, 0xe1, 0x08, 0xe1, 0x08, 0xe1, 0x08, 0xe1,
  0x08, 0xe1, 0x08, 0xe1, 0x08, 0xe1, 0x08, 0xe1, 0x08, 0xe1, 0x08, 0xe1, 0x08, 0xe1, 0x08, 0xe1,
  0x08, 0xe1, 0x08, 0xe1, 0x08, 0xe1, 0x08, 0xe1, 0x08, 0xe1, 0x08, 0xe1, 0x08, 0xe1, 0x08, 0xe1,
  0x08, 0xe1, 0x08, 0xe1, 0x08, 0xe1, 0x08, 0xe1, 0x08, 0xe1, 0x08, 0xe1, 0x08, 0xe1, 0x08, 0xe1,
  0x08, 0xe1, 0x08, 0xe1, 0x08, 0xe1, 0x08, 0xe1, 0x08, 0xe1, 0x08, 0xe1, 0x08, 0xe1, 0x08, 0xe1,
  0x08, 0xe1, 0x08, 0xe1, 0x08, 0xe1, 0x08, 0xe1, 0x08, 0xe1, 0x08, 0xe1, 0x08, 0xe1, 0x08, 0xe1,
  0x08, 0xe1, 0x08, 0xe1, 0x08, 0xe1, 0x08, 0xe1, 0x08, 0xe1, 0x08, 0xe1, 0x08, 0xe1, 0x08, 0xe1,
  0x08, 0xe1, 0x08, 0xe1, 0x08, 0xe1, 0x08, 0xe1, 0x08, 0xe1, 0x08, 0xe1, 0x08, 0xe1, 0x7c, 0x6f,
  0x09, 0x22, 0x00, 0xa1, 0x21, 0x86, 0x29, 0xe8, 0x42, 0xab, 0x53, 0x4d, 0x42, 0xab, 0x3a, 0x69,
  0x53, 0x2c, 0x3a, 0x68, 0x11, 0x22, 0x4b, 0x09, 0x32, 0x65, 0x19, 0xc2, 0x5b, 0xea, 0x5b, 0xea,
  0x6c, 0xad, 0x75, 0x2f, 0x54, 0x2b, 0x4b, 0xa9, 0x32, 0x44, 0x43, 0xcb, 0xbf, 0x59, 0x09, 0x61,
  0x1a, 0x23, 0x9e, 0xd6, 0x75, 0xb2, 0x64, 0x4e, 0x43, 0x2b, 0x1a, 0x46, 0x43, 0xab, 0x54, 0x2f,
  0x42, 0xe9, 0x8d, 0x12, 0x08, 0xe1, 0x08, 0xe1, 0x08, 0xe1, 0x08, 0xe1, 0x08, 0xe1, 0x08, 0xe1,
  0x08, 0xe1, 0x08, 0xe1, 0x08, 0xe1, 0x08, 0xe1, 0x08, 0xe1, 0x08, 0xe1, 0x08, 0xe1, 0x08, 0xe1,
  0x08, 0xe1, 0x08, 0xe1, 0x08, 0xe1, 0x08, 0xe1, 0x08, 0xe1, 0x08, 0xe1, 0x08, 0xe1, 0x08, 0xe1,
  0x08, 0xe1, 0x08, 0xe1, 0x08, 0xe1, 0x08, 0xe1, 0x08, 0xe1, 0x08, 0xe1, 0x08, 0xe1, 0x08, 0xe1,
  0x08, 0xe1, 0x08, 0xe1, 0x08, 0xe1, 0x08, 0xe1, 0x08, 0xe1, 0x08, 0xe1, 0x08, 0xe1, 0x08, 0xe1,
  0x08, 0xe1, 0x08, 0xe1, 0x08, 0xe1, 0x08, 0xe1, 0x08, 0xe1, 0x08, 0xe1, 0x08, 0xe1, 0x08, 0xe1,
  0x08, 0xe1, 0x08, 0xe1, 0x08, 0xe1, 0x08, 0xe1, 0x08, 0xe1, 0x08, 0xe1, 0x08, 0xe1, 0x08, 0xe1,
  0x08, 0xe1, 0x08, 0xe1, 0x08, 0xe1, 0x08, 0xe1, 0x08, 0xe1, 0x08, 0xe1, 0x08, 0xe1, 0x08, 0xe1,
  0x08, 0xe1, 0x08, 0xe1, 0x08, 0xe1, 0x08, 0xe1, 0x08, 0xe1, 0x08, 0xe1, 0x08, 0xe1, 0x08, 0xe1,
  0x08, 0xe1, 0x08, 0xe1, 0x08, 0xe1, 0x08, 0xe1, 0x08, 0xe1, 0x08, 0xe1, 0x08, 0xe1, 0x08, 0xe1,
  0x08, 0xe1, 0x08, 0xe1, 0x08, 0xe1, 0x08, 0xe1, 0x08, 0xe1, 0x08, 0xe1, 0x08, 0xe1, 0x08, 0xe1,
  0x29, 0xc7, 0x00, 0xc3, 0x9c, 0xd3, 0x08, 0xe1, 0x08, 0xe1, 0x08, 0xe1, 0x08, 0xe1, 0x08, 0xe1,
  0x08, 0xe1, 0x08, 0xe1, 0x4b, 0x09, 0x42, 0xa6, 0x19, 0x81, 0x11, 0x82, 0x11, 0x62, 0x19, 0xc3,
  0x09, 0x42, 0x1a, 0x04, 0x00, 0xc2, 0x19, 0x24, 0x4a, 0xeb, 0x42, 0x8a, 0x4a, 0xcb, 0x4a, 0xcb,
  0x3a, 0xab, 0x63, 0x8e, 0x08, 0xc1, 0x4a, 0xe9, 0x43, 0x07, 0x53, 0x69, 0x32, 0x64, 0x5c, 0x0b,
  0x5b, 0x48, 0x63, 0xeb, 0x75, 0x30, 0x3b, 0x07, 0x3a, 0x85, 0x32, 0xe6, 0x96, 0xb5, 0xcf, 0xfc,
  0x01, 0x82, 0x74, 0xef, 0x7d, 0xd2, 0x5c, 0x8d, 0x21, 0x63, 0x19, 0xe5, 0x33, 0x6b, 0x33, 0x4a,
  0x12, 0x04, 0x53, 0xec, 0xcf, 0x1a, 0x84, 0xd2, 0x08, 0xe1, 0x08, 0xe1, 0x08, 0xe1, 0x08, 0xe1,
  0x08, 0xe1, 0x08, 0xe1, 0x08, 0xe1, 0x08, 0xe1, 0x08, 0xe1, 0x08, 0xe1, 0x08, 0xe1, 0x08, 0xe1,
  0x08, 0xe1, 0x08, 0xe1, 0x08, 0xe1, 0x08, 0xe1, 0x08, 0xe1, 0x08, 0xe1, 0x08, 0xe1, 0x08, 0xe1,
  0x08, 0xe1, 0x08, 0xe1, 0x08, 0xe1, 0x08, 0xe1, 0x08, 0xe1, 0x08, 0xe1, 0x08, 0xe1, 0x08, 0xe1,
  0x08, 0xe1, 0x08, 0xe1, 0x08, 0xe1, 0x08, 0xe1, 0x08, 0xe1, 0x08, 0xe1, 0x08, 0xe1, 0x08, 0xe1,
  0x08, 0xe1, 0x08, 0xe1, 0x08, 0xe1, 0x08, 0xe1, 0x08, 0xe1, 0x08, 0xe1, 0x08, 0xe1, 0x08, 0xe1,
  0x08, 0xe1, 0x08, 0xe1, 0x08, 0xe1, 0x08, 0xe1, 0x08, 0xe1, 0x08, 0xe1, 0x08, 0xe1, 0x08, 0xe1,
  0x08, 0xe1, 0x08, 0xe1, 0x08, 0xe1, 0x08, 0xe1, 0x08, 0xe1, 0x08, 0xe1, 0x08, 0xe1, 0x08, 0xe1,
  0x08, 0xe1, 0x08, 0xe1, 0x08, 0xe1, 0x08, 0xe1, 0x08, 0xe1, 0x08, 0xe1, 0x08, 0xe1, 0x08, 0xe1,
  0x08, 0xe1, 0x08, 0xe1, 0x08, 0xe1, 0x08, 0xe1, 0x08, 0xe1, 0x08, 0xe1, 0x08, 0xe1, 0x08, 0xe1,
  0x08, 0xe1, 0x08, 0xe1, 0x08, 0xe1, 0x08, 0xe1, 0x08, 0xe1, 0x08, 0xe1, 0x08, 0xe1, 0x08, 0xe1,
  0x00, 0x61, 0x2a, 0x08, 0x19, 0x24, 0x19, 0x45, 0x08, 0xe1, 0x08, 0xe1, 0x08, 0xe1, 0x08, 0xe1,
  0x32, 0x47, 0x6c, 0x6d, 0x7c, 0xef, 0x64, 0xcf, 0x5c, 0x8e, 0x64, 0x0c, 0x42, 0xe8, 0x09, 0x41,
  0x11, 0x21, 0x21, 0xc3, 0x19, 0x43, 0x08, 0xa1, 0x08, 0xc3, 0x52, 0xec, 0x3a, 0x49, 0x11, 0x25,
  0x5b, 0xcf, 0x42, 0xab, 0x63, 0xce, 0x08, 0xe2, 0x32, 0x65, 0x3a, 0xa6, 0x3a, 0xc7, 0x54, 0x2c,
  0x3b, 0x48, 0x43, 0x49, 0x53, 0xeb, 0x53, 0x89, 0x3a, 0x85, 0x3a, 0xe6, 0x7d, 0x50, 0xaf, 0x59,
  0xb7, 0x58, 0x09, 0x82, 0x64, 0x6d, 0x54, 0x0b, 0x19, 0x83, 0x19, 0xc4, 0x22, 0x46, 0x43, 0x6a,
  0x11, 0xa3, 0x8e, 0x13, 0x01, 0x42, 0x85, 0x52, 0x08, 0xe1, 0x08, 0xe1, 0x08, 0xe1, 0x08, 0xe1,
  0x08, 0xe1, 0x08, 0xe1, 0x08, 0xe1, 0x08, 0xe1, 0x08, 0xe1, 0x08, 0xe1, 0x08, 0xe1, 0x08, 0xe1,
  0x08, 0xe1, 0x08, 0xe1, 0x08, 0xe1, 0x08, 0xe1, 0x08, 0xe1, 0x08, 0xe1, 0x08, 0xe1, 0x08, 0xe1,
  0x08, 0xe1, 0x08, 0xe1, 0x08, 0xe1, 0x08, 0xe1, 0x08, 0xe1, 0x08, 0xe1, 0x08, 0xe1, 0x08, 0xe1,
  0x08, 0xe1, 0x08, 0xe1, 0x08, 0xe1, 0x08, 0xe1, 0x08, 0xe1, 0x08, 0xe1, 0x08, 0xe1, 0x08, 0xe1,
  0x08, 0xe1, 0x08, 0xe1, 0x08, 0xe1, 0x08, 0xe1, 0x08, 0xe1, 0x08, 0xe1, 0x08, 0xe1, 0x08, 0xe1,
  0x08, 0xe1, 0x08, 0xe1, 0x08, 0xe1, 0x08, 0xe1, 0x08, 0xe1, 0x08, 0xe1, 0x08, 0xe1, 0x08, 0xe1,
  0x08, 0xe1, 0x08, 0xe1, 0x08, 0xe1, 0x08, 0xe1, 0x08, 0xe1, 0x08, 0xe1, 0x08, 0xe1, 0x08, 0xe1,
  0x08, 0xe1, 0x08, 0xe1, 0x08, 0xe1, 0x08, 0xe1, 0x08, 0xe1, 0x08, 0xe1, 0x08, 0xe1, 0x08, 0xe1,
  0x08, 0xe1, 0x08, 0xe1, 0x08, 0xe1, 0x08, 0xe1, 0x08, 0xe1, 0x08, 0xe1, 0x08, 0xe1, 0x08, 0xe1,
  0x08, 0xe1, 0x08, 0xe1, 0x08, 0xe1, 0x08, 0xe1, 0x08, 0xe1, 0x08, 0xe1, 0x08, 0xe1, 0x08, 0xe1,
  0x08, 0xe1, 0x09, 0x24, 0x5b, 0x8d, 0x21, 0xc7, 0x21, 0x85, 0x8c, 0xb2, 0x08, 0xe1, 0x08, 0xe1,
  0x19, 0xc5, 0x2a, 0x64, 0x4b, 0xa9, 0x53, 0x49, 0x5b, 0x8a, 0x53, 0x6a, 0x42, 0xe8, 0x19, 0xe3,
  0x19, 0x61, 0x11, 0x20, 0x21, 0xa3, 0x19, 0x01, 0x00, 0x21, 0x4a, 0xec, 0x53, 0x0c, 0x32, 0x08,
  0x32, 0x6a, 0x53, 0x2e, 0x42, 0xeb, 0x19, 0x86, 0x5b, 0xca, 0x32, 0x65, 0x2a, 0x85, 0x3b, 0x89,
  0x44, 0x4c, 0x43, 0xca, 0x53, 0xaa, 0x53, 0xaa, 0x3a, 0x65, 0x3a, 0xc5, 0x7d, 0x0f, 0x75, 0x71,
  0xa6, 0xf7, 0xd7, 0xdb, 0x11, 0x81, 0x7d, 0x0f, 0x32, 0xa8, 0x21, 0xe5, 0x21, 0xc4, 0x19, 0xc3,
  0x21, 0xc4, 0x64, 0xce, 0x01, 0x82, 0xd7, 0xfc, 0x21, 0x84, 0x08, 0xe1, 0x08, 0xe1, 0x08, 0xe1,
  0x08, 0xe1, 0x08, 0xe1, 0x08, 0xe1, 0x08, 0xe1, 0x08, 0xe1, 0x08, 0xe1, 0x08, 0xe1, 0x08, 0xe1,
  0x08, 0xe1, 0x08, 0xe1, 0x08, 0xe1, 0x08, 0xe1, 0x08, 0xe1, 0x08, 0xe1, 0x08, 0xe1, 0x08, 0xe1,
  0x08, 0xe1, 0x08, 0xe1, 0x08, 0xe1, 0x08, 0xe1, 0x08, 0xe1, 0x08, 0xe1, 0x08, 0xe1, 0x08, 0xe1,
  0x08, 0xe1, 0x08, 0xe1, 0x08, 0xe1, 0x08, 0xe1, 0x08, 0xe1, 0x08, 0xe1, 0x08, 0xe1, 0x08, 0xe1,
  0x08, 0xe1, 0x08, 0xe1, 0x08, 0xe1, 0x08, 0xe1, 0x08, 0xe1, 0x08, 0xe1, 0x08, 0xe1, 0x08, 0xe1,
  0x08, 0xe1, 0x08, 0xe1, 0x08, 0xe1, 0x08, 0xe1, 0x08, 0xe1, 0x08, 0xe1, 0x08, 0xe1, 0x08, 0xe1,
  0x08, 0xe1, 0x08, 0xe1, 0x08, 0xe1, 0x08, 0xe1, 0x08, 0xe1, 0x08, 0xe1, 0x08, 0xe1, 0x08, 0xe1,
  0x08, 0xe1, 0x08, 0xe1, 0x08, 0xe1, 0x08, 0xe1, 0x08, 0xe1, 0x08, 0xe1, 0x08, 0xe1, 0x08, 0xe1,
  0x08, 0xe1, 0x08, 0xe1, 0x08, 0xe1, 0x08, 0xe1, 0x08, 0xe1, 0x08, 0xe1, 0x08, 0xe1, 0x08, 0xe1,
  0x08, 0xe1, 0x08, 0xe1, 0x08, 0xe1, 0x08, 0xe1, 0x08, 0xe1, 0x08, 0xe1, 0x08, 0xe1, 0x08, 0xe1,
  0x08, 0xe1, 0x52, 0xcb, 0x6b, 0xce, 0x53, 0x2c, 0x42, 0x8a, 0x21, 0x85, 0x11, 0x02, 0x00, 0xc0,
  0x08, 0xe1, 0xe7, 0xfc, 0x53, 0x8b, 0x5b, 0xaa, 0x63, 0xca, 0x5b, 0x89, 0x53, 0x27, 0x53, 0x07,
  0x5b, 0x29, 0x4a, 0x87, 0x19, 0x62, 0x11, 0x01, 0x10, 0xe1, 0x00, 0x81, 0x53, 0x0c, 0x3a, 0x69,
  0x11, 0x24, 0x5b, 0x8e, 0x32, 0x29, 0x6c, 0x10, 0x19, 0xc3, 0x32, 0xa6, 0x2a, 0x44, 0x3a, 0xe7,
  0x43, 0x47, 0x54, 0x0b, 0x54, 0x4b, 0x43, 0x89, 0x3a, 0x64, 0x43, 0x47, 0x85, 0x4f, 0x7d, 0x50,
  0x96, 0x53, 0xae, 0xf6, 0x7d, 0x10, 0x01, 0x61, 0x53, 0x8b, 0x11, 0x83, 0x11, 0x62, 0xb6, 0xb6,
  0x11, 0x81, 0x3b, 0x89, 0x1a, 0x86, 0xdf, 0xfe, 0x43, 0x8a, 0x84, 0x70, 0x08, 0xe1, 0x08, 0xe1,
  0x08, 0xe1, 0x08, 0xe1, 0x08, 0xe1, 0x08, 0xe1, 0x08, 0xe1, 0x08, 0xe1, 0x08, 0xe1, 0x08, 0xe1,
  0x08, 0xe1, 0x08, 0xe1, 0x08, 0xe1, 0x08, 0xe1, 0x08, 0xe1, 0x08, 0xe1, 0x08, 0xe1, 0x08, 0xe1,
  0x08, 0xe1, 0x08, 0xe1, 0x08, 0xe1, 0x08, 0xe1, 0x08, 0xe1, 0x08, 0xe1, 0x08, 0xe1, 0x08, 0xe1,
  0x08, 0xe1, 0x08, 0xe1, 0x08, 0xe1, 0x08, 0xe1, 0x08, 0xe1, 0x08, 0xe1, 0x08, 0xe1, 0x08, 0xe1,
  0x08, 0xe1, 0x08, 0xe1, 0x08, 0xe1, 0x08, 0xe1, 0x08, 0xe1, 0x08, 0xe1, 0x08, 0xe1, 0x08, 0xe1,
  0x08, 0xe1, 0x08, 0xe1, 0x08, 0xe1, 0x08, 0xe1, 0x08, 0xe1, 0x08, 0xe1, 0x08, 0xe1, 0x08, 0xe1,
  0x08, 0xe1, 0x08, 0xe1, 0x08, 0xe1, 0x08, 0xe1, 0x08, 0xe1, 0x08, 0xe1, 0x08, 0xe1, 0x08, 0xe1,
  0x08, 0xe1, 0x08, 0xe1, 0x08, 0xe1, 0x08, 0xe1, 0x08, 0xe1, 0x08, 0xe1, 0x08, 0xe1, 0x08, 0xe1,
  0x08, 0xe1, 0x08, 0xe1, 0x08, 0xe1, 0x08, 0xe1, 0x08, 0xe1, 0x08, 0xe1, 0x08, 0xe1, 0x08, 0xe1,
  0x08, 0xe1, 0x08, 0xe1, 0x08, 0xe1, 0x08, 0xe1, 0x08, 0xe1, 0x08, 0xe1, 0x08, 0xe1, 0x08, 0xe1,
  0x08, 0xe1, 0x08, 0xe1, 0x08, 0xa2, 0x00, 0x61, 0x29, 0xc7, 0x53, 0x0b, 0x4a, 0xe9, 0x19, 0x83,
  0x19, 0x63, 0x00, 0xe0, 0x09, 0x21, 0x11, 0x00, 0x3a, 0x46, 0x63, 0x4a, 0x52, 0xc8, 0x29, 0x83,
  0x21, 0x62, 0x29, 0xa3, 0x21, 0x62, 0x11, 0x21, 0x3a, 0x05, 0x11, 0x02, 0x10, 0xe2, 0x29, 0xc7,
  0x32, 0x28, 0x21, 0xa5, 0x63, 0xad, 0x3a, 0x89, 0x6c, 0xd0, 0x54, 0x0b, 0x22, 0x03, 0x3a, 0xc6,
  0x4b, 0x07, 0x4b, 0x68, 0x43, 0x48, 0x3c, 0x0a, 0x32, 0xc5, 0x3a, 0xe6, 0x7c, 0xee, 0x54, 0x2b,
  0x7d, 0x4f, 0x9e, 0x74, 0x96, 0x95, 0x42, 0xe7, 0x4b, 0x4a, 0x11, 0x62, 0x32, 0xa7, 0xae, 0xb7,
  0x00, 0xe0, 0x4c, 0x2c, 0x43, 0x8b, 0xd7, 0xfc, 0x5c, 0x8d, 0x11, 0x22, 0x08, 0xe1, 0x08, 0xe1,
  0x08, 0xe1, 0x08, 0xe1, 0x08, 0xe1, 0x08, 0xe1, 0x08, 0xe1, 0x08, 0xe1, 0x08, 0xe1, 0x08, 0xe1,
  0x08, 0xe1, 0x08, 0xe1, 0x08, 0xe1, 0x08, 0xe1, 0x08, 0xe1, 0x08, 0xe1, 0x08, 0xe1, 0x08, 0xe1,
  0x08, 0xe1, 0x08, 0xe1, 0x08, 0xe1, 0x08, 0xe1, 0x08, 0xe1, 0x08, 0xe1, 0x08, 0xe1, 0x08, 0xe1,
  0x08, 0xe1, 0x08, 0xe1, 0x08, 0xe1, 0x08, 0xe1, 0x08, 0xe1, 0x08, 0xe1, 0x08, 0xe1, 0x08, 0xe1,
  0x08, 0xe1, 0x08, 0xe1, 0x08, 0xe1, 0x08, 0xe1, 0x08, 0xe1, 0x08, 0xe1, 0x08, 0xe1, 0x08, 0xe1,
  0x08, 0xe1, 0x08, 0xe1, 0x08, 0xe1, 0x08, 0xe1, 0x08, 0xe1, 0x08, 0xe1, 0x08, 0xe1, 0x08, 0xe1,
  0x08, 0xe1, 0x08, 0xe1, 0x08, 0xe1, 0x08, 0xe1, 0x08, 0xe1, 0x08, 0xe1, 0x08, 0xe1, 0x08, 0xe1,
  0x08, 0xe1, 0x08, 0xe1, 0x08, 0xe1, 0x08, 0xe1, 0x08, 0xe1, 0x08, 0xe1, 0x08, 0xe1, 0x08, 0xe1,
  0x08, 0xe1, 0x08, 0xe1, 0x08, 0xe1, 0x08, 0xe1, 0x08, 0xe1, 0x08, 0xe1, 0x08, 0xe1, 0x08, 0xe1,
  0x08, 0xe1, 0x08, 0xe1, 0x08, 0xe1, 0x08, 0xe1, 0x08, 0xe1, 0x08, 0xe1, 0x08, 0xe1, 0x08, 0xe1,
  0x08, 0xe1, 0x08, 0xe1, 0x08, 0xe1, 0x08, 0x81, 0x29, 0xa5, 0x42, 0xa9, 0x11, 0x44, 0x63, 0xac,
  0x7c, 0x6e, 0x85, 0x10, 0x74, 0x8e, 0x3a, 0xe9, 0x08, 0xc1, 0x00, 0x60, 0x00, 0x60, 0x00, 0x60,
  0x10, 0xa1, 0x29, 0x63, 0x29, 0x63, 0x21, 0x22, 0x21, 0x62, 0x29, 0xa4, 0x10, 0xc0, 0x21, 0xa5,
  0x19, 0x85, 0x29, 0xe5, 0x53, 0x8b, 0x3b, 0x09, 0x5c, 0x8e, 0x86, 0x34, 0x22, 0xa6, 0x3b, 0x8a,
  0x43, 0xea, 0x22, 0x64, 0x2a, 0x05, 0x33, 0x08, 0x33, 0x07, 0x2a, 0x64, 0x5b, 0xea, 0x85, 0x70,
  0x53, 0xea, 0x85, 0x50, 0xa6, 0xb5, 0x9e, 0x74, 0x21, 0xc3, 0x09, 0x40, 0x7d, 0x30, 0x9e, 0xb5,
  0x01, 0x41, 0x33, 0x6a, 0x3b, 0x28, 0x95, 0xd2, 0x44, 0x0a, 0x09, 0x02, 0x08, 0xe1, 0x08, 0xe1,
  0x08, 0xe1, 0x08, 0xe1, 0x08, 0xe1, 0x08, 0xe1, 0x08, 0xe1, 0x08, 0xe1, 0x08, 0xe1, 0x08, 0xe1,
  0x08, 0xe1, 0x08, 0xe1, 0x08, 0xe1, 0x08, 0xe1, 0x08, 0xe1, 0x08, 0xe1, 0x08, 0xe1, 0x08, 0xe1,
  0x08, 0xe1, 0x08, 0xe1, 0x08, 0xe1, 0x08, 0xe1, 0x08, 0xe1, 0x08, 0xe1, 0x08, 0xe1, 0x08, 0xe1,
  0x08, 0xe1, 0x08, 0xe1, 0x08, 0xe1, 0x08, 0xe1, 0x08, 0xe1, 0x08, 0xe1, 0x08, 0xe1, 0x08, 0xe1,
  0x08, 0xe1, 0x08, 0xe1, 0x08, 0xe1, 0x08, 0xe1, 0x08, 0xe1, 0x08, 0xe1, 0x08, 0xe1, 0x08, 0xe1,
  0x08, 0xe1, 0x08, 0xe1, 0x08, 0xe1, 0x08, 0xe1, 0x08, 0xe1, 0x08, 0xe1, 0x08, 0xe1, 0x08, 0xe1,
  0x08, 0xe1, 0x08, 0xe1, 0x08, 0xe1, 0x08, 0xe1, 0x08, 0xe1, 0x08, 0xe1, 0x08, 0xe1, 0x08, 0xe1,
  0x08, 0xe1, 0x08, 0xe1, 0x08, 0xe1, 0x08, 0xe1, 0x08, 0xe1, 0x08, 0xe1, 0x08, 0xe1, 0x08, 0xe1,
  0x08, 0xe1, 0x08, 0xe1, 0x08, 0xe1, 0x08, 0xe1, 0x08, 0xe1, 0x08, 0xe1, 0x08, 0xe1, 0x08, 0xe1,
  0x08, 0xe1, 0x08, 0xe1, 0x08, 0xe1, 0x08, 0xe1, 0x08, 0xe1, 0x08, 0xe1, 0x08, 0xe1, 0x08, 0xe1,
  0x08, 0xe1, 0x08, 0xe1, 0x08, 0xe1, 0x84, 0x50, 0x11, 0x23, 0x3a, 0x68, 0x4a, 0xec, 0x32, 0x47,
  0x11, 0x22, 0x43, 0x07, 0x95, 0xb2, 0x95, 0xb2, 0xa6, 0x34, 0xbe, 0xf8, 0x8d, 0x72, 0x22, 0x05,
  0x00, 0x60, 0x00, 0x80, 0x08, 0x80, 0x10, 0xe1, 0x29, 0x83, 0x29, 0x83, 0x21, 0x63, 0x11, 0x01,
  0x19, 0xa4, 0x21, 0xa3, 0x19, 0xe3, 0x53, 0xcb, 0x33, 0x07, 0x8e, 0x54, 0x7d, 0xb1, 0x1a, 0x85,
  0x44, 0x2a, 0x54, 0x2b, 0x09, 0x61, 0x3a, 0xa6, 0x43, 0xa9, 0x2a, 0x64, 0x53, 0xc9, 0x7d, 0x2f,
  0x6c, 0xcd, 0x64, 0x6c, 0x75, 0x2f, 0x9e, 0x54, 0x09, 0x61, 0x01, 0x61, 0x8d, 0xd3, 0x9e, 0xb5,
  0x01, 0x82, 0x43, 0x69, 0x11, 0xa2, 0x1a, 0x24, 0x54, 0x8c, 0x11, 0x22, 0x08, 0xe1, 0x08, 0xe1,
  0x08, 0xe1, 0x08, 0xe1, 0x08, 0xe1, 0x08, 0xe1, 0x08, 0xe1, 0x08, 0xe1, 0x08, 0xe1, 0x08, 0xe1,
  0x08, 0xe1, 0x08, 0xe1, 0x08, 0xe1, 0x08, 0xe1, 0x08, 0xe1, 0x08, 0xe1, 0x08, 0xe1, 0x08, 0xe1,
  0x08, 0xe1, 0x08, 0xe1, 0x08, 0xe1, 0x08, 0xe1, 0x08, 0xe1, 0x08, 0xe1, 0x08, 0xe1, 0x08, 0xe1,
  0x08, 0xe1, 0x08, 0xe1, 0x08, 0xe1, 0x08, 0xe1, 0x08, 0xe1, 0x08, 0xe1, 0x08, 0xe1, 0x08, 0xe1,
  0x08, 0xe1, 0x08, 0xe1, 0x08, 0xe1, 0x08, 0xe1, 0x08, 0xe1, 0x08, 0xe1, 0x08, 0xe1, 0x08, 0xe1,
  0x08, 0xe1, 0x08, 0xe1, 0x08, 0xe1, 0x08, 0xe1, 0x08, 0xe1, 0x08, 0xe1, 0x08, 0xe1, 0x08, 0xe1,
  0x08, 0xe1, 0x08, 0xe1, 0x08, 0xe1, 0x08, 0xe1, 0x08, 0xe1, 0x08, 0xe1, 0x08, 0xe1, 0x08, 0xe1,
  0x08, 0xe1, 0x08, 0xe1, 0x08, 0xe1, 0x08, 0xe1, 0x08, 0xe1, 0x08, 0xe1, 0x08, 0xe1, 0x08, 0xe1,
  0x08, 0xe1, 0x08, 0xe1, 0x08, 0xe1, 0x08, 0xe1, 0x08, 0xe1, 0x08, 0xe1, 0x08, 0xe1, 0x08, 0xe1,
  0x08, 0xe1, 0x08, 0xe1, 0x08, 0xe1, 0x08, 0xe1, 0x08, 0xe1, 0x08, 0xe1, 0x08, 0xe1, 0x08, 0xe1,
  0x08, 0xe1, 0x08, 0xe1, 0x08, 0xe1, 0x08, 0xe1, 0x9c, 0xd2, 0x31, 0xe6, 0x42, 0x89, 0x4a, 0xcb,
  0x42, 0xab, 0x4a, 0xcc, 0x19, 0x44, 0x09, 0x01, 0x74, 0x2d, 0xa6, 0x75, 0x9e, 0x54, 0x8e, 0x11,
  0x9e, 0x53, 0x96, 0x33, 0x95, 0x30, 0x19, 0x62, 0x00, 0xa0, 0x11, 0x42, 0x29, 0x84, 0x19, 0x42,
  0x4b, 0x07, 0x21, 0xe3, 0x22, 0x03, 0x32, 0x85, 0x64, 0xcf, 0x4c, 0x6d, 0x6d, 0x2f, 0x1a, 0x43,
  0x22, 0xa7, 0x43, 0xeb, 0x12, 0xa4, 0x09, 0x41, 0x43, 0x08, 0x3a, 0xe7, 0x43, 0x48, 0x43, 0x27,
  0x85, 0x0e, 0x6c, 0x0a, 0x6c, 0x6c, 0x9d, 0xf2, 0x85, 0x90, 0x22, 0x63, 0x8d, 0xb1, 0x9e, 0xb4,
  0x22, 0x45, 0x5b, 0xeb, 0x01, 0x20, 0x2a, 0xc6, 0x6c, 0xee, 0x10, 0xe0, 0x08, 0xe1, 0x08, 0xe1,
  0x08, 0xe1, 0x08, 0xe1, 0x08, 0xe1, 0x08, 0xe1, 0x08, 0xe1, 0x08, 0xe1, 0x08, 0xe1, 0x08, 0xe1,
  0x08, 0xe1, 0x08, 0xe1, 0x08, 0xe1, 0x08, 0xe1, 0x08, 0xe1, 0x08, 0xe1, 0x08, 0xe1, 0x08, 0xe1,
  0x08, 0xe1, 0x08, 0xe1, 0x08, 0xe1, 0x08, 0xe1, 0x08, 0xe1, 0x08, 0xe1, 0x08, 0xe1, 0x08, 0xe1,
  0x08, 0xe1, 0x08, 0xe1, 0x08, 0xe1, 0x08, 0xe1, 0x08, 0xe1, 0x08, 0xe1, 0x08, 0xe1, 0x08, 0xe1,
  0x08, 0xe1, 0x08, 0xe1, 0x08, 0xe1, 0x08, 0xe1, 0x08, 0xe1, 0x08, 0xe1, 0x08, 0xe1, 0x08, 0xe1,
  0x08, 0xe1, 0x08, 0xe1, 0x08, 0xe1, 0x08, 0xe1, 0x08, 0xe1, 0x08, 0xe1, 0x08, 0xe1, 0x08, 0xe1,
  0x08, 0xe1, 0x08, 0xe1, 0x08, 0xe1, 0x08, 0xe1, 0x08, 0xe1, 0x08, 0xe1, 0x08, 0xe1, 0x08, 0xe1,
  0x08, 0xe1, 0x08, 0xe1, 0x08, 0xe1, 0x08, 0xe1, 0x08, 0xe1, 0x08, 0xe1, 0x08, 0xe1, 0x08, 0xe1,
  0x08, 0xe1, 0x08, 0xe1, 0x08, 0xe1, 0x08, 0xe1, 0x08, 0xe1, 0x08, 0xe1, 0x08, 0xe1, 0x08, 0xe1,
  0x08, 0xe1, 0x08, 0xe1, 0x08, 0xe1, 0x08, 0xe1, 0x08, 0xe1, 0x08, 0xe1, 0x08, 0xe1, 0x08, 0xe1,
  0x08, 0xe1, 0x08, 0xe1, 0x08, 0xe1, 0x08, 0xe1, 0x08, 0xe1, 0x08, 0xc2, 0x3a, 0x27, 0x3a, 0x28,
  0x3a, 0x69, 0x4a, 0xec, 0x42, 0xaa, 0x42, 0xca, 0x09, 0x02, 0x21, 0xe4, 0xbe, 0xf7, 0xae, 0xf5,
  0x7d, 0x70, 0x75, 0x4f, 0x75, 0x51, 0x75, 0x71, 0x85, 0x31, 0x09, 0x21, 0x08, 0xc0, 0x21, 0xc3,
  0x42, 0xa6, 0x3a, 0xe7, 0x6c, 0x4c, 0x32, 0x65, 0x43, 0x89, 0x4c, 0x0b, 0x5c, 0xce, 0x85, 0xb1,
  0x01, 0x00, 0x4b, 0xca, 0x54, 0x6c, 0x53, 0x89, 0x01, 0x20, 0x2a, 0x85, 0x32, 0xa6, 0x4c, 0x0b,
  0x53, 0xea, 0x53, 0xc9, 0x32, 0x85, 0x6c, 0x6c, 0x7d, 0x4f, 0x1a, 0x22, 0x7d, 0x2f, 0x96, 0x74,
  0x1a, 0x24, 0x4b, 0x69, 0x01, 0x20, 0x74, 0xef, 0x6d, 0x0f, 0x08, 0xa0, 0x08, 0xe1, 0x08, 0xe1,
  0x08, 0xe1, 0x08, 0xe1, 0x08, 0xe1, 0x08, 0xe1, 0x08, 0xe1, 0x08, 0xe1, 0x08, 0xe1, 0x08, 0xe1,
  0x08, 0xe1, 0x08, 0xe1, 0x08, 0xe1, 0x08, 0xe1, 0x08, 0xe1, 0x08, 0xe1, 0x08, 0xe1, 0x08, 0xe1,
  0x08, 0xe1, 0x08, 0xe1, 0x08, 0xe1, 0x08, 0xe1, 0x08, 0xe1, 0x08, 0xe1, 0x08, 0xe1, 0x08, 0xe1,
  0x08, 0xe1, 0x08, 0xe1, 0x08, 0xe1, 0x08, 0xe1, 0x08, 0xe1, 0x08, 0xe1, 0x08, 0xe1, 0x08, 0xe1,
  0x08, 0xe1, 0x08, 0xe1, 0x08, 0xe1, 0x08, 0xe1, 0x08, 0xe1, 0x08, 0xe1, 0x08, 0xe1, 0x08, 0xe1,
  0x08, 0xe1, 0x08, 0xe1, 0x08, 0xe1, 0x08, 0xe1, 0x08, 0xe1, 0x08, 0xe1, 0x08, 0xe1, 0x08, 0xe1,
  0x08, 0xe1, 0x08, 0xe1, 0x08, 0xe1, 0x08, 0xe1, 0x08, 0xe1, 0x08, 0xe1, 0x08, 0xe1, 0x08, 0xe1,
  0x08, 0xe1, 0x08, 0xe1, 0x08, 0xe1, 0x08, 0xe1, 0x08, 0xe1, 0x08, 0xe1, 0x08, 0xe1, 0x08, 0xe1,
  0x08, 0xe1, 0x08, 0xe1, 0x08, 0xe1, 0x08, 0xe1, 0x08, 0xe1, 0x08, 0xe1, 0x08, 0xe1, 0x08, 0xe1,
  0x08, 0xe1, 0x08, 0xe1, 0x08, 0xe1, 0x08, 0xe1, 0x08, 0xe1, 0x08, 0xe1, 0x08, 0xe1, 0x08, 0xe1,
  0x08, 0xe1, 0x08, 0xe1, 0x08, 0xe1, 0x08, 0xe1, 0x08, 0xe1, 0x00, 0x60, 0x00, 0x80, 0x3a, 0x67,
  0x29, 0xc6, 0x42, 0x89, 0x42, 0xac, 0x42, 0xac, 0x42, 0xcb, 0x21, 0xa4, 0x11, 0x83, 0x9e, 0x34,
  0x8d, 0xf2, 0x6c, 0xad, 0x6c, 0xad, 0x64, 0x8c, 0x7d, 0x30, 0x8d, 0x71, 0x5b, 0xaa, 0x09, 0x00,
  0x53, 0x48, 0x4b, 0x48, 0x6c, 0x4c, 0x6c, 0x2c, 0x09, 0x40, 0x3b, 0x28, 0x75, 0xb1, 0x96, 0x33,
  0x19, 0xc3, 0x01, 0x40, 0x64, 0x8c, 0x74, 0xcd, 0x3b, 0x47, 0x11, 0xa1, 0x11, 0x81, 0x3c, 0x2b,
  0x4c, 0x4c, 0x4b, 0xea, 0x43, 0x07, 0x5c, 0x0a, 0x75, 0x0e, 0x2a, 0xa5, 0x6c, 0xad, 0x96, 0x73,
  0x12, 0x03, 0x4b, 0x8a, 0x01, 0x00, 0x8d, 0xb2, 0x54, 0x2b, 0x08, 0xa0, 0x08, 0xe1, 0x08, 0xe1,
  0x08, 0xe1, 0x08, 0xe1, 0x08, 0xe1, 0x08, 0xe1, 0x08, 0xe1, 0x08, 0xe1, 0x08, 0xe1, 0x08, 0xe1,
  0x08, 0xe1, 0x08, 0xe1, 0x08, 0xe1, 0x08, 0xe1, 0x08, 0xe1, 0x08, 0xe1, 0x08, 0xe1, 0x08, 0xe1,
  0x08, 0xe1, 0x08, 0xe1, 0x08, 0xe1, 0x08, 0xe1, 0x08, 0xe1, 0x08, 0xe1, 0x08, 0xe1, 0x08, 0xe1,
  0x08, 0xe1, 0x08, 0xe1, 0x08, 0xe1, 0x08, 0xe1, 0x08, 0xe1, 0x08, 0xe1, 0x08, 0xe1, 0x08, 0xe1,
  0x08, 0xe1, 0x08, 0xe1, 0x08, 0xe1, 0x08, 0xe1, 0x08, 0xe1, 0x08, 0xe1, 0x08, 0xe1, 0x08, 0xe1,
  0x08, 0xe1, 0x08, 0xe1, 0x08, 0xe1, 0x08, 0xe1, 0x08, 0xe1, 0x08, 0xe1, 0x08, 0xe1, 0x08, 0xe1,
  0x08, 0xe1, 0x08, 0xe1, 0x08, 0xe1, 0x08, 0xe1, 0x08, 0xe1, 0x08, 0xe1, 0x08, 0xe1, 0x08, 0xe1,
  0x08, 0xe1, 0x08, 0xe1, 0x08, 0xe1, 0x08, 0xe1, 0x08, 0xe1, 0x08, 0xe1, 0x08, 0xe1, 0x08, 0xe1,
  0x08, 0xe1, 0x08, 0xe1, 0x08, 0xe1, 0x08, 0xe1, 0x08, 0xe1, 0x08, 0xe1, 0x08, 0xe1, 0x08, 0xe1,
  0x08, 0xe1, 0x08, 0xe1, 0x08, 0xe1, 0x08, 0xe1, 0x08, 0xe1, 0x08, 0xe1, 0x08, 0xe1, 0x08, 0xe1,
  0x08, 0xe1, 0x08, 0xe1, 0x08, 0xe1, 0x08, 0xe1, 0x08, 0xc1, 0x63, 0x49, 0x52, 0xe8, 0x11, 0x02,
  0x53, 0x0b, 0x42, 0x89, 0x4a, 0xcb, 0x42, 0xab, 0x4a, 0xcb, 0x42, 0xaa, 0x52, 0xeb, 0x21, 0x84,
  0x43, 0x28, 0x6c, 0x8c, 0x74, 0x8d, 0x64, 0x0a, 0x64, 0x4c, 0x6c, 0x8d, 0x4b, 0x68, 0x6b, 0xeb,
  0x11, 0x00, 0x4b, 0x28, 0x32, 0x45, 0x11, 0x40, 0x11, 0x62, 0x19, 0x82, 0x3b, 0x48, 0x43, 0xaa,
  0x5b, 0xcb, 0x09, 0x82, 0x5c, 0x8e, 0x2a, 0xc5, 0x75, 0x2f, 0x7d, 0x70, 0x7d, 0x70, 0x12, 0x23,
  0x44, 0x2b, 0x44, 0x8c, 0x54, 0x4b, 0x4b, 0xe9, 0x7d, 0x2f, 0x22, 0x44, 0x85, 0x90, 0x96, 0x74,
  0x1a, 0x04, 0x11, 0x62, 0x6c, 0xce, 0x8e, 0x51, 0x4b, 0xaa, 0x09, 0x22, 0x08, 0xe1, 0x08, 0xe1,
  0x08, 0xe1, 0x08, 0xe1, 0x08, 0xe1, 0x08, 0xe1, 0x08, 0xe1, 0x08, 0xe1, 0x08, 0xe1, 0x08, 0xe1,
  0x08, 0xe1, 0x08, 0xe1, 0x08, 0xe1, 0x08, 0xe1, 0x08, 0xe1, 0x08, 0xe1, 0x08, 0xe1, 0x08, 0xe1,
  0x08, 0xe1, 0x08, 0xe1, 0x08, 0xe1, 0x08, 0xe1, 0x08, 0xe1, 0x08, 0xe1, 0x08, 0xe1, 0x08, 0xe1,
  0x08, 0xe1, 0x08, 0xe1, 0x08, 0xe1, 0x08, 0xe1, 0x08, 0xe1, 0x08, 0xe1, 0x08, 0xe1, 0x08, 0xe1,
  0x08, 0xe1, 0x08, 0xe1, 0x08, 0xe1, 0x08, 0xe1, 0x08, 0xe1, 0x08, 0xe1, 0x08, 0xe1, 0x08, 0xe1,
  0x08, 0xe1, 0x08, 0xe1, 0x08, 0xe1, 0x08, 0xe1, 0x08, 0xe1, 0x08, 0xe1, 0x08, 0xe1, 0x08, 0xe1,
  0x08, 0xe1, 0x08, 0xe1, 0x08, 0xe1, 0x08, 0xe1, 0x08, 0xe1, 0x08, 0xe1, 0x08, 0xe1, 0x08, 0xe1,
  0x08, 0xe1, 0x08, 0xe1, 0x08, 0xe1, 0x08, 0xe1, 0x08, 0xe1, 0x08, 0xe1, 0x08, 0xe1, 0x08, 0xe1,
  0x08, 0xe1, 0x08, 0xe1, 0x08, 0xe1, 0x08, 0xe1, 0x08, 0xe1, 0x08, 0xe1, 0x08, 0xe1, 0x08, 0xe1,
  0x08, 0xe1, 0x08, 0xe1, 0x08, 0xe1, 0x08, 0xe1, 0x08, 0xe1, 0x08, 0xe1, 0x08, 0xe1, 0x08, 0xe1,
  0x08, 0xe1, 0x08, 0xe1, 0x08, 0xe1, 0x00, 0x60, 0x4b, 0x09, 0x42, 0xa5, 0x5b, 0x48, 0x4a, 0xc8,
  0x11, 0x02, 0x4a, 0xea, 0x4a, 0xab, 0x42, 0xab, 0x4a, 0xcb, 0x4a, 0xcc, 0x4a, 0xcb, 0x31, 0xe6,
  0x21, 0xc4, 0x5b, 0xab, 0x74, 0x8d, 0x64, 0x2b, 0x5b, 0xa9, 0x5b, 0xa9, 0x4b, 0x07, 0x42, 0xe7,
  0x19, 0x81, 0x42, 0xa6, 0x63, 0xca, 0x74, 0x6d, 0x6c, 0x6c, 0x43, 0x48, 0x01, 0x00, 0x3a, 0xe7,
  0x3a, 0xe6, 0x64, 0x2b, 0x7d, 0x90, 0x85, 0x91, 0x22, 0xa5, 0x75, 0x2f, 0x8d, 0xd2, 0xa6, 0x95,
  0x09, 0xe2, 0x44, 0x0a, 0x3c, 0x0a, 0x3b, 0x88, 0x53, 0xea, 0x1a, 0x23, 0x8d, 0xd1, 0x96, 0x53,
  0x22, 0x85, 0x3b, 0x07, 0x6d, 0x2e, 0x8e, 0x72, 0x43, 0x69, 0x19, 0x83, 0x08, 0xe1, 0x08, 0xe1,
  0x08, 0xe1, 0x08, 0xe1, 0x08, 0xe1, 0x08, 0xe1, 0x08, 0xe1, 0x08, 0xe1, 0x08, 0xe1, 0x08, 0xe1,
  0x08, 0xe1, 0x08, 0xe1, 0x08, 0xe1, 0x08, 0xe1, 0x08, 0xe1, 0x08, 0xe1, 0x08, 0xe1, 0x08, 0xe1,
  0x08, 0xe1, 0x08, 0xe1, 0x08, 0xe1, 0x08, 0xe1, 0x08, 0xe1, 0x08, 0xe1, 0x08, 0xe1, 0x08, 0xe1,
  0x08, 0xe1, 0x08, 0xe1, 0x08, 0xe1, 0x08, 0xe1, 0x08, 0xe1, 0x08, 0xe1, 0x08, 0xe1, 0x08, 0xe1,
  0x08, 0xe1, 0x08, 0xe1, 0x08, 0xe1, 0x08, 0xe1, 0x08, 0xe1, 0x08, 0xe1, 0x08, 0xe1, 0x08, 0xe1,
  0x08, 0xe1, 0x08, 0xe1, 0x08, 0xe1, 0x08, 0xe1, 0x08, 0xe1, 0x08, 0xe1, 0x08, 0xe1, 0x08, 0xe1,
  0x08, 0xe1, 0x08, 0xe1, 0x08, 0xe1, 0x08, 0xe1, 0x08, 0xe1, 0x08, 0xe1, 0x08, 0xe1, 0x08, 0xe1,
  0x08, 0xe1, 0x08, 0xe1, 0x08, 0xe1, 0x08, 0xe1, 0x08, 0xe1, 0x08, 0xe1, 0x08, 0xe1, 0x08, 0xe1,
  0x08, 0xe1, 0x08, 0xe1, 0x08, 0xe1, 0x08, 0xe1, 0x08, 0xe1, 0x08, 0xe1, 0x08, 0xe1, 0x08, 0xe1,
  0x08, 0xe1, 0x08, 0xe1, 0x08, 0xe1, 0x08, 0xe1, 0x08, 0xe1, 0x08, 0xe1, 0x08, 0xe1, 0x08, 0xe1,
  0x08, 0xe1, 0x8c, 0xf0, 0x11, 0x61, 0x5c, 0x4c, 0x53, 0xaa, 0x6c, 0x2c, 0x63, 0x6a, 0x32, 0x04,
  0x21, 0x62, 0x10, 0xc1, 0x42, 0x68, 0x4a, 0xca, 0x53, 0x2c, 0x4a, 0xec, 0x4a, 0xcb, 0x4a, 0xab,
  0x21, 0xc5, 0x11, 0x21, 0x6c, 0x4d, 0x64, 0x0a, 0x53, 0x89, 0x53, 0x48, 0x53, 0x28, 0x4a, 0xc7,
  0x29, 0xa2, 0x21, 0xc2, 0x5b, 0xaa, 0x63, 0xeb, 0x6c, 0x6c, 0x6c, 0x6c, 0x74, 0xce, 0x2a, 0x44,
  0x4b, 0x67, 0x53, 0xe9, 0x64, 0xed, 0x5c, 0x4b, 0x96, 0x53, 0x4b, 0xa9, 0x6c, 0xad, 0xa6, 0xf6,
  0xa6, 0xf6, 0x33, 0x47, 0x4b, 0xea, 0x22, 0xa5, 0x4b, 0xc9, 0x1a, 0x43, 0x8d, 0xf1, 0x86, 0x12,
  0x3b, 0x87, 0x6d, 0x2e, 0x75, 0xd1, 0x9e, 0xb3, 0x43, 0x89, 0x01, 0x41, 0x08, 0xe1, 0x08, 0xe1,
  0x08, 0xe1, 0x08, 0xe1, 0x08, 0xe1, 0x08, 0xe1, 0x08, 0xe1, 0x08, 0xe1, 0x08, 0xe1, 0x08, 0xe1,
  0x08, 0xe1, 0x08, 0xe1, 0x08, 0xe1, 0x08, 0xe1, 0x08, 0xe1, 0x08, 0xe1, 0x08, 0xe1, 0x08, 0xe1,
  0x08, 0xe1, 0x08, 0xe1, 0x08, 0xe1, 0x08, 0xe1, 0x08, 0xe1, 0x08, 0xe1, 0x08, 0xe1, 0x08, 0xe1,
  0x08, 0xe1, 0x08, 0xe1, 0x08, 0xe1, 0x08, 0xe1, 0x08, 0xe1, 0x08, 0xe1, 0x08, 0xe1, 0x08, 0xe1,
  0x08, 0xe1, 0x08, 0xe1, 0x08, 0xe1, 0x08, 0xe1, 0x08, 0xe1, 0x08, 0xe1, 0x08, 0xe1, 0x08, 0xe1,
  0x08, 0xe1, 0x08, 0xe1, 0x08, 0xe1, 0x08, 0xe1, 0x08, 0xe1, 0x08, 0xe1, 0x08, 0xe1, 0x08, 0xe1,
  0x08, 0xe1, 0x08, 0xe1, 0x08, 0xe1, 0x08, 0xe1, 0x08, 0xe1, 0x08, 0xe1, 0x08, 0xe1, 0x08, 0xe1,
  0x08, 0xe1, 0x08, 0xe1, 0x08, 0xe1, 0x08, 0xe1, 0x08, 0xe1, 0x08, 0xe1, 0x08, 0xe1, 0x08, 0xe1,
  0x08, 0xe1, 0x08, 0xe1, 0x08, 0xe1, 0x08, 0xe1, 0x08, 0xe1, 0x08, 0xe1, 0x08, 0xe1, 0x08, 0xe1,
  0x08, 0xe1, 0x08, 0xe1, 0x08, 0xe1, 0x08, 0xe1, 0x08, 0xe1, 0x08, 0xe1, 0x08, 0xe1, 0x4a, 0xa8,
  0x21, 0x83, 0x5b, 0xaa, 0x6c, 0x4c, 0x74, 0x6d, 0x4b, 0x28, 0x42, 0x65, 0x4a, 0x87, 0x3a, 0x05,
  0x32, 0x04, 0x21, 0x62, 0x19, 0x41, 0x08, 0xe2, 0x42, 0x88, 0x3a, 0x48, 0x53, 0x0b, 0x53, 0x0b,
  0x4a, 0xeb, 0x29, 0xc5, 0x00, 0x80, 0x5b, 0x8a, 0x4b, 0x28, 0x3a, 0x85, 0x4a, 0xc6, 0x32, 0x04,
  0x4a, 0xc7, 0x5b, 0xaa, 0x6c, 0x0b, 0x5b, 0xaa, 0x5b, 0xc9, 0x6c, 0x6c, 0x74, 0xcd, 0x64, 0x0b,
  0x43, 0xa9, 0x6d, 0x2f, 0x75, 0xf1, 0x86, 0x12, 0x7d, 0xd1, 0x9e, 0xb5, 0xa6, 0xd6, 0x22, 0xa5,
  0x5c, 0x8d, 0xa6, 0xd5, 0x12, 0x03, 0x3b, 0x68, 0x54, 0x8c, 0x4c, 0x4b, 0x7d, 0xd1, 0x86, 0x32,
  0x33, 0x26, 0x64, 0xed, 0x96, 0xd5, 0x96, 0x93, 0x64, 0x6c, 0x22, 0x45, 0x08, 0xe1, 0x08, 0xe1,
  0x08, 0xe1, 0x08, 0xe1, 0x08, 0xe1, 0x08, 0xe1, 0x08, 0xe1, 0x08, 0xe1, 0x08, 0xe1, 0x08, 0xe1,
  0x08, 0xe1, 0x08, 0xe1, 0x08, 0xe1, 0x08, 0xe1, 0x08, 0xe1, 0x08, 0xe1, 0x08, 0xe1, 0x08, 0xe1,
  0x08, 0xe1, 0x08, 0xe1, 0x08, 0xe1, 0x08, 0xe1, 0x08, 0xe1, 0x08, 0xe1, 0x08, 0xe1, 0x08, 0xe1,
  0x08, 0xe1, 0x08, 0xe1, 0x08, 0xe1, 0x08, 0xe1, 0x08, 0xe1, 0x08, 0xe1, 0x08, 0xe1, 0x08, 0xe1,
  0x08, 0xe1, 0x08, 0xe1, 0x08, 0xe1, 0x08, 0xe1, 0x08, 0xe1, 0x08, 0xe1, 0x08, 0xe1, 0x08, 0xe1,
  0x08, 0xe1, 0x08, 0xe1, 0x08, 0xe1, 0x08, 0xe1, 0x08, 0xe1, 0x08, 0xe1, 0x08, 0xe1, 0x08, 0xe1,
  0x08, 0xe1, 0x08, 0xe1, 0x08, 0xe1, 0x08, 0xe1, 0x08, 0xe1, 0x08, 0xe1, 0x08, 0xe1, 0x08, 0xe1,
  0x08, 0xe1, 0x08, 0xe1, 0x08, 0xe1, 0x08, 0xe1, 0x08, 0xe1, 0x08, 0xe1, 0x08, 0xe1, 0x08, 0xe1,
  0x08, 0xe1, 0x08, 0xe1, 0x08, 0xe1, 0x08, 0xe1, 0x08, 0xe1, 0x08, 0xe1, 0x08, 0xe1, 0x08, 0xe1,
  0x08, 0xe1, 0x08, 0xe1, 0x08, 0xe1, 0x08, 0xe1, 0x08, 0xe1, 0x3a, 0x26, 0x42, 0x47, 0x53, 0x09,
  0x6c, 0x2c, 0x74, 0x8d, 0x74, 0x8e, 0x5b, 0x48, 0x5b, 0x49, 0x52, 0xc7, 0x4a, 0xc7, 0x4a, 0x87,
  0x3a, 0x25, 0x29, 0xa3, 0x29, 0x81, 0x19, 0x42, 0x19, 0x22, 0x32, 0x06, 0x42, 0x68, 0x3a, 0x27,
  0x3a, 0x8a, 0x53, 0x0b, 0x21, 0x84, 0x11, 0x21, 0x4b, 0x69, 0x42, 0xc6, 0x31, 0xe3, 0x3a, 0x24,
  0x29, 0xc3, 0x21, 0xc2, 0x5b, 0xaa, 0x63, 0xcb, 0x64, 0x0a, 0x5b, 0xa9, 0x5c, 0x0b, 0x6c, 0x8c,
  0x5c, 0xcd, 0x4c, 0x6c, 0x34, 0x0a, 0x4c, 0x8c, 0x8e, 0x73, 0x96, 0x95, 0xaf, 0x58, 0x9e, 0x74,
  0x09, 0xe2, 0xa6, 0xf6, 0xa6, 0xd5, 0x22, 0xa5, 0x4c, 0x6b, 0x5c, 0xee, 0x6d, 0x90, 0x8e, 0x53,
  0x6c, 0xed, 0x64, 0xed, 0x8e, 0xb4, 0x8e, 0x52, 0x64, 0x8d, 0x4b, 0x8a, 0x7c, 0x2f, 0x08, 0xe1,
  0x08, 0xe1, 0x08, 0xe1, 0x08, 0xe1, 0x08, 0xe1, 0x08, 0xe1, 0x08, 0xe1, 0x08, 0xe1, 0x08, 0xe1,
  0x08, 0xe1, 0x08, 0xe1, 0x08, 0xe1, 0x08, 0xe1, 0x08, 0xe1, 0x08, 0xe1, 0x08, 0xe1, 0x08, 0xe1,
  0x08, 0xe1, 0x08, 0xe1, 0x08, 0xe1, 0x08, 0xe1, 0x08, 0xe1, 0x08, 0xe1, 0x08, 0xe1, 0x08, 0xe1,
  0x08, 0xe1, 0x08, 0xe1, 0x08, 0xe1, 0x08, 0xe1, 0x08, 0xe1, 0x08, 0xe1, 0x08, 0xe1, 0x08, 0xe1,
  0x08, 0xe1, 0x08, 0xe1, 0x08, 0xe1, 0x08, 0xe1, 0x08, 0xe1, 0x08, 0xe1, 0x08, 0xe1, 0x08, 0xe1,
  0x08, 0xe1, 0x08, 0xe1, 0x08, 0xe1, 0x08, 0xe1, 0x08, 0xe1, 0x08, 0xe1, 0x08, 0xe1, 0x08, 0xe1,
  0x08, 0xe1, 0x08, 0xe1, 0x08, 0xe1, 0x08, 0xe1, 0x08, 0xe1, 0x08, 0xe1, 0x08, 0xe1, 0x08, 0xe1,
  0x08, 0xe1, 0x08, 0xe1, 0x08, 0xe1, 0x08, 0xe1, 0x08, 0xe1, 0x08, 0xe1, 0x08, 0xe1, 0x08, 0xe1,
  0x08, 0xe1, 0x08, 0xe1, 0x08, 0xe1, 0x08, 0xe1, 0x08, 0xe1, 0x08, 0xe1, 0x08, 0xe1, 0x08, 0xe1,
  0x08, 0xe1, 0x08, 0xe1, 0x08, 0xe1, 0x08, 0xe1, 0x08, 0xe1, 0x08, 0xe1, 0x08, 0xe1, 0x29, 0xc4,
  0x4b, 0x07, 0x64, 0x2b, 0x74, 0x6d, 0x63, 0xca, 0x5b, 0x69, 0x53, 0x07, 0x5b, 0x09, 0x4a, 0xa7,
  0x29, 0xc3, 0x21, 0x41, 0x39, 0xe4, 0x32, 0x04, 0x21, 0x61, 0x19, 0x22, 0x10, 0xe1, 0x19, 0x43,
  0x3a, 0x26, 0x3a, 0x26, 0x3a, 0x46, 0x10, 0xe0, 0x5b, 0x69, 0x53, 0x28, 0x4a, 0xe7, 0x3a, 0x65,
  0x32, 0x24, 0x21, 0x81, 0x5b, 0x48, 0x5b, 0x49, 0x53, 0x27, 0x53, 0x48, 0x5b, 0xaa, 0x53, 0x49,
  0x2a, 0x44, 0x53, 0xea, 0x54, 0x2b, 0x86, 0x12, 0x7e, 0x32, 0xaf, 0x57, 0xaf, 0x78, 0xaf, 0x79,
  0x8e, 0x74, 0x5c, 0xcc, 0xa7, 0x16, 0xa7, 0x17, 0x3b, 0x67, 0x7d, 0xb0, 0x5d, 0x0e, 0x8e, 0x73,
  0x7d, 0xf1, 0x6d, 0x6f, 0x7e, 0x11, 0x85, 0xf1, 0x6d, 0x4f, 0x5c, 0xac, 0x42, 0xa8, 0x08, 0xe1,
  0x08, 0xe1, 0x08, 0xe1, 0x08, 0xe1, 0x08, 0xe1, 0x08, 0xe1, 0x08, 0xe1, 0x08, 0xe1, 0x08, 0xe1,
  0x08, 0xe1, 0x08, 0xe1, 0x08, 0xe1, 0x08, 0xe1, 0x08, 0xe1, 0x08, 0xe1, 0x08, 0xe1, 0x08, 0xe1,
  0x08, 0xe1, 0x08, 0xe1, 0x08, 0xe1, 0x08, 0xe1, 0x08, 0xe1, 0x08, 0xe1, 0x08, 0xe1, 0x08, 0xe1,
  0x08, 0xe1, 0x08, 0xe1, 0x08, 0xe1, 0x08, 0xe1, 0x08, 0xe1, 0x08, 0xe1, 0x08, 0xe1, 0x08, 0xe1,
  0x08, 0xe1, 0x08, 0xe1, 0x08, 0xe1, 0x08, 0xe1, 0x08, 0xe1, 0x08, 0xe1, 0x08, 0xe1, 0x08, 0xe1,
  0x08, 0xe1, 0x08, 0xe1, 0x08, 0xe1, 0x08, 0xe1, 0x08, 0xe1, 0x08, 0xe1, 0x08, 0xe1, 0x08, 0xe1,
  0x08, 0xe1, 0x08, 0xe1, 0x08, 0xe1, 0x08, 0xe1, 0x08, 0xe1, 0x08, 0xe1, 0x08, 0xe1, 0x08, 0xe1,
  0x08, 0xe1, 0x08, 0xe1, 0x08, 0xe1, 0x08, 0xe1, 0x08, 0xe1, 0x08, 0xe1, 0x08, 0xe1, 0x08, 0xe1,
  0x08, 0xe1, 0x08, 0xe1, 0x08, 0xe1, 0x08, 0xe1, 0x08, 0xe1, 0x08, 0xe1, 0x08, 0xe1, 0x08, 0xe1,
  0x08, 0xe1, 0x08, 0xe1, 0x08, 0xe1, 0x08, 0xe1, 0x08, 0xe1, 0x08, 0xe1, 0x08, 0xe1, 0x08, 0xe1,
  0x08, 0xe1, 0x4b, 0x0a, 0x19, 0x42, 0x19, 0x42, 0x19, 0x42, 0x19, 0x42, 0x19, 0x21, 0x31, 0xe3,
  0x4a, 0xa7, 0x3a, 0x25, 0x31, 0xc3, 0x39, 0xe4, 0x39, 0xe4, 0x21, 0x63, 0x10, 0xe1, 0x08, 0xc0,
  0x10, 0xe1, 0x08, 0xa0, 0x31, 0xe4, 0x29, 0x83, 0x2a, 0x03, 0x4a, 0xe7, 0x4a, 0xe7, 0x63, 0x6a,
  0x42, 0xa6, 0x32, 0x24, 0x21, 0xa2, 0x42, 0x85, 0x53, 0x08, 0x42, 0xc6, 0x4a, 0xc6, 0x53, 0x07,
  0x52, 0xe8, 0x4a, 0xe8, 0x42, 0xe8, 0x53, 0x68, 0x64, 0x8c, 0x6d, 0x6f, 0x96, 0xb5, 0xaf, 0xba,
  0xb7, 0xb9, 0x5c, 0xed, 0x7d, 0xd2, 0xaf, 0x58, 0xa6, 0xb4, 0x86, 0x12, 0x86, 0x53, 0x96, 0xb4,
  0x86, 0x12, 0x8e, 0x73, 0x86, 0x32, 0x75, 0x4f, 0x8e, 0x32, 0x65, 0x0e, 0x4a, 0xe9, 0x08, 0xe1,
  0x08, 0xe1, 0x08, 0xe1, 0x08, 0xe1, 0x08, 0xe1, 0x08, 0xe1, 0x08, 0xe1, 0x08, 0xe1, 0x08, 0xe1,
  0x08, 0xe1, 0x08, 0xe1, 0x08, 0xe1, 0x08, 0xe1, 0x08, 0xe1, 0x08, 0xe1, 0x08, 0xe1, 0x08, 0xe1,
  0x08, 0xe1, 0x08, 0xe1, 0x08, 0xe1, 0x08, 0xe1, 0x08, 0xe1, 0x08, 0xe1, 0x08, 0xe1, 0x08, 0xe1,
  0x08, 0xe1, 0x08, 0xe1, 0x08, 0xe1, 0x08, 0xe1, 0x08, 0xe1, 0x08, 0xe1, 0x08, 0xe1, 0x08, 0xe1,
  0x08, 0xe1, 0x08, 0xe1, 0x08, 0xe1, 0x08, 0xe1, 0x08, 0xe1, 0x08, 0xe1, 0x08, 0xe1, 0x08, 0xe1,
  0x08, 0xe1, 0x08, 0xe1, 0x08, 0xe1, 0x08, 0xe1, 0x08, 0xe1, 0x08, 0xe1, 0x08, 0xe1, 0x08, 0xe1,
  0x08, 0xe1, 0x08, 0xe1, 0x08, 0xe1, 0x08, 0xe1, 0x08, 0xe1, 0x08, 0xe1, 0x08, 0xe1, 0x08, 0xe1,
  0x08, 0xe1, 0x08, 0xe1, 0x08, 0xe1, 0x08, 0xe1, 0x08, 0xe1, 0x08, 0xe1, 0x08, 0xe1, 0x08, 0xe1,
  0x08, 0xe1, 0x08, 0xe1, 0x08, 0xe1, 0x08, 0xe1, 0x08, 0xe1, 0x08, 0xe1, 0x08, 0xe1, 0x08, 0xe1,
  0x08, 0xe1, 0x08, 0xe1, 0x08, 0xe1, 0x08, 0xe1, 0x08, 0xe1, 0x08, 0xe1, 0x08, 0xe1, 0x08, 0xe1,
  0x08, 0xe1, 0x08, 0xe1, 0x08, 0xe1, 0x08, 0xe1, 0x08, 0xe1, 0x4a, 0x86, 0x29, 0xa2, 0x53, 0x08,
  0x32, 0x03, 0x31, 0xa3, 0x39, 0xe4, 0x42, 0x04, 0x42, 0x04, 0x31, 0xe4, 0x31, 0xc3, 0x31, 0xc4,
  0x39, 0xe4, 0x31, 0xa3, 0x21, 0x61, 0x42, 0x45, 0x3a, 0x44, 0x5b, 0x89, 0x42, 0xc6, 0x63, 0xa9,
  0x5b, 0x89, 0x3a, 0x44, 0x32, 0x03, 0x31, 0xe2, 0x29, 0xa3, 0x31, 0xe5, 0x19, 0x01, 0x3a, 0x25,
  0x32, 0x24, 0x3a, 0x45, 0x3a, 0x65, 0x3a, 0x65, 0x5b, 0x8a, 0x64, 0x2b, 0x6c, 0xcd, 0xbf, 0x99,
  0xb7, 0x79, 0xaf, 0x9a, 0x54, 0x6c, 0x7d, 0xd1, 0xbf, 0x99, 0x96, 0x74, 0x96, 0x54, 0x9e, 0xb4,
  0x86, 0x53, 0x86, 0x11, 0x7e, 0x11, 0x5c, 0xcb, 0x86, 0x11, 0x3b, 0x89, 0x95, 0x33, 0x08, 0xe1,
  0x08, 0xe1, 0x08, 0xe1, 0x08, 0xe1, 0x08, 0xe1, 0x08, 0xe1, 0x08, 0xe1, 0x08, 0xe1, 0x08, 0xe1,
  0x08, 0xe1, 0x08, 0xe1, 0x08, 0xe1, 0x08, 0xe1, 0x08, 0xe1, 0x08, 0xe1, 0x08, 0xe1, 0x08, 0xe1,
  0x08, 0xe1, 0x08, 0xe1, 0x08, 0xe1, 0x08, 0xe1, 0x08, 0xe1, 0x08, 0xe1, 0x08, 0xe1, 0x08, 0xe1,
  0x08, 0xe1, 0x08, 0xe1, 0x08, 0xe1, 0x08, 0xe1, 0x08, 0xe1, 0x08, 0xe1, 0x08, 0xe1, 0x08, 0xe1,
  0x08, 0xe1, 0x08, 0xe1, 0x08, 0xe1, 0x08, 0xe1, 0x08, 0xe1, 0x08, 0xe1, 0x08, 0xe1, 0x08, 0xe1,
  0x08, 0xe1, 0x08, 0xe1, 0x08, 0xe1, 0x08, 0xe1, 0x08, 0xe1, 0x08, 0xe1, 0x08, 0xe1, 0x08, 0xe1,
  0x08, 0xe1, 0x08, 0xe1, 0x08, 0xe1, 0x08, 0xe1, 0x08, 0xe1, 0x08, 0xe1, 0x08, 0xe1, 0x08, 0xe1,
  0x08, 0xe1, 0x08, 0xe1, 0x08, 0xe1, 0x08, 0xe1, 0x08, 0xe1, 0x08, 0xe1, 0x08, 0xe1, 0x08, 0xe1,
  0x08, 0xe1, 0x08, 0xe1, 0x08, 0xe1, 0x08, 0xe1, 0x08, 0xe1, 0x08, 0xe1, 0x08, 0xe1, 0x08, 0xe1,
  0x08, 0xe1, 0x08, 0xe1, 0x08, 0xe1, 0x08, 0xe1, 0x08, 0xe1, 0x08, 0xe1, 0x08, 0xe1, 0x08, 0xe1,
  0x08, 0xe1, 0x08, 0xe1, 0x08, 0xe1, 0x08, 0xe1, 0x11, 0x21, 0x21, 0x61, 0x42, 0x65, 0x52, 0xc7,
  0x31, 0xe3, 0x29, 0x82, 0x21, 0x41, 0x18, 0xe0, 0x19, 0x00, 0x21, 0x61, 0x21, 0x61, 0x29, 0x82,
  0x29, 0x82, 0x29, 0x82, 0x21, 0x41, 0x11, 0x00, 0x4b, 0x07, 0x5b, 0x89, 0x5b, 0x89, 0x42, 0xa6,
  0x4a, 0xc7, 0x4b, 0x08, 0x42, 0xc6, 0x32, 0x04, 0x19, 0x01, 0x08, 0x80, 0x08, 0xa0, 0x21, 0x43,
  0x31, 0xc4, 0x3a, 0x05, 0x42, 0x46, 0x42, 0x87, 0x3a, 0x25, 0x29, 0xe3, 0x63, 0xeb, 0x5c, 0x2c,
  0xbf, 0x79, 0xbf, 0xba, 0x9e, 0xb5, 0x86, 0x13, 0xbf, 0x99, 0xbf, 0x99, 0x8e, 0x13, 0x9e, 0x94,
  0x8e, 0x94, 0x5c, 0xcc, 0x86, 0x32, 0x3b, 0x88, 0x7d, 0x71, 0x09, 0x82, 0x08, 0xe1, 0x08, 0xe1,
  0x08, 0xe1, 0x08, 0xe1, 0x08, 0xe1, 0x08, 0xe1, 0x08, 0xe1, 0x08, 0xe1, 0x08, 0xe1, 0x08, 0xe1,
  0x08, 0xe1, 0x08, 0xe1, 0x08, 0xe1, 0x08, 0xe1, 0x08, 0xe1, 0x08, 0xe1, 0x08, 0xe1, 0x08, 0xe1,
  0x08, 0xe1, 0x08, 0xe1, 0x08, 0xe1, 0x08, 0xe1, 0x08, 0xe1, 0x08, 0xe1, 0x08, 0xe1, 0x08, 0xe1,
  0x08, 0xe1, 0x08, 0xe1, 0x08, 0xe1, 0x08, 0xe1, 0x08, 0xe1, 0x08, 0xe1, 0x08, 0xe1, 0x08, 0xe1,
  0x08, 0xe1, 0x08, 0xe1, 0x08, 0xe1, 0x08, 0xe1, 0x08, 0xe1, 0x08, 0xe1, 0x08, 0xe1, 0x08, 0xe1,
  0x08, 0xe1, 0x08, 0xe1, 0x08, 0xe1, 0x08, 0xe1, 0x08, 0xe1, 0x08, 0xe1, 0x08, 0xe1, 0x08, 0xe1,
  0x08, 0xe1, 0x08, 0xe1, 0x08, 0xe1, 0x08, 0xe1, 0x08, 0xe1, 0x08, 0xe1, 0x08, 0xe1, 0x08, 0xe1,
  0x08, 0xe1, 0x08, 0xe1, 0x08, 0xe1, 0x08, 0xe1, 0x08, 0xe1, 0x08, 0xe1, 0x08, 0xe1, 0x08, 0xe1,
  0x08, 0xe1, 0x08, 0xe1, 0x08, 0xe1, 0x08, 0xe1, 0x08, 0xe1, 0x08, 0xe1, 0x08, 0xe1, 0x08, 0xe1,
  0x08, 0xe1, 0x08, 0xe1, 0x08, 0xe1, 0x08, 0xe1, 0x08, 0xe1, 0x08, 0xe1, 0x08, 0xe1, 0x08, 0xe1,
  0x08, 0xe1, 0x08, 0xe1, 0x08, 0xe1, 0x11, 0x82, 0x5c, 0x4c, 0x63, 0x69, 0x42, 0x87, 0x29, 0xa3,
  0x11, 0x00, 0x7c, 0x6e, 0x5b, 0xab, 0x5b, 0xaa, 0x53, 0x28, 0x53, 0x27, 0x42, 0xc6, 0x4a, 0xc6,
  0x3a, 0x44, 0x42, 0x65, 0x42, 0x44, 0x42, 0x64, 0x42, 0xa6, 0x53, 0x07, 0x5b, 0x89, 0x42, 0x85,
  0x5b, 0x8a, 0x63, 0xea, 0x64, 0x0b, 0x64, 0x0b, 0x09, 0x20, 0x29, 0xc4, 0x10, 0xe1, 0x08, 0x80,
  0x08, 0x80, 0x08, 0xa0, 0x10, 0xa1, 0x00, 0xa1, 0x08, 0x60, 0x00, 0x40, 0x19, 0x42, 0x6c, 0x0b,
  0x74, 0x8c, 0xc7, 0x96, 0x9e, 0x93, 0x86, 0x52, 0xaf, 0x15, 0xb7, 0x77, 0x9e, 0xb4, 0x96, 0x52,
  0x8e, 0x32, 0x75, 0x4e, 0x9e, 0x93, 0x22, 0xa6, 0x2a, 0x46, 0x19, 0x22, 0x08, 0xe1, 0x08, 0xe1,
  0x08, 0xe1, 0x08, 0xe1, 0x08, 0xe1, 0x08, 0xe1, 0x08, 0xe1, 0x08, 0xe1, 0x08, 0xe1, 0x08, 0xe1,
  0x08, 0xe1, 0x08, 0xe1, 0x08, 0xe1, 0x08, 0xe1, 0x08, 0xe1, 0x08, 0xe1, 0x08, 0xe1, 0x08, 0xe1,
  0x08, 0xe1, 0x08, 0xe1, 0x08, 0xe1, 0x08, 0xe1, 0x08, 0xe1, 0x08, 0xe1, 0x08, 0xe1, 0x08, 0xe1,
  0x08, 0xe1, 0x08, 0xe1, 0x08, 0xe1, 0x08, 0xe1, 0x08, 0xe1, 0x08, 0xe1, 0x08, 0xe1, 0x08, 0xe1,
  0x08, 0xe1, 0x08, 0xe1, 0x08, 0xe1, 0x08, 0xe1, 0x08, 0xe1, 0x08, 0xe1, 0x08, 0xe1, 0x08, 0xe1,
  0x08, 0xe1, 0x08, 0xe1, 0x08, 0xe1, 0x08, 0xe1, 0x08, 0xe1, 0x08, 0xe1, 0x08, 0xe1, 0x08, 0xe1,
  0x08, 0xe1, 0x08, 0xe1, 0x08, 0xe1, 0x08, 0xe1, 0x08, 0xe1, 0x08, 0xe1, 0x08, 0xe1, 0x08, 0xe1,
  0x08, 0xe1, 0x08, 0xe1, 0x08, 0xe1, 0x08, 0xe1, 0x08, 0xe1, 0x08, 0xe1, 0x08, 0xe1, 0x08, 0xe1,
  0x08, 0xe1, 0x08, 0xe1, 0x08, 0xe1, 0x08, 0xe1, 0x08, 0xe1, 0x08, 0xe1, 0x08, 0xe1, 0x08, 0xe1,
  0x08, 0xe1, 0x08, 0xe1, 0x08, 0xe1, 0x08, 0xe1, 0x08, 0xe1, 0x08, 0xe1, 0x08, 0xe1, 0x08, 0xe1,
  0x08, 0xe1, 0x08, 0xe1, 0x00, 0xa0, 0x53, 0xcb, 0x7d, 0x50, 0x42, 0x65, 0x4a, 0x66, 0x31, 0xc3,
  0x29, 0x82, 0x10, 0xe0, 0x84, 0xcf, 0x6b, 0xeb, 0x63, 0xaa, 0x6b, 0xea, 0x6b, 0xea, 0x63, 0xca,
  0x74, 0x0b, 0x4a, 0xe7, 0x4a, 0xa6, 0x42, 0x85, 0x3a, 0x85, 0x3a, 0x85, 0x3a, 0x64, 0x4a, 0xe7,
  0x42, 0xe7, 0x6c, 0x4c, 0x64, 0x0b, 0x64, 0x2b, 0x4a, 0xe7, 0x21, 0x83, 0x21, 0x84, 0x19, 0x22,
  0x6b, 0xad, 0x3a, 0x26, 0x11, 0x00, 0x08, 0xe0, 0x18, 0xe1, 0x10, 0xc0, 0x00, 0x60, 0x08, 0xc0,
  0x63, 0xca, 0x74, 0xcd, 0x75, 0x0e, 0x85, 0xb1, 0x8e, 0x11, 0xa6, 0xf5, 0x8e, 0x32, 0x8e, 0x32,
  0x8d, 0xf1, 0x96, 0x73, 0x8d, 0xf1, 0x1a, 0x65, 0x00, 0xc0, 0x08, 0xa0, 0x08, 0xe1, 0x08, 0xe1,
  0x08, 0xe1, 0x08, 0xe1, 0x08, 0xe1, 0x08, 0xe1, 0x08, 0xe1, 0x08, 0xe1, 0x08, 0xe1, 0x08, 0xe1,
  0x08, 0xe1, 0x08, 0xe1, 0x08, 0xe1, 0x08, 0xe1, 0x08, 0xe1, 0x08, 0xe1, 0x08, 0xe1, 0x08, 0xe1,
  0x08, 0xe1, 0x08, 0xe1, 0x08, 0xe1, 0x08, 0xe1, 0x08, 0xe1, 0x08, 0xe1, 0x08, 0xe1, 0x08, 0xe1,
  0x08, 0xe1, 0x08, 0xe1, 0x08, 0xe1, 0x08, 0xe1, 0x08, 0xe1, 0x08, 0xe1, 0x08, 0xe1, 0x08, 0xe1,
  0x08, 0xe1, 0x08, 0xe1, 0x08, 0xe1, 0x08, 0xe1, 0x08, 0xe1, 0x08, 0xe1, 0x08, 0xe1, 0x08, 0xe1,
  0x08, 0xe1, 0x08, 0xe1, 0x08, 0xe1, 0x08, 0xe1, 0x08, 0xe1, 0x08, 0xe1, 0x08, 0xe1, 0x08, 0xe1,
  0x08, 0xe1, 0x08, 0xe1, 0x08, 0xe1, 0x08, 0xe1, 0x08, 0xe1, 0x08, 0xe1, 0x08, 0xe1, 0x08, 0xe1,
  0x08, 0xe1, 0x08, 0xe1, 0x08, 0xe1, 0x08, 0xe1, 0x08, 0xe1, 0x08, 0xe1, 0x08, 0xe1, 0x08, 0xe1,
  0x08, 0xe1, 0x08, 0xe1, 0x08, 0xe1, 0x08, 0xe1, 0x08, 0xe1, 0x08, 0xe1, 0x08, 0xe1, 0x08, 0xe1,
  0x08, 0xe1, 0x08, 0xe1, 0x08, 0xe1, 0x08, 0xe1, 0x08, 0xe1, 0x08, 0xe1, 0x08, 0xe1, 0x08, 0xe1,
  0x08, 0xe1, 0x08, 0xe1, 0x3a, 0xc7, 0x6c, 0xcd, 0x5c, 0x4c, 0x4a, 0xc6, 0x42, 0x05, 0x39, 0xc3,
  0x31, 0xa3, 0x39, 0xc3, 0x19, 0x00, 0x4b, 0x08, 0x84, 0xef, 0x6c, 0x0b, 0x63, 0xea, 0x6c, 0x0b,
  0x64, 0x0b, 0x6c, 0x2c, 0x5b, 0x69, 0x5b, 0x69, 0x5b, 0x89, 0x5b, 0x89, 0x42, 0x85, 0x42, 0xa6,
  0x53, 0x69, 0x6c, 0x4c, 0x6c, 0x4b, 0x5b, 0xa9, 0x6c, 0x0c, 0x21, 0x83, 0x32, 0x45, 0x6c, 0x2d,
  0x42, 0xea, 0x19, 0x62, 0x7c, 0x6a, 0x42, 0x84, 0x29, 0x64, 0x10, 0xe1, 0x11, 0x01, 0x08, 0xa0,
  0x42, 0x86, 0x5b, 0xaa, 0x6c, 0x6b, 0x85, 0x90, 0x85, 0xd0, 0x8e, 0x11, 0x8e, 0x12, 0x8e, 0x11,
  0x85, 0xd1, 0x8e, 0x12, 0x96, 0x52, 0x1a, 0x44, 0x00, 0xc0, 0x21, 0x84, 0x08, 0xe1, 0x08, 0xe1,
  0x08, 0xe1, 0x08, 0xe1, 0x08, 0xe1, 0x08, 0xe1, 0x08, 0xe1, 0x08, 0xe1, 0x08, 0xe1, 0x08, 0xe1,
  0x08, 0xe1, 0x08, 0xe1, 0x08, 0xe1, 0x08, 0xe1, 0x08, 0xe1, 0x08, 0xe1, 0x08, 0xe1, 0x08, 0xe1,
  0x08, 0xe1, 0x08, 0xe1, 0x08, 0xe1, 0x08, 0xe1, 0x08, 0xe1, 0x08, 0xe1, 0x08, 0xe1, 0x08, 0xe1,
  0x08, 0xe1, 0x08, 0xe1, 0x08, 0xe1, 0x08, 0xe1, 0x08, 0xe1, 0x08, 0xe1, 0x08, 0xe1, 0x08, 0xe1,
  0x08, 0xe1, 0x08, 0xe1, 0x08, 0xe1, 0x08, 0xe1, 0x08, 0xe1, 0x08, 0xe1, 0x08, 0xe1, 0x08, 0xe1,
  0x08, 0xe1, 0x08, 0xe1, 0x08, 0xe1, 0x08, 0xe1, 0x08, 0xe1, 0x08, 0xe1, 0x08, 0xe1, 0x08, 0xe1,
  0x08, 0xe1, 0x08, 0xe1, 0x08, 0xe1, 0x08, 0xe1, 0x08, 0xe1, 0x08, 0xe1, 0x08, 0xe1, 0x08, 0xe1,
  0x08, 0xe1, 0x08, 0xe1, 0x08, 0xe1, 0x08, 0xe1, 0x08, 0xe1, 0x08, 0xe1, 0x08, 0xe1, 0x08, 0xe1,
  0x08, 0xe1, 0x08, 0xe1, 0x08, 0xe1, 0x08, 0xe1, 0x08, 0xe1, 0x08, 0xe1, 0x08, 0xe1, 0x08, 0xe1,
  0x08, 0xe1, 0x08, 0xe1, 0x08, 0xe1, 0x08, 0xe1, 0x08, 0xe1, 0x08, 0xe1, 0x08, 0xe1, 0x08, 0xe1,
  0x08, 0xe1, 0x4a, 0xa8, 0x74, 0xef, 0x64, 0xce, 0x5b, 0xcb, 0x4a, 0xc7, 0x42, 0x45, 0x42, 0x24,
  0x31, 0xc2, 0x42, 0x45, 0x4a, 0x44, 0x31, 0xa2, 0x10, 0xe0, 0x19, 0x41, 0x4b, 0x07, 0x7c, 0x4d,
  0x6c, 0x2c, 0x5b, 0x89, 0x63, 0xeb, 0x6c, 0x0b, 0x43, 0x27, 0x53, 0x89, 0x53, 0x88, 0x42, 0xc5,
  0x63, 0xca, 0x64, 0x4b, 0x6c, 0x6c, 0x6c, 0x6b, 0x5c, 0x0a, 0x6c, 0x6b, 0x2a, 0x03, 0x53, 0x48,
  0x8d, 0x30, 0x32, 0x66, 0x95, 0x6d, 0x19, 0x40, 0x3a, 0x26, 0x10, 0xe1, 0x11, 0x01, 0x21, 0x03,
  0x00, 0x40, 0x63, 0xab, 0x5b, 0x89, 0x6c, 0x8b, 0x85, 0xb0, 0x8d, 0xd0, 0x85, 0xb0, 0x85, 0xb0,
  0x85, 0xb0, 0x8d, 0xf1, 0x96, 0x31, 0x3a, 0xc6, 0x2a, 0x25, 0x11, 0x80, 0x08, 0xe1, 0x08, 0xe1,
  0x08, 0xe1, 0x08, 0xe1, 0x08, 0xe1, 0x08, 0xe1, 0x08, 0xe1, 0x08, 0xe1, 0x08, 0xe1, 0x08, 0xe1,
  0x08, 0xe1, 0x08, 0xe1, 0x08, 0xe1, 0x08, 0xe1, 0x08, 0xe1, 0x08, 0xe1, 0x08, 0xe1, 0x08, 0xe1,
  0x08, 0xe1, 0x08, 0xe1, 0x08, 0xe1, 0x08, 0xe1, 0x08, 0xe1, 0x08, 0xe1, 0x08, 0xe1, 0x08, 0xe1,
  0x08, 0xe1, 0x08, 0xe1, 0x08, 0xe1, 0x08, 0xe1, 0x08, 0xe1, 0x08, 0xe1, 0x08, 0xe1, 0x08, 0xe1,
  0x08, 0xe1, 0x08, 0xe1, 0x08, 0xe1, 0x08, 0xe1, 0x08, 0xe1, 0x08, 0xe1, 0x08, 0xe1, 0x08, 0xe1,
  0x08, 0xe1, 0x08, 0xe1, 0x08, 0xe1, 0x08, 0xe1, 0x08, 0xe1, 0x08, 0xe1, 0x08, 0xe1, 0x08, 0xe1,
  0x08, 0xe1, 0x08, 0xe1, 0x08, 0xe1, 0x08, 0xe1, 0x08, 0xe1, 0x08, 0xe1, 0x08, 0xe1, 0x08, 0xe1,
  0x08, 0xe1, 0x08, 0xe1, 0x08, 0xe1, 0x08, 0xe1, 0x08, 0xe1, 0x08, 0xe1, 0x08, 0xe1, 0x08, 0xe1,
  0x08, 0xe1, 0x08, 0xe1, 0x08, 0xe1, 0x08, 0xe1, 0x08, 0xe1, 0x08, 0xe1, 0x08, 0xe1, 0x08, 0xe1,
  0x08, 0xe1, 0x08, 0xe1, 0x08, 0xe1, 0x08, 0xe1, 0x08, 0xe1, 0x08, 0xe1, 0x08, 0xe1, 0x08, 0xe1,
  0x08, 0xe1, 0x09, 0x22, 0x64, 0x8d, 0x74, 0xae, 0x53, 0x28, 0x4a, 0xe7, 0x52, 0xc7, 0x39, 0xe3,
  0x42, 0x24, 0x4a, 0x65, 0x42, 0x45, 0x4a, 0x45, 0x42, 0x25, 0x19, 0x41, 0x11, 0x00, 0x10, 0xc0,
  0x11, 0x00, 0x42, 0x86, 0x5b, 0xaa, 0x53, 0x69, 0x6c, 0x4c, 0x63, 0xea, 0x64, 0x0a, 0x42, 0xc6,
  0x6c, 0x0a, 0x64, 0xac, 0x7d, 0x6f, 0x6c, 0xed, 0x74, 0xac, 0x74, 0xac, 0x5b, 0xca, 0x4b, 0x48,
  0x64, 0x0a, 0x32, 0x45, 0x85, 0x0d, 0x11, 0x20, 0x19, 0x02, 0x10, 0xe1, 0x10, 0xe1, 0x21, 0x23,
  0x08, 0x80, 0x5b, 0x6a, 0x53, 0x89, 0x6c, 0x6b, 0x7d, 0x8f, 0x85, 0xb0, 0x75, 0x2e, 0x7d, 0x8f,
  0x85, 0xb0, 0x8d, 0xf0, 0x9e, 0x52, 0x7c, 0xee, 0x11, 0x83, 0x64, 0x0b, 0x7c, 0x6f, 0x08, 0xe1,
  0x08, 0xe1, 0x08, 0xe1, 0x08, 0xe1, 0x08, 0xe1, 0x08, 0xe1, 0x08, 0xe1, 0x08, 0xe1, 0x08, 0xe1,
  0x08, 0xe1, 0x08, 0xe1, 0x08, 0xe1, 0x08, 0xe1, 0x08, 0xe1, 0x08, 0xe1, 0x08, 0xe1, 0x08, 0xe1,
  0x08, 0xe1, 0x08, 0xe1, 0x08, 0xe1, 0x08, 0xe1, 0x08, 0xe1, 0x08, 0xe1, 0x08, 0xe1, 0x08, 0xe1,
  0x08, 0xe1, 0x08, 0xe1, 0x08, 0xe1, 0x08, 0xe1, 0x08, 0xe1, 0x08, 0xe1, 0x08, 0xe1, 0x08, 0xe1,
  0x08, 0xe1, 0x08, 0xe1, 0x08, 0xe1, 0x08, 0xe1, 0x08, 0xe1, 0x08, 0xe1, 0x08, 0xe1, 0x08, 0xe1,
  0x08, 0xe1, 0x08, 0xe1, 0x08, 0xe1, 0x08, 0xe1, 0x08, 0xe1, 0x08, 0xe1, 0x08, 0xe1, 0x08, 0xe1,
  0x08, 0xe1, 0x08, 0xe1, 0x08, 0xe1, 0x08, 0xe1, 0x08, 0xe1, 0x08, 0xe1, 0x08, 0xe1, 0x08, 0xe1,
  0x08, 0xe1, 0x08, 0xe1, 0x08, 0xe1, 0x08, 0xe1, 0x08, 0xe1, 0x08, 0xe1, 0x08, 0xe1, 0x08, 0xe1,
  0x08, 0xe1, 0x08, 0xe1, 0x08, 0xe1, 0x08, 0xe1, 0x08, 0xe1, 0x08, 0xe1, 0x08, 0xe1, 0x08, 0xe1,
  0x08, 0xe1, 0x08, 0xe1, 0x08, 0xe1, 0x08, 0xe1, 0x08, 0xe1, 0x08, 0xe1, 0x08, 0xe1, 0x08, 0xe1,
  0x5b, 0x6a, 0x6c, 0x0a, 0x6c, 0x6d, 0x53, 0x69, 0x63, 0xc9, 0x5b, 0x27, 0x5b, 0x08, 0x39, 0xe3,
  0x3a, 0x04, 0x42, 0x45, 0x4a, 0x66, 0x42, 0x66, 0x31, 0xa3, 0x29, 0x83, 0x29, 0x83, 0x29, 0xa3,
  0x31, 0x83, 0x18, 0xc0, 0x10, 0xc1, 0x4a, 0xe8, 0x53, 0x27, 0x4b, 0x27, 0x63, 0xca, 0x6c, 0x2b,
  0x4b, 0x06, 0x5c, 0x2a, 0x75, 0x2e, 0x75, 0x6f, 0x6c, 0xac, 0x7d, 0x4f, 0x7d, 0x2e, 0x32, 0xa5,
  0x63, 0xec, 0xae, 0x55, 0x09, 0x41, 0x5b, 0x8a, 0x00, 0x80, 0x00, 0xa0, 0x11, 0x00, 0x10, 0x81,
  0x10, 0xc1, 0x53, 0x49, 0x5b, 0x8a, 0x74, 0xad, 0x85, 0x4e, 0x7d, 0x2e, 0x7d, 0x2e, 0x8d, 0x8f,
  0x95, 0xd0, 0x8d, 0xd0, 0xa6, 0x93, 0xbe, 0x75, 0x11, 0x00, 0x42, 0xe7, 0x95, 0x12, 0x08, 0xe1,
  0x08, 0xe1, 0x08, 0xe1, 0x08, 0xe1, 0x08, 0xe1, 0x08, 0xe1, 0x08, 0xe1, 0x08, 0xe1, 0x08, 0xe1,
  0x08, 0xe1, 0x08, 0xe1, 0x08, 0xe1, 0x08, 0xe1, 0x08, 0xe1, 0x08, 0xe1, 0x08, 0xe1, 0x08, 0xe1,
  0x08, 0xe1, 0x08, 0xe1, 0x08, 0xe1, 0x08, 0xe1, 0x08, 0xe1, 0x08, 0xe1, 0x08, 0xe1, 0x08, 0xe1,
  0x08, 0xe1, 0x08, 0xe1, 0x08, 0xe1, 0x08, 0xe1, 0x08, 0xe1, 0x08, 0xe1, 0x08, 0xe1, 0x08, 0xe1,
  0x08, 0xe1, 0x08, 0xe1, 0x08, 0xe1, 0x08, 0xe1, 0x08, 0xe1, 0x08, 0xe1, 0x08, 0xe1, 0x08, 0xe1,
  0x08, 0xe1, 0x08, 0xe1, 0x08, 0xe1, 0x08, 0xe1, 0x08, 0xe1, 0x08, 0xe1, 0x08, 0xe1, 0x08, 0xe1,
  0x08, 0xe1, 0x08, 0xe1, 0x08, 0xe1, 0x08, 0xe1, 0x08, 0xe1, 0x08, 0xe1, 0x08, 0xe1, 0x08, 0xe1,
  0x08, 0xe1, 0x08, 0xe1, 0x08, 0xe1, 0x08, 0xe1, 0x08, 0xe1, 0x08, 0xe1, 0x08, 0xe1, 0x08, 0xe1,
  0x08, 0xe1, 0x08, 0xe1, 0x08, 0xe1, 0x08, 0xe1, 0x08, 0xe1, 0x08, 0xe1, 0x08, 0xe1, 0x08, 0xe1,
  0x08, 0xe1, 0x08, 0xe1, 0x08, 0xe1, 0x08, 0xe1, 0x08, 0xe1, 0x08, 0xe1, 0x08, 0xe1, 0x08, 0xe1,
  0x21, 0xc3, 0x64, 0x0b, 0x5b, 0xaa, 0x74, 0x0b, 0x5b, 0xaa, 0x29, 0xa2, 0x31, 0xc3, 0x4a, 0xa6,
  0x4a, 0x86, 0x31, 0xa3, 0x19, 0x20, 0x21, 0x21, 0x29, 0x62, 0x10, 0xe0, 0x19, 0x00, 0x29, 0x83,
  0x31, 0xa3, 0x31, 0xa3, 0x19, 0x02, 0x00, 0xa0, 0x6c, 0x0a, 0x74, 0x4b, 0x63, 0xea, 0x53, 0x68,
  0x5b, 0xa9, 0x5b, 0xa9, 0x8d, 0xb0, 0x7d, 0x6f, 0x6c, 0xcd, 0x74, 0xee, 0x8d, 0xb0, 0x85, 0x4f,
  0x43, 0x07, 0x74, 0x8d, 0xc7, 0x17, 0x4b, 0x2a, 0x21, 0x81, 0x53, 0xca, 0x43, 0x26, 0x10, 0x81,
  0x08, 0x80, 0x11, 0x00, 0x5b, 0x89, 0x6c, 0x4b, 0x64, 0x8b, 0x7d, 0x2e, 0x85, 0x6e, 0x96, 0x11,
  0x8d, 0xd0, 0x8d, 0xd0, 0x9e, 0x73, 0x9e, 0x53, 0x01, 0x00, 0x09, 0x01, 0x08, 0xe1, 0x08, 0xe1,
  0x08, 0xe1, 0x08, 0xe1, 0x08, 0xe1, 0x08, 0xe1, 0x08, 0xe1, 0x08, 0xe1, 0x08, 0xe1, 0x08, 0xe1,
  0x08, 0xe1, 0x08, 0xe1, 0x08, 0xe1, 0x08, 0xe1, 0x08, 0xe1, 0x08, 0xe1, 0x08, 0xe1, 0x08, 0xe1,
  0x08, 0xe1, 0x08, 0xe1, 0x08, 0xe1, 0x08, 0xe1, 0x08, 0xe1, 0x08, 0xe1, 0x08, 0xe1, 0x08, 0xe1,
  0x08, 0xe1, 0x08, 0xe1, 0x08, 0xe1, 0x08, 0xe1, 0xcf, 0x1a, 0x53, 0x09, 0x08, 0xe1, 0x08, 0xe1,
  0x08, 0xe1, 0x08, 0xe1, 0x08, 0xe1, 0x08, 0xe1, 0x08, 0xe1, 0x08, 0xe1, 0x08, 0xe1, 0x08, 0xe1,
  0x08, 0xe1, 0x08, 0xe1, 0x08, 0xe1, 0x08, 0xe1, 0x08, 0xe1, 0x08, 0xe1, 0x08, 0xe1, 0x08, 0xe1,
  0x08, 0xe1, 0x08, 0xe1, 0x08, 0xe1, 0x08, 0xe1, 0x08, 0xe1, 0x08, 0xe1, 0x08, 0xe1, 0x08, 0xe1,
  0x08, 0xe1, 0x08, 0xe1, 0x08, 0xe1, 0x08, 0xe1, 0x08, 0xe1, 0x08, 0xe1, 0x08, 0xe1, 0x08, 0xe1,
  0x08, 0xe1, 0x08, 0xe1, 0x08, 0xe1, 0x08, 0xe1, 0x08, 0xe1, 0x08, 0xe1, 0x08, 0xe1, 0x08, 0xe1,
  0x08, 0xe1, 0x08, 0xe1, 0x08, 0xe1, 0x08, 0xe1, 0x08, 0xe1, 0x08, 0xe1, 0x08, 0xe1, 0x8c, 0xd2,
  0x6c, 0x0c, 0x53, 0x89, 0x6b, 0xea, 0x63, 0x48, 0x19, 0x62, 0x31, 0xe5, 0x4a, 0x65, 0x52, 0xc7,
  0x4a, 0x85, 0x31, 0xa3, 0x10, 0xa0, 0x21, 0x41, 0x19, 0x21, 0x21, 0x21, 0x19, 0x00, 0x31, 0xa4,
  0x29, 0x42, 0x18, 0xe0, 0x32, 0x06, 0x5b, 0x4a, 0x63, 0xea, 0x6c, 0x2b, 0x63, 0xc9, 0x5b, 0x89,
  0x53, 0x68, 0x6b, 0xe9, 0x5b, 0xea, 0x8d, 0x90, 0x74, 0xcd, 0x64, 0x8c, 0x6c, 0xac, 0x85, 0x4f,
  0x8d, 0x6f, 0x4b, 0x27, 0x7c, 0xad, 0x74, 0x8d, 0x08, 0xe1, 0x31, 0xa3, 0x10, 0x80, 0x08, 0x40,
  0x10, 0xc1, 0x4a, 0xc7, 0x32, 0x65, 0x53, 0xa9, 0x74, 0xcc, 0x6c, 0xcc, 0x85, 0x6f, 0x96, 0x72,
  0x8e, 0x31, 0x96, 0x31, 0x9e, 0x52, 0x96, 0xb3, 0xc7, 0x39, 0x00, 0x80, 0x08, 0xe1, 0x08, 0xe1,
  0x08, 0xe1, 0x08, 0xe1, 0x08, 0xe1, 0x08, 0xe1, 0x08, 0xe1, 0x08, 0xe1, 0x08, 0xe1, 0x08, 0xe1,
  0x08, 0xe1, 0x08, 0xe1, 0x08, 0xe1, 0x08, 0xe1, 0x08, 0xe1, 0x08, 0xe1, 0x08, 0xe1, 0x08, 0xe1,
  0x08, 0xe1, 0x08, 0xe1, 0x08, 0xe1, 0x08, 0xe1, 0x08, 0xe1, 0x08, 0xe1, 0x08, 0xe1, 0x08, 0xe1,
  0x08, 0xe1, 0x08, 0xe1, 0x08, 0xe1, 0x08, 0xe1, 0xa6, 0x15, 0x3a, 0xa6, 0x08, 0xe1, 0x08, 0xe1,
  0x08, 0xe1, 0x08, 0xe1, 0x08, 0xe1, 0x08, 0xe1, 0x08, 0xe1, 0x08, 0xe1, 0x08, 0xe1, 0x08, 0xe1,
  0x08, 0xe1, 0x08, 0xe1, 0x08, 0xe1, 0x08, 0xe1, 0x08, 0xe1, 0x08, 0xe1, 0x08, 0xe1, 0x08, 0xe1,
  0x08, 0xe1, 0x08, 0xe1, 0x08, 0xe1, 0x08, 0xe1, 0x08, 0xe1, 0x08, 0xe1, 0x08, 0xe1, 0x08, 0xe1,
  0x08, 0xe1, 0x08, 0xe1, 0x08, 0xe1, 0x08, 0xe1, 0x08, 0xe1, 0x08, 0xe1, 0x08, 0xe1, 0x08, 0xe1,
  0x08, 0xe1, 0x08, 0xe1, 0x08, 0xe1, 0x08, 0xe1, 0x08, 0xe1, 0x08, 0xe1, 0x08, 0xe1, 0x08, 0xe1,
  0x08, 0xe1, 0x08, 0xe1, 0x08, 0xe1, 0x08, 0xe1, 0x08, 0xe1, 0x08, 0xe1, 0x08, 0xe1, 0x08, 0xc0,
  0x63, 0xab, 0x42, 0x86, 0x21, 0x83, 0x21, 0x63, 0x63, 0x2a, 0x52, 0xa6, 0x42, 0x65, 0x4a, 0x86,
  0x3a, 0x24, 0x31, 0xc3, 0x08, 0x60, 0x10, 0x80, 0x21, 0x02, 0x18, 0xe0, 0x18, 0xe0, 0x29, 0x62,
  0x3a, 0x04, 0x4a, 0x86, 0x4a, 0xc7, 0x32, 0x24, 0x53, 0x68, 0x5b, 0xa9, 0x63, 0xea, 0x64, 0x0b,
  0x5b, 0xca, 0x5b, 0xa9, 0x63, 0xc9, 0x63, 0xc9, 0x6c, 0xac, 0x75, 0x0e, 0x6c, 0xed, 0x7d, 0x4e,
  0x85, 0x6f, 0x8d, 0xb0, 0x5c, 0x2a, 0x95, 0xb1, 0x64, 0x4b, 0x32, 0xa6, 0x3a, 0xc7, 0x4b, 0x28,
  0x53, 0x69, 0x5b, 0xab, 0x53, 0xa9, 0x3a, 0xc5, 0x7d, 0x0e, 0x85, 0x4f, 0x7c, 0xee, 0x96, 0x32,
  0x96, 0x11, 0x96, 0x32, 0x96, 0x32, 0x86, 0x31, 0x96, 0x53, 0xbf, 0x78, 0x19, 0x83, 0x08, 0xe1,
  0x08, 0xe1, 0x08, 0xe1, 0x08, 0xe1, 0x08, 0xe1, 0x08, 0xe1, 0x08, 0xe1, 0x08, 0xe1, 0x08, 0xe1,
  0x08, 0xe1, 0x08, 0xe1, 0x08, 0xe1, 0x08, 0xe1, 0x08, 0xe1, 0x08, 0xe1, 0x08, 0xe1, 0x08, 0xe1,
  0x08, 0xe1, 0x08, 0xe1, 0x08, 0xe1, 0x08, 0xe1, 0x08, 0xe1, 0x08, 0xe1, 0x08, 0xe1, 0x08, 0xe1,
  0x08, 0xe1, 0x08, 0xe1, 0x08, 0xe1, 0x08, 0xe1, 0x43, 0x49, 0x75, 0x50, 0x08, 0xe1, 0x08, 0xe1,
  0x08, 0xe1, 0x08, 0xe1, 0x08, 0xe1, 0x08, 0xe1, 0x08, 0xe1, 0x08, 0xe1, 0x08, 0xe1, 0x08, 0xe1,
  0x08, 0xe1, 0x08, 0xe1, 0x08, 0xe1, 0x08, 0xe1, 0x08, 0xe1, 0x08, 0xe1, 0x08, 0xe1, 0x08, 0xe1,
  0x08, 0xe1, 0x08, 0xe1, 0x08, 0xe1, 0x08, 0xe1, 0x08, 0xe1, 0x08, 0xe1, 0x08, 0xe1, 0x08, 0xe1,
  0x08, 0xe1, 0x08, 0xe1, 0x08, 0xe1, 0x08, 0xe1, 0x08, 0xe1, 0x08, 0xe1, 0x08, 0xe1, 0x08, 0xe1,
  0x08, 0xe1, 0x08, 0xe1, 0x08, 0xe1, 0x08, 0xe1, 0x08, 0xe1, 0x08, 0xe1, 0x08, 0xe1, 0x08, 0xe1,
  0x08, 0xe1, 0x08, 0xe1, 0x08, 0xe1, 0x08, 0xe1, 0x08, 0xe1, 0x08, 0xe1, 0x08, 0xe1, 0x29, 0x84,
  0x42, 0x27, 0x08, 0xe1, 0x08, 0xe1, 0x08, 0xe1, 0x08, 0xe1, 0x10, 0xe1, 0x4a, 0xc7, 0x3a, 0x45,
  0x52, 0xc7, 0x3a, 0x04, 0x10, 0xe1, 0x18, 0xc1, 0x10, 0x80, 0x18, 0xe1, 0x4a, 0x67, 0x4a, 0x87,
  0x42, 0x86, 0x42, 0x66, 0x52, 0xe8, 0x53, 0x08, 0x52, 0xe8, 0x3a, 0x45, 0x29, 0xa2, 0x32, 0x02,
  0x5b, 0x48, 0x63, 0xc9, 0x5b, 0xa9, 0x5b, 0xa9, 0x63, 0xe9, 0x6c, 0x6b, 0x75, 0x2d, 0x7d, 0x6e,
  0x7d, 0x0e, 0x6c, 0xac, 0x64, 0x6b, 0x74, 0xcd, 0x8d, 0x90, 0x85, 0xb0, 0x6c, 0xad, 0x8d, 0x90,
  0x8d, 0x90, 0x6c, 0xac, 0x7d, 0x2f, 0x8d, 0xb1, 0x53, 0x88, 0x85, 0x2e, 0x85, 0x6f, 0x85, 0xd0,
  0x8d, 0xf1, 0x8d, 0xd0, 0x8d, 0xd0, 0x95, 0xcf, 0x96, 0x73, 0xa7, 0x38, 0xa6, 0x96, 0x00, 0xa0,
  0x08, 0xe1, 0x08, 0xe1, 0x08, 0xe1, 0x08, 0xe1, 0x08, 0xe1, 0x08, 0xe1, 0x08, 0xe1, 0x08, 0xe1,
  0x08, 0xe1, 0x08, 0xe1, 0x08, 0xe1, 0x08, 0xe1, 0x08, 0xe1, 0x08, 0xe1, 0x08, 0xe1, 0x08, 0xe1,
  0x08, 0xe1, 0x08, 0xe1, 0x08, 0xe1, 0x08, 0xe1, 0x08, 0xe1, 0x08, 0xe1, 0x08, 0xe1, 0x08, 0xe1,
  0x08, 0xe1, 0x08, 0xe1, 0x08, 0xe1, 0x08, 0xe1, 0x0a, 0x25, 0x96, 0xf7, 0x08, 0xe1, 0x08, 0xe1,
  0x08, 0xe1, 0x08, 0xe1, 0x08, 0xe1, 0x08, 0xe1, 0x08, 0xe1, 0x08, 0xe1, 0x08, 0xe1, 0x08, 0xe1,
  0x08, 0xe1, 0x08, 0xe1, 0x08, 0xe1, 0x08, 0xe1, 0x08, 0xe1, 0x08, 0xe1, 0x08, 0xe1, 0x08, 0xe1,
  0x08, 0xe1, 0x08, 0xe1, 0x08, 0xe1, 0x08, 0xe1, 0x08, 0xe1, 0x08, 0xe1, 0x08, 0xe1, 0x08, 0xe1,
  0x08, 0xe1, 0x08, 0xe1, 0x08, 0xe1, 0x08, 0xe1, 0x08, 0xe1, 0x08, 0xe1, 0x08, 0xe1, 0x08, 0xe1,
  0x08, 0xe1, 0x08, 0xe1, 0x08, 0xe1, 0x08, 0xe1, 0x08, 0xe1, 0x08, 0xe1, 0x08, 0xe1, 0x08, 0xe1,
  0x08, 0xe1, 0x08, 0xe1, 0x08, 0xe1, 0x08, 0xe1, 0x08, 0xe1, 0x08, 0xe1, 0x08, 0xe1, 0x08, 0xe1,
  0x08, 0xe1, 0x08, 0xe1, 0x08, 0xe1, 0x08, 0xe1, 0x08, 0xe1, 0x08, 0xc0, 0x5b, 0x49, 0x53, 0x48,
  0x4a, 0xc6, 0x29, 0xa2, 0x19, 0x20, 0x21, 0x21, 0x21, 0x21, 0x18, 0xe0, 0x10, 0xa0, 0x10, 0xe0,
  0x21, 0x22, 0x29, 0x63, 0x21, 0x22, 0x19, 0x01, 0x21, 0x81, 0x29, 0xc2, 0x3a, 0x24, 0x4a, 0xe6,
  0x6b, 0xeb, 0x5b, 0x89, 0x63, 0xa9, 0x63, 0xc9, 0x53, 0x68, 0x32, 0x64, 0x53, 0xc9, 0x6c, 0xad,
  0x7c, 0xed, 0x8d, 0x6f, 0x8d, 0x6f, 0x85, 0x90, 0x85, 0x90, 0x7d, 0x2e, 0x7d, 0x2e, 0x85, 0x6f,
  0x85, 0x4e, 0x7d, 0x2e, 0x85, 0x4e, 0x9e, 0x73, 0x8e, 0x12, 0x43, 0x26, 0x85, 0x0e, 0x9e, 0x53,
  0x85, 0xb1, 0x8d, 0xb0, 0x8d, 0xf0, 0x85, 0xf1, 0x8e, 0x11, 0x9e, 0x93, 0xb7, 0x79, 0x53, 0xcb,
  0x4a, 0xe9, 0x08, 0xe1, 0x08, 0xe1, 0x08, 0xe1, 0x08, 0xe1, 0x08, 0xe1, 0x08, 0xe1, 0x08, 0xe1,
  0x08, 0xe1, 0x08, 0xe1, 0x08, 0xe1, 0x08, 0xe1, 0x08, 0xe1, 0x08, 0xe1, 0x08, 0xe1, 0x08, 0xe1,
  0x08, 0xe1, 0x08, 0xe1, 0x08, 0xe1, 0x08, 0xe1, 0x08, 0xe1, 0x08, 0xe1, 0x08, 0xe1, 0x08, 0xe1,
  0x08, 0xe1, 0x08, 0xe1, 0x08, 0xe1, 0xae, 0xb9, 0x54, 0xad, 0x7e, 0xb6, 0x7c, 0xb0, 0x08, 0xe1,
  0x08, 0xe1, 0x08, 0xe1, 0x08, 0xe1, 0x08, 0xe1, 0x08, 0xe1, 0x08, 0xe1, 0x08, 0xe1, 0x08, 0xe1,
  0x08, 0xe1, 0x08, 0xe1, 0x08, 0xe1, 0x08, 0xe1, 0x08, 0xe1, 0x08, 0xe1, 0x08, 0xe1, 0x08, 0xe1,
  0x08, 0xe1, 0x08, 0xe1, 0x08, 0xe1, 0x08, 0xe1, 0x08, 0xe1, 0x08, 0xe1, 0x08, 0xe1, 0x08, 0xe1,
  0x08, 0xe1, 0x08, 0xe1, 0x08, 0xe1, 0x08, 0xe1, 0x08, 0xe1, 0x08, 0xe1, 0x08, 0xe1, 0x08, 0xe1,
  0x08, 0xe1, 0x08, 0xe1, 0x08, 0xe1, 0x08, 0xe1, 0x08, 0xe1, 0x08, 0xe1, 0x08, 0xe1, 0x08, 0xe1,
  0x08, 0xe1, 0x08, 0xe1, 0x08, 0xe1, 0x08, 0xe1, 0x08, 0xe1, 0x08, 0xe1, 0x08, 0xe1, 0x08, 0xe1,
  0x08, 0xe1, 0x08, 0xe1, 0x08, 0xe1, 0x08, 0xe1, 0x08, 0xe1, 0x08, 0xe0, 0x63, 0xca, 0x3a, 0x85,
  0x53, 0x07, 0x31, 0xa3, 0x42, 0x45, 0x21, 0x62, 0x21, 0x21, 0x21, 0x42, 0x31, 0xa4, 0x31, 0xa3,
  0x29, 0x62, 0x19, 0x00, 0x31, 0xa3, 0x3a, 0x25, 0x3a, 0x24, 0x31, 0xe3, 0x3a, 0x24, 0x4a, 0xc6,
  0x4a, 0xe7, 0x63, 0xa9, 0x63, 0xa9, 0x63, 0xa9, 0x5b, 0xa9, 0x63, 0xca, 0x53, 0x48, 0x43, 0x06,
  0x5b, 0xa9, 0x4b, 0x27, 0x85, 0x0e, 0x8d, 0xb0, 0x8d, 0xb0, 0x85, 0x6f, 0x85, 0x6f, 0x8d, 0x8f,
  0x85, 0x6f, 0x85, 0x4e, 0x85, 0x8f, 0x85, 0xd0, 0xa6, 0xb4, 0x85, 0x2e, 0x5b, 0xc9, 0xc7, 0x97,
  0xaf, 0x36, 0x7d, 0xb0, 0xbf, 0xb7, 0x9e, 0x93, 0x96, 0x52, 0x9e, 0xd4, 0xbf, 0xba, 0xbf, 0x38,
  0x11, 0x02, 0x08, 0xe1, 0x08, 0xe1, 0x08, 0xe1, 0x08, 0xe1, 0x08, 0xe1, 0x08, 0xe1, 0x08, 0xe1,
  0x08, 0xe1, 0x08, 0xe1, 0x08, 0xe1, 0x08, 0xe1, 0x08, 0xe1, 0x08, 0xe1, 0x08, 0xe1, 0x08, 0xe1,
  0x08, 0xe1, 0x08, 0xe1, 0x08, 0xe1, 0x08, 0xe1, 0x08, 0xe1, 0x08, 0xe1, 0x08, 0xe1, 0x08, 0xe1,
  0x08, 0xe1, 0x08, 0xe1, 0x08, 0xe1, 0x01, 0x83, 0x96, 0xd6, 0x7e, 0xd6, 0x32, 0xa8, 0x08, 0xe1,
  0x08, 0xe1, 0x08, 0xe1, 0x08, 0xe1, 0x08, 0xe1, 0x08, 0xe1, 0x08, 0xe1, 0x08, 0xe1, 0x08, 0xe1,
  0x08, 0xe1, 0x08, 0xe1, 0x08, 0xe1, 0x08, 0xe1, 0x08, 0xe1, 0x08, 0xe1, 0x08, 0xe1, 0x08, 0xe1,
  0x08, 0xe1, 0x08, 0xe1, 0x08, 0xe1, 0x08, 0xe1, 0x08, 0xe1, 0x08, 0xe1, 0x08, 0xe1, 0x08, 0xe1,
  0x08, 0xe1, 0x08, 0xe1, 0x08, 0xe1, 0x08, 0xe1, 0x08, 0xe1, 0x08, 0xe1, 0x08, 0xe1, 0x08, 0xe1,
  0x08, 0xe1, 0x08, 0xe1, 0x08, 0xe1, 0x08, 0xe1, 0x08, 0xe1, 0x08, 0xe1, 0x08, 0xe1, 0x08, 0xe1,
  0x08, 0xe1, 0x08, 0xe1, 0x08, 0xe1, 0x08, 0xe1, 0x08, 0xe1, 0x08, 0xe1, 0x08, 0xe1, 0x08, 0xe1,
  0x08, 0xe1, 0x08, 0xe1, 0x08, 0xe1, 0x08, 0xe1, 0x08, 0xe1, 0x3a, 0x66, 0x21, 0xa1, 0x74, 0x4c,
  0x5b, 0x68, 0x4a, 0xc7, 0x31, 0xc3, 0x31, 0xc4, 0x21, 0x42, 0x29, 0x62, 0x18, 0xe0, 0x31, 0xa3,
  0x31, 0xc4, 0x31, 0xc4, 0x29, 0x63, 0x21, 0x21, 0x21, 0x60, 0x74, 0x2b, 0x74, 0x0a, 0x63, 0xc9,
  0x53, 0x27, 0x4a, 0xe7, 0x4a, 0xe7, 0x4a, 0xc6, 0x6b, 0xeb, 0x6c, 0x0b, 0x5c, 0x0a, 0x64, 0x0b,
  0x63, 0xea, 0x3a, 0xc5, 0x19, 0x60, 0x4b, 0x27, 0x6c, 0x4c, 0x74, 0x4b, 0x7c, 0x8c, 0x7d, 0x0f,
  0x85, 0x4f, 0x85, 0xae, 0x85, 0xaf, 0x85, 0xd0, 0x8d, 0xaf, 0x8d, 0xb0, 0x64, 0x6b, 0x84, 0xcc,
  0x74, 0xee, 0x9e, 0x93, 0x75, 0xae, 0x7d, 0x6e, 0x9e, 0x73, 0xae, 0xf5, 0xbf, 0x78, 0xb6, 0xd5,
  0x29, 0xc3, 0x08, 0xe1, 0x08, 0xe1, 0x08, 0xe1, 0x08, 0xe1, 0x08, 0xe1, 0x08, 0xe1, 0x08, 0xe1,
  0x08, 0xe1, 0x08, 0xe1, 0x08, 0xe1, 0x08, 0xe1, 0x08, 0xe1, 0x08, 0xe1, 0x08, 0xe1, 0x08, 0xe1,
  0x08, 0xe1, 0x08, 0xe1, 0x08, 0xe1, 0x08, 0xe1, 0x08, 0xe1, 0x08, 0xe1, 0x08, 0xe1, 0x08, 0xe1,
  0x08, 0xe1, 0x08, 0xe1, 0x54, 0x0c, 0x86, 0xd7, 0x66, 0xb6, 0x86, 0xb6, 0x09, 0xa1, 0x08, 0xe1,
  0x08, 0xe1, 0x08, 0xe1, 0x08, 0xe1, 0x08, 0xe1, 0x08, 0xe1, 0x08, 0xe1, 0x08, 0xe1, 0x08, 0xe1,
  0x08, 0xe1, 0x08, 0xe1, 0x08, 0xe1, 0x08, 0xe1, 0x08, 0xe1, 0x08, 0xe1, 0x08, 0xe1, 0x08, 0xe1,
  0x08, 0xe1, 0x08, 0xe1, 0x08, 0xe1, 0x08, 0xe1, 0x08, 0xe1, 0x08, 0xe1, 0x08, 0xe1, 0x08, 0xe1,
  0x08, 0xe1, 0x08, 0xe1, 0x08, 0xe1, 0x08, 0xe1, 0x08, 0xe1, 0x08, 0xe1, 0x08, 0xe1, 0x08, 0xe1,
  0x08, 0xe1, 0x08, 0xe1, 0x08, 0xe1, 0x08, 0xe1, 0x08, 0xe1, 0x08, 0xe1, 0x08, 0xe1, 0x08, 0xe1,
  0x08, 0xe1, 0x08, 0xe1, 0x08, 0xe1, 0x08, 0xe1, 0x08, 0xe1, 0x08, 0xe1, 0x08, 0xe1, 0x08, 0xe1,
  0x08, 0xe1, 0x08, 0xe1, 0x08, 0xe1, 0x08, 0xe1, 0x5b, 0x0a, 0x31, 0xe5, 0x32, 0x24, 0x63, 0xca,
  0x42, 0x85, 0x52, 0xc7, 0x21, 0x81, 0x31, 0xa3, 0x21, 0x21, 0x39, 0xe5, 0x29, 0x63, 0x18, 0xe0,
  0x31, 0xc3, 0x3a, 0x04, 0x19, 0x21, 0x31, 0xc4, 0x53, 0x08, 0x63, 0xaa, 0x6b, 0xcb, 0x63, 0x89,
  0x63, 0x89, 0x63, 0xaa, 0x63, 0xaa, 0x5b, 0x69, 0x5b, 0x69, 0x5b, 0x89, 0x5b, 0xc9, 0x64, 0x0a,
  0x6c, 0x0a, 0x6c, 0x0a, 0x63, 0xea, 0x63, 0xc9, 0x42, 0xc5, 0x11, 0x62, 0x09, 0x00, 0x5b, 0xaa,
  0x95, 0xb1, 0xa6, 0xd4, 0x7d, 0x8f, 0x85, 0xaf, 0x8d, 0x8f, 0x85, 0x8f, 0x7d, 0x0d, 0x2a, 0x44,
  0x01, 0x21, 0x75, 0x0f, 0x8e, 0x31, 0x7d, 0x4e, 0x8d, 0xd0, 0xa6, 0xd4, 0x96, 0x74, 0x6c, 0x8d,
  0x29, 0xe3, 0x08, 0xe1, 0x08, 0xe1, 0x08, 0xe1, 0x08, 0xe1, 0x08, 0xe1, 0x08, 0xe1, 0x08, 0xe1,
  0x08, 0xe1, 0x08, 0xe1, 0x08, 0xe1, 0x08, 0xe1, 0x08, 0xe1, 0x08, 0xe1, 0x08, 0xe1, 0x08, 0xe1,
  0x08, 0xe1, 0x08, 0xe1, 0x08, 0xe1, 0x08, 0xe1, 0x08, 0xe1, 0x08, 0xe1, 0x08, 0xe1, 0x08, 0xe1,
  0x08, 0xe1, 0x2a, 0x46, 0x54, 0x8e, 0x76, 0x34, 0x76, 0xf7, 0x86, 0xb6, 0x01, 0x40, 0x08, 0xe1,
  0x08, 0xe1, 0x08, 0xe1, 0x08, 0xe1, 0x08, 0xe1, 0x08, 0xe1, 0x08, 0xe1, 0x08, 0xe1, 0x08, 0xe1,
  0x08, 0xe1, 0x08, 0xe1, 0x08, 0xe1, 0x08, 0xe1, 0x08, 0xe1, 0x08, 0xe1, 0x08, 0xe1, 0x08, 0xe1,
  0x08, 0xe1, 0x08, 0xe1, 0x08, 0xe1, 0x08, 0xe1, 0x08, 0xe1, 0x08, 0xe1, 0x08, 0xe1, 0x08, 0xe1,
  0x08, 0xe1, 0x08, 0xe1, 0x08, 0xe1, 0x08, 0xe1, 0x08, 0xe1, 0x08, 0xe1, 0x08, 0xe1, 0x08, 0xe1,
  0x08, 0xe1, 0x08, 0xe1, 0x08, 0xe1, 0x08, 0xe1, 0x08, 0xe1, 0x08, 0xe1, 0x08, 0xe1, 0x08, 0xe1,
  0x08, 0xe1, 0x08, 0xe1, 0x08, 0xe1, 0x08, 0xe1, 0x08, 0xe1, 0x08, 0xe1, 0x08, 0xe1, 0x08, 0xe1,
  0x08, 0xe1, 0x08, 0xe1, 0x08, 0xe1, 0x08, 0xe1, 0x94, 0xb1, 0x08, 0xe1, 0x4a, 0xc6, 0x6c, 0x0b,
  0x3a, 0x44, 0x4a, 0xa6, 0x29, 0xa2, 0x29, 0xa3, 0x18, 0xe0, 0x42, 0x25, 0x31, 0xa3, 0x29, 0x62,
  0x21, 0x61, 0x29, 0x82, 0x29, 0x83, 0x29, 0x83, 0x21, 0x63, 0x21, 0x83, 0x21, 0xa3, 0x29, 0x83,
  0x29, 0xa3, 0x29, 0xe2, 0x53, 0x28, 0x5b, 0x69, 0x53, 0x28, 0x53, 0x48, 0x5b, 0x48, 0x53, 0x27,
  0x53, 0x68, 0x74, 0x4b, 0x63, 0xea, 0x74, 0x4b, 0x6c, 0x2b, 0x6c, 0x2b, 0x74, 0x6c, 0x21, 0x83,
  0x21, 0xe3, 0x85, 0x2f, 0x75, 0x2d, 0x75, 0x2d, 0x85, 0x4e, 0x7d, 0x2e, 0x74, 0xcc, 0x64, 0x0a,
  0x2a, 0x03, 0x43, 0x08, 0x6c, 0xcd, 0x8d, 0xd0, 0x75, 0x0d, 0x9e, 0x52, 0x8d, 0xf2, 0x64, 0x2b,
  0x11, 0x00, 0x08, 0xe1, 0x08, 0xe1, 0x08, 0xe1, 0x08, 0xe1, 0x08, 0xe1, 0x08, 0xe1, 0x08, 0xe1,
  0x08, 0xe1, 0x08, 0xe1, 0x08, 0xe1, 0x08, 0xe1, 0x08, 0xe1, 0x08, 0xe1, 0x08, 0xe1, 0x10, 0xe2,
  0x63, 0x6c, 0x08, 0xe1, 0x08, 0xe1, 0x08, 0xe1, 0x08, 0xe1, 0x08, 0xe1, 0x08, 0xe1, 0x8d, 0x32,
  0x12, 0x25, 0x86, 0x13, 0x7e, 0xb7, 0x3c, 0xae, 0x77, 0x17, 0x7e, 0x75, 0x01, 0x40, 0x08, 0xe1,
  0x08, 0xe1, 0x08, 0xe1, 0x08, 0xe1, 0x08, 0xe1, 0x08, 0xe1, 0x08, 0xe1, 0x08, 0xe1, 0x08, 0xe1,
  0x08, 0xe1, 0x08, 0xe1, 0x08, 0xe1, 0x08, 0xe1, 0x08, 0xe1, 0x08, 0xe1, 0x08, 0xe1, 0x08, 0xe1,
  0x08, 0xe1, 0x08, 0xe1, 0x08, 0xe1, 0x08, 0xe1, 0x08, 0xe1, 0x08, 0xe1, 0x08, 0xe1, 0x08, 0xe1,
  0x08, 0xe1, 0x08, 0xe1, 0x08, 0xe1, 0x08, 0xe1, 0x08, 0xe1, 0x08, 0xe1, 0x08, 0xe1, 0x08, 0xe1,
  0x08, 0xe1, 0x08, 0xe1, 0x08, 0xe1, 0x08, 0xe1, 0x08, 0xe1, 0x08, 0xe1, 0x08, 0xe1, 0x08, 0xe1,
  0x08, 0xe1, 0x08, 0xe1, 0x08, 0xe1, 0x08, 0xe1, 0x08, 0xe1, 0x08, 0xe1, 0x08, 0xe1, 0x08, 0xe1,
  0x08, 0xe1, 0x08, 0xe1, 0x08, 0xe1, 0x08, 0xe1, 0x08, 0xe1, 0x29, 0xa4, 0x3a, 0x85, 0x74, 0x4c,
  0x42, 0xa6, 0x6b, 0xcb, 0x3a, 0x24, 0x21, 0x21, 0x19, 0x01, 0x4a, 0x86, 0x42, 0x66, 0x31, 0xc3,
  0x3a, 0x04, 0x4a, 0x86, 0x31, 0xe3, 0x4a, 0xa6, 0x42, 0x65, 0x29, 0xa2, 0x10, 0xc0, 0x19, 0x01,
  0x19, 0x22, 0x19, 0x02, 0x10, 0xe1, 0x19, 0x22, 0x19, 0x20, 0x29, 0xa2, 0x3a, 0x44, 0x5b, 0x28,
  0x53, 0x28, 0x5b, 0x48, 0x53, 0x28, 0x5b, 0x89, 0x63, 0xa9, 0x5b, 0x89, 0x5b, 0x89, 0x5b, 0x8a,
  0x5b, 0xaa, 0x08, 0xe0, 0x64, 0x4b, 0x6c, 0x6c, 0x6c, 0x8d, 0x64, 0x4b, 0x5b, 0xea, 0x6c, 0x6b,
  0x64, 0x4b, 0x64, 0x0a, 0x74, 0x8d, 0x64, 0x2b, 0x6c, 0xac, 0x6c, 0xac, 0x4b, 0x88, 0x5b, 0x89,
  0x19, 0x43, 0x08, 0xe1, 0x08, 0xe1, 0x08, 0xe1, 0x08, 0xe1, 0x08, 0xe1, 0x08, 0xe1, 0x08, 0xe1,
  0x08, 0xe1, 0x08, 0xe1, 0x08, 0xe1, 0x08, 0xe1, 0x08, 0xe1, 0x22, 0x05, 0x2a, 0x05, 0x19, 0x43,
  0x08, 0xe1, 0x08, 0xe1, 0x08, 0xe1, 0x32, 0xe8, 0x32, 0xe8, 0x11, 0xc3, 0x1a, 0xc7, 0x65, 0xb2,
  0x8e, 0xf7, 0x5d, 0x50, 0x3c, 0xad, 0x8f, 0x17, 0x5e, 0x32, 0x33, 0xeb, 0x01, 0x00, 0x08, 0xe1,
  0x08, 0xe1, 0x08, 0xe1, 0x08, 0xe1, 0x08, 0xe1, 0x08, 0xe1, 0x08, 0xe1, 0x08, 0xe1, 0x08, 0xe1,
  0x08, 0xe1, 0x08, 0xe1, 0x08, 0xe1, 0x08, 0xe1, 0x08, 0xe1, 0x08, 0xe1, 0x08, 0xe1, 0x08, 0xe1,
  0x08, 0xe1, 0x08, 0xe1, 0x08, 0xe1, 0x08, 0xe1, 0x08, 0xe1, 0x08, 0xe1, 0x08, 0xe1, 0x08, 0xe1,
  0x08, 0xe1, 0x08, 0xe1, 0x08, 0xe1, 0x08, 0xe1, 0x08, 0xe1, 0x08, 0xe1, 0x08, 0xe1, 0x08, 0xe1,
  0x08, 0xe1, 0x08, 0xe1, 0x08, 0xe1, 0x08, 0xe1, 0x08, 0xe1, 0x08, 0xe1, 0x08, 0xe1, 0x08, 0xe1,
  0x08, 0xe1, 0x08, 0xe1, 0x08, 0xe1, 0x08, 0xe1, 0x08, 0xe1, 0x08, 0xe1, 0x08, 0xe1, 0x08, 0xe1,
  0x08, 0xe1, 0x08, 0xe1, 0x08, 0xe1, 0x08, 0xe1, 0x08, 0xe1, 0x19, 0x22, 0x29, 0xe3, 0x6c, 0x0b,
  0x6b, 0xeb, 0x63, 0xaa, 0x42, 0x65, 0x18, 0xe0, 0x29, 0x62, 0x52, 0xa7, 0x4a, 0x66, 0x29, 0x82,
  0x31, 0xe3, 0x42, 0x65, 0x3a, 0x45, 0x42, 0x65, 0x52, 0xe7, 0x3a, 0x25, 0x21, 0x83, 0x3a, 0x27,
  0x3a, 0x27, 0x42, 0x68, 0x31, 0xc6, 0x31, 0xe6, 0x29, 0xc5, 0x21, 0x63, 0x19, 0x42, 0x21, 0x63,
  0x42, 0xa7, 0x53, 0x29, 0x4a, 0xe8, 0x63, 0x69, 0x53, 0x08, 0x53, 0x07, 0x5b, 0x68, 0x53, 0x28,
  0x63, 0x69, 0x53, 0x07, 0x3a, 0xa6, 0x21, 0xe3, 0x74, 0x4b, 0x6c, 0x0b, 0x6c, 0x0b, 0x64, 0x0a,
  0x6c, 0x2a, 0x6c, 0x4c, 0x6c, 0x4b, 0x5b, 0xc9, 0x6c, 0x4b, 0x64, 0x2b, 0x9d, 0xd3, 0x11, 0x42,
  0x08, 0xe1, 0x08, 0xe1, 0x08, 0xe1, 0x08, 0xe1, 0x08, 0xe1, 0x08, 0xe1, 0x08, 0xe1, 0x08, 0xe1,
  0x08, 0xe1, 0x08, 0xe1, 0x08, 0xe1, 0xc7, 0x1a, 0x11, 0xa4, 0x8d, 0xf3, 0x09, 0x01, 0x08, 0xe1,
  0x08, 0xe1, 0xae, 0x36, 0x01, 0x83, 0x75, 0xd2, 0x75, 0xd2, 0x86, 0xb6, 0x8f, 0x18, 0x7e, 0x96,
  0x4c, 0xee, 0x44, 0x8d, 0x55, 0x70, 0x7e, 0x74, 0x6e, 0x12, 0x2b, 0x27, 0x11, 0x41, 0x08, 0xe1,
  0x08, 0xe1, 0x08, 0xe1, 0x08, 0xe1, 0x08, 0xe1, 0x08, 0xe1, 0x08, 0xe1, 0x08, 0xe1, 0x08, 0xe1,
  0x08, 0xe1, 0x08, 0xe1, 0x08, 0xe1, 0x08, 0xe1, 0x08, 0xe1, 0x08, 0xe1, 0x08, 0xe1, 0x08, 0xe1,
  0x08, 0xe1, 0x08, 0xe1, 0x08, 0xe1, 0x08, 0xe1, 0x08, 0xe1, 0x08, 0xe1, 0x08, 0xe1, 0x08, 0xe1,
  0x08, 0xe1, 0x08, 0xe1, 0x08, 0xe1, 0x08, 0xe1, 0x08, 0xe1, 0x08, 0xe1, 0x08, 0xe1, 0x08, 0xe1,
  0x08, 0xe1, 0x08, 0xe1, 0x08, 0xe1, 0x08, 0xe1, 0x08, 0xe1, 0x08, 0xe1, 0x08, 0xe1, 0x08, 0xe1,
  0x08, 0xe1, 0x08, 0xe1, 0x08, 0xe1, 0x08, 0xe1, 0x08, 0xe1, 0x08, 0xe1, 0x08, 0xe1, 0x08, 0xe1,
  0x08, 0xe1, 0x08, 0xe1, 0x08, 0xe1, 0x08, 0xe1, 0x08, 0xe1, 0x19, 0x02, 0x3a, 0x65, 0x6b, 0xeb,
  0x74, 0x0b, 0x7c, 0x0a, 0x42, 0x65, 0x21, 0x21, 0x31, 0x83, 0x31, 0xa3, 0x4a, 0x86, 0x31, 0xc3,
  0x29, 0xa2, 0x4a, 0x65, 0x42, 0x65, 0x3a, 0x45, 0x4a, 0xc7, 0x42, 0xa6, 0x21, 0x82, 0x4a, 0xca,
  0x3a, 0x49, 0x42, 0x69, 0x31, 0xe7, 0x3a, 0x07, 0x31, 0xe6, 0x29, 0xa5, 0x29, 0xa4, 0x31, 0xc4,
  0x21, 0xa3, 0x19, 0x21, 0x19, 0x42, 0x19, 0x01, 0x10, 0xe0, 0x21, 0x62, 0x42, 0x66, 0x5b, 0x6a,
  0x5b, 0x69, 0x5b, 0x88, 0x5b, 0x89, 0x63, 0xcb, 0x11, 0x20, 0x42, 0xa5, 0x5b, 0x68, 0x63, 0xca,
  0x63, 0xa9, 0x63, 0xa9, 0x63, 0xa9, 0x73, 0xcb, 0x63, 0xc9, 0x64, 0x29, 0x2a, 0x05, 0x19, 0x43,
  0x08, 0xe1, 0x08, 0xe1, 0x08, 0xe1, 0x08, 0xe1, 0x08, 0xe1, 0x08, 0xe1, 0x08, 0xe1, 0x08, 0xe1,
  0x08, 0xe1, 0x08, 0xe1, 0x08, 0xe1, 0x01, 0x00, 0x96, 0xf6, 0x64, 0xd0, 0x08, 0xe1, 0x08, 0xe1,
  0x08, 0xe1, 0x0a, 0x24, 0x76, 0xb6, 0x7e, 0xb6, 0x6e, 0x54, 0x75, 0xf2, 0x86, 0x95, 0x4c, 0x8d,
  0x3b, 0xca, 0x3c, 0x6c, 0x76, 0xb5, 0x5d, 0x90, 0x2b, 0x87, 0x3b, 0x89, 0x32, 0x06, 0x08, 0xe1,
  0x08, 0xe1, 0x08, 0xe1, 0x08, 0xe1, 0x08, 0xe1, 0x08, 0xe1, 0x08, 0xe1, 0x08, 0xe1, 0x08, 0xe1,
  0x08, 0xe1, 0x08, 0xe1, 0x08, 0xe1, 0x08, 0xe1, 0x08, 0xe1, 0x08, 0xe1, 0x08, 0xe1, 0x08, 0xe1,
  0x08, 0xe1, 0x08, 0xe1, 0x08, 0xe1, 0x08, 0xe1, 0x08, 0xe1, 0x08, 0xe1, 0x08, 0xe1, 0x08, 0xe1,
  0x08, 0xe1, 0x08, 0xe1, 0x08, 0xe1, 0x08, 0xe1, 0x08, 0xe1, 0x08, 0xe1, 0x08, 0xe1, 0x08, 0xe1,
  0x08, 0xe1, 0x08, 0xe1, 0x08, 0xe1, 0x08, 0xe1, 0x08, 0xe1, 0x08, 0xe1, 0x08, 0xe1, 0x08, 0xe1,
  0x08, 0xe1, 0x08, 0xe1, 0x08, 0xe1, 0x08, 0xe1, 0x08, 0xe1, 0x08, 0xe1, 0x08, 0xe1, 0x08, 0xe1,
  0x08, 0xe1, 0x08, 0xe1, 0x08, 0xe1, 0x08, 0xe1, 0x08, 0xe1, 0x3a, 0x46, 0x3a, 0x44, 0x5b, 0x69,
  0x74, 0x2c, 0x7c, 0x4b, 0x29, 0xa2, 0x31, 0xa3, 0x31, 0xa4, 0x18, 0xe0, 0x52, 0xa7, 0x42, 0x46,
  0x31, 0xa2, 0x4a, 0xa6, 0x42, 0x86, 0x42, 0x65, 0x4a, 0xe7, 0x4a, 0xe7, 0x42, 0x86, 0x3a, 0x67,
  0x42, 0xa9, 0x42, 0x48, 0x42, 0x69, 0x3a, 0x28, 0x31, 0xc5, 0x29, 0x84, 0x29, 0xc5, 0x31, 0xe6,
  0x32, 0x27, 0x21, 0xa5, 0x11, 0x02, 0x21, 0x64, 0x08, 0xe1, 0x84, 0x70, 0x10, 0xe2, 0x00, 0x80,
  0x19, 0x21, 0x5b, 0x28, 0x63, 0xeb, 0x5b, 0xaa, 0x63, 0xaa, 0x4a, 0xe7, 0x21, 0xc2, 0x11, 0x42,
  0x00, 0xa0, 0x29, 0xe4, 0x00, 0xc0, 0x11, 0x41, 0x11, 0x21, 0x11, 0x21, 0x21, 0x84, 0x08, 0xe1,
  0x08, 0xe1, 0x08, 0xe1, 0x08, 0xe1, 0x08, 0xe1, 0x08, 0xe1, 0x08, 0xe1, 0x08, 0xe1, 0x08, 0xe1,
  0x08, 0xe1, 0x08, 0xe1, 0x09, 0xa3, 0x9e, 0xb6, 0x7e, 0x13, 0x01, 0xe4, 0xb6, 0xf8, 0x85, 0x52,
  0x19, 0xc4, 0x76, 0x34, 0x86, 0xd7, 0x5d, 0x50, 0x34, 0x0b, 0x75, 0xf3, 0x33, 0xea, 0x54, 0xce,
  0x4c, 0x6c, 0x76, 0x33, 0x55, 0x70, 0x3c, 0x0b, 0x33, 0xa8, 0x3a, 0xe7, 0x08, 0xe1, 0x08, 0xe1,
  0x08, 0xe1, 0x08, 0xe1, 0x08, 0xe1, 0x08, 0xe1, 0x08, 0xe1, 0x08, 0xe1, 0x08, 0xe1, 0x08, 0xe1,
  0x08, 0xe1, 0x08, 0xe1, 0x08, 0xe1, 0x08, 0xe1, 0x08, 0xe1, 0x08, 0xe1, 0x08, 0xe1, 0x08, 0xe1,
  0x08, 0xe1, 0x08, 0xe1, 0x08, 0xe1, 0x08, 0xe1, 0x08, 0xe1, 0x08, 0xe1, 0x08, 0xe1, 0x08, 0xe1,
  0x08, 0xe1, 0x08, 0xe1, 0x08, 0xe1, 0x08, 0xe1, 0x08, 0xe1, 0x08, 0xe1, 0x08, 0xe1, 0x08, 0xe1,
  0x08, 0xe1, 0x08, 0xe1, 0x08, 0xe1, 0x08, 0xe1, 0x08, 0xe1, 0x08, 0xe1, 0x08, 0xe1, 0x08, 0xe1,
  0x08, 0xe1, 0x08, 0xe1, 0x08, 0xe1, 0x08, 0xe1, 0x08, 0xe1, 0x08, 0xe1, 0x08, 0xe1, 0x08, 0xe1,
  0x08, 0xe1, 0x08, 0xe1, 0x08, 0xe1, 0x08, 0xe1, 0x08, 0xe1, 0x63, 0x4a, 0x3a, 0x24, 0x53, 0x07,
  0x7c, 0x2c, 0x84, 0x6c, 0x19, 0x00, 0x31, 0xa3, 0x42, 0x05, 0x18, 0xe0, 0x5a, 0xe8, 0x42, 0x25,
  0x31, 0xe3, 0x5b, 0x08, 0x4a, 0x86, 0x4a, 0xa6, 0x42, 0x86, 0x53, 0x28, 0x53, 0x08, 0x19, 0x41,
  0x5b, 0x2a, 0x4a, 0xaa, 0x42, 0x69, 0x42, 0x48, 0x29, 0xa4, 0x29, 0xa5, 0x31, 0xc7, 0x29, 0x85,
  0x31, 0xe7, 0x10, 0xe3, 0x3a, 0x48, 0x10, 0xc2, 0x08, 0xe1, 0x08, 0xe1, 0x08, 0xe1, 0x08, 0xe1,
  0x08, 0xe1, 0x29, 0x62, 0x19, 0xa1, 0x53, 0x69, 0x63, 0xca, 0x5b, 0x69, 0x53, 0x48, 0x4b, 0x07,
  0x5b, 0x68, 0x32, 0x22, 0x6b, 0xea, 0x74, 0xab, 0x4b, 0x07, 0x18, 0xe0, 0x08, 0xe1, 0x08, 0xe1,
  0x08, 0xe1, 0x08, 0xe1, 0x08, 0xe1, 0x08, 0xe1, 0x08, 0xe1, 0x08, 0xe1, 0x08, 0xe1, 0x08, 0xe1,
  0x08, 0xe1, 0x19, 0xe4, 0x8d, 0xf3, 0x6d, 0xb0, 0x4c, 0x6d, 0x5c, 0xcf, 0x64, 0xae, 0x1a, 0x65,
  0x85, 0xd3, 0x66, 0x14, 0x2c, 0x2c, 0x44, 0x2c, 0x5c, 0xef, 0x6d, 0x91, 0x86, 0x75, 0x33, 0xca,
  0x8e, 0x74, 0x6e, 0x12, 0x5d, 0x50, 0x2b, 0x48, 0x3b, 0x87, 0x19, 0xc2, 0x08, 0xe1, 0x08, 0xe1,
  0x08, 0xe1, 0x08, 0xe1, 0x08, 0xe1, 0x08, 0xe1, 0x08, 0xe1, 0x08, 0xe1, 0x08, 0xe1, 0x08, 0xe1,
  0x08, 0xe1, 0x08, 0xe1, 0x08, 0xe1, 0x08, 0xe1, 0x08, 0xe1, 0x08, 0xe1, 0x08, 0xe1, 0x08, 0xe1,
  0x08, 0xe1, 0x08, 0xe1, 0x08, 0xe1, 0x08, 0xe1, 0x08, 0xe1, 0x08, 0xe1, 0x08, 0xe1, 0x08, 0xe1,
  0x08, 0xe1, 0x08, 0xe1, 0x08, 0xe1, 0x08, 0xe1, 0x08, 0xe1, 0x08, 0xe1, 0x08, 0xe1, 0x08, 0xe1,
  0x08, 0xe1, 0x08, 0xe1, 0x08, 0xe1, 0x08, 0xe1, 0x08, 0xe1, 0x08, 0xe1, 0x08, 0xe1, 0x08, 0xe1,
  0x08, 0xe1, 0x08, 0xe1, 0x08, 0xe1, 0x08, 0xe1, 0x08, 0xe1, 0x08, 0xe1, 0x08, 0xe1, 0x08, 0xe1,
  0x08, 0xe1, 0x08, 0xe1, 0x08, 0xe1, 0x08, 0xe1, 0x08, 0xe1, 0xa5, 0x53, 0x2a, 0x03, 0x53, 0x28,
  0x74, 0x4c, 0x6b, 0xcb, 0x10, 0xe1, 0x52, 0xc7, 0x3a, 0x04, 0x29, 0x82, 0x29, 0x82, 0x4a, 0x66,
  0x42, 0x45, 0x53, 0x08, 0x53, 0x28, 0x52, 0xe7, 0x42, 0x85, 0x4a, 0xc6, 0x53, 0x07, 0x29, 0xe4,
  0x19, 0xa4, 0x4a, 0xea, 0x42, 0x69, 0x4a, 0x49, 0x3a, 0x48, 0x31, 0xe7, 0x29, 0x86, 0x29, 0xc6,
  0x29, 0xc6, 0x29, 0xc6, 0x2a, 0x28, 0x31, 0xe7, 0x9d, 0x13, 0x08, 0xe1, 0x08, 0xe1, 0x08, 0xe1,
  0x08, 0xe1, 0x08, 0xe1, 0x08, 0xe1, 0x29, 0xc3, 0x21, 0xe2, 0x74, 0x4c, 0x74, 0x4c, 0x7c, 0xae,
  0x7c, 0x8e, 0x7c, 0xad, 0x84, 0xce, 0x2a, 0x24, 0x84, 0xb0, 0x08, 0xe1, 0x08, 0xe1, 0x08, 0xe1,
  0x08, 0xe1, 0x08, 0xe1, 0x08, 0xe1, 0x08, 0xe1, 0x08, 0xe1, 0x08, 0xe1, 0x08, 0xe1, 0x08, 0xe1,
  0x3a, 0x87, 0x6c, 0xce, 0x64, 0xef, 0x75, 0xd2, 0x1a, 0xa6, 0xaf, 0x18, 0x4c, 0x0c, 0x12, 0xc6,
  0x76, 0x13, 0x44, 0x2c, 0x33, 0x48, 0x5d, 0x0f, 0x9f, 0x58, 0x8e, 0x95, 0x2b, 0x89, 0x75, 0xf2,
  0x7e, 0x33, 0x44, 0x4c, 0x4c, 0x8c, 0x33, 0x47, 0x4b, 0xa9, 0x00, 0xa0, 0x08, 0xe1, 0x08, 0xe1,
  0x08, 0xe1, 0x08, 0xe1, 0x08, 0xe1, 0x08, 0xe1, 0x08, 0xe1, 0x08, 0xe1, 0x08, 0xe1, 0x08, 0xe1,
  0x08, 0xe1, 0x08, 0xe1, 0x08, 0xe1, 0x08, 0xe1, 0x08, 0xe1, 0x08, 0xe1, 0x08, 0xe1, 0x08, 0xe1,
  0x08, 0xe1, 0x08, 0xe1, 0x08, 0xe1, 0x08, 0xe1, 0x08, 0xe1, 0x08, 0xe1, 0x08, 0xe1, 0x08, 0xe1,
  0x08, 0xe1, 0x08, 0xe1, 0x08, 0xe1, 0x08, 0xe1, 0x08, 0xe1, 0x08, 0xe1, 0x08, 0xe1, 0x08, 0xe1,
  0x08, 0xe1, 0x08, 0xe1, 0x08, 0xe1, 0x08, 0xe1, 0x08, 0xe1, 0x08, 0xe1, 0x08, 0xe1, 0x08, 0xe1,
  0x08, 0xe1, 0x08, 0xe1, 0x08, 0xe1, 0x08, 0xe1, 0x08, 0xe1, 0x08, 0xe1, 0x08, 0xe1, 0x08, 0xe1,
  0x08, 0xe1, 0x08, 0xe1, 0x08, 0xe1, 0x08, 0xe1, 0x08, 0xe1, 0x08, 0xe1, 0x21, 0x81, 0x53, 0x28,
  0x74, 0x4c, 0x21, 0x61, 0x29, 0xc4, 0x52, 0xe7, 0x52, 0xa6, 0x4a, 0x66, 0x18, 0xe0, 0x52, 0xc7,
  0x3a, 0x04, 0x42, 0x65, 0x53, 0x48, 0x53, 0x69, 0x63, 0x89, 0x4a, 0xc6, 0x42, 0xa6, 0x42, 0xc5,
  0x19, 0xc3, 0x19, 0xa5, 0x42, 0xcb, 0x3a, 0x6a, 0x42, 0x89, 0x42, 0x89, 0x42, 0x49, 0x4a, 0x89,
  0x42, 0x49, 0x3a, 0x48, 0x32, 0x69, 0x4b, 0x2c, 0x19, 0x65, 0x08, 0xe1, 0x08, 0xe1, 0x08, 0xe1,
  0x08, 0xe1, 0x08, 0xe1, 0x08, 0xe1, 0x08, 0xe1, 0x08, 0xe1, 0x08, 0xe1, 0x42, 0x88, 0x3a, 0x46,
  0x4a, 0xc8, 0x8c, 0xf2, 0x08, 0xe1, 0x08, 0xe1, 0x08, 0xe1, 0x08, 0xe1, 0x08, 0xe1, 0x08, 0xe1,
  0x08, 0xe1, 0x08, 0xe1, 0x08, 0xe1, 0x08, 0xe1, 0x08, 0xe1, 0x08, 0xe1, 0x08, 0xe1, 0x74, 0x4e,
  0x3a, 0xe7, 0x6d, 0x0f, 0x6d, 0x30, 0x75, 0xb2, 0x5c, 0x6d, 0x64, 0xcf, 0x12, 0x65, 0x75, 0xb2,
  0x5d, 0x50, 0x23, 0x48, 0x75, 0x91, 0x65, 0x71, 0x6d, 0x91, 0x22, 0xe6, 0x4c, 0x0b, 0x2a, 0xe6,
  0x65, 0x50, 0x3c, 0x2b, 0x22, 0xc5, 0x3b, 0x47, 0x2a, 0x66, 0x11, 0x02, 0x08, 0xe1, 0x08, 0xe1,
  0x08, 0xe1, 0x08, 0xe1, 0x08, 0xe1, 0x08, 0xe1, 0x08, 0xe1, 0x08, 0xe1, 0x08, 0xe1, 0x08, 0xe1,
  0x08, 0xe1, 0x08, 0xe1, 0x08, 0xe1, 0x08, 0xe1, 0x08, 0xe1, 0x08, 0xe1, 0x08, 0xe1, 0x08, 0xe1,
  0x08, 0xe1, 0x08, 0xe1, 0x08, 0xe1, 0x08, 0xe1, 0x08, 0xe1, 0x08, 0xe1, 0x08, 0xe1, 0x08, 0xe1,
  0x08, 0xe1, 0x08, 0xe1, 0x08, 0xe1, 0x08, 0xe1, 0x08, 0xe1, 0x08, 0xe1, 0x08, 0xe1, 0x08, 0xe1,
  0x08, 0xe1, 0x08, 0xe1, 0x08, 0xe1, 0x08, 0xe1, 0x08, 0xe1, 0x08, 0xe1, 0x08, 0xe1, 0x08, 0xe1,
  0x08, 0xe1, 0x08, 0xe1, 0x08, 0xe1, 0x08, 0xe1, 0x08, 0xe1, 0x08, 0xe1, 0x08, 0xe1, 0x08, 0xe1,
  0x08, 0xe1, 0x08, 0xe1, 0x08, 0xe1, 0x08, 0xe1, 0x08, 0xe1, 0x08, 0xe1, 0x19, 0x42, 0x5b, 0x68,
  0x7c, 0x4e, 0x21, 0xa4, 0x29, 0xc1, 0x6b, 0xaa, 0x52, 0xe7, 0x4a, 0xa5, 0x29, 0x82, 0x42, 0x26,
  0x3a, 0x04, 0x31, 0xa3, 0x53, 0x28, 0x5b, 0x69, 0x53, 0x68, 0x63, 0xca, 0x32, 0x64, 0x4a, 0xc7,
  0x19, 0xa2, 0x32, 0x25, 0x32, 0x47, 0x42, 0xca, 0x42, 0xaa, 0x42, 0xcc, 0x4b, 0x2d, 0x2a, 0x08,
  0x32, 0x68, 0x32, 0x48, 0x3a, 0x89, 0x3a, 0xeb, 0x53, 0xae, 0x11, 0x24, 0x08, 0xe1, 0x08, 0xe1,
  0x08, 0xe1, 0x08, 0xe1, 0x08, 0xe1, 0x08, 0xe1, 0x08, 0xe1, 0x08, 0xe1, 0x08, 0xe1, 0x08, 0xe1,
  0x08, 0xe1, 0x08, 0xe1, 0x08, 0xe1, 0x08, 0xe1, 0x08, 0xe1, 0x08, 0xe1, 0x08, 0xe1, 0x08, 0xe1,
  0x08, 0xe1, 0x08, 0xe1, 0x08, 0xe1, 0x08, 0xe1, 0x08, 0xe1, 0x08, 0xe1, 0x08, 0xe1, 0x19, 0xc3,
  0x7d, 0x2f, 0x43, 0x89, 0x75, 0x70, 0x7d, 0xf3, 0x96, 0xb6, 0x54, 0x4d, 0x33, 0xca, 0x55, 0x0f,
  0x4c, 0xcd, 0x5d, 0x0f, 0x65, 0x2f, 0x54, 0x8d, 0x33, 0xa9, 0x4c, 0x8d, 0x33, 0xca, 0x3b, 0xeb,
  0x4c, 0x8d, 0x0a, 0x84, 0x4b, 0xc8, 0x43, 0x48, 0x11, 0x23, 0x08, 0xe1, 0x08, 0xe1, 0x08, 0xe1,
  0x08, 0xe1, 0x08, 0xe1, 0x08, 0xe1, 0x08, 0xe1, 0x08, 0xe1, 0x08, 0xe1, 0x08, 0xe1, 0x08, 0xe1,
  0x08, 0xe1, 0x08, 0xe1, 0x08, 0xe1, 0x08, 0xe1, 0x08, 0xe1, 0x08, 0xe1, 0x08, 0xe1, 0x08, 0xe1,
  0x08, 0xe1, 0x08, 0xe1, 0x08, 0xe1, 0x08, 0xe1, 0x08, 0xe1, 0x08, 0xe1, 0x08, 0xe1, 0x08, 0xe1,
  0x08, 0xe1, 0x08, 0xe1, 0x08, 0xe1, 0x08, 0xe1, 0x08, 0xe1, 0x08, 0xe1, 0x08, 0xe1, 0x08, 0xe1,
  0x08, 0xe1, 0x08, 0xe1, 0x08, 0xe1, 0x08, 0xe1, 0x08, 0xe1, 0x08, 0xe1, 0x08, 0xe1, 0x08, 0xe1,
  0x08, 0xe1, 0x08, 0xe1, 0x08, 0xe1, 0x08, 0xe1, 0x08, 0xe1, 0x08, 0xe1, 0x08, 0xe1, 0x08, 0xe1,
  0x08, 0xe1, 0x08, 0xe1, 0x08, 0xe1, 0x08, 0xe1, 0x08, 0xe1, 0x08, 0xe1, 0x11, 0x21, 0x5b, 0x68,
  0x32, 0x25, 0x08, 0xe1, 0x29, 0x82, 0x6b, 0xca, 0x52, 0xe6, 0x4a, 0x85, 0x4a, 0x86, 0x10, 0xc0,
  0x42, 0x45, 0x29, 0x62, 0x53, 0x28, 0x53, 0x68, 0x53, 0x68, 0x5b, 0xa9, 0x6c, 0x0a, 0x4a, 0xe7,
  0x53, 0x49, 0x22, 0x03, 0x42, 0xe9, 0x22, 0x06, 0x4b, 0x2b, 0x3a, 0xab, 0x43, 0x0d, 0x43, 0x4d,
  0x11, 0xa6, 0x2a, 0x69, 0x2a, 0x8a, 0x2a, 0x49, 0x3a, 0xeb, 0x08, 0xc3, 0x08, 0xe1, 0x08, 0xe1,
  0x08, 0xe1, 0x08, 0xe1, 0x08, 0xe1, 0x08, 0xe1, 0x08, 0xe1, 0x08, 0xe1, 0x08, 0xe1, 0x08, 0xe1,
  0x08, 0xe1, 0x08, 0xe1, 0x08, 0xe1, 0x08, 0xe1, 0x08, 0xe1, 0x08, 0xe1, 0x08, 0xe1, 0x08, 0xe1,
  0x08, 0xe1, 0x08, 0xe1, 0x08, 0xe1, 0x08, 0xe1, 0x08, 0xe1, 0x08, 0xe1, 0x08, 0xe1, 0x2a, 0x66,
  0x75, 0x2f, 0x43, 0x89, 0x75, 0x50, 0x65, 0x30, 0x65, 0x0f, 0x1a, 0xa6, 0x4c, 0x6c, 0x54, 0xad,
  0x33, 0x89, 0x5d, 0x0e, 0x54, 0x8c, 0x5c, 0xee, 0x5c, 0xee, 0x4c, 0x0c, 0x2b, 0x07, 0x33, 0x48,
  0x22, 0xe6, 0x3b, 0x89, 0x32, 0xa6, 0x19, 0xa3, 0x32, 0x06, 0x08, 0xe1, 0x08, 0xe1, 0x08, 0xe1,
  0x08, 0xe1, 0x08, 0xe1, 0x08, 0xe1, 0x08, 0xe1, 0x08, 0xe1, 0x08, 0xe1, 0x08, 0xe1, 0x08, 0xe1,
  0x08, 0xe1, 0x08, 0xe1, 0x08, 0xe1, 0x08, 0xe1, 0x08, 0xe1, 0x08, 0xe1, 0x08, 0xe1, 0x08, 0xe1,
  0x08, 0xe1, 0x08, 0xe1, 0x08, 0xe1, 0x08, 0xe1, 0x08, 0xe1, 0x08, 0xe1, 0x08, 0xe1, 0x08, 0xe1,
  0x08, 0xe1, 0x08, 0xe1, 0x08, 0xe1, 0x08, 0xe1, 0x08, 0xe1, 0x08, 0xe1, 0x08, 0xe1, 0x08, 0xe1,
  0x08, 0xe1, 0xc7, 0x19, 0xc7, 0x3a, 0x08, 0xe1, 0x08, 0xe1, 0x08, 0xe1, 0x08, 0xe1, 0x08, 0xe1,
  0x08, 0xe1, 0x08, 0xe1, 0x08, 0xe1, 0x08, 0xe1, 0x08, 0xe1, 0x08, 0xe1, 0x08, 0xe1, 0x08, 0xe1,
  0x08, 0xe1, 0x08, 0xe1, 0x08, 0xe1, 0x08, 0xe1, 0x08, 0xe1, 0x08, 0xe1, 0x4a, 0xa8, 0x4a, 0xc8,
  0x19, 0x22, 0x08, 0xe1, 0x19, 0x42, 0x6b, 0xeb, 0x6c, 0x0c, 0x4a, 0xa5, 0x4a, 0x86, 0x18, 0xe1,
  0x42, 0x46, 0x5a, 0xe7, 0x19, 0x20, 0x5b, 0x4a, 0x63, 0x89, 0x53, 0x68, 0x64, 0x2b, 0x5b, 0xa9,
  0x43, 0x27, 0x5c, 0x2c, 0x64, 0x6f, 0x3b, 0x2b, 0x2a, 0x67, 0x2a, 0x88, 0x3b, 0x6d, 0x64, 0x71,
  0x54, 0x31, 0x43, 0x8e, 0x5c, 0x51, 0x53, 0xaf, 0x2a, 0xab, 0x74, 0x71, 0x00, 0xc2, 0x08, 0xe1,
  0x08, 0xe1, 0x08, 0xe1, 0x08, 0xe1, 0x08, 0xe1, 0x08, 0xe1, 0x08, 0xe1, 0x08, 0xe1, 0x08, 0xe1,
  0x08, 0xe1, 0x08, 0xe1, 0x08, 0xe1, 0x08, 0xe1, 0x08, 0xe1, 0x08, 0xe1, 0x08, 0xe1, 0x08, 0xe1,
  0x08, 0xe1, 0x08, 0xe1, 0x08, 0xe1, 0x08, 0xe1, 0x08, 0xe1, 0x08, 0xe1, 0x08, 0xe1, 0x2a, 0x85,
  0x75, 0x0f, 0x3b, 0x48, 0x7d, 0x4f, 0x4b, 0xca, 0x43, 0x89, 0x12, 0x44, 0x2b, 0x07, 0x33, 0x27,
  0x7d, 0xb1, 0x6d, 0x70, 0x64, 0xcd, 0x53, 0x89, 0x22, 0x03, 0x22, 0x24, 0x3b, 0x28, 0x64, 0x4c,
  0x43, 0xca, 0x9e, 0x34, 0x32, 0x66, 0x11, 0x02, 0x08, 0xe1, 0x08, 0xe1, 0x08, 0xe1, 0x08, 0xe1,
  0x08, 0xe1, 0x08, 0xe1, 0x08, 0xe1, 0x08, 0xe1, 0x08, 0xe1, 0x08, 0xe1, 0x08, 0xe1, 0x08, 0xe1,
  0x08, 0xe1, 0x08, 0xe1, 0x08, 0xe1, 0x08, 0xe1, 0x08, 0xe1, 0x08, 0xe1, 0x08, 0xe1, 0x08, 0xe1,
  0x08, 0xe1, 0x08, 0xe1, 0x08, 0xe1, 0x08, 0xe1, 0x08, 0xe1, 0x08, 0xe1, 0x08, 0xe1, 0x08, 0xe1,
  0x08, 0xe1, 0x08, 0xe1, 0x08, 0xe1, 0x2a, 0xc7, 0x2a, 0xc7, 0x22, 0x86, 0x22, 0xa6, 0x12, 0x86,
  0x02, 0x04, 0x22, 0x66, 0x2a, 0xa8, 0x2a, 0xa7, 0x3a, 0xc8, 0x8d, 0x30, 0x08, 0xe1, 0x08, 0xe1,
  0x08, 0xe1, 0x08, 0xe1, 0x08, 0xe1, 0x08, 0xe1, 0x08, 0xe1, 0x08, 0xe1, 0x08, 0xe1, 0x08, 0xe1,
  0x08, 0xe1, 0x08, 0xe1, 0x08, 0xe1, 0x08, 0xe1, 0x08, 0xe1, 0x08, 0xe1, 0x08, 0xe1, 0x08, 0xa1,
  0x08, 0xe1, 0x08, 0xe1, 0x4a, 0xa8, 0x74, 0x4d, 0x6b, 0xeb, 0x4a, 0xa5, 0x52, 0xa7, 0x18, 0xe1,
  0x10, 0xc0, 0x52, 0xe7, 0x31, 0xc3, 0x19, 0x41, 0x63, 0x89, 0x63, 0xa9, 0x5b, 0xea, 0x63, 0xea,
  0x43, 0x07, 0x5c, 0x2c, 0x1a, 0x26, 0x5c, 0x2e, 0x3a, 0xea, 0x4b, 0x8d, 0x5c, 0x30, 0x1a, 0x49,
  0x22, 0xab, 0x01, 0x86, 0x01, 0xc7, 0x33, 0x4d, 0x3b, 0x4d, 0x7d, 0x35, 0x4b, 0x4d, 0x5b, 0x0c,
  0x08, 0xe1, 0x08, 0xe1, 0x08, 0xe1, 0x08, 0xe1, 0x08, 0xe1, 0x08, 0xe1, 0x08, 0xe1, 0x08, 0xe1,
  0x08, 0xe1, 0x08, 0xe1, 0x08, 0xe1, 0x08, 0xe1, 0x08, 0xe1, 0x08, 0xe1, 0x08, 0xe1, 0x08, 0xe1,
  0x08, 0xe1, 0x08, 0xe1, 0x08, 0xe1, 0x08, 0xe1, 0x08, 0xe1, 0x08, 0xe1, 0x08, 0xe1, 0x1a, 0x24,
  0x75, 0x0f, 0x43, 0x88, 0x74, 0xee, 0x4b, 0xa9, 0x1a, 0x03, 0x4b, 0xaa, 0x2a, 0xe6, 0x7d, 0xb1,
  0x5c, 0x8c, 0x4b, 0xca, 0x11, 0x81, 0x22, 0x23, 0x2a, 0x65, 0x64, 0x2c, 0x64, 0x8d, 0x3b, 0x48,
  0x9e, 0x13, 0x11, 0x63, 0x00, 0xa0, 0x08, 0xe1, 0x08, 0xe1, 0x08, 0xe1, 0x08, 0xe1, 0x08, 0xe1,
  0x08, 0xe1, 0x08, 0xe1, 0x08, 0xe1, 0x08, 0xe1, 0x08, 0xe1, 0x08, 0xe1, 0x08, 0xe1, 0x08, 0xe1,
  0x08, 0xe1, 0x08, 0xe1, 0x08, 0xe1, 0x08, 0xe1, 0x08, 0xe1, 0x08, 0xe1, 0x08, 0xe1, 0x08, 0xe1,
  0x08, 0xe1, 0x08, 0xe1, 0x08, 0xe1, 0x08, 0xe1, 0x08, 0xe1, 0x08, 0xe1, 0x08, 0xe1, 0x08, 0xe1,
  0x08, 0xe1, 0x08, 0xe1, 0x08, 0xe1, 0x12, 0x06, 0x54, 0x4d, 0x85, 0xb2, 0x75, 0x51, 0x85, 0xf4,
  0x7d, 0xb3, 0x7e, 0x13, 0x7d, 0xf3, 0x66, 0x14, 0x65, 0xb3, 0x3b, 0xec, 0x3b, 0x49, 0x2a, 0x87,
  0x08, 0xe1, 0x08, 0xe1, 0x08, 0xe1, 0x08, 0xe1, 0x08, 0xe1, 0x08, 0xe1, 0x08, 0xe1, 0x08, 0xe1,
  0x08, 0xe1, 0x08, 0xe1, 0x08, 0xe1, 0x08, 0xe1, 0x08, 0xe1, 0x08, 0xe1, 0x08, 0xe1, 0x08, 0xe1,
  0x08, 0xe1, 0x08, 0xe1, 0xa5, 0x73, 0x63, 0xeb, 0x6c, 0x0c, 0x4a, 0xa5, 0x52, 0xa7, 0x18, 0xe1,
  0x19, 0x01, 0x4a, 0x86, 0x4a, 0x86, 0x29, 0xa3, 0x3a, 0x63, 0x63, 0xa9, 0x5b, 0xca, 0x6c, 0x0a,
  0x43, 0x27, 0x3b, 0x28, 0x22, 0x47, 0x32, 0xea, 0x53, 0xcf, 0x4b, 0x8e, 0x5c, 0x30, 0x64, 0x92,
  0x3b, 0x4d, 0x64, 0x92, 0x6c, 0xb3, 0x44, 0x10, 0x5c, 0xf4, 0x65, 0x56, 0x7d, 0xb8, 0x09, 0x85,
  0x74, 0x10, 0x08, 0xe1, 0x08, 0xe1, 0x08, 0xe1, 0x08, 0xe1, 0x08, 0xe1, 0x08, 0xe1, 0x08, 0xe1,
  0x08, 0xe1, 0x08, 0xe1, 0x08, 0xe1, 0x08, 0xe1, 0x08, 0xe1, 0x08, 0xe1, 0x08, 0xe1, 0x08, 0xe1,
  0x08, 0xe1, 0x08, 0xe1, 0x08, 0xe1, 0x08, 0xe1, 0x08, 0xe1, 0x08, 0xe1, 0x08, 0xe1, 0x22, 0x44,
  0x7d, 0x2f, 0x3b, 0x48, 0x64, 0xad, 0x4b, 0xa9, 0x11, 0x81, 0x32, 0x85, 0x6d, 0x2f, 0x6c, 0xee,
  0x3b, 0x68, 0x11, 0x62, 0x2a, 0x04, 0x5b, 0xeb, 0x5b, 0xeb, 0x64, 0x6c, 0x6c, 0xae, 0x7d, 0x2f,
  0x11, 0x42, 0x31, 0xc5, 0x08, 0xe1, 0x08, 0xe1, 0x08, 0xe1, 0x08, 0xe1, 0x08, 0xe1, 0x08, 0xe1,
  0x08, 0xe1, 0x08, 0xe1, 0x08, 0xe1, 0x08, 0xe1, 0x08, 0xe1, 0x08, 0xe1, 0x08, 0xe1, 0x08, 0xe1,
  0x08, 0xe1, 0x08, 0xe1, 0x08, 0xe1, 0x08, 0xe1, 0x08, 0xe1, 0x08, 0xe1, 0x08, 0xe1, 0x08, 0xe1,
  0x08, 0xe1, 0x08, 0xe1, 0x08, 0xe1, 0x08, 0xe1, 0x08, 0xe1, 0x08, 0xe1, 0x08, 0xe1, 0x08, 0xe1,
  0x08, 0xe1, 0x08, 0xe1, 0x08, 0xe1, 0x08, 0xe1, 0xa5, 0xf5, 0x54, 0x2d, 0x65, 0x50, 0x75, 0x91,
  0x5c, 0x8e, 0x64, 0xae, 0x6c, 0xee, 0x5c, 0xee, 0x6d, 0x50, 0x75, 0xb2, 0x8e, 0xb5, 0x8e, 0x95,
  0x2a, 0xa7, 0x11, 0xc4, 0x08, 0xe1, 0x08, 0xe1, 0x08, 0xe1, 0x53, 0xec, 0x3b, 0x8b, 0x2a, 0x88,
  0xa5, 0xd5, 0x08, 0xe1, 0x08, 0xe1, 0x08, 0xe1, 0x08, 0xe1, 0x08, 0xe1, 0x08, 0xe1, 0x08, 0xe1,
  0x08, 0xe1, 0x08, 0xe1, 0x08, 0xe1, 0x52, 0xe8, 0x74, 0x0c, 0x4a, 0xc6, 0x5b, 0x29, 0x21, 0x22,
  0x31, 0xa3, 0x10, 0xc0, 0x52, 0xc7, 0x42, 0x86, 0x39, 0xe3, 0x31, 0xe3, 0x5b, 0x49, 0x63, 0xca,
  0x43, 0x07, 0x2a, 0xc7, 0x5c, 0x4d, 0x2a, 0xc7, 0x32, 0xea, 0x74, 0xf2, 0x3b, 0x2b, 0x5c, 0x51,
  0x64, 0xd3, 0x6d, 0x14, 0x5c, 0x92, 0x75, 0xb7, 0x96, 0xdc, 0x85, 0xd8, 0x96, 0x7a, 0x8e, 0x19,
  0x01, 0x65, 0x08, 0xe1, 0x08, 0xe1, 0x08, 0xe1, 0x08, 0xe1, 0x08, 0xe1, 0x08, 0xe1, 0x08, 0xe1,
  0x08, 0xe1, 0x08, 0xe1, 0x08, 0xe1, 0x08, 0xe1, 0x08, 0xe1, 0x08, 0xe1, 0x08, 0xe1, 0x08, 0xe1,
  0x08, 0xe1, 0x08, 0xe1, 0x08, 0xe1, 0x08, 0xe1, 0x08, 0xe1, 0x08, 0xe1, 0x08, 0xe1, 0x32, 0x67,
  0x74, 0xae, 0x43, 0x27, 0x53, 0xca, 0x4b, 0x48, 0x2a, 0xa6, 0x75, 0x0f, 0x75, 0x0f, 0x00, 0xc0,
  0x11, 0x21, 0x53, 0x49, 0x6c, 0x2d, 0x4b, 0x29, 0x2a, 0x45, 0x19, 0xa1, 0x19, 0x62, 0x11, 0x01,
  0x08, 0xe1, 0x08, 0xe1, 0x08, 0xe1, 0x08, 0xe1, 0x08, 0xe1, 0x08, 0xe1, 0x08, 0xe1, 0x08, 0xe1,
  0x08, 0xe1, 0x08, 0xe1, 0x08, 0xe1, 0x08, 0xe1, 0x08, 0xe1, 0x08, 0xe1, 0x08, 0xe1, 0x08, 0xe1,
  0x08, 0xe1, 0x08, 0xe1, 0x08, 0xe1, 0x08, 0xe1, 0x08, 0xe1, 0x08, 0xe1, 0x08, 0xe1, 0x08, 0xe1,
  0x08, 0xe1, 0x08, 0xe1, 0x08, 0xe1, 0x08, 0xe1, 0x08, 0xe1, 0x08, 0xe1, 0x08, 0xe1, 0x08, 0xe1,
  0x08, 0xe1, 0x08, 0xe1, 0x08, 0xe1, 0x08, 0xe1, 0x08, 0xe1, 0x09, 0x63, 0x7d, 0x72, 0x65, 0x2f,
  0x7d, 0xb2, 0x64, 0xad, 0x6c, 0xce, 0x6d, 0x91, 0x6d, 0x91, 0x65, 0x30, 0x5c, 0xef, 0x64, 0xee,
  0x86, 0x74, 0x85, 0xf3, 0x11, 0xa4, 0x08, 0xe1, 0x08, 0xe1, 0x01, 0x43, 0x54, 0xcf, 0x75, 0xf4,
  0x43, 0xcb, 0x22, 0xa7, 0x08, 0xe1, 0x08, 0xe1, 0x08, 0xe1, 0x08, 0xe1, 0x08, 0xe1, 0x08, 0xe1,
  0x08, 0xe1, 0x08, 0xe1, 0x08, 0xe1, 0x32, 0x25, 0x7c, 0x6e, 0x4a, 0xc6, 0x63, 0x29, 0x21, 0x01,
  0x31, 0xe4, 0x10, 0xc0, 0x52, 0xe7, 0x4a, 0xc7, 0x4a, 0x65, 0x39, 0xe3, 0x32, 0x24, 0x53, 0x07,
  0x42, 0xe7, 0x33, 0x08, 0x1a, 0x65, 0x33, 0x08, 0x74, 0xf1, 0x1a, 0x26, 0x33, 0x0a, 0x74, 0xd3,
  0x4c, 0x52, 0x96, 0x9a, 0x8e, 0x5a, 0x75, 0xb7, 0x8e, 0x5a, 0x97, 0x1d, 0x6d, 0x97, 0x6d, 0x97,
  0x7d, 0x75, 0x21, 0xa5, 0x74, 0x31, 0x08, 0xe1, 0x08, 0xe1, 0x08, 0xe1, 0x08, 0xe1, 0x08, 0xe1,
  0x08, 0xe1, 0x08, 0xe1, 0x08, 0xe1, 0x08, 0xe1, 0x08, 0xe1, 0x08, 0xe1, 0x08, 0xe1, 0x08, 0xe1,
  0x08, 0xe1, 0x08, 0xe1, 0x08, 0xe1, 0x08, 0xe1, 0x08, 0xe1, 0x08, 0xe1, 0x08, 0xe1, 0x74, 0x2d,
  0x53, 0x69, 0x43, 0x27, 0x53, 0x89, 0x2a, 0x23, 0x6c, 0x8d, 0x85, 0x71, 0x11, 0x42, 0x09, 0x20,
  0x6c, 0x0b, 0x19, 0x81, 0x00, 0xe0, 0x11, 0x20, 0x11, 0x40, 0x3a, 0xc6, 0x3a, 0x46, 0xa5, 0x93,
  0x08, 0xe1, 0x08, 0xe1, 0x08, 0xe1, 0x08, 0xe1, 0x08, 0xe1, 0x08, 0xe1, 0x08, 0xe1, 0x08, 0xe1,
  0x08, 0xe1, 0x08, 0xe1, 0x08, 0xe1, 0x08, 0xe1, 0x08, 0xe1, 0x08, 0xe1, 0x08, 0xe1, 0x08, 0xe1,
  0x08, 0xe1, 0x08, 0xe1, 0x08, 0xe1, 0x08, 0xe1, 0x08, 0xe1, 0x08, 0xe1, 0x08, 0xe1, 0x08, 0xe1,
  0x08, 0xe1, 0x08, 0xe1, 0x08, 0xe1, 0x08, 0xe1, 0x08, 0xe1, 0x08, 0xe1, 0x08, 0xe1, 0x08, 0xe1,
  0x08, 0xe1, 0x08, 0xe1, 0x08, 0xe1, 0x08, 0xe1, 0x08, 0xe1, 0x08, 0xe1, 0x19, 0x85, 0x6d, 0x10,
  0x54, 0xce, 0x44, 0x6c, 0x75, 0x50, 0x65, 0x70, 0x6d, 0xb1, 0x75, 0xf2, 0x54, 0x4c, 0x54, 0x4c,
  0x54, 0x6c, 0x6d, 0x2f, 0x86, 0x13, 0x11, 0xc3, 0x08, 0xe1, 0x08, 0xe1, 0x11, 0xa4, 0x54, 0x4c,
  0x86, 0x74, 0x76, 0x33, 0x2b, 0x4a, 0xc7, 0x19, 0x08, 0xe1, 0x08, 0xe1, 0x08, 0xe1, 0x08, 0xe1,
  0x08, 0xe1, 0x08, 0xe1, 0x08, 0xe1, 0x84, 0x90, 0x73, 0xec, 0x74, 0x0c, 0x63, 0x6a, 0x29, 0xa3,
  0x3a, 0x04, 0x08, 0xa0, 0x08, 0xc0, 0x5b, 0x09, 0x52, 0xe7, 0x29, 0xc3, 0x31, 0xe3, 0x52, 0xa7,
  0x4a, 0xe8, 0x3a, 0x85, 0x32, 0xa5, 0x5c, 0x0b, 0x2a, 0x88, 0x64, 0xb1, 0x33, 0x09, 0x12, 0x27,
  0x5c, 0x6f, 0x7d, 0x74, 0x9e, 0xbb, 0x9e, 0xdb, 0x7e, 0x38, 0x86, 0x7a, 0x9f, 0x3d, 0x54, 0xd3,
  0x5c, 0xd3, 0x7d, 0x76, 0x2b, 0x0c, 0x11, 0x25, 0x08, 0xe1, 0x08, 0xe1, 0x08, 0xe1, 0x08, 0xe1,
  0x08, 0xe1, 0x08, 0xe1, 0x08, 0xe1, 0x08, 0xe1, 0x08, 0xe1, 0x08, 0xe1, 0x08, 0xe1, 0x08, 0xe1,
  0x08, 0xe1, 0x08, 0xe1, 0x08, 0xe1, 0x08, 0xe1, 0x08, 0xe1, 0x08, 0xe1, 0x08, 0xe1, 0x08, 0xe1,
  0x32, 0x45, 0x3b, 0x08, 0x4b, 0x49, 0x01, 0x20, 0x7d, 0x0f, 0x19, 0xc4, 0x19, 0x40, 0x42, 0x84,
  0x19, 0x60, 0x3a, 0xa5, 0x53, 0x88, 0x64, 0x0a, 0x64, 0x0a, 0x3a, 0x25, 0x11, 0x00, 0x10, 0xe0,
  0x4b, 0x2b, 0x08, 0xe1, 0x08, 0xe1, 0x08, 0xe1, 0x08, 0xe1, 0x08, 0xe1, 0x08, 0xe1, 0x08, 0xe1,
  0x08, 0xe1, 0x08, 0xe1, 0x08, 0xe1, 0x08, 0xe1, 0x08, 0xe1, 0x08, 0xe1, 0x08, 0xe1, 0x08, 0xe1,
  0x08, 0xe1, 0x08, 0xe1, 0x08, 0xe1, 0x08, 0xe1, 0x08, 0xe1, 0x08, 0xe1, 0x08, 0xe1, 0x08, 0xe1,
  0x08, 0xe1, 0x08, 0xe1, 0x08, 0xe1, 0x08, 0xe1, 0x08, 0xe1, 0x08, 0xe1, 0x08, 0xe1, 0x08, 0xe1,
  0x08, 0xe1, 0x08, 0xe1, 0xae, 0x36, 0x5b, 0xcc, 0x64, 0x4e, 0xbe, 0xd8, 0xe7, 0xfd, 0x01, 0x21,
  0x64, 0xce, 0x33, 0x69, 0x3b, 0x27, 0x2b, 0x27, 0x2b, 0x47, 0x02, 0x23, 0x12, 0x24, 0x0a, 0x03,
  0x2b, 0x27, 0x22, 0xe6, 0x3b, 0xa8, 0x7d, 0x91, 0x1a, 0x25, 0x08, 0xe1, 0x8d, 0x52, 0x2a, 0xe7,
  0x4c, 0x2c, 0x8e, 0x95, 0x86, 0x54, 0x33, 0x49, 0x3b, 0x6a, 0x08, 0xe1, 0x08, 0xe1, 0x08, 0xe1,
  0x08, 0xe1, 0x08, 0xe1, 0x08, 0xe1, 0x08, 0xe1, 0x9d, 0x32, 0x84, 0x8e, 0x84, 0x8e, 0x31, 0xe4,
  0x42, 0x65, 0x10, 0xe0, 0x19, 0x20, 0x08, 0xa0, 0x53, 0x08, 0x52, 0xe7, 0x32, 0x04, 0x29, 0xa3,
  0x52, 0xe8, 0x53, 0x69, 0x6c, 0x4c, 0x6c, 0x8d, 0x74, 0xaf, 0x12, 0x06, 0x4b, 0xcc, 0x85, 0xb5,
  0x65, 0x33, 0x1b, 0x0b, 0x23, 0x2b, 0x2b, 0xae, 0x33, 0xaf, 0x3c, 0x52, 0x65, 0x97, 0xa7, 0x7e,
  0x75, 0x96, 0x22, 0xab, 0x75, 0x55, 0x9e, 0x59, 0x21, 0xc7, 0x08, 0xe1, 0x08, 0xe1, 0x08, 0xe1,
  0x08, 0xe1, 0x08, 0xe1, 0x08, 0xe1, 0x08, 0xe1, 0x08, 0xe1, 0x08, 0xe1, 0x08, 0xe1, 0x08, 0xe1,
  0x08, 0xe1, 0x08, 0xe1, 0x08, 0xe1, 0x08, 0xe1, 0x08, 0xe1, 0x08, 0xe1, 0x08, 0xe1, 0x08, 0xe1,
  0x21, 0xa3, 0x42, 0xc7, 0x21, 0xe3, 0x32, 0x24, 0x11, 0x62, 0x19, 0x61, 0x53, 0x88, 0x64, 0x0a,
  0x74, 0x8d, 0x74, 0xee, 0x74, 0xcd, 0x7c, 0xee, 0x6c, 0xad, 0x75, 0x70, 0x6d, 0x2f, 0x75, 0x50,
  0xae, 0x13, 0x19, 0x21, 0x08, 0xe1, 0x08, 0xe1, 0x08, 0xe1, 0x08, 0xe1, 0x08, 0xe1, 0x08, 0xe1,
  0x08, 0xe1, 0x08, 0xe1, 0x08, 0xe1, 0x08, 0xe1, 0x08, 0xe1, 0x08, 0xe1, 0x08, 0xe1, 0x08, 0xe1,
  0x08, 0xe1, 0x08, 0xe1, 0x08, 0xe1, 0x08, 0xe1, 0x08, 0xe1, 0x08, 0xe1, 0x08, 0xe1, 0x08, 0xe1,
  0x08, 0xe1, 0x08, 0xe1, 0x08, 0xe1, 0x08, 0xe1, 0x08, 0xe1, 0x08, 0xe1, 0x08, 0xe1, 0x4a, 0xeb,
  0x22, 0x87, 0x02, 0xe9, 0x43, 0xaa, 0x54, 0x2b, 0x23, 0x49, 0x3b, 0x29, 0x21, 0xe4, 0x22, 0x04,
  0x1a, 0x23, 0x4b, 0xca, 0x43, 0x48, 0x2b, 0x27, 0x43, 0xa9, 0x64, 0xce, 0x64, 0xae, 0x43, 0xca,
  0x33, 0x68, 0x3b, 0x89, 0x54, 0x09, 0x3b, 0xa8, 0x54, 0xae, 0x32, 0xa6, 0x7c, 0xf0, 0x09, 0x81,
  0x54, 0x2c, 0x4c, 0x2c, 0x7e, 0x13, 0x55, 0x0e, 0x4c, 0xcf, 0x2a, 0xc9, 0x08, 0xe1, 0x08, 0xe1,
  0x08, 0xe1, 0x08, 0xe1, 0x08, 0xe1, 0x08, 0xe1, 0x08, 0xe1, 0x7c, 0x4d, 0x73, 0xec, 0x3a, 0x25,
  0x52, 0xe8, 0x08, 0xa0, 0x29, 0x83, 0x10, 0xe0, 0x42, 0x86, 0x4a, 0xa6, 0x52, 0xc7, 0x29, 0x62,
  0x32, 0x04, 0x53, 0x28, 0x6c, 0x6d, 0x7d, 0x0f, 0x7c, 0xef, 0x64, 0xaf, 0x22, 0x67, 0x6c, 0xd2,
  0x55, 0x55, 0x75, 0xd6, 0x65, 0x72, 0x8e, 0x59, 0x5c, 0xd3, 0x34, 0x11, 0x34, 0x11, 0x33, 0xf0,
  0x86, 0x18, 0x3b, 0x2d, 0x85, 0xd7, 0x7d, 0xd7, 0x22, 0x8a, 0x73, 0xef, 0x08, 0xe1, 0x08, 0xe1,
  0x08, 0xe1, 0x08, 0xe1, 0x08, 0xe1, 0x08, 0xe1, 0x08, 0xe1, 0x08, 0xe1, 0x08, 0xe1, 0x08, 0xe1,
  0x08, 0xe1, 0x08, 0xe1, 0x08, 0xe1, 0x08, 0xe1, 0x08, 0xe1, 0x08, 0xe1, 0x08, 0xe1, 0x08, 0xe1,
  0x29, 0xe3, 0x53, 0x28, 0x21, 0x81, 0x42, 0xa6, 0x11, 0x42, 0x5b, 0x27, 0x3b, 0x06, 0x3a, 0xe6,
  0x4b, 0x28, 0x53, 0xea, 0x5c, 0x4c, 0x6c, 0xcd, 0x6c, 0xcd, 0x84, 0xed, 0x4b, 0x26, 0x22, 0x01,
  0x11, 0x21, 0x5b, 0x6b, 0x08, 0xe1, 0x08, 0xe1, 0x08, 0xe1, 0x08, 0xe1, 0x08, 0xe1, 0x08, 0xe1,
  0x08, 0xe1, 0x08, 0xe1, 0x08, 0xe1, 0x08, 0xe1, 0x08, 0xe1, 0x08, 0xe1, 0x08, 0xe1, 0x08, 0xe1,
  0x08, 0xe1, 0x08, 0xe1, 0x08, 0xe1, 0x08, 0xe1, 0x08, 0xe1, 0x08, 0xe1, 0x08, 0xe1, 0x08, 0xe1,
  0x08, 0xe1, 0x08, 0xe1, 0x08, 0xe1, 0x08, 0xe1, 0x74, 0x0e, 0x19, 0xc4, 0x12, 0x04, 0xa6, 0xd6,
  0x7e, 0x54, 0x76, 0x13, 0x85, 0xf2, 0x9e, 0x95, 0x3b, 0x89, 0x1a, 0x65, 0x1a, 0x65, 0x2a, 0xa6,
  0x32, 0xc6, 0x01, 0x81, 0x53, 0x69, 0x3a, 0xe7, 0x43, 0x07, 0x3a, 0xc6, 0x32, 0xe6, 0x43, 0x48,
  0x3b, 0x88, 0x4c, 0x2a, 0x53, 0xc9, 0x4b, 0x89, 0x4b, 0x88, 0x43, 0x48, 0x3b, 0x07, 0x11, 0xc2,
  0x3b, 0x69, 0x3b, 0xaa, 0x4c, 0x0b, 0x4c, 0x2b, 0x75, 0x70, 0x6d, 0x91, 0x4b, 0xec, 0xae, 0x77,
  0x08, 0xe1, 0x08, 0xe1, 0x08, 0xe1, 0x08, 0xe1, 0x08, 0xe1, 0x08, 0xe1, 0x08, 0xe1, 0x32, 0x25,
  0x4a, 0xc7, 0x21, 0x83, 0x21, 0x63, 0x29, 0xa4, 0x00, 0x60, 0x42, 0x87, 0x3a, 0x25, 0x3a, 0x04,
  0x29, 0x62, 0x3a, 0x65, 0x63, 0xeb, 0x85, 0x50, 0x5c, 0x0b, 0x7d, 0x2f, 0x74, 0xcf, 0x22, 0x67,
  0x6c, 0x92, 0x64, 0xd2, 0x5c, 0xd1, 0x75, 0xd5, 0x96, 0xfc, 0xaf, 0x5d, 0xa7, 0x9e, 0xa7, 0x7e,
  0x9f, 0x1c, 0xa7, 0x7e, 0x6d, 0x55, 0x96, 0xbb, 0xaf, 0x3d, 0x19, 0xe7, 0x08, 0xe1, 0x08, 0xe1,
  0x08, 0xe1, 0x08, 0xe1, 0x08, 0xe1, 0x08, 0xe1, 0x08, 0xe1, 0x08, 0xe1, 0x08, 0xe1, 0x08, 0xe1,
  0x08, 0xe1, 0x08, 0xe1, 0x08, 0xe1, 0x08, 0xe1, 0x08, 0xe1, 0x08, 0xe1, 0x08, 0xe1, 0x42, 0x67,
  0x42, 0xc7, 0x4a, 0xc7, 0x32, 0x05, 0x10, 0xe0, 0x43, 0x07, 0x74, 0x6d, 0x6c, 0x0c, 0x53, 0x69,
  0x4b, 0x28, 0x3a, 0x86, 0x29, 0xe3, 0x19, 0x62, 0x29, 0xa3, 0x4a, 0xa9, 0x08, 0xe1, 0x08, 0xe1,
  0x08, 0xe1, 0x08, 0xe1, 0x08, 0xe1, 0x08, 0xe1, 0x08, 0xe1, 0x08, 0xe1, 0x08, 0xe1, 0x08, 0xe1,
  0x08, 0xe1, 0x08, 0xe1, 0x08, 0xe1, 0x08, 0xe1, 0x08, 0xe1, 0x08, 0xe1, 0x08, 0xe1, 0x08, 0xe1,
  0x08, 0xe1, 0x08, 0xe1, 0x08, 0xe1, 0x08, 0xe1, 0x08, 0xe1, 0x08, 0xe1, 0x08, 0xe1, 0x08, 0xe1,
  0x08, 0xe1, 0x08, 0xe1, 0x08, 0xe1, 0x7c, 0x90, 0x09, 0xa3, 0x23, 0x28, 0x96, 0x95, 0x7d, 0xd0,
  0x4b, 0xa9, 0x5c, 0x0c, 0x33, 0x07, 0x2a, 0x86, 0x2a, 0xc6, 0x4b, 0xca, 0x64, 0x8d, 0x64, 0x6d,
  0x32, 0xe7, 0x22, 0x64, 0x19, 0xc2, 0x19, 0xe2, 0x32, 0xc6, 0x3a, 0xe7, 0x43, 0x06, 0x3a, 0xc6,
  0x43, 0x47, 0x4b, 0xa8, 0x4b, 0x89, 0x43, 0x48, 0x43, 0x48, 0x3a, 0xe7, 0x3a, 0xc7, 0x42, 0xe7,
  0x09, 0x81, 0x3b, 0x48, 0x53, 0xea, 0x4b, 0xa9, 0x53, 0x89, 0x65, 0x0f, 0x76, 0x13, 0x43, 0xcc,
  0xbf, 0x1a, 0x08, 0xe1, 0x08, 0xe1, 0x08, 0xe1, 0x08, 0xe1, 0x08, 0xe1, 0x08, 0xe1, 0x95, 0x53,
  0x3a, 0x25, 0x3a, 0x45, 0x21, 0x63, 0x21, 0x62, 0x19, 0x23, 0x08, 0xa0, 0x4a, 0x86, 0x42, 0x45,
  0x3a, 0x04, 0x29, 0xa1, 0x5b, 0x69, 0x6c, 0x2c, 0x74, 0xee, 0x7d, 0x2f, 0x75, 0x0f, 0x64, 0x4e,
  0x4b, 0x6e, 0x85, 0x34, 0x3b, 0x6c, 0x6d, 0x54, 0x3c, 0x92, 0x8e, 0x39, 0xa7, 0x7e, 0xaf, 0x9e,
  0x9f, 0x5d, 0x9f, 0x3d, 0xbf, 0xff, 0x8e, 0x7a, 0x86, 0x5a, 0x8d, 0xb6, 0x00, 0xe2, 0x08, 0xe1,
  0x08, 0xe1, 0x08, 0xe1, 0x08, 0xe1, 0x08, 0xe1, 0x08, 0xe1, 0x08, 0xe1, 0x08, 0xe1, 0x08, 0xe1,
  0x08, 0xe1, 0x08, 0xe1, 0x08, 0xe1, 0x08, 0xe1, 0x19, 0x84, 0x08, 0xe1, 0x08, 0xe1, 0x21, 0x83,
  0x5b, 0x6a, 0x42, 0xa7, 0x29, 0xc3, 0x31, 0xe4, 0x74, 0x4c, 0x4b, 0x28, 0x21, 0xa3, 0x08, 0xa0,
  0x10, 0xe0, 0x21, 0x84, 0x7c, 0x4f, 0x08, 0xe1, 0x08, 0xe1, 0x08, 0xe1, 0x08, 0xe1, 0x08, 0xe1,
  0x08, 0xe1, 0x08, 0xe1, 0x08, 0xe1, 0x08, 0xe1, 0x08, 0xe1, 0x08, 0xe1, 0x08, 0xe1, 0x08, 0xe1,
  0x08, 0xe1, 0x08, 0xe1, 0x08, 0xe1, 0x08, 0xe1, 0x08, 0xe1, 0x08, 0xe1, 0x08, 0xe1, 0x08, 0xe1,
  0x08, 0xe1, 0x08, 0xe1, 0x08, 0xe1, 0x08, 0xe1, 0x08, 0xe1, 0x08, 0xe1, 0x08, 0xe1, 0x08, 0xe1,
  0x08, 0xe1, 0x08, 0xe1, 0x10, 0xe0, 0x1a, 0x23, 0x96, 0x54, 0x75, 0x50, 0x5c, 0xad, 0x5c, 0xae,
  0x64, 0x0c, 0x6c, 0x0c, 0x74, 0x0c, 0x6c, 0x2c, 0x3b, 0x07, 0x43, 0x27, 0x42, 0xe6, 0x42, 0xe7,
  0x32, 0xc6, 0x22, 0x85, 0x22, 0x44, 0x19, 0x80, 0x11, 0x60, 0x32, 0x65, 0x43, 0x06, 0x11, 0xa1,
  0x22, 0x23, 0x22, 0x23, 0x22, 0x85, 0x3b, 0x07, 0x43, 0x07, 0x3a, 0xc7, 0x32, 0x86, 0x3a, 0x86,
  0x32, 0x45, 0x21, 0xc3, 0x43, 0x88, 0x43, 0xc9, 0x32, 0xe7, 0x53, 0x89, 0x54, 0xce, 0x75, 0x91,
  0x3b, 0x69, 0x08, 0xe1, 0x08, 0xe1, 0x84, 0xb2, 0x08, 0xe1, 0x08, 0xe1, 0x08, 0xe1, 0x08, 0xe1,
  0x21, 0x22, 0x42, 0x86, 0x52, 0xca, 0x08, 0xa0, 0x29, 0xc3, 0x3a, 0x25, 0x19, 0x01, 0x42, 0x25,
  0x42, 0x25, 0x42, 0x24, 0x29, 0x82, 0x5b, 0x6a, 0x95, 0xd2, 0x7d, 0x30, 0x7d, 0x30, 0x75, 0x2f,
  0x4b, 0xab, 0x5c, 0x50, 0x75, 0x15, 0x2b, 0x4c, 0x8e, 0xba, 0x96, 0x9a, 0x86, 0x59, 0xaf, 0x7e,
  0xb7, 0x9e, 0xa7, 0x3d, 0xaf, 0x5d, 0xb7, 0xbf, 0x9e, 0x9a, 0xb7, 0x7d, 0x12, 0x49, 0x08, 0xe1,
  0x08, 0xe1, 0x08, 0xe1, 0x08, 0xe1, 0x08, 0xe1, 0x08, 0xe1, 0x08, 0xe1, 0x08, 0xe1, 0x08, 0xe1,
  0x08, 0xe1, 0x08, 0xe1, 0x08, 0xe1, 0x08, 0xe1, 0x21, 0xc4, 0x08, 0xe1, 0x08, 0xe1, 0x21, 0xe3,
  0x74, 0x6c, 0x42, 0xa6, 0x21, 0xa1, 0x53, 0x28, 0x10, 0xc0, 0x18, 0xe1, 0x08, 0xe1, 0x08, 0xe1,
  0x08, 0xe1, 0x08, 0xe1, 0x08, 0xe1, 0x08, 0xe1, 0x08, 0xe1, 0x08, 0xe1, 0x08, 0xe1, 0x08, 0xe1,
  0x08, 0xe1, 0x08, 0xe1, 0x08, 0xe1, 0x08, 0xe1, 0x08, 0xe1, 0x08, 0xe1, 0x08, 0xe1, 0x08, 0xe1,
  0x08, 0xe1, 0x08, 0xe1, 0x08, 0xe1, 0x08, 0xe1, 0x08, 0xe1, 0x08, 0xe1, 0x08, 0xe1, 0x08, 0xe1,
  0x08, 0xe1, 0x08, 0xe1, 0x08, 0xe1, 0x08, 0xe1, 0x08, 0xe1, 0x08, 0xe1, 0x08, 0xe1, 0x08, 0xe1,
  0x01, 0x43, 0x09, 0xa3, 0x96, 0x75, 0x64, 0xce, 0x6c, 0xae, 0x64, 0x6d, 0x5c, 0x2b, 0x53, 0xca,
  0x3a, 0xc7, 0x5b, 0x69, 0x5b, 0xaa, 0x1a, 0x04, 0x4c, 0x0b, 0x53, 0xca, 0x5b, 0xea, 0x2a, 0x23,
  0x43, 0x48, 0x2a, 0xc6, 0x19, 0xe3, 0x2a, 0x03, 0x3a, 0x85, 0x4b, 0x48, 0x3a, 0xc5, 0x5b, 0xca,
  0x54, 0x4c, 0x5c, 0x8c, 0x5c, 0x6d, 0x4b, 0x8a, 0x21, 0xe3, 0x09, 0x20, 0x19, 0xc2, 0x32, 0x45,
  0x2a, 0x24, 0x32, 0x65, 0x22, 0x04, 0x3b, 0x49, 0x3b, 0x28, 0x4b, 0x68, 0x5b, 0xaa, 0x85, 0xb1,
  0x4c, 0x6d, 0x11, 0x42, 0x08, 0xe1, 0x84, 0xf1, 0x08, 0xc0, 0x08, 0xe1, 0x08, 0xe1, 0x08, 0xe1,
  0x08, 0xe1, 0x08, 0xc1, 0x08, 0xe1, 0x8c, 0xb0, 0x42, 0x66, 0x42, 0x66, 0x31, 0xe3, 0x42, 0x45,
  0x42, 0x45, 0x42, 0x45, 0x52, 0xe7, 0x32, 0x24, 0x53, 0x48, 0x53, 0xaa, 0x85, 0x91, 0x6d, 0x0f,
  0x75, 0x0f, 0x43, 0x6b, 0x6c, 0xd3, 0x74, 0xf3, 0x65, 0x13, 0x8e, 0x7a, 0xa7, 0x1c, 0x8e, 0x7a,
  0x9e, 0xfc, 0xa7, 0x3d, 0x8e, 0xdb, 0x97, 0x3d, 0x9f, 0x3c, 0x6d, 0xb6, 0x7e, 0x38, 0x01, 0x03,
  0x08, 0xe1, 0x08, 0xe1, 0x08, 0xe1, 0x08, 0xe1, 0x08, 0xe1, 0x08, 0xe1, 0x08, 0xe1, 0x08, 0xe1,
  0x08, 0xe1, 0x08, 0xe1, 0x08, 0xe1, 0x74, 0x90, 0x2a, 0xa7, 0x08, 0xe1, 0x08, 0xe1, 0x2a, 0x04,
  0x74, 0x4c, 0x4a, 0xc6, 0x5b, 0x48, 0x2a, 0x23, 0x08, 0xe1, 0x08, 0xe1, 0x08, 0xe1, 0x08, 0xe1,
  0x08, 0xe1, 0x08, 0xe1, 0x08, 0xe1, 0x08, 0xe1, 0x08, 0xe1, 0x08, 0xe1, 0x08, 0xe1, 0x08, 0xe1,
  0x08, 0xe1, 0x08, 0xe1, 0x08, 0xe1, 0x08, 0xe1, 0x08, 0xe1, 0x08, 0xe1, 0x08, 0xe1, 0x08, 0xe1,
  0x08, 0xe1, 0x08, 0xe1, 0x08, 0xe1, 0x08, 0xe1, 0x08, 0xe1, 0x08, 0xe1, 0x08, 0xe1, 0x08, 0xe1,
  0x08, 0xe1, 0x08, 0xe1, 0x08, 0xe1, 0x08, 0xe1, 0x08, 0xe1, 0x08, 0xe1, 0x08, 0xe1, 0x21, 0xa3,
  0x5c, 0xae, 0x86, 0x13, 0x75, 0x71, 0x64, 0x4c, 0x5c, 0x0b, 0x54, 0x4c, 0x5c, 0x6d, 0x3a, 0xc6,
  0x2a, 0x44, 0x3a, 0x65, 0x21, 0xc3, 0x32, 0x45, 0x4b, 0x28, 0x42, 0xe7, 0x11, 0x41, 0x19, 0xc2,
  0x22, 0x85, 0x4b, 0x89, 0x64, 0x0a, 0x53, 0xe9, 0x53, 0xc9, 0x53, 0xea, 0x6c, 0x6b, 0x6c, 0x6b,
  0x64, 0x8c, 0x7d, 0xf1, 0x6d, 0x4f, 0x54, 0x6b, 0x5c, 0x4b, 0x5b, 0xe9, 0x53, 0x88, 0x09, 0x00,
  0x29, 0xa2, 0x3a, 0x04, 0x2a, 0x06, 0x2a, 0x25, 0x3b, 0x07, 0x3b, 0x07, 0x53, 0x88, 0x4b, 0x88,
  0x5c, 0x4b, 0x09, 0xa2, 0xd7, 0xbc, 0x53, 0x6a, 0x3b, 0xac, 0x08, 0xe1, 0x08, 0xe1, 0x08, 0xe1,
  0x08, 0xe1, 0x08, 0xe1, 0x08, 0xe1, 0x08, 0xe1, 0x42, 0xc7, 0x3a, 0x65, 0x4a, 0x86, 0x19, 0x00,
  0x42, 0x46, 0x42, 0x25, 0x5a, 0xe8, 0x42, 0x45, 0x42, 0xa6, 0x52, 0xe8, 0x84, 0xcd, 0x7d, 0x0e,
  0x7d, 0x30, 0x7d, 0x31, 0x3b, 0x4b, 0x75, 0x33, 0x3c, 0x0e, 0x64, 0xf3, 0x8e, 0x59, 0x9f, 0x1c,
  0x96, 0xdb, 0xa7, 0x7e, 0x9f, 0x3d, 0x96, 0xdb, 0xaf, 0xbf, 0x6d, 0x96, 0x5d, 0x12, 0x22, 0x68,
  0x3a, 0xa9, 0x08, 0xe1, 0x08, 0xe1, 0x08, 0xe1, 0x08, 0xe1, 0x08, 0xe1, 0x08, 0xe1, 0x08, 0xe1,
  0x08, 0xe1, 0x08, 0xe1, 0x08, 0xe1, 0x2a, 0x25, 0x6c, 0x6d, 0x63, 0x8b, 0x08, 0xe1, 0x21, 0xc3,
  0x74, 0x6d, 0x4a, 0xe7, 0x4a, 0xe8, 0x10, 0xe1, 0x08, 0xe1, 0x08, 0xe1, 0x08, 0xe1, 0x08, 0xe1,
  0x08, 0xe1, 0x08, 0xe1, 0x08, 0xe1, 0x08, 0xe1, 0x08, 0xe1, 0x08, 0xe1, 0x08, 0xe1, 0x08, 0xe1,
  0x08, 0xe1, 0x08, 0xe1, 0x08, 0xe1, 0x08, 0xe1, 0x08, 0xe1, 0x08, 0xe1, 0x08, 0xe1, 0x08, 0xe1,
  0x08, 0xe1, 0x08, 0xe1, 0x08, 0xe1, 0x08, 0xe1, 0x08, 0xe1, 0x08, 0xe1, 0x08, 0xe1, 0x08, 0xe1,
  0x08, 0xe1, 0x08, 0xe1, 0x08, 0xe1, 0x08, 0xe1, 0x08, 0xe1, 0x08, 0xe1, 0x09, 0xa4, 0x3b, 0xeb,
  0x6d, 0x2f, 0x65, 0x0f, 0x65, 0x2f, 0x5c, 0xef, 0x65, 0x30, 0x64, 0xef, 0x54, 0x0b, 0x32, 0x86,
  0x3b, 0x89, 0x43, 0x69, 0x32, 0x24, 0x2a, 0x24, 0x2a, 0x24, 0x09, 0x00, 0x32, 0x65, 0x4b, 0x48,
  0x53, 0xeb, 0x5c, 0x2b, 0x5b, 0xca, 0x53, 0xe9, 0x53, 0xe9, 0x53, 0xe9, 0x64, 0x6b, 0x64, 0x4b,
  0x64, 0x8c, 0x4c, 0x2a, 0x6d, 0x4f, 0x64, 0xed, 0x6c, 0xcd, 0x7d, 0x2e, 0x6c, 0x8c, 0x53, 0xaa,
  0x32, 0x44, 0x29, 0xe3, 0x11, 0x41, 0x2a, 0x04, 0x2a, 0x24, 0x43, 0x07, 0x4b, 0x47, 0x4b, 0x68,
  0x43, 0x68, 0x4b, 0xea, 0x09, 0x83, 0x43, 0x08, 0x5d, 0x10, 0x11, 0x21, 0x08, 0xe1, 0x42, 0x68,
  0x08, 0xe1, 0x08, 0xe1, 0x08, 0xe1, 0x08, 0xe1, 0x42, 0xe7, 0x42, 0xa6, 0x4a, 0xa6, 0x08, 0xa0,
  0x31, 0xe4, 0x3a, 0x04, 0x3a, 0x04, 0x4a, 0xa7, 0x4a, 0xc7, 0x53, 0x28, 0x6c, 0x2b, 0x6c, 0x8d,
  0x5c, 0x0a, 0x64, 0x8d, 0x1a, 0x25, 0x3b, 0x8c, 0x54, 0x90, 0x43, 0xee, 0x7d, 0xb6, 0x8e, 0x9a,
  0xa7, 0x5d, 0x9f, 0x3d, 0x9f, 0x3d, 0x8e, 0xdb, 0xa7, 0x9f, 0xa7, 0x9d, 0x2b, 0x8d, 0x6c, 0xf2,
  0x11, 0xa5, 0x08, 0xe1, 0x08, 0xe1, 0x08, 0xe1, 0x08, 0xe1, 0x08, 0xe1, 0x08, 0xe1, 0x08, 0xe1,
  0x08, 0xe1, 0x08, 0xe1, 0x08, 0xe1, 0x08, 0xe1, 0x11, 0x82, 0x3a, 0x26, 0x08, 0xe1, 0x19, 0x82,
  0x74, 0x4c, 0x4b, 0x07, 0x4a, 0xc7, 0x00, 0x60, 0x08, 0xe1, 0x08, 0xe1, 0x08, 0xe1, 0x08, 0xe1,
  0x08, 0xe1, 0x08, 0xe1, 0x08, 0xe1, 0x08, 0xe1, 0x08, 0xe1, 0x08, 0xe1, 0x08, 0xe1, 0x08, 0xe1,
  0x08, 0xe1, 0x08, 0xe1, 0x08, 0xe1, 0x08, 0xe1, 0x08, 0xe1, 0x08, 0xe1, 0x08, 0xe1, 0x08, 0xe1,
  0x08, 0xe1, 0x08, 0xe1, 0x08, 0xe1, 0x08, 0xe1, 0x08, 0xe1, 0x08, 0xe1, 0x08, 0xe1, 0x08, 0xe1,
  0x08, 0xe1, 0x08, 0xe1, 0x08, 0xe1, 0x08, 0xe1, 0x08, 0xe1, 0x11, 0x63, 0x85, 0x92, 0x75, 0x4f,
  0x3b, 0x89, 0x2b, 0x28, 0x2b, 0x08, 0x3a, 0xe7, 0x3b, 0x07, 0x1a, 0x85, 0x1a, 0x24, 0x22, 0x44,
  0x29, 0xc2, 0x31, 0xc2, 0x21, 0x81, 0x19, 0x20, 0x4b, 0x28, 0x6c, 0x0c, 0x4b, 0x28, 0x3a, 0xc6,
  0x4b, 0xa9, 0x43, 0x88, 0x63, 0xea, 0xb7, 0x15, 0xb7, 0x16, 0xb7, 0x15, 0x96, 0x32, 0x22, 0x84,
  0x33, 0x26, 0xaf, 0x77, 0x65, 0x2f, 0x64, 0xed, 0x75, 0x2e, 0x5c, 0x6c, 0x4b, 0xe9, 0x6c, 0xcd,
  0x64, 0x2a, 0x63, 0xc9, 0x63, 0xea, 0x5b, 0x88, 0x19, 0x60, 0x21, 0xa1, 0x42, 0xc6, 0x43, 0x47,
  0x32, 0xe6, 0x3b, 0xa7, 0x3b, 0x48, 0x2a, 0xa5, 0x5d, 0x2f, 0x4b, 0x07, 0x00, 0xc1, 0x08, 0xe1,
  0x3a, 0xe7, 0x08, 0xe1, 0x08, 0xe1, 0x08, 0xe1, 0x5b, 0xaa, 0x29, 0xe3, 0x31, 0xa2, 0x29, 0xa3,
  0x08, 0xa0, 0x3a, 0x04, 0x3a, 0x04, 0x5b, 0x29, 0x42, 0xa6, 0x53, 0x28, 0x63, 0xa9, 0x8d, 0x70,
  0x7d, 0x2d, 0x74, 0xed, 0x64, 0x8d, 0x2a, 0xe8, 0x4c, 0x4e, 0x5c, 0x8f, 0x33, 0x6c, 0x02, 0x08,
  0x86, 0x7a, 0x96, 0xfc, 0xaf, 0xbf, 0x9f, 0x1c, 0x9f, 0x3d, 0xa7, 0x7d, 0x44, 0x2f, 0xa7, 0x3a,
  0x64, 0x4f, 0x08, 0xe1, 0x08, 0xe1, 0x08, 0xe1, 0x08, 0xe1, 0x08, 0xe1, 0x08, 0xe1, 0x08, 0xe1,
  0x08, 0xe1, 0x08, 0xe1, 0x08, 0xe1, 0x08, 0xe1, 0x11, 0x43, 0x3a, 0x26, 0x08, 0xe1, 0x21, 0xe4,
  0x74, 0x6c, 0x4b, 0x07, 0x3a, 0x25, 0x3a, 0x06, 0x08, 0xe1, 0x08, 0xe1, 0x08, 0xe1, 0x08, 0xe1,
  0x08, 0xe1, 0x08, 0xe1, 0x08, 0xe1, 0x08, 0xe1, 0x08, 0xe1, 0x08, 0xe1, 0x08, 0xe1, 0x08, 0xe1,
  0x08, 0xe1, 0x08, 0xe1, 0x08, 0xe1, 0x08, 0xe1, 0x08, 0xe1, 0x08, 0xe1, 0x08, 0xe1, 0x08, 0xe1,
  0x08, 0xe1, 0x08, 0xe1, 0x08, 0xe1, 0x08, 0xe1, 0x08, 0xe1, 0x08, 0xe1, 0x08, 0xe1, 0x08, 0xe1,
  0x08, 0xe1, 0x08, 0xe1, 0x08, 0xe1, 0x08, 0xe1, 0x5b, 0x2b, 0x21, 0xa4, 0x11, 0x63, 0x11, 0x83,
  0x21, 0xa4, 0x11, 0x22, 0x09, 0x21, 0x29, 0xc4, 0x21, 0x83, 0x29, 0xa3, 0x31, 0xe4, 0x31, 0xe4,
  0x31, 0xc3, 0x19, 0x00, 0x29, 0x63, 0x4a, 0xe7, 0x5c, 0x2b, 0x64, 0x4c, 0x32, 0xe6, 0x53, 0x88,
  0x22, 0x43, 0x85, 0xaf, 0x9e, 0x93, 0xa6, 0xd4, 0xa6, 0xf4, 0xaf, 0x15, 0x96, 0x73, 0x43, 0x88,
  0x7d, 0x90, 0x5c, 0xac, 0x9e, 0x73, 0x8e, 0x32, 0x75, 0x4e, 0x7d, 0x6f, 0x6c, 0xed, 0x53, 0xa8,
  0x74, 0xcd, 0x6c, 0x6b, 0x6c, 0x2a, 0x64, 0x0a, 0x63, 0xca, 0x42, 0xc6, 0x11, 0x40, 0x3a, 0x86,
  0x32, 0x45, 0x22, 0x03, 0x2a, 0x85, 0x12, 0x04, 0x75, 0x50, 0x5c, 0x0b, 0x2a, 0x86, 0x08, 0xe1,
  0x6c, 0xef, 0x01, 0x62, 0x08, 0xe1, 0x63, 0x8b, 0x6c, 0x4e, 0x11, 0x00, 0x52, 0x66, 0x42, 0x25,
  0x08, 0x80, 0x21, 0x84, 0x74, 0x0c, 0x3a, 0x44, 0x5b, 0x88, 0x5b, 0xc9, 0x53, 0x48, 0x7d, 0x0f,
  0x95, 0xd1, 0x74, 0xad, 0x74, 0xcd, 0x1a, 0x87, 0x12, 0x66, 0x22, 0x88, 0x96, 0x38, 0x7d, 0xd7,
  0x0a, 0x49, 0x2b, 0x4d, 0xa7, 0x5e, 0xa7, 0x5d, 0x96, 0xdc, 0xbf, 0xff, 0x23, 0x0b, 0x9e, 0x99,
  0xaf, 0x1c, 0x21, 0xe6, 0x08, 0xe1, 0x08, 0xe1, 0x08, 0xe1, 0x08, 0xe1, 0x08, 0xe1, 0x08, 0xe1,
  0x08, 0xe1, 0x08, 0xe1, 0x11, 0x02, 0x08, 0xe1, 0x8c, 0x70, 0x08, 0xe1, 0x08, 0xe1, 0x11, 0x01,
  0x74, 0x6d, 0x53, 0x47, 0x3a, 0x65, 0x3a, 0x07, 0x08, 0xe1, 0x08, 0xe1, 0x08, 0xe1, 0x08, 0xe1,
  0x08, 0xe1, 0x08, 0xe1, 0x08, 0xe1, 0x08, 0xe1, 0x08, 0xe1, 0x08, 0xe1, 0x08, 0xe1, 0x08, 0xe1,
  0x08, 0xe1, 0x08, 0xe1, 0x08, 0xe1, 0x08, 0xe1, 0x08, 0xe1, 0x08, 0xe1, 0x08, 0xe1, 0x08, 0xe1,
  0x08, 0xe1, 0x08, 0xe1, 0x08, 0xe1, 0x08, 0xe1, 0x08, 0xe1, 0x08, 0xe1, 0x08, 0xe1, 0x08, 0xe1,
  0x08, 0xe1, 0x08, 0xe1, 0x08, 0xe1, 0x08, 0xe1, 0x08, 0xe1, 0x08, 0xe1, 0x08, 0xe1, 0x08, 0xe1,
  0x08, 0xe1, 0x08, 0xe1, 0x29, 0x84, 0x42, 0x66, 0x21, 0x41, 0x31, 0x82, 0x31, 0xa3, 0x39, 0xe4,
  0x19, 0x00, 0x39, 0xe4, 0x42, 0x86, 0x5b, 0xc8, 0x43, 0x68, 0x32, 0xe6, 0x4b, 0xa9, 0x43, 0x47,
  0x9e, 0xb4, 0x9e, 0x93, 0xa7, 0x15, 0x9f, 0x15, 0xa7, 0x15, 0x8e, 0x73, 0x64, 0xac, 0x54, 0x4b,
  0x54, 0x8c, 0x4c, 0x4b, 0xaf, 0x15, 0xaf, 0x15, 0xa7, 0x15, 0x96, 0x52, 0x75, 0x6e, 0x7c, 0xee,
  0x53, 0xa9, 0x74, 0xac, 0x64, 0x2a, 0x5c, 0x0a, 0x63, 0xc9, 0x5b, 0x88, 0x6b, 0xcb, 0x11, 0x20,
  0x11, 0x00, 0x19, 0x62, 0x21, 0xe4, 0x22, 0x04, 0x6c, 0xad, 0x3b, 0x47, 0x5c, 0x2b, 0x8d, 0x72,
  0x5c, 0x6c, 0x4b, 0xca, 0x08, 0xe1, 0x53, 0x4a, 0x00, 0xe0, 0x3a, 0x86, 0x3a, 0x25, 0x42, 0x45,
  0x10, 0xc1, 0x11, 0x02, 0x32, 0x25, 0x4a, 0xe7, 0x5b, 0x88, 0x6c, 0x4b, 0x5b, 0x68, 0x53, 0xc9,
  0x85, 0x2f, 0x74, 0xce, 0x6c, 0x8c, 0x33, 0x48, 0x54, 0x70, 0x3b, 0x8c, 0x3b, 0x8d, 0x9e, 0x9a,
  0xa6, 0xfc, 0x85, 0xf8, 0x12, 0xab, 0x65, 0x55, 0xa7, 0x1d, 0xb7, 0xde, 0x12, 0xa9, 0xb7, 0x5c,
  0xaf, 0x1c, 0x09, 0x64, 0x08, 0xe1, 0x08, 0xe1, 0x08, 0xe1, 0x08, 0xe1, 0x08, 0xe1, 0x08, 0xe1,
  0x08, 0xe1, 0x08, 0xe1, 0x29, 0xe3, 0x08, 0xe1, 0x08, 0xe1, 0x08, 0xe1, 0x08, 0xe1, 0x21, 0x83,
  0x64, 0x0b, 0x53, 0x47, 0x4a, 0xe7, 0x21, 0x64, 0x08, 0xe1, 0x08, 0xe1, 0x08, 0xe1, 0x11, 0x02,
  0x08, 0xe1, 0x08, 0xe1, 0x08, 0xe1, 0x08, 0xe1, 0x08, 0xe1, 0x08, 0xe1, 0x08, 0xe1, 0x08, 0xe1,
  0x08, 0xe1, 0x08, 0xe1, 0x08, 0xe1, 0x08, 0xe1, 0x08, 0xe1, 0x08, 0xe1, 0x08, 0xe1, 0x08, 0xe1,
  0x08, 0xe1, 0x08, 0xe1, 0x08, 0xe1, 0x08, 0xe1, 0x08, 0xe1, 0x08, 0xe1, 0x08, 0xe1, 0x08, 0xe1,
  0x08, 0xe1, 0x08, 0xe1, 0x08, 0xe1, 0x08, 0xe1, 0x08, 0xe1, 0x08, 0xe1, 0x08, 0xe1, 0x08, 0xe1,
  0x42, 0x46, 0x19, 0x01, 0x10, 0xe1, 0x19, 0x21, 0x21, 0x00, 0x21, 0x02, 0x10, 0x80, 0x31, 0x84,
  0x52, 0xe6, 0x63, 0xaa, 0x53, 0xca, 0x53, 0x89, 0x53, 0xc9, 0x5c, 0x2a, 0x32, 0xe6, 0x8d, 0xd1,
  0x96, 0xb4, 0x8e, 0xb4, 0x8e, 0x11, 0x85, 0xd0, 0x85, 0xf1, 0x6d, 0x2e, 0x4b, 0xe9, 0x6c, 0xad,
  0x5c, 0x2b, 0x96, 0x72, 0x5d, 0x2d, 0x8e, 0x52, 0xb7, 0x56, 0xa6, 0xf5, 0x7d, 0xd1, 0x9e, 0x12,
  0x64, 0x4b, 0x53, 0xc9, 0x5b, 0xa9, 0x6b, 0xe9, 0x64, 0x2a, 0x53, 0xa9, 0x5b, 0x88, 0x5b, 0x48,
  0x42, 0xc5, 0x32, 0x45, 0x09, 0x20, 0x11, 0x83, 0x43, 0x69, 0x43, 0x48, 0x5c, 0x0b, 0x53, 0xaa,
  0x3b, 0x28, 0x3b, 0x07, 0x21, 0x61, 0x09, 0x00, 0x5c, 0x4d, 0x32, 0x85, 0x31, 0xc1, 0x3a, 0x04,
  0x29, 0x82, 0x21, 0x62, 0x6b, 0xa9, 0x42, 0x43, 0x5b, 0x28, 0x74, 0x2c, 0x5b, 0xa9, 0x74, 0xed,
  0x74, 0xcd, 0x74, 0xcd, 0x6c, 0x8c, 0x75, 0x0f, 0x5c, 0x90, 0x74, 0xb2, 0x6c, 0xd3, 0x96, 0x9a,
  0x86, 0x39, 0xb7, 0xbf, 0xaf, 0x5d, 0x86, 0x59, 0x4c, 0x51, 0xbf, 0xbf, 0x02, 0x49, 0xa7, 0x1c,
  0x9e, 0xba, 0x2a, 0xa9, 0x08, 0xe1, 0x08, 0xe1, 0x08, 0xe1, 0x08, 0xe1, 0x08, 0xe1, 0x08, 0xe1,
  0x08, 0xe1, 0x08, 0xe1, 0x43, 0x2a, 0x6b, 0xcd, 0x08, 0xe1, 0x08, 0xe1, 0x08, 0xe1, 0x32, 0x27,
  0x53, 0x6a, 0x5b, 0xa9, 0x42, 0x86, 0x10, 0xe0, 0x08, 0xe1, 0x08, 0xe1, 0x08, 0xe1, 0x11, 0x62,
  0x08, 0xe1, 0x08, 0xe1, 0x08, 0xe1, 0x08, 0xe1, 0x08, 0xe1, 0x08, 0xe1, 0x08, 0xe1, 0x08, 0xe1,
  0x08, 0xe1, 0x08, 0xe1, 0x08, 0xe1, 0x08, 0xe1, 0x08, 0xe1, 0x08, 0xe1, 0x08, 0xe1, 0x08, 0xe1,
  0x08, 0xe1, 0x08, 0xe1, 0x08, 0xe1, 0x08, 0xe1, 0x08, 0xe1, 0x08, 0xe1, 0x08, 0xe1, 0x08, 0xe1,
  0x08, 0xe1, 0x08, 0xe1, 0x08, 0xe1, 0x08, 0xe1, 0x08, 0xe1, 0x08, 0xe1, 0x08, 0xe1, 0x00, 0x60,
  0x29, 0xe3, 0x53, 0x08, 0x42, 0xa7, 0x42, 0x66, 0x39, 0xe4, 0x18, 0xe0, 0x39, 0xe4, 0x39, 0xe4,
  0x5b, 0x69, 0x5b, 0xaa, 0x4b, 0x48, 0x4b, 0x68, 0x5c, 0x2a, 0x7d, 0x4f, 0x85, 0x6f, 0x7d, 0x4f,
  0x75, 0x6f, 0x96, 0x72, 0x75, 0x0d, 0x75, 0x0d, 0x75, 0x2d, 0x6c, 0xec, 0x74, 0xed, 0x53, 0xa9,
  0x43, 0x68, 0x9e, 0xb4, 0x8e, 0x73, 0x6d, 0x6e, 0x75, 0x0d, 0x6d, 0x4f, 0x6d, 0x2e, 0x6c, 0xed,
  0x7d, 0x6f, 0x7d, 0x6f, 0x4b, 0xa8, 0x4b, 0x47, 0x6c, 0x6b, 0x64, 0x2b, 0x63, 0xca, 0x63, 0xa9,
  0x3a, 0x84, 0x53, 0x48, 0x3a, 0xa5, 0x09, 0x40, 0x19, 0xa2, 0x21, 0x82, 0x32, 0x04, 0x53, 0x08,
  0x19, 0xa1, 0x43, 0x28, 0x42, 0xe7, 0x32, 0x45, 0x3a, 0x85, 0x32, 0x24, 0x29, 0xe2, 0x31, 0xc3,
  0x29, 0x82, 0x19, 0x21, 0x63, 0x68, 0x6b, 0x88, 0x3a, 0x44, 0x42, 0xc6, 0x53, 0x88, 0x6c, 0xac,
  0x8d, 0xd1, 0x64, 0xac, 0x5c, 0x6b, 0x75, 0x0f, 0x4b, 0xee, 0x74, 0xb2, 0x64, 0xb2, 0x9e, 0xfc,
  0x86, 0x39, 0x86, 0x39, 0xaf, 0x7e, 0xaf, 0x7e, 0x96, 0x59, 0x43, 0xf0, 0x1a, 0xcb, 0x9e, 0xdb,
  0xa6, 0xfb, 0x85, 0xd6, 0x29, 0xe6, 0x08, 0xe1, 0x08, 0xe1, 0x08, 0xe1, 0x08, 0xe1, 0x08, 0xe1,
  0x08, 0xe1, 0x08, 0xe1, 0x53, 0xcb, 0x11, 0x62, 0x08, 0xe1, 0x08, 0xe1, 0x08, 0xe1, 0x8c, 0xd1,
  0x29, 0xe3, 0x64, 0x0a, 0x32, 0x45, 0x10, 0xe0, 0x08, 0xe1, 0x08, 0xe1, 0x9d, 0xb5, 0x43, 0x89,
  0x6b, 0xcb, 0x08, 0xe1, 0x08, 0xe1, 0x08, 0xe1, 0x08, 0xe1, 0x08, 0xe1, 0x08, 0xe1, 0x08, 0xe1,
  0x08, 0xe1, 0x08, 0xe1, 0x08, 0xe1, 0x08, 0xe1, 0x08, 0xe1, 0x08, 0xe1, 0x08, 0xe1, 0x08, 0xe1,
  0x08, 0xe1, 0x08, 0xe1, 0x08, 0xe1, 0x08, 0xe1, 0x08, 0xe1, 0x08, 0xe1, 0x08, 0xe1, 0x08, 0xe1,
  0x08, 0xe1, 0x08, 0xe1, 0x08, 0xe1, 0x08, 0xe1, 0x08, 0xe1, 0x08, 0xe1, 0x09, 0x02, 0x42, 0xc7,
  0xb6, 0x95, 0x3a, 0xa5, 0x3a, 0x85, 0x42, 0x46, 0x18, 0xc0, 0x42, 0x24, 0x4a, 0x65, 0x6b, 0x49,
  0x53, 0x69, 0x43, 0x08, 0x4b, 0x48, 0x43, 0x27, 0x7d, 0x2e, 0x7d, 0x2e, 0x74, 0xed, 0x85, 0x90,
  0x8e, 0x53, 0x96, 0x72, 0x7d, 0x0d, 0x74, 0xcc, 0x5c, 0x2a, 0x3b, 0x05, 0x4b, 0x47, 0x43, 0x06,
  0x3b, 0x47, 0x4c, 0x29, 0x65, 0x6f, 0x75, 0x8f, 0x6c, 0xed, 0x5c, 0xcd, 0x6d, 0x2e, 0x64, 0xcd,
  0x64, 0xcd, 0x64, 0xed, 0x54, 0x0a, 0x43, 0x26, 0x4b, 0x88, 0x6c, 0x6c, 0x6c, 0x0b, 0x63, 0xa9,
  0x5b, 0x68, 0x3a, 0xa4, 0x5b, 0x88, 0x43, 0x27, 0x08, 0xe0, 0x19, 0x00, 0x29, 0x42, 0x63, 0x09,
  0x53, 0x07, 0x11, 0xc2, 0x1a, 0x04, 0x29, 0xe3, 0x42, 0x23, 0x42, 0x65, 0x4a, 0xa5, 0x31, 0xc3,
  0x19, 0x00, 0x42, 0x46, 0x63, 0x48, 0x63, 0x67, 0x52, 0xe7, 0x53, 0x28, 0x7c, 0xcd, 0x74, 0xcd,
  0x85, 0xf1, 0x75, 0x4f, 0x8e, 0x32, 0x64, 0xae, 0x43, 0xce, 0x6c, 0x92, 0x75, 0x14, 0x75, 0xb7,
  0x86, 0x39, 0x96, 0xbb, 0x8e, 0x7a, 0xb7, 0xbf, 0xb7, 0x9e, 0xaf, 0x5d, 0x64, 0xf4, 0xa6, 0xfb,
  0xaf, 0x3c, 0xaf, 0x5b, 0x09, 0x43, 0x08, 0xe1, 0x08, 0xe1, 0x08, 0xe1, 0x08, 0xe1, 0x08, 0xe1,
  0x08, 0xe1, 0x08, 0xe1, 0x33, 0x28, 0x22, 0x04, 0x08, 0xe1, 0x08, 0xe1, 0x08, 0xe1, 0x08, 0xe1,
  0x11, 0x00, 0x5b, 0xa9, 0x42, 0xe7, 0x19, 0x42, 0x08, 0xe1, 0x08, 0xe1, 0x5b, 0xcc, 0x64, 0xcd,
  0x19, 0x61, 0x08, 0xe1, 0x08, 0xe1, 0x08, 0xe1, 0x08, 0xe1, 0x08, 0xe1, 0x08, 0xe1, 0x08, 0xe1,
  0x08, 0xe1, 0x08, 0xe1, 0x08, 0xe1, 0x08, 0xe1, 0x08, 0xe1, 0x08, 0xe1, 0x08, 0xe1, 0x08, 0xe1,
  0x08, 0xe1, 0x08, 0xe1, 0x08, 0xe1, 0x08, 0xe1, 0x08, 0xe1, 0x08, 0xe1, 0x08, 0xe1, 0x08, 0xe1,
  0x08, 0xe1, 0x08, 0xe1, 0x08, 0xe1, 0x08, 0xe1, 0x00, 0xa1, 0x32, 0x86, 0xc7, 0x59, 0xc7, 0x59,
  0x21, 0xe3, 0x3a, 0x45, 0x4a, 0xa6, 0x19, 0x00, 0x53, 0x08, 0x63, 0x88, 0x63, 0xca, 0x4b, 0x27,
  0x6c, 0x8d, 0x5b, 0xea, 0x43, 0x67, 0x85, 0x90, 0x75, 0x0d, 0x6c, 0x8b, 0x6c, 0xcc, 0x85, 0xd0,
  0x64, 0xac, 0x6c, 0x8c, 0x6c, 0xcd, 0x3a, 0xa4, 0x5b, 0xe9, 0x5c, 0x6b, 0x5c, 0x0a, 0x64, 0x4b,
  0x4b, 0x88, 0x5c, 0x0a, 0x75, 0x0e, 0x64, 0x4b, 0x64, 0x0a, 0x5b, 0xe9, 0x53, 0xc9, 0x53, 0xe9,
  0x53, 0xc9, 0x6c, 0x8c, 0x74, 0xed, 0x5c, 0x4a, 0x43, 0x26, 0x5b, 0xea, 0x64, 0x8c, 0x5c, 0x0a,
  0x6c, 0x0a, 0x4b, 0x47, 0x42, 0xc5, 0x53, 0x67, 0x4a, 0xc7, 0x08, 0xc0, 0x21, 0x63, 0x19, 0x01,
  0x3a, 0x04, 0x4a, 0xa6, 0x42, 0x45, 0x31, 0xc3, 0x2a, 0x24, 0x42, 0xc6, 0x3a, 0x85, 0x19, 0x00,
  0x29, 0xa3, 0x5b, 0x47, 0x5b, 0x68, 0x5b, 0xa9, 0x4b, 0x27, 0x6c, 0x0b, 0x64, 0x2a, 0x7d, 0x4f,
  0x85, 0xd1, 0x85, 0x90, 0x96, 0x12, 0x54, 0x2c, 0x8e, 0x15, 0x75, 0x34, 0x6d, 0x14, 0x65, 0x14,
  0x65, 0x35, 0x86, 0x59, 0x96, 0xbb, 0x96, 0xbb, 0x97, 0x3d, 0x9f, 0x1c, 0x86, 0x18, 0xa7, 0x3d,
  0xaf, 0x7e, 0xbf, 0x9d, 0x11, 0x43, 0x08, 0xe1, 0x08, 0xe1, 0x08, 0xe1, 0x08, 0xe1, 0x08, 0xe1,
  0x08, 0xe1, 0x08, 0xe1, 0x1a, 0x47, 0x8d, 0x91, 0x11, 0x42, 0x08, 0xe1, 0x08, 0xe1, 0x08, 0xe1,
  0x3a, 0x25, 0x5b, 0xea, 0x63, 0xea, 0x29, 0xe1, 0x29, 0xa4, 0x08, 0xe1, 0x42, 0xc8, 0x5c, 0x4b,
  0x7d, 0x92, 0x08, 0xe1, 0x08, 0xe1, 0x08, 0xe1, 0x08, 0xe1, 0x08, 0xe1, 0x08, 0xe1, 0x08, 0xe1,
  0x08, 0xe1, 0x08, 0xe1, 0x08, 0xe1, 0x08, 0xe1, 0x08, 0xe1, 0x08, 0xe1, 0x08, 0xe1, 0x08, 0xe1,
  0x08, 0xe1, 0x08, 0xe1, 0x08, 0xe1, 0x08, 0xe1, 0x08, 0xe1, 0x08, 0xe1, 0x08, 0xe1, 0x08, 0xe1,
  0x08, 0xe1, 0x08, 0xe1, 0x08, 0xe1, 0x21, 0xa3, 0x8d, 0x93, 0xbf, 0x79, 0x3a, 0xe7, 0x21, 0xe3,
  0x29, 0xe3, 0x3a, 0x24, 0x39, 0xe3, 0x52, 0xe7, 0x53, 0x49, 0x6b, 0xea, 0x53, 0x68, 0x4b, 0x48,
  0x5b, 0xca, 0x4b, 0x89, 0x8d, 0xb0, 0x6c, 0xcd, 0x75, 0x0d, 0x74, 0xed, 0x75, 0x0d, 0x5c, 0x4a,
  0x6c, 0xcc, 0x74, 0xed, 0x6c, 0xac, 0x63, 0xe9, 0x64, 0x2a, 0x54, 0x0a, 0x5c, 0x0a, 0x64, 0x2a,
  0x5c, 0x0a, 0x53, 0xa9, 0x43, 0x27, 0x53, 0x88, 0x53, 0x47, 0x64, 0x2b, 0x6c, 0x8c, 0x5b, 0xe9,
  0x53, 0x88, 0x5b, 0xc9, 0x75, 0x6f, 0x64, 0xed, 0x64, 0x4b, 0x43, 0x26, 0x74, 0xed, 0x5b, 0xe9,
  0x5b, 0xa8, 0x6c, 0x0a, 0x3a, 0x84, 0x32, 0x65, 0x4a, 0xc6, 0x4a, 0xc7, 0x19, 0x20, 0x31, 0xc3,
  0x29, 0x40, 0x29, 0x61, 0x29, 0x82, 0x3a, 0x04, 0x42, 0xe7, 0x4b, 0x07, 0x21, 0xa2, 0x3a, 0x25,
  0x52, 0xe8, 0x3a, 0x63, 0x53, 0x68, 0x6c, 0x2b, 0x63, 0xea, 0x6c, 0x0b, 0x53, 0xa8, 0x7d, 0x4f,
  0x8d, 0xb0, 0x85, 0x4f, 0x5c, 0x0a, 0x5c, 0x4d, 0x5c, 0x8f, 0x85, 0xb6, 0x75, 0x34, 0x7d, 0xd7,
  0x7d, 0xf7, 0x8e, 0x59, 0x8e, 0xbb, 0x8e, 0xbb, 0x97, 0x1c, 0x96, 0xbb, 0x8e, 0x39, 0xaf, 0x5d,
  0xaf, 0x7d, 0xb7, 0x3c, 0x19, 0xa5, 0x08, 0xe1, 0x08, 0xe1, 0x08, 0xe1, 0x08, 0xe1, 0x08, 0xe1,
  0x08, 0xe1, 0x08, 0xe1, 0x01, 0xc3, 0x7d, 0x4e, 0x11, 0xa2, 0x8c, 0x6e, 0x08, 0xe1, 0x08, 0xe1,
  0x08, 0xe1, 0x32, 0x84, 0x5b, 0xc9, 0x74, 0x4b, 0x19, 0x21, 0x08, 0xe1, 0x5b, 0x8b, 0x43, 0x47,
  0x75, 0x51, 0x09, 0x21, 0x08, 0xe1, 0x08, 0xe1, 0x08, 0xe1, 0x08, 0xe1, 0xa5, 0x53, 0x08, 0xe1,
  0x08, 0xe1, 0x08, 0xe1, 0x08, 0xe1, 0x08, 0xe1, 0x08, 0xe1, 0x08, 0xe1, 0x08, 0xe1, 0x08, 0xe1,
  0x08, 0xe1, 0x08, 0xe1, 0x08, 0xe1, 0x08, 0xe1, 0x08, 0xe1, 0x08, 0xe1, 0x08, 0xe1, 0x08, 0xe1,
  0x08, 0xe1, 0x08, 0xe1, 0x29, 0xc5, 0x8d, 0xb4, 0x5c, 0x4d, 0x6c, 0x6d, 0x19, 0x00, 0x31, 0xc3,
  0x52, 0xc7, 0x3a, 0x04, 0x18, 0xe0, 0x52, 0xc6, 0x63, 0xea, 0x5b, 0x68, 0x5b, 0x48, 0x6b, 0xea,
  0x53, 0xa7, 0x85, 0xaf, 0x75, 0x2e, 0x7d, 0x2e, 0x75, 0x4e, 0x85, 0xd0, 0x5c, 0x8b, 0x6d, 0x0d,
  0x6d, 0x0d, 0x64, 0xac, 0x5b, 0xc8, 0x32, 0xa5, 0x43, 0x27, 0x4b, 0x48, 0x42, 0xe6, 0x42, 0xe6,
  0x4b, 0x68, 0x43, 0x06, 0x32, 0xa6, 0x2a, 0x24, 0x3a, 0x44, 0x42, 0x85, 0x53, 0xca, 0x75, 0x0e,
  0x64, 0x6b, 0x64, 0x4b, 0x75, 0x6f, 0x6c, 0xed, 0x64, 0x8c, 0x53, 0xa8, 0x53, 0x88, 0x6c, 0x6b,
  0x53, 0x88, 0x3a, 0x85, 0x3a, 0x85, 0x3a, 0xe6, 0x21, 0xc2, 0x4a, 0xc7, 0x52, 0xe7, 0x4a, 0x86,
  0x42, 0x45, 0x4a, 0x65, 0x3a, 0x04, 0x31, 0xc4, 0x42, 0x86, 0x31, 0xe3, 0x3a, 0x24, 0x53, 0x27,
  0x4a, 0xe6, 0x4a, 0xe7, 0x5b, 0x89, 0x63, 0xaa, 0x6c, 0x2a, 0x5c, 0x0a, 0x74, 0xed, 0x74, 0xed,
  0x8d, 0x6f, 0x85, 0x2e, 0x6c, 0x8c, 0x64, 0x8c, 0x1a, 0x04, 0x7d, 0x33, 0x85, 0x95, 0x75, 0x55,
  0x7d, 0x96, 0x85, 0xf7, 0x86, 0x7a, 0x8e, 0xbb, 0x96, 0xfb, 0x86, 0x79, 0x8e, 0xba, 0xa7, 0x5d,
  0xaf, 0x7e, 0xb7, 0x7d, 0x19, 0xe5, 0x08, 0xe1, 0x08, 0xe1, 0x08, 0xe1, 0x08, 0xe1, 0x08, 0xe1,
  0x08, 0xe1, 0x08, 0xe1, 0x01, 0x84, 0x85, 0x6f, 0x4b, 0x69, 0x21, 0x83, 0x08, 0xe1, 0x08, 0xe1,
  0x08, 0xe1, 0x19, 0x61, 0x53, 0x48, 0x53, 0xc8, 0x29, 0xc3, 0x08, 0xa0, 0x08, 0xe1, 0x32, 0xa6,
  0x6d, 0x0e, 0x43, 0x49, 0x84, 0x6f, 0x08, 0xe1, 0x08, 0xe1, 0x08, 0xe1, 0x19, 0xa3, 0x01, 0xc1,
  0x08, 0xe1, 0x08, 0xe1, 0x08, 0xe1, 0x08, 0xe1, 0x08, 0xe1, 0x08, 0xe1, 0x08, 0xe1, 0x08, 0xe1,
  0x08, 0xe1, 0x08, 0xe1, 0x08, 0xe1, 0x08, 0xe1, 0x08, 0xe1, 0x08, 0xe1, 0x08, 0xe1, 0x08, 0xe1,
  0x08, 0xe1, 0x09, 0x63, 0x53, 0xab, 0x22, 0x44, 0x21, 0xc3, 0x3a, 0x45, 0x53, 0x08, 0x42, 0x86,
  0x31, 0xc3, 0x10, 0xc0, 0x31, 0xc3, 0x52, 0xe6, 0x4a, 0xe7, 0x5b, 0xea, 0x74, 0x6c, 0x43, 0x27,
  0x9e, 0x93, 0x75, 0x2e, 0x85, 0x6e, 0x6d, 0xb0, 0x96, 0xb4, 0x7d, 0xd0, 0x6d, 0x6f, 0x6c, 0xed,
  0x54, 0x2a, 0x53, 0xaa, 0x3a, 0x64, 0x4b, 0x06, 0x4b, 0x06, 0x42, 0xc5, 0x53, 0x68, 0x53, 0x48,
  0x4b, 0x47, 0x3a, 0xe6, 0x43, 0x28, 0x4b, 0x07, 0x4a, 0xe7, 0x32, 0x24, 0x42, 0x85, 0x3a, 0x84,
  0x6c, 0xad, 0x6d, 0x2e, 0x85, 0xb0, 0x4c, 0x09, 0x53, 0xc9, 0x64, 0x0a, 0x5c, 0x0a, 0x64, 0x2a,
  0x6c, 0x8c, 0x19, 0xa1, 0x74, 0x6d, 0x43, 0x07, 0x21, 0xa1, 0x3a, 0x04, 0x31, 0xc3, 0x3a, 0x24,
  0x3a, 0x04, 0x3a, 0x04, 0x3a, 0x04, 0x31, 0xc3, 0x19, 0x00, 0x3a, 0x24, 0x53, 0x08, 0x42, 0xa6,
  0x53, 0x49, 0x63, 0xca, 0x3a, 0x65, 0x3a, 0x65, 0x63, 0xea, 0x53, 0xc9, 0x7d, 0x4f, 0x43, 0x47,
  0x64, 0x4b, 0x64, 0x2b, 0x74, 0xac, 0x64, 0x8c, 0x11, 0xe4, 0x4b, 0xad, 0x09, 0xc6, 0x85, 0xd7,
  0x75, 0x75, 0x6d, 0x34, 0x75, 0xf8, 0x86, 0x7a, 0x75, 0xf7, 0x75, 0xf7, 0x8e, 0x9a, 0xa7, 0x3d,
  0xa7, 0x1c, 0x9e, 0xba, 0x19, 0xc5, 0x08, 0xe1, 0x08, 0xe1, 0x08, 0xe1, 0x08, 0xe1, 0x08, 0xe1,
  0x08, 0xe1, 0x08, 0xe1, 0x32, 0x47, 0x5b, 0xea, 0x6d, 0x50, 0x3a, 0xc6, 0x19, 0x62, 0x08, 0xe1,
  0x08, 0xe1, 0x08, 0xe1, 0x19, 0x41, 0x5b, 0x69, 0x64, 0x0a, 0x32, 0x24, 0x63, 0xab, 0x11, 0xa2,
  0x6c, 0xcd, 0x7d, 0x70, 0x22, 0x24, 0x08, 0xe1, 0x08, 0xe1, 0x08, 0xe1, 0x11, 0xc4, 0x7d, 0xf2,
  0x01, 0x61, 0x08, 0xe1, 0x08, 0xe1, 0x08, 0xe1, 0x08, 0xe1, 0x08, 0xe1, 0x08, 0xe1, 0x08, 0xe1,
  0x08, 0xe1, 0x08, 0xe1, 0x08, 0xe1, 0x08, 0xe1, 0x08, 0xe1, 0x08, 0xe1, 0x08, 0xe1, 0x08, 0xe1,
  0x5b, 0x8b, 0x22, 0x86, 0x5b, 0xec, 0x19, 0xa3, 0x52, 0xe8, 0x42, 0x86, 0x3a, 0x24, 0x29, 0x63,
  0x20, 0xa0, 0x31, 0x61, 0x31, 0xa1, 0x42, 0x64, 0x3a, 0xa5, 0x64, 0x0a, 0x5c, 0x0a, 0x8e, 0x12,
  0x85, 0xf1, 0x7d, 0x2e, 0x64, 0x8c, 0x9e, 0xd5, 0x8e, 0x12, 0x75, 0x4f, 0x64, 0xed, 0x64, 0xcd,
  0x5c, 0x0a, 0x3a, 0x24, 0x4a, 0x86, 0x4a, 0xe7, 0x42, 0x86, 0x4a, 0xe7, 0x4a, 0xa6, 0x4a, 0xe7,
  0x4b, 0x07, 0x53, 0x48, 0x3a, 0x63, 0x42, 0xe5, 0x4b, 0x06, 0x53, 0x28, 0x2a, 0x03, 0x32, 0x03,
  0x4b, 0x08, 0x74, 0xce, 0x75, 0x2d, 0x7d, 0x4d, 0x74, 0xed, 0x43, 0x47, 0x5b, 0x88, 0x63, 0xa8,
  0x6b, 0xe9, 0x4b, 0x06, 0x42, 0xe7, 0x64, 0x6b, 0x4b, 0x88, 0x11, 0x20, 0x19, 0x41, 0x29, 0xc3,
  0x21, 0x83, 0x29, 0xa3, 0x21, 0x61, 0x21, 0x81, 0x53, 0x48, 0x42, 0xc6, 0x32, 0x44, 0x32, 0x43,
  0x85, 0x0f, 0x5b, 0xa9, 0x4a, 0xc6, 0x52, 0xe6, 0x5b, 0xea, 0x54, 0x0a, 0x85, 0x90, 0x5b, 0xa9,
  0x5c, 0x0a, 0x53, 0xa9, 0x74, 0x6c, 0x6c, 0xae, 0x1a, 0x05, 0x5c, 0x6f, 0x6d, 0x13, 0x01, 0x66,
  0x85, 0xd7, 0x4b, 0xce, 0x8e, 0x7a, 0x86, 0x39, 0x86, 0x17, 0x7d, 0xf6, 0x96, 0xb9, 0x9f, 0x1c,
  0x8e, 0x78, 0x3b, 0x6c, 0x3b, 0x0a, 0x08, 0xe1, 0x08, 0xe1, 0x08, 0xe1, 0x08, 0xe1, 0x08, 0xe1,
  0x08, 0xe1, 0x08, 0xe1, 0x08, 0xe1, 0x21, 0xe4, 0x7d, 0x4e, 0x53, 0xea, 0x19, 0x80, 0x19, 0x21,
  0xa5, 0x73, 0x08, 0xe1, 0x19, 0x43, 0x42, 0x85, 0x63, 0xa9, 0x74, 0x4c, 0x21, 0xc1, 0x3a, 0x85,
  0x64, 0x2b, 0x75, 0x2e, 0x6d, 0x0e, 0x53, 0x4a, 0x08, 0xe1, 0x08, 0xe1, 0x11, 0xc3, 0x85, 0xf1,
  0x65, 0x0f, 0x08, 0xe1, 0x08, 0xe1, 0x08, 0xe1, 0x08, 0xe1, 0x08, 0xe1, 0x08, 0xe1, 0x08, 0xe1,
  0x08, 0xe1, 0x08, 0xe1, 0x08, 0xe1, 0x08, 0xe1, 0x08, 0xe1, 0x08, 0xe1, 0x08, 0xe1, 0x08, 0xe1,
  0x19, 0xa3, 0x53, 0xab, 0x19, 0x83, 0x29, 0xe4, 0x21, 0x61, 0x4a, 0xa7, 0x42, 0x25, 0x31, 0xc4,
  0x18, 0xa0, 0x29, 0x62, 0x5b, 0x48, 0x32, 0x23, 0x53, 0x68, 0x6c, 0x0b, 0x2a, 0x44, 0xae, 0xd5,
  0x64, 0xac, 0x53, 0xa8, 0x2a, 0x84, 0x7d, 0xb0, 0x75, 0x2e, 0x6c, 0xed, 0x64, 0xac, 0x64, 0x8d,
  0x21, 0xe2, 0x42, 0x86, 0x42, 0x86, 0x3a, 0x86, 0x3a, 0x65, 0x42, 0xa7, 0x42, 0xa6, 0x42, 0xa6,
  0x4b, 0x07, 0x4b, 0x07, 0x4a, 0xe6, 0x3a, 0x44, 0x42, 0xa5, 0x5b, 0x48, 0x53, 0x08, 0x31, 0xe2,
  0x42, 0xa6, 0x3a, 0xa6, 0x6c, 0x6b, 0x64, 0x6b, 0x74, 0xcd, 0x6c, 0xac, 0x53, 0x68, 0x5b, 0xc9,
  0x64, 0x0a, 0x74, 0x6b, 0x11, 0x81, 0x75, 0x0e, 0x74, 0xcd, 0x53, 0x28, 0x3a, 0x86, 0x32, 0x44,
  0x21, 0xa2, 0x19, 0x81, 0x3a, 0x65, 0x4a, 0xe7, 0x4b, 0x07, 0x53, 0x48, 0x53, 0x28, 0x6c, 0x2b,
  0x74, 0xee, 0x7d, 0x0e, 0x4b, 0x47, 0x3a, 0x64, 0x64, 0x4b, 0x75, 0x2e, 0x6c, 0xcd, 0x7c, 0xad,
  0x4b, 0x27, 0x53, 0x68, 0x6c, 0x6c, 0x64, 0x6d, 0x09, 0x83, 0x54, 0x2e, 0x5c, 0x91, 0x96, 0x5a,
  0x01, 0xc7, 0x6d, 0x13, 0x7e, 0x18, 0x8e, 0x9a, 0x86, 0x17, 0x96, 0xb9, 0x9e, 0xfb, 0x75, 0x96,
  0x7d, 0xb5, 0x33, 0x2b, 0x2a, 0x88, 0x08, 0xe1, 0x08, 0xe1, 0x08, 0xe1, 0x08, 0xe1, 0x08, 0xe1,
  0x08, 0xe1, 0x08, 0xe1, 0x08, 0xe1, 0x5b, 0x4a, 0x6c, 0x8c, 0x74, 0xce, 0x6c, 0x4b, 0x29, 0xc2,
  0x19, 0x42, 0x52, 0xea, 0x08, 0xe1, 0x29, 0xc2, 0x6b, 0xc9, 0x63, 0xc9, 0x63, 0xeb, 0x21, 0xc1,
  0x42, 0xc6, 0x54, 0x0a, 0x85, 0x90, 0x19, 0xc3, 0x08, 0xe1, 0x08, 0xe1, 0x09, 0x61, 0x7d, 0xb0,
  0x86, 0x53, 0x63, 0xcb, 0x08, 0xe1, 0x08, 0xe1, 0x08, 0xe1, 0x08, 0xe1, 0x08, 0xe1, 0x08, 0xe1,
  0x08, 0xe1, 0x08, 0xe1, 0x08, 0xe1, 0x08, 0xe1, 0x08, 0xe1, 0x08, 0xe1, 0x08, 0xe1, 0x21, 0x62,
  0x32, 0xa6, 0x21, 0xc3, 0x08, 0xe0, 0x31, 0xe4, 0x42, 0x46, 0x4a, 0xa7, 0x31, 0xe3, 0x18, 0xe0,
  0x42, 0x47, 0x42, 0x66, 0x5b, 0xaa, 0x53, 0x27, 0x53, 0x48, 0x42, 0x84, 0x42, 0xa5, 0xae, 0x74,
  0x6c, 0xab, 0x74, 0x4a, 0x64, 0x0a, 0x64, 0x8c, 0x74, 0xcd, 0x5c, 0x0a, 0x5c, 0x0a, 0x11, 0xa3,
  0x29, 0xc4, 0x2a, 0x25, 0x19, 0xa2, 0x32, 0x24, 0x21, 0xa2, 0x11, 0x20, 0x29, 0xa2, 0x42, 0x65,
  0x4a, 0xa5, 0x4a, 0x85, 0x4a, 0x66, 0x42, 0x66, 0x4a, 0x86, 0x3a, 0x85, 0x4b, 0x07, 0x5a, 0xc6,
  0x31, 0xc1, 0x52, 0xe7, 0x4b, 0x07, 0x32, 0x65, 0x53, 0xa9, 0x5c, 0x2a, 0x6c, 0x8c, 0x53, 0xa9,
  0x6c, 0x8c, 0x74, 0x8c, 0x11, 0x61, 0x5c, 0x0a, 0x5c, 0x4b, 0x64, 0x6b, 0x64, 0x4b, 0x53, 0x88,
  0x53, 0x88, 0x53, 0x68, 0x53, 0x08, 0x4a, 0xe7, 0x4b, 0x08, 0x53, 0x28, 0x2a, 0x03, 0x74, 0xce,
  0x3b, 0x88, 0x8e, 0x13, 0x64, 0x6c, 0x42, 0xe6, 0x5b, 0xea, 0x6c, 0xcd, 0x5c, 0x4b, 0x74, 0x6c,
  0x43, 0x27, 0x6c, 0x2b, 0x5b, 0xa9, 0x64, 0x6d, 0x11, 0xc4, 0x4c, 0x0e, 0x6c, 0xf2, 0x7d, 0x96,
  0x85, 0xb6, 0x01, 0xc6, 0x1a, 0xec, 0x7d, 0xf8, 0x75, 0x95, 0x7d, 0xf7, 0xa7, 0x5c, 0x85, 0x96,
  0x1a, 0x48, 0x75, 0x32, 0x1a, 0x06, 0x08, 0xe1, 0x08, 0xe1, 0x08, 0xe1, 0x08, 0xe1, 0x08, 0xe1,
  0x08, 0xe1, 0x08, 0xe1, 0x08, 0xe1, 0x08, 0xe1, 0x11, 0x61, 0x74, 0xee, 0x5b, 0xa9, 0x4b, 0x67,
  0x74, 0x8d, 0x3a, 0x44, 0x42, 0x84, 0x29, 0xe2, 0x42, 0x84, 0x63, 0xca, 0x63, 0xca, 0x5b, 0xaa,
  0x11, 0x60, 0x4b, 0x27, 0x6c, 0x4b, 0x4b, 0x89, 0x11, 0x42, 0x08, 0xe1, 0x11, 0xc3, 0x6d, 0x4f,
  0x75, 0xf1, 0x22, 0x03, 0x08, 0xe1, 0x08, 0xe1, 0x08, 0xe1, 0x08, 0xe1, 0x08, 0xe1, 0x08, 0xe1,
  0x08, 0xe1, 0x08, 0xe1, 0x08, 0xe1, 0x08, 0xe1, 0x08, 0xe1, 0x08, 0xe1, 0x08, 0xe1, 0x42, 0x87,
  0x09, 0x01, 0x08, 0xe1, 0x08, 0xe1, 0x31, 0xe3, 0x4a, 0xe7, 0x52, 0xc7, 0x29, 0x62, 0x18, 0xc0,
  0x42, 0x65, 0x53, 0x07, 0x63, 0xca, 0x53, 0x06, 0x4a, 0xc5, 0x32, 0x43, 0x9e, 0x31, 0x96, 0x71,
  0x6c, 0xad, 0x64, 0x2b, 0x5b, 0xca, 0x6c, 0x8c, 0x43, 0x08, 0x53, 0xaa, 0x19, 0xc2, 0x2a, 0x24,
  0x3a, 0xc7, 0x33, 0x49, 0x74, 0xef, 0x64, 0xce, 0x64, 0x4c, 0x64, 0x2b, 0x4b, 0x08, 0x21, 0xa2,
  0x21, 0x20, 0x29, 0x82, 0x21, 0x41, 0x3a, 0x04, 0x42, 0x66, 0x42, 0x65, 0x42, 0x86, 0x52, 0xe7,
  0x3a, 0x24, 0x3a, 0x04, 0x5b, 0x68, 0x5b, 0xca, 0x32, 0x64, 0x53, 0x68, 0x63, 0xea, 0x5b, 0xca,
  0x4b, 0x27, 0x6c, 0x6c, 0x4b, 0x88, 0x21, 0xe3, 0x64, 0x4b, 0x5b, 0xca, 0x63, 0xea, 0x6c, 0x4c,
  0x64, 0x0b, 0x5b, 0xa9, 0x4b, 0x07, 0x3a, 0xa6, 0x3a, 0xa6, 0x32, 0x44, 0x3a, 0xa6, 0x5b, 0xc9,
  0x7d, 0x4f, 0x7d, 0xb0, 0x64, 0x6b, 0x63, 0xc9, 0x4b, 0x68, 0x75, 0x90, 0x6c, 0xcd, 0x53, 0x88,
  0x74, 0xce, 0x74, 0xcd, 0x2a, 0x64, 0x64, 0x4d, 0x2a, 0x88, 0x5c, 0x4f, 0x6c, 0xd2, 0x6d, 0x14,
  0x75, 0x75, 0x7d, 0x96, 0x64, 0xd3, 0x01, 0xa5, 0x6d, 0x13, 0x65, 0x33, 0x76, 0x17, 0x6d, 0x13,
  0x11, 0xe7, 0x7d, 0x34, 0x21, 0xe6, 0x08, 0xe1, 0x08, 0xe1, 0x08, 0xe1, 0x08, 0xe1, 0x08, 0xe1,
  0x08, 0xe1, 0x08, 0xe1, 0x08, 0xe1, 0x08, 0xe1, 0x08, 0xe1, 0x19, 0xa2, 0x7d, 0x6f, 0x6c, 0xad,
  0x43, 0x27, 0x74, 0x4c, 0x32, 0x44, 0x3a, 0x44, 0x31, 0xe3, 0x42, 0x86, 0x53, 0x48, 0x6c, 0x4b,
  0x53, 0x68, 0x32, 0x65, 0x4b, 0x27, 0x74, 0xee, 0x32, 0x65, 0xce, 0x96, 0x2a, 0x26, 0x85, 0x70,
  0x86, 0x53, 0x32, 0xc6, 0x08, 0xe1, 0x08, 0xe1, 0x08, 0xe1, 0x08, 0xe1, 0x08, 0xe1, 0x08, 0xe1,
  0x08, 0xe1, 0x08, 0xe1, 0x08, 0xe1, 0x08, 0xe1, 0x08, 0xe1, 0x08, 0xe1, 0x09, 0x02, 0x8c, 0x90,
  0x08, 0xe1, 0x08, 0xe1, 0x19, 0x42, 0x53, 0x28, 0x4a, 0xc7, 0x3a, 0x03, 0x29, 0x42, 0x39, 0xe4,
  0x4a, 0xa6, 0x6b, 0xaa, 0x5b, 0x89, 0x4b, 0x07, 0x63, 0xca, 0x6c, 0xee, 0x8d, 0xf0, 0x6c, 0xcb,
  0x6c, 0xcd, 0x6c, 0x4b, 0x53, 0x68, 0x32, 0x64, 0x4b, 0x48, 0x19, 0x81, 0x21, 0xe2, 0x32, 0x66,
  0x09, 0x20, 0x22, 0x64, 0x3b, 0x69, 0x4c, 0x2b, 0x3b, 0x68, 0x5c, 0x2b, 0x6c, 0x2b, 0x74, 0x6c,
  0x6b, 0xcb, 0x11, 0x21, 0x21, 0x41, 0x42, 0x66, 0x42, 0x25, 0x42, 0x65, 0x42, 0x45, 0x42, 0x86,
  0x4a, 0xa6, 0x31, 0xe3, 0x31, 0xe2, 0x53, 0x07, 0x74, 0x6c, 0x4a, 0xe6, 0x3a, 0x44, 0x53, 0x27,
  0x4a, 0xe6, 0x4b, 0x07, 0x5b, 0xa9, 0x21, 0xc4, 0x43, 0x07, 0x63, 0xa9, 0x53, 0x48, 0x5b, 0x88,
  0x63, 0xca, 0x4b, 0x07, 0x3a, 0xc7, 0x43, 0x07, 0x21, 0xe2, 0x53, 0x68, 0x5b, 0xaa, 0x3b, 0x06,
  0x96, 0x32, 0x7d, 0x4f, 0x6c, 0xac, 0x6c, 0xac, 0x32, 0xc6, 0x96, 0x94, 0x75, 0x0e, 0x63, 0xe9,
  0x6c, 0x8d, 0x6c, 0x8c, 0x64, 0x0b, 0x6c, 0x6d, 0x74, 0xb0, 0x6c, 0xd1, 0x6c, 0xd2, 0x64, 0x72,
  0x5c, 0x71, 0x64, 0x92, 0x7d, 0x76, 0x5c, 0x50, 0x33, 0x2b, 0x5c, 0xf2, 0x65, 0x95, 0x01, 0x44,
  0x7c, 0xd2, 0x7d, 0x13, 0x19, 0x84, 0x08, 0xe1, 0x08, 0xe1, 0x08, 0xe1, 0x08, 0xe1, 0x08, 0xe1,
  0x08, 0xe1, 0x08, 0xe1, 0x08, 0xe1, 0x08, 0xe1, 0x08, 0xe1, 0x5b, 0x6a, 0x5c, 0x0b, 0x6d, 0x2f,
  0x7d, 0x2f, 0x43, 0x07, 0x5b, 0xca, 0x4b, 0x28, 0x32, 0x24, 0x3a, 0x45, 0x5b, 0x88, 0x53, 0x48,
  0x6c, 0x2b, 0x11, 0x81, 0x32, 0x66, 0x74, 0x8c, 0x53, 0xca, 0x29, 0xc3, 0x5b, 0xac, 0x8d, 0xd1,
  0x7d, 0xb1, 0x5c, 0xad, 0x6b, 0xcc, 0x08, 0xe1, 0x08, 0xe1, 0x08, 0xe1, 0x08, 0xe1, 0x08, 0xe1,
  0x08, 0xe1, 0x08, 0xe1, 0x08, 0xe1, 0x08, 0xe1, 0x08, 0xe1, 0x08, 0xe1, 0x08, 0xe1, 0x08, 0xe1,
  0x5b, 0x0a, 0x21, 0x61, 0x5b, 0x49, 0x3a, 0xa6, 0x42, 0x25, 0x31, 0xc3, 0x21, 0x42, 0x52, 0xc6,
  0x63, 0x47, 0x4a, 0xe6, 0x63, 0xea, 0x75, 0x0e, 0x8d, 0x6f, 0x85, 0x6f, 0x74, 0xcc, 0x74, 0xec,
  0x74, 0xcc, 0x7c, 0xed, 0x2a, 0x23, 0x53, 0x69, 0x53, 0x28, 0x11, 0x22, 0x3a, 0x44, 0x32, 0x45,
  0x4b, 0x28, 0x19, 0x21, 0x1a, 0x05, 0x53, 0xeb, 0x4b, 0xca, 0x6c, 0x8d, 0x6c, 0x6c, 0x5c, 0x4c,
  0x6c, 0xce, 0x6c, 0x6c, 0x63, 0xcb, 0x10, 0xe0, 0x31, 0xa4, 0x31, 0xc4, 0x29, 0xa3, 0x31, 0xe4,
  0x42, 0x45, 0x42, 0x25, 0x4a, 0x66, 0x42, 0x45, 0x3a, 0x23, 0x63, 0xea, 0x6c, 0x2b, 0x3a, 0x85,
  0x3a, 0x65, 0x53, 0x49, 0x43, 0x28, 0x2a, 0xc7, 0x19, 0x82, 0x63, 0xa8, 0x63, 0xa8, 0x53, 0x47,
  0x5b, 0x89, 0x4b, 0x28, 0x3b, 0x29, 0x22, 0x24, 0x22, 0x02, 0x64, 0x0b, 0x64, 0x0a, 0x6c, 0xed,
  0x22, 0x63, 0x6c, 0xed, 0x64, 0x8c, 0x9e, 0x73, 0x3b, 0x47, 0x8d, 0x90, 0x43, 0x28, 0x5b, 0xca,
  0x6c, 0x2b, 0x53, 0x89, 0x74, 0x6c, 0x11, 0x83, 0x85, 0xb5, 0x74, 0xf2, 0x64, 0x71, 0x64, 0x72,
  0x74, 0xf4, 0x6c, 0xd3, 0x74, 0xf3, 0x6d, 0x34, 0x22, 0xaa, 0x22, 0x69, 0x19, 0xe6, 0x64, 0x51,
  0x5b, 0xcf, 0x85, 0x53, 0x09, 0x64, 0x08, 0xe1, 0x08, 0xe1, 0x08, 0xe1, 0x08, 0xe1, 0x08, 0xe1,
  0x08, 0xe1, 0x08, 0xe1, 0x08, 0xe1, 0x32, 0x05, 0x08, 0xe1, 0x08, 0xe1, 0x84, 0xd1, 0x09, 0x61,
  0x85, 0x50, 0x6c, 0xee, 0x6c, 0xce, 0x4b, 0xca, 0x5b, 0xa8, 0x2a, 0x03, 0x52, 0xc5, 0x5b, 0x88,
  0x53, 0x68, 0x6c, 0x4b, 0x2a, 0x64, 0x4b, 0x68, 0x5b, 0xc9, 0x32, 0x64, 0x08, 0xe1, 0x85, 0xb1,
  0x54, 0x6b, 0x85, 0xf1, 0x2a, 0x45, 0x08, 0xe1, 0x08, 0xe1, 0x08, 0xe1, 0x08, 0xe1, 0x08, 0xe1,
  0x08, 0xe1, 0x08, 0xe1, 0x08, 0xe1, 0x08, 0xe1, 0x08, 0xe1, 0x08, 0xe1, 0x08, 0xe1, 0x08, 0xe1,
  0x09, 0x22, 0x7c, 0xef, 0x3a, 0x65, 0x3a, 0x24, 0x31, 0xa3, 0x21, 0x41, 0x42, 0x45, 0x5a, 0xe7,
  0x3a, 0x64, 0x63, 0xea, 0x7c, 0xee, 0x7d, 0x4f, 0x6c, 0x6b, 0x6c, 0x8b, 0x6c, 0xac, 0x6c, 0xab,
  0x75, 0x0d, 0x7d, 0x0d, 0x21, 0xa1, 0x53, 0x28, 0x63, 0x69, 0x19, 0x42, 0x42, 0xa6, 0x32, 0x65,
  0x3a, 0xa6, 0x4a, 0xe7, 0x21, 0xe3, 0x19, 0xc2, 0x2a, 0x64, 0x6c, 0x6d, 0x74, 0xad, 0x6c, 0xcd,
  0x3b, 0xa9, 0x6c, 0xcd, 0x6c, 0x8d, 0x6c, 0x2c, 0x19, 0x82, 0x42, 0x66, 0x42, 0x67, 0x4a, 0x86,
  0x31, 0xc4, 0x42, 0x25, 0x29, 0x82, 0x4a, 0x66, 0x4a, 0x65, 0x32, 0x04, 0x63, 0xaa, 0x6b, 0xeb,
  0x5b, 0x69, 0x42, 0x85, 0x3a, 0xa6, 0x2a, 0x45, 0x3a, 0xa6, 0x11, 0x81, 0x53, 0x49, 0x5b, 0xaa,
  0x5b, 0x69, 0x4b, 0x27, 0x22, 0x04, 0x19, 0x81, 0x32, 0x64, 0x64, 0x0b, 0x64, 0x2b, 0x75, 0x4f,
  0x4b, 0xe9, 0x75, 0x4e, 0x64, 0xad, 0x96, 0x53, 0x53, 0xe9, 0x64, 0x4b, 0x4a, 0xe7, 0x4b, 0x27,
  0x4b, 0x48, 0x4b, 0x48, 0x63, 0xea, 0x01, 0x01, 0x85, 0x95, 0x6c, 0xb1, 0x5c, 0x30, 0x64, 0x92,
  0x6c, 0xb2, 0x6c, 0xb2, 0x7d, 0x34, 0x6d, 0x14, 0x6d, 0x14, 0x2a, 0xcb, 0x43, 0x2d, 0x6c, 0x31,
  0x4b, 0x6d, 0x85, 0x13, 0x21, 0xc5, 0x08, 0xe1, 0x08, 0xe1, 0x08, 0xe1, 0x08, 0xe1, 0x08, 0xe1,
  0x08, 0xe1, 0x08, 0xe1, 0x08, 0xe1, 0x29, 0xc3, 0x74, 0xaf, 0x08, 0xe1, 0x08, 0xe1, 0x08, 0xe1,
  0x00, 0xa0, 0x32, 0x86, 0x3a, 0xc7, 0x63, 0xcb, 0x63, 0xca, 0x63, 0xc9, 0x32, 0x22, 0x52, 0xe6,
  0x63, 0x68, 0x53, 0x68, 0x6c, 0x4b, 0x19, 0x60, 0x3a, 0x84, 0x3a, 0xc6, 0x08, 0xe1, 0x64, 0xad,
  0x4c, 0x0a, 0x8e, 0x53, 0x21, 0xe4, 0x08, 0xe1, 0x08, 0xe1, 0x08, 0xe1, 0x08, 0xe1, 0x08, 0xe1,
  0x08, 0xe1, 0x08, 0xe1, 0x08, 0xe1, 0x08, 0xe1, 0x08, 0xe1, 0x08, 0xe1, 0x08, 0xe1, 0x18, 0xe2,
  0x6c, 0x6e, 0x6c, 0xcf, 0x21, 0xc3, 0x29, 0x61, 0x31, 0xa3, 0x21, 0x20, 0x21, 0x42, 0x52, 0xa6,
  0x42, 0xc5, 0x7c, 0xce, 0x6c, 0xad, 0x7d, 0x2e, 0x32, 0x84, 0x6c, 0x8b, 0x6c, 0xac, 0x74, 0xed,
  0x7d, 0x2e, 0x4b, 0x67, 0x31, 0xe2, 0x52, 0xe7, 0x31, 0xe3, 0x11, 0x02, 0x42, 0x85, 0x4b, 0x08,
  0x32, 0x45, 0x53, 0x89, 0x63, 0xc9, 0x3a, 0xc6, 0x2a, 0x03, 0x2a, 0x03, 0x4b, 0x89, 0x3b, 0x27,
  0x54, 0xad, 0x2b, 0x07, 0x54, 0x2a, 0x32, 0xe6, 0x5c, 0x2c, 0x08, 0xa0, 0x3a, 0x26, 0x42, 0x45,
  0x31, 0xc3, 0x31, 0xa3, 0x39, 0xe3, 0x29, 0x62, 0x4a, 0x26, 0x42, 0x46, 0x29, 0xe3, 0x3a, 0x44,
  0x5b, 0x69, 0x52, 0xc6, 0x3a, 0x44, 0x32, 0x04, 0x3a, 0xa7, 0x2a, 0x66, 0x22, 0x05, 0x09, 0x41,
  0x29, 0xc2, 0x19, 0x81, 0x11, 0x61, 0x29, 0xc2, 0x2a, 0x23, 0x64, 0x0a, 0x74, 0x6c, 0x64, 0xac,
  0x53, 0xe9, 0x65, 0x0e, 0x44, 0x2a, 0x7d, 0xd1, 0x7d, 0x2e, 0x64, 0x0a, 0x32, 0x44, 0x4a, 0xe6,
  0x43, 0x07, 0x53, 0x88, 0x3a, 0xc5, 0x11, 0x83, 0x4b, 0xce, 0x54, 0x0e, 0x64, 0x71, 0x64, 0x92,
  0x6c, 0xb2, 0x64, 0x92, 0x75, 0x14, 0x6d, 0x34, 0x6d, 0x15, 0x2a, 0xcc, 0x5b, 0xd0, 0x5b, 0xcf,
  0x6c, 0x31, 0x2a, 0x06, 0x08, 0xe1, 0x08, 0xe1, 0x08, 0xe1, 0x08, 0xe1, 0x08, 0xe1, 0x08, 0xe1,
  0x08, 0xe1, 0x08, 0xe1, 0x08, 0xe1, 0x21, 0xe2, 0x43, 0xc9, 0x84, 0xd1, 0x08, 0xe1, 0x08, 0xe1,
  0x08, 0xe1, 0x08, 0xe1, 0x3a, 0x25, 0x19, 0x42, 0x2a, 0x24, 0x74, 0x6b, 0x32, 0x43, 0x42, 0x63,
  0x5a, 0xe6, 0x5b, 0x68, 0x5b, 0x88, 0x29, 0xe2, 0x3a, 0x43, 0x3a, 0xc6, 0x7c, 0x2e, 0x43, 0xa9,
  0x3b, 0xa8, 0x86, 0x12, 0x21, 0xe4, 0x08, 0xe1, 0x08, 0xe1, 0x08, 0xe1, 0x08, 0xe1, 0x08, 0xe1,
  0x08, 0xe1, 0x08, 0xe1, 0x08, 0xe1, 0x08, 0xe1, 0x08, 0xe1, 0x08, 0xe1, 0x84, 0x70, 0x19, 0x62,
  0x8d, 0xd3, 0x21, 0xc4, 0x29, 0xc4, 0x29, 0x42, 0x29, 0x83, 0x10, 0xc0, 0x4a, 0x85, 0x52, 0xe7,
  0x4b, 0x26, 0x6c, 0x4b, 0x74, 0xed, 0x43, 0x06, 0x64, 0x0a, 0x6c, 0x6a, 0x5c, 0x4a, 0x6c, 0xed,
  0x53, 0x89, 0x29, 0xe4, 0x32, 0x04, 0x42, 0x65, 0x18, 0xe0, 0x21, 0x21, 0x29, 0x83, 0x4b, 0x08,
  0x2a, 0x04, 0x42, 0xe6, 0x6c, 0x2b, 0x6c, 0xad, 0x6c, 0xad, 0x53, 0xea, 0x5c, 0x0a, 0x3b, 0x07,
  0x11, 0xc2, 0x32, 0xe7, 0x64, 0xae, 0x3b, 0x69, 0x64, 0x8d, 0x6c, 0x2c, 0x19, 0x21, 0x52, 0xa8,
  0x4a, 0x47, 0x42, 0x06, 0x31, 0xe4, 0x29, 0xa3, 0x29, 0x61, 0x42, 0x45, 0x42, 0x45, 0x42, 0x45,
  0x31, 0xc3, 0x39, 0xe4, 0x3a, 0x04, 0x29, 0x62, 0x39, 0xe4, 0x32, 0x25, 0x29, 0xe4, 0x21, 0xc3,
  0x19, 0x82, 0x29, 0xe3, 0x19, 0x61, 0x53, 0x28, 0x29, 0xc3, 0x64, 0x0b, 0x6c, 0x8b, 0x7d, 0x4f,
  0x7d, 0x0e, 0x8e, 0x31, 0x8d, 0xf1, 0x6d, 0x0d, 0x74, 0xcd, 0x3a, 0xc6, 0x21, 0xe3, 0x53, 0x49,
  0x2a, 0x02, 0x42, 0xc6, 0x09, 0x01, 0x43, 0x0a, 0x22, 0x88, 0x5c, 0x0e, 0x6c, 0x92, 0x64, 0x92,
  0x64, 0x92, 0x64, 0x10, 0x6c, 0x92, 0x64, 0xd4, 0x74, 0x92, 0x4b, 0x6e, 0x5b, 0xf0, 0x64, 0x10,
  0x7c, 0xd2, 0x11, 0x23, 0x08, 0xe1, 0x08, 0xe1, 0x08, 0xe1, 0x08, 0xe1, 0x08, 0xe1, 0x08, 0xe1,
  0x08, 0xe1, 0x08, 0xe1, 0x08, 0xe1, 0x08, 0xe1, 0x64, 0x4c, 0x6c, 0xcd, 0x09, 0x42, 0x7c, 0x4f,
  0x08, 0xe1, 0x08, 0xe1, 0x9d, 0x73, 0x08, 0xe1, 0x08, 0xe1, 0x19, 0x61, 0x3a, 0xa6, 0x42, 0x85,
  0x31, 0xe2, 0x63, 0x48, 0x5b, 0x27, 0x6c, 0x0b, 0x3a, 0x85, 0x21, 0x81, 0x32, 0x24, 0x32, 0x44,
  0x4b, 0x68, 0x8e, 0x12, 0x2a, 0x04, 0x08, 0xe1, 0x08, 0xe1, 0x08, 0xe1, 0x08, 0xe1, 0x08, 0xe1,
  0x08, 0xe1, 0x08, 0xe1, 0x08, 0xe1, 0x08, 0xe1, 0x08, 0xe1, 0x08, 0xe1, 0x10, 0xe2, 0x5c, 0x0b,
  0x43, 0xcc, 0x21, 0xa4, 0x11, 0x01, 0x31, 0xa4, 0x21, 0x62, 0x10, 0xc0, 0x4a, 0xc6, 0x52, 0xc6,
  0x53, 0x06, 0x63, 0xc9, 0x6c, 0x4b, 0x63, 0x88, 0x64, 0x0a, 0x64, 0x2a, 0x6c, 0xcc, 0x6d, 0x0d,
  0x32, 0x02, 0x3a, 0x45, 0x3a, 0x45, 0x32, 0x03, 0x21, 0x41, 0x21, 0x42, 0x21, 0x42, 0x42, 0xe7,
  0x4b, 0x28, 0x53, 0x68, 0x63, 0xc9, 0x4b, 0xa9, 0x5c, 0x2b, 0x6c, 0x8c, 0x75, 0x0d, 0x7d, 0x4e,
  0x7c, 0xce, 0x32, 0x85, 0x43, 0xaa, 0x4b, 0xca, 0x43, 0x89, 0x6c, 0x8d, 0x63, 0xcc, 0x18, 0xc0,
  0x42, 0x26, 0x42, 0x06, 0x42, 0x46, 0x42, 0x66, 0x3a, 0x04, 0x29, 0x62, 0x39, 0xe4, 0x42, 0x45,
  0x42, 0x45, 0x4a, 0x85, 0x42, 0x65, 0x4a, 0x66, 0x31, 0xa3, 0x29, 0xe4, 0x42, 0xa7, 0x19, 0x00,
  0x29, 0xa2, 0x3a, 0x45, 0x42, 0x86, 0x3a, 0x65, 0x21, 0xc2, 0x53, 0x68, 0x74, 0xcc, 0x7d, 0x2f,
  0x5c, 0x0a, 0x85, 0xb0, 0x75, 0x2e, 0x75, 0x4e, 0x53, 0xc9, 0x4b, 0x69, 0x42, 0xc7, 0x32, 0x65,
  0x5b, 0xa9, 0x4b, 0x07, 0x11, 0x63, 0x12, 0x26, 0x33, 0x8c, 0x5b, 0xee, 0x6c, 0x92, 0x4b, 0xf0,
  0x64, 0x51, 0x64, 0x10, 0x64, 0x31, 0x6c, 0xd3, 0x7c, 0xf4, 0x5b, 0xcf, 0x53, 0x8e, 0x6c, 0x50,
  0x74, 0xb0, 0x94, 0xf1, 0x08, 0xe1, 0x08, 0xe1, 0x08, 0xe1, 0x08, 0xe1, 0x08, 0xe1, 0x08, 0xe1,
  0x08, 0xe1, 0x08, 0xe1, 0x08, 0xe1, 0x08, 0xe1, 0x19, 0xc3, 0x64, 0xad, 0x75, 0x6f, 0x6c, 0x6d,
  0x3a, 0xe7, 0x3a, 0xa5, 0x3a, 0xa5, 0x42, 0xe7, 0x3a, 0xc6, 0x42, 0xa6, 0x2a, 0x03, 0x29, 0xe2,
  0x31, 0xe2, 0x4a, 0xa6, 0x5b, 0x29, 0x4a, 0xc7, 0x6b, 0xeb, 0x31, 0xe3, 0x42, 0x64, 0x3a, 0x43,
  0x4b, 0x27, 0x8d, 0x91, 0x21, 0xe3, 0x08, 0xe1, 0x08, 0xe1, 0x08, 0xe1, 0x08, 0xe1, 0x08, 0xe1,
  0x08, 0xe1, 0x08, 0xe1, 0x08, 0xe1, 0x08, 0xe1, 0x08, 0xe1, 0x08, 0xe1, 0x11, 0x83, 0x75, 0x30,
  0x09, 0x42, 0x21, 0x61, 0x3a, 0x25, 0x29, 0xc3, 0x19, 0x21, 0x21, 0x22, 0x4a, 0xa5, 0x42, 0x44,
  0x5b, 0x89, 0x5b, 0x68, 0x5b, 0x48, 0x74, 0x4b, 0x64, 0x2b, 0x64, 0x6c, 0x7c, 0xce, 0x21, 0xe2,
  0x3a, 0x45, 0x3a, 0x45, 0x3a, 0x66, 0x21, 0xc3, 0x21, 0x62, 0x29, 0x82, 0x31, 0x82, 0x3a, 0x25,
  0x4b, 0x27, 0x32, 0x24, 0x63, 0xaa, 0x5b, 0xa9, 0x5b, 0xea, 0x54, 0x0b, 0x6c, 0xac, 0x75, 0x0e,
  0x7d, 0x2e, 0x85, 0x6f, 0x74, 0xad, 0x74, 0xad, 0x53, 0xc9, 0x64, 0x2c, 0x5b, 0x89, 0x42, 0x86,
  0x42, 0x67, 0x3a, 0x47, 0x42, 0x26, 0x4a, 0x67, 0x4a, 0x67, 0x42, 0x47, 0x31, 0xc5, 0x29, 0x84,
  0x3a, 0x26, 0x31, 0xe4, 0x42, 0x25, 0x4a, 0x66, 0x42, 0x45, 0x3a, 0x04, 0x31, 0xc3, 0x29, 0xa2,
  0x21, 0x82, 0x10, 0xc0, 0x53, 0x07, 0x4b, 0x07, 0x4b, 0x29, 0x21, 0xa2, 0x7c, 0xcd, 0x74, 0xcd,
  0x5b, 0xe9, 0x74, 0xcd, 0x75, 0x0e, 0x85, 0x6f, 0x3a, 0xa5, 0x5b, 0x88, 0x4a, 0xe6, 0x43, 0x28,
  0x5b, 0x49, 0x11, 0x21, 0x63, 0xce, 0x32, 0xa9, 0x43, 0x4b, 0x53, 0xce, 0x64, 0x31, 0x5b, 0xaf,
  0x63, 0xf0, 0x63, 0xcf, 0x5b, 0xf0, 0x6c, 0xb1, 0x6c, 0xb2, 0x64, 0x30, 0x3b, 0x0b, 0xa6, 0x36,
  0x21, 0xc5, 0x08, 0xe1, 0x08, 0xe1, 0x08, 0xe1, 0x08, 0xe1, 0x08, 0xe1, 0x08, 0xe1, 0x08, 0xe1,
  0x08, 0xe1, 0x08, 0xe1, 0x08, 0xe1, 0x08, 0xe1, 0x63, 0x4c, 0x4b, 0x48, 0x4c, 0x0a, 0x64, 0x4c,
  0x7d, 0x4f, 0x8d, 0x90, 0x85, 0x6f, 0x7d, 0x2e, 0x74, 0xad, 0x2a, 0x22, 0x3a, 0xc6, 0x42, 0x85,
  0x52, 0xe7, 0x10, 0xc0, 0x42, 0x66, 0x4a, 0xc7, 0x53, 0x08, 0x6b, 0xaa, 0x19, 0x61, 0x21, 0x82,
  0x43, 0x07, 0x6c, 0xae, 0x19, 0x42, 0x08, 0xe1, 0x08, 0xe1, 0x08, 0xe1, 0x08, 0xe1, 0x08, 0xe1,
  0x08, 0xe1, 0x08, 0xe1, 0x08, 0xe1, 0x08, 0xe1, 0x08, 0xe1, 0x7c, 0x6f, 0x95, 0xf3, 0x85, 0x71,
  0x11, 0x01, 0x3a, 0x25, 0x31, 0xc3, 0x29, 0xa3, 0x10, 0xa0, 0x3a, 0x05, 0x39, 0xe2, 0x52, 0xe6,
  0x6b, 0xea, 0x53, 0x48, 0x53, 0x47, 0x6b, 0xea, 0x5b, 0xa9, 0x3a, 0xa5, 0x21, 0xc2, 0x52, 0xe6,
  0x42, 0xa6, 0x32, 0x04, 0x11, 0x20, 0x2a, 0x04, 0x21, 0x82, 0x31, 0xc4, 0x39, 0xc3, 0x29, 0xa3,
  0x4b, 0x27, 0x4b, 0x07, 0x29, 0xe3, 0x5b, 0xa9, 0x74, 0xad, 0x75, 0x0e, 0x64, 0x4b, 0x5b, 0xea,
  0x53, 0xc9, 0x53, 0xea, 0x74, 0xad, 0x6c, 0x6c, 0x6c, 0x8d, 0x5b, 0xeb, 0x5b, 0x89, 0x5b, 0x49,
  0x08, 0xa0, 0x52, 0xea, 0x4a, 0x67, 0x42, 0x47, 0x4a, 0x67, 0x4a, 0xa8, 0x52, 0xa8, 0x4a, 0xa8,
  0x31, 0xc5, 0x29, 0xa2, 0x4a, 0x66, 0x42, 0x25, 0x31, 0xa3, 0x4a, 0x66, 0x4a, 0x66, 0x4a, 0x66,
  0x10, 0xe0, 0x63, 0x4a, 0x4a, 0xc6, 0x63, 0xca, 0x63, 0xea, 0x32, 0x64, 0x21, 0xc3, 0x5c, 0x0a,
  0x53, 0xa8, 0x53, 0xc9, 0x7d, 0x0e, 0x85, 0x4f, 0x4b, 0x27, 0x53, 0x47, 0x3a, 0x65, 0x64, 0x0b,
  0x2a, 0x04, 0x19, 0xa3, 0x4b, 0x8c, 0x4b, 0x6c, 0x22, 0x47, 0x32, 0xc9, 0x64, 0x2f, 0x5c, 0x10,
  0x64, 0x51, 0x53, 0xcf, 0x64, 0x31, 0x6c, 0x91, 0x64, 0x30, 0x43, 0x4c, 0x8d, 0x95, 0x95, 0xd5,
  0x21, 0x43, 0x08, 0xe1, 0x08, 0xe1, 0x08, 0xe1, 0x08, 0xe1, 0x08, 0xe1, 0x08, 0xe1, 0x08, 0xe1,
  0x08, 0xe1, 0x08, 0xe1, 0x08, 0xe1, 0x08, 0xe1, 0x08, 0xe1, 0x7c, 0x0d, 0x43, 0x07, 0x85, 0x70,
  0x7d, 0x2f, 0x64, 0x8c, 0x64, 0x4b, 0x5c, 0x0a, 0x53, 0xa9, 0x5b, 0xc9, 0x3a, 0xa6, 0x29, 0xe2,
  0x32, 0x03, 0x29, 0x82, 0x19, 0x00, 0x52, 0xe7, 0x4a, 0x86, 0x4a, 0xe7, 0x53, 0x28, 0x21, 0x61,
  0x3a, 0x44, 0x42, 0xc6, 0x11, 0x01, 0x08, 0xe1, 0x08, 0xe1, 0x08, 0xe1, 0x08, 0xe1, 0x08, 0xe1,
  0x08, 0xe1, 0x08, 0xe1, 0x08, 0xe1, 0x08, 0xe1, 0x08, 0xe1, 0x00, 0xe0, 0x96, 0x94, 0x6c, 0x0b,
  0x19, 0x80, 0x42, 0x86, 0x29, 0xc4, 0x21, 0x41, 0x08, 0x60, 0x39, 0xc3, 0x42, 0x65, 0x53, 0x48,
  0x6b, 0xc9, 0x53, 0x07, 0x6b, 0xa9, 0x31, 0xc2, 0x29, 0xe2, 0x4b, 0x48, 0x63, 0xea, 0x4a, 0xc6,
  0x53, 0x28, 0x31, 0xe4, 0x10, 0xe0, 0x2a, 0x05, 0x21, 0x62, 0x31, 0xc4, 0x31, 0xa3, 0x39, 0xe4,
  0x32, 0x04, 0x43, 0x28, 0x43, 0x07, 0x32, 0x65, 0x3a, 0xc6, 0x5b, 0xeb, 0x53, 0xa9, 0x53, 0x89,
  0x53, 0x68, 0x5b, 0x88, 0x5c, 0x2c, 0x53, 0xeb, 0x5c, 0x2b, 0x2a, 0x65, 0x74, 0x4d, 0x53, 0x49,
  0x32, 0x05, 0x19, 0x43, 0x4a, 0x88, 0x52, 0xa9, 0x4a, 0x67, 0x42, 0x67, 0x52, 0xe9, 0x53, 0x09,
  0x4a, 0xa8, 0x42, 0x26, 0x3a, 0x05, 0x4a, 0x67, 0x4a, 0xa7, 0x31, 0xe4, 0x4a, 0x67, 0x42, 0x46,
  0x29, 0x62, 0x53, 0x27, 0x53, 0x88, 0x5b, 0xc9, 0x5b, 0xea, 0x64, 0x0a, 0x21, 0xe1, 0x85, 0x50,
  0x4b, 0x67, 0x54, 0x2b, 0x6c, 0xcd, 0x4b, 0x47, 0x42, 0xc7, 0x42, 0x86, 0x4a, 0xa5, 0x4b, 0x29,
  0x00, 0xc1, 0x53, 0xac, 0x22, 0x47, 0x6c, 0x51, 0x53, 0xae, 0x2a, 0x68, 0x43, 0x6c, 0x64, 0x71,
  0x64, 0x71, 0x5b, 0xae, 0x5b, 0xee, 0x6c, 0x50, 0x64, 0x70, 0x4b, 0xad, 0x64, 0x50, 0x00, 0xe2,
  0x08, 0xe1, 0x08, 0xe1, 0x08, 0xe1, 0x08, 0xe1, 0x08, 0xe1, 0x08, 0xe1, 0x08, 0xe1, 0x08, 0xe1,
  0x08, 0xe1, 0x08, 0xe1, 0x08, 0xe1, 0x08, 0xe1, 0x08, 0xe1, 0x08, 0xe1, 0x7c, 0x0f, 0x21, 0xc3,
  0x5c, 0x0b, 0x7d, 0x30, 0x7d, 0x30, 0x74, 0xef, 0x75, 0x0e, 0x6c, 0xcd, 0x5b, 0xc9, 0x5b, 0xa8,
  0x3a, 0xa4, 0x29, 0xc3, 0x21, 0x82, 0x29, 0xa3, 0x52, 0xc7, 0x53, 0x07, 0x63, 0x89, 0x31, 0xc2,
  0x29, 0xc3, 0x3a, 0x45, 0x08, 0xe1, 0x08, 0xe1, 0x08, 0xe1, 0x08, 0xe1, 0x08, 0xe1, 0x08, 0xe1,
  0x08, 0xe1, 0x08, 0xe1, 0x08, 0xe1, 0x08, 0xe1, 0x08, 0xe1, 0x32, 0x66, 0x64, 0xad, 0x5b, 0x69,
  0x53, 0x07, 0x2a, 0x04, 0x31, 0xe4, 0x29, 0x82, 0x21, 0x01, 0x31, 0xa3, 0x52, 0xe7, 0x53, 0x27,
  0x63, 0x88, 0x53, 0x06, 0x4a, 0xe6, 0x3a, 0x44, 0x42, 0xc7, 0x64, 0x2b, 0x53, 0x48, 0x63, 0x88,
  0x5b, 0x69, 0x21, 0x41, 0x18, 0xe0, 0x29, 0xa4, 0x21, 0x62, 0x29, 0x83, 0x39, 0xc4, 0x31, 0xc3,
  0x32, 0x04, 0x2a, 0x03, 0x53, 0x69, 0x4b, 0x28, 0x42, 0xe7, 0x5b, 0xaa, 0x5b, 0xea, 0x53, 0x88,
  0x5b, 0x89, 0x63, 0xc9, 0x22, 0x44, 0x4b, 0x89, 0x33, 0x07, 0x2a, 0x65, 0x74, 0x4d, 0x53, 0x28,
  0x3a, 0x05, 0x08, 0x60, 0x63, 0x4b, 0x4a, 0x68, 0x4a, 0x67, 0x42, 0x67, 0x4a, 0xa8, 0x53, 0x09,
  0x53, 0x09, 0x42, 0x25, 0x31, 0xc4, 0x31, 0xc4, 0x4a, 0x87, 0x42, 0x46, 0x31, 0xc4, 0x29, 0x83,
  0x4a, 0xc7, 0x42, 0xe6, 0x4b, 0x48, 0x53, 0x68, 0x6c, 0x4c, 0x42, 0xe6, 0x4b, 0x48, 0x6c, 0x6d,
  0x5b, 0xe9, 0x6c, 0xcd, 0x53, 0xc9, 0x53, 0x88, 0x3a, 0x45, 0x42, 0xc7, 0x42, 0x65, 0x00, 0xc0,
  0x32, 0xa8, 0x4b, 0x6b, 0x53, 0xac, 0x6c, 0x51, 0x64, 0x30, 0x53, 0xad, 0x2a, 0x89, 0x6c, 0xb2,
  0x6c, 0x91, 0x5b, 0xce, 0x64, 0x0f, 0x64, 0x0f, 0x4b, 0x6c, 0x53, 0x8d, 0x6c, 0x50, 0x08, 0xe2,
  0x08, 0xe1, 0x08, 0xe1, 0x08, 0xe1, 0x08, 0xe1, 0x08, 0xe1, 0x08, 0xe1, 0x08, 0xe1, 0x08, 0xe1,
  0x08, 0xe1, 0x08, 0xe1, 0x08, 0xe1, 0x08, 0xe1, 0x08, 0xe1, 0x08, 0xe1, 0x08, 0xe1, 0x08, 0xe1,
  0x74, 0x2e, 0x11, 0x82, 0x11, 0x82, 0x22, 0x04, 0x32, 0x64, 0x42, 0xe6, 0x42, 0xc6, 0x4b, 0x07,
  0x53, 0x48, 0x4a, 0xe7, 0x29, 0xc3, 0x19, 0x21, 0x3a, 0x45, 0x52, 0xc6, 0x52, 0xe6, 0x5b, 0x28,
  0x19, 0x40, 0x3a, 0x45, 0x08, 0xc1, 0x08, 0xe1, 0x08, 0xe1, 0x08, 0xe1, 0x08, 0xe1, 0x08, 0xe1,
  0x08, 0xe1, 0x08, 0xe1, 0x08, 0xe1, 0x08, 0xe1, 0x29, 0xa4, 0x74, 0xd0, 0x64, 0x0b, 0x4a, 0xc6,
  0x53, 0x08, 0x32, 0x25, 0x3a, 0x05, 0x21, 0x41, 0x29, 0x42, 0x4a, 0x65, 0x52, 0xc6, 0x53, 0x07,
  0x63, 0x88, 0x5b, 0x48, 0x52, 0xe6, 0x4b, 0x27, 0x5b, 0xcb, 0x5b, 0xca, 0x6c, 0x2b, 0x6b, 0xca,
  0x5b, 0x69, 0x10, 0xc0, 0x18, 0xa0, 0x19, 0x01, 0x10, 0xe0, 0x21, 0x21, 0x41, 0xe5, 0x31, 0xc3,
  0x32, 0x25, 0x42, 0xc6, 0x29, 0xe2, 0x32, 0x24, 0x3a, 0x85, 0x3a, 0x44, 0x3a, 0xc5, 0x42, 0xe6,
  0x53, 0x47, 0x53, 0x68, 0x43, 0x69, 0x3b, 0x28, 0x22, 0x65, 0x5b, 0xeb, 0x53, 0x49, 0x42, 0x86,
  0x42, 0x26, 0x10, 0x60, 0x08, 0x80, 0x31, 0xc5, 0x52, 0xa8, 0x4a, 0x88, 0x42, 0x67, 0x4a, 0xa8,
  0x52, 0xe9, 0x52, 0xe8, 0x29, 0x83, 0x31, 0xc4, 0x21, 0x42, 0x42, 0x26, 0x42, 0x46, 0x21, 0x21,
  0x3a, 0x66, 0x5b, 0xca, 0x43, 0x06, 0x64, 0x0a, 0x43, 0x07, 0x74, 0x6c, 0x6c, 0x4c, 0x3a, 0xc6,
  0x5b, 0xe9, 0x64, 0x2a, 0x6c, 0x0a, 0x32, 0x22, 0x4a, 0xe7, 0x42, 0xc7, 0x19, 0x01, 0x32, 0x48,
  0x11, 0xa4, 0x4b, 0x6c, 0x4b, 0x8c, 0x5b, 0xef, 0x5b, 0xef, 0x64, 0x50, 0x43, 0x2b, 0x2a, 0xca,
  0x64, 0x71, 0x6c, 0x30, 0x74, 0x91, 0x43, 0x2b, 0x21, 0xc6, 0x74, 0x50, 0x00, 0xa1, 0x08, 0xe1,
  0x08, 0xe1, 0x08, 0xe1, 0x08, 0xe1, 0x08, 0xe1, 0x08, 0xe1, 0x08, 0xe1, 0x08, 0xe1, 0x08, 0xe1,
  0x08, 0xe1, 0x08, 0xe1, 0x08, 0xe1, 0x08, 0xe1, 0x08, 0xe1, 0x08, 0xe1, 0x08, 0xe1, 0x08, 0xe1,
  0x08, 0xe1, 0x08, 0xe1, 0x08, 0xe1, 0x08, 0xe1, 0x3a, 0x25, 0x3a, 0x25, 0x42, 0x46, 0x42, 0x46,
  0x42, 0x66, 0x32, 0x03, 0x21, 0x81, 0x3a, 0x25, 0x21, 0x41, 0x52, 0xe7, 0x53, 0x07, 0x5b, 0x07,
  0x19, 0x40, 0x32, 0x24, 0x08, 0xe1, 0x08, 0xe1, 0x08, 0xe1, 0x08, 0xe1, 0x08, 0xe1, 0x08, 0xe1,
  0x08, 0xe1, 0x08, 0xe1, 0x08, 0xe1, 0x08, 0xe1, 0x09, 0x42, 0x7d, 0x2f, 0x42, 0xc6, 0x4b, 0x49,
  0x42, 0xa6, 0x3a, 0x24, 0x31, 0xe4, 0x21, 0x22, 0x21, 0x62, 0x52, 0xe7, 0x52, 0xc6, 0x53, 0x07,
  0x6b, 0xa9, 0x53, 0x07, 0x42, 0x84, 0x6b, 0xea, 0x63, 0xc9, 0x6c, 0x2b, 0x63, 0xc9, 0x5b, 0x89,
  0x53, 0x08, 0x10, 0xa0, 0x21, 0x22, 0x29, 0x63, 0x39, 0xc4, 0x29, 0x42, 0x31, 0xa4, 0x31, 0xe4,
  0x42, 0x45, 0x42, 0x45, 0x39, 0xe3, 0x21, 0xa2, 0x21, 0xc2, 0x3a, 0x85, 0x32, 0x23, 0x29, 0xe3,
  0x32, 0x24, 0x2a, 0x03, 0x5c, 0x0b, 0x43, 0x28, 0x43, 0x48, 0x4b, 0x49, 0x3a, 0x86, 0x42, 0x65,
  0x42, 0x46, 0x18, 0xa0, 0x29, 0x63, 0x18, 0xc0, 0x29, 0xc4, 0x4a, 0xa8, 0x4a, 0xa9, 0x42, 0x68,
  0x4a, 0xc9, 0x42, 0x87, 0x4a, 0x88, 0x21, 0x42, 0x29, 0x83, 0x21, 0x22, 0x29, 0x83, 0x3a, 0x87,
  0x53, 0x69, 0x53, 0xeb, 0x42, 0xe6, 0x6c, 0x0a, 0x5b, 0x88, 0x6c, 0x4b, 0x64, 0x4b, 0x42, 0xe6,
  0x53, 0x89, 0x5b, 0xeb, 0x4b, 0x07, 0x3a, 0x44, 0x5b, 0x29, 0x08, 0xc1, 0x21, 0x64, 0x2a, 0x06,
  0x2a, 0x27, 0x53, 0x6d, 0x43, 0x0b, 0x5b, 0xaf, 0x5b, 0xcf, 0x6c, 0x10, 0x5b, 0xae, 0x42, 0xeb,
  0x64, 0x0f, 0x7c, 0xd3, 0x19, 0x85, 0x31, 0xe7, 0x53, 0x6c, 0x10, 0xe2, 0x19, 0x03, 0x08, 0xe1,
  0x08, 0xe1, 0x08, 0xe1, 0x08, 0xe1, 0x08, 0xe1, 0x08, 0xe1, 0x08, 0xe1, 0x08, 0xe1, 0x08, 0xe1,
  0x08, 0xe1, 0x08, 0xe1, 0x08, 0xe1, 0x08, 0xe1, 0x08, 0xe1, 0x08, 0xe1, 0x08, 0xe1, 0x08, 0xe1,
  0x08, 0xe1, 0x08, 0xe1, 0x74, 0x0d, 0x31, 0xe4, 0x32, 0x45, 0x3a, 0x65, 0x42, 0x64, 0x42, 0x64,
  0x3a, 0x64, 0x42, 0xa6, 0x52, 0xc7, 0x29, 0x82, 0x31, 0xc2, 0x29, 0xc2, 0x53, 0x08, 0x52, 0xe7,
  0x53, 0x27, 0x21, 0x62, 0x08, 0x80, 0x08, 0xe1, 0x08, 0xe1, 0x08, 0xe1, 0x08, 0xe1, 0x08, 0xe1,
  0x08, 0xe1, 0x08, 0xe1, 0x08, 0xe1, 0xae, 0x37, 0x32, 0xa8, 0x74, 0xce, 0x4b, 0x28, 0x53, 0x89,
  0x3a, 0x44, 0x3a, 0x24, 0x3a, 0x04, 0x21, 0x22, 0x31, 0xa4, 0x5b, 0x49, 0x52, 0xc6, 0x53, 0x07,
  0x63, 0x88, 0x53, 0x06, 0x42, 0x84, 0x63, 0xe9, 0x63, 0xe9, 0x6c, 0x4b, 0x5b, 0x89, 0x5b, 0x88,
  0x3a, 0x25, 0x10, 0xa0, 0x21, 0x02, 0x31, 0xa4, 0x08, 0x80, 0x31, 0xa4, 0x31, 0x84, 0x31, 0xa3,
  0x3a, 0x04, 0x42, 0x24, 0x39, 0xe3, 0x3a, 0x24, 0x31, 0xe3, 0x5b, 0x28, 0x53, 0x48, 0x53, 0x48,
  0x53, 0x48, 0x63, 0xa9, 0x4b, 0x07, 0x4b, 0x28, 0x32, 0x65, 0x32, 0x65, 0x32, 0x24, 0x42, 0x85,
  0x42, 0x46, 0x20, 0xe1, 0x31, 0xa4, 0x31, 0xa4, 0x19, 0x01, 0x3a, 0x47, 0x5b, 0x2b, 0x4a, 0xa9,
  0x42, 0x88, 0x4a, 0xa8, 0x4a, 0xa8, 0x31, 0xc4, 0x19, 0x01, 0x21, 0x42, 0x10, 0xe0, 0x32, 0x25,
  0x42, 0xa5, 0x4b, 0x28, 0x53, 0x47, 0x4b, 0x06, 0x53, 0x47, 0x6c, 0x4b, 0x6c, 0xac, 0x4b, 0x47,
  0x64, 0x0a, 0x4b, 0x07, 0x3a, 0x24, 0x52, 0xc6, 0x11, 0x02, 0x21, 0xa5, 0x52, 0xea, 0x21, 0xc5,
  0x32, 0x48, 0x53, 0x6d, 0x42, 0xea, 0x53, 0x8e, 0x53, 0x6e, 0x5b, 0xae, 0x4b, 0x2c, 0x4a, 0xeb,
  0x6b, 0xef, 0x11, 0x44, 0x31, 0xe7, 0x32, 0x48, 0x19, 0x85, 0x00, 0x40, 0x08, 0xe1, 0x08, 0xe1,
  0x08, 0xe1, 0x08, 0xe1, 0x08, 0xe1, 0x08, 0xe1, 0x08, 0xe1, 0x08, 0xe1, 0x08, 0xe1, 0x08, 0xe1,
  0x08, 0xe1, 0x08, 0xe1, 0x08, 0xe1, 0x08, 0xe1, 0x08, 0xe1, 0x08, 0xe1, 0x08, 0xe1, 0x08, 0xe1,
  0x52, 0xc9, 0x5b, 0xcc, 0x6c, 0x4d, 0x7c, 0xee, 0x74, 0x8d, 0x74, 0x6c, 0x64, 0x4c, 0x6c, 0x4c,
  0x64, 0x4c, 0x53, 0x88, 0x42, 0xa5, 0x4a, 0xa6, 0x31, 0xe3, 0x21, 0x61, 0x4a, 0xc7, 0x53, 0x08,
  0x5b, 0x48, 0x19, 0x62, 0x08, 0x80, 0x08, 0xe1, 0x08, 0xe1, 0x08, 0xe1, 0x08, 0xe1, 0x08, 0xe1,
  0x08, 0xe1, 0x08, 0xe1, 0x08, 0xe1, 0x32, 0x66, 0x74, 0xcf, 0x64, 0x4c, 0x53, 0x48, 0x5b, 0x8a,
  0x3a, 0x45, 0x39, 0xe5, 0x31, 0x83, 0x21, 0x22, 0x29, 0x83, 0x5b, 0x49, 0x52, 0xe6, 0x5b, 0x48,
  0x63, 0x69, 0x5b, 0x28, 0x4a, 0xc6, 0x63, 0xe9, 0x6c, 0x6b, 0x74, 0x4c, 0x63, 0x89, 0x63, 0x68,
  0x29, 0x62, 0x10, 0x80, 0x31, 0x83, 0x31, 0xc4, 0x21, 0x02, 0x18, 0xe1, 0x31, 0xa5, 0x31, 0xa2,
  0x29, 0x81, 0x29, 0x83, 0x31, 0xc3, 0x42, 0x44, 0x42, 0x45, 0x52, 0xe7, 0x53, 0x48, 0x53, 0x28,
  0x53, 0x69, 0x5b, 0x89, 0x42, 0x86, 0x4a, 0xe7, 0x42, 0x86, 0x42, 0x86, 0x4a, 0x86, 0x42, 0x24,
  0x29, 0x83, 0x21, 0x22, 0x39, 0xe4, 0x39, 0xe5, 0x31, 0xc4, 0x21, 0x42, 0x21, 0x63, 0x5b, 0x2a,
  0x42, 0x67, 0x42, 0x88, 0x4a, 0x67, 0x4a, 0xc8, 0x42, 0x67, 0x31, 0xe3, 0x32, 0x04, 0x32, 0x24,
  0x4a, 0xe7, 0x4a, 0xc7, 0x4a, 0xc6, 0x42, 0x65, 0x53, 0x88, 0x63, 0xea, 0x6c, 0x2b, 0x42, 0xe7,
  0x42, 0xc7, 0x53, 0x06, 0x5b, 0x49, 0x21, 0x83, 0x3a, 0x68, 0x42, 0xa8, 0x32, 0x47, 0x32, 0x47,
  0x32, 0x48, 0x53, 0x4c, 0x32, 0x69, 0x4b, 0x4c, 0x5b, 0x8d, 0x53, 0x8d, 0x3a, 0x69, 0x29, 0xa6,
  0x3a, 0x28, 0x3a, 0x69, 0x4a, 0xeb, 0x32, 0x27, 0x08, 0xc0, 0x08, 0xe1, 0x08, 0xe1, 0x08, 0xe1,
  0x08, 0xe1, 0x08, 0xe1, 0x08, 0xe1, 0x08, 0xe1, 0x08, 0xe1, 0x08, 0xe1, 0x08, 0xe1, 0x08, 0xe1,
  0x08, 0xe1, 0x08, 0xe1, 0x08, 0xe1, 0x08, 0xe1, 0x08, 0xe1, 0x08, 0xe1, 0x08, 0xe1, 0x08, 0xe1,
  0x08, 0xe1, 0x4a, 0x88, 0x19, 0x42, 0x53, 0x6a, 0x64, 0x0b, 0x74, 0x6d, 0x6c, 0x0b, 0x63, 0xca,
  0x63, 0xca, 0x74, 0x4c, 0x63, 0xca, 0x63, 0x88, 0x42, 0x86, 0x3a, 0x66, 0x29, 0xe3, 0x4a, 0xe8,
  0x5b, 0x48, 0x29, 0xe2, 0x08, 0xc0, 0x08, 0xe1, 0x29, 0xc5, 0x08, 0xe1, 0x08, 0xe1, 0x08, 0xe1,
  0x08, 0xe1, 0x08, 0xe1, 0x08, 0xe1, 0x19, 0xc4, 0x74, 0xf0, 0x53, 0xca, 0x5b, 0x89, 0x53, 0x6a,
  0x3a, 0x45, 0x39, 0xe5, 0x18, 0xc0, 0x10, 0xa0, 0x29, 0x83, 0x5b, 0x49, 0x53, 0x06, 0x5b, 0x47,
  0x5b, 0x27, 0x5b, 0x07, 0x3a, 0x44, 0x6b, 0xc9, 0x7c, 0xac, 0x6c, 0x2b, 0x63, 0xa9, 0x5b, 0x47,
  0x39, 0xe4, 0x18, 0xc1, 0x29, 0x83, 0x31, 0xa4, 0x39, 0xe6, 0x08, 0x60, 0x08, 0x60, 0x29, 0x83,
  0x31, 0xc4, 0x29, 0x62, 0x29, 0x62, 0x3a, 0x24, 0x42, 0x24, 0x4a, 0x65, 0x42, 0x85, 0x4a, 0xa6,
  0x4a, 0xe7, 0x42, 0xa6, 0x4a, 0xa7, 0x4a, 0xe7, 0x4a, 0xc7, 0x4a, 0xa6, 0x42, 0x65, 0x4a, 0x86,
  0x18, 0xe0, 0x29, 0x84, 0x39, 0xe5, 0x39, 0xe5, 0x39, 0xe5, 0x3a, 0x05, 0x29, 0xa4, 0x21, 0x63,
  0x42, 0x67, 0x4a, 0xe9, 0x52, 0xc9, 0x4a, 0xa7, 0x19, 0x22, 0x6b, 0xeb, 0x4a, 0xe7, 0x3a, 0x65,
  0x42, 0xc7, 0x42, 0xa7, 0x52, 0xe7, 0x4a, 0xc6, 0x53, 0x89, 0x5b, 0xa9, 0x5b, 0xa9, 0x4b, 0x08,
  0x53, 0x49, 0x53, 0x08, 0x29, 0xc4, 0x11, 0x22, 0x42, 0xa9, 0x42, 0x89, 0x32, 0x07, 0x29, 0xe6,
  0x42, 0xeb, 0x3a, 0xaa, 0x32, 0x69, 0x4b, 0x2c, 0x4b, 0x0b, 0x5b, 0xae, 0x32, 0x28, 0x42, 0xaa,
  0x3a, 0x48, 0x5b, 0x4c, 0x21, 0xa5, 0x00, 0xa0, 0x29, 0xc4, 0x9d, 0x33, 0x08, 0xe1, 0x08, 0xe1,
  0x08, 0xe1, 0x08, 0xe1, 0x08, 0xe1, 0x08, 0xe1, 0x08, 0xe1, 0x08, 0xe1, 0x08, 0xe1, 0x08, 0xe1,
  0x08, 0xe1, 0x08, 0xe1, 0x08, 0xe1, 0x08, 0xe1, 0x08, 0xe1, 0x08, 0xe1, 0x08, 0xe1, 0x08, 0xe1,
  0x08, 0xe1, 0x08, 0xe1, 0x08, 0xe1, 0x4a, 0xc8, 0x21, 0x42, 0x10, 0xe1, 0x19, 0x42, 0x21, 0x63,
  0x19, 0x42, 0x11, 0x01, 0x10, 0xe1, 0x3a, 0x45, 0x6b, 0xcb, 0x4a, 0xc7, 0x19, 0x40, 0x53, 0x08,
  0x63, 0x89, 0x4a, 0xe6, 0x19, 0x41, 0x08, 0xe1, 0x5b, 0x8b, 0x19, 0x42, 0x08, 0xe1, 0x08, 0xe1,
  0x08, 0xe1, 0x08, 0xe1, 0x08, 0xe1, 0x11, 0x83, 0x64, 0x6d, 0x53, 0xca, 0x5b, 0xaa, 0x53, 0x49,
  0x32, 0x24, 0x31, 0xa4, 0x10, 0xa0, 0x10, 0xa0, 0x21, 0x42, 0x5b, 0x49, 0x53, 0x07, 0x5b, 0x47,
  0x5b, 0x48, 0x3a, 0x03, 0x53, 0x07, 0x42, 0x63, 0x63, 0x88, 0x64, 0x0a, 0x63, 0xa9, 0x32, 0x02,
  0x39, 0xe5, 0x10, 0xa0, 0x31, 0x83, 0x39, 0xc4, 0x4a, 0x47, 0x10, 0x81, 0x08, 0x40, 0x10, 0xc1,
  0x3a, 0x06, 0x3a, 0x04, 0x39, 0xe4, 0x3a, 0x04, 0x42, 0x24, 0x3a, 0x04, 0x52, 0xe7, 0x5b, 0x07,
  0x53, 0x07, 0x3a, 0x64, 0x53, 0x08, 0x52, 0xe8, 0x42, 0xa6, 0x3a, 0x45, 0x42, 0x86, 0x4a, 0x86,
  0x10, 0xc0, 0x39, 0xe6, 0x3a, 0x05, 0x39, 0xe4, 0x42, 0x46, 0x42, 0x66, 0x42, 0x67, 0x3a, 0x26,
  0x10, 0xe1, 0x2a, 0x47, 0x4a, 0xc9, 0x52, 0xc8, 0x21, 0x83, 0x4a, 0xe7, 0x63, 0x8a, 0x4a, 0xc7,
  0x42, 0x86, 0x63, 0xaa, 0x5b, 0x69, 0x52, 0xe7, 0x53, 0x68, 0x53, 0x89, 0x42, 0xe6, 0x2a, 0x03,
  0x42, 0xc7, 0x5b, 0x29, 0x19, 0x42, 0x3a, 0x68, 0x3a, 0x88, 0x3a, 0x68, 0x29, 0xe6, 0x32, 0x47,
  0x42, 0xeb, 0x3a, 0xaa, 0x42, 0xca, 0x32, 0x48, 0x53, 0x6d, 0x21, 0xe7, 0x32, 0x07, 0x3a, 0x69,
  0x5b, 0x6d, 0x08, 0xe3, 0x11, 0x01, 0x52, 0xe8, 0x4a, 0xe9, 0x08, 0xa1, 0x08, 0xe1, 0x08, 0xe1,
  0x08, 0xe1, 0x08, 0xe1, 0x08, 0xe1, 0x08, 0xe1, 0x08, 0xe1, 0x08, 0xe1, 0x08, 0xe1, 0x08, 0xe1,
  0x08, 0xe1, 0x08, 0xe1, 0x08, 0xe1, 0x08, 0xe1, 0x08, 0xe1, 0x08, 0xe1, 0x08, 0xe1, 0x08, 0xe1,
  0x08, 0xe1, 0x08, 0xe1, 0x08, 0xe1, 0x08, 0xe1, 0x08, 0xe1, 0x08, 0xe1, 0x08, 0xe1, 0x08, 0xe1,
  0x08, 0xe1, 0x08, 0xe1, 0x08, 0xe1, 0x95, 0x12, 0x00, 0x80, 0x74, 0x2c, 0x32, 0x24, 0x3a, 0x25,
  0x5b, 0x48, 0x5b, 0x69, 0x19, 0x40, 0xa5, 0x72, 0x53, 0x08, 0x10, 0xe0, 0x08, 0xe1, 0x08, 0xe1,
  0x08, 0xe1, 0x08, 0xe1, 0x08, 0xe1, 0x32, 0xa7, 0x64, 0xae, 0x5b, 0xea, 0x42, 0xe7, 0x4b, 0x08,
  0x4a, 0x87, 0x18, 0xc1, 0x20, 0xe1, 0x18, 0xa0, 0x29, 0x62, 0x52, 0xe7, 0x5b, 0x28, 0x5b, 0x28,
  0x3a, 0x43, 0x53, 0x06, 0x73, 0xea, 0x53, 0x07, 0x4a, 0xa5, 0x63, 0xc9, 0x42, 0x65, 0x4a, 0x86,
  0x42, 0x25, 0x21, 0x22, 0x31, 0xa4, 0x42, 0x46, 0x21, 0x22, 0x08, 0xe1, 0x08, 0xe1, 0x00, 0x00,
  0x29, 0x43, 0x39, 0xe4, 0x39, 0xe4, 0x42, 0x45, 0x3a, 0x04, 0x42, 0x24, 0x3a, 0x04, 0x32, 0x04,
  0x52, 0xe7, 0x52, 0xe7, 0x52, 0xe7, 0x42, 0x65, 0x42, 0x65, 0x4a, 0xa6, 0x4a, 0x87, 0x08, 0x60,
  0x39, 0xc5, 0x39, 0xe5, 0x42, 0x46, 0x42, 0x46, 0x42, 0x47, 0x42, 0x47, 0x42, 0x68, 0x08, 0x60,
  0x08, 0xe1, 0x08, 0xe1, 0x53, 0x4a, 0x32, 0x26, 0x53, 0x29, 0x4a, 0xe7, 0x3a, 0x45, 0x42, 0x66,
  0x5b, 0x49, 0x42, 0xc7, 0x5b, 0x89, 0x4b, 0x28, 0x4b, 0x28, 0x5b, 0x89, 0x53, 0x48, 0x53, 0x49,
  0x21, 0x42, 0x00, 0xa1, 0x3a, 0x27, 0x42, 0x88, 0x42, 0xa9, 0x3a, 0x89, 0x29, 0xc6, 0x3a, 0x28,
  0x3a, 0x69, 0x32, 0x48, 0x3a, 0x69, 0x42, 0x8a, 0x2a, 0x07, 0x42, 0x69, 0x42, 0xaa, 0x3a, 0x28,
  0x00, 0x40, 0x42, 0x67, 0x42, 0x66, 0x42, 0xa7, 0x74, 0x2d, 0x19, 0x22, 0x08, 0xe1, 0x08, 0xe1,
  0x08, 0xe1, 0x08, 0xe1, 0x08, 0xe1, 0x08, 0xe1, 0x08, 0xe1, 0x08, 0xe1, 0x08, 0xe1, 0x08, 0xe1,
  0x08, 0xe1, 0x08, 0xe1, 0x08, 0xe1, 0x08, 0xe1, 0x08, 0xe1, 0x08, 0xe1, 0x08, 0xe1, 0x08, 0xe1,
  0x08, 0xe1, 0x08, 0xe1, 0x08, 0xe1, 0x08, 0xe1, 0x08, 0xe1, 0x08, 0xe1, 0x08, 0xe1, 0x08, 0xe1,
  0x08, 0xe1, 0x08, 0xe1, 0x08, 0xe1, 0x08, 0xe1, 0x08, 0xe1, 0x42, 0x68, 0x84, 0x6e, 0x21, 0x40,
  0x53, 0x28, 0x63, 0xaa, 0x19, 0x41, 0x32, 0x46, 0x3a, 0x65, 0x00, 0xa0, 0x08, 0xe1, 0x08, 0xe1,
  0x08, 0xe1, 0x08, 0xe1, 0x08, 0xe1, 0x5b, 0xec, 0x5c, 0x6d, 0x5b, 0xea, 0x4b, 0x28, 0x42, 0xe7,
  0x29, 0x83, 0x20, 0xe2, 0x29, 0x63, 0x18, 0xc1, 0x29, 0x42, 0x4a, 0xa6, 0x5b, 0x28, 0x5b, 0x28,
  0x32, 0x44, 0x84, 0xad, 0x63, 0xea, 0x6b, 0xea, 0x53, 0x27, 0x5b, 0x67, 0x32, 0x03, 0x42, 0x66,
  0x3a, 0x24, 0x29, 0x42, 0x31, 0xa3, 0x52, 0x87, 0x18, 0xe1, 0x08, 0xe1, 0x08, 0xe1, 0x08, 0xe1,
  0x10, 0x80, 0x31, 0x82, 0x42, 0x04, 0x42, 0x45, 0x4a, 0x65, 0x3a, 0x24, 0x4a, 0xc7, 0x52, 0xe7,
  0x4a, 0xc7, 0x52, 0xc7, 0x42, 0x65, 0x4a, 0x86, 0x52, 0xc7, 0x52, 0xc7, 0x08, 0x80, 0x42, 0x06,
  0x39, 0xc5, 0x39, 0xe5, 0x3a, 0x05, 0x42, 0x26, 0x42, 0x47, 0x21, 0x22, 0x10, 0xa2, 0x08, 0xe1,
  0x08, 0xe1, 0x08, 0xe1, 0x29, 0xe5, 0x74, 0x6e, 0x43, 0x09, 0x29, 0xe3, 0x4a, 0xe7, 0x42, 0x86,
  0x53, 0x49, 0x63, 0xaa, 0x4b, 0x48, 0x53, 0x89, 0x5b, 0x8a, 0x53, 0x69, 0x5b, 0xaa, 0x53, 0x28,
  0x08, 0xa0, 0x21, 0x64, 0x4a, 0xa9, 0x42, 0x88, 0x4a, 0xea, 0x3a, 0x89, 0x32, 0x07, 0x32, 0x07,
  0x3a, 0x69, 0x42, 0xaa, 0x3a, 0x49, 0x4a, 0xeb, 0x4a, 0xeb, 0x4a, 0xca, 0x42, 0x69, 0x10, 0xe2,
  0x3a, 0x26, 0x42, 0x65, 0x42, 0x25, 0x42, 0x86, 0x6b, 0xec, 0x32, 0x05, 0x94, 0xd1, 0x08, 0xe1,
  0x08, 0xe1, 0x08, 0xe1, 0x08, 0xe1, 0x08, 0xe1, 0x08, 0xe1, 0x08, 0xe1, 0x08, 0xe1, 0x08, 0xe1,
  0x08, 0xe1, 0x08, 0xe1, 0x08, 0xe1, 0x08, 0xe1, 0x08, 0xe1, 0x08, 0xe1, 0x08, 0xe1, 0x08, 0xe1,
  0x08, 0xe1, 0x08, 0xe1, 0x08, 0xe1, 0x08, 0xe1, 0x08, 0xe1, 0x08, 0xe1, 0x08, 0xe1, 0x08, 0xe1,
  0x08, 0xe1, 0x08, 0xe1, 0x08, 0xe1, 0x08, 0xe1, 0x08, 0xe1, 0x08, 0xe1, 0x29, 0x84, 0x19, 0x41,
  0x5b, 0x48, 0x6b, 0xaa, 0x21, 0x82, 0x32, 0x66, 0x19, 0x60, 0x11, 0x01, 0x08, 0xe1, 0x08, 0xe1,
  0x08, 0xe1, 0x08, 0xe1, 0x08, 0xe1, 0x6c, 0xcf, 0x64, 0x2c, 0x43, 0x69, 0x43, 0x09, 0x53, 0x29,
  0x29, 0x82, 0x31, 0x82, 0x29, 0x42, 0x18, 0xc2, 0x20, 0xe1, 0x4a, 0x66, 0x63, 0x29, 0x42, 0x45,
  0x63, 0xc9, 0x84, 0xad, 0x6b, 0xe9, 0x74, 0x2b, 0x53, 0x27, 0x42, 0x85, 0x3a, 0x44, 0x42, 0xa6,
  0x32, 0x04, 0x29, 0x42, 0x31, 0x84, 0x4a, 0x47, 0x18, 0xa1, 0x31, 0x84, 0x08, 0xe1, 0x08, 0x80,
  0x29, 0x63, 0x29, 0x63, 0x31, 0xa4, 0x42, 0x24, 0x4a, 0x86, 0x42, 0x65, 0x4a, 0xa6, 0x4a, 0xc7,
  0x42, 0x86, 0x4a, 0xc7, 0x52, 0xe7, 0x5b, 0x07, 0x4a, 0xc6, 0x18, 0xe0, 0x4a, 0x66, 0x3a, 0x05,
  0x3a, 0x05, 0x42, 0x26, 0x3a, 0x25, 0x3a, 0x05, 0x19, 0x43, 0x08, 0xe1, 0x08, 0xe1, 0x08, 0xe1,
  0x08, 0xe1, 0x08, 0xe1, 0x08, 0xe1, 0x4a, 0xe9, 0x7c, 0xcf, 0x4b, 0x08, 0x5b, 0x8a, 0x32, 0x25,
  0x29, 0xe3, 0x5b, 0x49, 0x53, 0x48, 0x64, 0x2b, 0x53, 0xa9, 0x53, 0xa9, 0x5b, 0xca, 0x6c, 0x2d,
  0x00, 0xa0, 0x3a, 0x47, 0x42, 0x88, 0x4a, 0xc9, 0x42, 0xca, 0x3a, 0x89, 0x3a, 0x69, 0x3a, 0x69,
  0x4a, 0xca, 0x4a, 0xa9, 0x4a, 0xea, 0x4b, 0x2c, 0x63, 0xce, 0x29, 0xe5, 0x00, 0xa0, 0x31, 0xc4,
  0x42, 0x46, 0x42, 0x46, 0x42, 0x25, 0x3a, 0x45, 0x6c, 0x4c, 0x8c, 0xf0, 0x10, 0xe1, 0x08, 0xe1,
  0x08, 0xe1, 0x08, 0xe1, 0x08, 0xe1, 0x08, 0xe1, 0x08, 0xe1, 0x08, 0xe1, 0x08, 0xe1, 0x08, 0xe1,
  0x08, 0xe1, 0x08, 0xe1, 0x08, 0xe1, 0x08, 0xe1, 0x08, 0xe1, 0x08, 0xe1, 0x08, 0xe1, 0x08, 0xe1,
  0x08, 0xe1, 0x08, 0xe1, 0x08, 0xe1, 0x08, 0xe1, 0x08, 0xe1, 0x08, 0xe1, 0x08, 0xe1, 0x08, 0xe1,
  0x08, 0xe1, 0x08, 0xe1, 0x08, 0xe1, 0x08, 0xe1, 0x08, 0xe1, 0x08, 0xe1, 0x3a, 0x48, 0x08, 0xe1,
  0x53, 0x28, 0x63, 0xca, 0x32, 0x04, 0x42, 0xa7, 0x19, 0x41, 0x10, 0xe1, 0x08, 0xe1, 0x08, 0xe1,
  0x08, 0xe1, 0x08, 0xe1, 0x73, 0xac, 0x7d, 0x72, 0x5b, 0xca, 0x64, 0x0b, 0x3a, 0x67, 0x11, 0x02,
  0x10, 0xa1, 0x39, 0xe4, 0x29, 0x42, 0x10, 0xc1, 0x10, 0x80, 0x39, 0xe3, 0x42, 0x24, 0x31, 0xc2,
  0x74, 0x2a, 0x7c, 0x8c, 0x63, 0xc9, 0x6b, 0xea, 0x6b, 0xca, 0x42, 0xa6, 0x3a, 0x44, 0x53, 0x07,
  0x42, 0x86, 0x29, 0x63, 0x31, 0x83, 0x29, 0x63, 0x10, 0x80, 0x08, 0xe1, 0x08, 0x20, 0x21, 0x03,
  0x21, 0x21, 0x31, 0xa4, 0x31, 0xc4, 0x4a, 0x65, 0x4a, 0x65, 0x42, 0x45, 0x3a, 0x45, 0x4a, 0xc7,
  0x53, 0x08, 0x52, 0xc7, 0x3a, 0x05, 0x10, 0xe1, 0x19, 0x42, 0x3a, 0x25, 0x39, 0xe5, 0x39, 0xe5,
  0x31, 0xe4, 0x3a, 0x05, 0x3a, 0x25, 0x42, 0x46, 0x4a, 0xc9, 0x08, 0xe1, 0x08, 0xe1, 0x08, 0xe1,
  0x08, 0xe1, 0x08, 0xe1, 0x08, 0xe1, 0x08, 0xe1, 0x32, 0x05, 0x53, 0x49, 0x3a, 0x86, 0x42, 0xa6,
  0x3a, 0x45, 0x42, 0x86, 0x4b, 0x27, 0x53, 0xa9, 0x5b, 0xa9, 0x64, 0x2b, 0x5b, 0xea, 0x5c, 0x2b,
  0x7c, 0xcf, 0x08, 0xe2, 0x4a, 0xa9, 0x4a, 0xa9, 0x4a, 0xea, 0x4b, 0x0b, 0x4a, 0xca, 0x53, 0x0b,
  0x53, 0x2b, 0x3a, 0x68, 0x11, 0x03, 0x11, 0x01, 0x21, 0x63, 0x3a, 0x06, 0x3a, 0x26, 0x42, 0x26,
  0x42, 0x46, 0x42, 0x46, 0x42, 0x45, 0x3a, 0x45, 0x5b, 0xaa, 0x84, 0x8f, 0x19, 0x22, 0x08, 0xe1,
  0x08, 0xe1, 0x08, 0xe1, 0x08, 0xe1, 0x08, 0xe1, 0x08, 0xe1, 0x08, 0xe1, 0x08, 0xe1, 0x08, 0xe1,
  0x08, 0xe1, 0x08, 0xe1, 0x08, 0xe1, 0x08, 0xe1, 0x08, 0xe1, 0x08, 0xe1, 0x08, 0xe1, 0x08, 0xe1,
  0x08, 0xe1, 0x08, 0xe1, 0x08, 0xe1, 0x08, 0xe1, 0x08, 0xe1, 0x08, 0xe1, 0x08, 0xe1, 0x08, 0xe1,
  0x08, 0xe1, 0x08, 0xe1, 0x08, 0xe1, 0x08, 0xe1, 0x08, 0xe1, 0x08, 0xe1, 0x08, 0xe1, 0x11, 0x42,
  0x5b, 0x48, 0x74, 0x2c, 0x3a, 0x45, 0x3a, 0x66, 0x19, 0x41, 0x08, 0xa0, 0x08, 0xe1, 0x08, 0xe1,
  0x08, 0xe1, 0x08, 0xe1, 0x22, 0x67, 0x7c, 0xcf, 0x6c, 0x4b, 0x63, 0xab, 0x08, 0xa1, 0x08, 0xe1,
  0x10, 0x80, 0x39, 0xe5, 0x18, 0xe1, 0x21, 0x01, 0x08, 0x60, 0x29, 0x63, 0x31, 0xa3, 0x31, 0x82,
  0x73, 0xea, 0x84, 0xad, 0x63, 0xea, 0x6b, 0xea, 0x84, 0xac, 0x4b, 0x07, 0x3a, 0x44, 0x5b, 0x89,
  0x4a, 0xe7, 0x19, 0x21, 0x29, 0x62, 0x18, 0xe1, 0x08, 0x40, 0x18, 0xc1, 0x18, 0xc1, 0x18, 0xc0,
  0x31, 0xa3, 0x3a, 0x04, 0x3a, 0x04, 0x3a, 0x24, 0x42, 0x45, 0x31, 0xe4, 0x4a, 0x65, 0x52, 0xc7,
  0x31, 0xc4, 0x31, 0xe4, 0x10, 0xe0, 0x31, 0xe4, 0x42, 0x46, 0x39, 0xe4, 0x39, 0xe5, 0x39, 0xc4,
  0x31, 0xc4, 0x42, 0x26, 0x3a, 0x05, 0x3a, 0x05, 0x4a, 0xc9, 0x08, 0xe1, 0x08, 0xe1, 0x08, 0xe1,
  0x08, 0xe1, 0x08, 0xe1, 0x08, 0xe1, 0x08, 0xe1, 0x10, 0xc2, 0x74, 0x0d, 0x5b, 0x49, 0x32, 0x01,
  0x3a, 0x24, 0x42, 0x65, 0x42, 0x85, 0x5b, 0x69, 0x53, 0x07, 0x7c, 0x6c, 0x64, 0x2b, 0x6b, 0xc9,
  0x74, 0x8c, 0x21, 0x82, 0x4b, 0x09, 0x21, 0xe5, 0x21, 0x84, 0x19, 0x22, 0x11, 0x03, 0x10, 0xe3,
  0x10, 0xa2, 0x08, 0x20, 0x08, 0xe1, 0x08, 0x80, 0x39, 0xe6, 0x42, 0x66, 0x3a, 0x25, 0x42, 0x26,
  0x42, 0x46, 0x42, 0x46, 0x42, 0x46, 0x31, 0xe4, 0x4a, 0xc7, 0x74, 0x4d, 0x19, 0xc3, 0x08, 0xe1,
  0x08, 0xe1, 0x08, 0xe1, 0x08, 0xe1, 0x08, 0xe1, 0x08, 0xe1, 0x08, 0xe1, 0x08, 0xe1, 0x08, 0xe1,
  0x08, 0xe1, 0x08, 0xe1, 0x08, 0xe1, 0x08, 0xe1, 0x08, 0xe1, 0x08, 0xe1, 0x08, 0xe1, 0x08, 0xe1,
  0x08, 0xe1, 0x08, 0xe1, 0x08, 0xe1, 0x08, 0xe1, 0x08, 0xe1, 0x08, 0xe1, 0x08, 0xe1, 0x08, 0xe1,
  0x08, 0xe1, 0x08, 0xe1, 0x08, 0xe1, 0x08, 0xe1, 0x08, 0xe1, 0x08, 0xe1, 0x08, 0xe1, 0x21, 0x44,
  0x63, 0xca, 0x6c, 0x4b, 0x4b, 0x08, 0x3a, 0x66, 0x19, 0x42, 0x08, 0xa0, 0x08, 0xe1, 0x08, 0xe1,
  0x08, 0xe1, 0x08, 0xe1, 0x29, 0xe5, 0x64, 0x0d, 0x21, 0xa3, 0x00, 0x20, 0x08, 0xe1, 0x08, 0xe1,
  0x21, 0x22, 0x39, 0xe5, 0x18, 0xc0, 0x21, 0x01, 0x10, 0x80, 0x39, 0xc4, 0x29, 0x82, 0x39, 0xe4,
  0x32, 0x02, 0x84, 0xad, 0x6c, 0x0b, 0x6c, 0x0a, 0x84, 0xac, 0x4b, 0x07, 0x3a, 0x44, 0x5b, 0x89,
  0x53, 0x08, 0x19, 0x41, 0x39, 0xe4, 0x21, 0x02, 0x42, 0x06, 0x10, 0x80, 0x10, 0xc1, 0x31, 0xa4,
  0x39, 0xe4, 0x31, 0xc3, 0x4a, 0x65, 0x52, 0xe7, 0x52, 0xc7, 0x52, 0xc7, 0x31, 0xc3, 0x31, 0xe3,
  0x3a, 0x05, 0x08, 0x80, 0x63, 0x4a, 0x6b, 0xcb, 0x7c, 0x2d, 0x3a, 0x05, 0x31, 0xe4, 0x31, 0xc4,
  0x39, 0xc4, 0x42, 0x25, 0x42, 0x46, 0x42, 0x26, 0x42, 0x67, 0x42, 0x87, 0x21, 0x43, 0x08, 0xe1,
  0x08, 0xe1, 0x08, 0xe1, 0x08, 0xe1, 0x08, 0xe1, 0x08, 0xe1, 0x08, 0xe0, 0x6b, 0xec, 0x5b, 0x27,
  0x42, 0x65, 0x31, 0xe3, 0x3a, 0x65, 0x4a, 0xe7, 0x63, 0xa9, 0x53, 0x68, 0x5b, 0xca, 0x5b, 0xa9,
  0x64, 0x0b, 0x74, 0x4d, 0x29, 0xe5, 0x08, 0xe1, 0x08, 0xe1, 0x08, 0xe1, 0x08, 0xe1, 0x08, 0xe1,
  0x08, 0xe1, 0x08, 0xe1, 0x08, 0xe1, 0x08, 0xe1, 0x10, 0xe2, 0x39, 0xe5, 0x42, 0x46, 0x42, 0x26,
  0x3a, 0x25, 0x42, 0x46, 0x42, 0x46, 0x32, 0x04, 0x42, 0xa6, 0x5b, 0xaa, 0x7c, 0xef, 0x08, 0xe2,
  0x08, 0xe1, 0x08, 0xe1, 0x08, 0xe1, 0x08, 0xe1, 0x08, 0xe1, 0x08, 0xe1, 0x08, 0xe1, 0x08, 0xe1,
  0x08, 0xe1, 0x08, 0xe1, 0x08, 0xe1, 0x08, 0xe1, 0x08, 0xe1, 0x08, 0xe1, 0x08, 0xe1, 0x08, 0xe1,
  0x08, 0xe1, 0x08, 0xe1, 0x08, 0xe1, 0x08, 0xe1, 0x08, 0xe1, 0x08, 0xe1, 0x08, 0xe1, 0x08, 0xe1,
  0x08, 0xe1, 0x08, 0xe1, 0x08, 0xe1, 0x08, 0xe1, 0x08, 0xe1, 0x21, 0x64, 0x08, 0xe1, 0x11, 0x02,
  0x63, 0xa9, 0x6c, 0x6c, 0x4a, 0xe8, 0x3a, 0x86, 0x09, 0x01, 0x00, 0x40, 0x08, 0xe1, 0x08, 0xe1,
  0x08, 0xe1, 0x08, 0xe1, 0x21, 0xa3, 0x00, 0x40, 0x08, 0xe1, 0x08, 0xe1, 0x08, 0xe1, 0x84, 0x71,
  0x4a, 0xa8, 0x39, 0xe5, 0x10, 0xc0, 0x21, 0x01, 0x29, 0x63, 0x31, 0x84, 0x42, 0x25, 0x5a, 0xc8,
  0x32, 0x01, 0x74, 0x4b, 0x6c, 0x4b, 0x74, 0x4b, 0x84, 0xad, 0x4b, 0x07, 0x3a, 0x44, 0x5b, 0x89,
  0x5b, 0x48, 0x21, 0x62, 0x42, 0x25, 0x29, 0x43, 0x10, 0xa1, 0x29, 0x64, 0x31, 0x84, 0x39, 0xe4,
  0x31, 0x83, 0x42, 0x24, 0x4a, 0x86, 0x4a, 0xc7, 0x3a, 0x45, 0x4a, 0x86, 0x52, 0xc7, 0x4a, 0x86,
  0x10, 0xc0, 0x4a, 0x87, 0x7c, 0x0d, 0x5b, 0x29, 0x6b, 0xab, 0x42, 0x25, 0x42, 0x25, 0x39, 0xe4,
  0x42, 0x26, 0x42, 0x46, 0x4a, 0x67, 0x4a, 0xa7, 0x42, 0x65, 0x42, 0x45, 0x4a, 0xc8, 0x5b, 0x6a,
  0x4b, 0x09, 0x5b, 0x6c, 0x21, 0x63, 0x7b, 0xed, 0x08, 0xe1, 0x95, 0x13, 0x21, 0x83, 0x63, 0x8a,
  0x53, 0x49, 0x4b, 0x08, 0x4a, 0xa6, 0x42, 0xc6, 0x63, 0xc9, 0x4b, 0x27, 0x6c, 0x6c, 0x64, 0x0b,
  0x5c, 0x2b, 0x7d, 0x51, 0x11, 0x21, 0x08, 0xe1, 0x08, 0xe1, 0x08, 0xe1, 0x08, 0xe1, 0x08, 0xe1,
  0x08, 0xe1, 0x08, 0xe1, 0x08, 0xe1, 0x08, 0xe1, 0x08, 0xe1, 0x08, 0x80, 0x21, 0x23, 0x42, 0x26,
  0x39, 0xe5, 0x42, 0x46, 0x42, 0x45, 0x3a, 0x25, 0x42, 0x65, 0x53, 0x69, 0x6c, 0x4d, 0x5b, 0xab,
  0x08, 0xc1, 0x08, 0xe1, 0x08, 0xe1, 0x08, 0xe1, 0x08, 0xe1, 0x08, 0xe1, 0x08, 0xe1, 0x08, 0xe1,
  0x08, 0xe1, 0x08, 0xe1, 0x08, 0xe1, 0x08, 0xe1, 0x08, 0xe1, 0x08, 0xe1, 0x08, 0xe1, 0x08, 0xe1,
  0x08, 0xe1, 0x08, 0xe1, 0x08, 0xe1, 0x08, 0xe1, 0x08, 0xe1, 0x08, 0xe1, 0x08, 0xe1, 0x08, 0xe1,
  0x08, 0xe1, 0x08, 0xe1, 0x08, 0xe1, 0x08, 0xe1, 0x08, 0xe1, 0x32, 0x66, 0x19, 0x82, 0x11, 0x62,
  0x63, 0xca, 0x6c, 0x6c, 0x3a, 0x65, 0x4b, 0x08, 0x19, 0x62, 0x3a, 0x47, 0x08, 0xe1, 0x08, 0xe1,
  0x08, 0xe1, 0x08, 0xe1, 0x10, 0xe3, 0x08, 0xe1, 0x08, 0xe1, 0x08, 0xe1, 0x08, 0xe1, 0x3a, 0x05,
  0x5b, 0x8a, 0x3a, 0x26, 0x21, 0x01, 0x21, 0x00, 0x39, 0xc4, 0x21, 0x02, 0x4a, 0x65, 0x5a, 0xc7,
  0x42, 0x24, 0x4a, 0x86, 0x7c, 0x6c, 0x74, 0x2a, 0x84, 0x8c, 0x53, 0x27, 0x42, 0xc5, 0x5b, 0x68,
  0x53, 0x27, 0x32, 0x22, 0x3a, 0x25, 0x29, 0xa3, 0x19, 0x02, 0x21, 0x43, 0x31, 0xc5, 0x31, 0xa3,
  0x31, 0xa4, 0x31, 0xc4, 0x52, 0xc7, 0x4a, 0xa6, 0x52, 0xc7, 0x4a, 0xc7, 0x4a, 0xa6, 0x4a, 0xa6,
  0x21, 0x22, 0x63, 0x6a, 0x2a, 0x04, 0x4b, 0x08, 0x2a, 0x04, 0x29, 0xa3, 0x42, 0x26, 0x42, 0x46,
  0x42, 0x45, 0x4a, 0x66, 0x52, 0xc8, 0x42, 0x66, 0x42, 0x66, 0x52, 0xe8, 0x52, 0xa7, 0x4b, 0x08,
  0x5b, 0x6a, 0x63, 0xcb, 0x4b, 0x09, 0x3a, 0xa7, 0x42, 0x67, 0x08, 0xe1, 0x08, 0xe1, 0x10, 0xe2,
  0x53, 0x2a, 0x4a, 0xe7, 0x32, 0x45, 0x32, 0x45, 0x53, 0x48, 0x5b, 0x89, 0x53, 0x49, 0x5b, 0xea,
  0x5c, 0x0a, 0x75, 0x2f, 0x7c, 0xcf, 0x19, 0x42, 0x08, 0xe1, 0x08, 0xe1, 0x08, 0xe1, 0x08, 0xe1,
  0x08, 0xe1, 0x08, 0xe1, 0x08, 0xe1, 0x08, 0xe1, 0x08, 0xe1, 0x08, 0xe1, 0x00, 0x40, 0x39, 0xe5,
  0x42, 0x67, 0x3a, 0x05, 0x4a, 0x86, 0x4a, 0x66, 0x52, 0xc8, 0x42, 0x86, 0x63, 0xab, 0x6c, 0x8e,
  0x32, 0x87, 0x3a, 0x47, 0x08, 0xe1, 0x08, 0xe1, 0x08, 0xe1, 0x08, 0xe1, 0x08, 0xe1, 0x08, 0xe1,
  0x08, 0xe1, 0x08, 0xe1, 0x08, 0xe1, 0x08, 0xe1, 0x08, 0xe1, 0x08, 0xe1, 0x08, 0xe1, 0x08, 0xe1,
  0x08, 0xe1, 0x08, 0xe1, 0x08, 0xe1, 0x08, 0xe1, 0x08, 0xe1, 0x08, 0xe1, 0x08, 0xe1, 0x08, 0xe1,
  0x08, 0xe1, 0x08, 0xe1, 0x08, 0xe1, 0x08, 0xe1, 0x08, 0xe1, 0x11, 0x21, 0x33, 0x09, 0x11, 0x00,
  0x63, 0xea, 0x74, 0x4c, 0x21, 0xa2, 0x53, 0x29, 0x09, 0x01, 0x08, 0xe1, 0x08, 0xe1, 0x08, 0xe1,
  0x08, 0xe1, 0x08, 0xe1, 0x08, 0xe1, 0x08, 0xe1, 0x08, 0xe1, 0x08, 0xe1, 0x08, 0xe1, 0x11, 0x22,
  0x53, 0x69, 0x4a, 0x87, 0x21, 0x21, 0x29, 0x41, 0x29, 0x63, 0x08, 0x80, 0x4a, 0x65, 0x52, 0xa6,
  0x42, 0x25, 0x31, 0xc2, 0x53, 0x26, 0x7c, 0x4b, 0x7c, 0x4b, 0x5b, 0x68, 0x53, 0x47, 0x5b, 0x68,
  0x42, 0xc5, 0x4b, 0x06, 0x31, 0xe4, 0x32, 0x04, 0x21, 0x43, 0x00, 0x40, 0x10, 0xe1, 0x3a, 0x05,
  0x3a, 0x05, 0x31, 0xc4, 0x3a, 0x04, 0x4a, 0xc7, 0x4a, 0xa6, 0x42, 0x85, 0x4a, 0xc7, 0x4a, 0x86,
  0x42, 0x46, 0x21, 0xa3, 0x32, 0x66, 0x5b, 0xcb, 0x74, 0x6e, 0x00, 0xc0, 0x4a, 0xc8, 0x42, 0x45,
  0x4a, 0x66, 0x52, 0xc7, 0x4a, 0xc8, 0x53, 0x08, 0x52, 0xe8, 0x42, 0x66, 0x3a, 0x25, 0x32, 0x45,
  0x2a, 0x25, 0x63, 0xec, 0x6c, 0x0d, 0x64, 0x2d, 0x2a, 0x06, 0x3a, 0x27, 0x31, 0xc5, 0x08, 0xe1,
  0x09, 0x01, 0x42, 0xc7, 0x19, 0x82, 0x19, 0x82, 0x42, 0xa6, 0x53, 0x07, 0x5b, 0x89, 0x6c, 0x0b,
  0x64, 0x0b, 0x5c, 0x0a, 0x85, 0x51, 0x22, 0x46, 0x08, 0xe1, 0x08, 0xe1, 0x08, 0xe1, 0x08, 0xe1,
  0x08, 0xe1, 0x08, 0xe1, 0x08, 0xe1, 0x08, 0xe1, 0x08, 0xe1, 0x08, 0xe1, 0x08, 0xe1, 0x10, 0xa0,
  0x31, 0xc4, 0x3a, 0x06, 0x4a, 0x66, 0x4a, 0x86, 0x31, 0xe4, 0x63, 0xab, 0x32, 0x66, 0x64, 0x2d,
  0x6c, 0xad, 0x00, 0xe0, 0x00, 0x60, 0x08, 0xe1, 0x08, 0xe1, 0x08, 0xe1, 0x08, 0xe1, 0x08, 0xe1,
  0x08, 0xe1, 0x08, 0xe1, 0x08, 0xe1, 0x08, 0xe1, 0x08, 0xe1, 0x08, 0xe1, 0x08, 0xe1, 0x08, 0xe1,
  0x08, 0xe1, 0x08, 0xe1, 0x08, 0xe1, 0x08, 0xe1, 0x08, 0xe1, 0x08, 0xe1, 0x08, 0xe1, 0x08, 0xe1,
  0x08, 0xe1, 0x08, 0xe1, 0x08, 0xe1, 0x08, 0xe1, 0x08, 0xe1, 0x5b, 0x6a, 0x43, 0xab, 0x29, 0xc3,
  0x6c, 0x2b, 0x7c, 0xad, 0x21, 0xa2, 0x4a, 0xe8, 0x08, 0xe1, 0x08, 0xe1, 0x08, 0xe1, 0x08, 0xe1,
  0x08, 0xe1, 0x08, 0xe1, 0x08, 0xe1, 0x08, 0xe1, 0x08, 0xe1, 0x08, 0xe1, 0x08, 0xe1, 0x09, 0x01,
  0x4b, 0x69, 0x5b, 0x6a, 0x19, 0x20, 0x39, 0xa3, 0x21, 0x01, 0x10, 0x80, 0x42, 0x04, 0x4a, 0x86,
  0x3a, 0x85, 0x63, 0xca, 0x53, 0x07, 0x52, 0xc6, 0x6b, 0xca, 0x5b, 0x67, 0x6c, 0x0a, 0x64, 0x2a,
  0x5b, 0x88, 0x63, 0xc9, 0x2a, 0x43, 0x52, 0xe8, 0x32, 0x05, 0x8c, 0xb0, 0x00, 0x40, 0x10, 0xa0,
  0x42, 0x26, 0x39, 0xe5, 0x29, 0xa3, 0x29, 0x83, 0x31, 0xc4, 0x21, 0x63, 0x31, 0xc3, 0x42, 0x66,
  0x39, 0xe3, 0x32, 0x45, 0x64, 0xcd, 0x5c, 0x2b, 0x19, 0x83, 0x4b, 0x4a, 0x21, 0x83, 0x42, 0x46,
  0x42, 0x87, 0x29, 0xa3, 0x19, 0x21, 0x52, 0xe8, 0x63, 0x28, 0x53, 0x09, 0x5b, 0x2a, 0x4b, 0x49,
  0x53, 0xaa, 0x5b, 0x69, 0x09, 0x44, 0x53, 0x8d, 0x5b, 0x4c, 0x08, 0xe1, 0xa5, 0x75, 0x10, 0xc3,
  0x31, 0xa4, 0x32, 0x05, 0x3a, 0xa7, 0x3a, 0xc7, 0x31, 0xc3, 0x32, 0x04, 0x4a, 0xc7, 0x53, 0x49,
  0x6c, 0x0c, 0x6c, 0x0b, 0x6c, 0x6d, 0x6c, 0xce, 0x19, 0x43, 0x08, 0xe1, 0x08, 0xe1, 0x08, 0xe1,
  0x08, 0xe1, 0x08, 0xe1, 0x08, 0xe1, 0x08, 0xe1, 0x08, 0xe1, 0x08, 0xe1, 0x08, 0xe1, 0x08, 0xe1,
  0x21, 0x64, 0x18, 0xe1, 0x29, 0xc4, 0x42, 0x67, 0x4a, 0x87, 0x32, 0x05, 0x73, 0xed, 0x63, 0xeb,
  0x2a, 0x44, 0x6c, 0xcf, 0x6d, 0x10, 0x3b, 0x29, 0x09, 0xc4, 0x1a, 0x66, 0x00, 0x80, 0x01, 0x43,
  0x01, 0x02, 0x11, 0x03, 0x08, 0xe1, 0x08, 0xe1, 0x08, 0xe1, 0x08, 0xe1, 0x08, 0xe1, 0x08, 0xe1,
  0x08, 0xe1, 0x08, 0xe1, 0x08, 0xe1, 0x08, 0xe1, 0x08, 0xe1, 0x08, 0xe1, 0x08, 0xe1, 0x08, 0xe1,
  0x08, 0xe1, 0x08, 0xe1, 0x08, 0xe1, 0x08, 0xe1, 0x08, 0xe1, 0x08, 0xe1, 0x53, 0xab, 0x22, 0x44,
  0x74, 0xad, 0x64, 0x4b, 0x32, 0x45, 0x32, 0x05, 0x08, 0x61, 0x08, 0xe1, 0x08, 0xe1, 0x08, 0xe1,
  0x08, 0xe1, 0x08, 0xe1, 0x08, 0xe1, 0x08, 0xe1, 0x08, 0xe1, 0x08, 0xe1, 0x08, 0xe1, 0x11, 0x21,
  0x53, 0xaa, 0x5b, 0x29, 0x21, 0x41, 0x39, 0xe4, 0x20, 0xe1, 0x10, 0x80, 0x39, 0xe3, 0x4a, 0x66,
  0x52, 0xc6, 0x42, 0xc6, 0x42, 0xe7, 0x42, 0x65, 0x31, 0xe2, 0x53, 0x47, 0x6c, 0x4b, 0x6c, 0x4b,
  0x6c, 0x4b, 0x6c, 0x4b, 0x4b, 0x47, 0x42, 0xa6, 0x3a, 0x45, 0x21, 0x43, 0x08, 0xe1, 0x00, 0x20,
  0x18, 0xc1, 0x3a, 0x05, 0x3a, 0x05, 0x29, 0x83, 0x21, 0x63, 0x21, 0x42, 0x29, 0x82, 0x31, 0xe4,
  0x4a, 0xc7, 0x21, 0x82, 0x4b, 0x8a, 0x5c, 0x2c, 0x4b, 0xa9, 0x7d, 0x0f, 0x6c, 0x4c, 0x19, 0x42,
  0x3a, 0x05, 0x52, 0xe9, 0x42, 0x67, 0x19, 0x21, 0x2a, 0x06, 0x11, 0xa6, 0x22, 0x07, 0x11, 0x42,
  0x5b, 0x6b, 0x53, 0x6b, 0x85, 0x96, 0x09, 0x23, 0x2a, 0x07, 0x08, 0xe1, 0x08, 0xe1, 0x08, 0xe1,
  0x29, 0x64, 0x11, 0x02, 0x3a, 0x45, 0x32, 0x45, 0x2a, 0x04, 0x3a, 0x65, 0x2a, 0x04, 0x3a, 0x86,
  0x53, 0x28, 0x63, 0xca, 0x53, 0xa9, 0x64, 0x6d, 0x4b, 0x09, 0x19, 0x22, 0x08, 0xe1, 0x08, 0xe1,
  0x08, 0xe1, 0x08, 0xe1, 0x08, 0xe1, 0x08, 0xe1, 0x08, 0xe1, 0x08, 0xe1, 0x08, 0xe1, 0x08, 0xe1,
  0x08, 0xe1, 0x10, 0xc0, 0x21, 0x83, 0x4a, 0x87, 0x4a, 0xa7, 0x3a, 0x05, 0x21, 0x63, 0x63, 0xcb,
  0x6b, 0xec, 0x3a, 0xc7, 0x6c, 0xef, 0x75, 0x51, 0x85, 0x92, 0x7d, 0x72, 0x85, 0xf4, 0x7e, 0x35,
  0x7e, 0x96, 0x5c, 0x70, 0x00, 0x81, 0x08, 0xe1, 0x08, 0xe1, 0x08, 0xe1, 0x08, 0xe1, 0x08, 0xe1,
  0x08, 0xe1, 0x08, 0xe1, 0x08, 0xe1, 0x08, 0xe1, 0x08, 0xe1, 0x08, 0xe1, 0x08, 0xe1, 0x08, 0xe1,
  0x08, 0xe1, 0x08, 0xe1, 0x08, 0xe1, 0x08, 0xe1, 0x08, 0xe1, 0x08, 0xe1, 0x5b, 0xec, 0x32, 0xc6,
  0x7d, 0x0e, 0x32, 0xc5, 0x42, 0xc7, 0x11, 0x01, 0x31, 0xc6, 0x08, 0xe1, 0x08, 0xe1, 0x08, 0xe1,
  0x08, 0xe1, 0x08, 0xe1, 0x08, 0xe1, 0x08, 0xe1, 0x08, 0xe1, 0x08, 0xe1, 0x08, 0xe1, 0x11, 0x42,
  0x5b, 0xca, 0x53, 0x09, 0x21, 0x61, 0x42, 0x04, 0x21, 0x01, 0x10, 0x80, 0x29, 0x82, 0x42, 0x25,
  0x52, 0x85, 0x3a, 0x24, 0x43, 0x69, 0x5b, 0x28, 0x42, 0x44, 0x4a, 0xc5, 0x74, 0x4b, 0x74, 0x8c,
  0x6c, 0x8c, 0x64, 0x6b, 0x6c, 0x4b, 0x32, 0x04, 0x4a, 0xe8, 0x29, 0x64, 0x31, 0xa5, 0x08, 0xe1,
  0x10, 0x81, 0x19, 0x01, 0x31, 0xc4, 0x3a, 0x25, 0x19, 0x21, 0x21, 0x42, 0x21, 0x61, 0x31, 0xe4,
  0x21, 0xe4, 0x4a, 0xe7, 0x09, 0x21, 0x64, 0x2c, 0x4c, 0x0a, 0x4b, 0xa9, 0x6c, 0x6c, 0x3a, 0x05,
  0x10, 0xc0, 0x31, 0xc4, 0x53, 0x09, 0x3a, 0x05, 0x1a, 0x08, 0x75, 0x56, 0x75, 0x14, 0x19, 0x85,
  0x29, 0xa4, 0x43, 0x2b, 0x3b, 0x8f, 0x3a, 0xca, 0x19, 0x64, 0x08, 0xe1, 0x08, 0xe1, 0x08, 0xe1,
  0x08, 0xe1, 0x08, 0xe1, 0x21, 0x61, 0x19, 0x41, 0x21, 0xe4, 0x3a, 0xa7, 0x11, 0x61, 0x2a, 0x03,
  0x42, 0xa6, 0x5b, 0x89, 0x63, 0xeb, 0x4b, 0x69, 0x6c, 0x4c, 0x53, 0x09, 0x31, 0xe6, 0x08, 0xe1,
  0x08, 0xe1, 0x08, 0xe1, 0x08, 0xe1, 0x08, 0xe1, 0x08, 0xe1, 0x08, 0xe1, 0x08, 0xe1, 0x08, 0xe1,
  0x08, 0xe1, 0x10, 0xc1, 0x21, 0x62, 0x42, 0x67, 0x29, 0x83, 0x52, 0xc8, 0x42, 0x67, 0x21, 0x84,
  0x19, 0x42, 0x63, 0xeb, 0x4b, 0x69, 0x22, 0xa7, 0x22, 0x86, 0x22, 0xc7, 0x19, 0xc3, 0x54, 0x0c,
  0x64, 0xef, 0x43, 0x09, 0x32, 0x69, 0x6b, 0xce, 0x08, 0xe1, 0x08, 0xe1, 0x08, 0xe1, 0x08, 0xe1,
  0x08, 0xe1, 0x08, 0xe1, 0x08, 0xe1, 0x08, 0xe1, 0x08, 0xe1, 0x08, 0xe1, 0x08, 0xe1, 0x08, 0xe1,
  0x08, 0xe1, 0x08, 0xe1, 0x08, 0xe1, 0x08, 0xe1, 0x08, 0xe1, 0xa5, 0xb4, 0x43, 0x08, 0x74, 0xce,
  0x7d, 0x0f, 0x11, 0xa1, 0x43, 0x07, 0x00, 0x80, 0x08, 0xe1, 0x08, 0xe1, 0x08, 0xe1, 0x08, 0xe1,
  0x08, 0xe1, 0x08, 0xe1, 0x08, 0xe1, 0x08, 0xe1, 0x08, 0xe1, 0x08, 0xe1, 0x08, 0xe1, 0x09, 0x01,
  0x5b, 0xeb, 0x52, 0xe8, 0x29, 0x82, 0x41, 0xe4, 0x20, 0xe1, 0x21, 0x01, 0x21, 0x02, 0x4a, 0x25,
  0x42, 0x45, 0x52, 0xe7, 0x42, 0xa4, 0x6c, 0x0b, 0x53, 0x48, 0x4a, 0xa6, 0x4b, 0x06, 0x74, 0x6b,
  0x74, 0x6b, 0x74, 0x8b, 0x74, 0x6b, 0x3a, 0x44, 0x53, 0x06, 0x4a, 0xc7, 0x21, 0x42, 0x4a, 0xa8,
  0x08, 0xe1, 0x08, 0xe1, 0x00, 0x00, 0x00, 0x20, 0x39, 0xe5, 0x42, 0x47, 0x29, 0x84, 0x08, 0xc1,
  0x21, 0x84, 0x21, 0xa3, 0x3a, 0x86, 0x09, 0x21, 0x11, 0x41, 0x5b, 0x8a, 0x5b, 0xaa, 0x4a, 0xe7,
  0x5b, 0x8a, 0x64, 0x4d, 0x21, 0xc4, 0x42, 0xc8, 0x32, 0x47, 0x6c, 0xb2, 0x19, 0x65, 0x5b, 0x6c,
  0x3a, 0x46, 0x4a, 0xc9, 0x7c, 0x51, 0x00, 0x81, 0x08, 0xe1, 0x08, 0xe1, 0x08, 0xe1, 0x08, 0xe1,
  0x08, 0xe1, 0x08, 0xe1, 0x08, 0xe1, 0x84, 0x70, 0x10, 0xe0, 0x21, 0x83, 0x31, 0xe5, 0x3a, 0x45,
  0x3a, 0x86, 0x5b, 0x89, 0x5b, 0x89, 0x63, 0xaa, 0x43, 0x08, 0x5c, 0x2c, 0x32, 0x87, 0x32, 0x66,
  0x19, 0xe5, 0x19, 0x84, 0xa5, 0x53, 0x08, 0xe1, 0x08, 0xe1, 0x08, 0xe1, 0x08, 0xe1, 0x08, 0xe1,
  0x08, 0xe1, 0x08, 0xe1, 0x10, 0xc1, 0x3a, 0x46, 0x3a, 0x25, 0x29, 0xa3, 0x29, 0x83, 0x63, 0xab,
  0x84, 0xf0, 0x11, 0x83, 0x11, 0x62, 0x21, 0xc4, 0x53, 0xab, 0x64, 0x6e, 0x7c, 0xf0, 0x19, 0xa3,
  0x4b, 0x2a, 0x3b, 0x0a, 0xa6, 0x9c, 0x01, 0x04, 0x08, 0xe1, 0x08, 0xe1, 0x08, 0xe1, 0x08, 0xe1,
  0x08, 0xe1, 0x08, 0xe1, 0x08, 0xe1, 0x08, 0xe1, 0x08, 0xe1, 0x08, 0xe1, 0x08, 0xe1, 0x08, 0xe1,
  0x08, 0xe1, 0x08, 0xe1, 0x08, 0xe1, 0x29, 0xe5, 0x08, 0xe1, 0x5b, 0x6b, 0x21, 0xe3, 0x8d, 0x70,
  0x8d, 0x50, 0x3a, 0x85, 0x5b, 0x68, 0x09, 0x21, 0x4b, 0x08, 0x32, 0x46, 0x08, 0xe1, 0x08, 0xe1,
  0x08, 0xe1, 0x08, 0xe1, 0x08, 0xe1, 0x08, 0xe1, 0x08, 0xe1, 0x08, 0xe1, 0x08, 0xe1, 0x09, 0x01,
  0x5b, 0xeb, 0x52, 0xe8, 0x29, 0x82, 0x41, 0xe4, 0x20, 0xe1, 0x39, 0xa4, 0x18, 0xc0, 0x4a, 0x25,
  0x4a, 0x45, 0x4a, 0x85, 0x63, 0x88, 0x6c, 0x0b, 0x6c, 0x0b, 0x3a, 0x65, 0x42, 0xe5, 0x7c, 0xac,
  0x6c, 0x29, 0x74, 0x8b, 0x74, 0x8b, 0x53, 0x07, 0x42, 0x84, 0x4a, 0xa7, 0x42, 0x66, 0x10, 0xa0,
  0x08, 0xe1, 0x08, 0xe1, 0x08, 0xe1, 0x08, 0xe1, 0x00, 0x00, 0x29, 0x85, 0x3a, 0x26, 0x4a, 0x88,
  0x21, 0x84, 0x29, 0xc3, 0x32, 0x66, 0x19, 0x82, 0x19, 0x82, 0x53, 0x49, 0x2a, 0x23, 0x19, 0x61,
  0x53, 0x8a, 0x43, 0x49, 0x53, 0xcd, 0x42, 0xa8, 0x3a, 0x26, 0x08, 0xa1, 0x08, 0xe1, 0x08, 0xe1,
  0x11, 0x22, 0x08, 0xe1, 0x08, 0xe1, 0x08, 0xe1, 0x08, 0xe1, 0x08, 0xe1, 0x08, 0xe1, 0x08, 0xe1,
  0x08, 0xe1, 0x08, 0xe1, 0x08, 0xe1, 0x08, 0xe1, 0x29, 0xe4, 0x7c, 0x4e, 0x32, 0x05, 0x21, 0xc3,
  0x53, 0x08, 0x53, 0x48, 0x63, 0xaa, 0x5b, 0x89, 0x42, 0xe7, 0x2a, 0x24, 0x32, 0x65, 0x6c, 0xcf,
  0x5c, 0xd0, 0x6c, 0xf0, 0x2a, 0x86, 0x3a, 0xc9, 0x42, 0xe9, 0x08, 0xe1, 0x08, 0xe1, 0x08, 0xe1,
  0x08, 0xe1, 0x08, 0xe1, 0x29, 0xa5, 0x21, 0x83, 0x4a, 0xa8, 0x4a, 0xa8, 0x21, 0x42, 0x3a, 0xc7,
  0x5c, 0x8e, 0x75, 0x31, 0x64, 0x8f, 0x32, 0x25, 0x22, 0x25, 0x1a, 0x25, 0x4b, 0x4a, 0x21, 0xc3,
  0x53, 0x4a, 0x43, 0x2a, 0x4c, 0xd4, 0x54, 0x11, 0x00, 0x00, 0x08, 0xe1, 0x08, 0xe1, 0x08, 0xe1,
  0x08, 0xe1, 0x08, 0xe1, 0x08, 0xe1, 0x08, 0xe1, 0x08, 0xe1, 0x08, 0xe1, 0x08, 0xe1, 0x08, 0xe1,
  0x08, 0xe1, 0x08, 0xe1, 0x11, 0x02, 0x74, 0xcf, 0x08, 0xe1, 0x19, 0x42, 0x53, 0x69, 0x85, 0x4f,
  0x74, 0xce, 0x53, 0x68, 0x42, 0xe8, 0x43, 0x48, 0x3b, 0x4a, 0x00, 0xe1, 0x08, 0xe1, 0x08, 0xe1,
  0x08, 0xe1, 0x08, 0xe1, 0x08, 0xe1, 0x08, 0xe1, 0x08, 0xe1, 0x08, 0xe1, 0x08, 0xe1, 0x21, 0xa4,
  0x63, 0xec, 0x52, 0xe8, 0x29, 0x82, 0x41, 0xe4, 0x21, 0x00, 0x39, 0xc3, 0x29, 0x21, 0x39, 0xa3,
  0x52, 0x86, 0x52, 0x85, 0x63, 0x47, 0x74, 0x0a, 0x7c, 0x0b, 0x4b, 0x06, 0x74, 0x2a, 0x7c, 0x6c,
  0x64, 0x09, 0x6c, 0x2a, 0x74, 0x6c, 0x6b, 0xe9, 0x42, 0x45, 0x4a, 0xe7, 0x4b, 0x08, 0x4a, 0xa7,
  0x11, 0x23, 0x08, 0xe1, 0x08, 0xe1, 0x08, 0xe1, 0x08, 0xe1, 0x7b, 0xef, 0x18, 0xe1, 0x42, 0x27,
  0x4a, 0xc7, 0x4a, 0xe7, 0x3a, 0xa6, 0x53, 0x89, 0x53, 0xa8, 0x2a, 0x24, 0x11, 0xa3, 0x09, 0x62,
  0x19, 0xa4, 0x42, 0x84, 0x4a, 0xea, 0x08, 0xc2, 0x08, 0xa1, 0x08, 0xe1, 0x53, 0x2b, 0x42, 0x47,
  0x94, 0xd1, 0x08, 0xe1, 0x08, 0xe1, 0x08, 0xe1, 0x08, 0xe1, 0x08, 0xe1, 0x08, 0xe1, 0x08, 0xe1,
  0x08, 0xe1, 0x00, 0x40, 0x00, 0xa0, 0x09, 0x02, 0x09, 0x41, 0x11, 0x61, 0x09, 0x41, 0x09, 0x81,
  0x11, 0x60, 0x21, 0xa2, 0x3a, 0x66, 0x5b, 0x8a, 0x5b, 0x69, 0x5b, 0x8a, 0x43, 0x28, 0x32, 0xa6,
  0x43, 0xab, 0x64, 0xaf, 0x54, 0x2c, 0x5c, 0xaf, 0x22, 0xc8, 0x19, 0xc5, 0x08, 0xe1, 0x08, 0xe1,
  0x08, 0xe1, 0x08, 0xe1, 0x08, 0xe1, 0x21, 0x23, 0x42, 0xc8, 0x4a, 0xc8, 0x53, 0x2a, 0x53, 0x6a,
  0x53, 0xab, 0x2a, 0x66, 0x9e, 0x15, 0x8e, 0x55, 0x7d, 0x93, 0x33, 0x4a, 0x00, 0xc2, 0x4a, 0xe9,
  0x3a, 0x67, 0x53, 0x4b, 0x22, 0x49, 0x6c, 0xb3, 0x01, 0x04, 0x08, 0xe1, 0x08, 0xe1, 0x08, 0xe1,
  0x08, 0xe1, 0x08, 0xe1, 0x08, 0xe1, 0x08, 0xe1, 0x08, 0xe1, 0x08, 0xe1, 0x08, 0xe1, 0x08, 0xe1,
  0x08, 0xe1, 0x08, 0xe1, 0x11, 0x84, 0x75, 0x72, 0x64, 0xcf, 0x09, 0x21, 0x85, 0x70, 0x85, 0x90,
  0x5b, 0xa9, 0x63, 0xca, 0x2a, 0x65, 0x54, 0x0c, 0x29, 0xc5, 0x42, 0x68, 0x08, 0xe1, 0x08, 0xe1,
  0x08, 0xe1, 0x08, 0xe1, 0x08, 0xe1, 0x08, 0xe1, 0x08, 0xe1, 0x08, 0xe1, 0x08, 0xe1, 0x9d, 0x73,
  0x53, 0x6a, 0x42, 0xc7, 0x29, 0xe4, 0x42, 0x66, 0x31, 0x82, 0x39, 0xc3, 0x39, 0xa4, 0x21, 0x00,
  0x52, 0x66, 0x4a, 0x65, 0x5b, 0x06, 0x53, 0x06, 0x74, 0x0a, 0x74, 0x4b, 0x63, 0xc9, 0x6c, 0x0a,
  0x8c, 0xcc, 0x7c, 0x4a, 0x5b, 0xa8, 0x74, 0x0a, 0x42, 0x45, 0x4a, 0xe7, 0x42, 0xe7, 0x4a, 0xc6,
  0x53, 0x09, 0x11, 0x21, 0x5b, 0x0a, 0x08, 0xe1, 0x08, 0xe1, 0x08, 0xe1, 0x08, 0xe1, 0x08, 0xe1,
  0x08, 0x80, 0x19, 0x22, 0x08, 0xc1, 0x42, 0xa8, 0x53, 0x89, 0x4b, 0x28, 0x53, 0x6a, 0x1a, 0x07,
  0x8d, 0x34, 0x19, 0x42, 0x19, 0x02, 0x08, 0xe1, 0x08, 0xe1, 0x19, 0x42, 0x63, 0x8a, 0x08, 0xe1,
  0x08, 0xe1, 0x08, 0xe1, 0x08, 0xe1, 0x08, 0xe1, 0x08, 0xe1, 0x08, 0xe1, 0x22, 0x06, 0x1a, 0x87,
  0x2a, 0xa6, 0x54, 0x4c, 0x7d, 0x4f, 0x7d, 0x70, 0x75, 0x0e, 0x7d, 0x4f, 0x75, 0x0e, 0x85, 0x10,
  0x53, 0x48, 0x4b, 0x08, 0x5b, 0x8a, 0x5b, 0xaa, 0x42, 0xa6, 0x42, 0xa6, 0x19, 0x61, 0x5b, 0x69,
  0x6c, 0x4d, 0x74, 0x4d, 0x53, 0x6a, 0x11, 0xe5, 0x01, 0xa6, 0xa6, 0x79, 0x09, 0x24, 0x08, 0xe1,
  0x08, 0xe1, 0x08, 0xe1, 0x08, 0xe1, 0x08, 0xe1, 0x29, 0x85, 0x08, 0xa1, 0x19, 0x03, 0x29, 0xc5,
  0x5b, 0x8c, 0x6c, 0x72, 0x09, 0xa6, 0x32, 0xc9, 0x43, 0x2b, 0x64, 0x2f, 0xb7, 0x1d, 0x01, 0x03,
  0x42, 0x68, 0x7c, 0x2f, 0x53, 0x2c, 0x11, 0x85, 0x12, 0x48, 0x08, 0xe1, 0x08, 0xe1, 0x08, 0xe1,
  0x08, 0xe1, 0x08, 0xe1, 0x08, 0xe1, 0x08, 0xe1, 0x08, 0xe1, 0x08, 0xe1, 0x08, 0xe1, 0x08, 0xe1,
  0x08, 0xe1, 0x08, 0xe1, 0x00, 0xe1, 0x5c, 0xcf, 0x1a, 0x45, 0x09, 0x41, 0x7d, 0x0f, 0x85, 0x90,
  0x22, 0x03, 0x53, 0x48, 0x2a, 0x86, 0x43, 0xaa, 0x19, 0x22, 0x08, 0xe1, 0x08, 0xe1, 0x08, 0xe1,
  0x08, 0xe1, 0x08, 0xe1, 0x08, 0xe1, 0x08, 0xe1, 0x08, 0xe1, 0x08, 0xe1, 0x08, 0xe1, 0x08, 0xe1,
  0x4b, 0x6a, 0x43, 0x48, 0x21, 0xc2, 0x42, 0xa6, 0x41, 0xe3, 0x52, 0x44, 0x42, 0x04, 0x21, 0x00,
  0x39, 0xc3, 0x5a, 0xc7, 0x62, 0xe7, 0x63, 0x27, 0x4a, 0x85, 0x74, 0x2a, 0x53, 0x47, 0x84, 0xcc,
  0x84, 0xcd, 0x84, 0xcd, 0x74, 0x29, 0x6c, 0x09, 0x74, 0x4a, 0x3a, 0x23, 0x63, 0x49, 0x53, 0x07,
  0x42, 0xc6, 0x5b, 0x89, 0x19, 0xc2, 0x00, 0xc0, 0x08, 0xe1, 0x08, 0xe1, 0x08, 0xe1, 0x08, 0xe1,
  0x08, 0xe1, 0x08, 0xe1, 0x18, 0xe2, 0x18, 0xe2, 0x29, 0xa5, 0x3a, 0x46, 0x19, 0x21, 0x29, 0x85,
  0x19, 0x03, 0x19, 0x03, 0x08, 0xe1, 0x7c, 0x4e, 0x09, 0x42, 0xa6, 0x74, 0x11, 0x22, 0x08, 0xe1,
  0x08, 0xe1, 0x08, 0xe1, 0x08, 0xe1, 0x08, 0xe1, 0x53, 0x4a, 0x01, 0xa1, 0x4c, 0x0b, 0x6d, 0x2f,
  0x6c, 0xed, 0x7d, 0x4f, 0x75, 0x2f, 0x7d, 0x2f, 0x74, 0x6c, 0x74, 0x8d, 0x74, 0x6c, 0x19, 0x81,
  0x29, 0xe3, 0x29, 0xe3, 0x4a, 0xe8, 0x5b, 0x8a, 0x63, 0x89, 0x63, 0x89, 0x63, 0xca, 0x53, 0x07,
  0x19, 0x81, 0x4b, 0x07, 0x63, 0xeb, 0x53, 0x6a, 0x22, 0x67, 0x53, 0xcf, 0x11, 0x64, 0x08, 0xe1,
  0x08, 0xe1, 0x08, 0xe1, 0x08, 0xe1, 0x08, 0xe1, 0x08, 0xe1, 0x08, 0xe1, 0x08, 0xe1, 0x42, 0x28,
  0x21, 0x24, 0x5c, 0x30, 0x74, 0xd3, 0x19, 0x23, 0x08, 0xe1, 0x10, 0xa2, 0x64, 0x93, 0x86, 0x1a,
  0x11, 0x04, 0x42, 0x69, 0x08, 0xe1, 0x19, 0x03, 0x08, 0x81, 0x08, 0xe1, 0x08, 0xe1, 0x08, 0xe1,
  0x08, 0xe1, 0x08, 0xe1, 0x08, 0xe1, 0x08, 0xe1, 0x08, 0xe1, 0x08, 0xe1, 0x08, 0xe1, 0x08, 0xe1,
  0x08, 0xe1, 0x08, 0xe1, 0x00, 0xe0, 0x1a, 0x66, 0x4b, 0x8a, 0x01, 0x60, 0x8d, 0x4f, 0x5b, 0x89,
  0x21, 0x82, 0x4b, 0x8a, 0x22, 0xe6, 0x2a, 0x45, 0x08, 0x81, 0x08, 0xe1, 0x08, 0xe1, 0x08, 0xe1,
  0x08, 0xe1, 0x08, 0xe1, 0x08, 0xe1, 0x08, 0xe1, 0x08, 0xe1, 0x08, 0xe1, 0x08, 0xe1, 0x08, 0xe1,
  0x4b, 0x29, 0x53, 0xaa, 0x2a, 0x04, 0x42, 0xa6, 0x3a, 0x24, 0x42, 0x04, 0x41, 0xe4, 0x31, 0x61,
  0x39, 0xe3, 0x4a, 0x25, 0x62, 0xe8, 0x6b, 0x48, 0x4a, 0x85, 0x42, 0x64, 0x4a, 0xa5, 0x5b, 0x48,
  0x7c, 0x4b, 0x94, 0xed, 0x84, 0xcc, 0x74, 0x2a, 0x6c, 0x2a, 0x32, 0x23, 0x31, 0xe3, 0x53, 0x07,
  0x5b, 0x28, 0x4a, 0xc6, 0x6c, 0x0b, 0x4b, 0x07, 0x32, 0x25, 0x08, 0xe1, 0x08, 0xe1, 0x08, 0xe1,
  0x08, 0xe1, 0x08, 0xe1, 0x08, 0xe1, 0x08, 0xe1, 0x08, 0xe1, 0x19, 0x43, 0x11, 0x02, 0x9d, 0x53,
  0x08, 0xe1, 0x08, 0xe1, 0x00, 0x80, 0x11, 0x82, 0x8d, 0xb2, 0x5b, 0xcb, 0x11, 0x02, 0x08, 0xe1,
  0x08, 0xe1, 0x08, 0xe1, 0x22, 0x25, 0x22, 0xe8, 0x22, 0xe8, 0x4b, 0xca, 0x6c, 0xce, 0x64, 0xad,
  0x5c, 0x4b, 0x5c, 0x2a, 0x85, 0x90, 0x6c, 0x4c, 0x42, 0xa5, 0x2a, 0x02, 0x3a, 0xa5, 0x6c, 0x2b,
  0x6c, 0x4c, 0x7c, 0xce, 0x6c, 0x2b, 0x2a, 0x43, 0x11, 0x40, 0x32, 0x24, 0x5b, 0x89, 0x6c, 0x0b,
  0x6c, 0x2c, 0x53, 0x89, 0x09, 0x20, 0x3a, 0x66, 0x2a, 0x67, 0x19, 0xc6, 0x53, 0x0b, 0x08, 0xe1,
  0x08, 0xe1, 0x08, 0xe1, 0x08, 0xe1, 0x08, 0xe1, 0x08, 0xe1, 0x08, 0xe1, 0x08, 0xe1, 0x08, 0xe1,
  0x08, 0xe1, 0x00, 0xa2, 0x42, 0xcb, 0x00, 0x00, 0x08, 0xe1, 0x08, 0xe1, 0x19, 0xe8, 0x7d, 0x56,
  0x08, 0xe1, 0x10, 0xe3, 0x08, 0xe1, 0x08, 0xe1, 0x08, 0xe1, 0x08, 0xe1, 0x08, 0xe1, 0x08, 0xe1,
  0x08, 0xe1, 0x08, 0xe1, 0x08, 0xe1, 0x08, 0xe1, 0x08, 0xe1, 0x08, 0xe1, 0x08, 0xe1, 0x08, 0xe1,
  0x08, 0xe1, 0x08, 0xe1, 0x19, 0xe3, 0x43, 0x8a, 0x32, 0x65, 0x5c, 0x0b, 0x8d, 0x2f, 0x32, 0x44,
  0x19, 0x61, 0x22, 0x65, 0x54, 0x2b, 0x09, 0x62, 0x08, 0xe1, 0x08, 0xe1, 0x08, 0xe1, 0x08, 0xe1,
  0x08, 0xe1, 0x08, 0xe1, 0x08, 0xe1, 0x08, 0xe1, 0x08, 0xe1, 0x08, 0xe1, 0x08, 0xe1, 0x08, 0xe1,
  0x11, 0x83, 0x5b, 0xca, 0x32, 0x44, 0x4a, 0xc6, 0x4a, 0xc7, 0x42, 0x45, 0x4a, 0x25, 0x42, 0x04,
  0x21, 0x00, 0x4a, 0x45, 0x31, 0xa2, 0x42, 0x03, 0x42, 0x23, 0x4a, 0x45, 0x42, 0x25, 0x52, 0xa7,
  0x94, 0xcc, 0x7b, 0xe9, 0x7c, 0x8b, 0x84, 0xac, 0x74, 0x4a, 0x74, 0x2b, 0x4a, 0xa6, 0x42, 0x43,
  0x42, 0x23, 0x52, 0xa6, 0x4a, 0xa6, 0x3a, 0xe5, 0x53, 0x89, 0x42, 0xa7, 0x21, 0x84, 0x10, 0xe1,
  0x08, 0xe1, 0x08, 0xe1, 0x08, 0xe1, 0x08, 0xe1, 0x08, 0xe1, 0x08, 0xe1, 0x08, 0xe1, 0x08, 0xe1,
  0x19, 0x23, 0x19, 0x03, 0x8d, 0xb2, 0x85, 0xd2, 0x86, 0x12, 0x19, 0x83, 0x73, 0x6e, 0x08, 0xe1,
  0x2a, 0x26, 0x1a, 0x87, 0x4c, 0x8d, 0x5c, 0x0c, 0x7c, 0xee, 0x53, 0xc9, 0x6c, 0xad, 0x95, 0xf2,
  0x8d, 0xf1, 0x96, 0x12, 0x43, 0x47, 0x32, 0x43, 0x7c, 0xad, 0x74, 0x8c, 0x85, 0x0f, 0x7d, 0x2e,
  0x7d, 0x2e, 0x7d, 0x2d, 0x7d, 0x0d, 0x85, 0x6f, 0x85, 0x2f, 0x85, 0x30, 0x95, 0xd2, 0x3a, 0xc6,
  0x19, 0xc2, 0x5b, 0xaa, 0x6c, 0x2b, 0x74, 0x0c, 0x11, 0x63, 0x21, 0x84, 0x08, 0xe1, 0x08, 0xe1,
  0x08, 0xe1, 0x08, 0xe1, 0x08, 0xe1, 0x08, 0xe1, 0x08, 0xe1, 0x08, 0xe1, 0x08, 0xe1, 0x08, 0xe1,
  0x08, 0xe1, 0x08, 0xe1, 0x84, 0x50, 0x08, 0xe1, 0x08, 0xe1, 0x08, 0xe1, 0x21, 0xa5, 0x21, 0x66,
  0x08, 0xe1, 0x52, 0xaa, 0x08, 0xe1, 0x08, 0xe1, 0x08, 0xe1, 0x08, 0xe1, 0x08, 0xe1, 0x08, 0xe1,
  0x08, 0xe1, 0x08, 0xe1, 0x08, 0xe1, 0x08, 0xe1, 0x08, 0xe1, 0x08, 0xe1, 0x08, 0xe1, 0x08, 0xe1,
  0x08, 0xe1, 0x29, 0xa4, 0x74, 0x8d, 0x32, 0xa6, 0x09, 0x00, 0x8d, 0xb1, 0x63, 0xea, 0x4a, 0xe6,
  0x29, 0xe3, 0x53, 0xeb, 0x1a, 0x05, 0x08, 0xc1, 0x08, 0xe1, 0x08, 0xe1, 0x08, 0xe1, 0x08, 0xe1,
  0x08, 0xe1, 0x08, 0xe1, 0x08, 0xe1, 0x08, 0xe1, 0x08, 0xe1, 0x08, 0xe1, 0x08, 0xe1, 0x08, 0xe1,
  0x08, 0xe2, 0x4b, 0x29, 0x42, 0xe7, 0x43, 0x08, 0x5b, 0x08, 0x42, 0x24, 0x4a, 0x44, 0x41, 0xe3,
  0x29, 0x21, 0x42, 0x24, 0x4a, 0x45, 0x4a, 0x45, 0x39, 0xc3, 0x4a, 0x45, 0x42, 0x45, 0x42, 0x66,
  0x5b, 0x06, 0x84, 0x4c, 0x6b, 0x87, 0x84, 0xac, 0x7c, 0xcc, 0x7c, 0x8b, 0x84, 0xcc, 0x3a, 0x22,
  0x63, 0x68, 0x63, 0x68, 0x3a, 0x44, 0x3a, 0x65, 0x21, 0xe3, 0x32, 0xa6, 0x53, 0x49, 0x42, 0xe7,
  0x11, 0x42, 0x00, 0x60, 0x63, 0x4c, 0x08, 0xe1, 0x08, 0xe1, 0x9d, 0x13, 0x00, 0x60, 0x09, 0x02,
  0x11, 0xa3, 0x95, 0xd3, 0x7d, 0xd2, 0x86, 0x13, 0x7d, 0x30, 0x09, 0x01, 0x95, 0x94, 0x32, 0xa7,
  0x33, 0x07, 0x43, 0xca, 0x6c, 0x8d, 0x53, 0xc9, 0x43, 0x47, 0x8d, 0xd1, 0x85, 0xd1, 0x75, 0xb0,
  0x85, 0x6f, 0x32, 0xc4, 0x53, 0x88, 0x95, 0xd1, 0x9e, 0x31, 0x9e, 0x31, 0x85, 0x4e, 0x7c, 0xed,
  0x74, 0xad, 0x84, 0xed, 0x7c, 0xac, 0x6c, 0x4b, 0x6c, 0x4b, 0xa6, 0x12, 0x8d, 0xb0, 0x8d, 0xb0,
  0xa6, 0x95, 0x43, 0x48, 0x09, 0x20, 0x63, 0xca, 0x7c, 0x8f, 0x29, 0xe6, 0x08, 0xe1, 0x08, 0xe1,
  0x08, 0xe1, 0x08, 0xe1, 0x08, 0xe1, 0x08, 0xe1, 0x08, 0xe1, 0x08, 0xe1, 0x08, 0xe1, 0x08, 0xe1,
  0x08, 0xe1, 0x08, 0xe1, 0x08, 0xe1, 0x08, 0xe1, 0x08, 0xe1, 0x08, 0xe1, 0x08, 0xe1, 0x08, 0xe1,
  0x08, 0xe1, 0x08, 0xe1, 0x08, 0xe1, 0x08, 0xe1, 0x08, 0xe1, 0x08, 0xe1, 0x08, 0xe1, 0x08, 0xe1,
  0x08, 0xe1, 0x08, 0xe1, 0x08, 0xe1, 0x08, 0xe1, 0x08, 0xe1, 0x08, 0xe1, 0x08, 0xe1, 0x08, 0xe1,
  0x08, 0xe1, 0x19, 0x62, 0x6c, 0xae, 0x09, 0x40, 0x7c, 0xcd, 0x85, 0x4f, 0x3a, 0xa5, 0x6b, 0xea,
  0x22, 0x04, 0x33, 0x8a, 0x19, 0xa3, 0x32, 0x27, 0x08, 0xe1, 0x08, 0xe1, 0x08, 0xe1, 0x08, 0xe1,
  0x08, 0xe1, 0x08, 0xe1, 0x08, 0xe1, 0x08, 0xe1, 0x08, 0xe1, 0x08, 0xe1, 0x08, 0xe1, 0x08, 0xe1,
  0x08, 0xe1, 0x01, 0x20, 0x53, 0xaa, 0x43, 0x07, 0x29, 0xc2, 0x42, 0x44, 0x4a, 0x45, 0x42, 0x03,
  0x4a, 0x45, 0x21, 0x00, 0x42, 0x04, 0x52, 0x66, 0x42, 0x04, 0x42, 0x03, 0x4a, 0x65, 0x42, 0x45,
  0x4a, 0xa4, 0x63, 0x47, 0x8c, 0x6b, 0x6b, 0xa8, 0x85, 0x0d, 0x74, 0x4a, 0x7c, 0xab, 0x8c, 0xee,
  0x29, 0xe2, 0x4a, 0xc6, 0x4a, 0xc6, 0x53, 0x27, 0x42, 0xe7, 0x22, 0x03, 0x2a, 0x24, 0x21, 0xa2,
  0x19, 0xa2, 0x11, 0x42, 0x19, 0x63, 0x21, 0x63, 0x19, 0x22, 0x21, 0xe3, 0x01, 0x41, 0x53, 0xcb,
  0x75, 0x6f, 0x86, 0x11, 0x85, 0xf2, 0x64, 0x0b, 0x11, 0x42, 0x4b, 0x69, 0x4b, 0xcc, 0x22, 0x03,
  0x5b, 0xc9, 0x74, 0xee, 0x7c, 0xad, 0x7d, 0x0e, 0x7c, 0xed, 0x7d, 0xd1, 0x7d, 0x90, 0x7d, 0x2f,
  0x5b, 0xa8, 0x3b, 0x06, 0x7c, 0xed, 0x5c, 0x0a, 0x64, 0x2a, 0x64, 0x4a, 0x6c, 0x8b, 0x85, 0x2e,
  0x95, 0xb1, 0x64, 0x0a, 0x84, 0xed, 0x8d, 0x4f, 0x7c, 0xac, 0x74, 0x6b, 0x6c, 0xad, 0x9e, 0x32,
  0x8d, 0xf1, 0x9e, 0x32, 0x9d, 0xd1, 0x53, 0x68, 0x19, 0xa3, 0x4a, 0xc8, 0x08, 0xe1, 0x08, 0xe1,
  0x08, 0xe1, 0x08, 0xe1, 0x08, 0xe1, 0x08, 0xe1, 0x08, 0xe1, 0x08, 0xe1, 0x08, 0xe1, 0x08, 0xe1,
  0x08, 0xe1, 0x08, 0xe1, 0x08, 0xe1, 0x08, 0xe1, 0x08, 0xe1, 0x08, 0xe1, 0x08, 0xe1, 0x08, 0xe1,
  0x08, 0xe1, 0x08, 0xe1, 0x08, 0xe1, 0x08, 0xe1, 0x08, 0xe1, 0x08, 0xe1, 0x08, 0xe1, 0x08, 0xe1,
  0x08, 0xe1, 0x08, 0xe1, 0x08, 0xe1, 0x08, 0xe1, 0x08, 0xe1, 0x08, 0xe1, 0x73, 0xce, 0x08, 0xe1,
  0x08, 0xe1, 0x53, 0xcc, 0x6c, 0x8d, 0x09, 0x61, 0xa6, 0x33, 0x9d, 0xf2, 0x4b, 0x07, 0x3a, 0x64,
  0x3b, 0x08, 0x32, 0xe7, 0x08, 0xc1, 0x08, 0xe1, 0x08, 0xe1, 0x08, 0xe1, 0x08, 0xe1, 0x08, 0xe1,
  0x08, 0xe1, 0x08, 0xe1, 0x08, 0xe1, 0x08, 0xe1, 0x08, 0xe1, 0x08, 0xe1, 0x08, 0xe1, 0x08, 0xe1,
  0x08, 0xe1, 0x19, 0xa4, 0x5b, 0xcb, 0x2a, 0xa5, 0x4b, 0x28, 0x31, 0xe4, 0x4a, 0x65, 0x4a, 0x65,
  0x41, 0xe4, 0x41, 0xe4, 0x39, 0xe3, 0x4a, 0x25, 0x41, 0xe4, 0x4a, 0x25, 0x42, 0x04, 0x42, 0x04,
  0x4a, 0x65, 0x52, 0xc7, 0x53, 0x06, 0x7c, 0x0b, 0x5b, 0x67, 0x84, 0xcd, 0x74, 0x2b, 0x7c, 0x4b,
  0x84, 0x8c, 0x31, 0xc2, 0x5a, 0xe6, 0x53, 0x27, 0x63, 0xc9, 0x5b, 0xea, 0x5b, 0xca, 0x5b, 0xc9,
  0x53, 0x88, 0x53, 0x68, 0x4b, 0x68, 0x4b, 0x47, 0x5b, 0xc9, 0x6d, 0x0e, 0x64, 0xed, 0x6d, 0x2f,
  0x85, 0xb0, 0x74, 0xee, 0x6c, 0x6c, 0x32, 0x45, 0x21, 0xc4, 0x2a, 0x64, 0x21, 0xe1, 0x85, 0x0e,
  0x7c, 0xee, 0x6c, 0x8c, 0x7c, 0xee, 0x7c, 0xed, 0x7d, 0x2e, 0x7d, 0x0e, 0x74, 0xac, 0x3b, 0x26,
  0x74, 0xed, 0x85, 0xb0, 0x64, 0x8c, 0x5c, 0x4b, 0x6c, 0x6a, 0x6c, 0x6a, 0x74, 0xcc, 0x64, 0x6b,
  0x5c, 0x09, 0x85, 0x70, 0x8d, 0xb1, 0x7d, 0x4f, 0x85, 0x90, 0x8d, 0xd1, 0x95, 0xf1, 0x7c, 0x8b,
  0x7c, 0xab, 0x7c, 0xab, 0x7c, 0x8b, 0x85, 0x90, 0x7d, 0x2e, 0x01, 0x41, 0x22, 0x05, 0x42, 0x88,
  0x08, 0xe1, 0x08, 0xe1, 0x08, 0xe1, 0x08, 0xe1, 0x08, 0xe1, 0x08, 0xe1, 0x08, 0xe1, 0x08, 0xe1,
  0x08, 0xe1, 0x08, 0xe1, 0x08, 0xe1, 0x08, 0xe1, 0x08, 0xe1, 0x08, 0xe1, 0x08, 0xe1, 0x08, 0xe1,
  0x08, 0xe1, 0x08, 0xe1, 0x08, 0xe1, 0x08, 0xe1, 0x08, 0xe1, 0x08, 0xe1, 0x08, 0xe1, 0x08, 0xe1,
  0x08, 0xe1, 0x08, 0xe1, 0x08, 0xe1, 0x08, 0xe1, 0x08, 0xe1, 0x08, 0xe1, 0x19, 0x23, 0x08, 0xe1,
  0x11, 0x03, 0x74, 0xae, 0x09, 0x81, 0x9d, 0xf1, 0xae, 0x52, 0x6c, 0x2b, 0x53, 0x89, 0x53, 0xca,
  0x4b, 0x69, 0x11, 0x02, 0x08, 0xe1, 0x08, 0xe1, 0x08, 0xe1, 0x08, 0xe1, 0x08, 0xe1, 0x08, 0xe1,
  0x08, 0xe1, 0x08, 0xe1, 0x08, 0xe1, 0x08, 0xe1, 0x08, 0xe1, 0x08, 0xe1, 0x08, 0xe1, 0x08, 0xe1,
  0x08, 0xe1, 0x08, 0xe1, 0x11, 0x63, 0x43, 0x08, 0x4b, 0x08, 0x29, 0xa3, 0x42, 0x24, 0x4a, 0x45,
  0x39, 0xa3, 0x42, 0x04, 0x29, 0x41, 0x4a, 0x45, 0x4a, 0x25, 0x42, 0x04, 0x4a, 0x45, 0x4a, 0x25,
  0x42, 0x45, 0x4a, 0x45, 0x4a, 0xc5, 0x52, 0xe6, 0x53, 0x26, 0x63, 0x88, 0x84, 0xcd, 0x74, 0x4b,
  0x63, 0xc9, 0x7c, 0x6c, 0x39, 0xe2, 0x4a, 0xc5, 0x53, 0x27, 0x5b, 0xc9, 0x64, 0x2b, 0x64, 0x2b,
  0x64, 0x2b, 0x6c, 0x2b, 0x6c, 0x6c, 0x4b, 0x47, 0x74, 0x8d, 0x75, 0x0e, 0x75, 0x0e, 0x74, 0xcd,
  0x63, 0xea, 0x6b, 0xea, 0x32, 0x44, 0x21, 0x42, 0x31, 0xe4, 0x32, 0x24, 0x74, 0x8d, 0x64, 0x0b,
  0x5b, 0xea, 0x7c, 0xcd, 0x6c, 0x4b, 0x5b, 0xc9, 0x74, 0x6b, 0x74, 0x6c, 0x6c, 0x2a, 0x6c, 0x2b,
  0x8d, 0x6f, 0x74, 0xad, 0x6c, 0x6b, 0x6c, 0x4b, 0x6c, 0x4b, 0x74, 0x8c, 0x5b, 0xc9, 0x5b, 0xca,
  0x8d, 0x70, 0x7c, 0xee, 0x85, 0x2f, 0x8d, 0x90, 0x64, 0x0a, 0x5b, 0xe9, 0x6c, 0x6b, 0x95, 0x6f,
  0x7c, 0xcc, 0x9d, 0xaf, 0x9d, 0xb0, 0x85, 0x6f, 0x9e, 0x53, 0xa6, 0x95, 0xae, 0xd7, 0x1a, 0x04,
  0x09, 0x42, 0x08, 0xe1, 0x08, 0xe1, 0x08, 0xe1, 0x08, 0xe1, 0x08, 0xe1, 0x08, 0xe1, 0x08, 0xe1,
  0x08, 0xe1, 0x08, 0xe1, 0x08, 0xe1, 0x08, 0xe1, 0x08, 0xe1, 0x08, 0xe1, 0x08, 0xe1, 0x08, 0xe1,
  0x08, 0xe1, 0x08, 0xe1, 0x08, 0xe1, 0x08, 0xe1, 0x08, 0xe1, 0x08, 0xe1, 0x08, 0xe1, 0x08, 0xe1,
  0x08, 0xe1, 0x08, 0xe1, 0x08, 0xe1, 0x08, 0xe1, 0x08, 0xe1, 0x11, 0x22, 0x08, 0xe1, 0x4b, 0x09,
  0x42, 0x88, 0x22, 0x03, 0x64, 0x4c, 0x9d, 0xd1, 0x8d, 0x6f, 0x5b, 0xaa, 0x4b, 0x48, 0x4b, 0x89,
  0x00, 0xc0, 0x08, 0xe1, 0x08, 0xe1, 0x08, 0xe1, 0x08, 0xe1, 0x08, 0xe1, 0x08, 0xe1, 0x08, 0xe1,
  0x08, 0xe1, 0x08, 0xe1, 0x08, 0xe1, 0x08, 0xe1, 0x08, 0xe1, 0x08, 0xe1, 0x08, 0xe1, 0x08, 0xe1,
  0x08, 0xe1, 0x08, 0xe1, 0x19, 0x64, 0x5b, 0xab, 0x3a, 0x86, 0x8c, 0x8f, 0x29, 0x41, 0x4a, 0x65,
  0x4a, 0x45, 0x39, 0xc3, 0x4a, 0x25, 0x29, 0x41, 0x42, 0x04, 0x41, 0xe4, 0x52, 0x66, 0x4a, 0x45,
  0x42, 0x24, 0x52, 0xa6, 0x42, 0x64, 0x4a, 0xa5, 0x4a, 0xe5, 0x3a, 0x84, 0x4a, 0xc5, 0x74, 0xac,
  0x53, 0x67, 0x53, 0xaa, 0x6b, 0xa9, 0x39, 0xe2, 0x5b, 0x07, 0x4b, 0x07, 0x4b, 0x27, 0x53, 0x89,
  0x64, 0x0a, 0x64, 0x0b, 0x3a, 0xc6, 0x53, 0x88, 0x6c, 0x4b, 0x5c, 0x0a, 0x64, 0x2b, 0x6c, 0x0a,
  0x63, 0xa8, 0x3a, 0x22, 0x29, 0x62, 0x31, 0x63, 0x29, 0x83, 0x6b, 0xca, 0x63, 0xea, 0x64, 0x0a,
  0x64, 0x2b, 0x6c, 0x0a, 0x63, 0xa8, 0x63, 0xe9, 0x6c, 0x0a, 0x63, 0xc9, 0x53, 0x47, 0x63, 0xa8,
  0x53, 0x47, 0x43, 0x26, 0x3a, 0xa4, 0x3a, 0xa4, 0x42, 0xc6, 0x3a, 0xa5, 0x3a, 0x85, 0x2a, 0x04,
  0x29, 0xe3, 0x32, 0x44, 0x3a, 0xa5, 0x3a, 0x85, 0x3a, 0xa4, 0x4b, 0x06, 0x53, 0xa8, 0x64, 0x09,
  0x74, 0x8b, 0x6c, 0x2a, 0x95, 0x6e, 0x9e, 0x52, 0x96, 0x12, 0x9d, 0xf1, 0x85, 0xd2, 0xa6, 0xd6,
  0x8d, 0xd3, 0x19, 0xe5, 0x22, 0x05, 0x08, 0xe1, 0x08, 0xe1, 0x08, 0xe1, 0x08, 0xe1, 0x08, 0xe1,
  0x08, 0xe1, 0x08, 0xe1, 0x08, 0xe1, 0x08, 0xe1, 0x08, 0xe1, 0x08, 0xe1, 0x08, 0xe1, 0x08, 0xe1,
  0x08, 0xe1, 0x08, 0xe1, 0x08, 0xe1, 0x08, 0xe1, 0x08, 0xe1, 0x08, 0xe1, 0x08, 0xe1, 0x08, 0xe1,
  0x08, 0xe1, 0x08, 0xe1, 0x08, 0xe1, 0x08, 0xe1, 0x00, 0xc0, 0x74, 0x6e, 0xbe, 0xf8, 0x19, 0xc4,
  0x2a, 0x25, 0x7d, 0x0f, 0x8d, 0x91, 0x8d, 0x6f, 0x63, 0xe9, 0x3a, 0x64, 0x6c, 0x2c, 0x32, 0xc6,
  0x00, 0x60, 0x08, 0xe1, 0x08, 0xe1, 0x08, 0xe1, 0x08, 0xe1, 0x08, 0xe1, 0x08, 0xe1, 0x08, 0xe1,
  0x08, 0xe1, 0x08, 0xe1, 0x08, 0xe1, 0x08, 0xe1, 0x08, 0xe1, 0x08, 0xe1, 0x08, 0xe1, 0x08, 0xe1,
  0x08, 0xe1, 0x08, 0xe1, 0x08, 0xe1, 0x11, 0x01, 0x21, 0x83, 0x08, 0xe1, 0x19, 0x02, 0x42, 0x25,
  0x4a, 0xa6, 0x42, 0x45, 0x41, 0xc3, 0x39, 0xc4, 0x20, 0xe0, 0x39, 0xc3, 0x39, 0xa3, 0x52, 0x87,
  0x42, 0x24, 0x42, 0x04, 0x52, 0x86, 0x4a, 0x86, 0x42, 0x04, 0x42, 0x45, 0x3a, 0x04, 0x29, 0xc3,
  0x3a, 0x44, 0x31, 0xe3, 0x31, 0xe3, 0x4a, 0xa6, 0x52, 0xa6, 0x4a, 0x85, 0x31, 0xc3, 0x31, 0xa2,
  0x29, 0x81, 0x29, 0x61, 0x53, 0x27, 0x63, 0xc9, 0x6c, 0x0b, 0x6c, 0x0a, 0x6b, 0xea, 0x63, 0xa9,
  0x29, 0xa2, 0x29, 0x83, 0x19, 0x21, 0x63, 0x68, 0x63, 0xa9, 0x6b, 0xca, 0x74, 0x4b, 0x63, 0xea,
  0x74, 0x4c, 0x84, 0xee, 0x63, 0x68, 0x6b, 0x89, 0x4a, 0xc6, 0x42, 0x65, 0x32, 0x03, 0x32, 0x03,
  0x3a, 0x24, 0x42, 0x45, 0x3a, 0x24, 0x3a, 0x45, 0x42, 0x85, 0x4a, 0xc6, 0x52, 0xe7, 0x52, 0xe8,
  0x42, 0x86, 0x42, 0x65, 0x4a, 0xc6, 0x52, 0xe7, 0x4a, 0xc6, 0x42, 0x85, 0x42, 0xa5, 0x3a, 0xa5,
  0x4b, 0x07, 0x4b, 0x27, 0x3a, 0x84, 0x42, 0xe6, 0x6c, 0x6c, 0x7d, 0x2e, 0x95, 0xf1, 0x7d, 0x91,
  0x75, 0x70, 0x96, 0x74, 0x8e, 0x14, 0x6c, 0xcf, 0x5b, 0x8b, 0x08, 0xe1, 0x08, 0xe1, 0x08, 0xe1,
  0x08, 0xe1, 0x08, 0xe1, 0x08, 0xe1, 0x08, 0xe1, 0x08, 0xe1, 0x08, 0xe1, 0x08, 0xe1, 0x08, 0xe1,
  0x08, 0xe1, 0x08, 0xe1, 0x08, 0xe1, 0x08, 0xe1, 0x08, 0xe1, 0x08, 0xe1, 0x08, 0xe1, 0x08, 0xe1,
  0x08, 0xe1, 0x08, 0xe1, 0x08, 0xe1, 0x00, 0x80, 0x8d, 0x92, 0x4b, 0xaa, 0x2a, 0x25, 0x53, 0xaa,
  0x85, 0x90, 0x85, 0x4f, 0x32, 0x43, 0x4b, 0x07, 0x2a, 0x44, 0x85, 0x70, 0x32, 0x66, 0x00, 0x80,
  0x08, 0xe1, 0x08, 0xe1, 0x08, 0xe1, 0x08, 0xe1, 0x08, 0xe1, 0x08, 0xe1, 0x08, 0xe1, 0x08, 0xe1,
  0x08, 0xe1, 0x08, 0xe1, 0x08, 0xe1, 0x08, 0xe1, 0x08, 0xe1, 0x08, 0xe1, 0x08, 0xe1, 0x08, 0xe1,
  0x08, 0xe1, 0x08, 0xe1, 0x08, 0xe1, 0x6b, 0x4c, 0x10, 0xe2, 0x08, 0xe1, 0x4a, 0xa8, 0x19, 0x00,
  0x5b, 0x69, 0x52, 0xc7, 0x42, 0x04, 0x39, 0xc4, 0x29, 0x42, 0x21, 0x20, 0x39, 0xc3, 0x39, 0xe4,
  0x4a, 0x65, 0x4a, 0x24, 0x39, 0xc3, 0x4a, 0x85, 0x52, 0x86, 0x41, 0xe3, 0x41, 0xe3, 0x42, 0x25,
  0x42, 0x05, 0x42, 0x04, 0x39, 0xe3, 0x4a, 0x86, 0x4a, 0x86, 0x3a, 0x04, 0x3a, 0x04, 0x42, 0x45,
  0x4a, 0x86, 0x4a, 0xa6, 0x53, 0x47, 0x53, 0x48, 0x53, 0x27, 0x31, 0xe3, 0x31, 0xe3, 0x5b, 0x27,
  0x31, 0xc2, 0x31, 0x62, 0x63, 0x48, 0x5b, 0x46, 0x5b, 0x68, 0x63, 0x89, 0x5b, 0x47, 0x63, 0x88,
  0x73, 0xea, 0x4a, 0xa5, 0x52, 0xa4, 0x3a, 0x23, 0x5b, 0x27, 0x6b, 0x69, 0x4a, 0x65, 0x63, 0x27,
  0x5b, 0x28, 0x31, 0xe3, 0x42, 0x45, 0x4a, 0xc7, 0x53, 0x07, 0x53, 0x07, 0x53, 0x07, 0x4a, 0xe7,
  0x4a, 0xe7, 0x53, 0x48, 0x53, 0x28, 0x53, 0x28, 0x53, 0x07, 0x53, 0x07, 0x5b, 0x48, 0x53, 0x68,
  0x53, 0x48, 0x5b, 0x88, 0x42, 0xc5, 0x32, 0x24, 0x42, 0xa6, 0x7d, 0x2e, 0x85, 0x90, 0x7d, 0x4e,
  0x85, 0x8f, 0x75, 0x2e, 0x8e, 0x33, 0x86, 0x74, 0x75, 0x10, 0x01, 0x01, 0x7c, 0xb0, 0x08, 0xe1,
  0x08, 0xe1, 0x08, 0xe1, 0x08, 0xe1, 0x08, 0xe1, 0x08, 0xe1, 0x08, 0xe1, 0x08, 0xe1, 0x08, 0xe1,
  0x08, 0xe1, 0x08, 0xe1, 0x08, 0xe1, 0x08, 0xe1, 0x08, 0xe1, 0x08, 0xe1, 0x08, 0xe1, 0x4b, 0x2b,
  0x8c, 0xf2, 0x08, 0xe1, 0x01, 0x01, 0x65, 0x51, 0x4b, 0xeb, 0x21, 0xe4, 0x63, 0xeb, 0x85, 0x6f,
  0x8d, 0xaf, 0x29, 0xe2, 0x42, 0x64, 0x3a, 0x65, 0x6c, 0x6d, 0x74, 0x6e, 0x19, 0x43, 0x08, 0xe1,
  0x08, 0xe1, 0x08, 0xe1, 0x08, 0xe1, 0x08, 0xe1, 0x08, 0xe1, 0x08, 0xe1, 0x08, 0xe1, 0x08, 0xe1,
  0x08, 0xe1, 0x08, 0xe1, 0x08, 0xe1, 0x08, 0xe1, 0x08, 0xe1, 0x08, 0xe1, 0x08, 0xe1, 0x08, 0xe1,
  0x08, 0xe1, 0x08, 0xe1, 0x08, 0xe1, 0x08, 0xe1, 0x9d, 0x14, 0x08, 0xe1, 0x08, 0xe1, 0x29, 0x63,
  0x6b, 0xaa, 0x5b, 0x27, 0x4a, 0x44, 0x41, 0xe4, 0x29, 0x41, 0x3a, 0x04, 0x10, 0x80, 0x29, 0x42,
  0x42, 0x04, 0x4a, 0x65, 0x4a, 0x45, 0x31, 0xc3, 0x41, 0xe4, 0x41, 0xe4, 0x41, 0xe4, 0x42, 0x24,
  0x4a, 0x45, 0x42, 0x04, 0x41, 0xe4, 0x3a, 0x03, 0x4a, 0x85, 0x5b, 0x27, 0x5b, 0x27, 0x5b, 0x47,
  0x5b, 0x68, 0x5b, 0x88, 0x5b, 0x89, 0x53, 0x68, 0x5b, 0x89, 0x5b, 0x89, 0x6b, 0xca, 0x52, 0xe7,
  0x29, 0x81, 0x5b, 0x08, 0x53, 0x07, 0x4a, 0xc6, 0x52, 0xc6, 0x5a, 0xe7, 0x5a, 0xe7, 0x5a, 0xe7,
  0x4a, 0x65, 0x42, 0x24, 0x42, 0x45, 0x52, 0xe7, 0x63, 0x48, 0x42, 0x63, 0x5b, 0x27, 0x63, 0x68,
  0x3a, 0x03, 0x52, 0xc6, 0x5b, 0x07, 0x5b, 0x27, 0x52, 0xc7, 0x42, 0x45, 0x42, 0x45, 0x3a, 0x65,
  0x42, 0x86, 0x42, 0x86, 0x42, 0x86, 0x42, 0x86, 0x4a, 0xa6, 0x52, 0xc7, 0x42, 0xa6, 0x42, 0xc6,
  0x4b, 0x28, 0x53, 0x69, 0x4b, 0x48, 0x4b, 0x08, 0x4a, 0xe7, 0x4b, 0x68, 0x64, 0x0a, 0x8d, 0x90,
  0x95, 0xd1, 0x8d, 0x6f, 0x7d, 0x2e, 0x7d, 0x2e, 0x75, 0x4f, 0x64, 0xce, 0x54, 0x6c, 0x19, 0xe4,
  0x74, 0x0e, 0x08, 0xe1, 0x08, 0xe1, 0x08, 0xe1, 0x08, 0xe1, 0x08, 0xe1, 0x08, 0xe1, 0x08, 0xe1,
  0x08, 0xe1, 0x08, 0xe1, 0x08, 0xe1, 0x08, 0xe1, 0xa5, 0x53, 0x19, 0x83, 0x4c, 0x0c, 0x54, 0x6e,
  0x08, 0xe1, 0x01, 0x00, 0x75, 0x10, 0x5c, 0xaf, 0x22, 0x44, 0x43, 0x68, 0x8d, 0xf2, 0x95, 0xb1,
  0x3a, 0xa6, 0x42, 0x86, 0x4a, 0xa7, 0x5b, 0x69, 0x4a, 0xe7, 0x31, 0xc5, 0x21, 0x44, 0x08, 0xe1,
  0x08, 0xe1, 0x08, 0xe1, 0x08, 0xe1, 0x08, 0xe1, 0x08, 0xe1, 0x08, 0xe1, 0x08, 0xe1, 0x08, 0xe1,
  0x08, 0xe1, 0x08, 0xe1, 0x08, 0xe1, 0x08, 0xe1, 0x08, 0xe1, 0x08, 0xe1, 0x08, 0xe1, 0x08, 0xe1,
  0x08, 0xe1, 0x08, 0xe1, 0x08, 0xe1, 0x08, 0xe1, 0x08, 0xe1, 0x08, 0xe1, 0x08, 0xe1, 0x08, 0xe1,
  0x19, 0x60, 0x63, 0x69, 0x4a, 0x64, 0x4a, 0x46, 0x21, 0x20, 0x31, 0xa3, 0x42, 0x05, 0x21, 0x01,
  0x18, 0xe1, 0x31, 0xa4, 0x3a, 0x04, 0x42, 0x25, 0x42, 0x04, 0x41, 0xe4, 0x41, 0xe4, 0x42, 0x24,
  0x4a, 0x45, 0x4a, 0x66, 0x4a, 0x45, 0x42, 0x23, 0x52, 0xa6, 0x63, 0x28, 0x5b, 0x27, 0x5b, 0x47,
  0x63, 0x47, 0x5b, 0x47, 0x4b, 0x06, 0x5b, 0x88, 0x5b, 0x88, 0x5b, 0xaa, 0x42, 0x65, 0x31, 0xe3,
  0x4a, 0xc7, 0x53, 0x08, 0x5b, 0x27, 0x53, 0x07, 0x52, 0xe6, 0x4a, 0x85, 0x52, 0xc7, 0x4a, 0x65,
  0x31, 0xc3, 0x4a, 0x65, 0x5a, 0xe7, 0x52, 0xa5, 0x4a, 0x64, 0x52, 0xc7, 0x52, 0xc8, 0x31, 0xc3,
  0x31, 0xc4, 0x19, 0x01, 0x19, 0x41, 0x21, 0x82, 0x11, 0x20, 0x11, 0x40, 0x29, 0xe3, 0x4a, 0xe7,
  0x63, 0xaa, 0x63, 0x69, 0x53, 0x08, 0x4a, 0xc7, 0x42, 0x65, 0x3a, 0x24, 0x42, 0x44, 0x52, 0xe6,
  0x4a, 0xc6, 0x3a, 0x65, 0x42, 0x85, 0x4a, 0xe7, 0x42, 0xa6, 0x42, 0xc5, 0x42, 0xc6, 0x7c, 0xac,
  0x5b, 0x88, 0x8d, 0x2e, 0x85, 0x6f, 0x85, 0x4f, 0x53, 0xea, 0x3b, 0x27, 0x6c, 0x8c, 0x85, 0x91,
  0x85, 0xb2, 0x19, 0xc2, 0x19, 0xa3, 0x08, 0xe1, 0x08, 0xe1, 0x08, 0xe1, 0x08, 0xe1, 0x08, 0xe1,
  0x08, 0xe1, 0x73, 0xee, 0x00, 0x80, 0x12, 0x05, 0x64, 0xae, 0x6d, 0xd3, 0x44, 0xad, 0x2b, 0x08,
  0x09, 0x00, 0x6d, 0x2f, 0x6c, 0xee, 0x32, 0xa5, 0xa6, 0x75, 0x8d, 0xd2, 0x85, 0x0f, 0x32, 0x64,
  0x3a, 0x44, 0x53, 0x08, 0x4a, 0xe7, 0x29, 0x83, 0x3a, 0x25, 0x00, 0x20, 0x08, 0xe1, 0x08, 0xe1,
  0x08, 0xe1, 0x08, 0xe1, 0x08, 0xe1, 0x08, 0xe1, 0x08, 0xe1, 0x08, 0xe1, 0x08, 0xe1, 0x08, 0xe1,
  0x08, 0xe1, 0x08, 0xe1, 0x08, 0xe1, 0x08, 0xe1, 0x08, 0xe1, 0x08, 0xe1, 0x08, 0xe1, 0x08, 0xe1,
  0x08, 0xe1, 0x08, 0xe1, 0x08, 0xe1, 0x08, 0xe1, 0x08, 0xe1, 0x08, 0xe1, 0x08, 0xe1, 0x08, 0xe1,
  0x19, 0x62, 0x5b, 0x29, 0x5b, 0x27, 0x3a, 0x04, 0x42, 0x04, 0x29, 0x42, 0x31, 0xa4, 0x5a, 0xc8,
  0x10, 0xc0, 0x18, 0xe0, 0x18, 0xc1, 0x39, 0xc5, 0x42, 0x05, 0x42, 0x25, 0x4a, 0x26, 0x42, 0x45,
  0x42, 0x45, 0x42, 0x64, 0x42, 0x64, 0x42, 0x85, 0x4a, 0xa5, 0x42, 0x85, 0x52, 0x86, 0x42, 0x45,
  0x42, 0x64, 0x5b, 0x07, 0x53, 0x67, 0x53, 0x67, 0x53, 0x47, 0x4a, 0x66, 0x29, 0x82, 0x5b, 0x28,
  0x5a, 0xe7, 0x5a, 0xe7, 0x52, 0xa6, 0x42, 0x45, 0x4a, 0xa5, 0x5a, 0xc6, 0x4a, 0x85, 0x42, 0x04,
  0x42, 0x24, 0x4a, 0x65, 0x4a, 0x45, 0x52, 0x86, 0x5a, 0xc8, 0x39, 0xe4, 0x19, 0x00, 0x10, 0x80,
  0x29, 0xc4, 0x4a, 0xe9, 0x5b, 0x6a, 0x63, 0xcb, 0x74, 0x2e, 0x7c, 0x6f, 0x8d, 0x11, 0x42, 0xa8,
  0x29, 0xa4, 0x19, 0x21, 0x19, 0x62, 0x29, 0xc4, 0x5b, 0x29, 0x52, 0xe7, 0x52, 0xc5, 0x42, 0x43,
  0x5b, 0x07, 0x5b, 0x48, 0x3a, 0x44, 0x42, 0x86, 0x42, 0x65, 0x42, 0x45, 0x4a, 0x65, 0x32, 0x24,
  0x6c, 0x2c, 0x5b, 0x69, 0x5b, 0xe9, 0x8d, 0x6e, 0x85, 0x70, 0x7d, 0x2f, 0x32, 0xa5, 0x1a, 0x24,
  0x54, 0x2c, 0x85, 0xb1, 0x9e, 0x54, 0x2a, 0x66, 0x09, 0x62, 0x09, 0x62, 0x21, 0x83, 0x19, 0x21,
  0x01, 0x42, 0x33, 0x09, 0x54, 0x0c, 0x2a, 0xc8, 0x01, 0xc3, 0x64, 0xae, 0x22, 0x85, 0x22, 0xc6,
  0x54, 0x4c, 0x74, 0xee, 0x33, 0x07, 0x95, 0xf2, 0x7d, 0x50, 0x8d, 0x30, 0x3a, 0x65, 0x3a, 0x65,
  0x42, 0x86, 0x52, 0xc7, 0x31, 0xe4, 0x21, 0x83, 0x00, 0x80, 0x08, 0xe1, 0x4a, 0x89, 0x08, 0xe1,
  0x08, 0xe1, 0x08, 0xe1, 0x08, 0xe1, 0x08, 0xe1, 0x08, 0xe1, 0x08, 0xe1, 0x08, 0xe1, 0x08, 0xe1,
  0x08, 0xe1, 0x08, 0xe1, 0x08, 0xe1, 0x08, 0xe1, 0x08, 0xe1, 0x08, 0xe1, 0x08, 0xe1, 0x08, 0xe1,
  0x08, 0xe1, 0x08, 0xe1, 0x08, 0xe1, 0x08, 0xe1, 0x08, 0xe1, 0x08, 0xe1, 0x08, 0xe1, 0x08, 0xe1,
  0x8c, 0xb0, 0x10, 0xe0, 0x63, 0x49, 0x31, 0xc3, 0x42, 0x04, 0x18, 0xe0, 0x31, 0xa3, 0x39, 0xc4,
  0x52, 0xa8, 0x29, 0x83, 0x18, 0xe0, 0x21, 0x21, 0x19, 0x00, 0x42, 0x46, 0x39, 0xc4, 0x31, 0xc4,
  0x29, 0x62, 0x29, 0xa2, 0x29, 0x82, 0x32, 0x04, 0x42, 0x86, 0x42, 0x65, 0x31, 0xe3, 0x52, 0xc7,
  0x4a, 0xc6, 0x4a, 0xa6, 0x4a, 0xe6, 0x53, 0x07, 0x4a, 0xc5, 0x21, 0x61, 0x5b, 0x29, 0x5b, 0x08,
  0x4a, 0x86, 0x42, 0x24, 0x4a, 0x86, 0x52, 0xc7, 0x52, 0xc7, 0x42, 0x03, 0x39, 0xe3, 0x42, 0x24,
  0x4a, 0x65, 0x52, 0x86, 0x52, 0x86, 0x52, 0xa7, 0x31, 0xa3, 0x10, 0xc0, 0x3a, 0x25, 0x4a, 0xa8,
  0x4a, 0xc8, 0x5b, 0x4a, 0x6b, 0xcc, 0x5b, 0x6a, 0x08, 0xa1, 0x11, 0x02, 0x42, 0x47, 0xa5, 0x73,
  0x08, 0xe1, 0x08, 0xe1, 0x42, 0x47, 0x08, 0xa0, 0x19, 0x01, 0x21, 0x62, 0x4a, 0x86, 0x5a, 0xe7,
  0x4a, 0x85, 0x4a, 0xa6, 0x5b, 0x27, 0x3a, 0x65, 0x42, 0x65, 0x42, 0x45, 0x42, 0x45, 0x3a, 0x44,
  0x32, 0x03, 0x5b, 0x69, 0x5b, 0x88, 0x5b, 0xc9, 0x5b, 0xea, 0x74, 0xad, 0x7c, 0xee, 0x32, 0x86,
  0x22, 0x65, 0x11, 0xe3, 0x7d, 0x70, 0x8d, 0x92, 0x9e, 0x14, 0x53, 0xeb, 0x11, 0x61, 0x11, 0x41,
  0x11, 0x82, 0x01, 0x62, 0x01, 0x82, 0x12, 0x03, 0x22, 0x65, 0x43, 0x69, 0x4b, 0xaa, 0x54, 0x0b,
  0x5c, 0x4c, 0x4b, 0x89, 0x6c, 0x8d, 0x7c, 0xee, 0x64, 0x0b, 0x3a, 0x85, 0x42, 0x86, 0x42, 0x65,
  0x42, 0x86, 0x29, 0xa3, 0x29, 0xe4, 0x53, 0x6a, 0x53, 0x6a, 0x6b, 0xed, 0x00, 0x40, 0x08, 0xe1,
  0x08, 0xe1, 0x08, 0xe1, 0x08, 0xe1, 0x08, 0xe1, 0x08, 0xe1, 0x08, 0xe1, 0x08, 0xe1, 0x08, 0xe1,
  0x08, 0xe1, 0x08, 0xe1, 0x08, 0xe1, 0x08, 0xe1, 0x08, 0xe1, 0x08, 0xe1, 0x08, 0xe1, 0x08, 0xe1,
  0x08, 0xe1, 0x08, 0xe1, 0x08, 0xe1, 0x08, 0xe1, 0x08, 0xe1, 0x08, 0xe1, 0x08, 0xe1, 0x08, 0xe1,
  0x08, 0xe1, 0x9c, 0xd2, 0x18, 0xc0, 0x5b, 0x09, 0x39, 0xc3, 0x31, 0xc4, 0x18, 0xc0, 0x29, 0x83,
  0x3a, 0x87, 0x42, 0xc8, 0x42, 0x86, 0x5b, 0x49, 0x53, 0x09, 0x11, 0x01, 0x11, 0x01, 0x19, 0x02,
  0x10, 0xc1, 0x19, 0x02, 0x21, 0x22, 0x21, 0x63, 0x19, 0x22, 0x19, 0x02, 0x19, 0x61, 0x29, 0xe3,
  0x4a, 0xc6, 0x4a, 0xa6, 0x31, 0xc4, 0x29, 0xa3, 0x39, 0xe4, 0x4a, 0x86, 0x42, 0x45, 0x42, 0x45,
  0x42, 0x45, 0x4a, 0x86, 0x52, 0xa6, 0x42, 0x45, 0x29, 0xa4, 0x31, 0x83, 0x31, 0xc2, 0x42, 0x04,
  0x42, 0x24, 0x39, 0xe3, 0x21, 0x20, 0x21, 0x20, 0x31, 0x82, 0x4a, 0xc8, 0x42, 0xa7, 0x53, 0x09,
  0x29, 0xe4, 0x08, 0xe0, 0x08, 0xe1, 0x08, 0xe1, 0x08, 0xe1, 0x08, 0xe1, 0x08, 0xe1, 0x08, 0xe1,
  0x08, 0xe1, 0x08, 0xe1, 0x08, 0xe1, 0x08, 0xe1, 0x08, 0xe1, 0x63, 0x6b, 0x19, 0x01, 0x3a, 0x05,
  0x19, 0x40, 0x4a, 0xa5, 0x3a, 0x23, 0x53, 0x08, 0x42, 0x44, 0x42, 0x65, 0x42, 0x45, 0x63, 0x69,
  0x42, 0x44, 0x3a, 0x23, 0x32, 0x25, 0x4a, 0xe7, 0x5b, 0x68, 0x53, 0x47, 0x53, 0x47, 0x53, 0x69,
  0x5c, 0x0b, 0x33, 0x07, 0x32, 0xe7, 0x0a, 0x02, 0x7d, 0x70, 0x7d, 0x90, 0x85, 0xb1, 0x85, 0xd1,
  0x8d, 0x90, 0x7d, 0x70, 0x7d, 0x4f, 0x75, 0x2e, 0x7d, 0x6f, 0x85, 0x30, 0x5b, 0xcb, 0x64, 0x0c,
  0x4b, 0x48, 0x5b, 0x89, 0x53, 0x48, 0x42, 0xe6, 0x42, 0xc6, 0x42, 0x65, 0x3a, 0x45, 0x32, 0x04,
  0x29, 0xc3, 0x5b, 0x6a, 0x53, 0x8a, 0x5b, 0xca, 0x22, 0x03, 0x19, 0x62, 0x08, 0xe1, 0x08, 0xe1,
  0x08, 0xe1, 0x08, 0xe1, 0x08, 0xe1, 0x08, 0xe1, 0x08, 0xe1, 0x08, 0xe1, 0x08, 0xe1, 0x08, 0xe1,
  0x08, 0xe1, 0x08, 0xe1, 0x08, 0xe1, 0x08, 0xe1, 0x08, 0xe1, 0x08, 0xe1, 0x08, 0xe1, 0x08, 0xe1,
  0x08, 0xe1, 0x08, 0xe1, 0x08, 0xe1, 0x08, 0xe1, 0x08, 0xe1, 0x08, 0xe1, 0x08, 0xe1, 0x08, 0xe1,
  0x08, 0xe1, 0x08, 0xe1, 0x4a, 0x68, 0x63, 0x09, 0x5a, 0xc7, 0x39, 0xe3, 0x29, 0x42, 0x31, 0x84,
  0x19, 0x21, 0x4a, 0xa7, 0x4a, 0xc7, 0x3a, 0x66, 0x53, 0x8a, 0x53, 0x28, 0x10, 0xe0, 0x29, 0x82,
  0x29, 0xa3, 0x31, 0xe4, 0x31, 0xc3, 0x3a, 0x24, 0x31, 0xc3, 0x29, 0x82, 0x21, 0x41, 0x29, 0xa2,
  0x29, 0xa3, 0x29, 0x62, 0x42, 0x25, 0x4a, 0x66, 0x4a, 0x66, 0x4a, 0x45, 0x4a, 0x65, 0x4a, 0x45,
  0x4a, 0x45, 0x4a, 0x65, 0x42, 0x05, 0x41, 0xe4, 0x31, 0x83, 0x29, 0x21, 0x29, 0x42, 0x31, 0x83,
  0x39, 0xc4, 0x29, 0x41, 0x39, 0xe5, 0x52, 0xe7, 0x53, 0x08, 0x42, 0xc8, 0x22, 0x04, 0x19, 0x83,
  0x08, 0xe1, 0x08, 0xe1, 0x08, 0xe1, 0x08, 0xe1, 0x08, 0xe1, 0x08, 0xe1, 0x08, 0xe1, 0x08, 0xe1,
  0x08, 0xe1, 0x08, 0xe1, 0x08, 0xe1, 0x08, 0xe1, 0x08, 0xe1, 0x08, 0xe1, 0x08, 0xe1, 0x10, 0xc0,
  0x5b, 0x49, 0x42, 0x66, 0x21, 0x41, 0x42, 0x45, 0x4a, 0x66, 0x4a, 0x65, 0x42, 0x45, 0x5b, 0x28,
  0x6b, 0x89, 0x4a, 0xa5, 0x3a, 0x23, 0x3a, 0x23, 0x52, 0xe7, 0x53, 0x28, 0x4a, 0xc6, 0x4a, 0xe7,
  0x52, 0xe7, 0x53, 0x48, 0x5b, 0xaa, 0x5b, 0x89, 0x4b, 0x69, 0x53, 0xea, 0x75, 0x0e, 0x85, 0x70,
  0x85, 0x90, 0x7d, 0x0f, 0x85, 0x4f, 0x7d, 0x2f, 0x74, 0xee, 0x5b, 0x89, 0x4b, 0x07, 0x4a, 0xc6,
  0x4a, 0xc6, 0x4a, 0xc6, 0x4b, 0x07, 0x42, 0xc6, 0x42, 0x86, 0x42, 0x86, 0x19, 0x61, 0x3a, 0x45,
  0x3a, 0x65, 0x42, 0xe7, 0x6c, 0x0c, 0x08, 0xe0, 0x08, 0xa0, 0x08, 0xe1, 0x08, 0xe1, 0x08, 0xe1,
  0x08, 0xe1, 0x08, 0xe1, 0x08, 0xe1, 0x08, 0xe1, 0x08, 0xe1, 0x08, 0xe1, 0x08, 0xe1, 0x08, 0xe1,
  0x08, 0xe1, 0x08, 0xe1, 0x08, 0xe1, 0x08, 0xe1, 0x08, 0xe1, 0x08, 0xe1, 0x08, 0xe1, 0x08, 0xe1,
  0x08, 0xe1, 0x08, 0xe1, 0x08, 0xe1, 0x08, 0xe1, 0x08, 0xe1, 0x08, 0xe1, 0x08, 0xe1, 0x08, 0xe1,
  0x08, 0xe1, 0x08, 0xe1, 0xad, 0x53, 0x08, 0x60, 0x63, 0x2a, 0x3a, 0x04, 0x3a, 0x05, 0x19, 0x23,
  0x00, 0x80, 0x21, 0x43, 0x52, 0xe8, 0x4a, 0xa7, 0x3a, 0x45, 0x63, 0xaa, 0x53, 0x69, 0x19, 0x01,
  0x29, 0x63, 0x3a, 0x05, 0x3a, 0x04, 0x31, 0xe4, 0x3a, 0x25, 0x3a, 0x05, 0x42, 0x45, 0x4a, 0x87,
  0x42, 0x86, 0x29, 0x62, 0x29, 0x62, 0x31, 0xa3, 0x31, 0xa2, 0x31, 0xa2, 0x31, 0xa2, 0x31, 0xa3,
  0x31, 0xa3, 0x31, 0xa2, 0x29, 0x40, 0x21, 0x20, 0x31, 0x83, 0x42, 0x05, 0x42, 0x05, 0x21, 0x01,
  0x21, 0x21, 0x31, 0xc4, 0x2a, 0x05, 0x22, 0x03, 0x19, 0xe3, 0x22, 0x05, 0x19, 0xe4, 0x64, 0x2d,
  0x3a, 0xc8, 0x00, 0xa1, 0x08, 0xe1, 0x08, 0xe1, 0x08, 0xe1, 0x08, 0xe1, 0x08, 0xe1, 0x08, 0xe1,
  0x08, 0xe1, 0x08, 0xe1, 0x08, 0xe1, 0x08, 0xe1, 0x08, 0xe1, 0x08, 0xe1, 0x08, 0xe1, 0x08, 0xe1,
  0x08, 0x80, 0x5b, 0x29, 0x53, 0x08, 0x21, 0x41, 0x3a, 0x04, 0x4a, 0x65, 0x42, 0x45, 0x42, 0x23,
  0x5b, 0x07, 0x73, 0xaa, 0x63, 0x69, 0x5b, 0x07, 0x29, 0xe3, 0x52, 0xe7, 0x53, 0x07, 0x4a, 0xe7,
  0x4a, 0xc6, 0x4a, 0xc6, 0x4a, 0xa6, 0x52, 0xe6, 0x63, 0x89, 0x5b, 0xaa, 0x64, 0x0a, 0x53, 0xa9,
  0x63, 0xea, 0x63, 0xea, 0x64, 0x2b, 0x6c, 0x4c, 0x42, 0xe6, 0x42, 0x85, 0x4a, 0xc6, 0x4a, 0xc6,
  0x4a, 0xc6, 0x5b, 0x28, 0x53, 0x07, 0x42, 0x64, 0x31, 0xe3, 0x31, 0xe3, 0x42, 0x86, 0x4a, 0xc7,
  0x53, 0x08, 0x5b, 0x4a, 0x11, 0x01, 0x4a, 0xa8, 0x08, 0xe1, 0x08, 0xe1, 0x08, 0xe1, 0x08, 0xe1,
  0x08, 0xe1, 0x08, 0xe1, 0x08, 0xe1, 0x08, 0xe1, 0x08, 0xe1, 0x08, 0xe1, 0x08, 0xe1, 0x08, 0xe1,
  0x08, 0xe1, 0x08, 0xe1, 0x08, 0xe1, 0x08, 0xe1, 0x08, 0xe1, 0x08, 0xe1, 0x08, 0xe1, 0x08, 0xe1,
  0x08, 0xe1, 0x08, 0xe1, 0x08, 0xe1, 0x08, 0xe1, 0x08, 0xe1, 0x08, 0xe1, 0x08, 0xe1, 0x08, 0xe1,
  0x08, 0xe1, 0x08, 0xe1, 0x08, 0xe1, 0xad, 0x54, 0x63, 0x0b, 0x4a, 0xa7, 0x52, 0xe8, 0x08, 0xe0,
  0x08, 0xe1, 0x29, 0x43, 0x19, 0x01, 0x53, 0x29, 0x42, 0xa7, 0x3a, 0x86, 0x42, 0xc8, 0x4b, 0x08,
  0x21, 0x21, 0x21, 0x63, 0x4a, 0xe7, 0x42, 0xa7, 0x29, 0xc3, 0x42, 0x66, 0x32, 0x04, 0x3a, 0x24,
  0x42, 0x65, 0x4a, 0xc7, 0x18, 0xe0, 0x39, 0xc3, 0x4a, 0x25, 0x4a, 0x45, 0x4a, 0x45, 0x4a, 0x65,
  0x4a, 0x65, 0x39, 0xe4, 0x29, 0x62, 0x31, 0xa2, 0x29, 0x61, 0x29, 0x20, 0x21, 0x41, 0x29, 0xa3,
  0x29, 0x82, 0x31, 0xe4, 0x43, 0x09, 0x43, 0x08, 0x3a, 0xc7, 0x43, 0x09, 0x21, 0xe4, 0x11, 0x00,
  0x4a, 0xe9, 0xa5, 0x52, 0xa5, 0x13, 0xa5, 0x13, 0xa5, 0x13, 0xa5, 0x33, 0x08, 0xe1, 0x08, 0xe1,
  0x08, 0xe1, 0x08, 0xe1, 0x08, 0xe1, 0x08, 0xe1, 0x08, 0xe1, 0x08, 0xe1, 0x08, 0xe1, 0x08, 0xe1,
  0x08, 0xe1, 0x4a, 0x67, 0x73, 0xec, 0x4a, 0xe7, 0x3a, 0x24, 0x19, 0x21, 0x21, 0x21, 0x42, 0x23,
  0x42, 0x44, 0x42, 0x44, 0x52, 0xc6, 0x6b, 0x89, 0x6b, 0x89, 0x4a, 0xa5, 0x4a, 0x65, 0x63, 0x49,
  0x53, 0x08, 0x53, 0x07, 0x53, 0x28, 0x53, 0x08, 0x31, 0xc3, 0x39, 0xe3, 0x42, 0x24, 0x5b, 0x08,
  0x5b, 0x69, 0x5b, 0x69, 0x53, 0x08, 0x42, 0xa6, 0x3a, 0x66, 0x3a, 0x45, 0x42, 0x45, 0x42, 0x25,
  0x42, 0x45, 0x3a, 0x25, 0x3a, 0x25, 0x3a, 0x25, 0x42, 0x65, 0x4a, 0x85, 0x53, 0x29, 0x4a, 0xe8,
  0x08, 0xe0, 0x19, 0x03, 0x08, 0xe1, 0x08, 0xe1, 0x08, 0xe1, 0x08, 0xe1, 0x08, 0xe1, 0x08, 0xe1,
  0x08, 0xe1, 0x08, 0xe1, 0x08, 0xe1, 0x08, 0xe1, 0x08, 0xe1, 0x08, 0xe1, 0x08, 0xe1, 0x08, 0xe1,
  0x08, 0xe1, 0x08, 0xe1, 0x08, 0xe1, 0x08, 0xe1, 0x08, 0xe1, 0x08, 0xe1, 0x08, 0xe1, 0x08, 0xe1,
  0x08, 0xe1, 0x08, 0xe1, 0x08, 0xe1, 0x08, 0xe1, 0x08, 0xe1, 0x08, 0xe1, 0x08, 0xe1, 0x08, 0xe1,
  0x08, 0xe1, 0x08, 0xe1, 0x08, 0xe1, 0xad, 0x33, 0x9c, 0xf2, 0x4a, 0x67, 0x21, 0x43, 0x29, 0x63,
  0x9c, 0xf2, 0x9c, 0xd1, 0x4a, 0x67, 0x08, 0xc1, 0x3a, 0x87, 0x3a, 0x87, 0x4a, 0xc8, 0x3a, 0xa7,
  0x21, 0x83, 0x08, 0xe1, 0x3a, 0x24, 0x42, 0xc7, 0x42, 0xa7, 0x29, 0xa3, 0x42, 0x86, 0x3a, 0x24,
  0x42, 0x45, 0x4a, 0xa6, 0x42, 0x87, 0x10, 0xe0, 0x42, 0x25, 0x4a, 0x45, 0x39, 0xe3, 0x29, 0x62,
  0x39, 0xc3, 0x3a, 0x04, 0x31, 0xa3, 0x29, 0x61, 0x3a, 0x04, 0x3a, 0x25, 0x3a, 0x45, 0x3a, 0x46,
  0x3a, 0x66, 0x32, 0x06, 0x19, 0x43, 0x11, 0x01, 0x11, 0x22, 0x00, 0xa0, 0x5b, 0x0a, 0xad, 0x53,
  0x9c, 0xd1, 0x9c, 0xf2, 0x9c, 0xf2, 0xa4, 0xf2, 0xa4, 0xf2, 0xa5, 0x13, 0xa5, 0x13, 0xa5, 0x13,
  0xa5, 0x33, 0x08, 0xe1, 0x08, 0xe1, 0x08, 0xe1, 0x08, 0xe1, 0x08, 0xe1, 0x08, 0xe1, 0x08, 0xe1,
  0x08, 0xe1, 0x08, 0xe1, 0x10, 0xe1, 0x5b, 0x4a, 0x5b, 0x4a, 0x3a, 0x87, 0x21, 0x42, 0x19, 0x00,
  0x21, 0x21, 0x42, 0x46, 0x4a, 0x86, 0x42, 0x45, 0x52, 0xc6, 0x6b, 0x89, 0x31, 0xc2, 0x42, 0x24,
  0x5b, 0x28, 0x5b, 0x48, 0x5b, 0x48, 0x5b, 0x69, 0x63, 0x49, 0x5b, 0x08, 0x42, 0x24, 0x39, 0xe3,
  0x3a, 0x23, 0x3a, 0x23, 0x3a, 0x24, 0x3a, 0x24, 0x3a, 0x24, 0x42, 0x66, 0x3a, 0x24, 0x3a, 0x05,
  0x3a, 0x04, 0x31, 0xc3, 0x3a, 0x04, 0x3a, 0x25, 0x4a, 0xa7, 0x4a, 0xa7, 0x00, 0x60, 0x00, 0x80,
  0xa5, 0x73, 0x08, 0xe1, 0x08, 0xe1, 0x08, 0xe1, 0x08, 0xe1, 0x08, 0xe1, 0x08, 0xe1, 0x08, 0xe1,
  0x08, 0xe1, 0x08, 0xe1, 0x08, 0xe1, 0x08, 0xe1, 0x08, 0xe1, 0x08, 0xe1, 0x08, 0xe1, 0x08, 0xe1,
  0x08, 0xe1, 0x08, 0xe1, 0x08, 0xe1, 0x08, 0xe1, 0x08, 0xe1, 0x08, 0xe1, 0x08, 0xe1, 0x08, 0xe1,
  0x08, 0xe1, 0x08, 0xe1, 0x08, 0xe1, 0x08, 0xe1, 0x08, 0xe1, 0x08, 0xe1, 0x08, 0xe1, 0x08, 0xe1,
  0x08, 0xe1, 0x08, 0xe1, 0x08, 0xe1, 0xa5, 0x33, 0xa4, 0xf2, 0x9c, 0xf2, 0xa5, 0x13, 0x20, 0xe2,
  0x94, 0x90, 0x8c, 0x70, 0x9c, 0xb1, 0x8c, 0x91, 0x00, 0xe0, 0x21, 0xc4, 0x42, 0xa7, 0x2a, 0x66,
  0x4a, 0xe8, 0x29, 0xa4, 0x32, 0x03, 0x32, 0x46, 0x42, 0xa7, 0x42, 0x46, 0x32, 0x04, 0x4a, 0xa6,
  0x4a, 0xa6, 0x4a, 0x86, 0x42, 0xc8, 0x32, 0x04, 0x29, 0x82, 0x4a, 0x65, 0x4a, 0x65, 0x3a, 0x04,
  0x42, 0x25, 0x42, 0x25, 0x42, 0x25, 0x39, 0xc4, 0x32, 0x04, 0x3a, 0x25, 0x3a, 0x66, 0x32, 0x45,
  0x08, 0xe0, 0x00, 0xa1, 0x41, 0xe6, 0x84, 0x4f, 0xa5, 0x32, 0x94, 0x91, 0x8c, 0x2f, 0xa4, 0xd1,
  0xa4, 0xb2, 0x94, 0xb2, 0x9c, 0xd2, 0x9c, 0xd2, 0x9c, 0xf2, 0x9c, 0xf2, 0x9c, 0xf2, 0x9c, 0xf2,
  0xa5, 0x12, 0xa5, 0x13, 0xa5, 0x33, 0xa5, 0x33, 0xa5, 0x13, 0x08, 0xe1, 0x08, 0xe1, 0x08, 0xe1,
  0x08, 0xe1, 0x08, 0xe1, 0x9d, 0x73, 0x6b, 0xed, 0x32, 0x05, 0x74, 0x6f, 0x7c, 0x6f, 0x42, 0x46,
  0x10, 0xc0, 0x29, 0x63, 0x29, 0x83, 0x42, 0x26, 0x52, 0xa5, 0x42, 0x65, 0x4a, 0x65, 0x39, 0xa2,
  0x31, 0xa2, 0x3a, 0x44, 0x3a, 0x44, 0x42, 0x86, 0x42, 0x66, 0x4a, 0x86, 0x52, 0xc7, 0x4a, 0x65,
  0x4a, 0x44, 0x4a, 0x44, 0x42, 0x45, 0x42, 0x24, 0x52, 0xc7, 0x4a, 0xa6, 0x42, 0x86, 0x4a, 0x86,
  0x31, 0xc3, 0x19, 0x41, 0x31, 0xc3, 0x19, 0x21, 0x08, 0xa0, 0x00, 0x80, 0x08, 0xe1, 0x08, 0xe1,
  0x08, 0xe1, 0x08, 0xe1, 0x08, 0xe1, 0x08, 0xe1, 0x08, 0xe1, 0x08, 0xe1, 0x08, 0xe1, 0x08, 0xe1,
  0x08, 0xe1, 0x08, 0xe1, 0x08, 0xe1, 0x08, 0xe1, 0x08, 0xe1, 0x08, 0xe1, 0x08, 0xe1, 0x08, 0xe1,
  0x08, 0xe1, 0x08, 0xe1, 0x08, 0xe1, 0x08, 0xe1, 0x08, 0xe1, 0x08, 0xe1, 0x08, 0xe1, 0x08, 0xe1,
  0x08, 0xe1, 0x08, 0xe1, 0x08, 0xe1, 0x08, 0xe1, 0x08, 0xe1, 0x08, 0xe1, 0x08, 0xe1, 0x08, 0xe1,
  0x08, 0xe1, 0x08, 0xe1, 0x08, 0xe1, 0xa5, 0x33, 0x9c, 0xf2, 0x9c, 0xd1, 0x9c, 0xd2, 0x94, 0x91,
  0x9c, 0xd2, 0x9c, 0xb1, 0x94, 0x91, 0x8c, 0x70, 0x94, 0x70, 0x94, 0xf2, 0x19, 0x23, 0x19, 0x21,
  0x21, 0xe4, 0x42, 0xa8, 0x2a, 0x05, 0x09, 0x00, 0x3a, 0x86, 0x2a, 0x05, 0x32, 0x25, 0x31, 0xe4,
  0x42, 0xa7, 0x42, 0xc8, 0x3a, 0x87, 0x53, 0x29, 0x42, 0xc7, 0x21, 0x61, 0x21, 0x62, 0x31, 0xe4,
  0x42, 0x25, 0x4a, 0x86, 0x3a, 0x25, 0x31, 0xe4, 0x21, 0xa3, 0x11, 0x00, 0x21, 0xc4, 0x95, 0x11,
  0x9d, 0x11, 0x8c, 0x4f, 0x94, 0x90, 0x94, 0x50, 0x94, 0x70, 0x94, 0x90, 0x94, 0x90, 0x94, 0x90,
  0x94, 0x91, 0x9c, 0xb1, 0x94, 0xb1, 0x94, 0xb1, 0x9c, 0xd2, 0x9c, 0xd2, 0x9c, 0xd2, 0x9c, 0xf2,
  0x9c, 0xf2, 0x9c, 0xf2, 0x9c, 0xf2, 0x9c, 0xf2, 0xa4, 0xf2, 0xa4, 0xf2, 0x9c, 0xf2, 0x9c, 0xf2,
  0xa5, 0x12, 0xa5, 0x12, 0xa5, 0x12, 0xad, 0x33, 0xa5, 0x54, 0x29, 0xe5, 0x08, 0xa1, 0x29, 0x63,
  0x08, 0xe1, 0x10, 0xa1, 0x32, 0x05, 0x63, 0x8b, 0x29, 0x82, 0x21, 0x20, 0x29, 0x61, 0x41, 0xe5,
  0x41, 0xe5, 0x31, 0xc3, 0x42, 0x25, 0x4a, 0x46, 0x39, 0xe4, 0x39, 0xc3, 0x31, 0xc4, 0x29, 0x82,
  0x29, 0x82, 0x31, 0xc3, 0x21, 0x62, 0x29, 0x82, 0x21, 0x82, 0x31, 0xe3, 0x29, 0xa2, 0x19, 0x41,
  0x42, 0xc7, 0x42, 0xa6, 0x29, 0xc4, 0x6b, 0xac, 0x08, 0xe1, 0x08, 0xe1, 0x08, 0xe1, 0x08, 0xe1,
  0x08, 0xe1, 0x08, 0xe1, 0x08, 0xe1, 0x08, 0xe1, 0x08, 0xe1, 0x08, 0xe1, 0x08, 0xe1, 0x08, 0xe1,
  0x08, 0xe1, 0x08, 0xe1, 0x08, 0xe1, 0x08, 0xe1, 0x08, 0xe1, 0x08, 0xe1, 0x08, 0xe1, 0x08, 0xe1,
  0x08, 0xe1, 0x08, 0xe1, 0x08, 0xe1, 0x08, 0xe1, 0x08, 0xe1, 0x08, 0xe1, 0x08, 0xe1, 0x08, 0xe1,
  0x08, 0xe1, 0x08, 0xe1, 0x08, 0xe1, 0x08, 0xe1, 0x08, 0xe1, 0x08, 0xe1, 0x08, 0xe1, 0x08, 0xe1,
  0x08, 0xe1, 0x08, 0xe1, 0x08, 0xe1, 0x08, 0xe1, 0xa5, 0x13, 0x9c, 0xf2, 0x9c, 0xd2, 0x94, 0xb1,
  0x94, 0xd1, 0x94, 0xb1, 0x8c, 0x90, 0x8c, 0x70, 0x94, 0x6f, 0x94, 0x90, 0x84, 0x70, 0x84, 0x2f,
  0x29, 0xe5, 0x11, 0x42, 0x19, 0xa3, 0x21, 0xa3, 0x11, 0x00, 0x3a, 0x45, 0x3a, 0x66, 0x3a, 0x46,
  0x32, 0x46, 0x3a, 0x66, 0x4a, 0xe8, 0x42, 0xa7, 0x53, 0x29, 0x4a, 0xe8, 0x4a, 0xc7, 0x53, 0x29,
  0x3a, 0x66, 0x29, 0xc3, 0x32, 0x45, 0x42, 0xa7, 0x4b, 0x49, 0x5b, 0xab, 0x4b, 0x4a, 0x53, 0x2a,
  0x4a, 0xc8, 0x6b, 0x6c, 0x8c, 0x6f, 0x94, 0x70, 0x94, 0x70, 0x94, 0x90, 0x94, 0x90, 0x94, 0x90,
  0x94, 0x91, 0x94, 0x91, 0x94, 0xb1, 0x94, 0xb1, 0x9c, 0xd2, 0x9c, 0xd2, 0x9c, 0xd2, 0x9c, 0xd2,
  0x9c, 0xd2, 0x9c, 0xf2, 0x9c, 0xf2, 0x9c, 0xf2, 0xa4, 0xf2, 0xa4, 0xf2, 0x9c, 0xf2, 0x9c, 0xf2,
  0xa4, 0xf2, 0xa4, 0xf2, 0xa4, 0xf2, 0xa4, 0xf2, 0x94, 0xf2, 0x9c, 0xd2, 0x08, 0xe1, 0x08, 0xe1,
  0x94, 0xf2, 0x9d, 0x13, 0x10, 0xc0, 0x19, 0x01, 0x53, 0x09, 0x3a, 0x25, 0x31, 0xe4, 0x29, 0x21,
  0x21, 0x01, 0x31, 0x82, 0x39, 0xc3, 0x42, 0x04, 0x4a, 0x66, 0x4a, 0x66, 0x42, 0x45, 0x31, 0xc3,
  0x21, 0x63, 0x29, 0xa4, 0x3a, 0x04, 0x3a, 0x45, 0x31, 0xe4, 0x19, 0x63, 0x21, 0x83, 0x2a, 0x46,
  0x32, 0xe8, 0x8d, 0xd3, 0x84, 0xf0, 0x5a, 0xe9, 0x08, 0xe1, 0x08, 0xe1, 0x08, 0xe1, 0x08, 0xe1,
  0x08, 0xe1, 0x08, 0xe1, 0x08, 0xe1, 0x08, 0xe1, 0x08, 0xe1, 0x08, 0xe1, 0x08, 0xe1, 0x08, 0xe1,
  0x08, 0xe1, 0x08, 0xe1, 0x08, 0xe1, 0x08, 0xe1, 0x08, 0xe1, 0x08, 0xe1, 0x08, 0xe1, 0x08, 0xe1,
  0x08, 0xe1, 0x08, 0xe1, 0x08, 0xe1, 0x08, 0xe1, 0x08, 0xe1, 0x08, 0xe1, 0x08, 0xe1, 0x08, 0xe1,
  0x08, 0xe1, 0x08, 0xe1, 0x08, 0xe1, 0x08, 0xe1, 0x08, 0xe1, 0x08, 0xe1, 0x08, 0xe1, 0x08, 0xe1,
  0x08, 0xe1, 0x08, 0xe1, 0x08, 0xe1, 0x08, 0xe1, 0x08, 0xe1, 0x08, 0xe1, 0x08, 0xe1, 0xa4, 0xf3,
  0x9c, 0xd2, 0x9c, 0xd1, 0x94, 0xb1, 0x94, 0x91, 0x94, 0x50, 0x94, 0x50, 0x8c, 0x50, 0x8c, 0x50,
  0x8c, 0x50, 0x84, 0x6f, 0x52, 0xe9, 0x29, 0xc4, 0x19, 0x42, 0x19, 0x21, 0x21, 0xa3, 0x32, 0x87,
  0x3a, 0x66, 0x4a, 0xa7, 0x42, 0xe8, 0x4b, 0x08, 0x42, 0xe8, 0x4b, 0x08, 0x53, 0x49, 0x53, 0x29,
  0x42, 0xc7, 0x4a, 0xe7, 0x53, 0x4a, 0x53, 0x6a, 0x53, 0xab, 0x4b, 0x4a, 0x4b, 0x09, 0x19, 0x84,
  0x2a, 0x05, 0x8c, 0x50, 0x8c, 0x70, 0x94, 0x90, 0x94, 0x90, 0x94, 0x91, 0x94, 0x91, 0x94, 0x91,
  0x9c, 0x91, 0x9c, 0x91, 0x94, 0xb1, 0x94, 0xb1, 0x9c, 0xd1, 0x9c, 0xd1, 0x9c, 0xd1, 0xa4, 0xd2,
  0xa4, 0xd2, 0xa4, 0xf2, 0xa4, 0xf2, 0xa4, 0xf2, 0xa4, 0xf2, 0xa4, 0xf2, 0x9c, 0xf2, 0x9c, 0xf2,
  0xa4, 0xf2, 0xa4, 0xf2, 0xa4, 0xf2, 0xa4, 0xd2, 0xa4, 0xd2, 0xa4, 0xf2, 0xa4, 0xf2, 0x9c, 0xd2,
  0x9c, 0xd2, 0x9c, 0xd2, 0x9d, 0x13, 0x31, 0xc6, 0x21, 0x41, 0x53, 0x49, 0x4b, 0x28, 0x52, 0xe8,
  0x42, 0x86, 0x39, 0xe4, 0x31, 0xa3, 0x31, 0xa3, 0x21, 0x41, 0x19, 0x00, 0x08, 0x80, 0x00, 0x40,
  0x08, 0xc2, 0x08, 0xc2, 0x08, 0xc0, 0x10, 0xe1, 0x08, 0xa0, 0x08, 0xc0, 0x19, 0x42, 0x19, 0xa4,
  0x21, 0xc4, 0x2a, 0x05, 0x29, 0xa4, 0x5b, 0x09, 0x08, 0xe1, 0x08, 0xe1, 0x08, 0xe1, 0x08, 0xe1,
  0x08, 0xe1, 0x08, 0xe1, 0x08, 0xe1, 0x08, 0xe1, 0x08, 0xe1, 0x08, 0xe1, 0x08, 0xe1, 0x08, 0xe1,
  0x08, 0xe1, 0x08, 0xe1, 0x08, 0xe1, 0x08, 0xe1, 0x08, 0xe1, 0x08, 0xe1, 0x08, 0xe1, 0x08, 0xe1,
  0x08, 0xe1, 0x08, 0xe1, 0x08, 0xe1, 0x08, 0xe1, 0x08, 0xe1, 0x08, 0xe1, 0x08, 0xe1, 0x08, 0xe1,
  0x08, 0xe1, 0x08, 0xe1, 0x08, 0xe1, 0x08, 0xe1, 0x08, 0xe1, 0x08, 0xe1, 0x08, 0xe1, 0x08, 0xe1,
  0x08, 0xe1, 0x08, 0xe1, 0x08, 0xe1, 0x08, 0xe1, 0x08, 0xe1, 0x08, 0xe1, 0x08, 0xe1, 0x08, 0xe1,
  0x08, 0xe1, 0x08, 0xe1, 0xad, 0x53, 0xa5, 0x12, 0x9c, 0xb1, 0x9c, 0xb1, 0x94, 0x91, 0x94, 0x91,
  0x94, 0x91, 0x8c, 0x90, 0x8c, 0x50, 0x8c, 0x70, 0x8c, 0x50, 0x8c, 0x50, 0x8c, 0x90, 0x32, 0x27,
  0x19, 0x43, 0x11, 0x02, 0x11, 0x22, 0x11, 0x22, 0x19, 0x63, 0x21, 0xa4, 0x32, 0x06, 0x63, 0x6b,
  0x7c, 0x4f, 0x84, 0x4f, 0x84, 0x90, 0x84, 0x90, 0x9d, 0x12, 0x94, 0xd1, 0x94, 0x91, 0x94, 0xb1,
  0x94, 0xb1, 0x94, 0x90, 0x94, 0xb1, 0x9c, 0x91, 0x9c, 0x91, 0x9c, 0xb1, 0x9c, 0xb1, 0x9c, 0xb1,
  0x9c, 0xd2, 0x9c, 0xd2, 0x9c, 0xd2, 0x9c, 0xd2, 0xa4, 0xf2, 0xa4, 0xf2, 0xa4, 0xf2, 0xa4, 0xf2,
  0xa4, 0xf2, 0xa4, 0xf2, 0xa4, 0xf2, 0xa4, 0xf2, 0xa4, 0xf2, 0xa4, 0xf2, 0xa5, 0x12, 0xa5, 0x12,
  0xa4, 0xf2, 0xa4, 0xf2, 0xa4, 0xf2, 0xa4, 0xf2, 0xa4, 0xf2, 0xa4, 0xf2, 0xa4, 0xf2, 0x9c, 0xd2,
  0x9c, 0xd2, 0x9c, 0xd2, 0xa4, 0xf2, 0x9c, 0xd2, 0xa5, 0x32, 0x52, 0xe9, 0x19, 0x43, 0x42, 0xa7,
  0x5b, 0x6a, 0x5b, 0x6a, 0x53, 0x08, 0x53, 0x08, 0x53, 0x08, 0x4a, 0xe8, 0x3a, 0x06, 0x9d, 0x32,
  0x08, 0xe1, 0x08, 0xe1, 0x08, 0xe1, 0x08, 0xe1, 0x08, 0xe1, 0x08, 0xe1, 0xa5, 0x33, 0x08, 0xe1,
  0xad, 0x54, 0x08, 0xe1, 0x08, 0xe1, 0x08, 0xe1, 0x08, 0xe1, 0x08, 0xe1, 0x08, 0xe1, 0x08, 0xe1,
  0x08, 0xe1, 0x08, 0xe1, 0x08, 0xe1, 0x08, 0xe1, 0x08, 0xe1, 0x08, 0xe1, 0x08, 0xe1, 0x08, 0xe1,
  0x08, 0xe1, 0x08, 0xe1, 0x08, 0xe1, 0x08, 0xe1, 0x08, 0xe1, 0x08, 0xe1, 0x08, 0xe1, 0x08, 0xe1,
  0x08, 0xe1, 0x08, 0xe1, 0x08, 0xe1, 0x08, 0xe1, 0x08, 0xe1, 0x08, 0xe1, 0x08, 0xe1, 0x08, 0xe1,
  0x08, 0xe1, 0x08, 0xe1, 0x08, 0xe1, 0x08, 0xe1, 0x08, 0xe1, 0x08, 0xe1, 0x08, 0xe1, 0x08, 0xe1,
  0x08, 0xe1, 0x08, 0xe1, 0x08, 0xe1, 0x08, 0xe1, 0x08, 0xe1, 0x08, 0xe1, 0x08, 0xe1, 0x08, 0xe1,
  0x08, 0xe1, 0x08, 0xe1, 0x08, 0xe1, 0x08, 0xe1, 0x08, 0xe1, 0x08, 0xe1, 0x08, 0xe1, 0x08, 0xe1,
  0x9c, 0xb2, 0x94, 0xb2, 0x94, 0xb2, 0x94, 0xb2, 0x94, 0xb2, 0x94, 0xb2, 0x94, 0x91, 0x8c, 0x71,
  0x94, 0xb1, 0x9c, 0xd2, 0x8c, 0x70, 0x94, 0x91, 0x94, 0xb1, 0x8c, 0x90, 0x8c, 0x70, 0x8c, 0x50,
  0x8c, 0x50, 0x8c, 0x50, 0x8c, 0x70, 0x8c, 0x70, 0x94, 0x91, 0x94, 0x91, 0x94, 0x91, 0x9c, 0xb2,
  0x9c, 0xb2, 0x9c, 0xb1, 0x94, 0x91, 0x94, 0x91, 0x94, 0xb2, 0x9c, 0xf2, 0x9c, 0xf2, 0x9c, 0xf2,
  0xa5, 0x33, 0xa5, 0x33, 0xa5, 0x33, 0xa5, 0x33, 0xa5, 0x13, 0xa5, 0x13, 0xa5, 0x13, 0xa5, 0x13,
  0xa5, 0x13, 0xa5, 0x13, 0xa5, 0x13, 0xa5, 0x13, 0xa5, 0x13, 0xa5, 0x13, 0xa5, 0x13, 0xa5, 0x13,
  0xad, 0x33, 0xa5, 0x33, 0xa5, 0x13, 0xa4, 0xf2, 0xa5, 0x13, 0x9c, 0xf2, 0x9c, 0xd2, 0xa4, 0xf2,
  0x9c, 0xf2, 0x9c, 0xd2, 0x9c, 0xd2, 0x9c, 0xd2, 0x9c, 0xd2, 0x9c, 0xd2, 0x9c, 0xd2, 0x94, 0x70,
  0x4a, 0x48, 0x21, 0x21, 0x18, 0xe0, 0x19, 0x62, 0x4a, 0xa7, 0x5b, 0x29, 0x21, 0x63, 0x11, 0x01,
  0x08, 0xe1, 0xa5, 0x13, 0xa5, 0x13, 0x08, 0xe1, 0x08, 0xe1, 0x08, 0xe1, 0x08, 0xe1, 0x08, 0xe1,
  0x08, 0xe1, 0x08, 0xe1, 0x08, 0xe1, 0x08, 0xe1, 0x08, 0xe1, 0x08, 0xe1, 0x08, 0xe1, 0x08, 0xe1,
  0x08, 0xe1, 0x08, 0xe1, 0x08, 0xe1, 0x08, 0xe1, 0x08, 0xe1, 0x08, 0xe1, 0x08, 0xe1, 0x08, 0xe1,
  0x08, 0xe1, 0x08, 0xe1, 0x08, 0xe1, 0x08, 0xe1, 0x08, 0xe1, 0x08, 0xe1, 0x08, 0xe1, 0x08, 0xe1,
  0x08, 0xe1, 0x08, 0xe1, 0x08, 0xe1, 0x08, 0xe1, 0x08, 0xe1, 0x08, 0xe1, 0x08, 0xe1, 0x08, 0xe1,
  0x08, 0xe1, 0x08, 0xe1, 0x08, 0xe1, 0x08, 0xe1, 0x08, 0xe1, 0x08, 0xe1, 0x08, 0xe1, 0x08, 0xe1,
  0x08, 0xe1, 0x08, 0xe1, 0x08, 0xe1, 0x08, 0xe1, 0x08, 0xe1, 0x08, 0xe1, 0x08, 0xe1, 0x08, 0xe1,
  0x08, 0xe1, 0x08, 0xe1, 0x08, 0xe1, 0x08, 0xe1, 0x08, 0xe1, 0x08, 0xe1, 0x08, 0xe1, 0x08, 0xe1,
  0x08, 0xe1, 0x08, 0xe1, 0x08, 0xe1, 0x08, 0xe1, 0x08, 0xe1, 0x08, 0xe1, 0x08, 0xe1, 0x08, 0xe1,
  0xad, 0x54, 0x9c, 0xf2, 0x9c, 0xd2, 0x9c, 0xd2, 0x9c, 0xb1, 0x9c, 0xd2, 0x9c, 0xf2, 0x9c, 0xd2,
  0x9c, 0xd2, 0x9c, 0xd2, 0x9c, 0xd1, 0x9c, 0xd1, 0x9c, 0xb1, 0x9c, 0xd2, 0xa4, 0xf3, 0x08, 0xe1,
  0x08, 0xe1, 0x08, 0xe1, 0x08, 0xe1, 0x08, 0xe1, 0x08, 0xe1, 0x08, 0xe1, 0x08, 0xe1, 0x08, 0xe1,
  0x08, 0xe1, 0x08, 0xe1, 0x08, 0xe1, 0x08, 0xe1, 0x08, 0xe1, 0x08, 0xe1, 0x08, 0xe1, 0x08, 0xe1,
  0x08, 0xe1, 0x08, 0xe1, 0x08, 0xe1, 0x08, 0xe1, 0x08, 0xe1, 0x08, 0xe1, 0x08, 0xe1, 0x08, 0xe1,
  0xa5, 0x53, 0xa5, 0x33, 0xa5, 0x13, 0xad, 0x33, 0xad, 0x13, 0xa5, 0x13, 0xa5, 0x13, 0xa5, 0x33,
  0xa5, 0x33, 0xa5, 0x13, 0xa5, 0x12, 0xa5, 0x12, 0x9c, 0xf2, 0x9c, 0xf2, 0x9c, 0xf2, 0x9c, 0xb1,
  0x94, 0x91, 0x9d, 0x12, 0xa5, 0x53, 0x94, 0xd1, 0x42, 0x67, 0x21, 0x43, 0x21, 0x43, 0x19, 0x02,
  0x5a, 0xc9, 0x08, 0xe1, 0x08, 0xe1, 0x08, 0xe1, 0x08, 0xe1, 0x08, 0xe1, 0x08, 0xe1, 0x08, 0xe1,
  0x08, 0xe1, 0x08, 0xe1, 0x08, 0xe1, 0x08, 0xe1, 0x08, 0xe1, 0x08, 0xe1, 0x08, 0xe1, 0x08, 0xe1,
  0x08, 0xe1, 0x08, 0xe1, 0x08, 0xe1, 0x08, 0xe1, 0x08, 0xe1, 0x08, 0xe1, 0x08, 0xe1, 0x08, 0xe1,
  0x08, 0xe1, 0x08, 0xe1, 0x08, 0xe1, 0x08, 0xe1, 0x08, 0xe1, 0x08, 0xe1, 0x08, 0xe1, 0x08, 0xe1,
  0x08, 0xe1, 0x08, 0xe1, 0x08, 0xe1, 0x08, 0xe1, 0x08, 0xe1, 0x08, 0xe1, 0x08, 0xe1, 0x08, 0xe1,
  0x08, 0xe1, 0x08, 0xe1, 0x08, 0xe1, 0x08, 0xe1, 0x08, 0xe1, 0x08, 0xe1, 0x08, 0xe1, 0x08, 0xe1,
  0x08, 0xe1, 0x08, 0xe1, 0x08, 0xe1, 0x08, 0xe1, 0x08, 0xe1, 0x08, 0xe1, 0x08, 0xe1, 0x08, 0xe1,
  0x08, 0xe1, 0x08, 0xe1, 0x08, 0xe1, 0x08, 0xe1, 0x08, 0xe1, 0x08, 0xe1, 0x08, 0xe1, 0x08, 0xe1,
  0x08, 0xe1, 0x08, 0xe1, 0x08, 0xe1, 0x08, 0xe1, 0x08, 0xe1, 0x08, 0xe1, 0x08, 0xe1, 0x08, 0xe1,
  0x08, 0xe1, 0x08, 0xe1, 0x08, 0xe1, 0x08, 0xe1, 0x08, 0xe1, 0x08, 0xe1, 0x08, 0xe1, 0x08, 0xe1,
  0x08, 0xe1, 0x08, 0xe1, 0x08, 0xe1, 0x08, 0xe1, 0x08, 0xe1, 0x08, 0xe1, 0x08, 0xe1, 0x08, 0xe1,
  0x08, 0xe1, 0x08, 0xe1, 0x08, 0xe1, 0x08, 0xe1, 0x08, 0xe1, 0x08, 0xe1, 0x08, 0xe1, 0x08, 0xe1,
  0x08, 0xe1, 0x08, 0xe1, 0x08, 0xe1, 0x08, 0xe1, 0x08, 0xe1, 0x08, 0xe1, 0x08, 0xe1, 0x08, 0xe1,
  0x08, 0xe1, 0x08, 0xe1, 0x08, 0xe1, 0x08, 0xe1, 0x08, 0xe1, 0x08, 0xe1, 0x08, 0xe1, 0x08, 0xe1,
  0x08, 0xe1, 0x08, 0xe1, 0x08, 0xe1, 0x08, 0xe1, 0x08, 0xe1, 0x08, 0xe1, 0x08, 0xe1, 0x08, 0xe1,
  0x08, 0xe1, 0x08, 0xe1, 0xa5, 0x53, 0xa5, 0x53, 0xad, 0x54, 0xad, 0x54, 0xad, 0x54, 0xad, 0x54,
  0xad, 0x33, 0x08, 0xe1, 0x08, 0xe1, 0x08, 0xe1, 0x08, 0xe1, 0x08, 0xe1, 0x08, 0xe1, 0x08, 0xe1,
  0x08, 0xe1, 0x08, 0xe1, 0x08, 0xe1, 0x08, 0xe1, 0x08, 0xe1, 0x08, 0xe1, 0x08, 0xe1, 0x08, 0xe1,
  0x08, 0xe1, 0x08, 0xe1, 0x08, 0xe1, 0x08, 0xe1, 0x08, 0xe1, 0x08, 0xe1, 0x08, 0xe1, 0x08, 0xe1,
  0x08, 0xe1, 0x08, 0xe1, 0x08, 0xe1, 0x08, 0xe1, 0x08, 0xe1, 0x08, 0xe1, 0x08, 0xe1, 0x08, 0xe1,
  0x08, 0xe1, 0x08, 0xe1, 0x08, 0xe1, 0x08, 0xe1, 0x08, 0xe1, 0x08, 0xe1, 0x08, 0xe1, 0x08, 0xe1,
  0x08, 0xe1, 0x08, 0xe1, 0x08, 0xe1, 0x08, 0xe1, 0x08, 0xe1, 0x08, 0xe1, 0x08, 0xe1, 0x08, 0xe1,
  0x08, 0xe1, 0x08, 0xe1, 0x08, 0xe1, 0x08, 0xe1, 0x08, 0xe1, 0x08, 0xe1, 0x08, 0xe1, 0x08, 0xe1,
  0x08, 0xe1, 0x08, 0xe1, 0x08, 0xe1, 0x08, 0xe1, 0x08, 0xe1, 0x08, 0xe1, 0x08, 0xe1, 0x08, 0xe1,
  0x08, 0xe1, 0x08, 0xe1, 0x08, 0xe1, 0x08, 0xe1, 0x08, 0xe1, 0x08, 0xe1, 0x08, 0xe1, 0x08, 0xe1,
  0x08, 0xe1, 0x08, 0xe1, 0x08, 0xe1, 0x08, 0xe1, 0x08, 0xe1, 0x08, 0xe1, 0x08, 0xe1, 0x08, 0xe1,
  0x08, 0xe1, 0x08, 0xe1, 0x08, 0xe1, 0x08, 0xe1, 0x08, 0xe1, 0x08, 0xe1, 0x08, 0xe1, 0x08, 0xe1,
  0x08, 0xe1, 0x08, 0xe1, 0x08, 0xe1, 0x08, 0xe1, 0x08, 0xe1, 0x08, 0xe1, 0x08, 0xe1, 0x08, 0xe1,
  0x08, 0xe1, 0x08, 0xe1, 0x08, 0xe1, 0x08, 0xe1, 0x08, 0xe1, 0x08, 0xe1, 0x08, 0xe1, 0x08, 0xe1,
  0x08, 0xe1, 0x08, 0xe1, 0x08, 0xe1, 0x08, 0xe1, 0x08, 0xe1, 0x08, 0xe1, 0x08, 0xe1, 0x08, 0xe1,
  0x08, 0xe1, 0x08, 0xe1, 0x08, 0xe1, 0x08, 0xe1, 0x08, 0xe1, 0x08, 0xe1, 0x08, 0xe1, 0x08, 0xe1,
  0x08, 0xe1, 0x08, 0xe1, 0x08, 0xe1, 0x08, 0xe1, 0x08, 0xe1, 0x08, 0xe1, 0x08, 0xe1, 0x08, 0xe1,
  0x08, 0xe1, 0x08, 0xe1, 0x08, 0xe1, 0x08, 0xe1, 0x08, 0xe1, 0x08, 0xe1, 0x08, 0xe1, 0x08, 0xe1,
  0x08, 0xe1, 0x08, 0xe1, 0x08, 0xe1, 0x08, 0xe1, 0x08, 0xe1, 0x08, 0xe1, 0x08, 0xe1, 0x08, 0xe1,
  0x08, 0xe1, 0x08, 0xe1, 0x08, 0xe1, 0x08, 0xe1, 0x08, 0xe1, 0x08, 0xe1, 0x08, 0xe1, 0x08, 0xe1,
  0x08, 0xe1, 0x08, 0xe1, 0x08, 0xe1, 0x08, 0xe1, 0x08, 0xe1, 0x08, 0xe1, 0x08, 0xe1, 0x08, 0xe1,
  0x08, 0xe1, 0x08, 0xe1, 0x08, 0xe1, 0x08, 0xe1, 0x08, 0xe1, 0x08, 0xe1, 0x08, 0xe1, 0x08, 0xe1,
  0x08, 0xe1, 0x08, 0xe1, 0x08, 0xe1, 0x08, 0xe1, 0x08, 0xe1, 0x08, 0xe1, 0x08, 0xe1, 0x08, 0xe1
};

const lv_img_dsc_t dragon_img = {
  .header.cf = LV_IMG_CF_TRUE_COLOR,
  .header.always_zero = 0,
  .header.reserved = 0,
  .header.w = 136,
  .header.h = 160,
  .data_size = 43520,
  .data = dragon_img_map,
};
