#include "love_frames.h"

/* Frame 0: frame_000.png */
static const uint8_t love_frame_0_data[] = {
    0x00, 0x00, 0x00, 0x00, 0x00, 0x00, 0x00, 0x00, 0x00, 0x00, 0x00, 0x00, 0x00, 0x00, 0x00, 0x00,
    0x00, 0x00, 0x00, 0x00, 0x00, 0x00, 0x00, 0x00, 0x00, 0x00, 0x00, 0x00, 0x00, 0x00, 0x00, 0x00,
    0x00, 0x00, 0x00, 0x00, 0x00, 0x00, 0x00, 0x00, 0x40, 0x00, 0x00, 0x00, 0x00, 0x00, 0x00, 0x00,
    0x00, 0x00, 0x00, 0x00, 0x00, 0x00, 0x00, 0x00, 0x00, 0x00, 0x00, 0x00, 0x00, 0x00, 0x00, 0x00,
    0x00, 0x00, 0x00, 0x00, 0x20, 0x00, 0x00, 0x00, 0x00, 0x00, 0x00, 0x00, 0x00, 0x00, 0x00, 0x00,
    0x00, 0x00, 0x00, 0x00, 0x00, 0x00, 0x00, 0x00, 0x00, 0x00, 0x00, 0x00, 0x00, 0x00, 0x00, 0x00,
    0x00, 0x00, 0x00, 0x00, 0x00, 0x00, 0x00, 0x00, 0x00, 0x00, 0x00, 0x00, 0x00, 0x00, 0x00, 0x00,
    0x00, 0x00, 0x00, 0x00, 0x00, 0x00, 0x00, 0x00, 0x00, 0x00, 0x00, 0x00, 0x00, 0x00, 0x00, 0x00,
    0x00, 0x00, 0x00, 0x00, 0x00, 0x00, 0x00, 0x00, 0x00, 0x00, 0x00, 0x00, 0x00, 0x00, 0x00, 0x00,
    0x00, 0x00, 0x00, 0x00, 0x00, 0x00, 0x00, 0x00, 0x00, 0x00, 0x00, 0x00, 0x00, 0x00, 0x00, 0x00,
    0x00, 0x00, 0x00, 0x00, 0x00, 0x00, 0x83, 0x00, 0x22, 0x00, 0x00, 0x00, 0x00, 0x00, 0x00, 0x00,
    0x00, 0x00, 0x00, 0x00, 0x00, 0x00, 0x00, 0x00, 0x00, 0x00, 0x00, 0x00, 0x00, 0x00, 0x00, 0x00,
    0x00, 0x00, 0xa1, 0x00, 0x04, 0x00, 0x00, 0x00, 0x00, 0x00, 0x00, 0x00, 0x00, 0x00, 0x00, 0x00,
    0x00, 0x00, 0x00, 0x00, 0x00, 0x00, 0x00, 0x00, 0x00, 0x00, 0x00, 0x00, 0x00, 0x00, 0x00, 0x00,
    0x00, 0x00, 0x00, 0x00, 0x00, 0x00, 0x00, 0x00, 0x00, 0x00, 0x00, 0x00, 0x00, 0x00, 0x00, 0x00,
    0x00, 0x00, 0x00, 0x00, 0x00, 0x00, 0x00, 0x00, 0x00, 0x00, 0x00, 0x00, 0x00, 0x00, 0x00, 0x00,
    0x00, 0x00, 0x00, 0x00, 0x00, 0x00, 0x00, 0x00, 0x00, 0x00, 0x00, 0x00, 0x00, 0x00, 0x00, 0x00,
    0x00, 0x00, 0x00, 0x00, 0x00, 0x00, 0x00, 0x00, 0x00, 0x00, 0x00, 0x00, 0x00, 0x00, 0x00, 0x00,
    0x00, 0x00, 0x00, 0x00, 0x20, 0x00, 0x47, 0x00, 0xc1, 0x00, 0x00, 0x00, 0x00, 0x00, 0x00, 0x00,
    0x00, 0x00, 0x00, 0x00, 0x00, 0x00, 0x00, 0x00, 0x00, 0x00, 0x00, 0x00, 0x00, 0x00, 0x00, 0x00,
    0x00, 0x00, 0x24, 0x00, 0x65, 0x00, 0x00, 0x00, 0x00, 0x00, 0x00, 0x00, 0x00, 0x00, 0x00, 0x00,
    0x00, 0x00, 0x00, 0x00, 0x00, 0x00, 0x00, 0x00, 0x00, 0x00, 0x00, 0x00, 0x00, 0x00, 0x00, 0x00,
    0x00, 0x00, 0x00, 0x00, 0x00, 0x00, 0x00, 0x00, 0x00, 0x00, 0x00, 0x00, 0x00, 0x00, 0x00, 0x00,
    0x00, 0x00, 0x00, 0x00, 0x00, 0x00, 0x00, 0x00, 0x00, 0x00, 0x00, 0x00, 0x00, 0x00, 0x00, 0x00,
    0x00, 0x00, 0x00, 0x00, 0x00, 0x00, 0x00, 0x00, 0x00, 0x00, 0x00, 0x00, 0x00, 0x00, 0x00, 0x00,
    0x00, 0x00, 0x00, 0x00, 0x00, 0x00, 0x00, 0x00, 0x00, 0x00, 0x00, 0x00, 0x00, 0x00, 0x00, 0x00,
    0x00, 0x00, 0x00, 0x00, 0x60, 0x00, 0x87, 0x00, 0xa1, 0x00, 0x00, 0x00, 0x00, 0x00, 0x00, 0x00,
    0x00, 0x00, 0x00, 0x00, 0x00, 0x00, 0x00, 0x00, 0x00, 0x00, 0x00, 0x00, 0x00, 0x00, 0x00, 0x00,
    0x00, 0x00, 0xa5, 0x00, 0x85, 0x00, 0x00, 0x00, 0x00, 0x00, 0x00, 0x00, 0x00, 0x00, 0x00, 0x00,
    0x00, 0x00, 0x00, 0x00, 0x00, 0x00, 0x00, 0x00, 0x00, 0x00, 0x00, 0x00, 0x00, 0x00, 0x00, 0x00,
    0x00, 0x00, 0x00, 0x00, 0x00, 0x00, 0x00, 0x00, 0x00, 0x00, 0x00, 0x00, 0x00, 0x00, 0x00, 0x00,
    0x00, 0x00, 0x00, 0x00, 0x00, 0x00, 0x00, 0x00, 0x00, 0x00, 0x00, 0x00, 0x00, 0x00, 0x00, 0x00,
    0x00, 0x00, 0x00, 0x00, 0x00, 0x00, 0x00, 0x00, 0x00, 0x00, 0x00, 0x00, 0x00, 0x00, 0x00, 0x00,
    0x00, 0x00, 0x00, 0x00, 0x00, 0x00, 0x00, 0x00, 0x00, 0x00, 0x00, 0x00, 0x00, 0x00, 0x00, 0x00,
    0x00, 0x00, 0x00, 0x00, 0x20, 0x00, 0x67, 0x00, 0xc4, 0x00, 0x00, 0x00, 0x00, 0x00, 0x00, 0x00,
    0x00, 0x00, 0x00, 0x00, 0x00, 0x00, 0x00, 0x00, 0x00, 0x00, 0x00, 0x00, 0x00, 0x00, 0x00, 0x00,
    0x00, 0x00, 0xe4, 0x00, 0x88, 0x00, 0x40, 0x00, 0x00, 0x00, 0x00, 0x00, 0x40, 0x00, 0x00, 0x00,
    0x00, 0x00, 0x00, 0x00, 0x00, 0x00, 0x00, 0x00, 0x00, 0x00, 0x00, 0x00, 0x00, 0x00, 0x00, 0x00,
    0x00, 0x00, 0x00, 0x00, 0x00, 0x00, 0x00, 0x00, 0x00, 0x00, 0x00, 0x00, 0x00, 0x00, 0x00, 0x00,
    0x00, 0x00, 0x00, 0x00, 0x00, 0x00, 0x00, 0x00, 0x00, 0x00, 0x00, 0x00, 0x00, 0x00, 0x00, 0x00,
    0x00, 0x00, 0x00, 0x00, 0x00, 0x00, 0x00, 0x00, 0x00, 0x00, 0x00, 0x00, 0x00, 0x00, 0x00, 0x00,
    0x00, 0x00, 0x00, 0x00, 0x00, 0x00, 0x00, 0x00, 0x00, 0x00, 0x00, 0x00, 0x00, 0x00, 0x00, 0x00,
    0x00, 0x00, 0x00, 0x00, 0x00, 0x00, 0xe4, 0x00, 0xc8, 0x00, 0xa1, 0x00, 0x00, 0x00, 0xa3, 0x00,
    0x81, 0x00, 0x00, 0x00, 0x00, 0x00, 0x00, 0x00, 0x00, 0x00, 0x00, 0x00, 0x00, 0x00, 0x00, 0x00,
    0x00, 0x00, 0xa1, 0x00, 0x27, 0x00, 0xc6, 0x00, 0x20, 0x00, 0x60, 0x00, 0x04, 0x00, 0x00, 0x00,
    0x00, 0x00, 0x00, 0x00, 0x00, 0x00, 0x00, 0x00, 0x00, 0x00, 0x00, 0x00, 0x00, 0x00, 0x00, 0x00,
    0x00, 0x00, 0x00, 0x00, 0x00, 0x00, 0x00, 0x00, 0x00, 0x00, 0x00, 0x00, 0x00, 0x00, 0x00, 0x00,
    0x00, 0x00, 0x00, 0x00, 0x00, 0x00, 0x00, 0x00, 0x00, 0x00, 0x00, 0x00, 0x00, 0x00, 0x00, 0x00,
    0x00, 0x00, 0x00, 0x00, 0x00, 0x00, 0x00, 0x00, 0x00, 0x00, 0x00, 0x00, 0x00, 0x00, 0x00, 0x00,
    0x00, 0x00, 0x00, 0x00, 0x00, 0x00, 0x00, 0x00, 0x00, 0x00, 0x00, 0x00, 0x00, 0x00, 0x00, 0x00,
    0x00, 0x00, 0x00, 0x00, 0x00, 0x00, 0x40, 0x00, 0xe6, 0x00, 0x47, 0x00, 0x22, 0x00, 0x06, 0x00,
    0xc1, 0x00, 0x00, 0x00, 0x00, 0x00, 0x40, 0x00, 0xa3, 0x00, 0x00, 0x00, 0x00, 0x00, 0x81, 0x00,
    0x81, 0x00, 0x00, 0x00, 0x22, 0x00, 0xa6, 0x00, 0x65, 0x00, 0xc4, 0x00, 0xc6, 0x00, 0x00, 0x00,
    0x00, 0x00, 0x00, 0x00, 0x00, 0x00, 0x00, 0x00, 0x00, 0x00, 0x00, 0x00, 0x00, 0x00, 0x00, 0x00,
    0x00, 0x00, 0x00, 0x00, 0x00, 0x00, 0x00, 0x00, 0x00, 0x00, 0x00, 0x00, 0x00, 0x00, 0x00, 0x00,
    0x00, 0x00, 0x00, 0x00, 0x00, 0x00, 0x00, 0x00, 0x00, 0x00, 0x00, 0x00, 0x00, 0x00, 0x00, 0x00,
    0x00, 0x00, 0x00, 0x00, 0x00, 0x00, 0x00, 0x00, 0x00, 0x00, 0x00, 0x00, 0x00, 0x00, 0x00, 0x00,
    0x00, 0x00, 0x00, 0x00, 0x00, 0x00, 0x00, 0x00, 0x00, 0x00, 0x00, 0x00, 0x00, 0x00, 0x00, 0x00,
    0x00, 0x00, 0x00, 0x00, 0x00, 0x00, 0x00, 0x00, 0x60, 0x00, 0x44, 0x00, 0xe6, 0x00, 0x47, 0x00,
    0x85, 0x00, 0x00, 0x00, 0x00, 0x00, 0x02, 0x00, 0xe6, 0x00, 0x00, 0x00, 0x00, 0x00, 0x03, 0x00,
    0xe7, 0x00, 0x00, 0x00, 0x63, 0x00, 0x66, 0x00, 0x04, 0x00, 0xc6, 0x00, 0x67, 0x00, 0x81, 0x00,
    0x00, 0x00, 0x00, 0x00, 0x00, 0x00, 0x00, 0x00, 0x00, 0x00, 0x00, 0x00, 0x00, 0x00, 0x00, 0x00,
    0x00, 0x00, 0x00, 0x00, 0x00, 0x00, 0x00, 0x00, 0x00, 0x00, 0x00, 0x00, 0x00, 0x00, 0x00, 0x00,
    0x00, 0x00, 0x00, 0x00, 0x00, 0x00, 0x00, 0x00, 0x00, 0x00, 0x00, 0x00, 0x00, 0x00, 0x00, 0x00,
    0x00, 0x00, 0x00, 0x00, 0x00, 0x00, 0x00, 0x00, 0x00, 0x00, 0x00, 0x00, 0x00, 0x00, 0x00, 0x00,
    0x00, 0x00, 0x00, 0x00, 0x00, 0x00, 0x00, 0x00, 0x00, 0x00, 0x00, 0x00, 0x00, 0x00, 0x00, 0x00,
    0x40, 0x00, 0x63, 0x00, 0xa1, 0x00, 0x81, 0x00, 0xe2, 0x00, 0x25, 0x00, 0xc6, 0x00, 0xa6, 0x00,
    0x27, 0x00, 0x86, 0x00, 0xa1, 0x00, 0xe2, 0x00, 0x88, 0x00, 0x61, 0x00, 0x20, 0x00, 0x81, 0x00,
    0x28, 0x00, 0x05, 0x00, 0x43, 0x00, 0xc9, 0x00, 0x04, 0x00, 0x63, 0x00, 0x47, 0x00, 0xc6, 0x00,
    0x00, 0x00, 0x00, 0x00, 0xe4, 0x00, 0x40, 0x00, 0x00, 0x00, 0x00, 0x00, 0x00, 0x00, 0x00, 0x00,
    0x00, 0x00, 0x00, 0x00, 0x00, 0x00, 0x00, 0x00, 0x00, 0x00, 0x00, 0x00, 0x00, 0x00, 0x00, 0x00,
    0x00, 0x00, 0x00, 0x00, 0x00, 0x00, 0x00, 0x00, 0x00, 0x00, 0x00, 0x00, 0x00, 0x00, 0x00, 0x00,
    0x00, 0x00, 0x00, 0x00, 0x00, 0x00, 0x00, 0x00, 0x00, 0x00, 0x00, 0x00, 0x00, 0x00, 0x00, 0x00,
    0x00, 0x00, 0x00, 0x00, 0x00, 0x00, 0x00, 0x00, 0x00, 0x00, 0x00, 0x00, 0x00, 0x00, 0x00, 0x00,
    0x00, 0x00, 0x63, 0x00, 0xc7, 0x00, 0xc7, 0x00, 0xc6, 0x00, 0xe4, 0x00, 0x63, 0x00, 0xa4, 0x00,
    0x83, 0x00, 0xe7, 0x00, 0x07, 0x00, 0xe4, 0x00, 0x27, 0x00, 0x45, 0x00, 0xa4, 0x00, 0x43, 0x00,
    0x25, 0x00, 0xe7, 0x00, 0xe4, 0x00, 0x48, 0x00, 0x2a, 0x00, 0x07, 0x00, 0x04, 0x00, 0x47, 0x00,
    0x22, 0x00, 0x81, 0x00, 0x88, 0x00, 0x61, 0x00, 0x00, 0x00, 0x00, 0x00, 0x00, 0x00, 0x00, 0x00,
    0x00, 0x00, 0x00, 0x00, 0x00, 0x00, 0x00, 0x00, 0x00, 0x00, 0x00, 0x00, 0x00, 0x00, 0x00, 0x00,
    0x00, 0x00, 0x00, 0x00, 0x00, 0x00, 0x00, 0x00, 0x00, 0x00, 0x00, 0x00, 0x00, 0x00, 0x00, 0x00,
    0x00, 0x00, 0x00, 0x00, 0x00, 0x00, 0x00, 0x00, 0x00, 0x00, 0x00, 0x00, 0x00, 0x00, 0x00, 0x00,
    0x00, 0x00, 0x00, 0x00, 0x00, 0x00, 0x00, 0x00, 0x00, 0x00, 0x00, 0x00, 0x00, 0x00, 0x00, 0x00,
    0x00, 0x00, 0x00, 0x00, 0x81, 0x00, 0x23, 0x00, 0xe2, 0x00, 0x00, 0x00, 0x00, 0x00, 0x61, 0x00,
    0x02, 0x00, 0x05, 0x00, 0xc6, 0x00, 0xa6, 0x00, 0x45, 0x00, 0x88, 0x00, 0x86, 0x00, 0x05, 0x00,
    0x05, 0x00, 0x87, 0x00, 0x26, 0x00, 0x08, 0x00, 0xa9, 0x00, 0xac, 0x00, 0x88, 0x00, 0x04, 0x00,
    0xc4, 0x00, 0x65, 0x00, 0xc8, 0x00, 0x40, 0x00, 0x00, 0x00, 0x00, 0x00, 0x00, 0x00, 0x00, 0x00,
    0x00, 0x00, 0x00, 0x00, 0x00, 0x00, 0x00, 0x00, 0x00, 0x00, 0x00, 0x00, 0x00, 0x00, 0x00, 0x00,
    0x00, 0x00, 0x00, 0x00, 0x00, 0x00, 0x00, 0x00, 0x00, 0x00, 0x00, 0x00, 0x00, 0x00, 0x00, 0x00,
    0x00, 0x00, 0x00, 0x00, 0x00, 0x00, 0x00, 0x00, 0x00, 0x00, 0x00, 0x00, 0x00, 0x00, 0x00, 0x00,
    0x00, 0x00, 0x00, 0x00, 0x00, 0x00, 0x00, 0x00, 0x00, 0x00, 0x00, 0x00, 0x00, 0x00, 0x00, 0x00,
    0x00, 0x00, 0x00, 0x00, 0x00, 0x00, 0x00, 0x00, 0x00, 0x00, 0x20, 0x00, 0x00, 0x00, 0x00, 0x00,
    0x00, 0x00, 0x00, 0x00, 0xc1, 0x00, 0xe4, 0x00, 0x05, 0x00, 0xa6, 0x00, 0x27, 0x00, 0x05, 0x00,
    0x46, 0x00, 0x66, 0x00, 0x05, 0x00, 0xa7, 0x00, 0xca, 0x00, 0xa9, 0x00, 0x4a, 0x00, 0xa6, 0x00,
    0x83, 0x00, 0x67, 0x00, 0x47, 0x00, 0x00, 0x00, 0x00, 0x00, 0x00, 0x00, 0x00, 0x00, 0x00, 0x00,
    0x00, 0x00, 0x00, 0x00, 0x00, 0x00, 0x00, 0x00, 0x00, 0x00, 0x00, 0x00, 0x00, 0x00, 0x00, 0x00,
    0x00, 0x00, 0x00, 0x00, 0x00, 0x00, 0x00, 0x00, 0x00, 0x00, 0x00, 0x00, 0x00, 0x00, 0x00, 0x00,
    0x00, 0x00, 0x00, 0x00, 0x00, 0x00, 0x00, 0x00, 0x00, 0x00, 0x00, 0x00, 0x00, 0x00, 0x00, 0x00,
    0x00, 0x00, 0x00, 0x00, 0x00, 0x00, 0x00, 0x00, 0x00, 0x00, 0x00, 0x00, 0x00, 0x00, 0x00, 0x00,
    0x00, 0x00, 0x00, 0x00, 0x00, 0x00, 0x00, 0x00, 0x00, 0x00, 0xa1, 0x00, 0xa7, 0x00, 0xc4, 0x00,
    0xe2, 0x00, 0x23, 0x00, 0x43, 0x00, 0x43, 0x00, 0xa4, 0x00, 0xa4, 0x00, 0x25, 0x00, 0xa6, 0x00,
    0x07, 0x00, 0xab, 0x00, 0x46, 0x00, 0xc5, 0x00, 0xca, 0x00, 0x8b, 0x00, 0x68, 0x00, 0x68, 0x00,
    0x07, 0x00, 0xe9, 0x00, 0x85, 0x00, 0x00, 0x00, 0x00, 0x00, 0x00, 0x00, 0x00, 0x00, 0x00, 0x00,
    0x00, 0x00, 0x00, 0x00, 0x00, 0x00, 0x00, 0x00, 0x00, 0x00, 0x00, 0x00, 0x00, 0x00, 0x00, 0x00,
    0x00, 0x00, 0x00, 0x00, 0x00, 0x00, 0x00, 0x00, 0x00, 0x00, 0x00, 0x00, 0x00, 0x00, 0x00, 0x00,
    0x00, 0x00, 0x00, 0x00, 0x00, 0x00, 0x00, 0x00, 0x00, 0x00, 0x00, 0x00, 0x00, 0x00, 0x00, 0x00,
    0x00, 0x00, 0x00, 0x00, 0x00, 0x00, 0x00, 0x00, 0x00, 0x00, 0x00, 0x00, 0x00, 0x00, 0x00, 0x00,
    0x00, 0x00, 0x00, 0x00, 0x00, 0x00, 0x00, 0x00, 0x00, 0x00, 0x00, 0x00, 0xe5, 0x00, 0xea, 0x00,
    0xcc, 0x00, 0xac, 0x00, 0x0a, 0x00, 0xe8, 0x00, 0x64, 0x00, 0x86, 0x00, 0xe7, 0x00, 0x65, 0x00,
    0xe5, 0x00, 0xac, 0x00, 0x8b, 0x00, 0xe5, 0x00, 0x26, 0x00, 0x2b, 0x00, 0x8b, 0x00, 0xe6, 0x00,
    0xab, 0x00, 0x2a, 0x00, 0xa4, 0x00, 0x07, 0x00, 0x20, 0x00, 0x00, 0x00, 0x00, 0x00, 0x00, 0x00,
    0x00, 0x00, 0x00, 0x00, 0x00, 0x00, 0x00, 0x00, 0x00, 0x00, 0x00, 0x00, 0x00, 0x00, 0x00, 0x00,
    0x00, 0x00, 0x00, 0x00, 0x00, 0x00, 0x00, 0x00, 0x00, 0x00, 0x00, 0x00, 0x00, 0x00, 0x00, 0x00,
    0x00, 0x00, 0x00, 0x00, 0x00, 0x00, 0x00, 0x00, 0x00, 0x00, 0x00, 0x00, 0x00, 0x00, 0x00, 0x00,
    0x00, 0x00, 0x00, 0x00, 0x00, 0x00, 0x00, 0x00, 0x00, 0x00, 0x00, 0x00, 0x00, 0x00, 0x00, 0x00,
    0x00, 0x00, 0x00, 0x00, 0x00, 0x00, 0x00, 0x00, 0x00, 0x00, 0x00, 0x00, 0x20, 0x00, 0xa5, 0x00,
    0xa7, 0x00, 0xea, 0x00, 0xac, 0x00, 0x6b, 0x00, 0x49, 0x00, 0xa7, 0x00, 0xcc, 0x00, 0x2d, 0x00,
    0xa9, 0x00, 0xe7, 0x00, 0xac, 0x00, 0x89, 0x00, 0x68, 0x00, 0x87, 0x00, 0x8b, 0x00, 0x48, 0x00,
    0xac, 0x00, 0xa9, 0x00, 0x68, 0x00, 0x8b, 0x00, 0x00, 0x00, 0x00, 0x00, 0x00, 0x00, 0x00, 0x00,
    0x00, 0x00, 0x00, 0x00, 0x00, 0x00, 0x00, 0x00, 0x00, 0x00, 0x00, 0x00, 0x00, 0x00, 0x00, 0x00,
    0x00, 0x00, 0x00, 0x00, 0x00, 0x00, 0x00, 0x00, 0x00, 0x00, 0x00, 0x00, 0x00, 0x00, 0x00, 0x00,
    0x00, 0x00, 0x00, 0x00, 0x00, 0x00, 0x00, 0x00, 0x00, 0x00, 0x00, 0x00, 0x00, 0x00, 0x00, 0x00,
    0x00, 0x00, 0x00, 0x00, 0x00, 0x00, 0x00, 0x00, 0x00, 0x00, 0x00, 0x00, 0x00, 0x00, 0x00, 0x00,
    0x00, 0x00, 0x00, 0x00, 0x00, 0x00, 0x00, 0x00, 0x00, 0x00, 0x00, 0x00, 0x00, 0x00, 0x00, 0x00,
    0x23, 0x00, 0x85, 0x00, 0xa7, 0x00, 0xea, 0x00, 0x0a, 0x00, 0xc8, 0x00, 0x87, 0x00, 0x4b, 0x00,
    0x2d, 0x00, 0x0d, 0x00, 0xec, 0x00, 0x8b, 0x00, 0xac, 0x00, 0xea, 0x00, 0x48, 0x00, 0x2a, 0x00,
    0xac, 0x00, 0x89, 0x00, 0x0d, 0x00, 0x68, 0x00, 0x00, 0x00, 0x00, 0x00, 0x00, 0x00, 0x00, 0x00,
    0x00, 0x00, 0x00, 0x00, 0x00, 0x00, 0x00, 0x00, 0x00, 0x00, 0x00, 0x00, 0x00, 0x00, 0x00, 0x00,
    0x00, 0x00, 0x00, 0x00, 0x00, 0x00, 0x00, 0x00, 0x00, 0x00, 0x00, 0x00, 0x00, 0x00, 0x00, 0x00,
    0x00, 0x00, 0x00, 0x00, 0x00, 0x00, 0x00, 0x00, 0x00, 0x00, 0x00, 0x00, 0x00, 0x00, 0x00, 0x00,
    0x00, 0x00, 0x00, 0x00, 0x00, 0x00, 0x00, 0x00, 0x00, 0x00, 0x00, 0x00, 0x00, 0x00, 0x00, 0x00,
    0x00, 0x00, 0x00, 0x00, 0x00, 0x00, 0x00, 0x00, 0xa1, 0x00, 0x84, 0x00, 0xc4, 0x00, 0xc4, 0x00,
    0x64, 0x00, 0x85, 0x00, 0x64, 0x00, 0x06, 0x00, 0x8a, 0x00, 0xaa, 0x00, 0x89, 0x00, 0x0a, 0x00,
    0x8c, 0x00, 0xaf, 0x00, 0x30, 0x00, 0x10, 0x00, 0x2d, 0x00, 0x2d, 0x00, 0x89, 0x00, 0xea, 0x00,
    0x2b, 0x00, 0xcc, 0x00, 0x30, 0x00, 0x28, 0x00, 0x00, 0x00, 0x00, 0x00, 0x00, 0x00, 0x00, 0x00,
    0x00, 0x00, 0x00, 0x00, 0x00, 0x00, 0x00, 0x00, 0x00, 0x00, 0x00, 0x00, 0x00, 0x00, 0x00, 0x00,
    0x00, 0x00, 0x00, 0x00, 0x00, 0x00, 0x00, 0x00, 0x00, 0x00, 0x00, 0x00, 0x00, 0x00, 0x00, 0x00,
    0x00, 0x00, 0x00, 0x00, 0x00, 0x00, 0x00, 0x00, 0x00, 0x00, 0x00, 0x00, 0x00, 0x00, 0x00, 0x00,
    0x00, 0x00, 0x00, 0x00, 0x00, 0x00, 0x00, 0x00, 0x00, 0x00, 0x00, 0x00, 0x00, 0x00, 0x00, 0x00,
    0x00, 0x00, 0x00, 0x00, 0x00, 0x00, 0x00, 0x00, 0x03, 0x00, 0xe8, 0x00, 0x69, 0x00, 0x69, 0x00,
    0xe8, 0x00, 0x26, 0x00, 0x46, 0x00, 0x05, 0x00, 0x87, 0x00, 0x49, 0x00, 0x69, 0x00, 0x0b, 0x00,
    0x6b, 0x00, 0x0a, 0x00, 0xcc, 0x00, 0x30, 0x00, 0xef, 0x00, 0xef, 0x00, 0xac, 0x00, 0xea, 0x00,
    0x6b, 0x00, 0xaf, 0x00, 0x50, 0x00, 0x4b, 0x00, 0x00, 0x00, 0x00, 0x00, 0x00, 0x00, 0x00, 0x00,
    0x00, 0x00, 0x00, 0x00, 0x00, 0x00, 0x00, 0x00, 0x00, 0x00, 0x00, 0x00, 0x00, 0x00, 0x00, 0x00,
    0x00, 0x00, 0x00, 0x00, 0x00, 0x00, 0x00, 0x00, 0x00, 0x00, 0x00, 0x00, 0x00, 0x00, 0x00, 0x00,
    0x00, 0x00, 0x00, 0x00, 0x00, 0x00, 0x00, 0x00, 0x00, 0x00, 0x00, 0x00, 0x00, 0x00, 0x00, 0x00,
    0x00, 0x00, 0x00, 0x00, 0x00, 0x00, 0x00, 0x00, 0x00, 0x00, 0x00, 0x00, 0x00, 0x00, 0x00, 0x00,
    0x00, 0x00, 0x00, 0x00, 0x00, 0x00, 0x00, 0x00, 0x00, 0x00, 0x00, 0x00, 0x03, 0x00, 0xa5, 0x00,
    0x06, 0x00, 0x06, 0x00, 0x87, 0x00, 0xca, 0x00, 0x69, 0x00, 0x08, 0x00, 0x08, 0x00, 0x08, 0x00,
    0x84, 0x00, 0x03, 0x00, 0x2a, 0x00, 0x8b, 0x00, 0xcf, 0x00, 0xcf, 0x00, 0xae, 0x00, 0xac, 0x00,
    0xcc, 0x00, 0x0d, 0x00, 0xea, 0x00, 0x89, 0x00, 0x20, 0x00, 0x00, 0x00, 0x00, 0x00, 0x00, 0x00,
    0x00, 0x00, 0x00, 0x00, 0x00, 0x00, 0x00, 0x00, 0x00, 0x00, 0x00, 0x00, 0x00, 0x00, 0x00, 0x00,
    0x00, 0x00, 0x00, 0x00, 0x00, 0x00, 0x00, 0x00, 0x00, 0x00, 0x00, 0x00, 0x00, 0x00, 0x00, 0x00,
    0x00, 0x00, 0x00, 0x00, 0x00, 0x00, 0x00, 0x00, 0x00, 0x00, 0x00, 0x00, 0x00, 0x00, 0x00, 0x00,
    0x00, 0x00, 0x00, 0x00, 0x00, 0x00, 0x00, 0x00, 0x00, 0x00, 0x00, 0x00, 0x00, 0x00, 0x00, 0x00,
    0x00, 0x00, 0x00, 0x00, 0x00, 0x00, 0x00, 0x00, 0x00, 0x00, 0x00, 0x00, 0x00, 0x00, 0x81, 0x00,
    0x47, 0x00, 0xa8, 0x00, 0x06, 0x00, 0xa5, 0x00, 0xe8, 0x00, 0x49, 0x00, 0xaa, 0x00, 0x28, 0x00,
    0x06, 0x00, 0x03, 0x00, 0x65, 0x00, 0x46, 0x00, 0x0d, 0x00, 0x8e, 0x00, 0x8e, 0x00, 0x0d, 0x00,
    0x6e, 0x00, 0x69, 0x00, 0xa6, 0x00, 0x63, 0x00, 0x00, 0x00, 0x00, 0x00, 0x00, 0x00, 0x00, 0x00,
    0x00, 0x00, 0x00, 0x00, 0x00, 0x00, 0x00, 0x00, 0x00, 0x00, 0x00, 0x00, 0x00, 0x00, 0x00, 0x00,
    0x00, 0x00, 0x00, 0x00, 0x00, 0x00, 0x00, 0x00, 0x00, 0x00, 0x00, 0x00, 0x00, 0x00, 0x00, 0x00,
    0x00, 0x00, 0x00, 0x00, 0x00, 0x00, 0x00, 0x00, 0x00, 0x00, 0x00, 0x00, 0x00, 0x00, 0x00, 0x00,
    0x00, 0x00, 0x00, 0x00, 0x00, 0x00, 0x00, 0x00, 0x00, 0x00, 0x00, 0x00, 0x00, 0x00, 0x00, 0x00,
    0x00, 0x00, 0x00, 0x00, 0x00, 0x00, 0x00, 0x00, 0x00, 0x00, 0x00, 0x00, 0xc2, 0x00, 0xc8, 0x00,
    0x09, 0x00, 0xa8, 0x00, 0x06, 0x00, 0x23, 0x00, 0xe5, 0x00, 0x29, 0x00, 0xca, 0x00, 0x8c, 0x00,
    0x0b, 0x00, 0xc9, 0x00, 0x85, 0x00, 0x87, 0x00, 0x69, 0x00, 0x8b, 0x00, 0xec, 0x00, 0x2d, 0x00,
    0x8e, 0x00, 0x66, 0x00, 0x44, 0x00, 0x25, 0x00, 0x00, 0x00, 0x00, 0x00, 0x00, 0x00, 0x00, 0x00,
    0x00, 0x00, 0x00, 0x00, 0x00, 0x00, 0x00, 0x00, 0x00, 0x00, 0x00, 0x00, 0x00, 0x00, 0x00, 0x00,
    0x00, 0x00, 0x00, 0x00, 0x00, 0x00, 0x00, 0x00, 0x00, 0x00, 0x00, 0x00, 0x00, 0x00, 0x00, 0x00,
    0x00, 0x00, 0x00, 0x00, 0x00, 0x00, 0x00, 0x00, 0x00, 0x00, 0x00, 0x00, 0x00, 0x00, 0x00, 0x00,
    0x00, 0x00, 0x00, 0x00, 0x00, 0x00, 0x00, 0x00, 0x00, 0x00, 0x00, 0x00, 0x00, 0x00, 0x00, 0x00,
    0x00, 0x00, 0x00, 0x00, 0x00, 0x00, 0x00, 0x00, 0x00, 0x00, 0x03, 0x00, 0xe9, 0x00, 0x09, 0x00,
    0x67, 0x00, 0xa5, 0x00, 0x64, 0x00, 0x67, 0x00, 0xa8, 0x00, 0xe8, 0x00, 0x8a, 0x00, 0x4b, 0x00,
    0x0d, 0x00, 0x4b, 0x00, 0x6d, 0x00, 0x2b, 0x00, 0x89, 0x00, 0x8b, 0x00, 0x4d, 0x00, 0xcf, 0x00,
    0x0f, 0x00, 0x4b, 0x00, 0x69, 0x00, 0x4b, 0x00, 0x61, 0x00, 0x00, 0x00, 0x00, 0x00, 0x00, 0x00,
    0x00, 0x00, 0x00, 0x00, 0x00, 0x00, 0x00, 0x00, 0x00, 0x00, 0x00, 0x00, 0x00, 0x00, 0x00, 0x00,
    0x00, 0x00, 0x00, 0x00, 0x00, 0x00, 0x00, 0x00, 0x00, 0x00, 0x00, 0x00, 0x00, 0x00, 0x00, 0x00,
    0x00, 0x00, 0x00, 0x00, 0x00, 0x00, 0x00, 0x00, 0x00, 0x00, 0x00, 0x00, 0x00, 0x00, 0x00, 0x00,
    0x00, 0x00, 0x00, 0x00, 0x00, 0x00, 0x00, 0x00, 0x00, 0x00, 0x00, 0x00, 0x00, 0x00, 0x00, 0x00,
    0x00, 0x00, 0x00, 0x00, 0x00, 0x00, 0x00, 0x00, 0x00, 0x00, 0xe2, 0x00, 0x84, 0x00, 0x43, 0x00,
    0xa5, 0x00, 0xa5, 0x00, 0x85, 0x00, 0xe5, 0x00, 0x06, 0x00, 0xa7, 0x00, 0x29, 0x00, 0xea, 0x00,
    0x4b, 0x00, 0xed, 0x00, 0x2d, 0x00, 0xed, 0x00, 0x2d, 0x00, 0x2d, 0x00, 0xcf, 0x00, 0xb1, 0x00,
    0x92, 0x00, 0x30, 0x00, 0x4d, 0x00, 0x8c, 0x00, 0x02, 0x00, 0x00, 0x00, 0x00, 0x00, 0x00, 0x00,
    0x00, 0x00, 0x00, 0x00, 0x00, 0x00, 0x00, 0x00, 0x00, 0x00, 0x00, 0x00, 0x00, 0x00, 0x00, 0x00,
    0x00, 0x00, 0x00, 0x00, 0x00, 0x00, 0x00, 0x00, 0x00, 0x00, 0x00, 0x00, 0x00, 0x00, 0x00, 0x00,
    0x00, 0x00, 0x00, 0x00, 0x00, 0x00, 0x00, 0x00, 0x00, 0x00, 0x00, 0x00, 0x00, 0x00, 0x00, 0x00,
    0x00, 0x00, 0x00, 0x00, 0x00, 0x00, 0x00, 0x00, 0x00, 0x00, 0x00, 0x00, 0x00, 0x00, 0x00, 0x00,
    0x00, 0x00, 0x00, 0x00, 0x00, 0x00, 0x00, 0x00, 0x00, 0x00, 0x00, 0x00, 0x00, 0x00, 0x81, 0x00,
    0x67, 0x00, 0xe6, 0x00, 0x24, 0x00, 0xe3, 0x00, 0x26, 0x00, 0xe8, 0x00, 0x49, 0x00, 0x0b, 0x00,
    0xca, 0x00, 0xa7, 0x00, 0x4b, 0x00, 0x8e, 0x00, 0x4d, 0x00, 0x4d, 0x00, 0xa9, 0x00, 0x2b, 0x00,
    0x51, 0x00, 0x30, 0x00, 0x0d, 0x00, 0xc7, 0x00, 0x81, 0x00, 0x00, 0x00, 0x00, 0x00, 0x00, 0x00,
    0x00, 0x00, 0x00, 0x00, 0x00, 0x00, 0x00, 0x00, 0x00, 0x00, 0x00, 0x00, 0x00, 0x00, 0x40, 0x00,
    0x40, 0x00, 0x00, 0x00, 0x00, 0x00, 0x00, 0x00, 0x00, 0x00, 0x00, 0x00, 0x00, 0x00, 0x00, 0x00,
    0x00, 0x00, 0x00, 0x00, 0x00, 0x00, 0x00, 0x00, 0x00, 0x00, 0x00, 0x00, 0x00, 0x00, 0x00, 0x00,
    0x00, 0x00, 0x00, 0x00, 0x00, 0x00, 0x00, 0x00, 0x00, 0x00, 0x00, 0x00, 0x00, 0x00, 0x00, 0x00,
    0x00, 0x00, 0x00, 0x00, 0x00, 0x00, 0x00, 0x00, 0x00, 0x00, 0x00, 0x00, 0x00, 0x00, 0x64, 0x00,
    0xe9, 0x00, 0x84, 0x00, 0x64, 0x00, 0xc5, 0x00, 0xa8, 0x00, 0xa7, 0x00, 0x49, 0x00, 0xea, 0x00,
    0x8c, 0x00, 0x8c, 0x00, 0x28, 0x00, 0xaa, 0x00, 0xac, 0x00, 0xcc, 0x00, 0x2d, 0x00, 0x6b, 0x00,
    0x6e, 0x00, 0x4e, 0x00, 0x8c, 0x00, 0x64, 0x00, 0x00, 0x00, 0x00, 0x00, 0x00, 0x00, 0x00, 0x00,
    0x00, 0x00, 0x00, 0x00, 0x00, 0x00, 0x00, 0x00, 0x00, 0x00, 0x20, 0x00, 0x00, 0x00, 0x65, 0x00,
    0x83, 0x00, 0x00, 0x00, 0x00, 0x00, 0x00, 0x00, 0x00, 0x00, 0x00, 0x00, 0x00, 0x00, 0x00, 0x00,
    0x00, 0x00, 0x00, 0x00, 0x00, 0x00, 0x00, 0x00, 0x00, 0x00, 0x00, 0x00, 0x00, 0x00, 0x00, 0x00,
    0x00, 0x00, 0x00, 0x00, 0x00, 0x00, 0x00, 0x00, 0x00, 0x00, 0x00, 0x00, 0x00, 0x00, 0x00, 0x00,
    0x00, 0x00, 0x00, 0x00, 0x00, 0x00, 0x00, 0x00, 0x00, 0x00, 0x00, 0x00, 0x00, 0x00, 0x84, 0x00,
    0x47, 0x00, 0xe3, 0x00, 0xe6, 0x00, 0x85, 0x00, 0xa5, 0x00, 0x64, 0x00, 0xe5, 0x00, 0x87, 0x00,
    0x08, 0x00, 0xca, 0x00, 0x0b, 0x00, 0x69, 0x00, 0x69, 0x00, 0xaa, 0x00, 0x2b, 0x00, 0xed, 0x00,
    0xcc, 0x00, 0xac, 0x00, 0x28, 0x00, 0x00, 0x00, 0x00, 0x00, 0x00, 0x00, 0x00, 0x00, 0x00, 0x00,
    0x00, 0x00, 0x00, 0x00, 0x00, 0x00, 0x00, 0x00, 0x00, 0x00, 0x00, 0x00, 0x20, 0x00, 0xa9, 0x00,
    0xe3, 0x00, 0x00, 0x00, 0x00, 0x00, 0x00, 0x00, 0x00, 0x00, 0x00, 0x00, 0x00, 0x00, 0x00, 0x00,
    0x00, 0x00, 0x00, 0x00, 0x00, 0x00, 0x00, 0x00, 0x00, 0x00, 0x00, 0x00, 0x00, 0x00, 0x00, 0x00,
    0x00, 0x00, 0x00, 0x00, 0x00, 0x00, 0x00, 0x00, 0x00, 0x00, 0x00, 0x00, 0x00, 0x00, 0x00, 0x00,
    0x00, 0x00, 0x00, 0x00, 0x00, 0x00, 0x00, 0x00, 0x00, 0x00, 0x00, 0x00, 0x00, 0x00, 0xc2, 0x00,
    0xa2, 0x00, 0xe3, 0x00, 0xa8, 0x00, 0xc5, 0x00, 0xa5, 0x00, 0xe6, 0x00, 0x84, 0x00, 0x84, 0x00,
    0xa4, 0x00, 0xc5, 0x00, 0x05, 0x00, 0xc7, 0x00, 0x69, 0x00, 0xaa, 0x00, 0xaa, 0x00, 0x49, 0x00,
    0xe8, 0x00, 0x05, 0x00, 0x61, 0x00, 0x00, 0x00, 0x00, 0x00, 0x00, 0x00, 0x00, 0x00, 0x00, 0x00,
    0x00, 0x00, 0x00, 0x00, 0x00, 0x00, 0x00, 0x00, 0x00, 0x00, 0x22, 0x00, 0xa6, 0x00, 0x6a, 0x00,
    0xc3, 0x00, 0x00, 0x00, 0x00, 0x00, 0x00, 0x00, 0x00, 0x00, 0x00, 0x00, 0x00, 0x00, 0x00, 0x00,
    0x00, 0x00, 0x00, 0x00, 0x00, 0x00, 0x00, 0x00, 0x00, 0x00, 0x00, 0x00, 0x00, 0x00, 0x00, 0x00,
    0x00, 0x00, 0x00, 0x00, 0x00, 0x00, 0x00, 0x00, 0x00, 0x00, 0x00, 0x00, 0x00, 0x00, 0x00, 0x00,
    0x00, 0x00, 0x00, 0x00, 0x00, 0x00, 0x00, 0x00, 0x00, 0x00, 0x00, 0x00, 0x00, 0x00, 0x00, 0x00,
    0x00, 0x00, 0x44, 0x00, 0xe9, 0x00, 0xe6, 0x00, 0xc5, 0x00, 0x06, 0x00, 0x26, 0x00, 0xe5, 0x00,
    0x46, 0x00, 0x05, 0x00, 0x05, 0x00, 0xc4, 0x00, 0xe5, 0x00, 0x05, 0x00, 0x66, 0x00, 0x26, 0x00,
    0x02, 0x00, 0x00, 0x00, 0x00, 0x00, 0x00, 0x00, 0x00, 0x00, 0x00, 0x00, 0x00, 0x00, 0x00, 0x00,
    0x00, 0x00, 0x00, 0x00, 0x00, 0x00, 0x20, 0x00, 0x46, 0x00, 0xa8, 0x00, 0xa8, 0x00, 0x2a, 0x00,
    0x83, 0x00, 0x00, 0x00, 0x00, 0x00, 0x00, 0x00, 0x00, 0x00, 0x00, 0x00, 0x00, 0x00, 0x00, 0x00,
    0x00, 0x00, 0x00, 0x00, 0x00, 0x00, 0x00, 0x00, 0x00, 0x00, 0x00, 0x00, 0x00, 0x00, 0x00, 0x00,
    0x00, 0x00, 0x00, 0x00, 0x00, 0x00, 0x00, 0x00, 0x00, 0x00, 0x00, 0x00, 0x00, 0x00, 0x00, 0x00,
    0x00, 0x00, 0x00, 0x00, 0x00, 0x00, 0x00, 0x00, 0x00, 0x00, 0x00, 0x00, 0x00, 0x00, 0x00, 0x00,
    0x00, 0x00, 0x44, 0x00, 0xe9, 0x00, 0xc5, 0x00, 0x47, 0x00, 0x67, 0x00, 0xa7, 0x00, 0x05, 0x00,
    0x86, 0x00, 0x86, 0x00, 0xa6, 0x00, 0xc6, 0x00, 0xe7, 0x00, 0xa4, 0x00, 0x00, 0x00, 0x00, 0x00,
    0x00, 0x00, 0x00, 0x00, 0x00, 0x00, 0x00, 0x00, 0x00, 0x00, 0x00, 0x00, 0x00, 0x00, 0x00, 0x00,
    0x00, 0x00, 0xc1, 0x00, 0x22, 0x00, 0x84, 0x00, 0x88, 0x00, 0xc7, 0x00, 0xa9, 0x00, 0xea, 0x00,
    0xa1, 0x00, 0x00, 0x00, 0x00, 0x00, 0x00, 0x00, 0x00, 0x00, 0x00, 0x00, 0x00, 0x00, 0x00, 0x00,
    0x00, 0x00, 0x00, 0x00, 0x00, 0x00, 0x00, 0x00, 0x00, 0x00, 0x00, 0x00, 0x00, 0x00, 0x00, 0x00,
    0x00, 0x00, 0x00, 0x00, 0x00, 0x00, 0x00, 0x00, 0x00, 0x00, 0x00, 0x00, 0x00, 0x00, 0x00, 0x00,
    0x00, 0x00, 0x00, 0x00, 0x00, 0x00, 0x00, 0x00, 0x00, 0x00, 0x00, 0x00, 0x00, 0x00, 0x00, 0x00,
    0x00, 0x00, 0xc2, 0x00, 0xe6, 0x00, 0x23, 0x00, 0x47, 0x00, 0x67, 0x00, 0x08, 0x00, 0x86, 0x00,
    0x07, 0x00, 0x68, 0x00, 0x07, 0x00, 0x28, 0x00, 0x68, 0x00, 0x28, 0x00, 0x40, 0x00, 0x00, 0x00,
    0x00, 0x00, 0x00, 0x00, 0x00, 0x00, 0x00, 0x00, 0x00, 0x00, 0x00, 0x00, 0x00, 0x00, 0x00, 0x00,
    0x00, 0x00, 0xe5, 0x00, 0x28, 0x00, 0x06, 0x00, 0x87, 0x00, 0xc9, 0x00, 0x0a, 0x00, 0x47, 0x00,
    0x00, 0x00, 0x00, 0x00, 0x00, 0x00, 0x00, 0x00, 0x00, 0x00, 0x00, 0x00, 0x00, 0x00, 0x00, 0x00,
    0x00, 0x00, 0x00, 0x00, 0x00, 0x00, 0x00, 0x00, 0x00, 0x00, 0x00, 0x00, 0x00, 0x00, 0x00, 0x00,
    0x00, 0x00, 0x00, 0x00, 0x00, 0x00, 0x00, 0x00, 0x00, 0x00, 0x00, 0x00, 0x00, 0x00, 0x00, 0x00,
    0x00, 0x00, 0x00, 0x00, 0x00, 0x00, 0x00, 0x00, 0x00, 0x00, 0x00, 0x00, 0x00, 0x00, 0x00, 0x00,
    0x00, 0x00, 0x00, 0x00, 0x20, 0x00, 0x81, 0x00, 0x64, 0x00, 0x05, 0x00, 0x48, 0x00, 0x68, 0x00,
    0x07, 0x00, 0x6b, 0x00, 0xac, 0x00, 0x4a, 0x00, 0xe9, 0x00, 0x4a, 0x00, 0x05, 0x00, 0x00, 0x00,
    0x00, 0x00, 0x00, 0x00, 0x00, 0x00, 0x00, 0x00, 0x00, 0x00, 0x00, 0x00, 0x00, 0x00, 0x00, 0x00,
    0x20, 0x00, 0x28, 0x00, 0xe8, 0x00, 0xe6, 0x00, 0xea, 0x00, 0x89, 0x00, 0x49, 0x00, 0x02, 0x00,
    0x00, 0x00, 0x00, 0x00, 0x00, 0x00, 0x00, 0x00, 0x00, 0x00, 0x00, 0x00, 0x00, 0x00, 0x00, 0x00,
    0x00, 0x00, 0x00, 0x00, 0x00, 0x00, 0x00, 0x00, 0x00, 0x00, 0x00, 0x00, 0x00, 0x00, 0x00, 0x00,
    0x00, 0x00, 0x00, 0x00, 0x00, 0x00, 0x00, 0x00, 0x00, 0x00, 0x00, 0x00, 0x00, 0x00, 0x00, 0x00,
    0x00, 0x00, 0x00, 0x00, 0x00, 0x00, 0x00, 0x00, 0x00, 0x00, 0x00, 0x00, 0x00, 0x00, 0x00, 0x00,
    0x00, 0x00, 0x00, 0x00, 0x00, 0x00, 0x00, 0x00, 0x41, 0x00, 0xa5, 0x00, 0x08, 0x00, 0xc9, 0x00,
    0x07, 0x00, 0xea, 0x00, 0x8e, 0x00, 0x51, 0x00, 0x8f, 0x00, 0xec, 0x00, 0x6b, 0x00, 0xa1, 0x00,
    0x00, 0x00, 0x00, 0x00, 0x00, 0x00, 0x00, 0x00, 0x00, 0x00, 0x00, 0x00, 0x00, 0x00, 0x00, 0x00,
    0xa1, 0x00, 0x69, 0x00, 0x46, 0x00, 0x48, 0x00, 0x69, 0x00, 0x09, 0x00, 0xa3, 0x00, 0x00, 0x00,
    0x00, 0x00, 0x00, 0x00, 0x00, 0x00, 0x00, 0x00, 0x00, 0x00, 0x00, 0x00, 0x00, 0x00, 0x00, 0x00,
    0x00, 0x00, 0x00, 0x00, 0x00, 0x00, 0x00, 0x00, 0x00, 0x00, 0x00, 0x00, 0x00, 0x00, 0x00, 0x00,
    0x00, 0x00, 0x00, 0x00, 0x00, 0x00, 0x00, 0x00, 0x00, 0x00, 0x00, 0x00, 0x00, 0x00, 0x00, 0x00,
    0x00, 0x00, 0x00, 0x00, 0x00, 0x00, 0x00, 0x00, 0x00, 0x00, 0x00, 0x00, 0x00, 0x00, 0x00, 0x00,
    0x00, 0x00, 0x00, 0x00, 0x00, 0x00, 0x00, 0x00, 0x81, 0x00, 0xe5, 0x00, 0x86, 0x00, 0xc9, 0x00,
    0x09, 0x00, 0x6b, 0x00, 0xaf, 0x00, 0xf0, 0x00, 0xb2, 0x00, 0x51, 0x00, 0xaf, 0x00, 0x68, 0x00,
    0x00, 0x00, 0x00, 0x00, 0x00, 0x00, 0x00, 0x00, 0x00, 0x00, 0x00, 0x00, 0x00, 0x00, 0x00, 0x00,
    0xc1, 0x00, 0xa8, 0x00, 0x67, 0x00, 0x08, 0x00, 0x47, 0x00, 0xc4, 0x00, 0x20, 0x00, 0x00, 0x00,
    0x00, 0x00, 0x00, 0x00, 0x00, 0x00, 0x00, 0x00, 0x00, 0x00, 0x00, 0x00, 0x00, 0x00, 0x00, 0x00,
    0x00, 0x00, 0x00, 0x00, 0x00, 0x00, 0x00, 0x00, 0x00, 0x00, 0x00, 0x00, 0x00, 0x00, 0x00, 0x00,
    0x00, 0x00, 0x00, 0x00, 0x00, 0x00, 0x00, 0x00, 0x00, 0x00, 0x00, 0x00, 0x00, 0x00, 0x00, 0x00,
    0x00, 0x00, 0x00, 0x00, 0x40, 0x00, 0x20, 0x00, 0x63, 0x00, 0x65, 0x00, 0x83, 0x00, 0x40, 0x00,
    0x00, 0x00, 0x00, 0x00, 0x00, 0x00, 0x00, 0x00, 0x64, 0x00, 0xc5, 0x00, 0x66, 0x00, 0x68, 0x00,
    0x8b, 0x00, 0x2a, 0x00, 0x10, 0x00, 0x31, 0x00, 0xd0, 0x00, 0x10, 0x00, 0xaf, 0x00, 0x6e, 0x00,
    0x45, 0x00, 0x00, 0x00, 0x00, 0x00, 0x00, 0x00, 0x00, 0x00, 0x00, 0x00, 0x00, 0x00, 0x00, 0x00,
    0x81, 0x00, 0x27, 0x00, 0x87, 0x00, 0x67, 0x00, 0xe6, 0x00, 0x86, 0x00, 0xe2, 0x00, 0x00, 0x00,
    0x00, 0x00, 0x00, 0x00, 0x00, 0x00, 0x00, 0x00, 0x00, 0x00, 0x00, 0x00, 0x00, 0x00, 0x00, 0x00,
    0x00, 0x00, 0x00, 0x00, 0x00, 0x00, 0x00, 0x00, 0x00, 0x00, 0x00, 0x00, 0x00, 0x00, 0x00, 0x00,
    0x00, 0x00, 0x00, 0x00, 0x00, 0x00, 0x00, 0x00, 0x00, 0x00, 0x00, 0x00, 0x00, 0x00, 0x20, 0x00,
    0x43, 0x00, 0x86, 0x00, 0x48, 0x00, 0x07, 0x00, 0x25, 0x00, 0x86, 0x00, 0xc8, 0x00, 0xa8, 0x00,
    0xc4, 0x00, 0x00, 0x00, 0x00, 0x00, 0x00, 0x00, 0x81, 0x00, 0x43, 0x00, 0xc7, 0x00, 0x28, 0x00,
    0x2a, 0x00, 0x09, 0x00, 0xcc, 0x00, 0xd3, 0x00, 0xb3, 0x00, 0x72, 0x00, 0x2d, 0x00, 0xae, 0x00,
    0x0d, 0x00, 0x40, 0x00, 0x00, 0x00, 0x00, 0x00, 0x00, 0x00, 0x00, 0x00, 0x00, 0x00, 0x00, 0x00,
    0x00, 0x00, 0x85, 0x00, 0xa8, 0x00, 0xa6, 0x00, 0x02, 0x00, 0x20, 0x00, 0x00, 0x00, 0x00, 0x00,
    0x00, 0x00, 0x00, 0x00, 0x00, 0x00, 0x00, 0x00, 0x00, 0x00, 0x00, 0x00, 0x00, 0x00, 0x00, 0x00,
    0x00, 0x00, 0x00, 0x00, 0x00, 0x00, 0x00, 0x00, 0x00, 0x00, 0x00, 0x00, 0x00, 0x00, 0x00, 0x00,
    0x00, 0x00, 0x00, 0x00, 0x00, 0x00, 0x00, 0x00, 0x00, 0x00, 0x00, 0x00, 0x00, 0x00, 0x00, 0x00,
    0xa4, 0x00, 0x45, 0x00, 0xc6, 0x00, 0x27, 0x00, 0x27, 0x00, 0xa6, 0x00, 0x65, 0x00, 0x07, 0x00,
    0xe9, 0x00, 0x45, 0x00, 0x22, 0x00, 0x81, 0x00, 0x61, 0x00, 0x05, 0x00, 0x86, 0x00, 0x48, 0x00,
    0xe9, 0x00, 0x4a, 0x00, 0xe9, 0x00, 0x10, 0x00, 0x92, 0x00, 0xd3, 0x00, 0x51, 0x00, 0xaf, 0x00,
    0xef, 0x00, 0xa4, 0x00, 0x00, 0x00, 0x00, 0x00, 0x00, 0x00, 0x00, 0x00, 0x00, 0x00, 0x00, 0x00,
    0x00, 0x00, 0xa3, 0x00, 0x88, 0x00, 0x81, 0x00, 0x00, 0x00, 0x00, 0x00, 0x00, 0x00, 0x00, 0x00,
    0x00, 0x00, 0x00, 0x00, 0x00, 0x00, 0x00, 0x00, 0x00, 0x00, 0x00, 0x00, 0x00, 0x00, 0x00, 0x00,
    0x00, 0x00, 0x00, 0x00, 0x00, 0x00, 0x00, 0x00, 0x00, 0x00, 0x00, 0x00, 0x00, 0x00, 0x00, 0x00,
    0x00, 0x00, 0x00, 0x00, 0x00, 0x00, 0x00, 0x00, 0x00, 0x00, 0x00, 0x00, 0xe2, 0x00, 0x66, 0x00,
    0x25, 0x00, 0x86, 0x00, 0x68, 0x00, 0x89, 0x00, 0x68, 0x00, 0xa9, 0x00, 0xa9, 0x00, 0x27, 0x00,
    0x07, 0x00, 0x07, 0x00, 0x86, 0x00, 0xe5, 0x00, 0xa4, 0x00, 0x26, 0x00, 0x86, 0x00, 0xc9, 0x00,
    0x4a, 0x00, 0x2a, 0x00, 0xe9, 0x00, 0xcc, 0x00, 0xf0, 0x00, 0x92, 0x00, 0xb2, 0x00, 0xcf, 0x00,
    0x0f, 0x00, 0x07, 0x00, 0x00, 0x00, 0x00, 0x00, 0x00, 0x00, 0x00, 0x00, 0x00, 0x00, 0x00, 0x00,
    0x00, 0x00, 0x22, 0x00, 0x86, 0x00, 0x00, 0x00, 0x00, 0x00, 0x00, 0x00, 0x00, 0x00, 0x00, 0x00,
    0x00, 0x00, 0x00, 0x00, 0x00, 0x00, 0x00, 0x00, 0x00, 0x00, 0x00, 0x00, 0x00, 0x00, 0x00, 0x00,
    0x00, 0x00, 0x00, 0x00, 0x00, 0x00, 0x00, 0x00, 0x00, 0x00, 0x00, 0x00, 0x00, 0x00, 0x00, 0x00,
    0x00, 0x00, 0x00, 0x00, 0x00, 0x00, 0x00, 0x00, 0x00, 0x00, 0x05, 0x00, 0x89, 0x00, 0x07, 0x00,
    0x48, 0x00, 0x0a, 0x00, 0x69, 0x00, 0xa9, 0x00, 0x2a, 0x00, 0xe9, 0x00, 0x89, 0x00, 0xc9, 0x00,
    0xa9, 0x00, 0xe7, 0x00, 0x45, 0x00, 0xa4, 0x00, 0xa4, 0x00, 0x87, 0x00, 0x48, 0x00, 0xc9, 0x00,
    0x4a, 0x00, 0xab, 0x00, 0xc9, 0x00, 0x4d, 0x00, 0xaf, 0x00, 0xaf, 0x00, 0x51, 0x00, 0xf0, 0x00,
    0xaf, 0x00, 0x4a, 0x00, 0x81, 0x00, 0x00, 0x00, 0x00, 0x00, 0x00, 0x00, 0x00, 0x00, 0x40, 0x00,
    0x40, 0x00, 0x02, 0x00, 0x45, 0x00, 0x00, 0x00, 0x00, 0x00, 0x00, 0x00, 0x00, 0x00, 0x00, 0x00,
    0x00, 0x00, 0x00, 0x00, 0x00, 0x00, 0x00, 0x00, 0x00, 0x00, 0x00, 0x00, 0x00, 0x00, 0x00, 0x00,
    0x00, 0x00, 0x00, 0x00, 0x00, 0x00, 0x00, 0x00, 0x00, 0x00, 0x00, 0x00, 0x00, 0x00, 0x00, 0x00,
    0x00, 0x00, 0x00, 0x00, 0x00, 0x00, 0x00, 0x00, 0xe5, 0x00, 0x08, 0x00, 0x66, 0x00, 0x48, 0x00,
    0xc9, 0x00, 0xea, 0x00, 0xa9, 0x00, 0x0a, 0x00, 0x4a, 0x00, 0xe9, 0x00, 0xc9, 0x00, 0x68, 0x00,
    0x48, 0x00, 0xe7, 0x00, 0x86, 0x00, 0xc5, 0x00, 0x46, 0x00, 0xe7, 0x00, 0xa9, 0x00, 0x4a, 0x00,
    0x6a, 0x00, 0xab, 0x00, 0xc9, 0x00, 0x0c, 0x00, 0x10, 0x00, 0xef, 0x00, 0x6e, 0x00, 0xaf, 0x00,
    0xec, 0x00, 0xcb, 0x00, 0x63, 0x00, 0x00, 0x00, 0x00, 0x00, 0x00, 0x00, 0x00, 0x00, 0xa1, 0x00,
    0xa6, 0x00, 0x02, 0x00, 0xa6, 0x00, 0x00, 0x00, 0x00, 0x00, 0x00, 0x00, 0x00, 0x00, 0x00, 0x00,
    0x00, 0x00, 0x00, 0x00, 0x00, 0x00, 0x00, 0x00, 0x00, 0x00, 0x00, 0x00, 0x00, 0x00, 0x00, 0x00,
    0x00, 0x00, 0x00, 0x00, 0x00, 0x00, 0x00, 0x00, 0x00, 0x00, 0x00, 0x00, 0x00, 0x00, 0x00, 0x00,
    0x00, 0x00, 0x00, 0x00, 0x00, 0x00, 0x20, 0x00, 0x02, 0x00, 0x84, 0x00, 0x89, 0x00, 0xc9, 0x00,
    0xa9, 0x00, 0xea, 0x00, 0xea, 0x00, 0x48, 0x00, 0x68, 0x00, 0x0a, 0x00, 0x89, 0x00, 0x48, 0x00,
    0x48, 0x00, 0x07, 0x00, 0x07, 0x00, 0x46, 0x00, 0xa7, 0x00, 0x08, 0x00, 0xc9, 0x00, 0xcb, 0x00,
    0xcb, 0x00, 0x2a, 0x00, 0x88, 0x00, 0xab, 0x00, 0xaf, 0x00, 0xef, 0x00, 0xaf, 0x00, 0xab, 0x00,
    0x8b, 0x00, 0x0c, 0x00, 0x63, 0x00, 0x00, 0x00, 0x00, 0x00, 0x00, 0x00, 0x00, 0x00, 0x00, 0x00,
    0x68, 0x00, 0xe6, 0x00, 0x07, 0x00, 0x40, 0x00, 0x00, 0x00, 0x00, 0x00, 0x00, 0x00, 0x00, 0x00,
    0x00, 0x00, 0x00, 0x00, 0x00, 0x00, 0x00, 0x00, 0x00, 0x00, 0x00, 0x00, 0x00, 0x00, 0x00, 0x00,
    0x00, 0x00, 0x00, 0x00, 0x00, 0x00, 0x00, 0x00, 0x00, 0x00, 0x00, 0x00, 0x00, 0x00, 0x00, 0x00,
    0x00, 0x00, 0x00, 0x00, 0x00, 0x00, 0x00, 0x00, 0xe2, 0x00, 0x08, 0x00, 0x89, 0x00, 0x89, 0x00,
    0x2a, 0x00, 0xa9, 0x00, 0x48, 0x00, 0x08, 0x00, 0x28, 0x00, 0x28, 0x00, 0x28, 0x00, 0xc9, 0x00,
    0x68, 0x00, 0x48, 0x00, 0x48, 0x00, 0x86, 0x00, 0xa7, 0x00, 0xa9, 0x00, 0xa9, 0x00, 0xcb, 0x00,
    0x8a, 0x00, 0x4a, 0x00, 0x27, 0x00, 0xa9, 0x00, 0xcf, 0x00, 0x8e, 0x00, 0xaf, 0x00, 0x0d, 0x00,
    0xec, 0x00, 0x2a, 0x00, 0x22, 0x00, 0x00, 0x00, 0x00, 0x00, 0x00, 0x00, 0x00, 0x00, 0x00, 0x00,
    0xc4, 0x00, 0xa8, 0x00, 0x88, 0x00, 0x83, 0x00, 0x00, 0x00, 0x00, 0x00, 0x00, 0x00, 0x00, 0x00,
    0x00, 0x00, 0x00, 0x00, 0x00, 0x00, 0x00, 0x00, 0x00, 0x00, 0x00, 0x00, 0x00, 0x00, 0x00, 0x00,
    0x00, 0x00, 0x00, 0x00, 0x00, 0x00, 0x00, 0x00, 0x00, 0x00, 0x00, 0x00, 0x00, 0x00, 0x00, 0x00,
    0x00, 0x00, 0x00, 0x00, 0x00, 0x00, 0xc2, 0x00, 0x46, 0x00, 0x08, 0x00, 0xa9, 0x00, 0x2a, 0x00,
    0x0a, 0x00, 0xa9, 0x00, 0xa7, 0x00, 0xe7, 0x00, 0xc7, 0x00, 0x46, 0x00, 0x07, 0x00, 0x28, 0x00,
    0xe7, 0x00, 0xc7, 0x00, 0xa7, 0x00, 0x86, 0x00, 0xc7, 0x00, 0x68, 0x00, 0xea, 0x00, 0x2a, 0x00,
    0x4a, 0x00, 0x6a, 0x00, 0xe7, 0x00, 0xa9, 0x00, 0x0c, 0x00, 0x6e, 0x00, 0x6e, 0x00, 0x0d, 0x00,
    0x4a, 0x00, 0x28, 0x00, 0x02, 0x00, 0x00, 0x00, 0x00, 0x00, 0x00, 0x00, 0x00, 0x00, 0x00, 0x00,
    0x20, 0x00, 0x86, 0x00, 0x88, 0x00, 0x27, 0x00, 0x20, 0x00, 0x00, 0x00, 0x00, 0x00, 0x00, 0x00,
    0x00, 0x00, 0x00, 0x00, 0x00, 0x00, 0x00, 0x00, 0x00, 0x00, 0x00, 0x00, 0x00, 0x00, 0x00, 0x00,
    0x00, 0x00, 0x00, 0x00, 0x00, 0x00, 0x00, 0x00, 0x00, 0x00, 0x00, 0x00, 0x00, 0x00, 0x00, 0x00,
    0x00, 0x00, 0x00, 0x00, 0x61, 0x00, 0x46, 0x00, 0x46, 0x00, 0x89, 0x00, 0xea, 0x00, 0x2a, 0x00,
    0xe9, 0x00, 0xa9, 0x00, 0xa7, 0x00, 0x66, 0x00, 0x66, 0x00, 0x66, 0x00, 0x66, 0x00, 0x86, 0x00,
    0xa7, 0x00, 0x66, 0x00, 0xe5, 0x00, 0x66, 0x00, 0xc7, 0x00, 0x48, 0x00, 0x4a, 0x00, 0xc9, 0x00,
    0xe9, 0x00, 0x89, 0x00, 0xa7, 0x00, 0xec, 0x00, 0xab, 0x00, 0xac, 0x00, 0x6e, 0x00, 0x6b, 0x00,
    0x68, 0x00, 0xc7, 0x00, 0x20, 0x00, 0x00, 0x00, 0x00, 0x00, 0x00, 0x00, 0x00, 0x00, 0x00, 0x00,
    0x00, 0x00, 0x40, 0x00, 0x66, 0x00, 0xa8, 0x00, 0x25, 0x00, 0x00, 0x00, 0x00, 0x00, 0x00, 0x00,
    0x00, 0x00, 0x00, 0x00, 0x00, 0x00, 0x00, 0x00, 0x00, 0x00, 0x00, 0x00, 0x00, 0x00, 0x00, 0x00,
    0x00, 0x00, 0x00, 0x00, 0x00, 0x00, 0x00, 0x00, 0x00, 0x00, 0x00, 0x00, 0x00, 0x00, 0x00, 0x00,
    0x00, 0x00, 0x00, 0x00, 0x26, 0x00, 0x46, 0x00, 0x87, 0x00, 0xca, 0x00, 0x89, 0x00, 0xa9, 0x00,
    0x0a, 0x00, 0x0a, 0x00, 0xc7, 0x00, 0x86, 0x00, 0x07, 0x00, 0xe7, 0x00, 0x87, 0x00, 0x46, 0x00,
    0x46, 0x00, 0x26, 0x00, 0xc5, 0x00, 0xc7, 0x00, 0x48, 0x00, 0x68, 0x00, 0xc9, 0x00, 0xe7, 0x00,
    0xe7, 0x00, 0x86, 0x00, 0x68, 0x00, 0x2d, 0x00, 0xcc, 0x00, 0x0a, 0x00, 0x8b, 0x00, 0xa9, 0x00,
    0xe7, 0x00, 0xe2, 0x00, 0x00, 0x00, 0x00, 0x00, 0x00, 0x00, 0x00, 0x00, 0x00, 0x00, 0x00, 0x00,
    0x00, 0x00, 0x00, 0x00, 0x61, 0x00, 0xc6, 0x00, 0xc9, 0x00, 0x02, 0x00, 0x83, 0x00, 0x00, 0x00,
    0x00, 0x00, 0x00, 0x00, 0x00, 0x00, 0x00, 0x00, 0x00, 0x00, 0x00, 0x00, 0x00, 0x00, 0x00, 0x00,
    0x00, 0x00, 0x00, 0x00, 0x00, 0x00, 0x00, 0x00, 0x00, 0x00, 0x00, 0x00, 0x00, 0x00, 0x00, 0x00,
    0x00, 0x00, 0x41, 0x00, 0xc5, 0x00, 0x06, 0x00, 0x08, 0x00, 0x08, 0x00, 0x89, 0x00, 0x6b, 0x00,
    0x6b, 0x00, 0x2a, 0x00, 0x07, 0x00, 0x66, 0x00, 0xa6, 0x00, 0xa7, 0x00, 0xe7, 0x00, 0xe7, 0x00,
    0x86, 0x00, 0x05, 0x00, 0x46, 0x00, 0x49, 0x00, 0x28, 0x00, 0x28, 0x00, 0xe7, 0x00, 0xc7, 0x00,
    0xa7, 0x00, 0x25, 0x00, 0x0a, 0x00, 0x6b, 0x00, 0x6b, 0x00, 0xe9, 0x00, 0x89, 0x00, 0xa7, 0x00,
    0x25, 0x00, 0xe2, 0x00, 0x00, 0x00, 0x00, 0x00, 0x00, 0x00, 0x00, 0x00, 0x00, 0x00, 0x00, 0x00,
    0x00, 0x00, 0x00, 0x00, 0x00, 0x00, 0x43, 0x00, 0xa8, 0x00, 0x07, 0x00, 0x27, 0x00, 0x40, 0x00,
    0x00, 0x00, 0x00, 0x00, 0x00, 0x00, 0x00, 0x00, 0x00, 0x00, 0x00, 0x00, 0x00, 0x00, 0x00, 0x00,
    0x00, 0x00, 0x00, 0x00, 0x00, 0x00, 0x00, 0x00, 0x00, 0x00, 0x00, 0x00, 0x00, 0x00, 0x00, 0x00,
    0x00, 0x00, 0x00, 0x00, 0xe5, 0x00, 0x67, 0x00, 0xe8, 0x00, 0x08, 0x00, 0xea, 0x00, 0x4a, 0x00,
    0x0a, 0x00, 0x6b, 0x00, 0x88, 0x00, 0x23, 0x00, 0x84, 0x00, 0xa5, 0x00, 0xe5, 0x00, 0x66, 0x00,
    0xa7, 0x00, 0x46, 0x00, 0x08, 0x00, 0x28, 0x00, 0xa9, 0x00, 0x08, 0x00, 0x28, 0x00, 0xa7, 0x00,
    0x25, 0x00, 0xa6, 0x00, 0x48, 0x00, 0xea, 0x00, 0xe9, 0x00, 0x68, 0x00, 0x46, 0x00, 0x05, 0x00,
    0xc7, 0x00, 0xa6, 0x00, 0x20, 0x00, 0x00, 0x00, 0x00, 0x00, 0x00, 0x00, 0x00, 0x00, 0x00, 0x00,
    0x00, 0x00, 0x00, 0x00, 0x00, 0x00, 0x40, 0x00, 0xc6, 0x00, 0x88, 0x00, 0xa8, 0x00, 0x81, 0x00,
    0x00, 0x00, 0x00, 0x00, 0x00, 0x00, 0x00, 0x00, 0x00, 0x00, 0x00, 0x00, 0x00, 0x00, 0x00, 0x00,
    0x00, 0x00, 0x00, 0x00, 0x00, 0x00, 0x00, 0x00, 0x00, 0x00, 0x00, 0x00, 0x00, 0x00, 0x00, 0x00,
    0x00, 0x00, 0xc2, 0x00, 0xa7, 0x00, 0x06, 0x00, 0xe8, 0x00, 0xa9, 0x00, 0x89, 0x00, 0xea, 0x00,
    0x2a, 0x00, 0x2a, 0x00, 0x68, 0x00, 0x84, 0x00, 0x26, 0x00, 0x46, 0x00, 0x26, 0x00, 0xa4, 0x00,
    0xc2, 0x00, 0x66, 0x00, 0x28, 0x00, 0x28, 0x00, 0x69, 0x00, 0x28, 0x00, 0x07, 0x00, 0xc4, 0x00,
    0x07, 0x00, 0xc9, 0x00, 0x28, 0x00, 0x48, 0x00, 0xa7, 0x00, 0xc4, 0x00, 0xe5, 0x00, 0xc7, 0x00,
    0x47, 0x00, 0xc8, 0x00, 0xe6, 0x00, 0x20, 0x00, 0x00, 0x00, 0x00, 0x00, 0x00, 0x00, 0x00, 0x00,
    0x00, 0x00, 0x00, 0x00, 0x00, 0x00, 0x00, 0x00, 0x05, 0x00, 0x68, 0x00, 0x27, 0x00, 0x61, 0x00,
    0x00, 0x00, 0x00, 0x00, 0x00, 0x00, 0x00, 0x00, 0x00, 0x00, 0x00, 0x00, 0x00, 0x00, 0x00, 0x00,
    0x00, 0x00, 0x00, 0x00, 0x00, 0x00, 0x00, 0x00, 0x00, 0x00, 0x00, 0x00, 0x00, 0x00, 0x00, 0x00,
    0x00, 0x00, 0xe5, 0x00, 0xc7, 0x00, 0xc5, 0x00, 0x49, 0x00, 0x48, 0x00, 0x69, 0x00, 0xa9, 0x00,
    0x2a, 0x00, 0x48, 0x00, 0x86, 0x00, 0x64, 0x00, 0x46, 0x00, 0x46, 0x00, 0x67, 0x00, 0x26, 0x00,
    0x00, 0x00, 0x84, 0x00, 0x08, 0x00, 0x08, 0x00, 0xc9, 0x00, 0xc9, 0x00, 0x66, 0x00, 0xc7, 0x00,
    0xc9, 0x00, 0x68, 0x00, 0xa6, 0x00, 0x43, 0x00, 0x40, 0x00, 0x25, 0x00, 0x07, 0x00, 0xe7, 0x00,
    0x68, 0x00, 0x88, 0x00, 0xe8, 0x00, 0xc6, 0x00, 0x20, 0x00, 0x00, 0x00, 0x00, 0x00, 0x00, 0x00,
    0x00, 0x00, 0x00, 0x00, 0xa1, 0x00, 0x40, 0x00, 0x23, 0x00, 0x88, 0x00, 0xa6, 0x00, 0x20, 0x00,
    0x00, 0x00, 0x00, 0x00, 0x00, 0x00, 0x00, 0x00, 0x00, 0x00, 0x00, 0x00, 0x00, 0x00, 0x00, 0x00,
    0x00, 0x00, 0x00, 0x00, 0x00, 0x00, 0x00, 0x00, 0x00, 0x00, 0x00, 0x00, 0x00, 0x00, 0x00, 0x00,
    0x00, 0x00, 0xa7, 0x00, 0x66, 0x00, 0x84, 0x00, 0x29, 0x00, 0xa7, 0x00, 0x49, 0x00, 0x48, 0x00,
    0x28, 0x00, 0xe7, 0x00, 0x84, 0x00, 0x64, 0x00, 0x46, 0x00, 0x06, 0x00, 0x46, 0x00, 0xc5, 0x00,
    0x00, 0x00, 0x81, 0x00, 0x08, 0x00, 0x28, 0x00, 0x0a, 0x00, 0x09, 0x00, 0x66, 0x00, 0xc2, 0x00,
    0xc2, 0x00, 0x60, 0x00, 0x00, 0x00, 0x00, 0x00, 0x00, 0x00, 0xc2, 0x00, 0x86, 0x00, 0x27, 0x00,
    0xa8, 0x00, 0x88, 0x00, 0x88, 0x00, 0x29, 0x00, 0xa5, 0x00, 0x00, 0x00, 0x00, 0x00, 0x00, 0x00,
    0x00, 0x00, 0x00, 0x00, 0xc2, 0x00, 0xc4, 0x00, 0xe2, 0x00, 0xa8, 0x00, 0xe4, 0x00, 0x00, 0x00,
    0x00, 0x00, 0x00, 0x00, 0x00, 0x00, 0x00, 0x00, 0x00, 0x00, 0x00, 0x00, 0x00, 0x00, 0x00, 0x00,
    0x00, 0x00, 0x00, 0x00, 0x00, 0x00, 0x00, 0x00, 0x00, 0x00, 0x00, 0x00, 0x00, 0x00, 0x00, 0x00,
    0x20, 0x00, 0x87, 0x00, 0xa5, 0x00, 0xa5, 0x00, 0x87, 0x00, 0xe8, 0x00, 0x08, 0x00, 0xe7, 0x00,
    0xc7, 0x00, 0x86, 0x00, 0x40, 0x00, 0xa5, 0x00, 0x46, 0x00, 0x06, 0x00, 0x26, 0x00, 0x81, 0x00,
    0x00, 0x00, 0x40, 0x00, 0x87, 0x00, 0x89, 0x00, 0xe9, 0x00, 0x2a, 0x00, 0xe7, 0x00, 0x00, 0x00,
    0x00, 0x00, 0x00, 0x00, 0x00, 0x00, 0x00, 0x00, 0x00, 0x00, 0x00, 0x00, 0x00, 0x00, 0x81, 0x00,
    0x63, 0x00, 0x27, 0x00, 0x88, 0x00, 0xa8, 0x00, 0xc8, 0x00, 0x63, 0x00, 0x00, 0x00, 0x00, 0x00,
    0x00, 0x00, 0x00, 0x00, 0x20, 0x00, 0x05, 0x00, 0xa4, 0x00, 0x68, 0x00, 0xa3, 0x00, 0x43, 0x00,
    0x00, 0x00, 0x00, 0x00, 0x00, 0x00, 0x00, 0x00, 0x00, 0x00, 0x00, 0x00, 0x00, 0x00, 0x00, 0x00,
    0x00, 0x00, 0x00, 0x00, 0x00, 0x00, 0x00, 0x00, 0x00, 0x00, 0x00, 0x00, 0x00, 0x00, 0x00, 0x00,
    0x40, 0x00, 0x43, 0x00, 0x03, 0x00, 0x47, 0x00, 0xc5, 0x00, 0xe8, 0x00, 0xc7, 0x00, 0xa7, 0x00,
    0xa7, 0x00, 0x81, 0x00, 0x41, 0x00, 0x67, 0x00, 0x46, 0x00, 0x46, 0x00, 0xc2, 0x00, 0x00, 0x00,
    0x00, 0x00, 0x00, 0x00, 0x06, 0x00, 0xca, 0x00, 0xa9, 0x00, 0x4a, 0x00, 0xa8, 0x00, 0x20, 0x00,
    0x00, 0x00, 0x00, 0x00, 0x00, 0x00, 0x00, 0x00, 0x00, 0x00, 0x00, 0x00, 0x00, 0x00, 0x00, 0x00,
    0x00, 0x00, 0x02, 0x00, 0x68, 0x00, 0x67, 0x00, 0x88, 0x00, 0x85, 0x00, 0x00, 0x00, 0x00, 0x00,
    0x00, 0x00, 0x00, 0x00, 0x00, 0x00, 0xc5, 0x00, 0x86, 0x00, 0x07, 0x00, 0xc7, 0x00, 0x45, 0x00,
    0x00, 0x00, 0x00, 0x00, 0x00, 0x00, 0x00, 0x00, 0x00, 0x00, 0x00, 0x00, 0x00, 0x00, 0x00, 0x00,
    0x00, 0x00, 0x00, 0x00, 0x00, 0x00, 0x00, 0x00, 0x00, 0x00, 0x00, 0x00, 0x00, 0x00, 0x00, 0x00,
    0x00, 0x00, 0x00, 0x00, 0x24, 0x00, 0xa8, 0x00, 0x46, 0x00, 0x67, 0x00, 0xa7, 0x00, 0x66, 0x00,
    0xc2, 0x00, 0x00, 0x00, 0x23, 0x00, 0xa7, 0x00, 0x87, 0x00, 0x66, 0x00, 0x20, 0x00, 0x00, 0x00,
    0x20, 0x00, 0x00, 0x00, 0x23, 0x00, 0x89, 0x00, 0x48, 0x00, 0x2a, 0x00, 0x2a, 0x00, 0x81, 0x00,
    0x00, 0x00, 0x00, 0x00, 0x00, 0x00, 0x00, 0x00, 0x00, 0x00, 0x00, 0x00, 0x00, 0x00, 0x00, 0x00,
    0x00, 0x00, 0xc1, 0x00, 0x68, 0x00, 0xc6, 0x00, 0x27, 0x00, 0xe9, 0x00, 0x42, 0x00, 0x00, 0x00,
    0x00, 0x00, 0x00, 0x00, 0x40, 0x00, 0x45, 0x00, 0x07, 0x00, 0x27, 0x00, 0x07, 0x00, 0xe2, 0x00,
    0x00, 0x00, 0x00, 0x00, 0x00, 0x00, 0x00, 0x00, 0x00, 0x00, 0x00, 0x00, 0x00, 0x00, 0x00, 0x00,
    0x00, 0x00, 0x00, 0x00, 0x00, 0x00, 0x00, 0x00, 0x00, 0x00, 0x00, 0x00, 0x00, 0x00, 0x00, 0x00,
    0x00, 0x00, 0x00, 0x00, 0x84, 0x00, 0x88, 0x00, 0xc8, 0x00, 0xa7, 0x00, 0xe7, 0x00, 0x05, 0x00,
    0x20, 0x00, 0x00, 0x00, 0x81, 0x00, 0x46, 0x00, 0xc7, 0x00, 0xe7, 0x00, 0xa4, 0x00, 0x00, 0x00,
    0x00, 0x00, 0x00, 0x00, 0x00, 0x00, 0x86, 0x00, 0x28, 0x00, 0xa9, 0x00, 0x8b, 0x00, 0xa4, 0x00,
    0x00, 0x00, 0x00, 0x00, 0x00, 0x00, 0x00, 0x00, 0x00, 0x00, 0x00, 0x00, 0x00, 0x00, 0x00, 0x00,
    0x00, 0x00, 0xa4, 0x00, 0xa9, 0x00, 0x04, 0x00, 0x07, 0x00, 0xc8, 0x00, 0xc6, 0x00, 0x00, 0x00,
    0x00, 0x00, 0x00, 0x00, 0x02, 0x00, 0x07, 0x00, 0x68, 0x00, 0x88, 0x00, 0x25, 0x00, 0x00, 0x00,
    0x00, 0x00, 0x00, 0x00, 0x00, 0x00, 0x00, 0x00, 0x00, 0x00, 0x00, 0x00, 0x00, 0x00, 0x00, 0x00,
    0x00, 0x00, 0x00, 0x00, 0x00, 0x00, 0x00, 0x00, 0x00, 0x00, 0x00, 0x00, 0x00, 0x00, 0x00, 0x00,
    0x00, 0x00, 0x00, 0x00, 0x43, 0x00, 0xa8, 0x00, 0xc8, 0x00, 0xe8, 0x00, 0x07, 0x00, 0xa7, 0x00,
    0x43, 0x00, 0x00, 0x00, 0x00, 0x00, 0xa2, 0x00, 0x66, 0x00, 0xe7, 0x00, 0x07, 0x00, 0x66, 0x00,
    0xa4, 0x00, 0xe2, 0x00, 0x00, 0x00, 0xa2, 0x00, 0x28, 0x00, 0x89, 0x00, 0x6b, 0x00, 0x47, 0x00,
    0x00, 0x00, 0x00, 0x00, 0x00, 0x00, 0x00, 0x00, 0x00, 0x00, 0x00, 0x00, 0x00, 0x00, 0x00, 0x00,
    0x00, 0x00, 0xa4, 0x00, 0x25, 0x00, 0x63, 0x00, 0x67, 0x00, 0x88, 0x00, 0xa4, 0x00, 0x00, 0x00,
    0x00, 0x00, 0x00, 0x00, 0x65, 0x00, 0x48, 0x00, 0x88, 0x00, 0xc7, 0x00, 0x40, 0x00, 0x00, 0x00,
    0x00, 0x00, 0x00, 0x00, 0x00, 0x00, 0x00, 0x00, 0x00, 0x00, 0x00, 0x00, 0x00, 0x00, 0x00, 0x00,
    0x00, 0x00, 0x00, 0x00, 0x00, 0x00, 0x00, 0x00, 0x00, 0x00, 0x00, 0x00, 0x00, 0x00, 0x00, 0x00,
    0x00, 0x00, 0x00, 0x00, 0xa2, 0x00, 0x47, 0x00, 0x06, 0x00, 0x08, 0x00, 0xe7, 0x00, 0xc7, 0x00,
    0x86, 0x00, 0xc1, 0x00, 0x00, 0x00, 0x00, 0x00, 0x81, 0x00, 0x66, 0x00, 0xe7, 0x00, 0xe7, 0x00,
    0x68, 0x00, 0x48, 0x00, 0x45, 0x00, 0x00, 0x00, 0x46, 0x00, 0x89, 0x00, 0xe9, 0x00, 0x4a, 0x00,
    0x81, 0x00, 0x00, 0x00, 0x00, 0x00, 0x00, 0x00, 0x00, 0x00, 0x00, 0x00, 0x00, 0x00, 0x00, 0x00,
    0x00, 0x00, 0x20, 0x00, 0x00, 0x00, 0x43, 0x00, 0x47, 0x00, 0xc6, 0x00, 0x40, 0x00, 0x00, 0x00,
    0x00, 0x00, 0xe4, 0x00, 0x48, 0x00, 0x88, 0x00, 0xa6, 0x00, 0x81, 0x00, 0x00, 0x00, 0x00, 0x00,
    0x00, 0x00, 0x00, 0x00, 0x00, 0x00, 0x00, 0x00, 0x00, 0x00, 0x00, 0x00, 0x00, 0x00, 0x00, 0x00,
    0x00, 0x00, 0x00, 0x00, 0x00, 0x00, 0x00, 0x00, 0x00, 0x00, 0x00, 0x00, 0x00, 0x00, 0x00, 0x00,
    0x00, 0x00, 0x00, 0x00, 0x00, 0x00, 0x84, 0x00, 0x81, 0x00, 0xa7, 0x00, 0x48, 0x00, 0x28, 0x00,
    0xe7, 0x00, 0x66, 0x00, 0x84, 0x00, 0x61, 0x00, 0x00, 0x00, 0x81, 0x00, 0x46, 0x00, 0x86, 0x00,
    0x86, 0x00, 0xa6, 0x00, 0x86, 0x00, 0x40, 0x00, 0x23, 0x00, 0x89, 0x00, 0xe9, 0x00, 0xc9, 0x00,
    0x65, 0x00, 0x81, 0x00, 0x00, 0x00, 0x00, 0x00, 0x00, 0x00, 0x00, 0x00, 0x00, 0x00, 0x00, 0x00,
    0x00, 0x00, 0x00, 0x00, 0x00, 0x00, 0x20, 0x00, 0xe2, 0x00, 0x60, 0x00, 0x00, 0x00, 0x00, 0x00,
    0xc4, 0x00, 0x88, 0x00, 0x68, 0x00, 0xc6, 0x00, 0x05, 0x00, 0x40, 0x00, 0x00, 0x00, 0x00, 0x00,
    0x00, 0x00, 0x00, 0x00, 0x00, 0x00, 0x00, 0x00, 0x00, 0x00, 0x00, 0x00, 0x00, 0x00, 0x00, 0x00,
    0x00, 0x00, 0x00, 0x00, 0x00, 0x00, 0x00, 0x00, 0x00, 0x00, 0x00, 0x00, 0x00, 0x00, 0x00, 0x00,
    0x00, 0x00, 0x00, 0x00, 0x00, 0x00, 0x40, 0x00, 0x00, 0x00, 0x63, 0x00, 0x49, 0x00, 0x48, 0x00,
    0x48, 0x00, 0xa7, 0x00, 0xa6, 0x00, 0x86, 0x00, 0xc4, 0x00, 0x02, 0x00, 0xc2, 0x00, 0x02, 0x00,
    0xa1, 0x00, 0xe2, 0x00, 0x61, 0x00, 0x20, 0x00, 0x64, 0x00, 0x48, 0x00, 0xe9, 0x00, 0x0a, 0x00,
    0x47, 0x00, 0x47, 0x00, 0xc6, 0x00, 0x61, 0x00, 0x00, 0x00, 0x00, 0x00, 0x00, 0x00, 0x00, 0x00,
    0x00, 0x00, 0x00, 0x00, 0x00, 0x00, 0x00, 0x00, 0x00, 0x00, 0x00, 0x00, 0xe2, 0x00, 0x86, 0x00,
    0x88, 0x00, 0x27, 0x00, 0xc7, 0x00, 0xe7, 0x00, 0xa4, 0x00, 0x00, 0x00, 0x00, 0x00, 0x00, 0x00,
    0x00, 0x00, 0x00, 0x00, 0x00, 0x00, 0x00, 0x00, 0x00, 0x00, 0x00, 0x00, 0x00, 0x00, 0x00, 0x00,
    0x00, 0x00, 0x00, 0x00, 0x00, 0x00, 0x00, 0x00, 0x00, 0x00, 0x00, 0x00, 0x00, 0x00, 0x00, 0x00,
    0x00, 0x00, 0x00, 0x00, 0x00, 0x00, 0x00, 0x00, 0x00, 0x00, 0x20, 0x00, 0x05, 0x00, 0x28, 0x00,
    0x08, 0x00, 0x08, 0x00, 0xe8, 0x00, 0x86, 0x00, 0x46, 0x00, 0x46, 0x00, 0x05, 0x00, 0xa4, 0x00,
    0xe5, 0x00, 0x45, 0x00, 0x66, 0x00, 0x45, 0x00, 0x26, 0x00, 0x28, 0x00, 0x88, 0x00, 0x2a, 0x00,
    0xab, 0x00, 0xa8, 0x00, 0xc9, 0x00, 0xa6, 0x00, 0xa3, 0x00, 0x63, 0x00, 0xe2, 0x00, 0xa1, 0x00,
    0x81, 0x00, 0x60, 0x00, 0x61, 0x00, 0xc2, 0x00, 0xa4, 0x00, 0xa6, 0x00, 0x88, 0x00, 0x88, 0x00,
    0x27, 0x00, 0xa7, 0x00, 0x66, 0x00, 0x02, 0x00, 0x00, 0x00, 0x00, 0x00, 0x00, 0x00, 0x00, 0x00,
    0x00, 0x00, 0x00, 0x00, 0x00, 0x00, 0x00, 0x00, 0x00, 0x00, 0x00, 0x00, 0x00, 0x00, 0x00, 0x00,
    0x00, 0x00, 0x00, 0x00, 0x00, 0x00, 0x00, 0x00, 0x00, 0x00, 0x00, 0x00, 0x00, 0x00, 0x00, 0x00,
    0x00, 0x00, 0x00, 0x00, 0x00, 0x00, 0x00, 0x00, 0x00, 0x00, 0x00, 0x00, 0x40, 0x00, 0x87, 0x00,
    0x69, 0x00, 0x28, 0x00, 0xc7, 0x00, 0x28, 0x00, 0x66, 0x00, 0x67, 0x00, 0xa7, 0x00, 0xa7, 0x00,
    0x28, 0x00, 0x48, 0x00, 0x28, 0x00, 0xa7, 0x00, 0x26, 0x00, 0x08, 0x00, 0x4a, 0x00, 0x27, 0x00,
    0xc9, 0x00, 0xcb, 0x00, 0x07, 0x00, 0xc9, 0x00, 0x27, 0x00, 0x88, 0x00, 0xc9, 0x00, 0xe9, 0x00,
    0x68, 0x00, 0x48, 0x00, 0x88, 0x00, 0x88, 0x00, 0x88, 0x00, 0x48, 0x00, 0xa6, 0x00, 0x46, 0x00,
    0xa4, 0x00, 0x02, 0x00, 0x20, 0x00, 0x00, 0x00, 0x00, 0x00, 0x00, 0x00, 0x00, 0x00, 0x00, 0x00,
    0x00, 0x00, 0x00, 0x00, 0x00, 0x00, 0x00, 0x00, 0x00, 0x00, 0x00, 0x00, 0x00, 0x00, 0x00, 0x00,
    0x00, 0x00, 0x00, 0x00, 0x00, 0x00, 0x00, 0x00, 0x00, 0x00, 0x00, 0x00, 0x00, 0x00, 0x00, 0x00,
    0x00, 0x00, 0x00, 0x00, 0x00, 0x00, 0x00, 0x00, 0x00, 0x00, 0x00, 0x00, 0x00, 0x00, 0x61, 0x00,
    0xc5, 0x00, 0xe8, 0x00, 0xc4, 0x00, 0x84, 0x00, 0x66, 0x00, 0x03, 0x00, 0xc5, 0x00, 0x26, 0x00,
    0x46, 0x00, 0x05, 0x00, 0xa4, 0x00, 0x43, 0x00, 0x02, 0x00, 0xa4, 0x00, 0x69, 0x00, 0xa9, 0x00,
    0xe5, 0x00, 0x88, 0x00, 0x68, 0x00, 0xe4, 0x00, 0x25, 0x00, 0x45, 0x00, 0xc7, 0x00, 0xe7, 0x00,
    0xe7, 0x00, 0x07, 0x00, 0x07, 0x00, 0x07, 0x00, 0x07, 0x00, 0xe7, 0x00, 0xc7, 0x00, 0x66, 0x00,
    0xe2, 0x00, 0x00, 0x00, 0x00, 0x00, 0x00, 0x00, 0x00, 0x00, 0x00, 0x00, 0x00, 0x00, 0x00, 0x00,
    0x00, 0x00, 0x00, 0x00, 0x00, 0x00, 0x00, 0x00, 0x00, 0x00, 0x00, 0x00, 0x00, 0x00, 0x00, 0x00,
    0x00, 0x00, 0x00, 0x00, 0x00, 0x00, 0x00, 0x00, 0x00, 0x00, 0x00, 0x00, 0x00, 0x00, 0x00, 0x00,
    0x00, 0x00, 0x00, 0x00, 0x00, 0x00, 0x00, 0x00, 0x00, 0x00, 0x00, 0x00, 0x00, 0x00, 0x00, 0x00,
    0x00, 0x00, 0x20, 0x00, 0x61, 0x00, 0x00, 0x00, 0x61, 0x00, 0x00, 0x00, 0x00, 0x00, 0x00, 0x00,
    0x20, 0x00, 0x00, 0x00, 0x00, 0x00, 0x00, 0x00, 0x00, 0x00, 0x00, 0x00, 0x81, 0x00, 0xc4, 0x00,
    0xc1, 0x00, 0x40, 0x00, 0x63, 0x00, 0x00, 0x00, 0x20, 0x00, 0x20, 0x00, 0x81, 0x00, 0xc2, 0x00,
    0x02, 0x00, 0x23, 0x00, 0x23, 0x00, 0xe2, 0x00, 0x02, 0x00, 0x23, 0x00, 0x02, 0x00, 0x81, 0x00,
    0x00, 0x00, 0x00, 0x00, 0x00, 0x00, 0x00, 0x00, 0x00, 0x00, 0x00, 0x00, 0x00, 0x00, 0x00, 0x00,
    0x00, 0x00, 0x00, 0x00, 0x00, 0x00, 0x00, 0x00, 0x00, 0x00, 0x00, 0x00, 0x00, 0x00, 0x00, 0x00,
    0x00, 0x00, 0x00, 0x00, 0x00, 0x00, 0x00, 0x00, 0x00, 0x00, 0x00, 0x00, 0x00, 0x00, 0x00, 0x00,
    0x00, 0x00, 0x00, 0x00, 0x00, 0x00, 0x00, 0x00, 0x00, 0x00, 0x00, 0x00, 0x00, 0x00, 0x00, 0x00,
    0x00, 0x00, 0x00, 0x00, 0x00, 0x00, 0x00, 0x00, 0x00, 0x00, 0x00, 0x00, 0x00, 0x00, 0x00, 0x00,
    0x00, 0x00, 0x00, 0x00, 0x00, 0x00, 0x00, 0x00, 0x00, 0x00, 0x00, 0x00, 0x00, 0x00, 0x00, 0x00,
    0x00, 0x00, 0x00, 0x00, 0x00, 0x00, 0x00, 0x00, 0x00, 0x00, 0x00, 0x00, 0x00, 0x00, 0x00, 0x00,
    0x00, 0x00, 0x00, 0x00, 0x00, 0x00, 0x00, 0x00, 0x00, 0x00, 0x00, 0x00, 0x00, 0x00, 0x00, 0x00,
    0x00, 0x00, 0x00, 0x00, 0x00, 0x00, 0x00, 0x00, 0x00, 0x00, 0x00, 0x00, 0x00, 0x00, 0x00, 0x00,
    0x00, 0x00, 0x00, 0x00, 0x00, 0x00, 0x00, 0x00, 0x00, 0x00, 0x00, 0x00, 0x00, 0x00, 0x00, 0x00,
    0x00, 0x00, 0x00, 0x00, 0x00, 0x00, 0x00, 0x00, 0x00, 0x00, 0x00, 0x00, 0x00, 0x00, 0x00, 0x00,
    0x00, 0x00, 0x00, 0x00, 0x00, 0x00, 0x00, 0x00, 0x00, 0x00, 0x00, 0x00, 0x00, 0x00, 0x00, 0x00,
    0x00, 0x00, 0x00, 0x00, 0x00, 0x00, 0x00, 0x00, 0x00, 0x00, 0x00, 0x00, 0x00, 0x00, 0x00, 0x00,
    0x00, 0x00, 0x00, 0x00, 0x00, 0x00, 0x00, 0x00, 0x00, 0x00, 0x00, 0x00, 0x00, 0x00, 0x00, 0x00,
    0x00, 0x00, 0x00, 0x00, 0x00, 0x00, 0x00, 0x00, 0x00, 0x00, 0x00, 0x00, 0x00, 0x00, 0x00, 0x00,
    0x00, 0x00, 0x00, 0x00, 0x00, 0x00, 0x00, 0x00, 0x00, 0x00, 0x00, 0x00, 0x00, 0x00, 0x00, 0x00,
    0x00, 0x00, 0x00, 0x00, 0x00, 0x00, 0x00, 0x00, 0x00, 0x00, 0x00, 0x00, 0x00, 0x00, 0x00, 0x00,
    0x00, 0x00, 0x00, 0x00, 0x00, 0x00, 0x00, 0x00, 0x00, 0x00, 0x00, 0x00, 0x00, 0x00, 0x00, 0x00,
    0x00, 0x00, 0x00, 0x00, 0x00, 0x00, 0x00, 0x00, 0x00, 0x00, 0x00, 0x00, 0x00, 0x00, 0x00, 0x00,
    0x00, 0x00, 0x00, 0x00, 0x00, 0x00, 0x00, 0x00, 0x00, 0x00, 0x00, 0x00, 0x00, 0x00, 0x00, 0x00,
    0x00, 0x00, 0x00, 0x00, 0x00, 0x00, 0x00, 0x00, 0x00, 0x00, 0x00, 0x00, 0x00, 0x00, 0x00, 0x00,
    0x00, 0x00, 0x00, 0x00, 0x00, 0x00, 0x00, 0x00, 0x00, 0x00, 0x00, 0x00, 0x00, 0x00, 0x00, 0x00,
    0x00, 0x00, 0x00, 0x00, 0x00, 0x00, 0x00, 0x00, 0x00, 0x00, 0x00, 0x00, 0x00, 0x00, 0x00, 0x00,
    0x00, 0x00, 0x00, 0x00, 0x00, 0x00, 0x00, 0x00, 0x00, 0x00, 0x00, 0x00, 0x00, 0x00, 0x00, 0x00,
    0x00, 0x00, 0x00, 0x00, 0x00, 0x00, 0x00, 0x00, 0x00, 0x00, 0x00, 0x00, 0x00, 0x00, 0x00, 0x00,
    0x00, 0x00, 0x00, 0x00, 0x00, 0x00, 0x00, 0x00, 0x00, 0x00, 0x00, 0x00, 0x00, 0x00, 0x00, 0x00,
    0x00, 0x00, 0x00, 0x00, 0x00, 0x00, 0x00, 0x00, 0x00, 0x00, 0x00, 0x00, 0x00, 0x00, 0x00, 0x00,
    0x00, 0x00, 0x00, 0x00, 0x04, 0x00, 0x00, 0x00, 0x00, 0x00, 0x00, 0x00, 0x00, 0x00, 0x00, 0x00,
    0x00, 0x00, 0x02, 0x00, 0x00, 0x00, 0x00, 0x00, 0x00, 0x00, 0x00, 0x00, 0x00, 0x00, 0x00, 0x00,
    0x00, 0x00, 0x00, 0x00, 0x00, 0x00, 0x00, 0x00, 0x00, 0x00, 0x00, 0x00, 0x00, 0x00, 0x00, 0x00,
    0x00, 0x00, 0x00, 0x00, 0x00, 0x00, 0x00, 0x00, 0x00, 0x00, 0x00, 0x00, 0x00, 0x00, 0x00, 0x00,
    0x00, 0x00, 0x00, 0x4f, 0x30, 0x00, 0x00, 0x00, 0x00, 0x00, 0x00, 0x00, 0x00, 0x00, 0x00, 0x00,
    0x00, 0x13, 0x7f, 0x00, 0x00, 0x00, 0x00, 0x00, 0x00, 0x00, 0x00, 0x00, 0x00, 0x00, 0x00, 0x00,
    0x00, 0x00, 0x00, 0x00, 0x00, 0x00, 0x00, 0x00, 0x00, 0x00, 0x00, 0x00, 0x00, 0x00, 0x00, 0x00,
    0x00, 0x00, 0x00, 0x00, 0x00, 0x00, 0x00, 0x00, 0x00, 0x00, 0x00, 0x00, 0x00, 0x00, 0x00, 0x00,
    0x00, 0x00, 0x03, 0xff, 0x0e, 0x00, 0x00, 0x00, 0x00, 0x00, 0x00, 0x00, 0x00, 0x00, 0x00, 0x00,
    0x00, 0x9a, 0x7b, 0x00, 0x00, 0x00, 0x00, 0x00, 0x00, 0x00, 0x00, 0x00, 0x00, 0x00, 0x00, 0x00,
    0x00, 0x00, 0x00, 0x00, 0x00, 0x00, 0x00, 0x00, 0x00, 0x00, 0x00, 0x00, 0x00, 0x00, 0x00, 0x00,
    0x00, 0x00, 0x00, 0x00, 0x00, 0x00, 0x00, 0x00, 0x00, 0x00, 0x00, 0x00, 0x00, 0x00, 0x00, 0x00,
    0x00, 0x00, 0x11, 0xfd, 0x0c, 0x00, 0x00, 0x00, 0x00, 0x00, 0x00, 0x00, 0x00, 0x00, 0x00, 0x00,
    0x00, 0xd3, 0x8e, 0x00, 0x00, 0x00, 0x00, 0x00, 0x00, 0x00, 0x00, 0x00, 0x00, 0x00, 0x00, 0x00,
    0x00, 0x00, 0x00, 0x00, 0x00, 0x00, 0x00, 0x00, 0x00, 0x00, 0x00, 0x00, 0x00, 0x00, 0x00, 0x00,
    0x00, 0x00, 0x00, 0x00, 0x00, 0x00, 0x00, 0x00, 0x00, 0x00, 0x00, 0x00, 0x00, 0x00, 0x00, 0x00,
    0x00, 0x00, 0x06, 0xff, 0x41, 0x00, 0x00, 0x00, 0x00, 0x00, 0x00, 0x00, 0x00, 0x00, 0x00, 0x00,
    0x00, 0xa5, 0xef, 0x04, 0x00, 0x00, 0x06, 0x00, 0x00, 0x00, 0x00, 0x00, 0x00, 0x00, 0x00, 0x00,
    0x00, 0x00, 0x00, 0x00, 0x00, 0x00, 0x00, 0x00, 0x00, 0x00, 0x00, 0x00, 0x00, 0x00, 0x00, 0x00,
    0x00, 0x00, 0x00, 0x00, 0x00, 0x00, 0x00, 0x00, 0x00, 0x00, 0x00, 0x00, 0x00, 0x00, 0x00, 0x00,
    0x00, 0x00, 0x00, 0xad, 0xeb, 0x0b, 0x00, 0x7c, 0x0c, 0x00, 0x00, 0x00, 0x00, 0x00, 0x00, 0x00,
    0x00, 0x2e, 0xff, 0xa3, 0x01, 0x13, 0xa3, 0x00, 0x00, 0x00, 0x00, 0x00, 0x00, 0x00, 0x00, 0x00,
    0x00, 0x00, 0x00, 0x00, 0x00, 0x00, 0x00, 0x00, 0x00, 0x00, 0x00, 0x00, 0x00, 0x00, 0x00, 0x00,
    0x00, 0x00, 0x00, 0x00, 0x00, 0x00, 0x00, 0x00, 0x00, 0x00, 0x00, 0x00, 0x00, 0x00, 0x00, 0x00,
    0x00, 0x00, 0x00, 0x14, 0xff, 0xe2, 0x3f, 0xff, 0x14, 0x00, 0x00, 0x09, 0x6b, 0x00, 0x00, 0x19,
    0x1d, 0x00, 0x9b, 0xff, 0xaf, 0xa3, 0xd1, 0x00, 0x00, 0x00, 0x00, 0x00, 0x00, 0x00, 0x00, 0x00,
    0x00, 0x00, 0x00, 0x00, 0x00, 0x00, 0x00, 0x00, 0x00, 0x00, 0x00, 0x00, 0x00, 0x00, 0x00, 0x00,
    0x00, 0x00, 0x00, 0x00, 0x00, 0x00, 0x00, 0x00, 0x00, 0x00, 0x00, 0x00, 0x00, 0x00, 0x00, 0x00,
    0x00, 0x00, 0x00, 0x00, 0x26, 0xf5, 0xff, 0xf9, 0x98, 0x01, 0x00, 0x38, 0xda, 0x00, 0x00, 0x4c,
    0xef, 0x01, 0x67, 0xfb, 0xff, 0xff, 0xf7, 0x0b, 0x00, 0x00, 0x01, 0x00, 0x00, 0x00, 0x00, 0x00,
    0x00, 0x00, 0x00, 0x00, 0x00, 0x00, 0x00, 0x00, 0x00, 0x00, 0x00, 0x00, 0x00, 0x00, 0x00, 0x00,
    0x00, 0x00, 0x00, 0x00, 0x00, 0x00, 0x00, 0x00, 0x00, 0x00, 0x00, 0x00, 0x00, 0x00, 0x00, 0x00,
    0x0c, 0x5d, 0x15, 0x12, 0x2e, 0xeb, 0xff, 0xf5, 0xff, 0xb2, 0x10, 0x3e, 0xff, 0x0b, 0x04, 0x29,
    0xff, 0x8f, 0x97, 0xff, 0xf7, 0xf5, 0xff, 0x9b, 0x00, 0x00, 0x89, 0x04, 0x00, 0x00, 0x00, 0x00,
    0x00, 0x00, 0x00, 0x00, 0x00, 0x00, 0x00, 0x00, 0x00, 0x00, 0x00, 0x00, 0x00, 0x00, 0x00, 0x00,
    0x00, 0x00, 0x00, 0x00, 0x00, 0x00, 0x00, 0x00, 0x00, 0x00, 0x00, 0x00, 0x00, 0x00, 0x00, 0x00,
    0x01, 0x97, 0xff, 0xff, 0xff, 0xe6, 0xb5, 0xff, 0xff, 0xff, 0xff, 0xd1, 0xff, 0x91, 0xaa, 0x9e,
    0xf7, 0xff, 0xff, 0xff, 0xff, 0xff, 0xf9, 0xff, 0x2d, 0x1e, 0xff, 0x05, 0x00, 0x00, 0x00, 0x00,
    0x00, 0x00, 0x00, 0x00, 0x00, 0x00, 0x00, 0x00, 0x00, 0x00, 0x00, 0x00, 0x00, 0x00, 0x00, 0x00,
    0x00, 0x00, 0x00, 0x00, 0x00, 0x00, 0x00, 0x00, 0x00, 0x00, 0x00, 0x00, 0x00, 0x00, 0x00, 0x00,
    0x00, 0x00, 0x27, 0x6c, 0x4c, 0x04, 0x00, 0x23, 0x94, 0xfd, 0xff, 0xff, 0xff, 0xff, 0xff, 0xff,
    0xff, 0xfb, 0xfd, 0xff, 0xff, 0xff, 0xfd, 0xfd, 0xe9, 0xe6, 0xf5, 0x05, 0x00, 0x00, 0x00, 0x00,
    0x00, 0x00, 0x00, 0x00, 0x00, 0x00, 0x00, 0x00, 0x00, 0x00, 0x00, 0x00, 0x00, 0x00, 0x00, 0x00,
    0x00, 0x00, 0x00, 0x00, 0x00, 0x00, 0x00, 0x00, 0x00, 0x00, 0x00, 0x00, 0x00, 0x00, 0x00, 0x00,
    0x00, 0x00, 0x00, 0x00, 0x00, 0x00, 0x00, 0x00, 0x00, 0x03, 0x4f, 0xe6, 0xfd, 0xfb, 0xfd, 0xfb,
    0xff, 0xff, 0xff, 0xff, 0xff, 0xff, 0xff, 0xff, 0xff, 0xff, 0xcf, 0x00, 0x00, 0x00, 0x00, 0x00,
    0x00, 0x00, 0x00, 0x00, 0x00, 0x00, 0x00, 0x00, 0x00, 0x00, 0x00, 0x00, 0x00, 0x00, 0x00, 0x00,
    0x00, 0x00, 0x00, 0x00, 0x00, 0x00, 0x00, 0x00, 0x00, 0x00, 0x00, 0x00, 0x00, 0x00, 0x00, 0x00,
    0x00, 0x00, 0x00, 0x00, 0x00, 0x24, 0xa2, 0x2c, 0x26, 0x56, 0x77, 0xda, 0xff, 0xfd, 0xff, 0xff,
    0xff, 0xff, 0xff, 0xff, 0xff, 0xff, 0xff, 0xff, 0xf7, 0xfd, 0x8c, 0x04, 0x00, 0x00, 0x00, 0x00,
    0x00, 0x00, 0x00, 0x00, 0x00, 0x00, 0x00, 0x00, 0x00, 0x00, 0x00, 0x00, 0x00, 0x00, 0x00, 0x00,
    0x00, 0x00, 0x00, 0x00, 0x00, 0x00, 0x00, 0x00, 0x00, 0x00, 0x00, 0x00, 0x00, 0x00, 0x00, 0x00,
    0x00, 0x00, 0x00, 0x00, 0x00, 0x01, 0xcc, 0xff, 0xff, 0xff, 0xff, 0xff, 0xff, 0xff, 0xff, 0xff,
    0xff, 0xff, 0xff, 0xff, 0xff, 0xff, 0xff, 0xff, 0xfb, 0xff, 0xa2, 0x98, 0x01, 0x00, 0x00, 0x00,
    0x00, 0x00, 0x00, 0x00, 0x00, 0x00, 0x00, 0x00, 0x00, 0x00, 0x00, 0x00, 0x00, 0x00, 0x00, 0x00,
    0x00, 0x00, 0x00, 0x00, 0x00, 0x00, 0x00, 0x00, 0x00, 0x00, 0x00, 0x00, 0x00, 0x00, 0x00, 0x00,
    0x00, 0x00, 0x00, 0x00, 0x00, 0x00, 0x0a, 0xe6, 0xff, 0xf5, 0xf9, 0xfd, 0xff, 0xff, 0xff, 0xff,
    0xff, 0xff, 0xff, 0xff, 0xff, 0xff, 0xff, 0xff, 0xff, 0xfd, 0xff, 0xe4, 0x01, 0x00, 0x00, 0x00,
    0x00, 0x00, 0x00, 0x00, 0x00, 0x00, 0x00, 0x00, 0x00, 0x00, 0x00, 0x00, 0x00, 0x00, 0x00, 0x00,
    0x00, 0x00, 0x00, 0x00, 0x00, 0x00, 0x00, 0x00, 0x00, 0x00, 0x00, 0x00, 0x00, 0x00, 0x00, 0x00,
    0x00, 0x00, 0x00, 0x00, 0x00, 0x00, 0x00, 0x09, 0xc1, 0xfb, 0xfd, 0xff, 0xff, 0xff, 0xff, 0xff,
    0xff, 0xff, 0xff, 0xff, 0xff, 0xff, 0xff, 0xff, 0xff, 0xfb, 0xfd, 0xb0, 0x00, 0x00, 0x00, 0x00,
    0x00, 0x00, 0x00, 0x00, 0x00, 0x00, 0x00, 0x00, 0x00, 0x00, 0x00, 0x00, 0x00, 0x00, 0x00, 0x00,
    0x00, 0x00, 0x00, 0x00, 0x00, 0x00, 0x00, 0x00, 0x00, 0x00, 0x00, 0x00, 0x00, 0x00, 0x00, 0x00,
    0x00, 0x00, 0x00, 0x00, 0x15, 0x3e, 0x5d, 0x67, 0xab, 0xff, 0xfd, 0xff, 0xff, 0xff, 0xff, 0xff,
    0xff, 0xff, 0xff, 0xff, 0xff, 0xff, 0xff, 0xff, 0xff, 0xf9, 0xff, 0xa6, 0x00, 0x00, 0x00, 0x00,
    0x00, 0x00, 0x00, 0x00, 0x00, 0x00, 0x00, 0x00, 0x00, 0x00, 0x00, 0x00, 0x00, 0x00, 0x00, 0x00,
    0x00, 0x00, 0x00, 0x00, 0x00, 0x00, 0x00, 0x00, 0x00, 0x00, 0x00, 0x00, 0x00, 0x00, 0x00, 0x00,
    0x00, 0x00, 0x00, 0x00, 0x43, 0xff, 0xff, 0xff, 0xff, 0xff, 0xff, 0xff, 0xff, 0xff, 0xff, 0xff,
    0xff, 0xff, 0xff, 0xff, 0xff, 0xff, 0xff, 0xff, 0xff, 0xfd, 0xff, 0xe8, 0x02, 0x00, 0x00, 0x00,
    0x00, 0x00, 0x00, 0x00, 0x00, 0x00, 0x00, 0x00, 0x00, 0x00, 0x00, 0x00, 0x00, 0x00, 0x00, 0x00,
    0x00, 0x00, 0x00, 0x00, 0x00, 0x00, 0x00, 0x00, 0x00, 0x00, 0x00, 0x00, 0x00, 0x00, 0x00, 0x00,
    0x00, 0x00, 0x00, 0x00, 0x00, 0x08, 0x58, 0xad, 0xf3, 0xff, 0xff, 0xff, 0xff, 0xff, 0xff, 0xff,
    0xff, 0xff, 0xff, 0xff, 0xff, 0xff, 0xff, 0xff, 0xff, 0xfd, 0xff, 0xf7, 0x04, 0x00, 0x00, 0x00,
    0x00, 0x00, 0x00, 0x00, 0x00, 0x00, 0x00, 0x00, 0x00, 0x00, 0x00, 0x00, 0x00, 0x00, 0x00, 0x00,
    0x00, 0x00, 0x00, 0x00, 0x00, 0x00, 0x00, 0x00, 0x00, 0x00, 0x00, 0x00, 0x00, 0x00, 0x00, 0x00,
    0x00, 0x00, 0x00, 0x00, 0x00, 0x00, 0x00, 0x26, 0xed, 0xfb, 0xff, 0xff, 0xff, 0xff, 0xff, 0xff,
    0xff, 0xff, 0xff, 0xff, 0xff, 0xff, 0xff, 0xff, 0xff, 0xfb, 0xff, 0xad, 0x00, 0x00, 0x00, 0x00,
    0x00, 0x00, 0x00, 0x00, 0x00, 0x00, 0x00, 0x00, 0x00, 0x00, 0x00, 0x00, 0x00, 0x00, 0x00, 0x00,
    0x00, 0x00, 0x00, 0x00, 0x00, 0x00, 0x00, 0x00, 0x00, 0x00, 0x00, 0x00, 0x00, 0x00, 0x00, 0x00,
    0x00, 0x00, 0x00, 0x00, 0x00, 0x00, 0x39, 0xff, 0xfd, 0xff, 0xff, 0xff, 0xff, 0xff, 0xff, 0xff,
    0xff, 0xff, 0xff, 0xff, 0xff, 0xff, 0xff, 0xff, 0xff, 0xfb, 0xff, 0xb5, 0x00, 0x00, 0x00, 0x00,
    0x00, 0x00, 0x00, 0x00, 0x00, 0x00, 0x00, 0x00, 0x00, 0x00, 0x00, 0x00, 0x00, 0x00, 0x00, 0x00,
    0x00, 0x00, 0x00, 0x00, 0x00, 0x00, 0x00, 0x00, 0x00, 0x00, 0x00, 0x00, 0x00, 0x00, 0x00, 0x00,
    0x00, 0x00, 0x00, 0x00, 0x00, 0x5d, 0xff, 0xff, 0xff, 0xff, 0xff, 0xff, 0xff, 0xff, 0xff, 0xff,
    0xff, 0xff, 0xff, 0xff, 0xff, 0xff, 0xff, 0xff, 0xff, 0xff, 0xfd, 0xfd, 0x0d, 0x00, 0x00, 0x00,
    0x00, 0x00, 0x00, 0x00, 0x00, 0x00, 0x00, 0x00, 0x00, 0x00, 0x00, 0x00, 0x00, 0x00, 0x00, 0x00,
    0x00, 0x00, 0x00, 0x00, 0x00, 0x00, 0x00, 0x00, 0x00, 0x00, 0x00, 0x00, 0x00, 0x00, 0x00, 0x00,
    0x00, 0x00, 0x00, 0x00, 0x00, 0x3c, 0x71, 0x73, 0xf1, 0xff, 0xff, 0xff, 0xff, 0xff, 0xff, 0xff,
    0xff, 0xff, 0xff, 0xff, 0xff, 0xff, 0xff, 0xff, 0xff, 0xff, 0xf7, 0xff, 0x33, 0x00, 0x00, 0x00,
    0x00, 0x00, 0x00, 0x00, 0x00, 0x00, 0x00, 0x00, 0x00, 0x00, 0x00, 0x00, 0x00, 0x00, 0x00, 0x00,
    0x00, 0x00, 0x00, 0x00, 0x00, 0x00, 0x00, 0x00, 0x00, 0x00, 0x00, 0x00, 0x00, 0x00, 0x00, 0x00,
    0x00, 0x00, 0x00, 0x00, 0x00, 0x00, 0x00, 0x1c, 0xfb, 0xf7, 0xff, 0xff, 0xff, 0xff, 0xff, 0xff,
    0xff, 0xff, 0xff, 0xff, 0xff, 0xff, 0xff, 0xff, 0xff, 0xff, 0xfb, 0xff, 0x0e, 0x00, 0x00, 0x00,
    0x00, 0x00, 0x00, 0x00, 0x00, 0x00, 0x00, 0x05, 0x04, 0x00, 0x00, 0x00, 0x00, 0x00, 0x00, 0x00,
    0x00, 0x00, 0x00, 0x00, 0x00, 0x00, 0x00, 0x00, 0x00, 0x00, 0x00, 0x00, 0x00, 0x00, 0x00, 0x00,
    0x00, 0x00, 0x00, 0x00, 0x00, 0x00, 0x00, 0x74, 0xff, 0xff, 0xff, 0xff, 0xff, 0xff, 0xff, 0xff,
    0xff, 0xff, 0xff, 0xff, 0xff, 0xff, 0xff, 0xff, 0xff, 0xf5, 0xff, 0x63, 0x00, 0x00, 0x00, 0x00,
    0x00, 0x00, 0x00, 0x00, 0x00, 0x00, 0x00, 0x73, 0x2d, 0x00, 0x00, 0x00, 0x00, 0x00, 0x00, 0x00,
    0x00, 0x00, 0x00, 0x00, 0x00, 0x00, 0x00, 0x00, 0x00, 0x00, 0x00, 0x00, 0x00, 0x00, 0x00, 0x00,
    0x00, 0x00, 0x00, 0x00, 0x00, 0x00, 0x00, 0x6f, 0xf9, 0x98, 0xff, 0xfb, 0xff, 0xff, 0xff, 0xff,
    0xff, 0xff, 0xff, 0xff, 0xff, 0xfd, 0xfd, 0xfd, 0xf7, 0xff, 0xef, 0x04, 0x00, 0x00, 0x00, 0x00,
    0x00, 0x00, 0x00, 0x00, 0x00, 0x00, 0x08, 0xfd, 0x34, 0x00, 0x00, 0x00, 0x00, 0x00, 0x00, 0x00,
    0x00, 0x00, 0x00, 0x00, 0x00, 0x00, 0x00, 0x00, 0x00, 0x00, 0x00, 0x00, 0x00, 0x00, 0x00, 0x00,
    0x00, 0x00, 0x00, 0x00, 0x00, 0x00, 0x00, 0x31, 0x32, 0x4c, 0xff, 0xf7, 0xff, 0xff, 0xff, 0xff,
    0xff, 0xff, 0xff, 0xff, 0xff, 0xff, 0xff, 0xff, 0xff, 0xda, 0x13, 0x00, 0x00, 0x00, 0x00, 0x00,
    0x00, 0x00, 0x00, 0x00, 0x00, 0x2b, 0xd3, 0xff, 0x3b, 0x00, 0x00, 0x00, 0x00, 0x00, 0x00, 0x00,
    0x00, 0x00, 0x00, 0x00, 0x00, 0x00, 0x00, 0x00, 0x00, 0x00, 0x00, 0x00, 0x00, 0x00, 0x00, 0x00,
    0x00, 0x00, 0x00, 0x00, 0x00, 0x00, 0x00, 0x00, 0x00, 0x58, 0xfd, 0xf5, 0xff, 0xff, 0xff, 0xff,
    0xff, 0xff, 0xff, 0xfd, 0xff, 0xe0, 0xe8, 0xe8, 0x73, 0x05, 0x00, 0x00, 0x00, 0x00, 0x00, 0x00,
    0x00, 0x00, 0x00, 0x03, 0xa0, 0xff, 0xfd, 0xfd, 0x2f, 0x00, 0x00, 0x00, 0x00, 0x00, 0x00, 0x00,
    0x00, 0x00, 0x00, 0x00, 0x00, 0x00, 0x00, 0x00, 0x00, 0x00, 0x00, 0x00, 0x00, 0x00, 0x00, 0x00,
    0x00, 0x00, 0x00, 0x00, 0x00, 0x00, 0x00, 0x00, 0x00, 0x47, 0xff, 0xff, 0xff, 0xff, 0xff, 0xff,
    0xff, 0xff, 0xff, 0xf9, 0xff, 0x98, 0x02, 0x03, 0x00, 0x00, 0x00, 0x00, 0x00, 0x00, 0x00, 0x00,
    0x00, 0x14, 0x2a, 0x7c, 0xff, 0xf3, 0xf9, 0xff, 0x10, 0x00, 0x00, 0x00, 0x00, 0x00, 0x00, 0x00,
    0x00, 0x00, 0x00, 0x00, 0x00, 0x00, 0x00, 0x00, 0x00, 0x00, 0x00, 0x00, 0x00, 0x00, 0x00, 0x00,
    0x00, 0x00, 0x00, 0x00, 0x00, 0x00, 0x00, 0x00, 0x00, 0x1f, 0xcf, 0x80, 0xff, 0xfb, 0xff, 0xff,
    0xff, 0xff, 0xff, 0xff, 0xfb, 0xfb, 0x08, 0x00, 0x00, 0x00, 0x00, 0x00, 0x00, 0x00, 0x00, 0x00,
    0x00, 0x95, 0xfd, 0xf7, 0xfb, 0xfb, 0xfb, 0xc5, 0x00, 0x00, 0x00, 0x00, 0x00, 0x00, 0x00, 0x00,
    0x00, 0x00, 0x00, 0x00, 0x00, 0x00, 0x00, 0x00, 0x00, 0x00, 0x00, 0x00, 0x00, 0x00, 0x00, 0x00,
    0x00, 0x00, 0x00, 0x00, 0x00, 0x00, 0x00, 0x00, 0x00, 0x01, 0x08, 0x12, 0xff, 0xf9, 0xff, 0xff,
    0xff, 0xff, 0xff, 0xff, 0xf9, 0xff, 0x78, 0x00, 0x00, 0x00, 0x00, 0x00, 0x00, 0x00, 0x00, 0x00,
    0x04, 0xf5, 0xff, 0xfd, 0xff, 0xf5, 0xff, 0x28, 0x00, 0x00, 0x00, 0x00, 0x00, 0x00, 0x00, 0x00,
    0x00, 0x00, 0x00, 0x00, 0x00, 0x00, 0x00, 0x00, 0x00, 0x00, 0x00, 0x00, 0x00, 0x00, 0x00, 0x00,
    0x00, 0x00, 0x00, 0x00, 0x00, 0x00, 0x00, 0x00, 0x00, 0x00, 0x00, 0x00, 0x3d, 0xfd, 0xfb, 0xff,
    0xff, 0xff, 0xff, 0xff, 0xff, 0xf9, 0xff, 0x1a, 0x00, 0x00, 0x00, 0x00, 0x00, 0x00, 0x00, 0x00,
    0x14, 0xff, 0xf9, 0xff, 0xfd, 0xff, 0x64, 0x00, 0x00, 0x00, 0x00, 0x00, 0x00, 0x00, 0x00, 0x00,
    0x00, 0x00, 0x00, 0x00, 0x00, 0x00, 0x00, 0x00, 0x00, 0x00, 0x00, 0x00, 0x00, 0x00, 0x00, 0x00,
    0x00, 0x00, 0x00, 0x00, 0x00, 0x00, 0x00, 0x00, 0x00, 0x00, 0x00, 0x00, 0x1e, 0xff, 0xf7, 0xff,
    0xff, 0xff, 0xff, 0xff, 0xff, 0xfb, 0xfd, 0xd1, 0x02, 0x00, 0x00, 0x00, 0x00, 0x00, 0x00, 0x00,
    0x1a, 0xfd, 0xf9, 0xf9, 0xed, 0x79, 0x05, 0x00, 0x00, 0x00, 0x00, 0x00, 0x00, 0x00, 0x00, 0x00,
    0x00, 0x00, 0x00, 0x00, 0x00, 0x00, 0x00, 0x00, 0x00, 0x00, 0x00, 0x00, 0x00, 0x00, 0x00, 0x00,
    0x00, 0x00, 0x03, 0x04, 0x73, 0x98, 0x45, 0x07, 0x00, 0x00, 0x00, 0x00, 0xa2, 0xf9, 0xf9, 0xff,
    0xff, 0xff, 0xff, 0xff, 0xff, 0xff, 0xf7, 0xff, 0x69, 0x00, 0x00, 0x00, 0x00, 0x00, 0x00, 0x00,
    0x0f, 0xff, 0xfb, 0xff, 0xff, 0xaa, 0x1a, 0x00, 0x00, 0x00, 0x00, 0x00, 0x00, 0x00, 0x00, 0x00,
    0x00, 0x00, 0x00, 0x00, 0x00, 0x00, 0x00, 0x00, 0x00, 0x00, 0x00, 0x00, 0x00, 0x00, 0x00, 0x02,
    0x3f, 0xa6, 0xe9, 0xe6, 0xe9, 0xff, 0xff, 0xf3, 0x4f, 0x00, 0x00, 0x01, 0x3f, 0xb2, 0xff, 0xfb,
    0xff, 0xff, 0xff, 0xff, 0xff, 0xff, 0xff, 0xf9, 0xfd, 0x09, 0x00, 0x00, 0x00, 0x00, 0x00, 0x00,
    0x02, 0xe9, 0xfd, 0xe6, 0x31, 0x02, 0x00, 0x00, 0x00, 0x00, 0x00, 0x00, 0x00, 0x00, 0x00, 0x00,
    0x00, 0x00, 0x00, 0x00, 0x00, 0x00, 0x00, 0x00, 0x00, 0x00, 0x00, 0x00, 0x00, 0x00, 0x00, 0x08,
    0x8b, 0xfb, 0xff, 0xff, 0xff, 0xf9, 0xf7, 0xff, 0xff, 0x95, 0x7b, 0x2c, 0x2d, 0xfb, 0xfb, 0xff,
    0xff, 0xff, 0xff, 0xff, 0xff, 0xff, 0xff, 0xf7, 0xff, 0x5e, 0x00, 0x00, 0x00, 0x00, 0x00, 0x00,
    0x00, 0x8f, 0xff, 0x18, 0x00, 0x00, 0x00, 0x00, 0x00, 0x00, 0x00, 0x00, 0x00, 0x00, 0x00, 0x00,
    0x00, 0x00, 0x00, 0x00, 0x00, 0x00, 0x00, 0x00, 0x00, 0x00, 0x00, 0x00, 0x00, 0x00, 0x21, 0x94,
    0xd1, 0xf5, 0xfd, 0xfd, 0xfd, 0xff, 0xff, 0xfd, 0xf9, 0xff, 0xff, 0xff, 0xff, 0xff, 0xff, 0xff,
    0xff, 0xff, 0xff, 0xff, 0xff, 0xff, 0xff, 0xfd, 0xff, 0xda, 0x01, 0x00, 0x00, 0x00, 0x00, 0x00,
    0x00, 0x4e, 0xda, 0x00, 0x00, 0x00, 0x00, 0x00, 0x00, 0x00, 0x00, 0x00, 0x00, 0x00, 0x00, 0x00,
    0x00, 0x00, 0x00, 0x00, 0x00, 0x00, 0x00, 0x00, 0x00, 0x00, 0x00, 0x00, 0x00, 0x77, 0xff, 0xff,
    0xff, 0xff, 0xff, 0xff, 0xff, 0xff, 0xff, 0xff, 0xff, 0xfb, 0xf9, 0xf9, 0xfb, 0xff, 0xff, 0xff,
    0xff, 0xff, 0xff, 0xff, 0xff, 0xff, 0xff, 0xff, 0xf9, 0xff, 0x1a, 0x00, 0x00, 0x00, 0x00, 0x05,
    0x04, 0x31, 0xb4, 0x00, 0x00, 0x00, 0x00, 0x00, 0x00, 0x00, 0x00, 0x00, 0x00, 0x00, 0x00, 0x00,
    0x00, 0x00, 0x00, 0x00, 0x00, 0x00, 0x00, 0x00, 0x00, 0x00, 0x00, 0x01, 0x9b, 0xff, 0xf5, 0xfb,
    0xff, 0xff, 0xff, 0xff, 0xff, 0xff, 0xff, 0xff, 0xff, 0xff, 0xff, 0xff, 0xff, 0xff, 0xff, 0xff,
    0xff, 0xff, 0xff, 0xff, 0xff, 0xff, 0xff, 0xff, 0xf7, 0xfd, 0x4f, 0x00, 0x00, 0x00, 0x00, 0x12,
    0xa5, 0x46, 0xc8, 0x00, 0x00, 0x00, 0x00, 0x00, 0x00, 0x00, 0x00, 0x00, 0x00, 0x00, 0x00, 0x00,
    0x00, 0x00, 0x00, 0x00, 0x00, 0x00, 0x00, 0x00, 0x00, 0x00, 0x00, 0x08, 0x66, 0xe0, 0xfd, 0xfd,
    0xff, 0xff, 0xff, 0xff, 0xff, 0xff, 0xff, 0xff, 0xff, 0xff, 0xff, 0xff, 0xff, 0xff, 0xff, 0xff,
    0xff, 0xff, 0xff, 0xff, 0xff, 0xff, 0xff, 0xff, 0xf7, 0xff, 0x63, 0x00, 0x00, 0x00, 0x00, 0x02,
    0xfb, 0xe9, 0xed, 0x03, 0x00, 0x00, 0x00, 0x00, 0x00, 0x00, 0x00, 0x00, 0x00, 0x00, 0x00, 0x00,
    0x00, 0x00, 0x00, 0x00, 0x00, 0x00, 0x00, 0x00, 0x00, 0x00, 0x00, 0x00, 0x74, 0xff, 0xf9, 0xff,
    0xff, 0xff, 0xff, 0xff, 0xff, 0xff, 0xff, 0xff, 0xff, 0xff, 0xff, 0xff, 0xff, 0xff, 0xff, 0xff,
    0xff, 0xff, 0xff, 0xff, 0xff, 0xff, 0xff, 0xff, 0xf7, 0xff, 0x5b, 0x00, 0x00, 0x00, 0x00, 0x00,
    0x7f, 0xff, 0xff, 0x36, 0x00, 0x00, 0x00, 0x00, 0x00, 0x00, 0x00, 0x00, 0x00, 0x00, 0x00, 0x00,
    0x00, 0x00, 0x00, 0x00, 0x00, 0x00, 0x00, 0x00, 0x00, 0x00, 0x00, 0x43, 0xff, 0xf9, 0xff, 0xff,
    0xff, 0xff, 0xff, 0xff, 0xff, 0xff, 0xff, 0xff, 0xff, 0xff, 0xff, 0xff, 0xff, 0xff, 0xff, 0xff,
    0xff, 0xff, 0xff, 0xff, 0xff, 0xff, 0xff, 0xff, 0xf7, 0xff, 0x37, 0x00, 0x00, 0x00, 0x00, 0x00,
    0x05, 0xda, 0xff, 0xd7, 0x02, 0x00, 0x00, 0x00, 0x00, 0x00, 0x00, 0x00, 0x00, 0x00, 0x00, 0x00,
    0x00, 0x00, 0x00, 0x00, 0x00, 0x00, 0x00, 0x00, 0x00, 0x00, 0x0b, 0xf9, 0xf7, 0xfd, 0xff, 0xff,
    0xff, 0xff, 0xff, 0xff, 0xff, 0xff, 0xff, 0xff, 0xff, 0xff, 0xff, 0xff, 0xff, 0xff, 0xff, 0xff,
    0xff, 0xff, 0xff, 0xff, 0xff, 0xff, 0xff, 0xfd, 0xfd, 0xf7, 0x06, 0x00, 0x00, 0x00, 0x00, 0x00,
    0x00, 0x0d, 0xe0, 0xff, 0x6c, 0x00, 0x00, 0x00, 0x00, 0x00, 0x00, 0x00, 0x00, 0x00, 0x00, 0x00,
    0x00, 0x00, 0x00, 0x00, 0x00, 0x00, 0x00, 0x00, 0x00, 0x01, 0xb5, 0xff, 0xfb, 0xff, 0xff, 0xff,
    0xff, 0xff, 0xff, 0xff, 0xff, 0xff, 0xff, 0xff, 0xff, 0xff, 0xff, 0xff, 0xff, 0xff, 0xff, 0xff,
    0xff, 0xff, 0xff, 0xff, 0xff, 0xff, 0xff, 0xf7, 0xff, 0x5c, 0x00, 0x00, 0x00, 0x00, 0x00, 0x00,
    0x00, 0x00, 0x14, 0xf7, 0xff, 0x26, 0x46, 0x00, 0x00, 0x00, 0x00, 0x00, 0x00, 0x00, 0x00, 0x00,
    0x00, 0x00, 0x00, 0x00, 0x00, 0x00, 0x00, 0x00, 0x00, 0x0d, 0xe9, 0xfb, 0xfd, 0xff, 0xff, 0xff,
    0xff, 0xff, 0xff, 0xff, 0xff, 0xff, 0xff, 0xff, 0xf9, 0xfd, 0xff, 0xff, 0xff, 0xff, 0xff, 0xff,
    0xff, 0xff, 0xff, 0xff, 0xff, 0xff, 0xff, 0xf7, 0xff, 0x4c, 0x00, 0x00, 0x00, 0x00, 0x00, 0x00,
    0x00, 0x00, 0x00, 0x6d, 0xfd, 0xdc, 0xde, 0x02, 0x00, 0x00, 0x00, 0x00, 0x00, 0x00, 0x00, 0x00,
    0x00, 0x00, 0x00, 0x00, 0x00, 0x00, 0x00, 0x00, 0x00, 0x02, 0xd1, 0xff, 0xfd, 0xff, 0xff, 0xff,
    0xff, 0xff, 0xff, 0xff, 0xff, 0xff, 0xff, 0xff, 0xff, 0xff, 0xff, 0xff, 0xff, 0xff, 0xff, 0xff,
    0xff, 0xff, 0xfb, 0xf7, 0xfb, 0xff, 0xff, 0xfd, 0xfd, 0xe0, 0x07, 0x00, 0x00, 0x00, 0x00, 0x00,
    0x00, 0x00, 0x00, 0x0e, 0xfd, 0xff, 0xff, 0x09, 0x00, 0x00, 0x00, 0x00, 0x00, 0x00, 0x00, 0x00,
    0x00, 0x00, 0x00, 0x00, 0x00, 0x00, 0x00, 0x00, 0x00, 0x2e, 0xff, 0xf7, 0xff, 0xff, 0xff, 0xff,
    0xff, 0xff, 0xff, 0xff, 0xff, 0xff, 0xff, 0xfb, 0x5e, 0xe0, 0xff, 0xfd, 0xff, 0xff, 0xff, 0xf7,
    0xf9, 0xfd, 0xff, 0xff, 0xff, 0xfb, 0xfd, 0xff, 0xfb, 0xff, 0xc7, 0x06, 0x00, 0x00, 0x00, 0x00,
    0x00, 0x00, 0x00, 0x00, 0xc8, 0xfd, 0xfd, 0x08, 0x00, 0x00, 0x00, 0x00, 0x00, 0x00, 0x00, 0x00,
    0x00, 0x00, 0x00, 0x00, 0x00, 0x00, 0x00, 0x00, 0x00, 0x94, 0xfd, 0xf9, 0xff, 0xff, 0xff, 0xff,
    0xff, 0xfd, 0xff, 0xff, 0xff, 0xff, 0xff, 0xff, 0x05, 0x94, 0xff, 0xfb, 0xff, 0xff, 0xff, 0xff,
    0xff, 0xff, 0xca, 0x57, 0x20, 0xff, 0xff, 0xf7, 0xf9, 0xf9, 0xff, 0xc8, 0x05, 0x00, 0x00, 0x00,
    0x00, 0x00, 0x1e, 0x07, 0x71, 0xff, 0xe6, 0x02, 0x00, 0x00, 0x00, 0x00, 0x00, 0x00, 0x00, 0x00,
    0x00, 0x00, 0x00, 0x00, 0x00, 0x00, 0x00, 0x00, 0x01, 0xe0, 0xff, 0xfd, 0xff, 0xff, 0xff, 0xff,
    0xfd, 0xff, 0xff, 0xf9, 0xff, 0xfb, 0xff, 0xe2, 0x00, 0x1e, 0xff, 0xf9, 0xfd, 0xff, 0xe9, 0x38,
    0x20, 0x0b, 0x00, 0x00, 0x00, 0x33, 0xe8, 0xff, 0xff, 0xff, 0xf7, 0xff, 0xb5, 0x01, 0x00, 0x00,
    0x00, 0x00, 0x21, 0x94, 0x55, 0xff, 0x9a, 0x00, 0x00, 0x00, 0x00, 0x00, 0x00, 0x00, 0x00, 0x00,
    0x00, 0x00, 0x00, 0x00, 0x00, 0x00, 0x00, 0x00, 0x07, 0xff, 0xff, 0xff, 0xff, 0xff, 0xff, 0xfd,
    0xfd, 0xff, 0x31, 0xe9, 0xff, 0xf9, 0xff, 0x22, 0x00, 0x0b, 0xff, 0xfd, 0xfd, 0xff, 0xdc, 0x00,
    0x00, 0x00, 0x00, 0x00, 0x00, 0x00, 0x04, 0x20, 0x6b, 0xfb, 0xfd, 0xf3, 0xff, 0x3e, 0x00, 0x00,
    0x00, 0x00, 0x03, 0xda, 0xba, 0xff, 0x85, 0x4c, 0x00, 0x00, 0x00, 0x00, 0x00, 0x00, 0x00, 0x00,
    0x00, 0x00, 0x00, 0x00, 0x00, 0x00, 0x00, 0x00, 0x07, 0xa2, 0x91, 0xff, 0xfb, 0xff, 0xff, 0xfb,
    0xff, 0x23, 0x12, 0xff, 0xf3, 0xff, 0x4b, 0x00, 0x00, 0x00, 0xc8, 0xfd, 0xfb, 0xff, 0xf9, 0x06,
    0x00, 0x00, 0x00, 0x00, 0x00, 0x00, 0x00, 0x00, 0x00, 0x3d, 0xff, 0xf3, 0xfb, 0xc8, 0x00, 0x00,
    0x00, 0x00, 0x01, 0xe2, 0xff, 0xf7, 0xff, 0xa8, 0x00, 0x00, 0x00, 0x00, 0x00, 0x00, 0x00, 0x00,
    0x00, 0x00, 0x00, 0x00, 0x00, 0x00, 0x00, 0x00, 0x00, 0x01, 0x83, 0xff, 0xf9, 0xff, 0xf9, 0xff,
    0x50, 0x00, 0x73, 0xfb, 0xef, 0xff, 0x0e, 0x00, 0x00, 0x00, 0x52, 0xff, 0xf7, 0xfb, 0xff, 0x14,
    0x00, 0x00, 0x00, 0x00, 0x00, 0x00, 0x00, 0x00, 0x00, 0x23, 0xfb, 0xf7, 0xf9, 0xff, 0x31, 0x00,
    0x00, 0x00, 0x0a, 0xfd, 0xfb, 0xf5, 0xff, 0x2b, 0x00, 0x00, 0x00, 0x00, 0x00, 0x00, 0x00, 0x00,
    0x00, 0x00, 0x00, 0x00, 0x00, 0x00, 0x00, 0x00, 0x00, 0x00, 0x86, 0xff, 0xf7, 0xff, 0xf7, 0xff,
    0x1e, 0x00, 0x25, 0xff, 0xf5, 0xfd, 0x95, 0x02, 0x00, 0x00, 0x04, 0xef, 0xfb, 0xf5, 0xff, 0x43,
    0x00, 0x00, 0x00, 0x00, 0x00, 0x00, 0x00, 0x00, 0x00, 0x69, 0xff, 0xf7, 0xfb, 0xfd, 0xca, 0x00,
    0x00, 0x00, 0x4b, 0xff, 0xf1, 0xff, 0xc0, 0x00, 0x00, 0x00, 0x00, 0x00, 0x00, 0x00, 0x00, 0x00,
    0x00, 0x00, 0x00, 0x00, 0x00, 0x00, 0x00, 0x00, 0x00, 0x00, 0x59, 0xfd, 0xfb, 0xff, 0xf9, 0xff,
    0x80, 0x00, 0x00, 0x34, 0xff, 0xf7, 0xff, 0xcf, 0x66, 0x24, 0x00, 0x3a, 0xff, 0xf3, 0xff, 0xa8,
    0x00, 0x00, 0x00, 0x00, 0x00, 0x00, 0x00, 0x00, 0x00, 0x6b, 0xaa, 0x74, 0xf9, 0xff, 0x79, 0x00,
    0x00, 0x05, 0xe6, 0xfb, 0xff, 0xf5, 0x0e, 0x00, 0x00, 0x00, 0x00, 0x00, 0x00, 0x00, 0x00, 0x00,
    0x00, 0x00, 0x00, 0x00, 0x00, 0x00, 0x00, 0x00, 0x00, 0x00, 0x21, 0xff, 0xe2, 0xff, 0xfd, 0xfb,
    0xff, 0x28, 0x00, 0x00, 0x26, 0xff, 0xff, 0xff, 0xff, 0xff, 0x92, 0x01, 0xce, 0xff, 0xf9, 0xfd,
    0x0e, 0x00, 0x00, 0x00, 0x00, 0x00, 0x00, 0x00, 0x00, 0x02, 0x01, 0x68, 0xff, 0xff, 0x0c, 0x00,
    0x00, 0xa2, 0xff, 0xf5, 0xda, 0x1b, 0x00, 0x00, 0x00, 0x00, 0x00, 0x00, 0x00, 0x00, 0x00, 0x00,
    0x00, 0x00, 0x00, 0x00, 0x00, 0x00, 0x00, 0x00, 0x00, 0x00, 0x01, 0xb4, 0x3d, 0xff, 0xfb, 0xfd,
    0xfd, 0xff, 0x6c, 0x10, 0x00, 0x2b, 0xda, 0xff, 0xff, 0xff, 0xff, 0x07, 0x57, 0xff, 0xf3, 0xfd,
    0xbc, 0x10, 0x00, 0x00, 0x00, 0x00, 0x00, 0x00, 0x00, 0x00, 0x00, 0x04, 0x3b, 0x10, 0x00, 0x01,
    0x86, 0xff, 0xf5, 0xf7, 0xd5, 0x05, 0x00, 0x00, 0x00, 0x00, 0x00, 0x00, 0x00, 0x00, 0x00, 0x00,
    0x00, 0x00, 0x00, 0x00, 0x00, 0x00, 0x00, 0x00, 0x00, 0x00, 0x00, 0x0a, 0x01, 0x7c, 0xff, 0xf7,
    0xff, 0xfd, 0xff, 0xff, 0xc5, 0x61, 0x66, 0x73, 0x5f, 0x4c, 0x22, 0x08, 0x7c, 0xff, 0xf9, 0xfd,
    0xff, 0xff, 0xb7, 0x11, 0x00, 0x00, 0x00, 0x00, 0x00, 0x00, 0x00, 0x00, 0x00, 0x00, 0x20, 0xb9,
    0xff, 0xf1, 0xff, 0xff, 0x71, 0x00, 0x00, 0x00, 0x00, 0x00, 0x00, 0x00, 0x00, 0x00, 0x00, 0x00,
    0x00, 0x00, 0x00, 0x00, 0x00, 0x00, 0x00, 0x00, 0x00, 0x00, 0x00, 0x00, 0x00, 0x03, 0xdc, 0xff,
    0xf7, 0xff, 0xf5, 0xf9, 0xff, 0xff, 0xff, 0xf1, 0xd9, 0xc7, 0xc0, 0xed, 0xff, 0xfb, 0xff, 0xff,
    0xfb, 0xfb, 0xff, 0xcf, 0x55, 0x34, 0x18, 0x0e, 0x07, 0x06, 0x09, 0x17, 0x4c, 0xb7, 0xff, 0xff,
    0xff, 0xff, 0xeb, 0x46, 0x00, 0x00, 0x00, 0x00, 0x00, 0x00, 0x00, 0x00, 0x00, 0x00, 0x00, 0x00,
    0x00, 0x00, 0x00, 0x00, 0x00, 0x00, 0x00, 0x00, 0x00, 0x00, 0x00, 0x00, 0x00, 0x00, 0x11, 0xef,
    0xff, 0xfb, 0xff, 0xff, 0xf9, 0xff, 0xff, 0xff, 0xff, 0xff, 0xff, 0xff, 0xff, 0xff, 0xf7, 0xf9,
    0xf9, 0xf9, 0xf7, 0xff, 0xff, 0xff, 0xff, 0xff, 0xf9, 0xf5, 0xfd, 0xff, 0xff, 0xff, 0xf1, 0xf3,
    0xbe, 0x4a, 0x05, 0x00, 0x00, 0x00, 0x00, 0x00, 0x00, 0x00, 0x00, 0x00, 0x00, 0x00, 0x00, 0x00,
    0x00, 0x00, 0x00, 0x00, 0x00, 0x00, 0x00, 0x00, 0x00, 0x00, 0x00, 0x00, 0x00, 0x00, 0x00, 0x0e,
    0x97, 0xff, 0xd9, 0xb9, 0xff, 0x9a, 0xc8, 0xf3, 0xfd, 0xed, 0xc3, 0x97, 0x79, 0xc3, 0xff, 0xff,
    0xff, 0xff, 0xff, 0xcf, 0xe6, 0xfb, 0xff, 0xff, 0xff, 0xff, 0xff, 0xff, 0xff, 0xff, 0xff, 0xfb,
    0x39, 0x00, 0x00, 0x00, 0x00, 0x00, 0x00, 0x00, 0x00, 0x00, 0x00, 0x00, 0x00, 0x00, 0x00, 0x00,
    0x00, 0x00, 0x00, 0x00, 0x00, 0x00, 0x00, 0x00, 0x00, 0x00, 0x00, 0x00, 0x00, 0x00, 0x00, 0x00,
    0x00, 0x0b, 0x11, 0x00, 0x11, 0x00, 0x00, 0x04, 0x07, 0x03, 0x00, 0x00, 0x00, 0x01, 0x30, 0x89,
    0x2a, 0x1c, 0x51, 0x04, 0x03, 0x08, 0x17, 0x2a, 0x38, 0x47, 0x43, 0x34, 0x3f, 0x3e, 0x28, 0x0b,
    0x00, 0x00, 0x00, 0x00, 0x00, 0x00, 0x00, 0x00, 0x00, 0x00, 0x00, 0x00, 0x00, 0x00, 0x00, 0x00,
    0x00, 0x00, 0x00, 0x00, 0x00, 0x00, 0x00, 0x00, 0x00, 0x00, 0x00, 0x00, 0x00, 0x00, 0x00, 0x00,
    0x00, 0x00, 0x00, 0x00, 0x00, 0x00, 0x00, 0x00, 0x00, 0x00, 0x00, 0x00, 0x00, 0x00, 0x00, 0x00,
    0x00, 0x00, 0x00, 0x00, 0x00, 0x00, 0x00, 0x00, 0x00, 0x00, 0x00, 0x00, 0x00, 0x00, 0x00, 0x00,
    0x00, 0x00, 0x00, 0x00, 0x00, 0x00, 0x00, 0x00, 0x00, 0x00, 0x00, 0x00, 0x00, 0x00, 0x00, 0x00,
    0x00, 0x00, 0x00, 0x00, 0x00, 0x00, 0x00, 0x00, 0x00, 0x00, 0x00, 0x00, 0x00, 0x00, 0x00, 0x00,
    0x00, 0x00, 0x00, 0x00, 0x00, 0x00, 0x00, 0x00, 0x00, 0x00, 0x00, 0x00, 0x00, 0x00, 0x00, 0x00,
    0x00, 0x00, 0x00, 0x00, 0x00, 0x00, 0x00, 0x00, 0x00, 0x00, 0x00, 0x00, 0x00, 0x00, 0x00, 0x00,
    0x00, 0x00, 0x00, 0x00, 0x00, 0x00, 0x00, 0x00, 0x00, 0x00, 0x00, 0x00, 0x00, 0x00, 0x00, 0x00,
    0x00, 0x00, 0x00, 0x00, 0x00, 0x00, 0x00, 0x00, 0x00, 0x00, 0x00, 0x00, 0x00, 0x00, 0x00, 0x00,
    0x00, 0x00, 0x00, 0x00, 0x00, 0x00, 0x00, 0x00, 0x00, 0x00, 0x00, 0x00, 0x00, 0x00, 0x00, 0x00,
    0x00, 0x00, 0x00, 0x00, 0x00, 0x00, 0x00, 0x00, 0x00, 0x00, 0x00, 0x00, 0x00, 0x00, 0x00, 0x00,
    0x00, 0x00, 0x00, 0x00, 0x00, 0x00, 0x00, 0x00, 0x00, 0x00, 0x00, 0x00, 0x00, 0x00, 0x00, 0x00,
};

const lv_image_dsc_t love_frame_0_dsc = {
    .header.w = 64,
    .header.h = 64,
    .header.cf = LV_COLOR_FORMAT_RGB565A8,
    .data_size = 12288,
    .data = love_frame_0_data,
};

/* Frame 1: frame_001.png */
static const uint8_t love_frame_1_data[] = {
    0x00, 0x00, 0x00, 0x00, 0x00, 0x00, 0x00, 0x00, 0x00, 0x00, 0x00, 0x00, 0x00, 0x00, 0x00, 0x00,
    0x00, 0x00, 0x00, 0x00, 0x00, 0x00, 0x00, 0x00, 0x00, 0x00, 0x00, 0x00, 0x00, 0x00, 0x00, 0x00,
    0x00, 0x00, 0x00, 0x00, 0x00, 0x00, 0x00, 0x00, 0x00, 0x00, 0x00, 0x00, 0x00, 0x00, 0x00, 0x00,
    0x00, 0x00, 0x00, 0x00, 0x00, 0x00, 0x00, 0x00, 0x00, 0x00, 0x00, 0x00, 0x00, 0x00, 0x00, 0x00,
    0x00, 0x00, 0x00, 0x00, 0x00, 0x00, 0x00, 0x00, 0x00, 0x00, 0x00, 0x00, 0x00, 0x00, 0x00, 0x00,
    0x00, 0x00, 0x00, 0x00, 0x00, 0x00, 0x00, 0x00, 0x00, 0x00, 0x00, 0x00, 0x00, 0x00, 0x00, 0x00,
    0x00, 0x00, 0x00, 0x00, 0x00, 0x00, 0x00, 0x00, 0x00, 0x00, 0x00, 0x00, 0x00, 0x00, 0x00, 0x00,
    0x00, 0x00, 0x00, 0x00, 0x00, 0x00, 0x00, 0x00, 0x00, 0x00, 0x00, 0x00, 0x00, 0x00, 0x00, 0x00,
    0x00, 0x00, 0x00, 0x00, 0x00, 0x00, 0x00, 0x00, 0x00, 0x00, 0x00, 0x00, 0x00, 0x00, 0x00, 0x00,
    0x00, 0x00, 0x00, 0x00, 0x00, 0x00, 0x00, 0x00, 0x00, 0x00, 0x00, 0x00, 0x00, 0x00, 0x00, 0x00,
    0x00, 0x00, 0x00, 0x00, 0x00, 0x00, 0x00, 0x00, 0x00, 0x00, 0x00, 0x00, 0x81, 0x00, 0x20, 0x00,
    0x00, 0x00, 0x00, 0x00, 0x00, 0x00, 0x00, 0x00, 0x00, 0x00, 0x00, 0x00, 0x00, 0x00, 0x00, 0x00,
    0x00, 0x00, 0x00, 0x00, 0x00, 0x00, 0x00, 0x00, 0x00, 0x00, 0x00, 0x00, 0x00, 0x00, 0x00, 0x00,
    0x00, 0x00, 0x00, 0x00, 0x00, 0x00, 0x00, 0x00, 0x00, 0x00, 0x00, 0x00, 0x00, 0x00, 0x00, 0x00,
    0x00, 0x00, 0x00, 0x00, 0x00, 0x00, 0x00, 0x00, 0x00, 0x00, 0x00, 0x00, 0x00, 0x00, 0x00, 0x00,
    0x00, 0x00, 0x00, 0x00, 0x00, 0x00, 0x00, 0x00, 0x00, 0x00, 0x00, 0x00, 0x00, 0x00, 0x00, 0x00,
    0x00, 0x00, 0x00, 0x00, 0x00, 0x00, 0x00, 0x00, 0x00, 0x00, 0x00, 0x00, 0x00, 0x00, 0x00, 0x00,
    0x00, 0x00, 0x00, 0x00, 0x00, 0x00, 0x00, 0x00, 0x00, 0x00, 0x00, 0x00, 0x00, 0x00, 0x00, 0x00,
    0x00, 0x00, 0x00, 0x00, 0x00, 0x00, 0x00, 0x00, 0x00, 0x00, 0x41, 0x00, 0x67, 0x00, 0x20, 0x00,
    0x00, 0x00, 0x00, 0x00, 0x00, 0x00, 0x00, 0x00, 0x00, 0x00, 0x00, 0x00, 0x00, 0x00, 0x00, 0x00,
    0x00, 0x00, 0x00, 0x00, 0x00, 0x00, 0x43, 0x00, 0x60, 0x00, 0x00, 0x00, 0x00, 0x00, 0x00, 0x00,
    0x00, 0x00, 0x00, 0x00, 0x00, 0x00, 0x00, 0x00, 0x00, 0x00, 0x00, 0x00, 0x00, 0x00, 0x00, 0x00,
    0x00, 0x00, 0x00, 0x00, 0x00, 0x00, 0x00, 0x00, 0x00, 0x00, 0x00, 0x00, 0x00, 0x00, 0x00, 0x00,
    0x00, 0x00, 0x00, 0x00, 0x00, 0x00, 0x00, 0x00, 0x00, 0x00, 0x00, 0x00, 0x00, 0x00, 0x00, 0x00,
    0x00, 0x00, 0x00, 0x00, 0x00, 0x00, 0x00, 0x00, 0x00, 0x00, 0x00, 0x00, 0x00, 0x00, 0x00, 0x00,
    0x00, 0x00, 0x00, 0x00, 0x00, 0x00, 0x00, 0x00, 0x00, 0x00, 0x00, 0x00, 0x00, 0x00, 0x00, 0x00,
    0x00, 0x00, 0x00, 0x00, 0x00, 0x00, 0x00, 0x00, 0x00, 0x00, 0x44, 0x00, 0x29, 0x00, 0x00, 0x00,
    0x00, 0x00, 0x00, 0x00, 0x00, 0x00, 0x00, 0x00, 0x00, 0x00, 0x00, 0x00, 0x00, 0x00, 0x00, 0x00,
    0x00, 0x00, 0x00, 0x00, 0xc2, 0x00, 0xe7, 0x00, 0x20, 0x00, 0x00, 0x00, 0x00, 0x00, 0x00, 0x00,
    0x00, 0x00, 0x00, 0x00, 0x00, 0x00, 0x00, 0x00, 0x00, 0x00, 0x00, 0x00, 0x00, 0x00, 0x00, 0x00,
    0x00, 0x00, 0x00, 0x00, 0x00, 0x00, 0x00, 0x00, 0x00, 0x00, 0x00, 0x00, 0x00, 0x00, 0x00, 0x00,
    0x00, 0x00, 0x00, 0x00, 0x00, 0x00, 0x00, 0x00, 0x00, 0x00, 0x00, 0x00, 0x00, 0x00, 0x00, 0x00,
    0x00, 0x00, 0x00, 0x00, 0x00, 0x00, 0x00, 0x00, 0x00, 0x00, 0x00, 0x00, 0x00, 0x00, 0x00, 0x00,
    0x00, 0x00, 0x00, 0x00, 0x00, 0x00, 0x00, 0x00, 0x00, 0x00, 0x00, 0x00, 0x00, 0x00, 0x00, 0x00,
    0x00, 0x00, 0x00, 0x00, 0x00, 0x00, 0x00, 0x00, 0x00, 0x00, 0xa4, 0x00, 0xab, 0x00, 0x81, 0x00,
    0x00, 0x00, 0x20, 0x00, 0xc2, 0x00, 0x00, 0x00, 0x00, 0x00, 0x00, 0x00, 0x00, 0x00, 0x00, 0x00,
    0x00, 0x00, 0x00, 0x00, 0xc4, 0x00, 0x07, 0x00, 0x00, 0x00, 0x00, 0x00, 0x00, 0x00, 0x00, 0x00,
    0x00, 0x00, 0x00, 0x00, 0x00, 0x00, 0x00, 0x00, 0x00, 0x00, 0x00, 0x00, 0x00, 0x00, 0x00, 0x00,
    0x00, 0x00, 0x00, 0x00, 0x00, 0x00, 0x00, 0x00, 0x00, 0x00, 0x00, 0x00, 0x00, 0x00, 0x00, 0x00,
    0x00, 0x00, 0x00, 0x00, 0x00, 0x00, 0x00, 0x00, 0x00, 0x00, 0x00, 0x00, 0x00, 0x00, 0x00, 0x00,
    0x00, 0x00, 0x00, 0x00, 0x00, 0x00, 0x00, 0x00, 0x00, 0x00, 0x00, 0x00, 0x00, 0x00, 0x00, 0x00,
    0x00, 0x00, 0x00, 0x00, 0x00, 0x00, 0x00, 0x00, 0x00, 0x00, 0x00, 0x00, 0x00, 0x00, 0x00, 0x00,
    0x00, 0x00, 0x00, 0x00, 0x00, 0x00, 0x00, 0x00, 0x00, 0x00, 0x02, 0x00, 0xcb, 0x00, 0x06, 0x00,
    0x00, 0x00, 0x84, 0x00, 0xa5, 0x00, 0x00, 0x00, 0xa2, 0x00, 0xe2, 0x00, 0x00, 0x00, 0x00, 0x00,
    0x00, 0x00, 0x00, 0x00, 0xc4, 0x00, 0x68, 0x00, 0xc2, 0x00, 0x00, 0x00, 0x81, 0x00, 0x61, 0x00,
    0x00, 0x00, 0x00, 0x00, 0x00, 0x00, 0x00, 0x00, 0x00, 0x00, 0x00, 0x00, 0x00, 0x00, 0x00, 0x00,
    0x00, 0x00, 0x00, 0x00, 0x00, 0x00, 0x00, 0x00, 0x00, 0x00, 0x00, 0x00, 0x00, 0x00, 0x00, 0x00,
    0x00, 0x00, 0x00, 0x00, 0x00, 0x00, 0x00, 0x00, 0x00, 0x00, 0x00, 0x00, 0x00, 0x00, 0x00, 0x00,
    0x00, 0x00, 0x00, 0x00, 0x00, 0x00, 0x00, 0x00, 0x00, 0x00, 0x00, 0x00, 0x00, 0x00, 0x00, 0x00,
    0x00, 0x00, 0x00, 0x00, 0x00, 0x00, 0x00, 0x00, 0x00, 0x00, 0x00, 0x00, 0x00, 0x00, 0x00, 0x00,
    0x00, 0x00, 0x00, 0x00, 0x00, 0x00, 0x00, 0x00, 0x00, 0x00, 0x20, 0x00, 0x87, 0x00, 0x0c, 0x00,
    0x61, 0x00, 0xe5, 0x00, 0x87, 0x00, 0x00, 0x00, 0xa4, 0x00, 0xa5, 0x00, 0x00, 0x00, 0x00, 0x00,
    0x00, 0x00, 0x00, 0x00, 0xe2, 0x00, 0x27, 0x00, 0x25, 0x00, 0x00, 0x00, 0xc4, 0x00, 0x40, 0x00,
    0x00, 0x00, 0x00, 0x00, 0x00, 0x00, 0x00, 0x00, 0x00, 0x00, 0x00, 0x00, 0x00, 0x00, 0x00, 0x00,
    0x00, 0x00, 0x00, 0x00, 0x00, 0x00, 0x00, 0x00, 0x00, 0x00, 0x00, 0x00, 0x00, 0x00, 0x00, 0x00,
    0x00, 0x00, 0x00, 0x00, 0x00, 0x00, 0x00, 0x00, 0x00, 0x00, 0x00, 0x00, 0x00, 0x00, 0x00, 0x00,
    0x00, 0x00, 0x00, 0x00, 0x00, 0x00, 0x00, 0x00, 0x00, 0x00, 0x00, 0x00, 0x00, 0x00, 0x00, 0x00,
    0x00, 0x00, 0x00, 0x00, 0x00, 0x00, 0x00, 0x00, 0x00, 0x00, 0x00, 0x00, 0x00, 0x00, 0x00, 0x00,
    0x00, 0x00, 0x00, 0x00, 0xa2, 0x00, 0x20, 0x00, 0x00, 0x00, 0x00, 0x00, 0x40, 0x00, 0xc8, 0x00,
    0xc8, 0x00, 0x06, 0x00, 0xec, 0x00, 0x00, 0x00, 0xa4, 0x00, 0x87, 0x00, 0x00, 0x00, 0x20, 0x00,
    0x63, 0x00, 0xa1, 0x00, 0x00, 0x00, 0xc4, 0x00, 0x07, 0x00, 0x02, 0x00, 0x86, 0x00, 0xa1, 0x00,
    0x00, 0x00, 0x00, 0x00, 0x00, 0x00, 0x00, 0x00, 0x00, 0x00, 0x00, 0x00, 0x00, 0x00, 0x00, 0x00,
    0x00, 0x00, 0x00, 0x00, 0x00, 0x00, 0x00, 0x00, 0x00, 0x00, 0x00, 0x00, 0x00, 0x00, 0x00, 0x00,
    0x00, 0x00, 0x00, 0x00, 0x00, 0x00, 0x00, 0x00, 0x00, 0x00, 0x00, 0x00, 0x00, 0x00, 0x00, 0x00,
    0x00, 0x00, 0x00, 0x00, 0x00, 0x00, 0x00, 0x00, 0x00, 0x00, 0x00, 0x00, 0x00, 0x00, 0x00, 0x00,
    0x00, 0x00, 0x00, 0x00, 0x00, 0x00, 0x00, 0x00, 0x00, 0x00, 0x00, 0x00, 0x00, 0x00, 0x00, 0x00,
    0x00, 0x00, 0x00, 0x00, 0x84, 0x00, 0x29, 0x00, 0xa7, 0x00, 0xe5, 0x00, 0x64, 0x00, 0x64, 0x00,
    0x87, 0x00, 0xa7, 0x00, 0xcb, 0x00, 0x87, 0x00, 0x02, 0x00, 0x8a, 0x00, 0x41, 0x00, 0x00, 0x00,
    0x02, 0x00, 0xe7, 0x00, 0x05, 0x00, 0xe1, 0x00, 0x04, 0x00, 0x86, 0x00, 0xc6, 0x00, 0x86, 0x00,
    0x00, 0x00, 0x00, 0x00, 0x00, 0x00, 0x00, 0x00, 0x00, 0x00, 0x00, 0x00, 0x00, 0x00, 0x00, 0x00,
    0x00, 0x00, 0x00, 0x00, 0x00, 0x00, 0x00, 0x00, 0x00, 0x00, 0x00, 0x00, 0x00, 0x00, 0x00, 0x00,
    0x00, 0x00, 0x00, 0x00, 0x00, 0x00, 0x00, 0x00, 0x00, 0x00, 0x00, 0x00, 0x00, 0x00, 0x00, 0x00,
    0x00, 0x00, 0x00, 0x00, 0x00, 0x00, 0x00, 0x00, 0x00, 0x00, 0x00, 0x00, 0x00, 0x00, 0x00, 0x00,
    0x00, 0x00, 0x00, 0x00, 0x00, 0x00, 0x00, 0x00, 0x00, 0x00, 0x00, 0x00, 0x00, 0x00, 0x00, 0x00,
    0x00, 0x00, 0x00, 0x00, 0x20, 0x00, 0x06, 0x00, 0x09, 0x00, 0x29, 0x00, 0xc8, 0x00, 0xc5, 0x00,
    0x43, 0x00, 0xe5, 0x00, 0xa7, 0x00, 0x0c, 0x00, 0x87, 0x00, 0x6a, 0x00, 0xe8, 0x00, 0x84, 0x00,
    0x02, 0x00, 0x84, 0x00, 0x08, 0x00, 0x89, 0x00, 0xc4, 0x00, 0x04, 0x00, 0x65, 0x00, 0x48, 0x00,
    0xc4, 0x00, 0x00, 0x00, 0xe2, 0x00, 0x00, 0x00, 0x00, 0x00, 0x00, 0x00, 0x00, 0x00, 0x00, 0x00,
    0x00, 0x00, 0x00, 0x00, 0x00, 0x00, 0x00, 0x00, 0x00, 0x00, 0x00, 0x00, 0x00, 0x00, 0x00, 0x00,
    0x00, 0x00, 0x00, 0x00, 0x00, 0x00, 0x00, 0x00, 0x00, 0x00, 0x00, 0x00, 0x00, 0x00, 0x00, 0x00,
    0x00, 0x00, 0x00, 0x00, 0x00, 0x00, 0x00, 0x00, 0x00, 0x00, 0x00, 0x00, 0x00, 0x00, 0x00, 0x00,
    0x00, 0x00, 0x00, 0x00, 0x00, 0x00, 0x00, 0x00, 0x00, 0x00, 0x00, 0x00, 0x00, 0x00, 0x00, 0x00,
    0x00, 0x00, 0x00, 0x00, 0x00, 0x00, 0x00, 0x00, 0xa1, 0x00, 0x81, 0x00, 0x00, 0x00, 0x00, 0x00,
    0x00, 0x00, 0x40, 0x00, 0x02, 0x00, 0x66, 0x00, 0x49, 0x00, 0x28, 0x00, 0xeb, 0x00, 0x28, 0x00,
    0x45, 0x00, 0xe5, 0x00, 0xe5, 0x00, 0x49, 0x00, 0xea, 0x00, 0xa3, 0x00, 0x08, 0x00, 0x85, 0x00,
    0x68, 0x00, 0x81, 0x00, 0x86, 0x00, 0xa1, 0x00, 0x00, 0x00, 0x00, 0x00, 0x00, 0x00, 0x00, 0x00,
    0x00, 0x00, 0x00, 0x00, 0x00, 0x00, 0x00, 0x00, 0x00, 0x00, 0x00, 0x00, 0x00, 0x00, 0x00, 0x00,
    0x00, 0x00, 0x00, 0x00, 0x00, 0x00, 0x00, 0x00, 0x00, 0x00, 0x00, 0x00, 0x00, 0x00, 0x00, 0x00,
    0x00, 0x00, 0x00, 0x00, 0x00, 0x00, 0x00, 0x00, 0x00, 0x00, 0x00, 0x00, 0x00, 0x00, 0x00, 0x00,
    0x00, 0x00, 0x00, 0x00, 0x00, 0x00, 0x00, 0x00, 0x00, 0x00, 0x00, 0x00, 0x00, 0x00, 0x00, 0x00,
    0x00, 0x00, 0x00, 0x00, 0x00, 0x00, 0x00, 0x00, 0x00, 0x00, 0x00, 0x00, 0x00, 0x00, 0x00, 0x00,
    0x00, 0x00, 0x00, 0x00, 0x00, 0x00, 0x20, 0x00, 0x63, 0x00, 0x66, 0x00, 0x07, 0x00, 0x0b, 0x00,
    0xe8, 0x00, 0xe5, 0x00, 0x05, 0x00, 0x66, 0x00, 0xea, 0x00, 0xe7, 0x00, 0x48, 0x00, 0x68, 0x00,
    0xa6, 0x00, 0x83, 0x00, 0x0a, 0x00, 0x83, 0x00, 0x00, 0x00, 0x00, 0x00, 0x00, 0x00, 0x00, 0x00,
    0x00, 0x00, 0x00, 0x00, 0x00, 0x00, 0x00, 0x00, 0x00, 0x00, 0x00, 0x00, 0x00, 0x00, 0x00, 0x00,
    0x00, 0x00, 0x00, 0x00, 0x00, 0x00, 0x00, 0x00, 0x00, 0x00, 0x00, 0x00, 0x00, 0x00, 0x00, 0x00,
    0x00, 0x00, 0x00, 0x00, 0x00, 0x00, 0x00, 0x00, 0x00, 0x00, 0x00, 0x00, 0x00, 0x00, 0x00, 0x00,
    0x00, 0x00, 0x00, 0x00, 0x00, 0x00, 0x00, 0x00, 0x00, 0x00, 0x00, 0x00, 0x00, 0x00, 0x00, 0x00,
    0x00, 0x00, 0x00, 0x00, 0x00, 0x00, 0x00, 0x00, 0x00, 0x00, 0x81, 0x00, 0x43, 0x00, 0x20, 0x00,
    0x00, 0x00, 0x00, 0x00, 0xc2, 0x00, 0x04, 0x00, 0xc3, 0x00, 0x01, 0x00, 0x83, 0x00, 0xe7, 0x00,
    0x89, 0x00, 0x66, 0x00, 0xc4, 0x00, 0x46, 0x00, 0x08, 0x00, 0xea, 0x00, 0x48, 0x00, 0xed, 0x00,
    0x24, 0x00, 0x45, 0x00, 0x2d, 0x00, 0xe4, 0x00, 0x00, 0x00, 0x00, 0x00, 0x00, 0x00, 0x00, 0x00,
    0x00, 0x00, 0x00, 0x00, 0x00, 0x00, 0x00, 0x00, 0x00, 0x00, 0x00, 0x00, 0x00, 0x00, 0x00, 0x00,
    0x00, 0x00, 0x00, 0x00, 0x00, 0x00, 0x00, 0x00, 0x00, 0x00, 0x00, 0x00, 0x00, 0x00, 0x00, 0x00,
    0x00, 0x00, 0x00, 0x00, 0x00, 0x00, 0x00, 0x00, 0x00, 0x00, 0x00, 0x00, 0x00, 0x00, 0x00, 0x00,
    0x00, 0x00, 0x00, 0x00, 0x00, 0x00, 0x00, 0x00, 0x00, 0x00, 0x00, 0x00, 0x00, 0x00, 0x00, 0x00,
    0x00, 0x00, 0x00, 0x00, 0x00, 0x00, 0x00, 0x00, 0x00, 0x00, 0x20, 0x00, 0xe8, 0x00, 0x49, 0x00,
    0xa7, 0x00, 0x46, 0x00, 0x86, 0x00, 0xa7, 0x00, 0x69, 0x00, 0x0a, 0x00, 0x45, 0x00, 0xa3, 0x00,
    0x86, 0x00, 0x45, 0x00, 0xe5, 0x00, 0x46, 0x00, 0xe5, 0x00, 0x69, 0x00, 0xea, 0x00, 0x2d, 0x00,
    0x66, 0x00, 0x86, 0x00, 0x6e, 0x00, 0xe5, 0x00, 0x00, 0x00, 0x00, 0x00, 0x00, 0x00, 0x00, 0x00,
    0x00, 0x00, 0x00, 0x00, 0x00, 0x00, 0x00, 0x00, 0x00, 0x00, 0x00, 0x00, 0x00, 0x00, 0x00, 0x00,
    0x00, 0x00, 0x00, 0x00, 0x00, 0x00, 0x00, 0x00, 0x00, 0x00, 0x00, 0x00, 0x00, 0x00, 0x00, 0x00,
    0x00, 0x00, 0x00, 0x00, 0x00, 0x00, 0x00, 0x00, 0x00, 0x00, 0x00, 0x00, 0x00, 0x00, 0x00, 0x00,
    0x00, 0x00, 0x00, 0x00, 0x00, 0x00, 0x00, 0x00, 0x00, 0x00, 0x00, 0x00, 0x00, 0x00, 0x00, 0x00,
    0x00, 0x00, 0x00, 0x00, 0x00, 0x00, 0x00, 0x00, 0x00, 0x00, 0x00, 0x00, 0xc2, 0x00, 0x08, 0x00,
    0xaa, 0x00, 0x8c, 0x00, 0xcc, 0x00, 0xca, 0x00, 0x86, 0x00, 0x28, 0x00, 0xac, 0x00, 0xc4, 0x00,
    0xe7, 0x00, 0x0a, 0x00, 0x48, 0x00, 0x2b, 0x00, 0x48, 0x00, 0xc4, 0x00, 0xca, 0x00, 0x0d, 0x00,
    0x48, 0x00, 0x28, 0x00, 0xcc, 0x00, 0x46, 0x00, 0xa1, 0x00, 0x00, 0x00, 0x00, 0x00, 0x00, 0x00,
    0x00, 0x00, 0x00, 0x00, 0x00, 0x00, 0x00, 0x00, 0x00, 0x00, 0x00, 0x00, 0x00, 0x00, 0x00, 0x00,
    0x00, 0x00, 0x00, 0x00, 0x00, 0x00, 0x00, 0x00, 0x00, 0x00, 0x00, 0x00, 0x00, 0x00, 0x00, 0x00,
    0x00, 0x00, 0x00, 0x00, 0x00, 0x00, 0x00, 0x00, 0x00, 0x00, 0x00, 0x00, 0x00, 0x00, 0x00, 0x00,
    0x00, 0x00, 0x00, 0x00, 0x00, 0x00, 0x00, 0x00, 0x00, 0x00, 0x00, 0x00, 0x00, 0x00, 0x00, 0x00,
    0x00, 0x00, 0x00, 0x00, 0x00, 0x00, 0x00, 0x00, 0x00, 0x00, 0x00, 0x00, 0x00, 0x00, 0x81, 0x00,
    0x05, 0x00, 0xc7, 0x00, 0x89, 0x00, 0xea, 0x00, 0x0a, 0x00, 0x46, 0x00, 0x28, 0x00, 0x89, 0x00,
    0xa7, 0x00, 0x8c, 0x00, 0x0d, 0x00, 0x2e, 0x00, 0x10, 0x00, 0x6c, 0x00, 0xc7, 0x00, 0xac, 0x00,
    0x4b, 0x00, 0x89, 0x00, 0xca, 0x00, 0x48, 0x00, 0xa4, 0x00, 0x00, 0x00, 0x00, 0x00, 0x00, 0x00,
    0x00, 0x00, 0x00, 0x00, 0x00, 0x00, 0x00, 0x00, 0x00, 0x00, 0x00, 0x00, 0x00, 0x00, 0x00, 0x00,
    0x00, 0x00, 0x00, 0x00, 0x00, 0x00, 0x00, 0x00, 0x00, 0x00, 0x00, 0x00, 0x00, 0x00, 0x00, 0x00,
    0x00, 0x00, 0x00, 0x00, 0x00, 0x00, 0x00, 0x00, 0x00, 0x00, 0x00, 0x00, 0x00, 0x00, 0x00, 0x00,
    0x00, 0x00, 0x00, 0x00, 0x00, 0x00, 0x00, 0x00, 0x00, 0x00, 0x00, 0x00, 0x00, 0x00, 0x00, 0x00,
    0x00, 0x00, 0x00, 0x00, 0x00, 0x00, 0x00, 0x00, 0x00, 0x00, 0x00, 0x00, 0xa2, 0x00, 0x43, 0x00,
    0x23, 0x00, 0x84, 0x00, 0x87, 0x00, 0xe8, 0x00, 0x49, 0x00, 0x28, 0x00, 0xc7, 0x00, 0x0b, 0x00,
    0x4b, 0x00, 0xed, 0x00, 0xd0, 0x00, 0x72, 0x00, 0x51, 0x00, 0xd3, 0x00, 0xed, 0x00, 0x48, 0x00,
    0x2b, 0x00, 0xea, 0x00, 0xaa, 0x00, 0xa9, 0x00, 0xa4, 0x00, 0x00, 0x00, 0x00, 0x00, 0x00, 0x00,
    0x00, 0x00, 0x00, 0x00, 0x00, 0x00, 0x00, 0x00, 0x00, 0x00, 0x00, 0x00, 0x00, 0x00, 0x00, 0x00,
    0x00, 0x00, 0x00, 0x00, 0x00, 0x00, 0x00, 0x00, 0x00, 0x00, 0x00, 0x00, 0x00, 0x00, 0x00, 0x00,
    0x00, 0x00, 0x00, 0x00, 0x00, 0x00, 0x00, 0x00, 0x00, 0x00, 0x00, 0x00, 0x00, 0x00, 0x00, 0x00,
    0x00, 0x00, 0x00, 0x00, 0x00, 0x00, 0x00, 0x00, 0x00, 0x00, 0x00, 0x00, 0x00, 0x00, 0x00, 0x00,
    0x00, 0x00, 0x00, 0x00, 0x00, 0x00, 0x00, 0x00, 0x61, 0x00, 0x05, 0x00, 0x08, 0x00, 0xc7, 0x00,
    0xc5, 0x00, 0x03, 0x00, 0xe2, 0x00, 0x05, 0x00, 0xc8, 0x00, 0x08, 0x00, 0xe8, 0x00, 0x69, 0x00,
    0x2b, 0x00, 0xed, 0x00, 0xd0, 0x00, 0xb3, 0x00, 0xd3, 0x00, 0xb3, 0x00, 0xb3, 0x00, 0x4f, 0x00,
    0x0b, 0x00, 0xca, 0x00, 0x52, 0x00, 0x48, 0x00, 0xc2, 0x00, 0x00, 0x00, 0x00, 0x00, 0x00, 0x00,
    0x00, 0x00, 0x00, 0x00, 0x00, 0x00, 0x00, 0x00, 0x00, 0x00, 0x00, 0x00, 0x00, 0x00, 0x00, 0x00,
    0x00, 0x00, 0x00, 0x00, 0x00, 0x00, 0x00, 0x00, 0x00, 0x00, 0x00, 0x00, 0x00, 0x00, 0x00, 0x00,
    0x00, 0x00, 0x00, 0x00, 0x00, 0x00, 0x00, 0x00, 0x00, 0x00, 0x00, 0x00, 0x00, 0x00, 0x00, 0x00,
    0x00, 0x00, 0x00, 0x00, 0x00, 0x00, 0x00, 0x00, 0x00, 0x00, 0x00, 0x00, 0x00, 0x00, 0x00, 0x00,
    0x00, 0x00, 0x00, 0x00, 0x00, 0x00, 0x00, 0x00, 0x40, 0x00, 0xa1, 0x00, 0x81, 0x00, 0x02, 0x00,
    0xa4, 0x00, 0x05, 0x00, 0x26, 0x00, 0xe5, 0x00, 0x46, 0x00, 0xa7, 0x00, 0xe8, 0x00, 0x89, 0x00,
    0x6c, 0x00, 0xed, 0x00, 0x6f, 0x00, 0xb0, 0x00, 0xf0, 0x00, 0x51, 0x00, 0xd3, 0x00, 0xb3, 0x00,
    0x2e, 0x00, 0x8c, 0x00, 0x92, 0x00, 0x87, 0x00, 0x00, 0x00, 0x00, 0x00, 0x00, 0x00, 0x00, 0x00,
    0x00, 0x00, 0x00, 0x00, 0x00, 0x00, 0x00, 0x00, 0x00, 0x00, 0x00, 0x00, 0x00, 0x00, 0x00, 0x00,
    0x00, 0x00, 0x00, 0x00, 0x00, 0x00, 0x00, 0x00, 0x00, 0x00, 0x00, 0x00, 0x00, 0x00, 0x00, 0x00,
    0x00, 0x00, 0x00, 0x00, 0x00, 0x00, 0x00, 0x00, 0x00, 0x00, 0x00, 0x00, 0x00, 0x00, 0x00, 0x00,
    0x00, 0x00, 0x00, 0x00, 0x00, 0x00, 0x00, 0x00, 0x00, 0x00, 0x00, 0x00, 0x00, 0x00, 0x00, 0x00,
    0x00, 0x00, 0x00, 0x00, 0x00, 0x00, 0x00, 0x00, 0x00, 0x00, 0x00, 0x00, 0x81, 0x00, 0xa4, 0x00,
    0x67, 0x00, 0x89, 0x00, 0xaa, 0x00, 0x69, 0x00, 0xe8, 0x00, 0xa7, 0x00, 0xe8, 0x00, 0x28, 0x00,
    0xea, 0x00, 0xcd, 0x00, 0xed, 0x00, 0x4e, 0x00, 0x4e, 0x00, 0x4e, 0x00, 0x31, 0x00, 0x31, 0x00,
    0x72, 0x00, 0x8f, 0x00, 0x6f, 0x00, 0x49, 0x00, 0x20, 0x00, 0x00, 0x00, 0x00, 0x00, 0x00, 0x00,
    0x00, 0x00, 0x00, 0x00, 0x00, 0x00, 0x00, 0x00, 0x00, 0x00, 0x00, 0x00, 0x00, 0x00, 0x00, 0x00,
    0x00, 0x00, 0x00, 0x00, 0x00, 0x00, 0x00, 0x00, 0x00, 0x00, 0x00, 0x00, 0x00, 0x00, 0x00, 0x00,
    0x00, 0x00, 0x00, 0x00, 0x00, 0x00, 0x00, 0x00, 0x00, 0x00, 0x00, 0x00, 0x00, 0x00, 0x00, 0x00,
    0x00, 0x00, 0x00, 0x00, 0x00, 0x00, 0x00, 0x00, 0x00, 0x00, 0x00, 0x00, 0x00, 0x00, 0x00, 0x00,
    0x00, 0x00, 0x00, 0x00, 0x00, 0x00, 0x00, 0x00, 0x00, 0x00, 0x40, 0x00, 0xc5, 0x00, 0xe5, 0x00,
    0x64, 0x00, 0x64, 0x00, 0xe5, 0x00, 0x46, 0x00, 0x67, 0x00, 0xc7, 0x00, 0x69, 0x00, 0xea, 0x00,
    0xa9, 0x00, 0x2b, 0x00, 0x8f, 0x00, 0x10, 0x00, 0xaf, 0x00, 0x2b, 0x00, 0x0e, 0x00, 0x11, 0x00,
    0x31, 0x00, 0x4f, 0x00, 0x2e, 0x00, 0x0e, 0x00, 0x20, 0x00, 0x00, 0x00, 0x00, 0x00, 0x00, 0x00,
    0x00, 0x00, 0x00, 0x00, 0x00, 0x00, 0x00, 0x00, 0x00, 0x00, 0x00, 0x00, 0x00, 0x00, 0x00, 0x00,
    0x00, 0x00, 0x00, 0x00, 0x00, 0x00, 0x00, 0x00, 0x00, 0x00, 0x00, 0x00, 0x00, 0x00, 0x00, 0x00,
    0x00, 0x00, 0x00, 0x00, 0x00, 0x00, 0x00, 0x00, 0x00, 0x00, 0x00, 0x00, 0x00, 0x00, 0x00, 0x00,
    0x00, 0x00, 0x00, 0x00, 0x00, 0x00, 0x00, 0x00, 0x00, 0x00, 0x00, 0x00, 0x00, 0x00, 0x00, 0x00,
    0x00, 0x00, 0x00, 0x00, 0x00, 0x00, 0x00, 0x00, 0x00, 0x00, 0xe2, 0x00, 0xe5, 0x00, 0xc5, 0x00,
    0xc5, 0x00, 0x23, 0x00, 0xa1, 0x00, 0xe2, 0x00, 0xc5, 0x00, 0x67, 0x00, 0x69, 0x00, 0x6c, 0x00,
    0x2e, 0x00, 0xea, 0x00, 0x25, 0x00, 0x28, 0x00, 0xcd, 0x00, 0x2b, 0x00, 0xcd, 0x00, 0x31, 0x00,
    0x31, 0x00, 0x4e, 0x00, 0xf0, 0x00, 0x6c, 0x00, 0x00, 0x00, 0x00, 0x00, 0x00, 0x00, 0x00, 0x00,
    0x00, 0x00, 0x00, 0x00, 0x00, 0x00, 0x00, 0x00, 0x00, 0x00, 0x00, 0x00, 0x00, 0x00, 0x00, 0x00,
    0x00, 0x00, 0x00, 0x00, 0x00, 0x00, 0x00, 0x00, 0x00, 0x00, 0x00, 0x00, 0x00, 0x00, 0x00, 0x00,
    0x00, 0x00, 0x00, 0x00, 0x00, 0x00, 0x00, 0x00, 0x00, 0x00, 0x00, 0x00, 0x00, 0x00, 0x00, 0x00,
    0x00, 0x00, 0x00, 0x00, 0x00, 0x00, 0x00, 0x00, 0x00, 0x00, 0x00, 0x00, 0x00, 0x00, 0x00, 0x00,
    0x00, 0x00, 0x00, 0x00, 0x00, 0x00, 0x00, 0x00, 0x40, 0x00, 0xe5, 0x00, 0x26, 0x00, 0xc5, 0x00,
    0x64, 0x00, 0x23, 0x00, 0x05, 0x00, 0xc8, 0x00, 0x87, 0x00, 0x67, 0x00, 0x08, 0x00, 0x0b, 0x00,
    0xed, 0x00, 0xf0, 0x00, 0x2e, 0x00, 0x2b, 0x00, 0xca, 0x00, 0xe7, 0x00, 0xcd, 0x00, 0x11, 0x00,
    0x11, 0x00, 0x11, 0x00, 0xed, 0x00, 0xc4, 0x00, 0x00, 0x00, 0x00, 0x00, 0x00, 0x00, 0x00, 0x00,
    0x00, 0x00, 0x00, 0x00, 0x00, 0x00, 0x00, 0x00, 0x00, 0x00, 0x00, 0x00, 0x00, 0x00, 0x00, 0x00,
    0x00, 0x00, 0x00, 0x00, 0x00, 0x00, 0x00, 0x00, 0x00, 0x00, 0x00, 0x00, 0x00, 0x00, 0x00, 0x00,
    0x00, 0x00, 0x00, 0x00, 0x00, 0x00, 0x00, 0x00, 0x00, 0x00, 0x00, 0x00, 0x00, 0x00, 0x00, 0x00,
    0x00, 0x00, 0x00, 0x00, 0x00, 0x00, 0x00, 0x00, 0x00, 0x00, 0x00, 0x00, 0x00, 0x00, 0x00, 0x00,
    0x00, 0x00, 0x00, 0x00, 0x00, 0x00, 0x00, 0x00, 0xe2, 0x00, 0x84, 0x00, 0xc2, 0x00, 0xa2, 0x00,
    0x64, 0x00, 0x84, 0x00, 0x26, 0x00, 0xc5, 0x00, 0xc5, 0x00, 0x87, 0x00, 0xe8, 0x00, 0xaa, 0x00,
    0xca, 0x00, 0xeb, 0x00, 0xed, 0x00, 0xd0, 0x00, 0xf0, 0x00, 0x0d, 0x00, 0x4e, 0x00, 0xb0, 0x00,
    0xb3, 0x00, 0xd3, 0x00, 0xad, 0x00, 0x66, 0x00, 0x23, 0x00, 0x00, 0x00, 0x00, 0x00, 0x00, 0x00,
    0x00, 0x00, 0x00, 0x00, 0x00, 0x00, 0x00, 0x00, 0x00, 0x00, 0x00, 0x00, 0x00, 0x00, 0x00, 0x00,
    0x00, 0x00, 0x00, 0x00, 0x00, 0x00, 0x00, 0x00, 0x00, 0x00, 0x00, 0x00, 0x00, 0x00, 0x00, 0x00,
    0x00, 0x00, 0x00, 0x00, 0x00, 0x00, 0x00, 0x00, 0x00, 0x00, 0x00, 0x00, 0x00, 0x00, 0x00, 0x00,
    0x00, 0x00, 0x00, 0x00, 0x00, 0x00, 0x00, 0x00, 0x00, 0x00, 0x00, 0x00, 0x00, 0x00, 0x00, 0x00,
    0x00, 0x00, 0x00, 0x00, 0x00, 0x00, 0x00, 0x00, 0x00, 0x00, 0x00, 0x00, 0x00, 0x00, 0x43, 0x00,
    0x06, 0x00, 0x23, 0x00, 0xe2, 0x00, 0xa2, 0x00, 0x05, 0x00, 0xa7, 0x00, 0x87, 0x00, 0x8a, 0x00,
    0x49, 0x00, 0x86, 0x00, 0xc7, 0x00, 0x6c, 0x00, 0x4e, 0x00, 0xb0, 0x00, 0x11, 0x00, 0xaf, 0x00,
    0xad, 0x00, 0x31, 0x00, 0x31, 0x00, 0x0b, 0x00, 0x26, 0x00, 0x00, 0x00, 0x00, 0x00, 0x00, 0x00,
    0x00, 0x00, 0x00, 0x00, 0x00, 0x00, 0x00, 0x00, 0x00, 0x00, 0x00, 0x00, 0x00, 0x00, 0x00, 0x00,
    0x00, 0x00, 0x00, 0x00, 0x00, 0x00, 0x00, 0x00, 0x00, 0x00, 0x00, 0x00, 0x00, 0x00, 0x00, 0x00,
    0x00, 0x00, 0x00, 0x00, 0x00, 0x00, 0x00, 0x00, 0x00, 0x00, 0x00, 0x00, 0x00, 0x00, 0x00, 0x00,
    0x00, 0x00, 0x00, 0x00, 0x00, 0x00, 0x00, 0x00, 0x00, 0x00, 0x00, 0x00, 0x00, 0x00, 0x00, 0x00,
    0x00, 0x00, 0x00, 0x00, 0x00, 0x00, 0x00, 0x00, 0x00, 0x00, 0x00, 0x00, 0x00, 0x00, 0xa5, 0x00,
    0x26, 0x00, 0x64, 0x00, 0x43, 0x00, 0x84, 0x00, 0x67, 0x00, 0xc5, 0x00, 0x29, 0x00, 0x08, 0x00,
    0xaa, 0x00, 0x4c, 0x00, 0x69, 0x00, 0xa7, 0x00, 0x4c, 0x00, 0x0e, 0x00, 0x6f, 0x00, 0xb0, 0x00,
    0x8d, 0x00, 0x6f, 0x00, 0xd0, 0x00, 0xad, 0x00, 0x02, 0x00, 0x00, 0x00, 0x00, 0x00, 0x00, 0x00,
    0x00, 0x00, 0x00, 0x00, 0x00, 0x00, 0x00, 0x00, 0x00, 0x00, 0x00, 0x00, 0x00, 0x00, 0x00, 0x00,
    0x00, 0x00, 0x00, 0x00, 0x20, 0x00, 0x81, 0x00, 0x00, 0x00, 0x00, 0x00, 0x00, 0x00, 0x00, 0x00,
    0x00, 0x00, 0x00, 0x00, 0x00, 0x00, 0x00, 0x00, 0x00, 0x00, 0x00, 0x00, 0x00, 0x00, 0x00, 0x00,
    0x00, 0x00, 0x00, 0x00, 0x00, 0x00, 0x00, 0x00, 0x00, 0x00, 0x00, 0x00, 0x00, 0x00, 0x00, 0x00,
    0x00, 0x00, 0x00, 0x00, 0x00, 0x00, 0x00, 0x00, 0x00, 0x00, 0x00, 0x00, 0x00, 0x00, 0xc5, 0x00,
    0xc5, 0x00, 0x03, 0x00, 0x06, 0x00, 0xe5, 0x00, 0x23, 0x00, 0xe5, 0x00, 0x66, 0x00, 0x43, 0x00,
    0xa4, 0x00, 0xe8, 0x00, 0x0b, 0x00, 0x69, 0x00, 0xc7, 0x00, 0xeb, 0x00, 0x8c, 0x00, 0xee, 0x00,
    0x8f, 0x00, 0x4f, 0x00, 0x8f, 0x00, 0x28, 0x00, 0x00, 0x00, 0x00, 0x00, 0x00, 0x00, 0x00, 0x00,
    0x00, 0x00, 0x00, 0x00, 0x00, 0x00, 0x00, 0x00, 0x00, 0x00, 0x20, 0x00, 0x00, 0x00, 0x00, 0x00,
    0x00, 0x00, 0x23, 0x00, 0x69, 0x00, 0xe2, 0x00, 0x00, 0x00, 0x00, 0x00, 0x00, 0x00, 0x00, 0x00,
    0x00, 0x00, 0x00, 0x00, 0x00, 0x00, 0x00, 0x00, 0x00, 0x00, 0x00, 0x00, 0x00, 0x00, 0x00, 0x00,
    0x00, 0x00, 0x00, 0x00, 0x00, 0x00, 0x00, 0x00, 0x00, 0x00, 0x00, 0x00, 0x00, 0x00, 0x00, 0x00,
    0x00, 0x00, 0x00, 0x00, 0x00, 0x00, 0x00, 0x00, 0x00, 0x00, 0x00, 0x00, 0x00, 0x00, 0x23, 0x00,
    0xa1, 0x00, 0x64, 0x00, 0x67, 0x00, 0xe5, 0x00, 0x84, 0x00, 0x23, 0x00, 0xa3, 0x00, 0x45, 0x00,
    0xa3, 0x00, 0x22, 0x00, 0xa4, 0x00, 0xe8, 0x00, 0xca, 0x00, 0x69, 0x00, 0x28, 0x00, 0x28, 0x00,
    0xca, 0x00, 0x8c, 0x00, 0xaa, 0x00, 0x61, 0x00, 0x00, 0x00, 0x00, 0x00, 0x00, 0x00, 0x00, 0x00,
    0x00, 0x00, 0x00, 0x00, 0x20, 0x00, 0xa7, 0x00, 0x08, 0x00, 0x00, 0x00, 0xe2, 0x00, 0x86, 0x00,
    0x89, 0x00, 0x6b, 0x00, 0x69, 0x00, 0x00, 0x00, 0x00, 0x00, 0x00, 0x00, 0x00, 0x00, 0x00, 0x00,
    0x00, 0x00, 0x00, 0x00, 0x00, 0x00, 0x00, 0x00, 0x00, 0x00, 0x00, 0x00, 0x00, 0x00, 0x00, 0x00,
    0x00, 0x00, 0x00, 0x00, 0x00, 0x00, 0x00, 0x00, 0x00, 0x00, 0x00, 0x00, 0x00, 0x00, 0x00, 0x00,
    0x00, 0x00, 0x00, 0x00, 0x00, 0x00, 0x00, 0x00, 0x00, 0x00, 0x00, 0x00, 0x00, 0x00, 0x00, 0x00,
    0x00, 0x00, 0xa5, 0x00, 0x67, 0x00, 0x06, 0x00, 0xc7, 0x00, 0x46, 0x00, 0xc4, 0x00, 0xa6, 0x00,
    0x28, 0x00, 0xc7, 0x00, 0x25, 0x00, 0x43, 0x00, 0x63, 0x00, 0xe8, 0x00, 0xaa, 0x00, 0x89, 0x00,
    0x28, 0x00, 0x25, 0x00, 0x40, 0x00, 0x00, 0x00, 0x00, 0x00, 0x00, 0x00, 0x00, 0x00, 0x00, 0x00,
    0x00, 0x00, 0x40, 0x00, 0xa9, 0x00, 0xcc, 0x00, 0xe4, 0x00, 0xe8, 0x00, 0xac, 0x00, 0x4e, 0x00,
    0xac, 0x00, 0x0b, 0x00, 0x63, 0x00, 0x00, 0x00, 0x00, 0x00, 0x00, 0x00, 0x00, 0x00, 0x00, 0x00,
    0x00, 0x00, 0x00, 0x00, 0x00, 0x00, 0x00, 0x00, 0x00, 0x00, 0x00, 0x00, 0x00, 0x00, 0x00, 0x00,
    0x00, 0x00, 0x00, 0x00, 0x00, 0x00, 0x00, 0x00, 0x00, 0x00, 0x00, 0x00, 0x00, 0x00, 0x00, 0x00,
    0x00, 0x00, 0x00, 0x00, 0x00, 0x00, 0x00, 0x00, 0x00, 0x00, 0x00, 0x00, 0x00, 0x00, 0x00, 0x00,
    0x00, 0x00, 0x43, 0x00, 0x26, 0x00, 0xe5, 0x00, 0x87, 0x00, 0xe8, 0x00, 0x46, 0x00, 0x05, 0x00,
    0xa6, 0x00, 0x48, 0x00, 0xea, 0x00, 0x2b, 0x00, 0x05, 0x00, 0x00, 0x00, 0x20, 0x00, 0x61, 0x00,
    0x20, 0x00, 0x00, 0x00, 0x00, 0x00, 0x00, 0x00, 0x00, 0x00, 0x00, 0x00, 0x00, 0x00, 0x00, 0x00,
    0x00, 0x00, 0x66, 0x00, 0x8c, 0x00, 0x25, 0x00, 0xe7, 0x00, 0x89, 0x00, 0xe7, 0x00, 0x69, 0x00,
    0x69, 0x00, 0xe5, 0x00, 0x00, 0x00, 0x00, 0x00, 0x00, 0x00, 0x00, 0x00, 0x00, 0x00, 0x00, 0x00,
    0x00, 0x00, 0x00, 0x00, 0x00, 0x00, 0x00, 0x00, 0x00, 0x00, 0x00, 0x00, 0x00, 0x00, 0x00, 0x00,
    0x00, 0x00, 0x00, 0x00, 0x00, 0x00, 0x00, 0x00, 0x00, 0x00, 0x00, 0x00, 0x00, 0x00, 0x02, 0x00,
    0x43, 0x00, 0x81, 0x00, 0x00, 0x00, 0x00, 0x00, 0x00, 0x00, 0x00, 0x00, 0x00, 0x00, 0x00, 0x00,
    0x00, 0x00, 0xa2, 0x00, 0xa4, 0x00, 0xa4, 0x00, 0x05, 0x00, 0xa7, 0x00, 0x08, 0x00, 0x86, 0x00,
    0xe7, 0x00, 0xca, 0x00, 0x2b, 0x00, 0x6c, 0x00, 0x4c, 0x00, 0xe8, 0x00, 0x00, 0x00, 0x00, 0x00,
    0x00, 0x00, 0x00, 0x00, 0x00, 0x00, 0x00, 0x00, 0x00, 0x00, 0x00, 0x00, 0x00, 0x00, 0x00, 0x00,
    0x40, 0x00, 0x69, 0x00, 0xe7, 0x00, 0x86, 0x00, 0xca, 0x00, 0xea, 0x00, 0xa9, 0x00, 0x07, 0x00,
    0x86, 0x00, 0xc2, 0x00, 0x00, 0x00, 0x00, 0x00, 0x00, 0x00, 0x00, 0x00, 0x00, 0x00, 0x00, 0x00,
    0x00, 0x00, 0x00, 0x00, 0x00, 0x00, 0x00, 0x00, 0x00, 0x00, 0x00, 0x00, 0x00, 0x00, 0x00, 0x00,
    0x00, 0x00, 0x00, 0x00, 0x00, 0x00, 0x00, 0x00, 0x00, 0x00, 0x00, 0x00, 0x00, 0x00, 0xa1, 0x00,
    0xca, 0x00, 0x0a, 0x00, 0x68, 0x00, 0xa4, 0x00, 0x00, 0x00, 0x46, 0x00, 0x43, 0x00, 0x00, 0x00,
    0x00, 0x00, 0x00, 0x00, 0xc2, 0x00, 0xc2, 0x00, 0x06, 0x00, 0x66, 0x00, 0x49, 0x00, 0xa9, 0x00,
    0xc7, 0x00, 0xea, 0x00, 0xb0, 0x00, 0xb0, 0x00, 0x0e, 0x00, 0x4f, 0x00, 0xaa, 0x00, 0x00, 0x00,
    0x00, 0x00, 0x00, 0x00, 0x00, 0x00, 0x00, 0x00, 0x00, 0x00, 0x00, 0x00, 0x00, 0x00, 0x00, 0x00,
    0xc2, 0x00, 0x28, 0x00, 0xe8, 0x00, 0x0b, 0x00, 0xea, 0x00, 0x2b, 0x00, 0x2b, 0x00, 0x8c, 0x00,
    0x69, 0x00, 0xa1, 0x00, 0x00, 0x00, 0x00, 0x00, 0x00, 0x00, 0x00, 0x00, 0x00, 0x00, 0x00, 0x00,
    0x00, 0x00, 0x00, 0x00, 0x00, 0x00, 0x00, 0x00, 0x00, 0x00, 0x00, 0x00, 0x00, 0x00, 0x00, 0x00,
    0x00, 0x00, 0x00, 0x00, 0x20, 0x00, 0x43, 0x00, 0xc7, 0x00, 0x28, 0x00, 0xa7, 0x00, 0xe5, 0x00,
    0xa4, 0x00, 0x28, 0x00, 0x0a, 0x00, 0x2b, 0x00, 0x05, 0x00, 0x43, 0x00, 0x2b, 0x00, 0x23, 0x00,
    0x00, 0x00, 0x00, 0x00, 0x00, 0x00, 0x00, 0x00, 0x64, 0x00, 0x66, 0x00, 0xe8, 0x00, 0xca, 0x00,
    0x6b, 0x00, 0x69, 0x00, 0xad, 0x00, 0x90, 0x00, 0xf1, 0x00, 0xb0, 0x00, 0x11, 0x00, 0xcb, 0x00,
    0x40, 0x00, 0x00, 0x00, 0x00, 0x00, 0x00, 0x00, 0x00, 0x00, 0x00, 0x00, 0x00, 0x00, 0x00, 0x00,
    0xe2, 0x00, 0x08, 0x00, 0x69, 0x00, 0xc7, 0x00, 0x25, 0x00, 0xc4, 0x00, 0x63, 0x00, 0x02, 0x00,
    0x00, 0x00, 0x00, 0x00, 0x00, 0x00, 0x00, 0x00, 0x00, 0x00, 0x00, 0x00, 0x00, 0x00, 0x00, 0x00,
    0x00, 0x00, 0x00, 0x00, 0x00, 0x00, 0x00, 0x00, 0x00, 0x00, 0x00, 0x00, 0x00, 0x00, 0x00, 0x00,
    0x00, 0x00, 0x00, 0x00, 0x81, 0x00, 0xe5, 0x00, 0x87, 0x00, 0xa7, 0x00, 0x86, 0x00, 0xa7, 0x00,
    0x25, 0x00, 0xc4, 0x00, 0xc7, 0x00, 0xe7, 0x00, 0xe7, 0x00, 0x43, 0x00, 0x25, 0x00, 0x48, 0x00,
    0x40, 0x00, 0x00, 0x00, 0x00, 0x00, 0x00, 0x00, 0x61, 0x00, 0x26, 0x00, 0xa7, 0x00, 0x48, 0x00,
    0xea, 0x00, 0x6b, 0x00, 0x0b, 0x00, 0xb0, 0x00, 0x90, 0x00, 0xb0, 0x00, 0xb0, 0x00, 0xd0, 0x00,
    0x89, 0x00, 0x00, 0x00, 0x00, 0x00, 0x00, 0x00, 0x00, 0x00, 0x00, 0x00, 0x00, 0x00, 0xc2, 0x00,
    0x84, 0x00, 0x86, 0x00, 0x64, 0x00, 0x81, 0x00, 0x00, 0x00, 0x00, 0x00, 0x00, 0x00, 0x00, 0x00,
    0x00, 0x00, 0x00, 0x00, 0x00, 0x00, 0x00, 0x00, 0x00, 0x00, 0x00, 0x00, 0x00, 0x00, 0x00, 0x00,
    0x00, 0x00, 0x00, 0x00, 0x00, 0x00, 0x00, 0x00, 0x00, 0x00, 0x00, 0x00, 0x00, 0x00, 0x00, 0x00,
    0x00, 0x00, 0x00, 0x00, 0x40, 0x00, 0x23, 0x00, 0xe5, 0x00, 0x66, 0x00, 0xa7, 0x00, 0x08, 0x00,
    0x4b, 0x00, 0xcc, 0x00, 0xac, 0x00, 0x8b, 0x00, 0xc9, 0x00, 0x48, 0x00, 0x86, 0x00, 0xa6, 0x00,
    0xe4, 0x00, 0xc2, 0x00, 0x00, 0x00, 0x00, 0x00, 0x00, 0x00, 0xa4, 0x00, 0x66, 0x00, 0xa7, 0x00,
    0x69, 0x00, 0x6b, 0x00, 0xea, 0x00, 0x6f, 0x00, 0xf5, 0x00, 0x93, 0x00, 0xf1, 0x00, 0x12, 0x00,
    0xd0, 0x00, 0x63, 0x00, 0x00, 0x00, 0x00, 0x00, 0x00, 0x00, 0x00, 0x00, 0x81, 0x00, 0x26, 0x00,
    0x26, 0x00, 0xc7, 0x00, 0x08, 0x00, 0x48, 0x00, 0x05, 0x00, 0x00, 0x00, 0x00, 0x00, 0x00, 0x00,
    0x00, 0x00, 0x00, 0x00, 0x00, 0x00, 0x00, 0x00, 0x00, 0x00, 0x00, 0x00, 0x00, 0x00, 0x00, 0x00,
    0x00, 0x00, 0x00, 0x00, 0x00, 0x00, 0x00, 0x00, 0x00, 0x00, 0x00, 0x00, 0x00, 0x00, 0x00, 0x00,
    0x00, 0x00, 0x05, 0x00, 0x28, 0x00, 0xe8, 0x00, 0xc7, 0x00, 0x08, 0x00, 0xaa, 0x00, 0x8c, 0x00,
    0xac, 0x00, 0x6b, 0x00, 0x0d, 0x00, 0x8e, 0x00, 0xcf, 0x00, 0x6e, 0x00, 0xac, 0x00, 0x07, 0x00,
    0x46, 0x00, 0x28, 0x00, 0xa1, 0x00, 0x00, 0x00, 0x00, 0x00, 0xe5, 0x00, 0x87, 0x00, 0xe7, 0x00,
    0x28, 0x00, 0xea, 0x00, 0x8c, 0x00, 0x2b, 0x00, 0x90, 0x00, 0xd4, 0x00, 0x93, 0x00, 0x52, 0x00,
    0xf1, 0x00, 0x66, 0x00, 0x20, 0x00, 0x00, 0x00, 0x00, 0x00, 0x00, 0x00, 0xa7, 0x00, 0x4b, 0x00,
    0x2b, 0x00, 0x0a, 0x00, 0x69, 0x00, 0x87, 0x00, 0x49, 0x00, 0x02, 0x00, 0x00, 0x00, 0x00, 0x00,
    0x00, 0x00, 0x00, 0x00, 0x00, 0x00, 0x00, 0x00, 0x00, 0x00, 0x00, 0x00, 0x00, 0x00, 0x00, 0x00,
    0x00, 0x00, 0x00, 0x00, 0x00, 0x00, 0x00, 0x00, 0x00, 0x00, 0x00, 0x00, 0x00, 0x00, 0x61, 0x00,
    0xa7, 0x00, 0x28, 0x00, 0x25, 0x00, 0xa7, 0x00, 0x69, 0x00, 0xea, 0x00, 0x8c, 0x00, 0x4d, 0x00,
    0x6c, 0x00, 0x6b, 0x00, 0x2b, 0x00, 0xca, 0x00, 0xca, 0x00, 0x2a, 0x00, 0x4b, 0x00, 0xca, 0x00,
    0xa6, 0x00, 0x08, 0x00, 0x25, 0x00, 0x00, 0x00, 0xe2, 0x00, 0xe7, 0x00, 0x28, 0x00, 0x89, 0x00,
    0x69, 0x00, 0xca, 0x00, 0x2b, 0x00, 0x0a, 0x00, 0x8d, 0x00, 0x4f, 0x00, 0x52, 0x00, 0x73, 0x00,
    0xd0, 0x00, 0x46, 0x00, 0x23, 0x00, 0x00, 0x00, 0x00, 0x00, 0x61, 0x00, 0xaa, 0x00, 0xea, 0x00,
    0xe8, 0x00, 0x87, 0x00, 0x02, 0x00, 0xa2, 0x00, 0x87, 0x00, 0x43, 0x00, 0x00, 0x00, 0x00, 0x00,
    0x00, 0x00, 0x00, 0x00, 0x00, 0x00, 0x00, 0x00, 0x00, 0x00, 0x00, 0x00, 0x00, 0x00, 0x00, 0x00,
    0x00, 0x00, 0x00, 0x00, 0x00, 0x00, 0x00, 0x00, 0x00, 0x00, 0x00, 0x00, 0x00, 0x00, 0x23, 0x00,
    0x23, 0x00, 0x84, 0x00, 0x48, 0x00, 0xca, 0x00, 0xca, 0x00, 0xea, 0x00, 0xac, 0x00, 0x4b, 0x00,
    0x69, 0x00, 0x08, 0x00, 0x86, 0x00, 0xe7, 0x00, 0xa9, 0x00, 0x2b, 0x00, 0x2a, 0x00, 0x89, 0x00,
    0x08, 0x00, 0x25, 0x00, 0xe5, 0x00, 0x02, 0x00, 0xa7, 0x00, 0x89, 0x00, 0x49, 0x00, 0x89, 0x00,
    0x48, 0x00, 0x89, 0x00, 0x69, 0x00, 0xa9, 0x00, 0xd1, 0x00, 0x90, 0x00, 0xcd, 0x00, 0xb0, 0x00,
    0x4f, 0x00, 0xca, 0x00, 0x05, 0x00, 0xa4, 0x00, 0x00, 0x00, 0x23, 0x00, 0xca, 0x00, 0xa7, 0x00,
    0xc4, 0x00, 0x61, 0x00, 0x00, 0x00, 0x00, 0x00, 0x61, 0x00, 0x20, 0x00, 0x00, 0x00, 0x00, 0x00,
    0x00, 0x00, 0x00, 0x00, 0x00, 0x00, 0x00, 0x00, 0x00, 0x00, 0x00, 0x00, 0x00, 0x00, 0x00, 0x00,
    0x00, 0x00, 0x00, 0x00, 0x00, 0x00, 0x00, 0x00, 0x00, 0x00, 0x00, 0x00, 0x00, 0x00, 0x20, 0x00,
    0x84, 0x00, 0xaa, 0x00, 0xea, 0x00, 0x89, 0x00, 0xa9, 0x00, 0x2b, 0x00, 0x89, 0x00, 0x46, 0x00,
    0x25, 0x00, 0x86, 0x00, 0x66, 0x00, 0x45, 0x00, 0xc7, 0x00, 0xa9, 0x00, 0xca, 0x00, 0x69, 0x00,
    0xe7, 0x00, 0x46, 0x00, 0x43, 0x00, 0xc4, 0x00, 0x89, 0x00, 0xaa, 0x00, 0x0a, 0x00, 0x2b, 0x00,
    0x28, 0x00, 0x08, 0x00, 0x28, 0x00, 0x69, 0x00, 0xcd, 0x00, 0x11, 0x00, 0x4f, 0x00, 0x4b, 0x00,
    0x6f, 0x00, 0x0e, 0x00, 0xc7, 0x00, 0x48, 0x00, 0x20, 0x00, 0x25, 0x00, 0x89, 0x00, 0xa4, 0x00,
    0x87, 0x00, 0x26, 0x00, 0x00, 0x00, 0x00, 0x00, 0x00, 0x00, 0x00, 0x00, 0x00, 0x00, 0x00, 0x00,
    0x00, 0x00, 0x00, 0x00, 0x00, 0x00, 0x00, 0x00, 0x00, 0x00, 0x00, 0x00, 0x00, 0x00, 0x00, 0x00,
    0x00, 0x00, 0x00, 0x00, 0x00, 0x00, 0x00, 0x00, 0x00, 0x00, 0x00, 0x00, 0x61, 0x00, 0xe5, 0x00,
    0x49, 0x00, 0x89, 0x00, 0x69, 0x00, 0xaa, 0x00, 0xca, 0x00, 0x08, 0x00, 0x46, 0x00, 0x86, 0x00,
    0xa9, 0x00, 0x4b, 0x00, 0x4b, 0x00, 0x0a, 0x00, 0xa6, 0x00, 0x25, 0x00, 0xe8, 0x00, 0x28, 0x00,
    0xe7, 0x00, 0x25, 0x00, 0x84, 0x00, 0xc7, 0x00, 0xaa, 0x00, 0x89, 0x00, 0x0b, 0x00, 0x68, 0x00,
    0x45, 0x00, 0xe5, 0x00, 0xe5, 0x00, 0x28, 0x00, 0x0e, 0x00, 0x70, 0x00, 0x6f, 0x00, 0xee, 0x00,
    0x2f, 0x00, 0xed, 0x00, 0x25, 0x00, 0x69, 0x00, 0xa7, 0x00, 0x49, 0x00, 0x69, 0x00, 0x02, 0x00,
    0x43, 0x00, 0xa9, 0x00, 0xe7, 0x00, 0x40, 0x00, 0x00, 0x00, 0x00, 0x00, 0x00, 0x00, 0x00, 0x00,
    0x00, 0x00, 0x00, 0x00, 0x00, 0x00, 0x00, 0x00, 0x00, 0x00, 0x00, 0x00, 0x00, 0x00, 0x00, 0x00,
    0x00, 0x00, 0x00, 0x00, 0x00, 0x00, 0x00, 0x00, 0x00, 0x00, 0x40, 0x00, 0xe5, 0x00, 0x25, 0x00,
    0x69, 0x00, 0xa7, 0x00, 0x49, 0x00, 0xaa, 0x00, 0xe8, 0x00, 0x25, 0x00, 0x87, 0x00, 0x89, 0x00,
    0xaa, 0x00, 0xcc, 0x00, 0xec, 0x00, 0x0d, 0x00, 0x2d, 0x00, 0x45, 0x00, 0x46, 0x00, 0x08, 0x00,
    0x28, 0x00, 0x26, 0x00, 0x26, 0x00, 0xaa, 0x00, 0x28, 0x00, 0x08, 0x00, 0xa7, 0x00, 0xe7, 0x00,
    0x68, 0x00, 0x89, 0x00, 0xc4, 0x00, 0xc7, 0x00, 0xcd, 0x00, 0xee, 0x00, 0xee, 0x00, 0xcd, 0x00,
    0x0e, 0x00, 0x28, 0x00, 0x84, 0x00, 0xe7, 0x00, 0xea, 0x00, 0x89, 0x00, 0x08, 0x00, 0xc2, 0x00,
    0x20, 0x00, 0x26, 0x00, 0xea, 0x00, 0x28, 0x00, 0x20, 0x00, 0x00, 0x00, 0x20, 0x00, 0x00, 0x00,
    0x00, 0x00, 0x00, 0x00, 0x00, 0x00, 0x00, 0x00, 0x00, 0x00, 0x00, 0x00, 0x00, 0x00, 0x00, 0x00,
    0x00, 0x00, 0x00, 0x00, 0x00, 0x00, 0x00, 0x00, 0x00, 0x00, 0xa2, 0x00, 0x81, 0x00, 0xc5, 0x00,
    0xa7, 0x00, 0xe8, 0x00, 0x69, 0x00, 0xe8, 0x00, 0xc5, 0x00, 0x26, 0x00, 0x28, 0x00, 0x89, 0x00,
    0x89, 0x00, 0x2b, 0x00, 0x8c, 0x00, 0x0d, 0x00, 0xec, 0x00, 0xa6, 0x00, 0xe5, 0x00, 0x66, 0x00,
    0x25, 0x00, 0xc4, 0x00, 0x69, 0x00, 0xa9, 0x00, 0x89, 0x00, 0x0a, 0x00, 0x4b, 0x00, 0xac, 0x00,
    0xac, 0x00, 0xed, 0x00, 0xac, 0x00, 0x66, 0x00, 0x28, 0x00, 0x4c, 0x00, 0xad, 0x00, 0x6c, 0x00,
    0x08, 0x00, 0xc4, 0x00, 0xa4, 0x00, 0x66, 0x00, 0x28, 0x00, 0x69, 0x00, 0xa7, 0x00, 0x81, 0x00,
    0x00, 0x00, 0xa1, 0x00, 0xa7, 0x00, 0xca, 0x00, 0x86, 0x00, 0x00, 0x00, 0xa4, 0x00, 0x00, 0x00,
    0x00, 0x00, 0x00, 0x00, 0x00, 0x00, 0x00, 0x00, 0x00, 0x00, 0x00, 0x00, 0x00, 0x00, 0x00, 0x00,
    0x00, 0x00, 0x00, 0x00, 0x00, 0x00, 0x00, 0x00, 0x00, 0x00, 0x00, 0x00, 0x43, 0x00, 0xe5, 0x00,
    0xa7, 0x00, 0x08, 0x00, 0x29, 0x00, 0x87, 0x00, 0xa4, 0x00, 0x66, 0x00, 0xe8, 0x00, 0x69, 0x00,
    0xea, 0x00, 0x0a, 0x00, 0xac, 0x00, 0x8b, 0x00, 0x8b, 0x00, 0x48, 0x00, 0x05, 0x00, 0x87, 0x00,
    0x64, 0x00, 0x05, 0x00, 0x69, 0x00, 0x89, 0x00, 0xca, 0x00, 0xca, 0x00, 0x89, 0x00, 0xe7, 0x00,
    0xea, 0x00, 0x0b, 0x00, 0x6b, 0x00, 0x6b, 0x00, 0x86, 0x00, 0xe8, 0x00, 0xeb, 0x00, 0x08, 0x00,
    0xe7, 0x00, 0xc4, 0x00, 0xc5, 0x00, 0x26, 0x00, 0xa7, 0x00, 0xe8, 0x00, 0x05, 0x00, 0x00, 0x00,
    0x00, 0x00, 0x00, 0x00, 0x61, 0x00, 0x25, 0x00, 0x89, 0x00, 0x43, 0x00, 0x66, 0x00, 0x02, 0x00,
    0x00, 0x00, 0x00, 0x00, 0x00, 0x00, 0x00, 0x00, 0x00, 0x00, 0x00, 0x00, 0x00, 0x00, 0x00, 0x00,
    0x00, 0x00, 0x00, 0x00, 0x00, 0x00, 0x00, 0x00, 0x00, 0x00, 0x81, 0x00, 0x46, 0x00, 0xc5, 0x00,
    0x08, 0x00, 0x87, 0x00, 0x29, 0x00, 0x46, 0x00, 0xc5, 0x00, 0x87, 0x00, 0x87, 0x00, 0xc7, 0x00,
    0x69, 0x00, 0x2b, 0x00, 0x4b, 0x00, 0x4b, 0x00, 0x2a, 0x00, 0xc7, 0x00, 0xe5, 0x00, 0xc7, 0x00,
    0x84, 0x00, 0x46, 0x00, 0x89, 0x00, 0x69, 0x00, 0x28, 0x00, 0xc7, 0x00, 0x86, 0x00, 0x63, 0x00,
    0x46, 0x00, 0xca, 0x00, 0x89, 0x00, 0xac, 0x00, 0x0d, 0x00, 0x48, 0x00, 0x08, 0x00, 0xca, 0x00,
    0x86, 0x00, 0xa1, 0x00, 0x05, 0x00, 0x05, 0x00, 0x66, 0x00, 0x86, 0x00, 0x81, 0x00, 0x00, 0x00,
    0x00, 0x00, 0x23, 0x00, 0x02, 0x00, 0xa1, 0x00, 0x46, 0x00, 0x08, 0x00, 0x87, 0x00, 0x66, 0x00,
    0x00, 0x00, 0x00, 0x00, 0x00, 0x00, 0x00, 0x00, 0x00, 0x00, 0x00, 0x00, 0x00, 0x00, 0x00, 0x00,
    0x00, 0x00, 0x00, 0x00, 0x00, 0x00, 0x00, 0x00, 0x00, 0x00, 0xa4, 0x00, 0x46, 0x00, 0x26, 0x00,
    0xe8, 0x00, 0x66, 0x00, 0xe8, 0x00, 0x26, 0x00, 0x05, 0x00, 0x67, 0x00, 0x26, 0x00, 0xe8, 0x00,
    0x69, 0x00, 0xca, 0x00, 0x0a, 0x00, 0xca, 0x00, 0x69, 0x00, 0x25, 0x00, 0xa4, 0x00, 0xa7, 0x00,
    0xa4, 0x00, 0x46, 0x00, 0x49, 0x00, 0xe8, 0x00, 0xc7, 0x00, 0x86, 0x00, 0xc4, 0x00, 0xe2, 0x00,
    0x02, 0x00, 0xe7, 0x00, 0x89, 0x00, 0xc7, 0x00, 0xc9, 0x00, 0x6b, 0x00, 0x28, 0x00, 0x48, 0x00,
    0xc2, 0x00, 0x00, 0x00, 0xa1, 0x00, 0xc4, 0x00, 0x46, 0x00, 0xc2, 0x00, 0x00, 0x00, 0x00, 0x00,
    0x00, 0x00, 0xc2, 0x00, 0x66, 0x00, 0x86, 0x00, 0xa4, 0x00, 0xe8, 0x00, 0xa7, 0x00, 0xe8, 0x00,
    0x20, 0x00, 0x00, 0x00, 0x00, 0x00, 0x00, 0x00, 0x00, 0x00, 0x00, 0x00, 0x00, 0x00, 0x00, 0x00,
    0x00, 0x00, 0x00, 0x00, 0x00, 0x00, 0x00, 0x00, 0x00, 0x00, 0x67, 0x00, 0x05, 0x00, 0x66, 0x00,
    0x26, 0x00, 0xc8, 0x00, 0xc7, 0x00, 0xe5, 0x00, 0xe5, 0x00, 0x67, 0x00, 0x46, 0x00, 0xa7, 0x00,
    0x49, 0x00, 0x89, 0x00, 0x89, 0x00, 0xe7, 0x00, 0xc7, 0x00, 0x05, 0x00, 0xc7, 0x00, 0x86, 0x00,
    0x25, 0x00, 0x25, 0x00, 0xe8, 0x00, 0x08, 0x00, 0x86, 0x00, 0xa4, 0x00, 0x63, 0x00, 0x05, 0x00,
    0x05, 0x00, 0x84, 0x00, 0x69, 0x00, 0x66, 0x00, 0x69, 0x00, 0x28, 0x00, 0xca, 0x00, 0x63, 0x00,
    0x00, 0x00, 0x00, 0x00, 0x00, 0x00, 0x40, 0x00, 0x64, 0x00, 0x20, 0x00, 0x00, 0x00, 0x00, 0x00,
    0x00, 0x00, 0x00, 0x00, 0x00, 0x00, 0x43, 0x00, 0x46, 0x00, 0x87, 0x00, 0x49, 0x00, 0xe8, 0x00,
    0x81, 0x00, 0x00, 0x00, 0x00, 0x00, 0x00, 0x00, 0x00, 0x00, 0x00, 0x00, 0x00, 0x00, 0x00, 0x00,
    0x00, 0x00, 0x00, 0x00, 0x00, 0x00, 0x00, 0x00, 0x61, 0x00, 0x67, 0x00, 0xc5, 0x00, 0x84, 0x00,
    0xe5, 0x00, 0x28, 0x00, 0x46, 0x00, 0xc4, 0x00, 0xc5, 0x00, 0x87, 0x00, 0x26, 0x00, 0x26, 0x00,
    0x08, 0x00, 0x69, 0x00, 0xe7, 0x00, 0xa7, 0x00, 0xe5, 0x00, 0x63, 0x00, 0x28, 0x00, 0x28, 0x00,
    0xc7, 0x00, 0x66, 0x00, 0xa7, 0x00, 0x05, 0x00, 0x84, 0x00, 0x45, 0x00, 0x48, 0x00, 0x48, 0x00,
    0x48, 0x00, 0xa4, 0x00, 0x46, 0x00, 0x63, 0x00, 0xa7, 0x00, 0x26, 0x00, 0xa7, 0x00, 0x05, 0x00,
    0x00, 0x00, 0x00, 0x00, 0x00, 0x00, 0x00, 0x00, 0x00, 0x00, 0x00, 0x00, 0x00, 0x00, 0x00, 0x00,
    0x00, 0x00, 0x00, 0x00, 0x00, 0x00, 0x00, 0x00, 0x02, 0x00, 0x66, 0x00, 0x08, 0x00, 0xe8, 0x00,
    0x81, 0x00, 0x00, 0x00, 0x00, 0x00, 0x00, 0x00, 0x00, 0x00, 0x00, 0x00, 0x00, 0x00, 0x00, 0x00,
    0x00, 0x00, 0x00, 0x00, 0x00, 0x00, 0x00, 0x00, 0xa1, 0x00, 0x26, 0x00, 0x84, 0x00, 0x23, 0x00,
    0x05, 0x00, 0x29, 0x00, 0x26, 0x00, 0x46, 0x00, 0x84, 0x00, 0x26, 0x00, 0x26, 0x00, 0xe5, 0x00,
    0x49, 0x00, 0xa7, 0x00, 0x66, 0x00, 0x05, 0x00, 0xe2, 0x00, 0x02, 0x00, 0x63, 0x00, 0x86, 0x00,
    0x28, 0x00, 0xa7, 0x00, 0x25, 0x00, 0x66, 0x00, 0x28, 0x00, 0x89, 0x00, 0x49, 0x00, 0x69, 0x00,
    0xca, 0x00, 0xe7, 0x00, 0x05, 0x00, 0x66, 0x00, 0x05, 0x00, 0x26, 0x00, 0x81, 0x00, 0x43, 0x00,
    0x00, 0x00, 0x00, 0x00, 0x00, 0x00, 0x00, 0x00, 0x00, 0x00, 0x00, 0x00, 0x00, 0x00, 0x00, 0x00,
    0x00, 0x00, 0x00, 0x00, 0x00, 0x00, 0x00, 0x00, 0x00, 0x00, 0xc5, 0x00, 0xe8, 0x00, 0xc7, 0x00,
    0x23, 0x00, 0x40, 0x00, 0x00, 0x00, 0x00, 0x00, 0x00, 0x00, 0x00, 0x00, 0x00, 0x00, 0x00, 0x00,
    0x00, 0x00, 0x00, 0x00, 0x00, 0x00, 0x00, 0x00, 0xa1, 0x00, 0xa4, 0x00, 0x02, 0x00, 0x84, 0x00,
    0xe5, 0x00, 0x28, 0x00, 0x05, 0x00, 0x66, 0x00, 0xe5, 0x00, 0x02, 0x00, 0xa4, 0x00, 0x05, 0x00,
    0xe8, 0x00, 0x86, 0x00, 0x46, 0x00, 0xe2, 0x00, 0x20, 0x00, 0x03, 0x00, 0x23, 0x00, 0x02, 0x00,
    0x84, 0x00, 0x66, 0x00, 0xe7, 0x00, 0x49, 0x00, 0x48, 0x00, 0x48, 0x00, 0x28, 0x00, 0x48, 0x00,
    0x69, 0x00, 0x48, 0x00, 0xa6, 0x00, 0xe4, 0x00, 0x61, 0x00, 0x81, 0x00, 0x00, 0x00, 0x00, 0x00,
    0x00, 0x00, 0x00, 0x00, 0x00, 0x00, 0x00, 0x00, 0x00, 0x00, 0x00, 0x00, 0x00, 0x00, 0x00, 0x00,
    0x00, 0x00, 0x00, 0x00, 0x00, 0x00, 0x00, 0x00, 0x00, 0x00, 0x03, 0x00, 0xc7, 0x00, 0x66, 0x00,
    0xa4, 0x00, 0x40, 0x00, 0x00, 0x00, 0x00, 0x00, 0x00, 0x00, 0x00, 0x00, 0x00, 0x00, 0x00, 0x00,
    0x00, 0x00, 0x00, 0x00, 0x00, 0x00, 0x00, 0x00, 0x61, 0x00, 0xa2, 0x00, 0x03, 0x00, 0xc5, 0x00,
    0x64, 0x00, 0x87, 0x00, 0xe5, 0x00, 0x26, 0x00, 0x86, 0x00, 0x81, 0x00, 0x20, 0x00, 0x46, 0x00,
    0xc7, 0x00, 0x08, 0x00, 0x08, 0x00, 0xc2, 0x00, 0x00, 0x00, 0xa2, 0x00, 0x63, 0x00, 0x43, 0x00,
    0x43, 0x00, 0x02, 0x00, 0x63, 0x00, 0xe5, 0x00, 0x66, 0x00, 0x86, 0x00, 0x86, 0x00, 0x66, 0x00,
    0xe4, 0x00, 0x02, 0x00, 0x40, 0x00, 0x00, 0x00, 0x00, 0x00, 0x00, 0x00, 0x00, 0x00, 0x00, 0x00,
    0x00, 0x00, 0x00, 0x00, 0x00, 0x00, 0x00, 0x00, 0x00, 0x00, 0x00, 0x00, 0x00, 0x00, 0x00, 0x00,
    0x00, 0x00, 0x00, 0x00, 0x00, 0x00, 0x00, 0x00, 0x00, 0x00, 0xe2, 0x00, 0xa7, 0x00, 0x46, 0x00,
    0xe5, 0x00, 0x00, 0x00, 0x00, 0x00, 0x00, 0x00, 0x00, 0x00, 0x00, 0x00, 0x00, 0x00, 0x00, 0x00,
    0x00, 0x00, 0x00, 0x00, 0x00, 0x00, 0x00, 0x00, 0x00, 0x00, 0x00, 0x00, 0x23, 0x00, 0xa4, 0x00,
    0xa4, 0x00, 0xc4, 0x00, 0xa4, 0x00, 0xc7, 0x00, 0xe7, 0x00, 0x84, 0x00, 0x40, 0x00, 0x87, 0x00,
    0xa7, 0x00, 0x08, 0x00, 0xaa, 0x00, 0x89, 0x00, 0x45, 0x00, 0xc4, 0x00, 0x46, 0x00, 0x28, 0x00,
    0x66, 0x00, 0x86, 0x00, 0x23, 0x00, 0x00, 0x00, 0x00, 0x00, 0x60, 0x00, 0x20, 0x00, 0x00, 0x00,
    0x00, 0x00, 0x00, 0x00, 0x20, 0x00, 0x00, 0x00, 0x00, 0x00, 0x00, 0x00, 0x00, 0x00, 0x00, 0x00,
    0x00, 0x00, 0x00, 0x00, 0x00, 0x00, 0x00, 0x00, 0x00, 0x00, 0x00, 0x00, 0x00, 0x00, 0x00, 0x00,
    0x00, 0x00, 0x00, 0x00, 0x00, 0x00, 0x40, 0x00, 0x61, 0x00, 0x03, 0x00, 0xa7, 0x00, 0xc7, 0x00,
    0x63, 0x00, 0x00, 0x00, 0x00, 0x00, 0x00, 0x00, 0x00, 0x00, 0x00, 0x00, 0x00, 0x00, 0x00, 0x00,
    0x00, 0x00, 0x00, 0x00, 0x00, 0x00, 0x00, 0x00, 0x00, 0x00, 0x00, 0x00, 0x03, 0x00, 0xa4, 0x00,
    0x06, 0x00, 0x64, 0x00, 0x84, 0x00, 0x08, 0x00, 0x8a, 0x00, 0xc7, 0x00, 0x23, 0x00, 0x84, 0x00,
    0x46, 0x00, 0x66, 0x00, 0x28, 0x00, 0xca, 0x00, 0x6c, 0x00, 0x2b, 0x00, 0xe7, 0x00, 0x46, 0x00,
    0x08, 0x00, 0xa7, 0x00, 0x08, 0x00, 0x81, 0x00, 0x61, 0x00, 0x84, 0x00, 0x81, 0x00, 0x43, 0x00,
    0x25, 0x00, 0xa6, 0x00, 0xc7, 0x00, 0xc7, 0x00, 0x46, 0x00, 0x43, 0x00, 0x20, 0x00, 0x00, 0x00,
    0x00, 0x00, 0x00, 0x00, 0x00, 0x00, 0x00, 0x00, 0x00, 0x00, 0x00, 0x00, 0x00, 0x00, 0x00, 0x00,
    0x00, 0x00, 0x00, 0x00, 0x00, 0x00, 0x61, 0x00, 0x05, 0x00, 0xc5, 0x00, 0xa7, 0x00, 0x66, 0x00,
    0x81, 0x00, 0x00, 0x00, 0x00, 0x00, 0x00, 0x00, 0x00, 0x00, 0x00, 0x00, 0x00, 0x00, 0x00, 0x00,
    0x00, 0x00, 0x00, 0x00, 0x00, 0x00, 0x00, 0x00, 0x00, 0x00, 0x00, 0x00, 0xe2, 0x00, 0x84, 0x00,
    0xc5, 0x00, 0xc5, 0x00, 0x26, 0x00, 0x08, 0x00, 0xca, 0x00, 0xaa, 0x00, 0x08, 0x00, 0x02, 0x00,
    0x41, 0x00, 0x23, 0x00, 0xc5, 0x00, 0x46, 0x00, 0xe8, 0x00, 0xe8, 0x00, 0x08, 0x00, 0x48, 0x00,
    0x05, 0x00, 0x69, 0x00, 0xa7, 0x00, 0x84, 0x00, 0xa4, 0x00, 0x25, 0x00, 0x49, 0x00, 0xca, 0x00,
    0xca, 0x00, 0x69, 0x00, 0x07, 0x00, 0xe5, 0x00, 0x63, 0x00, 0x02, 0x00, 0x00, 0x00, 0x00, 0x00,
    0x00, 0x00, 0x00, 0x00, 0x00, 0x00, 0x00, 0x00, 0x00, 0x00, 0x00, 0x00, 0x00, 0x00, 0x00, 0x00,
    0x00, 0x00, 0x00, 0x00, 0x00, 0x00, 0x81, 0x00, 0x46, 0x00, 0xa7, 0x00, 0x87, 0x00, 0x84, 0x00,
    0x00, 0x00, 0x00, 0x00, 0x00, 0x00, 0x00, 0x00, 0x00, 0x00, 0x00, 0x00, 0x00, 0x00, 0x00, 0x00,
    0x00, 0x00, 0x00, 0x00, 0x00, 0x00, 0x00, 0x00, 0x00, 0x00, 0x00, 0x00, 0xa2, 0x00, 0x84, 0x00,
    0x23, 0x00, 0xe5, 0x00, 0xe5, 0x00, 0xe8, 0x00, 0x8a, 0x00, 0xaa, 0x00, 0xaa, 0x00, 0x28, 0x00,
    0x84, 0x00, 0x20, 0x00, 0x00, 0x00, 0x40, 0x00, 0xc2, 0x00, 0x43, 0x00, 0xa4, 0x00, 0x87, 0x00,
    0x66, 0x00, 0x43, 0x00, 0xe5, 0x00, 0x43, 0x00, 0x86, 0x00, 0x89, 0x00, 0xca, 0x00, 0x2b, 0x00,
    0x2b, 0x00, 0xca, 0x00, 0xca, 0x00, 0xa9, 0x00, 0x25, 0x00, 0x43, 0x00, 0x40, 0x00, 0x00, 0x00,
    0x00, 0x00, 0x00, 0x00, 0x00, 0x00, 0x00, 0x00, 0x00, 0x00, 0x00, 0x00, 0x00, 0x00, 0x00, 0x00,
    0x00, 0x00, 0x00, 0x00, 0x00, 0x00, 0x43, 0x00, 0xe8, 0x00, 0xc7, 0x00, 0x05, 0x00, 0x41, 0x00,
    0x00, 0x00, 0x00, 0x00, 0x00, 0x00, 0x00, 0x00, 0x00, 0x00, 0x00, 0x00, 0x00, 0x00, 0x00, 0x00,
    0x00, 0x00, 0x00, 0x00, 0x00, 0x00, 0x00, 0x00, 0x00, 0x00, 0x00, 0x00, 0x20, 0x00, 0x84, 0x00,
    0xe2, 0x00, 0xa4, 0x00, 0xa4, 0x00, 0x26, 0x00, 0x08, 0x00, 0x69, 0x00, 0x69, 0x00, 0x69, 0x00,
    0x89, 0x00, 0xc7, 0x00, 0xc4, 0x00, 0x02, 0x00, 0x61, 0x00, 0x61, 0x00, 0x23, 0x00, 0x23, 0x00,
    0x84, 0x00, 0xc5, 0x00, 0xa4, 0x00, 0x26, 0x00, 0xc7, 0x00, 0xa7, 0x00, 0x08, 0x00, 0x28, 0x00,
    0xa7, 0x00, 0xc7, 0x00, 0x49, 0x00, 0x0b, 0x00, 0x4b, 0x00, 0xc9, 0x00, 0x89, 0x00, 0x05, 0x00,
    0x61, 0x00, 0x00, 0x00, 0x00, 0x00, 0x00, 0x00, 0x00, 0x00, 0x00, 0x00, 0x00, 0x00, 0x00, 0x00,
    0x00, 0x00, 0x20, 0x00, 0xc2, 0x00, 0x08, 0x00, 0x08, 0x00, 0x46, 0x00, 0x64, 0x00, 0x02, 0x00,
    0x00, 0x00, 0x00, 0x00, 0x00, 0x00, 0x00, 0x00, 0x00, 0x00, 0x00, 0x00, 0x00, 0x00, 0x00, 0x00,
    0x00, 0x00, 0x00, 0x00, 0x00, 0x00, 0x00, 0x00, 0x00, 0x00, 0x00, 0x00, 0x00, 0x00, 0x02, 0x00,
    0xc2, 0x00, 0x03, 0x00, 0xe5, 0x00, 0xa4, 0x00, 0x26, 0x00, 0xa7, 0x00, 0x08, 0x00, 0x29, 0x00,
    0x69, 0x00, 0x69, 0x00, 0x89, 0x00, 0x49, 0x00, 0xe8, 0x00, 0xa7, 0x00, 0x46, 0x00, 0x06, 0x00,
    0xe5, 0x00, 0x66, 0x00, 0x87, 0x00, 0x66, 0x00, 0x05, 0x00, 0x05, 0x00, 0x46, 0x00, 0x06, 0x00,
    0x26, 0x00, 0x46, 0x00, 0x66, 0x00, 0xa7, 0x00, 0x28, 0x00, 0x89, 0x00, 0x48, 0x00, 0x0a, 0x00,
    0x48, 0x00, 0xc4, 0x00, 0x61, 0x00, 0x00, 0x00, 0x00, 0x00, 0x00, 0x00, 0x00, 0x00, 0x00, 0x00,
    0x20, 0x00, 0x46, 0x00, 0x48, 0x00, 0x69, 0x00, 0xa7, 0x00, 0x46, 0x00, 0x05, 0x00, 0x81, 0x00,
    0x00, 0x00, 0x00, 0x00, 0x00, 0x00, 0x00, 0x00, 0x00, 0x00, 0x00, 0x00, 0x00, 0x00, 0x00, 0x00,
    0x00, 0x00, 0x00, 0x00, 0x00, 0x00, 0x00, 0x00, 0x00, 0x00, 0x00, 0x00, 0x00, 0x00, 0x20, 0x00,
    0x61, 0x00, 0x40, 0x00, 0xc5, 0x00, 0xc5, 0x00, 0x05, 0x00, 0x67, 0x00, 0x87, 0x00, 0x87, 0x00,
    0xc8, 0x00, 0x29, 0x00, 0x49, 0x00, 0x29, 0x00, 0xc8, 0x00, 0x26, 0x00, 0x46, 0x00, 0xa7, 0x00,
    0x66, 0x00, 0x46, 0x00, 0x46, 0x00, 0x05, 0x00, 0x06, 0x00, 0x26, 0x00, 0x05, 0x00, 0xc5, 0x00,
    0x64, 0x00, 0x84, 0x00, 0xa4, 0x00, 0x05, 0x00, 0xe5, 0x00, 0xa7, 0x00, 0x08, 0x00, 0x28, 0x00,
    0xea, 0x00, 0xa9, 0x00, 0x08, 0x00, 0x25, 0x00, 0x23, 0x00, 0x61, 0x00, 0x61, 0x00, 0x63, 0x00,
    0x08, 0x00, 0xca, 0x00, 0x28, 0x00, 0xa7, 0x00, 0x86, 0x00, 0x46, 0x00, 0xc2, 0x00, 0x00, 0x00,
    0x00, 0x00, 0x00, 0x00, 0x00, 0x00, 0x00, 0x00, 0x00, 0x00, 0x00, 0x00, 0x00, 0x00, 0x00, 0x00,
    0x00, 0x00, 0x00, 0x00, 0x00, 0x00, 0x00, 0x00, 0x00, 0x00, 0x00, 0x00, 0x00, 0x00, 0x00, 0x00,
    0x00, 0x00, 0x00, 0x00, 0xa2, 0x00, 0xe5, 0x00, 0xc4, 0x00, 0xe5, 0x00, 0x46, 0x00, 0x06, 0x00,
    0x05, 0x00, 0x26, 0x00, 0x46, 0x00, 0x46, 0x00, 0x84, 0x00, 0x84, 0x00, 0x26, 0x00, 0x05, 0x00,
    0x26, 0x00, 0x46, 0x00, 0x46, 0x00, 0x06, 0x00, 0xc5, 0x00, 0x43, 0x00, 0x81, 0x00, 0x20, 0x00,
    0x00, 0x00, 0x00, 0x00, 0x20, 0x00, 0xa2, 0x00, 0x84, 0x00, 0xc4, 0x00, 0x87, 0x00, 0xc7, 0x00,
    0x69, 0x00, 0x89, 0x00, 0x69, 0x00, 0xea, 0x00, 0x2b, 0x00, 0xea, 0x00, 0x0a, 0x00, 0x2b, 0x00,
    0xa9, 0x00, 0xe8, 0x00, 0xc7, 0x00, 0x66, 0x00, 0xe5, 0x00, 0xa1, 0x00, 0x00, 0x00, 0x00, 0x00,
    0x00, 0x00, 0x00, 0x00, 0x00, 0x00, 0x00, 0x00, 0x00, 0x00, 0x00, 0x00, 0x00, 0x00, 0x00, 0x00,
    0x00, 0x00, 0x00, 0x00, 0x00, 0x00, 0x00, 0x00, 0x00, 0x00, 0x00, 0x00, 0x00, 0x00, 0x00, 0x00,
    0x00, 0x00, 0x00, 0x00, 0x00, 0x00, 0xc2, 0x00, 0xc5, 0x00, 0xa4, 0x00, 0xa4, 0x00, 0x06, 0x00,
    0xe5, 0x00, 0xc5, 0x00, 0xa4, 0x00, 0x64, 0x00, 0xc5, 0x00, 0xe5, 0x00, 0xe5, 0x00, 0x06, 0x00,
    0x46, 0x00, 0x26, 0x00, 0xe5, 0x00, 0x84, 0x00, 0xe2, 0x00, 0x00, 0x00, 0x00, 0x00, 0x00, 0x00,
    0x00, 0x00, 0x00, 0x00, 0x00, 0x00, 0x00, 0x00, 0x20, 0x00, 0x43, 0x00, 0xc5, 0x00, 0xe5, 0x00,
    0x46, 0x00, 0xc7, 0x00, 0xe8, 0x00, 0xe8, 0x00, 0x28, 0x00, 0x49, 0x00, 0x49, 0x00, 0x28, 0x00,
    0xe8, 0x00, 0xc7, 0x00, 0x26, 0x00, 0x43, 0x00, 0x40, 0x00, 0x00, 0x00, 0x00, 0x00, 0x00, 0x00,
    0x00, 0x00, 0x00, 0x00, 0x00, 0x00, 0x00, 0x00, 0x00, 0x00, 0x00, 0x00, 0x00, 0x00, 0x00, 0x00,
    0x00, 0x00, 0x00, 0x00, 0x00, 0x00, 0x00, 0x00, 0x00, 0x00, 0x00, 0x00, 0x00, 0x00, 0x00, 0x00,
    0x00, 0x00, 0x00, 0x00, 0x00, 0x00, 0x00, 0x00, 0x81, 0x00, 0x64, 0x00, 0x84, 0x00, 0x23, 0x00,
    0xc5, 0x00, 0x06, 0x00, 0xe5, 0x00, 0xc5, 0x00, 0x05, 0x00, 0x05, 0x00, 0x05, 0x00, 0x05, 0x00,
    0xc5, 0x00, 0xa4, 0x00, 0x64, 0x00, 0x03, 0x00, 0x61, 0x00, 0x00, 0x00, 0x00, 0x00, 0x00, 0x00,
    0x00, 0x00, 0x00, 0x00, 0x00, 0x00, 0x00, 0x00, 0x00, 0x00, 0x20, 0x00, 0x43, 0x00, 0xa4, 0x00,
    0xc2, 0x00, 0xa4, 0x00, 0x46, 0x00, 0x66, 0x00, 0x87, 0x00, 0x87, 0x00, 0x66, 0x00, 0x46, 0x00,
    0xe5, 0x00, 0x03, 0x00, 0x61, 0x00, 0x00, 0x00, 0x00, 0x00, 0x00, 0x00, 0x00, 0x00, 0x00, 0x00,
    0x00, 0x00, 0x00, 0x00, 0x00, 0x00, 0x00, 0x00, 0x00, 0x00, 0x00, 0x00, 0x00, 0x00, 0x00, 0x00,
    0x00, 0x00, 0x00, 0x00, 0x00, 0x00, 0x00, 0x00, 0x00, 0x00, 0x00, 0x00, 0x00, 0x00, 0x00, 0x00,
    0x00, 0x00, 0x00, 0x00, 0x00, 0x00, 0x00, 0x00, 0x00, 0x00, 0x00, 0x00, 0xe2, 0x00, 0x40, 0x00,
    0x40, 0x00, 0x23, 0x00, 0xc5, 0x00, 0xe5, 0x00, 0x05, 0x00, 0x05, 0x00, 0xa5, 0x00, 0x23, 0x00,
    0xe2, 0x00, 0xa2, 0x00, 0x40, 0x00, 0x00, 0x00, 0x00, 0x00, 0x00, 0x00, 0x00, 0x00, 0x00, 0x00,
    0x00, 0x00, 0x00, 0x00, 0x00, 0x00, 0x00, 0x00, 0x00, 0x00, 0x00, 0x00, 0x00, 0x00, 0xc2, 0x00,
    0xc2, 0x00, 0x20, 0x00, 0xa2, 0x00, 0x23, 0x00, 0x84, 0x00, 0xe5, 0x00, 0xc5, 0x00, 0x43, 0x00,
    0x61, 0x00, 0x00, 0x00, 0x00, 0x00, 0x00, 0x00, 0x00, 0x00, 0x00, 0x00, 0x00, 0x00, 0x00, 0x00,
    0x00, 0x00, 0x00, 0x00, 0x00, 0x00, 0x00, 0x00, 0x00, 0x00, 0x00, 0x00, 0x00, 0x00, 0x00, 0x00,
    0x00, 0x00, 0x00, 0x00, 0x00, 0x00, 0x00, 0x00, 0x00, 0x00, 0x00, 0x00, 0x00, 0x00, 0x00, 0x00,
    0x00, 0x00, 0x00, 0x00, 0x00, 0x00, 0x00, 0x00, 0x00, 0x00, 0x00, 0x00, 0x00, 0x00, 0x00, 0x00,
    0x00, 0x00, 0x00, 0x00, 0x41, 0x00, 0xc2, 0x00, 0x23, 0x00, 0x43, 0x00, 0x43, 0x00, 0x81, 0x00,
    0x00, 0x00, 0x00, 0x00, 0x00, 0x00, 0x00, 0x00, 0x00, 0x00, 0x00, 0x00, 0x00, 0x00, 0x00, 0x00,
    0x00, 0x00, 0x00, 0x00, 0x00, 0x00, 0x00, 0x00, 0x00, 0x00, 0x00, 0x00, 0x00, 0x00, 0x00, 0x00,
    0x00, 0x00, 0x00, 0x00, 0x00, 0x00, 0x00, 0x00, 0x00, 0x00, 0x00, 0x00, 0x00, 0x00, 0x00, 0x00,
    0x00, 0x00, 0x00, 0x00, 0x00, 0x00, 0x00, 0x00, 0x00, 0x00, 0x00, 0x00, 0x00, 0x00, 0x00, 0x00,
    0x00, 0x00, 0x00, 0x00, 0x00, 0x00, 0x00, 0x00, 0x00, 0x00, 0x00, 0x00, 0x00, 0x00, 0x00, 0x00,
    0x00, 0x00, 0x00, 0x00, 0x00, 0x00, 0x00, 0x00, 0x00, 0x00, 0x00, 0x00, 0x00, 0x00, 0x00, 0x00,
    0x00, 0x00, 0x00, 0x00, 0x00, 0x00, 0x00, 0x00, 0x00, 0x00, 0x00, 0x00, 0x00, 0x00, 0x00, 0x00,
    0x00, 0x00, 0x00, 0x00, 0x00, 0x00, 0x00, 0x00, 0x00, 0x00, 0x00, 0x00, 0x00, 0x00, 0x00, 0x00,
    0x00, 0x00, 0x00, 0x00, 0x00, 0x00, 0x00, 0x00, 0x00, 0x00, 0x00, 0x00, 0x00, 0x00, 0x00, 0x00,
    0x00, 0x00, 0x00, 0x00, 0x00, 0x00, 0x00, 0x00, 0x00, 0x00, 0x00, 0x00, 0x00, 0x00, 0x00, 0x00,
    0x00, 0x00, 0x00, 0x00, 0x00, 0x00, 0x00, 0x00, 0x00, 0x00, 0x00, 0x00, 0x00, 0x00, 0x00, 0x00,
    0x00, 0x00, 0x00, 0x00, 0x00, 0x00, 0x00, 0x00, 0x00, 0x00, 0x00, 0x00, 0x00, 0x00, 0x00, 0x00,
    0x00, 0x00, 0x00, 0x00, 0x00, 0x00, 0x00, 0x00, 0x00, 0x00, 0x00, 0x00, 0x00, 0x00, 0x00, 0x00,
    0x00, 0x00, 0x00, 0x00, 0x00, 0x00, 0x00, 0x00, 0x00, 0x00, 0x00, 0x00, 0x00, 0x00, 0x00, 0x00,
    0x00, 0x00, 0x00, 0x00, 0x00, 0x00, 0x00, 0x00, 0x00, 0x00, 0x00, 0x00, 0x00, 0x00, 0x00, 0x00,
    0x00, 0x00, 0x00, 0x00, 0x00, 0x00, 0x00, 0x00, 0x00, 0x00, 0x00, 0x00, 0x00, 0x00, 0x00, 0x00,
    0x00, 0x00, 0x00, 0x00, 0x00, 0x00, 0x00, 0x00, 0x00, 0x00, 0x00, 0x00, 0x00, 0x00, 0x00, 0x00,
    0x00, 0x00, 0x00, 0x00, 0x00, 0x00, 0x00, 0x00, 0x00, 0x00, 0x00, 0x00, 0x00, 0x00, 0x00, 0x00,
    0x00, 0x00, 0x00, 0x00, 0x00, 0x00, 0x00, 0x00, 0x00, 0x00, 0x00, 0x00, 0x00, 0x00, 0x00, 0x00,
    0x00, 0x00, 0x00, 0x00, 0x00, 0x00, 0x00, 0x00, 0x00, 0x00, 0x00, 0x00, 0x00, 0x00, 0x00, 0x00,
    0x00, 0x00, 0x00, 0x00, 0x00, 0x00, 0x00, 0x00, 0x00, 0x00, 0x00, 0x00, 0x00, 0x00, 0x00, 0x00,
    0x00, 0x00, 0x00, 0x00, 0x00, 0x00, 0x00, 0x00, 0x00, 0x00, 0x00, 0x00, 0x00, 0x00, 0x00, 0x00,
    0x00, 0x00, 0x00, 0x00, 0x00, 0x00, 0x00, 0x00, 0x00, 0x00, 0x00, 0x00, 0x00, 0x00, 0x00, 0x00,
    0x00, 0x00, 0x00, 0x00, 0x00, 0x00, 0x00, 0x00, 0x00, 0x00, 0x00, 0x00, 0x00, 0x00, 0x00, 0x00,
    0x00, 0x00, 0x00, 0x00, 0x00, 0x00, 0x00, 0x00, 0x00, 0x00, 0x00, 0x00, 0x00, 0x00, 0x00, 0x00,
    0x00, 0x00, 0x00, 0x00, 0x00, 0x00, 0x00, 0x00, 0x00, 0x00, 0x00, 0x00, 0x00, 0x00, 0x00, 0x00,
    0x00, 0x00, 0x00, 0x00, 0x00, 0x00, 0x30, 0x0c, 0x00, 0x00, 0x00, 0x00, 0x00, 0x00, 0x00, 0x00,
    0x00, 0x00, 0x00, 0x00, 0x00, 0x00, 0x00, 0x00, 0x00, 0x00, 0x00, 0x00, 0x00, 0x00, 0x00, 0x00,
    0x00, 0x00, 0x00, 0x00, 0x00, 0x00, 0x00, 0x00, 0x00, 0x00, 0x00, 0x00, 0x00, 0x00, 0x00, 0x00,
    0x00, 0x00, 0x00, 0x00, 0x00, 0x00, 0x00, 0x00, 0x00, 0x00, 0x00, 0x00, 0x00, 0x00, 0x00, 0x00,
    0x00, 0x00, 0x00, 0x00, 0x00, 0x10, 0xff, 0x04, 0x00, 0x00, 0x00, 0x00, 0x00, 0x00, 0x00, 0x00,
    0x00, 0x00, 0x00, 0x71, 0x11, 0x00, 0x00, 0x00, 0x00, 0x00, 0x00, 0x00, 0x00, 0x00, 0x00, 0x00,
    0x00, 0x00, 0x00, 0x00, 0x00, 0x00, 0x00, 0x00, 0x00, 0x00, 0x00, 0x00, 0x00, 0x00, 0x00, 0x00,
    0x00, 0x00, 0x00, 0x00, 0x00, 0x00, 0x00, 0x00, 0x00, 0x00, 0x00, 0x00, 0x00, 0x00, 0x00, 0x00,
    0x00, 0x00, 0x00, 0x00, 0x00, 0x6f, 0xfd, 0x03, 0x00, 0x00, 0x00, 0x00, 0x00, 0x00, 0x00, 0x00,
    0x00, 0x00, 0x46, 0xff, 0x05, 0x00, 0x00, 0x00, 0x00, 0x00, 0x00, 0x00, 0x00, 0x00, 0x00, 0x00,
    0x00, 0x00, 0x00, 0x00, 0x00, 0x00, 0x00, 0x00, 0x00, 0x00, 0x00, 0x00, 0x00, 0x00, 0x00, 0x00,
    0x00, 0x00, 0x00, 0x00, 0x00, 0x00, 0x00, 0x00, 0x00, 0x00, 0x00, 0x00, 0x00, 0x00, 0x00, 0x00,
    0x00, 0x00, 0x00, 0x00, 0x00, 0x91, 0xfd, 0x18, 0x00, 0x05, 0x4d, 0x00, 0x00, 0x01, 0x00, 0x00,
    0x00, 0x00, 0xc5, 0xf9, 0x05, 0x00, 0x00, 0x01, 0x00, 0x00, 0x00, 0x00, 0x00, 0x00, 0x00, 0x00,
    0x00, 0x00, 0x00, 0x00, 0x00, 0x00, 0x00, 0x00, 0x00, 0x00, 0x00, 0x00, 0x00, 0x00, 0x00, 0x00,
    0x00, 0x00, 0x00, 0x00, 0x00, 0x00, 0x00, 0x00, 0x00, 0x00, 0x00, 0x00, 0x00, 0x00, 0x00, 0x00,
    0x00, 0x00, 0x00, 0x00, 0x00, 0x5e, 0xfd, 0x88, 0x00, 0x86, 0x89, 0x00, 0x25, 0x38, 0x00, 0x00,
    0x00, 0x01, 0xc7, 0xfd, 0x20, 0x00, 0x2a, 0x1e, 0x00, 0x00, 0x00, 0x00, 0x00, 0x00, 0x00, 0x00,
    0x00, 0x00, 0x00, 0x00, 0x00, 0x00, 0x00, 0x00, 0x00, 0x00, 0x00, 0x00, 0x00, 0x00, 0x00, 0x00,
    0x00, 0x00, 0x00, 0x00, 0x00, 0x00, 0x00, 0x00, 0x00, 0x00, 0x00, 0x00, 0x00, 0x00, 0x00, 0x00,
    0x00, 0x00, 0x00, 0x00, 0x00, 0x0f, 0xff, 0xff, 0x2d, 0xc5, 0xab, 0x00, 0x89, 0x5c, 0x00, 0x00,
    0x00, 0x00, 0x74, 0xff, 0x9a, 0x01, 0xcc, 0x09, 0x00, 0x00, 0x00, 0x00, 0x00, 0x00, 0x00, 0x00,
    0x00, 0x00, 0x00, 0x00, 0x00, 0x00, 0x00, 0x00, 0x00, 0x00, 0x00, 0x00, 0x00, 0x00, 0x00, 0x00,
    0x00, 0x00, 0x00, 0x00, 0x00, 0x00, 0x00, 0x00, 0x00, 0x00, 0x00, 0x00, 0x00, 0x00, 0x00, 0x00,
    0x00, 0x01, 0x2f, 0x09, 0x01, 0x00, 0x3f, 0xf5, 0xf7, 0xe9, 0xff, 0x09, 0x7c, 0xb7, 0x00, 0x03,
    0x91, 0x1c, 0x0b, 0xe2, 0xff, 0x80, 0xf7, 0x19, 0x00, 0x00, 0x00, 0x00, 0x00, 0x00, 0x00, 0x00,
    0x00, 0x00, 0x00, 0x00, 0x00, 0x00, 0x00, 0x00, 0x00, 0x00, 0x00, 0x00, 0x00, 0x00, 0x00, 0x00,
    0x00, 0x00, 0x00, 0x00, 0x00, 0x00, 0x00, 0x00, 0x00, 0x00, 0x00, 0x00, 0x00, 0x00, 0x00, 0x00,
    0x00, 0x00, 0xbc, 0xff, 0xca, 0xa6, 0x71, 0xed, 0xff, 0xf9, 0xf9, 0xad, 0x8b, 0xff, 0x1e, 0x00,
    0x78, 0xff, 0x97, 0xa8, 0xfd, 0xff, 0xfd, 0xb9, 0x01, 0x00, 0x00, 0x00, 0x00, 0x00, 0x00, 0x00,
    0x00, 0x00, 0x00, 0x00, 0x00, 0x00, 0x00, 0x00, 0x00, 0x00, 0x00, 0x00, 0x00, 0x00, 0x00, 0x00,
    0x00, 0x00, 0x00, 0x00, 0x00, 0x00, 0x00, 0x00, 0x00, 0x00, 0x00, 0x00, 0x00, 0x00, 0x00, 0x00,
    0x00, 0x00, 0x0b, 0xe4, 0xff, 0xff, 0xff, 0xd9, 0xd3, 0xff, 0xff, 0xff, 0xff, 0xfd, 0xff, 0xba,
    0x5e, 0xe4, 0xff, 0xff, 0xff, 0xfb, 0xf9, 0xff, 0x89, 0x00, 0x38, 0x00, 0x00, 0x00, 0x00, 0x00,
    0x00, 0x00, 0x00, 0x00, 0x00, 0x00, 0x00, 0x00, 0x00, 0x00, 0x00, 0x00, 0x00, 0x00, 0x00, 0x00,
    0x00, 0x00, 0x00, 0x00, 0x00, 0x00, 0x00, 0x00, 0x00, 0x00, 0x00, 0x00, 0x00, 0x00, 0x00, 0x00,
    0x00, 0x00, 0x00, 0x05, 0x38, 0x36, 0x0d, 0x01, 0x01, 0x17, 0x9d, 0xfd, 0xfb, 0xff, 0xfd, 0xff,
    0xff, 0xfd, 0xfb, 0xfd, 0xff, 0xff, 0xff, 0xf7, 0xff, 0x1d, 0xb0, 0x0d, 0x00, 0x00, 0x00, 0x00,
    0x00, 0x00, 0x00, 0x00, 0x00, 0x00, 0x00, 0x00, 0x00, 0x00, 0x00, 0x00, 0x00, 0x00, 0x00, 0x00,
    0x00, 0x00, 0x00, 0x00, 0x00, 0x00, 0x00, 0x00, 0x00, 0x00, 0x00, 0x00, 0x00, 0x00, 0x00, 0x00,
    0x00, 0x00, 0x00, 0x00, 0x00, 0x00, 0x00, 0x00, 0x00, 0x00, 0x00, 0x67, 0xff, 0xf9, 0xff, 0xfb,
    0xfb, 0xff, 0xff, 0xff, 0xff, 0xff, 0xff, 0xfb, 0xfb, 0xa3, 0xf7, 0x39, 0x00, 0x00, 0x00, 0x00,
    0x00, 0x00, 0x00, 0x00, 0x00, 0x00, 0x00, 0x00, 0x00, 0x00, 0x00, 0x00, 0x00, 0x00, 0x00, 0x00,
    0x00, 0x00, 0x00, 0x00, 0x00, 0x00, 0x00, 0x00, 0x00, 0x00, 0x00, 0x00, 0x00, 0x00, 0x00, 0x00,
    0x00, 0x00, 0x00, 0x00, 0x00, 0x21, 0x39, 0x04, 0x00, 0x00, 0x36, 0xe2, 0xfb, 0xfd, 0xff, 0xff,
    0xff, 0xff, 0xff, 0xff, 0xff, 0xff, 0xff, 0xff, 0xff, 0xff, 0xff, 0x5c, 0x00, 0x00, 0x00, 0x00,
    0x00, 0x00, 0x00, 0x00, 0x00, 0x00, 0x00, 0x00, 0x00, 0x00, 0x00, 0x00, 0x00, 0x00, 0x00, 0x00,
    0x00, 0x00, 0x00, 0x00, 0x00, 0x00, 0x00, 0x00, 0x00, 0x00, 0x00, 0x00, 0x00, 0x00, 0x00, 0x00,
    0x00, 0x00, 0x00, 0x00, 0x00, 0x0e, 0xff, 0xe6, 0x9d, 0x7e, 0xff, 0xff, 0xff, 0xff, 0xff, 0xff,
    0xff, 0xff, 0xff, 0xff, 0xff, 0xff, 0xff, 0xff, 0xff, 0xf5, 0xff, 0x73, 0x00, 0x00, 0x00, 0x00,
    0x00, 0x00, 0x00, 0x00, 0x00, 0x00, 0x00, 0x00, 0x00, 0x00, 0x00, 0x00, 0x00, 0x00, 0x00, 0x00,
    0x00, 0x00, 0x00, 0x00, 0x00, 0x00, 0x00, 0x00, 0x00, 0x00, 0x00, 0x00, 0x00, 0x00, 0x00, 0x00,
    0x00, 0x00, 0x00, 0x00, 0x00, 0x00, 0x52, 0xff, 0xff, 0xff, 0xfb, 0xfd, 0xff, 0xff, 0xff, 0xff,
    0xff, 0xff, 0xff, 0xff, 0xff, 0xff, 0xff, 0xff, 0xff, 0xfd, 0xfb, 0xe0, 0x18, 0x00, 0x00, 0x00,
    0x00, 0x00, 0x00, 0x00, 0x00, 0x00, 0x00, 0x00, 0x00, 0x00, 0x00, 0x00, 0x00, 0x00, 0x00, 0x00,
    0x00, 0x00, 0x00, 0x00, 0x00, 0x00, 0x00, 0x00, 0x00, 0x00, 0x00, 0x00, 0x00, 0x00, 0x00, 0x00,
    0x00, 0x00, 0x00, 0x00, 0x00, 0x00, 0x00, 0x3d, 0xe4, 0xf5, 0xfd, 0xff, 0xff, 0xff, 0xff, 0xff,
    0xff, 0xff, 0xff, 0xff, 0xff, 0xff, 0xff, 0xff, 0xff, 0xff, 0xf7, 0xff, 0x3c, 0x00, 0x00, 0x00,
    0x00, 0x00, 0x00, 0x00, 0x00, 0x00, 0x00, 0x00, 0x00, 0x00, 0x00, 0x00, 0x00, 0x00, 0x00, 0x00,
    0x00, 0x00, 0x00, 0x00, 0x00, 0x00, 0x00, 0x00, 0x00, 0x00, 0x00, 0x00, 0x00, 0x00, 0x00, 0x00,
    0x00, 0x00, 0x00, 0x00, 0x00, 0x00, 0x1a, 0x52, 0xda, 0xfd, 0xfd, 0xff, 0xff, 0xff, 0xff, 0xff,
    0xff, 0xff, 0xff, 0xff, 0xff, 0xff, 0xff, 0xff, 0xff, 0xff, 0xf7, 0xfd, 0x3c, 0x00, 0x00, 0x00,
    0x00, 0x00, 0x00, 0x00, 0x00, 0x00, 0x00, 0x00, 0x00, 0x00, 0x00, 0x00, 0x00, 0x00, 0x00, 0x00,
    0x00, 0x00, 0x00, 0x00, 0x00, 0x00, 0x00, 0x00, 0x00, 0x00, 0x00, 0x00, 0x00, 0x00, 0x00, 0x00,
    0x00, 0x00, 0x00, 0x00, 0x10, 0xd1, 0xff, 0xff, 0xff, 0xff, 0xff, 0xff, 0xff, 0xff, 0xff, 0xff,
    0xff, 0xff, 0xff, 0xff, 0xff, 0xff, 0xff, 0xff, 0xff, 0xff, 0xf9, 0xff, 0x22, 0x00, 0x00, 0x00,
    0x00, 0x00, 0x00, 0x00, 0x00, 0x00, 0x00, 0x00, 0x00, 0x00, 0x00, 0x00, 0x00, 0x00, 0x00, 0x00,
    0x00, 0x00, 0x00, 0x00, 0x00, 0x00, 0x00, 0x00, 0x00, 0x00, 0x00, 0x00, 0x00, 0x00, 0x00, 0x00,
    0x00, 0x00, 0x00, 0x00, 0x0d, 0x38, 0x42, 0xc5, 0xfd, 0xfd, 0xff, 0xff, 0xff, 0xff, 0xff, 0xff,
    0xff, 0xff, 0xff, 0xff, 0xff, 0xff, 0xff, 0xff, 0xff, 0xfd, 0xff, 0xe6, 0x03, 0x00, 0x00, 0x00,
    0x00, 0x00, 0x00, 0x00, 0x00, 0x00, 0x00, 0x00, 0x00, 0x00, 0x00, 0x00, 0x00, 0x00, 0x00, 0x00,
    0x00, 0x00, 0x00, 0x00, 0x00, 0x00, 0x00, 0x00, 0x00, 0x00, 0x00, 0x00, 0x00, 0x00, 0x00, 0x00,
    0x00, 0x00, 0x00, 0x00, 0x00, 0x00, 0x54, 0xf3, 0xfb, 0xff, 0xff, 0xff, 0xff, 0xff, 0xff, 0xff,
    0xff, 0xff, 0xff, 0xff, 0xff, 0xff, 0xff, 0xff, 0xff, 0xfd, 0xff, 0xe2, 0x02, 0x00, 0x00, 0x00,
    0x00, 0x00, 0x00, 0x00, 0x00, 0x00, 0x00, 0x00, 0x00, 0x00, 0x00, 0x00, 0x00, 0x00, 0x00, 0x00,
    0x00, 0x00, 0x00, 0x00, 0x00, 0x00, 0x00, 0x00, 0x00, 0x00, 0x00, 0x00, 0x00, 0x00, 0x00, 0x00,
    0x00, 0x00, 0x00, 0x00, 0x00, 0x1a, 0xff, 0xfd, 0xff, 0xff, 0xff, 0xff, 0xff, 0xff, 0xff, 0xff,
    0xff, 0xff, 0xff, 0xff, 0xff, 0xff, 0xff, 0xff, 0xff, 0xfd, 0xff, 0xff, 0x07, 0x00, 0x00, 0x00,
    0x00, 0x00, 0x00, 0x00, 0x00, 0x00, 0x00, 0x00, 0x00, 0x00, 0x00, 0x00, 0x00, 0x00, 0x00, 0x00,
    0x00, 0x00, 0x00, 0x00, 0x00, 0x00, 0x00, 0x00, 0x00, 0x00, 0x00, 0x00, 0x00, 0x00, 0x00, 0x00,
    0x00, 0x00, 0x00, 0x00, 0x00, 0x97, 0xf5, 0xf7, 0xff, 0xff, 0xff, 0xff, 0xff, 0xff, 0xff, 0xff,
    0xff, 0xff, 0xff, 0xff, 0xff, 0xff, 0xff, 0xff, 0xff, 0xfd, 0xff, 0xef, 0x04, 0x00, 0x00, 0x00,
    0x00, 0x00, 0x00, 0x00, 0x00, 0x00, 0x00, 0x00, 0x00, 0x00, 0x00, 0x00, 0x00, 0x00, 0x00, 0x00,
    0x00, 0x00, 0x00, 0x00, 0x00, 0x00, 0x00, 0x00, 0x00, 0x00, 0x00, 0x00, 0x00, 0x00, 0x00, 0x00,
    0x00, 0x00, 0x00, 0x00, 0x17, 0xff, 0xff, 0xff, 0xff, 0xff, 0xff, 0xff, 0xff, 0xff, 0xff, 0xff,
    0xff, 0xff, 0xff, 0xff, 0xff, 0xff, 0xff, 0xff, 0xff, 0xfd, 0xff, 0xe9, 0x02, 0x00, 0x00, 0x00,
    0x00, 0x00, 0x00, 0x00, 0x00, 0x00, 0x00, 0x00, 0x00, 0x00, 0x00, 0x00, 0x00, 0x00, 0x00, 0x00,
    0x00, 0x00, 0x00, 0x00, 0x00, 0x00, 0x00, 0x00, 0x00, 0x00, 0x00, 0x00, 0x00, 0x00, 0x00, 0x00,
    0x00, 0x00, 0x00, 0x00, 0x92, 0xc0, 0x5c, 0x74, 0xff, 0xfb, 0xff, 0xff, 0xff, 0xff, 0xff, 0xff,
    0xff, 0xff, 0xff, 0xff, 0xff, 0xff, 0xff, 0xff, 0xff, 0xff, 0xf9, 0xff, 0x3e, 0x00, 0x00, 0x00,
    0x00, 0x00, 0x00, 0x00, 0x00, 0x00, 0x00, 0x00, 0x00, 0x00, 0x00, 0x00, 0x00, 0x00, 0x00, 0x00,
    0x00, 0x00, 0x00, 0x00, 0x00, 0x00, 0x00, 0x00, 0x00, 0x00, 0x00, 0x00, 0x00, 0x00, 0x00, 0x00,
    0x00, 0x00, 0x00, 0x00, 0x01, 0x00, 0x00, 0x9b, 0xff, 0xf9, 0xff, 0xff, 0xff, 0xff, 0xff, 0xff,
    0xff, 0xff, 0xff, 0xff, 0xff, 0xff, 0xff, 0xff, 0xff, 0xff, 0xfb, 0xfd, 0xce, 0x00, 0x00, 0x00,
    0x00, 0x00, 0x00, 0x00, 0x00, 0x00, 0x00, 0x00, 0x00, 0x00, 0x00, 0x00, 0x00, 0x00, 0x00, 0x00,
    0x00, 0x00, 0x00, 0x00, 0x00, 0x00, 0x00, 0x00, 0x00, 0x00, 0x00, 0x00, 0x00, 0x00, 0x00, 0x00,
    0x00, 0x00, 0x00, 0x00, 0x00, 0x00, 0x02, 0xe8, 0xff, 0xff, 0xff, 0xff, 0xff, 0xff, 0xff, 0xff,
    0xff, 0xff, 0xff, 0xff, 0xff, 0xff, 0xff, 0xff, 0xff, 0xff, 0xf7, 0xff, 0x7b, 0x00, 0x00, 0x00,
    0x00, 0x00, 0x00, 0x00, 0x00, 0x00, 0x00, 0x00, 0x00, 0x00, 0x09, 0x15, 0x00, 0x00, 0x00, 0x00,
    0x00, 0x00, 0x00, 0x00, 0x00, 0x00, 0x00, 0x00, 0x00, 0x00, 0x00, 0x00, 0x00, 0x00, 0x00, 0x00,
    0x00, 0x00, 0x00, 0x00, 0x00, 0x00, 0x00, 0xd7, 0xf3, 0xd9, 0xff, 0xfd, 0xff, 0xff, 0xff, 0xff,
    0xff, 0xff, 0xff, 0xff, 0xff, 0xfb, 0xff, 0xff, 0xff, 0xf9, 0xf9, 0xf5, 0x06, 0x00, 0x00, 0x00,
    0x00, 0x00, 0x00, 0x00, 0x01, 0x00, 0x00, 0x00, 0x02, 0x32, 0xe9, 0x28, 0x00, 0x00, 0x00, 0x00,
    0x00, 0x00, 0x00, 0x00, 0x00, 0x00, 0x00, 0x00, 0x00, 0x00, 0x00, 0x00, 0x00, 0x00, 0x00, 0x00,
    0x00, 0x00, 0x00, 0x00, 0x00, 0x00, 0x00, 0x92, 0x69, 0xc0, 0xff, 0xfd, 0xff, 0xff, 0xff, 0xff,
    0xff, 0xff, 0xff, 0xff, 0xff, 0xff, 0xff, 0xfb, 0xfd, 0xff, 0xff, 0x2a, 0x00, 0x00, 0x00, 0x00,
    0x00, 0x00, 0x06, 0x68, 0xba, 0x07, 0x1f, 0x79, 0xda, 0xff, 0xf7, 0x02, 0x00, 0x00, 0x00, 0x00,
    0x00, 0x00, 0x00, 0x00, 0x00, 0x00, 0x00, 0x00, 0x00, 0x00, 0x00, 0x00, 0x00, 0x00, 0x00, 0x00,
    0x00, 0x00, 0x00, 0x00, 0x00, 0x00, 0x00, 0x07, 0x09, 0xf1, 0xff, 0xfd, 0xff, 0xff, 0xff, 0xff,
    0xff, 0xff, 0xff, 0xff, 0xe8, 0xb7, 0xff, 0xff, 0xff, 0xbc, 0x23, 0x00, 0x00, 0x00, 0x00, 0x00,
    0x00, 0x0f, 0xe2, 0xff, 0xd9, 0xaa, 0xff, 0xff, 0xff, 0xff, 0x68, 0x00, 0x00, 0x00, 0x00, 0x00,
    0x00, 0x00, 0x00, 0x00, 0x00, 0x00, 0x00, 0x00, 0x00, 0x00, 0x00, 0x00, 0x00, 0x00, 0x00, 0x00,
    0x00, 0x00, 0x00, 0x00, 0x00, 0x00, 0x00, 0x00, 0x00, 0xc8, 0xfb, 0xf9, 0xff, 0xff, 0xff, 0xff,
    0xff, 0xff, 0xff, 0xfb, 0xed, 0x18, 0x07, 0x13, 0x0a, 0x00, 0x00, 0x00, 0x00, 0x00, 0x00, 0x00,
    0x01, 0xc8, 0xff, 0xf3, 0xff, 0xff, 0xf9, 0xf5, 0xf9, 0xa8, 0x02, 0x00, 0x00, 0x00, 0x00, 0x00,
    0x00, 0x00, 0x00, 0x00, 0x00, 0x00, 0x00, 0x00, 0x00, 0x00, 0x00, 0x00, 0x00, 0x00, 0x00, 0x39,
    0x2c, 0x10, 0x01, 0x00, 0x00, 0x02, 0x00, 0x00, 0x00, 0x45, 0xff, 0xff, 0xfd, 0xff, 0xff, 0xff,
    0xff, 0xff, 0xff, 0xfb, 0xff, 0xd7, 0x04, 0x00, 0x00, 0x00, 0x00, 0x00, 0x00, 0x00, 0x00, 0x00,
    0x17, 0xff, 0xf7, 0xff, 0xfd, 0xf7, 0xf9, 0xf3, 0xf3, 0x3f, 0x00, 0x00, 0x00, 0x00, 0x00, 0x00,
    0x00, 0x00, 0x00, 0x00, 0x00, 0x00, 0x00, 0x00, 0x00, 0x00, 0x00, 0x00, 0x00, 0x01, 0x01, 0x3a,
    0xff, 0xff, 0xd5, 0x4e, 0x01, 0x9d, 0x2f, 0x00, 0x00, 0x01, 0x7b, 0x91, 0xff, 0xfb, 0xff, 0xff,
    0xff, 0xff, 0xff, 0xff, 0xfb, 0xff, 0xd1, 0x09, 0x00, 0x00, 0x00, 0x00, 0x00, 0x00, 0x00, 0x00,
    0x39, 0xfd, 0xf7, 0xfd, 0xff, 0xff, 0xff, 0xff, 0xe9, 0x15, 0x00, 0x00, 0x00, 0x00, 0x00, 0x00,
    0x00, 0x00, 0x00, 0x00, 0x00, 0x00, 0x00, 0x00, 0x00, 0x00, 0x04, 0x47, 0xa6, 0xd9, 0xce, 0x8e,
    0xe6, 0xfb, 0xff, 0xff, 0x8f, 0x8f, 0xff, 0x3f, 0x00, 0x00, 0x00, 0x04, 0xd9, 0xfd, 0xfb, 0xff,
    0xff, 0xff, 0xff, 0xff, 0xff, 0xf9, 0xff, 0xd9, 0x0b, 0x00, 0x00, 0x00, 0x00, 0x00, 0x00, 0x00,
    0x7c, 0xff, 0xf9, 0xff, 0xf5, 0xc5, 0xa0, 0x5e, 0x08, 0x00, 0x00, 0x00, 0x00, 0x00, 0x00, 0x00,
    0x00, 0x00, 0x00, 0x00, 0x00, 0x00, 0x00, 0x00, 0x00, 0x00, 0x28, 0xb9, 0xff, 0xff, 0xff, 0xff,
    0xff, 0xff, 0xfd, 0xf9, 0xff, 0xfd, 0xf7, 0xff, 0x17, 0x00, 0x00, 0x00, 0x2a, 0xff, 0xf9, 0xff,
    0xff, 0xff, 0xff, 0xff, 0xff, 0xff, 0xf9, 0xff, 0xd1, 0x02, 0x00, 0x00, 0x00, 0x00, 0x00, 0x6f,
    0xfd, 0xf9, 0xf9, 0x79, 0x05, 0x00, 0x00, 0x00, 0x00, 0x00, 0x00, 0x00, 0x00, 0x00, 0x00, 0x00,
    0x00, 0x00, 0x00, 0x00, 0x00, 0x00, 0x00, 0x00, 0x00, 0x00, 0x0a, 0x57, 0xde, 0xfb, 0xfb, 0xfb,
    0xff, 0xff, 0xff, 0xff, 0xfb, 0xff, 0xfd, 0xf9, 0xed, 0x3f, 0x00, 0x00, 0x02, 0xeb, 0xff, 0xfd,
    0xff, 0xff, 0xff, 0xff, 0xff, 0xff, 0xff, 0xf5, 0xff, 0x74, 0x00, 0x00, 0x00, 0x00, 0x26, 0xff,
    0xfb, 0xff, 0xf7, 0xde, 0x80, 0x01, 0x00, 0x00, 0x00, 0x00, 0x00, 0x00, 0x00, 0x00, 0x00, 0x00,
    0x00, 0x00, 0x00, 0x00, 0x00, 0x00, 0x00, 0x00, 0x05, 0x7f, 0xff, 0xff, 0xff, 0xff, 0xff, 0xff,
    0xff, 0xff, 0xff, 0xff, 0xff, 0xff, 0xff, 0xfd, 0xff, 0xff, 0x12, 0x00, 0x05, 0xf5, 0xfd, 0xfd,
    0xff, 0xff, 0xff, 0xff, 0xff, 0xff, 0xff, 0xff, 0xf7, 0xff, 0x14, 0x00, 0x00, 0x02, 0xe4, 0xfb,
    0xfb, 0xfb, 0xff, 0xff, 0xff, 0x34, 0x00, 0x00, 0x00, 0x00, 0x00, 0x00, 0x00, 0x00, 0x00, 0x00,
    0x00, 0x00, 0x00, 0x00, 0x00, 0x00, 0x00, 0x0d, 0xeb, 0xff, 0xfb, 0xf9, 0xff, 0xff, 0xff, 0xff,
    0xff, 0xff, 0xff, 0xff, 0xff, 0xff, 0xff, 0xff, 0xf9, 0xfd, 0xb9, 0x07, 0x80, 0xff, 0xfb, 0xff,
    0xff, 0xff, 0xff, 0xff, 0xff, 0xff, 0xff, 0xff, 0xfb, 0xfd, 0xc3, 0x01, 0x00, 0x2f, 0xff, 0xf7,
    0xff, 0xff, 0xbe, 0xc7, 0xff, 0x4a, 0x00, 0x00, 0x00, 0x00, 0x00, 0x00, 0x00, 0x00, 0x00, 0x00,
    0x00, 0x00, 0x00, 0x00, 0x00, 0x00, 0x01, 0x68, 0x92, 0xef, 0xfd, 0xff, 0xff, 0xff, 0xff, 0xff,
    0xff, 0xff, 0xff, 0xff, 0xff, 0xff, 0xff, 0xff, 0xff, 0xff, 0xff, 0xf5, 0xff, 0xff, 0xff, 0xff,
    0xff, 0xff, 0xff, 0xff, 0xff, 0xff, 0xff, 0xff, 0xff, 0xf9, 0xff, 0x74, 0x00, 0x6d, 0xfd, 0xf1,
    0xfd, 0x74, 0x00, 0x01, 0x41, 0x05, 0x00, 0x00, 0x00, 0x00, 0x00, 0x00, 0x00, 0x00, 0x00, 0x00,
    0x00, 0x00, 0x00, 0x00, 0x00, 0x00, 0x00, 0x12, 0xa8, 0xfb, 0xfd, 0xff, 0xff, 0xff, 0xff, 0xff,
    0xff, 0xff, 0xff, 0xff, 0xff, 0xff, 0xff, 0xff, 0xff, 0xff, 0xfd, 0xff, 0xfb, 0xff, 0xff, 0xff,
    0xff, 0xff, 0xff, 0xff, 0xff, 0xff, 0xff, 0xff, 0xff, 0xff, 0xf9, 0xff, 0x3c, 0xc0, 0xff, 0xff,
    0xff, 0xab, 0x06, 0x00, 0x00, 0x00, 0x00, 0x00, 0x00, 0x00, 0x00, 0x00, 0x00, 0x00, 0x00, 0x00,
    0x00, 0x00, 0x00, 0x00, 0x00, 0x00, 0x11, 0xed, 0xff, 0xfd, 0xff, 0xff, 0xff, 0xff, 0xff, 0xff,
    0xff, 0xff, 0xff, 0xff, 0xff, 0xff, 0xff, 0xff, 0xff, 0xff, 0xff, 0xfd, 0xff, 0xff, 0xff, 0xff,
    0xff, 0xff, 0xff, 0xff, 0xff, 0xff, 0xff, 0xff, 0xff, 0xff, 0xff, 0xfb, 0xff, 0xff, 0xff, 0xb9,
    0xc1, 0xff, 0xd9, 0x0b, 0x00, 0x00, 0x00, 0x00, 0x00, 0x00, 0x00, 0x00, 0x00, 0x00, 0x00, 0x00,
    0x00, 0x00, 0x00, 0x00, 0x00, 0x08, 0xef, 0xfd, 0xf9, 0xff, 0xff, 0xff, 0xff, 0xff, 0xff, 0xff,
    0xff, 0xff, 0xff, 0xff, 0xff, 0xff, 0xff, 0xff, 0xff, 0xff, 0xff, 0xff, 0xff, 0xff, 0xff, 0xff,
    0xff, 0xff, 0xff, 0xff, 0xff, 0xff, 0xff, 0xff, 0xff, 0xff, 0xff, 0xff, 0xfb, 0xf7, 0xfd, 0x77,
    0x10, 0xff, 0xff, 0xdc, 0x05, 0x02, 0x08, 0x00, 0x00, 0x00, 0x00, 0x00, 0x00, 0x00, 0x00, 0x00,
    0x00, 0x00, 0x00, 0x00, 0x00, 0x38, 0x6d, 0xef, 0xfb, 0xff, 0xff, 0xff, 0xff, 0xff, 0xff, 0xff,
    0xff, 0xff, 0xff, 0xff, 0xff, 0xff, 0xff, 0xff, 0xff, 0xff, 0xff, 0xff, 0xff, 0xff, 0xff, 0xff,
    0xff, 0xff, 0xff, 0xff, 0xff, 0xff, 0xff, 0xff, 0xfd, 0xf9, 0xff, 0xff, 0xff, 0xf7, 0xff, 0x38,
    0x00, 0x4d, 0xff, 0xff, 0xab, 0x14, 0xa3, 0x00, 0x00, 0x00, 0x00, 0x00, 0x00, 0x00, 0x00, 0x00,
    0x00, 0x00, 0x00, 0x00, 0x00, 0x00, 0xa6, 0xff, 0xfb, 0xff, 0xff, 0xff, 0xff, 0xff, 0xff, 0xff,
    0xff, 0xff, 0xff, 0xff, 0xff, 0xff, 0xff, 0xff, 0xff, 0xff, 0xff, 0xff, 0xff, 0xff, 0xff, 0xff,
    0xff, 0xff, 0xff, 0xff, 0xff, 0xff, 0xff, 0xff, 0xff, 0xff, 0xf9, 0xff, 0xfd, 0xfb, 0xe2, 0x02,
    0x00, 0x00, 0x41, 0xf9, 0xff, 0x94, 0xf9, 0x27, 0x00, 0x00, 0x00, 0x00, 0x00, 0x00, 0x00, 0x00,
    0x00, 0x00, 0x00, 0x00, 0x00, 0x2c, 0xff, 0xf7, 0xff, 0xff, 0xff, 0xff, 0xff, 0xff, 0xff, 0xff,
    0xff, 0xff, 0xff, 0xff, 0xff, 0xff, 0xff, 0xff, 0xff, 0xff, 0xff, 0xff, 0xff, 0xff, 0xff, 0xff,
    0xff, 0xff, 0xff, 0xff, 0xff, 0xff, 0xfd, 0xfd, 0xce, 0x8b, 0xff, 0xfb, 0xf7, 0xff, 0x2f, 0x00,
    0x02, 0x59, 0x26, 0x83, 0xfb, 0xff, 0xff, 0x9e, 0x00, 0x00, 0x00, 0x00, 0x00, 0x00, 0x00, 0x00,
    0x00, 0x00, 0x00, 0x00, 0x00, 0xad, 0xfd, 0xf9, 0xff, 0xff, 0xff, 0xff, 0xff, 0xff, 0xff, 0xff,
    0xff, 0xff, 0xff, 0xff, 0xff, 0xff, 0xff, 0xff, 0xff, 0xff, 0xff, 0xff, 0xff, 0xff, 0xff, 0xff,
    0xff, 0xff, 0xff, 0xff, 0xff, 0xff, 0xf9, 0xff, 0x2f, 0x00, 0x52, 0xff, 0xff, 0x64, 0x00, 0x00,
    0x00, 0x3d, 0xff, 0xff, 0xf9, 0xfb, 0xfd, 0xf7, 0x05, 0x00, 0x00, 0x00, 0x00, 0x00, 0x00, 0x00,
    0x00, 0x00, 0x00, 0x00, 0x07, 0xfb, 0xfd, 0xff, 0xff, 0xff, 0xff, 0xff, 0xff, 0xff, 0xff, 0xff,
    0xff, 0xff, 0xff, 0xff, 0xff, 0xff, 0xff, 0xff, 0xff, 0xff, 0xff, 0xff, 0xff, 0xff, 0xff, 0xff,
    0xff, 0xff, 0xff, 0xff, 0xff, 0xfb, 0xfb, 0x94, 0x00, 0x00, 0x00, 0x20, 0xdc, 0x05, 0x00, 0x00,
    0x00, 0x00, 0x0c, 0xa6, 0xff, 0xfb, 0xf9, 0xff, 0x15, 0x00, 0x00, 0x00, 0x00, 0x00, 0x00, 0x00,
    0x00, 0x00, 0x00, 0x00, 0x1f, 0xff, 0xf7, 0xff, 0xff, 0xff, 0xff, 0xff, 0xff, 0xff, 0xff, 0xff,
    0xff, 0xff, 0xff, 0xfb, 0xf9, 0xff, 0xff, 0xff, 0xff, 0xff, 0xff, 0xff, 0xff, 0xff, 0xff, 0xff,
    0xff, 0xff, 0xff, 0xf9, 0xfd, 0xf1, 0xff, 0x86, 0x00, 0x00, 0x00, 0x00, 0x04, 0x00, 0x00, 0x00,
    0x00, 0x00, 0x00, 0x00, 0xa3, 0xfd, 0xf3, 0xff, 0x31, 0x00, 0x00, 0x00, 0x00, 0x00, 0x00, 0x00,
    0x00, 0x00, 0x00, 0x00, 0x35, 0xfd, 0xfb, 0xff, 0xff, 0xff, 0xff, 0xff, 0xff, 0xff, 0xfb, 0xff,
    0xff, 0xff, 0xff, 0xff, 0xff, 0xff, 0xff, 0xff, 0xff, 0xff, 0xff, 0xfb, 0xfb, 0xfd, 0xfd, 0xfd,
    0xfb, 0xf7, 0xfd, 0xff, 0xff, 0xc1, 0x54, 0x71, 0x00, 0x00, 0x00, 0x00, 0x00, 0x00, 0x00, 0x00,
    0x00, 0x00, 0x00, 0x00, 0x12, 0xff, 0xf9, 0xfd, 0xd5, 0x0a, 0x00, 0x00, 0x00, 0x00, 0x00, 0x00,
    0x00, 0x00, 0x00, 0x00, 0x37, 0xff, 0xe2, 0xff, 0xfd, 0xff, 0xff, 0xff, 0xff, 0xfd, 0xff, 0xff,
    0xff, 0xfb, 0xff, 0x88, 0x28, 0xf5, 0xfd, 0xff, 0xff, 0xff, 0xfd, 0xff, 0xff, 0xff, 0xff, 0xff,
    0xff, 0xff, 0xff, 0x8e, 0x12, 0x2b, 0x00, 0x00, 0x00, 0x00, 0x00, 0x00, 0x00, 0x00, 0x00, 0x00,
    0x00, 0x00, 0x00, 0x00, 0x00, 0xcf, 0xff, 0xf9, 0xff, 0x0d, 0x00, 0x00, 0x00, 0x00, 0x00, 0x00,
    0x00, 0x00, 0x00, 0x00, 0x29, 0x9e, 0xaa, 0xff, 0xfd, 0xff, 0xff, 0xf9, 0xff, 0x5f, 0x38, 0xff,
    0xfb, 0xf7, 0xff, 0x5c, 0x01, 0xd7, 0xff, 0xfd, 0xff, 0xfd, 0xff, 0xd1, 0xcf, 0xda, 0xe9, 0xde,
    0x9d, 0x42, 0x09, 0x00, 0x00, 0x00, 0x00, 0x00, 0x00, 0x00, 0x00, 0x00, 0x00, 0x00, 0x00, 0x00,
    0x00, 0x00, 0x00, 0x00, 0x00, 0x9e, 0xff, 0xfd, 0xf5, 0x04, 0x00, 0x00, 0x00, 0x00, 0x00, 0x00,
    0x00, 0x00, 0x00, 0x00, 0x05, 0x11, 0xbe, 0xff, 0xfd, 0xff, 0xff, 0xfd, 0xff, 0xc0, 0x3b, 0xff,
    0xf5, 0xfb, 0xff, 0xff, 0xf9, 0xff, 0xff, 0xff, 0xfd, 0xfd, 0xde, 0x03, 0x00, 0x18, 0x0b, 0x00,
    0x00, 0x01, 0x03, 0x02, 0x00, 0x00, 0x00, 0x00, 0x00, 0x00, 0x00, 0x00, 0x00, 0x00, 0x00, 0x00,
    0x00, 0x00, 0x00, 0x05, 0x20, 0xa3, 0xff, 0xfd, 0xad, 0x00, 0x00, 0x00, 0x00, 0x00, 0x00, 0x00,
    0x00, 0x00, 0x00, 0x00, 0x00, 0x00, 0xc1, 0xff, 0xfb, 0xff, 0xff, 0xff, 0xff, 0xff, 0xff, 0xfd,
    0xff, 0xff, 0xff, 0xf7, 0xfd, 0xfb, 0xff, 0xff, 0xfd, 0xfb, 0xef, 0x0f, 0x1a, 0xdc, 0x28, 0x5e,
    0xc3, 0xf9, 0xff, 0xde, 0x95, 0x3b, 0x02, 0x00, 0x00, 0x00, 0x00, 0x00, 0x00, 0x00, 0x00, 0x00,
    0x00, 0x00, 0x00, 0x0b, 0xf7, 0xef, 0xf9, 0xff, 0x38, 0x00, 0x00, 0x00, 0x00, 0x00, 0x00, 0x00,
    0x00, 0x00, 0x00, 0x00, 0x00, 0x00, 0x8f, 0xff, 0xf9, 0xff, 0xff, 0xff, 0xff, 0xfb, 0xfd, 0xcf,
    0x6c, 0x9b, 0xfb, 0xff, 0xff, 0xff, 0xff, 0xff, 0xff, 0xfd, 0xff, 0xd7, 0xff, 0xff, 0xff, 0xff,
    0xff, 0xff, 0xff, 0xff, 0xf5, 0x5f, 0x01, 0x00, 0x00, 0x00, 0x00, 0x00, 0x00, 0x00, 0x00, 0x00,
    0x00, 0x00, 0x00, 0x24, 0xff, 0xf7, 0xff, 0xda, 0x01, 0x00, 0x00, 0x00, 0x00, 0x00, 0x00, 0x00,
    0x00, 0x00, 0x00, 0x00, 0x00, 0x00, 0x4a, 0xff, 0xf7, 0xfd, 0xff, 0xff, 0xff, 0xff, 0xfb, 0xfd,
    0xad, 0x2a, 0x0f, 0x26, 0x61, 0xaf, 0xf5, 0xfd, 0xff, 0xff, 0xff, 0xff, 0xff, 0xff, 0xfb, 0xf7,
    0xfb, 0xfd, 0xfd, 0xfb, 0xe0, 0x5e, 0x15, 0x00, 0x00, 0x00, 0x00, 0x00, 0x00, 0x00, 0x00, 0x00,
    0x00, 0x00, 0x00, 0x8f, 0xfd, 0xf3, 0xf9, 0x38, 0x00, 0x00, 0x00, 0x00, 0x00, 0x00, 0x00, 0x00,
    0x00, 0x00, 0x00, 0x00, 0x00, 0x00, 0x0b, 0xff, 0xfb, 0xff, 0xff, 0xff, 0xff, 0xff, 0xff, 0xff,
    0xff, 0xff, 0xb9, 0x57, 0x35, 0x4e, 0xd9, 0xff, 0xfd, 0xff, 0xff, 0xfd, 0xfd, 0xff, 0xff, 0xff,
    0xfd, 0xfd, 0xff, 0xff, 0xff, 0xff, 0xff, 0xa3, 0x1c, 0x00, 0x00, 0x00, 0x00, 0x00, 0x00, 0x00,
    0x00, 0x14, 0x82, 0xf7, 0xff, 0xfb, 0xeb, 0x80, 0x00, 0x00, 0x00, 0x00, 0x00, 0x00, 0x00, 0x00,
    0x00, 0x00, 0x00, 0x00, 0x00, 0x00, 0x00, 0x91, 0xc0, 0xbc, 0xfb, 0xfb, 0xff, 0xff, 0xff, 0xff,
    0xfd, 0xfb, 0xff, 0xff, 0xff, 0xff, 0xff, 0xff, 0xff, 0xff, 0xff, 0xff, 0xff, 0xfb, 0xf7, 0xfb,
    0xff, 0xff, 0xf9, 0xf9, 0xfd, 0xf9, 0xf9, 0xff, 0xff, 0x95, 0x17, 0x00, 0x00, 0x00, 0x00, 0x00,
    0x13, 0xe2, 0xff, 0xfd, 0xfd, 0xf3, 0xff, 0x33, 0x00, 0x00, 0x00, 0x00, 0x00, 0x00, 0x00, 0x00,
    0x00, 0x00, 0x00, 0x00, 0x00, 0x00, 0x00, 0x08, 0x42, 0x24, 0xff, 0xf3, 0xff, 0xff, 0xff, 0xff,
    0xff, 0xff, 0xfb, 0xf7, 0xf7, 0xf9, 0xfd, 0xff, 0xff, 0xff, 0xff, 0xff, 0xff, 0xff, 0xff, 0xff,
    0xf9, 0xfb, 0xff, 0xff, 0xfd, 0xfd, 0xff, 0xfb, 0xf9, 0xff, 0xff, 0xad, 0x49, 0x1d, 0x22, 0x6d,
    0xff, 0xff, 0xf9, 0xfb, 0xf7, 0xff, 0x61, 0x00, 0x00, 0x00, 0x00, 0x00, 0x00, 0x00, 0x00, 0x00,
    0x00, 0x00, 0x00, 0x00, 0x00, 0x00, 0x00, 0x00, 0x00, 0x00, 0x70, 0xff, 0xf5, 0xfd, 0xff, 0xfd,
    0xff, 0xff, 0xff, 0xff, 0xff, 0xff, 0xff, 0xff, 0xff, 0xff, 0xff, 0xfb, 0xf5, 0xbc, 0x40, 0x0f,
    0x05, 0x06, 0x17, 0x6d, 0xff, 0xfd, 0xfb, 0xff, 0xfd, 0xf9, 0xfb, 0xff, 0xff, 0xff, 0xff, 0xff,
    0xff, 0xf7, 0xf9, 0xff, 0xff, 0x4f, 0x00, 0x00, 0x00, 0x00, 0x00, 0x00, 0x00, 0x00, 0x00, 0x00,
    0x00, 0x00, 0x00, 0x00, 0x00, 0x00, 0x00, 0x00, 0x00, 0x00, 0x00, 0x75, 0xff, 0xfd, 0xf9, 0xff,
    0xf9, 0xfd, 0xff, 0xff, 0xff, 0xff, 0xff, 0xff, 0xfb, 0xf9, 0xf7, 0xff, 0xff, 0x1a, 0x00, 0x00,
    0x00, 0x00, 0x00, 0x00, 0x21, 0xfb, 0xff, 0xf7, 0xff, 0xff, 0xf7, 0xf5, 0xf5, 0xf7, 0xf7, 0xf5,
    0xf7, 0xff, 0xff, 0xb2, 0x1a, 0x00, 0x00, 0x00, 0x00, 0x00, 0x00, 0x00, 0x00, 0x00, 0x00, 0x00,
    0x00, 0x00, 0x00, 0x00, 0x00, 0x00, 0x00, 0x00, 0x00, 0x00, 0x00, 0x00, 0x42, 0xf9, 0xff, 0xe0,
    0xff, 0xff, 0xf7, 0xf9, 0xfb, 0xfd, 0xfd, 0xfd, 0xff, 0xff, 0xff, 0xc5, 0x35, 0x01, 0x00, 0x00,
    0x00, 0x00, 0x00, 0x00, 0x00, 0x19, 0xe0, 0xff, 0xe8, 0xff, 0xff, 0xff, 0xff, 0xff, 0xff, 0xff,
    0xff, 0x8c, 0x20, 0x00, 0x00, 0x00, 0x00, 0x00, 0x00, 0x00, 0x00, 0x00, 0x00, 0x00, 0x00, 0x00,
    0x00, 0x00, 0x00, 0x00, 0x00, 0x00, 0x00, 0x00, 0x00, 0x00, 0x00, 0x00, 0x00, 0x0b, 0x86, 0x34,
    0x38, 0xda, 0xff, 0xff, 0xff, 0xff, 0xff, 0xff, 0xb9, 0x70, 0x22, 0x01, 0x00, 0x00, 0x00, 0x00,
    0x00, 0x00, 0x00, 0x00, 0x00, 0x00, 0x05, 0x68, 0xad, 0x20, 0x56, 0xa3, 0xd9, 0xed, 0xe4, 0xb9,
    0x63, 0x01, 0x00, 0x00, 0x00, 0x00, 0x00, 0x00, 0x00, 0x00, 0x00, 0x00, 0x00, 0x00, 0x00, 0x00,
    0x00, 0x00, 0x00, 0x00, 0x00, 0x00, 0x00, 0x00, 0x00, 0x00, 0x00, 0x00, 0x00, 0x00, 0x00, 0x00,
    0x00, 0x02, 0x2a, 0x83, 0xcc, 0xe8, 0xd9, 0x8c, 0x02, 0x00, 0x00, 0x00, 0x00, 0x00, 0x00, 0x00,
    0x00, 0x00, 0x00, 0x00, 0x00, 0x00, 0x00, 0x00, 0x02, 0x00, 0x00, 0x00, 0x01, 0x03, 0x02, 0x00,
    0x00, 0x00, 0x00, 0x00, 0x00, 0x00, 0x00, 0x00, 0x00, 0x00, 0x00, 0x00, 0x00, 0x00, 0x00, 0x00,
    0x00, 0x00, 0x00, 0x00, 0x00, 0x00, 0x00, 0x00, 0x00, 0x00, 0x00, 0x00, 0x00, 0x00, 0x00, 0x00,
    0x00, 0x00, 0x00, 0x00, 0x00, 0x02, 0x01, 0x00, 0x00, 0x00, 0x00, 0x00, 0x00, 0x00, 0x00, 0x00,
    0x00, 0x00, 0x00, 0x00, 0x00, 0x00, 0x00, 0x00, 0x00, 0x00, 0x00, 0x00, 0x00, 0x00, 0x00, 0x00,
    0x00, 0x00, 0x00, 0x00, 0x00, 0x00, 0x00, 0x00, 0x00, 0x00, 0x00, 0x00, 0x00, 0x00, 0x00, 0x00,
    0x00, 0x00, 0x00, 0x00, 0x00, 0x00, 0x00, 0x00, 0x00, 0x00, 0x00, 0x00, 0x00, 0x00, 0x00, 0x00,
    0x00, 0x00, 0x00, 0x00, 0x00, 0x00, 0x00, 0x00, 0x00, 0x00, 0x00, 0x00, 0x00, 0x00, 0x00, 0x00,
    0x00, 0x00, 0x00, 0x00, 0x00, 0x00, 0x00, 0x00, 0x00, 0x00, 0x00, 0x00, 0x00, 0x00, 0x00, 0x00,
    0x00, 0x00, 0x00, 0x00, 0x00, 0x00, 0x00, 0x00, 0x00, 0x00, 0x00, 0x00, 0x00, 0x00, 0x00, 0x00,
};

const lv_image_dsc_t love_frame_1_dsc = {
    .header.w = 64,
    .header.h = 64,
    .header.cf = LV_COLOR_FORMAT_RGB565A8,
    .data_size = 12288,
    .data = love_frame_1_data,
};

/* Frame 2: frame_002.png */
static const uint8_t love_frame_2_data[] = {
    0x00, 0x00, 0x00, 0x00, 0x00, 0x00, 0x00, 0x00, 0x00, 0x00, 0x00, 0x00, 0x00, 0x00, 0x00, 0x00,
    0x00, 0x00, 0x00, 0x00, 0x00, 0x00, 0x00, 0x00, 0x00, 0x00, 0x00, 0x00, 0x00, 0x00, 0x00, 0x00,
    0x00, 0x00, 0x00, 0x00, 0x00, 0x00, 0x00, 0x00, 0x00, 0x00, 0x00, 0x00, 0x00, 0x00, 0x00, 0x00,
    0x00, 0x00, 0x00, 0x00, 0x00, 0x00, 0x00, 0x00, 0x00, 0x00, 0x00, 0x00, 0x00, 0x00, 0x00, 0x00,
    0x00, 0x00, 0x00, 0x00, 0x00, 0x00, 0x00, 0x00, 0x00, 0x00, 0x00, 0x00, 0x00, 0x00, 0x00, 0x00,
    0x00, 0x00, 0x00, 0x00, 0x00, 0x00, 0x00, 0x00, 0x00, 0x00, 0x00, 0x00, 0x00, 0x00, 0x00, 0x00,
    0x00, 0x00, 0x00, 0x00, 0x00, 0x00, 0x00, 0x00, 0x00, 0x00, 0x00, 0x00, 0x00, 0x00, 0x00, 0x00,
    0x00, 0x00, 0x00, 0x00, 0x00, 0x00, 0x00, 0x00, 0x00, 0x00, 0x00, 0x00, 0x00, 0x00, 0x00, 0x00,
    0x00, 0x00, 0x00, 0x00, 0x00, 0x00, 0x00, 0x00, 0x00, 0x00, 0x00, 0x00, 0x00, 0x00, 0x00, 0x00,
    0x00, 0x00, 0x00, 0x00, 0x00, 0x00, 0x00, 0x00, 0x00, 0x00, 0x00, 0x00, 0x00, 0x00, 0x00, 0x00,
    0x00, 0x00, 0x00, 0x00, 0x00, 0x00, 0x00, 0x00, 0x00, 0x00, 0x00, 0x00, 0x00, 0x00, 0x00, 0x00,
    0x00, 0x00, 0x00, 0x00, 0x00, 0x00, 0x00, 0x00, 0x00, 0x00, 0x00, 0x00, 0x00, 0x00, 0x00, 0x00,
    0x00, 0x00, 0x00, 0x00, 0x00, 0x00, 0x00, 0x00, 0x00, 0x00, 0x00, 0x00, 0x00, 0x00, 0x00, 0x00,
    0x00, 0x00, 0x00, 0x00, 0x00, 0x00, 0x00, 0x00, 0x00, 0x00, 0x00, 0x00, 0x00, 0x00, 0x00, 0x00,
    0x00, 0x00, 0x00, 0x00, 0x00, 0x00, 0x00, 0x00, 0x00, 0x00, 0x00, 0x00, 0x00, 0x00, 0x00, 0x00,
    0x00, 0x00, 0x00, 0x00, 0x00, 0x00, 0x00, 0x00, 0x00, 0x00, 0x00, 0x00, 0x00, 0x00, 0x00, 0x00,
    0x00, 0x00, 0x00, 0x00, 0x00, 0x00, 0x00, 0x00, 0x00, 0x00, 0x00, 0x00, 0x00, 0x00, 0x00, 0x00,
    0x00, 0x00, 0x00, 0x00, 0x00, 0x00, 0x00, 0x00, 0x00, 0x00, 0x00, 0x00, 0x00, 0x00, 0x00, 0x00,
    0x00, 0x00, 0x00, 0x00, 0x00, 0x00, 0x00, 0x00, 0x00, 0x00, 0x00, 0x00, 0x00, 0x00, 0x00, 0x00,
    0x00, 0x00, 0x00, 0x00, 0x00, 0x00, 0x00, 0x00, 0x00, 0x00, 0x00, 0x00, 0x00, 0x00, 0x00, 0x00,
    0x00, 0x00, 0x00, 0x00, 0x00, 0x00, 0x00, 0x00, 0x00, 0x00, 0x00, 0x00, 0x00, 0x00, 0x00, 0x00,
    0x00, 0x00, 0x00, 0x00, 0x00, 0x00, 0x00, 0x00, 0x00, 0x00, 0x00, 0x00, 0x00, 0x00, 0x00, 0x00,
    0x00, 0x00, 0x00, 0x00, 0x00, 0x00, 0x00, 0x00, 0x00, 0x00, 0x00, 0x00, 0x00, 0x00, 0x00, 0x00,
    0x00, 0x00, 0x00, 0x00, 0x00, 0x00, 0x00, 0x00, 0x00, 0x00, 0x00, 0x00, 0x00, 0x00, 0x00, 0x00,
    0x00, 0x00, 0x00, 0x00, 0x00, 0x00, 0x00, 0x00, 0x00, 0x00, 0x00, 0x00, 0x00, 0x00, 0x00, 0x00,
    0x00, 0x00, 0x00, 0x00, 0x00, 0x00, 0x00, 0x00, 0x00, 0x00, 0x00, 0x00, 0x00, 0x00, 0x00, 0x00,
    0x00, 0x00, 0x00, 0x00, 0x00, 0x00, 0x00, 0x00, 0x00, 0x00, 0x00, 0x00, 0x00, 0x00, 0x00, 0x00,
    0x00, 0x00, 0x00, 0x00, 0x00, 0x00, 0x00, 0x00, 0x00, 0x00, 0x00, 0x00, 0x00, 0x00, 0x00, 0x00,
    0x00, 0x00, 0x00, 0x00, 0x40, 0x00, 0x40, 0x00, 0x00, 0x00, 0x00, 0x00, 0x00, 0x00, 0x00, 0x00,
    0x00, 0x00, 0x00, 0x00, 0x00, 0x00, 0x00, 0x00, 0x00, 0x00, 0x00, 0x00, 0x00, 0x00, 0x00, 0x00,
    0x00, 0x00, 0x00, 0x00, 0x00, 0x00, 0x00, 0x00, 0x00, 0x00, 0x00, 0x00, 0x00, 0x00, 0x00, 0x00,
    0x00, 0x00, 0x00, 0x00, 0x00, 0x00, 0x00, 0x00, 0x00, 0x00, 0x00, 0x00, 0x00, 0x00, 0x00, 0x00,
    0x00, 0x00, 0x00, 0x00, 0x00, 0x00, 0x00, 0x00, 0x00, 0x00, 0x00, 0x00, 0x00, 0x00, 0x00, 0x00,
    0x00, 0x00, 0x00, 0x00, 0x00, 0x00, 0x00, 0x00, 0x00, 0x00, 0x00, 0x00, 0x00, 0x00, 0x00, 0x00,
    0x00, 0x00, 0x00, 0x00, 0x00, 0x00, 0x00, 0x00, 0x00, 0x00, 0x20, 0x00, 0xa4, 0x00, 0x00, 0x00,
    0x00, 0x00, 0x00, 0x00, 0x00, 0x00, 0x00, 0x00, 0x00, 0x00, 0x00, 0x00, 0x00, 0x00, 0x00, 0x00,
    0x00, 0x00, 0x00, 0x00, 0x25, 0x00, 0xa1, 0x00, 0x00, 0x00, 0x00, 0x00, 0x00, 0x00, 0x00, 0x00,
    0x00, 0x00, 0x00, 0x00, 0x00, 0x00, 0x00, 0x00, 0x00, 0x00, 0x00, 0x00, 0x00, 0x00, 0x00, 0x00,
    0x00, 0x00, 0x00, 0x00, 0x00, 0x00, 0x00, 0x00, 0x00, 0x00, 0x00, 0x00, 0x00, 0x00, 0x00, 0x00,
    0x00, 0x00, 0x00, 0x00, 0x00, 0x00, 0x00, 0x00, 0x00, 0x00, 0x00, 0x00, 0x00, 0x00, 0x00, 0x00,
    0x00, 0x00, 0x00, 0x00, 0x00, 0x00, 0x00, 0x00, 0x00, 0x00, 0x00, 0x00, 0x00, 0x00, 0x00, 0x00,
    0x00, 0x00, 0x00, 0x00, 0x00, 0x00, 0x00, 0x00, 0x00, 0x00, 0x00, 0x00, 0x00, 0x00, 0x00, 0x00,
    0x00, 0x00, 0x00, 0x00, 0x00, 0x00, 0x00, 0x00, 0x00, 0x00, 0x81, 0x00, 0xe7, 0x00, 0x00, 0x00,
    0x00, 0x00, 0x00, 0x00, 0x00, 0x00, 0x00, 0x00, 0x00, 0x00, 0x00, 0x00, 0x00, 0x00, 0x00, 0x00,
    0x00, 0x00, 0x61, 0x00, 0xe7, 0x00, 0x20, 0x00, 0x00, 0x00, 0x00, 0x00, 0x00, 0x00, 0x00, 0x00,
    0x00, 0x00, 0x00, 0x00, 0x00, 0x00, 0x00, 0x00, 0x00, 0x00, 0x00, 0x00, 0x00, 0x00, 0x00, 0x00,
    0x00, 0x00, 0x00, 0x00, 0x00, 0x00, 0x00, 0x00, 0x00, 0x00, 0x00, 0x00, 0x00, 0x00, 0x00, 0x00,
    0x00, 0x00, 0x00, 0x00, 0x00, 0x00, 0x00, 0x00, 0x00, 0x00, 0x00, 0x00, 0x00, 0x00, 0x00, 0x00,
    0x00, 0x00, 0x00, 0x00, 0x00, 0x00, 0x00, 0x00, 0x00, 0x00, 0x00, 0x00, 0x00, 0x00, 0x00, 0x00,
    0x00, 0x00, 0x00, 0x00, 0x00, 0x00, 0x00, 0x00, 0x00, 0x00, 0x00, 0x00, 0x00, 0x00, 0x00, 0x00,
    0x00, 0x00, 0x00, 0x00, 0x00, 0x00, 0x00, 0x00, 0x00, 0x00, 0x81, 0x00, 0x28, 0x00, 0x81, 0x00,
    0x00, 0x00, 0x00, 0x00, 0x00, 0x00, 0x40, 0x00, 0x00, 0x00, 0x00, 0x00, 0x00, 0x00, 0x00, 0x00,
    0x00, 0x00, 0x40, 0x00, 0x07, 0x00, 0xc2, 0x00, 0x00, 0x00, 0x00, 0x00, 0x00, 0x00, 0x00, 0x00,
    0x00, 0x00, 0x00, 0x00, 0x00, 0x00, 0x00, 0x00, 0x00, 0x00, 0x00, 0x00, 0x00, 0x00, 0x00, 0x00,
    0x00, 0x00, 0x00, 0x00, 0x00, 0x00, 0x00, 0x00, 0x00, 0x00, 0x00, 0x00, 0x00, 0x00, 0x00, 0x00,
    0x00, 0x00, 0x00, 0x00, 0x00, 0x00, 0x00, 0x00, 0x00, 0x00, 0x00, 0x00, 0x00, 0x00, 0x00, 0x00,
    0x00, 0x00, 0x00, 0x00, 0x00, 0x00, 0x00, 0x00, 0x00, 0x00, 0x00, 0x00, 0x00, 0x00, 0x00, 0x00,
    0x00, 0x00, 0x00, 0x00, 0x00, 0x00, 0x00, 0x00, 0x00, 0x00, 0x00, 0x00, 0x00, 0x00, 0x00, 0x00,
    0x00, 0x00, 0x00, 0x00, 0x00, 0x00, 0x00, 0x00, 0x00, 0x00, 0x81, 0x00, 0xe7, 0x00, 0xc4, 0x00,
    0x00, 0x00, 0x00, 0x00, 0x84, 0x00, 0x63, 0x00, 0x00, 0x00, 0x00, 0x00, 0xa4, 0x00, 0x61, 0x00,
    0x00, 0x00, 0x00, 0x00, 0x86, 0x00, 0x86, 0x00, 0x00, 0x00, 0x20, 0x00, 0x40, 0x00, 0x00, 0x00,
    0x00, 0x00, 0x00, 0x00, 0x00, 0x00, 0x00, 0x00, 0x00, 0x00, 0x00, 0x00, 0x00, 0x00, 0x00, 0x00,
    0x00, 0x00, 0x00, 0x00, 0x00, 0x00, 0x00, 0x00, 0x00, 0x00, 0x00, 0x00, 0x00, 0x00, 0x00, 0x00,
    0x00, 0x00, 0x00, 0x00, 0x00, 0x00, 0x00, 0x00, 0x00, 0x00, 0x00, 0x00, 0x00, 0x00, 0x00, 0x00,
    0x00, 0x00, 0x00, 0x00, 0x00, 0x00, 0x00, 0x00, 0x00, 0x00, 0x00, 0x00, 0x00, 0x00, 0x00, 0x00,
    0x00, 0x00, 0x00, 0x00, 0x00, 0x00, 0x00, 0x00, 0x00, 0x00, 0x00, 0x00, 0x00, 0x00, 0x00, 0x00,
    0x00, 0x00, 0x00, 0x00, 0x00, 0x00, 0x00, 0x00, 0x00, 0x00, 0x40, 0x00, 0xe4, 0x00, 0x28, 0x00,
    0x23, 0x00, 0x00, 0x00, 0x66, 0x00, 0x46, 0x00, 0x00, 0x00, 0x00, 0x00, 0xc7, 0x00, 0x46, 0x00,
    0x00, 0x00, 0x00, 0x00, 0xa1, 0x00, 0x07, 0x00, 0x43, 0x00, 0x61, 0x00, 0x25, 0x00, 0x00, 0x00,
    0x00, 0x00, 0x00, 0x00, 0x00, 0x00, 0x00, 0x00, 0x00, 0x00, 0x00, 0x00, 0x00, 0x00, 0x00, 0x00,
    0x00, 0x00, 0x00, 0x00, 0x00, 0x00, 0x00, 0x00, 0x00, 0x00, 0x00, 0x00, 0x00, 0x00, 0x00, 0x00,
    0x00, 0x00, 0x00, 0x00, 0x00, 0x00, 0x00, 0x00, 0x00, 0x00, 0x00, 0x00, 0x00, 0x00, 0x00, 0x00,
    0x00, 0x00, 0x00, 0x00, 0x00, 0x00, 0x00, 0x00, 0x00, 0x00, 0x00, 0x00, 0x00, 0x00, 0x00, 0x00,
    0x00, 0x00, 0x00, 0x00, 0x00, 0x00, 0x00, 0x00, 0x00, 0x00, 0x00, 0x00, 0x00, 0x00, 0x00, 0x00,
    0x00, 0x00, 0x00, 0x00, 0x00, 0x00, 0x00, 0x00, 0x00, 0x00, 0x00, 0x00, 0xe2, 0x00, 0x05, 0x00,
    0x08, 0x00, 0xc4, 0x00, 0x63, 0x00, 0xa9, 0x00, 0x02, 0x00, 0x00, 0x00, 0xa4, 0x00, 0xca, 0x00,
    0x26, 0x00, 0x00, 0x00, 0xc2, 0x00, 0x05, 0x00, 0x86, 0x00, 0xa4, 0x00, 0x48, 0x00, 0x22, 0x00,
    0x00, 0x00, 0x00, 0x00, 0x00, 0x00, 0x00, 0x00, 0x00, 0x00, 0x00, 0x00, 0x00, 0x00, 0x00, 0x00,
    0x00, 0x00, 0x00, 0x00, 0x00, 0x00, 0x00, 0x00, 0x00, 0x00, 0x00, 0x00, 0x00, 0x00, 0x00, 0x00,
    0x00, 0x00, 0x00, 0x00, 0x00, 0x00, 0x00, 0x00, 0x00, 0x00, 0x00, 0x00, 0x00, 0x00, 0x00, 0x00,
    0x00, 0x00, 0x00, 0x00, 0x00, 0x00, 0x00, 0x00, 0x00, 0x00, 0x00, 0x00, 0x00, 0x00, 0x00, 0x00,
    0x00, 0x00, 0x00, 0x00, 0x00, 0x00, 0x00, 0x00, 0x00, 0x00, 0x00, 0x00, 0x00, 0x00, 0x00, 0x00,
    0x00, 0x00, 0x81, 0x00, 0xe2, 0x00, 0x00, 0x00, 0x00, 0x00, 0x00, 0x00, 0x20, 0x00, 0x22, 0x00,
    0x22, 0x00, 0x46, 0x00, 0x86, 0x00, 0x86, 0x00, 0x68, 0x00, 0x84, 0x00, 0x61, 0x00, 0x26, 0x00,
    0xca, 0x00, 0x08, 0x00, 0xe5, 0x00, 0xac, 0x00, 0x08, 0x00, 0xc4, 0x00, 0x65, 0x00, 0xc9, 0x00,
    0xa1, 0x00, 0x00, 0x00, 0xc2, 0x00, 0xe2, 0x00, 0x00, 0x00, 0x00, 0x00, 0x00, 0x00, 0x00, 0x00,
    0x00, 0x00, 0x00, 0x00, 0x00, 0x00, 0x00, 0x00, 0x00, 0x00, 0x00, 0x00, 0x00, 0x00, 0x00, 0x00,
    0x00, 0x00, 0x00, 0x00, 0x00, 0x00, 0x00, 0x00, 0x00, 0x00, 0x00, 0x00, 0x00, 0x00, 0x00, 0x00,
    0x00, 0x00, 0x00, 0x00, 0x00, 0x00, 0x00, 0x00, 0x00, 0x00, 0x00, 0x00, 0x00, 0x00, 0x00, 0x00,
    0x00, 0x00, 0x00, 0x00, 0x00, 0x00, 0x00, 0x00, 0x00, 0x00, 0x00, 0x00, 0x00, 0x00, 0x00, 0x00,
    0x00, 0x00, 0x40, 0x00, 0x46, 0x00, 0x66, 0x00, 0x05, 0x00, 0x25, 0x00, 0xa7, 0x00, 0xe7, 0x00,
    0x25, 0x00, 0x63, 0x00, 0xa4, 0x00, 0x25, 0x00, 0x66, 0x00, 0x68, 0x00, 0x46, 0x00, 0xe2, 0x00,
    0x66, 0x00, 0x69, 0x00, 0x46, 0x00, 0x49, 0x00, 0xcf, 0x00, 0x89, 0x00, 0xe2, 0x00, 0x48, 0x00,
    0xe7, 0x00, 0x00, 0x00, 0x86, 0x00, 0x83, 0x00, 0x00, 0x00, 0x00, 0x00, 0x00, 0x00, 0x00, 0x00,
    0x00, 0x00, 0x00, 0x00, 0x00, 0x00, 0x00, 0x00, 0x00, 0x00, 0x00, 0x00, 0x00, 0x00, 0x00, 0x00,
    0x00, 0x00, 0x00, 0x00, 0x00, 0x00, 0x00, 0x00, 0x00, 0x00, 0x00, 0x00, 0x00, 0x00, 0x00, 0x00,
    0x00, 0x00, 0x00, 0x00, 0x00, 0x00, 0x00, 0x00, 0x00, 0x00, 0x00, 0x00, 0x00, 0x00, 0x00, 0x00,
    0x00, 0x00, 0x00, 0x00, 0x00, 0x00, 0x00, 0x00, 0x00, 0x00, 0x00, 0x00, 0x00, 0x00, 0x00, 0x00,
    0x00, 0x00, 0x00, 0x00, 0x61, 0x00, 0xc4, 0x00, 0x46, 0x00, 0x45, 0x00, 0x05, 0x00, 0x63, 0x00,
    0x02, 0x00, 0xc1, 0x00, 0x81, 0x00, 0x02, 0x00, 0xa3, 0x00, 0x25, 0x00, 0x68, 0x00, 0x28, 0x00,
    0x84, 0x00, 0xe5, 0x00, 0xe5, 0x00, 0xa7, 0x00, 0x6c, 0x00, 0xcf, 0x00, 0x86, 0x00, 0xc4, 0x00,
    0xe7, 0x00, 0x22, 0x00, 0x89, 0x00, 0xa1, 0x00, 0x00, 0x00, 0x00, 0x00, 0x00, 0x00, 0x00, 0x00,
    0x00, 0x00, 0x00, 0x00, 0x00, 0x00, 0x00, 0x00, 0x00, 0x00, 0x00, 0x00, 0x00, 0x00, 0x00, 0x00,
    0x00, 0x00, 0x00, 0x00, 0x00, 0x00, 0x00, 0x00, 0x00, 0x00, 0x00, 0x00, 0x00, 0x00, 0x00, 0x00,
    0x00, 0x00, 0x00, 0x00, 0x00, 0x00, 0x00, 0x00, 0x00, 0x00, 0x00, 0x00, 0x00, 0x00, 0x00, 0x00,
    0x00, 0x00, 0x00, 0x00, 0x00, 0x00, 0x00, 0x00, 0x00, 0x00, 0x00, 0x00, 0x00, 0x00, 0x00, 0x00,
    0x00, 0x00, 0x00, 0x00, 0x00, 0x00, 0x00, 0x00, 0x40, 0x00, 0x20, 0x00, 0x00, 0x00, 0x00, 0x00,
    0x00, 0x00, 0x23, 0x00, 0xc5, 0x00, 0x43, 0x00, 0x22, 0x00, 0xc4, 0x00, 0x05, 0x00, 0xc7, 0x00,
    0xc7, 0x00, 0x46, 0x00, 0xc7, 0x00, 0xa4, 0x00, 0x69, 0x00, 0x8c, 0x00, 0x0d, 0x00, 0x63, 0x00,
    0x86, 0x00, 0xaa, 0x00, 0xa4, 0x00, 0x00, 0x00, 0x00, 0x00, 0x00, 0x00, 0x00, 0x00, 0x00, 0x00,
    0x00, 0x00, 0x00, 0x00, 0x00, 0x00, 0x00, 0x00, 0x00, 0x00, 0x00, 0x00, 0x00, 0x00, 0x00, 0x00,
    0x00, 0x00, 0x00, 0x00, 0x00, 0x00, 0x00, 0x00, 0x00, 0x00, 0x00, 0x00, 0x00, 0x00, 0x00, 0x00,
    0x00, 0x00, 0x00, 0x00, 0x00, 0x00, 0x00, 0x00, 0x00, 0x00, 0x00, 0x00, 0x00, 0x00, 0x00, 0x00,
    0x00, 0x00, 0x00, 0x00, 0x00, 0x00, 0x00, 0x00, 0x00, 0x00, 0x00, 0x00, 0x00, 0x00, 0x00, 0x00,
    0x00, 0x00, 0x00, 0x00, 0x00, 0x00, 0x00, 0x00, 0x00, 0x00, 0x00, 0x00, 0x00, 0x00, 0x00, 0x00,
    0x00, 0x00, 0xe2, 0x00, 0x46, 0x00, 0x26, 0x00, 0x43, 0x00, 0x43, 0x00, 0x25, 0x00, 0xa7, 0x00,
    0xe4, 0x00, 0x63, 0x00, 0x8c, 0x00, 0x2b, 0x00, 0x26, 0x00, 0x08, 0x00, 0x0d, 0x00, 0xe5, 0x00,
    0x89, 0x00, 0xd0, 0x00, 0x40, 0x00, 0x00, 0x00, 0x00, 0x00, 0x00, 0x00, 0x00, 0x00, 0x00, 0x00,
    0x00, 0x00, 0x00, 0x00, 0x00, 0x00, 0x00, 0x00, 0x00, 0x00, 0x00, 0x00, 0x00, 0x00, 0x00, 0x00,
    0x00, 0x00, 0x00, 0x00, 0x00, 0x00, 0x00, 0x00, 0x00, 0x00, 0x00, 0x00, 0x00, 0x00, 0x00, 0x00,
    0x00, 0x00, 0x00, 0x00, 0x00, 0x00, 0x00, 0x00, 0x00, 0x00, 0x00, 0x00, 0x00, 0x00, 0x00, 0x00,
    0x00, 0x00, 0x00, 0x00, 0x00, 0x00, 0x00, 0x00, 0x00, 0x00, 0x00, 0x00, 0x00, 0x00, 0x00, 0x00,
    0x00, 0x00, 0x00, 0x00, 0x00, 0x00, 0x00, 0x00, 0x20, 0x00, 0x05, 0x00, 0xc4, 0x00, 0xa4, 0x00,
    0xa7, 0x00, 0xe8, 0x00, 0x08, 0x00, 0xa7, 0x00, 0x64, 0x00, 0x81, 0x00, 0xc4, 0x00, 0xcd, 0x00,
    0x4b, 0x00, 0x87, 0x00, 0x66, 0x00, 0xaf, 0x00, 0x6c, 0x00, 0x26, 0x00, 0xaa, 0x00, 0xe8, 0x00,
    0x4e, 0x00, 0xcd, 0x00, 0x23, 0x00, 0x43, 0x00, 0x00, 0x00, 0x00, 0x00, 0x00, 0x00, 0x00, 0x00,
    0x00, 0x00, 0x00, 0x00, 0x00, 0x00, 0x00, 0x00, 0x00, 0x00, 0x00, 0x00, 0x00, 0x00, 0x00, 0x00,
    0x00, 0x00, 0x00, 0x00, 0x00, 0x00, 0x00, 0x00, 0x00, 0x00, 0x00, 0x00, 0x00, 0x00, 0x00, 0x00,
    0x00, 0x00, 0x00, 0x00, 0x00, 0x00, 0x00, 0x00, 0x00, 0x00, 0x00, 0x00, 0x00, 0x00, 0x00, 0x00,
    0x00, 0x00, 0x00, 0x00, 0x00, 0x00, 0x00, 0x00, 0x00, 0x00, 0x00, 0x00, 0x00, 0x00, 0x00, 0x00,
    0x00, 0x00, 0x00, 0x00, 0x00, 0x00, 0x00, 0x00, 0x00, 0x00, 0xa1, 0x00, 0x08, 0x00, 0x49, 0x00,
    0x08, 0x00, 0xea, 0x00, 0x2e, 0x00, 0x2e, 0x00, 0x6c, 0x00, 0xe5, 0x00, 0xc4, 0x00, 0x0a, 0x00,
    0x0d, 0x00, 0xaf, 0x00, 0x8c, 0x00, 0x2b, 0x00, 0xcf, 0x00, 0xad, 0x00, 0xe5, 0x00, 0x28, 0x00,
    0x8f, 0x00, 0x89, 0x00, 0xea, 0x00, 0x69, 0x00, 0x00, 0x00, 0x00, 0x00, 0x00, 0x00, 0x00, 0x00,
    0x00, 0x00, 0x00, 0x00, 0x00, 0x00, 0x00, 0x00, 0x00, 0x00, 0x00, 0x00, 0x00, 0x00, 0x00, 0x00,
    0x00, 0x00, 0x00, 0x00, 0x00, 0x00, 0x00, 0x00, 0x00, 0x00, 0x00, 0x00, 0x00, 0x00, 0x00, 0x00,
    0x00, 0x00, 0x00, 0x00, 0x00, 0x00, 0x00, 0x00, 0x00, 0x00, 0x00, 0x00, 0x00, 0x00, 0x00, 0x00,
    0x00, 0x00, 0x00, 0x00, 0x00, 0x00, 0x00, 0x00, 0x00, 0x00, 0x00, 0x00, 0x00, 0x00, 0x00, 0x00,
    0x00, 0x00, 0x00, 0x00, 0x00, 0x00, 0x00, 0x00, 0x00, 0x00, 0x00, 0x00, 0x00, 0x00, 0xc5, 0x00,
    0x46, 0x00, 0x84, 0x00, 0x87, 0x00, 0x4c, 0x00, 0x0d, 0x00, 0x8c, 0x00, 0x08, 0x00, 0xa9, 0x00,
    0xed, 0x00, 0x4e, 0x00, 0x10, 0x00, 0xf0, 0x00, 0x4e, 0x00, 0x51, 0x00, 0x08, 0x00, 0xa9, 0x00,
    0x0d, 0x00, 0x8c, 0x00, 0x10, 0x00, 0x08, 0x00, 0x00, 0x00, 0x00, 0x00, 0x00, 0x00, 0x00, 0x00,
    0x00, 0x00, 0x00, 0x00, 0x00, 0x00, 0x00, 0x00, 0x00, 0x00, 0x00, 0x00, 0x00, 0x00, 0x00, 0x00,
    0x00, 0x00, 0x00, 0x00, 0x00, 0x00, 0x00, 0x00, 0x00, 0x00, 0x00, 0x00, 0x00, 0x00, 0x00, 0x00,
    0x00, 0x00, 0x00, 0x00, 0x00, 0x00, 0x00, 0x00, 0x00, 0x00, 0x00, 0x00, 0x00, 0x00, 0x00, 0x00,
    0x00, 0x00, 0x00, 0x00, 0x00, 0x00, 0x00, 0x00, 0x00, 0x00, 0x00, 0x00, 0x00, 0x00, 0x00, 0x00,
    0x00, 0x00, 0x00, 0x00, 0x00, 0x00, 0x00, 0x00, 0x00, 0x00, 0x00, 0x00, 0x23, 0x00, 0x43, 0x00,
    0x46, 0x00, 0x49, 0x00, 0xc5, 0x00, 0xe5, 0x00, 0x0b, 0x00, 0xac, 0x00, 0x6c, 0x00, 0x6b, 0x00,
    0x6e, 0x00, 0x30, 0x00, 0x31, 0x00, 0x91, 0x00, 0x71, 0x00, 0x10, 0x00, 0x4e, 0x00, 0x8c, 0x00,
    0x4e, 0x00, 0xaf, 0x00, 0x31, 0x00, 0x05, 0x00, 0x00, 0x00, 0x00, 0x00, 0x00, 0x00, 0x00, 0x00,
    0x00, 0x00, 0x00, 0x00, 0x00, 0x00, 0x00, 0x00, 0x00, 0x00, 0x00, 0x00, 0x00, 0x00, 0x00, 0x00,
    0x00, 0x00, 0x00, 0x00, 0x00, 0x00, 0x00, 0x00, 0x00, 0x00, 0x00, 0x00, 0x00, 0x00, 0x00, 0x00,
    0x00, 0x00, 0x00, 0x00, 0x00, 0x00, 0x00, 0x00, 0x00, 0x00, 0x00, 0x00, 0x00, 0x00, 0x00, 0x00,
    0x00, 0x00, 0x00, 0x00, 0x00, 0x00, 0x00, 0x00, 0x00, 0x00, 0x00, 0x00, 0x00, 0x00, 0x00, 0x00,
    0x00, 0x00, 0x00, 0x00, 0x00, 0x00, 0x00, 0x00, 0x81, 0x00, 0xe5, 0x00, 0xa7, 0x00, 0x67, 0x00,
    0x64, 0x00, 0x26, 0x00, 0x67, 0x00, 0x03, 0x00, 0x63, 0x00, 0xca, 0x00, 0xac, 0x00, 0x2e, 0x00,
    0x0d, 0x00, 0x0b, 0x00, 0x0d, 0x00, 0x28, 0x00, 0x0b, 0x00, 0x30, 0x00, 0xcf, 0x00, 0x8f, 0x00,
    0xd0, 0x00, 0xa7, 0x00, 0x67, 0x00, 0x05, 0x00, 0x20, 0x00, 0x00, 0x00, 0x00, 0x00, 0x00, 0x00,
    0x00, 0x00, 0x00, 0x00, 0x00, 0x00, 0x00, 0x00, 0x00, 0x00, 0x00, 0x00, 0x00, 0x00, 0x00, 0x00,
    0x00, 0x00, 0x00, 0x00, 0x00, 0x00, 0x00, 0x00, 0x00, 0x00, 0x00, 0x00, 0x00, 0x00, 0x00, 0x00,
    0x00, 0x00, 0x00, 0x00, 0x00, 0x00, 0x00, 0x00, 0x00, 0x00, 0x00, 0x00, 0x00, 0x00, 0x00, 0x00,
    0x00, 0x00, 0x00, 0x00, 0x00, 0x00, 0x00, 0x00, 0x00, 0x00, 0x00, 0x00, 0x00, 0x00, 0x00, 0x00,
    0x00, 0x00, 0x00, 0x00, 0x00, 0x00, 0xc5, 0x00, 0x49, 0x00, 0x49, 0x00, 0x67, 0x00, 0x47, 0x00,
    0xa5, 0x00, 0xe2, 0x00, 0xe5, 0x00, 0x46, 0x00, 0x46, 0x00, 0x89, 0x00, 0x8c, 0x00, 0x2e, 0x00,
    0xc7, 0x00, 0x67, 0x00, 0x05, 0x00, 0xa7, 0x00, 0x05, 0x00, 0xea, 0x00, 0x30, 0x00, 0x51, 0x00,
    0xcd, 0x00, 0x67, 0x00, 0xe8, 0x00, 0x26, 0x00, 0x00, 0x00, 0x00, 0x00, 0x00, 0x00, 0x00, 0x00,
    0x00, 0x00, 0x00, 0x00, 0x00, 0x00, 0x00, 0x00, 0x00, 0x00, 0x00, 0x00, 0x00, 0x00, 0x00, 0x00,
    0x00, 0x00, 0x00, 0x00, 0x00, 0x00, 0x00, 0x00, 0x00, 0x00, 0x00, 0x00, 0x00, 0x00, 0x00, 0x00,
    0x00, 0x00, 0x00, 0x00, 0x00, 0x00, 0x00, 0x00, 0x00, 0x00, 0x00, 0x00, 0x00, 0x00, 0x00, 0x00,
    0x00, 0x00, 0x00, 0x00, 0x00, 0x00, 0x00, 0x00, 0x00, 0x00, 0x00, 0x00, 0x00, 0x00, 0x00, 0x00,
    0x00, 0x00, 0x00, 0x00, 0x00, 0x00, 0x61, 0x00, 0xe2, 0x00, 0xa2, 0x00, 0x03, 0x00, 0x64, 0x00,
    0x46, 0x00, 0xca, 0x00, 0x2b, 0x00, 0xeb, 0x00, 0xaa, 0x00, 0xca, 0x00, 0x6c, 0x00, 0xed, 0x00,
    0x26, 0x00, 0x09, 0x00, 0x29, 0x00, 0x29, 0x00, 0xa7, 0x00, 0x08, 0x00, 0xcf, 0x00, 0x51, 0x00,
    0x6f, 0x00, 0x26, 0x00, 0x08, 0x00, 0xa4, 0x00, 0x00, 0x00, 0x00, 0x00, 0x00, 0x00, 0x00, 0x00,
    0x00, 0x00, 0x00, 0x00, 0x00, 0x00, 0x00, 0x00, 0x00, 0x00, 0x00, 0x00, 0x00, 0x00, 0x00, 0x00,
    0x00, 0x00, 0x00, 0x00, 0x00, 0x00, 0x00, 0x00, 0x00, 0x00, 0x00, 0x00, 0x00, 0x00, 0x00, 0x00,
    0x00, 0x00, 0x00, 0x00, 0x00, 0x00, 0x00, 0x00, 0x00, 0x00, 0x00, 0x00, 0x00, 0x00, 0x00, 0x00,
    0x00, 0x00, 0x00, 0x00, 0x00, 0x00, 0x00, 0x00, 0x00, 0x00, 0x00, 0x00, 0x00, 0x00, 0x00, 0x00,
    0x00, 0x00, 0x00, 0x00, 0x00, 0x00, 0x00, 0x00, 0x00, 0x00, 0xa1, 0x00, 0xa8, 0x00, 0xc5, 0x00,
    0xe5, 0x00, 0xa7, 0x00, 0x87, 0x00, 0x26, 0x00, 0xc7, 0x00, 0x8a, 0x00, 0x4c, 0x00, 0x4e, 0x00,
    0xaa, 0x00, 0x06, 0x00, 0x87, 0x00, 0xc8, 0x00, 0x26, 0x00, 0xca, 0x00, 0x2d, 0x00, 0xf0, 0x00,
    0x71, 0x00, 0x0b, 0x00, 0x64, 0x00, 0x08, 0x00, 0xa1, 0x00, 0x00, 0x00, 0x00, 0x00, 0x00, 0x00,
    0x00, 0x00, 0x00, 0x00, 0x00, 0x00, 0x00, 0x00, 0x00, 0x00, 0x00, 0x00, 0x00, 0x00, 0x00, 0x00,
    0x00, 0x00, 0x00, 0x00, 0x00, 0x00, 0x00, 0x00, 0x00, 0x00, 0x00, 0x00, 0x00, 0x00, 0x00, 0x00,
    0x00, 0x00, 0x00, 0x00, 0x00, 0x00, 0x00, 0x00, 0x00, 0x00, 0x00, 0x00, 0x00, 0x00, 0x00, 0x00,
    0x00, 0x00, 0x00, 0x00, 0x00, 0x00, 0x00, 0x00, 0x00, 0x00, 0x00, 0x00, 0x00, 0x00, 0x00, 0x00,
    0x00, 0x00, 0x00, 0x00, 0x00, 0x00, 0x00, 0x00, 0x40, 0x00, 0xc8, 0x00, 0xe8, 0x00, 0xe5, 0x00,
    0xc5, 0x00, 0xe3, 0x00, 0xe2, 0x00, 0xa7, 0x00, 0x8a, 0x00, 0x0b, 0x00, 0xac, 0x00, 0x2e, 0x00,
    0xed, 0x00, 0x2b, 0x00, 0x08, 0x00, 0x66, 0x00, 0x28, 0x00, 0x4b, 0x00, 0xac, 0x00, 0xcf, 0x00,
    0x51, 0x00, 0x51, 0x00, 0x0d, 0x00, 0x08, 0x00, 0x40, 0x00, 0x00, 0x00, 0x00, 0x00, 0x00, 0x00,
    0x00, 0x00, 0x00, 0x00, 0x00, 0x00, 0x00, 0x00, 0x00, 0x00, 0x00, 0x00, 0x00, 0x00, 0x00, 0x00,
    0xc2, 0x00, 0x40, 0x00, 0x00, 0x00, 0x00, 0x00, 0x00, 0x00, 0x00, 0x00, 0x00, 0x00, 0x00, 0x00,
    0x00, 0x00, 0x00, 0x00, 0x00, 0x00, 0x00, 0x00, 0x00, 0x00, 0x00, 0x00, 0x00, 0x00, 0x00, 0x00,
    0x00, 0x00, 0x00, 0x00, 0x00, 0x00, 0x00, 0x00, 0x00, 0x00, 0x00, 0x00, 0x00, 0x00, 0x00, 0x00,
    0x00, 0x00, 0x00, 0x00, 0x00, 0x00, 0x00, 0x00, 0x84, 0x00, 0x49, 0x00, 0x26, 0x00, 0xa4, 0x00,
    0x26, 0x00, 0xc5, 0x00, 0xaa, 0x00, 0x0b, 0x00, 0xca, 0x00, 0x2b, 0x00, 0x8c, 0x00, 0x2e, 0x00,
    0xea, 0x00, 0xc5, 0x00, 0xca, 0x00, 0x2b, 0x00, 0x6b, 0x00, 0x8c, 0x00, 0x4e, 0x00, 0x0b, 0x00,
    0xcd, 0x00, 0xf0, 0x00, 0x30, 0x00, 0x6f, 0x00, 0x03, 0x00, 0x00, 0x00, 0x00, 0x00, 0x00, 0x00,
    0x00, 0x00, 0x00, 0x00, 0x00, 0x00, 0x00, 0x00, 0x00, 0x00, 0x00, 0x00, 0x00, 0x00, 0x00, 0x00,
    0x28, 0x00, 0xc2, 0x00, 0x00, 0x00, 0x00, 0x00, 0x00, 0x00, 0x00, 0x00, 0x00, 0x00, 0x00, 0x00,
    0x00, 0x00, 0x00, 0x00, 0x00, 0x00, 0x00, 0x00, 0x00, 0x00, 0x00, 0x00, 0x00, 0x00, 0x00, 0x00,
    0x00, 0x00, 0x00, 0x00, 0x00, 0x00, 0x00, 0x00, 0x00, 0x00, 0x00, 0x00, 0x00, 0x00, 0x00, 0x00,
    0x00, 0x00, 0x00, 0x00, 0x00, 0x00, 0xe2, 0x00, 0x29, 0x00, 0xc8, 0x00, 0x23, 0x00, 0xc5, 0x00,
    0x47, 0x00, 0x84, 0x00, 0x06, 0x00, 0xc5, 0x00, 0x69, 0x00, 0x2b, 0x00, 0x2b, 0x00, 0x6c, 0x00,
    0x4e, 0x00, 0x69, 0x00, 0x43, 0x00, 0x0a, 0x00, 0xac, 0x00, 0xed, 0x00, 0x4e, 0x00, 0x4b, 0x00,
    0x08, 0x00, 0xaf, 0x00, 0x4e, 0x00, 0xac, 0x00, 0x46, 0x00, 0x00, 0x00, 0x00, 0x00, 0x00, 0x00,
    0x00, 0x00, 0x00, 0x00, 0x00, 0x00, 0x00, 0x00, 0x00, 0x00, 0x00, 0x00, 0x00, 0x00, 0xc4, 0x00,
    0x8c, 0x00, 0xa1, 0x00, 0x00, 0x00, 0x00, 0x00, 0x00, 0x00, 0x00, 0x00, 0x00, 0x00, 0x00, 0x00,
    0x00, 0x00, 0x00, 0x00, 0x00, 0x00, 0x00, 0x00, 0x00, 0x00, 0x00, 0x00, 0x00, 0x00, 0x00, 0x00,
    0x00, 0x00, 0x00, 0x00, 0x00, 0x00, 0x00, 0x00, 0x00, 0x00, 0x00, 0x00, 0x00, 0x00, 0x00, 0x00,
    0x00, 0x00, 0x00, 0x00, 0x00, 0x00, 0x44, 0x00, 0xc5, 0x00, 0xa1, 0x00, 0x40, 0x00, 0xe8, 0x00,
    0x87, 0x00, 0x64, 0x00, 0x46, 0x00, 0xa4, 0x00, 0x08, 0x00, 0x67, 0x00, 0xa7, 0x00, 0xea, 0x00,
    0xea, 0x00, 0x0d, 0x00, 0x05, 0x00, 0x40, 0x00, 0xe5, 0x00, 0x28, 0x00, 0x8c, 0x00, 0x4e, 0x00,
    0x4e, 0x00, 0xed, 0x00, 0x0d, 0x00, 0x0d, 0x00, 0x03, 0x00, 0x00, 0x00, 0x00, 0x00, 0x00, 0x00,
    0x00, 0x00, 0x00, 0x00, 0x00, 0x00, 0x61, 0x00, 0x03, 0x00, 0x00, 0x00, 0x46, 0x00, 0x0d, 0x00,
    0x4b, 0x00, 0x61, 0x00, 0x00, 0x00, 0x00, 0x00, 0x00, 0x00, 0x00, 0x00, 0x00, 0x00, 0x00, 0x00,
    0x00, 0x00, 0x00, 0x00, 0x00, 0x00, 0x00, 0x00, 0x00, 0x00, 0x00, 0x00, 0x00, 0x00, 0x00, 0x00,
    0x00, 0x00, 0x00, 0x00, 0x00, 0x00, 0x00, 0x00, 0x00, 0x00, 0x00, 0x00, 0x00, 0x00, 0x00, 0x00,
    0x00, 0x00, 0x00, 0x00, 0x00, 0x00, 0x00, 0x00, 0x00, 0x00, 0x00, 0x00, 0xa2, 0x00, 0x6a, 0x00,
    0x06, 0x00, 0xc5, 0x00, 0x29, 0x00, 0xa8, 0x00, 0xa4, 0x00, 0xe2, 0x00, 0x02, 0x00, 0x05, 0x00,
    0xc7, 0x00, 0x69, 0x00, 0xed, 0x00, 0xa4, 0x00, 0x41, 0x00, 0xc2, 0x00, 0x23, 0x00, 0x05, 0x00,
    0x89, 0x00, 0xcd, 0x00, 0xcc, 0x00, 0xe5, 0x00, 0x00, 0x00, 0x00, 0x00, 0x00, 0x00, 0x00, 0x00,
    0x00, 0x00, 0x00, 0x00, 0x40, 0x00, 0x4b, 0x00, 0xc7, 0x00, 0x48, 0x00, 0xcc, 0x00, 0x2d, 0x00,
    0xa9, 0x00, 0x00, 0x00, 0x00, 0x00, 0x00, 0x00, 0x00, 0x00, 0x00, 0x00, 0x00, 0x00, 0x00, 0x00,
    0x00, 0x00, 0x00, 0x00, 0x00, 0x00, 0x00, 0x00, 0x00, 0x00, 0x00, 0x00, 0x00, 0x00, 0x00, 0x00,
    0x00, 0x00, 0x00, 0x00, 0x00, 0x00, 0x00, 0x00, 0x00, 0x00, 0x00, 0x00, 0x00, 0x00, 0x00, 0x00,
    0x00, 0x00, 0x00, 0x00, 0x00, 0x00, 0x00, 0x00, 0x00, 0x00, 0x00, 0x00, 0xa2, 0x00, 0xe8, 0x00,
    0xe5, 0x00, 0x06, 0x00, 0x87, 0x00, 0x6a, 0x00, 0x49, 0x00, 0x46, 0x00, 0xe5, 0x00, 0xe5, 0x00,
    0xa4, 0x00, 0x63, 0x00, 0x08, 0x00, 0x8c, 0x00, 0x46, 0x00, 0x23, 0x00, 0x84, 0x00, 0xe2, 0x00,
    0x43, 0x00, 0x63, 0x00, 0xe2, 0x00, 0x00, 0x00, 0x00, 0x00, 0x00, 0x00, 0x00, 0x00, 0x00, 0x00,
    0x00, 0x00, 0x00, 0x00, 0xa9, 0x00, 0x0d, 0x00, 0x08, 0x00, 0x2b, 0x00, 0x2b, 0x00, 0xcc, 0x00,
    0xa7, 0x00, 0x00, 0x00, 0x00, 0x00, 0x00, 0x00, 0x00, 0x00, 0x00, 0x00, 0x00, 0x00, 0x00, 0x00,
    0x00, 0x00, 0x00, 0x00, 0x00, 0x00, 0x00, 0x00, 0x00, 0x00, 0x00, 0x00, 0x00, 0x00, 0x00, 0x00,
    0x00, 0x00, 0x00, 0x00, 0x00, 0x00, 0x00, 0x00, 0x00, 0x00, 0x00, 0x00, 0x00, 0x00, 0x00, 0x00,
    0x00, 0x00, 0x00, 0x00, 0x00, 0x00, 0x00, 0x00, 0x00, 0x00, 0x00, 0x00, 0x40, 0x00, 0x43, 0x00,
    0x67, 0x00, 0x26, 0x00, 0xe5, 0x00, 0x6a, 0x00, 0xaa, 0x00, 0xc8, 0x00, 0xa4, 0x00, 0x07, 0x00,
    0x28, 0x00, 0xa6, 0x00, 0xe4, 0x00, 0xa7, 0x00, 0x4b, 0x00, 0xc7, 0x00, 0x84, 0x00, 0xa4, 0x00,
    0xc7, 0x00, 0x00, 0x00, 0x00, 0x00, 0x00, 0x00, 0x00, 0x00, 0x00, 0x00, 0x00, 0x00, 0x00, 0x00,
    0x00, 0x00, 0x84, 0x00, 0x8e, 0x00, 0xe7, 0x00, 0x08, 0x00, 0xac, 0x00, 0x8c, 0x00, 0x2b, 0x00,
    0xc2, 0x00, 0x00, 0x00, 0x00, 0x00, 0x00, 0x00, 0x00, 0x00, 0x00, 0x00, 0x00, 0x00, 0x00, 0x00,
    0x00, 0x00, 0x00, 0x00, 0x00, 0x00, 0x00, 0x00, 0x00, 0x00, 0x00, 0x00, 0x00, 0x00, 0x00, 0x00,
    0x00, 0x00, 0x00, 0x00, 0x00, 0x00, 0x00, 0x00, 0x00, 0x00, 0x00, 0x00, 0x00, 0x00, 0x00, 0x00,
    0x00, 0x00, 0x61, 0x00, 0x23, 0x00, 0x00, 0x00, 0x00, 0x00, 0x00, 0x00, 0x00, 0x00, 0x00, 0x00,
    0x87, 0x00, 0x87, 0x00, 0x03, 0x00, 0xc8, 0x00, 0x08, 0x00, 0xaa, 0x00, 0x87, 0x00, 0x25, 0x00,
    0xea, 0x00, 0xea, 0x00, 0x0a, 0x00, 0x28, 0x00, 0x25, 0x00, 0xc7, 0x00, 0xc7, 0x00, 0x87, 0x00,
    0x02, 0x00, 0x00, 0x00, 0x00, 0x00, 0x00, 0x00, 0x00, 0x00, 0x00, 0x00, 0x00, 0x00, 0x00, 0x00,
    0x00, 0x00, 0x48, 0x00, 0x8c, 0x00, 0xe8, 0x00, 0x4b, 0x00, 0x4b, 0x00, 0xaa, 0x00, 0x43, 0x00,
    0x00, 0x00, 0x00, 0x00, 0x00, 0x00, 0x00, 0x00, 0x00, 0x00, 0x00, 0x00, 0x00, 0x00, 0x00, 0x00,
    0x00, 0x00, 0x00, 0x00, 0x00, 0x00, 0x00, 0x00, 0x00, 0x00, 0x00, 0x00, 0x00, 0x00, 0x00, 0x00,
    0x00, 0x00, 0x00, 0x00, 0x00, 0x00, 0x00, 0x00, 0x20, 0x00, 0xc2, 0x00, 0xe2, 0x00, 0xa2, 0x00,
    0x81, 0x00, 0x40, 0x00, 0x28, 0x00, 0x6b, 0x00, 0x66, 0x00, 0x61, 0x00, 0x00, 0x00, 0x00, 0x00,
    0xa5, 0x00, 0x26, 0x00, 0xe2, 0x00, 0xc8, 0x00, 0x29, 0x00, 0x0b, 0x00, 0x6c, 0x00, 0x86, 0x00,
    0x25, 0x00, 0xca, 0x00, 0x0d, 0x00, 0xf0, 0x00, 0x69, 0x00, 0xe2, 0x00, 0x00, 0x00, 0x00, 0x00,
    0x00, 0x00, 0x00, 0x00, 0x00, 0x00, 0x00, 0x00, 0x00, 0x00, 0x00, 0x00, 0x00, 0x00, 0x00, 0x00,
    0x00, 0x00, 0x28, 0x00, 0x0b, 0x00, 0x0b, 0x00, 0x8a, 0x00, 0xea, 0x00, 0x46, 0x00, 0x23, 0x00,
    0x20, 0x00, 0x00, 0x00, 0x00, 0x00, 0x00, 0x00, 0x00, 0x00, 0x00, 0x00, 0x00, 0x00, 0x00, 0x00,
    0x00, 0x00, 0x00, 0x00, 0x00, 0x00, 0x00, 0x00, 0x00, 0x00, 0x00, 0x00, 0x00, 0x00, 0x00, 0x00,
    0x00, 0x00, 0x00, 0x00, 0x00, 0x00, 0x00, 0x00, 0x20, 0x00, 0x66, 0x00, 0x2b, 0x00, 0xac, 0x00,
    0x0a, 0x00, 0x48, 0x00, 0xe5, 0x00, 0x2b, 0x00, 0x4d, 0x00, 0xea, 0x00, 0x23, 0x00, 0x00, 0x00,
    0x20, 0x00, 0x61, 0x00, 0x81, 0x00, 0xa7, 0x00, 0x08, 0x00, 0xea, 0x00, 0x0b, 0x00, 0xea, 0x00,
    0x08, 0x00, 0x6c, 0x00, 0xcd, 0x00, 0x6e, 0x00, 0x8c, 0x00, 0x0a, 0x00, 0xa7, 0x00, 0x00, 0x00,
    0x00, 0x00, 0x00, 0x00, 0x00, 0x00, 0x00, 0x00, 0x00, 0x00, 0x00, 0x00, 0x00, 0x00, 0x00, 0x00,
    0x00, 0x00, 0x66, 0x00, 0xca, 0x00, 0x28, 0x00, 0x08, 0x00, 0xa7, 0x00, 0xa4, 0x00, 0x81, 0x00,
    0x00, 0x00, 0x00, 0x00, 0x00, 0x00, 0x00, 0x00, 0x00, 0x00, 0x00, 0x00, 0x00, 0x00, 0x00, 0x00,
    0x00, 0x00, 0x00, 0x00, 0x00, 0x00, 0x00, 0x00, 0x00, 0x00, 0x00, 0x00, 0x00, 0x00, 0x00, 0x00,
    0x00, 0x00, 0x00, 0x00, 0x00, 0x00, 0xa1, 0x00, 0x43, 0x00, 0x64, 0x00, 0xa4, 0x00, 0xc7, 0x00,
    0x08, 0x00, 0xa7, 0x00, 0x26, 0x00, 0x46, 0x00, 0xa9, 0x00, 0x69, 0x00, 0x08, 0x00, 0x23, 0x00,
    0x61, 0x00, 0x00, 0x00, 0x20, 0x00, 0xa5, 0x00, 0xa7, 0x00, 0x6b, 0x00, 0x2b, 0x00, 0x8c, 0x00,
    0x89, 0x00, 0xcd, 0x00, 0x92, 0x00, 0xf0, 0x00, 0x4e, 0x00, 0xcf, 0x00, 0xcf, 0x00, 0xc2, 0x00,
    0x00, 0x00, 0x00, 0x00, 0x00, 0x00, 0x00, 0x00, 0xc2, 0x00, 0x00, 0x00, 0x00, 0x00, 0x00, 0x00,
    0x00, 0x00, 0xc4, 0x00, 0x49, 0x00, 0xc5, 0x00, 0x81, 0x00, 0x00, 0x00, 0x00, 0x00, 0x00, 0x00,
    0x00, 0x00, 0x00, 0x00, 0x00, 0x00, 0x00, 0x00, 0x00, 0x00, 0x00, 0x00, 0x00, 0x00, 0x00, 0x00,
    0x00, 0x00, 0x00, 0x00, 0x00, 0x00, 0x00, 0x00, 0x00, 0x00, 0x00, 0x00, 0x00, 0x00, 0x00, 0x00,
    0x00, 0x00, 0x23, 0x00, 0x08, 0x00, 0x2b, 0x00, 0x4b, 0x00, 0x69, 0x00, 0x05, 0x00, 0x84, 0x00,
    0xe8, 0x00, 0x89, 0x00, 0x0b, 0x00, 0x4b, 0x00, 0xca, 0x00, 0x28, 0x00, 0xe7, 0x00, 0x28, 0x00,
    0xc7, 0x00, 0xa4, 0x00, 0x00, 0x00, 0x23, 0x00, 0xe8, 0x00, 0xea, 0x00, 0x8c, 0x00, 0xa9, 0x00,
    0xea, 0x00, 0xc7, 0x00, 0xcd, 0x00, 0x31, 0x00, 0xd2, 0x00, 0x92, 0x00, 0x50, 0x00, 0x89, 0x00,
    0xc2, 0x00, 0x00, 0x00, 0x00, 0x00, 0x03, 0x00, 0x46, 0x00, 0x86, 0x00, 0x8c, 0x00, 0xc2, 0x00,
    0x00, 0x00, 0xe2, 0x00, 0x28, 0x00, 0x81, 0x00, 0x00, 0x00, 0x00, 0x00, 0x00, 0x00, 0x00, 0x00,
    0x00, 0x00, 0x00, 0x00, 0x00, 0x00, 0x00, 0x00, 0x00, 0x00, 0x00, 0x00, 0x00, 0x00, 0x00, 0x00,
    0x00, 0x00, 0x00, 0x00, 0x00, 0x00, 0x00, 0x00, 0x00, 0x00, 0x00, 0x00, 0x00, 0x00, 0x00, 0x00,
    0x05, 0x00, 0x2b, 0x00, 0xea, 0x00, 0xe8, 0x00, 0xe5, 0x00, 0x26, 0x00, 0x28, 0x00, 0x4b, 0x00,
    0xac, 0x00, 0x0d, 0x00, 0x6e, 0x00, 0x2e, 0x00, 0x8c, 0x00, 0x8c, 0x00, 0x0a, 0x00, 0x86, 0x00,
    0x89, 0x00, 0x89, 0x00, 0xa1, 0x00, 0x43, 0x00, 0x8a, 0x00, 0x69, 0x00, 0xaa, 0x00, 0x28, 0x00,
    0x69, 0x00, 0x28, 0x00, 0x6f, 0x00, 0xf0, 0x00, 0x8f, 0x00, 0x31, 0x00, 0x10, 0x00, 0x6e, 0x00,
    0xe8, 0x00, 0xa1, 0x00, 0x00, 0x00, 0xe5, 0x00, 0x08, 0x00, 0xed, 0x00, 0xa9, 0x00, 0xc4, 0x00,
    0x81, 0x00, 0x00, 0x00, 0xe8, 0x00, 0xc5, 0x00, 0x00, 0x00, 0x00, 0x00, 0x00, 0x00, 0x00, 0x00,
    0x00, 0x00, 0x00, 0x00, 0x00, 0x00, 0x00, 0x00, 0x00, 0x00, 0x00, 0x00, 0x00, 0x00, 0x00, 0x00,
    0x00, 0x00, 0x00, 0x00, 0x00, 0x00, 0x00, 0x00, 0x00, 0x00, 0x00, 0x00, 0x00, 0x00, 0x81, 0x00,
    0xe5, 0x00, 0x43, 0x00, 0x23, 0x00, 0xe2, 0x00, 0xa7, 0x00, 0xea, 0x00, 0x6c, 0x00, 0xcd, 0x00,
    0x6c, 0x00, 0xac, 0x00, 0xac, 0x00, 0x4b, 0x00, 0xac, 0x00, 0xac, 0x00, 0x8c, 0x00, 0xea, 0x00,
    0xa7, 0x00, 0x28, 0x00, 0xa4, 0x00, 0xe5, 0x00, 0x69, 0x00, 0xea, 0x00, 0x4b, 0x00, 0xca, 0x00,
    0x08, 0x00, 0xa7, 0x00, 0x6f, 0x00, 0xf3, 0x00, 0x71, 0x00, 0xcf, 0x00, 0x6e, 0x00, 0x30, 0x00,
    0x0b, 0x00, 0xa4, 0x00, 0x00, 0x00, 0x84, 0x00, 0x4b, 0x00, 0x4b, 0x00, 0xea, 0x00, 0x0d, 0x00,
    0x66, 0x00, 0x00, 0x00, 0x84, 0x00, 0x49, 0x00, 0x00, 0x00, 0x00, 0x00, 0x00, 0x00, 0x00, 0x00,
    0x00, 0x00, 0x00, 0x00, 0x00, 0x00, 0x00, 0x00, 0x00, 0x00, 0x00, 0x00, 0x00, 0x00, 0x00, 0x00,
    0x00, 0x00, 0x00, 0x00, 0x00, 0x00, 0x00, 0x00, 0x00, 0x00, 0x00, 0x00, 0x00, 0x00, 0x00, 0x00,
    0x00, 0x00, 0x64, 0x00, 0x64, 0x00, 0xe8, 0x00, 0x0b, 0x00, 0xca, 0x00, 0x4b, 0x00, 0x8c, 0x00,
    0xac, 0x00, 0xcd, 0x00, 0x4b, 0x00, 0xeb, 0x00, 0x6c, 0x00, 0xed, 0x00, 0x4b, 0x00, 0xca, 0x00,
    0x89, 0x00, 0x67, 0x00, 0x64, 0x00, 0x87, 0x00, 0xeb, 0x00, 0xea, 0x00, 0xca, 0x00, 0xea, 0x00,
    0xc7, 0x00, 0xa7, 0x00, 0x6b, 0x00, 0x51, 0x00, 0xb2, 0x00, 0xb2, 0x00, 0xcf, 0x00, 0x10, 0x00,
    0xea, 0x00, 0x46, 0x00, 0x00, 0x00, 0xa7, 0x00, 0xed, 0x00, 0x4b, 0x00, 0x0a, 0x00, 0xe5, 0x00,
    0x00, 0x00, 0x00, 0x00, 0x20, 0x00, 0x89, 0x00, 0xa4, 0x00, 0x00, 0x00, 0x20, 0x00, 0x00, 0x00,
    0x00, 0x00, 0x00, 0x00, 0x00, 0x00, 0x00, 0x00, 0x00, 0x00, 0x00, 0x00, 0x00, 0x00, 0x00, 0x00,
    0x00, 0x00, 0x00, 0x00, 0x00, 0x00, 0x00, 0x00, 0x00, 0x00, 0x00, 0x00, 0x00, 0x00, 0x40, 0x00,
    0x87, 0x00, 0xa7, 0x00, 0x87, 0x00, 0x4b, 0x00, 0x8a, 0x00, 0x2b, 0x00, 0xeb, 0x00, 0x89, 0x00,
    0x0b, 0x00, 0xca, 0x00, 0xca, 0x00, 0x6c, 0x00, 0x4b, 0x00, 0x0b, 0x00, 0x0b, 0x00, 0x69, 0x00,
    0xeb, 0x00, 0xc8, 0x00, 0x43, 0x00, 0x08, 0x00, 0xca, 0x00, 0x2b, 0x00, 0x8c, 0x00, 0x28, 0x00,
    0x46, 0x00, 0xe5, 0x00, 0xc4, 0x00, 0xc7, 0x00, 0x89, 0x00, 0x6e, 0x00, 0x51, 0x00, 0x10, 0x00,
    0xca, 0x00, 0xa7, 0x00, 0xe2, 0x00, 0x2b, 0x00, 0x6c, 0x00, 0xca, 0x00, 0x8c, 0x00, 0xa7, 0x00,
    0x00, 0x00, 0x00, 0x00, 0x00, 0x00, 0x84, 0x00, 0x0b, 0x00, 0x61, 0x00, 0xc2, 0x00, 0x23, 0x00,
    0x00, 0x00, 0x00, 0x00, 0x00, 0x00, 0x00, 0x00, 0x00, 0x00, 0x00, 0x00, 0x00, 0x00, 0x00, 0x00,
    0x00, 0x00, 0x00, 0x00, 0x00, 0x00, 0x00, 0x00, 0x00, 0x00, 0x00, 0x00, 0x00, 0x00, 0x87, 0x00,
    0xe8, 0x00, 0x84, 0x00, 0x0b, 0x00, 0x0b, 0x00, 0x0b, 0x00, 0x6c, 0x00, 0xeb, 0x00, 0xca, 0x00,
    0xaa, 0x00, 0x29, 0x00, 0xe8, 0x00, 0x29, 0x00, 0xaa, 0x00, 0xca, 0x00, 0xaa, 0x00, 0x49, 0x00,
    0x28, 0x00, 0x46, 0x00, 0xe5, 0x00, 0x29, 0x00, 0xea, 0x00, 0xaa, 0x00, 0x0b, 0x00, 0xe8, 0x00,
    0x28, 0x00, 0xc7, 0x00, 0xe8, 0x00, 0xaa, 0x00, 0xea, 0x00, 0x69, 0x00, 0x6c, 0x00, 0xaf, 0x00,
    0x89, 0x00, 0x08, 0x00, 0xa7, 0x00, 0x6c, 0x00, 0x4b, 0x00, 0x4b, 0x00, 0xca, 0x00, 0xa2, 0x00,
    0x00, 0x00, 0x00, 0x00, 0x00, 0x00, 0x00, 0x00, 0x69, 0x00, 0x28, 0x00, 0x03, 0x00, 0xa7, 0x00,
    0x00, 0x00, 0x00, 0x00, 0x00, 0x00, 0x00, 0x00, 0x00, 0x00, 0x00, 0x00, 0x00, 0x00, 0x00, 0x00,
    0x00, 0x00, 0x00, 0x00, 0x00, 0x00, 0x00, 0x00, 0x00, 0x00, 0x00, 0x00, 0x84, 0x00, 0x87, 0x00,
    0x84, 0x00, 0x67, 0x00, 0xaa, 0x00, 0x69, 0x00, 0x2b, 0x00, 0xca, 0x00, 0x49, 0x00, 0x08, 0x00,
    0xc8, 0x00, 0x09, 0x00, 0x29, 0x00, 0x29, 0x00, 0x49, 0x00, 0xea, 0x00, 0x0b, 0x00, 0x2b, 0x00,
    0xeb, 0x00, 0x67, 0x00, 0x46, 0x00, 0x8a, 0x00, 0x8a, 0x00, 0x89, 0x00, 0x69, 0x00, 0x8c, 0x00,
    0x4b, 0x00, 0x2b, 0x00, 0xea, 0x00, 0x6b, 0x00, 0x6b, 0x00, 0x0a, 0x00, 0xe7, 0x00, 0x4b, 0x00,
    0xea, 0x00, 0x87, 0x00, 0x08, 0x00, 0x6b, 0x00, 0x0a, 0x00, 0xa7, 0x00, 0xa1, 0x00, 0x00, 0x00,
    0x00, 0x00, 0x40, 0x00, 0x26, 0x00, 0x02, 0x00, 0x02, 0x00, 0x8c, 0x00, 0x66, 0x00, 0x28, 0x00,
    0x41, 0x00, 0x00, 0x00, 0x00, 0x00, 0x00, 0x00, 0x00, 0x00, 0x00, 0x00, 0x00, 0x00, 0x00, 0x00,
    0x00, 0x00, 0x00, 0x00, 0x00, 0x00, 0x00, 0x00, 0x00, 0x00, 0x20, 0x00, 0xe2, 0x00, 0x81, 0x00,
    0xa7, 0x00, 0xa7, 0x00, 0x8a, 0x00, 0x8a, 0x00, 0x69, 0x00, 0x69, 0x00, 0x6a, 0x00, 0x67, 0x00,
    0x67, 0x00, 0xa7, 0x00, 0x26, 0x00, 0xa7, 0x00, 0x08, 0x00, 0x08, 0x00, 0x69, 0x00, 0xca, 0x00,
    0x69, 0x00, 0xe8, 0x00, 0x66, 0x00, 0xeb, 0x00, 0x8a, 0x00, 0x2b, 0x00, 0x6c, 0x00, 0x6b, 0x00,
    0x49, 0x00, 0x2b, 0x00, 0xea, 0x00, 0xca, 0x00, 0x6c, 0x00, 0xca, 0x00, 0x89, 0x00, 0x08, 0x00,
    0x87, 0x00, 0x26, 0x00, 0x28, 0x00, 0xaa, 0x00, 0x69, 0x00, 0xa4, 0x00, 0x00, 0x00, 0x00, 0x00,
    0x00, 0x00, 0x00, 0x00, 0x64, 0x00, 0xca, 0x00, 0xe5, 0x00, 0x49, 0x00, 0x0a, 0x00, 0x08, 0x00,
    0x23, 0x00, 0x00, 0x00, 0x00, 0x00, 0x00, 0x00, 0x00, 0x00, 0x00, 0x00, 0x00, 0x00, 0x00, 0x00,
    0x00, 0x00, 0x00, 0x00, 0x00, 0x00, 0x00, 0x00, 0x00, 0x00, 0x00, 0x00, 0x00, 0x00, 0x26, 0x00,
    0x29, 0x00, 0x87, 0x00, 0x4b, 0x00, 0xca, 0x00, 0x8a, 0x00, 0x29, 0x00, 0x87, 0x00, 0x26, 0x00,
    0x47, 0x00, 0xa5, 0x00, 0x67, 0x00, 0x08, 0x00, 0xa7, 0x00, 0x29, 0x00, 0x08, 0x00, 0xa8, 0x00,
    0x67, 0x00, 0x67, 0x00, 0xc5, 0x00, 0x49, 0x00, 0x29, 0x00, 0x89, 0x00, 0x69, 0x00, 0x69, 0x00,
    0x49, 0x00, 0x87, 0x00, 0x69, 0x00, 0xea, 0x00, 0xaa, 0x00, 0xaa, 0x00, 0xaa, 0x00, 0xa7, 0x00,
    0x25, 0x00, 0x67, 0x00, 0x29, 0x00, 0x09, 0x00, 0x69, 0x00, 0xa1, 0x00, 0x00, 0x00, 0x00, 0x00,
    0x00, 0x00, 0x00, 0x00, 0x00, 0x00, 0x03, 0x00, 0x08, 0x00, 0x46, 0x00, 0x8c, 0x00, 0x89, 0x00,
    0x43, 0x00, 0x00, 0x00, 0x00, 0x00, 0x00, 0x00, 0x00, 0x00, 0x00, 0x00, 0x00, 0x00, 0x00, 0x00,
    0x00, 0x00, 0x00, 0x00, 0x00, 0x00, 0x00, 0x00, 0x00, 0x00, 0x00, 0x00, 0x64, 0x00, 0xc8, 0x00,
    0xa7, 0x00, 0xa7, 0x00, 0xeb, 0x00, 0xca, 0x00, 0xca, 0x00, 0xa7, 0x00, 0xe5, 0x00, 0x46, 0x00,
    0x02, 0x00, 0x40, 0x00, 0x23, 0x00, 0x67, 0x00, 0x87, 0x00, 0x67, 0x00, 0x09, 0x00, 0x29, 0x00,
    0xe8, 0x00, 0x26, 0x00, 0x23, 0x00, 0xc8, 0x00, 0x69, 0x00, 0x87, 0x00, 0x87, 0x00, 0xc8, 0x00,
    0x67, 0x00, 0xe2, 0x00, 0xc5, 0x00, 0xaa, 0x00, 0x4b, 0x00, 0xc7, 0x00, 0xc7, 0x00, 0x48, 0x00,
    0x66, 0x00, 0x67, 0x00, 0xc8, 0x00, 0x29, 0x00, 0xe5, 0x00, 0x00, 0x00, 0x00, 0x00, 0x00, 0x00,
    0x00, 0x00, 0x00, 0x00, 0x00, 0x00, 0x00, 0x00, 0x64, 0x00, 0xa7, 0x00, 0x2b, 0x00, 0x4b, 0x00,
    0x84, 0x00, 0x00, 0x00, 0x00, 0x00, 0x00, 0x00, 0x00, 0x00, 0x00, 0x00, 0x00, 0x00, 0x00, 0x00,
    0x00, 0x00, 0x00, 0x00, 0x00, 0x00, 0x00, 0x00, 0x00, 0x00, 0x40, 0x00, 0xc8, 0x00, 0x26, 0x00,
    0xc8, 0x00, 0x87, 0x00, 0x08, 0x00, 0xeb, 0x00, 0x0b, 0x00, 0x06, 0x00, 0x46, 0x00, 0xc5, 0x00,
    0x00, 0x00, 0x00, 0x00, 0x00, 0x00, 0x00, 0x00, 0xa4, 0x00, 0x06, 0x00, 0xe5, 0x00, 0x67, 0x00,
    0xe8, 0x00, 0x06, 0x00, 0x06, 0x00, 0x29, 0x00, 0x67, 0x00, 0x84, 0x00, 0x67, 0x00, 0x06, 0x00,
    0x23, 0x00, 0x25, 0x00, 0xe7, 0x00, 0xe5, 0x00, 0x66, 0x00, 0x26, 0x00, 0x28, 0x00, 0xea, 0x00,
    0xa1, 0x00, 0x46, 0x00, 0x6a, 0x00, 0x05, 0x00, 0x00, 0x00, 0x00, 0x00, 0x00, 0x00, 0x00, 0x00,
    0x00, 0x00, 0x00, 0x00, 0x00, 0x00, 0x00, 0x00, 0x00, 0x00, 0x05, 0x00, 0x0b, 0x00, 0x6c, 0x00,
    0x84, 0x00, 0x20, 0x00, 0x00, 0x00, 0x00, 0x00, 0x00, 0x00, 0x00, 0x00, 0x00, 0x00, 0x00, 0x00,
    0x00, 0x00, 0x00, 0x00, 0x00, 0x00, 0x00, 0x00, 0x00, 0x00, 0x43, 0x00, 0x09, 0x00, 0x46, 0x00,
    0xe8, 0x00, 0xc8, 0x00, 0x49, 0x00, 0xca, 0x00, 0x8a, 0x00, 0x26, 0x00, 0xc8, 0x00, 0x03, 0x00,
    0x00, 0x00, 0x00, 0x00, 0x00, 0x00, 0xe5, 0x00, 0xea, 0x00, 0x6c, 0x00, 0x2b, 0x00, 0xaa, 0x00,
    0x66, 0x00, 0xe5, 0x00, 0x87, 0x00, 0x26, 0x00, 0x43, 0x00, 0x64, 0x00, 0x06, 0x00, 0xa5, 0x00,
    0xc5, 0x00, 0x68, 0x00, 0x2a, 0x00, 0x2a, 0x00, 0x07, 0x00, 0xe7, 0x00, 0x0a, 0x00, 0x43, 0x00,
    0x00, 0x00, 0x20, 0x00, 0xe2, 0x00, 0x20, 0x00, 0x00, 0x00, 0x00, 0x00, 0x00, 0x00, 0x00, 0x00,
    0x00, 0x00, 0x00, 0x00, 0x00, 0x00, 0x00, 0x00, 0x00, 0x00, 0x23, 0x00, 0x8c, 0x00, 0x6b, 0x00,
    0x44, 0x00, 0xe5, 0x00, 0x00, 0x00, 0x00, 0x00, 0x00, 0x00, 0x00, 0x00, 0x00, 0x00, 0x00, 0x00,
    0x00, 0x00, 0x00, 0x00, 0x00, 0x00, 0x00, 0x00, 0x00, 0x00, 0xe5, 0x00, 0x09, 0x00, 0xe6, 0x00,
    0xe8, 0x00, 0xc8, 0x00, 0x69, 0x00, 0x8a, 0x00, 0x8a, 0x00, 0xa7, 0x00, 0x87, 0x00, 0xa2, 0x00,
    0x00, 0x00, 0x00, 0x00, 0xa4, 0x00, 0xca, 0x00, 0x6c, 0x00, 0xed, 0x00, 0x6c, 0x00, 0x0d, 0x00,
    0x6b, 0x00, 0xc7, 0x00, 0x46, 0x00, 0x87, 0x00, 0x67, 0x00, 0x67, 0x00, 0x46, 0x00, 0x66, 0x00,
    0x68, 0x00, 0x48, 0x00, 0x4b, 0x00, 0x4b, 0x00, 0x4b, 0x00, 0xea, 0x00, 0xc4, 0x00, 0x00, 0x00,
    0x00, 0x00, 0x00, 0x00, 0x00, 0x00, 0x00, 0x00, 0x00, 0x00, 0x00, 0x00, 0x00, 0x00, 0x00, 0x00,
    0x00, 0x00, 0x00, 0x00, 0x00, 0x00, 0x41, 0x00, 0x40, 0x00, 0x81, 0x00, 0x6c, 0x00, 0x8c, 0x00,
    0x87, 0x00, 0xc7, 0x00, 0x00, 0x00, 0x00, 0x00, 0x00, 0x00, 0x00, 0x00, 0x00, 0x00, 0x00, 0x00,
    0x00, 0x00, 0x00, 0x00, 0x00, 0x00, 0x00, 0x00, 0x00, 0x00, 0x46, 0x00, 0x87, 0x00, 0x43, 0x00,
    0x09, 0x00, 0xc8, 0x00, 0x49, 0x00, 0x0b, 0x00, 0x2b, 0x00, 0xe8, 0x00, 0x47, 0x00, 0x81, 0x00,
    0x00, 0x00, 0x81, 0x00, 0x06, 0x00, 0x67, 0x00, 0x4c, 0x00, 0xea, 0x00, 0x0b, 0x00, 0xcd, 0x00,
    0x6c, 0x00, 0x6c, 0x00, 0x06, 0x00, 0x87, 0x00, 0xe8, 0x00, 0x26, 0x00, 0xa7, 0x00, 0x2a, 0x00,
    0xac, 0x00, 0x28, 0x00, 0xa9, 0x00, 0x8b, 0x00, 0xa9, 0x00, 0xe5, 0x00, 0x67, 0x00, 0x66, 0x00,
    0x00, 0x00, 0x00, 0x00, 0x00, 0x00, 0x00, 0x00, 0x00, 0x00, 0x00, 0x00, 0x00, 0x00, 0x00, 0x00,
    0x00, 0x00, 0x00, 0x00, 0x00, 0x00, 0x40, 0x00, 0xc5, 0x00, 0xe2, 0x00, 0x6c, 0x00, 0x6b, 0x00,
    0xa7, 0x00, 0xe5, 0x00, 0x00, 0x00, 0x00, 0x00, 0x00, 0x00, 0x00, 0x00, 0x00, 0x00, 0x00, 0x00,
    0x00, 0x00, 0x00, 0x00, 0x00, 0x00, 0x00, 0x00, 0x00, 0x00, 0x47, 0x00, 0x44, 0x00, 0x23, 0x00,
    0xe8, 0x00, 0x49, 0x00, 0x29, 0x00, 0x0b, 0x00, 0x0b, 0x00, 0x08, 0x00, 0xc8, 0x00, 0xe2, 0x00,
    0x00, 0x00, 0x81, 0x00, 0x23, 0x00, 0x26, 0x00, 0x08, 0x00, 0x89, 0x00, 0x2b, 0x00, 0xea, 0x00,
    0xaa, 0x00, 0x4b, 0x00, 0x49, 0x00, 0x44, 0x00, 0xa4, 0x00, 0x86, 0x00, 0x68, 0x00, 0x4b, 0x00,
    0x8b, 0x00, 0xc9, 0x00, 0x07, 0x00, 0x28, 0x00, 0x84, 0x00, 0xe5, 0x00, 0xc8, 0x00, 0x08, 0x00,
    0x41, 0x00, 0x00, 0x00, 0x00, 0x00, 0x00, 0x00, 0x00, 0x00, 0x00, 0x00, 0x00, 0x00, 0x00, 0x00,
    0x00, 0x00, 0x00, 0x00, 0x00, 0x00, 0x00, 0x00, 0x05, 0x00, 0x05, 0x00, 0x6c, 0x00, 0x69, 0x00,
    0x46, 0x00, 0xe2, 0x00, 0x00, 0x00, 0x00, 0x00, 0x00, 0x00, 0x00, 0x00, 0x00, 0x00, 0x00, 0x00,
    0x00, 0x00, 0x00, 0x00, 0x00, 0x00, 0x00, 0x00, 0x00, 0x00, 0x64, 0x00, 0x40, 0x00, 0x84, 0x00,
    0x67, 0x00, 0xe8, 0x00, 0xc8, 0x00, 0x69, 0x00, 0xca, 0x00, 0xaa, 0x00, 0x08, 0x00, 0xc5, 0x00,
    0x00, 0x00, 0xc2, 0x00, 0x87, 0x00, 0xa7, 0x00, 0x8a, 0x00, 0x69, 0x00, 0x0b, 0x00, 0xaa, 0x00,
    0xca, 0x00, 0x49, 0x00, 0xc8, 0x00, 0xa4, 0x00, 0x48, 0x00, 0xa9, 0x00, 0xe7, 0x00, 0xea, 0x00,
    0x4b, 0x00, 0xe9, 0x00, 0xa6, 0x00, 0x23, 0x00, 0xa5, 0x00, 0x66, 0x00, 0xe8, 0x00, 0x87, 0x00,
    0x40, 0x00, 0x00, 0x00, 0x00, 0x00, 0x00, 0x00, 0x00, 0x00, 0x00, 0x00, 0x00, 0x00, 0x00, 0x00,
    0x00, 0x00, 0x00, 0x00, 0x00, 0x00, 0x20, 0x00, 0xc5, 0x00, 0xa7, 0x00, 0x0b, 0x00, 0x49, 0x00,
    0xe5, 0x00, 0x00, 0x00, 0x00, 0x00, 0x00, 0x00, 0x00, 0x00, 0x00, 0x00, 0x00, 0x00, 0x00, 0x00,
    0x00, 0x00, 0x00, 0x00, 0x00, 0x00, 0x00, 0x00, 0x00, 0x00, 0x20, 0x00, 0x00, 0x00, 0xa5, 0x00,
    0x47, 0x00, 0x06, 0x00, 0xe8, 0x00, 0x08, 0x00, 0x49, 0x00, 0x0b, 0x00, 0xc8, 0x00, 0x08, 0x00,
    0x20, 0x00, 0xc5, 0x00, 0xa8, 0x00, 0xc8, 0x00, 0x49, 0x00, 0x08, 0x00, 0x8a, 0x00, 0xaa, 0x00,
    0x29, 0x00, 0xe8, 0x00, 0x26, 0x00, 0x86, 0x00, 0xa9, 0x00, 0xea, 0x00, 0x28, 0x00, 0x68, 0x00,
    0x28, 0x00, 0xe5, 0x00, 0x43, 0x00, 0xa5, 0x00, 0x26, 0x00, 0xa8, 0x00, 0xa7, 0x00, 0x23, 0x00,
    0x00, 0x00, 0x00, 0x00, 0x00, 0x00, 0x00, 0x00, 0x00, 0x00, 0x00, 0x00, 0x00, 0x00, 0x00, 0x00,
    0x00, 0x00, 0x00, 0x00, 0x00, 0x00, 0x41, 0x00, 0xe5, 0x00, 0xaa, 0x00, 0x0b, 0x00, 0xaa, 0x00,
    0xa2, 0x00, 0x00, 0x00, 0x00, 0x00, 0x00, 0x00, 0x00, 0x00, 0x00, 0x00, 0x00, 0x00, 0x00, 0x00,
    0x00, 0x00, 0x00, 0x00, 0x00, 0x00, 0x00, 0x00, 0x00, 0x00, 0x00, 0x00, 0x00, 0x00, 0x84, 0x00,
    0xa8, 0x00, 0xc5, 0x00, 0xc8, 0x00, 0x49, 0x00, 0x8a, 0x00, 0xeb, 0x00, 0xe8, 0x00, 0xa7, 0x00,
    0x66, 0x00, 0x84, 0x00, 0xe8, 0x00, 0xa8, 0x00, 0xe8, 0x00, 0x08, 0x00, 0x29, 0x00, 0x08, 0x00,
    0x87, 0x00, 0x09, 0x00, 0x26, 0x00, 0x05, 0x00, 0x86, 0x00, 0xc7, 0x00, 0x25, 0x00, 0xe2, 0x00,
    0x40, 0x00, 0xe3, 0x00, 0x84, 0x00, 0x06, 0x00, 0x26, 0x00, 0xa4, 0x00, 0xa2, 0x00, 0x00, 0x00,
    0x00, 0x00, 0x00, 0x00, 0x00, 0x00, 0x00, 0x00, 0x00, 0x00, 0x00, 0x00, 0x00, 0x00, 0x00, 0x00,
    0x00, 0x00, 0xa1, 0x00, 0x43, 0x00, 0x81, 0x00, 0xaa, 0x00, 0xca, 0x00, 0xca, 0x00, 0xc4, 0x00,
    0x61, 0x00, 0x00, 0x00, 0x00, 0x00, 0x00, 0x00, 0x00, 0x00, 0x00, 0x00, 0x00, 0x00, 0x00, 0x00,
    0x00, 0x00, 0x00, 0x00, 0x00, 0x00, 0x00, 0x00, 0x00, 0x00, 0x00, 0x00, 0x00, 0x00, 0xe2, 0x00,
    0xa8, 0x00, 0x06, 0x00, 0x67, 0x00, 0x49, 0x00, 0x69, 0x00, 0x2b, 0x00, 0x4b, 0x00, 0x46, 0x00,
    0x26, 0x00, 0x06, 0x00, 0x06, 0x00, 0xc8, 0x00, 0xe8, 0x00, 0xa8, 0x00, 0x67, 0x00, 0x87, 0x00,
    0xc8, 0x00, 0x46, 0x00, 0x81, 0x00, 0x00, 0x00, 0x00, 0x00, 0x00, 0x00, 0x00, 0x00, 0x81, 0x00,
    0x26, 0x00, 0x28, 0x00, 0x49, 0x00, 0xc5, 0x00, 0x06, 0x00, 0x46, 0x00, 0xe5, 0x00, 0x66, 0x00,
    0x49, 0x00, 0x49, 0x00, 0x05, 0x00, 0x20, 0x00, 0x00, 0x00, 0x00, 0x00, 0x00, 0x00, 0x00, 0x00,
    0x00, 0x00, 0xe7, 0x00, 0x84, 0x00, 0x08, 0x00, 0x6c, 0x00, 0xea, 0x00, 0x87, 0x00, 0xa4, 0x00,
    0xe2, 0x00, 0x00, 0x00, 0x00, 0x00, 0x00, 0x00, 0x00, 0x00, 0x00, 0x00, 0x00, 0x00, 0x00, 0x00,
    0x00, 0x00, 0x00, 0x00, 0x00, 0x00, 0x00, 0x00, 0x00, 0x00, 0x00, 0x00, 0x00, 0x00, 0x00, 0x00,
    0x26, 0x00, 0x67, 0x00, 0x06, 0x00, 0xa8, 0x00, 0xc8, 0x00, 0x49, 0x00, 0x4c, 0x00, 0x0b, 0x00,
    0x66, 0x00, 0x06, 0x00, 0x43, 0x00, 0x23, 0x00, 0xc5, 0x00, 0x26, 0x00, 0x26, 0x00, 0xe5, 0x00,
    0x84, 0x00, 0x61, 0x00, 0x00, 0x00, 0x00, 0x00, 0x03, 0x00, 0xa7, 0x00, 0xea, 0x00, 0xcc, 0x00,
    0x2b, 0x00, 0x08, 0x00, 0xe5, 0x00, 0x43, 0x00, 0xc5, 0x00, 0x26, 0x00, 0x87, 0x00, 0x29, 0x00,
    0x28, 0x00, 0x69, 0x00, 0x4b, 0x00, 0x66, 0x00, 0x00, 0x00, 0x00, 0x00, 0x00, 0x00, 0x00, 0x00,
    0x05, 0x00, 0x49, 0x00, 0x89, 0x00, 0xac, 0x00, 0x0b, 0x00, 0xc7, 0x00, 0xc8, 0x00, 0xa5, 0x00,
    0x00, 0x00, 0x00, 0x00, 0x00, 0x00, 0x00, 0x00, 0x00, 0x00, 0x00, 0x00, 0x00, 0x00, 0x00, 0x00,
    0x00, 0x00, 0x00, 0x00, 0x00, 0x00, 0x00, 0x00, 0x00, 0x00, 0x00, 0x00, 0x00, 0x00, 0x00, 0x00,
    0xe2, 0x00, 0x26, 0x00, 0xa5, 0x00, 0x67, 0x00, 0xc8, 0x00, 0x87, 0x00, 0xc8, 0x00, 0x49, 0x00,
    0x69, 0x00, 0xea, 0x00, 0xca, 0x00, 0x08, 0x00, 0x46, 0x00, 0x26, 0x00, 0xa4, 0x00, 0xc5, 0x00,
    0x05, 0x00, 0x05, 0x00, 0x46, 0x00, 0x89, 0x00, 0x6c, 0x00, 0x8c, 0x00, 0x6c, 0x00, 0xea, 0x00,
    0xe8, 0x00, 0x89, 0x00, 0xea, 0x00, 0x0a, 0x00, 0x89, 0x00, 0xe8, 0x00, 0x26, 0x00, 0xc5, 0x00,
    0x06, 0x00, 0x26, 0x00, 0x05, 0x00, 0x23, 0x00, 0x00, 0x00, 0x00, 0x00, 0x02, 0x00, 0xe7, 0x00,
    0x0a, 0x00, 0x2b, 0x00, 0x6b, 0x00, 0xca, 0x00, 0xc8, 0x00, 0x29, 0x00, 0x06, 0x00, 0x00, 0x00,
    0x00, 0x00, 0x00, 0x00, 0x00, 0x00, 0x00, 0x00, 0x00, 0x00, 0x00, 0x00, 0x00, 0x00, 0x00, 0x00,
    0x00, 0x00, 0x00, 0x00, 0x00, 0x00, 0x00, 0x00, 0x00, 0x00, 0x00, 0x00, 0x00, 0x00, 0x00, 0x00,
    0x00, 0x00, 0x23, 0x00, 0xa2, 0x00, 0x67, 0x00, 0xc8, 0x00, 0xc8, 0x00, 0xc8, 0x00, 0xe8, 0x00,
    0x49, 0x00, 0x8a, 0x00, 0x4b, 0x00, 0x6c, 0x00, 0x6c, 0x00, 0xea, 0x00, 0x2b, 0x00, 0x8c, 0x00,
    0x6c, 0x00, 0x2b, 0x00, 0x6c, 0x00, 0x2b, 0x00, 0xca, 0x00, 0xaa, 0x00, 0x89, 0x00, 0x08, 0x00,
    0xaa, 0x00, 0x6b, 0x00, 0x8c, 0x00, 0x8c, 0x00, 0xea, 0x00, 0x4b, 0x00, 0x4b, 0x00, 0xca, 0x00,
    0x25, 0x00, 0x43, 0x00, 0x43, 0x00, 0x63, 0x00, 0x66, 0x00, 0xca, 0x00, 0xac, 0x00, 0x6b, 0x00,
    0x4b, 0x00, 0x4b, 0x00, 0x49, 0x00, 0xc8, 0x00, 0xe8, 0x00, 0xc5, 0x00, 0x00, 0x00, 0x00, 0x00,
    0x00, 0x00, 0x00, 0x00, 0x00, 0x00, 0x00, 0x00, 0x00, 0x00, 0x00, 0x00, 0x00, 0x00, 0x00, 0x00,
    0x00, 0x00, 0x00, 0x00, 0x00, 0x00, 0x00, 0x00, 0x00, 0x00, 0x00, 0x00, 0x00, 0x00, 0x00, 0x00,
    0x00, 0x00, 0x00, 0x00, 0x00, 0x00, 0x03, 0x00, 0xe8, 0x00, 0xc8, 0x00, 0xa7, 0x00, 0x08, 0x00,
    0x09, 0x00, 0xc8, 0x00, 0xc8, 0x00, 0x29, 0x00, 0xc8, 0x00, 0xe8, 0x00, 0x8a, 0x00, 0x89, 0x00,
    0x49, 0x00, 0xaa, 0x00, 0x8a, 0x00, 0x8a, 0x00, 0x8a, 0x00, 0x49, 0x00, 0x29, 0x00, 0x08, 0x00,
    0xe8, 0x00, 0x09, 0x00, 0x69, 0x00, 0x8a, 0x00, 0x08, 0x00, 0x28, 0x00, 0xca, 0x00, 0xac, 0x00,
    0xed, 0x00, 0x2b, 0x00, 0xea, 0x00, 0x6c, 0x00, 0xac, 0x00, 0x4b, 0x00, 0x69, 0x00, 0x69, 0x00,
    0x49, 0x00, 0xa7, 0x00, 0x46, 0x00, 0x05, 0x00, 0xc2, 0x00, 0x00, 0x00, 0x00, 0x00, 0x00, 0x00,
    0x00, 0x00, 0x00, 0x00, 0x00, 0x00, 0x00, 0x00, 0x00, 0x00, 0x00, 0x00, 0x00, 0x00, 0x00, 0x00,
    0x00, 0x00, 0x00, 0x00, 0x00, 0x00, 0x00, 0x00, 0x00, 0x00, 0x00, 0x00, 0x00, 0x00, 0x00, 0x00,
    0x00, 0x00, 0x00, 0x00, 0x00, 0x00, 0x00, 0x00, 0x03, 0x00, 0xe8, 0x00, 0x67, 0x00, 0xc5, 0x00,
    0x87, 0x00, 0x87, 0x00, 0x26, 0x00, 0x26, 0x00, 0x47, 0x00, 0x87, 0x00, 0x67, 0x00, 0x46, 0x00,
    0xc8, 0x00, 0x08, 0x00, 0xe8, 0x00, 0xc8, 0x00, 0x87, 0x00, 0x26, 0x00, 0x84, 0x00, 0x03, 0x00,
    0xc2, 0x00, 0x02, 0x00, 0x84, 0x00, 0x66, 0x00, 0x29, 0x00, 0xc8, 0x00, 0x28, 0x00, 0x89, 0x00,
    0xaa, 0x00, 0xca, 0x00, 0x89, 0x00, 0x8a, 0x00, 0x29, 0x00, 0xc8, 0x00, 0x08, 0x00, 0xe8, 0x00,
    0xa7, 0x00, 0xc8, 0x00, 0x46, 0x00, 0xe2, 0x00, 0x00, 0x00, 0x00, 0x00, 0x00, 0x00, 0x00, 0x00,
    0x00, 0x00, 0x00, 0x00, 0x00, 0x00, 0x00, 0x00, 0x00, 0x00, 0x00, 0x00, 0x00, 0x00, 0x00, 0x00,
    0x00, 0x00, 0x00, 0x00, 0x00, 0x00, 0x00, 0x00, 0x00, 0x00, 0x00, 0x00, 0x00, 0x00, 0x00, 0x00,
    0x00, 0x00, 0x00, 0x00, 0x00, 0x00, 0x00, 0x00, 0x00, 0x00, 0x81, 0x00, 0x26, 0x00, 0xc5, 0x00,
    0xa5, 0x00, 0xc8, 0x00, 0xe8, 0x00, 0x87, 0x00, 0x46, 0x00, 0x06, 0x00, 0x26, 0x00, 0xa7, 0x00,
    0x29, 0x00, 0x29, 0x00, 0xe8, 0x00, 0x26, 0x00, 0xc2, 0x00, 0x00, 0x00, 0x00, 0x00, 0x00, 0x00,
    0x00, 0x00, 0x00, 0x00, 0x00, 0x00, 0x00, 0x00, 0x61, 0x00, 0x84, 0x00, 0xc8, 0x00, 0xe8, 0x00,
    0x06, 0x00, 0x46, 0x00, 0xe8, 0x00, 0xe8, 0x00, 0xa8, 0x00, 0xc8, 0x00, 0xa7, 0x00, 0x87, 0x00,
    0x46, 0x00, 0x05, 0x00, 0x03, 0x00, 0x20, 0x00, 0x00, 0x00, 0x00, 0x00, 0x00, 0x00, 0x00, 0x00,
    0x00, 0x00, 0x00, 0x00, 0x00, 0x00, 0x00, 0x00, 0x00, 0x00, 0x00, 0x00, 0x00, 0x00, 0x00, 0x00,
    0x00, 0x00, 0x00, 0x00, 0x00, 0x00, 0x00, 0x00, 0x00, 0x00, 0x00, 0x00, 0x00, 0x00, 0x00, 0x00,
    0x00, 0x00, 0x00, 0x00, 0x00, 0x00, 0x00, 0x00, 0x00, 0x00, 0x00, 0x00, 0x00, 0x00, 0xc2, 0x00,
    0x20, 0x00, 0xa2, 0x00, 0xa4, 0x00, 0x26, 0x00, 0x87, 0x00, 0x87, 0x00, 0x67, 0x00, 0xc5, 0x00,
    0xe2, 0x00, 0xe2, 0x00, 0xc2, 0x00, 0xa2, 0x00, 0x40, 0x00, 0x00, 0x00, 0x00, 0x00, 0x00, 0x00,
    0x00, 0x00, 0x00, 0x00, 0x00, 0x00, 0x00, 0x00, 0x00, 0x00, 0x00, 0x00, 0x81, 0x00, 0xe5, 0x00,
    0x26, 0x00, 0x23, 0x00, 0xa1, 0x00, 0x02, 0x00, 0x84, 0x00, 0xa4, 0x00, 0x03, 0x00, 0x40, 0x00,
    0x00, 0x00, 0x00, 0x00, 0x00, 0x00, 0x00, 0x00, 0x00, 0x00, 0x00, 0x00, 0x00, 0x00, 0x00, 0x00,
    0x00, 0x00, 0x00, 0x00, 0x00, 0x00, 0x00, 0x00, 0x00, 0x00, 0x00, 0x00, 0x00, 0x00, 0x00, 0x00,
    0x00, 0x00, 0x00, 0x00, 0x00, 0x00, 0x00, 0x00, 0x00, 0x00, 0x00, 0x00, 0x00, 0x00, 0x00, 0x00,
    0x00, 0x00, 0x00, 0x00, 0x00, 0x00, 0x00, 0x00, 0x00, 0x00, 0x00, 0x00, 0x00, 0x00, 0x00, 0x00,
    0x00, 0x00, 0x00, 0x00, 0x00, 0x00, 0x20, 0x00, 0x41, 0x00, 0x81, 0x00, 0xa2, 0x00, 0xa2, 0x00,
    0x20, 0x00, 0x00, 0x00, 0x00, 0x00, 0x00, 0x00, 0x00, 0x00, 0x00, 0x00, 0x00, 0x00, 0x00, 0x00,
    0x00, 0x00, 0x00, 0x00, 0x00, 0x00, 0x00, 0x00, 0x00, 0x00, 0x00, 0x00, 0x00, 0x00, 0x00, 0x00,
    0x40, 0x00, 0xa2, 0x00, 0x20, 0x00, 0x00, 0x00, 0x00, 0x00, 0x00, 0x00, 0x00, 0x00, 0x00, 0x00,
    0x00, 0x00, 0x00, 0x00, 0x00, 0x00, 0x00, 0x00, 0x00, 0x00, 0x00, 0x00, 0x00, 0x00, 0x00, 0x00,
    0x00, 0x00, 0x00, 0x00, 0x00, 0x00, 0x00, 0x00, 0x00, 0x00, 0x00, 0x00, 0x00, 0x00, 0x00, 0x00,
    0x00, 0x00, 0x00, 0x00, 0x00, 0x00, 0x00, 0x00, 0x00, 0x00, 0x00, 0x00, 0x00, 0x00, 0x00, 0x00,
    0x00, 0x00, 0x00, 0x00, 0x00, 0x00, 0x00, 0x00, 0x00, 0x00, 0x00, 0x00, 0x00, 0x00, 0x00, 0x00,
    0x00, 0x00, 0x00, 0x00, 0x00, 0x00, 0x00, 0x00, 0x00, 0x00, 0x00, 0x00, 0x00, 0x00, 0x00, 0x00,
    0x00, 0x00, 0x00, 0x00, 0x00, 0x00, 0x00, 0x00, 0x00, 0x00, 0x00, 0x00, 0x00, 0x00, 0x00, 0x00,
    0x00, 0x00, 0x00, 0x00, 0x00, 0x00, 0x00, 0x00, 0x00, 0x00, 0x00, 0x00, 0x00, 0x00, 0x00, 0x00,
    0x00, 0x00, 0x00, 0x00, 0x00, 0x00, 0x00, 0x00, 0x00, 0x00, 0x00, 0x00, 0x00, 0x00, 0x00, 0x00,
    0x00, 0x00, 0x00, 0x00, 0x00, 0x00, 0x00, 0x00, 0x00, 0x00, 0x00, 0x00, 0x00, 0x00, 0x00, 0x00,
    0x00, 0x00, 0x00, 0x00, 0x00, 0x00, 0x00, 0x00, 0x00, 0x00, 0x00, 0x00, 0x00, 0x00, 0x00, 0x00,
    0x00, 0x00, 0x00, 0x00, 0x00, 0x00, 0x00, 0x00, 0x00, 0x00, 0x00, 0x00, 0x00, 0x00, 0x00, 0x00,
    0x00, 0x00, 0x00, 0x00, 0x00, 0x00, 0x00, 0x00, 0x00, 0x00, 0x00, 0x00, 0x00, 0x00, 0x00, 0x00,
    0x00, 0x00, 0x00, 0x00, 0x00, 0x00, 0x00, 0x00, 0x00, 0x00, 0x00, 0x00, 0x00, 0x00, 0x00, 0x00,
    0x00, 0x00, 0x00, 0x00, 0x00, 0x00, 0x00, 0x00, 0x00, 0x00, 0x00, 0x00, 0x00, 0x00, 0x00, 0x00,
    0x00, 0x00, 0x00, 0x00, 0x00, 0x00, 0x00, 0x00, 0x00, 0x00, 0x00, 0x00, 0x00, 0x00, 0x00, 0x00,
    0x00, 0x00, 0x00, 0x00, 0x00, 0x00, 0x00, 0x00, 0x00, 0x00, 0x00, 0x00, 0x00, 0x00, 0x00, 0x00,
    0x00, 0x00, 0x00, 0x00, 0x00, 0x00, 0x00, 0x00, 0x00, 0x00, 0x00, 0x00, 0x00, 0x00, 0x00, 0x00,
    0x00, 0x00, 0x00, 0x00, 0x00, 0x00, 0x00, 0x00, 0x00, 0x00, 0x00, 0x00, 0x00, 0x00, 0x00, 0x00,
    0x00, 0x00, 0x00, 0x00, 0x00, 0x00, 0x00, 0x00, 0x00, 0x00, 0x00, 0x00, 0x00, 0x00, 0x00, 0x00,
    0x00, 0x00, 0x00, 0x00, 0x00, 0x00, 0x00, 0x00, 0x00, 0x00, 0x00, 0x00, 0x00, 0x00, 0x00, 0x00,
    0x00, 0x00, 0x00, 0x00, 0x00, 0x00, 0x00, 0x00, 0x00, 0x00, 0x00, 0x00, 0x00, 0x00, 0x00, 0x00,
    0x00, 0x00, 0x00, 0x00, 0x00, 0x00, 0x00, 0x00, 0x00, 0x00, 0x00, 0x00, 0x00, 0x00, 0x00, 0x00,
    0x00, 0x00, 0x00, 0x00, 0x00, 0x00, 0x00, 0x00, 0x00, 0x00, 0x00, 0x00, 0x00, 0x00, 0x00, 0x00,
    0x00, 0x00, 0x00, 0x00, 0x00, 0x00, 0x00, 0x00, 0x00, 0x00, 0x00, 0x00, 0x00, 0x00, 0x00, 0x00,
    0x00, 0x00, 0x00, 0x00, 0x00, 0x00, 0x00, 0x00, 0x00, 0x00, 0x00, 0x00, 0x00, 0x00, 0x00, 0x00,
    0x00, 0x00, 0x00, 0x00, 0x00, 0x00, 0x00, 0x00, 0x00, 0x00, 0x00, 0x00, 0x00, 0x00, 0x00, 0x00,
    0x00, 0x00, 0x00, 0x00, 0x00, 0x00, 0x00, 0x00, 0x00, 0x00, 0x00, 0x00, 0x00, 0x00, 0x00, 0x00,
    0x00, 0x00, 0x00, 0x00, 0x00, 0x00, 0x00, 0x00, 0x00, 0x00, 0x00, 0x00, 0x00, 0x00, 0x00, 0x00,
    0x00, 0x00, 0x00, 0x00, 0x00, 0x00, 0x00, 0x00, 0x00, 0x00, 0x00, 0x00, 0x00, 0x00, 0x00, 0x00,
    0x00, 0x00, 0x00, 0x00, 0x00, 0x00, 0x00, 0x00, 0x00, 0x00, 0x00, 0x00, 0x00, 0x00, 0x00, 0x00,
    0x00, 0x00, 0x00, 0x00, 0x00, 0x00, 0x00, 0x00, 0x00, 0x00, 0x00, 0x00, 0x00, 0x00, 0x00, 0x00,
    0x00, 0x00, 0x00, 0x00, 0x00, 0x00, 0x00, 0x00, 0x00, 0x00, 0x00, 0x00, 0x00, 0x00, 0x00, 0x00,
    0x00, 0x00, 0x00, 0x00, 0x00, 0x00, 0x00, 0x00, 0x00, 0x00, 0x00, 0x00, 0x00, 0x00, 0x00, 0x00,
    0x00, 0x00, 0x00, 0x00, 0x00, 0x00, 0x00, 0x00, 0x00, 0x00, 0x00, 0x00, 0x00, 0x00, 0x00, 0x00,
    0x00, 0x00, 0x00, 0x00, 0x00, 0x00, 0x00, 0x00, 0x00, 0x00, 0x00, 0x00, 0x00, 0x00, 0x00, 0x00,
    0x00, 0x00, 0x00, 0x00, 0x00, 0x00, 0x00, 0x00, 0x00, 0x00, 0x00, 0x00, 0x00, 0x00, 0x00, 0x00,
    0x00, 0x00, 0x00, 0x00, 0x00, 0x00, 0x00, 0x00, 0x00, 0x00, 0x00, 0x00, 0x00, 0x00, 0x00, 0x00,
    0x00, 0x00, 0x00, 0x00, 0x00, 0x00, 0x00, 0x00, 0x00, 0x00, 0x00, 0x00, 0x00, 0x00, 0x00, 0x00,
    0x00, 0x00, 0x00, 0x00, 0x00, 0x00, 0x00, 0x00, 0x00, 0x00, 0x00, 0x00, 0x00, 0x00, 0x00, 0x00,
    0x00, 0x00, 0x00, 0x00, 0x00, 0x00, 0x0b, 0x00, 0x00, 0x00, 0x00, 0x00, 0x00, 0x00, 0x00, 0x00,
    0x00, 0x00, 0x0b, 0x0c, 0x00, 0x00, 0x00, 0x00, 0x00, 0x00, 0x00, 0x00, 0x00, 0x00, 0x00, 0x00,
    0x00, 0x00, 0x00, 0x00, 0x00, 0x00, 0x00, 0x00, 0x00, 0x00, 0x00, 0x00, 0x00, 0x00, 0x00, 0x00,
    0x00, 0x00, 0x00, 0x00, 0x00, 0x00, 0x00, 0x00, 0x00, 0x00, 0x00, 0x00, 0x00, 0x00, 0x00, 0x00,
    0x00, 0x00, 0x00, 0x00, 0x00, 0x06, 0xd5, 0x01, 0x00, 0x00, 0x00, 0x00, 0x00, 0x00, 0x00, 0x00,
    0x00, 0x02, 0xf3, 0x2c, 0x00, 0x00, 0x00, 0x00, 0x00, 0x00, 0x00, 0x00, 0x00, 0x00, 0x00, 0x00,
    0x00, 0x00, 0x00, 0x00, 0x00, 0x00, 0x00, 0x00, 0x00, 0x00, 0x00, 0x00, 0x00, 0x00, 0x00, 0x00,
    0x00, 0x00, 0x00, 0x00, 0x00, 0x00, 0x00, 0x00, 0x00, 0x00, 0x00, 0x00, 0x00, 0x00, 0x00, 0x00,
    0x00, 0x00, 0x00, 0x00, 0x00, 0x40, 0xff, 0x03, 0x00, 0x00, 0x00, 0x00, 0x00, 0x00, 0x00, 0x00,
    0x00, 0x2a, 0xff, 0x0c, 0x00, 0x00, 0x00, 0x00, 0x00, 0x00, 0x00, 0x00, 0x00, 0x00, 0x00, 0x00,
    0x00, 0x00, 0x00, 0x00, 0x00, 0x00, 0x00, 0x00, 0x00, 0x00, 0x00, 0x00, 0x00, 0x00, 0x00, 0x00,
    0x00, 0x00, 0x00, 0x00, 0x00, 0x00, 0x00, 0x00, 0x00, 0x00, 0x00, 0x00, 0x00, 0x00, 0x00, 0x00,
    0x00, 0x00, 0x00, 0x00, 0x00, 0x68, 0xfd, 0x18, 0x00, 0x00, 0x02, 0x0b, 0x00, 0x00, 0x06, 0x01,
    0x00, 0x30, 0xfd, 0x2d, 0x00, 0x00, 0x00, 0x00, 0x00, 0x00, 0x00, 0x00, 0x00, 0x00, 0x00, 0x00,
    0x00, 0x00, 0x00, 0x00, 0x00, 0x00, 0x00, 0x00, 0x00, 0x00, 0x00, 0x00, 0x00, 0x00, 0x00, 0x00,
    0x00, 0x00, 0x00, 0x00, 0x00, 0x00, 0x00, 0x00, 0x00, 0x00, 0x00, 0x00, 0x00, 0x00, 0x00, 0x00,
    0x00, 0x00, 0x00, 0x00, 0x00, 0x59, 0xfd, 0x91, 0x00, 0x00, 0x8b, 0x73, 0x00, 0x00, 0xba, 0x13,
    0x00, 0x10, 0xff, 0xbc, 0x00, 0x05, 0x18, 0x00, 0x00, 0x00, 0x00, 0x00, 0x00, 0x00, 0x00, 0x00,
    0x00, 0x00, 0x00, 0x00, 0x00, 0x00, 0x00, 0x00, 0x00, 0x00, 0x00, 0x00, 0x00, 0x00, 0x00, 0x00,
    0x00, 0x00, 0x00, 0x00, 0x00, 0x00, 0x00, 0x00, 0x00, 0x00, 0x00, 0x00, 0x00, 0x00, 0x00, 0x00,
    0x00, 0x00, 0x00, 0x00, 0x00, 0x20, 0xff, 0xff, 0x62, 0x01, 0xe4, 0xc1, 0x00, 0x04, 0xff, 0x9b,
    0x01, 0x00, 0xaf, 0xff, 0x51, 0x3c, 0xc7, 0x00, 0x00, 0x00, 0x00, 0x00, 0x00, 0x00, 0x00, 0x00,
    0x00, 0x00, 0x00, 0x00, 0x00, 0x00, 0x00, 0x00, 0x00, 0x00, 0x00, 0x00, 0x00, 0x00, 0x00, 0x00,
    0x00, 0x00, 0x00, 0x00, 0x00, 0x00, 0x00, 0x00, 0x00, 0x00, 0x00, 0x00, 0x00, 0x00, 0x00, 0x00,
    0x00, 0x00, 0x00, 0x00, 0x00, 0x00, 0xaa, 0xfd, 0xff, 0xb9, 0xdc, 0xff, 0x51, 0x01, 0xde, 0xff,
    0xb4, 0x0c, 0x5c, 0xfd, 0xff, 0xe8, 0xff, 0x45, 0x00, 0x00, 0x00, 0x00, 0x00, 0x00, 0x00, 0x00,
    0x00, 0x00, 0x00, 0x00, 0x00, 0x00, 0x00, 0x00, 0x00, 0x00, 0x00, 0x00, 0x00, 0x00, 0x00, 0x00,
    0x00, 0x00, 0x00, 0x00, 0x00, 0x00, 0x00, 0x00, 0x00, 0x00, 0x00, 0x00, 0x00, 0x00, 0x00, 0x00,
    0x00, 0x2d, 0x33, 0x03, 0x01, 0x01, 0x3e, 0xf9, 0xed, 0xff, 0xff, 0xfb, 0xff, 0x78, 0xa8, 0xfb,
    0xff, 0xf7, 0xcc, 0xff, 0xfb, 0xff, 0xf7, 0xff, 0x25, 0x00, 0x37, 0x37, 0x00, 0x00, 0x00, 0x00,
    0x00, 0x00, 0x00, 0x00, 0x00, 0x00, 0x00, 0x00, 0x00, 0x00, 0x00, 0x00, 0x00, 0x00, 0x00, 0x00,
    0x00, 0x00, 0x00, 0x00, 0x00, 0x00, 0x00, 0x00, 0x00, 0x00, 0x00, 0x00, 0x00, 0x00, 0x00, 0x00,
    0x00, 0x27, 0xff, 0xe6, 0xc3, 0xda, 0xff, 0xff, 0xff, 0xff, 0xff, 0xff, 0xfb, 0xff, 0xff, 0xff,
    0xfb, 0xff, 0xff, 0xff, 0xff, 0xfd, 0xfb, 0xfd, 0xdc, 0x08, 0xd9, 0x59, 0x00, 0x00, 0x00, 0x00,
    0x00, 0x00, 0x00, 0x00, 0x00, 0x00, 0x00, 0x00, 0x00, 0x00, 0x00, 0x00, 0x00, 0x00, 0x00, 0x00,
    0x00, 0x00, 0x00, 0x00, 0x00, 0x00, 0x00, 0x00, 0x00, 0x00, 0x00, 0x00, 0x00, 0x00, 0x00, 0x00,
    0x00, 0x00, 0x55, 0xff, 0xff, 0xff, 0xf1, 0x9e, 0x64, 0x5e, 0xbe, 0xfd, 0xfd, 0xf9, 0xff, 0xff,
    0xff, 0xfd, 0xfd, 0xff, 0xff, 0xff, 0xff, 0xff, 0xff, 0xe0, 0xff, 0x2c, 0x00, 0x00, 0x00, 0x00,
    0x00, 0x00, 0x00, 0x00, 0x00, 0x00, 0x00, 0x00, 0x00, 0x00, 0x00, 0x00, 0x00, 0x00, 0x00, 0x00,
    0x00, 0x00, 0x00, 0x00, 0x00, 0x00, 0x00, 0x00, 0x00, 0x00, 0x00, 0x00, 0x00, 0x00, 0x00, 0x00,
    0x00, 0x00, 0x00, 0x0f, 0x33, 0x20, 0x06, 0x00, 0x00, 0x50, 0xa8, 0xfb, 0xfd, 0xff, 0xff, 0xff,
    0xff, 0xff, 0xff, 0xff, 0xff, 0xff, 0xff, 0xff, 0xfd, 0xff, 0xf3, 0x04, 0x00, 0x00, 0x00, 0x00,
    0x00, 0x00, 0x00, 0x00, 0x00, 0x00, 0x00, 0x00, 0x00, 0x00, 0x00, 0x00, 0x00, 0x00, 0x00, 0x00,
    0x00, 0x00, 0x00, 0x00, 0x00, 0x00, 0x00, 0x00, 0x00, 0x00, 0x00, 0x00, 0x00, 0x00, 0x00, 0x00,
    0x00, 0x00, 0x00, 0x00, 0x00, 0x00, 0x00, 0x00, 0x05, 0xcc, 0xff, 0xfb, 0xff, 0xff, 0xff, 0xff,
    0xff, 0xff, 0xff, 0xff, 0xff, 0xff, 0xff, 0xff, 0xf7, 0xfd, 0x5c, 0x00, 0x00, 0x00, 0x00, 0x00,
    0x00, 0x00, 0x00, 0x00, 0x00, 0x00, 0x00, 0x00, 0x00, 0x00, 0x00, 0x00, 0x00, 0x00, 0x00, 0x00,
    0x00, 0x00, 0x00, 0x00, 0x00, 0x00, 0x00, 0x00, 0x00, 0x00, 0x00, 0x00, 0x00, 0x00, 0x00, 0x00,
    0x00, 0x00, 0x00, 0x00, 0x10, 0xd9, 0x7c, 0x8b, 0xd5, 0xef, 0xfb, 0xff, 0xff, 0xff, 0xff, 0xff,
    0xff, 0xff, 0xff, 0xff, 0xff, 0xff, 0xff, 0xff, 0xfb, 0xfd, 0x70, 0x4b, 0x00, 0x00, 0x00, 0x00,
    0x00, 0x00, 0x00, 0x00, 0x00, 0x00, 0x00, 0x00, 0x00, 0x00, 0x00, 0x00, 0x00, 0x00, 0x00, 0x00,
    0x00, 0x00, 0x00, 0x00, 0x00, 0x00, 0x00, 0x00, 0x00, 0x00, 0x00, 0x00, 0x00, 0x00, 0x00, 0x00,
    0x00, 0x00, 0x00, 0x00, 0x00, 0x39, 0xff, 0xff, 0xff, 0xff, 0xff, 0xff, 0xff, 0xff, 0xff, 0xff,
    0xff, 0xff, 0xff, 0xff, 0xff, 0xff, 0xff, 0xff, 0xff, 0xfb, 0xff, 0xba, 0x00, 0x00, 0x00, 0x00,
    0x00, 0x00, 0x00, 0x00, 0x00, 0x00, 0x00, 0x00, 0x00, 0x00, 0x00, 0x00, 0x00, 0x00, 0x00, 0x00,
    0x00, 0x00, 0x00, 0x00, 0x00, 0x00, 0x00, 0x00, 0x00, 0x00, 0x00, 0x00, 0x00, 0x00, 0x00, 0x00,
    0x00, 0x00, 0x00, 0x00, 0x00, 0x00, 0x22, 0xf7, 0xf7, 0xff, 0xff, 0xff, 0xff, 0xff, 0xff, 0xff,
    0xff, 0xff, 0xff, 0xff, 0xff, 0xff, 0xff, 0xff, 0xff, 0xfb, 0xfd, 0xa3, 0x00, 0x00, 0x00, 0x00,
    0x00, 0x00, 0x00, 0x00, 0x00, 0x00, 0x00, 0x00, 0x00, 0x00, 0x00, 0x00, 0x00, 0x00, 0x00, 0x00,
    0x00, 0x00, 0x00, 0x00, 0x00, 0x00, 0x00, 0x00, 0x00, 0x00, 0x00, 0x00, 0x00, 0x00, 0x00, 0x00,
    0x00, 0x00, 0x00, 0x00, 0x00, 0x04, 0x92, 0xfd, 0xfb, 0xff, 0xff, 0xff, 0xff, 0xff, 0xff, 0xff,
    0xff, 0xff, 0xff, 0xff, 0xff, 0xff, 0xff, 0xff, 0xff, 0xf9, 0xff, 0x8b, 0x00, 0x00, 0x00, 0x00,
    0x00, 0x00, 0x00, 0x00, 0x00, 0x00, 0x00, 0x00, 0x00, 0x00, 0x00, 0x00, 0x00, 0x00, 0x00, 0x00,
    0x00, 0x00, 0x00, 0x00, 0x00, 0x00, 0x00, 0x00, 0x00, 0x00, 0x00, 0x00, 0x00, 0x00, 0x00, 0x00,
    0x00, 0x00, 0x00, 0x00, 0x1c, 0xc5, 0xff, 0xfd, 0xff, 0xff, 0xff, 0xff, 0xff, 0xff, 0xff, 0xff,
    0xff, 0xff, 0xff, 0xff, 0xff, 0xff, 0xff, 0xff, 0xff, 0xfd, 0xff, 0xed, 0x03, 0x00, 0x00, 0x00,
    0x00, 0x00, 0x00, 0x00, 0x00, 0x00, 0x00, 0x00, 0x00, 0x00, 0x00, 0x00, 0x00, 0x00, 0x00, 0x00,
    0x00, 0x00, 0x00, 0x00, 0x00, 0x00, 0x00, 0x00, 0x00, 0x00, 0x00, 0x00, 0x00, 0x00, 0x00, 0x00,
    0x00, 0x00, 0x0b, 0xbc, 0xff, 0xff, 0xfb, 0xff, 0xff, 0xff, 0xff, 0xff, 0xff, 0xff, 0xff, 0xff,
    0xff, 0xff, 0xff, 0xff, 0xff, 0xff, 0xff, 0xff, 0xff, 0xfd, 0xff, 0xed, 0x03, 0x00, 0x00, 0x00,
    0x00, 0x00, 0x00, 0x00, 0x00, 0x00, 0x00, 0x00, 0x00, 0x00, 0x00, 0x00, 0x00, 0x00, 0x00, 0x00,
    0x00, 0x00, 0x00, 0x00, 0x00, 0x00, 0x00, 0x00, 0x00, 0x00, 0x00, 0x00, 0x00, 0x00, 0x00, 0x00,
    0x00, 0x00, 0x01, 0x19, 0x56, 0x77, 0xf7, 0xff, 0xff, 0xff, 0xff, 0xff, 0xff, 0xff, 0xff, 0xff,
    0xff, 0xff, 0xff, 0xff, 0xff, 0xff, 0xff, 0xff, 0xff, 0xfd, 0xff, 0xe2, 0x02, 0x00, 0x00, 0x00,
    0x00, 0x00, 0x00, 0x00, 0x00, 0x00, 0x00, 0x00, 0x00, 0x00, 0x00, 0x00, 0x00, 0x00, 0x00, 0x00,
    0x00, 0x00, 0x00, 0x00, 0x00, 0x00, 0x00, 0x00, 0x00, 0x00, 0x00, 0x00, 0x00, 0x00, 0x00, 0x00,
    0x00, 0x00, 0x00, 0x00, 0x00, 0x51, 0xfd, 0xf9, 0xff, 0xff, 0xff, 0xff, 0xff, 0xff, 0xff, 0xff,
    0xff, 0xff, 0xff, 0xff, 0xff, 0xff, 0xff, 0xff, 0xff, 0xff, 0xfb, 0xff, 0x11, 0x00, 0x00, 0x00,
    0x00, 0x00, 0x00, 0x00, 0x00, 0x00, 0x00, 0x00, 0x00, 0x00, 0x00, 0x00, 0x00, 0x00, 0x00, 0x00,
    0x00, 0x00, 0x00, 0x00, 0x00, 0x00, 0x00, 0x00, 0x00, 0x00, 0x00, 0x00, 0x00, 0x00, 0x00, 0x00,
    0x00, 0x00, 0x00, 0x00, 0x18, 0xff, 0xf9, 0xff, 0xff, 0xff, 0xff, 0xff, 0xff, 0xff, 0xff, 0xff,
    0xff, 0xff, 0xff, 0xff, 0xff, 0xff, 0xff, 0xff, 0xff, 0xff, 0xfb, 0xff, 0x0d, 0x00, 0x00, 0x00,
    0x00, 0x00, 0x00, 0x00, 0x00, 0x00, 0x00, 0x00, 0x3d, 0x09, 0x00, 0x00, 0x00, 0x00, 0x00, 0x00,
    0x00, 0x00, 0x00, 0x00, 0x00, 0x00, 0x00, 0x00, 0x00, 0x00, 0x00, 0x00, 0x00, 0x00, 0x00, 0x00,
    0x00, 0x00, 0x00, 0x00, 0xa6, 0xf5, 0xfb, 0xff, 0xff, 0xff, 0xff, 0xff, 0xff, 0xff, 0xff, 0xff,
    0xff, 0xff, 0xff, 0xff, 0xff, 0xff, 0xff, 0xff, 0xff, 0xff, 0xf9, 0xff, 0x3f, 0x00, 0x00, 0x00,
    0x00, 0x00, 0x00, 0x00, 0x00, 0x00, 0x00, 0x03, 0xf9, 0x1e, 0x00, 0x00, 0x00, 0x00, 0x00, 0x00,
    0x00, 0x00, 0x00, 0x00, 0x00, 0x00, 0x00, 0x00, 0x00, 0x00, 0x00, 0x00, 0x00, 0x00, 0x00, 0x00,
    0x00, 0x00, 0x00, 0x4b, 0xff, 0xff, 0xfd, 0xfd, 0xff, 0xff, 0xff, 0xff, 0xff, 0xff, 0xff, 0xff,
    0xff, 0xff, 0xff, 0xff, 0xff, 0xff, 0xff, 0xff, 0xff, 0xff, 0xf7, 0xfb, 0x82, 0x00, 0x00, 0x00,
    0x00, 0x00, 0x00, 0x00, 0x00, 0x00, 0x00, 0x8c, 0xff, 0x2c, 0x00, 0x00, 0x00, 0x00, 0x00, 0x00,
    0x00, 0x00, 0x00, 0x00, 0x00, 0x00, 0x00, 0x00, 0x00, 0x00, 0x00, 0x00, 0x00, 0x00, 0x00, 0x00,
    0x00, 0x00, 0x01, 0x97, 0xad, 0x52, 0x3b, 0xfd, 0xfb, 0xff, 0xff, 0xff, 0xff, 0xff, 0xff, 0xff,
    0xff, 0xff, 0xff, 0xff, 0xff, 0xff, 0xff, 0xff, 0xff, 0xf9, 0xf1, 0xff, 0x34, 0x00, 0x00, 0x00,
    0x00, 0x00, 0x00, 0x1b, 0x5d, 0x09, 0xa0, 0xff, 0xfd, 0x2a, 0x00, 0x00, 0x00, 0x00, 0x00, 0x00,
    0x00, 0x00, 0x00, 0x00, 0x00, 0x00, 0x00, 0x00, 0x00, 0x00, 0x00, 0x00, 0x00, 0x00, 0x00, 0x00,
    0x00, 0x00, 0x00, 0x00, 0x00, 0x00, 0x2d, 0xfd, 0xf7, 0xff, 0xff, 0xff, 0xff, 0xff, 0xff, 0xff,
    0xff, 0xff, 0xff, 0xff, 0xff, 0xff, 0xff, 0xff, 0xff, 0xff, 0xff, 0x92, 0x00, 0x00, 0x00, 0x00,
    0x00, 0x00, 0x1e, 0xff, 0xd9, 0xef, 0xff, 0xf5, 0xff, 0x10, 0x00, 0x00, 0x00, 0x00, 0x00, 0x00,
    0x00, 0x00, 0x00, 0x00, 0x00, 0x00, 0x00, 0x00, 0x00, 0x00, 0x00, 0x00, 0x00, 0x00, 0x00, 0x00,
    0x00, 0x00, 0x00, 0x00, 0x00, 0x00, 0x29, 0xff, 0xf7, 0xff, 0xff, 0xff, 0xff, 0xff, 0xff, 0xff,
    0xff, 0xff, 0xff, 0xff, 0xff, 0xff, 0xff, 0xfd, 0xf9, 0x7b, 0x38, 0x00, 0x00, 0x00, 0x00, 0x00,
    0x00, 0x06, 0xf3, 0xfb, 0xff, 0xff, 0xf7, 0xfb, 0xd3, 0x00, 0x00, 0x00, 0x00, 0x00, 0x00, 0x00,
    0x00, 0x00, 0x00, 0x00, 0x00, 0x00, 0x00, 0x00, 0x00, 0x00, 0x00, 0x00, 0x00, 0x00, 0x00, 0x00,
    0x00, 0x00, 0x00, 0x00, 0x00, 0x00, 0x06, 0xc1, 0xfd, 0xfd, 0xfd, 0xff, 0xff, 0xff, 0xff, 0xff,
    0xff, 0xff, 0xff, 0xff, 0xff, 0xff, 0xfb, 0xfd, 0xff, 0x02, 0x00, 0x00, 0x00, 0x00, 0x00, 0x00,
    0x00, 0x66, 0xff, 0xf7, 0xfd, 0xfd, 0xf9, 0xff, 0x38, 0x00, 0x00, 0x00, 0x00, 0x00, 0x00, 0x00,
    0x00, 0x00, 0x00, 0x00, 0x00, 0x00, 0x00, 0x00, 0x00, 0x00, 0x00, 0x00, 0x00, 0x00, 0x00, 0x00,
    0x00, 0x11, 0x30, 0x08, 0x00, 0x00, 0x00, 0x04, 0xeb, 0xfd, 0xff, 0xff, 0xff, 0xff, 0xff, 0xff,
    0xff, 0xff, 0xff, 0xff, 0xff, 0xfd, 0xff, 0xff, 0x46, 0x00, 0x00, 0x00, 0x00, 0x00, 0x00, 0x00,
    0x00, 0xcc, 0xfd, 0xfb, 0xff, 0xf9, 0xf7, 0x79, 0x00, 0x00, 0x00, 0x00, 0x00, 0x00, 0x00, 0x00,
    0x00, 0x00, 0x00, 0x00, 0x00, 0x00, 0x00, 0x00, 0x00, 0x00, 0x00, 0x00, 0x07, 0x11, 0x1c, 0x20,
    0x14, 0x29, 0xff, 0xfd, 0x89, 0x12, 0x00, 0x00, 0x89, 0xff, 0xb4, 0xff, 0xfd, 0xff, 0xff, 0xff,
    0xff, 0xff, 0xff, 0xff, 0xfb, 0xf9, 0x43, 0x09, 0x00, 0x00, 0x00, 0x00, 0x00, 0x00, 0x00, 0x00,
    0x03, 0xeb, 0xff, 0xfd, 0xf7, 0xff, 0xff, 0x79, 0x01, 0x00, 0x00, 0x00, 0x00, 0x00, 0x00, 0x00,
    0x00, 0x00, 0x00, 0x00, 0x00, 0x00, 0x00, 0x00, 0x00, 0x00, 0x00, 0x00, 0x22, 0xef, 0xff, 0xff,
    0xff, 0xed, 0xef, 0xff, 0xff, 0xff, 0x4b, 0x00, 0x06, 0x20, 0x5e, 0xff, 0xf7, 0xff, 0xff, 0xff,
    0xff, 0xff, 0xff, 0xff, 0xfb, 0xff, 0xa6, 0x00, 0x00, 0x00, 0x00, 0x00, 0x00, 0x00, 0x00, 0x00,
    0x00, 0xc5, 0xff, 0xff, 0xff, 0xf1, 0x80, 0x12, 0x00, 0x00, 0x00, 0x00, 0x00, 0x00, 0x00, 0x00,
    0x00, 0x00, 0x00, 0x00, 0x00, 0x00, 0x00, 0x00, 0x00, 0x00, 0x01, 0x20, 0x4a, 0xb2, 0xf7, 0xf5,
    0xf9, 0xff, 0xff, 0xfd, 0xf9, 0xfb, 0xff, 0x62, 0x43, 0x00, 0x2a, 0xff, 0xf7, 0xff, 0xff, 0xff,
    0xff, 0xff, 0xff, 0xff, 0xff, 0xf9, 0xff, 0x4a, 0x00, 0x00, 0x00, 0x01, 0x43, 0x04, 0x04, 0x00,
    0x00, 0x83, 0xff, 0xe4, 0x38, 0x05, 0x00, 0x00, 0x00, 0x00, 0x00, 0x00, 0x00, 0x00, 0x00, 0x00,
    0x00, 0x00, 0x00, 0x00, 0x00, 0x00, 0x00, 0x00, 0x00, 0x34, 0xce, 0xff, 0xff, 0xff, 0xff, 0xff,
    0xff, 0xfd, 0xff, 0xff, 0xff, 0xfd, 0xfb, 0xff, 0xff, 0xa6, 0x09, 0xe9, 0xfd, 0xfd, 0xff, 0xff,
    0xff, 0xff, 0xff, 0xff, 0xff, 0xff, 0xf7, 0xff, 0x66, 0x00, 0x00, 0x45, 0xff, 0xc1, 0xf5, 0x36,
    0x00, 0x3c, 0xfd, 0x59, 0x00, 0x00, 0x00, 0x00, 0x00, 0x00, 0x00, 0x00, 0x00, 0x00, 0x00, 0x00,
    0x00, 0x00, 0x00, 0x00, 0x00, 0x00, 0x00, 0x01, 0x8e, 0xff, 0xff, 0xf9, 0xf7, 0xfd, 0xff, 0xff,
    0xff, 0xff, 0xff, 0xff, 0xff, 0xff, 0xff, 0xfd, 0xf7, 0xff, 0x88, 0xce, 0xff, 0xfd, 0xff, 0xff,
    0xff, 0xff, 0xff, 0xff, 0xff, 0xff, 0xff, 0xf5, 0xff, 0x26, 0x00, 0xc0, 0xfd, 0xff, 0xff, 0xb0,
    0x10, 0x06, 0xff, 0x7c, 0x00, 0x00, 0x00, 0x00, 0x00, 0x00, 0x00, 0x00, 0x00, 0x00, 0x00, 0x00,
    0x00, 0x00, 0x00, 0x00, 0x00, 0x00, 0x00, 0x2d, 0xab, 0x80, 0xf1, 0xfd, 0xff, 0xff, 0xff, 0xff,
    0xff, 0xff, 0xff, 0xff, 0xff, 0xff, 0xff, 0xff, 0xff, 0xfb, 0xff, 0xff, 0xff, 0xff, 0xff, 0xff,
    0xff, 0xff, 0xff, 0xff, 0xff, 0xff, 0xff, 0xf9, 0xfb, 0xa0, 0x02, 0xf1, 0xff, 0xfb, 0xf9, 0xff,
    0xa8, 0x00, 0x95, 0xf7, 0x03, 0x00, 0x00, 0x00, 0x00, 0x00, 0x00, 0x00, 0x00, 0x00, 0x00, 0x00,
    0x00, 0x00, 0x00, 0x00, 0x00, 0x00, 0x00, 0x00, 0x07, 0x92, 0xf9, 0xfd, 0xff, 0xff, 0xff, 0xff,
    0xff, 0xff, 0xff, 0xff, 0xff, 0xff, 0xff, 0xff, 0xff, 0xff, 0xfb, 0xff, 0xff, 0xff, 0xff, 0xff,
    0xff, 0xff, 0xff, 0xff, 0xff, 0xff, 0xff, 0xff, 0xff, 0xef, 0x18, 0xeb, 0xff, 0xf9, 0xfd, 0x9e,
    0x02, 0x00, 0x13, 0xff, 0x70, 0x00, 0x09, 0x04, 0x00, 0x00, 0x00, 0x00, 0x00, 0x00, 0x00, 0x00,
    0x00, 0x00, 0x00, 0x00, 0x00, 0x00, 0x00, 0x0f, 0xe4, 0xff, 0xfd, 0xff, 0xff, 0xff, 0xff, 0xff,
    0xff, 0xff, 0xff, 0xff, 0xff, 0xff, 0xff, 0xff, 0xff, 0xff, 0xff, 0xff, 0xff, 0xff, 0xff, 0xff,
    0xff, 0xff, 0xff, 0xff, 0xff, 0xff, 0xff, 0xff, 0xff, 0xff, 0x83, 0xf7, 0xff, 0xf9, 0xfd, 0xc7,
    0x00, 0x00, 0x00, 0x92, 0xff, 0x11, 0x43, 0x58, 0x00, 0x00, 0x00, 0x00, 0x00, 0x00, 0x00, 0x00,
    0x00, 0x00, 0x00, 0x00, 0x00, 0x00, 0x03, 0xe2, 0xff, 0xf7, 0xff, 0xff, 0xff, 0xff, 0xff, 0xff,
    0xff, 0xff, 0xff, 0xff, 0xff, 0xff, 0xff, 0xff, 0xff, 0xff, 0xff, 0xff, 0xff, 0xff, 0xff, 0xff,
    0xff, 0xff, 0xff, 0xff, 0xff, 0xff, 0xff, 0xff, 0xff, 0xff, 0xff, 0xff, 0xff, 0xf9, 0xff, 0x2c,
    0x00, 0x00, 0x00, 0x05, 0xeb, 0xca, 0x98, 0xcc, 0x00, 0x00, 0x00, 0x00, 0x00, 0x00, 0x00, 0x00,
    0x00, 0x00, 0x00, 0x00, 0x00, 0x00, 0x91, 0xff, 0xf3, 0xff, 0xff, 0xff, 0xff, 0xff, 0xff, 0xff,
    0xff, 0xff, 0xff, 0xff, 0xff, 0xff, 0xff, 0xff, 0xff, 0xff, 0xff, 0xff, 0xff, 0xff, 0xff, 0xff,
    0xff, 0xff, 0xff, 0xff, 0xff, 0xff, 0xff, 0xff, 0xff, 0xff, 0xfd, 0xff, 0xfb, 0xff, 0x37, 0x00,
    0x00, 0x12, 0xb4, 0x3b, 0x98, 0xff, 0xff, 0xfd, 0x0b, 0x00, 0x00, 0x00, 0x00, 0x00, 0x00, 0x00,
    0x00, 0x00, 0x00, 0x00, 0x00, 0x0a, 0x77, 0x82, 0xfb, 0xfb, 0xff, 0xff, 0xff, 0xff, 0xff, 0xff,
    0xfb, 0xf7, 0xf9, 0xff, 0xff, 0xff, 0xff, 0xff, 0xff, 0xff, 0xff, 0xff, 0xff, 0xff, 0xff, 0xff,
    0xff, 0xff, 0xff, 0xff, 0xff, 0xff, 0xff, 0xff, 0xff, 0xff, 0xff, 0xf9, 0xfd, 0x9a, 0x00, 0x00,
    0x00, 0x00, 0x6f, 0xff, 0xf5, 0xfd, 0xf5, 0xff, 0x37, 0x00, 0x00, 0x00, 0x00, 0x00, 0x00, 0x00,
    0x00, 0x00, 0x00, 0x00, 0x00, 0x00, 0x0e, 0xeb, 0xfb, 0xfd, 0xff, 0xff, 0xff, 0xff, 0xff, 0xfd,
    0xff, 0xff, 0xff, 0xff, 0xff, 0xff, 0xff, 0xff, 0xff, 0xff, 0xff, 0xff, 0xff, 0xff, 0xff, 0xff,
    0xff, 0xff, 0xff, 0xff, 0xff, 0xff, 0xff, 0xff, 0xf9, 0xfd, 0xff, 0xf7, 0xff, 0x25, 0x00, 0x00,
    0x00, 0x00, 0x00, 0x62, 0xff, 0xf9, 0xf9, 0xff, 0x73, 0x00, 0x00, 0x00, 0x00, 0x00, 0x00, 0x00,
    0x00, 0x00, 0x00, 0x00, 0x00, 0x00, 0xa8, 0xff, 0xf9, 0xff, 0xff, 0xff, 0xff, 0xff, 0xfb, 0xff,
    0xa6, 0x39, 0x8b, 0xff, 0xfd, 0xff, 0xff, 0xff, 0xff, 0xff, 0xff, 0xff, 0xff, 0xff, 0xff, 0xff,
    0xff, 0xff, 0xff, 0xff, 0xff, 0xff, 0xff, 0xfd, 0xff, 0xff, 0xf1, 0xff, 0xaf, 0x00, 0x00, 0x00,
    0x00, 0x00, 0x00, 0x00, 0x98, 0xff, 0xf5, 0xff, 0xa5, 0x00, 0x00, 0x00, 0x00, 0x00, 0x00, 0x00,
    0x00, 0x00, 0x00, 0x00, 0x00, 0x16, 0xff, 0xf9, 0xff, 0xff, 0xff, 0xff, 0xff, 0xfd, 0xfd, 0xe2,
    0x02, 0x00, 0x00, 0x2a, 0xfb, 0xfb, 0xff, 0xff, 0xff, 0xff, 0xff, 0xff, 0xff, 0xff, 0xff, 0xff,
    0xff, 0xff, 0xff, 0xff, 0xff, 0xff, 0xff, 0xff, 0x63, 0xf3, 0xff, 0xdc, 0x06, 0x00, 0x00, 0x00,
    0x00, 0x00, 0x00, 0x00, 0x0b, 0xfb, 0xf9, 0xff, 0xb4, 0x11, 0x00, 0x00, 0x00, 0x00, 0x00, 0x00,
    0x00, 0x00, 0x00, 0x00, 0x00, 0x70, 0xfd, 0xf7, 0xff, 0xff, 0xff, 0xff, 0xff, 0xf7, 0xff, 0x78,
    0x00, 0x00, 0x04, 0xad, 0xfd, 0xfd, 0xff, 0xff, 0xff, 0xff, 0xff, 0xff, 0xff, 0xff, 0xff, 0xff,
    0xff, 0xff, 0xff, 0xff, 0xff, 0xf9, 0xf9, 0x49, 0x00, 0x09, 0x36, 0x09, 0x00, 0x00, 0x00, 0x00,
    0x00, 0x00, 0x00, 0x00, 0x00, 0xa8, 0xff, 0xfb, 0xeb, 0xca, 0x01, 0x00, 0x00, 0x00, 0x00, 0x00,
    0x00, 0x00, 0x00, 0x00, 0x00, 0xca, 0xfd, 0xfb, 0xff, 0xff, 0xff, 0xff, 0xff, 0xf7, 0xff, 0x47,
    0x00, 0x00, 0x98, 0xff, 0xf9, 0xff, 0xff, 0xff, 0xff, 0xff, 0xff, 0xff, 0xff, 0xff, 0xff, 0xff,
    0xff, 0xff, 0xff, 0xff, 0xfd, 0xfb, 0xe6, 0x0c, 0x00, 0x00, 0x00, 0x00, 0x00, 0x00, 0x00, 0x00,
    0x00, 0x00, 0x00, 0x14, 0x13, 0x4a, 0xff, 0xf3, 0xff, 0xc8, 0x00, 0x00, 0x00, 0x00, 0x00, 0x00,
    0x00, 0x00, 0x00, 0x00, 0x04, 0xf3, 0xff, 0xff, 0xff, 0xff, 0xff, 0xff, 0xff, 0xf7, 0xff, 0x40,
    0x00, 0x34, 0xff, 0xf5, 0xff, 0xff, 0xff, 0xff, 0xff, 0xff, 0xff, 0xff, 0xff, 0xff, 0xff, 0xff,
    0xff, 0xff, 0xff, 0xff, 0xff, 0xfd, 0xff, 0xe6, 0x03, 0x00, 0x00, 0x00, 0x00, 0x00, 0x00, 0x00,
    0x00, 0x00, 0x00, 0x0c, 0xef, 0xa6, 0xff, 0xf7, 0xfd, 0x8e, 0x00, 0x00, 0x00, 0x00, 0x00, 0x00,
    0x00, 0x00, 0x00, 0x00, 0x06, 0xff, 0xf5, 0xf7, 0xff, 0xff, 0xff, 0xff, 0xff, 0xf7, 0xff, 0x55,
    0x00, 0x69, 0xf9, 0xfb, 0xff, 0xff, 0xff, 0xff, 0xff, 0xff, 0xff, 0xff, 0xff, 0xff, 0xff, 0xff,
    0xff, 0xff, 0xff, 0xff, 0xff, 0xff, 0xf7, 0xff, 0x20, 0x00, 0x00, 0x00, 0x00, 0x00, 0x00, 0x00,
    0x00, 0x00, 0x00, 0x00, 0xd9, 0xff, 0xfd, 0xf7, 0xff, 0x3c, 0x00, 0x00, 0x00, 0x00, 0x00, 0x00,
    0x00, 0x00, 0x00, 0x00, 0x04, 0xe6, 0x44, 0xf7, 0xff, 0xff, 0xff, 0xff, 0xff, 0xfb, 0xff, 0xaf,
    0x00, 0x55, 0xff, 0xf9, 0xff, 0xff, 0xff, 0xff, 0xff, 0xff, 0xff, 0xfd, 0xff, 0xfd, 0xfb, 0xf7,
    0xfd, 0xff, 0xff, 0xff, 0xff, 0xff, 0xf7, 0xff, 0x14, 0x00, 0x00, 0x00, 0x00, 0x00, 0x00, 0x00,
    0x00, 0x00, 0x00, 0x04, 0xf1, 0xfb, 0xfd, 0xfd, 0xf9, 0x05, 0x00, 0x00, 0x00, 0x00, 0x00, 0x00,
    0x00, 0x00, 0x00, 0x00, 0x00, 0x10, 0x06, 0xff, 0xfd, 0xff, 0xff, 0xff, 0xff, 0xff, 0xfd, 0xff,
    0x27, 0xcf, 0xff, 0xfd, 0xff, 0xff, 0xff, 0xff, 0xff, 0xff, 0xfb, 0xff, 0xff, 0xff, 0xff, 0xff,
    0xff, 0xff, 0xff, 0xff, 0xff, 0xfb, 0xff, 0x82, 0x00, 0x00, 0x00, 0x00, 0x00, 0x00, 0x00, 0x00,
    0x00, 0x00, 0x03, 0x1d, 0xff, 0xf9, 0xf9, 0xff, 0x57, 0x00, 0x00, 0x00, 0x00, 0x00, 0x00, 0x00,
    0x00, 0x00, 0x00, 0x00, 0x00, 0x00, 0x00, 0xc8, 0xff, 0xfb, 0xff, 0xff, 0xff, 0xff, 0xfd, 0xff,
    0xf5, 0xf7, 0xff, 0xff, 0xff, 0xff, 0xff, 0xff, 0xff, 0xff, 0xff, 0xff, 0xff, 0xff, 0xba, 0x4d,
    0xc5, 0xff, 0xfd, 0xff, 0xfb, 0xfb, 0x83, 0x0c, 0x07, 0x01, 0x00, 0x00, 0x00, 0x00, 0x00, 0x00,
    0x00, 0x1a, 0x66, 0x82, 0xff, 0xf9, 0xfd, 0xeb, 0x34, 0x00, 0x00, 0x00, 0x00, 0x00, 0x00, 0x00,
    0x00, 0x00, 0x00, 0x00, 0x00, 0x00, 0x00, 0x58, 0xff, 0xf7, 0xff, 0xff, 0xff, 0xff, 0xff, 0xff,
    0xff, 0xff, 0xff, 0xff, 0xff, 0xff, 0xff, 0xff, 0xfb, 0xf9, 0x4f, 0x04, 0x03, 0x06, 0x09, 0x26,
    0xeb, 0xfd, 0xfd, 0xff, 0xff, 0xff, 0xda, 0xfd, 0xff, 0xd7, 0x70, 0x03, 0x00, 0x00, 0x00, 0x00,
    0x02, 0xc5, 0xde, 0xfb, 0xff, 0xff, 0xf7, 0xff, 0x45, 0x00, 0x00, 0x00, 0x00, 0x00, 0x00, 0x00,
    0x00, 0x00, 0x00, 0x00, 0x00, 0x00, 0x00, 0x08, 0xfb, 0xf9, 0xfb, 0xff, 0xff, 0xff, 0xff, 0xff,
    0xfd, 0xff, 0xff, 0xff, 0xff, 0xff, 0xff, 0xf9, 0xff, 0x95, 0x00, 0x03, 0x29, 0x89, 0xf1, 0xff,
    0xff, 0xff, 0xff, 0xff, 0xff, 0xff, 0xff, 0xff, 0xff, 0xff, 0xff, 0xb9, 0x00, 0x00, 0x00, 0x07,
    0xab, 0xff, 0xff, 0xff, 0xff, 0xf5, 0xff, 0x9b, 0x00, 0x00, 0x00, 0x00, 0x00, 0x00, 0x00, 0x00,
    0x00, 0x00, 0x00, 0x00, 0x00, 0x00, 0x00, 0x00, 0x64, 0xff, 0xff, 0xfb, 0xff, 0xff, 0xff, 0xff,
    0xff, 0xff, 0xff, 0xff, 0xff, 0xff, 0xff, 0xff, 0xff, 0xfb, 0xce, 0xf7, 0xff, 0xff, 0xff, 0xf9,
    0xff, 0xff, 0xff, 0xff, 0xff, 0xff, 0xfd, 0xfd, 0xfd, 0xeb, 0xc7, 0x62, 0x00, 0x08, 0x4d, 0xeb,
    0xff, 0xfb, 0xfd, 0xfd, 0xf5, 0xff, 0xc3, 0x03, 0x00, 0x00, 0x00, 0x00, 0x00, 0x00, 0x00, 0x00,
    0x00, 0x00, 0x00, 0x00, 0x00, 0x00, 0x00, 0x00, 0x02, 0xb7, 0xaa, 0xff, 0xf9, 0xff, 0xff, 0xff,
    0xff, 0xff, 0xff, 0xff, 0xff, 0xff, 0xff, 0xff, 0xff, 0xff, 0xff, 0xff, 0xf7, 0xf9, 0xf9, 0xf7,
    0xf7, 0xf7, 0xf9, 0xfd, 0xff, 0xff, 0xff, 0xff, 0xfb, 0xbc, 0x74, 0x5d, 0xa8, 0xfd, 0xff, 0xff,
    0xfb, 0xff, 0xff, 0xff, 0xff, 0xa3, 0x04, 0x00, 0x00, 0x00, 0x00, 0x00, 0x00, 0x00, 0x00, 0x00,
    0x00, 0x00, 0x00, 0x00, 0x00, 0x00, 0x00, 0x00, 0x00, 0x03, 0x02, 0x97, 0xff, 0xf5, 0xfd, 0xff,
    0xff, 0xff, 0xff, 0xff, 0xff, 0xff, 0xff, 0xff, 0xff, 0xff, 0xfb, 0xfd, 0xfd, 0xff, 0xff, 0xff,
    0xff, 0xff, 0xff, 0xff, 0xf7, 0xfd, 0xff, 0xff, 0xff, 0xff, 0xff, 0xff, 0xff, 0xff, 0xf7, 0xfd,
    0xfd, 0xf9, 0xf5, 0xef, 0x50, 0x00, 0x00, 0x00, 0x00, 0x00, 0x00, 0x00, 0x00, 0x00, 0x00, 0x00,
    0x00, 0x00, 0x00, 0x00, 0x00, 0x00, 0x00, 0x00, 0x00, 0x00, 0x00, 0x01, 0x8f, 0xff, 0xff, 0xf7,
    0xfb, 0xf7, 0xfb, 0xff, 0xff, 0xff, 0xff, 0xff, 0xfd, 0xf7, 0xf7, 0xf7, 0xfb, 0xfb, 0xad, 0x64,
    0x43, 0x56, 0x98, 0xf1, 0xff, 0xff, 0xf7, 0xfd, 0xff, 0xfd, 0xf5, 0xf1, 0xf7, 0xfb, 0xfd, 0xfd,
    0xff, 0xff, 0xff, 0xb9, 0x01, 0x00, 0x00, 0x00, 0x00, 0x00, 0x00, 0x00, 0x00, 0x00, 0x00, 0x00,
    0x00, 0x00, 0x00, 0x00, 0x00, 0x00, 0x00, 0x00, 0x00, 0x00, 0x00, 0x00, 0x00, 0x43, 0xe9, 0xff,
    0xff, 0xff, 0xff, 0xfd, 0xf9, 0xf7, 0xf7, 0xf7, 0xff, 0xff, 0xff, 0xff, 0xbc, 0x0e, 0x00, 0x00,
    0x00, 0x00, 0x00, 0x05, 0x3c, 0xce, 0xff, 0xff, 0xfb, 0xf7, 0xff, 0xff, 0xff, 0xff, 0xff, 0xff,
    0xf5, 0xb2, 0x44, 0x03, 0x00, 0x00, 0x00, 0x00, 0x00, 0x00, 0x00, 0x00, 0x00, 0x00, 0x00, 0x00,
    0x00, 0x00, 0x00, 0x00, 0x00, 0x00, 0x00, 0x00, 0x00, 0x00, 0x00, 0x00, 0x00, 0x00, 0x05, 0x4f,
    0x44, 0x52, 0xca, 0xff, 0xff, 0xff, 0xff, 0xff, 0xe4, 0x67, 0x61, 0x4c, 0x22, 0x00, 0x00, 0x00,
    0x00, 0x00, 0x00, 0x00, 0x00, 0x02, 0x3d, 0xc5, 0xff, 0xff, 0xa6, 0x89, 0xb2, 0xd1, 0xd5, 0x38,
    0x05, 0x00, 0x00, 0x00, 0x00, 0x00, 0x00, 0x00, 0x00, 0x00, 0x00, 0x00, 0x00, 0x00, 0x00, 0x00,
    0x00, 0x00, 0x00, 0x00, 0x00, 0x00, 0x00, 0x00, 0x00, 0x00, 0x00, 0x00, 0x00, 0x00, 0x00, 0x00,
    0x00, 0x00, 0x00, 0x0b, 0x20, 0x34, 0x3e, 0x39, 0x16, 0x00, 0x00, 0x00, 0x00, 0x00, 0x00, 0x00,
    0x00, 0x00, 0x00, 0x00, 0x00, 0x00, 0x00, 0x01, 0x12, 0x2e, 0x0f, 0x00, 0x00, 0x01, 0x01, 0x00,
    0x00, 0x00, 0x00, 0x00, 0x00, 0x00, 0x00, 0x00, 0x00, 0x00, 0x00, 0x00, 0x00, 0x00, 0x00, 0x00,
    0x00, 0x00, 0x00, 0x00, 0x00, 0x00, 0x00, 0x00, 0x00, 0x00, 0x00, 0x00, 0x00, 0x00, 0x00, 0x00,
    0x00, 0x00, 0x00, 0x00, 0x00, 0x00, 0x00, 0x00, 0x00, 0x00, 0x00, 0x00, 0x00, 0x00, 0x00, 0x00,
    0x00, 0x00, 0x00, 0x00, 0x00, 0x00, 0x00, 0x00, 0x00, 0x00, 0x00, 0x00, 0x00, 0x00, 0x00, 0x00,
    0x00, 0x00, 0x00, 0x00, 0x00, 0x00, 0x00, 0x00, 0x00, 0x00, 0x00, 0x00, 0x00, 0x00, 0x00, 0x00,
    0x00, 0x00, 0x00, 0x00, 0x00, 0x00, 0x00, 0x00, 0x00, 0x00, 0x00, 0x00, 0x00, 0x00, 0x00, 0x00,
    0x00, 0x00, 0x00, 0x00, 0x00, 0x00, 0x00, 0x00, 0x00, 0x00, 0x00, 0x00, 0x00, 0x00, 0x00, 0x00,
    0x00, 0x00, 0x00, 0x00, 0x00, 0x00, 0x00, 0x00, 0x00, 0x00, 0x00, 0x00, 0x00, 0x00, 0x00, 0x00,
    0x00, 0x00, 0x00, 0x00, 0x00, 0x00, 0x00, 0x00, 0x00, 0x00, 0x00, 0x00, 0x00, 0x00, 0x00, 0x00,
    0x00, 0x00, 0x00, 0x00, 0x00, 0x00, 0x00, 0x00, 0x00, 0x00, 0x00, 0x00, 0x00, 0x00, 0x00, 0x00,
    0x00, 0x00, 0x00, 0x00, 0x00, 0x00, 0x00, 0x00, 0x00, 0x00, 0x00, 0x00, 0x00, 0x00, 0x00, 0x00,
    0x00, 0x00, 0x00, 0x00, 0x00, 0x00, 0x00, 0x00, 0x00, 0x00, 0x00, 0x00, 0x00, 0x00, 0x00, 0x00,
    0x00, 0x00, 0x00, 0x00, 0x00, 0x00, 0x00, 0x00, 0x00, 0x00, 0x00, 0x00, 0x00, 0x00, 0x00, 0x00,
};

const lv_image_dsc_t love_frame_2_dsc = {
    .header.w = 64,
    .header.h = 64,
    .header.cf = LV_COLOR_FORMAT_RGB565A8,
    .data_size = 12288,
    .data = love_frame_2_data,
};

/* Frame 3: frame_003.png */
static const uint8_t love_frame_3_data[] = {
    0x00, 0x00, 0x00, 0x00, 0x00, 0x00, 0x00, 0x00, 0x00, 0x00, 0x00, 0x00, 0x00, 0x00, 0x00, 0x00,
    0x00, 0x00, 0x00, 0x00, 0x00, 0x00, 0x00, 0x00, 0x00, 0x00, 0x00, 0x00, 0x00, 0x00, 0x00, 0x00,
    0x20, 0x00, 0x00, 0x00, 0x00, 0x00, 0x00, 0x00, 0x00, 0x00, 0x00, 0x00, 0x00, 0x00, 0x00, 0x00,
    0x00, 0x00, 0x00, 0x00, 0x00, 0x00, 0x00, 0x00, 0x00, 0x00, 0x00, 0x00, 0x00, 0x00, 0x00, 0x00,
    0x00, 0x00, 0x00, 0x00, 0x00, 0x00, 0x00, 0x00, 0x00, 0x00, 0x00, 0x00, 0x00, 0x00, 0x00, 0x00,
    0x00, 0x00, 0x00, 0x00, 0x00, 0x00, 0x00, 0x00, 0x00, 0x00, 0x00, 0x00, 0x00, 0x00, 0x00, 0x00,
    0x00, 0x00, 0x00, 0x00, 0x00, 0x00, 0x00, 0x00, 0x00, 0x00, 0x00, 0x00, 0x00, 0x00, 0x00, 0x00,
    0x00, 0x00, 0x00, 0x00, 0x00, 0x00, 0x00, 0x00, 0x00, 0x00, 0x00, 0x00, 0x00, 0x00, 0x00, 0x00,
    0x00, 0x00, 0x00, 0x00, 0x00, 0x00, 0x00, 0x00, 0x00, 0x00, 0x00, 0x00, 0x00, 0x00, 0x00, 0x00,
    0x00, 0x00, 0x00, 0x00, 0x00, 0x00, 0x00, 0x00, 0x00, 0x00, 0x00, 0x00, 0x00, 0x00, 0x61, 0x00,
    0xc5, 0x00, 0x00, 0x00, 0x00, 0x00, 0x00, 0x00, 0x00, 0x00, 0x00, 0x00, 0x00, 0x00, 0x00, 0x00,
    0x00, 0x00, 0x00, 0x00, 0x00, 0x00, 0x00, 0x00, 0x00, 0x00, 0x00, 0x00, 0x00, 0x00, 0x00, 0x00,
    0x02, 0x00, 0x84, 0x00, 0x00, 0x00, 0x00, 0x00, 0x00, 0x00, 0x00, 0x00, 0x00, 0x00, 0x00, 0x00,
    0x00, 0x00, 0x00, 0x00, 0x00, 0x00, 0x00, 0x00, 0x00, 0x00, 0x00, 0x00, 0x00, 0x00, 0x00, 0x00,
    0x00, 0x00, 0x00, 0x00, 0x00, 0x00, 0x00, 0x00, 0x00, 0x00, 0x00, 0x00, 0x00, 0x00, 0x00, 0x00,
    0x00, 0x00, 0x00, 0x00, 0x00, 0x00, 0x00, 0x00, 0x00, 0x00, 0x00, 0x00, 0x00, 0x00, 0x00, 0x00,
    0x00, 0x00, 0x00, 0x00, 0x00, 0x00, 0x00, 0x00, 0x00, 0x00, 0x00, 0x00, 0x00, 0x00, 0x00, 0x00,
    0x00, 0x00, 0x00, 0x00, 0x00, 0x00, 0x00, 0x00, 0x00, 0x00, 0x00, 0x00, 0x00, 0x00, 0xe2, 0x00,
    0x46, 0x00, 0x00, 0x00, 0x00, 0x00, 0x00, 0x00, 0x00, 0x00, 0x00, 0x00, 0x00, 0x00, 0x00, 0x00,
    0x00, 0x00, 0x00, 0x00, 0x00, 0x00, 0x00, 0x00, 0x00, 0x00, 0x00, 0x00, 0x00, 0x00, 0x00, 0x00,
    0xa2, 0x00, 0xa7, 0x00, 0x20, 0x00, 0x00, 0x00, 0x00, 0x00, 0x00, 0x00, 0x00, 0x00, 0x00, 0x00,
    0x00, 0x00, 0x00, 0x00, 0x00, 0x00, 0x00, 0x00, 0x00, 0x00, 0x00, 0x00, 0x00, 0x00, 0x00, 0x00,
    0x00, 0x00, 0x00, 0x00, 0x00, 0x00, 0x00, 0x00, 0x00, 0x00, 0x00, 0x00, 0x00, 0x00, 0x00, 0x00,
    0x00, 0x00, 0x00, 0x00, 0x00, 0x00, 0x00, 0x00, 0x00, 0x00, 0x00, 0x00, 0x00, 0x00, 0x00, 0x00,
    0x00, 0x00, 0x00, 0x00, 0x00, 0x00, 0x00, 0x00, 0x00, 0x00, 0x00, 0x00, 0x00, 0x00, 0x00, 0x00,
    0x00, 0x00, 0x00, 0x00, 0x00, 0x00, 0x00, 0x00, 0x00, 0x00, 0x00, 0x00, 0x00, 0x00, 0xc2, 0x00,
    0x87, 0x00, 0x00, 0x00, 0x00, 0x00, 0x00, 0x00, 0x20, 0x00, 0xa1, 0x00, 0x00, 0x00, 0x00, 0x00,
    0x00, 0x00, 0x00, 0x00, 0x00, 0x00, 0x00, 0x00, 0x00, 0x00, 0x00, 0x00, 0x00, 0x00, 0x00, 0x00,
    0x61, 0x00, 0xa7, 0x00, 0x81, 0x00, 0x00, 0x00, 0x00, 0x00, 0x02, 0x00, 0x20, 0x00, 0x00, 0x00,
    0x00, 0x00, 0x00, 0x00, 0x00, 0x00, 0x00, 0x00, 0x00, 0x00, 0x00, 0x00, 0x00, 0x00, 0x00, 0x00,
    0x00, 0x00, 0x00, 0x00, 0x00, 0x00, 0x00, 0x00, 0x00, 0x00, 0x00, 0x00, 0x00, 0x00, 0x00, 0x00,
    0x00, 0x00, 0x00, 0x00, 0x00, 0x00, 0x00, 0x00, 0x00, 0x00, 0x00, 0x00, 0x00, 0x00, 0x00, 0x00,
    0x00, 0x00, 0x00, 0x00, 0x00, 0x00, 0x00, 0x00, 0x00, 0x00, 0x00, 0x00, 0x00, 0x00, 0x00, 0x00,
    0x00, 0x00, 0x00, 0x00, 0x00, 0x00, 0x00, 0x00, 0x00, 0x00, 0x00, 0x00, 0x00, 0x00, 0x61, 0x00,
    0x46, 0x00, 0x05, 0x00, 0x20, 0x00, 0x00, 0x00, 0xc2, 0x00, 0x05, 0x00, 0x00, 0x00, 0x00, 0x00,
    0x00, 0x00, 0x00, 0x00, 0x00, 0x00, 0x00, 0x00, 0x00, 0x00, 0x20, 0x00, 0x00, 0x00, 0x00, 0x00,
    0x61, 0x00, 0x66, 0x00, 0x66, 0x00, 0x00, 0x00, 0x00, 0x00, 0x25, 0x00, 0xc2, 0x00, 0x00, 0x00,
    0x00, 0x00, 0x00, 0x00, 0x00, 0x00, 0x00, 0x00, 0x00, 0x00, 0x00, 0x00, 0x00, 0x00, 0x00, 0x00,
    0x00, 0x00, 0x00, 0x00, 0x00, 0x00, 0x00, 0x00, 0x00, 0x00, 0x00, 0x00, 0x00, 0x00, 0x00, 0x00,
    0x00, 0x00, 0x00, 0x00, 0x00, 0x00, 0x00, 0x00, 0x00, 0x00, 0x00, 0x00, 0x00, 0x00, 0x00, 0x00,
    0x00, 0x00, 0x00, 0x00, 0x00, 0x00, 0x00, 0x00, 0x00, 0x00, 0x00, 0x00, 0x00, 0x00, 0x00, 0x00,
    0x00, 0x00, 0x00, 0x00, 0x00, 0x00, 0x40, 0x00, 0xe2, 0x00, 0x00, 0x00, 0x00, 0x00, 0x00, 0x00,
    0x43, 0x00, 0x87, 0x00, 0xe7, 0x00, 0xc2, 0x00, 0x81, 0x00, 0x46, 0x00, 0x00, 0x00, 0x00, 0x00,
    0x00, 0x00, 0x00, 0x00, 0x00, 0x00, 0x00, 0x00, 0x00, 0x00, 0x22, 0x00, 0xc9, 0x00, 0x00, 0x00,
    0x00, 0x00, 0xa4, 0x00, 0xe7, 0x00, 0xa6, 0x00, 0xc2, 0x00, 0x64, 0x00, 0xc4, 0x00, 0x00, 0x00,
    0x00, 0x00, 0x00, 0x00, 0x00, 0x00, 0x00, 0x00, 0x00, 0x00, 0x00, 0x00, 0x00, 0x00, 0x00, 0x00,
    0x00, 0x00, 0x00, 0x00, 0x00, 0x00, 0x00, 0x00, 0x00, 0x00, 0x00, 0x00, 0x00, 0x00, 0x00, 0x00,
    0x00, 0x00, 0x00, 0x00, 0x00, 0x00, 0x00, 0x00, 0x00, 0x00, 0x00, 0x00, 0x00, 0x00, 0x00, 0x00,
    0x00, 0x00, 0x00, 0x00, 0x00, 0x00, 0x00, 0x00, 0x00, 0x00, 0x00, 0x00, 0x00, 0x00, 0x00, 0x00,
    0x00, 0x00, 0x00, 0x00, 0x00, 0x00, 0x00, 0x00, 0xc5, 0x00, 0x02, 0x00, 0x61, 0x00, 0x40, 0x00,
    0xe2, 0x00, 0xa4, 0x00, 0x46, 0x00, 0xc7, 0x00, 0x43, 0x00, 0x25, 0x00, 0x84, 0x00, 0x00, 0x00,
    0x00, 0x00, 0x00, 0x00, 0x00, 0x00, 0xc6, 0x00, 0x45, 0x00, 0x81, 0x00, 0x0c, 0x00, 0x8b, 0x00,
    0x40, 0x00, 0xa1, 0x00, 0xa4, 0x00, 0x86, 0x00, 0xe7, 0x00, 0x63, 0x00, 0xc7, 0x00, 0xa1, 0x00,
    0x00, 0x00, 0x20, 0x00, 0x00, 0x00, 0x00, 0x00, 0x00, 0x00, 0x00, 0x00, 0x00, 0x00, 0x00, 0x00,
    0x00, 0x00, 0x00, 0x00, 0x00, 0x00, 0x00, 0x00, 0x00, 0x00, 0x00, 0x00, 0x00, 0x00, 0x00, 0x00,
    0x00, 0x00, 0x00, 0x00, 0x00, 0x00, 0x00, 0x00, 0x00, 0x00, 0x00, 0x00, 0x00, 0x00, 0x00, 0x00,
    0x00, 0x00, 0x00, 0x00, 0x00, 0x00, 0x00, 0x00, 0x00, 0x00, 0x00, 0x00, 0x00, 0x00, 0x00, 0x00,
    0x00, 0x00, 0x00, 0x00, 0x00, 0x00, 0x00, 0x00, 0xa2, 0x00, 0xe5, 0x00, 0x05, 0x00, 0xe5, 0x00,
    0xa4, 0x00, 0x63, 0x00, 0x84, 0x00, 0xc5, 0x00, 0xe5, 0x00, 0x64, 0x00, 0xa7, 0x00, 0xe7, 0x00,
    0x43, 0x00, 0x20, 0x00, 0x00, 0x00, 0xc4, 0x00, 0xc9, 0x00, 0xe7, 0x00, 0x68, 0x00, 0x4d, 0x00,
    0x2a, 0x00, 0x84, 0x00, 0x83, 0x00, 0x63, 0x00, 0x65, 0x00, 0xe4, 0x00, 0x66, 0x00, 0x66, 0x00,
    0x63, 0x00, 0x2a, 0x00, 0x00, 0x00, 0x00, 0x00, 0x00, 0x00, 0x00, 0x00, 0x00, 0x00, 0x00, 0x00,
    0x00, 0x00, 0x00, 0x00, 0x00, 0x00, 0x00, 0x00, 0x00, 0x00, 0x00, 0x00, 0x00, 0x00, 0x00, 0x00,
    0x00, 0x00, 0x00, 0x00, 0x00, 0x00, 0x00, 0x00, 0x00, 0x00, 0x00, 0x00, 0x00, 0x00, 0x00, 0x00,
    0x00, 0x00, 0x00, 0x00, 0x00, 0x00, 0x00, 0x00, 0x00, 0x00, 0x00, 0x00, 0x00, 0x00, 0x00, 0x00,
    0x00, 0x00, 0x00, 0x00, 0x00, 0x00, 0x00, 0x00, 0x00, 0x00, 0x61, 0x00, 0xe2, 0x00, 0xc2, 0x00,
    0x41, 0x00, 0x00, 0x00, 0x81, 0x00, 0x23, 0x00, 0x84, 0x00, 0x64, 0x00, 0x84, 0x00, 0x45, 0x00,
    0x07, 0x00, 0x25, 0x00, 0x63, 0x00, 0x43, 0x00, 0xe5, 0x00, 0xa6, 0x00, 0xe7, 0x00, 0x68, 0x00,
    0x8d, 0x00, 0x6b, 0x00, 0x63, 0x00, 0x43, 0x00, 0x6a, 0x00, 0xa6, 0x00, 0xc4, 0x00, 0x05, 0x00,
    0xc9, 0x00, 0x8d, 0x00, 0xe2, 0x00, 0x00, 0x00, 0x00, 0x00, 0x00, 0x00, 0x00, 0x00, 0x00, 0x00,
    0x00, 0x00, 0x00, 0x00, 0x00, 0x00, 0x00, 0x00, 0x00, 0x00, 0x00, 0x00, 0x00, 0x00, 0x00, 0x00,
    0x00, 0x00, 0x00, 0x00, 0x00, 0x00, 0x00, 0x00, 0x00, 0x00, 0x00, 0x00, 0x00, 0x00, 0x00, 0x00,
    0x00, 0x00, 0x00, 0x00, 0x00, 0x00, 0x00, 0x00, 0x00, 0x00, 0x00, 0x00, 0x00, 0x00, 0x00, 0x00,
    0x00, 0x00, 0x00, 0x00, 0x00, 0x00, 0x00, 0x00, 0x00, 0x00, 0x00, 0x00, 0x00, 0x00, 0x00, 0x00,
    0x00, 0x00, 0x00, 0x00, 0x00, 0x00, 0x00, 0x00, 0x61, 0x00, 0x02, 0x00, 0x84, 0x00, 0x83, 0x00,
    0xc4, 0x00, 0x86, 0x00, 0x86, 0x00, 0xc4, 0x00, 0x45, 0x00, 0xe5, 0x00, 0x05, 0x00, 0x28, 0x00,
    0x2a, 0x00, 0x8d, 0x00, 0x48, 0x00, 0x83, 0x00, 0xab, 0x00, 0xec, 0x00, 0x05, 0x00, 0x83, 0x00,
    0xa9, 0x00, 0x4c, 0x00, 0x43, 0x00, 0x00, 0x00, 0x00, 0x00, 0x00, 0x00, 0x00, 0x00, 0x00, 0x00,
    0x00, 0x00, 0x00, 0x00, 0x00, 0x00, 0x00, 0x00, 0x00, 0x00, 0x00, 0x00, 0x00, 0x00, 0x00, 0x00,
    0x00, 0x00, 0x00, 0x00, 0x00, 0x00, 0x00, 0x00, 0x00, 0x00, 0x00, 0x00, 0x00, 0x00, 0x00, 0x00,
    0x00, 0x00, 0x00, 0x00, 0x00, 0x00, 0x00, 0x00, 0x00, 0x00, 0x00, 0x00, 0x00, 0x00, 0x00, 0x00,
    0x00, 0x00, 0x00, 0x00, 0x00, 0x00, 0x00, 0x00, 0x00, 0x00, 0x00, 0x00, 0x00, 0x00, 0x00, 0x00,
    0x00, 0x00, 0x00, 0x00, 0x00, 0x00, 0x00, 0x00, 0x00, 0x00, 0x00, 0x00, 0x40, 0x00, 0x22, 0x00,
    0x43, 0x00, 0xc4, 0x00, 0x65, 0x00, 0xe4, 0x00, 0xc6, 0x00, 0x4a, 0x00, 0xc4, 0x00, 0x25, 0x00,
    0x68, 0x00, 0x0a, 0x00, 0xad, 0x00, 0xe7, 0x00, 0xe9, 0x00, 0x6d, 0x00, 0x27, 0x00, 0x45, 0x00,
    0x0a, 0x00, 0xcb, 0x00, 0xc2, 0x00, 0x00, 0x00, 0x00, 0x00, 0x00, 0x00, 0x00, 0x00, 0x00, 0x00,
    0x00, 0x00, 0x00, 0x00, 0x00, 0x00, 0x00, 0x00, 0x00, 0x00, 0x00, 0x00, 0x00, 0x00, 0x00, 0x00,
    0x00, 0x00, 0x00, 0x00, 0x00, 0x00, 0x00, 0x00, 0x00, 0x00, 0x00, 0x00, 0x00, 0x00, 0x00, 0x00,
    0x00, 0x00, 0x00, 0x00, 0x00, 0x00, 0x00, 0x00, 0x00, 0x00, 0x00, 0x00, 0x00, 0x00, 0x00, 0x00,
    0x00, 0x00, 0x00, 0x00, 0x00, 0x00, 0x00, 0x00, 0x00, 0x00, 0x00, 0x00, 0x00, 0x00, 0x00, 0x00,
    0xa1, 0x00, 0x84, 0x00, 0xe2, 0x00, 0x63, 0x00, 0x45, 0x00, 0x05, 0x00, 0x43, 0x00, 0xe2, 0x00,
    0x43, 0x00, 0x43, 0x00, 0xc4, 0x00, 0x04, 0x00, 0x22, 0x00, 0xa8, 0x00, 0x0c, 0x00, 0x48, 0x00,
    0x27, 0x00, 0x48, 0x00, 0x4a, 0x00, 0x6a, 0x00, 0x0a, 0x00, 0x8b, 0x00, 0x68, 0x00, 0x09, 0x00,
    0x2c, 0x00, 0x68, 0x00, 0x63, 0x00, 0xc4, 0x00, 0x00, 0x00, 0x00, 0x00, 0x00, 0x00, 0x00, 0x00,
    0x00, 0x00, 0x00, 0x00, 0x00, 0x00, 0x00, 0x00, 0x00, 0x00, 0x00, 0x00, 0x00, 0x00, 0x00, 0x00,
    0x00, 0x00, 0x00, 0x00, 0x00, 0x00, 0x00, 0x00, 0x00, 0x00, 0x00, 0x00, 0x00, 0x00, 0x00, 0x00,
    0x00, 0x00, 0x00, 0x00, 0x00, 0x00, 0x00, 0x00, 0x00, 0x00, 0x00, 0x00, 0x00, 0x00, 0x00, 0x00,
    0x00, 0x00, 0x00, 0x00, 0x00, 0x00, 0x00, 0x00, 0x00, 0x00, 0x00, 0x00, 0x00, 0x00, 0x00, 0x00,
    0x61, 0x00, 0xa7, 0x00, 0x28, 0x00, 0x48, 0x00, 0x48, 0x00, 0x07, 0x00, 0x48, 0x00, 0xa6, 0x00,
    0x43, 0x00, 0x23, 0x00, 0x45, 0x00, 0xab, 0x00, 0x65, 0x00, 0x22, 0x00, 0xc9, 0x00, 0x8d, 0x00,
    0x6a, 0x00, 0x09, 0x00, 0x48, 0x00, 0x68, 0x00, 0x6d, 0x00, 0xcb, 0x00, 0x07, 0x00, 0x6a, 0x00,
    0x8d, 0x00, 0x47, 0x00, 0x6a, 0x00, 0x07, 0x00, 0x00, 0x00, 0x00, 0x00, 0x00, 0x00, 0x00, 0x00,
    0x00, 0x00, 0x00, 0x00, 0x00, 0x00, 0x00, 0x00, 0x00, 0x00, 0x00, 0x00, 0x00, 0x00, 0x00, 0x00,
    0x00, 0x00, 0x00, 0x00, 0x00, 0x00, 0x00, 0x00, 0x00, 0x00, 0x00, 0x00, 0x00, 0x00, 0x00, 0x00,
    0x00, 0x00, 0x00, 0x00, 0x00, 0x00, 0x00, 0x00, 0x00, 0x00, 0x00, 0x00, 0x00, 0x00, 0x00, 0x00,
    0x00, 0x00, 0x00, 0x00, 0x00, 0x00, 0x00, 0x00, 0x00, 0x00, 0x00, 0x00, 0x00, 0x00, 0x00, 0x00,
    0x00, 0x00, 0xc2, 0x00, 0x86, 0x00, 0xe8, 0x00, 0x68, 0x00, 0x88, 0x00, 0xc9, 0x00, 0x0a, 0x00,
    0x48, 0x00, 0xe4, 0x00, 0x63, 0x00, 0x2a, 0x00, 0x6d, 0x00, 0xa8, 0x00, 0x48, 0x00, 0xcb, 0x00,
    0x6c, 0x00, 0xad, 0x00, 0xad, 0x00, 0xe9, 0x00, 0x48, 0x00, 0x0c, 0x00, 0xe9, 0x00, 0xeb, 0x00,
    0x4c, 0x00, 0x6a, 0x00, 0xc9, 0x00, 0x25, 0x00, 0x00, 0x00, 0x00, 0x00, 0x00, 0x00, 0x00, 0x00,
    0x00, 0x00, 0x00, 0x00, 0x00, 0x00, 0x00, 0x00, 0x00, 0x00, 0x00, 0x00, 0x00, 0x00, 0x00, 0x00,
    0x00, 0x00, 0x00, 0x00, 0x00, 0x00, 0x00, 0x00, 0x00, 0x00, 0x00, 0x00, 0x00, 0x00, 0x00, 0x00,
    0x00, 0x00, 0x00, 0x00, 0x00, 0x00, 0x00, 0x00, 0x00, 0x00, 0x00, 0x00, 0x00, 0x00, 0x00, 0x00,
    0x00, 0x00, 0x00, 0x00, 0x00, 0x00, 0x00, 0x00, 0x00, 0x00, 0x00, 0x00, 0x00, 0x00, 0x00, 0x00,
    0x00, 0x00, 0x00, 0x00, 0x61, 0x00, 0x84, 0x00, 0x46, 0x00, 0xa7, 0x00, 0x28, 0x00, 0xe9, 0x00,
    0xe9, 0x00, 0xa9, 0x00, 0x86, 0x00, 0x25, 0x00, 0x4a, 0x00, 0xcd, 0x00, 0xee, 0x00, 0xee, 0x00,
    0x0e, 0x00, 0xad, 0x00, 0x6f, 0x00, 0x90, 0x00, 0x8a, 0x00, 0x68, 0x00, 0x8a, 0x00, 0xad, 0x00,
    0x0e, 0x00, 0xce, 0x00, 0x2a, 0x00, 0x23, 0x00, 0x00, 0x00, 0x00, 0x00, 0x00, 0x00, 0x00, 0x00,
    0x00, 0x00, 0x00, 0x00, 0x00, 0x00, 0x00, 0x00, 0x00, 0x00, 0x00, 0x00, 0x00, 0x00, 0x00, 0x00,
    0x00, 0x00, 0x00, 0x00, 0x00, 0x00, 0x00, 0x00, 0x00, 0x00, 0x00, 0x00, 0x00, 0x00, 0x00, 0x00,
    0x00, 0x00, 0x00, 0x00, 0x00, 0x00, 0x00, 0x00, 0x00, 0x00, 0x00, 0x00, 0x00, 0x00, 0x00, 0x00,
    0x00, 0x00, 0x00, 0x00, 0x00, 0x00, 0x00, 0x00, 0x00, 0x00, 0x00, 0x00, 0x00, 0x00, 0x00, 0x00,
    0x00, 0x00, 0x00, 0x00, 0x00, 0x00, 0x00, 0x00, 0x61, 0x00, 0xa4, 0x00, 0xe5, 0x00, 0xe7, 0x00,
    0xc9, 0x00, 0xc9, 0x00, 0x2a, 0x00, 0x48, 0x00, 0x88, 0x00, 0xcb, 0x00, 0x2e, 0x00, 0x6f, 0x00,
    0x8f, 0x00, 0xd0, 0x00, 0x6f, 0x00, 0xd1, 0x00, 0xf1, 0x00, 0x8d, 0x00, 0x0c, 0x00, 0x6f, 0x00,
    0x11, 0x00, 0x4f, 0x00, 0x2c, 0x00, 0xe4, 0x00, 0x00, 0x00, 0x00, 0x00, 0x00, 0x00, 0x00, 0x00,
    0x00, 0x00, 0x00, 0x00, 0x00, 0x00, 0x00, 0x00, 0x00, 0x00, 0x00, 0x00, 0x00, 0x00, 0x00, 0x00,
    0x00, 0x00, 0x00, 0x00, 0x00, 0x00, 0x00, 0x00, 0x00, 0x00, 0x00, 0x00, 0x00, 0x00, 0x00, 0x00,
    0x00, 0x00, 0x00, 0x00, 0x00, 0x00, 0x00, 0x00, 0x00, 0x00, 0x00, 0x00, 0x00, 0x00, 0x00, 0x00,
    0x00, 0x00, 0x00, 0x00, 0x00, 0x00, 0x00, 0x00, 0x00, 0x00, 0x00, 0x00, 0x00, 0x00, 0x00, 0x00,
    0x00, 0x00, 0x00, 0x00, 0x00, 0x00, 0xe2, 0x00, 0x84, 0x00, 0xe5, 0x00, 0xc5, 0x00, 0x63, 0x00,
    0x46, 0x00, 0x68, 0x00, 0x2a, 0x00, 0xab, 0x00, 0x2c, 0x00, 0x4c, 0x00, 0xc9, 0x00, 0xec, 0x00,
    0xce, 0x00, 0xea, 0x00, 0x0c, 0x00, 0x90, 0x00, 0xd1, 0x00, 0xd1, 0x00, 0x4f, 0x00, 0xee, 0x00,
    0xcc, 0x00, 0x4f, 0x00, 0xcd, 0x00, 0xa6, 0x00, 0x00, 0x00, 0x00, 0x00, 0x00, 0x00, 0x00, 0x00,
    0x00, 0x00, 0x00, 0x00, 0x00, 0x00, 0x00, 0x00, 0x00, 0x00, 0x00, 0x00, 0x00, 0x00, 0x00, 0x00,
    0x00, 0x00, 0x00, 0x00, 0x00, 0x00, 0x00, 0x00, 0x00, 0x00, 0x00, 0x00, 0x00, 0x00, 0x00, 0x00,
    0x00, 0x00, 0x00, 0x00, 0x00, 0x00, 0x00, 0x00, 0x00, 0x00, 0x00, 0x00, 0x00, 0x00, 0x00, 0x00,
    0x00, 0x00, 0x00, 0x00, 0x00, 0x00, 0x00, 0x00, 0x00, 0x00, 0x00, 0x00, 0x00, 0x00, 0x00, 0x00,
    0x00, 0x00, 0x02, 0x00, 0x46, 0x00, 0xa7, 0x00, 0xa7, 0x00, 0x66, 0x00, 0xe5, 0x00, 0xa4, 0x00,
    0x23, 0x00, 0xe4, 0x00, 0x28, 0x00, 0x4a, 0x00, 0xad, 0x00, 0x48, 0x00, 0xc7, 0x00, 0x27, 0x00,
    0x26, 0x00, 0x48, 0x00, 0xc6, 0x00, 0x0c, 0x00, 0xb0, 0x00, 0xb0, 0x00, 0xb0, 0x00, 0x69, 0x00,
    0xc7, 0x00, 0x26, 0x00, 0xc7, 0x00, 0x45, 0x00, 0x00, 0x00, 0x00, 0x00, 0x00, 0x00, 0x00, 0x00,
    0x00, 0x00, 0x00, 0x00, 0x00, 0x00, 0x00, 0x00, 0x00, 0x00, 0x00, 0x00, 0x00, 0x00, 0x00, 0x00,
    0x00, 0x00, 0x00, 0x00, 0x00, 0x00, 0x00, 0x00, 0x00, 0x00, 0x00, 0x00, 0x00, 0x00, 0x00, 0x00,
    0x00, 0x00, 0x00, 0x00, 0x00, 0x00, 0x00, 0x00, 0x00, 0x00, 0x00, 0x00, 0x00, 0x00, 0x00, 0x00,
    0x00, 0x00, 0x00, 0x00, 0x00, 0x00, 0x00, 0x00, 0x00, 0x00, 0x00, 0x00, 0x00, 0x00, 0x00, 0x00,
    0x03, 0x00, 0x87, 0x00, 0xa7, 0x00, 0x87, 0x00, 0x66, 0x00, 0xc5, 0x00, 0x05, 0x00, 0x48, 0x00,
    0xa9, 0x00, 0xe9, 0x00, 0xc9, 0x00, 0x4a, 0x00, 0x6c, 0x00, 0x67, 0x00, 0xa9, 0x00, 0xea, 0x00,
    0xc9, 0x00, 0x2a, 0x00, 0x28, 0x00, 0xa9, 0x00, 0xaf, 0x00, 0x6f, 0x00, 0x8f, 0x00, 0x08, 0x00,
    0xa9, 0x00, 0x68, 0x00, 0x06, 0x00, 0x22, 0x00, 0x00, 0x00, 0x00, 0x00, 0x00, 0x00, 0x00, 0x00,
    0x00, 0x00, 0x00, 0x00, 0x00, 0x00, 0x00, 0x00, 0x00, 0x00, 0x00, 0x00, 0x00, 0x00, 0x00, 0x00,
    0x02, 0x00, 0x40, 0x00, 0x00, 0x00, 0x00, 0x00, 0x00, 0x00, 0x00, 0x00, 0x00, 0x00, 0x00, 0x00,
    0x00, 0x00, 0x00, 0x00, 0x00, 0x00, 0x00, 0x00, 0x00, 0x00, 0x00, 0x00, 0x00, 0x00, 0x00, 0x00,
    0x00, 0x00, 0x00, 0x00, 0x00, 0x00, 0x00, 0x00, 0x00, 0x00, 0x00, 0x00, 0x00, 0x00, 0x00, 0x00,
    0x00, 0x00, 0x40, 0x00, 0x61, 0x00, 0x61, 0x00, 0x02, 0x00, 0x43, 0x00, 0x25, 0x00, 0xe7, 0x00,
    0x68, 0x00, 0x0a, 0x00, 0x4a, 0x00, 0x6a, 0x00, 0x6d, 0x00, 0xe9, 0x00, 0x85, 0x00, 0x88, 0x00,
    0x0a, 0x00, 0xc9, 0x00, 0xc5, 0x00, 0xeb, 0x00, 0x4f, 0x00, 0x4f, 0x00, 0xaf, 0x00, 0xea, 0x00,
    0x28, 0x00, 0x68, 0x00, 0xa5, 0x00, 0x68, 0x00, 0xa1, 0x00, 0x00, 0x00, 0x00, 0x00, 0x00, 0x00,
    0x00, 0x00, 0x00, 0x00, 0x00, 0x00, 0x00, 0x00, 0x00, 0x00, 0x00, 0x00, 0x00, 0x00, 0x00, 0x00,
    0xc9, 0x00, 0x02, 0x00, 0x00, 0x00, 0x00, 0x00, 0x00, 0x00, 0x00, 0x00, 0x00, 0x00, 0x00, 0x00,
    0x00, 0x00, 0x00, 0x00, 0x00, 0x00, 0x00, 0x00, 0x00, 0x00, 0x00, 0x00, 0x00, 0x00, 0x00, 0x00,
    0x00, 0x00, 0x00, 0x00, 0x00, 0x00, 0x00, 0x00, 0x00, 0x00, 0x00, 0x00, 0x00, 0x00, 0x00, 0x00,
    0x00, 0x00, 0x00, 0x00, 0x00, 0x00, 0x03, 0x00, 0x05, 0x00, 0xc5, 0x00, 0x23, 0x00, 0x03, 0x00,
    0x46, 0x00, 0x28, 0x00, 0x89, 0x00, 0x4a, 0x00, 0xcb, 0x00, 0xee, 0x00, 0x8b, 0x00, 0x87, 0x00,
    0x07, 0x00, 0x06, 0x00, 0x4a, 0x00, 0xee, 0x00, 0xad, 0x00, 0xad, 0x00, 0xee, 0x00, 0xee, 0x00,
    0x26, 0x00, 0xa5, 0x00, 0x09, 0x00, 0xeb, 0x00, 0x05, 0x00, 0x00, 0x00, 0x00, 0x00, 0x00, 0x00,
    0x00, 0x00, 0x00, 0x00, 0x00, 0x00, 0x00, 0x00, 0x00, 0x00, 0x00, 0x00, 0x00, 0x00, 0xc4, 0x00,
    0x4d, 0x00, 0x22, 0x00, 0x00, 0x00, 0x00, 0x00, 0x00, 0x00, 0x00, 0x00, 0x00, 0x00, 0x00, 0x00,
    0x00, 0x00, 0x00, 0x00, 0x00, 0x00, 0x00, 0x00, 0x00, 0x00, 0x00, 0x00, 0x00, 0x00, 0x00, 0x00,
    0x00, 0x00, 0x00, 0x00, 0x00, 0x00, 0x00, 0x00, 0x00, 0x00, 0x00, 0x00, 0x00, 0x00, 0x00, 0x00,
    0x00, 0x00, 0x00, 0x00, 0x43, 0x00, 0xa7, 0x00, 0x06, 0x00, 0x64, 0x00, 0x23, 0x00, 0x66, 0x00,
    0x08, 0x00, 0x07, 0x00, 0x28, 0x00, 0x4a, 0x00, 0x09, 0x00, 0x88, 0x00, 0xad, 0x00, 0x2e, 0x00,
    0x8b, 0x00, 0x2c, 0x00, 0x4f, 0x00, 0xee, 0x00, 0x2f, 0x00, 0x90, 0x00, 0x90, 0x00, 0xd0, 0x00,
    0xad, 0x00, 0x6a, 0x00, 0x2e, 0x00, 0x6d, 0x00, 0x45, 0x00, 0x00, 0x00, 0x00, 0x00, 0x00, 0x00,
    0x00, 0x00, 0x00, 0x00, 0x00, 0x00, 0x00, 0x00, 0x00, 0x00, 0x00, 0x00, 0x05, 0x00, 0x4d, 0x00,
    0x4c, 0x00, 0x63, 0x00, 0x00, 0x00, 0x00, 0x00, 0x00, 0x00, 0x00, 0x00, 0x00, 0x00, 0x00, 0x00,
    0x00, 0x00, 0x00, 0x00, 0x00, 0x00, 0x00, 0x00, 0x00, 0x00, 0x00, 0x00, 0x00, 0x00, 0x00, 0x00,
    0x00, 0x00, 0x00, 0x00, 0x00, 0x00, 0x00, 0x00, 0x00, 0x00, 0x00, 0x00, 0x00, 0x00, 0x00, 0x00,
    0x00, 0x00, 0x81, 0x00, 0x67, 0x00, 0x84, 0x00, 0x43, 0x00, 0x64, 0x00, 0x84, 0x00, 0xa4, 0x00,
    0x64, 0x00, 0xc4, 0x00, 0xa7, 0x00, 0xe9, 0x00, 0x09, 0x00, 0x45, 0x00, 0x65, 0x00, 0x4c, 0x00,
    0x6f, 0x00, 0x4f, 0x00, 0xcd, 0x00, 0x2e, 0x00, 0x4a, 0x00, 0x88, 0x00, 0x90, 0x00, 0xd1, 0x00,
    0xd0, 0x00, 0x6b, 0x00, 0x8a, 0x00, 0xa6, 0x00, 0x05, 0x00, 0x00, 0x00, 0x00, 0x00, 0x00, 0x00,
    0x00, 0x00, 0x00, 0x00, 0x00, 0x00, 0x00, 0x00, 0x25, 0x00, 0xab, 0x00, 0xad, 0x00, 0xeb, 0x00,
    0xcb, 0x00, 0x23, 0x00, 0x00, 0x00, 0x00, 0x00, 0x00, 0x00, 0x00, 0x00, 0x00, 0x00, 0x00, 0x00,
    0x00, 0x00, 0x00, 0x00, 0x00, 0x00, 0x00, 0x00, 0x00, 0x00, 0x00, 0x00, 0x00, 0x00, 0x00, 0x00,
    0x00, 0x00, 0x00, 0x00, 0x00, 0x00, 0x00, 0x00, 0x00, 0x00, 0x00, 0x00, 0x00, 0x00, 0x00, 0x00,
    0x00, 0x00, 0xa2, 0x00, 0xc2, 0x00, 0x00, 0x00, 0x84, 0x00, 0xa5, 0x00, 0xa5, 0x00, 0xa5, 0x00,
    0x64, 0x00, 0xe5, 0x00, 0x66, 0x00, 0x68, 0x00, 0x0c, 0x00, 0x8d, 0x00, 0x88, 0x00, 0x27, 0x00,
    0x4d, 0x00, 0xad, 0x00, 0x8d, 0x00, 0xee, 0x00, 0x0e, 0x00, 0x8b, 0x00, 0xad, 0x00, 0xb0, 0x00,
    0xee, 0x00, 0xee, 0x00, 0xc9, 0x00, 0xc7, 0x00, 0xc2, 0x00, 0x00, 0x00, 0x00, 0x00, 0x00, 0x00,
    0x00, 0x00, 0x00, 0x00, 0x20, 0x00, 0x48, 0x00, 0x2e, 0x00, 0x8d, 0x00, 0x0c, 0x00, 0xcb, 0x00,
    0x8b, 0x00, 0xa1, 0x00, 0x00, 0x00, 0x00, 0x00, 0x00, 0x00, 0x00, 0x00, 0x00, 0x00, 0x00, 0x00,
    0x00, 0x00, 0x00, 0x00, 0x00, 0x00, 0x00, 0x00, 0x00, 0x00, 0x00, 0x00, 0x00, 0x00, 0x00, 0x00,
    0x00, 0x00, 0x00, 0x00, 0x00, 0x00, 0x00, 0x00, 0x00, 0x00, 0x00, 0x00, 0x00, 0x00, 0x00, 0x00,
    0x00, 0x00, 0x00, 0x00, 0x00, 0x00, 0x40, 0x00, 0x26, 0x00, 0x84, 0x00, 0xa4, 0x00, 0xc5, 0x00,
    0x84, 0x00, 0x64, 0x00, 0x05, 0x00, 0x07, 0x00, 0x2a, 0x00, 0xec, 0x00, 0xce, 0x00, 0x0a, 0x00,
    0x68, 0x00, 0x8b, 0x00, 0xec, 0x00, 0x4c, 0x00, 0xad, 0x00, 0xad, 0x00, 0xce, 0x00, 0xee, 0x00,
    0xad, 0x00, 0x4a, 0x00, 0xe7, 0x00, 0xe4, 0x00, 0x00, 0x00, 0x00, 0x00, 0x00, 0x00, 0x00, 0x00,
    0x00, 0x00, 0x00, 0x00, 0xe4, 0x00, 0xab, 0x00, 0xab, 0x00, 0xcb, 0x00, 0x0c, 0x00, 0xeb, 0x00,
    0x48, 0x00, 0x00, 0x00, 0x00, 0x00, 0x00, 0x00, 0x00, 0x00, 0x00, 0x00, 0x00, 0x00, 0x00, 0x00,
    0x00, 0x00, 0x00, 0x00, 0x00, 0x00, 0x00, 0x00, 0x00, 0x00, 0x00, 0x00, 0x00, 0x00, 0x00, 0x00,
    0x00, 0x00, 0x00, 0x00, 0x00, 0x00, 0x00, 0x00, 0x00, 0x00, 0x00, 0x00, 0x00, 0x00, 0x00, 0x00,
    0x00, 0x00, 0x00, 0x00, 0x00, 0x00, 0x81, 0x00, 0x26, 0x00, 0x84, 0x00, 0x84, 0x00, 0xc5, 0x00,
    0xa5, 0x00, 0x64, 0x00, 0x03, 0x00, 0x64, 0x00, 0xa7, 0x00, 0xc9, 0x00, 0xec, 0x00, 0x8d, 0x00,
    0xab, 0x00, 0x88, 0x00, 0x48, 0x00, 0x48, 0x00, 0xa8, 0x00, 0x6a, 0x00, 0xcb, 0x00, 0xcb, 0x00,
    0xc9, 0x00, 0xe7, 0x00, 0xc4, 0x00, 0x00, 0x00, 0x00, 0x00, 0x00, 0x00, 0x00, 0x00, 0x00, 0x00,
    0x00, 0x00, 0x40, 0x00, 0x07, 0x00, 0x68, 0x00, 0x09, 0x00, 0x8b, 0x00, 0x6a, 0x00, 0x2a, 0x00,
    0x43, 0x00, 0x00, 0x00, 0x00, 0x00, 0x00, 0x00, 0x00, 0x00, 0x00, 0x00, 0x00, 0x00, 0x00, 0x00,
    0x00, 0x00, 0x00, 0x00, 0x00, 0x00, 0x00, 0x00, 0x00, 0x00, 0x00, 0x00, 0x00, 0x00, 0x00, 0x00,
    0x00, 0x00, 0x00, 0x00, 0x00, 0x00, 0x00, 0x00, 0x00, 0x00, 0x00, 0x00, 0x00, 0x00, 0x00, 0x00,
    0x00, 0x00, 0x00, 0x00, 0x00, 0x00, 0xa1, 0x00, 0x26, 0x00, 0xc2, 0x00, 0xc5, 0x00, 0xc5, 0x00,
    0x26, 0x00, 0x06, 0x00, 0xc5, 0x00, 0x64, 0x00, 0x23, 0x00, 0x63, 0x00, 0xe5, 0x00, 0xc6, 0x00,
    0x0a, 0x00, 0x0c, 0x00, 0x6b, 0x00, 0xe9, 0x00, 0x88, 0x00, 0x48, 0x00, 0x27, 0x00, 0xe7, 0x00,
    0xe7, 0x00, 0x83, 0x00, 0x00, 0x00, 0x00, 0x00, 0x00, 0x00, 0x00, 0x00, 0x00, 0x00, 0x00, 0x00,
    0x00, 0x00, 0x02, 0x00, 0x28, 0x00, 0x07, 0x00, 0xe9, 0x00, 0xa9, 0x00, 0x68, 0x00, 0xa4, 0x00,
    0x00, 0x00, 0x00, 0x00, 0x00, 0x00, 0x00, 0x00, 0x00, 0x00, 0x00, 0x00, 0x00, 0x00, 0x00, 0x00,
    0x00, 0x00, 0x00, 0x00, 0x00, 0x00, 0x00, 0x00, 0x00, 0x00, 0x00, 0x00, 0x00, 0x00, 0x00, 0x00,
    0x00, 0x00, 0x00, 0x00, 0x00, 0x00, 0x00, 0x00, 0x00, 0x00, 0x00, 0x00, 0x00, 0x00, 0x00, 0x00,
    0x00, 0x00, 0x00, 0x00, 0x00, 0x00, 0x41, 0x00, 0x81, 0x00, 0x40, 0x00, 0x46, 0x00, 0x84, 0x00,
    0x06, 0x00, 0x46, 0x00, 0x66, 0x00, 0x26, 0x00, 0x84, 0x00, 0x63, 0x00, 0xa3, 0x00, 0x83, 0x00,
    0x63, 0x00, 0x25, 0x00, 0xc9, 0x00, 0x6b, 0x00, 0x8b, 0x00, 0x0a, 0x00, 0x89, 0x00, 0x28, 0x00,
    0x43, 0x00, 0x00, 0x00, 0x00, 0x00, 0x00, 0x00, 0x00, 0x00, 0x00, 0x00, 0x00, 0x00, 0x00, 0x00,
    0x00, 0x00, 0xc4, 0x00, 0x07, 0x00, 0x27, 0x00, 0x68, 0x00, 0x25, 0x00, 0xe2, 0x00, 0x00, 0x00,
    0x00, 0x00, 0x00, 0x00, 0x00, 0x00, 0x00, 0x00, 0x00, 0x00, 0x00, 0x00, 0x00, 0x00, 0x00, 0x00,
    0x00, 0x00, 0x00, 0x00, 0x00, 0x00, 0x00, 0x00, 0x00, 0x00, 0x00, 0x00, 0x00, 0x00, 0x00, 0x00,
    0x00, 0x00, 0x00, 0x00, 0x00, 0x00, 0x00, 0x00, 0x00, 0x00, 0x00, 0x00, 0x00, 0x00, 0x00, 0x00,
    0x00, 0x00, 0x00, 0x00, 0x00, 0x00, 0x00, 0x00, 0x00, 0x00, 0x00, 0x00, 0x05, 0x00, 0xe5, 0x00,
    0xc5, 0x00, 0x46, 0x00, 0xa7, 0x00, 0x08, 0x00, 0xe7, 0x00, 0x86, 0x00, 0x06, 0x00, 0xe6, 0x00,
    0xc6, 0x00, 0x24, 0x00, 0xc4, 0x00, 0x05, 0x00, 0x86, 0x00, 0xa6, 0x00, 0xa4, 0x00, 0x40, 0x00,
    0x00, 0x00, 0x00, 0x00, 0x00, 0x00, 0x00, 0x00, 0x00, 0x00, 0x00, 0x00, 0x00, 0x00, 0xe2, 0x00,
    0xe2, 0x00, 0x66, 0x00, 0x88, 0x00, 0x68, 0x00, 0x66, 0x00, 0x25, 0x00, 0x84, 0x00, 0x20, 0x00,
    0x00, 0x00, 0x00, 0x00, 0x00, 0x00, 0x00, 0x00, 0x00, 0x00, 0x00, 0x00, 0x00, 0x00, 0x00, 0x00,
    0x00, 0x00, 0x00, 0x00, 0x00, 0x00, 0x00, 0x00, 0x00, 0x00, 0x00, 0x00, 0x00, 0x00, 0x00, 0x00,
    0x00, 0x00, 0x00, 0x00, 0x00, 0x00, 0x00, 0x00, 0x00, 0x00, 0x00, 0x00, 0x00, 0x00, 0x00, 0x00,
    0x00, 0x00, 0x00, 0x00, 0x00, 0x00, 0x00, 0x00, 0x00, 0x00, 0x00, 0x00, 0x43, 0x00, 0x84, 0x00,
    0x23, 0x00, 0x26, 0x00, 0x66, 0x00, 0xa7, 0x00, 0x89, 0x00, 0x86, 0x00, 0xe6, 0x00, 0x67, 0x00,
    0x47, 0x00, 0x88, 0x00, 0x88, 0x00, 0x67, 0x00, 0xc6, 0x00, 0xe6, 0x00, 0x65, 0x00, 0x20, 0x00,
    0x00, 0x00, 0x00, 0x00, 0x00, 0x00, 0x00, 0x00, 0x00, 0x00, 0x00, 0x00, 0x00, 0x00, 0xa4, 0x00,
    0xa6, 0x00, 0x27, 0x00, 0x88, 0x00, 0x86, 0x00, 0x45, 0x00, 0xc4, 0x00, 0x81, 0x00, 0x00, 0x00,
    0x00, 0x00, 0x00, 0x00, 0x00, 0x00, 0x00, 0x00, 0x00, 0x00, 0x00, 0x00, 0x00, 0x00, 0x00, 0x00,
    0x00, 0x00, 0x00, 0x00, 0x00, 0x00, 0x00, 0x00, 0x00, 0x00, 0x00, 0x00, 0x00, 0x00, 0x00, 0x00,
    0x00, 0x00, 0x00, 0x00, 0x00, 0x00, 0x00, 0x00, 0x00, 0x00, 0x00, 0x00, 0x00, 0x00, 0x00, 0x00,
    0x20, 0x00, 0x00, 0x00, 0x00, 0x00, 0x00, 0x00, 0x00, 0x00, 0x00, 0x00, 0x40, 0x00, 0x40, 0x00,
    0x81, 0x00, 0x26, 0x00, 0x46, 0x00, 0x26, 0x00, 0x86, 0x00, 0x08, 0x00, 0x07, 0x00, 0x29, 0x00,
    0xe8, 0x00, 0xc8, 0x00, 0x6a, 0x00, 0x6a, 0x00, 0x6a, 0x00, 0x09, 0x00, 0x8a, 0x00, 0x05, 0x00,
    0x84, 0x00, 0x40, 0x00, 0x00, 0x00, 0x00, 0x00, 0x00, 0x00, 0x00, 0x00, 0x00, 0x00, 0xc4, 0x00,
    0xa9, 0x00, 0xc7, 0x00, 0x81, 0x00, 0x00, 0x00, 0x00, 0x00, 0x00, 0x00, 0x00, 0x00, 0x00, 0x00,
    0x00, 0x00, 0x00, 0x00, 0x00, 0x00, 0x00, 0x00, 0x00, 0x00, 0x00, 0x00, 0x00, 0x00, 0x00, 0x00,
    0x00, 0x00, 0x00, 0x00, 0x00, 0x00, 0x00, 0x00, 0x00, 0x00, 0x00, 0x00, 0x00, 0x00, 0x00, 0x00,
    0x00, 0x00, 0x00, 0x00, 0x43, 0x00, 0xe7, 0x00, 0x89, 0x00, 0x68, 0x00, 0xa6, 0x00, 0x02, 0x00,
    0x81, 0x00, 0xa6, 0x00, 0x43, 0x00, 0x00, 0x00, 0x00, 0x00, 0x00, 0x00, 0x00, 0x00, 0x00, 0x00,
    0x00, 0x00, 0x03, 0x00, 0x46, 0x00, 0x66, 0x00, 0x86, 0x00, 0xa7, 0x00, 0x07, 0x00, 0x88, 0x00,
    0x29, 0x00, 0xcb, 0x00, 0xee, 0x00, 0xee, 0x00, 0xec, 0x00, 0x8a, 0x00, 0x4c, 0x00, 0xab, 0x00,
    0xa6, 0x00, 0x27, 0x00, 0xc1, 0x00, 0x00, 0x00, 0x00, 0x00, 0x00, 0x00, 0x00, 0x00, 0xa4, 0x00,
    0xa9, 0x00, 0x02, 0x00, 0x00, 0x00, 0x00, 0x00, 0x00, 0x00, 0x00, 0x00, 0x00, 0x00, 0x00, 0x00,
    0x00, 0x00, 0x00, 0x00, 0x00, 0x00, 0x00, 0x00, 0x00, 0x00, 0x00, 0x00, 0x00, 0x00, 0x00, 0x00,
    0x00, 0x00, 0x00, 0x00, 0x00, 0x00, 0x00, 0x00, 0x00, 0x00, 0x00, 0x00, 0x00, 0x00, 0x00, 0x00,
    0x00, 0x00, 0x00, 0x00, 0x61, 0x00, 0xa4, 0x00, 0x68, 0x00, 0xe9, 0x00, 0x0a, 0x00, 0x8b, 0x00,
    0x86, 0x00, 0x86, 0x00, 0x8b, 0x00, 0xc6, 0x00, 0x20, 0x00, 0x00, 0x00, 0x00, 0x00, 0x00, 0x00,
    0x00, 0x00, 0x63, 0x00, 0x88, 0x00, 0x8b, 0x00, 0xcb, 0x00, 0x8b, 0x00, 0x68, 0x00, 0x28, 0x00,
    0xe9, 0x00, 0x6a, 0x00, 0xce, 0x00, 0x70, 0x00, 0x90, 0x00, 0x2f, 0x00, 0xee, 0x00, 0x8d, 0x00,
    0x4a, 0x00, 0xa6, 0x00, 0xa9, 0x00, 0x40, 0x00, 0x00, 0x00, 0x00, 0x00, 0x00, 0x00, 0xe2, 0x00,
    0x68, 0x00, 0xa1, 0x00, 0x00, 0x00, 0x00, 0x00, 0x00, 0x00, 0x00, 0x00, 0x00, 0x00, 0x00, 0x00,
    0x00, 0x00, 0x00, 0x00, 0x00, 0x00, 0x00, 0x00, 0x00, 0x00, 0x00, 0x00, 0x00, 0x00, 0x00, 0x00,
    0x00, 0x00, 0x00, 0x00, 0x00, 0x00, 0x00, 0x00, 0x00, 0x00, 0x00, 0x00, 0x00, 0x00, 0x00, 0x00,
    0x00, 0x00, 0x40, 0x00, 0x83, 0x00, 0x86, 0x00, 0x68, 0x00, 0x27, 0x00, 0x07, 0x00, 0x48, 0x00,
    0xc9, 0x00, 0x48, 0x00, 0x68, 0x00, 0x8b, 0x00, 0xc6, 0x00, 0x40, 0x00, 0x00, 0x00, 0x00, 0x00,
    0xe2, 0x00, 0x68, 0x00, 0xa9, 0x00, 0x4a, 0x00, 0x2c, 0x00, 0x0e, 0x00, 0x2c, 0x00, 0x48, 0x00,
    0xc9, 0x00, 0x6c, 0x00, 0x0e, 0x00, 0x8d, 0x00, 0x8d, 0x00, 0x70, 0x00, 0x4f, 0x00, 0xab, 0x00,
    0x6c, 0x00, 0x65, 0x00, 0x68, 0x00, 0x65, 0x00, 0x00, 0x00, 0x00, 0x00, 0x00, 0x00, 0x00, 0x00,
    0x07, 0x00, 0x63, 0x00, 0x00, 0x00, 0x00, 0x00, 0x00, 0x00, 0x00, 0x00, 0x00, 0x00, 0x00, 0x00,
    0x00, 0x00, 0x00, 0x00, 0x00, 0x00, 0x00, 0x00, 0x00, 0x00, 0x00, 0x00, 0x00, 0x00, 0x00, 0x00,
    0x00, 0x00, 0x00, 0x00, 0x00, 0x00, 0x00, 0x00, 0x00, 0x00, 0x00, 0x00, 0x00, 0x00, 0x00, 0x00,
    0xa4, 0x00, 0x88, 0x00, 0xe9, 0x00, 0x88, 0x00, 0x28, 0x00, 0x07, 0x00, 0x48, 0x00, 0x88, 0x00,
    0x09, 0x00, 0xe9, 0x00, 0x48, 0x00, 0x07, 0x00, 0x48, 0x00, 0x45, 0x00, 0x05, 0x00, 0x00, 0x00,
    0x45, 0x00, 0x28, 0x00, 0xa9, 0x00, 0xab, 0x00, 0x0b, 0x00, 0x6c, 0x00, 0x6c, 0x00, 0xa8, 0x00,
    0x07, 0x00, 0x6a, 0x00, 0xee, 0x00, 0x70, 0x00, 0x4f, 0x00, 0xee, 0x00, 0xab, 0x00, 0xae, 0x00,
    0x2f, 0x00, 0xc6, 0x00, 0x46, 0x00, 0x0a, 0x00, 0xa4, 0x00, 0x00, 0x00, 0x00, 0x00, 0x00, 0x00,
    0xa4, 0x00, 0xe7, 0x00, 0x00, 0x00, 0x00, 0x00, 0x00, 0x00, 0x00, 0x00, 0x00, 0x00, 0x00, 0x00,
    0x00, 0x00, 0x00, 0x00, 0x00, 0x00, 0x00, 0x00, 0x00, 0x00, 0x00, 0x00, 0x00, 0x00, 0x00, 0x00,
    0x00, 0x00, 0x00, 0x00, 0x00, 0x00, 0x00, 0x00, 0x00, 0x00, 0x00, 0x00, 0x81, 0x00, 0xc7, 0x00,
    0x48, 0x00, 0xa6, 0x00, 0x25, 0x00, 0xa6, 0x00, 0x68, 0x00, 0x6a, 0x00, 0xcb, 0x00, 0x8d, 0x00,
    0x8d, 0x00, 0x0c, 0x00, 0xeb, 0x00, 0x68, 0x00, 0x45, 0x00, 0x05, 0x00, 0xe7, 0x00, 0x63, 0x00,
    0x86, 0x00, 0x28, 0x00, 0x68, 0x00, 0xab, 0x00, 0x0b, 0x00, 0x0c, 0x00, 0xc9, 0x00, 0x88, 0x00,
    0xe7, 0x00, 0x28, 0x00, 0xcb, 0x00, 0xee, 0x00, 0x2f, 0x00, 0x4f, 0x00, 0x0e, 0x00, 0x90, 0x00,
    0xee, 0x00, 0x06, 0x00, 0xe5, 0x00, 0x89, 0x00, 0x4a, 0x00, 0xe4, 0x00, 0x00, 0x00, 0x00, 0x00,
    0x40, 0x00, 0x28, 0x00, 0x25, 0x00, 0x00, 0x00, 0x61, 0x00, 0x45, 0x00, 0x00, 0x00, 0x00, 0x00,
    0x00, 0x00, 0x00, 0x00, 0x00, 0x00, 0x00, 0x00, 0x00, 0x00, 0x00, 0x00, 0x00, 0x00, 0x00, 0x00,
    0x00, 0x00, 0x00, 0x00, 0x00, 0x00, 0x00, 0x00, 0x00, 0x00, 0x40, 0x00, 0xc5, 0x00, 0xa4, 0x00,
    0xe4, 0x00, 0x25, 0x00, 0x27, 0x00, 0x4a, 0x00, 0x0c, 0x00, 0x8d, 0x00, 0x4c, 0x00, 0x0c, 0x00,
    0x8d, 0x00, 0x6d, 0x00, 0x2c, 0x00, 0x6a, 0x00, 0xe7, 0x00, 0xe5, 0x00, 0x05, 0x00, 0xc5, 0x00,
    0x46, 0x00, 0x28, 0x00, 0x68, 0x00, 0xc9, 0x00, 0xcb, 0x00, 0xe9, 0x00, 0x27, 0x00, 0x29, 0x00,
    0xeb, 0x00, 0xab, 0x00, 0x09, 0x00, 0x0c, 0x00, 0xee, 0x00, 0x0f, 0x00, 0xae, 0x00, 0x2c, 0x00,
    0x6a, 0x00, 0x45, 0x00, 0xa4, 0x00, 0x68, 0x00, 0x09, 0x00, 0xcb, 0x00, 0x02, 0x00, 0x00, 0x00,
    0x00, 0x00, 0x02, 0x00, 0xc9, 0x00, 0x45, 0x00, 0x00, 0x00, 0xc9, 0x00, 0xe2, 0x00, 0x00, 0x00,
    0x00, 0x00, 0x00, 0x00, 0x00, 0x00, 0x00, 0x00, 0x00, 0x00, 0x00, 0x00, 0x00, 0x00, 0x00, 0x00,
    0x00, 0x00, 0x00, 0x00, 0x00, 0x00, 0x00, 0x00, 0x00, 0x00, 0x00, 0x00, 0x20, 0x00, 0xe5, 0x00,
    0x46, 0x00, 0x68, 0x00, 0x2a, 0x00, 0xeb, 0x00, 0x8d, 0x00, 0x6a, 0x00, 0x0c, 0x00, 0x8d, 0x00,
    0x8b, 0x00, 0x2c, 0x00, 0x09, 0x00, 0xa8, 0x00, 0x68, 0x00, 0xe7, 0x00, 0xe5, 0x00, 0x64, 0x00,
    0xe5, 0x00, 0x86, 0x00, 0x07, 0x00, 0x88, 0x00, 0x09, 0x00, 0xa6, 0x00, 0x48, 0x00, 0xeb, 0x00,
    0x2c, 0x00, 0x2c, 0x00, 0x8a, 0x00, 0x07, 0x00, 0xcb, 0x00, 0x6b, 0x00, 0x2a, 0x00, 0x4a, 0x00,
    0x8a, 0x00, 0xc9, 0x00, 0xe4, 0x00, 0xa6, 0x00, 0x29, 0x00, 0x0c, 0x00, 0x27, 0x00, 0x00, 0x00,
    0x00, 0x00, 0x00, 0x00, 0x63, 0x00, 0xe9, 0x00, 0x86, 0x00, 0xe7, 0x00, 0x88, 0x00, 0x00, 0x00,
    0x00, 0x00, 0x00, 0x00, 0x00, 0x00, 0x00, 0x00, 0x00, 0x00, 0x00, 0x00, 0x00, 0x00, 0x00, 0x00,
    0x00, 0x00, 0x00, 0x00, 0x00, 0x00, 0x00, 0x00, 0x00, 0x00, 0x20, 0x00, 0x46, 0x00, 0x46, 0x00,
    0xe7, 0x00, 0xe9, 0x00, 0xe9, 0x00, 0x4a, 0x00, 0x09, 0x00, 0xe9, 0x00, 0x09, 0x00, 0xe9, 0x00,
    0xa9, 0x00, 0xa9, 0x00, 0xc9, 0x00, 0x68, 0x00, 0x09, 0x00, 0x28, 0x00, 0x26, 0x00, 0x43, 0x00,
    0x84, 0x00, 0x26, 0x00, 0x86, 0x00, 0x28, 0x00, 0x68, 0x00, 0xc7, 0x00, 0xc9, 0x00, 0x09, 0x00,
    0xab, 0x00, 0x2a, 0x00, 0x68, 0x00, 0xc6, 0x00, 0xe9, 0x00, 0xeb, 0x00, 0x2c, 0x00, 0x8b, 0x00,
    0x8a, 0x00, 0xe7, 0x00, 0x88, 0x00, 0x4a, 0x00, 0x4a, 0x00, 0x8a, 0x00, 0xe9, 0x00, 0x40, 0x00,
    0x00, 0x00, 0x40, 0x00, 0x40, 0x00, 0x63, 0x00, 0x68, 0x00, 0xe7, 0x00, 0x2a, 0x00, 0xa4, 0x00,
    0x81, 0x00, 0x61, 0x00, 0x00, 0x00, 0x00, 0x00, 0x00, 0x00, 0x00, 0x00, 0x00, 0x00, 0x00, 0x00,
    0x00, 0x00, 0x00, 0x00, 0x00, 0x00, 0x00, 0x00, 0x00, 0x00, 0x25, 0x00, 0x46, 0x00, 0x25, 0x00,
    0x68, 0x00, 0xa9, 0x00, 0x8a, 0x00, 0xe9, 0x00, 0xc9, 0x00, 0x28, 0x00, 0x89, 0x00, 0x88, 0x00,
    0x68, 0x00, 0x48, 0x00, 0x88, 0x00, 0x68, 0x00, 0xa9, 0x00, 0x89, 0x00, 0x46, 0x00, 0xc5, 0x00,
    0x43, 0x00, 0xe5, 0x00, 0xc7, 0x00, 0xc7, 0x00, 0x68, 0x00, 0x28, 0x00, 0xc7, 0x00, 0x88, 0x00,
    0x28, 0x00, 0x66, 0x00, 0xe7, 0x00, 0xab, 0x00, 0x0b, 0x00, 0x2c, 0x00, 0xab, 0x00, 0x09, 0x00,
    0xa6, 0x00, 0xc9, 0x00, 0x4c, 0x00, 0xad, 0x00, 0x0c, 0x00, 0x8a, 0x00, 0x4a, 0x00, 0xe2, 0x00,
    0x00, 0x00, 0x81, 0x00, 0x25, 0x00, 0xc4, 0x00, 0x46, 0x00, 0xc7, 0x00, 0x48, 0x00, 0x27, 0x00,
    0xe5, 0x00, 0x43, 0x00, 0x00, 0x00, 0x00, 0x00, 0x00, 0x00, 0x00, 0x00, 0x00, 0x00, 0x00, 0x00,
    0x00, 0x00, 0x00, 0x00, 0x00, 0x00, 0x00, 0x00, 0x64, 0x00, 0x26, 0x00, 0x43, 0x00, 0x28, 0x00,
    0x88, 0x00, 0xe9, 0x00, 0xc9, 0x00, 0x48, 0x00, 0x28, 0x00, 0xe7, 0x00, 0xc7, 0x00, 0xa6, 0x00,
    0xe7, 0x00, 0xc7, 0x00, 0xc7, 0x00, 0x08, 0x00, 0xe7, 0x00, 0x07, 0x00, 0x46, 0x00, 0x05, 0x00,
    0x84, 0x00, 0x43, 0x00, 0xa7, 0x00, 0xc7, 0x00, 0x89, 0x00, 0x28, 0x00, 0xe5, 0x00, 0x86, 0x00,
    0xc7, 0x00, 0x2a, 0x00, 0x6a, 0x00, 0xcb, 0x00, 0xcb, 0x00, 0x09, 0x00, 0x48, 0x00, 0xa6, 0x00,
    0x07, 0x00, 0xcb, 0x00, 0xeb, 0x00, 0x4c, 0x00, 0x6c, 0x00, 0x4a, 0x00, 0xe9, 0x00, 0x22, 0x00,
    0x00, 0x00, 0x00, 0x00, 0x40, 0x00, 0x84, 0x00, 0x46, 0x00, 0xa7, 0x00, 0x66, 0x00, 0x28, 0x00,
    0x28, 0x00, 0xe5, 0x00, 0x00, 0x00, 0x00, 0x00, 0x00, 0x00, 0x00, 0x00, 0x00, 0x00, 0x00, 0x00,
    0x00, 0x00, 0x00, 0x00, 0x00, 0x00, 0x40, 0x00, 0x23, 0x00, 0x81, 0x00, 0x05, 0x00, 0x07, 0x00,
    0x68, 0x00, 0xc9, 0x00, 0x07, 0x00, 0x86, 0x00, 0x26, 0x00, 0x05, 0x00, 0x26, 0x00, 0x05, 0x00,
    0xa4, 0x00, 0x87, 0x00, 0x86, 0x00, 0x86, 0x00, 0x87, 0x00, 0x26, 0x00, 0x05, 0x00, 0xe5, 0x00,
    0x43, 0x00, 0x84, 0x00, 0x25, 0x00, 0xe7, 0x00, 0xe7, 0x00, 0x68, 0x00, 0xa9, 0x00, 0x2a, 0x00,
    0x8a, 0x00, 0xcb, 0x00, 0x6a, 0x00, 0x6a, 0x00, 0x8b, 0x00, 0x68, 0x00, 0xe7, 0x00, 0x05, 0x00,
    0xe7, 0x00, 0x88, 0x00, 0xe9, 0x00, 0x2a, 0x00, 0x2a, 0x00, 0xe9, 0x00, 0x88, 0x00, 0x22, 0x00,
    0x00, 0x00, 0x00, 0x00, 0x00, 0x00, 0x00, 0x00, 0x61, 0x00, 0x05, 0x00, 0x86, 0x00, 0xa6, 0x00,
    0x88, 0x00, 0xa6, 0x00, 0x00, 0x00, 0x00, 0x00, 0x00, 0x00, 0x00, 0x00, 0x00, 0x00, 0x00, 0x00,
    0x00, 0x00, 0x00, 0x00, 0x00, 0x00, 0x00, 0x00, 0x00, 0x00, 0xc4, 0x00, 0x66, 0x00, 0xa7, 0x00,
    0x28, 0x00, 0xc7, 0x00, 0x86, 0x00, 0x66, 0x00, 0xe5, 0x00, 0x06, 0x00, 0xe5, 0x00, 0xa2, 0x00,
    0x00, 0x00, 0xe2, 0x00, 0x46, 0x00, 0x66, 0x00, 0xa7, 0x00, 0x66, 0x00, 0x05, 0x00, 0xa4, 0x00,
    0x64, 0x00, 0x06, 0x00, 0x84, 0x00, 0x86, 0x00, 0x86, 0x00, 0x07, 0x00, 0xc9, 0x00, 0x88, 0x00,
    0x4a, 0x00, 0xe9, 0x00, 0x09, 0x00, 0xe9, 0x00, 0x28, 0x00, 0xc7, 0x00, 0x05, 0x00, 0x46, 0x00,
    0xc7, 0x00, 0x48, 0x00, 0x28, 0x00, 0x08, 0x00, 0x68, 0x00, 0x48, 0x00, 0x48, 0x00, 0x81, 0x00,
    0x00, 0x00, 0x00, 0x00, 0x00, 0x00, 0x00, 0x00, 0x00, 0x00, 0x20, 0x00, 0x25, 0x00, 0xc7, 0x00,
    0x28, 0x00, 0x07, 0x00, 0x40, 0x00, 0x00, 0x00, 0x00, 0x00, 0x00, 0x00, 0x00, 0x00, 0x00, 0x00,
    0x00, 0x00, 0x00, 0x00, 0x00, 0x00, 0x00, 0x00, 0x03, 0x00, 0x26, 0x00, 0x66, 0x00, 0xa7, 0x00,
    0xa7, 0x00, 0x46, 0x00, 0x66, 0x00, 0x26, 0x00, 0x05, 0x00, 0xa4, 0x00, 0x20, 0x00, 0x00, 0x00,
    0x00, 0x00, 0x00, 0x00, 0xc2, 0x00, 0x66, 0x00, 0x46, 0x00, 0x66, 0x00, 0x05, 0x00, 0xa4, 0x00,
    0x26, 0x00, 0x46, 0x00, 0xe5, 0x00, 0x84, 0x00, 0x46, 0x00, 0x66, 0x00, 0xa7, 0x00, 0xa7, 0x00,
    0x07, 0x00, 0x07, 0x00, 0x48, 0x00, 0x08, 0x00, 0x86, 0x00, 0xc4, 0x00, 0xa4, 0x00, 0x26, 0x00,
    0x46, 0x00, 0x66, 0x00, 0xa7, 0x00, 0xc7, 0x00, 0xc7, 0x00, 0xe7, 0x00, 0xa4, 0x00, 0x00, 0x00,
    0x00, 0x00, 0x00, 0x00, 0x00, 0x00, 0x00, 0x00, 0x00, 0x00, 0x00, 0x00, 0x81, 0x00, 0x07, 0x00,
    0x48, 0x00, 0x28, 0x00, 0x61, 0x00, 0x00, 0x00, 0x00, 0x00, 0x00, 0x00, 0x00, 0x00, 0x00, 0x00,
    0x00, 0x00, 0x00, 0x00, 0x00, 0x00, 0x00, 0x00, 0xc5, 0x00, 0x05, 0x00, 0x86, 0x00, 0x26, 0x00,
    0x46, 0x00, 0x87, 0x00, 0x46, 0x00, 0xe5, 0x00, 0xe5, 0x00, 0x61, 0x00, 0x00, 0x00, 0x00, 0x00,
    0x00, 0x00, 0x00, 0x00, 0x00, 0x00, 0xa4, 0x00, 0x46, 0x00, 0x26, 0x00, 0xa4, 0x00, 0x86, 0x00,
    0x86, 0x00, 0x26, 0x00, 0x46, 0x00, 0xc5, 0x00, 0x64, 0x00, 0xe5, 0x00, 0x46, 0x00, 0x66, 0x00,
    0xa7, 0x00, 0xa7, 0x00, 0x86, 0x00, 0x05, 0x00, 0x04, 0x00, 0xa5, 0x00, 0xe6, 0x00, 0x65, 0x00,
    0xe4, 0x00, 0xc4, 0x00, 0x22, 0x00, 0xa1, 0x00, 0x81, 0x00, 0x20, 0x00, 0x00, 0x00, 0x00, 0x00,
    0x00, 0x00, 0x00, 0x00, 0x00, 0x00, 0x00, 0x00, 0x00, 0x00, 0x00, 0x00, 0x00, 0x00, 0x05, 0x00,
    0x48, 0x00, 0xe7, 0x00, 0x81, 0x00, 0x00, 0x00, 0x00, 0x00, 0x00, 0x00, 0x00, 0x00, 0x00, 0x00,
    0x00, 0x00, 0x00, 0x00, 0x00, 0x00, 0x61, 0x00, 0xe5, 0x00, 0xe5, 0x00, 0x66, 0x00, 0x46, 0x00,
    0x87, 0x00, 0x66, 0x00, 0x26, 0x00, 0xe5, 0x00, 0xa4, 0x00, 0x00, 0x00, 0x00, 0x00, 0x00, 0x00,
    0x00, 0x00, 0x00, 0x00, 0x00, 0x00, 0xa2, 0x00, 0x46, 0x00, 0xc5, 0x00, 0x25, 0x00, 0xe7, 0x00,
    0x66, 0x00, 0x86, 0x00, 0x66, 0x00, 0x26, 0x00, 0xa4, 0x00, 0x64, 0x00, 0x84, 0x00, 0xe5, 0x00,
    0x05, 0x00, 0xa4, 0x00, 0x83, 0x00, 0xc6, 0x00, 0xc8, 0x00, 0x29, 0x00, 0x29, 0x00, 0x29, 0x00,
    0xe6, 0x00, 0xa6, 0x00, 0x81, 0x00, 0x00, 0x00, 0x00, 0x00, 0x00, 0x00, 0x00, 0x00, 0x00, 0x00,
    0x00, 0x00, 0x00, 0x00, 0x00, 0x00, 0x00, 0x00, 0x00, 0x00, 0x00, 0x00, 0x00, 0x00, 0x23, 0x00,
    0x68, 0x00, 0xa6, 0x00, 0xa1, 0x00, 0x40, 0x00, 0x00, 0x00, 0x00, 0x00, 0x00, 0x00, 0x00, 0x00,
    0x00, 0x00, 0x00, 0x00, 0x00, 0x00, 0xe2, 0x00, 0xe5, 0x00, 0xc5, 0x00, 0x66, 0x00, 0x26, 0x00,
    0x26, 0x00, 0x46, 0x00, 0x05, 0x00, 0x05, 0x00, 0xc4, 0x00, 0x00, 0x00, 0x00, 0x00, 0x00, 0x00,
    0x00, 0x00, 0x00, 0x00, 0x00, 0x00, 0xa1, 0x00, 0x26, 0x00, 0x05, 0x00, 0xa7, 0x00, 0x86, 0x00,
    0x07, 0x00, 0xa9, 0x00, 0xc9, 0x00, 0x68, 0x00, 0xa6, 0x00, 0xa4, 0x00, 0xc5, 0x00, 0x43, 0x00,
    0xc4, 0x00, 0x65, 0x00, 0xc6, 0x00, 0xe6, 0x00, 0x09, 0x00, 0xeb, 0x00, 0xeb, 0x00, 0xaa, 0x00,
    0x67, 0x00, 0x65, 0x00, 0x43, 0x00, 0x63, 0x00, 0x20, 0x00, 0x00, 0x00, 0x00, 0x00, 0x00, 0x00,
    0x00, 0x00, 0x00, 0x00, 0x00, 0x00, 0x00, 0x00, 0x00, 0x00, 0x00, 0x00, 0x00, 0x00, 0xc2, 0x00,
    0x68, 0x00, 0x66, 0x00, 0xe5, 0x00, 0xc2, 0x00, 0x00, 0x00, 0x00, 0x00, 0x00, 0x00, 0x00, 0x00,
    0x00, 0x00, 0x00, 0x00, 0x00, 0x00, 0x43, 0x00, 0xe5, 0x00, 0xa4, 0x00, 0x26, 0x00, 0x05, 0x00,
    0xe5, 0x00, 0x87, 0x00, 0x26, 0x00, 0x46, 0x00, 0x05, 0x00, 0x00, 0x00, 0x00, 0x00, 0x00, 0x00,
    0x00, 0x00, 0x00, 0x00, 0x00, 0x00, 0x84, 0x00, 0xe5, 0x00, 0x46, 0x00, 0x86, 0x00, 0xc7, 0x00,
    0xa9, 0x00, 0x0b, 0x00, 0x2c, 0x00, 0x6c, 0x00, 0xeb, 0x00, 0x27, 0x00, 0xa4, 0x00, 0xe5, 0x00,
    0xe6, 0x00, 0xa8, 0x00, 0x09, 0x00, 0x09, 0x00, 0x88, 0x00, 0x29, 0x00, 0x4c, 0x00, 0x6a, 0x00,
    0xe9, 0x00, 0x25, 0x00, 0x46, 0x00, 0x68, 0x00, 0xe7, 0x00, 0x20, 0x00, 0x00, 0x00, 0x00, 0x00,
    0x00, 0x00, 0x00, 0x00, 0x00, 0x00, 0x00, 0x00, 0x00, 0x00, 0x00, 0x00, 0x61, 0x00, 0xe2, 0x00,
    0x08, 0x00, 0x46, 0x00, 0xa7, 0x00, 0x61, 0x00, 0x00, 0x00, 0x00, 0x00, 0x00, 0x00, 0x00, 0x00,
    0x00, 0x00, 0x00, 0x00, 0x00, 0x00, 0x23, 0x00, 0xc5, 0x00, 0xa4, 0x00, 0x05, 0x00, 0x06, 0x00,
    0x26, 0x00, 0x87, 0x00, 0x46, 0x00, 0x26, 0x00, 0x87, 0x00, 0x40, 0x00, 0x00, 0x00, 0x00, 0x00,
    0x00, 0x00, 0x00, 0x00, 0x43, 0x00, 0xa4, 0x00, 0xc5, 0x00, 0x25, 0x00, 0x86, 0x00, 0x48, 0x00,
    0xc9, 0x00, 0x2a, 0x00, 0x0b, 0x00, 0x2c, 0x00, 0x8a, 0x00, 0x09, 0x00, 0x25, 0x00, 0xe5, 0x00,
    0xa6, 0x00, 0xc8, 0x00, 0x49, 0x00, 0xcb, 0x00, 0x2c, 0x00, 0x8a, 0x00, 0xe9, 0x00, 0x6a, 0x00,
    0x88, 0x00, 0xa4, 0x00, 0xc7, 0x00, 0x88, 0x00, 0xa9, 0x00, 0x43, 0x00, 0x00, 0x00, 0x00, 0x00,
    0x00, 0x00, 0x00, 0x00, 0x00, 0x00, 0x00, 0x00, 0x00, 0x00, 0x00, 0x00, 0x63, 0x00, 0xa4, 0x00,
    0xa7, 0x00, 0x66, 0x00, 0x66, 0x00, 0x00, 0x00, 0x00, 0x00, 0x00, 0x00, 0x00, 0x00, 0x00, 0x00,
    0x00, 0x00, 0x00, 0x00, 0x00, 0x00, 0x23, 0x00, 0x23, 0x00, 0x64, 0x00, 0x05, 0x00, 0xe5, 0x00,
    0x46, 0x00, 0x05, 0x00, 0x05, 0x00, 0x26, 0x00, 0x87, 0x00, 0x63, 0x00, 0x00, 0x00, 0x00, 0x00,
    0x00, 0x00, 0x20, 0x00, 0x81, 0x00, 0x81, 0x00, 0x26, 0x00, 0x05, 0x00, 0xa7, 0x00, 0x48, 0x00,
    0xc9, 0x00, 0xeb, 0x00, 0x6a, 0x00, 0xab, 0x00, 0x0b, 0x00, 0x6a, 0x00, 0xe7, 0x00, 0xe4, 0x00,
    0x07, 0x00, 0x47, 0x00, 0x49, 0x00, 0x8a, 0x00, 0xaa, 0x00, 0x2c, 0x00, 0xaa, 0x00, 0x49, 0x00,
    0x65, 0x00, 0x05, 0x00, 0x48, 0x00, 0x48, 0x00, 0x88, 0x00, 0xa4, 0x00, 0x00, 0x00, 0x00, 0x00,
    0x00, 0x00, 0x00, 0x00, 0x00, 0x00, 0x00, 0x00, 0x00, 0x00, 0x00, 0x00, 0x23, 0x00, 0x86, 0x00,
    0x66, 0x00, 0x86, 0x00, 0xc4, 0x00, 0x00, 0x00, 0x00, 0x00, 0x00, 0x00, 0x00, 0x00, 0x00, 0x00,
    0x00, 0x00, 0x00, 0x00, 0x00, 0x00, 0x61, 0x00, 0x40, 0x00, 0xa4, 0x00, 0x05, 0x00, 0xc5, 0x00,
    0x46, 0x00, 0x46, 0x00, 0xe5, 0x00, 0x66, 0x00, 0x26, 0x00, 0x66, 0x00, 0xa1, 0x00, 0x00, 0x00,
    0x00, 0x00, 0x00, 0x00, 0x00, 0x00, 0x84, 0x00, 0x26, 0x00, 0x05, 0x00, 0xe7, 0x00, 0x68, 0x00,
    0x68, 0x00, 0x6a, 0x00, 0xe9, 0x00, 0x8b, 0x00, 0xeb, 0x00, 0xab, 0x00, 0x07, 0x00, 0xc4, 0x00,
    0x68, 0x00, 0x27, 0x00, 0x87, 0x00, 0x49, 0x00, 0x6a, 0x00, 0x6a, 0x00, 0x09, 0x00, 0x67, 0x00,
    0xc4, 0x00, 0xc7, 0x00, 0xe7, 0x00, 0x48, 0x00, 0x68, 0x00, 0x63, 0x00, 0x00, 0x00, 0x00, 0x00,
    0x00, 0x00, 0x00, 0x00, 0x00, 0x00, 0x00, 0x00, 0x00, 0x00, 0x00, 0x00, 0x84, 0x00, 0x08, 0x00,
    0x26, 0x00, 0xa7, 0x00, 0xc2, 0x00, 0x00, 0x00, 0x00, 0x00, 0x00, 0x00, 0x00, 0x00, 0x00, 0x00,
    0x00, 0x00, 0x00, 0x00, 0x00, 0x00, 0x00, 0x00, 0x00, 0x00, 0x84, 0x00, 0x06, 0x00, 0xc5, 0x00,
    0xe5, 0x00, 0x26, 0x00, 0x46, 0x00, 0x46, 0x00, 0x87, 0x00, 0x66, 0x00, 0x66, 0x00, 0x23, 0x00,
    0x40, 0x00, 0x40, 0x00, 0x43, 0x00, 0xe5, 0x00, 0x06, 0x00, 0x05, 0x00, 0xe7, 0x00, 0x07, 0x00,
    0xa9, 0x00, 0x2a, 0x00, 0xe9, 0x00, 0x09, 0x00, 0xa9, 0x00, 0x48, 0x00, 0xa7, 0x00, 0xc4, 0x00,
    0x27, 0x00, 0xc8, 0x00, 0x47, 0x00, 0x47, 0x00, 0xe9, 0x00, 0x27, 0x00, 0x67, 0x00, 0x25, 0x00,
    0xc5, 0x00, 0xa7, 0x00, 0xc7, 0x00, 0x08, 0x00, 0xc7, 0x00, 0x81, 0x00, 0x00, 0x00, 0x00, 0x00,
    0x00, 0x00, 0x00, 0x00, 0x00, 0x00, 0x00, 0x00, 0x00, 0x00, 0x00, 0x00, 0x05, 0x00, 0xa7, 0x00,
    0x86, 0x00, 0x05, 0x00, 0x00, 0x00, 0x00, 0x00, 0x00, 0x00, 0x00, 0x00, 0x00, 0x00, 0x00, 0x00,
    0x00, 0x00, 0x00, 0x00, 0x00, 0x00, 0x00, 0x00, 0x00, 0x00, 0x23, 0x00, 0xe5, 0x00, 0xc5, 0x00,
    0xc5, 0x00, 0x05, 0x00, 0x87, 0x00, 0x46, 0x00, 0xc7, 0x00, 0x87, 0x00, 0x46, 0x00, 0x46, 0x00,
    0xc5, 0x00, 0xc5, 0x00, 0xc5, 0x00, 0x84, 0x00, 0x26, 0x00, 0x26, 0x00, 0x46, 0x00, 0xa7, 0x00,
    0x68, 0x00, 0x2a, 0x00, 0x88, 0x00, 0xa9, 0x00, 0x07, 0x00, 0x86, 0x00, 0xa7, 0x00, 0xa4, 0x00,
    0x07, 0x00, 0x88, 0x00, 0xc8, 0x00, 0x27, 0x00, 0xa6, 0x00, 0x67, 0x00, 0xc6, 0x00, 0xa4, 0x00,
    0x66, 0x00, 0xc7, 0x00, 0xc7, 0x00, 0xe7, 0x00, 0xa4, 0x00, 0x00, 0x00, 0x00, 0x00, 0x00, 0x00,
    0x00, 0x00, 0x00, 0x00, 0x00, 0x00, 0x00, 0x00, 0x00, 0x00, 0xa1, 0x00, 0xc7, 0x00, 0x46, 0x00,
    0x87, 0x00, 0x81, 0x00, 0x00, 0x00, 0x00, 0x00, 0x00, 0x00, 0x00, 0x00, 0x00, 0x00, 0x00, 0x00,
    0x00, 0x00, 0x00, 0x00, 0x00, 0x00, 0x00, 0x00, 0x00, 0x00, 0x81, 0x00, 0xe5, 0x00, 0xa5, 0x00,
    0xe5, 0x00, 0x06, 0x00, 0x46, 0x00, 0x46, 0x00, 0xe8, 0x00, 0xe8, 0x00, 0xa7, 0x00, 0x26, 0x00,
    0xe5, 0x00, 0xc5, 0x00, 0x84, 0x00, 0x84, 0x00, 0x05, 0x00, 0x26, 0x00, 0x26, 0x00, 0x08, 0x00,
    0x07, 0x00, 0xe7, 0x00, 0x07, 0x00, 0x07, 0x00, 0xc7, 0x00, 0xc7, 0x00, 0x05, 0x00, 0x45, 0x00,
    0xa6, 0x00, 0xe6, 0x00, 0x27, 0x00, 0x67, 0x00, 0x67, 0x00, 0xc6, 0x00, 0x84, 0x00, 0x26, 0x00,
    0x66, 0x00, 0x86, 0x00, 0xc7, 0x00, 0x05, 0x00, 0x00, 0x00, 0x00, 0x00, 0x00, 0x00, 0x00, 0x00,
    0x00, 0x00, 0x00, 0x00, 0x00, 0x00, 0x00, 0x00, 0x00, 0x00, 0x25, 0x00, 0xc7, 0x00, 0x66, 0x00,
    0x84, 0x00, 0xc2, 0x00, 0x00, 0x00, 0x00, 0x00, 0x00, 0x00, 0x00, 0x00, 0x00, 0x00, 0x00, 0x00,
    0x00, 0x00, 0x00, 0x00, 0x00, 0x00, 0x00, 0x00, 0x00, 0x00, 0x00, 0x00, 0x84, 0x00, 0xa5, 0x00,
    0xe5, 0x00, 0x06, 0x00, 0x05, 0x00, 0x05, 0x00, 0x66, 0x00, 0xc7, 0x00, 0x46, 0x00, 0xc5, 0x00,
    0x26, 0x00, 0x26, 0x00, 0x06, 0x00, 0x44, 0x00, 0xc5, 0x00, 0xe5, 0x00, 0x46, 0x00, 0xa7, 0x00,
    0xe7, 0x00, 0xc7, 0x00, 0xe7, 0x00, 0xc7, 0x00, 0x86, 0x00, 0x25, 0x00, 0xe4, 0x00, 0xc6, 0x00,
    0x45, 0x00, 0x45, 0x00, 0xa6, 0x00, 0x07, 0x00, 0xc6, 0x00, 0x84, 0x00, 0xc5, 0x00, 0x26, 0x00,
    0x46, 0x00, 0x66, 0x00, 0xa4, 0x00, 0x20, 0x00, 0x00, 0x00, 0x00, 0x00, 0x00, 0x00, 0x00, 0x00,
    0x00, 0x00, 0x00, 0x00, 0x00, 0x00, 0x00, 0x00, 0xa4, 0x00, 0x28, 0x00, 0x87, 0x00, 0xc5, 0x00,
    0x05, 0x00, 0xc2, 0x00, 0x00, 0x00, 0x00, 0x00, 0x00, 0x00, 0x00, 0x00, 0x00, 0x00, 0x00, 0x00,
    0x00, 0x00, 0x00, 0x00, 0x00, 0x00, 0x00, 0x00, 0x00, 0x00, 0x00, 0x00, 0xc2, 0x00, 0xa4, 0x00,
    0x64, 0x00, 0x05, 0x00, 0x06, 0x00, 0x06, 0x00, 0x05, 0x00, 0xe5, 0x00, 0x46, 0x00, 0x66, 0x00,
    0x87, 0x00, 0x26, 0x00, 0x26, 0x00, 0x64, 0x00, 0x84, 0x00, 0xa4, 0x00, 0x26, 0x00, 0x86, 0x00,
    0xa7, 0x00, 0x86, 0x00, 0x86, 0x00, 0x66, 0x00, 0x46, 0x00, 0xa4, 0x00, 0x85, 0x00, 0x65, 0x00,
    0x85, 0x00, 0xa6, 0x00, 0xe6, 0x00, 0x85, 0x00, 0x84, 0x00, 0xc5, 0x00, 0x05, 0x00, 0x05, 0x00,
    0xc5, 0x00, 0x02, 0x00, 0x00, 0x00, 0x00, 0x00, 0x00, 0x00, 0x00, 0x00, 0x20, 0x00, 0x40, 0x00,
    0x00, 0x00, 0x00, 0x00, 0x61, 0x00, 0xe5, 0x00, 0x08, 0x00, 0xc7, 0x00, 0x05, 0x00, 0x26, 0x00,
    0x43, 0x00, 0x00, 0x00, 0x00, 0x00, 0x00, 0x00, 0x00, 0x00, 0x00, 0x00, 0x00, 0x00, 0x00, 0x00,
    0x00, 0x00, 0x00, 0x00, 0x00, 0x00, 0x00, 0x00, 0x00, 0x00, 0x00, 0x00, 0x00, 0x00, 0x03, 0x00,
    0x81, 0x00, 0xc5, 0x00, 0x05, 0x00, 0x06, 0x00, 0x67, 0x00, 0x26, 0x00, 0x87, 0x00, 0xc7, 0x00,
    0xa7, 0x00, 0x26, 0x00, 0xe5, 0x00, 0xa4, 0x00, 0x23, 0x00, 0x84, 0x00, 0x84, 0x00, 0xa7, 0x00,
    0x66, 0x00, 0x86, 0x00, 0x87, 0x00, 0x26, 0x00, 0x63, 0x00, 0xe4, 0x00, 0x65, 0x00, 0x24, 0x00,
    0x45, 0x00, 0xa6, 0x00, 0x25, 0x00, 0x63, 0x00, 0x84, 0x00, 0xe5, 0x00, 0x05, 0x00, 0x25, 0x00,
    0x05, 0x00, 0x05, 0x00, 0x25, 0x00, 0xa4, 0x00, 0x25, 0x00, 0x48, 0x00, 0x48, 0x00, 0xa9, 0x00,
    0xc4, 0x00, 0x23, 0x00, 0x86, 0x00, 0xc7, 0x00, 0x66, 0x00, 0x25, 0x00, 0x66, 0x00, 0x23, 0x00,
    0x00, 0x00, 0x00, 0x00, 0x00, 0x00, 0x00, 0x00, 0x00, 0x00, 0x00, 0x00, 0x00, 0x00, 0x00, 0x00,
    0x00, 0x00, 0x00, 0x00, 0x00, 0x00, 0x00, 0x00, 0x00, 0x00, 0x00, 0x00, 0x00, 0x00, 0x20, 0x00,
    0x00, 0x00, 0x81, 0x00, 0xc5, 0x00, 0xe5, 0x00, 0x05, 0x00, 0x46, 0x00, 0x26, 0x00, 0x26, 0x00,
    0x26, 0x00, 0x06, 0x00, 0xe5, 0x00, 0xc5, 0x00, 0x64, 0x00, 0x03, 0x00, 0x43, 0x00, 0x46, 0x00,
    0x86, 0x00, 0xa7, 0x00, 0x46, 0x00, 0x46, 0x00, 0x25, 0x00, 0x84, 0x00, 0x05, 0x00, 0x07, 0x00,
    0x45, 0x00, 0xa4, 0x00, 0x43, 0x00, 0x84, 0x00, 0x05, 0x00, 0xe5, 0x00, 0x46, 0x00, 0xc7, 0x00,
    0xe7, 0x00, 0xe7, 0x00, 0x27, 0x00, 0x48, 0x00, 0x88, 0x00, 0x27, 0x00, 0x09, 0x00, 0x27, 0x00,
    0xc6, 0x00, 0x46, 0x00, 0x86, 0x00, 0x05, 0x00, 0x06, 0x00, 0x26, 0x00, 0xa1, 0x00, 0x00, 0x00,
    0x00, 0x00, 0x00, 0x00, 0x00, 0x00, 0x00, 0x00, 0x00, 0x00, 0x00, 0x00, 0x00, 0x00, 0x00, 0x00,
    0x00, 0x00, 0x00, 0x00, 0x00, 0x00, 0x00, 0x00, 0x00, 0x00, 0x00, 0x00, 0x00, 0x00, 0x00, 0x00,
    0x00, 0x00, 0x00, 0x00, 0x81, 0x00, 0xa5, 0x00, 0xe5, 0x00, 0xc5, 0x00, 0xc5, 0x00, 0x05, 0x00,
    0xe5, 0x00, 0xe5, 0x00, 0xc5, 0x00, 0x84, 0x00, 0x84, 0x00, 0x23, 0x00, 0x84, 0x00, 0x26, 0x00,
    0x46, 0x00, 0x46, 0x00, 0x86, 0x00, 0xe7, 0x00, 0x28, 0x00, 0x27, 0x00, 0x28, 0x00, 0xa9, 0x00,
    0x2a, 0x00, 0xe7, 0x00, 0xe7, 0x00, 0x25, 0x00, 0x03, 0x00, 0x63, 0x00, 0xc5, 0x00, 0x66, 0x00,
    0x46, 0x00, 0x07, 0x00, 0x48, 0x00, 0x68, 0x00, 0x88, 0x00, 0x48, 0x00, 0xa6, 0x00, 0x48, 0x00,
    0x66, 0x00, 0x46, 0x00, 0xe5, 0x00, 0xe5, 0x00, 0xa4, 0x00, 0xa1, 0x00, 0x00, 0x00, 0x00, 0x00,
    0x00, 0x00, 0x00, 0x00, 0x00, 0x00, 0x00, 0x00, 0x00, 0x00, 0x00, 0x00, 0x00, 0x00, 0x00, 0x00,
    0x00, 0x00, 0x00, 0x00, 0x00, 0x00, 0x00, 0x00, 0x00, 0x00, 0x00, 0x00, 0x00, 0x00, 0x00, 0x00,
    0x00, 0x00, 0x00, 0x00, 0x00, 0x00, 0x20, 0x00, 0x23, 0x00, 0xc5, 0x00, 0xe5, 0x00, 0x64, 0x00,
    0xa4, 0x00, 0xe5, 0x00, 0xc5, 0x00, 0x84, 0x00, 0x64, 0x00, 0xe2, 0x00, 0xa4, 0x00, 0x46, 0x00,
    0x26, 0x00, 0x87, 0x00, 0x26, 0x00, 0xa7, 0x00, 0xa6, 0x00, 0x2a, 0x00, 0xa8, 0x00, 0x45, 0x00,
    0xe9, 0x00, 0x8b, 0x00, 0xa6, 0x00, 0x07, 0x00, 0x02, 0x00, 0x00, 0x00, 0x00, 0x00, 0x61, 0x00,
    0x02, 0x00, 0xa4, 0x00, 0x25, 0x00, 0xa7, 0x00, 0x05, 0x00, 0xa9, 0x00, 0x05, 0x00, 0x45, 0x00,
    0x25, 0x00, 0x43, 0x00, 0x61, 0x00, 0x20, 0x00, 0x00, 0x00, 0x00, 0x00, 0x00, 0x00, 0x00, 0x00,
    0x00, 0x00, 0x00, 0x00, 0x00, 0x00, 0x00, 0x00, 0x00, 0x00, 0x00, 0x00, 0x00, 0x00, 0x00, 0x00,
    0x00, 0x00, 0x00, 0x00, 0x00, 0x00, 0x00, 0x00, 0x00, 0x00, 0x00, 0x00, 0x00, 0x00, 0x00, 0x00,
    0x00, 0x00, 0x00, 0x00, 0x00, 0x00, 0x00, 0x00, 0x00, 0x00, 0x20, 0x00, 0xc2, 0x00, 0x81, 0x00,
    0x00, 0x00, 0x40, 0x00, 0x61, 0x00, 0x40, 0x00, 0x20, 0x00, 0x00, 0x00, 0x61, 0x00, 0x23, 0x00,
    0x63, 0x00, 0x64, 0x00, 0xa4, 0x00, 0x05, 0x00, 0xc7, 0x00, 0x07, 0x00, 0xa9, 0x00, 0x65, 0x00,
    0x05, 0x00, 0x4a, 0x00, 0xc6, 0x00, 0x84, 0x00, 0xe5, 0x00, 0x00, 0x00, 0x00, 0x00, 0x00, 0x00,
    0x00, 0x00, 0x00, 0x00, 0x20, 0x00, 0xa1, 0x00, 0x61, 0x00, 0xe2, 0x00, 0x84, 0x00, 0x20, 0x00,
    0x61, 0x00, 0x00, 0x00, 0x00, 0x00, 0x00, 0x00, 0x00, 0x00, 0x00, 0x00, 0x00, 0x00, 0x00, 0x00,
    0x00, 0x00, 0x00, 0x00, 0x00, 0x00, 0x00, 0x00, 0x00, 0x00, 0x00, 0x00, 0x00, 0x00, 0x00, 0x00,
    0x00, 0x00, 0x00, 0x00, 0x00, 0x00, 0x00, 0x00, 0x00, 0x00, 0x00, 0x00, 0x00, 0x00, 0x00, 0x00,
    0x00, 0x00, 0x00, 0x00, 0x00, 0x00, 0x00, 0x00, 0x00, 0x00, 0x00, 0x00, 0x00, 0x00, 0x00, 0x00,
    0x00, 0x00, 0x00, 0x00, 0x00, 0x00, 0x00, 0x00, 0x00, 0x00, 0x00, 0x00, 0x00, 0x00, 0x00, 0x00,
    0x00, 0x00, 0x00, 0x00, 0x00, 0x00, 0xa2, 0x00, 0xc4, 0x00, 0xa4, 0x00, 0x25, 0x00, 0x86, 0x00,
    0xc1, 0x00, 0x45, 0x00, 0xa6, 0x00, 0x00, 0x00, 0x81, 0x00, 0x00, 0x00, 0x00, 0x00, 0x00, 0x00,
    0x00, 0x00, 0x00, 0x00, 0x00, 0x00, 0x00, 0x00, 0x00, 0x00, 0x00, 0x00, 0x00, 0x00, 0x00, 0x00,
    0x00, 0x00, 0x00, 0x00, 0x00, 0x00, 0x00, 0x00, 0x00, 0x00, 0x00, 0x00, 0x00, 0x00, 0x00, 0x00,
    0x00, 0x00, 0x00, 0x00, 0x00, 0x00, 0x00, 0x00, 0x00, 0x00, 0x00, 0x00, 0x00, 0x00, 0x00, 0x00,
    0x00, 0x00, 0x00, 0x00, 0x00, 0x00, 0x00, 0x00, 0x00, 0x00, 0x00, 0x00, 0x00, 0x00, 0x00, 0x00,
    0x00, 0x00, 0x00, 0x00, 0x00, 0x00, 0x00, 0x00, 0x00, 0x00, 0x00, 0x00, 0x00, 0x00, 0x00, 0x00,
    0x00, 0x00, 0x00, 0x00, 0x00, 0x00, 0x00, 0x00, 0x00, 0x00, 0x00, 0x00, 0x00, 0x00, 0x00, 0x00,
    0x00, 0x00, 0x00, 0x00, 0x00, 0x00, 0x00, 0x00, 0x00, 0x00, 0x20, 0x00, 0x00, 0x00, 0x02, 0x00,
    0x40, 0x00, 0x00, 0x00, 0xa1, 0x00, 0x00, 0x00, 0x00, 0x00, 0x00, 0x00, 0x00, 0x00, 0x00, 0x00,
    0x00, 0x00, 0x00, 0x00, 0x00, 0x00, 0x00, 0x00, 0x00, 0x00, 0x00, 0x00, 0x00, 0x00, 0x00, 0x00,
    0x00, 0x00, 0x00, 0x00, 0x00, 0x00, 0x00, 0x00, 0x00, 0x00, 0x00, 0x00, 0x00, 0x00, 0x00, 0x00,
    0x00, 0x00, 0x00, 0x00, 0x00, 0x00, 0x00, 0x00, 0x00, 0x00, 0x00, 0x00, 0x00, 0x00, 0x00, 0x00,
    0x00, 0x00, 0x00, 0x00, 0x00, 0x00, 0x00, 0x00, 0x00, 0x00, 0x00, 0x00, 0x00, 0x00, 0x00, 0x00,
    0x00, 0x00, 0x00, 0x00, 0x00, 0x00, 0x00, 0x00, 0x00, 0x00, 0x00, 0x00, 0x00, 0x00, 0x00, 0x00,
    0x00, 0x00, 0x00, 0x00, 0x00, 0x00, 0x00, 0x00, 0x00, 0x00, 0x00, 0x00, 0x00, 0x00, 0x00, 0x00,
    0x00, 0x00, 0x00, 0x00, 0x00, 0x00, 0x00, 0x00, 0x00, 0x00, 0x00, 0x00, 0x00, 0x00, 0x00, 0x00,
    0x00, 0x00, 0x00, 0x00, 0x00, 0x00, 0x00, 0x00, 0x00, 0x00, 0x00, 0x00, 0x00, 0x00, 0x00, 0x00,
    0x00, 0x00, 0x00, 0x00, 0x00, 0x00, 0x00, 0x00, 0x00, 0x00, 0x00, 0x00, 0x00, 0x00, 0x00, 0x00,
    0x00, 0x00, 0x00, 0x00, 0x00, 0x00, 0x00, 0x00, 0x00, 0x00, 0x00, 0x00, 0x00, 0x00, 0x00, 0x00,
    0x00, 0x00, 0x00, 0x00, 0x00, 0x00, 0x00, 0x00, 0x00, 0x00, 0x00, 0x00, 0x00, 0x00, 0x00, 0x00,
    0x00, 0x00, 0x00, 0x00, 0x00, 0x00, 0x00, 0x00, 0x00, 0x00, 0x00, 0x00, 0x00, 0x00, 0x00, 0x00,
    0x07, 0x00, 0x00, 0x00, 0x00, 0x00, 0x00, 0x00, 0x00, 0x00, 0x00, 0x00, 0x00, 0x00, 0x00, 0x00,
    0x01, 0x00, 0x00, 0x00, 0x00, 0x00, 0x00, 0x00, 0x00, 0x00, 0x00, 0x00, 0x00, 0x00, 0x00, 0x00,
    0x00, 0x00, 0x00, 0x00, 0x00, 0x00, 0x00, 0x00, 0x00, 0x00, 0x00, 0x00, 0x00, 0x00, 0x00, 0x00,
    0x00, 0x00, 0x00, 0x00, 0x00, 0x00, 0x00, 0x00, 0x00, 0x00, 0x00, 0x00, 0x00, 0x00, 0x00, 0x24,
    0xd7, 0x00, 0x00, 0x00, 0x00, 0x00, 0x00, 0x00, 0x00, 0x00, 0x00, 0x00, 0x00, 0x00, 0x00, 0x00,
    0x62, 0x68, 0x00, 0x00, 0x00, 0x00, 0x00, 0x00, 0x00, 0x00, 0x00, 0x00, 0x00, 0x00, 0x00, 0x00,
    0x00, 0x00, 0x00, 0x00, 0x00, 0x00, 0x00, 0x00, 0x00, 0x00, 0x00, 0x00, 0x00, 0x00, 0x00, 0x00,
    0x00, 0x00, 0x00, 0x00, 0x00, 0x00, 0x00, 0x00, 0x00, 0x00, 0x00, 0x00, 0x00, 0x00, 0x00, 0x78,
    0xf1, 0x00, 0x00, 0x00, 0x00, 0x00, 0x00, 0x00, 0x00, 0x00, 0x00, 0x00, 0x00, 0x00, 0x00, 0x00,
    0x4a, 0xff, 0x01, 0x00, 0x00, 0x00, 0x00, 0x00, 0x00, 0x00, 0x00, 0x00, 0x00, 0x00, 0x00, 0x00,
    0x00, 0x00, 0x00, 0x00, 0x00, 0x00, 0x00, 0x00, 0x00, 0x00, 0x00, 0x00, 0x00, 0x00, 0x00, 0x00,
    0x00, 0x00, 0x00, 0x00, 0x00, 0x00, 0x00, 0x00, 0x00, 0x00, 0x00, 0x00, 0x00, 0x00, 0x00, 0x77,
    0xfb, 0x03, 0x00, 0x00, 0x09, 0x38, 0x00, 0x00, 0x00, 0x00, 0x00, 0x00, 0x00, 0x00, 0x00, 0x00,
    0x2f, 0xfd, 0x0e, 0x00, 0x00, 0x47, 0x02, 0x00, 0x00, 0x00, 0x00, 0x00, 0x00, 0x00, 0x00, 0x00,
    0x00, 0x00, 0x00, 0x00, 0x00, 0x00, 0x00, 0x00, 0x00, 0x00, 0x00, 0x00, 0x00, 0x00, 0x00, 0x00,
    0x00, 0x00, 0x00, 0x00, 0x00, 0x00, 0x00, 0x00, 0x00, 0x00, 0x00, 0x00, 0x00, 0x00, 0x00, 0x46,
    0xff, 0x86, 0x05, 0x00, 0x57, 0xd5, 0x00, 0x00, 0x00, 0x00, 0x00, 0x00, 0x00, 0x02, 0x04, 0x00,
    0x35, 0xff, 0x89, 0x00, 0x00, 0xf9, 0x15, 0x00, 0x00, 0x00, 0x00, 0x00, 0x00, 0x00, 0x00, 0x00,
    0x00, 0x00, 0x00, 0x00, 0x00, 0x00, 0x00, 0x00, 0x00, 0x00, 0x00, 0x00, 0x00, 0x00, 0x00, 0x00,
    0x00, 0x00, 0x00, 0x00, 0x00, 0x00, 0x00, 0x00, 0x00, 0x00, 0x00, 0x0f, 0x57, 0x00, 0x00, 0x05,
    0xeb, 0xff, 0xdc, 0x17, 0x49, 0xe8, 0x00, 0x00, 0x00, 0x00, 0x00, 0x03, 0x00, 0x33, 0xd9, 0x04,
    0x03, 0xfd, 0xff, 0xaa, 0x13, 0xa2, 0x75, 0x00, 0x00, 0x00, 0x00, 0x00, 0x00, 0x00, 0x00, 0x00,
    0x00, 0x00, 0x00, 0x00, 0x00, 0x00, 0x00, 0x00, 0x00, 0x00, 0x00, 0x00, 0x00, 0x00, 0x00, 0x00,
    0x00, 0x00, 0x00, 0x00, 0x00, 0x00, 0x00, 0x00, 0x00, 0x00, 0x00, 0x0b, 0xff, 0x3a, 0x0b, 0x09,
    0x8e, 0xf9, 0xfb, 0xff, 0xbc, 0xff, 0x5b, 0x02, 0x00, 0x00, 0x02, 0xe8, 0x6b, 0x4e, 0xff, 0xd5,
    0x1f, 0x82, 0xfb, 0xff, 0xf9, 0xc0, 0xff, 0x13, 0x00, 0x05, 0x00, 0x00, 0x00, 0x00, 0x00, 0x00,
    0x00, 0x00, 0x00, 0x00, 0x00, 0x00, 0x00, 0x00, 0x00, 0x00, 0x00, 0x00, 0x00, 0x00, 0x00, 0x00,
    0x00, 0x00, 0x00, 0x00, 0x00, 0x00, 0x00, 0x00, 0x00, 0x00, 0x00, 0x00, 0x74, 0xff, 0xff, 0xff,
    0xff, 0xff, 0xff, 0xff, 0xff, 0xf9, 0xff, 0xd7, 0x54, 0x0a, 0x01, 0xbe, 0xff, 0xff, 0xfb, 0xff,
    0xff, 0xe0, 0xff, 0xf9, 0xff, 0xff, 0xfd, 0xc1, 0x4d, 0xeb, 0x03, 0x00, 0x00, 0x00, 0x00, 0x00,
    0x00, 0x00, 0x00, 0x00, 0x00, 0x00, 0x00, 0x00, 0x00, 0x00, 0x00, 0x00, 0x00, 0x00, 0x00, 0x00,
    0x00, 0x00, 0x00, 0x00, 0x00, 0x00, 0x00, 0x00, 0x00, 0x00, 0x00, 0x00, 0x00, 0x42, 0xa8, 0x88,
    0x27, 0x0a, 0x49, 0xd3, 0xff, 0xff, 0xf5, 0xff, 0xff, 0xff, 0xc3, 0xd9, 0xf9, 0xfd, 0xff, 0xfd,
    0xfb, 0xff, 0xff, 0xff, 0xfd, 0xfd, 0xff, 0xff, 0xff, 0xff, 0x23, 0x00, 0x00, 0x00, 0x00, 0x00,
    0x00, 0x00, 0x00, 0x00, 0x00, 0x00, 0x00, 0x00, 0x00, 0x00, 0x00, 0x00, 0x00, 0x00, 0x00, 0x00,
    0x00, 0x00, 0x00, 0x00, 0x00, 0x00, 0x00, 0x00, 0x00, 0x00, 0x00, 0x00, 0x00, 0x00, 0x00, 0x00,
    0x00, 0x00, 0x00, 0x02, 0x32, 0xb7, 0xff, 0xfd, 0xf7, 0xff, 0xff, 0xff, 0xff, 0xff, 0xff, 0xff,
    0xff, 0xfd, 0xff, 0xff, 0xff, 0xff, 0xff, 0xfd, 0xf1, 0xfd, 0x36, 0x00, 0x00, 0x00, 0x00, 0x00,
    0x00, 0x00, 0x00, 0x00, 0x00, 0x00, 0x00, 0x00, 0x00, 0x00, 0x00, 0x00, 0x00, 0x00, 0x00, 0x00,
    0x00, 0x00, 0x00, 0x00, 0x00, 0x00, 0x00, 0x00, 0x00, 0x00, 0x00, 0x00, 0x00, 0x00, 0x00, 0x00,
    0x00, 0x00, 0x00, 0x00, 0x00, 0x04, 0x38, 0xef, 0xfb, 0xfd, 0xfb, 0xfd, 0xff, 0xff, 0xff, 0xff,
    0xff, 0xff, 0xff, 0xff, 0xff, 0xff, 0xff, 0xff, 0xf7, 0xff, 0x1f, 0x00, 0x00, 0x00, 0x00, 0x00,
    0x00, 0x00, 0x00, 0x00, 0x00, 0x00, 0x00, 0x00, 0x00, 0x00, 0x00, 0x00, 0x00, 0x00, 0x00, 0x00,
    0x00, 0x00, 0x00, 0x00, 0x00, 0x00, 0x00, 0x00, 0x00, 0x00, 0x00, 0x00, 0x00, 0x00, 0x00, 0x00,
    0x4b, 0x62, 0x25, 0x6f, 0xe8, 0xdc, 0x8c, 0xe6, 0xff, 0xfd, 0xff, 0xff, 0xff, 0xff, 0xff, 0xff,
    0xff, 0xff, 0xff, 0xff, 0xff, 0xff, 0xff, 0xff, 0xfd, 0xf5, 0x4f, 0x54, 0x00, 0x00, 0x00, 0x00,
    0x00, 0x00, 0x00, 0x00, 0x00, 0x00, 0x00, 0x00, 0x00, 0x00, 0x00, 0x00, 0x00, 0x00, 0x00, 0x00,
    0x00, 0x00, 0x00, 0x00, 0x00, 0x00, 0x00, 0x00, 0x00, 0x00, 0x00, 0x00, 0x00, 0x00, 0x00, 0x00,
    0x24, 0xff, 0xff, 0xff, 0xff, 0xff, 0xff, 0xff, 0xff, 0xff, 0xff, 0xff, 0xff, 0xff, 0xff, 0xff,
    0xff, 0xff, 0xff, 0xff, 0xff, 0xff, 0xff, 0xff, 0xff, 0xf9, 0xff, 0xcc, 0x00, 0x00, 0x00, 0x00,
    0x00, 0x00, 0x00, 0x00, 0x00, 0x00, 0x00, 0x00, 0x00, 0x00, 0x00, 0x00, 0x00, 0x00, 0x00, 0x00,
    0x00, 0x00, 0x00, 0x00, 0x00, 0x00, 0x00, 0x00, 0x00, 0x00, 0x00, 0x00, 0x00, 0x00, 0x00, 0x00,
    0x00, 0x4e, 0xff, 0xff, 0xf7, 0xfd, 0xfb, 0xff, 0xff, 0xff, 0xff, 0xff, 0xff, 0xff, 0xff, 0xff,
    0xff, 0xff, 0xff, 0xff, 0xff, 0xff, 0xff, 0xff, 0xff, 0xf9, 0xfb, 0x85, 0x00, 0x00, 0x00, 0x00,
    0x00, 0x00, 0x00, 0x00, 0x00, 0x00, 0x00, 0x00, 0x00, 0x00, 0x00, 0x00, 0x00, 0x00, 0x00, 0x00,
    0x00, 0x00, 0x00, 0x00, 0x00, 0x00, 0x00, 0x00, 0x00, 0x00, 0x00, 0x00, 0x00, 0x00, 0x00, 0x00,
    0x00, 0x00, 0x23, 0xce, 0xff, 0xfd, 0xff, 0xff, 0xff, 0xff, 0xff, 0xff, 0xff, 0xff, 0xff, 0xff,
    0xff, 0xff, 0xff, 0xff, 0xff, 0xff, 0xff, 0xff, 0xff, 0xf7, 0xff, 0x4c, 0x00, 0x00, 0x00, 0x00,
    0x00, 0x00, 0x00, 0x00, 0x00, 0x00, 0x00, 0x00, 0x00, 0x00, 0x00, 0x00, 0x00, 0x00, 0x00, 0x00,
    0x00, 0x00, 0x00, 0x00, 0x00, 0x00, 0x00, 0x00, 0x00, 0x00, 0x00, 0x00, 0x00, 0x00, 0x00, 0x00,
    0x00, 0x00, 0x00, 0x00, 0x5b, 0xfd, 0xfb, 0xff, 0xff, 0xff, 0xff, 0xff, 0xff, 0xff, 0xff, 0xff,
    0xff, 0xff, 0xff, 0xff, 0xff, 0xff, 0xff, 0xff, 0xff, 0xfb, 0xff, 0xc0, 0x00, 0x00, 0x00, 0x00,
    0x00, 0x00, 0x00, 0x00, 0x00, 0x00, 0x00, 0x00, 0x00, 0x00, 0x00, 0x00, 0x00, 0x00, 0x00, 0x00,
    0x00, 0x00, 0x00, 0x00, 0x00, 0x00, 0x00, 0x00, 0x00, 0x00, 0x00, 0x00, 0x00, 0x00, 0x00, 0x00,
    0x00, 0x00, 0x06, 0x47, 0xb2, 0xfd, 0xfd, 0xff, 0xff, 0xff, 0xff, 0xff, 0xff, 0xff, 0xff, 0xff,
    0xff, 0xff, 0xff, 0xff, 0xff, 0xff, 0xff, 0xff, 0xff, 0xfd, 0xff, 0xe4, 0x01, 0x00, 0x00, 0x00,
    0x00, 0x00, 0x00, 0x00, 0x00, 0x00, 0x00, 0x00, 0x00, 0x00, 0x00, 0x00, 0x00, 0x00, 0x00, 0x00,
    0x00, 0x00, 0x00, 0x00, 0x00, 0x00, 0x00, 0x00, 0x00, 0x00, 0x00, 0x00, 0x00, 0x00, 0x00, 0x00,
    0x03, 0x4a, 0xe2, 0xff, 0xff, 0xff, 0xff, 0xff, 0xff, 0xff, 0xff, 0xff, 0xff, 0xff, 0xff, 0xff,
    0xff, 0xff, 0xff, 0xff, 0xff, 0xff, 0xff, 0xff, 0xff, 0xf9, 0xff, 0x9b, 0x00, 0x00, 0x00, 0x00,
    0x00, 0x00, 0x00, 0x00, 0x00, 0x00, 0x00, 0x00, 0x00, 0x00, 0x00, 0x00, 0x00, 0x00, 0x00, 0x00,
    0x00, 0x00, 0x00, 0x00, 0x00, 0x00, 0x00, 0x00, 0x00, 0x00, 0x00, 0x00, 0x00, 0x00, 0x00, 0x00,
    0x85, 0xff, 0xff, 0xff, 0xff, 0xff, 0xff, 0xff, 0xff, 0xff, 0xff, 0xff, 0xff, 0xff, 0xff, 0xff,
    0xff, 0xff, 0xff, 0xff, 0xff, 0xff, 0xff, 0xff, 0xff, 0xf9, 0xff, 0x85, 0x00, 0x00, 0x00, 0x00,
    0x00, 0x00, 0x00, 0x00, 0x00, 0x00, 0x00, 0x00, 0x2f, 0x03, 0x00, 0x00, 0x00, 0x00, 0x00, 0x00,
    0x00, 0x00, 0x00, 0x00, 0x00, 0x00, 0x00, 0x00, 0x00, 0x00, 0x00, 0x00, 0x00, 0x00, 0x00, 0x00,
    0x01, 0x11, 0x27, 0x3a, 0xd3, 0xff, 0xfd, 0xff, 0xff, 0xff, 0xff, 0xff, 0xff, 0xff, 0xff, 0xff,
    0xff, 0xff, 0xff, 0xff, 0xff, 0xff, 0xff, 0xff, 0xff, 0xff, 0xf9, 0xfb, 0x17, 0x00, 0x00, 0x00,
    0x00, 0x00, 0x00, 0x00, 0x00, 0x00, 0x00, 0x01, 0xff, 0x18, 0x00, 0x00, 0x00, 0x00, 0x00, 0x00,
    0x00, 0x00, 0x00, 0x00, 0x00, 0x00, 0x00, 0x00, 0x00, 0x00, 0x00, 0x00, 0x00, 0x00, 0x00, 0x00,
    0x00, 0x00, 0x00, 0x5f, 0xef, 0xfb, 0xff, 0xff, 0xff, 0xff, 0xff, 0xff, 0xff, 0xff, 0xff, 0xff,
    0xff, 0xff, 0xff, 0xff, 0xff, 0xff, 0xff, 0xff, 0xff, 0xff, 0xf7, 0xff, 0x82, 0x00, 0x00, 0x00,
    0x00, 0x00, 0x00, 0x00, 0x00, 0x00, 0x00, 0x45, 0xff, 0x29, 0x00, 0x00, 0x00, 0x00, 0x00, 0x00,
    0x00, 0x00, 0x00, 0x00, 0x00, 0x00, 0x00, 0x00, 0x00, 0x00, 0x00, 0x00, 0x00, 0x00, 0x00, 0x00,
    0x00, 0x00, 0x89, 0xff, 0xff, 0xff, 0xff, 0xff, 0xff, 0xff, 0xff, 0xff, 0xff, 0xff, 0xff, 0xff,
    0xff, 0xff, 0xff, 0xff, 0xff, 0xff, 0xff, 0xff, 0xff, 0xff, 0xfb, 0xff, 0xb4, 0x00, 0x00, 0x00,
    0x00, 0x00, 0x00, 0x00, 0x00, 0x03, 0x47, 0xf9, 0xfd, 0x3d, 0x00, 0x00, 0x00, 0x00, 0x00, 0x00,
    0x00, 0x00, 0x00, 0x00, 0x00, 0x00, 0x00, 0x00, 0x00, 0x00, 0x00, 0x00, 0x00, 0x00, 0x00, 0x00,
    0x00, 0x2e, 0xff, 0xe9, 0xe8, 0xff, 0xff, 0xff, 0xff, 0xff, 0xff, 0xff, 0xff, 0xff, 0xff, 0xff,
    0xff, 0xff, 0xff, 0xff, 0xff, 0xff, 0xff, 0xff, 0xff, 0xff, 0xf9, 0xfb, 0xa3, 0x00, 0x00, 0x00,
    0x00, 0x00, 0x00, 0x01, 0x4f, 0xde, 0xff, 0xf5, 0xfd, 0x36, 0x00, 0x00, 0x00, 0x00, 0x00, 0x00,
    0x00, 0x00, 0x00, 0x00, 0x00, 0x00, 0x00, 0x00, 0x00, 0x00, 0x00, 0x00, 0x00, 0x00, 0x00, 0x00,
    0x00, 0x46, 0x42, 0x0b, 0xce, 0xff, 0xfd, 0xff, 0xff, 0xff, 0xff, 0xff, 0xff, 0xff, 0xff, 0xff,
    0xff, 0xff, 0xff, 0xff, 0xff, 0xff, 0xff, 0xff, 0xff, 0xff, 0xf3, 0xff, 0x3c, 0x00, 0x00, 0x00,
    0x00, 0x00, 0x04, 0xb7, 0xff, 0xff, 0xf9, 0xf9, 0xff, 0x18, 0x00, 0x00, 0x00, 0x00, 0x00, 0x00,
    0x00, 0x00, 0x00, 0x00, 0x00, 0x00, 0x00, 0x00, 0x00, 0x00, 0x00, 0x00, 0x00, 0x00, 0x00, 0x00,
    0x00, 0x00, 0x00, 0x0f, 0xff, 0xf7, 0xff, 0xff, 0xff, 0xff, 0xff, 0xff, 0xff, 0xff, 0xff, 0xff,
    0xff, 0xff, 0xff, 0xff, 0xff, 0xff, 0xff, 0xff, 0xff, 0xf5, 0xff, 0xa3, 0x00, 0x00, 0x00, 0x00,
    0x00, 0x00, 0x95, 0xff, 0xf3, 0xfd, 0xfd, 0xfb, 0xe8, 0x02, 0x00, 0x00, 0x00, 0x00, 0x00, 0x00,
    0x00, 0x00, 0x00, 0x00, 0x00, 0x00, 0x00, 0x00, 0x00, 0x00, 0x00, 0x00, 0x00, 0x00, 0x00, 0x00,
    0x00, 0x00, 0x00, 0x29, 0xf9, 0xff, 0xff, 0xff, 0xff, 0xff, 0xff, 0xff, 0xff, 0xff, 0xff, 0xff,
    0xff, 0xff, 0xff, 0xff, 0xff, 0xff, 0xff, 0xff, 0xf5, 0xff, 0xa5, 0x02, 0x00, 0x00, 0x00, 0x00,
    0x00, 0x11, 0xff, 0xf7, 0xff, 0xfd, 0xf3, 0xff, 0x4a, 0x00, 0x00, 0x00, 0x00, 0x00, 0x00, 0x00,
    0x00, 0x00, 0x00, 0x00, 0x00, 0x00, 0x00, 0x00, 0x00, 0x00, 0x00, 0x00, 0x00, 0x00, 0x00, 0x00,
    0x00, 0x00, 0x00, 0x2e, 0xff, 0x77, 0xf7, 0xff, 0xff, 0xff, 0xff, 0xff, 0xff, 0xff, 0xff, 0xff,
    0xff, 0xff, 0xff, 0xff, 0xff, 0xff, 0xff, 0xf7, 0xff, 0x88, 0x01, 0x00, 0x00, 0x00, 0x00, 0x00,
    0x00, 0x4a, 0xfd, 0xf7, 0xff, 0xff, 0xff, 0x83, 0x00, 0x00, 0x00, 0x00, 0x00, 0x00, 0x00, 0x00,
    0x00, 0x00, 0x00, 0x00, 0x00, 0x00, 0x00, 0x00, 0x00, 0x00, 0x00, 0x00, 0x00, 0x00, 0x00, 0x00,
    0x00, 0x00, 0x00, 0x18, 0x41, 0x07, 0xff, 0xfb, 0xfb, 0xff, 0xff, 0xff, 0xff, 0xff, 0xff, 0xff,
    0xff, 0xff, 0xff, 0xff, 0xff, 0xff, 0xff, 0xff, 0x64, 0x00, 0x00, 0x00, 0x00, 0x00, 0x00, 0x00,
    0x00, 0x7e, 0xff, 0xf5, 0xf9, 0xd3, 0x41, 0x00, 0x00, 0x00, 0x00, 0x00, 0x00, 0x00, 0x00, 0x00,
    0x00, 0x00, 0x00, 0x00, 0x00, 0x00, 0x00, 0x00, 0x00, 0x00, 0x00, 0x00, 0x00, 0x00, 0x00, 0x00,
    0x00, 0x00, 0x00, 0x00, 0x00, 0x01, 0xe0, 0xff, 0xff, 0xff, 0xff, 0xff, 0xff, 0xff, 0xff, 0xff,
    0xff, 0xff, 0xff, 0xff, 0xfd, 0xfd, 0xe8, 0x17, 0x00, 0x00, 0x00, 0x00, 0x00, 0x00, 0x00, 0x3b,
    0x57, 0xaf, 0xfb, 0xff, 0xff, 0xd5, 0x7f, 0x05, 0x00, 0x00, 0x00, 0x00, 0x00, 0x00, 0x00, 0x00,
    0x00, 0x00, 0x00, 0x00, 0x00, 0x00, 0x00, 0x00, 0x00, 0x00, 0x00, 0x00, 0x00, 0x00, 0x00, 0x00,
    0x00, 0x00, 0x00, 0x00, 0x00, 0x00, 0x8b, 0xd5, 0xab, 0xfd, 0xfb, 0xff, 0xff, 0xff, 0xff, 0xff,
    0xff, 0xff, 0xff, 0xff, 0xfd, 0xfd, 0xf3, 0x17, 0x00, 0x00, 0x00, 0x00, 0x00, 0x00, 0x00, 0x83,
    0xff, 0xfb, 0xff, 0xe9, 0xd1, 0x82, 0x12, 0x00, 0x00, 0x00, 0x00, 0x00, 0x00, 0x00, 0x00, 0x00,
    0x00, 0x00, 0x00, 0x00, 0x00, 0x00, 0x00, 0x00, 0x00, 0x00, 0x00, 0x00, 0x00, 0x00, 0x00, 0x00,
    0x02, 0x00, 0x00, 0x00, 0x00, 0x00, 0x0f, 0x11, 0x2a, 0xff, 0xf7, 0xff, 0xff, 0xff, 0xff, 0xff,
    0xff, 0xff, 0xff, 0xff, 0xff, 0xfd, 0xff, 0xff, 0x8c, 0x08, 0x00, 0x00, 0x00, 0x00, 0x00, 0xa0,
    0xff, 0xdc, 0x1d, 0x03, 0x01, 0x00, 0x00, 0x00, 0x00, 0x00, 0x00, 0x00, 0x00, 0x00, 0x00, 0x00,
    0x00, 0x00, 0x00, 0x00, 0x00, 0x00, 0x00, 0x00, 0x00, 0x00, 0x55, 0xc1, 0xc8, 0xb7, 0x77, 0x19,
    0x26, 0xa2, 0x28, 0x00, 0x00, 0x00, 0x00, 0x00, 0x01, 0xb4, 0xff, 0xfb, 0xff, 0xff, 0xff, 0xff,
    0xff, 0xff, 0xff, 0xff, 0xff, 0xff, 0xff, 0xfb, 0xff, 0xeb, 0x18, 0x00, 0x00, 0x00, 0x00, 0x83,
    0xff, 0x3e, 0x00, 0x00, 0x00, 0x00, 0x00, 0x00, 0x00, 0x00, 0x00, 0x00, 0x00, 0x00, 0x00, 0x00,
    0x00, 0x00, 0x00, 0x00, 0x00, 0x00, 0x00, 0x00, 0x00, 0x00, 0x14, 0x86, 0xff, 0xff, 0xff, 0xff,
    0xa8, 0xe2, 0xff, 0x8f, 0x02, 0x00, 0x00, 0x00, 0x00, 0x83, 0xff, 0xf9, 0xff, 0xff, 0xff, 0xff,
    0xff, 0xff, 0xff, 0xff, 0xff, 0xff, 0xff, 0xff, 0xf7, 0xff, 0xf3, 0x0a, 0x00, 0x00, 0x00, 0x3f,
    0xfd, 0x18, 0x00, 0x00, 0x00, 0x00, 0x00, 0x00, 0x00, 0x00, 0x00, 0x00, 0x00, 0x00, 0x00, 0x00,
    0x00, 0x00, 0x00, 0x00, 0x00, 0x00, 0x00, 0x00, 0x00, 0x05, 0x2f, 0x86, 0xf1, 0xf9, 0xf9, 0xfb,
    0xff, 0xff, 0xf5, 0xff, 0xa5, 0x0e, 0x00, 0x00, 0x3c, 0xff, 0xf9, 0xff, 0xff, 0xff, 0xff, 0xff,
    0xff, 0xff, 0xff, 0xff, 0xff, 0xff, 0xff, 0xff, 0xff, 0xf7, 0xff, 0xab, 0x00, 0x00, 0x00, 0x09,
    0xff, 0x43, 0x00, 0x00, 0x00, 0x00, 0x00, 0x00, 0x00, 0x00, 0x00, 0x00, 0x00, 0x00, 0x00, 0x00,
    0x00, 0x00, 0x00, 0x00, 0x00, 0x00, 0x00, 0x01, 0x52, 0xed, 0xff, 0xff, 0xff, 0xff, 0xff, 0xff,
    0xfb, 0xfd, 0xff, 0xfb, 0xff, 0xff, 0x8c, 0x02, 0xcf, 0xfd, 0xfb, 0xff, 0xff, 0xff, 0xff, 0xff,
    0xff, 0xff, 0xff, 0xff, 0xff, 0xff, 0xff, 0xff, 0xff, 0xff, 0xf9, 0xff, 0x62, 0x00, 0x00, 0x00,
    0xa2, 0xd5, 0x00, 0x00, 0x01, 0x02, 0x00, 0x00, 0x00, 0x00, 0x00, 0x00, 0x00, 0x00, 0x00, 0x00,
    0x00, 0x00, 0x00, 0x00, 0x00, 0x00, 0x0f, 0xc8, 0xff, 0xff, 0xf7, 0xfb, 0xff, 0xff, 0xff, 0xff,
    0xff, 0xff, 0xff, 0xff, 0xfb, 0xfb, 0xff, 0xa2, 0xef, 0xff, 0xff, 0xff, 0xff, 0xff, 0xff, 0xff,
    0xff, 0xff, 0xff, 0xff, 0xff, 0xff, 0xff, 0xff, 0xff, 0xff, 0xff, 0xf7, 0xff, 0x62, 0x00, 0x00,
    0x11, 0xff, 0x73, 0x00, 0x0b, 0x9d, 0x00, 0x00, 0x00, 0x00, 0x00, 0x00, 0x00, 0x00, 0x00, 0x00,
    0x00, 0x00, 0x00, 0x00, 0x00, 0x08, 0xad, 0xb0, 0xf3, 0xfd, 0xff, 0xff, 0xff, 0xff, 0xff, 0xff,
    0xff, 0xff, 0xff, 0xff, 0xff, 0xff, 0xfb, 0xff, 0xff, 0xff, 0xff, 0xff, 0xff, 0xff, 0xff, 0xff,
    0xff, 0xff, 0xff, 0xff, 0xff, 0xff, 0xff, 0xff, 0xff, 0xff, 0xff, 0xff, 0xf5, 0xff, 0x24, 0x00,
    0x00, 0x62, 0xff, 0x64, 0x0a, 0xff, 0x1e, 0x00, 0x00, 0x00, 0x00, 0x00, 0x00, 0x00, 0x00, 0x00,
    0x00, 0x00, 0x00, 0x00, 0x00, 0x01, 0x0e, 0xa6, 0xfb, 0xfb, 0xff, 0xff, 0xff, 0xff, 0xff, 0xff,
    0xff, 0xff, 0xff, 0xff, 0xff, 0xff, 0xff, 0xfb, 0xff, 0xff, 0xff, 0xff, 0xff, 0xff, 0xff, 0xff,
    0xff, 0xff, 0xff, 0xff, 0xff, 0xff, 0xff, 0xff, 0xff, 0xff, 0xff, 0xff, 0xf9, 0xfb, 0xb5, 0x00,
    0x00, 0x00, 0x92, 0xff, 0xba, 0xf7, 0xd9, 0x02, 0x00, 0x00, 0x00, 0x00, 0x00, 0x00, 0x00, 0x00,
    0x00, 0x00, 0x00, 0x00, 0x00, 0x06, 0xce, 0xff, 0xfd, 0xff, 0xff, 0xff, 0xff, 0xff, 0xff, 0xff,
    0xff, 0xff, 0xff, 0xff, 0xff, 0xff, 0xff, 0xff, 0xff, 0xff, 0xff, 0xff, 0xff, 0xff, 0xff, 0xff,
    0xff, 0xff, 0xff, 0xff, 0xff, 0xff, 0xff, 0xff, 0xff, 0xff, 0xff, 0xff, 0xff, 0xfd, 0xff, 0x0a,
    0x00, 0x05, 0x13, 0xb5, 0xff, 0xf7, 0xff, 0x61, 0x27, 0x0e, 0x00, 0x00, 0x00, 0x00, 0x00, 0x00,
    0x00, 0x00, 0x00, 0x00, 0x01, 0xc3, 0xff, 0xf7, 0xff, 0xff, 0xff, 0xff, 0xff, 0xff, 0xff, 0xff,
    0xff, 0xff, 0xff, 0xff, 0xff, 0xff, 0xff, 0xff, 0xff, 0xff, 0xff, 0xff, 0xff, 0xff, 0xff, 0xff,
    0xff, 0xff, 0xff, 0xff, 0xff, 0xff, 0xff, 0xff, 0xff, 0xff, 0xff, 0xff, 0xff, 0xf7, 0xff, 0x26,
    0x00, 0x17, 0xed, 0xf3, 0xf7, 0xfb, 0xfd, 0xeb, 0xe8, 0x59, 0x00, 0x00, 0x00, 0x00, 0x00, 0x00,
    0x00, 0x00, 0x00, 0x00, 0x80, 0xff, 0xf7, 0xff, 0xff, 0xff, 0xff, 0xff, 0xff, 0xff, 0xfd, 0xf9,
    0xfb, 0xf9, 0xff, 0xff, 0xff, 0xff, 0xff, 0xff, 0xff, 0xff, 0xff, 0xff, 0xff, 0xff, 0xff, 0xff,
    0xff, 0xff, 0xff, 0xff, 0xff, 0xff, 0xff, 0xff, 0xff, 0xff, 0xff, 0xff, 0xff, 0xf7, 0xff, 0x3c,
    0x00, 0x00, 0x0c, 0x92, 0xff, 0xff, 0xfd, 0xfd, 0xff, 0xb0, 0x00, 0x00, 0x00, 0x00, 0x00, 0x00,
    0x00, 0x00, 0x00, 0x0d, 0x86, 0xa5, 0xff, 0xfb, 0xff, 0xff, 0xff, 0xff, 0xff, 0xfd, 0xff, 0xff,
    0xff, 0xff, 0xfd, 0xff, 0xff, 0xff, 0xff, 0xff, 0xff, 0xff, 0xff, 0xff, 0xff, 0xff, 0xff, 0xff,
    0xff, 0xff, 0xff, 0xff, 0xff, 0xff, 0xff, 0xff, 0xff, 0xff, 0xff, 0xff, 0xff, 0xf7, 0xfb, 0x3f,
    0x00, 0x00, 0x00, 0x00, 0x21, 0xe6, 0xff, 0xfb, 0xfd, 0xf1, 0x03, 0x00, 0x00, 0x00, 0x00, 0x00,
    0x00, 0x00, 0x00, 0x01, 0x0d, 0xeb, 0xfb, 0xfd, 0xff, 0xff, 0xff, 0xff, 0xfd, 0xff, 0xe0, 0x36,
    0x13, 0x67, 0xff, 0xfb, 0xff, 0xff, 0xff, 0xff, 0xff, 0xff, 0xff, 0xff, 0xff, 0xff, 0xff, 0xff,
    0xff, 0xff, 0xff, 0xff, 0xff, 0xff, 0xff, 0xff, 0xff, 0xff, 0xfb, 0xf7, 0xf9, 0xf5, 0xff, 0x1e,
    0x00, 0x00, 0x00, 0x00, 0x00, 0x0e, 0xeb, 0xf9, 0xf9, 0xff, 0x0e, 0x00, 0x00, 0x00, 0x00, 0x00,
    0x00, 0x00, 0x00, 0x00, 0x73, 0xff, 0xf7, 0xff, 0xff, 0xff, 0xff, 0xfd, 0xfd, 0xdc, 0x08, 0x00,
    0x00, 0x00, 0x50, 0xff, 0xf9, 0xff, 0xff, 0xff, 0xff, 0xff, 0xff, 0xff, 0xff, 0xff, 0xff, 0xff,
    0xff, 0xff, 0xff, 0xff, 0xff, 0xff, 0xff, 0xff, 0xff, 0xff, 0xff, 0xff, 0xff, 0xff, 0x98, 0x01,
    0x00, 0x00, 0x00, 0x00, 0x00, 0x00, 0x2f, 0xff, 0xf3, 0xff, 0x1a, 0x00, 0x00, 0x00, 0x00, 0x00,
    0x00, 0x00, 0x00, 0x02, 0xe8, 0xff, 0xfd, 0xff, 0xff, 0xff, 0xff, 0xf7, 0xff, 0x32, 0x00, 0x00,
    0x00, 0x00, 0x00, 0xc1, 0xff, 0xfb, 0xff, 0xff, 0xff, 0xff, 0xff, 0xff, 0xff, 0xff, 0xff, 0xff,
    0xff, 0xff, 0xff, 0xff, 0xff, 0xff, 0xff, 0xff, 0xfb, 0xff, 0x91, 0x35, 0x26, 0x0f, 0x00, 0x00,
    0x00, 0x00, 0x00, 0x00, 0x00, 0x00, 0x00, 0xc1, 0xff, 0xff, 0x1b, 0x00, 0x00, 0x00, 0x00, 0x00,
    0x00, 0x00, 0x00, 0x18, 0xff, 0xf9, 0xff, 0xff, 0xff, 0xff, 0xfd, 0xff, 0xf3, 0x04, 0x00, 0x00,
    0x00, 0x00, 0x00, 0x4d, 0xff, 0xf7, 0xff, 0xff, 0xff, 0xff, 0xff, 0xff, 0xff, 0xff, 0xff, 0xff,
    0xff, 0xff, 0xff, 0xff, 0xff, 0xff, 0xff, 0xff, 0xf7, 0xff, 0x27, 0x00, 0x00, 0x00, 0x00, 0x00,
    0x00, 0x00, 0x00, 0x00, 0x00, 0x00, 0x00, 0x5b, 0xff, 0xf5, 0x4f, 0x0b, 0x00, 0x00, 0x00, 0x00,
    0x00, 0x00, 0x00, 0x43, 0xfd, 0xf7, 0xff, 0xff, 0xff, 0xff, 0xfd, 0xff, 0xd5, 0x01, 0x00, 0x00,
    0x00, 0x00, 0x00, 0x4e, 0xff, 0xf7, 0xff, 0xff, 0xff, 0xff, 0xff, 0xff, 0xff, 0xff, 0xff, 0xff,
    0xff, 0xff, 0xff, 0xff, 0xff, 0xff, 0xff, 0xff, 0xfd, 0xfd, 0xb4, 0x58, 0x06, 0x00, 0x00, 0x00,
    0x00, 0x00, 0x00, 0x00, 0x00, 0x00, 0x00, 0x33, 0xff, 0xe8, 0xf1, 0x23, 0x00, 0x00, 0x00, 0x00,
    0x00, 0x00, 0x00, 0x6c, 0xfd, 0xf7, 0xff, 0xff, 0xff, 0xff, 0xfd, 0xff, 0xe6, 0x02, 0x00, 0x00,
    0x00, 0x00, 0x05, 0xe6, 0xfd, 0xfd, 0xff, 0xff, 0xff, 0xff, 0xff, 0xff, 0xff, 0xff, 0xff, 0xff,
    0xff, 0xff, 0xff, 0xff, 0xff, 0xff, 0xff, 0xff, 0xff, 0xff, 0xff, 0xff, 0xd5, 0x05, 0x00, 0x00,
    0x00, 0x00, 0x00, 0x00, 0x00, 0x00, 0x1e, 0x4a, 0xff, 0xf5, 0xff, 0x12, 0x00, 0x00, 0x00, 0x00,
    0x00, 0x00, 0x00, 0x7b, 0xff, 0xfb, 0xff, 0xff, 0xff, 0xff, 0xff, 0xfb, 0xff, 0x10, 0x00, 0x00,
    0x00, 0x00, 0xad, 0xfd, 0xf7, 0xff, 0xff, 0xff, 0xff, 0xff, 0xff, 0xff, 0xff, 0xff, 0xff, 0xff,
    0xff, 0xff, 0xff, 0xff, 0xff, 0xff, 0xff, 0xff, 0xff, 0xff, 0xfb, 0xef, 0xff, 0x51, 0x00, 0x00,
    0x00, 0x00, 0x00, 0x00, 0x00, 0x00, 0x91, 0xd9, 0xfb, 0xff, 0xef, 0x03, 0x00, 0x00, 0x00, 0x00,
    0x00, 0x00, 0x00, 0x75, 0xd5, 0xe4, 0xff, 0xff, 0xff, 0xff, 0xff, 0xf9, 0xff, 0x78, 0x00, 0x00,
    0x00, 0x05, 0x38, 0x50, 0xfd, 0xf9, 0xff, 0xff, 0xff, 0xff, 0xff, 0xff, 0xff, 0xff, 0xff, 0xff,
    0xff, 0xff, 0xff, 0xff, 0xff, 0xff, 0xff, 0xff, 0xff, 0xff, 0xff, 0xf9, 0xfd, 0x7b, 0x00, 0x00,
    0x00, 0x00, 0x00, 0x00, 0x00, 0x00, 0x78, 0xff, 0xf3, 0xfd, 0xa0, 0x00, 0x00, 0x00, 0x00, 0x00,
    0x00, 0x00, 0x00, 0x30, 0x38, 0xd9, 0xff, 0xfd, 0xff, 0xff, 0xff, 0xff, 0xfb, 0xff, 0x2f, 0x00,
    0x00, 0x00, 0x00, 0xc8, 0xfd, 0xfb, 0xff, 0xff, 0xff, 0xff, 0xff, 0xff, 0xff, 0xff, 0xff, 0xff,
    0xff, 0xff, 0xff, 0xff, 0xff, 0xff, 0xff, 0xff, 0xff, 0xff, 0xff, 0xf7, 0xfd, 0x62, 0x00, 0x00,
    0x00, 0x00, 0x00, 0x00, 0x00, 0x00, 0x9b, 0xfd, 0xf3, 0xff, 0x31, 0x00, 0x00, 0x00, 0x00, 0x00,
    0x00, 0x00, 0x00, 0x00, 0x01, 0xda, 0xff, 0xfd, 0xff, 0xff, 0xff, 0xff, 0xff, 0xfb, 0xff, 0x6d,
    0x14, 0x16, 0xb4, 0xff, 0xfb, 0xff, 0xff, 0xff, 0xff, 0xff, 0xff, 0xff, 0xff, 0xff, 0xff, 0xff,
    0xff, 0xff, 0xff, 0xff, 0xff, 0xff, 0xff, 0xff, 0xff, 0xff, 0xff, 0xf7, 0xff, 0x1a, 0x00, 0x00,
    0x00, 0x00, 0x00, 0x00, 0x00, 0x02, 0xe4, 0xfd, 0xff, 0xdc, 0x01, 0x00, 0x00, 0x00, 0x00, 0x00,
    0x00, 0x00, 0x00, 0x00, 0x00, 0x95, 0xfd, 0xf9, 0xff, 0xff, 0xff, 0xff, 0xff, 0xff, 0xfd, 0xff,
    0xff, 0xff, 0xff, 0xfd, 0xff, 0xff, 0xff, 0xff, 0xff, 0xff, 0xff, 0xff, 0xff, 0xff, 0xff, 0xff,
    0xff, 0xff, 0xff, 0xff, 0xff, 0xff, 0xff, 0xff, 0xff, 0xff, 0xf7, 0xff, 0x9d, 0x00, 0x00, 0x00,
    0x00, 0x00, 0x00, 0x00, 0x00, 0x33, 0xff, 0xf3, 0xfb, 0x2b, 0x00, 0x00, 0x00, 0x00, 0x00, 0x00,
    0x00, 0x00, 0x00, 0x00, 0x00, 0x38, 0xff, 0xf7, 0xff, 0xff, 0xff, 0xff, 0xff, 0xff, 0xff, 0xf9,
    0xfb, 0xfb, 0xfb, 0xff, 0xff, 0xff, 0xff, 0xff, 0xff, 0xff, 0xff, 0xff, 0xff, 0xff, 0xff, 0xff,
    0xff, 0xff, 0xff, 0xff, 0xff, 0xff, 0xff, 0xff, 0xff, 0xf9, 0xff, 0xd7, 0x05, 0x00, 0x00, 0x00,
    0x00, 0x00, 0x00, 0x00, 0x03, 0xdc, 0xfb, 0xfb, 0xe6, 0x4e, 0x00, 0x00, 0x00, 0x00, 0x00, 0x00,
    0x00, 0x00, 0x00, 0x00, 0x00, 0x03, 0xed, 0xfd, 0xfd, 0xff, 0xff, 0xff, 0xff, 0xff, 0xff, 0xff,
    0xff, 0xff, 0xff, 0xff, 0xff, 0xff, 0xff, 0xff, 0xff, 0xff, 0xff, 0xff, 0xff, 0xff, 0xff, 0xff,
    0xff, 0xff, 0xff, 0xff, 0xff, 0xff, 0xff, 0xff, 0xfd, 0xff, 0xbe, 0x09, 0x00, 0x00, 0x00, 0x00,
    0x00, 0x00, 0x00, 0x02, 0xa5, 0xff, 0xfb, 0xf3, 0xff, 0x33, 0x00, 0x00, 0x00, 0x00, 0x00, 0x00,
    0x00, 0x00, 0x00, 0x00, 0x00, 0x00, 0x55, 0xff, 0xf3, 0xfd, 0xfd, 0xff, 0xff, 0xff, 0xff, 0xff,
    0xff, 0xff, 0xff, 0xff, 0xff, 0xff, 0xff, 0xff, 0xff, 0xff, 0xff, 0xff, 0xff, 0xff, 0xff, 0xff,
    0xff, 0xff, 0xff, 0xff, 0xff, 0xff, 0xff, 0xfb, 0xfd, 0xad, 0x08, 0x00, 0x00, 0x02, 0x03, 0x03,
    0x00, 0x00, 0x13, 0xba, 0xff, 0xfb, 0xf5, 0xff, 0x79, 0x00, 0x00, 0x00, 0x00, 0x00, 0x00, 0x00,
    0x00, 0x00, 0x00, 0x00, 0x00, 0x00, 0x01, 0xb2, 0x5f, 0xff, 0xf7, 0xfd, 0xff, 0xff, 0xff, 0xff,
    0xff, 0xff, 0xff, 0xff, 0xff, 0xff, 0xff, 0xff, 0xff, 0xff, 0xff, 0xff, 0xff, 0xff, 0xff, 0xff,
    0xff, 0xff, 0xff, 0xff, 0xfd, 0xfd, 0xfd, 0xff, 0xff, 0xe9, 0xd5, 0x9e, 0x9a, 0xe2, 0xed, 0xf1,
    0xb2, 0x6c, 0xff, 0xff, 0xf7, 0xf5, 0xff, 0x79, 0x00, 0x00, 0x00, 0x00, 0x00, 0x00, 0x00, 0x00,
    0x00, 0x00, 0x00, 0x00, 0x00, 0x00, 0x00, 0x0e, 0x09, 0x43, 0xff, 0xfb, 0xf9, 0xff, 0xff, 0xfd,
    0xfd, 0xff, 0xff, 0xff, 0xff, 0xfd, 0xff, 0xff, 0xff, 0xff, 0xff, 0xff, 0xff, 0xff, 0xff, 0xff,
    0xff, 0xff, 0xff, 0xff, 0xff, 0xff, 0xff, 0xf9, 0xf9, 0xff, 0xff, 0xff, 0xff, 0xff, 0xff, 0xff,
    0xff, 0xff, 0xf7, 0xf9, 0xff, 0xff, 0x3f, 0x00, 0x00, 0x00, 0x00, 0x00, 0x00, 0x00, 0x00, 0x00,
    0x00, 0x00, 0x00, 0x00, 0x00, 0x00, 0x00, 0x00, 0x00, 0x00, 0x39, 0xfb, 0xff, 0xfd, 0xf7, 0xff,
    0xff, 0xfb, 0xf9, 0xf9, 0xfd, 0xff, 0xfb, 0xf9, 0xfb, 0xfd, 0xfd, 0xff, 0xff, 0xff, 0xff, 0xff,
    0xff, 0xff, 0xff, 0xfd, 0xbe, 0xd7, 0xf9, 0xff, 0xff, 0xff, 0xfb, 0xf3, 0xf1, 0xf7, 0xfb, 0xf9,
    0xfb, 0xff, 0xff, 0xff, 0xd1, 0x4c, 0x00, 0x00, 0x00, 0x00, 0x00, 0x00, 0x00, 0x00, 0x00, 0x00,
    0x00, 0x00, 0x00, 0x00, 0x00, 0x00, 0x00, 0x00, 0x00, 0x00, 0x00, 0x0c, 0x83, 0xff, 0xff, 0xd9,
    0xe8, 0xff, 0xff, 0xff, 0xff, 0xe0, 0xff, 0xff, 0xff, 0xff, 0xff, 0xf7, 0xfd, 0xff, 0xff, 0xff,
    0xfd, 0xfd, 0xf9, 0xf9, 0x41, 0x01, 0x06, 0x21, 0x73, 0xcf, 0xff, 0xff, 0xff, 0xff, 0xff, 0xff,
    0xff, 0xce, 0x29, 0x0b, 0x01, 0x00, 0x00, 0x00, 0x00, 0x00, 0x00, 0x00, 0x00, 0x00, 0x00, 0x00,
    0x00, 0x00, 0x00, 0x00, 0x00, 0x00, 0x00, 0x00, 0x00, 0x00, 0x00, 0x00, 0x00, 0x0a, 0x43, 0x46,
    0x04, 0x13, 0x1d, 0x19, 0x0d, 0x02, 0x20, 0x89, 0xb5, 0xd3, 0xfd, 0xff, 0xff, 0xfb, 0xfb, 0xf9,
    0xff, 0xff, 0xef, 0xff, 0xbc, 0x00, 0x00, 0x00, 0x00, 0x01, 0x0e, 0x2c, 0x3a, 0x6f, 0xa8, 0x17,
    0x1a, 0x01, 0x00, 0x00, 0x00, 0x00, 0x00, 0x00, 0x00, 0x00, 0x00, 0x00, 0x00, 0x00, 0x00, 0x00,
    0x00, 0x00, 0x00, 0x00, 0x00, 0x00, 0x00, 0x00, 0x00, 0x00, 0x00, 0x00, 0x00, 0x00, 0x00, 0x00,
    0x00, 0x00, 0x00, 0x00, 0x00, 0x00, 0x00, 0x00, 0x00, 0x01, 0x07, 0x42, 0xd1, 0xff, 0xff, 0xff,
    0xd1, 0xe4, 0xfb, 0x1e, 0x31, 0x00, 0x00, 0x00, 0x00, 0x00, 0x00, 0x00, 0x00, 0x00, 0x01, 0x00,
    0x00, 0x00, 0x00, 0x00, 0x00, 0x00, 0x00, 0x00, 0x00, 0x00, 0x00, 0x00, 0x00, 0x00, 0x00, 0x00,
    0x00, 0x00, 0x00, 0x00, 0x00, 0x00, 0x00, 0x00, 0x00, 0x00, 0x00, 0x00, 0x00, 0x00, 0x00, 0x00,
    0x00, 0x00, 0x00, 0x00, 0x00, 0x00, 0x00, 0x00, 0x00, 0x00, 0x00, 0x00, 0x01, 0x0e, 0x15, 0x6b,
    0x11, 0x02, 0x31, 0x00, 0x00, 0x00, 0x00, 0x00, 0x00, 0x00, 0x00, 0x00, 0x00, 0x00, 0x00, 0x00,
    0x00, 0x00, 0x00, 0x00, 0x00, 0x00, 0x00, 0x00, 0x00, 0x00, 0x00, 0x00, 0x00, 0x00, 0x00, 0x00,
    0x00, 0x00, 0x00, 0x00, 0x00, 0x00, 0x00, 0x00, 0x00, 0x00, 0x00, 0x00, 0x00, 0x00, 0x00, 0x00,
    0x00, 0x00, 0x00, 0x00, 0x00, 0x00, 0x00, 0x00, 0x00, 0x00, 0x00, 0x00, 0x00, 0x00, 0x00, 0x00,
    0x00, 0x00, 0x00, 0x00, 0x00, 0x00, 0x00, 0x00, 0x00, 0x00, 0x00, 0x00, 0x00, 0x00, 0x00, 0x00,
    0x00, 0x00, 0x00, 0x00, 0x00, 0x00, 0x00, 0x00, 0x00, 0x00, 0x00, 0x00, 0x00, 0x00, 0x00, 0x00,
};

const lv_image_dsc_t love_frame_3_dsc = {
    .header.w = 64,
    .header.h = 64,
    .header.cf = LV_COLOR_FORMAT_RGB565A8,
    .data_size = 12288,
    .data = love_frame_3_data,
};

/* Frame 4: frame_004.png */
static const uint8_t love_frame_4_data[] = {
    0x00, 0x00, 0x00, 0x00, 0x00, 0x00, 0x00, 0x00, 0x00, 0x00, 0x00, 0x00, 0x00, 0x00, 0x00, 0x00,
    0x00, 0x00, 0x00, 0x00, 0x00, 0x00, 0x00, 0x00, 0x00, 0x00, 0x00, 0x00, 0x00, 0x00, 0x00, 0x00,
    0x00, 0x00, 0x00, 0x00, 0x00, 0x00, 0x00, 0x00, 0x00, 0x00, 0x00, 0x00, 0x00, 0x00, 0x00, 0x00,
    0x00, 0x00, 0x00, 0x00, 0x00, 0x00, 0x00, 0x00, 0x00, 0x00, 0x00, 0x00, 0x00, 0x00, 0x00, 0x00,
    0x02, 0x00, 0x86, 0x00, 0x00, 0x00, 0x00, 0x00, 0x00, 0x00, 0x00, 0x00, 0x00, 0x00, 0x00, 0x00,
    0x00, 0x00, 0x00, 0x00, 0x00, 0x00, 0x00, 0x00, 0x00, 0x00, 0x00, 0x00, 0x00, 0x00, 0x00, 0x00,
    0x00, 0x00, 0x00, 0x00, 0x00, 0x00, 0x00, 0x00, 0x00, 0x00, 0x00, 0x00, 0x00, 0x00, 0x00, 0x00,
    0x00, 0x00, 0x00, 0x00, 0x00, 0x00, 0x00, 0x00, 0x00, 0x00, 0x00, 0x00, 0x00, 0x00, 0x00, 0x00,
    0x00, 0x00, 0x00, 0x00, 0x00, 0x00, 0x00, 0x00, 0x00, 0x00, 0x00, 0x00, 0x00, 0x00, 0x00, 0x00,
    0x00, 0x00, 0x00, 0x00, 0x00, 0x00, 0x22, 0x00, 0xe2, 0x00, 0x00, 0x00, 0x00, 0x00, 0x00, 0x00,
    0x00, 0x00, 0x00, 0x00, 0x00, 0x00, 0x00, 0x00, 0x00, 0x00, 0x00, 0x00, 0x00, 0x00, 0x00, 0x00,
    0x00, 0x00, 0x00, 0x00, 0x00, 0x00, 0x00, 0x00, 0x00, 0x00, 0x00, 0x00, 0x00, 0x00, 0x00, 0x00,
    0x02, 0x00, 0x68, 0x00, 0xa3, 0x00, 0x00, 0x00, 0xe2, 0x00, 0xe2, 0x00, 0x00, 0x00, 0x00, 0x00,
    0x00, 0x00, 0x00, 0x00, 0x00, 0x00, 0x00, 0x00, 0x00, 0x00, 0x00, 0x00, 0x00, 0x00, 0x00, 0x00,
    0x00, 0x00, 0x00, 0x00, 0x00, 0x00, 0x00, 0x00, 0x00, 0x00, 0x00, 0x00, 0x00, 0x00, 0x00, 0x00,
    0x00, 0x00, 0x00, 0x00, 0x00, 0x00, 0x00, 0x00, 0x00, 0x00, 0x00, 0x00, 0x00, 0x00, 0x00, 0x00,
    0x00, 0x00, 0x00, 0x00, 0x00, 0x00, 0x00, 0x00, 0x00, 0x00, 0x00, 0x00, 0x00, 0x00, 0x00, 0x00,
    0x00, 0x00, 0x00, 0x00, 0x00, 0x00, 0x46, 0x00, 0xa4, 0x00, 0x00, 0x00, 0x00, 0x00, 0x00, 0x00,
    0x20, 0x00, 0x40, 0x00, 0x00, 0x00, 0x00, 0x00, 0x00, 0x00, 0x00, 0x00, 0x00, 0x00, 0x00, 0x00,
    0x00, 0x00, 0x00, 0x00, 0x00, 0x00, 0x00, 0x00, 0x00, 0x00, 0x00, 0x00, 0x00, 0x00, 0x00, 0x00,
    0x61, 0x00, 0x86, 0x00, 0xa9, 0x00, 0x83, 0x00, 0xe2, 0x00, 0xe5, 0x00, 0x00, 0x00, 0x00, 0x00,
    0x00, 0x00, 0x00, 0x00, 0x00, 0x00, 0x00, 0x00, 0x00, 0x00, 0x00, 0x00, 0x00, 0x00, 0x00, 0x00,
    0x00, 0x00, 0x00, 0x00, 0x00, 0x00, 0x00, 0x00, 0x00, 0x00, 0x00, 0x00, 0x00, 0x00, 0x00, 0x00,
    0x00, 0x00, 0x00, 0x00, 0x00, 0x00, 0x00, 0x00, 0x00, 0x00, 0x00, 0x00, 0x00, 0x00, 0x00, 0x00,
    0x00, 0x00, 0x00, 0x00, 0x00, 0x00, 0x00, 0x00, 0x00, 0x00, 0x00, 0x00, 0x00, 0x00, 0x00, 0x00,
    0x00, 0x00, 0x00, 0x00, 0x00, 0x00, 0x05, 0x00, 0xe7, 0x00, 0x00, 0x00, 0x00, 0x00, 0x00, 0x00,
    0x23, 0x00, 0x43, 0x00, 0x00, 0x00, 0x00, 0x00, 0x00, 0x00, 0x00, 0x00, 0x00, 0x00, 0x00, 0x00,
    0x00, 0x00, 0x00, 0x00, 0x00, 0x00, 0x00, 0x00, 0x86, 0x00, 0x40, 0x00, 0x00, 0x00, 0x00, 0x00,
    0x00, 0x00, 0x23, 0x00, 0xc7, 0x00, 0xc9, 0x00, 0x86, 0x00, 0x45, 0x00, 0x20, 0x00, 0x00, 0x00,
    0x00, 0x00, 0x00, 0x00, 0x40, 0x00, 0x00, 0x00, 0x00, 0x00, 0x00, 0x00, 0x00, 0x00, 0x00, 0x00,
    0x00, 0x00, 0x00, 0x00, 0x00, 0x00, 0x00, 0x00, 0x00, 0x00, 0x00, 0x00, 0x00, 0x00, 0x00, 0x00,
    0x00, 0x00, 0x00, 0x00, 0x00, 0x00, 0x00, 0x00, 0x00, 0x00, 0x00, 0x00, 0x00, 0x00, 0x00, 0x00,
    0x00, 0x00, 0x00, 0x00, 0x00, 0x00, 0x00, 0x00, 0x00, 0x00, 0x00, 0x00, 0x00, 0x00, 0x00, 0x00,
    0x00, 0x00, 0x00, 0x00, 0x00, 0x00, 0x23, 0x00, 0x48, 0x00, 0x65, 0x00, 0x20, 0x00, 0x00, 0x00,
    0xc4, 0x00, 0xa4, 0x00, 0x00, 0x00, 0x00, 0x00, 0x61, 0x00, 0x20, 0x00, 0x00, 0x00, 0x00, 0x00,
    0x00, 0x00, 0x00, 0x00, 0x00, 0x00, 0x81, 0x00, 0x0a, 0x00, 0xc7, 0x00, 0x00, 0x00, 0x00, 0x00,
    0x00, 0x00, 0x00, 0x00, 0x03, 0x00, 0x86, 0x00, 0x68, 0x00, 0x68, 0x00, 0x83, 0x00, 0x00, 0x00,
    0x00, 0x00, 0x00, 0x00, 0x83, 0x00, 0x83, 0x00, 0x00, 0x00, 0x00, 0x00, 0x00, 0x00, 0x00, 0x00,
    0x00, 0x00, 0x00, 0x00, 0x00, 0x00, 0x00, 0x00, 0x00, 0x00, 0x00, 0x00, 0x00, 0x00, 0x00, 0x00,
    0x00, 0x00, 0x00, 0x00, 0x00, 0x00, 0x00, 0x00, 0x00, 0x00, 0x00, 0x00, 0x00, 0x00, 0x00, 0x00,
    0x00, 0x00, 0x00, 0x00, 0x00, 0x00, 0x00, 0x00, 0x00, 0x00, 0x00, 0x00, 0x00, 0x00, 0x00, 0x00,
    0x00, 0x00, 0x00, 0x00, 0x00, 0x00, 0x41, 0x00, 0x26, 0x00, 0x48, 0x00, 0x07, 0x00, 0x22, 0x00,
    0xa4, 0x00, 0x65, 0x00, 0x00, 0x00, 0x00, 0x00, 0x05, 0x00, 0xc2, 0x00, 0x00, 0x00, 0x00, 0x00,
    0x00, 0x00, 0x00, 0x00, 0x00, 0x00, 0x81, 0x00, 0x28, 0x00, 0xcc, 0x00, 0x27, 0x00, 0x02, 0x00,
    0x00, 0x00, 0x00, 0x00, 0x20, 0x00, 0x81, 0x00, 0x46, 0x00, 0x07, 0x00, 0x88, 0x00, 0x02, 0x00,
    0x00, 0x00, 0x00, 0x00, 0x25, 0x00, 0x65, 0x00, 0x00, 0x00, 0x00, 0x00, 0x00, 0x00, 0x00, 0x00,
    0x00, 0x00, 0x00, 0x00, 0x00, 0x00, 0x00, 0x00, 0x00, 0x00, 0x00, 0x00, 0x00, 0x00, 0x00, 0x00,
    0x00, 0x00, 0x00, 0x00, 0x00, 0x00, 0x00, 0x00, 0x00, 0x00, 0x00, 0x00, 0x00, 0x00, 0x00, 0x00,
    0x00, 0x00, 0x00, 0x00, 0x00, 0x00, 0x00, 0x00, 0x00, 0x00, 0x00, 0x00, 0x00, 0x00, 0x00, 0x00,
    0x00, 0x00, 0x00, 0x00, 0x00, 0x00, 0x00, 0x00, 0xa1, 0x00, 0x06, 0x00, 0xe8, 0x00, 0xa9, 0x00,
    0x07, 0x00, 0x68, 0x00, 0x02, 0x00, 0x00, 0x00, 0x66, 0x00, 0x45, 0x00, 0x00, 0x00, 0x00, 0x00,
    0x00, 0x00, 0x00, 0x00, 0xe2, 0x00, 0x81, 0x00, 0x46, 0x00, 0x0a, 0x00, 0x2d, 0x00, 0xec, 0x00,
    0x88, 0x00, 0x40, 0x00, 0x45, 0x00, 0xc4, 0x00, 0xa2, 0x00, 0x46, 0x00, 0xe7, 0x00, 0x48, 0x00,
    0x20, 0x00, 0x61, 0x00, 0x48, 0x00, 0x05, 0x00, 0x00, 0x00, 0x00, 0x00, 0x00, 0x00, 0x00, 0x00,
    0x00, 0x00, 0x00, 0x00, 0x00, 0x00, 0x00, 0x00, 0x00, 0x00, 0x00, 0x00, 0x00, 0x00, 0x00, 0x00,
    0x00, 0x00, 0x00, 0x00, 0x00, 0x00, 0x00, 0x00, 0x00, 0x00, 0x00, 0x00, 0x00, 0x00, 0x00, 0x00,
    0x00, 0x00, 0x00, 0x00, 0x00, 0x00, 0x00, 0x00, 0x00, 0x00, 0x00, 0x00, 0x00, 0x00, 0x00, 0x00,
    0x00, 0x00, 0x00, 0x00, 0x00, 0x00, 0x00, 0x00, 0x00, 0x00, 0x81, 0x00, 0x84, 0x00, 0x46, 0x00,
    0x28, 0x00, 0x68, 0x00, 0x88, 0x00, 0x83, 0x00, 0x43, 0x00, 0x89, 0x00, 0xc4, 0x00, 0x00, 0x00,
    0x00, 0x00, 0x00, 0x00, 0x84, 0x00, 0x26, 0x00, 0x84, 0x00, 0xe8, 0x00, 0x0a, 0x00, 0xab, 0x00,
    0x4d, 0x00, 0x2a, 0x00, 0x05, 0x00, 0x68, 0x00, 0x05, 0x00, 0x64, 0x00, 0x66, 0x00, 0xe7, 0x00,
    0x43, 0x00, 0x05, 0x00, 0x68, 0x00, 0xe2, 0x00, 0x00, 0x00, 0x00, 0x00, 0x00, 0x00, 0x00, 0x00,
    0x00, 0x00, 0x00, 0x00, 0x00, 0x00, 0x00, 0x00, 0x00, 0x00, 0x00, 0x00, 0x00, 0x00, 0x00, 0x00,
    0x00, 0x00, 0x00, 0x00, 0x00, 0x00, 0x00, 0x00, 0x00, 0x00, 0x00, 0x00, 0x00, 0x00, 0x00, 0x00,
    0x00, 0x00, 0x00, 0x00, 0x00, 0x00, 0x00, 0x00, 0x00, 0x00, 0x00, 0x00, 0x00, 0x00, 0x00, 0x00,
    0x00, 0x00, 0x00, 0x00, 0x00, 0x00, 0x00, 0x00, 0x00, 0x00, 0x00, 0x00, 0x20, 0x00, 0x43, 0x00,
    0x05, 0x00, 0x87, 0x00, 0xe7, 0x00, 0x68, 0x00, 0xa6, 0x00, 0x86, 0x00, 0xc9, 0x00, 0x27, 0x00,
    0x63, 0x00, 0x81, 0x00, 0xe2, 0x00, 0x46, 0x00, 0x06, 0x00, 0xe5, 0x00, 0xe7, 0x00, 0xa9, 0x00,
    0x4a, 0x00, 0x0c, 0x00, 0x2c, 0x00, 0xe7, 0x00, 0xe7, 0x00, 0x25, 0x00, 0xa4, 0x00, 0x88, 0x00,
    0x48, 0x00, 0x46, 0x00, 0x66, 0x00, 0x00, 0x00, 0x00, 0x00, 0x00, 0x00, 0x00, 0x00, 0x00, 0x00,
    0x00, 0x00, 0x00, 0x00, 0x00, 0x00, 0x00, 0x00, 0x00, 0x00, 0x00, 0x00, 0x00, 0x00, 0x00, 0x00,
    0x00, 0x00, 0x00, 0x00, 0x00, 0x00, 0x00, 0x00, 0x00, 0x00, 0x00, 0x00, 0x00, 0x00, 0x00, 0x00,
    0x00, 0x00, 0x00, 0x00, 0x00, 0x00, 0x00, 0x00, 0x00, 0x00, 0x00, 0x00, 0x00, 0x00, 0x00, 0x00,
    0x00, 0x00, 0x00, 0x00, 0xa1, 0x00, 0x06, 0x00, 0xc4, 0x00, 0xc4, 0x00, 0x46, 0x00, 0x87, 0x00,
    0x05, 0x00, 0x43, 0x00, 0x64, 0x00, 0x06, 0x00, 0x87, 0x00, 0x66, 0x00, 0xa6, 0x00, 0x68, 0x00,
    0x0a, 0x00, 0x68, 0x00, 0xa6, 0x00, 0xc5, 0x00, 0xc5, 0x00, 0x25, 0x00, 0x89, 0x00, 0xa7, 0x00,
    0x68, 0x00, 0x2a, 0x00, 0xab, 0x00, 0xad, 0x00, 0x27, 0x00, 0xe7, 0x00, 0xe5, 0x00, 0xab, 0x00,
    0xeb, 0x00, 0xa7, 0x00, 0xc2, 0x00, 0x00, 0x00, 0x00, 0x00, 0x00, 0x00, 0x00, 0x00, 0x00, 0x00,
    0x00, 0x00, 0x00, 0x00, 0x00, 0x00, 0x00, 0x00, 0x00, 0x00, 0x00, 0x00, 0x00, 0x00, 0x00, 0x00,
    0x00, 0x00, 0x00, 0x00, 0x00, 0x00, 0x00, 0x00, 0x00, 0x00, 0x00, 0x00, 0x00, 0x00, 0x00, 0x00,
    0x00, 0x00, 0x00, 0x00, 0x00, 0x00, 0x00, 0x00, 0x00, 0x00, 0x00, 0x00, 0x00, 0x00, 0x00, 0x00,
    0x00, 0x00, 0x00, 0x00, 0x00, 0x00, 0xe2, 0x00, 0x26, 0x00, 0x87, 0x00, 0x87, 0x00, 0x84, 0x00,
    0x61, 0x00, 0x00, 0x00, 0x00, 0x00, 0x40, 0x00, 0x23, 0x00, 0xe5, 0x00, 0xe5, 0x00, 0x05, 0x00,
    0x86, 0x00, 0x68, 0x00, 0xc9, 0x00, 0x27, 0x00, 0xe5, 0x00, 0x84, 0x00, 0xe9, 0x00, 0x6a, 0x00,
    0x86, 0x00, 0x89, 0x00, 0x4a, 0x00, 0xcb, 0x00, 0x4c, 0x00, 0xe7, 0x00, 0x27, 0x00, 0xcb, 0x00,
    0xeb, 0x00, 0x27, 0x00, 0x00, 0x00, 0x00, 0x00, 0x00, 0x00, 0x00, 0x00, 0x00, 0x00, 0x00, 0x00,
    0x00, 0x00, 0x00, 0x00, 0x00, 0x00, 0x00, 0x00, 0x00, 0x00, 0x00, 0x00, 0x00, 0x00, 0x00, 0x00,
    0x00, 0x00, 0x00, 0x00, 0x00, 0x00, 0x00, 0x00, 0x00, 0x00, 0x00, 0x00, 0x00, 0x00, 0x00, 0x00,
    0x00, 0x00, 0x00, 0x00, 0x00, 0x00, 0x00, 0x00, 0x00, 0x00, 0x00, 0x00, 0x00, 0x00, 0x00, 0x00,
    0x00, 0x00, 0x00, 0x00, 0x00, 0x00, 0x00, 0x00, 0x20, 0x00, 0xa1, 0x00, 0x61, 0x00, 0x00, 0x00,
    0x00, 0x00, 0x00, 0x00, 0x00, 0x00, 0x00, 0x00, 0x00, 0x00, 0x40, 0x00, 0x64, 0x00, 0xe5, 0x00,
    0xc4, 0x00, 0x07, 0x00, 0xa8, 0x00, 0xa8, 0x00, 0x68, 0x00, 0x05, 0x00, 0xa7, 0x00, 0x4c, 0x00,
    0x6d, 0x00, 0x27, 0x00, 0xc9, 0x00, 0x6b, 0x00, 0x4c, 0x00, 0x2a, 0x00, 0xa6, 0x00, 0x0c, 0x00,
    0xcb, 0x00, 0x88, 0x00, 0x22, 0x00, 0xa6, 0x00, 0x00, 0x00, 0x00, 0x00, 0x00, 0x00, 0x00, 0x00,
    0x00, 0x00, 0x00, 0x00, 0x00, 0x00, 0x00, 0x00, 0x00, 0x00, 0x00, 0x00, 0x00, 0x00, 0x00, 0x00,
    0x00, 0x00, 0x00, 0x00, 0x00, 0x00, 0x00, 0x00, 0x00, 0x00, 0x00, 0x00, 0x00, 0x00, 0x00, 0x00,
    0x00, 0x00, 0x00, 0x00, 0x00, 0x00, 0x00, 0x00, 0x00, 0x00, 0x00, 0x00, 0x00, 0x00, 0x00, 0x00,
    0x00, 0x00, 0x00, 0x00, 0x00, 0x00, 0x00, 0x00, 0x00, 0x00, 0x00, 0x00, 0x00, 0x00, 0x00, 0x00,
    0x23, 0x00, 0x61, 0x00, 0x00, 0x00, 0x00, 0x00, 0x20, 0x00, 0xc2, 0x00, 0x44, 0x00, 0xa4, 0x00,
    0xc4, 0x00, 0xc7, 0x00, 0xec, 0x00, 0x2c, 0x00, 0x49, 0x00, 0xe6, 0x00, 0xa4, 0x00, 0xea, 0x00,
    0x8d, 0x00, 0xce, 0x00, 0xa9, 0x00, 0x88, 0x00, 0xec, 0x00, 0x0c, 0x00, 0x07, 0x00, 0xcb, 0x00,
    0xeb, 0x00, 0x09, 0x00, 0x88, 0x00, 0x2a, 0x00, 0x00, 0x00, 0x00, 0x00, 0x00, 0x00, 0x00, 0x00,
    0x00, 0x00, 0x00, 0x00, 0x00, 0x00, 0x00, 0x00, 0x00, 0x00, 0x00, 0x00, 0x00, 0x00, 0x00, 0x00,
    0x00, 0x00, 0x00, 0x00, 0x00, 0x00, 0x00, 0x00, 0x00, 0x00, 0x00, 0x00, 0x00, 0x00, 0x00, 0x00,
    0x00, 0x00, 0x00, 0x00, 0x00, 0x00, 0x00, 0x00, 0x00, 0x00, 0x00, 0x00, 0x00, 0x00, 0x00, 0x00,
    0x00, 0x00, 0x00, 0x00, 0x00, 0x00, 0x00, 0x00, 0x00, 0x00, 0x00, 0x00, 0x00, 0x00, 0x00, 0x00,
    0x06, 0x00, 0x0b, 0x00, 0x69, 0x00, 0xc7, 0x00, 0xa7, 0x00, 0x26, 0x00, 0xe6, 0x00, 0x84, 0x00,
    0x64, 0x00, 0x43, 0x00, 0xe7, 0x00, 0xec, 0x00, 0x8d, 0x00, 0x8d, 0x00, 0xc9, 0x00, 0xc7, 0x00,
    0x88, 0x00, 0x8b, 0x00, 0xee, 0x00, 0x6a, 0x00, 0x27, 0x00, 0xcb, 0x00, 0x8b, 0x00, 0xab, 0x00,
    0x6d, 0x00, 0x0c, 0x00, 0x4a, 0x00, 0xe9, 0x00, 0x00, 0x00, 0x00, 0x00, 0x00, 0x00, 0x00, 0x00,
    0x00, 0x00, 0x00, 0x00, 0x00, 0x00, 0x00, 0x00, 0x00, 0x00, 0x00, 0x00, 0x00, 0x00, 0x00, 0x00,
    0x00, 0x00, 0x00, 0x00, 0x00, 0x00, 0x00, 0x00, 0x00, 0x00, 0x00, 0x00, 0x00, 0x00, 0x00, 0x00,
    0x00, 0x00, 0x00, 0x00, 0x00, 0x00, 0x00, 0x00, 0x00, 0x00, 0x00, 0x00, 0x00, 0x00, 0x00, 0x00,
    0x00, 0x00, 0x00, 0x00, 0x00, 0x00, 0x00, 0x00, 0x00, 0x00, 0x00, 0x00, 0x00, 0x00, 0x00, 0x00,
    0x00, 0x00, 0x85, 0x00, 0x8a, 0x00, 0x4c, 0x00, 0xed, 0x00, 0x8c, 0x00, 0xcb, 0x00, 0xcb, 0x00,
    0x09, 0x00, 0x46, 0x00, 0xc5, 0x00, 0x86, 0x00, 0x0a, 0x00, 0x4d, 0x00, 0xee, 0x00, 0xad, 0x00,
    0x8d, 0x00, 0x8a, 0x00, 0x6a, 0x00, 0x0e, 0x00, 0x2a, 0x00, 0x07, 0x00, 0x6d, 0x00, 0x2c, 0x00,
    0xce, 0x00, 0x2f, 0x00, 0x8d, 0x00, 0x88, 0x00, 0x00, 0x00, 0x00, 0x00, 0x00, 0x00, 0x00, 0x00,
    0x00, 0x00, 0x00, 0x00, 0x00, 0x00, 0x00, 0x00, 0x00, 0x00, 0x00, 0x00, 0x00, 0x00, 0x00, 0x00,
    0x00, 0x00, 0x00, 0x00, 0x00, 0x00, 0x00, 0x00, 0x00, 0x00, 0x00, 0x00, 0x00, 0x00, 0x00, 0x00,
    0x00, 0x00, 0x00, 0x00, 0x00, 0x00, 0x00, 0x00, 0x00, 0x00, 0x00, 0x00, 0x00, 0x00, 0x00, 0x00,
    0x00, 0x00, 0x00, 0x00, 0x00, 0x00, 0x00, 0x00, 0x00, 0x00, 0x00, 0x00, 0x00, 0x00, 0x00, 0x00,
    0x00, 0x00, 0x00, 0x00, 0x03, 0x00, 0x47, 0x00, 0x09, 0x00, 0xeb, 0x00, 0xaa, 0x00, 0x8a, 0x00,
    0xcb, 0x00, 0x8a, 0x00, 0x29, 0x00, 0x05, 0x00, 0x25, 0x00, 0xa9, 0x00, 0x0c, 0x00, 0xce, 0x00,
    0x90, 0x00, 0xd1, 0x00, 0x6d, 0x00, 0xeb, 0x00, 0x0e, 0x00, 0x09, 0x00, 0xcb, 0x00, 0x0e, 0x00,
    0x0e, 0x00, 0x4c, 0x00, 0x4c, 0x00, 0x2c, 0x00, 0xe2, 0x00, 0x00, 0x00, 0x00, 0x00, 0x00, 0x00,
    0x00, 0x00, 0x00, 0x00, 0x00, 0x00, 0x00, 0x00, 0x00, 0x00, 0x00, 0x00, 0x00, 0x00, 0x00, 0x00,
    0x00, 0x00, 0x00, 0x00, 0x00, 0x00, 0x00, 0x00, 0x00, 0x00, 0x00, 0x00, 0x00, 0x00, 0x00, 0x00,
    0x00, 0x00, 0x00, 0x00, 0x00, 0x00, 0x00, 0x00, 0x00, 0x00, 0x00, 0x00, 0x00, 0x00, 0x00, 0x00,
    0x00, 0x00, 0x00, 0x00, 0x00, 0x00, 0x00, 0x00, 0x00, 0x00, 0x00, 0x00, 0x00, 0x00, 0x00, 0x00,
    0x00, 0x00, 0x00, 0x00, 0x00, 0x00, 0xc2, 0x00, 0xe6, 0x00, 0xa8, 0x00, 0x29, 0x00, 0x29, 0x00,
    0x8a, 0x00, 0x2b, 0x00, 0xed, 0x00, 0xed, 0x00, 0x4b, 0x00, 0xea, 0x00, 0x4d, 0x00, 0xee, 0x00,
    0xee, 0x00, 0x90, 0x00, 0x11, 0x00, 0xee, 0x00, 0x4c, 0x00, 0xee, 0x00, 0xcb, 0x00, 0xee, 0x00,
    0xcb, 0x00, 0xe8, 0x00, 0xa7, 0x00, 0x0a, 0x00, 0x48, 0x00, 0x00, 0x00, 0x00, 0x00, 0x00, 0x00,
    0x00, 0x00, 0x00, 0x00, 0x00, 0x00, 0x00, 0x00, 0x00, 0x00, 0x00, 0x00, 0x00, 0x00, 0x00, 0x00,
    0x00, 0x00, 0x00, 0x00, 0x00, 0x00, 0x00, 0x00, 0x00, 0x00, 0x00, 0x00, 0x00, 0x00, 0x00, 0x00,
    0x00, 0x00, 0x00, 0x00, 0x00, 0x00, 0x00, 0x00, 0x00, 0x00, 0x00, 0x00, 0x00, 0x00, 0x00, 0x00,
    0x00, 0x00, 0x00, 0x00, 0x00, 0x00, 0x00, 0x00, 0x00, 0x00, 0x00, 0x00, 0x00, 0x00, 0x00, 0x00,
    0x40, 0x00, 0x03, 0x00, 0xa5, 0x00, 0xc5, 0x00, 0x85, 0x00, 0xa5, 0x00, 0x26, 0x00, 0xc8, 0x00,
    0xa8, 0x00, 0x09, 0x00, 0x0b, 0x00, 0xac, 0x00, 0x0d, 0x00, 0x2d, 0x00, 0x4d, 0x00, 0x6d, 0x00,
    0xce, 0x00, 0x4d, 0x00, 0x0a, 0x00, 0xad, 0x00, 0xad, 0x00, 0xad, 0x00, 0x6d, 0x00, 0x4c, 0x00,
    0xca, 0x00, 0xab, 0x00, 0xec, 0x00, 0x29, 0x00, 0x07, 0x00, 0x00, 0x00, 0x00, 0x00, 0x00, 0x00,
    0x00, 0x00, 0x00, 0x00, 0x00, 0x00, 0x00, 0x00, 0x00, 0x00, 0x00, 0x00, 0x00, 0x00, 0x00, 0x00,
    0x00, 0x00, 0x00, 0x00, 0x00, 0x00, 0x00, 0x00, 0x00, 0x00, 0x00, 0x00, 0x00, 0x00, 0x00, 0x00,
    0x00, 0x00, 0x00, 0x00, 0x00, 0x00, 0x00, 0x00, 0x00, 0x00, 0x00, 0x00, 0x00, 0x00, 0x00, 0x00,
    0x00, 0x00, 0x00, 0x00, 0x00, 0x00, 0x00, 0x00, 0x00, 0x00, 0x61, 0x00, 0xc5, 0x00, 0x47, 0x00,
    0xe9, 0x00, 0x4a, 0x00, 0x2a, 0x00, 0xc9, 0x00, 0x47, 0x00, 0x64, 0x00, 0xe3, 0x00, 0x44, 0x00,
    0xa5, 0x00, 0x47, 0x00, 0xc8, 0x00, 0x8a, 0x00, 0x6b, 0x00, 0x0d, 0x00, 0x2a, 0x00, 0x28, 0x00,
    0x89, 0x00, 0x49, 0x00, 0x09, 0x00, 0x08, 0x00, 0xad, 0x00, 0xad, 0x00, 0xad, 0x00, 0x2c, 0x00,
    0x69, 0x00, 0x2a, 0x00, 0xab, 0x00, 0x08, 0x00, 0x83, 0x00, 0x00, 0x00, 0x00, 0x00, 0x00, 0x00,
    0x00, 0x00, 0x00, 0x00, 0x00, 0x00, 0x00, 0x00, 0x00, 0x00, 0x00, 0x00, 0x00, 0x00, 0x00, 0x00,
    0x00, 0x00, 0x00, 0x00, 0x00, 0x00, 0x00, 0x00, 0x00, 0x00, 0x00, 0x00, 0x00, 0x00, 0x00, 0x00,
    0x00, 0x00, 0x00, 0x00, 0x00, 0x00, 0x00, 0x00, 0x00, 0x00, 0x00, 0x00, 0x00, 0x00, 0x00, 0x00,
    0x00, 0x00, 0x00, 0x00, 0x00, 0x00, 0x00, 0x00, 0x00, 0x00, 0x61, 0x00, 0x47, 0x00, 0x4a, 0x00,
    0x2a, 0x00, 0xe9, 0x00, 0xe9, 0x00, 0x88, 0x00, 0xa5, 0x00, 0x06, 0x00, 0xa8, 0x00, 0x4a, 0x00,
    0x4a, 0x00, 0x6a, 0x00, 0x29, 0x00, 0x69, 0x00, 0x4b, 0x00, 0xcc, 0x00, 0xc8, 0x00, 0x8b, 0x00,
    0xab, 0x00, 0xcc, 0x00, 0xec, 0x00, 0x4a, 0x00, 0xcb, 0x00, 0x2e, 0x00, 0xcd, 0x00, 0xad, 0x00,
    0x6a, 0x00, 0x67, 0x00, 0x47, 0x00, 0x27, 0x00, 0x65, 0x00, 0x00, 0x00, 0x00, 0x00, 0x00, 0x00,
    0x00, 0x00, 0x00, 0x00, 0x00, 0x00, 0x00, 0x00, 0x00, 0x00, 0x00, 0x00, 0x00, 0x00, 0x00, 0x00,
    0x00, 0x00, 0x00, 0x00, 0x00, 0x00, 0x00, 0x00, 0x00, 0x00, 0x00, 0x00, 0x00, 0x00, 0x00, 0x00,
    0x00, 0x00, 0x00, 0x00, 0x00, 0x00, 0x00, 0x00, 0x00, 0x00, 0x00, 0x00, 0x00, 0x00, 0x00, 0x00,
    0x00, 0x00, 0x00, 0x00, 0x00, 0x00, 0x00, 0x00, 0x00, 0x00, 0x00, 0x00, 0x00, 0x00, 0xa2, 0x00,
    0x84, 0x00, 0xe6, 0x00, 0x06, 0x00, 0xa5, 0x00, 0x64, 0x00, 0xc9, 0x00, 0x8b, 0x00, 0x2c, 0x00,
    0x8d, 0x00, 0x0b, 0x00, 0x8a, 0x00, 0xaa, 0x00, 0xea, 0x00, 0xac, 0x00, 0x08, 0x00, 0x88, 0x00,
    0x29, 0x00, 0xcb, 0x00, 0xec, 0x00, 0x29, 0x00, 0x6a, 0x00, 0xad, 0x00, 0x4c, 0x00, 0x6c, 0x00,
    0x8d, 0x00, 0x27, 0x00, 0x45, 0x00, 0xeb, 0x00, 0x8d, 0x00, 0x68, 0x00, 0x20, 0x00, 0x00, 0x00,
    0x00, 0x00, 0x00, 0x00, 0x00, 0x00, 0x00, 0x00, 0x00, 0x00, 0x00, 0x00, 0x00, 0x00, 0x00, 0x00,
    0x00, 0x00, 0x00, 0x00, 0x00, 0x00, 0x00, 0x00, 0x00, 0x00, 0x00, 0x00, 0x00, 0x00, 0x00, 0x00,
    0x00, 0x00, 0x00, 0x00, 0x00, 0x00, 0x00, 0x00, 0x00, 0x00, 0x00, 0x00, 0x00, 0x00, 0x00, 0x00,
    0x00, 0x00, 0x00, 0x00, 0x00, 0x00, 0x00, 0x00, 0x00, 0x00, 0x00, 0x00, 0x00, 0x00, 0x00, 0x00,
    0x00, 0x00, 0x00, 0x00, 0x20, 0x00, 0xc6, 0x00, 0xa5, 0x00, 0x44, 0x00, 0xc5, 0x00, 0x87, 0x00,
    0xc8, 0x00, 0x09, 0x00, 0x49, 0x00, 0x8a, 0x00, 0xca, 0x00, 0xa9, 0x00, 0x86, 0x00, 0x46, 0x00,
    0x66, 0x00, 0xe5, 0x00, 0xa8, 0x00, 0x28, 0x00, 0x0c, 0x00, 0x2c, 0x00, 0xce, 0x00, 0x4f, 0x00,
    0x8d, 0x00, 0x09, 0x00, 0x27, 0x00, 0xc9, 0x00, 0x09, 0x00, 0x8d, 0x00, 0xc4, 0x00, 0x00, 0x00,
    0x00, 0x00, 0x00, 0x00, 0x00, 0x00, 0x00, 0x00, 0x00, 0x00, 0x00, 0x00, 0x00, 0x00, 0x00, 0x00,
    0x00, 0x00, 0x00, 0x00, 0x00, 0x00, 0x00, 0x00, 0x00, 0x00, 0x00, 0x00, 0x00, 0x00, 0x00, 0x00,
    0x00, 0x00, 0x00, 0x00, 0x00, 0x00, 0x00, 0x00, 0x00, 0x00, 0x00, 0x00, 0x00, 0x00, 0x00, 0x00,
    0x00, 0x00, 0x00, 0x00, 0x00, 0x00, 0x00, 0x00, 0x00, 0x00, 0x00, 0x00, 0x00, 0x00, 0x00, 0x00,
    0x00, 0x00, 0x40, 0x00, 0x06, 0x00, 0x68, 0x00, 0x07, 0x00, 0xc6, 0x00, 0x44, 0x00, 0x85, 0x00,
    0x47, 0x00, 0xc8, 0x00, 0x6a, 0x00, 0xca, 0x00, 0x4b, 0x00, 0x4a, 0x00, 0xec, 0x00, 0xce, 0x00,
    0xee, 0x00, 0x2c, 0x00, 0x86, 0x00, 0x88, 0x00, 0x6d, 0x00, 0x8d, 0x00, 0x0e, 0x00, 0x90, 0x00,
    0x90, 0x00, 0x8d, 0x00, 0x4c, 0x00, 0x8b, 0x00, 0xa6, 0x00, 0xc9, 0x00, 0x04, 0x00, 0x00, 0x00,
    0x00, 0x00, 0x00, 0x00, 0x00, 0x00, 0x00, 0x00, 0x00, 0x00, 0x00, 0x00, 0x00, 0x00, 0x00, 0x00,
    0x00, 0x00, 0x00, 0x00, 0x00, 0x00, 0x00, 0x00, 0x00, 0x00, 0x00, 0x00, 0x00, 0x00, 0x00, 0x00,
    0x00, 0x00, 0x00, 0x00, 0x00, 0x00, 0x00, 0x00, 0x00, 0x00, 0x00, 0x00, 0x00, 0x00, 0x00, 0x00,
    0x00, 0x00, 0x00, 0x00, 0x00, 0x00, 0x00, 0x00, 0x00, 0x00, 0x00, 0x00, 0x00, 0x00, 0x00, 0x00,
    0xc2, 0x00, 0x47, 0x00, 0xa9, 0x00, 0x68, 0x00, 0x68, 0x00, 0xe6, 0x00, 0x06, 0x00, 0x2a, 0x00,
    0x2a, 0x00, 0xe9, 0x00, 0x6a, 0x00, 0x6c, 0x00, 0x0d, 0x00, 0x8e, 0x00, 0x0f, 0x00, 0x0f, 0x00,
    0xee, 0x00, 0xee, 0x00, 0xce, 0x00, 0x2c, 0x00, 0x8d, 0x00, 0xad, 0x00, 0x6c, 0x00, 0x4a, 0x00,
    0x4c, 0x00, 0xee, 0x00, 0x6d, 0x00, 0x86, 0x00, 0x88, 0x00, 0x07, 0x00, 0x81, 0x00, 0x00, 0x00,
    0x00, 0x00, 0x00, 0x00, 0x00, 0x00, 0x00, 0x00, 0x00, 0x00, 0x00, 0x00, 0x00, 0x00, 0x00, 0x00,
    0x00, 0x00, 0x00, 0x00, 0x00, 0x00, 0x00, 0x00, 0x00, 0x00, 0x00, 0x00, 0x00, 0x00, 0x00, 0x00,
    0x00, 0x00, 0x00, 0x00, 0x00, 0x00, 0x00, 0x00, 0x00, 0x00, 0x00, 0x00, 0x00, 0x00, 0x00, 0x00,
    0x00, 0x00, 0x00, 0x00, 0x00, 0x00, 0x00, 0x00, 0x00, 0x00, 0x00, 0x00, 0x00, 0x00, 0x81, 0x00,
    0xa9, 0x00, 0x0a, 0x00, 0xc9, 0x00, 0x68, 0x00, 0xe6, 0x00, 0x85, 0x00, 0x88, 0x00, 0x0a, 0x00,
    0x88, 0x00, 0xa8, 0x00, 0x6a, 0x00, 0x2b, 0x00, 0xed, 0x00, 0x2d, 0x00, 0x2a, 0x00, 0x28, 0x00,
    0x2a, 0x00, 0x0c, 0x00, 0xec, 0x00, 0x2c, 0x00, 0x4c, 0x00, 0x6d, 0x00, 0xad, 0x00, 0x07, 0x00,
    0xa6, 0x00, 0x4c, 0x00, 0xeb, 0x00, 0x6a, 0x00, 0x6b, 0x00, 0x23, 0x00, 0x00, 0x00, 0x00, 0x00,
    0x00, 0x00, 0x00, 0x00, 0x00, 0x00, 0x00, 0x00, 0x00, 0x00, 0x00, 0x00, 0x00, 0x00, 0x00, 0x00,
    0x60, 0x00, 0x00, 0x00, 0x00, 0x00, 0x00, 0x00, 0x00, 0x00, 0x00, 0x00, 0x00, 0x00, 0x00, 0x00,
    0x00, 0x00, 0x00, 0x00, 0x00, 0x00, 0x00, 0x00, 0x00, 0x00, 0x00, 0x00, 0x00, 0x00, 0x00, 0x00,
    0x00, 0x00, 0x00, 0x00, 0x00, 0x00, 0x00, 0x00, 0x00, 0x00, 0x00, 0x00, 0x00, 0x00, 0x00, 0x00,
    0x61, 0x00, 0xc2, 0x00, 0xa2, 0x00, 0x41, 0x00, 0xc6, 0x00, 0xc6, 0x00, 0x85, 0x00, 0x64, 0x00,
    0xe6, 0x00, 0x88, 0x00, 0xc8, 0x00, 0x49, 0x00, 0x8c, 0x00, 0x0a, 0x00, 0xc9, 0x00, 0xa9, 0x00,
    0xc2, 0x00, 0x48, 0x00, 0x8b, 0x00, 0xcb, 0x00, 0xec, 0x00, 0x0c, 0x00, 0x4c, 0x00, 0xad, 0x00,
    0x4c, 0x00, 0x0c, 0x00, 0xcb, 0x00, 0xab, 0x00, 0x48, 0x00, 0x00, 0x00, 0x00, 0x00, 0x00, 0x00,
    0x00, 0x00, 0x00, 0x00, 0x00, 0x00, 0x00, 0x00, 0x00, 0x00, 0x00, 0x00, 0x00, 0x00, 0x60, 0x00,
    0x28, 0x00, 0x00, 0x00, 0x00, 0x00, 0x00, 0x00, 0x00, 0x00, 0x00, 0x00, 0x00, 0x00, 0x00, 0x00,
    0x00, 0x00, 0x00, 0x00, 0x00, 0x00, 0x00, 0x00, 0x00, 0x00, 0x00, 0x00, 0x00, 0x00, 0x00, 0x00,
    0x00, 0x00, 0x00, 0x00, 0x00, 0x00, 0x00, 0x00, 0x00, 0x00, 0x00, 0x00, 0x00, 0x00, 0x00, 0x00,
    0x00, 0x00, 0x00, 0x00, 0x00, 0x00, 0xa2, 0x00, 0x88, 0x00, 0x27, 0x00, 0xc6, 0x00, 0x85, 0x00,
    0xe9, 0x00, 0x06, 0x00, 0x87, 0x00, 0x49, 0x00, 0x69, 0x00, 0xaa, 0x00, 0xab, 0x00, 0x4d, 0x00,
    0xc6, 0x00, 0x82, 0x00, 0x25, 0x00, 0x28, 0x00, 0xea, 0x00, 0x4a, 0x00, 0x4a, 0x00, 0xe9, 0x00,
    0x2a, 0x00, 0x4a, 0x00, 0x4b, 0x00, 0x28, 0x00, 0x81, 0x00, 0x00, 0x00, 0x00, 0x00, 0x00, 0x00,
    0x00, 0x00, 0x00, 0x00, 0x00, 0x00, 0x00, 0x00, 0x00, 0x00, 0x00, 0x00, 0x00, 0x00, 0x07, 0x00,
    0xcb, 0x00, 0x20, 0x00, 0x00, 0x00, 0x00, 0x00, 0x00, 0x00, 0x00, 0x00, 0x00, 0x00, 0x00, 0x00,
    0x00, 0x00, 0x00, 0x00, 0x00, 0x00, 0x00, 0x00, 0x00, 0x00, 0x00, 0x00, 0x00, 0x00, 0x00, 0x00,
    0x00, 0x00, 0x00, 0x00, 0x00, 0x00, 0x00, 0x00, 0x00, 0x00, 0x00, 0x00, 0x00, 0x00, 0x00, 0x00,
    0x00, 0x00, 0x00, 0x00, 0x00, 0x00, 0x03, 0x00, 0xc9, 0x00, 0x88, 0x00, 0x27, 0x00, 0xc6, 0x00,
    0xe6, 0x00, 0x24, 0x00, 0x64, 0x00, 0x47, 0x00, 0xc8, 0x00, 0xc8, 0x00, 0xa9, 0x00, 0x8b, 0x00,
    0x0c, 0x00, 0x45, 0x00, 0x24, 0x00, 0x64, 0x00, 0x84, 0x00, 0x64, 0x00, 0x43, 0x00, 0x44, 0x00,
    0x43, 0x00, 0x05, 0x00, 0xc5, 0x00, 0x40, 0x00, 0x00, 0x00, 0x00, 0x00, 0x00, 0x00, 0x00, 0x00,
    0x00, 0x00, 0x00, 0x00, 0x00, 0x00, 0x00, 0x00, 0x00, 0x00, 0xc1, 0x00, 0xe7, 0x00, 0x6d, 0x00,
    0xab, 0x00, 0x81, 0x00, 0x00, 0x00, 0x00, 0x00, 0x00, 0x00, 0x00, 0x00, 0x00, 0x00, 0x00, 0x00,
    0x00, 0x00, 0x00, 0x00, 0x00, 0x00, 0x00, 0x00, 0x00, 0x00, 0x00, 0x00, 0x00, 0x00, 0x00, 0x00,
    0x00, 0x00, 0x00, 0x00, 0x00, 0x00, 0x00, 0x00, 0x00, 0x00, 0x00, 0x00, 0x00, 0x00, 0x00, 0x00,
    0x00, 0x00, 0x00, 0x00, 0x00, 0x00, 0x03, 0x00, 0xc9, 0x00, 0x03, 0x00, 0x47, 0x00, 0x06, 0x00,
    0x24, 0x00, 0x06, 0x00, 0xc6, 0x00, 0x85, 0x00, 0x06, 0x00, 0x87, 0x00, 0xa7, 0x00, 0x68, 0x00,
    0x4a, 0x00, 0xcb, 0x00, 0x07, 0x00, 0x26, 0x00, 0xa8, 0x00, 0x87, 0x00, 0x67, 0x00, 0x67, 0x00,
    0x84, 0x00, 0x86, 0x00, 0x20, 0x00, 0x00, 0x00, 0x00, 0x00, 0x00, 0x00, 0x00, 0x00, 0x00, 0x00,
    0x00, 0x00, 0x00, 0x00, 0x00, 0x00, 0x02, 0x00, 0x07, 0x00, 0xcb, 0x00, 0xec, 0x00, 0x4d, 0x00,
    0xab, 0x00, 0xc1, 0x00, 0x00, 0x00, 0x00, 0x00, 0x00, 0x00, 0x00, 0x00, 0x00, 0x00, 0x00, 0x00,
    0x00, 0x00, 0x00, 0x00, 0x00, 0x00, 0x00, 0x00, 0x00, 0x00, 0x00, 0x00, 0x00, 0x00, 0x00, 0x00,
    0x00, 0x00, 0x00, 0x00, 0x00, 0x00, 0x00, 0x00, 0x00, 0x00, 0x00, 0x00, 0x00, 0x00, 0x00, 0x00,
    0x00, 0x00, 0x00, 0x00, 0x00, 0x00, 0x41, 0x00, 0xc2, 0x00, 0x00, 0x00, 0x85, 0x00, 0xa8, 0x00,
    0xe6, 0x00, 0x06, 0x00, 0xe6, 0x00, 0x47, 0x00, 0x85, 0x00, 0x84, 0x00, 0xe5, 0x00, 0xa4, 0x00,
    0xe4, 0x00, 0x89, 0x00, 0x0c, 0x00, 0xea, 0x00, 0xa8, 0x00, 0x09, 0x00, 0x4a, 0x00, 0xa8, 0x00,
    0x46, 0x00, 0x46, 0x00, 0x00, 0x00, 0x00, 0x00, 0x00, 0x00, 0x00, 0x00, 0x00, 0x00, 0x00, 0x00,
    0x00, 0x00, 0x00, 0x00, 0x83, 0x00, 0x6a, 0x00, 0xeb, 0x00, 0x2c, 0x00, 0x4a, 0x00, 0x2c, 0x00,
    0xe9, 0x00, 0x40, 0x00, 0x00, 0x00, 0x00, 0x00, 0x00, 0x00, 0x00, 0x00, 0x00, 0x00, 0x00, 0x00,
    0x00, 0x00, 0x00, 0x00, 0x00, 0x00, 0x00, 0x00, 0x00, 0x00, 0x00, 0x00, 0x00, 0x00, 0x00, 0x00,
    0x00, 0x00, 0x00, 0x00, 0x00, 0x00, 0x00, 0x00, 0x00, 0x00, 0x00, 0x00, 0x00, 0x00, 0x00, 0x00,
    0x00, 0x00, 0x00, 0x00, 0x00, 0x00, 0x00, 0x00, 0x00, 0x00, 0x00, 0x00, 0xa2, 0x00, 0xa8, 0x00,
    0x85, 0x00, 0x27, 0x00, 0x27, 0x00, 0x26, 0x00, 0xe6, 0x00, 0xc5, 0x00, 0x86, 0x00, 0x25, 0x00,
    0xc4, 0x00, 0x84, 0x00, 0xe7, 0x00, 0xab, 0x00, 0xab, 0x00, 0xca, 0x00, 0x69, 0x00, 0xe7, 0x00,
    0xc9, 0x00, 0x02, 0x00, 0x00, 0x00, 0x00, 0x00, 0x00, 0x00, 0x00, 0x00, 0x00, 0x00, 0x00, 0x00,
    0x00, 0x00, 0x40, 0x00, 0x2a, 0x00, 0xec, 0x00, 0x6a, 0x00, 0x2a, 0x00, 0x4a, 0x00, 0x6a, 0x00,
    0x86, 0x00, 0x00, 0x00, 0x00, 0x00, 0x00, 0x00, 0x00, 0x00, 0x00, 0x00, 0x00, 0x00, 0x00, 0x00,
    0x00, 0x00, 0x00, 0x00, 0x00, 0x00, 0x00, 0x00, 0x00, 0x00, 0x00, 0x00, 0x00, 0x00, 0x00, 0x00,
    0x00, 0x00, 0x00, 0x00, 0x00, 0x00, 0x00, 0x00, 0x00, 0x00, 0x00, 0x00, 0x00, 0x00, 0xc2, 0x00,
    0xa1, 0x00, 0x00, 0x00, 0x00, 0x00, 0x00, 0x00, 0x00, 0x00, 0x00, 0x00, 0x00, 0x00, 0xe3, 0x00,
    0xa2, 0x00, 0x67, 0x00, 0xe9, 0x00, 0xa8, 0x00, 0xc8, 0x00, 0x26, 0x00, 0x66, 0x00, 0x07, 0x00,
    0x86, 0x00, 0x86, 0x00, 0x66, 0x00, 0x46, 0x00, 0xe7, 0x00, 0xa9, 0x00, 0xc9, 0x00, 0xa9, 0x00,
    0xa4, 0x00, 0x00, 0x00, 0x00, 0x00, 0x00, 0x00, 0x00, 0x00, 0x00, 0x00, 0x00, 0x00, 0x00, 0x00,
    0x00, 0x00, 0x43, 0x00, 0xeb, 0x00, 0x8b, 0x00, 0x27, 0x00, 0xcb, 0x00, 0x0a, 0x00, 0x89, 0x00,
    0x81, 0x00, 0x00, 0x00, 0x00, 0x00, 0x00, 0x00, 0x00, 0x00, 0x00, 0x00, 0x00, 0x00, 0x00, 0x00,
    0x00, 0x00, 0x00, 0x00, 0x00, 0x00, 0x00, 0x00, 0x00, 0x00, 0x00, 0x00, 0x00, 0x00, 0x00, 0x00,
    0x00, 0x00, 0x00, 0x00, 0x00, 0x00, 0x00, 0x00, 0x00, 0x00, 0x00, 0x00, 0x00, 0x00, 0x86, 0x00,
    0x6b, 0x00, 0x0a, 0x00, 0x07, 0x00, 0x22, 0x00, 0x00, 0x00, 0x00, 0x00, 0x00, 0x00, 0x00, 0x00,
    0x20, 0x00, 0x06, 0x00, 0x47, 0x00, 0xc8, 0x00, 0xe8, 0x00, 0x29, 0x00, 0x46, 0x00, 0x07, 0x00,
    0x68, 0x00, 0xe7, 0x00, 0x68, 0x00, 0x48, 0x00, 0x46, 0x00, 0xc4, 0x00, 0x84, 0x00, 0x63, 0x00,
    0x81, 0x00, 0x00, 0x00, 0x00, 0x00, 0x00, 0x00, 0x00, 0x00, 0x00, 0x00, 0x00, 0x00, 0x00, 0x00,
    0x00, 0x00, 0xa4, 0x00, 0xcb, 0x00, 0x07, 0x00, 0x89, 0x00, 0x89, 0x00, 0x86, 0x00, 0xa1, 0x00,
    0x00, 0x00, 0x00, 0x00, 0x00, 0x00, 0x00, 0x00, 0x00, 0x00, 0x00, 0x00, 0x00, 0x00, 0x00, 0x00,
    0x00, 0x00, 0x00, 0x00, 0x00, 0x00, 0x00, 0x00, 0x00, 0x00, 0x00, 0x00, 0x00, 0x00, 0x00, 0x00,
    0x00, 0x00, 0x00, 0x00, 0x00, 0x00, 0x00, 0x00, 0x00, 0x00, 0x40, 0x00, 0x40, 0x00, 0x00, 0x00,
    0x63, 0x00, 0x89, 0x00, 0x6b, 0x00, 0x4b, 0x00, 0x86, 0x00, 0x81, 0x00, 0x84, 0x00, 0x41, 0x00,
    0x00, 0x00, 0xa5, 0x00, 0x67, 0x00, 0xe8, 0x00, 0xca, 0x00, 0x4b, 0x00, 0xa9, 0x00, 0x86, 0x00,
    0x48, 0x00, 0xe9, 0x00, 0xc9, 0x00, 0x27, 0x00, 0x28, 0x00, 0xc9, 0x00, 0xe7, 0x00, 0x83, 0x00,
    0x05, 0x00, 0x65, 0x00, 0x43, 0x00, 0x00, 0x00, 0x00, 0x00, 0x00, 0x00, 0x00, 0x00, 0x00, 0x00,
    0x00, 0x00, 0x83, 0x00, 0xea, 0x00, 0x45, 0x00, 0x86, 0x00, 0x28, 0x00, 0x2a, 0x00, 0xa4, 0x00,
    0x00, 0x00, 0x00, 0x00, 0x00, 0x00, 0x00, 0x00, 0x00, 0x00, 0x00, 0x00, 0x00, 0x00, 0x00, 0x00,
    0x00, 0x00, 0x00, 0x00, 0x00, 0x00, 0x00, 0x00, 0x00, 0x00, 0x00, 0x00, 0x00, 0x00, 0x00, 0x00,
    0x00, 0x00, 0x00, 0x00, 0x81, 0x00, 0xa6, 0x00, 0xe9, 0x00, 0x0a, 0x00, 0xa9, 0x00, 0xc7, 0x00,
    0xe5, 0x00, 0x66, 0x00, 0xe7, 0x00, 0x08, 0x00, 0xe8, 0x00, 0xe5, 0x00, 0x26, 0x00, 0x26, 0x00,
    0x61, 0x00, 0xa5, 0x00, 0xe8, 0x00, 0x49, 0x00, 0xea, 0x00, 0xec, 0x00, 0xab, 0x00, 0x07, 0x00,
    0x86, 0x00, 0x4a, 0x00, 0xec, 0x00, 0xab, 0x00, 0x8b, 0x00, 0x8b, 0x00, 0xc9, 0x00, 0x68, 0x00,
    0x05, 0x00, 0x86, 0x00, 0x07, 0x00, 0x83, 0x00, 0x00, 0x00, 0x00, 0x00, 0x00, 0x00, 0x00, 0x00,
    0x00, 0x00, 0xa1, 0x00, 0x08, 0x00, 0x05, 0x00, 0x28, 0x00, 0xea, 0x00, 0x46, 0x00, 0x81, 0x00,
    0x00, 0x00, 0x00, 0x00, 0x00, 0x00, 0x00, 0x00, 0x00, 0x00, 0x00, 0x00, 0x00, 0x00, 0x00, 0x00,
    0x00, 0x00, 0x00, 0x00, 0x00, 0x00, 0x00, 0x00, 0x00, 0x00, 0x00, 0x00, 0x00, 0x00, 0x00, 0x00,
    0x00, 0x00, 0x84, 0x00, 0x4b, 0x00, 0x4b, 0x00, 0xaa, 0x00, 0x08, 0x00, 0xa7, 0x00, 0xa7, 0x00,
    0x08, 0x00, 0x48, 0x00, 0xa9, 0x00, 0x69, 0x00, 0xa7, 0x00, 0x46, 0x00, 0xc5, 0x00, 0xc5, 0x00,
    0x84, 0x00, 0xc5, 0x00, 0xe8, 0x00, 0xca, 0x00, 0x6b, 0x00, 0x6d, 0x00, 0x8d, 0x00, 0xab, 0x00,
    0xc6, 0x00, 0x48, 0x00, 0x8b, 0x00, 0x8b, 0x00, 0x8b, 0x00, 0xcc, 0x00, 0x4a, 0x00, 0x0c, 0x00,
    0xe7, 0x00, 0xc4, 0x00, 0x27, 0x00, 0xc9, 0x00, 0xe4, 0x00, 0x00, 0x00, 0x00, 0x00, 0x00, 0x00,
    0x00, 0x00, 0x00, 0x00, 0xc4, 0x00, 0xa7, 0x00, 0x49, 0x00, 0x02, 0x00, 0x00, 0x00, 0x00, 0x00,
    0x00, 0x00, 0x00, 0x00, 0x00, 0x00, 0x00, 0x00, 0x00, 0x00, 0x00, 0x00, 0x00, 0x00, 0x00, 0x00,
    0x00, 0x00, 0x00, 0x00, 0x00, 0x00, 0x00, 0x00, 0x00, 0x00, 0x00, 0x00, 0x00, 0x00, 0x00, 0x00,
    0x00, 0x00, 0x43, 0x00, 0x23, 0x00, 0x03, 0x00, 0xa5, 0x00, 0x67, 0x00, 0x69, 0x00, 0x2b, 0x00,
    0x4b, 0x00, 0xac, 0x00, 0x6c, 0x00, 0x8a, 0x00, 0xe8, 0x00, 0x49, 0x00, 0x09, 0x00, 0x26, 0x00,
    0x64, 0x00, 0xc5, 0x00, 0xc8, 0x00, 0x89, 0x00, 0x0a, 0x00, 0x8d, 0x00, 0x2c, 0x00, 0xcd, 0x00,
    0x29, 0x00, 0x86, 0x00, 0x0a, 0x00, 0x6a, 0x00, 0x09, 0x00, 0xc9, 0x00, 0xc9, 0x00, 0x4a, 0x00,
    0x65, 0x00, 0xe9, 0x00, 0x4c, 0x00, 0x2c, 0x00, 0x0c, 0x00, 0x65, 0x00, 0x00, 0x00, 0x00, 0x00,
    0x00, 0x00, 0x00, 0x00, 0x61, 0x00, 0xa7, 0x00, 0xa4, 0x00, 0x00, 0x00, 0x00, 0x00, 0x00, 0x00,
    0x00, 0x00, 0x00, 0x00, 0x00, 0x00, 0x00, 0x00, 0x00, 0x00, 0x00, 0x00, 0x00, 0x00, 0x00, 0x00,
    0x00, 0x00, 0x00, 0x00, 0x00, 0x00, 0x00, 0x00, 0x00, 0x00, 0x00, 0x00, 0x00, 0x00, 0x00, 0x00,
    0x00, 0x00, 0x00, 0x00, 0x03, 0x00, 0x05, 0x00, 0x49, 0x00, 0x4b, 0x00, 0x0d, 0x00, 0xcc, 0x00,
    0xed, 0x00, 0x2d, 0x00, 0x2b, 0x00, 0x0b, 0x00, 0x0b, 0x00, 0x49, 0x00, 0x87, 0x00, 0x27, 0x00,
    0xa5, 0x00, 0x44, 0x00, 0x87, 0x00, 0x29, 0x00, 0xa9, 0x00, 0x8b, 0x00, 0x0c, 0x00, 0xab, 0x00,
    0xc9, 0x00, 0xec, 0x00, 0xab, 0x00, 0x6d, 0x00, 0x4f, 0x00, 0x4c, 0x00, 0xe9, 0x00, 0x86, 0x00,
    0xe9, 0x00, 0x8d, 0x00, 0x4c, 0x00, 0x6d, 0x00, 0xab, 0x00, 0x0a, 0x00, 0x61, 0x00, 0x00, 0x00,
    0x00, 0x00, 0x43, 0x00, 0x00, 0x00, 0x26, 0x00, 0x43, 0x00, 0x00, 0x00, 0x00, 0x00, 0x00, 0x00,
    0x00, 0x00, 0x00, 0x00, 0x00, 0x00, 0x00, 0x00, 0x00, 0x00, 0x00, 0x00, 0x00, 0x00, 0x00, 0x00,
    0x00, 0x00, 0x00, 0x00, 0x00, 0x00, 0x00, 0x00, 0x00, 0x00, 0x00, 0x00, 0x00, 0x00, 0x00, 0x00,
    0x81, 0x00, 0xa7, 0x00, 0x49, 0x00, 0x0b, 0x00, 0x8c, 0x00, 0xed, 0x00, 0x6b, 0x00, 0xcc, 0x00,
    0x4e, 0x00, 0xac, 0x00, 0xaa, 0x00, 0x4b, 0x00, 0xed, 0x00, 0x2b, 0x00, 0x47, 0x00, 0x67, 0x00,
    0x06, 0x00, 0x03, 0x00, 0xe5, 0x00, 0xa8, 0x00, 0x69, 0x00, 0x2a, 0x00, 0x8d, 0x00, 0x8b, 0x00,
    0x68, 0x00, 0x07, 0x00, 0x0c, 0x00, 0x0c, 0x00, 0x2c, 0x00, 0xee, 0x00, 0x2c, 0x00, 0xab, 0x00,
    0x8d, 0x00, 0x8d, 0x00, 0x8d, 0x00, 0x6d, 0x00, 0xab, 0x00, 0xc9, 0x00, 0x81, 0x00, 0x00, 0x00,
    0x00, 0x00, 0xe7, 0x00, 0x07, 0x00, 0xe5, 0x00, 0xc5, 0x00, 0x00, 0x00, 0x00, 0x00, 0x00, 0x00,
    0x00, 0x00, 0x00, 0x00, 0x00, 0x00, 0x00, 0x00, 0x00, 0x00, 0x00, 0x00, 0x00, 0x00, 0x00, 0x00,
    0x00, 0x00, 0x00, 0x00, 0x00, 0x00, 0x00, 0x00, 0x00, 0x00, 0x00, 0x00, 0x00, 0x00, 0xc2, 0x00,
    0x69, 0x00, 0x49, 0x00, 0xea, 0x00, 0x2b, 0x00, 0xea, 0x00, 0x69, 0x00, 0x2b, 0x00, 0x6c, 0x00,
    0xaa, 0x00, 0x69, 0x00, 0x8a, 0x00, 0xe8, 0x00, 0x29, 0x00, 0x69, 0x00, 0x47, 0x00, 0x67, 0x00,
    0x67, 0x00, 0x64, 0x00, 0x84, 0x00, 0x67, 0x00, 0x08, 0x00, 0xa9, 0x00, 0xac, 0x00, 0x2c, 0x00,
    0x88, 0x00, 0x48, 0x00, 0x88, 0x00, 0x88, 0x00, 0xeb, 0x00, 0x0c, 0x00, 0xcb, 0x00, 0xab, 0x00,
    0xeb, 0x00, 0x8d, 0x00, 0x2c, 0x00, 0xcb, 0x00, 0x8b, 0x00, 0xa9, 0x00, 0xc2, 0x00, 0x00, 0x00,
    0x00, 0x00, 0x81, 0x00, 0x69, 0x00, 0x28, 0x00, 0x46, 0x00, 0x20, 0x00, 0x00, 0x00, 0x00, 0x00,
    0x00, 0x00, 0x00, 0x00, 0x00, 0x00, 0x00, 0x00, 0x00, 0x00, 0x00, 0x00, 0x00, 0x00, 0x00, 0x00,
    0x00, 0x00, 0x00, 0x00, 0x00, 0x00, 0x00, 0x00, 0x00, 0x00, 0x00, 0x00, 0x81, 0x00, 0xea, 0x00,
    0x69, 0x00, 0x08, 0x00, 0x6c, 0x00, 0x89, 0x00, 0x0b, 0x00, 0x0d, 0x00, 0x4b, 0x00, 0x69, 0x00,
    0xe9, 0x00, 0xc8, 0x00, 0xe8, 0x00, 0xc8, 0x00, 0xa8, 0x00, 0x4a, 0x00, 0xe9, 0x00, 0x87, 0x00,
    0x88, 0x00, 0x85, 0x00, 0xa5, 0x00, 0xc5, 0x00, 0xc8, 0x00, 0x49, 0x00, 0xa9, 0x00, 0xab, 0x00,
    0xa9, 0x00, 0x46, 0x00, 0xe5, 0x00, 0x0a, 0x00, 0x6b, 0x00, 0x0a, 0x00, 0xa9, 0x00, 0xc9, 0x00,
    0xe9, 0x00, 0x2a, 0x00, 0x0a, 0x00, 0x2a, 0x00, 0x89, 0x00, 0x28, 0x00, 0x23, 0x00, 0x00, 0x00,
    0x00, 0x00, 0x00, 0x00, 0x61, 0x00, 0x66, 0x00, 0xe7, 0x00, 0x43, 0x00, 0x00, 0x00, 0xe2, 0x00,
    0x61, 0x00, 0x00, 0x00, 0x00, 0x00, 0x00, 0x00, 0x00, 0x00, 0x00, 0x00, 0x00, 0x00, 0x00, 0x00,
    0x00, 0x00, 0x00, 0x00, 0x00, 0x00, 0x00, 0x00, 0x00, 0x00, 0x20, 0x00, 0xe8, 0x00, 0xc7, 0x00,
    0x46, 0x00, 0x2b, 0x00, 0x0b, 0x00, 0xca, 0x00, 0x0d, 0x00, 0x0b, 0x00, 0x29, 0x00, 0xc8, 0x00,
    0x67, 0x00, 0x47, 0x00, 0x27, 0x00, 0x67, 0x00, 0x67, 0x00, 0x47, 0x00, 0xc8, 0x00, 0x47, 0x00,
    0xc6, 0x00, 0x85, 0x00, 0x06, 0x00, 0x85, 0x00, 0x67, 0x00, 0xe8, 0x00, 0x89, 0x00, 0x0a, 0x00,
    0x0a, 0x00, 0x89, 0x00, 0x26, 0x00, 0x05, 0x00, 0x46, 0x00, 0x05, 0x00, 0xa4, 0x00, 0xc5, 0x00,
    0x66, 0x00, 0xa7, 0x00, 0xc7, 0x00, 0xe8, 0x00, 0xc8, 0x00, 0x28, 0x00, 0xa1, 0x00, 0x00, 0x00,
    0x00, 0x00, 0x00, 0x00, 0x00, 0x00, 0x20, 0x00, 0x05, 0x00, 0xc7, 0x00, 0x00, 0x00, 0x07, 0x00,
    0x43, 0x00, 0x00, 0x00, 0x00, 0x00, 0x00, 0x00, 0x00, 0x00, 0x00, 0x00, 0x00, 0x00, 0x00, 0x00,
    0x00, 0x00, 0x00, 0x00, 0x00, 0x00, 0x00, 0x00, 0x00, 0x00, 0xc2, 0x00, 0x64, 0x00, 0xe3, 0x00,
    0x09, 0x00, 0xca, 0x00, 0x49, 0x00, 0x8c, 0x00, 0xeb, 0x00, 0xa8, 0x00, 0xe9, 0x00, 0x67, 0x00,
    0x47, 0x00, 0x67, 0x00, 0xa8, 0x00, 0xc8, 0x00, 0x67, 0x00, 0x06, 0x00, 0x27, 0x00, 0x27, 0x00,
    0x03, 0x00, 0xa5, 0x00, 0x47, 0x00, 0x85, 0x00, 0xa5, 0x00, 0x67, 0x00, 0xc8, 0x00, 0x08, 0x00,
    0xca, 0x00, 0xea, 0x00, 0xe8, 0x00, 0xc8, 0x00, 0x67, 0x00, 0x06, 0x00, 0x67, 0x00, 0xa5, 0x00,
    0x23, 0x00, 0x06, 0x00, 0x67, 0x00, 0xa8, 0x00, 0xc8, 0x00, 0x64, 0x00, 0x00, 0x00, 0x00, 0x00,
    0x00, 0x00, 0x00, 0x00, 0x00, 0x00, 0x00, 0x00, 0x20, 0x00, 0xc7, 0x00, 0xe5, 0x00, 0x28, 0x00,
    0xc4, 0x00, 0x00, 0x00, 0x00, 0x00, 0x00, 0x00, 0x00, 0x00, 0x00, 0x00, 0x00, 0x00, 0x00, 0x00,
    0x00, 0x00, 0x00, 0x00, 0x00, 0x00, 0x00, 0x00, 0x00, 0x00, 0x00, 0x00, 0x00, 0x00, 0x26, 0x00,
    0x29, 0x00, 0xc8, 0x00, 0x49, 0x00, 0xaa, 0x00, 0x87, 0x00, 0xe9, 0x00, 0x67, 0x00, 0x06, 0x00,
    0x26, 0x00, 0x26, 0x00, 0x67, 0x00, 0x09, 0x00, 0xe8, 0x00, 0x27, 0x00, 0x06, 0x00, 0x44, 0x00,
    0x06, 0x00, 0x29, 0x00, 0xc8, 0x00, 0x26, 0x00, 0x44, 0x00, 0xa5, 0x00, 0x67, 0x00, 0x87, 0x00,
    0xe8, 0x00, 0x29, 0x00, 0x69, 0x00, 0x69, 0x00, 0x08, 0x00, 0xe8, 0x00, 0x46, 0x00, 0xe5, 0x00,
    0x86, 0x00, 0xc4, 0x00, 0x64, 0x00, 0xa2, 0x00, 0x61, 0x00, 0x00, 0x00, 0x00, 0x00, 0x00, 0x00,
    0x00, 0x00, 0x00, 0x00, 0x00, 0x00, 0x00, 0x00, 0x00, 0x00, 0x84, 0x00, 0xc9, 0x00, 0x48, 0x00,
    0x25, 0x00, 0x00, 0x00, 0x00, 0x00, 0x00, 0x00, 0x00, 0x00, 0x00, 0x00, 0x00, 0x00, 0x00, 0x00,
    0x00, 0x00, 0x00, 0x00, 0x00, 0x00, 0x00, 0x00, 0x00, 0x00, 0x00, 0x00, 0x03, 0x00, 0xc8, 0x00,
    0x29, 0x00, 0x87, 0x00, 0xeb, 0x00, 0x49, 0x00, 0xa8, 0x00, 0x47, 0x00, 0x06, 0x00, 0x84, 0x00,
    0x40, 0x00, 0x00, 0x00, 0x00, 0x00, 0x61, 0x00, 0x26, 0x00, 0xa8, 0x00, 0xa5, 0x00, 0x06, 0x00,
    0x29, 0x00, 0x29, 0x00, 0x8a, 0x00, 0x08, 0x00, 0xc5, 0x00, 0xe2, 0x00, 0x44, 0x00, 0x06, 0x00,
    0x67, 0x00, 0x87, 0x00, 0xc8, 0x00, 0xa7, 0x00, 0x46, 0x00, 0x05, 0x00, 0x66, 0x00, 0x68, 0x00,
    0xa9, 0x00, 0x68, 0x00, 0x86, 0x00, 0x81, 0x00, 0x00, 0x00, 0x00, 0x00, 0x00, 0x00, 0x00, 0x00,
    0x00, 0x00, 0x00, 0x00, 0x00, 0x00, 0x00, 0x00, 0x00, 0x00, 0x81, 0x00, 0xc9, 0x00, 0xa9, 0x00,
    0x66, 0x00, 0x00, 0x00, 0x00, 0x00, 0x00, 0x00, 0x00, 0x00, 0x00, 0x00, 0x00, 0x00, 0x00, 0x00,
    0x00, 0x00, 0x00, 0x00, 0x00, 0x00, 0x00, 0x00, 0x00, 0x00, 0x00, 0x00, 0x26, 0x00, 0xe9, 0x00,
    0xa8, 0x00, 0xe8, 0x00, 0x2b, 0x00, 0x49, 0x00, 0x27, 0x00, 0x27, 0x00, 0x26, 0x00, 0x00, 0x00,
    0x00, 0x00, 0x00, 0x00, 0x00, 0x00, 0x00, 0x00, 0x00, 0x00, 0xe6, 0x00, 0xe5, 0x00, 0x09, 0x00,
    0xaa, 0x00, 0x8c, 0x00, 0xed, 0x00, 0x0d, 0x00, 0x4b, 0x00, 0x08, 0x00, 0x64, 0x00, 0xe2, 0x00,
    0x43, 0x00, 0x64, 0x00, 0x64, 0x00, 0x05, 0x00, 0x66, 0x00, 0x28, 0x00, 0x0a, 0x00, 0x8b, 0x00,
    0xe9, 0x00, 0xc9, 0x00, 0x45, 0x00, 0xc6, 0x00, 0xc6, 0x00, 0xc2, 0x00, 0x00, 0x00, 0x00, 0x00,
    0x00, 0x00, 0x00, 0x00, 0x00, 0x00, 0x00, 0x00, 0x00, 0x00, 0x00, 0x00, 0xc9, 0x00, 0x2a, 0x00,
    0x25, 0x00, 0x00, 0x00, 0x00, 0x00, 0x00, 0x00, 0x00, 0x00, 0x00, 0x00, 0x00, 0x00, 0x00, 0x00,
    0x00, 0x00, 0x00, 0x00, 0x00, 0x00, 0x00, 0x00, 0x00, 0x00, 0x81, 0x00, 0xe9, 0x00, 0x47, 0x00,
    0x06, 0x00, 0x49, 0x00, 0x0b, 0x00, 0xc8, 0x00, 0x06, 0x00, 0x09, 0x00, 0x64, 0x00, 0x00, 0x00,
    0x00, 0x00, 0x00, 0x00, 0x00, 0x00, 0x00, 0x00, 0x00, 0x00, 0x81, 0x00, 0x87, 0x00, 0x6a, 0x00,
    0x4c, 0x00, 0xac, 0x00, 0x2d, 0x00, 0x8e, 0x00, 0x2d, 0x00, 0xec, 0x00, 0x2a, 0x00, 0xa4, 0x00,
    0xa4, 0x00, 0x43, 0x00, 0x05, 0x00, 0x07, 0x00, 0x07, 0x00, 0xe9, 0x00, 0xab, 0x00, 0xab, 0x00,
    0x6a, 0x00, 0xa9, 0x00, 0xa4, 0x00, 0xe7, 0x00, 0xe9, 0x00, 0xe9, 0x00, 0x02, 0x00, 0x00, 0x00,
    0x00, 0x00, 0x00, 0x00, 0x00, 0x00, 0x00, 0x00, 0x63, 0x00, 0xc1, 0x00, 0x27, 0x00, 0x4a, 0x00,
    0xa4, 0x00, 0x00, 0x00, 0x00, 0x00, 0x00, 0x00, 0x00, 0x00, 0x00, 0x00, 0x00, 0x00, 0x00, 0x00,
    0x00, 0x00, 0x00, 0x00, 0x00, 0x00, 0x00, 0x00, 0x00, 0x00, 0x03, 0x00, 0x2a, 0x00, 0x26, 0x00,
    0x88, 0x00, 0x09, 0x00, 0x2b, 0x00, 0xe8, 0x00, 0x67, 0x00, 0x2a, 0x00, 0x64, 0x00, 0x00, 0x00,
    0x00, 0x00, 0x00, 0x00, 0x00, 0x00, 0x00, 0x00, 0x00, 0x00, 0x03, 0x00, 0x09, 0x00, 0x8a, 0x00,
    0xeb, 0x00, 0x6c, 0x00, 0xcc, 0x00, 0x0c, 0x00, 0xae, 0x00, 0xce, 0x00, 0x0c, 0x00, 0xa9, 0x00,
    0x26, 0x00, 0x64, 0x00, 0xc7, 0x00, 0x88, 0x00, 0xe9, 0x00, 0xc9, 0x00, 0x8b, 0x00, 0xec, 0x00,
    0x2a, 0x00, 0x07, 0x00, 0x25, 0x00, 0x68, 0x00, 0xab, 0x00, 0x2c, 0x00, 0x68, 0x00, 0x20, 0x00,
    0x00, 0x00, 0x00, 0x00, 0x00, 0x00, 0x00, 0x00, 0xc4, 0x00, 0x07, 0x00, 0x07, 0x00, 0x8b, 0x00,
    0xe2, 0x00, 0x60, 0x00, 0x00, 0x00, 0x00, 0x00, 0x00, 0x00, 0x00, 0x00, 0x00, 0x00, 0x00, 0x00,
    0x00, 0x00, 0x00, 0x00, 0x00, 0x00, 0x00, 0x00, 0x00, 0x00, 0x64, 0x00, 0x09, 0x00, 0xe6, 0x00,
    0x09, 0x00, 0xa8, 0x00, 0xcb, 0x00, 0xe8, 0x00, 0x67, 0x00, 0x09, 0x00, 0x06, 0x00, 0x00, 0x00,
    0x00, 0x00, 0x00, 0x00, 0x00, 0x00, 0x00, 0x00, 0x00, 0x00, 0xe5, 0x00, 0xa8, 0x00, 0x49, 0x00,
    0xeb, 0x00, 0x8c, 0x00, 0x2d, 0x00, 0x2d, 0x00, 0xec, 0x00, 0x2d, 0x00, 0x8b, 0x00, 0x8b, 0x00,
    0xe7, 0x00, 0x84, 0x00, 0x48, 0x00, 0xa9, 0x00, 0x4a, 0x00, 0x4a, 0x00, 0xe9, 0x00, 0xc9, 0x00,
    0x68, 0x00, 0x27, 0x00, 0x66, 0x00, 0xe9, 0x00, 0x4a, 0x00, 0xeb, 0x00, 0x8b, 0x00, 0x22, 0x00,
    0x00, 0x00, 0x00, 0x00, 0x00, 0x00, 0x00, 0x00, 0x02, 0x00, 0x68, 0x00, 0x48, 0x00, 0x0a, 0x00,
    0x02, 0x00, 0xa7, 0x00, 0x00, 0x00, 0x00, 0x00, 0x00, 0x00, 0x00, 0x00, 0x00, 0x00, 0x00, 0x00,
    0x00, 0x00, 0x00, 0x00, 0x00, 0x00, 0x00, 0x00, 0x00, 0x00, 0x64, 0x00, 0xa8, 0x00, 0x23, 0x00,
    0x29, 0x00, 0x67, 0x00, 0x47, 0x00, 0x67, 0x00, 0xc8, 0x00, 0x09, 0x00, 0x29, 0x00, 0xa2, 0x00,
    0x00, 0x00, 0x00, 0x00, 0x00, 0x00, 0x00, 0x00, 0x40, 0x00, 0x26, 0x00, 0xa8, 0x00, 0x49, 0x00,
    0x8a, 0x00, 0x0b, 0x00, 0x8c, 0x00, 0xcc, 0x00, 0x6d, 0x00, 0x2d, 0x00, 0x2d, 0x00, 0xec, 0x00,
    0x69, 0x00, 0xa4, 0x00, 0x07, 0x00, 0xa9, 0x00, 0x88, 0x00, 0x2a, 0x00, 0x0a, 0x00, 0x28, 0x00,
    0x2a, 0x00, 0x86, 0x00, 0x07, 0x00, 0xe9, 0x00, 0x0a, 0x00, 0x09, 0x00, 0x8b, 0x00, 0xa4, 0x00,
    0x00, 0x00, 0x00, 0x00, 0x00, 0x00, 0x00, 0x00, 0xc1, 0x00, 0xe7, 0x00, 0xe9, 0x00, 0x88, 0x00,
    0x46, 0x00, 0x86, 0x00, 0x00, 0x00, 0x00, 0x00, 0x00, 0x00, 0x00, 0x00, 0x00, 0x00, 0x00, 0x00,
    0x00, 0x00, 0x00, 0x00, 0x00, 0x00, 0x00, 0x00, 0x00, 0x00, 0x44, 0x00, 0xe6, 0x00, 0xc2, 0x00,
    0x09, 0x00, 0xa8, 0x00, 0x26, 0x00, 0xa8, 0x00, 0x29, 0x00, 0x88, 0x00, 0x29, 0x00, 0x49, 0x00,
    0x81, 0x00, 0x00, 0x00, 0x61, 0x00, 0x81, 0x00, 0x20, 0x00, 0x06, 0x00, 0xc8, 0x00, 0x09, 0x00,
    0xe8, 0x00, 0xaa, 0x00, 0x0b, 0x00, 0x6c, 0x00, 0xed, 0x00, 0x2d, 0x00, 0x0c, 0x00, 0x6b, 0x00,
    0x69, 0x00, 0xe5, 0x00, 0xa6, 0x00, 0x68, 0x00, 0xa9, 0x00, 0xa9, 0x00, 0xc9, 0x00, 0xe9, 0x00,
    0x27, 0x00, 0x45, 0x00, 0x48, 0x00, 0xe9, 0x00, 0xe9, 0x00, 0xc9, 0x00, 0x0a, 0x00, 0x63, 0x00,
    0x00, 0x00, 0x00, 0x00, 0x00, 0x00, 0x00, 0x00, 0x81, 0x00, 0xa6, 0x00, 0x6b, 0x00, 0x48, 0x00,
    0xa7, 0x00, 0x02, 0x00, 0x00, 0x00, 0x00, 0x00, 0x00, 0x00, 0x00, 0x00, 0x00, 0x00, 0x00, 0x00,
    0x00, 0x00, 0x00, 0x00, 0x00, 0x00, 0x00, 0x00, 0x00, 0x00, 0xa2, 0x00, 0xa2, 0x00, 0x03, 0x00,
    0x88, 0x00, 0x88, 0x00, 0x67, 0x00, 0xe9, 0x00, 0xab, 0x00, 0x4a, 0x00, 0x67, 0x00, 0x09, 0x00,
    0x4a, 0x00, 0x64, 0x00, 0xe2, 0x00, 0x67, 0x00, 0xa5, 0x00, 0xc5, 0x00, 0xa8, 0x00, 0xc8, 0x00,
    0xc8, 0x00, 0x8a, 0x00, 0x2b, 0x00, 0x6c, 0x00, 0x0b, 0x00, 0x2b, 0x00, 0x4b, 0x00, 0xaa, 0x00,
    0xe8, 0x00, 0x05, 0x00, 0xe7, 0x00, 0xe7, 0x00, 0x89, 0x00, 0x68, 0x00, 0x68, 0x00, 0x28, 0x00,
    0xa4, 0x00, 0xc7, 0x00, 0x28, 0x00, 0x68, 0x00, 0x48, 0x00, 0xca, 0x00, 0xe7, 0x00, 0x40, 0x00,
    0x00, 0x00, 0x00, 0x00, 0x00, 0x00, 0x00, 0x00, 0x81, 0x00, 0xa8, 0x00, 0x2a, 0x00, 0x86, 0x00,
    0x25, 0x00, 0x00, 0x00, 0x00, 0x00, 0x00, 0x00, 0x00, 0x00, 0x00, 0x00, 0x00, 0x00, 0x00, 0x00,
    0x00, 0x00, 0x00, 0x00, 0x00, 0x00, 0x00, 0x00, 0x00, 0x00, 0x00, 0x00, 0x00, 0x00, 0xe3, 0x00,
    0x27, 0x00, 0x47, 0x00, 0x67, 0x00, 0xe9, 0x00, 0x2a, 0x00, 0xeb, 0x00, 0xcb, 0x00, 0xe9, 0x00,
    0x88, 0x00, 0xe8, 0x00, 0x87, 0x00, 0x47, 0x00, 0x06, 0x00, 0xa5, 0x00, 0x47, 0x00, 0xc8, 0x00,
    0xc8, 0x00, 0x49, 0x00, 0xaa, 0x00, 0xaa, 0x00, 0xca, 0x00, 0x69, 0x00, 0x8a, 0x00, 0x29, 0x00,
    0x87, 0x00, 0x05, 0x00, 0x28, 0x00, 0xe7, 0x00, 0xe7, 0x00, 0x28, 0x00, 0x07, 0x00, 0xc4, 0x00,
    0x46, 0x00, 0x28, 0x00, 0x28, 0x00, 0xe8, 0x00, 0x08, 0x00, 0xe7, 0x00, 0x81, 0x00, 0x00, 0x00,
    0x00, 0x00, 0x00, 0x00, 0x81, 0x00, 0x40, 0x00, 0xe4, 0x00, 0x0c, 0x00, 0x88, 0x00, 0xa7, 0x00,
    0xe2, 0x00, 0x00, 0x00, 0x00, 0x00, 0x00, 0x00, 0x00, 0x00, 0x00, 0x00, 0x00, 0x00, 0x00, 0x00,
    0x00, 0x00, 0x00, 0x00, 0x00, 0x00, 0x00, 0x00, 0x00, 0x00, 0x00, 0x00, 0x00, 0x00, 0x41, 0x00,
    0x47, 0x00, 0x06, 0x00, 0x88, 0x00, 0xc9, 0x00, 0x09, 0x00, 0xa8, 0x00, 0x09, 0x00, 0x09, 0x00,
    0x67, 0x00, 0x27, 0x00, 0x67, 0x00, 0x27, 0x00, 0x06, 0x00, 0x64, 0x00, 0x06, 0x00, 0xe9, 0x00,
    0xc8, 0x00, 0xc8, 0x00, 0x09, 0x00, 0xe8, 0x00, 0x29, 0x00, 0x29, 0x00, 0x09, 0x00, 0x09, 0x00,
    0xc5, 0x00, 0x25, 0x00, 0xc7, 0x00, 0x07, 0x00, 0xe7, 0x00, 0xc7, 0x00, 0xc4, 0x00, 0xe5, 0x00,
    0xc7, 0x00, 0xc7, 0x00, 0xe7, 0x00, 0xe7, 0x00, 0x46, 0x00, 0x81, 0x00, 0x00, 0x00, 0x00, 0x00,
    0x00, 0x00, 0x00, 0x00, 0x86, 0x00, 0xe4, 0x00, 0x8a, 0x00, 0x4a, 0x00, 0x48, 0x00, 0x43, 0x00,
    0x00, 0x00, 0x00, 0x00, 0x00, 0x00, 0x00, 0x00, 0x00, 0x00, 0x00, 0x00, 0x00, 0x00, 0x00, 0x00,
    0x00, 0x00, 0x00, 0x00, 0x00, 0x00, 0x00, 0x00, 0x00, 0x00, 0x00, 0x00, 0x00, 0x00, 0x00, 0x00,
    0xc5, 0x00, 0x47, 0x00, 0x27, 0x00, 0xc9, 0x00, 0x09, 0x00, 0xa8, 0x00, 0x47, 0x00, 0x68, 0x00,
    0xe9, 0x00, 0xa8, 0x00, 0xe9, 0x00, 0x68, 0x00, 0xc6, 0x00, 0x64, 0x00, 0x44, 0x00, 0x47, 0x00,
    0xc8, 0x00, 0xc8, 0x00, 0xc8, 0x00, 0xc8, 0x00, 0xe8, 0x00, 0xa8, 0x00, 0xe9, 0x00, 0x06, 0x00,
    0xa4, 0x00, 0x46, 0x00, 0xc7, 0x00, 0x48, 0x00, 0xe7, 0x00, 0x84, 0x00, 0x84, 0x00, 0x26, 0x00,
    0x66, 0x00, 0x46, 0x00, 0x05, 0x00, 0xe2, 0x00, 0x00, 0x00, 0x00, 0x00, 0x00, 0x00, 0x00, 0x00,
    0x00, 0x00, 0x86, 0x00, 0x48, 0x00, 0x6a, 0x00, 0xab, 0x00, 0x68, 0x00, 0x05, 0x00, 0x20, 0x00,
    0x00, 0x00, 0x00, 0x00, 0x00, 0x00, 0x00, 0x00, 0x00, 0x00, 0x00, 0x00, 0x00, 0x00, 0x00, 0x00,
    0x00, 0x00, 0x00, 0x00, 0x00, 0x00, 0x00, 0x00, 0x00, 0x00, 0x00, 0x00, 0x00, 0x00, 0x00, 0x00,
    0x81, 0x00, 0x88, 0x00, 0xa5, 0x00, 0x88, 0x00, 0xe9, 0x00, 0xa8, 0x00, 0x88, 0x00, 0x88, 0x00,
    0x4a, 0x00, 0xe9, 0x00, 0x47, 0x00, 0x47, 0x00, 0x47, 0x00, 0xe6, 0x00, 0x64, 0x00, 0x84, 0x00,
    0x88, 0x00, 0xc8, 0x00, 0xa8, 0x00, 0xa8, 0x00, 0x87, 0x00, 0x47, 0x00, 0xa5, 0x00, 0x63, 0x00,
    0x46, 0x00, 0xe7, 0x00, 0x28, 0x00, 0x25, 0x00, 0x43, 0x00, 0xc5, 0x00, 0x26, 0x00, 0x46, 0x00,
    0x26, 0x00, 0x05, 0x00, 0x66, 0x00, 0x83, 0x00, 0x83, 0x00, 0x83, 0x00, 0x22, 0x00, 0x61, 0x00,
    0x65, 0x00, 0x09, 0x00, 0xe9, 0x00, 0xab, 0x00, 0x68, 0x00, 0xe7, 0x00, 0x46, 0x00, 0xa2, 0x00,
    0x00, 0x00, 0x00, 0x00, 0x00, 0x00, 0x00, 0x00, 0x00, 0x00, 0x00, 0x00, 0x00, 0x00, 0x00, 0x00,
    0x00, 0x00, 0x00, 0x00, 0x00, 0x00, 0x00, 0x00, 0x00, 0x00, 0x00, 0x00, 0x00, 0x00, 0x00, 0x00,
    0x00, 0x00, 0x64, 0x00, 0x06, 0x00, 0x23, 0x00, 0xc9, 0x00, 0xe9, 0x00, 0x88, 0x00, 0x88, 0x00,
    0x88, 0x00, 0xc9, 0x00, 0x88, 0x00, 0x06, 0x00, 0xe6, 0x00, 0x27, 0x00, 0xc5, 0x00, 0xa5, 0x00,
    0x27, 0x00, 0x67, 0x00, 0x67, 0x00, 0x47, 0x00, 0x26, 0x00, 0xc5, 0x00, 0xe4, 0x00, 0x25, 0x00,
    0xc4, 0x00, 0x23, 0x00, 0xa1, 0x00, 0x20, 0x00, 0xc5, 0x00, 0x46, 0x00, 0x87, 0x00, 0xc7, 0x00,
    0xe7, 0x00, 0x28, 0x00, 0xa8, 0x00, 0xc9, 0x00, 0xe9, 0x00, 0x8b, 0x00, 0xab, 0x00, 0xa9, 0x00,
    0x88, 0x00, 0xe7, 0x00, 0x09, 0x00, 0x07, 0x00, 0xe7, 0x00, 0x87, 0x00, 0x23, 0x00, 0x00, 0x00,
    0x00, 0x00, 0x00, 0x00, 0x00, 0x00, 0x00, 0x00, 0x00, 0x00, 0x00, 0x00, 0x00, 0x00, 0x00, 0x00,
    0x00, 0x00, 0x00, 0x00, 0x00, 0x00, 0x00, 0x00, 0x00, 0x00, 0x00, 0x00, 0x00, 0x00, 0x00, 0x00,
    0x00, 0x00, 0x00, 0x00, 0x64, 0x00, 0x41, 0x00, 0x03, 0x00, 0x88, 0x00, 0x67, 0x00, 0xe6, 0x00,
    0x47, 0x00, 0x68, 0x00, 0x88, 0x00, 0x67, 0x00, 0xe6, 0x00, 0xc5, 0x00, 0x24, 0x00, 0xc5, 0x00,
    0x67, 0x00, 0x67, 0x00, 0x67, 0x00, 0x87, 0x00, 0x08, 0x00, 0xa9, 0x00, 0x4a, 0x00, 0xe9, 0x00,
    0x88, 0x00, 0x05, 0x00, 0x20, 0x00, 0x00, 0x00, 0xc5, 0x00, 0x66, 0x00, 0xc7, 0x00, 0x68, 0x00,
    0xa9, 0x00, 0xa8, 0x00, 0x88, 0x00, 0x4a, 0x00, 0x6a, 0x00, 0x48, 0x00, 0x6a, 0x00, 0xc8, 0x00,
    0x68, 0x00, 0xa6, 0x00, 0x87, 0x00, 0x46, 0x00, 0xa5, 0x00, 0xa1, 0x00, 0x00, 0x00, 0x00, 0x00,
    0x00, 0x00, 0x00, 0x00, 0x00, 0x00, 0x00, 0x00, 0x00, 0x00, 0x00, 0x00, 0x00, 0x00, 0x00, 0x00,
    0x00, 0x00, 0x00, 0x00, 0x00, 0x00, 0x00, 0x00, 0x00, 0x00, 0x00, 0x00, 0x00, 0x00, 0x00, 0x00,
    0x00, 0x00, 0x00, 0x00, 0x00, 0x00, 0x00, 0x00, 0x00, 0x00, 0xe3, 0x00, 0x67, 0x00, 0xe9, 0x00,
    0x67, 0x00, 0x47, 0x00, 0x47, 0x00, 0xa8, 0x00, 0x2a, 0x00, 0x2a, 0x00, 0x68, 0x00, 0x84, 0x00,
    0x87, 0x00, 0xa8, 0x00, 0x67, 0x00, 0xc7, 0x00, 0x69, 0x00, 0xc9, 0x00, 0xab, 0x00, 0xab, 0x00,
    0x68, 0x00, 0x4a, 0x00, 0x68, 0x00, 0x61, 0x00, 0x20, 0x00, 0x61, 0x00, 0x81, 0x00, 0xc2, 0x00,
    0xa4, 0x00, 0x07, 0x00, 0xa9, 0x00, 0x09, 0x00, 0x2a, 0x00, 0x68, 0x00, 0x86, 0x00, 0xc9, 0x00,
    0x45, 0x00, 0x86, 0x00, 0xe2, 0x00, 0x40, 0x00, 0x00, 0x00, 0x00, 0x00, 0x00, 0x00, 0x00, 0x00,
    0x00, 0x00, 0x00, 0x00, 0x00, 0x00, 0x00, 0x00, 0x00, 0x00, 0x00, 0x00, 0x00, 0x00, 0x00, 0x00,
    0x00, 0x00, 0x00, 0x00, 0x00, 0x00, 0x00, 0x00, 0x00, 0x00, 0x00, 0x00, 0x00, 0x00, 0x00, 0x00,
    0x00, 0x00, 0x00, 0x00, 0x00, 0x00, 0x00, 0x00, 0x00, 0x00, 0x00, 0x00, 0x61, 0x00, 0xa5, 0x00,
    0x88, 0x00, 0xc8, 0x00, 0x67, 0x00, 0xa5, 0x00, 0x44, 0x00, 0x84, 0x00, 0x23, 0x00, 0x41, 0x00,
    0x41, 0x00, 0x03, 0x00, 0x26, 0x00, 0xe8, 0x00, 0x48, 0x00, 0xcb, 0x00, 0xe7, 0x00, 0x4a, 0x00,
    0x2a, 0x00, 0xc7, 0x00, 0x2a, 0x00, 0xc4, 0x00, 0x00, 0x00, 0x00, 0x00, 0x00, 0x00, 0x00, 0x00,
    0x00, 0x00, 0x40, 0x00, 0x63, 0x00, 0x45, 0x00, 0x05, 0x00, 0x08, 0x00, 0xc4, 0x00, 0x63, 0x00,
    0x46, 0x00, 0x81, 0x00, 0x00, 0x00, 0x00, 0x00, 0x00, 0x00, 0x00, 0x00, 0x00, 0x00, 0x00, 0x00,
    0x00, 0x00, 0x00, 0x00, 0x00, 0x00, 0x00, 0x00, 0x00, 0x00, 0x00, 0x00, 0x00, 0x00, 0x00, 0x00,
    0x00, 0x00, 0x00, 0x00, 0x00, 0x00, 0x00, 0x00, 0x00, 0x00, 0x00, 0x00, 0x00, 0x00, 0x00, 0x00,
    0x00, 0x00, 0x00, 0x00, 0x00, 0x00, 0x00, 0x00, 0x00, 0x00, 0x00, 0x00, 0x00, 0x00, 0x00, 0x00,
    0x20, 0x00, 0x81, 0x00, 0xa2, 0x00, 0x41, 0x00, 0x00, 0x00, 0x00, 0x00, 0x00, 0x00, 0x00, 0x00,
    0x00, 0x00, 0x00, 0x00, 0xa1, 0x00, 0x05, 0x00, 0x08, 0x00, 0x68, 0x00, 0xc7, 0x00, 0x05, 0x00,
    0x07, 0x00, 0x46, 0x00, 0x43, 0x00, 0xc4, 0x00, 0x00, 0x00, 0x00, 0x00, 0x00, 0x00, 0x00, 0x00,
    0x00, 0x00, 0x00, 0x00, 0x00, 0x00, 0x00, 0x00, 0x00, 0x00, 0x61, 0x00, 0x61, 0x00, 0x00, 0x00,
    0x00, 0x00, 0x00, 0x00, 0x00, 0x00, 0x00, 0x00, 0x00, 0x00, 0x00, 0x00, 0x00, 0x00, 0x00, 0x00,
    0x00, 0x00, 0x00, 0x00, 0x00, 0x00, 0x00, 0x00, 0x00, 0x00, 0x00, 0x00, 0x00, 0x00, 0x00, 0x00,
    0x00, 0x00, 0x00, 0x00, 0x00, 0x00, 0x00, 0x00, 0x00, 0x00, 0x00, 0x00, 0x00, 0x00, 0x00, 0x00,
    0x00, 0x00, 0x00, 0x00, 0x00, 0x00, 0x00, 0x00, 0x00, 0x00, 0x00, 0x00, 0x00, 0x00, 0x00, 0x00,
    0x00, 0x00, 0x00, 0x00, 0x00, 0x00, 0x00, 0x00, 0x00, 0x00, 0x00, 0x00, 0x00, 0x00, 0x00, 0x00,
    0x00, 0x00, 0x00, 0x00, 0x00, 0x00, 0x20, 0x00, 0x23, 0x00, 0x23, 0x00, 0x25, 0x00, 0x61, 0x00,
    0xa1, 0x00, 0x63, 0x00, 0x00, 0x00, 0x40, 0x00, 0x00, 0x00, 0x00, 0x00, 0x00, 0x00, 0x00, 0x00,
    0x00, 0x00, 0x00, 0x00, 0x00, 0x00, 0x00, 0x00, 0x00, 0x00, 0x00, 0x00, 0x00, 0x00, 0x00, 0x00,
    0x00, 0x00, 0x00, 0x00, 0x00, 0x00, 0x00, 0x00, 0x00, 0x00, 0x00, 0x00, 0x00, 0x00, 0x00, 0x00,
    0x00, 0x00, 0x00, 0x00, 0x00, 0x00, 0x00, 0x00, 0x00, 0x00, 0x00, 0x00, 0x00, 0x00, 0x00, 0x00,
    0x00, 0x00, 0x00, 0x00, 0x00, 0x00, 0x00, 0x00, 0x00, 0x00, 0x00, 0x00, 0x00, 0x00, 0x00, 0x00,
    0x00, 0x00, 0x00, 0x00, 0x00, 0x00, 0x00, 0x00, 0x00, 0x00, 0x00, 0x00, 0x00, 0x00, 0x00, 0x00,
    0x00, 0x00, 0x00, 0x00, 0x00, 0x00, 0x00, 0x00, 0x00, 0x00, 0x00, 0x00, 0x00, 0x00, 0x00, 0x00,
    0x00, 0x00, 0x00, 0x00, 0x00, 0x00, 0x00, 0x00, 0x00, 0x00, 0x00, 0x00, 0x00, 0x00, 0x00, 0x00,
    0x00, 0x00, 0x00, 0x00, 0x00, 0x00, 0x00, 0x00, 0x00, 0x00, 0x00, 0x00, 0x00, 0x00, 0x00, 0x00,
    0x00, 0x00, 0x00, 0x00, 0x00, 0x00, 0x00, 0x00, 0x00, 0x00, 0x00, 0x00, 0x00, 0x00, 0x00, 0x00,
    0x00, 0x00, 0x00, 0x00, 0x00, 0x00, 0x00, 0x00, 0x00, 0x00, 0x00, 0x00, 0x00, 0x00, 0x00, 0x00,
    0x00, 0x00, 0x00, 0x00, 0x00, 0x00, 0x00, 0x00, 0x00, 0x00, 0x00, 0x00, 0x00, 0x00, 0x00, 0x00,
    0x00, 0x00, 0x00, 0x00, 0x00, 0x00, 0x00, 0x00, 0x00, 0x00, 0x00, 0x00, 0x00, 0x00, 0x00, 0x00,
    0x00, 0x00, 0x00, 0x00, 0x00, 0x00, 0x00, 0x00, 0x00, 0x00, 0x00, 0x00, 0x00, 0x00, 0x00, 0x00,
    0x00, 0x00, 0x00, 0x00, 0x00, 0x00, 0x00, 0x00, 0x00, 0x00, 0x00, 0x00, 0x00, 0x00, 0x00, 0x00,
    0x00, 0x00, 0x00, 0x00, 0x00, 0x00, 0x00, 0x00, 0x00, 0x00, 0x00, 0x00, 0x00, 0x00, 0x00, 0x00,
    0x00, 0x00, 0x00, 0x00, 0x00, 0x00, 0x00, 0x00, 0x00, 0x00, 0x00, 0x00, 0x00, 0x00, 0x00, 0x00,
    0x00, 0x00, 0x00, 0x00, 0x00, 0x00, 0x00, 0x00, 0x00, 0x00, 0x00, 0x00, 0x00, 0x00, 0x00, 0x00,
    0x00, 0x00, 0x00, 0x00, 0x00, 0x00, 0x00, 0x00, 0x00, 0x00, 0x00, 0x00, 0x00, 0x00, 0x00, 0x00,
    0x00, 0x00, 0x00, 0x00, 0x00, 0x00, 0x00, 0x00, 0x00, 0x00, 0x00, 0x00, 0x00, 0x00, 0x00, 0x00,
    0x00, 0x00, 0x00, 0x00, 0x00, 0x00, 0x00, 0x00, 0x00, 0x00, 0x00, 0x00, 0x00, 0x00, 0x00, 0x00,
    0x00, 0x00, 0x00, 0x00, 0x00, 0x00, 0x00, 0x00, 0x00, 0x00, 0x00, 0x00, 0x00, 0x00, 0x00, 0x00,
    0x4f, 0xd1, 0x00, 0x00, 0x02, 0x01, 0x00, 0x00, 0x00, 0x00, 0x00, 0x00, 0x00, 0x00, 0x00, 0x00,
    0x00, 0x00, 0x00, 0x00, 0x00, 0x00, 0x00, 0x00, 0x00, 0x00, 0x00, 0x00, 0x00, 0x00, 0x00, 0x00,
    0x00, 0x00, 0x00, 0x00, 0x00, 0x00, 0x00, 0x00, 0x00, 0x00, 0x00, 0x51, 0x26, 0x00, 0x00, 0x00,
    0x00, 0x00, 0x00, 0x00, 0x00, 0x00, 0x00, 0x00, 0x00, 0x00, 0x00, 0x00, 0x00, 0x00, 0x00, 0x00,
    0x66, 0xff, 0x4f, 0x00, 0x4c, 0x2f, 0x00, 0x00, 0x00, 0x00, 0x00, 0x00, 0x00, 0x00, 0x00, 0x00,
    0x00, 0x00, 0x00, 0x00, 0x00, 0x00, 0x00, 0x00, 0x00, 0x00, 0x00, 0x00, 0x00, 0x00, 0x00, 0x00,
    0x00, 0x00, 0x00, 0x00, 0x00, 0x00, 0x00, 0x00, 0x00, 0x00, 0x00, 0xf5, 0x5c, 0x00, 0x00, 0x00,
    0x04, 0x0a, 0x00, 0x00, 0x00, 0x00, 0x00, 0x00, 0x00, 0x00, 0x00, 0x00, 0x02, 0x00, 0x00, 0x00,
    0x27, 0xff, 0xff, 0x3a, 0x66, 0x80, 0x00, 0x00, 0x00, 0x00, 0x00, 0x00, 0x00, 0x00, 0x00, 0x00,
    0x00, 0x00, 0x00, 0x00, 0x00, 0x00, 0x00, 0x00, 0x00, 0x00, 0x00, 0x00, 0x00, 0x00, 0x00, 0x00,
    0x00, 0x00, 0x00, 0x00, 0x00, 0x00, 0x00, 0x00, 0x00, 0x00, 0x01, 0xe0, 0xda, 0x01, 0x00, 0x00,
    0x5c, 0x47, 0x00, 0x00, 0x00, 0x00, 0x00, 0x00, 0x00, 0x00, 0x00, 0x05, 0xc8, 0x05, 0x00, 0x00,
    0x00, 0x94, 0xff, 0xff, 0xef, 0xe0, 0x01, 0x00, 0x00, 0x00, 0x07, 0x01, 0x00, 0x00, 0x00, 0x00,
    0x00, 0x00, 0x00, 0x00, 0x00, 0x00, 0x00, 0x00, 0x00, 0x00, 0x00, 0x00, 0x00, 0x00, 0x00, 0x00,
    0x00, 0x00, 0x00, 0x00, 0x00, 0x00, 0x00, 0x00, 0x00, 0x00, 0x00, 0x92, 0xff, 0x95, 0x04, 0x00,
    0xb2, 0x55, 0x00, 0x00, 0x18, 0x06, 0x00, 0x00, 0x00, 0x00, 0x00, 0x32, 0xff, 0x9a, 0x03, 0x00,
    0x00, 0x02, 0x88, 0xff, 0xf7, 0xff, 0x6f, 0x00, 0x00, 0x00, 0x78, 0x4b, 0x00, 0x00, 0x00, 0x00,
    0x00, 0x00, 0x00, 0x00, 0x00, 0x00, 0x00, 0x00, 0x00, 0x00, 0x00, 0x00, 0x00, 0x00, 0x00, 0x00,
    0x00, 0x00, 0x00, 0x00, 0x00, 0x00, 0x00, 0x00, 0x00, 0x00, 0x00, 0x16, 0xff, 0xff, 0xd9, 0x44,
    0xda, 0xaa, 0x00, 0x00, 0xc7, 0x1c, 0x00, 0x00, 0x00, 0x00, 0x00, 0x30, 0xff, 0xff, 0xd5, 0x38,
    0x01, 0x00, 0x05, 0x4c, 0xff, 0xf5, 0xff, 0x3e, 0x00, 0x00, 0xc1, 0xa5, 0x00, 0x00, 0x00, 0x00,
    0x00, 0x00, 0x00, 0x00, 0x00, 0x00, 0x00, 0x00, 0x00, 0x00, 0x00, 0x00, 0x00, 0x00, 0x00, 0x00,
    0x00, 0x00, 0x00, 0x00, 0x00, 0x00, 0x00, 0x00, 0x00, 0x00, 0x00, 0x00, 0x38, 0xff, 0xff, 0xff,
    0xff, 0xfd, 0x24, 0x00, 0xe4, 0x8b, 0x00, 0x00, 0x00, 0x00, 0x3d, 0x3c, 0xf1, 0xf7, 0xff, 0xff,
    0xba, 0x0f, 0xbc, 0x37, 0x6c, 0xfd, 0xf5, 0xfd, 0x04, 0x17, 0xff, 0x95, 0x00, 0x00, 0x00, 0x00,
    0x00, 0x00, 0x00, 0x00, 0x00, 0x00, 0x00, 0x00, 0x00, 0x00, 0x00, 0x00, 0x00, 0x00, 0x00, 0x00,
    0x00, 0x00, 0x00, 0x00, 0x00, 0x00, 0x00, 0x00, 0x00, 0x00, 0x00, 0x00, 0x00, 0x26, 0xda, 0xf5,
    0xfb, 0xf9, 0xff, 0x4f, 0x9e, 0xff, 0x66, 0x02, 0x00, 0x00, 0xa0, 0xeb, 0xeb, 0xff, 0xfd, 0xf5,
    0xff, 0xe2, 0xdc, 0xff, 0xa0, 0xf5, 0xfb, 0xff, 0xc1, 0xe2, 0xff, 0x3d, 0x00, 0x00, 0x00, 0x00,
    0x00, 0x00, 0x00, 0x00, 0x00, 0x00, 0x00, 0x00, 0x00, 0x00, 0x00, 0x00, 0x00, 0x00, 0x00, 0x00,
    0x00, 0x00, 0x00, 0x00, 0x00, 0x00, 0x00, 0x00, 0x00, 0x00, 0x01, 0x00, 0x00, 0x00, 0x14, 0xe6,
    0xfb, 0xff, 0xff, 0xff, 0xf7, 0xfb, 0xff, 0xda, 0x61, 0x20, 0x66, 0xff, 0xfb, 0xff, 0xff, 0xff,
    0xfb, 0xff, 0xff, 0xfb, 0xff, 0xff, 0xff, 0xfd, 0xff, 0xff, 0xda, 0x02, 0x00, 0x00, 0x00, 0x00,
    0x00, 0x00, 0x00, 0x00, 0x00, 0x00, 0x00, 0x00, 0x00, 0x00, 0x00, 0x00, 0x00, 0x00, 0x00, 0x00,
    0x00, 0x00, 0x00, 0x00, 0x00, 0x00, 0x00, 0x00, 0x00, 0x00, 0x2b, 0xe0, 0x8c, 0x94, 0xd1, 0xff,
    0xff, 0xb4, 0xc5, 0xff, 0xff, 0xfd, 0xf9, 0xff, 0xff, 0xff, 0xff, 0xfd, 0xff, 0xff, 0xff, 0xff,
    0xff, 0xfd, 0xfd, 0xff, 0xfd, 0xff, 0xff, 0xff, 0xf5, 0xff, 0x33, 0x00, 0x00, 0x00, 0x00, 0x00,
    0x00, 0x00, 0x00, 0x00, 0x00, 0x00, 0x00, 0x00, 0x00, 0x00, 0x00, 0x00, 0x00, 0x00, 0x00, 0x00,
    0x00, 0x00, 0x00, 0x00, 0x00, 0x00, 0x00, 0x00, 0x00, 0x00, 0x00, 0x59, 0xff, 0xff, 0xff, 0x98,
    0x10, 0x00, 0x00, 0x14, 0x7f, 0xff, 0xff, 0xfb, 0xf7, 0xf9, 0xff, 0xff, 0xff, 0xff, 0xff, 0xff,
    0xff, 0xff, 0xff, 0xff, 0xff, 0xff, 0xff, 0xfd, 0xff, 0xde, 0x01, 0x01, 0x00, 0x00, 0x00, 0x00,
    0x00, 0x00, 0x00, 0x00, 0x00, 0x00, 0x00, 0x00, 0x00, 0x00, 0x00, 0x00, 0x00, 0x00, 0x00, 0x00,
    0x00, 0x00, 0x00, 0x00, 0x00, 0x00, 0x00, 0x00, 0x00, 0x00, 0x00, 0x00, 0x07, 0x29, 0x18, 0x00,
    0x00, 0x00, 0x00, 0x00, 0x00, 0x17, 0xe2, 0xfb, 0xfd, 0xff, 0xff, 0xff, 0xff, 0xff, 0xff, 0xff,
    0xff, 0xff, 0xff, 0xff, 0xff, 0xff, 0xff, 0xfd, 0xff, 0xc8, 0x50, 0xa0, 0x00, 0x00, 0x00, 0x00,
    0x00, 0x00, 0x00, 0x00, 0x00, 0x00, 0x00, 0x00, 0x00, 0x00, 0x00, 0x00, 0x00, 0x00, 0x00, 0x00,
    0x00, 0x00, 0x00, 0x00, 0x00, 0x00, 0x00, 0x00, 0x00, 0x00, 0x00, 0x00, 0x00, 0x00, 0x00, 0x01,
    0x29, 0x08, 0x00, 0x00, 0x08, 0x35, 0xd9, 0xfd, 0xfd, 0xff, 0xff, 0xff, 0xff, 0xff, 0xff, 0xff,
    0xff, 0xff, 0xff, 0xff, 0xff, 0xff, 0xff, 0xff, 0xff, 0xfd, 0xff, 0xf7, 0x03, 0x00, 0x00, 0x00,
    0x00, 0x00, 0x00, 0x00, 0x00, 0x00, 0x00, 0x00, 0x00, 0x00, 0x00, 0x00, 0x00, 0x00, 0x00, 0x00,
    0x00, 0x00, 0x00, 0x00, 0x00, 0x00, 0x00, 0x00, 0x00, 0x00, 0x00, 0x00, 0x00, 0x00, 0x00, 0x00,
    0xa3, 0xff, 0xb9, 0xb0, 0xfb, 0xff, 0xff, 0xff, 0xff, 0xff, 0xff, 0xff, 0xff, 0xff, 0xff, 0xff,
    0xff, 0xff, 0xff, 0xff, 0xff, 0xff, 0xff, 0xff, 0xff, 0xfd, 0xfd, 0xf9, 0x06, 0x00, 0x00, 0x00,
    0x00, 0x00, 0x00, 0x00, 0x00, 0x00, 0x00, 0x00, 0x00, 0x00, 0x00, 0x00, 0x00, 0x00, 0x00, 0x00,
    0x00, 0x00, 0x00, 0x00, 0x00, 0x00, 0x00, 0x00, 0x00, 0x00, 0x00, 0x00, 0x00, 0x00, 0x00, 0x00,
    0x01, 0x9b, 0xff, 0xff, 0xff, 0xf7, 0xfd, 0xff, 0xff, 0xff, 0xff, 0xff, 0xff, 0xff, 0xff, 0xff,
    0xff, 0xff, 0xff, 0xff, 0xff, 0xff, 0xff, 0xff, 0xff, 0xfd, 0xff, 0xe9, 0x01, 0x00, 0x00, 0x00,
    0x00, 0x00, 0x00, 0x00, 0x00, 0x00, 0x00, 0x00, 0x00, 0x00, 0x00, 0x00, 0x00, 0x00, 0x00, 0x00,
    0x00, 0x00, 0x00, 0x00, 0x00, 0x00, 0x00, 0x00, 0x00, 0x00, 0x00, 0x00, 0x00, 0x00, 0x00, 0x00,
    0x00, 0x01, 0x6f, 0xfb, 0xf9, 0xff, 0xff, 0xff, 0xff, 0xff, 0xff, 0xff, 0xff, 0xff, 0xff, 0xff,
    0xff, 0xff, 0xff, 0xff, 0xff, 0xff, 0xff, 0xff, 0xff, 0xff, 0xf9, 0xfd, 0x23, 0x00, 0x00, 0x00,
    0x00, 0x00, 0x00, 0x00, 0x00, 0x00, 0x00, 0x00, 0x00, 0x00, 0x00, 0x00, 0x00, 0x00, 0x00, 0x00,
    0x00, 0x00, 0x00, 0x00, 0x00, 0x00, 0x00, 0x00, 0x00, 0x00, 0x00, 0x00, 0x00, 0x00, 0x00, 0x00,
    0x00, 0x00, 0x00, 0x7e, 0xfd, 0xf9, 0xff, 0xff, 0xff, 0xff, 0xff, 0xff, 0xff, 0xff, 0xff, 0xff,
    0xff, 0xff, 0xff, 0xff, 0xff, 0xff, 0xff, 0xff, 0xff, 0xff, 0xf9, 0xff, 0x9e, 0x00, 0x00, 0x00,
    0x00, 0x00, 0x00, 0x00, 0x00, 0x00, 0x00, 0x00, 0x00, 0x00, 0x00, 0x00, 0x00, 0x00, 0x00, 0x00,
    0x00, 0x00, 0x00, 0x00, 0x00, 0x00, 0x00, 0x00, 0x00, 0x00, 0x00, 0x00, 0x00, 0x00, 0x00, 0x00,
    0x0d, 0x4e, 0xb5, 0xed, 0xfd, 0xff, 0xff, 0xff, 0xff, 0xff, 0xff, 0xff, 0xff, 0xff, 0xff, 0xff,
    0xff, 0xff, 0xff, 0xff, 0xff, 0xff, 0xff, 0xff, 0xff, 0xff, 0xfb, 0xff, 0xb2, 0x00, 0x00, 0x00,
    0x00, 0x00, 0x00, 0x00, 0x00, 0x00, 0x00, 0x00, 0x00, 0x00, 0x00, 0x00, 0x00, 0x00, 0x00, 0x00,
    0x00, 0x00, 0x00, 0x00, 0x00, 0x00, 0x00, 0x00, 0x00, 0x00, 0x00, 0x00, 0x00, 0x12, 0x6d, 0xaa,
    0xff, 0xff, 0xff, 0xff, 0xff, 0xff, 0xff, 0xff, 0xff, 0xff, 0xff, 0xff, 0xff, 0xff, 0xff, 0xff,
    0xff, 0xff, 0xff, 0xff, 0xff, 0xff, 0xff, 0xff, 0xff, 0xff, 0xf7, 0xff, 0x51, 0x00, 0x00, 0x00,
    0x00, 0x00, 0x00, 0x00, 0x00, 0x00, 0x00, 0x00, 0x00, 0x00, 0x00, 0x00, 0x00, 0x00, 0x00, 0x00,
    0x00, 0x00, 0x00, 0x00, 0x00, 0x00, 0x00, 0x00, 0x00, 0x00, 0x00, 0x00, 0x00, 0x0c, 0xd1, 0xff,
    0xff, 0xff, 0xff, 0xff, 0xff, 0xff, 0xff, 0xff, 0xff, 0xff, 0xff, 0xff, 0xff, 0xff, 0xff, 0xff,
    0xff, 0xff, 0xff, 0xff, 0xff, 0xff, 0xff, 0xff, 0xff, 0xff, 0xf9, 0xfd, 0x85, 0x01, 0x00, 0x00,
    0x00, 0x00, 0x00, 0x00, 0x00, 0x00, 0x00, 0x00, 0x00, 0x00, 0x00, 0x00, 0x00, 0x00, 0x00, 0x00,
    0x00, 0x00, 0x00, 0x00, 0x00, 0x00, 0x00, 0x00, 0x00, 0x00, 0x00, 0x00, 0x00, 0x00, 0x00, 0x2a,
    0x88, 0xd3, 0xeb, 0xfd, 0xff, 0xff, 0xff, 0xff, 0xff, 0xff, 0xff, 0xff, 0xff, 0xff, 0xff, 0xff,
    0xff, 0xff, 0xff, 0xff, 0xff, 0xff, 0xff, 0xff, 0xff, 0xff, 0xff, 0xfb, 0xff, 0xad, 0x03, 0x00,
    0x00, 0x00, 0x00, 0x00, 0x00, 0x00, 0x00, 0x00, 0x00, 0x00, 0x00, 0x00, 0x00, 0x00, 0x00, 0x00,
    0x00, 0x00, 0x00, 0x00, 0x00, 0x00, 0x00, 0x00, 0x00, 0x00, 0x00, 0x00, 0x00, 0x00, 0x00, 0x00,
    0x00, 0x00, 0x1b, 0xf5, 0xfb, 0xff, 0xff, 0xff, 0xff, 0xff, 0xff, 0xff, 0xff, 0xff, 0xff, 0xff,
    0xff, 0xff, 0xff, 0xff, 0xff, 0xff, 0xff, 0xff, 0xff, 0xff, 0xff, 0xff, 0xf3, 0xff, 0x4c, 0x00,
    0x00, 0x00, 0x00, 0x00, 0x00, 0x00, 0x00, 0x00, 0x00, 0x00, 0x00, 0x00, 0x00, 0x00, 0x00, 0x00,
    0x00, 0x00, 0x00, 0x00, 0x00, 0x00, 0x00, 0x00, 0x00, 0x00, 0x00, 0x00, 0x00, 0x00, 0x00, 0x00,
    0x00, 0x0a, 0xc3, 0xfd, 0xfb, 0xff, 0xff, 0xff, 0xff, 0xff, 0xff, 0xff, 0xff, 0xff, 0xff, 0xff,
    0xff, 0xff, 0xff, 0xff, 0xff, 0xff, 0xff, 0xff, 0xff, 0xff, 0xff, 0xff, 0xf7, 0xf7, 0x56, 0x00,
    0x00, 0x00, 0x00, 0x00, 0x00, 0x00, 0x00, 0x00, 0x00, 0x00, 0x00, 0x00, 0x00, 0x00, 0x00, 0x00,
    0x00, 0x00, 0x00, 0x00, 0x00, 0x00, 0x00, 0x00, 0x00, 0x00, 0x00, 0x00, 0x00, 0x00, 0x00, 0x01,
    0x2a, 0xe4, 0xff, 0xfb, 0xff, 0xff, 0xff, 0xff, 0xff, 0xff, 0xff, 0xff, 0xff, 0xff, 0xff, 0xff,
    0xff, 0xff, 0xff, 0xff, 0xff, 0xff, 0xff, 0xff, 0xff, 0xff, 0xff, 0xff, 0xf9, 0xff, 0x17, 0x00,
    0x00, 0x00, 0x00, 0x00, 0x00, 0x00, 0x00, 0x00, 0x00, 0x00, 0x00, 0x00, 0x00, 0x00, 0x00, 0x00,
    0x00, 0x00, 0x00, 0x00, 0x00, 0x00, 0x00, 0x00, 0x00, 0x00, 0x00, 0x00, 0x00, 0x00, 0x00, 0x24,
    0xff, 0xff, 0xff, 0xff, 0xfb, 0xff, 0xff, 0xff, 0xff, 0xff, 0xff, 0xff, 0xff, 0xff, 0xff, 0xff,
    0xff, 0xff, 0xff, 0xff, 0xff, 0xff, 0xff, 0xff, 0xff, 0xff, 0xff, 0xf7, 0xff, 0x79, 0x00, 0x00,
    0x00, 0x00, 0x00, 0x00, 0x00, 0x00, 0x00, 0x00, 0x0b, 0x00, 0x00, 0x00, 0x00, 0x00, 0x00, 0x00,
    0x00, 0x00, 0x00, 0x00, 0x00, 0x00, 0x00, 0x00, 0x00, 0x00, 0x00, 0x00, 0x00, 0x00, 0x00, 0x00,
    0x0f, 0x2f, 0x26, 0x1f, 0xf1, 0xfd, 0xff, 0xff, 0xff, 0xff, 0xff, 0xff, 0xff, 0xff, 0xff, 0xff,
    0xff, 0xff, 0xff, 0xff, 0xff, 0xff, 0xff, 0xff, 0xff, 0xff, 0xfb, 0xfd, 0xf3, 0x04, 0x00, 0x00,
    0x00, 0x00, 0x00, 0x00, 0x00, 0x00, 0x00, 0x08, 0xd5, 0x01, 0x00, 0x00, 0x00, 0x00, 0x00, 0x00,
    0x00, 0x00, 0x00, 0x00, 0x00, 0x00, 0x00, 0x00, 0x00, 0x00, 0x00, 0x00, 0x00, 0x00, 0x00, 0x00,
    0x00, 0x00, 0x00, 0x2b, 0xff, 0xf1, 0xff, 0xff, 0xff, 0xff, 0xff, 0xff, 0xff, 0xff, 0xff, 0xff,
    0xff, 0xff, 0xff, 0xff, 0xff, 0xff, 0xff, 0xff, 0xff, 0xfd, 0xff, 0xfd, 0x1e, 0x00, 0x00, 0x00,
    0x00, 0x00, 0x00, 0x00, 0x00, 0x00, 0x01, 0x9a, 0xff, 0x09, 0x00, 0x00, 0x00, 0x00, 0x00, 0x00,
    0x00, 0x00, 0x00, 0x00, 0x00, 0x00, 0x00, 0x00, 0x00, 0x00, 0x00, 0x00, 0x00, 0x00, 0x00, 0x00,
    0x00, 0x00, 0x00, 0x64, 0xf9, 0xff, 0xff, 0xff, 0xff, 0xff, 0xff, 0xff, 0xff, 0xff, 0xff, 0xff,
    0xff, 0xff, 0xff, 0xff, 0xff, 0xff, 0xff, 0xff, 0xfd, 0xfb, 0xda, 0x14, 0x00, 0x00, 0x00, 0x00,
    0x00, 0x00, 0x00, 0x00, 0x00, 0x20, 0xb7, 0xff, 0xfd, 0x19, 0x00, 0x00, 0x00, 0x00, 0x00, 0x00,
    0x00, 0x00, 0x00, 0x00, 0x00, 0x00, 0x00, 0x00, 0x00, 0x00, 0x00, 0x00, 0x00, 0x00, 0x00, 0x00,
    0x00, 0x00, 0x00, 0x47, 0xff, 0x6b, 0xf5, 0xff, 0xfd, 0xff, 0xff, 0xff, 0xff, 0xff, 0xff, 0xff,
    0xff, 0xff, 0xff, 0xff, 0xff, 0xff, 0xff, 0xff, 0xfb, 0xfd, 0x14, 0x00, 0x00, 0x00, 0x00, 0x00,
    0x00, 0x00, 0x00, 0x24, 0xb7, 0xff, 0xff, 0xf3, 0xfd, 0x20, 0x00, 0x00, 0x00, 0x00, 0x00, 0x00,
    0x00, 0x00, 0x00, 0x00, 0x00, 0x00, 0x00, 0x00, 0x00, 0x00, 0x00, 0x00, 0x00, 0x00, 0x00, 0x00,
    0x00, 0x00, 0x00, 0x09, 0x3a, 0x00, 0xa0, 0xfb, 0xfd, 0xff, 0xff, 0xff, 0xff, 0xff, 0xff, 0xff,
    0xff, 0xff, 0xff, 0xff, 0xff, 0xff, 0xff, 0xf9, 0xfb, 0xb5, 0x00, 0x00, 0x00, 0x00, 0x00, 0x00,
    0x00, 0x00, 0x3f, 0xff, 0xff, 0xf9, 0xfb, 0xfb, 0xff, 0x0b, 0x00, 0x00, 0x00, 0x00, 0x00, 0x00,
    0x00, 0x00, 0x00, 0x00, 0x00, 0x00, 0x00, 0x00, 0x00, 0x00, 0x00, 0x00, 0x00, 0x00, 0x00, 0x00,
    0x00, 0x00, 0x00, 0x00, 0x00, 0x00, 0x22, 0xff, 0xe6, 0xff, 0xff, 0xff, 0xff, 0xff, 0xff, 0xff,
    0xff, 0xff, 0xff, 0xff, 0xff, 0xff, 0xff, 0xfb, 0xff, 0x39, 0x00, 0x00, 0x00, 0x00, 0x00, 0x00,
    0x00, 0x07, 0xff, 0xf9, 0xf9, 0xff, 0xf9, 0xff, 0xad, 0x00, 0x00, 0x00, 0x00, 0x00, 0x00, 0x00,
    0x00, 0x00, 0x00, 0x00, 0x00, 0x00, 0x00, 0x00, 0x00, 0x00, 0x00, 0x00, 0x00, 0x00, 0x02, 0x15,
    0x0f, 0x05, 0x00, 0x00, 0x00, 0x00, 0x01, 0x5d, 0x3e, 0xff, 0xf9, 0xff, 0xff, 0xff, 0xff, 0xff,
    0xff, 0xff, 0xff, 0xff, 0xff, 0xff, 0xfb, 0xf5, 0x75, 0x00, 0x00, 0x00, 0x00, 0x00, 0x00, 0x00,
    0x00, 0x3e, 0xff, 0xf7, 0xff, 0xfd, 0xfd, 0xff, 0x13, 0x00, 0x00, 0x00, 0x00, 0x00, 0x00, 0x00,
    0x00, 0x00, 0x00, 0x00, 0x00, 0x00, 0x00, 0x00, 0x00, 0x00, 0x00, 0x00, 0x00, 0x00, 0x03, 0xc1,
    0xff, 0xef, 0xa3, 0x2d, 0x00, 0x00, 0x00, 0x00, 0x09, 0xfd, 0xfd, 0xff, 0xff, 0xff, 0xff, 0xff,
    0xff, 0xff, 0xff, 0xff, 0xff, 0xfd, 0xfd, 0xcc, 0x26, 0x01, 0x00, 0x00, 0x00, 0x00, 0x00, 0x00,
    0x00, 0x6b, 0xff, 0xf7, 0xff, 0xfb, 0xf1, 0x26, 0x00, 0x00, 0x00, 0x00, 0x00, 0x00, 0x00, 0x00,
    0x00, 0x00, 0x00, 0x00, 0x00, 0x00, 0x00, 0x00, 0x00, 0x00, 0x00, 0x00, 0x02, 0x09, 0x07, 0x07,
    0x83, 0xff, 0xff, 0xff, 0x9e, 0x42, 0xbc, 0x14, 0x00, 0xd9, 0xff, 0xfd, 0xff, 0xff, 0xff, 0xff,
    0xff, 0xff, 0xff, 0xff, 0xff, 0xff, 0xff, 0xff, 0xff, 0xd3, 0x34, 0x00, 0x00, 0x00, 0x00, 0x00,
    0x00, 0x5d, 0xfd, 0xf7, 0xff, 0xf5, 0xff, 0x58, 0x00, 0x00, 0x00, 0x00, 0x00, 0x00, 0x00, 0x00,
    0x00, 0x00, 0x00, 0x00, 0x00, 0x00, 0x00, 0x00, 0x00, 0x00, 0x10, 0x7f, 0xe0, 0xff, 0xff, 0xe2,
    0xb9, 0xfb, 0xf9, 0xf9, 0xff, 0xff, 0xff, 0xff, 0x3e, 0xd1, 0xff, 0xfd, 0xff, 0xff, 0xff, 0xff,
    0xff, 0xff, 0xff, 0xff, 0xff, 0xff, 0xff, 0xff, 0xf9, 0xff, 0xff, 0x5c, 0x00, 0x00, 0x00, 0x00,
    0x00, 0x23, 0xff, 0xf9, 0xfb, 0xff, 0x94, 0x11, 0x00, 0x00, 0x00, 0x00, 0x00, 0x00, 0x00, 0x00,
    0x00, 0x00, 0x00, 0x00, 0x00, 0x00, 0x00, 0x00, 0x00, 0x4a, 0xff, 0xff, 0xff, 0xff, 0xff, 0xff,
    0xff, 0xff, 0xff, 0xff, 0xfb, 0xfd, 0xfb, 0xff, 0xff, 0xff, 0xff, 0xff, 0xff, 0xff, 0xff, 0xff,
    0xff, 0xff, 0xff, 0xff, 0xff, 0xff, 0xff, 0xff, 0xff, 0xfb, 0xf7, 0xff, 0x61, 0x00, 0x00, 0x00,
    0x00, 0x01, 0xcf, 0xff, 0xff, 0x47, 0x00, 0x00, 0x00, 0x00, 0x00, 0x00, 0x00, 0x00, 0x00, 0x00,
    0x00, 0x00, 0x00, 0x00, 0x00, 0x00, 0x00, 0x00, 0x01, 0x3f, 0x39, 0xad, 0xfd, 0xfb, 0xff, 0xfd,
    0xfd, 0xff, 0xff, 0xff, 0xff, 0xff, 0xff, 0xfd, 0xfb, 0xff, 0xff, 0xff, 0xff, 0xff, 0xff, 0xff,
    0xff, 0xff, 0xff, 0xff, 0xff, 0xff, 0xff, 0xff, 0xff, 0xff, 0xff, 0xf5, 0xff, 0x71, 0x00, 0x00,
    0x00, 0x00, 0x2a, 0xff, 0x95, 0x00, 0x00, 0x00, 0x00, 0x00, 0x00, 0x00, 0x00, 0x00, 0x00, 0x00,
    0x00, 0x00, 0x00, 0x00, 0x00, 0x00, 0x00, 0x00, 0x00, 0x00, 0x55, 0xe2, 0xfb, 0xfd, 0xff, 0xff,
    0xff, 0xff, 0xff, 0xff, 0xff, 0xff, 0xff, 0xff, 0xff, 0xff, 0xff, 0xff, 0xff, 0xff, 0xff, 0xff,
    0xff, 0xff, 0xff, 0xff, 0xff, 0xff, 0xff, 0xff, 0xff, 0xff, 0xff, 0xfd, 0xf7, 0xff, 0x08, 0x00,
    0x00, 0x38, 0x09, 0xe9, 0x52, 0x00, 0x00, 0x00, 0x00, 0x00, 0x00, 0x00, 0x00, 0x00, 0x00, 0x00,
    0x00, 0x00, 0x00, 0x00, 0x00, 0x00, 0x00, 0x00, 0x14, 0xd7, 0xff, 0xff, 0xff, 0xff, 0xff, 0xff,
    0xff, 0xff, 0xff, 0xff, 0xff, 0xff, 0xff, 0xff, 0xff, 0xff, 0xff, 0xff, 0xff, 0xff, 0xff, 0xff,
    0xff, 0xff, 0xff, 0xff, 0xff, 0xff, 0xff, 0xff, 0xff, 0xff, 0xff, 0xff, 0xf9, 0xfd, 0x17, 0x00,
    0x00, 0xe6, 0xcc, 0xe2, 0x83, 0x00, 0x00, 0x00, 0x00, 0x00, 0x00, 0x00, 0x00, 0x00, 0x00, 0x00,
    0x00, 0x00, 0x00, 0x00, 0x00, 0x00, 0x00, 0x29, 0xff, 0xff, 0xf7, 0xff, 0xff, 0xff, 0xff, 0xff,
    0xff, 0xff, 0xff, 0xff, 0xff, 0xff, 0xff, 0xff, 0xff, 0xff, 0xff, 0xff, 0xff, 0xff, 0xff, 0xff,
    0xff, 0xff, 0xff, 0xff, 0xff, 0xff, 0xff, 0xff, 0xff, 0xff, 0xff, 0xff, 0xf7, 0xff, 0x26, 0x00,
    0x00, 0x27, 0xff, 0xff, 0xe2, 0x02, 0x00, 0x00, 0x00, 0x00, 0x00, 0x00, 0x00, 0x00, 0x00, 0x00,
    0x00, 0x00, 0x00, 0x00, 0x00, 0x00, 0x1a, 0xff, 0xfb, 0xfb, 0xff, 0xff, 0xff, 0xff, 0xff, 0xff,
    0xff, 0xff, 0xff, 0xff, 0xff, 0xff, 0xff, 0xff, 0xff, 0xff, 0xff, 0xff, 0xff, 0xff, 0xff, 0xff,
    0xff, 0xff, 0xff, 0xff, 0xff, 0xff, 0xff, 0xff, 0xff, 0xff, 0xff, 0xff, 0xf7, 0xfb, 0x42, 0x00,
    0x00, 0x00, 0x28, 0xef, 0xff, 0x45, 0x00, 0x2a, 0x08, 0x00, 0x00, 0x00, 0x00, 0x00, 0x00, 0x00,
    0x00, 0x00, 0x00, 0x00, 0x00, 0x03, 0xfd, 0xff, 0xfb, 0xff, 0xff, 0xff, 0xff, 0xff, 0xff, 0xff,
    0xff, 0xfb, 0xfb, 0xff, 0xff, 0xff, 0xff, 0xff, 0xff, 0xff, 0xff, 0xff, 0xff, 0xff, 0xff, 0xff,
    0xff, 0xff, 0xff, 0xff, 0xff, 0xff, 0xff, 0xff, 0xff, 0xff, 0xff, 0xf7, 0xf5, 0xff, 0x1c, 0x00,
    0x00, 0x00, 0x00, 0x0c, 0xd3, 0xe4, 0x08, 0xf7, 0x21, 0x00, 0x00, 0x00, 0x00, 0x00, 0x00, 0x00,
    0x00, 0x00, 0x00, 0x00, 0x00, 0x32, 0x7e, 0xad, 0xff, 0xfb, 0xff, 0xff, 0xff, 0xff, 0xff, 0xfb,
    0xfd, 0xff, 0xff, 0xfd, 0xfb, 0xff, 0xff, 0xff, 0xff, 0xff, 0xff, 0xff, 0xff, 0xff, 0xff, 0xff,
    0xff, 0xff, 0xff, 0xff, 0xff, 0xff, 0xff, 0xff, 0xff, 0xff, 0xff, 0xff, 0xff, 0x78, 0x00, 0x00,
    0x00, 0x00, 0x00, 0x00, 0x11, 0xff, 0xb5, 0xfd, 0x32, 0x00, 0x00, 0x00, 0x00, 0x00, 0x00, 0x00,
    0x00, 0x00, 0x00, 0x00, 0x00, 0x01, 0x06, 0xeb, 0xfd, 0xfd, 0xff, 0xff, 0xff, 0xff, 0xfd, 0xff,
    0xff, 0xc5, 0xc5, 0xff, 0xff, 0xfd, 0xff, 0xff, 0xff, 0xff, 0xff, 0xff, 0xff, 0xff, 0xff, 0xff,
    0xff, 0xff, 0xff, 0xff, 0xff, 0xff, 0xff, 0xff, 0xff, 0xfd, 0xf9, 0x4e, 0x17, 0x00, 0x00, 0x00,
    0x00, 0x00, 0x00, 0x00, 0x00, 0x88, 0xff, 0xff, 0x5e, 0x00, 0x00, 0x00, 0x00, 0x00, 0x00, 0x00,
    0x00, 0x00, 0x00, 0x00, 0x00, 0x00, 0x5f, 0xff, 0xf7, 0xff, 0xff, 0xff, 0xff, 0xfb, 0xff, 0xab,
    0x0f, 0x00, 0x00, 0x12, 0xb9, 0xff, 0xfb, 0xff, 0xff, 0xff, 0xff, 0xff, 0xff, 0xff, 0xff, 0xff,
    0xff, 0xff, 0xff, 0xff, 0xff, 0xff, 0xff, 0xff, 0xff, 0xfd, 0xf7, 0x2b, 0x00, 0x00, 0x00, 0x00,
    0x00, 0x00, 0x00, 0x00, 0x00, 0x26, 0xfb, 0xff, 0x97, 0x00, 0x00, 0x00, 0x00, 0x00, 0x00, 0x00,
    0x00, 0x00, 0x00, 0x00, 0x00, 0x02, 0xe4, 0xfd, 0xfd, 0xff, 0xff, 0xff, 0xfd, 0xfd, 0xeb, 0x05,
    0x00, 0x00, 0x00, 0x00, 0x04, 0xdc, 0xfd, 0xfd, 0xff, 0xff, 0xff, 0xff, 0xff, 0xff, 0xff, 0xff,
    0xff, 0xff, 0xff, 0xff, 0xff, 0xff, 0xff, 0xff, 0xff, 0xff, 0xff, 0xff, 0xd7, 0x20, 0x00, 0x00,
    0x00, 0x00, 0x00, 0x00, 0x00, 0x06, 0xff, 0xff, 0xad, 0x00, 0x00, 0x00, 0x00, 0x00, 0x00, 0x00,
    0x00, 0x00, 0x00, 0x00, 0x00, 0x21, 0xff, 0xf9, 0xff, 0xff, 0xff, 0xff, 0xf9, 0xff, 0x8e, 0x00,
    0x00, 0x00, 0x00, 0x00, 0x00, 0x5e, 0xff, 0xf7, 0xff, 0xff, 0xff, 0xff, 0xff, 0xff, 0xff, 0xff,
    0xff, 0xff, 0xff, 0xff, 0xff, 0xff, 0xff, 0xff, 0xff, 0xff, 0xff, 0xf7, 0xff, 0xff, 0x22, 0x00,
    0x00, 0x00, 0x00, 0x00, 0x42, 0x38, 0xd1, 0xff, 0x9b, 0x00, 0x00, 0x00, 0x00, 0x00, 0x00, 0x00,
    0x00, 0x00, 0x00, 0x00, 0x00, 0x4f, 0xfd, 0xf5, 0xff, 0xff, 0xff, 0xff, 0xf9, 0xff, 0x79, 0x00,
    0x00, 0x00, 0x00, 0x00, 0x00, 0x89, 0xff, 0xf9, 0xff, 0xff, 0xff, 0xff, 0xff, 0xff, 0xff, 0xff,
    0xff, 0xff, 0xff, 0xff, 0xff, 0xff, 0xff, 0xff, 0xff, 0xff, 0xff, 0xff, 0xf9, 0xfd, 0xe8, 0x02,
    0x00, 0x00, 0x00, 0x00, 0x5c, 0xff, 0xe6, 0xff, 0x5b, 0x0b, 0x01, 0x00, 0x00, 0x00, 0x00, 0x00,
    0x00, 0x00, 0x00, 0x00, 0x00, 0x64, 0xff, 0xfd, 0xff, 0xff, 0xff, 0xff, 0xfb, 0xff, 0xbe, 0x00,
    0x00, 0x00, 0x00, 0x00, 0x04, 0xf7, 0xff, 0xfd, 0xff, 0xff, 0xff, 0xff, 0xff, 0xff, 0xff, 0xff,
    0xff, 0xff, 0xff, 0xff, 0xff, 0xff, 0xff, 0xff, 0xff, 0xff, 0xff, 0xff, 0xff, 0xf7, 0xff, 0x2f,
    0x00, 0x00, 0x00, 0x00, 0x26, 0xfd, 0xf7, 0xfd, 0xa5, 0xad, 0x00, 0x00, 0x00, 0x00, 0x00, 0x00,
    0x00, 0x00, 0x00, 0x00, 0x00, 0x5f, 0xff, 0xce, 0xff, 0xfd, 0xff, 0xff, 0xff, 0xf9, 0xff, 0x20,
    0x00, 0x00, 0x00, 0x00, 0x09, 0xff, 0xfd, 0xff, 0xff, 0xff, 0xff, 0xff, 0xff, 0xff, 0xff, 0xff,
    0xff, 0xff, 0xff, 0xff, 0xff, 0xff, 0xff, 0xff, 0xff, 0xff, 0xff, 0xff, 0xff, 0xf7, 0xfd, 0x5f,
    0x00, 0x00, 0x00, 0x00, 0x1a, 0xff, 0xf9, 0xf7, 0xff, 0x71, 0x00, 0x00, 0x00, 0x00, 0x00, 0x00,
    0x00, 0x00, 0x00, 0x00, 0x00, 0x4e, 0xba, 0x7f, 0xff, 0xf9, 0xff, 0xff, 0xff, 0xfd, 0xfb, 0xe6,
    0x15, 0x00, 0x12, 0x18, 0x0c, 0xf1, 0xff, 0xfd, 0xff, 0xff, 0xff, 0xff, 0xff, 0xff, 0xff, 0xff,
    0xff, 0xff, 0xff, 0xff, 0xff, 0xff, 0xff, 0xff, 0xff, 0xff, 0xff, 0xff, 0xff, 0xf5, 0xff, 0x47,
    0x00, 0x00, 0x00, 0x00, 0x19, 0xff, 0xf9, 0xf9, 0xff, 0x1e, 0x00, 0x00, 0x00, 0x00, 0x00, 0x00,
    0x00, 0x00, 0x00, 0x00, 0x00, 0x23, 0x2f, 0x5e, 0xff, 0xf7, 0xff, 0xff, 0xff, 0xff, 0xfd, 0xff,
    0xff, 0x52, 0x58, 0xff, 0xde, 0xf5, 0xff, 0xff, 0xff, 0xff, 0xff, 0xff, 0xff, 0xff, 0xff, 0xff,
    0xff, 0xff, 0xff, 0xff, 0xff, 0xff, 0xff, 0xff, 0xff, 0xff, 0xff, 0xff, 0xfb, 0xfd, 0xfb, 0x08,
    0x00, 0x00, 0x00, 0x00, 0x2c, 0xff, 0xf3, 0xfd, 0xc8, 0x00, 0x00, 0x00, 0x00, 0x00, 0x00, 0x00,
    0x00, 0x00, 0x00, 0x00, 0x00, 0x00, 0x00, 0x45, 0xfd, 0xf7, 0xff, 0xff, 0xff, 0xff, 0xff, 0xfd,
    0xff, 0xff, 0xfb, 0xf7, 0xff, 0xff, 0xff, 0xff, 0xff, 0xff, 0xff, 0xff, 0xff, 0xff, 0xff, 0xff,
    0xff, 0xff, 0xff, 0xff, 0xff, 0xff, 0xff, 0xff, 0xff, 0xff, 0xff, 0xf7, 0xff, 0xfd, 0x22, 0x00,
    0x00, 0x00, 0x13, 0x11, 0x82, 0xff, 0xf3, 0xff, 0x27, 0x00, 0x00, 0x00, 0x00, 0x00, 0x00, 0x00,
    0x00, 0x00, 0x00, 0x00, 0x00, 0x00, 0x00, 0x12, 0xff, 0xfb, 0xff, 0xff, 0xff, 0xff, 0xff, 0xff,
    0xff, 0xf7, 0xff, 0xff, 0xfd, 0xff, 0xff, 0xff, 0xff, 0xff, 0xff, 0xff, 0xff, 0xff, 0xff, 0xff,
    0xff, 0xff, 0xff, 0xfd, 0xff, 0xff, 0xff, 0xff, 0xff, 0xff, 0xfd, 0xff, 0xd5, 0x17, 0x00, 0x00,
    0x00, 0x01, 0xc5, 0xc5, 0xf5, 0xfb, 0xff, 0x7b, 0x00, 0x00, 0x00, 0x00, 0x00, 0x00, 0x00, 0x00,
    0x00, 0x00, 0x00, 0x00, 0x00, 0x00, 0x00, 0x00, 0xc1, 0xfd, 0xfb, 0xfd, 0xff, 0xff, 0xff, 0xff,
    0xff, 0xff, 0xff, 0xff, 0xff, 0xff, 0xff, 0xff, 0xff, 0xff, 0xff, 0xff, 0xff, 0xff, 0xff, 0xff,
    0xff, 0xf9, 0xf9, 0xff, 0xff, 0xff, 0xff, 0xff, 0xff, 0xfb, 0xf9, 0x59, 0x00, 0x00, 0x00, 0x00,
    0x00, 0x8f, 0xff, 0xff, 0xff, 0xfb, 0xed, 0x17, 0x00, 0x00, 0x00, 0x00, 0x00, 0x00, 0x00, 0x00,
    0x00, 0x00, 0x00, 0x00, 0x00, 0x00, 0x00, 0x00, 0x24, 0xff, 0xf5, 0xff, 0xfb, 0xff, 0xff, 0xff,
    0xff, 0xff, 0xff, 0xff, 0xff, 0xff, 0xff, 0xff, 0xff, 0xff, 0xff, 0xff, 0xff, 0xff, 0xff, 0xff,
    0xff, 0xff, 0xff, 0xd9, 0xf9, 0xff, 0xff, 0xff, 0xff, 0xfd, 0xfd, 0x82, 0x4c, 0x46, 0x26, 0x0c,
    0x95, 0xff, 0xf9, 0xfd, 0xfb, 0xf5, 0xff, 0x37, 0x00, 0x00, 0x00, 0x00, 0x00, 0x00, 0x00, 0x00,
    0x00, 0x00, 0x00, 0x00, 0x00, 0x00, 0x00, 0x00, 0x00, 0x7c, 0xff, 0xb9, 0xff, 0xf7, 0xff, 0xff,
    0xff, 0xff, 0xff, 0xff, 0xff, 0xff, 0xff, 0xff, 0xff, 0xff, 0xff, 0xff, 0xff, 0xff, 0xff, 0xfd,
    0xed, 0x6c, 0x19, 0x1b, 0xff, 0xf5, 0xf9, 0xf7, 0xf9, 0xff, 0xff, 0xff, 0xff, 0xff, 0xff, 0xff,
    0xff, 0xfb, 0xf9, 0xfb, 0xff, 0xff, 0x5b, 0x00, 0x00, 0x00, 0x00, 0x00, 0x00, 0x00, 0x00, 0x00,
    0x00, 0x00, 0x00, 0x00, 0x00, 0x00, 0x00, 0x00, 0x00, 0x00, 0x97, 0x23, 0x7c, 0xff, 0xf9, 0xf9,
    0xfd, 0xff, 0xff, 0xfd, 0xf9, 0xf9, 0xf7, 0xf7, 0xf7, 0xf9, 0xff, 0xff, 0xff, 0xff, 0xff, 0xfd,
    0xf3, 0x78, 0x06, 0x01, 0xe6, 0xff, 0xff, 0xff, 0xff, 0xfb, 0xf9, 0xf7, 0xf5, 0xf7, 0xf7, 0xf9,
    0xf9, 0xf7, 0xff, 0xff, 0xb9, 0x26, 0x00, 0x00, 0x00, 0x00, 0x00, 0x00, 0x00, 0x00, 0x00, 0x00,
    0x00, 0x00, 0x00, 0x00, 0x00, 0x00, 0x00, 0x00, 0x00, 0x00, 0x00, 0x01, 0x00, 0x57, 0xff, 0xff,
    0xff, 0xf9, 0xf7, 0xff, 0xff, 0xff, 0xff, 0xff, 0xff, 0xff, 0xfb, 0xfd, 0xff, 0xff, 0xff, 0xff,
    0xff, 0xff, 0xfb, 0x0e, 0x05, 0x1c, 0x1a, 0x2a, 0x88, 0xff, 0xff, 0xff, 0xff, 0xf9, 0xff, 0xff,
    0xff, 0xff, 0x45, 0x0e, 0x00, 0x00, 0x00, 0x00, 0x00, 0x00, 0x00, 0x00, 0x00, 0x00, 0x00, 0x00,
    0x00, 0x00, 0x00, 0x00, 0x00, 0x00, 0x00, 0x00, 0x00, 0x00, 0x00, 0x00, 0x00, 0x00, 0x14, 0x8c,
    0xf7, 0xff, 0xff, 0xf9, 0x75, 0x83, 0x5f, 0x25, 0x2a, 0x91, 0xff, 0xff, 0xf7, 0xfb, 0xfd, 0xfb,
    0xf7, 0xf3, 0xff, 0x98, 0x00, 0x00, 0x00, 0x00, 0x00, 0x18, 0x7e, 0xbe, 0xe2, 0xff, 0xf1, 0xcc,
    0xe6, 0x49, 0x00, 0x00, 0x00, 0x00, 0x00, 0x00, 0x00, 0x00, 0x00, 0x00, 0x00, 0x00, 0x00, 0x00,
    0x00, 0x00, 0x00, 0x00, 0x00, 0x00, 0x00, 0x00, 0x00, 0x00, 0x00, 0x00, 0x00, 0x00, 0x00, 0x00,
    0x06, 0x1a, 0x24, 0x0d, 0x00, 0x00, 0x00, 0x00, 0x00, 0x00, 0x29, 0xfb, 0xff, 0xff, 0xff, 0xff,
    0xff, 0xfd, 0xcf, 0xf1, 0x01, 0x00, 0x00, 0x00, 0x00, 0x00, 0x00, 0x00, 0x02, 0x22, 0x16, 0x01,
    0x05, 0x00, 0x00, 0x00, 0x00, 0x00, 0x00, 0x00, 0x00, 0x00, 0x00, 0x00, 0x00, 0x00, 0x00, 0x00,
    0x00, 0x00, 0x00, 0x00, 0x00, 0x00, 0x00, 0x00, 0x00, 0x00, 0x00, 0x00, 0x00, 0x00, 0x00, 0x00,
    0x00, 0x00, 0x00, 0x00, 0x00, 0x00, 0x00, 0x00, 0x00, 0x00, 0x00, 0x0f, 0x74, 0xa3, 0xed, 0x37,
    0x52, 0x83, 0x02, 0x15, 0x00, 0x00, 0x00, 0x00, 0x00, 0x00, 0x00, 0x00, 0x00, 0x00, 0x00, 0x00,
    0x00, 0x00, 0x00, 0x00, 0x00, 0x00, 0x00, 0x00, 0x00, 0x00, 0x00, 0x00, 0x00, 0x00, 0x00, 0x00,
    0x00, 0x00, 0x00, 0x00, 0x00, 0x00, 0x00, 0x00, 0x00, 0x00, 0x00, 0x00, 0x00, 0x00, 0x00, 0x00,
    0x00, 0x00, 0x00, 0x00, 0x00, 0x00, 0x00, 0x00, 0x00, 0x00, 0x00, 0x00, 0x00, 0x00, 0x03, 0x00,
    0x00, 0x00, 0x00, 0x00, 0x00, 0x00, 0x00, 0x00, 0x00, 0x00, 0x00, 0x00, 0x00, 0x00, 0x00, 0x00,
    0x00, 0x00, 0x00, 0x00, 0x00, 0x00, 0x00, 0x00, 0x00, 0x00, 0x00, 0x00, 0x00, 0x00, 0x00, 0x00,
    0x00, 0x00, 0x00, 0x00, 0x00, 0x00, 0x00, 0x00, 0x00, 0x00, 0x00, 0x00, 0x00, 0x00, 0x00, 0x00,
    0x00, 0x00, 0x00, 0x00, 0x00, 0x00, 0x00, 0x00, 0x00, 0x00, 0x00, 0x00, 0x00, 0x00, 0x00, 0x00,
    0x00, 0x00, 0x00, 0x00, 0x00, 0x00, 0x00, 0x00, 0x00, 0x00, 0x00, 0x00, 0x00, 0x00, 0x00, 0x00,
    0x00, 0x00, 0x00, 0x00, 0x00, 0x00, 0x00, 0x00, 0x00, 0x00, 0x00, 0x00, 0x00, 0x00, 0x00, 0x00,
};

const lv_image_dsc_t love_frame_4_dsc = {
    .header.w = 64,
    .header.h = 64,
    .header.cf = LV_COLOR_FORMAT_RGB565A8,
    .data_size = 12288,
    .data = love_frame_4_data,
};

/* Frame 5: frame_005.png */
static const uint8_t love_frame_5_data[] = {
    0x00, 0x00, 0x00, 0x00, 0x00, 0x00, 0x00, 0x00, 0x00, 0x00, 0x00, 0x00, 0x00, 0x00, 0x00, 0x00,
    0x00, 0x00, 0x00, 0x00, 0x00, 0x00, 0x00, 0x00, 0x00, 0x00, 0x00, 0x00, 0x00, 0x00, 0x00, 0x00,
    0x00, 0x00, 0x00, 0x00, 0x00, 0x00, 0x00, 0x00, 0x00, 0x00, 0x00, 0x00, 0x00, 0x00, 0x00, 0x00,
    0x00, 0x00, 0x00, 0x00, 0x00, 0x00, 0x00, 0x00, 0x00, 0x00, 0x00, 0x00, 0x00, 0x00, 0x00, 0x00,
    0x00, 0x00, 0x00, 0x00, 0x00, 0x00, 0x00, 0x00, 0x00, 0x00, 0x00, 0x00, 0x00, 0x00, 0x00, 0x00,
    0x00, 0x00, 0x00, 0x00, 0x00, 0x00, 0x00, 0x00, 0x00, 0x00, 0x00, 0x00, 0x00, 0x00, 0x00, 0x00,
    0x00, 0x00, 0x00, 0x00, 0x00, 0x00, 0x00, 0x00, 0x00, 0x00, 0x00, 0x00, 0x00, 0x00, 0x00, 0x00,
    0x00, 0x00, 0x00, 0x00, 0x00, 0x00, 0x00, 0x00, 0x00, 0x00, 0x00, 0x00, 0x00, 0x00, 0x00, 0x00,
    0x00, 0x00, 0x00, 0x00, 0x00, 0x00, 0x00, 0x00, 0x00, 0x00, 0x00, 0x00, 0x00, 0x00, 0x00, 0x00,
    0x00, 0x00, 0x00, 0x00, 0x00, 0x00, 0x00, 0x00, 0x00, 0x00, 0x00, 0x00, 0x00, 0x00, 0x00, 0x00,
    0x00, 0x00, 0x00, 0x00, 0x00, 0x00, 0x00, 0x00, 0x00, 0x00, 0x00, 0x00, 0x00, 0x00, 0x00, 0x00,
    0x00, 0x00, 0x00, 0x00, 0x00, 0x00, 0x00, 0x00, 0x00, 0x00, 0x00, 0x00, 0x00, 0x00, 0x00, 0x00,
    0x00, 0x00, 0xc1, 0x00, 0x81, 0x00, 0x00, 0x00, 0x00, 0x00, 0x00, 0x00, 0x00, 0x00, 0x00, 0x00,
    0x00, 0x00, 0x00, 0x00, 0x00, 0x00, 0x00, 0x00, 0x00, 0x00, 0x00, 0x00, 0x00, 0x00, 0x00, 0x00,
    0x00, 0x00, 0x00, 0x00, 0x00, 0x00, 0x00, 0x00, 0x00, 0x00, 0x00, 0x00, 0x00, 0x00, 0x00, 0x00,
    0x00, 0x00, 0x00, 0x00, 0x00, 0x00, 0x00, 0x00, 0x00, 0x00, 0x00, 0x00, 0x00, 0x00, 0x00, 0x00,
    0x00, 0x00, 0x00, 0x00, 0x00, 0x00, 0x00, 0x00, 0x00, 0x00, 0x00, 0x00, 0x00, 0x00, 0x00, 0x00,
    0x00, 0x00, 0x00, 0x00, 0x00, 0x00, 0x00, 0x00, 0x00, 0x00, 0x00, 0x00, 0x00, 0x00, 0x00, 0x00,
    0x00, 0x00, 0x40, 0x00, 0x61, 0x00, 0x00, 0x00, 0x00, 0x00, 0x00, 0x00, 0x00, 0x00, 0x00, 0x00,
    0x00, 0x00, 0x00, 0x00, 0x00, 0x00, 0x00, 0x00, 0x00, 0x00, 0x00, 0x00, 0x00, 0x00, 0x00, 0x00,
    0x00, 0x00, 0xc2, 0x00, 0x65, 0x00, 0x20, 0x00, 0x00, 0x00, 0x00, 0x00, 0x00, 0x00, 0x00, 0x00,
    0x00, 0x00, 0x00, 0x00, 0x00, 0x00, 0x00, 0x00, 0x00, 0x00, 0x00, 0x00, 0x00, 0x00, 0x00, 0x00,
    0x00, 0x00, 0x00, 0x00, 0x00, 0x00, 0x00, 0x00, 0x00, 0x00, 0x00, 0x00, 0x00, 0x00, 0x00, 0x00,
    0x00, 0x00, 0x00, 0x00, 0x00, 0x00, 0x00, 0x00, 0x00, 0x00, 0x00, 0x00, 0x00, 0x00, 0x00, 0x00,
    0x00, 0x00, 0x00, 0x00, 0x00, 0x00, 0x00, 0x00, 0x00, 0x00, 0x00, 0x00, 0x00, 0x00, 0x00, 0x00,
    0x00, 0x00, 0x00, 0x00, 0x00, 0x00, 0x00, 0x00, 0x00, 0x00, 0x00, 0x00, 0x00, 0x00, 0x00, 0x00,
    0x00, 0x00, 0xa4, 0x00, 0x63, 0x00, 0x00, 0x00, 0x00, 0x00, 0x00, 0x00, 0x00, 0x00, 0x00, 0x00,
    0x00, 0x00, 0x00, 0x00, 0x00, 0x00, 0x00, 0x00, 0x00, 0x00, 0x00, 0x00, 0x00, 0x00, 0x00, 0x00,
    0x00, 0x00, 0x20, 0x00, 0xc7, 0x00, 0xa3, 0x00, 0x00, 0x00, 0x00, 0x00, 0x00, 0x00, 0x00, 0x00,
    0x00, 0x00, 0x00, 0x00, 0x00, 0x00, 0x00, 0x00, 0x00, 0x00, 0x00, 0x00, 0x00, 0x00, 0x00, 0x00,
    0x00, 0x00, 0x00, 0x00, 0x00, 0x00, 0x00, 0x00, 0x00, 0x00, 0x00, 0x00, 0x00, 0x00, 0x00, 0x00,
    0x00, 0x00, 0x00, 0x00, 0x00, 0x00, 0x00, 0x00, 0x00, 0x00, 0x00, 0x00, 0x00, 0x00, 0x00, 0x00,
    0x00, 0x00, 0x00, 0x00, 0x00, 0x00, 0x00, 0x00, 0x00, 0x00, 0x00, 0x00, 0x00, 0x00, 0x00, 0x00,
    0x00, 0x00, 0x00, 0x00, 0x00, 0x00, 0x00, 0x00, 0x00, 0x00, 0x00, 0x00, 0x00, 0x00, 0x00, 0x00,
    0x00, 0x00, 0x86, 0x00, 0x04, 0x00, 0x00, 0x00, 0x00, 0x00, 0x00, 0x00, 0x00, 0x00, 0x00, 0x00,
    0x00, 0x00, 0x00, 0x00, 0x00, 0x00, 0x00, 0x00, 0x00, 0x00, 0x00, 0x00, 0x00, 0x00, 0x00, 0x00,
    0x00, 0x00, 0x00, 0x00, 0x05, 0x00, 0x27, 0x00, 0x00, 0x00, 0x00, 0x00, 0x00, 0x00, 0x00, 0x00,
    0x00, 0x00, 0x00, 0x00, 0x00, 0x00, 0x00, 0x00, 0x00, 0x00, 0x00, 0x00, 0x00, 0x00, 0x00, 0x00,
    0x00, 0x00, 0x00, 0x00, 0x00, 0x00, 0x00, 0x00, 0x00, 0x00, 0x00, 0x00, 0x00, 0x00, 0x00, 0x00,
    0x00, 0x00, 0x00, 0x00, 0x00, 0x00, 0x00, 0x00, 0x00, 0x00, 0x00, 0x00, 0x00, 0x00, 0x00, 0x00,
    0x00, 0x00, 0x00, 0x00, 0x00, 0x00, 0x00, 0x00, 0x00, 0x00, 0x00, 0x00, 0x00, 0x00, 0x00, 0x00,
    0x00, 0x00, 0x00, 0x00, 0x00, 0x00, 0x00, 0x00, 0x00, 0x00, 0x00, 0x00, 0x00, 0x00, 0x00, 0x00,
    0x40, 0x00, 0xa6, 0x00, 0xc6, 0x00, 0x00, 0x00, 0x40, 0x00, 0x40, 0x00, 0x00, 0x00, 0x00, 0x00,
    0xa4, 0x00, 0xc1, 0x00, 0x00, 0x00, 0x00, 0x00, 0x00, 0x00, 0x00, 0x00, 0x40, 0x00, 0x20, 0x00,
    0x00, 0x00, 0x00, 0x00, 0x63, 0x00, 0xa8, 0x00, 0x02, 0x00, 0x00, 0x00, 0x00, 0x00, 0x00, 0x00,
    0x00, 0x00, 0x00, 0x00, 0x00, 0x00, 0x00, 0x00, 0x00, 0x00, 0x00, 0x00, 0x00, 0x00, 0x00, 0x00,
    0x00, 0x00, 0x00, 0x00, 0x00, 0x00, 0x00, 0x00, 0x00, 0x00, 0x00, 0x00, 0x00, 0x00, 0x00, 0x00,
    0x00, 0x00, 0x00, 0x00, 0x00, 0x00, 0x00, 0x00, 0x00, 0x00, 0x00, 0x00, 0x00, 0x00, 0x00, 0x00,
    0x00, 0x00, 0x00, 0x00, 0x00, 0x00, 0x00, 0x00, 0x00, 0x00, 0x00, 0x00, 0x00, 0x00, 0x00, 0x00,
    0x00, 0x00, 0x00, 0x00, 0x00, 0x00, 0x00, 0x00, 0x00, 0x00, 0x00, 0x00, 0x00, 0x00, 0x00, 0x00,
    0x61, 0x00, 0x66, 0x00, 0x88, 0x00, 0xe2, 0x00, 0xe2, 0x00, 0xc4, 0x00, 0x00, 0x00, 0x00, 0x00,
    0x25, 0x00, 0x6a, 0x00, 0xe2, 0x00, 0x00, 0x00, 0x00, 0x00, 0x00, 0x00, 0x02, 0x00, 0x66, 0x00,
    0x00, 0x00, 0x00, 0x00, 0xe2, 0x00, 0x88, 0x00, 0x24, 0x00, 0x00, 0x00, 0x00, 0x00, 0x00, 0x00,
    0x00, 0x00, 0x00, 0x00, 0x00, 0x00, 0x00, 0x00, 0x00, 0x00, 0x00, 0x00, 0x00, 0x00, 0x00, 0x00,
    0x00, 0x00, 0x00, 0x00, 0x00, 0x00, 0x00, 0x00, 0x00, 0x00, 0x00, 0x00, 0x00, 0x00, 0x00, 0x00,
    0x00, 0x00, 0x00, 0x00, 0x00, 0x00, 0x00, 0x00, 0x00, 0x00, 0x00, 0x00, 0x00, 0x00, 0x00, 0x00,
    0x00, 0x00, 0x00, 0x00, 0x00, 0x00, 0x00, 0x00, 0x00, 0x00, 0x00, 0x00, 0x00, 0x00, 0x00, 0x00,
    0x00, 0x00, 0x00, 0x00, 0x00, 0x00, 0x00, 0x00, 0x00, 0x00, 0x00, 0x00, 0x00, 0x00, 0x00, 0x00,
    0x00, 0x00, 0xe5, 0x00, 0x27, 0x00, 0x68, 0x00, 0x63, 0x00, 0xe6, 0x00, 0x20, 0x00, 0x00, 0x00,
    0x02, 0x00, 0xeb, 0x00, 0xeb, 0x00, 0x25, 0x00, 0x20, 0x00, 0x00, 0x00, 0x40, 0x00, 0x08, 0x00,
    0x25, 0x00, 0x60, 0x00, 0xc2, 0x00, 0x27, 0x00, 0xe6, 0x00, 0x00, 0x00, 0x20, 0x00, 0x63, 0x00,
    0x00, 0x00, 0x00, 0x00, 0x00, 0x00, 0x00, 0x00, 0x00, 0x00, 0x00, 0x00, 0x00, 0x00, 0x00, 0x00,
    0x00, 0x00, 0x00, 0x00, 0x00, 0x00, 0x00, 0x00, 0x00, 0x00, 0x00, 0x00, 0x00, 0x00, 0x00, 0x00,
    0x00, 0x00, 0x00, 0x00, 0x00, 0x00, 0x00, 0x00, 0x00, 0x00, 0x00, 0x00, 0x00, 0x00, 0x00, 0x00,
    0x00, 0x00, 0x00, 0x00, 0x00, 0x00, 0x00, 0x00, 0x00, 0x00, 0x00, 0x00, 0x00, 0x00, 0x00, 0x00,
    0x00, 0x00, 0x00, 0x00, 0x00, 0x00, 0x00, 0x00, 0x00, 0x00, 0x00, 0x00, 0x00, 0x00, 0x00, 0x00,
    0x00, 0x00, 0xc2, 0x00, 0x66, 0x00, 0x88, 0x00, 0x27, 0x00, 0x48, 0x00, 0x83, 0x00, 0x00, 0x00,
    0x61, 0x00, 0xc7, 0x00, 0x0c, 0x00, 0x2c, 0x00, 0xa8, 0x00, 0xa1, 0x00, 0x00, 0x00, 0x43, 0x00,
    0x86, 0x00, 0xc6, 0x00, 0x04, 0x00, 0x86, 0x00, 0x67, 0x00, 0x00, 0x00, 0x45, 0x00, 0x07, 0x00,
    0x00, 0x00, 0x00, 0x00, 0x00, 0x00, 0x00, 0x00, 0x00, 0x00, 0x00, 0x00, 0x00, 0x00, 0x00, 0x00,
    0x00, 0x00, 0x00, 0x00, 0x00, 0x00, 0x00, 0x00, 0x00, 0x00, 0x00, 0x00, 0x00, 0x00, 0x00, 0x00,
    0x00, 0x00, 0x00, 0x00, 0x00, 0x00, 0x00, 0x00, 0x00, 0x00, 0x00, 0x00, 0x00, 0x00, 0x00, 0x00,
    0x00, 0x00, 0x00, 0x00, 0x00, 0x00, 0x00, 0x00, 0x00, 0x00, 0x00, 0x00, 0x00, 0x00, 0x00, 0x00,
    0x00, 0x00, 0x00, 0x00, 0x00, 0x00, 0x00, 0x00, 0x00, 0x00, 0x61, 0x00, 0x05, 0x00, 0x81, 0x00,
    0x00, 0x00, 0x00, 0x00, 0xa1, 0x00, 0x45, 0x00, 0x88, 0x00, 0x68, 0x00, 0x88, 0x00, 0x60, 0x00,
    0x00, 0x00, 0xe5, 0x00, 0xc9, 0x00, 0xeb, 0x00, 0xeb, 0x00, 0x09, 0x00, 0xe2, 0x00, 0x27, 0x00,
    0xc4, 0x00, 0xe4, 0x00, 0x04, 0x00, 0x25, 0x00, 0xa8, 0x00, 0x22, 0x00, 0x09, 0x00, 0x25, 0x00,
    0x00, 0x00, 0x00, 0x00, 0x00, 0x00, 0x00, 0x00, 0x00, 0x00, 0x00, 0x00, 0x00, 0x00, 0x00, 0x00,
    0x00, 0x00, 0x00, 0x00, 0x00, 0x00, 0x00, 0x00, 0x00, 0x00, 0x00, 0x00, 0x00, 0x00, 0x00, 0x00,
    0x00, 0x00, 0x00, 0x00, 0x00, 0x00, 0x00, 0x00, 0x00, 0x00, 0x00, 0x00, 0x00, 0x00, 0x00, 0x00,
    0x00, 0x00, 0x00, 0x00, 0x00, 0x00, 0x00, 0x00, 0x00, 0x00, 0x00, 0x00, 0x00, 0x00, 0x00, 0x00,
    0x00, 0x00, 0x00, 0x00, 0x00, 0x00, 0x00, 0x00, 0x00, 0x00, 0x00, 0x00, 0x05, 0x00, 0x07, 0x00,
    0x86, 0x00, 0x45, 0x00, 0x25, 0x00, 0x63, 0x00, 0x66, 0x00, 0x68, 0x00, 0xa8, 0x00, 0x06, 0x00,
    0x40, 0x00, 0xa4, 0x00, 0xc9, 0x00, 0x4a, 0x00, 0xab, 0x00, 0x2c, 0x00, 0x07, 0x00, 0xe9, 0x00,
    0xeb, 0x00, 0x05, 0x00, 0xa3, 0x00, 0x05, 0x00, 0x47, 0x00, 0xc6, 0x00, 0x09, 0x00, 0x42, 0x00,
    0x00, 0x00, 0x00, 0x00, 0x00, 0x00, 0x00, 0x00, 0x00, 0x00, 0x00, 0x00, 0x00, 0x00, 0x00, 0x00,
    0x00, 0x00, 0x00, 0x00, 0x00, 0x00, 0x00, 0x00, 0x00, 0x00, 0x00, 0x00, 0x00, 0x00, 0x00, 0x00,
    0x00, 0x00, 0x00, 0x00, 0x00, 0x00, 0x00, 0x00, 0x00, 0x00, 0x00, 0x00, 0x00, 0x00, 0x00, 0x00,
    0x00, 0x00, 0x00, 0x00, 0x00, 0x00, 0x00, 0x00, 0x00, 0x00, 0x00, 0x00, 0x00, 0x00, 0x00, 0x00,
    0x00, 0x00, 0x00, 0x00, 0x00, 0x00, 0x00, 0x00, 0x00, 0x00, 0x00, 0x00, 0x41, 0x00, 0xc4, 0x00,
    0xc7, 0x00, 0x07, 0x00, 0x07, 0x00, 0x07, 0x00, 0x84, 0x00, 0x86, 0x00, 0x68, 0x00, 0x09, 0x00,
    0x06, 0x00, 0x43, 0x00, 0x25, 0x00, 0x68, 0x00, 0xa8, 0x00, 0x6a, 0x00, 0x6a, 0x00, 0x88, 0x00,
    0x2e, 0x00, 0x6a, 0x00, 0xe4, 0x00, 0xc4, 0x00, 0x07, 0x00, 0x88, 0x00, 0xc9, 0x00, 0xa1, 0x00,
    0x00, 0x00, 0x00, 0x00, 0x00, 0x00, 0x00, 0x00, 0x00, 0x00, 0x00, 0x00, 0x00, 0x00, 0x00, 0x00,
    0x00, 0x00, 0x00, 0x00, 0x00, 0x00, 0x00, 0x00, 0x00, 0x00, 0x00, 0x00, 0x00, 0x00, 0x00, 0x00,
    0x00, 0x00, 0x00, 0x00, 0x00, 0x00, 0x00, 0x00, 0x00, 0x00, 0x00, 0x00, 0x00, 0x00, 0x00, 0x00,
    0x00, 0x00, 0x00, 0x00, 0x00, 0x00, 0x00, 0x00, 0x00, 0x00, 0x00, 0x00, 0x00, 0x00, 0x00, 0x00,
    0x00, 0x00, 0x00, 0x00, 0x00, 0x00, 0x00, 0x00, 0x00, 0x00, 0x00, 0x00, 0x00, 0x00, 0x00, 0x00,
    0x61, 0x00, 0x81, 0x00, 0x81, 0x00, 0xc1, 0x00, 0x43, 0x00, 0x23, 0x00, 0xc6, 0x00, 0x68, 0x00,
    0xe8, 0x00, 0x27, 0x00, 0x63, 0x00, 0xa9, 0x00, 0xab, 0x00, 0x27, 0x00, 0xe9, 0x00, 0x0c, 0x00,
    0x8d, 0x00, 0xee, 0x00, 0xa8, 0x00, 0x63, 0x00, 0xcb, 0x00, 0x29, 0x00, 0x27, 0x00, 0x61, 0x00,
    0x00, 0x00, 0x00, 0x00, 0x00, 0x00, 0x00, 0x00, 0x00, 0x00, 0x00, 0x00, 0x00, 0x00, 0x00, 0x00,
    0x00, 0x00, 0x00, 0x00, 0x00, 0x00, 0x00, 0x00, 0x00, 0x00, 0x00, 0x00, 0x00, 0x00, 0x00, 0x00,
    0x00, 0x00, 0x00, 0x00, 0x00, 0x00, 0x00, 0x00, 0x00, 0x00, 0x00, 0x00, 0x00, 0x00, 0x00, 0x00,
    0x00, 0x00, 0x00, 0x00, 0x00, 0x00, 0x00, 0x00, 0x00, 0x00, 0x00, 0x00, 0x00, 0x00, 0x00, 0x00,
    0x00, 0x00, 0x00, 0x00, 0x00, 0x00, 0x00, 0x00, 0x00, 0x00, 0x00, 0x00, 0x00, 0x00, 0x00, 0x00,
    0x00, 0x00, 0x00, 0x00, 0x40, 0x00, 0x23, 0x00, 0x43, 0x00, 0x02, 0x00, 0x43, 0x00, 0xe7, 0x00,
    0x47, 0x00, 0x06, 0x00, 0x45, 0x00, 0x45, 0x00, 0xec, 0x00, 0x0c, 0x00, 0x88, 0x00, 0x6b, 0x00,
    0x2c, 0x00, 0x6d, 0x00, 0xeb, 0x00, 0x45, 0x00, 0xec, 0x00, 0x4a, 0x00, 0x88, 0x00, 0xa1, 0x00,
    0x63, 0x00, 0xe4, 0x00, 0x00, 0x00, 0x00, 0x00, 0x00, 0x00, 0x00, 0x00, 0x00, 0x00, 0x00, 0x00,
    0x00, 0x00, 0x00, 0x00, 0x00, 0x00, 0x00, 0x00, 0x00, 0x00, 0x00, 0x00, 0x00, 0x00, 0x00, 0x00,
    0x00, 0x00, 0x00, 0x00, 0x00, 0x00, 0x00, 0x00, 0x00, 0x00, 0x00, 0x00, 0x00, 0x00, 0x00, 0x00,
    0x00, 0x00, 0x00, 0x00, 0x00, 0x00, 0x00, 0x00, 0x00, 0x00, 0x00, 0x00, 0x00, 0x00, 0x00, 0x00,
    0x00, 0x00, 0x00, 0x00, 0x00, 0x00, 0x00, 0x00, 0x00, 0x00, 0x00, 0x00, 0x00, 0x00, 0x40, 0x00,
    0x00, 0x00, 0x00, 0x00, 0x40, 0x00, 0x66, 0x00, 0x68, 0x00, 0xc7, 0x00, 0xe2, 0x00, 0x28, 0x00,
    0xec, 0x00, 0x4a, 0x00, 0x88, 0x00, 0xa3, 0x00, 0x08, 0x00, 0x0c, 0x00, 0x2d, 0x00, 0x0a, 0x00,
    0x0c, 0x00, 0x0c, 0x00, 0xcb, 0x00, 0x88, 0x00, 0x4c, 0x00, 0xc9, 0x00, 0xcb, 0x00, 0xc9, 0x00,
    0x88, 0x00, 0x09, 0x00, 0x00, 0x00, 0x00, 0x00, 0x00, 0x00, 0x00, 0x00, 0x00, 0x00, 0x00, 0x00,
    0x00, 0x00, 0x00, 0x00, 0x00, 0x00, 0x00, 0x00, 0x00, 0x00, 0x00, 0x00, 0x00, 0x00, 0x00, 0x00,
    0x00, 0x00, 0x00, 0x00, 0x00, 0x00, 0x00, 0x00, 0x00, 0x00, 0x00, 0x00, 0x00, 0x00, 0x00, 0x00,
    0x00, 0x00, 0x00, 0x00, 0x00, 0x00, 0x00, 0x00, 0x00, 0x00, 0x00, 0x00, 0x00, 0x00, 0x00, 0x00,
    0x00, 0x00, 0x00, 0x00, 0x00, 0x00, 0x00, 0x00, 0x00, 0x00, 0x00, 0x00, 0x00, 0x00, 0x04, 0x00,
    0x68, 0x00, 0x65, 0x00, 0x43, 0x00, 0x40, 0x00, 0x43, 0x00, 0xc7, 0x00, 0x87, 0x00, 0x84, 0x00,
    0x69, 0x00, 0x6b, 0x00, 0xec, 0x00, 0x0a, 0x00, 0x07, 0x00, 0xc9, 0x00, 0x2d, 0x00, 0xcb, 0x00,
    0xcc, 0x00, 0xad, 0x00, 0xcb, 0x00, 0x8b, 0x00, 0x2c, 0x00, 0x6a, 0x00, 0x6c, 0x00, 0x0c, 0x00,
    0xeb, 0x00, 0x48, 0x00, 0x00, 0x00, 0x00, 0x00, 0x00, 0x00, 0x00, 0x00, 0x00, 0x00, 0x00, 0x00,
    0x00, 0x00, 0x00, 0x00, 0x00, 0x00, 0x00, 0x00, 0x00, 0x00, 0x00, 0x00, 0x00, 0x00, 0x00, 0x00,
    0x00, 0x00, 0x00, 0x00, 0x00, 0x00, 0x00, 0x00, 0x00, 0x00, 0x00, 0x00, 0x00, 0x00, 0x00, 0x00,
    0x00, 0x00, 0x00, 0x00, 0x00, 0x00, 0x00, 0x00, 0x00, 0x00, 0x00, 0x00, 0x00, 0x00, 0x00, 0x00,
    0x00, 0x00, 0x00, 0x00, 0x00, 0x00, 0x00, 0x00, 0x00, 0x00, 0x00, 0x00, 0x00, 0x00, 0x40, 0x00,
    0x07, 0x00, 0xaa, 0x00, 0xaa, 0x00, 0xe9, 0x00, 0x85, 0x00, 0xe4, 0x00, 0x66, 0x00, 0xc7, 0x00,
    0x66, 0x00, 0x08, 0x00, 0xea, 0x00, 0x8b, 0x00, 0xec, 0x00, 0x8b, 0x00, 0xcc, 0x00, 0x6d, 0x00,
    0xcb, 0x00, 0xad, 0x00, 0x2c, 0x00, 0xcc, 0x00, 0x2c, 0x00, 0x4c, 0x00, 0x6d, 0x00, 0xab, 0x00,
    0xab, 0x00, 0x25, 0x00, 0x00, 0x00, 0x00, 0x00, 0x00, 0x00, 0x00, 0x00, 0x00, 0x00, 0x00, 0x00,
    0x00, 0x00, 0x00, 0x00, 0x00, 0x00, 0x00, 0x00, 0x00, 0x00, 0x00, 0x00, 0x00, 0x00, 0x00, 0x00,
    0x00, 0x00, 0x00, 0x00, 0x00, 0x00, 0x00, 0x00, 0x00, 0x00, 0x00, 0x00, 0x00, 0x00, 0x00, 0x00,
    0x00, 0x00, 0x00, 0x00, 0x00, 0x00, 0x00, 0x00, 0x00, 0x00, 0x00, 0x00, 0x00, 0x00, 0x00, 0x00,
    0x00, 0x00, 0x00, 0x00, 0x00, 0x00, 0x00, 0x00, 0x00, 0x00, 0x00, 0x00, 0x00, 0x00, 0x00, 0x00,
    0x00, 0x00, 0xe4, 0x00, 0xa8, 0x00, 0x4a, 0x00, 0xcb, 0x00, 0xe9, 0x00, 0x86, 0x00, 0xa7, 0x00,
    0x69, 0x00, 0x0b, 0x00, 0xcc, 0x00, 0x2d, 0x00, 0x6d, 0x00, 0x4d, 0x00, 0xcc, 0x00, 0x6d, 0x00,
    0x4d, 0x00, 0x6d, 0x00, 0x4c, 0x00, 0x2c, 0x00, 0x8d, 0x00, 0x8d, 0x00, 0xeb, 0x00, 0x4a, 0x00,
    0x4a, 0x00, 0x02, 0x00, 0x00, 0x00, 0x00, 0x00, 0x00, 0x00, 0x00, 0x00, 0x00, 0x00, 0x00, 0x00,
    0x00, 0x00, 0x00, 0x00, 0x00, 0x00, 0x00, 0x00, 0x00, 0x00, 0x00, 0x00, 0x00, 0x00, 0x00, 0x00,
    0x00, 0x00, 0x00, 0x00, 0x00, 0x00, 0x00, 0x00, 0x00, 0x00, 0x00, 0x00, 0x00, 0x00, 0x00, 0x00,
    0x00, 0x00, 0x00, 0x00, 0x00, 0x00, 0x00, 0x00, 0x00, 0x00, 0x00, 0x00, 0x00, 0x00, 0x00, 0x00,
    0x00, 0x00, 0x00, 0x00, 0x00, 0x00, 0x00, 0x00, 0x00, 0x00, 0x00, 0x00, 0x00, 0x00, 0x00, 0x00,
    0x00, 0x00, 0x00, 0x00, 0xe2, 0x00, 0x86, 0x00, 0x09, 0x00, 0x8a, 0x00, 0xe9, 0x00, 0xe7, 0x00,
    0x28, 0x00, 0x8c, 0x00, 0xed, 0x00, 0x0d, 0x00, 0xed, 0x00, 0x0d, 0x00, 0x6b, 0x00, 0x0c, 0x00,
    0xad, 0x00, 0x6d, 0x00, 0x4d, 0x00, 0x6d, 0x00, 0xcd, 0x00, 0x09, 0x00, 0x84, 0x00, 0xa6, 0x00,
    0x0a, 0x00, 0xe4, 0x00, 0xe4, 0x00, 0x00, 0x00, 0x00, 0x00, 0x00, 0x00, 0x00, 0x00, 0x00, 0x00,
    0x00, 0x00, 0x00, 0x00, 0x00, 0x00, 0x00, 0x00, 0x00, 0x00, 0x00, 0x00, 0x00, 0x00, 0x00, 0x00,
    0x00, 0x00, 0x00, 0x00, 0x00, 0x00, 0x00, 0x00, 0x00, 0x00, 0x00, 0x00, 0x00, 0x00, 0x00, 0x00,
    0x00, 0x00, 0x00, 0x00, 0x00, 0x00, 0x00, 0x00, 0x00, 0x00, 0x00, 0x00, 0x00, 0x00, 0x00, 0x00,
    0x00, 0x00, 0x00, 0x00, 0x00, 0x00, 0x00, 0x00, 0x00, 0x00, 0x00, 0x00, 0x00, 0x00, 0x00, 0x00,
    0x00, 0x00, 0xe2, 0x00, 0x43, 0x00, 0x63, 0x00, 0x63, 0x00, 0xe7, 0x00, 0xc9, 0x00, 0xea, 0x00,
    0xca, 0x00, 0x8c, 0x00, 0x4b, 0x00, 0x28, 0x00, 0xa7, 0x00, 0x48, 0x00, 0x4b, 0x00, 0x6b, 0x00,
    0x8d, 0x00, 0xce, 0x00, 0x4c, 0x00, 0x8d, 0x00, 0xad, 0x00, 0x45, 0x00, 0xa6, 0x00, 0x67, 0x00,
    0xa9, 0x00, 0xc9, 0x00, 0xe5, 0x00, 0x00, 0x00, 0x00, 0x00, 0x00, 0x00, 0x00, 0x00, 0x00, 0x00,
    0x00, 0x00, 0x00, 0x00, 0x00, 0x00, 0x00, 0x00, 0x00, 0x00, 0x00, 0x00, 0x00, 0x00, 0x00, 0x00,
    0x00, 0x00, 0x00, 0x00, 0x00, 0x00, 0x00, 0x00, 0x00, 0x00, 0x00, 0x00, 0x00, 0x00, 0x00, 0x00,
    0x00, 0x00, 0x00, 0x00, 0x00, 0x00, 0x00, 0x00, 0x00, 0x00, 0x00, 0x00, 0x00, 0x00, 0x00, 0x00,
    0x00, 0x00, 0x00, 0x00, 0x00, 0x00, 0x00, 0x00, 0x00, 0x00, 0x00, 0x00, 0x00, 0x00, 0xe2, 0x00,
    0x08, 0x00, 0x89, 0x00, 0x08, 0x00, 0xa7, 0x00, 0xc5, 0x00, 0x43, 0x00, 0x66, 0x00, 0xaa, 0x00,
    0x2b, 0x00, 0x0b, 0x00, 0x66, 0x00, 0x44, 0x00, 0xc3, 0x00, 0x24, 0x00, 0xe5, 0x00, 0x2a, 0x00,
    0xec, 0x00, 0x8d, 0x00, 0x2c, 0x00, 0x6d, 0x00, 0xab, 0x00, 0x67, 0x00, 0x0d, 0x00, 0x8b, 0x00,
    0x89, 0x00, 0x89, 0x00, 0x40, 0x00, 0x00, 0x00, 0x00, 0x00, 0x00, 0x00, 0x00, 0x00, 0x00, 0x00,
    0x00, 0x00, 0x00, 0x00, 0x00, 0x00, 0x00, 0x00, 0x00, 0x00, 0x00, 0x00, 0x00, 0x00, 0x00, 0x00,
    0x00, 0x00, 0x00, 0x00, 0x00, 0x00, 0x00, 0x00, 0x00, 0x00, 0x00, 0x00, 0x00, 0x00, 0x00, 0x00,
    0x00, 0x00, 0x00, 0x00, 0x00, 0x00, 0x00, 0x00, 0x00, 0x00, 0x00, 0x00, 0x00, 0x00, 0x00, 0x00,
    0x00, 0x00, 0x00, 0x00, 0x00, 0x00, 0x00, 0x00, 0x00, 0x00, 0x00, 0x00, 0x00, 0x00, 0xa1, 0x00,
    0xc4, 0x00, 0x87, 0x00, 0xa7, 0x00, 0x46, 0x00, 0x05, 0x00, 0x49, 0x00, 0x69, 0x00, 0x0b, 0x00,
    0x2b, 0x00, 0xca, 0x00, 0x06, 0x00, 0x0a, 0x00, 0xc6, 0x00, 0x0a, 0x00, 0xa5, 0x00, 0x86, 0x00,
    0xcc, 0x00, 0x0c, 0x00, 0x0c, 0x00, 0x2c, 0x00, 0xcb, 0x00, 0x84, 0x00, 0x4e, 0x00, 0x2d, 0x00,
    0xe9, 0x00, 0xe9, 0x00, 0x02, 0x00, 0x00, 0x00, 0x00, 0x00, 0x00, 0x00, 0x00, 0x00, 0x00, 0x00,
    0x00, 0x00, 0x00, 0x00, 0x00, 0x00, 0x00, 0x00, 0x00, 0x00, 0x00, 0x00, 0x00, 0x00, 0x00, 0x00,
    0x00, 0x00, 0x00, 0x00, 0x00, 0x00, 0x00, 0x00, 0x00, 0x00, 0x00, 0x00, 0x00, 0x00, 0x00, 0x00,
    0x00, 0x00, 0x00, 0x00, 0x00, 0x00, 0x00, 0x00, 0x00, 0x00, 0x00, 0x00, 0x00, 0x00, 0x00, 0x00,
    0x00, 0x00, 0x00, 0x00, 0x00, 0x00, 0x00, 0x00, 0x00, 0x00, 0x00, 0x00, 0x00, 0x00, 0x00, 0x00,
    0x00, 0x00, 0x61, 0x00, 0x26, 0x00, 0x87, 0x00, 0xc5, 0x00, 0xe8, 0x00, 0x2b, 0x00, 0x6c, 0x00,
    0x4c, 0x00, 0xeb, 0x00, 0xa7, 0x00, 0x6b, 0x00, 0x8c, 0x00, 0xac, 0x00, 0x06, 0x00, 0x83, 0x00,
    0xac, 0x00, 0xed, 0x00, 0xec, 0x00, 0xec, 0x00, 0x6d, 0x00, 0x04, 0x00, 0x88, 0x00, 0x4d, 0x00,
    0x6a, 0x00, 0xab, 0x00, 0xea, 0x00, 0x61, 0x00, 0x00, 0x00, 0x00, 0x00, 0x00, 0x00, 0x00, 0x00,
    0x00, 0x00, 0x00, 0x00, 0x00, 0x00, 0x00, 0x00, 0x00, 0x00, 0x00, 0x00, 0x00, 0x00, 0x00, 0x00,
    0x00, 0x00, 0x00, 0x00, 0x00, 0x00, 0x00, 0x00, 0x00, 0x00, 0x00, 0x00, 0x00, 0x00, 0x00, 0x00,
    0x00, 0x00, 0x00, 0x00, 0x00, 0x00, 0x00, 0x00, 0x00, 0x00, 0x00, 0x00, 0x00, 0x00, 0x00, 0x00,
    0x00, 0x00, 0x00, 0x00, 0x00, 0x00, 0x00, 0x00, 0x00, 0x00, 0x00, 0x00, 0x00, 0x00, 0x00, 0x00,
    0x00, 0x00, 0x00, 0x00, 0x20, 0x00, 0xa4, 0x00, 0x47, 0x00, 0xc5, 0x00, 0x05, 0x00, 0x08, 0x00,
    0xca, 0x00, 0x0b, 0x00, 0x89, 0x00, 0x09, 0x00, 0x0e, 0x00, 0x0d, 0x00, 0xc5, 0x00, 0xc4, 0x00,
    0xac, 0x00, 0xcc, 0x00, 0xcc, 0x00, 0x4d, 0x00, 0x6d, 0x00, 0x8a, 0x00, 0xa6, 0x00, 0x6b, 0x00,
    0x0c, 0x00, 0x8b, 0x00, 0xa9, 0x00, 0x20, 0x00, 0x00, 0x00, 0x00, 0x00, 0x00, 0x00, 0x00, 0x00,
    0x00, 0x00, 0x00, 0x00, 0x00, 0x00, 0x00, 0x00, 0x00, 0x00, 0x00, 0x00, 0x00, 0x00, 0x00, 0x00,
    0x00, 0x00, 0x00, 0x00, 0x00, 0x00, 0x00, 0x00, 0x00, 0x00, 0x00, 0x00, 0x00, 0x00, 0x00, 0x00,
    0x00, 0x00, 0x00, 0x00, 0x00, 0x00, 0x00, 0x00, 0x00, 0x00, 0x00, 0x00, 0x00, 0x00, 0x00, 0x00,
    0x00, 0x00, 0x00, 0x00, 0x00, 0x00, 0x00, 0x00, 0x00, 0x00, 0x00, 0x00, 0x00, 0x00, 0x00, 0x00,
    0x00, 0x00, 0x00, 0x00, 0x03, 0x00, 0x26, 0x00, 0x47, 0x00, 0x26, 0x00, 0xe5, 0x00, 0xaa, 0x00,
    0x2b, 0x00, 0x4b, 0x00, 0xac, 0x00, 0x2b, 0x00, 0x2c, 0x00, 0x4e, 0x00, 0xe5, 0x00, 0x48, 0x00,
    0xcd, 0x00, 0xec, 0x00, 0x2d, 0x00, 0x0d, 0x00, 0x4d, 0x00, 0x6d, 0x00, 0x2c, 0x00, 0x6a, 0x00,
    0x27, 0x00, 0x2a, 0x00, 0x63, 0x00, 0x00, 0x00, 0x00, 0x00, 0x00, 0x00, 0x00, 0x00, 0x00, 0x00,
    0x00, 0x00, 0x00, 0x00, 0x00, 0x00, 0x00, 0x00, 0x00, 0x00, 0x00, 0x00, 0x00, 0x00, 0x20, 0x00,
    0x00, 0x00, 0x00, 0x00, 0x00, 0x00, 0x00, 0x00, 0x00, 0x00, 0x00, 0x00, 0x00, 0x00, 0x00, 0x00,
    0x00, 0x00, 0x00, 0x00, 0x00, 0x00, 0x00, 0x00, 0x00, 0x00, 0x00, 0x00, 0x00, 0x00, 0x00, 0x00,
    0x00, 0x00, 0x00, 0x00, 0x00, 0x00, 0x00, 0x00, 0x00, 0x00, 0x00, 0x00, 0x00, 0x00, 0x00, 0x00,
    0x00, 0x00, 0xe2, 0x00, 0x29, 0x00, 0x09, 0x00, 0xa7, 0x00, 0x06, 0x00, 0x69, 0x00, 0xca, 0x00,
    0xeb, 0x00, 0x0b, 0x00, 0xeb, 0x00, 0xca, 0x00, 0x0a, 0x00, 0xac, 0x00, 0xcc, 0x00, 0xed, 0x00,
    0xed, 0x00, 0x8b, 0x00, 0xa9, 0x00, 0x0c, 0x00, 0x6d, 0x00, 0x6a, 0x00, 0xe9, 0x00, 0x88, 0x00,
    0x89, 0x00, 0x86, 0x00, 0x00, 0x00, 0x00, 0x00, 0x00, 0x00, 0x00, 0x00, 0x00, 0x00, 0x00, 0x00,
    0x00, 0x00, 0x00, 0x00, 0x00, 0x00, 0x00, 0x00, 0x00, 0x00, 0x00, 0x00, 0x02, 0x00, 0x43, 0x00,
    0x00, 0x00, 0x00, 0x00, 0x00, 0x00, 0x00, 0x00, 0x00, 0x00, 0x00, 0x00, 0x00, 0x00, 0x00, 0x00,
    0x00, 0x00, 0x00, 0x00, 0x00, 0x00, 0x00, 0x00, 0x00, 0x00, 0x00, 0x00, 0x00, 0x00, 0x00, 0x00,
    0x00, 0x00, 0x00, 0x00, 0x00, 0x00, 0x00, 0x00, 0x00, 0x00, 0x00, 0x00, 0x00, 0x00, 0x00, 0x00,
    0x00, 0x00, 0xe5, 0x00, 0x46, 0x00, 0xe5, 0x00, 0x06, 0x00, 0xe5, 0x00, 0x09, 0x00, 0x49, 0x00,
    0xaa, 0x00, 0xcb, 0x00, 0x0b, 0x00, 0x49, 0x00, 0x63, 0x00, 0xc7, 0x00, 0xed, 0x00, 0xac, 0x00,
    0xcc, 0x00, 0xac, 0x00, 0x08, 0x00, 0xac, 0x00, 0x2d, 0x00, 0xec, 0x00, 0x8b, 0x00, 0x89, 0x00,
    0x28, 0x00, 0x20, 0x00, 0x00, 0x00, 0x00, 0x00, 0x00, 0x00, 0x00, 0x00, 0x00, 0x00, 0x00, 0x00,
    0x00, 0x00, 0x00, 0x00, 0x00, 0x00, 0x00, 0x00, 0xc2, 0x00, 0xe4, 0x00, 0x6a, 0x00, 0xc4, 0x00,
    0x00, 0x00, 0x00, 0x00, 0x00, 0x00, 0x00, 0x00, 0x00, 0x00, 0x00, 0x00, 0x00, 0x00, 0x00, 0x00,
    0x00, 0x00, 0x00, 0x00, 0x00, 0x00, 0x00, 0x00, 0x00, 0x00, 0x00, 0x00, 0x00, 0x00, 0x00, 0x00,
    0x00, 0x00, 0x00, 0x00, 0x00, 0x00, 0x00, 0x00, 0x00, 0x00, 0x00, 0x00, 0x00, 0x00, 0x00, 0x00,
    0x00, 0x00, 0x00, 0x00, 0x00, 0x00, 0x00, 0x00, 0x00, 0x00, 0x43, 0x00, 0x26, 0x00, 0x67, 0x00,
    0xe8, 0x00, 0x6a, 0x00, 0xaa, 0x00, 0xcb, 0x00, 0x28, 0x00, 0xe5, 0x00, 0x69, 0x00, 0x8c, 0x00,
    0x8c, 0x00, 0x8c, 0x00, 0xed, 0x00, 0xcc, 0x00, 0xac, 0x00, 0xab, 0x00, 0xa9, 0x00, 0xa7, 0x00,
    0x61, 0x00, 0x00, 0x00, 0x00, 0x00, 0x00, 0x00, 0x00, 0x00, 0x00, 0x00, 0x00, 0x00, 0xe2, 0x00,
    0xe4, 0x00, 0x00, 0x00, 0xe4, 0x00, 0x09, 0x00, 0x0b, 0x00, 0xeb, 0x00, 0xcb, 0x00, 0x22, 0x00,
    0x00, 0x00, 0x00, 0x00, 0x00, 0x00, 0x00, 0x00, 0x00, 0x00, 0x00, 0x00, 0x00, 0x00, 0x00, 0x00,
    0x00, 0x00, 0x00, 0x00, 0x00, 0x00, 0x00, 0x00, 0x00, 0x00, 0x00, 0x00, 0x00, 0x00, 0x00, 0x00,
    0x00, 0x00, 0x00, 0x00, 0x00, 0x00, 0x00, 0x00, 0x00, 0x00, 0x00, 0x00, 0x00, 0x00, 0x00, 0x00,
    0x00, 0x00, 0xa1, 0x00, 0xc2, 0x00, 0x00, 0x00, 0x00, 0x00, 0x87, 0x00, 0xc8, 0x00, 0xa4, 0x00,
    0x43, 0x00, 0x06, 0x00, 0x67, 0x00, 0x08, 0x00, 0xea, 0x00, 0x0b, 0x00, 0x29, 0x00, 0x28, 0x00,
    0x49, 0x00, 0x69, 0x00, 0xea, 0x00, 0x2b, 0x00, 0x4b, 0x00, 0x2b, 0x00, 0x46, 0x00, 0x40, 0x00,
    0x00, 0x00, 0x00, 0x00, 0x00, 0x00, 0x00, 0x00, 0x00, 0x00, 0x00, 0x00, 0xe2, 0x00, 0xab, 0x00,
    0x45, 0x00, 0x88, 0x00, 0xcd, 0x00, 0x4c, 0x00, 0x8a, 0x00, 0xcb, 0x00, 0x09, 0x00, 0x81, 0x00,
    0x00, 0x00, 0x00, 0x00, 0x00, 0x00, 0x00, 0x00, 0x00, 0x00, 0x00, 0x00, 0x00, 0x00, 0x00, 0x00,
    0x00, 0x00, 0x00, 0x00, 0x00, 0x00, 0x00, 0x00, 0x00, 0x00, 0x00, 0x00, 0x00, 0x00, 0x00, 0x00,
    0x00, 0x00, 0x00, 0x00, 0x00, 0x00, 0x00, 0x00, 0x00, 0x00, 0x00, 0x00, 0x00, 0x00, 0x08, 0x00,
    0x43, 0x00, 0x86, 0x00, 0xa9, 0x00, 0x00, 0x00, 0x20, 0x00, 0x05, 0x00, 0xe2, 0x00, 0x84, 0x00,
    0xa5, 0x00, 0x26, 0x00, 0x26, 0x00, 0xa4, 0x00, 0x05, 0x00, 0x46, 0x00, 0xe8, 0x00, 0x08, 0x00,
    0xc8, 0x00, 0xa7, 0x00, 0xc7, 0x00, 0x08, 0x00, 0x08, 0x00, 0xe5, 0x00, 0x00, 0x00, 0x00, 0x00,
    0x00, 0x00, 0x00, 0x00, 0x00, 0x00, 0x00, 0x00, 0x00, 0x00, 0x61, 0x00, 0x8a, 0x00, 0x6a, 0x00,
    0xe6, 0x00, 0x0b, 0x00, 0xcb, 0x00, 0x6a, 0x00, 0x8a, 0x00, 0xab, 0x00, 0x07, 0x00, 0x00, 0x00,
    0x00, 0x00, 0x00, 0x00, 0x00, 0x00, 0x00, 0x00, 0x00, 0x00, 0x00, 0x00, 0x00, 0x00, 0x00, 0x00,
    0x00, 0x00, 0x00, 0x00, 0x00, 0x00, 0x00, 0x00, 0x00, 0x00, 0x00, 0x00, 0x00, 0x00, 0x00, 0x00,
    0x00, 0x00, 0x00, 0x00, 0x00, 0x00, 0x00, 0x00, 0x00, 0x00, 0x00, 0x00, 0x00, 0x00, 0x28, 0x00,
    0x2b, 0x00, 0x87, 0x00, 0x8b, 0x00, 0xc2, 0x00, 0x00, 0x00, 0x00, 0x00, 0x00, 0x00, 0x26, 0x00,
    0x26, 0x00, 0x67, 0x00, 0xc8, 0x00, 0x26, 0x00, 0x45, 0x00, 0x66, 0x00, 0x25, 0x00, 0xc4, 0x00,
    0xe5, 0x00, 0x46, 0x00, 0x87, 0x00, 0x86, 0x00, 0x84, 0x00, 0x00, 0x00, 0x00, 0x00, 0x00, 0x00,
    0x00, 0x00, 0x00, 0x00, 0x00, 0x00, 0x00, 0x00, 0x00, 0x00, 0x86, 0x00, 0x0c, 0x00, 0x09, 0x00,
    0x0a, 0x00, 0x4a, 0x00, 0xeb, 0x00, 0x8a, 0x00, 0x6a, 0x00, 0x0a, 0x00, 0x02, 0x00, 0x00, 0x00,
    0x00, 0x00, 0x00, 0x00, 0x00, 0x00, 0x00, 0x00, 0x00, 0x00, 0x00, 0x00, 0x00, 0x00, 0x00, 0x00,
    0x00, 0x00, 0x00, 0x00, 0x00, 0x00, 0x00, 0x00, 0x00, 0x00, 0x00, 0x00, 0x00, 0x00, 0x00, 0x00,
    0x00, 0x00, 0x00, 0x00, 0x00, 0x00, 0x00, 0x00, 0x00, 0x00, 0x81, 0x00, 0x23, 0x00, 0x84, 0x00,
    0x2b, 0x00, 0x68, 0x00, 0x0a, 0x00, 0xa4, 0x00, 0x00, 0x00, 0x00, 0x00, 0x00, 0x00, 0x46, 0x00,
    0x67, 0x00, 0x87, 0x00, 0x29, 0x00, 0xe8, 0x00, 0x86, 0x00, 0x27, 0x00, 0x48, 0x00, 0x27, 0x00,
    0x86, 0x00, 0x05, 0x00, 0x07, 0x00, 0xa4, 0x00, 0x00, 0x00, 0x00, 0x00, 0x00, 0x00, 0x00, 0x00,
    0x00, 0x00, 0x00, 0x00, 0x00, 0x00, 0x00, 0x00, 0x40, 0x00, 0xc9, 0x00, 0x8b, 0x00, 0x88, 0x00,
    0xa9, 0x00, 0xcb, 0x00, 0xab, 0x00, 0x4a, 0x00, 0x28, 0x00, 0x43, 0x00, 0x00, 0x00, 0x00, 0x00,
    0x00, 0x00, 0x00, 0x00, 0x00, 0x00, 0x00, 0x00, 0x00, 0x00, 0x00, 0x00, 0x00, 0x00, 0x00, 0x00,
    0x00, 0x00, 0x00, 0x00, 0x00, 0x00, 0x00, 0x00, 0x00, 0x00, 0x00, 0x00, 0x00, 0x00, 0x00, 0x00,
    0x00, 0x00, 0x00, 0x00, 0x00, 0x00, 0x00, 0x00, 0x00, 0x00, 0xa2, 0x00, 0x69, 0x00, 0x69, 0x00,
    0x08, 0x00, 0xea, 0x00, 0x8b, 0x00, 0x43, 0x00, 0x25, 0x00, 0x02, 0x00, 0x00, 0x00, 0x64, 0x00,
    0xc2, 0x00, 0xe5, 0x00, 0xe8, 0x00, 0x69, 0x00, 0x69, 0x00, 0x88, 0x00, 0x68, 0x00, 0xa9, 0x00,
    0xc9, 0x00, 0x68, 0x00, 0xea, 0x00, 0x48, 0x00, 0x00, 0x00, 0x00, 0x00, 0x00, 0x00, 0x00, 0x00,
    0x00, 0x00, 0x00, 0x00, 0x00, 0x00, 0xe2, 0x00, 0xc4, 0x00, 0xc9, 0x00, 0xc9, 0x00, 0x28, 0x00,
    0x0a, 0x00, 0x0a, 0x00, 0x48, 0x00, 0x84, 0x00, 0x40, 0x00, 0x00, 0x00, 0x00, 0x00, 0x00, 0x00,
    0x00, 0x00, 0x00, 0x00, 0x00, 0x00, 0x00, 0x00, 0x00, 0x00, 0x00, 0x00, 0x00, 0x00, 0x00, 0x00,
    0x00, 0x00, 0x00, 0x00, 0x00, 0x00, 0x00, 0x00, 0x00, 0x00, 0x00, 0x00, 0x00, 0x00, 0x00, 0x00,
    0x00, 0x00, 0x00, 0x00, 0x00, 0x00, 0x00, 0x00, 0x00, 0x00, 0x00, 0x00, 0x64, 0x00, 0x0a, 0x00,
    0x4b, 0x00, 0x0a, 0x00, 0xa9, 0x00, 0xa9, 0x00, 0x0c, 0x00, 0x23, 0x00, 0x00, 0x00, 0x00, 0x00,
    0x00, 0x00, 0xa4, 0x00, 0x87, 0x00, 0xc7, 0x00, 0x89, 0x00, 0xe9, 0x00, 0x6a, 0x00, 0x2a, 0x00,
    0x2a, 0x00, 0x09, 0x00, 0xc9, 0x00, 0x2a, 0x00, 0x43, 0x00, 0x00, 0x00, 0x00, 0x00, 0x00, 0x00,
    0x00, 0x00, 0x00, 0x00, 0x00, 0x00, 0xe5, 0x00, 0xe7, 0x00, 0xa9, 0x00, 0x28, 0x00, 0x89, 0x00,
    0xa9, 0x00, 0xc9, 0x00, 0x48, 0x00, 0x66, 0x00, 0xc2, 0x00, 0x00, 0x00, 0x00, 0x00, 0x00, 0x00,
    0x00, 0x00, 0x00, 0x00, 0x00, 0x00, 0x00, 0x00, 0x00, 0x00, 0x00, 0x00, 0x00, 0x00, 0x00, 0x00,
    0x00, 0x00, 0x00, 0x00, 0x00, 0x00, 0x00, 0x00, 0x00, 0x00, 0x00, 0x00, 0x00, 0x00, 0x00, 0x00,
    0x00, 0x00, 0x00, 0x00, 0x00, 0x00, 0x00, 0x00, 0x00, 0x00, 0x00, 0x00, 0x20, 0x00, 0x46, 0x00,
    0x6b, 0x00, 0x6b, 0x00, 0x4b, 0x00, 0x0c, 0x00, 0x2a, 0x00, 0x81, 0x00, 0x00, 0x00, 0x00, 0x00,
    0x00, 0x00, 0x66, 0x00, 0x48, 0x00, 0x89, 0x00, 0xc9, 0x00, 0x89, 0x00, 0xcb, 0x00, 0xeb, 0x00,
    0x2c, 0x00, 0x4d, 0x00, 0x8b, 0x00, 0x0c, 0x00, 0xe9, 0x00, 0x43, 0x00, 0x00, 0x00, 0x00, 0x00,
    0x00, 0x00, 0x00, 0x00, 0x00, 0x00, 0x25, 0x00, 0x89, 0x00, 0x48, 0x00, 0xe8, 0x00, 0x48, 0x00,
    0xa7, 0x00, 0x63, 0x00, 0xa1, 0x00, 0x81, 0x00, 0x40, 0x00, 0x00, 0x00, 0x00, 0x00, 0x00, 0x00,
    0x00, 0x00, 0x00, 0x00, 0x00, 0x00, 0x00, 0x00, 0x00, 0x00, 0x00, 0x00, 0x00, 0x00, 0x00, 0x00,
    0x00, 0x00, 0x00, 0x00, 0x00, 0x00, 0x00, 0x00, 0x00, 0x00, 0x00, 0x00, 0x00, 0x00, 0x00, 0x00,
    0x00, 0x00, 0x00, 0x00, 0x00, 0x00, 0x00, 0x00, 0x00, 0x00, 0x00, 0x00, 0x00, 0x00, 0x81, 0x00,
    0x49, 0x00, 0x6b, 0x00, 0x8c, 0x00, 0xea, 0x00, 0x05, 0x00, 0x00, 0x00, 0x00, 0x00, 0x00, 0x00,
    0x45, 0x00, 0xab, 0x00, 0x8a, 0x00, 0xeb, 0x00, 0xeb, 0x00, 0x6a, 0x00, 0xa9, 0x00, 0x0c, 0x00,
    0x8e, 0x00, 0x2f, 0x00, 0x70, 0x00, 0xae, 0x00, 0xec, 0x00, 0xa9, 0x00, 0xc1, 0x00, 0x00, 0x00,
    0x00, 0x00, 0x00, 0x00, 0x00, 0x00, 0xe5, 0x00, 0x69, 0x00, 0xe8, 0x00, 0xc7, 0x00, 0x46, 0x00,
    0x40, 0x00, 0x00, 0x00, 0x00, 0x00, 0x00, 0x00, 0x00, 0x00, 0x00, 0x00, 0x00, 0x00, 0x00, 0x00,
    0x00, 0x00, 0x00, 0x00, 0x00, 0x00, 0x00, 0x00, 0x00, 0x00, 0x00, 0x00, 0x00, 0x00, 0x00, 0x00,
    0x00, 0x00, 0x00, 0x00, 0x00, 0x00, 0x00, 0x00, 0x00, 0x00, 0x00, 0x00, 0x00, 0x00, 0x00, 0x00,
    0x00, 0x00, 0x00, 0x00, 0x00, 0x00, 0x00, 0x00, 0x00, 0x00, 0x00, 0x00, 0x00, 0x00, 0x00, 0x00,
    0x64, 0x00, 0xca, 0x00, 0x89, 0x00, 0x08, 0x00, 0xc7, 0x00, 0xc1, 0x00, 0x00, 0x00, 0xc4, 0x00,
    0x8b, 0x00, 0x4c, 0x00, 0x4d, 0x00, 0x0c, 0x00, 0xcb, 0x00, 0xeb, 0x00, 0x88, 0x00, 0xae, 0x00,
    0xce, 0x00, 0x8e, 0x00, 0x91, 0x00, 0x0f, 0x00, 0x6e, 0x00, 0x6d, 0x00, 0x66, 0x00, 0x20, 0x00,
    0x00, 0x00, 0x00, 0x00, 0x00, 0x00, 0x43, 0x00, 0x49, 0x00, 0x28, 0x00, 0xc7, 0x00, 0x81, 0x00,
    0x00, 0x00, 0x00, 0x00, 0x00, 0x00, 0x00, 0x00, 0x00, 0x00, 0x00, 0x00, 0x00, 0x00, 0x00, 0x00,
    0x00, 0x00, 0x00, 0x00, 0x00, 0x00, 0x00, 0x00, 0x00, 0x00, 0x00, 0x00, 0x00, 0x00, 0x00, 0x00,
    0x00, 0x00, 0x00, 0x00, 0x00, 0x00, 0x00, 0x00, 0x00, 0x00, 0x00, 0x00, 0x00, 0x00, 0x00, 0x00,
    0x00, 0x00, 0x00, 0x00, 0x00, 0x00, 0x00, 0x00, 0x00, 0x00, 0x00, 0x00, 0x00, 0x00, 0x00, 0x00,
    0x00, 0x00, 0x66, 0x00, 0x29, 0x00, 0x69, 0x00, 0x4b, 0x00, 0xea, 0x00, 0x86, 0x00, 0xc9, 0x00,
    0xab, 0x00, 0x8b, 0x00, 0xec, 0x00, 0x8b, 0x00, 0xac, 0x00, 0xab, 0x00, 0x88, 0x00, 0xce, 0x00,
    0xd1, 0x00, 0x50, 0x00, 0xcf, 0x00, 0x2d, 0x00, 0x70, 0x00, 0x30, 0x00, 0x88, 0x00, 0xc2, 0x00,
    0x00, 0x00, 0x00, 0x00, 0x00, 0x00, 0x40, 0x00, 0xa7, 0x00, 0x69, 0x00, 0xa7, 0x00, 0x20, 0x00,
    0x00, 0x00, 0x00, 0x00, 0x00, 0x00, 0x00, 0x00, 0x00, 0x00, 0x00, 0x00, 0x00, 0x00, 0x00, 0x00,
    0x00, 0x00, 0x00, 0x00, 0x00, 0x00, 0x00, 0x00, 0x00, 0x00, 0x00, 0x00, 0x00, 0x00, 0x00, 0x00,
    0x00, 0x00, 0x00, 0x00, 0x00, 0x00, 0x00, 0x00, 0x00, 0x00, 0x00, 0x00, 0x00, 0x00, 0x00, 0x00,
    0x00, 0x00, 0x00, 0x00, 0x00, 0x00, 0x00, 0x00, 0x00, 0x00, 0x00, 0x00, 0x20, 0x00, 0xa1, 0x00,
    0x23, 0x00, 0x84, 0x00, 0xa7, 0x00, 0x49, 0x00, 0x2b, 0x00, 0x6b, 0x00, 0xea, 0x00, 0xa9, 0x00,
    0x2b, 0x00, 0x0a, 0x00, 0x4b, 0x00, 0x0a, 0x00, 0x2b, 0x00, 0x6b, 0x00, 0xa9, 0x00, 0x4d, 0x00,
    0xd1, 0x00, 0x90, 0x00, 0xd1, 0x00, 0x71, 0x00, 0x10, 0x00, 0x91, 0x00, 0x2a, 0x00, 0xc4, 0x00,
    0x00, 0x00, 0x00, 0x00, 0x00, 0x00, 0xa1, 0x00, 0xc5, 0x00, 0x49, 0x00, 0xe8, 0x00, 0x41, 0x00,
    0x00, 0x00, 0x00, 0x00, 0x00, 0x00, 0x00, 0x00, 0x00, 0x00, 0x00, 0x00, 0x00, 0x00, 0x00, 0x00,
    0x00, 0x00, 0x00, 0x00, 0x00, 0x00, 0x00, 0x00, 0x00, 0x00, 0x00, 0x00, 0x00, 0x00, 0x00, 0x00,
    0x00, 0x00, 0x00, 0x00, 0x00, 0x00, 0x00, 0x00, 0x00, 0x00, 0x00, 0x00, 0x00, 0x00, 0x00, 0x00,
    0x00, 0x00, 0x00, 0x00, 0x00, 0x00, 0x00, 0x00, 0x23, 0x00, 0x86, 0x00, 0xa9, 0x00, 0xaa, 0x00,
    0x49, 0x00, 0x06, 0x00, 0xe5, 0x00, 0xe8, 0x00, 0x89, 0x00, 0x0a, 0x00, 0xca, 0x00, 0x89, 0x00,
    0x2b, 0x00, 0xca, 0x00, 0x0b, 0x00, 0xea, 0x00, 0x0a, 0x00, 0x2a, 0x00, 0x68, 0x00, 0x4a, 0x00,
    0x50, 0x00, 0x91, 0x00, 0x50, 0x00, 0xb1, 0x00, 0xef, 0x00, 0x30, 0x00, 0xa9, 0x00, 0x25, 0x00,
    0x00, 0x00, 0x00, 0x00, 0x00, 0x00, 0x23, 0x00, 0x67, 0x00, 0x66, 0x00, 0x69, 0x00, 0xa4, 0x00,
    0x00, 0x00, 0x00, 0x00, 0x00, 0x00, 0x00, 0x00, 0x00, 0x00, 0x00, 0x00, 0x00, 0x00, 0x00, 0x00,
    0x00, 0x00, 0x00, 0x00, 0x00, 0x00, 0x00, 0x00, 0x00, 0x00, 0x00, 0x00, 0x00, 0x00, 0x00, 0x00,
    0x00, 0x00, 0x00, 0x00, 0x00, 0x00, 0x00, 0x00, 0x00, 0x00, 0x00, 0x00, 0x00, 0x00, 0x00, 0x00,
    0x00, 0x00, 0x00, 0x00, 0x00, 0x00, 0x61, 0x00, 0xe5, 0x00, 0xe8, 0x00, 0xe8, 0x00, 0x46, 0x00,
    0x66, 0x00, 0x67, 0x00, 0x84, 0x00, 0xc8, 0x00, 0x69, 0x00, 0x69, 0x00, 0x69, 0x00, 0x0b, 0x00,
    0x2b, 0x00, 0xaa, 0x00, 0x89, 0x00, 0x49, 0x00, 0xaa, 0x00, 0xea, 0x00, 0xe7, 0x00, 0x6d, 0x00,
    0x8b, 0x00, 0xae, 0x00, 0x0f, 0x00, 0x50, 0x00, 0x71, 0x00, 0xcf, 0x00, 0xc7, 0x00, 0x05, 0x00,
    0x00, 0x00, 0x00, 0x00, 0x00, 0x00, 0x00, 0x00, 0x46, 0x00, 0x46, 0x00, 0x28, 0x00, 0x89, 0x00,
    0x02, 0x00, 0x00, 0x00, 0x00, 0x00, 0x00, 0x00, 0x00, 0x00, 0x00, 0x00, 0x00, 0x00, 0x00, 0x00,
    0x00, 0x00, 0x00, 0x00, 0x00, 0x00, 0x00, 0x00, 0x00, 0x00, 0x00, 0x00, 0x00, 0x00, 0x00, 0x00,
    0x00, 0x00, 0x00, 0x00, 0x00, 0x00, 0x00, 0x00, 0x00, 0x00, 0x00, 0x00, 0x00, 0x00, 0x00, 0x00,
    0x00, 0x00, 0x00, 0x00, 0x00, 0x00, 0x00, 0x00, 0xa1, 0x00, 0x05, 0x00, 0x26, 0x00, 0xc8, 0x00,
    0xe8, 0x00, 0xa8, 0x00, 0xe5, 0x00, 0xa5, 0x00, 0xa8, 0x00, 0xc8, 0x00, 0x08, 0x00, 0x49, 0x00,
    0xc7, 0x00, 0x87, 0x00, 0xc8, 0x00, 0x49, 0x00, 0x89, 0x00, 0x08, 0x00, 0xea, 0x00, 0xef, 0x00,
    0x6d, 0x00, 0x6b, 0x00, 0xcc, 0x00, 0x30, 0x00, 0x91, 0x00, 0xac, 0x00, 0x28, 0x00, 0x63, 0x00,
    0x00, 0x00, 0x00, 0x00, 0x00, 0x00, 0x00, 0x00, 0x61, 0x00, 0x46, 0x00, 0xa7, 0x00, 0x89, 0x00,
    0xa9, 0x00, 0xe2, 0x00, 0x02, 0x00, 0x00, 0x00, 0x00, 0x00, 0x00, 0x00, 0x00, 0x00, 0x00, 0x00,
    0x00, 0x00, 0x00, 0x00, 0x00, 0x00, 0x00, 0x00, 0x00, 0x00, 0x00, 0x00, 0x00, 0x00, 0x00, 0x00,
    0x00, 0x00, 0x00, 0x00, 0x00, 0x00, 0x00, 0x00, 0x00, 0x00, 0x00, 0x00, 0x00, 0x00, 0x00, 0x00,
    0x00, 0x00, 0x00, 0x00, 0x00, 0x00, 0xa4, 0x00, 0x69, 0x00, 0xa7, 0x00, 0x69, 0x00, 0x29, 0x00,
    0xc8, 0x00, 0xe8, 0x00, 0x08, 0x00, 0x87, 0x00, 0xe5, 0x00, 0xe5, 0x00, 0xc5, 0x00, 0xa5, 0x00,
    0xc5, 0x00, 0x26, 0x00, 0x08, 0x00, 0xe8, 0x00, 0xe8, 0x00, 0x86, 0x00, 0x8b, 0x00, 0x2d, 0x00,
    0x4d, 0x00, 0x4d, 0x00, 0xab, 0x00, 0x2d, 0x00, 0x0d, 0x00, 0x2a, 0x00, 0x28, 0x00, 0xa1, 0x00,
    0x00, 0x00, 0x00, 0x00, 0x00, 0x00, 0x00, 0x00, 0x00, 0x00, 0x61, 0x00, 0xe5, 0x00, 0xe8, 0x00,
    0xca, 0x00, 0x28, 0x00, 0x25, 0x00, 0x61, 0x00, 0x00, 0x00, 0x00, 0x00, 0x00, 0x00, 0x00, 0x00,
    0x00, 0x00, 0x00, 0x00, 0x00, 0x00, 0x00, 0x00, 0x00, 0x00, 0x00, 0x00, 0x00, 0x00, 0x00, 0x00,
    0x00, 0x00, 0x00, 0x00, 0x00, 0x00, 0x00, 0x00, 0x00, 0x00, 0x00, 0x00, 0x00, 0x00, 0x00, 0x00,
    0x00, 0x00, 0x00, 0x00, 0x43, 0x00, 0xca, 0x00, 0x67, 0x00, 0x29, 0x00, 0xc8, 0x00, 0xc7, 0x00,
    0xaa, 0x00, 0x0b, 0x00, 0xaa, 0x00, 0x69, 0x00, 0xa8, 0x00, 0x46, 0x00, 0x26, 0x00, 0x47, 0x00,
    0x87, 0x00, 0xa8, 0x00, 0xa8, 0x00, 0xc8, 0x00, 0xc7, 0x00, 0xa9, 0x00, 0x88, 0x00, 0x6a, 0x00,
    0xec, 0x00, 0x2d, 0x00, 0x8e, 0x00, 0xcc, 0x00, 0x8b, 0x00, 0x4b, 0x00, 0x25, 0x00, 0x41, 0x00,
    0x00, 0x00, 0x00, 0x00, 0x00, 0x00, 0x00, 0x00, 0x00, 0x00, 0x00, 0x00, 0x40, 0x00, 0xa4, 0x00,
    0xe7, 0x00, 0xc9, 0x00, 0x07, 0x00, 0x84, 0x00, 0x00, 0x00, 0x00, 0x00, 0x00, 0x00, 0x00, 0x00,
    0x00, 0x00, 0x00, 0x00, 0x00, 0x00, 0x00, 0x00, 0x00, 0x00, 0x00, 0x00, 0x00, 0x00, 0x00, 0x00,
    0x00, 0x00, 0x00, 0x00, 0x00, 0x00, 0x00, 0x00, 0x00, 0x00, 0x00, 0x00, 0x00, 0x00, 0x00, 0x00,
    0x00, 0x00, 0x40, 0x00, 0x69, 0x00, 0x46, 0x00, 0xc8, 0x00, 0xc8, 0x00, 0x28, 0x00, 0x2b, 0x00,
    0x4b, 0x00, 0x2b, 0x00, 0xea, 0x00, 0x08, 0x00, 0xa7, 0x00, 0x08, 0x00, 0x07, 0x00, 0x86, 0x00,
    0x47, 0x00, 0xa8, 0x00, 0xe9, 0x00, 0xa7, 0x00, 0x07, 0x00, 0x2a, 0x00, 0xc9, 0x00, 0x68, 0x00,
    0xcc, 0x00, 0xcc, 0x00, 0x4d, 0x00, 0xec, 0x00, 0xec, 0x00, 0x86, 0x00, 0xc5, 0x00, 0x20, 0x00,
    0x00, 0x00, 0x00, 0x00, 0x00, 0x00, 0x00, 0x00, 0x00, 0x00, 0x00, 0x00, 0x20, 0x00, 0x43, 0x00,
    0xe5, 0x00, 0x89, 0x00, 0xa9, 0x00, 0xa7, 0x00, 0x40, 0x00, 0x00, 0x00, 0x00, 0x00, 0x00, 0x00,
    0x00, 0x00, 0x00, 0x00, 0x00, 0x00, 0x00, 0x00, 0x00, 0x00, 0x00, 0x00, 0x00, 0x00, 0x00, 0x00,
    0x00, 0x00, 0x00, 0x00, 0x00, 0x00, 0x00, 0x00, 0x00, 0x00, 0x00, 0x00, 0x00, 0x00, 0x00, 0x00,
    0x00, 0x00, 0x64, 0x00, 0xa5, 0x00, 0xe5, 0x00, 0xe8, 0x00, 0x28, 0x00, 0x8c, 0x00, 0x6b, 0x00,
    0xac, 0x00, 0x0a, 0x00, 0x28, 0x00, 0x48, 0x00, 0x8b, 0x00, 0x6d, 0x00, 0xad, 0x00, 0x2c, 0x00,
    0x28, 0x00, 0x67, 0x00, 0xc8, 0x00, 0x07, 0x00, 0x48, 0x00, 0x0a, 0x00, 0x6b, 0x00, 0x88, 0x00,
    0xe9, 0x00, 0xcc, 0x00, 0xcc, 0x00, 0xab, 0x00, 0x07, 0x00, 0xc5, 0x00, 0x87, 0x00, 0x81, 0x00,
    0x00, 0x00, 0x00, 0x00, 0x00, 0x00, 0x00, 0x00, 0x00, 0x00, 0x00, 0x00, 0x00, 0x00, 0xc2, 0x00,
    0x05, 0x00, 0x08, 0x00, 0xe9, 0x00, 0x89, 0x00, 0xa4, 0x00, 0x00, 0x00, 0x00, 0x00, 0x00, 0x00,
    0x00, 0x00, 0x00, 0x00, 0x00, 0x00, 0x00, 0x00, 0x00, 0x00, 0x00, 0x00, 0x00, 0x00, 0x00, 0x00,
    0x00, 0x00, 0x00, 0x00, 0x00, 0x00, 0x00, 0x00, 0x00, 0x00, 0x00, 0x00, 0x00, 0x00, 0x00, 0x00,
    0x00, 0x00, 0x40, 0x00, 0xa2, 0x00, 0xa8, 0x00, 0xe8, 0x00, 0x2b, 0x00, 0x6b, 0x00, 0xed, 0x00,
    0x0a, 0x00, 0x28, 0x00, 0xa9, 0x00, 0x8b, 0x00, 0x2d, 0x00, 0x8d, 0x00, 0x0e, 0x00, 0xad, 0x00,
    0x2c, 0x00, 0xc6, 0x00, 0x07, 0x00, 0x89, 0x00, 0x28, 0x00, 0xc9, 0x00, 0x6b, 0x00, 0x0a, 0x00,
    0x89, 0x00, 0x6b, 0x00, 0x6b, 0x00, 0x27, 0x00, 0x84, 0x00, 0x87, 0x00, 0x28, 0x00, 0x02, 0x00,
    0x00, 0x00, 0x00, 0x00, 0x00, 0x00, 0x00, 0x00, 0x00, 0x00, 0x00, 0x00, 0x00, 0x00, 0x00, 0x00,
    0xc2, 0x00, 0x08, 0x00, 0xea, 0x00, 0xa9, 0x00, 0xe7, 0x00, 0x00, 0x00, 0x00, 0x00, 0x00, 0x00,
    0x00, 0x00, 0x00, 0x00, 0x00, 0x00, 0x00, 0x00, 0x00, 0x00, 0x00, 0x00, 0x00, 0x00, 0x00, 0x00,
    0x00, 0x00, 0x00, 0x00, 0x00, 0x00, 0x00, 0x00, 0x00, 0x00, 0x00, 0x00, 0x00, 0x00, 0x00, 0x00,
    0x00, 0x00, 0x00, 0x00, 0x06, 0x00, 0xe8, 0x00, 0xaa, 0x00, 0xca, 0x00, 0x4b, 0x00, 0xea, 0x00,
    0x28, 0x00, 0x89, 0x00, 0xa9, 0x00, 0x2b, 0x00, 0x4d, 0x00, 0x2d, 0x00, 0x4d, 0x00, 0x2c, 0x00,
    0x2d, 0x00, 0x0a, 0x00, 0x66, 0x00, 0x89, 0x00, 0x28, 0x00, 0x68, 0x00, 0xea, 0x00, 0xc9, 0x00,
    0x4b, 0x00, 0x68, 0x00, 0x48, 0x00, 0xa4, 0x00, 0x26, 0x00, 0xe7, 0x00, 0xa9, 0x00, 0x05, 0x00,
    0x00, 0x00, 0x00, 0x00, 0x00, 0x00, 0x00, 0x00, 0x00, 0x00, 0x00, 0x00, 0x00, 0x00, 0x00, 0x00,
    0x00, 0x00, 0x05, 0x00, 0x0a, 0x00, 0x89, 0x00, 0x28, 0x00, 0xe2, 0x00, 0x61, 0x00, 0x00, 0x00,
    0x00, 0x00, 0x00, 0x00, 0x00, 0x00, 0x00, 0x00, 0x00, 0x00, 0x00, 0x00, 0x00, 0x00, 0x00, 0x00,
    0x00, 0x00, 0x00, 0x00, 0x00, 0x00, 0x00, 0x00, 0x00, 0x00, 0x00, 0x00, 0x00, 0x00, 0x00, 0x00,
    0x00, 0x00, 0x61, 0x00, 0xc8, 0x00, 0xc8, 0x00, 0x8a, 0x00, 0x69, 0x00, 0xeb, 0x00, 0x28, 0x00,
    0x8a, 0x00, 0xca, 0x00, 0xea, 0x00, 0xea, 0x00, 0x8c, 0x00, 0x6b, 0x00, 0xec, 0x00, 0x2d, 0x00,
    0x8b, 0x00, 0xea, 0x00, 0x25, 0x00, 0x08, 0x00, 0xe7, 0x00, 0xc7, 0x00, 0x48, 0x00, 0xca, 0x00,
    0xa9, 0x00, 0x28, 0x00, 0xa4, 0x00, 0x06, 0x00, 0xa7, 0x00, 0x28, 0x00, 0xe9, 0x00, 0x86, 0x00,
    0x00, 0x00, 0x00, 0x00, 0x00, 0x00, 0x00, 0x00, 0x00, 0x00, 0x00, 0x00, 0x00, 0x00, 0x00, 0x00,
    0x00, 0x00, 0x25, 0x00, 0x0a, 0x00, 0x68, 0x00, 0x28, 0x00, 0x05, 0x00, 0xa1, 0x00, 0x00, 0x00,
    0x00, 0x00, 0x00, 0x00, 0x00, 0x00, 0x00, 0x00, 0x00, 0x00, 0x00, 0x00, 0x00, 0x00, 0x00, 0x00,
    0x00, 0x00, 0x00, 0x00, 0x00, 0x00, 0x00, 0x00, 0x00, 0x00, 0x00, 0x00, 0x00, 0x00, 0x00, 0x00,
    0x00, 0x00, 0xc2, 0x00, 0xe9, 0x00, 0x46, 0x00, 0x6a, 0x00, 0x69, 0x00, 0x29, 0x00, 0x49, 0x00,
    0x8a, 0x00, 0xca, 0x00, 0xea, 0x00, 0xca, 0x00, 0x2b, 0x00, 0x6b, 0x00, 0x6b, 0x00, 0x6b, 0x00,
    0x0a, 0x00, 0x89, 0x00, 0x05, 0x00, 0xe7, 0x00, 0x08, 0x00, 0x28, 0x00, 0x08, 0x00, 0x28, 0x00,
    0xa7, 0x00, 0x84, 0x00, 0x23, 0x00, 0x26, 0x00, 0x66, 0x00, 0x68, 0x00, 0x4a, 0x00, 0x45, 0x00,
    0x00, 0x00, 0x00, 0x00, 0x00, 0x00, 0x00, 0x00, 0x00, 0x00, 0x00, 0x00, 0x00, 0x00, 0x00, 0x00,
    0x00, 0x00, 0x08, 0x00, 0x89, 0x00, 0x88, 0x00, 0x07, 0x00, 0x46, 0x00, 0x40, 0x00, 0x00, 0x00,
    0x00, 0x00, 0x00, 0x00, 0x00, 0x00, 0x00, 0x00, 0x00, 0x00, 0x00, 0x00, 0x00, 0x00, 0x00, 0x00,
    0x00, 0x00, 0x00, 0x00, 0x00, 0x00, 0x00, 0x00, 0x00, 0x00, 0x00, 0x00, 0x00, 0x00, 0x00, 0x00,
    0x00, 0x00, 0x43, 0x00, 0x67, 0x00, 0x06, 0x00, 0x29, 0x00, 0xc8, 0x00, 0x09, 0x00, 0x6a, 0x00,
    0x49, 0x00, 0x8a, 0x00, 0xaa, 0x00, 0xca, 0x00, 0xea, 0x00, 0x6b, 0x00, 0x4b, 0x00, 0x4b, 0x00,
    0x89, 0x00, 0x29, 0x00, 0xe5, 0x00, 0xc7, 0x00, 0x28, 0x00, 0x69, 0x00, 0x08, 0x00, 0x25, 0x00,
    0x64, 0x00, 0xc5, 0x00, 0xa4, 0x00, 0xc5, 0x00, 0x87, 0x00, 0x48, 0x00, 0x6b, 0x00, 0x45, 0x00,
    0x00, 0x00, 0x00, 0x00, 0x00, 0x00, 0x00, 0x00, 0x00, 0x00, 0x00, 0x00, 0x00, 0x00, 0x20, 0x00,
    0x81, 0x00, 0xc9, 0x00, 0xc9, 0x00, 0xe9, 0x00, 0xc7, 0x00, 0x05, 0x00, 0x00, 0x00, 0x00, 0x00,
    0x00, 0x00, 0x00, 0x00, 0x00, 0x00, 0x00, 0x00, 0x00, 0x00, 0x00, 0x00, 0x00, 0x00, 0x00, 0x00,
    0x00, 0x00, 0x00, 0x00, 0x00, 0x00, 0x00, 0x00, 0x00, 0x00, 0x00, 0x00, 0x00, 0x00, 0x00, 0x00,
    0x00, 0x00, 0x44, 0x00, 0xc5, 0x00, 0x47, 0x00, 0x09, 0x00, 0xc8, 0x00, 0xe9, 0x00, 0x29, 0x00,
    0xe9, 0x00, 0x09, 0x00, 0x29, 0x00, 0xaa, 0x00, 0xca, 0x00, 0x2b, 0x00, 0x2b, 0x00, 0x8a, 0x00,
    0x08, 0x00, 0xe8, 0x00, 0x05, 0x00, 0xe8, 0x00, 0xa7, 0x00, 0x66, 0x00, 0xc5, 0x00, 0x84, 0x00,
    0x26, 0x00, 0x87, 0x00, 0x64, 0x00, 0xe2, 0x00, 0xe8, 0x00, 0x48, 0x00, 0x6b, 0x00, 0xa7, 0x00,
    0x00, 0x00, 0x00, 0x00, 0x00, 0x00, 0x00, 0x00, 0x00, 0x00, 0x00, 0x00, 0xc2, 0x00, 0xe4, 0x00,
    0x05, 0x00, 0x6a, 0x00, 0x6a, 0x00, 0xa9, 0x00, 0x07, 0x00, 0x63, 0x00, 0x00, 0x00, 0x00, 0x00,
    0x00, 0x00, 0x00, 0x00, 0x00, 0x00, 0x00, 0x00, 0x00, 0x00, 0x00, 0x00, 0x00, 0x00, 0x00, 0x00,
    0x00, 0x00, 0x00, 0x00, 0x00, 0x00, 0x00, 0x00, 0x00, 0x00, 0x00, 0x00, 0x00, 0x00, 0x00, 0x00,
    0x00, 0x00, 0xe2, 0x00, 0xe3, 0x00, 0x47, 0x00, 0x2a, 0x00, 0x09, 0x00, 0x09, 0x00, 0xe9, 0x00,
    0x87, 0x00, 0x87, 0x00, 0x26, 0x00, 0x29, 0x00, 0x8a, 0x00, 0x8a, 0x00, 0x89, 0x00, 0x29, 0x00,
    0x08, 0x00, 0x46, 0x00, 0xe4, 0x00, 0x25, 0x00, 0x84, 0x00, 0x64, 0x00, 0x26, 0x00, 0x67, 0x00,
    0x87, 0x00, 0x84, 0x00, 0x00, 0x00, 0x00, 0x00, 0xe5, 0x00, 0xa9, 0x00, 0x4a, 0x00, 0x88, 0x00,
    0xa1, 0x00, 0x00, 0x00, 0x00, 0x00, 0x00, 0x00, 0x00, 0x00, 0x20, 0x00, 0x48, 0x00, 0xc6, 0x00,
    0x2a, 0x00, 0x4a, 0x00, 0x8a, 0x00, 0xa9, 0x00, 0x86, 0x00, 0x40, 0x00, 0x00, 0x00, 0x00, 0x00,
    0x00, 0x00, 0x00, 0x00, 0x00, 0x00, 0x00, 0x00, 0x00, 0x00, 0x00, 0x00, 0x00, 0x00, 0x00, 0x00,
    0x00, 0x00, 0x00, 0x00, 0x00, 0x00, 0x00, 0x00, 0x00, 0x00, 0x00, 0x00, 0x00, 0x00, 0x00, 0x00,
    0x00, 0x00, 0x00, 0x00, 0x00, 0x00, 0x27, 0x00, 0x2a, 0x00, 0x0a, 0x00, 0xc9, 0x00, 0xe9, 0x00,
    0xa8, 0x00, 0x27, 0x00, 0xc5, 0x00, 0xe8, 0x00, 0x29, 0x00, 0x69, 0x00, 0x49, 0x00, 0x08, 0x00,
    0xc8, 0x00, 0x64, 0x00, 0x64, 0x00, 0x64, 0x00, 0xc5, 0x00, 0x47, 0x00, 0x87, 0x00, 0x87, 0x00,
    0x64, 0x00, 0x20, 0x00, 0x61, 0x00, 0x81, 0x00, 0xe2, 0x00, 0xa9, 0x00, 0x2a, 0x00, 0x2a, 0x00,
    0x66, 0x00, 0x45, 0x00, 0x28, 0x00, 0x22, 0x00, 0xa1, 0x00, 0x88, 0x00, 0xc9, 0x00, 0x09, 0x00,
    0xab, 0x00, 0x6a, 0x00, 0x4a, 0x00, 0x27, 0x00, 0x43, 0x00, 0x40, 0x00, 0x00, 0x00, 0x00, 0x00,
    0x00, 0x00, 0x00, 0x00, 0x00, 0x00, 0x00, 0x00, 0x00, 0x00, 0x00, 0x00, 0x00, 0x00, 0x00, 0x00,
    0x00, 0x00, 0x00, 0x00, 0x00, 0x00, 0x00, 0x00, 0x00, 0x00, 0x00, 0x00, 0x00, 0x00, 0x00, 0x00,
    0x00, 0x00, 0x00, 0x00, 0x00, 0x00, 0x64, 0x00, 0x2a, 0x00, 0xc9, 0x00, 0xa8, 0x00, 0x26, 0x00,
    0x88, 0x00, 0x27, 0x00, 0x85, 0x00, 0x67, 0x00, 0xe9, 0x00, 0x09, 0x00, 0xe8, 0x00, 0xa8, 0x00,
    0xc5, 0x00, 0xe6, 0x00, 0x47, 0x00, 0x47, 0x00, 0x46, 0x00, 0x47, 0x00, 0xc8, 0x00, 0x09, 0x00,
    0x87, 0x00, 0x67, 0x00, 0x67, 0x00, 0x87, 0x00, 0x05, 0x00, 0x89, 0x00, 0x6a, 0x00, 0x2a, 0x00,
    0x0a, 0x00, 0x28, 0x00, 0x89, 0x00, 0x48, 0x00, 0x6a, 0x00, 0x4a, 0x00, 0x09, 0x00, 0x0b, 0x00,
    0x09, 0x00, 0x4a, 0x00, 0x68, 0x00, 0x25, 0x00, 0x05, 0x00, 0x40, 0x00, 0x00, 0x00, 0x00, 0x00,
    0x00, 0x00, 0x00, 0x00, 0x00, 0x00, 0x00, 0x00, 0x00, 0x00, 0x00, 0x00, 0x00, 0x00, 0x00, 0x00,
    0x00, 0x00, 0x00, 0x00, 0x00, 0x00, 0x00, 0x00, 0x00, 0x00, 0x00, 0x00, 0x00, 0x00, 0x00, 0x00,
    0x00, 0x00, 0x00, 0x00, 0x00, 0x00, 0x61, 0x00, 0xe9, 0x00, 0x27, 0x00, 0xe9, 0x00, 0x47, 0x00,
    0x06, 0x00, 0x06, 0x00, 0x64, 0x00, 0x47, 0x00, 0xa8, 0x00, 0x87, 0x00, 0x47, 0x00, 0xc5, 0x00,
    0xa4, 0x00, 0xe5, 0x00, 0xe5, 0x00, 0x06, 0x00, 0x06, 0x00, 0x26, 0x00, 0x26, 0x00, 0xe5, 0x00,
    0x26, 0x00, 0x67, 0x00, 0xe8, 0x00, 0xe8, 0x00, 0xe5, 0x00, 0xa9, 0x00, 0xa9, 0x00, 0xc7, 0x00,
    0x6a, 0x00, 0x48, 0x00, 0xa7, 0x00, 0x45, 0x00, 0x07, 0x00, 0xab, 0x00, 0x8b, 0x00, 0x2a, 0x00,
    0xa9, 0x00, 0x89, 0x00, 0x86, 0x00, 0xe7, 0x00, 0xe2, 0x00, 0x00, 0x00, 0x00, 0x00, 0x00, 0x00,
    0x00, 0x00, 0x00, 0x00, 0x00, 0x00, 0x00, 0x00, 0x00, 0x00, 0x00, 0x00, 0x00, 0x00, 0x00, 0x00,
    0x00, 0x00, 0x00, 0x00, 0x00, 0x00, 0x00, 0x00, 0x00, 0x00, 0x00, 0x00, 0x00, 0x00, 0x00, 0x00,
    0x00, 0x00, 0x00, 0x00, 0x00, 0x00, 0x00, 0x00, 0xc6, 0x00, 0x27, 0x00, 0x27, 0x00, 0xe9, 0x00,
    0x88, 0x00, 0x47, 0x00, 0xa5, 0x00, 0xa8, 0x00, 0x47, 0x00, 0xa8, 0x00, 0xe8, 0x00, 0x8a, 0x00,
    0x69, 0x00, 0x08, 0x00, 0xe8, 0x00, 0xc7, 0x00, 0xa7, 0x00, 0x46, 0x00, 0xc8, 0x00, 0x08, 0x00,
    0xe8, 0x00, 0x49, 0x00, 0x89, 0x00, 0xea, 0x00, 0xe8, 0x00, 0x86, 0x00, 0x28, 0x00, 0xa6, 0x00,
    0xc7, 0x00, 0xa7, 0x00, 0x45, 0x00, 0xc7, 0x00, 0xc9, 0x00, 0x4b, 0x00, 0x2a, 0x00, 0x28, 0x00,
    0x86, 0x00, 0xa7, 0x00, 0xc7, 0x00, 0xe2, 0x00, 0x00, 0x00, 0x00, 0x00, 0x00, 0x00, 0x00, 0x00,
    0x00, 0x00, 0x00, 0x00, 0x00, 0x00, 0x00, 0x00, 0x00, 0x00, 0x00, 0x00, 0x00, 0x00, 0x00, 0x00,
    0x00, 0x00, 0x00, 0x00, 0x00, 0x00, 0x00, 0x00, 0x00, 0x00, 0x00, 0x00, 0x00, 0x00, 0x00, 0x00,
    0x00, 0x00, 0x00, 0x00, 0x00, 0x00, 0x00, 0x00, 0x00, 0x00, 0x85, 0x00, 0xe2, 0x00, 0x68, 0x00,
    0x88, 0x00, 0x47, 0x00, 0x64, 0x00, 0xc8, 0x00, 0xa8, 0x00, 0xc8, 0x00, 0x09, 0x00, 0x49, 0x00,
    0xca, 0x00, 0x6b, 0x00, 0x8b, 0x00, 0x6b, 0x00, 0x8c, 0x00, 0x07, 0x00, 0xe5, 0x00, 0x28, 0x00,
    0x69, 0x00, 0x49, 0x00, 0x49, 0x00, 0x49, 0x00, 0x69, 0x00, 0x08, 0x00, 0x08, 0x00, 0x86, 0x00,
    0x08, 0x00, 0x89, 0x00, 0x66, 0x00, 0x69, 0x00, 0x2b, 0x00, 0x69, 0x00, 0xc7, 0x00, 0x46, 0x00,
    0xa7, 0x00, 0x25, 0x00, 0x81, 0x00, 0x00, 0x00, 0x00, 0x00, 0x00, 0x00, 0x00, 0x00, 0x00, 0x00,
    0x00, 0x00, 0x00, 0x00, 0x00, 0x00, 0x00, 0x00, 0x00, 0x00, 0x00, 0x00, 0x00, 0x00, 0x00, 0x00,
    0x00, 0x00, 0x00, 0x00, 0x00, 0x00, 0x00, 0x00, 0x00, 0x00, 0x00, 0x00, 0x00, 0x00, 0x00, 0x00,
    0x00, 0x00, 0x00, 0x00, 0x00, 0x00, 0x00, 0x00, 0x00, 0x00, 0x00, 0x00, 0x00, 0x00, 0x81, 0x00,
    0x06, 0x00, 0x87, 0x00, 0xc5, 0x00, 0x23, 0x00, 0x67, 0x00, 0xc8, 0x00, 0xe8, 0x00, 0x08, 0x00,
    0x2b, 0x00, 0x6b, 0x00, 0x68, 0x00, 0xa9, 0x00, 0xc7, 0x00, 0x83, 0x00, 0xe7, 0x00, 0x66, 0x00,
    0x08, 0x00, 0x29, 0x00, 0x49, 0x00, 0x69, 0x00, 0x08, 0x00, 0xc8, 0x00, 0x69, 0x00, 0xca, 0x00,
    0x89, 0x00, 0x89, 0x00, 0x89, 0x00, 0x08, 0x00, 0x26, 0x00, 0xc4, 0x00, 0x25, 0x00, 0x46, 0x00,
    0x02, 0x00, 0x00, 0x00, 0x00, 0x00, 0x00, 0x00, 0x00, 0x00, 0x00, 0x00, 0x00, 0x00, 0x00, 0x00,
    0x00, 0x00, 0x00, 0x00, 0x00, 0x00, 0x00, 0x00, 0x00, 0x00, 0x00, 0x00, 0x00, 0x00, 0x00, 0x00,
    0x00, 0x00, 0x00, 0x00, 0x00, 0x00, 0x00, 0x00, 0x00, 0x00, 0x00, 0x00, 0x00, 0x00, 0x00, 0x00,
    0x00, 0x00, 0x00, 0x00, 0x00, 0x00, 0x00, 0x00, 0x00, 0x00, 0x00, 0x00, 0x00, 0x00, 0x00, 0x00,
    0x20, 0x00, 0x03, 0x00, 0xc5, 0x00, 0x43, 0x00, 0x61, 0x00, 0xa2, 0x00, 0xa5, 0x00, 0x87, 0x00,
    0x69, 0x00, 0x89, 0x00, 0x84, 0x00, 0x46, 0x00, 0x66, 0x00, 0x25, 0x00, 0xc2, 0x00, 0xa4, 0x00,
    0xa4, 0x00, 0xc7, 0x00, 0xc7, 0x00, 0x87, 0x00, 0xa7, 0x00, 0x87, 0x00, 0xa7, 0x00, 0xa7, 0x00,
    0x87, 0x00, 0x67, 0x00, 0x66, 0x00, 0x66, 0x00, 0xc8, 0x00, 0xe8, 0x00, 0x66, 0x00, 0xe2, 0x00,
    0x00, 0x00, 0x00, 0x00, 0x00, 0x00, 0x00, 0x00, 0x00, 0x00, 0x00, 0x00, 0x00, 0x00, 0x00, 0x00,
    0x00, 0x00, 0x00, 0x00, 0x00, 0x00, 0x00, 0x00, 0x00, 0x00, 0x00, 0x00, 0x00, 0x00, 0x00, 0x00,
    0x00, 0x00, 0x00, 0x00, 0x00, 0x00, 0x00, 0x00, 0x00, 0x00, 0x00, 0x00, 0x00, 0x00, 0x00, 0x00,
    0x00, 0x00, 0x00, 0x00, 0x00, 0x00, 0x00, 0x00, 0x00, 0x00, 0x00, 0x00, 0x00, 0x00, 0x00, 0x00,
    0x00, 0x00, 0x00, 0x00, 0x00, 0x00, 0x20, 0x00, 0x00, 0x00, 0x00, 0x00, 0x00, 0x00, 0xa1, 0x00,
    0xc5, 0x00, 0x05, 0x00, 0x46, 0x00, 0xc2, 0x00, 0xc2, 0x00, 0xe5, 0x00, 0x00, 0x00, 0x00, 0x00,
    0x00, 0x00, 0x81, 0x00, 0x63, 0x00, 0xc5, 0x00, 0x26, 0x00, 0xa4, 0x00, 0x84, 0x00, 0xe5, 0x00,
    0x46, 0x00, 0x67, 0x00, 0xa7, 0x00, 0x87, 0x00, 0x26, 0x00, 0x63, 0x00, 0x81, 0x00, 0x00, 0x00,
    0x00, 0x00, 0x00, 0x00, 0x00, 0x00, 0x00, 0x00, 0x00, 0x00, 0x00, 0x00, 0x00, 0x00, 0x00, 0x00,
    0x00, 0x00, 0x00, 0x00, 0x00, 0x00, 0x00, 0x00, 0x00, 0x00, 0x00, 0x00, 0x00, 0x00, 0x00, 0x00,
    0x00, 0x00, 0x00, 0x00, 0x00, 0x00, 0x00, 0x00, 0x00, 0x00, 0x00, 0x00, 0x00, 0x00, 0x00, 0x00,
    0x00, 0x00, 0x00, 0x00, 0x00, 0x00, 0x00, 0x00, 0x00, 0x00, 0x00, 0x00, 0x00, 0x00, 0x00, 0x00,
    0x00, 0x00, 0x00, 0x00, 0x00, 0x00, 0x00, 0x00, 0x00, 0x00, 0x00, 0x00, 0x00, 0x00, 0x00, 0x00,
    0x00, 0x00, 0x00, 0x00, 0xc2, 0x00, 0x61, 0x00, 0x00, 0x00, 0x00, 0x00, 0x00, 0x00, 0x00, 0x00,
    0x00, 0x00, 0x00, 0x00, 0x00, 0x00, 0x00, 0x00, 0x40, 0x00, 0x40, 0x00, 0x00, 0x00, 0x00, 0x00,
    0x00, 0x00, 0x00, 0x00, 0x00, 0x00, 0x00, 0x00, 0x00, 0x00, 0x00, 0x00, 0x00, 0x00, 0x00, 0x00,
    0x00, 0x00, 0x00, 0x00, 0x00, 0x00, 0x00, 0x00, 0x00, 0x00, 0x00, 0x00, 0x00, 0x00, 0x00, 0x00,
    0x00, 0x00, 0x00, 0x00, 0x00, 0x00, 0x00, 0x00, 0x00, 0x00, 0x00, 0x00, 0x00, 0x00, 0x00, 0x00,
    0x00, 0x00, 0x00, 0x00, 0x00, 0x00, 0x00, 0x00, 0x00, 0x00, 0x00, 0x00, 0x00, 0x00, 0x00, 0x00,
    0x00, 0x00, 0x00, 0x00, 0x00, 0x00, 0x00, 0x00, 0x00, 0x00, 0x00, 0x00, 0x00, 0x00, 0x00, 0x00,
    0x00, 0x00, 0x00, 0x00, 0x00, 0x00, 0x00, 0x00, 0x00, 0x00, 0x00, 0x00, 0x00, 0x00, 0x00, 0x00,
    0x00, 0x00, 0x00, 0x00, 0x00, 0x00, 0x00, 0x00, 0x00, 0x00, 0x00, 0x00, 0x00, 0x00, 0x00, 0x00,
    0x00, 0x00, 0x00, 0x00, 0x00, 0x00, 0x00, 0x00, 0x00, 0x00, 0x00, 0x00, 0x00, 0x00, 0x00, 0x00,
    0x00, 0x00, 0x00, 0x00, 0x00, 0x00, 0x00, 0x00, 0x00, 0x00, 0x00, 0x00, 0x00, 0x00, 0x00, 0x00,
    0x00, 0x00, 0x00, 0x00, 0x00, 0x00, 0x00, 0x00, 0x00, 0x00, 0x00, 0x00, 0x00, 0x00, 0x00, 0x00,
    0x00, 0x00, 0x00, 0x00, 0x00, 0x00, 0x00, 0x00, 0x00, 0x00, 0x00, 0x00, 0x00, 0x00, 0x00, 0x00,
    0x00, 0x00, 0x00, 0x00, 0x00, 0x00, 0x00, 0x00, 0x00, 0x00, 0x00, 0x00, 0x00, 0x00, 0x00, 0x00,
    0x00, 0x00, 0x00, 0x00, 0x00, 0x00, 0x00, 0x00, 0x00, 0x00, 0x00, 0x00, 0x00, 0x00, 0x00, 0x00,
    0x00, 0x00, 0x00, 0x00, 0x00, 0x00, 0x00, 0x00, 0x00, 0x00, 0x00, 0x00, 0x00, 0x00, 0x00, 0x00,
    0x00, 0x00, 0x00, 0x00, 0x00, 0x00, 0x00, 0x00, 0x00, 0x00, 0x00, 0x00, 0x00, 0x00, 0x00, 0x00,
    0x00, 0x00, 0x00, 0x00, 0x00, 0x00, 0x00, 0x00, 0x00, 0x00, 0x00, 0x00, 0x00, 0x00, 0x00, 0x00,
    0x00, 0x00, 0x00, 0x00, 0x00, 0x00, 0x00, 0x00, 0x00, 0x00, 0x00, 0x00, 0x00, 0x00, 0x00, 0x00,
    0x00, 0x00, 0x00, 0x00, 0x00, 0x00, 0x00, 0x00, 0x00, 0x00, 0x00, 0x00, 0x00, 0x00, 0x00, 0x00,
    0x00, 0x00, 0x00, 0x00, 0x00, 0x00, 0x00, 0x00, 0x00, 0x00, 0x00, 0x00, 0x00, 0x00, 0x00, 0x00,
    0x00, 0x00, 0x00, 0x00, 0x00, 0x00, 0x00, 0x00, 0x00, 0x00, 0x00, 0x00, 0x00, 0x00, 0x00, 0x00,
    0x00, 0x00, 0x00, 0x00, 0x00, 0x00, 0x00, 0x00, 0x00, 0x00, 0x00, 0x00, 0x00, 0x00, 0x00, 0x00,
    0x00, 0x00, 0x00, 0x00, 0x00, 0x00, 0x00, 0x00, 0x00, 0x00, 0x00, 0x00, 0x00, 0x00, 0x00, 0x00,
    0x00, 0x00, 0x00, 0x00, 0x00, 0x00, 0x00, 0x00, 0x00, 0x00, 0x00, 0x00, 0x00, 0x00, 0x00, 0x00,
    0x00, 0x00, 0x00, 0x00, 0x00, 0x00, 0x00, 0x00, 0x00, 0x00, 0x00, 0x00, 0x00, 0x00, 0x00, 0x00,
    0x00, 0x00, 0x00, 0x00, 0x00, 0x00, 0x00, 0x00, 0x00, 0x00, 0x00, 0x00, 0x00, 0x00, 0x00, 0x00,
    0x00, 0x55, 0x2a, 0x00, 0x00, 0x00, 0x00, 0x00, 0x00, 0x00, 0x00, 0x00, 0x00, 0x00, 0x00, 0x00,
    0x00, 0x00, 0x00, 0x00, 0x00, 0x00, 0x00, 0x00, 0x00, 0x00, 0x00, 0x00, 0x00, 0x00, 0x00, 0x00,
    0x00, 0x00, 0x00, 0x00, 0x00, 0x00, 0x00, 0x00, 0x00, 0x00, 0x00, 0x00, 0x00, 0x00, 0x00, 0x00,
    0x00, 0x1c, 0x26, 0x00, 0x00, 0x00, 0x00, 0x00, 0x00, 0x00, 0x00, 0x00, 0x00, 0x00, 0x00, 0x00,
    0x00, 0x6d, 0xff, 0x06, 0x00, 0x00, 0x00, 0x00, 0x00, 0x00, 0x00, 0x00, 0x00, 0x00, 0x00, 0x00,
    0x00, 0x00, 0x00, 0x00, 0x00, 0x00, 0x00, 0x00, 0x00, 0x00, 0x00, 0x00, 0x00, 0x00, 0x00, 0x00,
    0x00, 0x00, 0x00, 0x00, 0x00, 0x00, 0x00, 0x00, 0x00, 0x00, 0x00, 0x00, 0x00, 0x00, 0x00, 0x00,
    0x00, 0xda, 0x71, 0x00, 0x00, 0x00, 0x00, 0x00, 0x00, 0x00, 0x00, 0x00, 0x00, 0x00, 0x00, 0x00,
    0x00, 0x22, 0xff, 0x77, 0x00, 0x00, 0x00, 0x00, 0x00, 0x00, 0x00, 0x00, 0x00, 0x00, 0x00, 0x00,
    0x00, 0x00, 0x00, 0x00, 0x00, 0x00, 0x00, 0x00, 0x00, 0x00, 0x00, 0x00, 0x00, 0x00, 0x00, 0x00,
    0x00, 0x00, 0x00, 0x00, 0x00, 0x00, 0x00, 0x00, 0x00, 0x00, 0x00, 0x00, 0x00, 0x00, 0x00, 0x00,
    0x09, 0xff, 0x91, 0x00, 0x00, 0x00, 0x00, 0x00, 0x01, 0x00, 0x00, 0x00, 0x00, 0x00, 0x00, 0x00,
    0x00, 0x05, 0xf1, 0xf9, 0x06, 0x00, 0x00, 0x00, 0x00, 0x00, 0x00, 0x00, 0x00, 0x00, 0x00, 0x00,
    0x00, 0x00, 0x00, 0x00, 0x00, 0x00, 0x00, 0x00, 0x00, 0x00, 0x00, 0x00, 0x00, 0x00, 0x00, 0x00,
    0x00, 0x00, 0x00, 0x00, 0x00, 0x00, 0x00, 0x00, 0x00, 0x00, 0x00, 0x00, 0x00, 0x00, 0x00, 0x00,
    0x22, 0xfd, 0xe8, 0x00, 0x12, 0x18, 0x00, 0x00, 0x8b, 0x42, 0x00, 0x00, 0x00, 0x00, 0x0c, 0x14,
    0x00, 0x00, 0xb0, 0xff, 0x3a, 0x00, 0x00, 0x00, 0x00, 0x00, 0x00, 0x00, 0x00, 0x00, 0x00, 0x00,
    0x00, 0x00, 0x00, 0x00, 0x00, 0x00, 0x00, 0x00, 0x00, 0x00, 0x00, 0x00, 0x00, 0x00, 0x00, 0x00,
    0x00, 0x00, 0x00, 0x00, 0x00, 0x00, 0x00, 0x00, 0x00, 0x00, 0x00, 0x00, 0x00, 0x00, 0x00, 0x00,
    0x23, 0xfd, 0xff, 0x49, 0x45, 0x98, 0x00, 0x00, 0xb4, 0xff, 0x58, 0x01, 0x00, 0x00, 0x3f, 0xed,
    0x06, 0x00, 0x73, 0xff, 0x97, 0x00, 0x00, 0x00, 0x00, 0x00, 0x00, 0x00, 0x00, 0x00, 0x00, 0x00,
    0x00, 0x00, 0x00, 0x00, 0x00, 0x00, 0x00, 0x00, 0x00, 0x00, 0x00, 0x00, 0x00, 0x00, 0x00, 0x00,
    0x00, 0x00, 0x00, 0x00, 0x00, 0x00, 0x00, 0x00, 0x00, 0x00, 0x00, 0x00, 0x00, 0x00, 0x00, 0x00,
    0x0a, 0xff, 0xfb, 0xff, 0xca, 0xf5, 0x06, 0x00, 0x98, 0xfb, 0xff, 0xba, 0x15, 0x00, 0x18, 0xff,
    0xd5, 0x24, 0x7e, 0xff, 0xeb, 0x02, 0x04, 0x75, 0x00, 0x00, 0x00, 0x00, 0x00, 0x00, 0x00, 0x00,
    0x00, 0x00, 0x00, 0x00, 0x00, 0x00, 0x00, 0x00, 0x00, 0x00, 0x00, 0x00, 0x00, 0x00, 0x00, 0x00,
    0x00, 0x00, 0x00, 0x00, 0x00, 0x00, 0x00, 0x00, 0x00, 0x00, 0x00, 0x00, 0x00, 0x04, 0x06, 0x00,
    0x00, 0x88, 0xff, 0xf9, 0xff, 0xff, 0x83, 0x00, 0x52, 0xff, 0xef, 0xff, 0xff, 0x2e, 0x00, 0xd7,
    0xff, 0xff, 0xff, 0xf9, 0xff, 0x18, 0x7b, 0xf9, 0x00, 0x00, 0x00, 0x00, 0x00, 0x00, 0x00, 0x00,
    0x00, 0x00, 0x00, 0x00, 0x00, 0x00, 0x00, 0x00, 0x00, 0x00, 0x00, 0x00, 0x00, 0x00, 0x00, 0x00,
    0x00, 0x00, 0x00, 0x00, 0x00, 0x00, 0x00, 0x00, 0x00, 0x00, 0x00, 0x00, 0x00, 0x36, 0xe6, 0x28,
    0x03, 0x06, 0xbe, 0xfd, 0xf9, 0xf9, 0xff, 0x20, 0x08, 0xff, 0xfb, 0xfb, 0xfd, 0xff, 0x74, 0xf5,
    0xfb, 0xf9, 0xff, 0xfb, 0xff, 0xa0, 0xfb, 0x98, 0x00, 0x00, 0x00, 0x00, 0x00, 0x00, 0x00, 0x00,
    0x00, 0x00, 0x00, 0x00, 0x00, 0x00, 0x00, 0x00, 0x00, 0x00, 0x00, 0x00, 0x00, 0x00, 0x00, 0x00,
    0x00, 0x00, 0x00, 0x00, 0x00, 0x00, 0x00, 0x00, 0x00, 0x00, 0x00, 0x00, 0x00, 0x06, 0xff, 0xff,
    0xe6, 0xc0, 0xd7, 0xfb, 0xfd, 0xfd, 0xfb, 0xf9, 0x57, 0xf1, 0xff, 0xff, 0xfd, 0xfd, 0xff, 0xff,
    0xff, 0xff, 0xff, 0xff, 0xff, 0xff, 0xff, 0x61, 0x00, 0x00, 0x00, 0x00, 0x00, 0x00, 0x00, 0x00,
    0x00, 0x00, 0x00, 0x00, 0x00, 0x00, 0x00, 0x00, 0x00, 0x00, 0x00, 0x00, 0x00, 0x00, 0x00, 0x00,
    0x00, 0x00, 0x00, 0x00, 0x00, 0x00, 0x00, 0x00, 0x00, 0x00, 0x00, 0x00, 0x00, 0x00, 0x2f, 0xf5,
    0xff, 0xff, 0xff, 0xff, 0xff, 0xff, 0xff, 0xff, 0xff, 0xff, 0xff, 0xff, 0xff, 0xff, 0xfb, 0xff,
    0xff, 0xff, 0xff, 0xff, 0xff, 0xf5, 0xff, 0x40, 0x00, 0x00, 0x00, 0x00, 0x00, 0x00, 0x00, 0x00,
    0x00, 0x00, 0x00, 0x00, 0x00, 0x00, 0x00, 0x00, 0x00, 0x00, 0x00, 0x00, 0x00, 0x00, 0x00, 0x00,
    0x00, 0x00, 0x00, 0x00, 0x00, 0x00, 0x00, 0x00, 0x00, 0x00, 0x00, 0x00, 0x00, 0x00, 0x00, 0x0a,
    0x35, 0x4e, 0x55, 0x7c, 0xe9, 0xfd, 0xff, 0xfd, 0xf9, 0xff, 0xff, 0xff, 0xff, 0xff, 0xff, 0xff,
    0xff, 0xff, 0xff, 0xff, 0xff, 0xf7, 0xff, 0x28, 0x00, 0x00, 0x00, 0x00, 0x00, 0x00, 0x00, 0x00,
    0x00, 0x00, 0x00, 0x00, 0x00, 0x00, 0x00, 0x00, 0x00, 0x00, 0x00, 0x00, 0x00, 0x00, 0x00, 0x00,
    0x00, 0x00, 0x00, 0x00, 0x00, 0x00, 0x00, 0x00, 0x00, 0x00, 0x00, 0x00, 0x00, 0x00, 0x00, 0x00,
    0x00, 0x00, 0x0c, 0x4f, 0xc3, 0xff, 0xfd, 0xff, 0xff, 0xff, 0xff, 0xff, 0xff, 0xff, 0xff, 0xff,
    0xff, 0xff, 0xff, 0xff, 0xff, 0xf9, 0xff, 0x57, 0x4f, 0x70, 0x00, 0x00, 0x00, 0x00, 0x00, 0x00,
    0x00, 0x00, 0x00, 0x00, 0x00, 0x00, 0x00, 0x00, 0x00, 0x00, 0x00, 0x00, 0x00, 0x00, 0x00, 0x00,
    0x00, 0x00, 0x00, 0x00, 0x00, 0x00, 0x00, 0x00, 0x00, 0x00, 0x00, 0x00, 0x00, 0x00, 0x00, 0x09,
    0x04, 0x00, 0x1d, 0xff, 0xff, 0xfd, 0xff, 0xff, 0xff, 0xff, 0xff, 0xff, 0xff, 0xff, 0xff, 0xff,
    0xff, 0xff, 0xff, 0xff, 0xff, 0xff, 0xff, 0xff, 0xff, 0xe9, 0x01, 0x00, 0x00, 0x00, 0x00, 0x00,
    0x00, 0x00, 0x00, 0x00, 0x00, 0x00, 0x00, 0x00, 0x00, 0x00, 0x00, 0x00, 0x00, 0x00, 0x00, 0x00,
    0x00, 0x00, 0x00, 0x00, 0x00, 0x00, 0x00, 0x00, 0x00, 0x00, 0x00, 0x00, 0x00, 0x00, 0x01, 0xeb,
    0xe6, 0x9e, 0x41, 0x49, 0xe4, 0xfb, 0xfd, 0xff, 0xff, 0xff, 0xff, 0xff, 0xff, 0xff, 0xff, 0xff,
    0xff, 0xff, 0xff, 0xff, 0xff, 0xff, 0xff, 0xfb, 0xfb, 0xe8, 0x02, 0x00, 0x00, 0x00, 0x00, 0x00,
    0x00, 0x00, 0x00, 0x00, 0x00, 0x00, 0x00, 0x00, 0x00, 0x00, 0x00, 0x00, 0x00, 0x00, 0x00, 0x00,
    0x00, 0x00, 0x00, 0x00, 0x00, 0x00, 0x00, 0x00, 0x00, 0x00, 0x00, 0x00, 0x00, 0x00, 0x00, 0x1e,
    0xff, 0xff, 0xff, 0xff, 0xf7, 0xff, 0xff, 0xff, 0xff, 0xff, 0xff, 0xff, 0xff, 0xff, 0xff, 0xff,
    0xff, 0xff, 0xff, 0xff, 0xff, 0xff, 0xff, 0xfb, 0xff, 0xad, 0x00, 0x00, 0x00, 0x00, 0x00, 0x00,
    0x00, 0x00, 0x00, 0x00, 0x00, 0x00, 0x00, 0x00, 0x00, 0x00, 0x00, 0x00, 0x00, 0x00, 0x00, 0x00,
    0x00, 0x00, 0x00, 0x00, 0x00, 0x00, 0x00, 0x00, 0x00, 0x00, 0x00, 0x00, 0x00, 0x00, 0x00, 0x00,
    0x19, 0xe6, 0xff, 0xfd, 0xff, 0xff, 0xff, 0xff, 0xff, 0xff, 0xff, 0xff, 0xff, 0xff, 0xff, 0xff,
    0xff, 0xff, 0xff, 0xff, 0xff, 0xff, 0xff, 0xf7, 0xff, 0x64, 0x01, 0x00, 0x00, 0x00, 0x00, 0x00,
    0x00, 0x00, 0x00, 0x00, 0x00, 0x00, 0x00, 0x00, 0x00, 0x00, 0x00, 0x00, 0x00, 0x00, 0x00, 0x00,
    0x00, 0x00, 0x00, 0x00, 0x00, 0x00, 0x00, 0x00, 0x00, 0x00, 0x00, 0x00, 0x00, 0x00, 0x00, 0x00,
    0x00, 0x02, 0x88, 0xf9, 0xfb, 0xff, 0xff, 0xff, 0xff, 0xff, 0xff, 0xff, 0xff, 0xff, 0xff, 0xff,
    0xff, 0xff, 0xff, 0xff, 0xff, 0xff, 0xff, 0xfd, 0xfd, 0xd7, 0xab, 0x00, 0x00, 0x00, 0x00, 0x00,
    0x00, 0x00, 0x00, 0x00, 0x00, 0x00, 0x00, 0x00, 0x00, 0x00, 0x00, 0x00, 0x00, 0x00, 0x00, 0x00,
    0x00, 0x00, 0x00, 0x00, 0x00, 0x00, 0x00, 0x00, 0x00, 0x00, 0x00, 0x00, 0x00, 0x00, 0x00, 0x00,
    0x09, 0x3b, 0x83, 0xf7, 0xfd, 0xff, 0xff, 0xff, 0xff, 0xff, 0xff, 0xff, 0xff, 0xff, 0xff, 0xff,
    0xff, 0xff, 0xff, 0xff, 0xff, 0xff, 0xff, 0xff, 0xf9, 0xff, 0xa6, 0x00, 0x00, 0x00, 0x00, 0x00,
    0x00, 0x00, 0x00, 0x00, 0x00, 0x00, 0x00, 0x00, 0x00, 0x00, 0x00, 0x00, 0x00, 0x00, 0x00, 0x00,
    0x00, 0x00, 0x00, 0x00, 0x00, 0x00, 0x00, 0x00, 0x00, 0x00, 0x00, 0x00, 0x00, 0x00, 0x00, 0x55,
    0xff, 0xff, 0xff, 0xff, 0xff, 0xff, 0xff, 0xff, 0xff, 0xff, 0xff, 0xff, 0xff, 0xff, 0xff, 0xff,
    0xff, 0xff, 0xff, 0xff, 0xff, 0xff, 0xff, 0xff, 0xf7, 0xfd, 0x34, 0x00, 0x00, 0x00, 0x00, 0x00,
    0x00, 0x00, 0x00, 0x00, 0x00, 0x00, 0x00, 0x00, 0x00, 0x00, 0x00, 0x00, 0x00, 0x00, 0x00, 0x00,
    0x00, 0x00, 0x00, 0x00, 0x00, 0x00, 0x00, 0x00, 0x00, 0x00, 0x00, 0x00, 0x00, 0x00, 0x00, 0x38,
    0xb2, 0xff, 0xf9, 0xff, 0xff, 0xff, 0xff, 0xff, 0xff, 0xff, 0xff, 0xff, 0xff, 0xff, 0xff, 0xff,
    0xff, 0xff, 0xff, 0xff, 0xff, 0xff, 0xff, 0xff, 0xfb, 0xff, 0x80, 0x01, 0x00, 0x00, 0x00, 0x00,
    0x00, 0x00, 0x00, 0x00, 0x00, 0x00, 0x00, 0x00, 0x00, 0x00, 0x00, 0x00, 0x00, 0x00, 0x00, 0x00,
    0x00, 0x00, 0x00, 0x00, 0x00, 0x00, 0x00, 0x00, 0x00, 0x00, 0x00, 0x00, 0x00, 0x00, 0x00, 0x00,
    0x00, 0x3f, 0xff, 0xfd, 0xfd, 0xff, 0xff, 0xff, 0xff, 0xff, 0xff, 0xff, 0xff, 0xff, 0xff, 0xff,
    0xff, 0xff, 0xff, 0xff, 0xff, 0xff, 0xff, 0xff, 0xff, 0xf7, 0xff, 0x2a, 0x00, 0x00, 0x00, 0x00,
    0x00, 0x00, 0x00, 0x00, 0x00, 0x00, 0x00, 0x00, 0x00, 0x00, 0x00, 0x00, 0x00, 0x00, 0x00, 0x00,
    0x00, 0x00, 0x00, 0x00, 0x00, 0x00, 0x00, 0x00, 0x00, 0x00, 0x00, 0x00, 0x00, 0x00, 0x00, 0x00,
    0x00, 0x00, 0x1c, 0xf5, 0xfb, 0xff, 0xff, 0xff, 0xff, 0xff, 0xff, 0xff, 0xff, 0xff, 0xff, 0xff,
    0xff, 0xff, 0xff, 0xff, 0xff, 0xff, 0xff, 0xff, 0xff, 0xf7, 0xff, 0x1a, 0x00, 0x00, 0x00, 0x00,
    0x00, 0x00, 0x00, 0x00, 0x00, 0x00, 0x00, 0x00, 0x00, 0x00, 0x00, 0x00, 0x00, 0x00, 0x00, 0x00,
    0x00, 0x00, 0x00, 0x00, 0x00, 0x00, 0x00, 0x00, 0x00, 0x00, 0x00, 0x00, 0x00, 0x00, 0x00, 0x00,
    0x00, 0x00, 0x70, 0xf9, 0xfb, 0xff, 0xff, 0xff, 0xff, 0xff, 0xff, 0xff, 0xff, 0xff, 0xff, 0xff,
    0xff, 0xff, 0xff, 0xff, 0xff, 0xff, 0xff, 0xff, 0xf9, 0xff, 0x98, 0x00, 0x00, 0x00, 0x00, 0x00,
    0x00, 0x00, 0x00, 0x00, 0x00, 0x00, 0x02, 0x09, 0x00, 0x00, 0x00, 0x00, 0x00, 0x00, 0x00, 0x00,
    0x00, 0x00, 0x00, 0x00, 0x00, 0x00, 0x00, 0x00, 0x00, 0x00, 0x00, 0x00, 0x00, 0x00, 0x00, 0x00,
    0x00, 0x43, 0xff, 0xff, 0xff, 0xff, 0xff, 0xff, 0xff, 0xff, 0xff, 0xff, 0xff, 0xff, 0xff, 0xff,
    0xff, 0xff, 0xff, 0xff, 0xff, 0xff, 0xff, 0xfb, 0xff, 0xce, 0x03, 0x00, 0x00, 0x00, 0x00, 0x00,
    0x00, 0x00, 0x00, 0x00, 0x00, 0x00, 0x5b, 0x5d, 0x00, 0x00, 0x00, 0x00, 0x00, 0x00, 0x00, 0x00,
    0x00, 0x00, 0x00, 0x00, 0x00, 0x00, 0x00, 0x00, 0x00, 0x00, 0x00, 0x00, 0x00, 0x00, 0x00, 0x00,
    0x00, 0xcf, 0xe6, 0xde, 0xff, 0xff, 0xff, 0xff, 0xff, 0xff, 0xff, 0xff, 0xff, 0xff, 0xff, 0xff,
    0xff, 0xff, 0xff, 0xff, 0xff, 0xff, 0xfb, 0xfd, 0xf5, 0x0e, 0x00, 0x00, 0x00, 0x00, 0x00, 0x00,
    0x00, 0x00, 0x00, 0x04, 0x28, 0x7f, 0xff, 0x66, 0x00, 0x00, 0x00, 0x00, 0x00, 0x00, 0x00, 0x00,
    0x00, 0x00, 0x00, 0x00, 0x00, 0x00, 0x00, 0x00, 0x00, 0x00, 0x00, 0x00, 0x00, 0x00, 0x00, 0x00,
    0x00, 0x06, 0x00, 0x02, 0x11, 0xeb, 0xf7, 0xfd, 0xff, 0xff, 0xff, 0xff, 0xff, 0xff, 0xff, 0xff,
    0xff, 0xff, 0xff, 0xff, 0xff, 0xfb, 0xff, 0xfb, 0x1a, 0x00, 0x00, 0x00, 0x00, 0x00, 0x00, 0x28,
    0xa0, 0x0e, 0x78, 0xeb, 0xff, 0xff, 0xfd, 0x61, 0x00, 0x00, 0x00, 0x00, 0x00, 0x00, 0x00, 0x00,
    0x00, 0x00, 0x00, 0x00, 0x00, 0x00, 0x00, 0x00, 0x00, 0x00, 0x00, 0x00, 0x00, 0x00, 0x00, 0x07,
    0x00, 0x17, 0x36, 0x00, 0x07, 0xff, 0xff, 0xff, 0xff, 0xff, 0xff, 0xff, 0xff, 0xff, 0xff, 0xff,
    0xff, 0xff, 0xff, 0xff, 0xf7, 0xff, 0xed, 0x17, 0x00, 0x00, 0x00, 0x00, 0x00, 0x00, 0x39, 0xff,
    0xfb, 0xfd, 0xff, 0xff, 0xf9, 0xf1, 0xff, 0x37, 0x00, 0x00, 0x00, 0x00, 0x00, 0x00, 0x00, 0x00,
    0x00, 0x00, 0x00, 0x00, 0x00, 0x00, 0x00, 0x00, 0x00, 0x00, 0x00, 0x00, 0x00, 0x00, 0x05, 0xff,
    0xa6, 0xd5, 0xff, 0x05, 0x04, 0xe6, 0x5f, 0xd9, 0xff, 0xfd, 0xff, 0xff, 0xff, 0xff, 0xff, 0xff,
    0xff, 0xff, 0xff, 0xff, 0xff, 0xde, 0x0f, 0x00, 0x00, 0x00, 0x00, 0x00, 0x00, 0x1e, 0xff, 0xf7,
    0xfd, 0xff, 0xf9, 0xfd, 0xfd, 0xf9, 0xff, 0x07, 0x00, 0x00, 0x00, 0x00, 0x00, 0x00, 0x00, 0x00,
    0x00, 0x00, 0x00, 0x00, 0x00, 0x00, 0x00, 0x00, 0x00, 0x00, 0x00, 0x00, 0x00, 0x00, 0x00, 0xde,
    0xff, 0xfb, 0xfb, 0x47, 0x00, 0x03, 0x00, 0xe4, 0xfb, 0xfd, 0xff, 0xff, 0xff, 0xff, 0xff, 0xff,
    0xff, 0xfd, 0xfd, 0xe4, 0x7f, 0x07, 0x00, 0x00, 0x00, 0x00, 0x00, 0x00, 0x00, 0xc7, 0xfb, 0xf9,
    0xff, 0xfd, 0xff, 0xfd, 0xf3, 0xff, 0x5b, 0x00, 0x00, 0x00, 0x00, 0x00, 0x00, 0x00, 0x00, 0x00,
    0x00, 0x00, 0x00, 0x00, 0x00, 0x00, 0x00, 0x00, 0x00, 0x00, 0x00, 0x00, 0x00, 0x1d, 0x46, 0xc3,
    0xfb, 0xf3, 0xff, 0x6d, 0x00, 0x00, 0x00, 0xc8, 0xff, 0xfb, 0xff, 0xff, 0xff, 0xff, 0xff, 0xff,
    0xff, 0xf9, 0xff, 0x8f, 0x00, 0x00, 0x00, 0x00, 0x00, 0x00, 0x00, 0x02, 0x3e, 0xff, 0xfd, 0xff,
    0xff, 0xff, 0xff, 0xff, 0xff, 0x7c, 0x00, 0x00, 0x00, 0x00, 0x00, 0x00, 0x00, 0x00, 0x00, 0x00,
    0x00, 0x00, 0x00, 0x00, 0x00, 0x00, 0x00, 0x00, 0x00, 0x00, 0x00, 0x00, 0x00, 0x66, 0xff, 0xff,
    0xff, 0xfb, 0xff, 0x86, 0xa2, 0x54, 0x00, 0x6d, 0x75, 0xeb, 0xff, 0xff, 0xff, 0xff, 0xff, 0xff,
    0xff, 0xfd, 0xfd, 0xf1, 0x06, 0x00, 0x00, 0x00, 0x00, 0x00, 0x00, 0x4f, 0xff, 0xf5, 0xff, 0xff,
    0xff, 0xf7, 0xf5, 0xcf, 0x26, 0x00, 0x00, 0x00, 0x00, 0x00, 0x00, 0x00, 0x00, 0x00, 0x00, 0x00,
    0x00, 0x00, 0x00, 0x00, 0x00, 0x00, 0x00, 0x00, 0x00, 0x00, 0x00, 0x00, 0x00, 0x00, 0xb9, 0xfd,
    0xfb, 0xff, 0xff, 0xfd, 0xff, 0x75, 0x00, 0x01, 0x03, 0xf3, 0xff, 0xfd, 0xff, 0xff, 0xff, 0xff,
    0xff, 0xff, 0xf9, 0xff, 0x91, 0x00, 0x00, 0x00, 0x00, 0x00, 0x00, 0xb0, 0xfb, 0xfb, 0xff, 0xfd,
    0xfd, 0xff, 0xff, 0xff, 0x55, 0x00, 0x00, 0x00, 0x00, 0x00, 0x00, 0x00, 0x00, 0x00, 0x00, 0x00,
    0x00, 0x00, 0x00, 0x00, 0x00, 0x00, 0x00, 0x00, 0x00, 0x00, 0x00, 0x00, 0x00, 0x00, 0x19, 0xff,
    0xf7, 0xfd, 0xff, 0xf7, 0xfd, 0x30, 0x00, 0x00, 0x1a, 0xff, 0xf9, 0xff, 0xff, 0xff, 0xff, 0xff,
    0xff, 0xff, 0xff, 0xf9, 0xff, 0x85, 0x00, 0x00, 0x00, 0x00, 0x01, 0xdc, 0xff, 0xfd, 0xfd, 0xff,
    0xff, 0x8b, 0x39, 0x20, 0x0e, 0x00, 0x00, 0x00, 0x00, 0x00, 0x00, 0x00, 0x00, 0x00, 0x00, 0x00,
    0x00, 0x00, 0x00, 0x00, 0x00, 0x00, 0x00, 0x00, 0x00, 0x00, 0x00, 0x00, 0x00, 0x00, 0x00, 0x45,
    0xff, 0xf9, 0xfd, 0xff, 0xe6, 0x01, 0x00, 0x03, 0xc8, 0xfd, 0xfb, 0xff, 0xff, 0xff, 0xff, 0xff,
    0xff, 0xff, 0xff, 0xff, 0xf5, 0xff, 0x50, 0x00, 0x00, 0x00, 0x00, 0xca, 0xff, 0xfb, 0xfd, 0xe9,
    0x1a, 0x00, 0x00, 0x00, 0x00, 0x00, 0x00, 0x00, 0x00, 0x00, 0x00, 0x00, 0x00, 0x00, 0x00, 0x00,
    0x00, 0x00, 0x00, 0x00, 0x00, 0x00, 0x00, 0x00, 0x00, 0x00, 0x00, 0x00, 0x00, 0x00, 0x00, 0x00,
    0xa5, 0xff, 0xf9, 0xfb, 0xf7, 0x33, 0x06, 0xad, 0xff, 0xfb, 0xff, 0xff, 0xff, 0xff, 0xff, 0xff,
    0xff, 0xff, 0xff, 0xff, 0xfd, 0xf9, 0xf9, 0x06, 0x00, 0x00, 0x00, 0x95, 0xff, 0xf1, 0xff, 0x3f,
    0x00, 0x00, 0x00, 0x00, 0x00, 0x00, 0x00, 0x00, 0x00, 0x00, 0x00, 0x00, 0x00, 0x00, 0x00, 0x00,
    0x00, 0x00, 0x00, 0x00, 0x00, 0x00, 0x00, 0x00, 0x00, 0x00, 0x00, 0x00, 0x00, 0x00, 0x00, 0x00,
    0x03, 0xe4, 0xfd, 0xfd, 0xff, 0xff, 0xf7, 0xff, 0xfb, 0xff, 0xff, 0xff, 0xff, 0xff, 0xff, 0xff,
    0xff, 0xff, 0xff, 0xff, 0xff, 0xf7, 0xff, 0x51, 0x00, 0x00, 0x00, 0x2a, 0xff, 0xf3, 0xff, 0x0f,
    0x00, 0x00, 0x00, 0x00, 0x00, 0x00, 0x00, 0x00, 0x00, 0x00, 0x00, 0x00, 0x00, 0x00, 0x00, 0x00,
    0x00, 0x00, 0x00, 0x00, 0x00, 0x00, 0x00, 0x00, 0x00, 0x00, 0x00, 0x00, 0x00, 0x01, 0x0f, 0x33,
    0x5f, 0xd7, 0xff, 0xfd, 0xff, 0xfd, 0xff, 0xfb, 0xff, 0xff, 0xff, 0xff, 0xff, 0xff, 0xff, 0xff,
    0xff, 0xff, 0xff, 0xff, 0xff, 0xfb, 0xff, 0xb5, 0x00, 0x00, 0x00, 0x4e, 0xfd, 0xf1, 0xff, 0x2a,
    0x00, 0x00, 0x00, 0x00, 0x00, 0x00, 0x00, 0x00, 0x00, 0x00, 0x00, 0x00, 0x00, 0x00, 0x00, 0x00,
    0x00, 0x00, 0x00, 0x00, 0x00, 0x00, 0x00, 0x00, 0x00, 0x00, 0x00, 0x02, 0x5c, 0xd1, 0xff, 0xff,
    0xff, 0xff, 0xff, 0xff, 0xff, 0xff, 0xfd, 0xff, 0xff, 0xff, 0xff, 0xff, 0xff, 0xff, 0xff, 0xff,
    0xff, 0xff, 0xff, 0xff, 0xff, 0xfd, 0xff, 0xde, 0x01, 0x00, 0x00, 0x56, 0xff, 0xf1, 0xff, 0xba,
    0x00, 0x00, 0x00, 0x00, 0x00, 0x00, 0x00, 0x00, 0x00, 0x00, 0x00, 0x00, 0x00, 0x00, 0x00, 0x00,
    0x00, 0x00, 0x00, 0x00, 0x00, 0x00, 0x00, 0x00, 0x00, 0x00, 0x00, 0x1c, 0xaf, 0xf3, 0xfb, 0xf7,
    0xf7, 0xfd, 0xff, 0xff, 0xff, 0xff, 0xff, 0xff, 0xff, 0xff, 0xff, 0xff, 0xff, 0xff, 0xff, 0xff,
    0xff, 0xff, 0xff, 0xff, 0xff, 0xfb, 0xff, 0xce, 0x00, 0x00, 0x00, 0x05, 0xef, 0xfd, 0xf5, 0xff,
    0x63, 0x00, 0x02, 0x00, 0x00, 0x00, 0x00, 0x00, 0x00, 0x00, 0x00, 0x00, 0x00, 0x00, 0x00, 0x00,
    0x00, 0x00, 0x00, 0x00, 0x00, 0x00, 0x00, 0x00, 0x00, 0x00, 0x00, 0x00, 0x36, 0xe6, 0xfb, 0xfd,
    0xff, 0xff, 0xff, 0xff, 0xff, 0xff, 0xff, 0xff, 0xff, 0xff, 0xff, 0xff, 0xff, 0xff, 0xff, 0xff,
    0xff, 0xff, 0xff, 0xff, 0xff, 0xf9, 0xff, 0x97, 0x00, 0x00, 0x00, 0x00, 0x1e, 0xff, 0xfb, 0xf9,
    0xff, 0x6f, 0x70, 0x00, 0x00, 0x00, 0x00, 0x00, 0x00, 0x00, 0x00, 0x00, 0x00, 0x00, 0x00, 0x00,
    0x00, 0x00, 0x00, 0x00, 0x00, 0x00, 0x00, 0x00, 0x00, 0x00, 0x00, 0x70, 0xff, 0xff, 0xff, 0xff,
    0xff, 0xff, 0xff, 0xff, 0xff, 0xff, 0xff, 0xff, 0xff, 0xff, 0xff, 0xff, 0xff, 0xff, 0xff, 0xff,
    0xff, 0xff, 0xff, 0xff, 0xff, 0xf7, 0xff, 0x4d, 0x00, 0x00, 0x00, 0x00, 0x00, 0x23, 0xfd, 0xff,
    0xfb, 0xff, 0xff, 0x0f, 0x00, 0x00, 0x00, 0x00, 0x00, 0x00, 0x00, 0x00, 0x00, 0x00, 0x00, 0x00,
    0x00, 0x00, 0x00, 0x00, 0x00, 0x00, 0x00, 0x00, 0x00, 0x00, 0x55, 0xff, 0xf5, 0xff, 0xff, 0xff,
    0xff, 0xff, 0xff, 0xff, 0xff, 0xff, 0xff, 0xff, 0xff, 0xff, 0xff, 0xff, 0xff, 0xff, 0xff, 0xff,
    0xff, 0xff, 0xff, 0xff, 0xff, 0xf9, 0xff, 0x17, 0x00, 0x00, 0x00, 0x00, 0x00, 0x00, 0x1c, 0xe2,
    0xfb, 0xf3, 0xff, 0x8b, 0x00, 0x00, 0x00, 0x00, 0x00, 0x00, 0x00, 0x00, 0x00, 0x00, 0x00, 0x00,
    0x00, 0x00, 0x00, 0x00, 0x00, 0x00, 0x00, 0x00, 0x00, 0x10, 0xff, 0xf5, 0xff, 0xff, 0xff, 0xff,
    0xff, 0xff, 0xff, 0xff, 0xff, 0xff, 0xff, 0xff, 0xff, 0xff, 0xff, 0xff, 0xff, 0xff, 0xff, 0xff,
    0xff, 0xff, 0xff, 0xff, 0xff, 0xfd, 0xff, 0x0a, 0x00, 0x00, 0x00, 0x00, 0x00, 0x00, 0x05, 0xef,
    0xfb, 0xfd, 0xfb, 0xff, 0x11, 0x00, 0x00, 0x00, 0x00, 0x00, 0x00, 0x00, 0x00, 0x00, 0x00, 0x00,
    0x00, 0x00, 0x00, 0x00, 0x00, 0x00, 0x00, 0x00, 0x00, 0x8b, 0xe0, 0xf5, 0xff, 0xff, 0xff, 0xff,
    0xff, 0xff, 0xff, 0xff, 0xff, 0xff, 0xff, 0xff, 0xff, 0xff, 0xff, 0xff, 0xff, 0xff, 0xff, 0xff,
    0xff, 0xff, 0xff, 0xff, 0xff, 0xf9, 0xff, 0x21, 0x00, 0x00, 0x00, 0x00, 0x00, 0x00, 0x00, 0x41,
    0xff, 0xfb, 0xf9, 0xff, 0x88, 0x00, 0x00, 0x00, 0x00, 0x00, 0x00, 0x00, 0x00, 0x00, 0x00, 0x00,
    0x00, 0x00, 0x00, 0x00, 0x00, 0x00, 0x00, 0x00, 0x00, 0x13, 0x6b, 0xfd, 0xf9, 0xff, 0xff, 0xff,
    0xff, 0xff, 0xff, 0xff, 0xff, 0xff, 0xff, 0xff, 0xff, 0xff, 0xff, 0xff, 0xff, 0xff, 0xff, 0xff,
    0xff, 0xff, 0xff, 0xff, 0xff, 0xf7, 0xff, 0x71, 0x00, 0x00, 0x00, 0x00, 0x00, 0x00, 0x00, 0x00,
    0x75, 0xff, 0xf7, 0xff, 0xf7, 0x07, 0x00, 0x00, 0x00, 0x00, 0x00, 0x00, 0x00, 0x00, 0x00, 0x00,
    0x00, 0x00, 0x00, 0x00, 0x00, 0x00, 0x00, 0x00, 0x00, 0x00, 0xd9, 0xff, 0xfd, 0xff, 0xff, 0xff,
    0xff, 0xff, 0xff, 0xff, 0xff, 0xff, 0xff, 0xff, 0xff, 0xff, 0xff, 0xff, 0xff, 0xff, 0xff, 0xff,
    0xff, 0xff, 0xff, 0xff, 0xff, 0xfb, 0xff, 0xc7, 0x00, 0x00, 0x00, 0x00, 0x00, 0x00, 0x00, 0x00,
    0x08, 0xf9, 0xfd, 0xff, 0xf7, 0xb9, 0x17, 0x00, 0x00, 0x00, 0x00, 0x00, 0x00, 0x00, 0x00, 0x00,
    0x00, 0x00, 0x00, 0x00, 0x00, 0x00, 0x00, 0x00, 0x00, 0x1b, 0xff, 0xf9, 0xff, 0xff, 0xff, 0xff,
    0xff, 0xff, 0xff, 0xff, 0xff, 0xff, 0xff, 0xff, 0xff, 0xff, 0xff, 0xff, 0xff, 0xff, 0xff, 0xff,
    0xff, 0xff, 0xff, 0xff, 0xff, 0xfd, 0xff, 0xde, 0x01, 0x00, 0x00, 0x00, 0x00, 0x00, 0x00, 0x00,
    0x03, 0xf1, 0xff, 0xfd, 0xf7, 0xff, 0x22, 0x00, 0x00, 0x00, 0x00, 0x00, 0x00, 0x00, 0x00, 0x00,
    0x00, 0x00, 0x00, 0x00, 0x00, 0x00, 0x00, 0x00, 0x00, 0x50, 0xfd, 0xf7, 0xff, 0xff, 0xff, 0xff,
    0xff, 0xff, 0xff, 0xff, 0xff, 0xff, 0xff, 0xff, 0xff, 0xff, 0xff, 0xff, 0xff, 0xff, 0xff, 0xff,
    0xff, 0xff, 0xfb, 0xfb, 0xff, 0xfb, 0xff, 0xcc, 0x00, 0x00, 0x00, 0x00, 0x00, 0x00, 0x00, 0x00,
    0x09, 0xff, 0xfd, 0xfd, 0xfb, 0xfd, 0x11, 0x00, 0x00, 0x00, 0x00, 0x00, 0x00, 0x00, 0x00, 0x00,
    0x00, 0x00, 0x00, 0x00, 0x00, 0x00, 0x00, 0x00, 0x00, 0x77, 0xfd, 0xf9, 0xff, 0xff, 0xff, 0xff,
    0xff, 0xff, 0xff, 0xff, 0xff, 0xff, 0xff, 0xff, 0xff, 0xff, 0xff, 0xff, 0xff, 0xff, 0xff, 0xff,
    0xff, 0xfb, 0xff, 0xff, 0xfd, 0xfd, 0xff, 0xcc, 0x00, 0x00, 0x00, 0x00, 0x00, 0x00, 0x00, 0x05,
    0x2e, 0xff, 0xf7, 0xfd, 0xff, 0xed, 0x03, 0x00, 0x00, 0x00, 0x00, 0x00, 0x00, 0x00, 0x00, 0x00,
    0x00, 0x00, 0x00, 0x00, 0x00, 0x00, 0x00, 0x00, 0x00, 0x71, 0xff, 0xf7, 0xff, 0xff, 0xff, 0xff,
    0xff, 0xff, 0xff, 0xff, 0xff, 0xff, 0xff, 0xff, 0xff, 0xff, 0xff, 0xff, 0xff, 0xff, 0xff, 0xff,
    0xfd, 0xff, 0xb9, 0x97, 0xff, 0xf9, 0xff, 0xf5, 0x04, 0x00, 0x00, 0x00, 0x00, 0x00, 0x1f, 0xd3,
    0xc3, 0xff, 0xfd, 0xf9, 0xff, 0x95, 0x00, 0x00, 0x00, 0x00, 0x00, 0x00, 0x00, 0x00, 0x00, 0x00,
    0x00, 0x00, 0x00, 0x00, 0x00, 0x00, 0x00, 0x00, 0x00, 0x4e, 0xad, 0xe8, 0xff, 0xff, 0xff, 0xff,
    0xff, 0xff, 0xff, 0xff, 0xff, 0xff, 0xff, 0xff, 0xff, 0xff, 0xff, 0xff, 0xff, 0xff, 0xff, 0xfb,
    0xf9, 0x94, 0x00, 0x00, 0xd5, 0xfd, 0xf7, 0xff, 0x49, 0x02, 0x05, 0x00, 0x00, 0x0b, 0xe0, 0xff,
    0xff, 0xff, 0xff, 0xf9, 0xfb, 0x1c, 0x00, 0x00, 0x00, 0x00, 0x00, 0x00, 0x00, 0x00, 0x00, 0x00,
    0x00, 0x00, 0x00, 0x00, 0x00, 0x00, 0x00, 0x00, 0x00, 0x02, 0x09, 0xeb, 0xff, 0xfd, 0xff, 0xff,
    0xff, 0xff, 0xff, 0xff, 0xff, 0xff, 0xff, 0xff, 0xff, 0xff, 0xff, 0xff, 0xff, 0xff, 0xfd, 0xfd,
    0xdc, 0x37, 0x2d, 0x24, 0x86, 0xff, 0xf9, 0xff, 0xff, 0xdc, 0xf3, 0x4a, 0x26, 0xe6, 0xff, 0xfb,
    0xfd, 0xff, 0xfd, 0xfd, 0xeb, 0x1c, 0x00, 0x00, 0x00, 0x00, 0x00, 0x00, 0x00, 0x00, 0x00, 0x00,
    0x00, 0x00, 0x00, 0x00, 0x00, 0x00, 0x00, 0x00, 0x00, 0x00, 0x00, 0xa0, 0xfd, 0xf9, 0xff, 0xff,
    0xff, 0xff, 0xff, 0xff, 0xff, 0xff, 0xff, 0xff, 0xff, 0xff, 0xff, 0xff, 0xff, 0xff, 0xff, 0xff,
    0xff, 0xff, 0xff, 0xff, 0xff, 0xff, 0xff, 0xff, 0xff, 0xff, 0xff, 0xff, 0xff, 0xff, 0xfd, 0xff,
    0xff, 0xff, 0xfd, 0xf7, 0xfd, 0x0b, 0x00, 0x00, 0x00, 0x00, 0x00, 0x00, 0x00, 0x00, 0x00, 0x00,
    0x00, 0x00, 0x00, 0x00, 0x00, 0x00, 0x00, 0x00, 0x00, 0x00, 0x00, 0x26, 0xff, 0xf5, 0xfd, 0xff,
    0xff, 0xff, 0xff, 0xff, 0xff, 0xff, 0xff, 0xff, 0xff, 0xff, 0xff, 0xff, 0xff, 0xff, 0xff, 0xff,
    0xff, 0xf9, 0xf7, 0xf7, 0xff, 0xff, 0xff, 0xff, 0xff, 0xfd, 0xfd, 0xf9, 0xf9, 0xfd, 0xff, 0xff,
    0xff, 0xfd, 0xf3, 0xff, 0x43, 0x00, 0x00, 0x00, 0x00, 0x00, 0x00, 0x00, 0x00, 0x00, 0x00, 0x00,
    0x00, 0x00, 0x00, 0x00, 0x00, 0x00, 0x00, 0x00, 0x00, 0x00, 0x00, 0x00, 0xa6, 0xff, 0xff, 0xfb,
    0xff, 0xff, 0xff, 0xff, 0xff, 0xff, 0xff, 0xff, 0xff, 0xff, 0xff, 0xff, 0xff, 0xff, 0xff, 0xff,
    0xff, 0xff, 0xff, 0xff, 0xff, 0xff, 0xff, 0xff, 0xff, 0xff, 0xff, 0xff, 0xff, 0xff, 0xff, 0xff,
    0xf9, 0xfd, 0xff, 0x61, 0x00, 0x00, 0x00, 0x00, 0x00, 0x00, 0x00, 0x00, 0x00, 0x00, 0x00, 0x00,
    0x00, 0x00, 0x00, 0x00, 0x00, 0x00, 0x00, 0x00, 0x00, 0x00, 0x00, 0x00, 0x06, 0xbe, 0xaa, 0xff,
    0xfd, 0xf7, 0xfd, 0xff, 0xfd, 0xf7, 0xfd, 0xff, 0xff, 0xff, 0xff, 0xff, 0xff, 0xff, 0xf9, 0xfd,
    0xfd, 0xff, 0xff, 0xff, 0xff, 0xff, 0xff, 0xff, 0xff, 0xff, 0xff, 0xff, 0xff, 0xff, 0xff, 0xf9,
    0xff, 0xf1, 0x36, 0x00, 0x00, 0x00, 0x00, 0x00, 0x00, 0x00, 0x00, 0x00, 0x00, 0x00, 0x00, 0x00,
    0x00, 0x00, 0x00, 0x00, 0x00, 0x00, 0x00, 0x00, 0x00, 0x00, 0x00, 0x00, 0x00, 0x03, 0x03, 0x47,
    0xff, 0xff, 0xff, 0xfd, 0xff, 0xff, 0xff, 0xf9, 0xfd, 0xff, 0xff, 0xf9, 0xf9, 0xff, 0xff, 0xff,
    0xff, 0xf9, 0xf9, 0xfd, 0xff, 0xff, 0xfb, 0xfd, 0xfd, 0xff, 0xfd, 0xfd, 0xfb, 0xf7, 0xf7, 0xff,
    0x74, 0x08, 0x00, 0x00, 0x00, 0x00, 0x00, 0x00, 0x00, 0x00, 0x00, 0x00, 0x00, 0x00, 0x00, 0x00,
    0x00, 0x00, 0x00, 0x00, 0x00, 0x00, 0x00, 0x00, 0x00, 0x00, 0x00, 0x00, 0x00, 0x00, 0x00, 0x00,
    0x0f, 0x70, 0xcf, 0xff, 0x88, 0x56, 0xd7, 0xff, 0xff, 0xfd, 0xf7, 0xff, 0xff, 0xe9, 0x80, 0xd3,
    0xef, 0xff, 0xff, 0xff, 0xfd, 0xfb, 0xff, 0xff, 0xff, 0xff, 0xff, 0xff, 0xff, 0xff, 0xff, 0xa3,
    0x01, 0x00, 0x00, 0x00, 0x00, 0x00, 0x00, 0x00, 0x00, 0x00, 0x00, 0x00, 0x00, 0x00, 0x00, 0x00,
    0x00, 0x00, 0x00, 0x00, 0x00, 0x00, 0x00, 0x00, 0x00, 0x00, 0x00, 0x00, 0x00, 0x00, 0x00, 0x00,
    0x00, 0x00, 0x01, 0x09, 0x04, 0x00, 0x02, 0x4d, 0xca, 0xff, 0xff, 0x8f, 0x74, 0xe9, 0x02, 0x01,
    0x05, 0x2a, 0x88, 0xda, 0xff, 0xff, 0xc3, 0xe2, 0xfd, 0xff, 0xf9, 0xe0, 0xb4, 0x6c, 0x1e, 0x00,
    0x00, 0x00, 0x00, 0x00, 0x00, 0x00, 0x00, 0x00, 0x00, 0x00, 0x00, 0x00, 0x00, 0x00, 0x00, 0x00,
    0x00, 0x00, 0x00, 0x00, 0x00, 0x00, 0x00, 0x00, 0x00, 0x00, 0x00, 0x00, 0x00, 0x00, 0x00, 0x00,
    0x00, 0x00, 0x00, 0x00, 0x00, 0x00, 0x00, 0x00, 0x01, 0x0d, 0x57, 0x1e, 0x00, 0x0a, 0x01, 0x00,
    0x00, 0x00, 0x00, 0x01, 0x0b, 0x15, 0x01, 0x02, 0x06, 0x08, 0x05, 0x02, 0x00, 0x00, 0x00, 0x00,
    0x00, 0x00, 0x00, 0x00, 0x00, 0x00, 0x00, 0x00, 0x00, 0x00, 0x00, 0x00, 0x00, 0x00, 0x00, 0x00,
    0x00, 0x00, 0x00, 0x00, 0x00, 0x00, 0x00, 0x00, 0x00, 0x00, 0x00, 0x00, 0x00, 0x00, 0x00, 0x00,
    0x00, 0x00, 0x00, 0x00, 0x00, 0x00, 0x00, 0x00, 0x00, 0x00, 0x00, 0x00, 0x00, 0x00, 0x00, 0x00,
    0x00, 0x00, 0x00, 0x00, 0x00, 0x00, 0x00, 0x00, 0x00, 0x00, 0x00, 0x00, 0x00, 0x00, 0x00, 0x00,
    0x00, 0x00, 0x00, 0x00, 0x00, 0x00, 0x00, 0x00, 0x00, 0x00, 0x00, 0x00, 0x00, 0x00, 0x00, 0x00,
    0x00, 0x00, 0x00, 0x00, 0x00, 0x00, 0x00, 0x00, 0x00, 0x00, 0x00, 0x00, 0x00, 0x00, 0x00, 0x00,
    0x00, 0x00, 0x00, 0x00, 0x00, 0x00, 0x00, 0x00, 0x00, 0x00, 0x00, 0x00, 0x00, 0x00, 0x00, 0x00,
    0x00, 0x00, 0x00, 0x00, 0x00, 0x00, 0x00, 0x00, 0x00, 0x00, 0x00, 0x00, 0x00, 0x00, 0x00, 0x00,
    0x00, 0x00, 0x00, 0x00, 0x00, 0x00, 0x00, 0x00, 0x00, 0x00, 0x00, 0x00, 0x00, 0x00, 0x00, 0x00,
};

const lv_image_dsc_t love_frame_5_dsc = {
    .header.w = 64,
    .header.h = 64,
    .header.cf = LV_COLOR_FORMAT_RGB565A8,
    .data_size = 12288,
    .data = love_frame_5_data,
};

/* Frame 6: frame_006.png */
static const uint8_t love_frame_6_data[] = {
    0x00, 0x00, 0x00, 0x00, 0x00, 0x00, 0x00, 0x00, 0x00, 0x00, 0x00, 0x00, 0x00, 0x00, 0x00, 0x00,
    0x00, 0x00, 0x00, 0x00, 0x00, 0x00, 0x00, 0x00, 0x00, 0x00, 0x00, 0x00, 0x00, 0x00, 0x00, 0x00,
    0x00, 0x00, 0x00, 0x00, 0x20, 0x00, 0x00, 0x00, 0x00, 0x00, 0x00, 0x00, 0x00, 0x00, 0x00, 0x00,
    0x00, 0x00, 0x00, 0x00, 0x00, 0x00, 0x00, 0x00, 0x00, 0x00, 0x00, 0x00, 0x00, 0x00, 0x00, 0x00,
    0x00, 0x00, 0x00, 0x00, 0x00, 0x00, 0x00, 0x00, 0x00, 0x00, 0x00, 0x00, 0x00, 0x00, 0x00, 0x00,
    0x00, 0x00, 0x00, 0x00, 0x00, 0x00, 0x00, 0x00, 0x00, 0x00, 0x00, 0x00, 0x00, 0x00, 0x00, 0x00,
    0x00, 0x00, 0x00, 0x00, 0x00, 0x00, 0x00, 0x00, 0x00, 0x00, 0x00, 0x00, 0x00, 0x00, 0x00, 0x00,
    0x00, 0x00, 0x00, 0x00, 0x00, 0x00, 0x00, 0x00, 0x00, 0x00, 0x00, 0x00, 0x00, 0x00, 0x00, 0x00,
    0x00, 0x00, 0x00, 0x00, 0x00, 0x00, 0x00, 0x00, 0x00, 0x00, 0x00, 0x00, 0x00, 0x00, 0x00, 0x00,
    0x00, 0x00, 0x00, 0x00, 0x00, 0x00, 0x00, 0x00, 0x00, 0x00, 0x00, 0x00, 0x00, 0x00, 0x00, 0x00,
    0x00, 0x00, 0xe2, 0x00, 0x44, 0x00, 0x00, 0x00, 0x00, 0x00, 0x00, 0x00, 0x00, 0x00, 0x00, 0x00,
    0x00, 0x00, 0x00, 0x00, 0x00, 0x00, 0x00, 0x00, 0x00, 0x00, 0x00, 0x00, 0x00, 0x00, 0x00, 0x00,
    0x00, 0x00, 0x03, 0x00, 0x40, 0x00, 0x00, 0x00, 0x00, 0x00, 0x00, 0x00, 0x00, 0x00, 0x00, 0x00,
    0x00, 0x00, 0x00, 0x00, 0x00, 0x00, 0x00, 0x00, 0x00, 0x00, 0x00, 0x00, 0x00, 0x00, 0x00, 0x00,
    0x00, 0x00, 0x00, 0x00, 0x00, 0x00, 0x00, 0x00, 0x00, 0x00, 0x00, 0x00, 0x00, 0x00, 0x00, 0x00,
    0x00, 0x00, 0x00, 0x00, 0x00, 0x00, 0x00, 0x00, 0x00, 0x00, 0x00, 0x00, 0x00, 0x00, 0x00, 0x00,
    0x00, 0x00, 0x00, 0x00, 0x00, 0x00, 0x00, 0x00, 0x00, 0x00, 0x00, 0x00, 0x00, 0x00, 0x00, 0x00,
    0x00, 0x00, 0x00, 0x00, 0x00, 0x00, 0x00, 0x00, 0x00, 0x00, 0x00, 0x00, 0x00, 0x00, 0x00, 0x00,
    0x00, 0x00, 0x66, 0x00, 0x84, 0x00, 0x00, 0x00, 0x00, 0x00, 0x00, 0x00, 0x00, 0x00, 0x00, 0x00,
    0x00, 0x00, 0x00, 0x00, 0x00, 0x00, 0x00, 0x00, 0x00, 0x00, 0x00, 0x00, 0x00, 0x00, 0x00, 0x00,
    0x81, 0x00, 0x05, 0x00, 0x00, 0x00, 0x00, 0x00, 0x00, 0x00, 0x00, 0x00, 0x00, 0x00, 0x00, 0x00,
    0x00, 0x00, 0x00, 0x00, 0x00, 0x00, 0x00, 0x00, 0x00, 0x00, 0x00, 0x00, 0x00, 0x00, 0x00, 0x00,
    0x00, 0x00, 0x00, 0x00, 0x00, 0x00, 0x00, 0x00, 0x00, 0x00, 0x00, 0x00, 0x00, 0x00, 0x00, 0x00,
    0x00, 0x00, 0x00, 0x00, 0x00, 0x00, 0x00, 0x00, 0x00, 0x00, 0x00, 0x00, 0x00, 0x00, 0x00, 0x00,
    0x00, 0x00, 0x00, 0x00, 0x00, 0x00, 0x00, 0x00, 0x00, 0x00, 0x00, 0x00, 0x00, 0x00, 0x00, 0x00,
    0x00, 0x00, 0x00, 0x00, 0x00, 0x00, 0x00, 0x00, 0x00, 0x00, 0x00, 0x00, 0x00, 0x00, 0x00, 0x00,
    0x00, 0x00, 0xa7, 0x00, 0xe5, 0x00, 0x00, 0x00, 0x00, 0x00, 0x00, 0x00, 0x00, 0x00, 0x00, 0x00,
    0x00, 0x00, 0x00, 0x00, 0x00, 0x00, 0x00, 0x00, 0x00, 0x00, 0x00, 0x00, 0x00, 0x00, 0x00, 0x00,
    0x03, 0x00, 0x66, 0x00, 0x00, 0x00, 0x00, 0x00, 0x00, 0x00, 0x00, 0x00, 0x00, 0x00, 0x00, 0x00,
    0x00, 0x00, 0x00, 0x00, 0x00, 0x00, 0x00, 0x00, 0x00, 0x00, 0x00, 0x00, 0x00, 0x00, 0x00, 0x00,
    0x00, 0x00, 0x00, 0x00, 0x00, 0x00, 0x00, 0x00, 0x00, 0x00, 0x00, 0x00, 0x00, 0x00, 0x00, 0x00,
    0x00, 0x00, 0x00, 0x00, 0x00, 0x00, 0x00, 0x00, 0x00, 0x00, 0x00, 0x00, 0x00, 0x00, 0x00, 0x00,
    0x00, 0x00, 0x00, 0x00, 0x00, 0x00, 0x00, 0x00, 0x00, 0x00, 0x00, 0x00, 0x00, 0x00, 0x00, 0x00,
    0x00, 0x00, 0x00, 0x00, 0x00, 0x00, 0x00, 0x00, 0x00, 0x00, 0x00, 0x00, 0x00, 0x00, 0x00, 0x00,
    0x00, 0x00, 0x26, 0x00, 0x08, 0x00, 0x00, 0x00, 0x00, 0x00, 0x20, 0x00, 0x61, 0x00, 0x00, 0x00,
    0x00, 0x00, 0x00, 0x00, 0x00, 0x00, 0x00, 0x00, 0x00, 0x00, 0x00, 0x00, 0x00, 0x00, 0x00, 0x00,
    0xa1, 0x00, 0x28, 0x00, 0xa1, 0x00, 0x00, 0x00, 0x40, 0x00, 0xe2, 0x00, 0x00, 0x00, 0x00, 0x00,
    0x00, 0x00, 0x00, 0x00, 0x00, 0x00, 0x00, 0x00, 0x00, 0x00, 0x00, 0x00, 0x00, 0x00, 0x00, 0x00,
    0x00, 0x00, 0x00, 0x00, 0x00, 0x00, 0x00, 0x00, 0x00, 0x00, 0x00, 0x00, 0x00, 0x00, 0x00, 0x00,
    0x00, 0x00, 0x00, 0x00, 0x00, 0x00, 0x00, 0x00, 0x00, 0x00, 0x00, 0x00, 0x00, 0x00, 0x00, 0x00,
    0x00, 0x00, 0x00, 0x00, 0x00, 0x00, 0x00, 0x00, 0x00, 0x00, 0x00, 0x00, 0x00, 0x00, 0x00, 0x00,
    0x00, 0x00, 0x00, 0x00, 0x00, 0x00, 0x00, 0x00, 0x00, 0x00, 0x00, 0x00, 0x00, 0x00, 0x00, 0x00,
    0x00, 0x00, 0x03, 0x00, 0xaa, 0x00, 0x84, 0x00, 0x00, 0x00, 0xe2, 0x00, 0xa4, 0x00, 0x00, 0x00,
    0x00, 0x00, 0x00, 0x00, 0x00, 0x00, 0x00, 0x00, 0x00, 0x00, 0x00, 0x00, 0x00, 0x00, 0x00, 0x00,
    0x00, 0x00, 0x87, 0x00, 0xa7, 0x00, 0x00, 0x00, 0xc2, 0x00, 0xc4, 0x00, 0x00, 0x00, 0x00, 0x00,
    0x00, 0x00, 0x00, 0x00, 0x00, 0x00, 0x00, 0x00, 0x00, 0x00, 0x00, 0x00, 0x00, 0x00, 0x00, 0x00,
    0x00, 0x00, 0x00, 0x00, 0x00, 0x00, 0x00, 0x00, 0x00, 0x00, 0x00, 0x00, 0x00, 0x00, 0x00, 0x00,
    0x00, 0x00, 0x00, 0x00, 0x00, 0x00, 0x00, 0x00, 0x00, 0x00, 0x00, 0x00, 0x00, 0x00, 0x00, 0x00,
    0x00, 0x00, 0x00, 0x00, 0x00, 0x00, 0x00, 0x00, 0x00, 0x00, 0x00, 0x00, 0x00, 0x00, 0x00, 0x00,
    0x00, 0x00, 0x00, 0x00, 0x00, 0x00, 0x00, 0x00, 0x00, 0x00, 0x00, 0x00, 0x00, 0x00, 0x00, 0x00,
    0x00, 0x00, 0x20, 0x00, 0x67, 0x00, 0xca, 0x00, 0x02, 0x00, 0x61, 0x00, 0x66, 0x00, 0x00, 0x00,
    0x00, 0x00, 0x00, 0x00, 0xa1, 0x00, 0xc2, 0x00, 0x00, 0x00, 0x00, 0x00, 0x00, 0x00, 0x00, 0x00,
    0x00, 0x00, 0xe2, 0x00, 0x08, 0x00, 0xa4, 0x00, 0xa1, 0x00, 0x66, 0x00, 0x00, 0x00, 0x00, 0x00,
    0x00, 0x00, 0x00, 0x00, 0x00, 0x00, 0x00, 0x00, 0x00, 0x00, 0x00, 0x00, 0x00, 0x00, 0x00, 0x00,
    0x00, 0x00, 0x00, 0x00, 0x00, 0x00, 0x00, 0x00, 0x00, 0x00, 0x00, 0x00, 0x00, 0x00, 0x00, 0x00,
    0x00, 0x00, 0x00, 0x00, 0x00, 0x00, 0x00, 0x00, 0x00, 0x00, 0x00, 0x00, 0x00, 0x00, 0x00, 0x00,
    0x00, 0x00, 0x00, 0x00, 0x00, 0x00, 0x00, 0x00, 0x00, 0x00, 0x00, 0x00, 0x00, 0x00, 0x00, 0x00,
    0x00, 0x00, 0x00, 0x00, 0x00, 0x00, 0x00, 0x00, 0x00, 0x00, 0x00, 0x00, 0x00, 0x00, 0x00, 0x00,
    0x00, 0x00, 0x00, 0x00, 0xa2, 0x00, 0xa7, 0x00, 0x8a, 0x00, 0x64, 0x00, 0xa7, 0x00, 0x43, 0x00,
    0x00, 0x00, 0x00, 0x00, 0x84, 0x00, 0xe5, 0x00, 0x00, 0x00, 0x20, 0x00, 0x02, 0x00, 0x00, 0x00,
    0x00, 0x00, 0x00, 0x00, 0x63, 0x00, 0x86, 0x00, 0xc4, 0x00, 0xa7, 0x00, 0xa4, 0x00, 0x00, 0x00,
    0x00, 0x00, 0x03, 0x00, 0x23, 0x00, 0x00, 0x00, 0x00, 0x00, 0x00, 0x00, 0x00, 0x00, 0x00, 0x00,
    0x00, 0x00, 0x00, 0x00, 0x00, 0x00, 0x00, 0x00, 0x00, 0x00, 0x00, 0x00, 0x00, 0x00, 0x00, 0x00,
    0x00, 0x00, 0x00, 0x00, 0x00, 0x00, 0x00, 0x00, 0x00, 0x00, 0x00, 0x00, 0x00, 0x00, 0x00, 0x00,
    0x00, 0x00, 0x00, 0x00, 0x00, 0x00, 0x00, 0x00, 0x00, 0x00, 0x00, 0x00, 0x00, 0x00, 0x00, 0x00,
    0x00, 0x00, 0x00, 0x00, 0x00, 0x00, 0x00, 0x00, 0x00, 0x00, 0x00, 0x00, 0x81, 0x00, 0xc2, 0x00,
    0x00, 0x00, 0x20, 0x00, 0x41, 0x00, 0x64, 0x00, 0x87, 0x00, 0x28, 0x00, 0x87, 0x00, 0xe8, 0x00,
    0x03, 0x00, 0x00, 0x00, 0x03, 0x00, 0x28, 0x00, 0x40, 0x00, 0x00, 0x00, 0xc7, 0x00, 0xea, 0x00,
    0x25, 0x00, 0x40, 0x00, 0x00, 0x00, 0x63, 0x00, 0xc4, 0x00, 0xe4, 0x00, 0x69, 0x00, 0x23, 0x00,
    0x00, 0x00, 0x66, 0x00, 0x86, 0x00, 0x00, 0x00, 0x00, 0x00, 0x00, 0x00, 0x00, 0x00, 0x00, 0x00,
    0x00, 0x00, 0x00, 0x00, 0x00, 0x00, 0x00, 0x00, 0x00, 0x00, 0x00, 0x00, 0x00, 0x00, 0x00, 0x00,
    0x00, 0x00, 0x00, 0x00, 0x00, 0x00, 0x00, 0x00, 0x00, 0x00, 0x00, 0x00, 0x00, 0x00, 0x00, 0x00,
    0x00, 0x00, 0x00, 0x00, 0x00, 0x00, 0x00, 0x00, 0x00, 0x00, 0x00, 0x00, 0x00, 0x00, 0x00, 0x00,
    0x00, 0x00, 0x00, 0x00, 0x00, 0x00, 0x00, 0x00, 0x00, 0x00, 0x00, 0x00, 0x40, 0x00, 0x06, 0x00,
    0x47, 0x00, 0x47, 0x00, 0x87, 0x00, 0x26, 0x00, 0xc5, 0x00, 0x26, 0x00, 0x87, 0x00, 0x46, 0x00,
    0xe7, 0x00, 0xc4, 0x00, 0x81, 0x00, 0xc7, 0x00, 0xa7, 0x00, 0x00, 0x00, 0xe2, 0x00, 0xea, 0x00,
    0xed, 0x00, 0x6b, 0x00, 0x05, 0x00, 0xa1, 0x00, 0x83, 0x00, 0xa4, 0x00, 0x86, 0x00, 0x07, 0x00,
    0x40, 0x00, 0x28, 0x00, 0xa7, 0x00, 0x00, 0x00, 0x00, 0x00, 0x00, 0x00, 0x00, 0x00, 0x00, 0x00,
    0x00, 0x00, 0x00, 0x00, 0x00, 0x00, 0x00, 0x00, 0x00, 0x00, 0x00, 0x00, 0x00, 0x00, 0x00, 0x00,
    0x00, 0x00, 0x00, 0x00, 0x00, 0x00, 0x00, 0x00, 0x00, 0x00, 0x00, 0x00, 0x00, 0x00, 0x00, 0x00,
    0x00, 0x00, 0x00, 0x00, 0x00, 0x00, 0x00, 0x00, 0x00, 0x00, 0x00, 0x00, 0x00, 0x00, 0x00, 0x00,
    0x00, 0x00, 0x00, 0x00, 0x00, 0x00, 0x00, 0x00, 0x00, 0x00, 0x00, 0x00, 0x00, 0x00, 0x40, 0x00,
    0x44, 0x00, 0x84, 0x00, 0x03, 0x00, 0x61, 0x00, 0x20, 0x00, 0x41, 0x00, 0xe2, 0x00, 0x84, 0x00,
    0xa4, 0x00, 0x86, 0x00, 0xe7, 0x00, 0x26, 0x00, 0x28, 0x00, 0xc7, 0x00, 0x40, 0x00, 0xc4, 0x00,
    0xc9, 0x00, 0xcc, 0x00, 0x0d, 0x00, 0xe7, 0x00, 0xc1, 0x00, 0xc7, 0x00, 0xa6, 0x00, 0x66, 0x00,
    0xe4, 0x00, 0x48, 0x00, 0xc4, 0x00, 0x00, 0x00, 0x00, 0x00, 0x00, 0x00, 0x00, 0x00, 0x00, 0x00,
    0x00, 0x00, 0x00, 0x00, 0x00, 0x00, 0x00, 0x00, 0x00, 0x00, 0x00, 0x00, 0x00, 0x00, 0x00, 0x00,
    0x00, 0x00, 0x00, 0x00, 0x00, 0x00, 0x00, 0x00, 0x00, 0x00, 0x00, 0x00, 0x00, 0x00, 0x00, 0x00,
    0x00, 0x00, 0x00, 0x00, 0x00, 0x00, 0x00, 0x00, 0x00, 0x00, 0x00, 0x00, 0x00, 0x00, 0x00, 0x00,
    0x00, 0x00, 0x00, 0x00, 0x00, 0x00, 0x00, 0x00, 0x00, 0x00, 0x00, 0x00, 0x00, 0x00, 0x00, 0x00,
    0x00, 0x00, 0x00, 0x00, 0x00, 0x00, 0x00, 0x00, 0x00, 0x00, 0x00, 0x00, 0x00, 0x00, 0x40, 0x00,
    0xe2, 0x00, 0x23, 0x00, 0xe5, 0x00, 0xa6, 0x00, 0x45, 0x00, 0x27, 0x00, 0xc6, 0x00, 0x22, 0x00,
    0x07, 0x00, 0xa9, 0x00, 0x0a, 0x00, 0x6b, 0x00, 0x25, 0x00, 0xc7, 0x00, 0xec, 0x00, 0x25, 0x00,
    0x25, 0x00, 0xe7, 0x00, 0xc1, 0x00, 0x00, 0x00, 0x00, 0x00, 0x00, 0x00, 0x00, 0x00, 0x00, 0x00,
    0x00, 0x00, 0x00, 0x00, 0x00, 0x00, 0x00, 0x00, 0x00, 0x00, 0x00, 0x00, 0x00, 0x00, 0x00, 0x00,
    0x00, 0x00, 0x00, 0x00, 0x00, 0x00, 0x00, 0x00, 0x00, 0x00, 0x00, 0x00, 0x00, 0x00, 0x00, 0x00,
    0x00, 0x00, 0x00, 0x00, 0x00, 0x00, 0x00, 0x00, 0x00, 0x00, 0x00, 0x00, 0x00, 0x00, 0x00, 0x00,
    0x00, 0x00, 0x00, 0x00, 0x00, 0x00, 0x00, 0x00, 0x00, 0x00, 0x00, 0x00, 0x00, 0x00, 0x00, 0x00,
    0x00, 0x00, 0x00, 0x00, 0x00, 0x00, 0x00, 0x00, 0x61, 0x00, 0x00, 0x00, 0x00, 0x00, 0x00, 0x00,
    0x00, 0x00, 0xc1, 0x00, 0x02, 0x00, 0x83, 0x00, 0xe4, 0x00, 0xc4, 0x00, 0x86, 0x00, 0x65, 0x00,
    0x05, 0x00, 0xac, 0x00, 0xc9, 0x00, 0x48, 0x00, 0x07, 0x00, 0x6b, 0x00, 0x8b, 0x00, 0xc9, 0x00,
    0x05, 0x00, 0x69, 0x00, 0x00, 0x00, 0x00, 0x00, 0x00, 0x00, 0x00, 0x00, 0x00, 0x00, 0x00, 0x00,
    0x00, 0x00, 0x00, 0x00, 0x00, 0x00, 0x00, 0x00, 0x00, 0x00, 0x00, 0x00, 0x00, 0x00, 0x00, 0x00,
    0x00, 0x00, 0x00, 0x00, 0x00, 0x00, 0x00, 0x00, 0x00, 0x00, 0x00, 0x00, 0x00, 0x00, 0x00, 0x00,
    0x00, 0x00, 0x00, 0x00, 0x00, 0x00, 0x00, 0x00, 0x00, 0x00, 0x00, 0x00, 0x00, 0x00, 0x00, 0x00,
    0x00, 0x00, 0x00, 0x00, 0x00, 0x00, 0x00, 0x00, 0x00, 0x00, 0x00, 0x00, 0x00, 0x00, 0x00, 0x00,
    0x00, 0x00, 0x00, 0x00, 0x00, 0x00, 0x00, 0x00, 0x03, 0x00, 0xa7, 0x00, 0x84, 0x00, 0x03, 0x00,
    0x64, 0x00, 0x64, 0x00, 0xc2, 0x00, 0x22, 0x00, 0x43, 0x00, 0x66, 0x00, 0x05, 0x00, 0x04, 0x00,
    0x42, 0x00, 0x07, 0x00, 0x8e, 0x00, 0x89, 0x00, 0xe4, 0x00, 0x2d, 0x00, 0x4d, 0x00, 0x6b, 0x00,
    0x68, 0x00, 0x89, 0x00, 0x20, 0x00, 0x45, 0x00, 0x40, 0x00, 0x00, 0x00, 0x00, 0x00, 0x00, 0x00,
    0x00, 0x00, 0x00, 0x00, 0x00, 0x00, 0x00, 0x00, 0x00, 0x00, 0x00, 0x00, 0x00, 0x00, 0x00, 0x00,
    0x00, 0x00, 0x00, 0x00, 0x00, 0x00, 0x00, 0x00, 0x00, 0x00, 0x00, 0x00, 0x00, 0x00, 0x00, 0x00,
    0x00, 0x00, 0x00, 0x00, 0x00, 0x00, 0x00, 0x00, 0x00, 0x00, 0x00, 0x00, 0x00, 0x00, 0x00, 0x00,
    0x00, 0x00, 0x00, 0x00, 0x00, 0x00, 0x00, 0x00, 0x00, 0x00, 0x00, 0x00, 0x00, 0x00, 0x00, 0x00,
    0x00, 0x00, 0x00, 0x00, 0x00, 0x00, 0x00, 0x00, 0x00, 0x00, 0x43, 0x00, 0x49, 0x00, 0xca, 0x00,
    0x08, 0x00, 0xc7, 0x00, 0x46, 0x00, 0x02, 0x00, 0xa1, 0x00, 0x48, 0x00, 0x0d, 0x00, 0x6b, 0x00,
    0x28, 0x00, 0x02, 0x00, 0x89, 0x00, 0x2d, 0x00, 0x66, 0x00, 0x28, 0x00, 0x4d, 0x00, 0x0d, 0x00,
    0x0a, 0x00, 0x89, 0x00, 0x05, 0x00, 0xa9, 0x00, 0x61, 0x00, 0x00, 0x00, 0x00, 0x00, 0x00, 0x00,
    0x00, 0x00, 0x00, 0x00, 0x00, 0x00, 0x00, 0x00, 0x00, 0x00, 0x00, 0x00, 0x00, 0x00, 0x00, 0x00,
    0x00, 0x00, 0x00, 0x00, 0x00, 0x00, 0x00, 0x00, 0x00, 0x00, 0x00, 0x00, 0x00, 0x00, 0x00, 0x00,
    0x00, 0x00, 0x00, 0x00, 0x00, 0x00, 0x00, 0x00, 0x00, 0x00, 0x00, 0x00, 0x00, 0x00, 0x00, 0x00,
    0x00, 0x00, 0x00, 0x00, 0x00, 0x00, 0x00, 0x00, 0x00, 0x00, 0x00, 0x00, 0x00, 0x00, 0x00, 0x00,
    0x00, 0x00, 0x00, 0x00, 0x00, 0x00, 0x00, 0x00, 0x00, 0x00, 0x00, 0x00, 0xc2, 0x00, 0x87, 0x00,
    0xca, 0x00, 0x4b, 0x00, 0x8c, 0x00, 0xea, 0x00, 0x05, 0x00, 0xc4, 0x00, 0xac, 0x00, 0x4d, 0x00,
    0xaf, 0x00, 0xac, 0x00, 0xe7, 0x00, 0x4b, 0x00, 0x6b, 0x00, 0xa6, 0x00, 0xa9, 0x00, 0x4d, 0x00,
    0xcc, 0x00, 0x28, 0x00, 0xa9, 0x00, 0x28, 0x00, 0x20, 0x00, 0x00, 0x00, 0x00, 0x00, 0x00, 0x00,
    0x00, 0x00, 0x00, 0x00, 0x00, 0x00, 0x00, 0x00, 0x00, 0x00, 0x00, 0x00, 0x00, 0x00, 0x00, 0x00,
    0x00, 0x00, 0x00, 0x00, 0x00, 0x00, 0x00, 0x00, 0x00, 0x00, 0x00, 0x00, 0x00, 0x00, 0x00, 0x00,
    0x00, 0x00, 0x00, 0x00, 0x00, 0x00, 0x00, 0x00, 0x00, 0x00, 0x00, 0x00, 0x00, 0x00, 0x00, 0x00,
    0x00, 0x00, 0x00, 0x00, 0x00, 0x00, 0x00, 0x00, 0x00, 0x00, 0x00, 0x00, 0x00, 0x00, 0x00, 0x00,
    0x00, 0x00, 0xa2, 0x00, 0x03, 0x00, 0xe2, 0x00, 0x44, 0x00, 0xa5, 0x00, 0x84, 0x00, 0xe2, 0x00,
    0x84, 0x00, 0xa7, 0x00, 0xca, 0x00, 0x6c, 0x00, 0xcc, 0x00, 0xa9, 0x00, 0xa9, 0x00, 0xcc, 0x00,
    0x2d, 0x00, 0x10, 0x00, 0xf0, 0x00, 0x6e, 0x00, 0xcf, 0x00, 0x8e, 0x00, 0x6b, 0x00, 0x2a, 0x00,
    0xec, 0x00, 0xa9, 0x00, 0x51, 0x00, 0xa7, 0x00, 0x00, 0x00, 0x00, 0x00, 0x00, 0x00, 0x00, 0x00,
    0x00, 0x00, 0x00, 0x00, 0x00, 0x00, 0x00, 0x00, 0x00, 0x00, 0x00, 0x00, 0x00, 0x00, 0x00, 0x00,
    0x00, 0x00, 0x00, 0x00, 0x00, 0x00, 0x00, 0x00, 0x00, 0x00, 0x00, 0x00, 0x00, 0x00, 0x00, 0x00,
    0x00, 0x00, 0x00, 0x00, 0x00, 0x00, 0x00, 0x00, 0x00, 0x00, 0x00, 0x00, 0x00, 0x00, 0x00, 0x00,
    0x00, 0x00, 0x00, 0x00, 0x00, 0x00, 0x00, 0x00, 0x00, 0x00, 0x00, 0x00, 0x00, 0x00, 0x00, 0x00,
    0x00, 0x00, 0x81, 0x00, 0x87, 0x00, 0xe9, 0x00, 0xa8, 0x00, 0x47, 0x00, 0x06, 0x00, 0xa4, 0x00,
    0x02, 0x00, 0x23, 0x00, 0x46, 0x00, 0x48, 0x00, 0xea, 0x00, 0x8c, 0x00, 0x0a, 0x00, 0x6b, 0x00,
    0x0d, 0x00, 0x6e, 0x00, 0x30, 0x00, 0xb2, 0x00, 0x30, 0x00, 0x30, 0x00, 0x10, 0x00, 0xac, 0x00,
    0xac, 0x00, 0xcc, 0x00, 0x33, 0x00, 0xa7, 0x00, 0x40, 0x00, 0x00, 0x00, 0x00, 0x00, 0x00, 0x00,
    0x00, 0x00, 0x00, 0x00, 0x00, 0x00, 0x00, 0x00, 0x00, 0x00, 0x00, 0x00, 0x00, 0x00, 0x00, 0x00,
    0x00, 0x00, 0x00, 0x00, 0x00, 0x00, 0x00, 0x00, 0x00, 0x00, 0x00, 0x00, 0x00, 0x00, 0x00, 0x00,
    0x00, 0x00, 0x00, 0x00, 0x00, 0x00, 0x00, 0x00, 0x00, 0x00, 0x00, 0x00, 0x00, 0x00, 0x00, 0x00,
    0x00, 0x00, 0x00, 0x00, 0x00, 0x00, 0x00, 0x00, 0x00, 0x00, 0x00, 0x00, 0x00, 0x00, 0x00, 0x00,
    0x00, 0x00, 0x00, 0x00, 0x20, 0x00, 0x64, 0x00, 0x67, 0x00, 0x47, 0x00, 0xe5, 0x00, 0x64, 0x00,
    0xe2, 0x00, 0xe2, 0x00, 0xe2, 0x00, 0xa4, 0x00, 0x86, 0x00, 0x69, 0x00, 0x2a, 0x00, 0xac, 0x00,
    0x2d, 0x00, 0x4d, 0x00, 0x4d, 0x00, 0xaf, 0x00, 0x10, 0x00, 0xef, 0x00, 0xef, 0x00, 0xef, 0x00,
    0x2d, 0x00, 0x8e, 0x00, 0x92, 0x00, 0x6b, 0x00, 0x02, 0x00, 0x00, 0x00, 0x00, 0x00, 0x00, 0x00,
    0x00, 0x00, 0x00, 0x00, 0x00, 0x00, 0x00, 0x00, 0x00, 0x00, 0x00, 0x00, 0x00, 0x00, 0x00, 0x00,
    0x00, 0x00, 0x00, 0x00, 0x00, 0x00, 0x00, 0x00, 0x00, 0x00, 0x00, 0x00, 0x00, 0x00, 0x00, 0x00,
    0x00, 0x00, 0x00, 0x00, 0x00, 0x00, 0x00, 0x00, 0x00, 0x00, 0x00, 0x00, 0x00, 0x00, 0x00, 0x00,
    0x00, 0x00, 0x00, 0x00, 0x00, 0x00, 0x00, 0x00, 0x00, 0x00, 0x00, 0x00, 0x00, 0x00, 0x00, 0x00,
    0x00, 0x00, 0x00, 0x00, 0x00, 0x00, 0x00, 0x00, 0x20, 0x00, 0x03, 0x00, 0x23, 0x00, 0xe5, 0x00,
    0x29, 0x00, 0xca, 0x00, 0x28, 0x00, 0x46, 0x00, 0x05, 0x00, 0x25, 0x00, 0xc7, 0x00, 0x68, 0x00,
    0xea, 0x00, 0xea, 0x00, 0x4a, 0x00, 0x8b, 0x00, 0xcc, 0x00, 0x6d, 0x00, 0x8e, 0x00, 0xae, 0x00,
    0xef, 0x00, 0xef, 0x00, 0x6e, 0x00, 0x8f, 0x00, 0x23, 0x00, 0x00, 0x00, 0x00, 0x00, 0x00, 0x00,
    0x00, 0x00, 0x00, 0x00, 0x00, 0x00, 0x00, 0x00, 0x00, 0x00, 0x00, 0x00, 0x00, 0x00, 0x00, 0x00,
    0x00, 0x00, 0x00, 0x00, 0x63, 0x00, 0xa1, 0x00, 0x00, 0x00, 0x00, 0x00, 0x00, 0x00, 0x00, 0x00,
    0x00, 0x00, 0x00, 0x00, 0x00, 0x00, 0x00, 0x00, 0x00, 0x00, 0x00, 0x00, 0x00, 0x00, 0x00, 0x00,
    0x00, 0x00, 0x00, 0x00, 0x00, 0x00, 0x00, 0x00, 0x00, 0x00, 0x00, 0x00, 0x00, 0x00, 0x00, 0x00,
    0x00, 0x00, 0x00, 0x00, 0x00, 0x00, 0x00, 0x00, 0x23, 0x00, 0x85, 0x00, 0x03, 0x00, 0xc5, 0x00,
    0xca, 0x00, 0x4c, 0x00, 0x4b, 0x00, 0xaa, 0x00, 0x08, 0x00, 0x28, 0x00, 0xc7, 0x00, 0x86, 0x00,
    0x86, 0x00, 0x8b, 0x00, 0x8e, 0x00, 0x6e, 0x00, 0xec, 0x00, 0x4a, 0x00, 0x2d, 0x00, 0xae, 0x00,
    0xcf, 0x00, 0xcf, 0x00, 0x0d, 0x00, 0x91, 0x00, 0x63, 0x00, 0x00, 0x00, 0x00, 0x00, 0x00, 0x00,
    0x00, 0x00, 0x00, 0x00, 0x00, 0x00, 0x00, 0x00, 0x00, 0x00, 0x00, 0x00, 0x00, 0x00, 0x00, 0x00,
    0x00, 0x00, 0x00, 0x00, 0x2a, 0x00, 0x63, 0x00, 0x00, 0x00, 0x00, 0x00, 0x00, 0x00, 0x00, 0x00,
    0x00, 0x00, 0x00, 0x00, 0x00, 0x00, 0x00, 0x00, 0x00, 0x00, 0x00, 0x00, 0x00, 0x00, 0x00, 0x00,
    0x00, 0x00, 0x00, 0x00, 0x00, 0x00, 0x00, 0x00, 0x00, 0x00, 0x00, 0x00, 0x00, 0x00, 0x00, 0x00,
    0x00, 0x00, 0x00, 0x00, 0x00, 0x00, 0xa5, 0x00, 0x47, 0x00, 0xe6, 0x00, 0x64, 0x00, 0xe2, 0x00,
    0x23, 0x00, 0x67, 0x00, 0x29, 0x00, 0xe8, 0x00, 0xa9, 0x00, 0x2b, 0x00, 0x6b, 0x00, 0x2b, 0x00,
    0xc7, 0x00, 0xa4, 0x00, 0x66, 0x00, 0xa9, 0x00, 0xec, 0x00, 0x2a, 0x00, 0xac, 0x00, 0xcf, 0x00,
    0xef, 0x00, 0x4d, 0x00, 0x0a, 0x00, 0xa9, 0x00, 0x81, 0x00, 0x00, 0x00, 0x00, 0x00, 0x00, 0x00,
    0x00, 0x00, 0x00, 0x00, 0x00, 0x00, 0x00, 0x00, 0x00, 0x00, 0x00, 0x00, 0x00, 0x00, 0x00, 0x00,
    0x00, 0x00, 0x25, 0x00, 0x4d, 0x00, 0xa4, 0x00, 0x00, 0x00, 0x00, 0x00, 0x00, 0x00, 0x00, 0x00,
    0x00, 0x00, 0x00, 0x00, 0x00, 0x00, 0x00, 0x00, 0x00, 0x00, 0x00, 0x00, 0x00, 0x00, 0x00, 0x00,
    0x00, 0x00, 0x00, 0x00, 0x00, 0x00, 0x00, 0x00, 0x00, 0x00, 0x00, 0x00, 0x00, 0x00, 0x00, 0x00,
    0x00, 0x00, 0x20, 0x00, 0xc5, 0x00, 0xa8, 0x00, 0x47, 0x00, 0xc5, 0x00, 0x84, 0x00, 0xa5, 0x00,
    0x03, 0x00, 0x03, 0x00, 0x46, 0x00, 0xe8, 0x00, 0x49, 0x00, 0xea, 0x00, 0x6b, 0x00, 0x0d, 0x00,
    0x6e, 0x00, 0xa9, 0x00, 0x81, 0x00, 0x06, 0x00, 0x29, 0x00, 0x07, 0x00, 0x8b, 0x00, 0xef, 0x00,
    0x10, 0x00, 0x30, 0x00, 0x25, 0x00, 0x81, 0x00, 0x00, 0x00, 0x00, 0x00, 0x00, 0x00, 0x00, 0x00,
    0x00, 0x00, 0x00, 0x00, 0x00, 0x00, 0x00, 0x00, 0x00, 0x00, 0x00, 0x00, 0x00, 0x00, 0x40, 0x00,
    0x66, 0x00, 0x8b, 0x00, 0xec, 0x00, 0xa4, 0x00, 0x00, 0x00, 0x00, 0x00, 0x00, 0x00, 0x00, 0x00,
    0x00, 0x00, 0x00, 0x00, 0x00, 0x00, 0x00, 0x00, 0x00, 0x00, 0x00, 0x00, 0x00, 0x00, 0x00, 0x00,
    0x00, 0x00, 0x00, 0x00, 0x00, 0x00, 0x00, 0x00, 0x00, 0x00, 0x00, 0x00, 0x00, 0x00, 0x00, 0x00,
    0x00, 0x00, 0x61, 0x00, 0x85, 0x00, 0x64, 0x00, 0x23, 0x00, 0x03, 0x00, 0x06, 0x00, 0x84, 0x00,
    0xe5, 0x00, 0xe8, 0x00, 0x08, 0x00, 0x29, 0x00, 0x8a, 0x00, 0x0b, 0x00, 0x8c, 0x00, 0xed, 0x00,
    0x2d, 0x00, 0x8e, 0x00, 0x2d, 0x00, 0x4e, 0x00, 0xcd, 0x00, 0xea, 0x00, 0x2d, 0x00, 0x10, 0x00,
    0x71, 0x00, 0xb2, 0x00, 0x30, 0x00, 0x0a, 0x00, 0xe7, 0x00, 0xa1, 0x00, 0x00, 0x00, 0x00, 0x00,
    0x00, 0x00, 0x00, 0x00, 0x00, 0x00, 0x00, 0x00, 0x23, 0x00, 0x00, 0x00, 0x25, 0x00, 0xcc, 0x00,
    0x0d, 0x00, 0xab, 0x00, 0x8b, 0x00, 0x43, 0x00, 0x00, 0x00, 0x00, 0x00, 0x00, 0x00, 0x00, 0x00,
    0x00, 0x00, 0x00, 0x00, 0x00, 0x00, 0x00, 0x00, 0x00, 0x00, 0x00, 0x00, 0x00, 0x00, 0x00, 0x00,
    0x00, 0x00, 0x00, 0x00, 0x00, 0x00, 0x00, 0x00, 0x00, 0x00, 0x00, 0x00, 0x00, 0x00, 0x00, 0x00,
    0x00, 0x00, 0x00, 0x00, 0x00, 0x00, 0x00, 0x00, 0x00, 0x00, 0x84, 0x00, 0x47, 0x00, 0x64, 0x00,
    0xe2, 0x00, 0x64, 0x00, 0x67, 0x00, 0xe8, 0x00, 0x69, 0x00, 0x0b, 0x00, 0x4b, 0x00, 0x8c, 0x00,
    0x4b, 0x00, 0x48, 0x00, 0x2b, 0x00, 0x2d, 0x00, 0x4e, 0x00, 0x6e, 0x00, 0x8e, 0x00, 0xef, 0x00,
    0xaf, 0x00, 0xcf, 0x00, 0x71, 0x00, 0x71, 0x00, 0xef, 0x00, 0x28, 0x00, 0x00, 0x00, 0x00, 0x00,
    0x00, 0x00, 0x00, 0x00, 0x00, 0x00, 0x25, 0x00, 0x07, 0x00, 0x28, 0x00, 0x10, 0x00, 0xcc, 0x00,
    0x2a, 0x00, 0xac, 0x00, 0x6b, 0x00, 0xa1, 0x00, 0x00, 0x00, 0x00, 0x00, 0x00, 0x00, 0x00, 0x00,
    0x00, 0x00, 0x00, 0x00, 0x00, 0x00, 0x00, 0x00, 0x00, 0x00, 0x00, 0x00, 0x00, 0x00, 0x00, 0x00,
    0x00, 0x00, 0x00, 0x00, 0x00, 0x00, 0x00, 0x00, 0x00, 0x00, 0x00, 0x00, 0x00, 0x00, 0x00, 0x00,
    0x00, 0x00, 0x00, 0x00, 0x00, 0x00, 0x00, 0x00, 0x00, 0x00, 0x06, 0x00, 0x06, 0x00, 0x44, 0x00,
    0x23, 0x00, 0x03, 0x00, 0xa2, 0x00, 0x26, 0x00, 0x8a, 0x00, 0xaa, 0x00, 0x4b, 0x00, 0x4b, 0x00,
    0x4b, 0x00, 0x0a, 0x00, 0x08, 0x00, 0xca, 0x00, 0xcd, 0x00, 0x2d, 0x00, 0x6e, 0x00, 0xcf, 0x00,
    0xcc, 0x00, 0x8b, 0x00, 0xef, 0x00, 0x8e, 0x00, 0xcc, 0x00, 0x66, 0x00, 0x00, 0x00, 0x00, 0x00,
    0x00, 0x00, 0x00, 0x00, 0x81, 0x00, 0x6b, 0x00, 0x2a, 0x00, 0x6e, 0x00, 0xc9, 0x00, 0xa9, 0x00,
    0xab, 0x00, 0xab, 0x00, 0x27, 0x00, 0x00, 0x00, 0x00, 0x00, 0x00, 0x00, 0x00, 0x00, 0x00, 0x00,
    0x00, 0x00, 0x00, 0x00, 0x00, 0x00, 0x00, 0x00, 0x00, 0x00, 0x00, 0x00, 0x00, 0x00, 0x00, 0x00,
    0x00, 0x00, 0x00, 0x00, 0x00, 0x00, 0x00, 0x00, 0x00, 0x00, 0x00, 0x00, 0x00, 0x00, 0x00, 0x00,
    0x00, 0x00, 0x00, 0x00, 0x00, 0x00, 0x00, 0x00, 0x20, 0x00, 0xc5, 0x00, 0x23, 0x00, 0x84, 0x00,
    0x64, 0x00, 0x64, 0x00, 0x84, 0x00, 0x66, 0x00, 0x26, 0x00, 0x05, 0x00, 0x08, 0x00, 0xaa, 0x00,
    0x0b, 0x00, 0x4b, 0x00, 0x2b, 0x00, 0x08, 0x00, 0x69, 0x00, 0x2b, 0x00, 0x6b, 0x00, 0x0d, 0x00,
    0x6e, 0x00, 0x6e, 0x00, 0x4e, 0x00, 0x2d, 0x00, 0x0d, 0x00, 0xe2, 0x00, 0x00, 0x00, 0x00, 0x00,
    0x00, 0x00, 0x00, 0x00, 0x66, 0x00, 0xec, 0x00, 0xcc, 0x00, 0x48, 0x00, 0xa9, 0x00, 0x0d, 0x00,
    0x4b, 0x00, 0xa9, 0x00, 0xe2, 0x00, 0x00, 0x00, 0x00, 0x00, 0x00, 0x00, 0x00, 0x00, 0x00, 0x00,
    0x00, 0x00, 0x00, 0x00, 0x00, 0x00, 0x00, 0x00, 0x00, 0x00, 0x00, 0x00, 0x00, 0x00, 0x00, 0x00,
    0x00, 0x00, 0x00, 0x00, 0x00, 0x00, 0x00, 0x00, 0x00, 0x00, 0x00, 0x00, 0x00, 0x00, 0x00, 0x00,
    0x00, 0x00, 0x00, 0x00, 0x00, 0x00, 0x00, 0x00, 0x20, 0x00, 0x40, 0x00, 0x03, 0x00, 0x06, 0x00,
    0x44, 0x00, 0xc5, 0x00, 0xe6, 0x00, 0x64, 0x00, 0x02, 0x00, 0x63, 0x00, 0xa3, 0x00, 0x05, 0x00,
    0x66, 0x00, 0xe7, 0x00, 0xca, 0x00, 0x4b, 0x00, 0x0a, 0x00, 0x89, 0x00, 0x28, 0x00, 0x68, 0x00,
    0xea, 0x00, 0x6b, 0x00, 0xec, 0x00, 0x8c, 0x00, 0xc4, 0x00, 0x00, 0x00, 0x00, 0x00, 0x00, 0x00,
    0x00, 0x00, 0x20, 0x00, 0x88, 0x00, 0xcc, 0x00, 0x68, 0x00, 0x88, 0x00, 0xcc, 0x00, 0x2a, 0x00,
    0x48, 0x00, 0x22, 0x00, 0x00, 0x00, 0x00, 0x00, 0x00, 0x00, 0x00, 0x00, 0x00, 0x00, 0x00, 0x00,
    0x00, 0x00, 0x00, 0x00, 0x00, 0x00, 0x00, 0x00, 0x00, 0x00, 0x00, 0x00, 0x00, 0x00, 0x00, 0x00,
    0x00, 0x00, 0x00, 0x00, 0x00, 0x00, 0x00, 0x00, 0x00, 0x00, 0x00, 0x00, 0x00, 0x00, 0x00, 0x00,
    0x00, 0x00, 0x00, 0x00, 0x00, 0x00, 0x00, 0x00, 0x00, 0x00, 0x00, 0x00, 0x43, 0x00, 0x26, 0x00,
    0x43, 0x00, 0x06, 0x00, 0x47, 0x00, 0xa7, 0x00, 0x46, 0x00, 0x45, 0x00, 0x25, 0x00, 0x25, 0x00,
    0x04, 0x00, 0xe4, 0x00, 0x05, 0x00, 0x45, 0x00, 0x08, 0x00, 0x0a, 0x00, 0x6b, 0x00, 0x6b, 0x00,
    0xea, 0x00, 0x89, 0x00, 0xa7, 0x00, 0xa1, 0x00, 0x00, 0x00, 0x00, 0x00, 0x00, 0x00, 0x00, 0x00,
    0x00, 0x00, 0x81, 0x00, 0xea, 0x00, 0xc9, 0x00, 0x07, 0x00, 0x4a, 0x00, 0x68, 0x00, 0xe7, 0x00,
    0x05, 0x00, 0xe2, 0x00, 0x00, 0x00, 0x00, 0x00, 0x00, 0x00, 0x00, 0x00, 0x00, 0x00, 0x00, 0x00,
    0x00, 0x00, 0x00, 0x00, 0x00, 0x00, 0x00, 0x00, 0x00, 0x00, 0x00, 0x00, 0x00, 0x00, 0x00, 0x00,
    0x00, 0x00, 0x00, 0x00, 0x00, 0x00, 0x00, 0x00, 0x20, 0x00, 0x20, 0x00, 0x00, 0x00, 0x00, 0x00,
    0x00, 0x00, 0x00, 0x00, 0x20, 0x00, 0x00, 0x00, 0x00, 0x00, 0x00, 0x00, 0x81, 0x00, 0x47, 0x00,
    0x43, 0x00, 0xc5, 0x00, 0xa8, 0x00, 0xc8, 0x00, 0xa7, 0x00, 0xa6, 0x00, 0xe7, 0x00, 0x65, 0x00,
    0x45, 0x00, 0x45, 0x00, 0xc6, 0x00, 0x25, 0x00, 0x00, 0x00, 0x40, 0x00, 0xc1, 0x00, 0x63, 0x00,
    0xc4, 0x00, 0x02, 0x00, 0x00, 0x00, 0x00, 0x00, 0x00, 0x00, 0x00, 0x00, 0x00, 0x00, 0x00, 0x00,
    0x00, 0x00, 0x81, 0x00, 0xc9, 0x00, 0x86, 0x00, 0x68, 0x00, 0x28, 0x00, 0x07, 0x00, 0xa9, 0x00,
    0xc9, 0x00, 0xc4, 0x00, 0x00, 0x00, 0x00, 0x00, 0x00, 0x00, 0x00, 0x00, 0x00, 0x00, 0x00, 0x00,
    0x00, 0x00, 0x00, 0x00, 0x00, 0x00, 0x00, 0x00, 0x00, 0x00, 0x00, 0x00, 0x00, 0x00, 0x00, 0x00,
    0x00, 0x00, 0x00, 0x00, 0x00, 0x00, 0x00, 0x00, 0xa4, 0x00, 0xca, 0x00, 0xca, 0x00, 0xc7, 0x00,
    0x23, 0x00, 0x00, 0x00, 0xc2, 0x00, 0x05, 0x00, 0x00, 0x00, 0x00, 0x00, 0x00, 0x00, 0xe5, 0x00,
    0xc2, 0x00, 0x03, 0x00, 0xa7, 0x00, 0xe8, 0x00, 0x66, 0x00, 0x86, 0x00, 0x48, 0x00, 0x48, 0x00,
    0x27, 0x00, 0x27, 0x00, 0xa9, 0x00, 0xa9, 0x00, 0x20, 0x00, 0x00, 0x00, 0x00, 0x00, 0x00, 0x00,
    0x00, 0x00, 0x00, 0x00, 0x00, 0x00, 0x00, 0x00, 0x00, 0x00, 0x00, 0x00, 0x00, 0x00, 0x00, 0x00,
    0x00, 0x00, 0x20, 0x00, 0xe7, 0x00, 0xa6, 0x00, 0x07, 0x00, 0x28, 0x00, 0xa9, 0x00, 0x86, 0x00,
    0xc2, 0x00, 0x00, 0x00, 0x00, 0x00, 0x00, 0x00, 0x00, 0x00, 0x00, 0x00, 0x00, 0x00, 0x00, 0x00,
    0x00, 0x00, 0x00, 0x00, 0x00, 0x00, 0x00, 0x00, 0x00, 0x00, 0x00, 0x00, 0x00, 0x00, 0x00, 0x00,
    0x00, 0x00, 0x00, 0x00, 0x00, 0x00, 0x00, 0x00, 0x00, 0x00, 0xe2, 0x00, 0x89, 0x00, 0xec, 0x00,
    0xac, 0x00, 0x07, 0x00, 0xc1, 0x00, 0x48, 0x00, 0x28, 0x00, 0x40, 0x00, 0x00, 0x00, 0x61, 0x00,
    0x00, 0x00, 0x40, 0x00, 0x46, 0x00, 0xc8, 0x00, 0xe8, 0x00, 0x28, 0x00, 0xe7, 0x00, 0x48, 0x00,
    0x27, 0x00, 0x89, 0x00, 0x6b, 0x00, 0x0d, 0x00, 0x66, 0x00, 0x00, 0x00, 0x20, 0x00, 0x00, 0x00,
    0x00, 0x00, 0x00, 0x00, 0x00, 0x00, 0x00, 0x00, 0x00, 0x00, 0x00, 0x00, 0x00, 0x00, 0x00, 0x00,
    0x00, 0x00, 0x00, 0x00, 0xc4, 0x00, 0xc7, 0x00, 0xe7, 0x00, 0xe7, 0x00, 0xe2, 0x00, 0x00, 0x00,
    0x00, 0x00, 0x00, 0x00, 0x00, 0x00, 0x00, 0x00, 0x00, 0x00, 0x00, 0x00, 0x00, 0x00, 0x00, 0x00,
    0x00, 0x00, 0x00, 0x00, 0x00, 0x00, 0x00, 0x00, 0x00, 0x00, 0x00, 0x00, 0x00, 0x00, 0x00, 0x00,
    0x00, 0x00, 0x00, 0x00, 0x20, 0x00, 0x23, 0x00, 0xe4, 0x00, 0x63, 0x00, 0x02, 0x00, 0x86, 0x00,
    0xc9, 0x00, 0x4a, 0x00, 0x48, 0x00, 0xc7, 0x00, 0x0a, 0x00, 0xa6, 0x00, 0x40, 0x00, 0x00, 0x00,
    0x00, 0x00, 0x00, 0x00, 0x02, 0x00, 0x87, 0x00, 0x87, 0x00, 0x28, 0x00, 0x28, 0x00, 0x0a, 0x00,
    0x6b, 0x00, 0x2b, 0x00, 0xac, 0x00, 0xed, 0x00, 0x6e, 0x00, 0xc4, 0x00, 0x00, 0x00, 0x00, 0x00,
    0x00, 0x00, 0x00, 0x00, 0x00, 0x00, 0x00, 0x00, 0x00, 0x00, 0x00, 0x00, 0x00, 0x00, 0x00, 0x00,
    0x00, 0x00, 0x84, 0x00, 0x84, 0x00, 0x45, 0x00, 0x86, 0x00, 0x81, 0x00, 0x00, 0x00, 0x00, 0x00,
    0x00, 0x00, 0x00, 0x00, 0x00, 0x00, 0x00, 0x00, 0x00, 0x00, 0x00, 0x00, 0x00, 0x00, 0x00, 0x00,
    0x00, 0x00, 0x00, 0x00, 0x00, 0x00, 0x00, 0x00, 0x00, 0x00, 0x00, 0x00, 0x00, 0x00, 0x00, 0x00,
    0x00, 0x00, 0x84, 0x00, 0x89, 0x00, 0x6b, 0x00, 0x6b, 0x00, 0x89, 0x00, 0xa6, 0x00, 0x05, 0x00,
    0x45, 0x00, 0x07, 0x00, 0x28, 0x00, 0xc7, 0x00, 0x28, 0x00, 0x28, 0x00, 0x43, 0x00, 0x02, 0x00,
    0x61, 0x00, 0x00, 0x00, 0x00, 0x00, 0xa4, 0x00, 0xa7, 0x00, 0xe7, 0x00, 0x07, 0x00, 0x48, 0x00,
    0xec, 0x00, 0xaf, 0x00, 0x10, 0x00, 0xf0, 0x00, 0xaf, 0x00, 0x2e, 0x00, 0xc2, 0x00, 0x00, 0x00,
    0x00, 0x00, 0x00, 0x00, 0x00, 0x00, 0x00, 0x00, 0xa4, 0x00, 0x22, 0x00, 0x00, 0x00, 0x00, 0x00,
    0x00, 0x00, 0x22, 0x00, 0x86, 0x00, 0x25, 0x00, 0x84, 0x00, 0x00, 0x00, 0x00, 0x00, 0x00, 0x00,
    0x00, 0x00, 0x00, 0x00, 0x00, 0x00, 0x00, 0x00, 0x00, 0x00, 0x00, 0x00, 0x00, 0x00, 0x00, 0x00,
    0x00, 0x00, 0x00, 0x00, 0x00, 0x00, 0x00, 0x00, 0x00, 0x00, 0x00, 0x00, 0x00, 0x00, 0x00, 0x00,
    0x26, 0x00, 0xea, 0x00, 0xa9, 0x00, 0x28, 0x00, 0xc7, 0x00, 0xe7, 0x00, 0x48, 0x00, 0xa9, 0x00,
    0xac, 0x00, 0x0d, 0x00, 0xac, 0x00, 0xc9, 0x00, 0xa6, 0x00, 0x66, 0x00, 0x05, 0x00, 0xe5, 0x00,
    0xe5, 0x00, 0x00, 0x00, 0x00, 0x00, 0xe2, 0x00, 0x66, 0x00, 0xe7, 0x00, 0x48, 0x00, 0x48, 0x00,
    0x68, 0x00, 0xac, 0x00, 0x8f, 0x00, 0xf0, 0x00, 0x51, 0x00, 0xd0, 0x00, 0xca, 0x00, 0x81, 0x00,
    0x00, 0x00, 0x00, 0x00, 0x00, 0x00, 0xe4, 0x00, 0xe7, 0x00, 0xe7, 0x00, 0x2a, 0x00, 0x43, 0x00,
    0x00, 0x00, 0x00, 0x00, 0x25, 0x00, 0x86, 0x00, 0x43, 0x00, 0x00, 0x00, 0x00, 0x00, 0x00, 0x00,
    0x00, 0x00, 0x00, 0x00, 0x00, 0x00, 0x00, 0x00, 0x00, 0x00, 0x00, 0x00, 0x00, 0x00, 0x00, 0x00,
    0x00, 0x00, 0x00, 0x00, 0x00, 0x00, 0x00, 0x00, 0x00, 0x00, 0x00, 0x00, 0x00, 0x00, 0x00, 0x00,
    0x81, 0x00, 0x02, 0x00, 0x63, 0x00, 0x46, 0x00, 0x69, 0x00, 0xea, 0x00, 0x0a, 0x00, 0xed, 0x00,
    0x0d, 0x00, 0xed, 0x00, 0xcc, 0x00, 0x6b, 0x00, 0xa9, 0x00, 0xa6, 0x00, 0x05, 0x00, 0x84, 0x00,
    0x87, 0x00, 0xa1, 0x00, 0x20, 0x00, 0xc4, 0x00, 0x46, 0x00, 0xc7, 0x00, 0xe7, 0x00, 0x48, 0x00,
    0x47, 0x00, 0x6c, 0x00, 0xf0, 0x00, 0xd0, 0x00, 0xd0, 0x00, 0xb0, 0x00, 0xcd, 0x00, 0x28, 0x00,
    0x00, 0x00, 0x00, 0x00, 0x40, 0x00, 0xa9, 0x00, 0x04, 0x00, 0x45, 0x00, 0x6b, 0x00, 0x86, 0x00,
    0x00, 0x00, 0x00, 0x00, 0xa1, 0x00, 0xa7, 0x00, 0xe5, 0x00, 0x00, 0x00, 0x00, 0x00, 0x00, 0x00,
    0x00, 0x00, 0x00, 0x00, 0x00, 0x00, 0x00, 0x00, 0x00, 0x00, 0x00, 0x00, 0x00, 0x00, 0x00, 0x00,
    0x00, 0x00, 0x00, 0x00, 0x00, 0x00, 0x00, 0x00, 0x00, 0x00, 0x00, 0x00, 0x00, 0x00, 0x00, 0x00,
    0x63, 0x00, 0x05, 0x00, 0xa7, 0x00, 0xca, 0x00, 0x2b, 0x00, 0xac, 0x00, 0xac, 0x00, 0xed, 0x00,
    0xed, 0x00, 0xed, 0x00, 0xac, 0x00, 0x4b, 0x00, 0xea, 0x00, 0x48, 0x00, 0xc7, 0x00, 0x25, 0x00,
    0xe5, 0x00, 0x23, 0x00, 0x23, 0x00, 0xc4, 0x00, 0xe7, 0x00, 0xa9, 0x00, 0x68, 0x00, 0x07, 0x00,
    0x47, 0x00, 0xca, 0x00, 0x51, 0x00, 0x72, 0x00, 0x52, 0x00, 0xf0, 0x00, 0x10, 0x00, 0xcd, 0x00,
    0x20, 0x00, 0x00, 0x00, 0x43, 0x00, 0xa9, 0x00, 0x45, 0x00, 0xc4, 0x00, 0x66, 0x00, 0xa9, 0x00,
    0xa1, 0x00, 0x00, 0x00, 0x00, 0x00, 0x84, 0x00, 0xc7, 0x00, 0xa1, 0x00, 0x00, 0x00, 0x00, 0x00,
    0x00, 0x00, 0x00, 0x00, 0x00, 0x00, 0x00, 0x00, 0x00, 0x00, 0x00, 0x00, 0x00, 0x00, 0x00, 0x00,
    0x00, 0x00, 0x00, 0x00, 0x00, 0x00, 0x00, 0x00, 0x00, 0x00, 0x00, 0x00, 0x00, 0x00, 0x26, 0x00,
    0xc8, 0x00, 0xa7, 0x00, 0xaa, 0x00, 0x0b, 0x00, 0x0e, 0x00, 0xcd, 0x00, 0xcd, 0x00, 0x2e, 0x00,
    0x8c, 0x00, 0x2b, 0x00, 0x0a, 0x00, 0xca, 0x00, 0x0b, 0x00, 0xea, 0x00, 0x28, 0x00, 0xa7, 0x00,
    0x46, 0x00, 0x05, 0x00, 0x63, 0x00, 0x25, 0x00, 0x28, 0x00, 0x0a, 0x00, 0x2a, 0x00, 0xe9, 0x00,
    0x47, 0x00, 0xc6, 0x00, 0x0d, 0x00, 0x31, 0x00, 0x92, 0x00, 0x72, 0x00, 0x10, 0x00, 0x2d, 0x00,
    0xc1, 0x00, 0x00, 0x00, 0x05, 0x00, 0x88, 0x00, 0x65, 0x00, 0xc4, 0x00, 0x05, 0x00, 0x4b, 0x00,
    0x86, 0x00, 0x00, 0x00, 0x00, 0x00, 0x40, 0x00, 0x86, 0x00, 0xe5, 0x00, 0x00, 0x00, 0x00, 0x00,
    0x00, 0x00, 0x00, 0x00, 0x00, 0x00, 0x00, 0x00, 0x00, 0x00, 0x00, 0x00, 0x00, 0x00, 0x00, 0x00,
    0x00, 0x00, 0x00, 0x00, 0x00, 0x00, 0x00, 0x00, 0x00, 0x00, 0x00, 0x00, 0xc5, 0x00, 0x08, 0x00,
    0x05, 0x00, 0xaa, 0x00, 0xea, 0x00, 0xcd, 0x00, 0x8c, 0x00, 0x0b, 0x00, 0x0d, 0x00, 0xea, 0x00,
    0x28, 0x00, 0x2b, 0x00, 0x0b, 0x00, 0xaa, 0x00, 0x0a, 0x00, 0x0b, 0x00, 0x89, 0x00, 0x66, 0x00,
    0x46, 0x00, 0xe5, 0x00, 0x64, 0x00, 0x86, 0x00, 0x69, 0x00, 0x2a, 0x00, 0x6b, 0x00, 0xcc, 0x00,
    0xe9, 0x00, 0x65, 0x00, 0x89, 0x00, 0xac, 0x00, 0x8f, 0x00, 0x92, 0x00, 0x31, 0x00, 0xed, 0x00,
    0xe4, 0x00, 0xa1, 0x00, 0x48, 0x00, 0x89, 0x00, 0x66, 0x00, 0x05, 0x00, 0x63, 0x00, 0x05, 0x00,
    0x05, 0x00, 0x00, 0x00, 0x00, 0x00, 0x00, 0x00, 0x02, 0x00, 0x08, 0x00, 0x23, 0x00, 0x00, 0x00,
    0x05, 0x00, 0x00, 0x00, 0x00, 0x00, 0x00, 0x00, 0x00, 0x00, 0x00, 0x00, 0x00, 0x00, 0x00, 0x00,
    0x00, 0x00, 0x00, 0x00, 0x00, 0x00, 0x00, 0x00, 0x00, 0x00, 0x43, 0x00, 0x69, 0x00, 0xc5, 0x00,
    0xe8, 0x00, 0x4c, 0x00, 0x2b, 0x00, 0x4c, 0x00, 0xaa, 0x00, 0x08, 0x00, 0xaa, 0x00, 0xa7, 0x00,
    0x28, 0x00, 0x49, 0x00, 0x08, 0x00, 0x08, 0x00, 0xe8, 0x00, 0x28, 0x00, 0xa7, 0x00, 0x46, 0x00,
    0x66, 0x00, 0xe5, 0x00, 0x84, 0x00, 0xe8, 0x00, 0x0a, 0x00, 0x2b, 0x00, 0xac, 0x00, 0x8b, 0x00,
    0xc9, 0x00, 0x65, 0x00, 0x2a, 0x00, 0xed, 0x00, 0x6c, 0x00, 0x4e, 0x00, 0x31, 0x00, 0x8c, 0x00,
    0x86, 0x00, 0xa6, 0x00, 0x28, 0x00, 0x07, 0x00, 0xa6, 0x00, 0x63, 0x00, 0x20, 0x00, 0x00, 0x00,
    0x00, 0x00, 0x00, 0x00, 0x00, 0x00, 0x00, 0x00, 0x00, 0x00, 0x46, 0x00, 0xc7, 0x00, 0x61, 0x00,
    0x48, 0x00, 0xa1, 0x00, 0x00, 0x00, 0x00, 0x00, 0x00, 0x00, 0x00, 0x00, 0x00, 0x00, 0x00, 0x00,
    0x00, 0x00, 0x00, 0x00, 0x00, 0x00, 0x00, 0x00, 0x61, 0x00, 0xc8, 0x00, 0x43, 0x00, 0x26, 0x00,
    0x0b, 0x00, 0x2b, 0x00, 0xeb, 0x00, 0x4c, 0x00, 0xaa, 0x00, 0xca, 0x00, 0xe8, 0x00, 0x87, 0x00,
    0x66, 0x00, 0x66, 0x00, 0x66, 0x00, 0xa7, 0x00, 0x08, 0x00, 0xc7, 0x00, 0x87, 0x00, 0x08, 0x00,
    0x28, 0x00, 0x46, 0x00, 0x05, 0x00, 0x89, 0x00, 0x0a, 0x00, 0x2a, 0x00, 0xea, 0x00, 0xea, 0x00,
    0xa6, 0x00, 0xc6, 0x00, 0x6b, 0x00, 0x6e, 0x00, 0xf0, 0x00, 0xac, 0x00, 0x6c, 0x00, 0x8c, 0x00,
    0x86, 0x00, 0x86, 0x00, 0xc6, 0x00, 0xe7, 0x00, 0xc6, 0x00, 0x81, 0x00, 0x00, 0x00, 0x00, 0x00,
    0x00, 0x00, 0x00, 0x00, 0x00, 0x00, 0x00, 0x00, 0x00, 0x00, 0xa1, 0x00, 0x48, 0x00, 0xa4, 0x00,
    0x48, 0x00, 0x83, 0x00, 0x00, 0x00, 0x00, 0x00, 0x00, 0x00, 0x00, 0x00, 0x00, 0x00, 0x00, 0x00,
    0x00, 0x00, 0x00, 0x00, 0x00, 0x00, 0x00, 0x00, 0xc2, 0x00, 0x61, 0x00, 0xc2, 0x00, 0xa7, 0x00,
    0x0b, 0x00, 0x49, 0x00, 0x0b, 0x00, 0xaa, 0x00, 0x29, 0x00, 0x87, 0x00, 0x26, 0x00, 0x66, 0x00,
    0x08, 0x00, 0x0b, 0x00, 0xea, 0x00, 0x28, 0x00, 0x86, 0x00, 0x66, 0x00, 0x66, 0x00, 0xa7, 0x00,
    0xa7, 0x00, 0xc4, 0x00, 0x28, 0x00, 0xca, 0x00, 0xa9, 0x00, 0xca, 0x00, 0x68, 0x00, 0xe7, 0x00,
    0xa4, 0x00, 0x89, 0x00, 0xcc, 0x00, 0xed, 0x00, 0xcf, 0x00, 0x6e, 0x00, 0x8c, 0x00, 0xac, 0x00,
    0x25, 0x00, 0x65, 0x00, 0xa6, 0x00, 0xc7, 0x00, 0x86, 0x00, 0x40, 0x00, 0x00, 0x00, 0x00, 0x00,
    0x00, 0x00, 0x00, 0x00, 0x00, 0x00, 0x00, 0x00, 0x00, 0x00, 0x00, 0x00, 0xa7, 0x00, 0x07, 0x00,
    0x68, 0x00, 0x25, 0x00, 0x00, 0x00, 0x00, 0x00, 0x00, 0x00, 0x00, 0x00, 0x00, 0x00, 0x00, 0x00,
    0x00, 0x00, 0x00, 0x00, 0x00, 0x00, 0x00, 0x00, 0x00, 0x00, 0x81, 0x00, 0x26, 0x00, 0x26, 0x00,
    0x29, 0x00, 0x87, 0x00, 0xcb, 0x00, 0x08, 0x00, 0x26, 0x00, 0xe5, 0x00, 0xa7, 0x00, 0xea, 0x00,
    0xca, 0x00, 0x2b, 0x00, 0x6c, 0x00, 0xcc, 0x00, 0x28, 0x00, 0x26, 0x00, 0x46, 0x00, 0x05, 0x00,
    0x84, 0x00, 0x05, 0x00, 0x89, 0x00, 0xea, 0x00, 0x8b, 0x00, 0x8b, 0x00, 0x4b, 0x00, 0x2a, 0x00,
    0xea, 0x00, 0x68, 0x00, 0x68, 0x00, 0xcc, 0x00, 0x4e, 0x00, 0xcc, 0x00, 0x0d, 0x00, 0xea, 0x00,
    0xe4, 0x00, 0x86, 0x00, 0x86, 0x00, 0xc7, 0x00, 0xe4, 0x00, 0x00, 0x00, 0x00, 0x00, 0x00, 0x00,
    0x00, 0x00, 0x00, 0x00, 0x00, 0x00, 0x00, 0x00, 0xa1, 0x00, 0x40, 0x00, 0xc4, 0x00, 0xa9, 0x00,
    0x68, 0x00, 0x86, 0x00, 0x00, 0x00, 0x00, 0x00, 0x00, 0x00, 0x00, 0x00, 0x00, 0x00, 0x00, 0x00,
    0x00, 0x00, 0x00, 0x00, 0x00, 0x00, 0x00, 0x00, 0x00, 0x00, 0x06, 0x00, 0x06, 0x00, 0x26, 0x00,
    0x09, 0x00, 0x87, 0x00, 0xe8, 0x00, 0x67, 0x00, 0xe5, 0x00, 0x06, 0x00, 0xaa, 0x00, 0x69, 0x00,
    0x69, 0x00, 0xcd, 0x00, 0xac, 0x00, 0xac, 0x00, 0x2b, 0x00, 0x66, 0x00, 0x05, 0x00, 0x05, 0x00,
    0xa4, 0x00, 0xe8, 0x00, 0xca, 0x00, 0x2b, 0x00, 0x6b, 0x00, 0xea, 0x00, 0x2a, 0x00, 0x0a, 0x00,
    0x0a, 0x00, 0x8b, 0x00, 0x2a, 0x00, 0x68, 0x00, 0x6b, 0x00, 0xcc, 0x00, 0xec, 0x00, 0xc7, 0x00,
    0x05, 0x00, 0x46, 0x00, 0x86, 0x00, 0x86, 0x00, 0x81, 0x00, 0x00, 0x00, 0x00, 0x00, 0x00, 0x00,
    0x00, 0x00, 0x00, 0x00, 0x00, 0x00, 0x00, 0x00, 0xa1, 0x00, 0xc7, 0x00, 0xa4, 0x00, 0xea, 0x00,
    0xc9, 0x00, 0xa7, 0x00, 0x00, 0x00, 0x00, 0x00, 0x00, 0x00, 0x00, 0x00, 0x00, 0x00, 0x00, 0x00,
    0x00, 0x00, 0x00, 0x00, 0x00, 0x00, 0x00, 0x00, 0x61, 0x00, 0xc8, 0x00, 0xe5, 0x00, 0x26, 0x00,
    0xc8, 0x00, 0xc8, 0x00, 0x47, 0x00, 0x26, 0x00, 0xa5, 0x00, 0xe8, 0x00, 0x49, 0x00, 0x49, 0x00,
    0xaa, 0x00, 0x4b, 0x00, 0x6c, 0x00, 0x8c, 0x00, 0x2b, 0x00, 0x28, 0x00, 0xc5, 0x00, 0x26, 0x00,
    0xe5, 0x00, 0x49, 0x00, 0xca, 0x00, 0xea, 0x00, 0xa9, 0x00, 0x89, 0x00, 0xa9, 0x00, 0x48, 0x00,
    0xc9, 0x00, 0xea, 0x00, 0xac, 0x00, 0xea, 0x00, 0x07, 0x00, 0x0a, 0x00, 0x89, 0x00, 0x25, 0x00,
    0x46, 0x00, 0x46, 0x00, 0x66, 0x00, 0xa1, 0x00, 0x00, 0x00, 0x00, 0x00, 0x00, 0x00, 0x00, 0x00,
    0x00, 0x00, 0x00, 0x00, 0x00, 0x00, 0x00, 0x00, 0x00, 0x00, 0xc7, 0x00, 0x68, 0x00, 0x89, 0x00,
    0x2a, 0x00, 0x05, 0x00, 0x20, 0x00, 0x20, 0x00, 0x00, 0x00, 0x00, 0x00, 0x00, 0x00, 0x00, 0x00,
    0x00, 0x00, 0x00, 0x00, 0x00, 0x00, 0x00, 0x00, 0x43, 0x00, 0xe9, 0x00, 0xa5, 0x00, 0x67, 0x00,
    0xe8, 0x00, 0xc8, 0x00, 0x26, 0x00, 0xc5, 0x00, 0x46, 0x00, 0x09, 0x00, 0xe8, 0x00, 0x8a, 0x00,
    0x2b, 0x00, 0xca, 0x00, 0x6c, 0x00, 0x4b, 0x00, 0xea, 0x00, 0x89, 0x00, 0xc4, 0x00, 0x05, 0x00,
    0x05, 0x00, 0x49, 0x00, 0x49, 0x00, 0x89, 0x00, 0x69, 0x00, 0x69, 0x00, 0x68, 0x00, 0x86, 0x00,
    0xa9, 0x00, 0x48, 0x00, 0xea, 0x00, 0x6b, 0x00, 0x88, 0x00, 0x65, 0x00, 0x81, 0x00, 0xa4, 0x00,
    0x46, 0x00, 0x66, 0x00, 0xc4, 0x00, 0x40, 0x00, 0x00, 0x00, 0x00, 0x00, 0x00, 0x00, 0x00, 0x00,
    0x00, 0x00, 0x00, 0x00, 0x00, 0x00, 0x00, 0x00, 0x00, 0x00, 0xa4, 0x00, 0xc9, 0x00, 0x89, 0x00,
    0x0a, 0x00, 0x63, 0x00, 0x05, 0x00, 0x40, 0x00, 0x00, 0x00, 0x00, 0x00, 0x00, 0x00, 0x00, 0x00,
    0x00, 0x00, 0x00, 0x00, 0x00, 0x00, 0x00, 0x00, 0xe6, 0x00, 0xa8, 0x00, 0xa5, 0x00, 0x67, 0x00,
    0xa8, 0x00, 0x87, 0x00, 0x06, 0x00, 0xa5, 0x00, 0xc8, 0x00, 0x29, 0x00, 0x8a, 0x00, 0x49, 0x00,
    0xca, 0x00, 0xaa, 0x00, 0x0b, 0x00, 0x0b, 0x00, 0xca, 0x00, 0x69, 0x00, 0xe5, 0x00, 0xe5, 0x00,
    0x05, 0x00, 0x46, 0x00, 0xc7, 0x00, 0x08, 0x00, 0x08, 0x00, 0xe7, 0x00, 0xe7, 0x00, 0xc4, 0x00,
    0x66, 0x00, 0x89, 0x00, 0xa9, 0x00, 0x48, 0x00, 0x27, 0x00, 0x48, 0x00, 0x81, 0x00, 0x00, 0x00,
    0xa1, 0x00, 0xa1, 0x00, 0x81, 0x00, 0x20, 0x00, 0x00, 0x00, 0x00, 0x00, 0x00, 0x00, 0x00, 0x00,
    0x00, 0x00, 0x00, 0x00, 0x00, 0x00, 0x00, 0x00, 0x00, 0x00, 0xe2, 0x00, 0x89, 0x00, 0x2a, 0x00,
    0x89, 0x00, 0xe5, 0x00, 0xa6, 0x00, 0x00, 0x00, 0x00, 0x00, 0x00, 0x00, 0x00, 0x00, 0x00, 0x00,
    0x00, 0x00, 0x00, 0x00, 0x00, 0x00, 0x00, 0x00, 0x47, 0x00, 0x67, 0x00, 0x43, 0x00, 0x67, 0x00,
    0x47, 0x00, 0x26, 0x00, 0x06, 0x00, 0xc5, 0x00, 0xe9, 0x00, 0x09, 0x00, 0xaa, 0x00, 0x29, 0x00,
    0x49, 0x00, 0x49, 0x00, 0x29, 0x00, 0x49, 0x00, 0x89, 0x00, 0x08, 0x00, 0x05, 0x00, 0xc5, 0x00,
    0xa4, 0x00, 0xc4, 0x00, 0x05, 0x00, 0x05, 0x00, 0x45, 0x00, 0xa6, 0x00, 0xc6, 0x00, 0x27, 0x00,
    0x86, 0x00, 0xc7, 0x00, 0xc9, 0x00, 0x86, 0x00, 0xe7, 0x00, 0x66, 0x00, 0x05, 0x00, 0x00, 0x00,
    0x00, 0x00, 0x00, 0x00, 0x00, 0x00, 0x00, 0x00, 0x00, 0x00, 0x00, 0x00, 0x00, 0x00, 0x00, 0x00,
    0x00, 0x00, 0x00, 0x00, 0x00, 0x00, 0x00, 0x00, 0x00, 0x00, 0xe2, 0x00, 0x89, 0x00, 0x4b, 0x00,
    0x45, 0x00, 0xa7, 0x00, 0xc4, 0x00, 0x00, 0x00, 0x00, 0x00, 0x00, 0x00, 0x00, 0x00, 0x00, 0x00,
    0x00, 0x00, 0x00, 0x00, 0x00, 0x00, 0x00, 0x00, 0x47, 0x00, 0xe6, 0x00, 0xe3, 0x00, 0x47, 0x00,
    0x88, 0x00, 0x27, 0x00, 0x06, 0x00, 0xa5, 0x00, 0x09, 0x00, 0xa8, 0x00, 0x49, 0x00, 0x49, 0x00,
    0x29, 0x00, 0x69, 0x00, 0x29, 0x00, 0x29, 0x00, 0x28, 0x00, 0x87, 0x00, 0x84, 0x00, 0xc4, 0x00,
    0x25, 0x00, 0x45, 0x00, 0x66, 0x00, 0x86, 0x00, 0xe7, 0x00, 0x27, 0x00, 0x48, 0x00, 0x68, 0x00,
    0x88, 0x00, 0x45, 0x00, 0x66, 0x00, 0x43, 0x00, 0x28, 0x00, 0x83, 0x00, 0x43, 0x00, 0x00, 0x00,
    0x00, 0x00, 0x00, 0x00, 0x00, 0x00, 0x00, 0x00, 0x00, 0x00, 0x00, 0x00, 0x00, 0x00, 0x00, 0x00,
    0x00, 0x00, 0x00, 0x00, 0x00, 0x00, 0x20, 0x00, 0x20, 0x00, 0x02, 0x00, 0xa9, 0x00, 0x69, 0x00,
    0xa4, 0x00, 0x07, 0x00, 0x81, 0x00, 0x00, 0x00, 0x00, 0x00, 0x00, 0x00, 0x00, 0x00, 0x00, 0x00,
    0x00, 0x00, 0x00, 0x00, 0x00, 0x00, 0x00, 0x00, 0xc5, 0x00, 0xa2, 0x00, 0x64, 0x00, 0xa5, 0x00,
    0x88, 0x00, 0x26, 0x00, 0x06, 0x00, 0xa5, 0x00, 0xe8, 0x00, 0xe8, 0x00, 0xe8, 0x00, 0xc8, 0x00,
    0x29, 0x00, 0x69, 0x00, 0x69, 0x00, 0x08, 0x00, 0xc8, 0x00, 0x26, 0x00, 0xa4, 0x00, 0x66, 0x00,
    0xa6, 0x00, 0xe7, 0x00, 0x07, 0x00, 0x27, 0x00, 0x27, 0x00, 0x68, 0x00, 0xa9, 0x00, 0xa9, 0x00,
    0x68, 0x00, 0xc4, 0x00, 0xe2, 0x00, 0x40, 0x00, 0xe4, 0x00, 0xc2, 0x00, 0x00, 0x00, 0x00, 0x00,
    0x00, 0x00, 0x00, 0x00, 0x00, 0x00, 0x00, 0x00, 0x00, 0x00, 0x00, 0x00, 0x00, 0x00, 0x00, 0x00,
    0x00, 0x00, 0x00, 0x00, 0x00, 0x00, 0xc2, 0x00, 0xc2, 0x00, 0xa4, 0x00, 0x0a, 0x00, 0x66, 0x00,
    0x86, 0x00, 0xe5, 0x00, 0x00, 0x00, 0x00, 0x00, 0x00, 0x00, 0x00, 0x00, 0x00, 0x00, 0x00, 0x00,
    0x00, 0x00, 0x00, 0x00, 0x00, 0x00, 0x00, 0x00, 0x61, 0x00, 0x20, 0x00, 0xc5, 0x00, 0x44, 0x00,
    0x06, 0x00, 0x47, 0x00, 0x06, 0x00, 0xe6, 0x00, 0x87, 0x00, 0xe8, 0x00, 0xa8, 0x00, 0x67, 0x00,
    0xe8, 0x00, 0x08, 0x00, 0x29, 0x00, 0x08, 0x00, 0x67, 0x00, 0xa4, 0x00, 0x45, 0x00, 0x66, 0x00,
    0x45, 0x00, 0xc6, 0x00, 0x07, 0x00, 0x68, 0x00, 0xa9, 0x00, 0xe9, 0x00, 0x48, 0x00, 0x45, 0x00,
    0x43, 0x00, 0xe2, 0x00, 0x23, 0x00, 0x20, 0x00, 0x40, 0x00, 0x00, 0x00, 0x00, 0x00, 0x00, 0x00,
    0x00, 0x00, 0x00, 0x00, 0x00, 0x00, 0x00, 0x00, 0x00, 0x00, 0x00, 0x00, 0x00, 0x00, 0x00, 0x00,
    0x00, 0x00, 0x00, 0x00, 0x00, 0x00, 0xa4, 0x00, 0xe4, 0x00, 0xe7, 0x00, 0x07, 0x00, 0x86, 0x00,
    0x46, 0x00, 0x40, 0x00, 0x00, 0x00, 0x00, 0x00, 0x00, 0x00, 0x00, 0x00, 0x00, 0x00, 0x00, 0x00,
    0x00, 0x00, 0x00, 0x00, 0x00, 0x00, 0x00, 0x00, 0x00, 0x00, 0x00, 0x00, 0xc5, 0x00, 0xa5, 0x00,
    0xa5, 0x00, 0x06, 0x00, 0x06, 0x00, 0xe6, 0x00, 0x87, 0x00, 0x87, 0x00, 0xa8, 0x00, 0x67, 0x00,
    0x67, 0x00, 0xc8, 0x00, 0x08, 0x00, 0xc8, 0x00, 0xc5, 0x00, 0xe4, 0x00, 0xa6, 0x00, 0xc7, 0x00,
    0xe7, 0x00, 0x48, 0x00, 0x68, 0x00, 0x28, 0x00, 0xc7, 0x00, 0x45, 0x00, 0x63, 0x00, 0x02, 0x00,
    0x43, 0x00, 0x84, 0x00, 0x81, 0x00, 0x00, 0x00, 0x00, 0x00, 0x00, 0x00, 0x00, 0x00, 0x00, 0x00,
    0x00, 0x00, 0x00, 0x00, 0x00, 0x00, 0x00, 0x00, 0x00, 0x00, 0x00, 0x00, 0x00, 0x00, 0x00, 0x00,
    0x00, 0x00, 0x00, 0x00, 0x20, 0x00, 0x27, 0x00, 0xa7, 0x00, 0xc7, 0x00, 0xe7, 0x00, 0x05, 0x00,
    0x61, 0x00, 0x00, 0x00, 0x00, 0x00, 0x00, 0x00, 0x00, 0x00, 0x00, 0x00, 0x00, 0x00, 0x00, 0x00,
    0x00, 0x00, 0x00, 0x00, 0x00, 0x00, 0x00, 0x00, 0x00, 0x00, 0x00, 0x00, 0x85, 0x00, 0xc6, 0x00,
    0x85, 0x00, 0x06, 0x00, 0x06, 0x00, 0x06, 0x00, 0x67, 0x00, 0x88, 0x00, 0xa8, 0x00, 0x26, 0x00,
    0xe6, 0x00, 0xa8, 0x00, 0xa8, 0x00, 0x47, 0x00, 0x05, 0x00, 0x83, 0x00, 0x63, 0x00, 0x43, 0x00,
    0xe2, 0x00, 0xc1, 0x00, 0x61, 0x00, 0x61, 0x00, 0x23, 0x00, 0x23, 0x00, 0xa4, 0x00, 0xc5, 0x00,
    0xc5, 0x00, 0x05, 0x00, 0xc4, 0x00, 0x23, 0x00, 0xa1, 0x00, 0x20, 0x00, 0x61, 0x00, 0x43, 0x00,
    0x25, 0x00, 0xa4, 0x00, 0x20, 0x00, 0x00, 0x00, 0x00, 0x00, 0x00, 0x00, 0x00, 0x00, 0x00, 0x00,
    0x00, 0x00, 0x00, 0x00, 0xc6, 0x00, 0xa9, 0x00, 0x66, 0x00, 0x89, 0x00, 0x46, 0x00, 0x40, 0x00,
    0x40, 0x00, 0x00, 0x00, 0x00, 0x00, 0x00, 0x00, 0x00, 0x00, 0x00, 0x00, 0x00, 0x00, 0x00, 0x00,
    0x00, 0x00, 0x00, 0x00, 0x00, 0x00, 0x00, 0x00, 0x00, 0x00, 0x00, 0x00, 0xe3, 0x00, 0x06, 0x00,
    0x23, 0x00, 0x47, 0x00, 0x27, 0x00, 0x06, 0x00, 0x47, 0x00, 0x47, 0x00, 0x47, 0x00, 0xa5, 0x00,
    0x47, 0x00, 0x26, 0x00, 0x26, 0x00, 0x67, 0x00, 0x87, 0x00, 0x46, 0x00, 0x02, 0x00, 0x41, 0x00,
    0x84, 0x00, 0xe5, 0x00, 0x02, 0x00, 0x00, 0x00, 0xe2, 0x00, 0xa4, 0x00, 0xc5, 0x00, 0xe5, 0x00,
    0x05, 0x00, 0x05, 0x00, 0x66, 0x00, 0xc7, 0x00, 0x86, 0x00, 0x45, 0x00, 0x66, 0x00, 0xc7, 0x00,
    0xe7, 0x00, 0xea, 0x00, 0xa9, 0x00, 0xe2, 0x00, 0x00, 0x00, 0x00, 0x00, 0x00, 0x00, 0x00, 0x00,
    0x60, 0x00, 0xe7, 0x00, 0x2a, 0x00, 0x66, 0x00, 0x68, 0x00, 0xc7, 0x00, 0x02, 0x00, 0x84, 0x00,
    0xa1, 0x00, 0x00, 0x00, 0x00, 0x00, 0x00, 0x00, 0x00, 0x00, 0x00, 0x00, 0x00, 0x00, 0x00, 0x00,
    0x00, 0x00, 0x00, 0x00, 0x00, 0x00, 0x00, 0x00, 0x00, 0x00, 0x00, 0x00, 0x20, 0x00, 0x07, 0x00,
    0x03, 0x00, 0x85, 0x00, 0x67, 0x00, 0x07, 0x00, 0x47, 0x00, 0x47, 0x00, 0x84, 0x00, 0x85, 0x00,
    0x88, 0x00, 0x67, 0x00, 0xa8, 0x00, 0xc8, 0x00, 0xe8, 0x00, 0xe8, 0x00, 0x69, 0x00, 0xa6, 0x00,
    0xe7, 0x00, 0x46, 0x00, 0x08, 0x00, 0x25, 0x00, 0xc4, 0x00, 0x05, 0x00, 0x25, 0x00, 0x46, 0x00,
    0x25, 0x00, 0xe5, 0x00, 0x05, 0x00, 0x46, 0x00, 0x66, 0x00, 0x66, 0x00, 0xc7, 0x00, 0x08, 0x00,
    0x66, 0x00, 0x05, 0x00, 0x48, 0x00, 0x86, 0x00, 0x00, 0x00, 0x00, 0x00, 0x81, 0x00, 0x25, 0x00,
    0xea, 0x00, 0x4a, 0x00, 0x86, 0x00, 0x48, 0x00, 0x48, 0x00, 0xa6, 0x00, 0xc7, 0x00, 0xe2, 0x00,
    0x00, 0x00, 0x00, 0x00, 0x00, 0x00, 0x00, 0x00, 0x00, 0x00, 0x00, 0x00, 0x00, 0x00, 0x00, 0x00,
    0x00, 0x00, 0x00, 0x00, 0x00, 0x00, 0x00, 0x00, 0x00, 0x00, 0x00, 0x00, 0x00, 0x00, 0x03, 0x00,
    0xa5, 0x00, 0x81, 0x00, 0x27, 0x00, 0x27, 0x00, 0x27, 0x00, 0x67, 0x00, 0xa5, 0x00, 0x64, 0x00,
    0x26, 0x00, 0x47, 0x00, 0xa8, 0x00, 0xe8, 0x00, 0xa8, 0x00, 0x46, 0x00, 0xa7, 0x00, 0x86, 0x00,
    0x89, 0x00, 0x89, 0x00, 0x05, 0x00, 0x87, 0x00, 0x25, 0x00, 0xe8, 0x00, 0x28, 0x00, 0x08, 0x00,
    0x49, 0x00, 0xa9, 0x00, 0xc9, 0x00, 0xc9, 0x00, 0xe7, 0x00, 0x66, 0x00, 0x66, 0x00, 0x86, 0x00,
    0x66, 0x00, 0x83, 0x00, 0x05, 0x00, 0x05, 0x00, 0xc4, 0x00, 0x28, 0x00, 0x8b, 0x00, 0xec, 0x00,
    0xea, 0x00, 0xe7, 0x00, 0x68, 0x00, 0x89, 0x00, 0xe7, 0x00, 0x66, 0x00, 0x81, 0x00, 0x00, 0x00,
    0x00, 0x00, 0x00, 0x00, 0x00, 0x00, 0x00, 0x00, 0x00, 0x00, 0x00, 0x00, 0x00, 0x00, 0x00, 0x00,
    0x00, 0x00, 0x00, 0x00, 0x00, 0x00, 0x00, 0x00, 0x00, 0x00, 0x00, 0x00, 0x00, 0x00, 0x00, 0x00,
    0x44, 0x00, 0x81, 0x00, 0x23, 0x00, 0x68, 0x00, 0x27, 0x00, 0x27, 0x00, 0x47, 0x00, 0xa5, 0x00,
    0x64, 0x00, 0x44, 0x00, 0x84, 0x00, 0x84, 0x00, 0x64, 0x00, 0xe8, 0x00, 0x08, 0x00, 0x48, 0x00,
    0xe4, 0x00, 0xa9, 0x00, 0xc7, 0x00, 0xe5, 0x00, 0x25, 0x00, 0x08, 0x00, 0x08, 0x00, 0x08, 0x00,
    0x48, 0x00, 0xaa, 0x00, 0xea, 0x00, 0x2a, 0x00, 0x0a, 0x00, 0x8b, 0x00, 0xac, 0x00, 0x8b, 0x00,
    0x4b, 0x00, 0x6b, 0x00, 0x6b, 0x00, 0x6b, 0x00, 0xec, 0x00, 0xcc, 0x00, 0x6b, 0x00, 0xa9, 0x00,
    0x07, 0x00, 0x89, 0x00, 0x28, 0x00, 0x05, 0x00, 0x02, 0x00, 0x00, 0x00, 0x00, 0x00, 0x00, 0x00,
    0x00, 0x00, 0x00, 0x00, 0x00, 0x00, 0x00, 0x00, 0x00, 0x00, 0x00, 0x00, 0x00, 0x00, 0x00, 0x00,
    0x00, 0x00, 0x00, 0x00, 0x00, 0x00, 0x00, 0x00, 0x00, 0x00, 0x00, 0x00, 0x00, 0x00, 0x00, 0x00,
    0x00, 0x00, 0x41, 0x00, 0x00, 0x00, 0x85, 0x00, 0x68, 0x00, 0x27, 0x00, 0x27, 0x00, 0xe6, 0x00,
    0x06, 0x00, 0xe6, 0x00, 0x85, 0x00, 0x64, 0x00, 0x03, 0x00, 0x05, 0x00, 0x02, 0x00, 0x25, 0x00,
    0xa4, 0x00, 0xe4, 0x00, 0x25, 0x00, 0x84, 0x00, 0xe5, 0x00, 0x66, 0x00, 0x86, 0x00, 0xc7, 0x00,
    0xa7, 0x00, 0x28, 0x00, 0xaa, 0x00, 0x0a, 0x00, 0xea, 0x00, 0x89, 0x00, 0x2a, 0x00, 0x0d, 0x00,
    0x4d, 0x00, 0xac, 0x00, 0xa9, 0x00, 0xc9, 0x00, 0xa9, 0x00, 0x68, 0x00, 0x48, 0x00, 0xc7, 0x00,
    0xc7, 0x00, 0xa4, 0x00, 0xc2, 0x00, 0x00, 0x00, 0x00, 0x00, 0x00, 0x00, 0x00, 0x00, 0x00, 0x00,
    0x00, 0x00, 0x00, 0x00, 0x00, 0x00, 0x00, 0x00, 0x00, 0x00, 0x00, 0x00, 0x00, 0x00, 0x00, 0x00,
    0x00, 0x00, 0x00, 0x00, 0x00, 0x00, 0x00, 0x00, 0x00, 0x00, 0x00, 0x00, 0x00, 0x00, 0x00, 0x00,
    0x00, 0x00, 0x00, 0x00, 0x00, 0x00, 0x00, 0x00, 0x44, 0x00, 0x47, 0x00, 0x88, 0x00, 0x26, 0x00,
    0xa5, 0x00, 0x26, 0x00, 0x06, 0x00, 0xa5, 0x00, 0xa5, 0x00, 0x43, 0x00, 0x03, 0x00, 0xc2, 0x00,
    0xe5, 0x00, 0x46, 0x00, 0xc5, 0x00, 0x05, 0x00, 0x06, 0x00, 0x26, 0x00, 0xc8, 0x00, 0x28, 0x00,
    0x28, 0x00, 0x66, 0x00, 0x66, 0x00, 0x08, 0x00, 0x28, 0x00, 0xa7, 0x00, 0xe7, 0x00, 0x0a, 0x00,
    0xea, 0x00, 0x89, 0x00, 0x28, 0x00, 0x07, 0x00, 0xa6, 0x00, 0x86, 0x00, 0x66, 0x00, 0x46, 0x00,
    0xa4, 0x00, 0x02, 0x00, 0x20, 0x00, 0x00, 0x00, 0x00, 0x00, 0x00, 0x00, 0x00, 0x00, 0x00, 0x00,
    0x00, 0x00, 0x00, 0x00, 0x00, 0x00, 0x00, 0x00, 0x00, 0x00, 0x00, 0x00, 0x00, 0x00, 0x00, 0x00,
    0x00, 0x00, 0x00, 0x00, 0x00, 0x00, 0x00, 0x00, 0x00, 0x00, 0x00, 0x00, 0x00, 0x00, 0x00, 0x00,
    0x00, 0x00, 0x00, 0x00, 0x00, 0x00, 0x00, 0x00, 0x00, 0x00, 0xa2, 0x00, 0xe6, 0x00, 0x88, 0x00,
    0x06, 0x00, 0x84, 0x00, 0xc5, 0x00, 0xe6, 0x00, 0xe6, 0x00, 0xc5, 0x00, 0xa5, 0x00, 0x84, 0x00,
    0x84, 0x00, 0xe5, 0x00, 0xe5, 0x00, 0xe5, 0x00, 0xc5, 0x00, 0xc5, 0x00, 0xc5, 0x00, 0x26, 0x00,
    0x87, 0x00, 0x66, 0x00, 0x25, 0x00, 0x46, 0x00, 0x66, 0x00, 0x86, 0x00, 0xc7, 0x00, 0x45, 0x00,
    0xe5, 0x00, 0x25, 0x00, 0x46, 0x00, 0x46, 0x00, 0x86, 0x00, 0x86, 0x00, 0x66, 0x00, 0x25, 0x00,
    0x63, 0x00, 0x81, 0x00, 0x00, 0x00, 0x00, 0x00, 0x00, 0x00, 0x00, 0x00, 0x00, 0x00, 0x00, 0x00,
    0x00, 0x00, 0x00, 0x00, 0x00, 0x00, 0x00, 0x00, 0x00, 0x00, 0x00, 0x00, 0x00, 0x00, 0x00, 0x00,
    0x00, 0x00, 0x00, 0x00, 0x00, 0x00, 0x00, 0x00, 0x00, 0x00, 0x00, 0x00, 0x00, 0x00, 0x00, 0x00,
    0x00, 0x00, 0x00, 0x00, 0x00, 0x00, 0x00, 0x00, 0x00, 0x00, 0x00, 0x00, 0x00, 0x00, 0x82, 0x00,
    0x44, 0x00, 0x64, 0x00, 0x61, 0x00, 0xe2, 0x00, 0x84, 0x00, 0xe6, 0x00, 0x06, 0x00, 0xe6, 0x00,
    0xa5, 0x00, 0x23, 0x00, 0x81, 0x00, 0x20, 0x00, 0x00, 0x00, 0x00, 0x00, 0x00, 0x00, 0x00, 0x00,
    0x20, 0x00, 0xa1, 0x00, 0x64, 0x00, 0x05, 0x00, 0x66, 0x00, 0x66, 0x00, 0x05, 0x00, 0x23, 0x00,
    0x43, 0x00, 0x84, 0x00, 0xa4, 0x00, 0x83, 0x00, 0x23, 0x00, 0xe2, 0x00, 0x61, 0x00, 0x00, 0x00,
    0x00, 0x00, 0x00, 0x00, 0x00, 0x00, 0x00, 0x00, 0x00, 0x00, 0x00, 0x00, 0x00, 0x00, 0x00, 0x00,
    0x00, 0x00, 0x00, 0x00, 0x00, 0x00, 0x00, 0x00, 0x00, 0x00, 0x00, 0x00, 0x00, 0x00, 0x00, 0x00,
    0x00, 0x00, 0x00, 0x00, 0x00, 0x00, 0x00, 0x00, 0x00, 0x00, 0x00, 0x00, 0x00, 0x00, 0x00, 0x00,
    0x00, 0x00, 0x00, 0x00, 0x00, 0x00, 0x00, 0x00, 0x00, 0x00, 0x00, 0x00, 0x00, 0x00, 0x00, 0x00,
    0x00, 0x00, 0x00, 0x00, 0x00, 0x00, 0x00, 0x00, 0x00, 0x00, 0x20, 0x00, 0x81, 0x00, 0xe2, 0x00,
    0x03, 0x00, 0x03, 0x00, 0x61, 0x00, 0x00, 0x00, 0x00, 0x00, 0x00, 0x00, 0x00, 0x00, 0x00, 0x00,
    0x00, 0x00, 0x00, 0x00, 0x00, 0x00, 0x20, 0x00, 0x81, 0x00, 0x02, 0x00, 0x63, 0x00, 0xc2, 0x00,
    0x00, 0x00, 0x00, 0x00, 0x00, 0x00, 0x00, 0x00, 0x00, 0x00, 0x00, 0x00, 0x00, 0x00, 0x00, 0x00,
    0x00, 0x00, 0x00, 0x00, 0x00, 0x00, 0x00, 0x00, 0x00, 0x00, 0x00, 0x00, 0x00, 0x00, 0x00, 0x00,
    0x00, 0x00, 0x00, 0x00, 0x00, 0x00, 0x00, 0x00, 0x00, 0x00, 0x00, 0x00, 0x00, 0x00, 0x00, 0x00,
    0x00, 0x00, 0x00, 0x00, 0x00, 0x00, 0x00, 0x00, 0x00, 0x00, 0x00, 0x00, 0x00, 0x00, 0x00, 0x00,
    0x00, 0x00, 0x00, 0x00, 0x00, 0x00, 0x00, 0x00, 0x00, 0x00, 0x00, 0x00, 0x00, 0x00, 0x00, 0x00,
    0x00, 0x00, 0x00, 0x00, 0x00, 0x00, 0x00, 0x00, 0x00, 0x00, 0x00, 0x00, 0x00, 0x00, 0x00, 0x00,
    0x00, 0x00, 0x00, 0x00, 0x00, 0x00, 0x00, 0x00, 0x00, 0x00, 0x00, 0x00, 0x00, 0x00, 0x00, 0x00,
    0x00, 0x00, 0x00, 0x00, 0x00, 0x00, 0x00, 0x00, 0x00, 0x00, 0x00, 0x00, 0x00, 0x00, 0x00, 0x00,
    0x00, 0x00, 0x00, 0x00, 0x00, 0x00, 0x00, 0x00, 0x00, 0x00, 0x00, 0x00, 0x00, 0x00, 0x00, 0x00,
    0x00, 0x00, 0x00, 0x00, 0x00, 0x00, 0x00, 0x00, 0x00, 0x00, 0x00, 0x00, 0x00, 0x00, 0x00, 0x00,
    0x00, 0x00, 0x00, 0x00, 0x00, 0x00, 0x00, 0x00, 0x00, 0x00, 0x00, 0x00, 0x00, 0x00, 0x00, 0x00,
    0x00, 0x00, 0x00, 0x00, 0x00, 0x00, 0x00, 0x00, 0x00, 0x00, 0x00, 0x00, 0x00, 0x00, 0x00, 0x00,
    0x00, 0x00, 0x00, 0x00, 0x00, 0x00, 0x00, 0x00, 0x00, 0x00, 0x00, 0x00, 0x00, 0x00, 0x00, 0x00,
    0x00, 0x00, 0x00, 0x00, 0x00, 0x00, 0x00, 0x00, 0x00, 0x00, 0x00, 0x00, 0x00, 0x00, 0x00, 0x00,
    0x00, 0x00, 0x00, 0x00, 0x00, 0x00, 0x00, 0x00, 0x00, 0x00, 0x00, 0x00, 0x00, 0x00, 0x00, 0x00,
    0x00, 0x00, 0x00, 0x00, 0x00, 0x00, 0x00, 0x00, 0x00, 0x00, 0x00, 0x00, 0x00, 0x00, 0x00, 0x00,
    0x00, 0x00, 0x00, 0x00, 0x00, 0x00, 0x00, 0x00, 0x00, 0x00, 0x00, 0x00, 0x00, 0x00, 0x00, 0x00,
    0x00, 0x00, 0x00, 0x00, 0x00, 0x00, 0x00, 0x00, 0x00, 0x00, 0x00, 0x00, 0x00, 0x00, 0x00, 0x00,
    0x00, 0x00, 0x00, 0x00, 0x00, 0x00, 0x00, 0x00, 0x00, 0x00, 0x00, 0x00, 0x00, 0x00, 0x00, 0x00,
    0x00, 0x00, 0x00, 0x00, 0x00, 0x00, 0x00, 0x00, 0x00, 0x00, 0x00, 0x00, 0x00, 0x00, 0x00, 0x00,
    0x00, 0x00, 0x09, 0x00, 0x00, 0x00, 0x00, 0x00, 0x00, 0x00, 0x00, 0x00, 0x00, 0x00, 0x00, 0x00,
    0x00, 0x01, 0x02, 0x00, 0x00, 0x00, 0x00, 0x00, 0x00, 0x00, 0x00, 0x00, 0x00, 0x00, 0x00, 0x00,
    0x00, 0x00, 0x00, 0x00, 0x00, 0x00, 0x00, 0x00, 0x00, 0x00, 0x00, 0x00, 0x00, 0x00, 0x00, 0x00,
    0x00, 0x00, 0x00, 0x00, 0x00, 0x00, 0x00, 0x00, 0x00, 0x00, 0x00, 0x00, 0x00, 0x00, 0x00, 0x00,
    0x00, 0x3f, 0x63, 0x00, 0x00, 0x00, 0x00, 0x00, 0x00, 0x00, 0x00, 0x00, 0x00, 0x00, 0x00, 0x00,
    0x00, 0x91, 0x0c, 0x00, 0x00, 0x00, 0x00, 0x00, 0x00, 0x00, 0x00, 0x00, 0x00, 0x00, 0x00, 0x00,
    0x00, 0x00, 0x00, 0x00, 0x00, 0x00, 0x00, 0x00, 0x00, 0x00, 0x00, 0x00, 0x00, 0x00, 0x00, 0x00,
    0x00, 0x00, 0x00, 0x00, 0x00, 0x00, 0x00, 0x00, 0x00, 0x00, 0x00, 0x00, 0x00, 0x00, 0x00, 0x00,
    0x00, 0xf7, 0x42, 0x00, 0x00, 0x00, 0x00, 0x00, 0x00, 0x00, 0x00, 0x00, 0x00, 0x00, 0x00, 0x00,
    0x2f, 0xfb, 0x00, 0x00, 0x00, 0x00, 0x00, 0x00, 0x00, 0x00, 0x00, 0x00, 0x00, 0x00, 0x00, 0x00,
    0x00, 0x00, 0x00, 0x00, 0x00, 0x00, 0x00, 0x00, 0x00, 0x00, 0x00, 0x00, 0x00, 0x00, 0x00, 0x00,
    0x00, 0x00, 0x00, 0x00, 0x00, 0x00, 0x00, 0x00, 0x00, 0x00, 0x00, 0x00, 0x00, 0x00, 0x00, 0x00,
    0x06, 0xff, 0x64, 0x00, 0x00, 0x00, 0x00, 0x00, 0x00, 0x00, 0x00, 0x00, 0x00, 0x00, 0x00, 0x00,
    0x70, 0xef, 0x00, 0x00, 0x00, 0x00, 0x00, 0x00, 0x00, 0x00, 0x00, 0x00, 0x00, 0x00, 0x00, 0x00,
    0x00, 0x00, 0x00, 0x00, 0x00, 0x00, 0x00, 0x00, 0x00, 0x00, 0x00, 0x00, 0x00, 0x00, 0x00, 0x00,
    0x00, 0x00, 0x00, 0x00, 0x00, 0x00, 0x00, 0x00, 0x00, 0x00, 0x00, 0x00, 0x00, 0x00, 0x00, 0x00,
    0x02, 0xf3, 0xd5, 0x00, 0x00, 0x04, 0x19, 0x00, 0x00, 0x00, 0x00, 0x00, 0x00, 0x00, 0x00, 0x00,
    0x50, 0xff, 0x0e, 0x00, 0x09, 0x52, 0x00, 0x00, 0x00, 0x00, 0x00, 0x00, 0x00, 0x00, 0x00, 0x00,
    0x00, 0x00, 0x00, 0x00, 0x00, 0x00, 0x00, 0x00, 0x00, 0x00, 0x00, 0x00, 0x00, 0x00, 0x00, 0x00,
    0x00, 0x00, 0x00, 0x00, 0x00, 0x00, 0x00, 0x00, 0x00, 0x00, 0x00, 0x00, 0x00, 0x00, 0x00, 0x00,
    0x00, 0x8c, 0xff, 0x46, 0x00, 0x4b, 0x85, 0x00, 0x00, 0x00, 0x00, 0x00, 0x00, 0x00, 0x00, 0x00,
    0x11, 0xff, 0xa2, 0x00, 0x51, 0xa5, 0x00, 0x00, 0x00, 0x00, 0x00, 0x00, 0x00, 0x00, 0x00, 0x00,
    0x00, 0x00, 0x00, 0x00, 0x00, 0x00, 0x00, 0x00, 0x00, 0x00, 0x00, 0x00, 0x00, 0x00, 0x00, 0x00,
    0x00, 0x00, 0x00, 0x00, 0x00, 0x00, 0x00, 0x00, 0x00, 0x00, 0x00, 0x00, 0x00, 0x00, 0x00, 0x00,
    0x00, 0x1e, 0xff, 0xff, 0x1c, 0x49, 0xdc, 0x00, 0x00, 0x00, 0x2a, 0x2f, 0x00, 0x00, 0x00, 0x00,
    0x00, 0x97, 0xff, 0x5d, 0x6d, 0xe0, 0x00, 0x00, 0x00, 0x00, 0x00, 0x00, 0x00, 0x00, 0x00, 0x00,
    0x00, 0x00, 0x00, 0x00, 0x00, 0x00, 0x00, 0x00, 0x00, 0x00, 0x00, 0x00, 0x00, 0x00, 0x00, 0x00,
    0x00, 0x00, 0x00, 0x00, 0x00, 0x00, 0x00, 0x00, 0x00, 0x00, 0x00, 0x00, 0x00, 0x00, 0x00, 0x00,
    0x00, 0x00, 0x7c, 0xff, 0xfd, 0xb5, 0xff, 0x38, 0x00, 0x00, 0x8f, 0x82, 0x00, 0x04, 0x34, 0x03,
    0x00, 0x04, 0xeb, 0xff, 0xf1, 0xff, 0x49, 0x00, 0x00, 0x5f, 0x3e, 0x00, 0x00, 0x00, 0x00, 0x00,
    0x00, 0x00, 0x00, 0x00, 0x00, 0x00, 0x00, 0x00, 0x00, 0x00, 0x00, 0x00, 0x00, 0x00, 0x00, 0x00,
    0x00, 0x00, 0x00, 0x00, 0x00, 0x00, 0x00, 0x00, 0x00, 0x00, 0x00, 0x00, 0x00, 0x00, 0x30, 0x25,
    0x02, 0x04, 0x23, 0xed, 0xfb, 0xff, 0xf5, 0xff, 0x38, 0x00, 0x6b, 0xf9, 0x06, 0x01, 0xff, 0xe2,
    0x66, 0x08, 0x26, 0xf5, 0xf9, 0xf9, 0xff, 0x31, 0x00, 0xe0, 0xa6, 0x00, 0x00, 0x00, 0x00, 0x00,
    0x00, 0x00, 0x00, 0x00, 0x00, 0x00, 0x00, 0x00, 0x00, 0x00, 0x00, 0x00, 0x00, 0x00, 0x00, 0x00,
    0x00, 0x00, 0x00, 0x00, 0x00, 0x00, 0x00, 0x00, 0x00, 0x00, 0x00, 0x00, 0x00, 0x00, 0x17, 0xff,
    0xfd, 0xff, 0xff, 0xff, 0xff, 0xff, 0xff, 0xf7, 0xff, 0x6f, 0x61, 0xfd, 0xc0, 0x04, 0x7c, 0xff,
    0xff, 0xff, 0x7f, 0xdc, 0xff, 0xfd, 0xfd, 0xf7, 0x2e, 0xff, 0xab, 0x00, 0x00, 0x00, 0x00, 0x00,
    0x00, 0x00, 0x00, 0x00, 0x00, 0x00, 0x00, 0x00, 0x00, 0x00, 0x00, 0x00, 0x00, 0x00, 0x00, 0x00,
    0x00, 0x00, 0x00, 0x00, 0x00, 0x00, 0x00, 0x00, 0x00, 0x00, 0x00, 0x00, 0x00, 0x00, 0x00, 0x1d,
    0x9d, 0xb2, 0x6f, 0x22, 0x0b, 0x38, 0xb2, 0xff, 0xff, 0xff, 0xff, 0xfb, 0xff, 0xd5, 0x75, 0xf7,
    0xf5, 0xff, 0xff, 0xff, 0xff, 0xff, 0xff, 0xff, 0xf9, 0xff, 0x64, 0x00, 0x00, 0x00, 0x00, 0x00,
    0x00, 0x00, 0x00, 0x00, 0x00, 0x00, 0x00, 0x00, 0x00, 0x00, 0x00, 0x00, 0x00, 0x00, 0x00, 0x00,
    0x00, 0x00, 0x00, 0x00, 0x00, 0x00, 0x00, 0x00, 0x00, 0x00, 0x00, 0x00, 0x00, 0x00, 0x00, 0x00,
    0x00, 0x00, 0x00, 0x00, 0x00, 0x00, 0x00, 0x2b, 0xc0, 0xf5, 0xfb, 0xff, 0xfb, 0xff, 0xff, 0xfd,
    0xff, 0xfd, 0xf9, 0xff, 0xff, 0xff, 0xff, 0xfd, 0xf7, 0xff, 0x25, 0x00, 0x00, 0x00, 0x00, 0x00,
    0x00, 0x00, 0x00, 0x00, 0x00, 0x00, 0x00, 0x00, 0x00, 0x00, 0x00, 0x00, 0x00, 0x00, 0x00, 0x00,
    0x00, 0x00, 0x00, 0x00, 0x00, 0x00, 0x00, 0x00, 0x00, 0x00, 0x00, 0x00, 0x00, 0x00, 0x00, 0x00,
    0x00, 0x00, 0x00, 0x00, 0x10, 0x03, 0x00, 0x00, 0x0e, 0xe8, 0xfb, 0xfd, 0xff, 0xfd, 0xfd, 0xff,
    0xff, 0xff, 0xff, 0xff, 0xff, 0xff, 0xff, 0xff, 0xf9, 0xff, 0x0b, 0x02, 0x00, 0x00, 0x00, 0x00,
    0x00, 0x00, 0x00, 0x00, 0x00, 0x00, 0x00, 0x00, 0x00, 0x00, 0x00, 0x00, 0x00, 0x00, 0x00, 0x00,
    0x00, 0x00, 0x00, 0x00, 0x00, 0x00, 0x00, 0x00, 0x00, 0x00, 0x00, 0x00, 0x00, 0x00, 0x00, 0x00,
    0x00, 0x00, 0x00, 0x00, 0x69, 0xfb, 0x9a, 0x9d, 0xe4, 0xff, 0xff, 0xff, 0xff, 0xff, 0xff, 0xff,
    0xff, 0xff, 0xff, 0xff, 0xff, 0xff, 0xff, 0xff, 0xfd, 0xff, 0x32, 0xb0, 0x04, 0x00, 0x00, 0x00,
    0x00, 0x00, 0x00, 0x00, 0x00, 0x00, 0x00, 0x00, 0x00, 0x00, 0x00, 0x00, 0x00, 0x00, 0x00, 0x00,
    0x00, 0x00, 0x00, 0x00, 0x00, 0x00, 0x00, 0x00, 0x00, 0x00, 0x00, 0x00, 0x00, 0x00, 0x00, 0x00,
    0x00, 0x00, 0x00, 0x00, 0x00, 0x80, 0xff, 0xff, 0xff, 0xff, 0xff, 0xff, 0xff, 0xff, 0xff, 0xff,
    0xff, 0xff, 0xff, 0xff, 0xff, 0xff, 0xff, 0xff, 0xff, 0xff, 0xfb, 0xff, 0x0b, 0x00, 0x00, 0x00,
    0x00, 0x00, 0x00, 0x00, 0x00, 0x00, 0x00, 0x00, 0x00, 0x00, 0x00, 0x00, 0x00, 0x00, 0x00, 0x00,
    0x00, 0x00, 0x00, 0x00, 0x00, 0x00, 0x00, 0x00, 0x00, 0x00, 0x00, 0x00, 0x00, 0x00, 0x00, 0x00,
    0x00, 0x00, 0x00, 0x00, 0x00, 0x05, 0xc5, 0xf7, 0xfb, 0xff, 0xff, 0xff, 0xff, 0xff, 0xff, 0xff,
    0xff, 0xff, 0xff, 0xff, 0xff, 0xff, 0xff, 0xff, 0xff, 0xff, 0xff, 0xfb, 0x06, 0x00, 0x00, 0x00,
    0x00, 0x00, 0x00, 0x00, 0x00, 0x00, 0x00, 0x00, 0x00, 0x00, 0x00, 0x00, 0x00, 0x00, 0x00, 0x00,
    0x00, 0x00, 0x00, 0x00, 0x00, 0x00, 0x00, 0x00, 0x00, 0x00, 0x00, 0x00, 0x00, 0x00, 0x00, 0x00,
    0x00, 0x1e, 0x35, 0x46, 0x8b, 0xe8, 0xfd, 0xff, 0xff, 0xff, 0xff, 0xff, 0xff, 0xff, 0xff, 0xff,
    0xff, 0xff, 0xff, 0xff, 0xff, 0xff, 0xff, 0xff, 0xff, 0xfb, 0xff, 0xb7, 0x00, 0x00, 0x00, 0x00,
    0x00, 0x00, 0x00, 0x00, 0x00, 0x00, 0x00, 0x00, 0x00, 0x00, 0x00, 0x00, 0x00, 0x00, 0x00, 0x00,
    0x00, 0x00, 0x00, 0x00, 0x00, 0x00, 0x00, 0x00, 0x00, 0x00, 0x00, 0x00, 0x00, 0x00, 0x00, 0x00,
    0x00, 0x21, 0xff, 0xff, 0xff, 0xff, 0xff, 0xff, 0xff, 0xff, 0xff, 0xff, 0xff, 0xff, 0xff, 0xff,
    0xff, 0xff, 0xff, 0xff, 0xff, 0xff, 0xff, 0xff, 0xff, 0xfb, 0xfd, 0xaf, 0x10, 0x00, 0x00, 0x00,
    0x00, 0x00, 0x00, 0x00, 0x00, 0x00, 0x00, 0x00, 0x00, 0x00, 0x00, 0x00, 0x00, 0x00, 0x00, 0x00,
    0x00, 0x00, 0x00, 0x00, 0x00, 0x00, 0x00, 0x00, 0x00, 0x00, 0x00, 0x00, 0x00, 0x00, 0x00, 0x00,
    0x00, 0x00, 0x10, 0xa3, 0xff, 0xff, 0xff, 0xff, 0xff, 0xff, 0xff, 0xff, 0xff, 0xff, 0xff, 0xff,
    0xff, 0xff, 0xff, 0xff, 0xff, 0xff, 0xff, 0xff, 0xff, 0xff, 0xf7, 0xff, 0x25, 0x00, 0x00, 0x00,
    0x00, 0x00, 0x00, 0x00, 0x00, 0x00, 0x00, 0x00, 0x00, 0x00, 0x00, 0x00, 0x00, 0x00, 0x00, 0x00,
    0x00, 0x00, 0x00, 0x00, 0x00, 0x00, 0x00, 0x00, 0x00, 0x00, 0x00, 0x00, 0x00, 0x00, 0x00, 0x00,
    0x00, 0x00, 0x00, 0x00, 0x18, 0xc1, 0xfd, 0xfd, 0xff, 0xff, 0xff, 0xff, 0xff, 0xff, 0xff, 0xff,
    0xff, 0xff, 0xff, 0xff, 0xff, 0xff, 0xff, 0xff, 0xff, 0xff, 0xf9, 0xfd, 0x18, 0x00, 0x00, 0x00,
    0x00, 0x00, 0x00, 0x00, 0x00, 0x00, 0x00, 0x00, 0x00, 0x00, 0x5c, 0x16, 0x00, 0x00, 0x00, 0x00,
    0x00, 0x00, 0x00, 0x00, 0x00, 0x00, 0x00, 0x00, 0x00, 0x00, 0x00, 0x00, 0x00, 0x00, 0x00, 0x00,
    0x00, 0x00, 0x00, 0x02, 0x6c, 0xef, 0xfb, 0xff, 0xff, 0xff, 0xff, 0xff, 0xff, 0xff, 0xff, 0xff,
    0xff, 0xff, 0xff, 0xff, 0xff, 0xff, 0xff, 0xff, 0xff, 0xff, 0xf7, 0xff, 0x2f, 0x00, 0x00, 0x00,
    0x00, 0x00, 0x00, 0x00, 0x00, 0x00, 0x00, 0x00, 0x00, 0x02, 0xf9, 0x37, 0x00, 0x00, 0x00, 0x00,
    0x00, 0x00, 0x00, 0x00, 0x00, 0x00, 0x00, 0x00, 0x00, 0x00, 0x00, 0x00, 0x00, 0x00, 0x00, 0x00,
    0x00, 0x00, 0x02, 0xb0, 0xff, 0xfd, 0xff, 0xff, 0xff, 0xff, 0xff, 0xff, 0xff, 0xff, 0xff, 0xff,
    0xff, 0xff, 0xff, 0xff, 0xff, 0xff, 0xff, 0xff, 0xff, 0xff, 0xf9, 0xff, 0x1e, 0x00, 0x00, 0x00,
    0x00, 0x00, 0x00, 0x00, 0x00, 0x00, 0x00, 0x00, 0x00, 0x83, 0xff, 0x55, 0x00, 0x00, 0x00, 0x00,
    0x00, 0x00, 0x00, 0x00, 0x00, 0x00, 0x00, 0x00, 0x00, 0x00, 0x00, 0x00, 0x00, 0x00, 0x00, 0x00,
    0x00, 0x04, 0xb7, 0xff, 0xff, 0xff, 0xff, 0xff, 0xff, 0xff, 0xff, 0xff, 0xff, 0xff, 0xff, 0xff,
    0xff, 0xff, 0xff, 0xff, 0xff, 0xff, 0xff, 0xff, 0xff, 0xfd, 0xff, 0xe9, 0x01, 0x00, 0x00, 0x00,
    0x00, 0x00, 0x00, 0x00, 0x00, 0x00, 0x00, 0x0b, 0x9b, 0xff, 0xff, 0x64, 0x00, 0x00, 0x00, 0x00,
    0x00, 0x00, 0x00, 0x00, 0x00, 0x00, 0x00, 0x00, 0x00, 0x00, 0x00, 0x00, 0x00, 0x00, 0x00, 0x00,
    0x00, 0x1d, 0xaa, 0xbc, 0xa6, 0xbc, 0xff, 0xfd, 0xff, 0xff, 0xff, 0xff, 0xff, 0xff, 0xff, 0xff,
    0xff, 0xff, 0xff, 0xff, 0xff, 0xff, 0xff, 0xff, 0xff, 0xff, 0xfd, 0xef, 0x7f, 0x0e, 0x00, 0x00,
    0x00, 0x00, 0x00, 0x00, 0x3b, 0x02, 0x59, 0xfb, 0xff, 0xf1, 0xfd, 0x4a, 0x00, 0x00, 0x00, 0x00,
    0x00, 0x00, 0x00, 0x00, 0x00, 0x00, 0x00, 0x00, 0x00, 0x00, 0x00, 0x00, 0x00, 0x00, 0x00, 0x00,
    0x00, 0x00, 0x00, 0x00, 0x00, 0x92, 0xfd, 0xf9, 0xff, 0xff, 0xff, 0xff, 0xff, 0xff, 0xff, 0xff,
    0xff, 0xff, 0xff, 0xff, 0xff, 0xff, 0xff, 0xff, 0xff, 0xff, 0xff, 0xfd, 0xff, 0xa8, 0x00, 0x00,
    0x00, 0x00, 0x00, 0x7c, 0xe9, 0xb0, 0xff, 0xfd, 0xfb, 0xf9, 0xff, 0x1c, 0x00, 0x00, 0x00, 0x00,
    0x00, 0x00, 0x00, 0x00, 0x00, 0x00, 0x00, 0x00, 0x00, 0x00, 0x00, 0x00, 0x00, 0x00, 0x00, 0x00,
    0x00, 0x00, 0x00, 0x00, 0x02, 0xef, 0xff, 0xfd, 0xff, 0xff, 0xff, 0xff, 0xff, 0xff, 0xff, 0xff,
    0xff, 0xff, 0xff, 0xff, 0xff, 0xff, 0xff, 0xff, 0xff, 0xff, 0xff, 0xf7, 0xf5, 0x8c, 0x00, 0x00,
    0x00, 0x00, 0x25, 0xff, 0xfb, 0xff, 0xf9, 0xff, 0xfb, 0xfb, 0xde, 0x01, 0x00, 0x00, 0x00, 0x00,
    0x00, 0x00, 0x00, 0x00, 0x00, 0x00, 0x00, 0x00, 0x00, 0x00, 0x00, 0x00, 0x00, 0x00, 0x00, 0x00,
    0x00, 0x00, 0x00, 0x00, 0x08, 0xff, 0xe9, 0xfd, 0xff, 0xff, 0xff, 0xff, 0xff, 0xff, 0xff, 0xff,
    0xff, 0xff, 0xff, 0xff, 0xfd, 0xff, 0xff, 0xff, 0xff, 0xff, 0xfd, 0xf3, 0xff, 0x23, 0x00, 0x00,
    0x00, 0x00, 0xbc, 0xfd, 0xf9, 0xfb, 0xff, 0xff, 0xf9, 0xff, 0x39, 0x00, 0x00, 0x00, 0x00, 0x00,
    0x00, 0x00, 0x00, 0x00, 0x00, 0x00, 0x00, 0x00, 0x00, 0x00, 0x00, 0x00, 0x00, 0x00, 0x00, 0x00,
    0x00, 0x00, 0x00, 0x00, 0x02, 0x15, 0x8e, 0xff, 0xf9, 0xff, 0xff, 0xff, 0xff, 0xff, 0xff, 0xff,
    0xff, 0xff, 0xff, 0xff, 0xff, 0xfb, 0xf7, 0xf7, 0xf7, 0xf7, 0xff, 0xff, 0x6b, 0x00, 0x00, 0x00,
    0x00, 0x0b, 0xff, 0xfd, 0xff, 0xff, 0xff, 0xfb, 0xfb, 0x64, 0x00, 0x00, 0x00, 0x00, 0x00, 0x00,
    0x00, 0x00, 0x00, 0x00, 0x00, 0x00, 0x00, 0x00, 0x00, 0x00, 0x00, 0x00, 0x00, 0x00, 0x00, 0x00,
    0x00, 0x00, 0x00, 0x00, 0x00, 0x00, 0x78, 0xfd, 0xf5, 0xfd, 0xff, 0xff, 0xff, 0xff, 0xff, 0xff,
    0xff, 0xff, 0xff, 0xfd, 0xf5, 0xff, 0xff, 0xff, 0xff, 0xff, 0xdc, 0x30, 0x00, 0x00, 0x00, 0x00,
    0x00, 0x21, 0xfd, 0xf7, 0xff, 0xff, 0xfd, 0xfb, 0xd9, 0x4c, 0x03, 0x00, 0x00, 0x00, 0x00, 0x00,
    0x00, 0x00, 0x00, 0x00, 0x00, 0x00, 0x00, 0x00, 0x00, 0x00, 0x00, 0x00, 0x02, 0x03, 0x01, 0x00,
    0x00, 0x00, 0x03, 0x00, 0x00, 0x00, 0x2e, 0xff, 0xff, 0xff, 0xff, 0xff, 0xff, 0xff, 0xff, 0xff,
    0xff, 0xfd, 0xff, 0xe8, 0x09, 0x14, 0x34, 0x54, 0x5b, 0x31, 0x03, 0x00, 0x00, 0x00, 0x00, 0x00,
    0x00, 0x22, 0xff, 0xf7, 0xff, 0xff, 0xf9, 0xff, 0xff, 0x97, 0x01, 0x00, 0x00, 0x00, 0x00, 0x00,
    0x00, 0x00, 0x00, 0x00, 0x00, 0x00, 0x00, 0x00, 0x00, 0x00, 0x00, 0x01, 0x79, 0xff, 0xe2, 0x8e,
    0x2d, 0x00, 0x2f, 0x82, 0x03, 0x00, 0x02, 0xfb, 0x7e, 0xb9, 0xfb, 0xfb, 0xff, 0xff, 0xff, 0xff,
    0xff, 0xff, 0xfb, 0xf9, 0x08, 0x00, 0x00, 0x00, 0x00, 0x00, 0x00, 0x00, 0x00, 0x00, 0x00, 0x00,
    0x00, 0x08, 0xff, 0xfd, 0xff, 0xff, 0xff, 0xcc, 0x30, 0x00, 0x00, 0x00, 0x00, 0x00, 0x00, 0x00,
    0x00, 0x00, 0x00, 0x00, 0x00, 0x00, 0x00, 0x00, 0x00, 0x00, 0x00, 0x00, 0x00, 0x2c, 0xe2, 0xff,
    0xff, 0xb9, 0x42, 0xff, 0xcc, 0x0e, 0x00, 0x1f, 0x04, 0x24, 0xff, 0xf7, 0xff, 0xff, 0xff, 0xff,
    0xff, 0xff, 0xf9, 0xff, 0x88, 0x00, 0x00, 0x00, 0x00, 0x00, 0x00, 0x00, 0x00, 0x00, 0x00, 0x00,
    0x00, 0x0b, 0xc0, 0xff, 0xf9, 0xfb, 0x42, 0x01, 0x00, 0x00, 0x00, 0x00, 0x00, 0x00, 0x00, 0x00,
    0x00, 0x00, 0x00, 0x00, 0x00, 0x00, 0x00, 0x00, 0x00, 0x00, 0x03, 0x2a, 0x61, 0x67, 0xb5, 0xf9,
    0xf5, 0xff, 0xff, 0xf3, 0xff, 0xe6, 0x0b, 0x00, 0x00, 0x00, 0x86, 0xff, 0xf9, 0xff, 0xff, 0xff,
    0xff, 0xff, 0xff, 0xf9, 0xff, 0x51, 0x00, 0x00, 0x00, 0x00, 0x00, 0x00, 0x00, 0x00, 0x00, 0x00,
    0x00, 0x8b, 0xdc, 0xf9, 0xff, 0x26, 0x00, 0x00, 0x00, 0x00, 0x00, 0x00, 0x00, 0x00, 0x00, 0x00,
    0x00, 0x00, 0x00, 0x00, 0x00, 0x00, 0x00, 0x00, 0x00, 0x47, 0xe2, 0xff, 0xff, 0xff, 0xff, 0xff,
    0xff, 0xfb, 0xfb, 0xff, 0xf7, 0xff, 0xaa, 0xa5, 0x14, 0x00, 0x04, 0xd7, 0xfd, 0xfd, 0xff, 0xff,
    0xff, 0xff, 0xff, 0xff, 0xf7, 0xff, 0x3d, 0x00, 0x00, 0x00, 0x00, 0x02, 0x67, 0x39, 0x04, 0x00,
    0x00, 0x42, 0xff, 0xff, 0xb0, 0x00, 0x00, 0x00, 0x00, 0x00, 0x00, 0x00, 0x00, 0x00, 0x00, 0x00,
    0x00, 0x00, 0x00, 0x00, 0x00, 0x00, 0x00, 0x03, 0xb7, 0xff, 0xff, 0xf7, 0xf7, 0xf9, 0xfd, 0xff,
    0xff, 0xff, 0xff, 0xff, 0xff, 0xfd, 0xff, 0xff, 0xc8, 0x01, 0x00, 0x78, 0xff, 0xf7, 0xff, 0xff,
    0xff, 0xff, 0xff, 0xff, 0xfd, 0xf7, 0xff, 0x10, 0x00, 0x00, 0x00, 0x8b, 0xff, 0xff, 0xf1, 0x36,
    0x00, 0x04, 0xe4, 0xfd, 0x8b, 0x00, 0x00, 0x00, 0x00, 0x00, 0x00, 0x00, 0x00, 0x00, 0x00, 0x00,
    0x00, 0x00, 0x00, 0x00, 0x00, 0x00, 0x00, 0x02, 0x18, 0x58, 0xed, 0xfd, 0xff, 0xff, 0xff, 0xff,
    0xff, 0xff, 0xff, 0xff, 0xff, 0xff, 0xfd, 0xf5, 0xff, 0x2b, 0x0e, 0xeb, 0xfb, 0xfd, 0xff, 0xff,
    0xff, 0xff, 0xff, 0xff, 0xff, 0xf9, 0xff, 0x95, 0x00, 0x00, 0x0c, 0xff, 0xf5, 0xf5, 0xff, 0xb4,
    0x00, 0x00, 0x34, 0xff, 0xd1, 0x01, 0x00, 0x00, 0x00, 0x00, 0x00, 0x00, 0x00, 0x00, 0x00, 0x00,
    0x00, 0x00, 0x00, 0x00, 0x00, 0x00, 0x00, 0x01, 0x58, 0xe2, 0xfd, 0xff, 0xff, 0xff, 0xff, 0xff,
    0xff, 0xff, 0xff, 0xff, 0xff, 0xff, 0xff, 0xfd, 0xfd, 0xcf, 0xe4, 0xff, 0xfd, 0xff, 0xff, 0xff,
    0xff, 0xff, 0xff, 0xff, 0xff, 0xff, 0xfb, 0xf9, 0x08, 0x00, 0x3c, 0xfd, 0xf7, 0xfd, 0xf7, 0xef,
    0x1e, 0x00, 0x00, 0x9e, 0xff, 0x26, 0x00, 0x00, 0x00, 0x00, 0x00, 0x00, 0x00, 0x00, 0x00, 0x00,
    0x00, 0x00, 0x00, 0x00, 0x00, 0x00, 0x02, 0xb5, 0xff, 0xff, 0xff, 0xff, 0xff, 0xff, 0xff, 0xff,
    0xff, 0xff, 0xff, 0xff, 0xff, 0xff, 0xff, 0xff, 0xff, 0xff, 0xff, 0xfd, 0xff, 0xff, 0xff, 0xff,
    0xff, 0xff, 0xff, 0xff, 0xff, 0xff, 0xf9, 0xff, 0x6d, 0x00, 0x9b, 0xff, 0xf9, 0xfd, 0xfb, 0xff,
    0xaf, 0x00, 0x00, 0x0a, 0xf7, 0xc3, 0x01, 0x00, 0x02, 0x00, 0x00, 0x00, 0x00, 0x00, 0x00, 0x00,
    0x00, 0x00, 0x00, 0x00, 0x00, 0x00, 0x9b, 0xff, 0xf5, 0xff, 0xff, 0xff, 0xff, 0xff, 0xff, 0xff,
    0xff, 0xff, 0xff, 0xff, 0xff, 0xff, 0xff, 0xff, 0xff, 0xfd, 0xfd, 0xff, 0xff, 0xff, 0xff, 0xff,
    0xff, 0xff, 0xff, 0xff, 0xff, 0xff, 0xff, 0xff, 0xf3, 0x57, 0xfb, 0xff, 0xfd, 0xff, 0xf1, 0xd3,
    0x97, 0x00, 0x00, 0x00, 0x4f, 0xff, 0x4b, 0x00, 0xad, 0x01, 0x00, 0x00, 0x00, 0x00, 0x00, 0x00,
    0x00, 0x00, 0x00, 0x00, 0x00, 0x58, 0xff, 0xf5, 0xff, 0xff, 0xff, 0xff, 0xff, 0xff, 0xff, 0xff,
    0xff, 0xff, 0xff, 0xff, 0xff, 0xff, 0xff, 0xff, 0xff, 0xff, 0xff, 0xff, 0xff, 0xff, 0xff, 0xff,
    0xff, 0xff, 0xff, 0xff, 0xff, 0xff, 0xff, 0xff, 0xff, 0xff, 0xff, 0xfd, 0xfb, 0xd9, 0x11, 0x02,
    0x06, 0x00, 0x00, 0x00, 0x01, 0xd7, 0xef, 0x2e, 0xff, 0x1a, 0x00, 0x00, 0x00, 0x00, 0x00, 0x00,
    0x00, 0x00, 0x00, 0x00, 0x14, 0xff, 0xbc, 0xfd, 0xfd, 0xff, 0xff, 0xff, 0xff, 0xff, 0xff, 0xff,
    0xff, 0xff, 0xff, 0xff, 0xff, 0xff, 0xff, 0xff, 0xff, 0xff, 0xff, 0xff, 0xff, 0xff, 0xff, 0xff,
    0xff, 0xff, 0xff, 0xff, 0xff, 0xff, 0xff, 0xff, 0xff, 0xf9, 0xff, 0xf7, 0xff, 0x36, 0x00, 0x00,
    0x00, 0x00, 0x00, 0x00, 0x00, 0x3c, 0xff, 0xc1, 0xfb, 0x52, 0x00, 0x00, 0x00, 0x00, 0x00, 0x00,
    0x00, 0x00, 0x00, 0x00, 0x46, 0x1c, 0x94, 0xff, 0xfb, 0xff, 0xff, 0xff, 0xff, 0xff, 0xff, 0xff,
    0xff, 0xff, 0xff, 0xff, 0xff, 0xff, 0xff, 0xff, 0xff, 0xff, 0xff, 0xff, 0xff, 0xff, 0xff, 0xff,
    0xff, 0xff, 0xff, 0xff, 0xff, 0xff, 0xff, 0xff, 0xff, 0xff, 0xff, 0xfb, 0xff, 0x0d, 0x00, 0x00,
    0x00, 0x00, 0x00, 0x00, 0x00, 0x01, 0xed, 0xff, 0xff, 0x88, 0x00, 0x00, 0x00, 0x00, 0x00, 0x00,
    0x00, 0x00, 0x00, 0x00, 0x00, 0x23, 0xff, 0xf9, 0xff, 0xff, 0xff, 0xff, 0xff, 0xff, 0xff, 0xff,
    0xff, 0xff, 0xff, 0xff, 0xff, 0xff, 0xff, 0xff, 0xff, 0xff, 0xff, 0xff, 0xff, 0xff, 0xff, 0xff,
    0xff, 0xff, 0xff, 0xff, 0xff, 0xff, 0xff, 0xff, 0xff, 0xff, 0xf9, 0xfd, 0xc7, 0x00, 0x00, 0x00,
    0x00, 0x00, 0x00, 0x00, 0x28, 0x12, 0x69, 0xfd, 0xff, 0xaa, 0x00, 0x00, 0x00, 0x00, 0x00, 0x00,
    0x00, 0x00, 0x00, 0x00, 0x00, 0xcf, 0xfd, 0xfb, 0xff, 0xff, 0xff, 0xff, 0xff, 0xff, 0xff, 0xff,
    0xff, 0xff, 0xff, 0xff, 0xff, 0xff, 0xff, 0xff, 0xff, 0xff, 0xff, 0xff, 0xff, 0xff, 0xff, 0xff,
    0xff, 0xff, 0xff, 0xff, 0xff, 0xff, 0xf7, 0xfd, 0xff, 0xfd, 0xff, 0xff, 0x20, 0x00, 0x00, 0x00,
    0x00, 0x00, 0x00, 0x00, 0x19, 0xfd, 0x9a, 0xfd, 0xff, 0xba, 0x00, 0x00, 0x00, 0x00, 0x00, 0x00,
    0x00, 0x00, 0x00, 0x00, 0x1a, 0xff, 0xf9, 0xff, 0xff, 0xff, 0xff, 0xff, 0xff, 0xff, 0xff, 0xff,
    0xff, 0xff, 0xff, 0xff, 0xff, 0xff, 0xff, 0xff, 0xff, 0xff, 0xff, 0xff, 0xff, 0xff, 0xff, 0xff,
    0xff, 0xff, 0xff, 0xff, 0xff, 0xff, 0xff, 0xff, 0xf5, 0xf3, 0xe4, 0x2f, 0x00, 0x00, 0x00, 0x00,
    0x00, 0x00, 0x00, 0x00, 0x00, 0xbe, 0xff, 0xf5, 0xff, 0x89, 0x12, 0x04, 0x00, 0x00, 0x00, 0x00,
    0x00, 0x00, 0x00, 0x00, 0x64, 0xfd, 0xf7, 0xff, 0xff, 0xff, 0xff, 0xff, 0xff, 0xff, 0xff, 0xff,
    0xff, 0xff, 0xff, 0xff, 0xff, 0xff, 0xff, 0xff, 0xff, 0xff, 0xff, 0xff, 0xff, 0xff, 0xff, 0xff,
    0xff, 0xff, 0xff, 0xfd, 0xff, 0xe9, 0x46, 0xde, 0xff, 0xff, 0xf3, 0x17, 0x00, 0x00, 0x00, 0x00,
    0x00, 0x00, 0x00, 0x00, 0x00, 0x56, 0xfb, 0xf3, 0xff, 0x95, 0xc7, 0x07, 0x00, 0x00, 0x00, 0x00,
    0x00, 0x00, 0x00, 0x00, 0xb2, 0xff, 0xfb, 0xff, 0xff, 0xff, 0xff, 0xff, 0xff, 0xff, 0xff, 0xff,
    0xff, 0xff, 0xff, 0xff, 0xff, 0xff, 0xff, 0xff, 0xff, 0xff, 0xff, 0xff, 0xff, 0xff, 0xff, 0xff,
    0xff, 0xff, 0xff, 0xfd, 0xf9, 0xf7, 0x14, 0x04, 0x44, 0x37, 0x19, 0x02, 0x00, 0x00, 0x00, 0x00,
    0x00, 0x00, 0x00, 0x00, 0x00, 0x30, 0xff, 0xf7, 0xfd, 0xff, 0xe0, 0x01, 0x00, 0x00, 0x00, 0x00,
    0x00, 0x00, 0x00, 0x01, 0xde, 0xfd, 0xfd, 0xff, 0xff, 0xff, 0xff, 0xff, 0xff, 0xff, 0xff, 0xff,
    0xff, 0xff, 0xff, 0xff, 0xff, 0xff, 0xff, 0xff, 0xff, 0xff, 0xff, 0xff, 0xff, 0xff, 0xff, 0xff,
    0xff, 0xff, 0xff, 0xff, 0xf7, 0xff, 0x9d, 0x00, 0x00, 0x00, 0x00, 0x00, 0x00, 0x00, 0x00, 0x00,
    0x00, 0x00, 0x00, 0x00, 0x00, 0x39, 0xff, 0xf7, 0xf9, 0xfd, 0x85, 0x00, 0x00, 0x00, 0x00, 0x00,
    0x00, 0x00, 0x00, 0x03, 0xed, 0xff, 0xfd, 0xff, 0xff, 0xff, 0xff, 0xff, 0xff, 0xff, 0xff, 0xff,
    0xff, 0xff, 0xff, 0xff, 0xff, 0xff, 0xff, 0xff, 0xff, 0xff, 0xff, 0xff, 0xff, 0xff, 0xff, 0xff,
    0xff, 0xff, 0xff, 0xf9, 0xfd, 0xc5, 0x70, 0x00, 0x00, 0x00, 0x00, 0x00, 0x00, 0x00, 0x00, 0x00,
    0x00, 0x00, 0x00, 0x03, 0x04, 0x5b, 0xff, 0xf7, 0xf9, 0xff, 0x1d, 0x00, 0x00, 0x00, 0x00, 0x00,
    0x00, 0x00, 0x00, 0x01, 0xef, 0x86, 0xef, 0xff, 0xff, 0xff, 0xff, 0xff, 0xff, 0xff, 0xff, 0xff,
    0xff, 0xff, 0xff, 0xff, 0xff, 0xff, 0xff, 0xff, 0xff, 0xff, 0xff, 0xff, 0xff, 0xff, 0xff, 0xff,
    0xff, 0xf9, 0xff, 0x4c, 0xc3, 0x29, 0x02, 0x00, 0x00, 0x00, 0x00, 0x00, 0x00, 0x00, 0x00, 0x00,
    0x00, 0x00, 0x00, 0x26, 0x4d, 0x9e, 0xff, 0xf5, 0xff, 0xa8, 0x00, 0x00, 0x00, 0x00, 0x00, 0x00,
    0x00, 0x00, 0x00, 0x00, 0x4e, 0x10, 0xff, 0xfd, 0xff, 0xff, 0xff, 0xff, 0xff, 0xff, 0xff, 0xff,
    0xff, 0xff, 0xff, 0xff, 0xff, 0xff, 0xfd, 0xf9, 0xf9, 0xf9, 0xf9, 0xfb, 0xff, 0xff, 0xff, 0xff,
    0xff, 0xfd, 0xfd, 0x09, 0x14, 0x00, 0x00, 0x00, 0x00, 0x00, 0x00, 0x00, 0x00, 0x00, 0x00, 0x00,
    0x00, 0x00, 0x00, 0x71, 0xe0, 0xf3, 0xfd, 0xfb, 0xff, 0x0d, 0x00, 0x00, 0x00, 0x00, 0x00, 0x00,
    0x00, 0x00, 0x00, 0x00, 0x00, 0x03, 0xf1, 0xff, 0xfd, 0xff, 0xff, 0xff, 0xff, 0xff, 0xff, 0xff,
    0xff, 0xff, 0xff, 0xff, 0xff, 0xff, 0xff, 0xff, 0xff, 0xff, 0xff, 0xff, 0xff, 0xff, 0xff, 0xff,
    0xf9, 0xff, 0xa0, 0x00, 0x00, 0x00, 0x00, 0x00, 0x00, 0x00, 0x00, 0x00, 0x00, 0x00, 0x00, 0x00,
    0x00, 0x00, 0x08, 0xf3, 0xff, 0xfd, 0xff, 0xff, 0x23, 0x00, 0x00, 0x00, 0x00, 0x00, 0x00, 0x00,
    0x00, 0x00, 0x00, 0x00, 0x00, 0x00, 0xb5, 0xff, 0xfb, 0xff, 0xff, 0xff, 0xff, 0xff, 0xff, 0xff,
    0xff, 0xff, 0xff, 0xff, 0xfd, 0xff, 0xbc, 0x75, 0x5c, 0x3a, 0x11, 0x38, 0xff, 0xfb, 0xff, 0xff,
    0xfd, 0xfd, 0xe8, 0x85, 0x2d, 0x0d, 0x23, 0x61, 0x83, 0x49, 0x06, 0x00, 0x00, 0x00, 0x00, 0x00,
    0x00, 0x01, 0xa8, 0xff, 0xf7, 0xfb, 0xe9, 0x4a, 0x15, 0x00, 0x00, 0x00, 0x00, 0x00, 0x00, 0x00,
    0x00, 0x00, 0x00, 0x00, 0x00, 0x00, 0x50, 0xff, 0xf7, 0xfd, 0xff, 0xff, 0xff, 0xff, 0xff, 0xff,
    0xff, 0xff, 0xff, 0xff, 0xfd, 0xff, 0x86, 0x52, 0x9e, 0xa3, 0x4f, 0x15, 0xce, 0xff, 0xfd, 0xff,
    0xff, 0xff, 0xff, 0xff, 0xff, 0xff, 0xff, 0xff, 0xff, 0xff, 0xe9, 0x1e, 0x00, 0x00, 0x00, 0x00,
    0x0b, 0xa8, 0xff, 0xfb, 0xfd, 0xf9, 0xb0, 0xc1, 0x38, 0x00, 0x00, 0x00, 0x00, 0x00, 0x00, 0x00,
    0x00, 0x00, 0x00, 0x00, 0x00, 0x00, 0x07, 0xfb, 0xf9, 0xff, 0xfb, 0xff, 0xff, 0xff, 0xff, 0xff,
    0xff, 0xff, 0xff, 0xff, 0xff, 0xff, 0xff, 0xff, 0xff, 0xff, 0xff, 0xff, 0xfd, 0xff, 0xff, 0xff,
    0xff, 0xff, 0xff, 0xf9, 0xf7, 0xfd, 0xf9, 0xf7, 0xf9, 0xf3, 0xff, 0xe0, 0x00, 0x00, 0x0e, 0x66,
    0xf9, 0xff, 0xfb, 0xff, 0xf7, 0xff, 0xff, 0x3e, 0x00, 0x00, 0x00, 0x00, 0x00, 0x00, 0x00, 0x00,
    0x00, 0x00, 0x00, 0x00, 0x00, 0x00, 0x00, 0x59, 0xff, 0x9a, 0xff, 0xfb, 0xff, 0xff, 0xff, 0xff,
    0xff, 0xff, 0xff, 0xff, 0xff, 0xff, 0xfb, 0xf7, 0xfb, 0xfb, 0xf7, 0xfb, 0xff, 0xff, 0xff, 0xff,
    0xff, 0xff, 0xff, 0xff, 0xff, 0xff, 0xff, 0xff, 0xff, 0xff, 0xfd, 0xeb, 0x61, 0xa6, 0xff, 0xff,
    0xff, 0xf9, 0xf9, 0xff, 0xff, 0xce, 0x1a, 0x00, 0x00, 0x00, 0x00, 0x00, 0x00, 0x00, 0x00, 0x00,
    0x00, 0x00, 0x00, 0x00, 0x00, 0x00, 0x00, 0x00, 0xb0, 0x5d, 0x9a, 0xff, 0xf7, 0xff, 0xff, 0xff,
    0xff, 0xff, 0xff, 0xff, 0xff, 0xff, 0xff, 0xff, 0xff, 0xff, 0xff, 0xff, 0xff, 0xff, 0xff, 0xff,
    0xff, 0xff, 0xff, 0xff, 0xff, 0xff, 0xff, 0xff, 0xff, 0xff, 0xff, 0xff, 0xff, 0xff, 0xfd, 0xf9,
    0xff, 0xff, 0xff, 0xf7, 0x5b, 0x02, 0x00, 0x00, 0x00, 0x00, 0x00, 0x00, 0x00, 0x00, 0x00, 0x00,
    0x00, 0x00, 0x00, 0x00, 0x00, 0x00, 0x00, 0x00, 0x02, 0x1b, 0x04, 0xc7, 0xff, 0xf5, 0xfd, 0xff,
    0xff, 0xff, 0xff, 0xff, 0xff, 0xff, 0xff, 0xff, 0xff, 0xff, 0xff, 0xff, 0xff, 0xff, 0xff, 0xff,
    0xff, 0xff, 0xff, 0xff, 0xff, 0xff, 0xff, 0xff, 0xff, 0xff, 0xff, 0xff, 0xf7, 0xfb, 0xfd, 0xfb,
    0xf3, 0xb4, 0x4f, 0x08, 0x00, 0x00, 0x00, 0x00, 0x00, 0x00, 0x00, 0x00, 0x00, 0x00, 0x00, 0x00,
    0x00, 0x00, 0x00, 0x00, 0x00, 0x00, 0x00, 0x00, 0x00, 0x00, 0x00, 0x04, 0x97, 0xff, 0xff, 0xf7,
    0xf9, 0xfd, 0xfd, 0xf7, 0xfb, 0xff, 0xff, 0xff, 0xff, 0xff, 0xfb, 0xf7, 0xfb, 0xff, 0xff, 0xfd,
    0xf9, 0xf7, 0xfb, 0xfd, 0xff, 0xff, 0xff, 0xfd, 0xf9, 0xfb, 0xfb, 0xf9, 0xf7, 0xf7, 0xf9, 0xff,
    0xff, 0x9e, 0x15, 0x00, 0x00, 0x00, 0x00, 0x00, 0x00, 0x00, 0x00, 0x00, 0x00, 0x00, 0x00, 0x00,
    0x00, 0x00, 0x00, 0x00, 0x00, 0x00, 0x00, 0x00, 0x00, 0x00, 0x00, 0x00, 0x00, 0x38, 0xd5, 0xff,
    0xff, 0xff, 0xff, 0xff, 0xff, 0xfd, 0xf7, 0xf7, 0xf9, 0xf9, 0xff, 0xff, 0xff, 0xff, 0xff, 0xff,
    0xff, 0xff, 0xff, 0xff, 0xf9, 0xf7, 0xf7, 0xff, 0xff, 0xff, 0xff, 0xff, 0xff, 0xff, 0xff, 0xe4,
    0x80, 0x23, 0x02, 0x00, 0x00, 0x00, 0x00, 0x00, 0x00, 0x00, 0x00, 0x00, 0x00, 0x00, 0x00, 0x00,
    0x00, 0x00, 0x00, 0x00, 0x00, 0x00, 0x00, 0x00, 0x00, 0x00, 0x00, 0x00, 0x00, 0x00, 0x02, 0x2f,
    0x85, 0xda, 0x80, 0x5f, 0xc5, 0xff, 0xff, 0xff, 0xff, 0xff, 0x9a, 0x24, 0x10, 0x08, 0x07, 0x0d,
    0x21, 0x55, 0xab, 0xf9, 0xff, 0xff, 0xff, 0xe2, 0xa0, 0xb0, 0xa8, 0x8e, 0x68, 0x3c, 0x17, 0x03,
    0x00, 0x00, 0x00, 0x00, 0x00, 0x00, 0x00, 0x00, 0x00, 0x00, 0x00, 0x00, 0x00, 0x00, 0x00, 0x00,
    0x00, 0x00, 0x00, 0x00, 0x00, 0x00, 0x00, 0x00, 0x00, 0x00, 0x00, 0x00, 0x00, 0x00, 0x00, 0x00,
    0x00, 0x01, 0x02, 0x00, 0x00, 0x0b, 0x29, 0x4f, 0x70, 0x6f, 0x21, 0x00, 0x00, 0x00, 0x00, 0x00,
    0x00, 0x00, 0x00, 0x06, 0x20, 0x49, 0x6d, 0x4f, 0x00, 0x00, 0x00, 0x00, 0x00, 0x00, 0x00, 0x00,
    0x00, 0x00, 0x00, 0x00, 0x00, 0x00, 0x00, 0x00, 0x00, 0x00, 0x00, 0x00, 0x00, 0x00, 0x00, 0x00,
    0x00, 0x00, 0x00, 0x00, 0x00, 0x00, 0x00, 0x00, 0x00, 0x00, 0x00, 0x00, 0x00, 0x00, 0x00, 0x00,
    0x00, 0x00, 0x00, 0x00, 0x00, 0x00, 0x00, 0x00, 0x00, 0x00, 0x00, 0x00, 0x00, 0x00, 0x00, 0x00,
    0x00, 0x00, 0x00, 0x00, 0x00, 0x00, 0x00, 0x00, 0x00, 0x00, 0x00, 0x00, 0x00, 0x00, 0x00, 0x00,
    0x00, 0x00, 0x00, 0x00, 0x00, 0x00, 0x00, 0x00, 0x00, 0x00, 0x00, 0x00, 0x00, 0x00, 0x00, 0x00,
    0x00, 0x00, 0x00, 0x00, 0x00, 0x00, 0x00, 0x00, 0x00, 0x00, 0x00, 0x00, 0x00, 0x00, 0x00, 0x00,
    0x00, 0x00, 0x00, 0x00, 0x00, 0x00, 0x00, 0x00, 0x00, 0x00, 0x00, 0x00, 0x00, 0x00, 0x00, 0x00,
    0x00, 0x00, 0x00, 0x00, 0x00, 0x00, 0x00, 0x00, 0x00, 0x00, 0x00, 0x00, 0x00, 0x00, 0x00, 0x00,
    0x00, 0x00, 0x00, 0x00, 0x00, 0x00, 0x00, 0x00, 0x00, 0x00, 0x00, 0x00, 0x00, 0x00, 0x00, 0x00,
};

const lv_image_dsc_t love_frame_6_dsc = {
    .header.w = 64,
    .header.h = 64,
    .header.cf = LV_COLOR_FORMAT_RGB565A8,
    .data_size = 12288,
    .data = love_frame_6_data,
};

/* Frame 7: frame_007.png */
static const uint8_t love_frame_7_data[] = {
    0x00, 0x00, 0x00, 0x00, 0x00, 0x00, 0x00, 0x00, 0x00, 0x00, 0x00, 0x00, 0x00, 0x00, 0x00, 0x00,
    0x00, 0x00, 0x00, 0x00, 0x00, 0x00, 0x00, 0x00, 0x00, 0x00, 0x00, 0x00, 0x00, 0x00, 0x00, 0x00,
    0x00, 0x00, 0x00, 0x00, 0x20, 0x00, 0x00, 0x00, 0x00, 0x00, 0x00, 0x00, 0x00, 0x00, 0x00, 0x00,
    0x00, 0x00, 0x00, 0x00, 0x00, 0x00, 0x00, 0x00, 0x00, 0x00, 0x00, 0x00, 0x00, 0x00, 0x00, 0x00,
    0x00, 0x00, 0x00, 0x00, 0x42, 0x00, 0xe4, 0x00, 0x00, 0x00, 0x00, 0x00, 0x00, 0x00, 0x00, 0x00,
    0x00, 0x00, 0x00, 0x00, 0x00, 0x00, 0x00, 0x00, 0x00, 0x00, 0x00, 0x00, 0x00, 0x00, 0x00, 0x00,
    0x00, 0x00, 0x00, 0x00, 0x00, 0x00, 0x00, 0x00, 0x00, 0x00, 0x00, 0x00, 0x00, 0x00, 0x00, 0x00,
    0x00, 0x00, 0x00, 0x00, 0x00, 0x00, 0x00, 0x00, 0x00, 0x00, 0x00, 0x00, 0x00, 0x00, 0x00, 0x00,
    0x00, 0x00, 0x00, 0x00, 0x00, 0x00, 0x00, 0x00, 0x00, 0x00, 0x00, 0x00, 0x00, 0x00, 0x00, 0x00,
    0x00, 0x00, 0x00, 0x00, 0x00, 0x00, 0x00, 0x00, 0x00, 0x00, 0x00, 0x00, 0x00, 0x00, 0x00, 0x00,
    0x00, 0x00, 0x42, 0x00, 0xe2, 0x00, 0x00, 0x00, 0x00, 0x00, 0x00, 0x00, 0x00, 0x00, 0x00, 0x00,
    0x00, 0x00, 0x00, 0x00, 0x00, 0x00, 0x00, 0x00, 0x00, 0x00, 0x00, 0x00, 0x00, 0x00, 0x00, 0x00,
    0x00, 0x00, 0x00, 0x00, 0xa5, 0x00, 0xa3, 0x00, 0x00, 0x00, 0x00, 0x00, 0x00, 0x00, 0x00, 0x00,
    0x00, 0x00, 0x00, 0x00, 0x00, 0x00, 0x00, 0x00, 0x00, 0x00, 0x00, 0x00, 0x00, 0x00, 0x00, 0x00,
    0x00, 0x00, 0x00, 0x00, 0x00, 0x00, 0x00, 0x00, 0x00, 0x00, 0x00, 0x00, 0x00, 0x00, 0x00, 0x00,
    0x00, 0x00, 0x00, 0x00, 0x00, 0x00, 0x00, 0x00, 0x00, 0x00, 0x00, 0x00, 0x00, 0x00, 0x00, 0x00,
    0x00, 0x00, 0x00, 0x00, 0x00, 0x00, 0x00, 0x00, 0x00, 0x00, 0x00, 0x00, 0x00, 0x00, 0x00, 0x00,
    0x00, 0x00, 0x00, 0x00, 0x00, 0x00, 0x00, 0x00, 0x00, 0x00, 0x00, 0x00, 0x00, 0x00, 0x00, 0x00,
    0x00, 0x00, 0xc5, 0x00, 0x81, 0x00, 0x00, 0x00, 0x00, 0x00, 0x00, 0x00, 0x00, 0x00, 0x00, 0x00,
    0x00, 0x00, 0x00, 0x00, 0x00, 0x00, 0x00, 0x00, 0x00, 0x00, 0x00, 0x00, 0x00, 0x00, 0x00, 0x00,
    0x00, 0x00, 0x00, 0x00, 0x47, 0x00, 0x04, 0x00, 0x00, 0x00, 0x00, 0x00, 0x00, 0x00, 0x00, 0x00,
    0x00, 0x00, 0x00, 0x00, 0x00, 0x00, 0x00, 0x00, 0x00, 0x00, 0x00, 0x00, 0x00, 0x00, 0x00, 0x00,
    0x00, 0x00, 0x00, 0x00, 0x00, 0x00, 0x00, 0x00, 0x00, 0x00, 0x00, 0x00, 0x00, 0x00, 0x00, 0x00,
    0x00, 0x00, 0x00, 0x00, 0x00, 0x00, 0x00, 0x00, 0x00, 0x00, 0x00, 0x00, 0x00, 0x00, 0x00, 0x00,
    0x00, 0x00, 0x00, 0x00, 0x00, 0x00, 0x00, 0x00, 0x00, 0x00, 0x00, 0x00, 0x00, 0x00, 0x00, 0x00,
    0x00, 0x00, 0x00, 0x00, 0x00, 0x00, 0x00, 0x00, 0x00, 0x00, 0x00, 0x00, 0x00, 0x00, 0x00, 0x00,
    0x40, 0x00, 0x67, 0x00, 0xc1, 0x00, 0x00, 0x00, 0x00, 0x00, 0x00, 0x00, 0x00, 0x00, 0x40, 0x00,
    0xc1, 0x00, 0x00, 0x00, 0x00, 0x00, 0x00, 0x00, 0x00, 0x00, 0x00, 0x00, 0x00, 0x00, 0x00, 0x00,
    0x00, 0x00, 0x00, 0x00, 0xa5, 0x00, 0x67, 0x00, 0x00, 0x00, 0x60, 0x00, 0xa1, 0x00, 0x00, 0x00,
    0x00, 0x00, 0x00, 0x00, 0x00, 0x00, 0x00, 0x00, 0x00, 0x00, 0x00, 0x00, 0x00, 0x00, 0x00, 0x00,
    0x00, 0x00, 0x00, 0x00, 0x00, 0x00, 0x00, 0x00, 0x00, 0x00, 0x00, 0x00, 0x00, 0x00, 0x00, 0x00,
    0x00, 0x00, 0x00, 0x00, 0x00, 0x00, 0x00, 0x00, 0x00, 0x00, 0x00, 0x00, 0x00, 0x00, 0x00, 0x00,
    0x00, 0x00, 0x00, 0x00, 0x00, 0x00, 0x00, 0x00, 0x00, 0x00, 0x00, 0x00, 0x00, 0x00, 0x00, 0x00,
    0x00, 0x00, 0x00, 0x00, 0x00, 0x00, 0x00, 0x00, 0x00, 0x00, 0x00, 0x00, 0x00, 0x00, 0x00, 0x00,
    0x00, 0x00, 0xe6, 0x00, 0xc6, 0x00, 0x00, 0x00, 0x00, 0x00, 0x20, 0x00, 0x00, 0x00, 0x04, 0x00,
    0x63, 0x00, 0x00, 0x00, 0x00, 0x00, 0x00, 0x00, 0x00, 0x00, 0x00, 0x00, 0x00, 0x00, 0x00, 0x00,
    0x00, 0x00, 0x00, 0x00, 0x02, 0x00, 0x09, 0x00, 0x22, 0x00, 0x42, 0x00, 0xe4, 0x00, 0x00, 0x00,
    0x00, 0x00, 0x00, 0x00, 0x20, 0x00, 0x20, 0x00, 0x00, 0x00, 0x00, 0x00, 0x00, 0x00, 0x00, 0x00,
    0x00, 0x00, 0x00, 0x00, 0x00, 0x00, 0x00, 0x00, 0x00, 0x00, 0x00, 0x00, 0x00, 0x00, 0x00, 0x00,
    0x00, 0x00, 0x00, 0x00, 0x00, 0x00, 0x00, 0x00, 0x00, 0x00, 0x00, 0x00, 0x00, 0x00, 0x00, 0x00,
    0x00, 0x00, 0x00, 0x00, 0x00, 0x00, 0x00, 0x00, 0x00, 0x00, 0x00, 0x00, 0x00, 0x00, 0x00, 0x00,
    0x00, 0x00, 0x00, 0x00, 0x00, 0x00, 0x00, 0x00, 0x00, 0x00, 0x00, 0x00, 0x00, 0x00, 0x00, 0x00,
    0x00, 0x00, 0x43, 0x00, 0xc8, 0x00, 0x45, 0x00, 0x40, 0x00, 0x00, 0x00, 0x00, 0x00, 0xc6, 0x00,
    0xc3, 0x00, 0x00, 0x00, 0x00, 0x00, 0x22, 0x00, 0x20, 0x00, 0x00, 0x00, 0x00, 0x00, 0xa4, 0x00,
    0x81, 0x00, 0x00, 0x00, 0x20, 0x00, 0x25, 0x00, 0xa8, 0x00, 0x45, 0x00, 0xc6, 0x00, 0x00, 0x00,
    0x00, 0x00, 0x00, 0x00, 0xc3, 0x00, 0x81, 0x00, 0x00, 0x00, 0x00, 0x00, 0x00, 0x00, 0x00, 0x00,
    0x00, 0x00, 0x00, 0x00, 0x00, 0x00, 0x00, 0x00, 0x00, 0x00, 0x00, 0x00, 0x00, 0x00, 0x00, 0x00,
    0x00, 0x00, 0x00, 0x00, 0x00, 0x00, 0x00, 0x00, 0x00, 0x00, 0x00, 0x00, 0x00, 0x00, 0x00, 0x00,
    0x00, 0x00, 0x00, 0x00, 0x00, 0x00, 0x00, 0x00, 0x00, 0x00, 0x00, 0x00, 0x00, 0x00, 0x00, 0x00,
    0x00, 0x00, 0x00, 0x00, 0x00, 0x00, 0x00, 0x00, 0x00, 0x00, 0x00, 0x00, 0x00, 0x00, 0x00, 0x00,
    0x00, 0x00, 0x20, 0x00, 0xe4, 0x00, 0xa7, 0x00, 0x26, 0x00, 0x83, 0x00, 0x40, 0x00, 0x04, 0x00,
    0x06, 0x00, 0x00, 0x00, 0x20, 0x00, 0xe6, 0x00, 0x40, 0x00, 0x00, 0x00, 0x00, 0x00, 0x05, 0x00,
    0xc9, 0x00, 0xa1, 0x00, 0x00, 0x00, 0x40, 0x00, 0x65, 0x00, 0x47, 0x00, 0x06, 0x00, 0xa3, 0x00,
    0x00, 0x00, 0xc1, 0x00, 0x47, 0x00, 0x40, 0x00, 0x00, 0x00, 0x00, 0x00, 0x00, 0x00, 0x00, 0x00,
    0x00, 0x00, 0x00, 0x00, 0x00, 0x00, 0x00, 0x00, 0x00, 0x00, 0x00, 0x00, 0x00, 0x00, 0x00, 0x00,
    0x00, 0x00, 0x00, 0x00, 0x00, 0x00, 0x00, 0x00, 0x00, 0x00, 0x00, 0x00, 0x00, 0x00, 0x00, 0x00,
    0x00, 0x00, 0x00, 0x00, 0x00, 0x00, 0x00, 0x00, 0x00, 0x00, 0x00, 0x00, 0x00, 0x00, 0x00, 0x00,
    0x00, 0x00, 0x00, 0x00, 0x00, 0x00, 0x00, 0x00, 0x00, 0x00, 0x00, 0x00, 0x00, 0x00, 0x00, 0x00,
    0x00, 0x00, 0x00, 0x00, 0x00, 0x00, 0x02, 0x00, 0x85, 0x00, 0x06, 0x00, 0x85, 0x00, 0x04, 0x00,
    0x27, 0x00, 0x04, 0x00, 0x00, 0x00, 0x47, 0x00, 0x42, 0x00, 0x00, 0x00, 0x00, 0x00, 0xe2, 0x00,
    0x2a, 0x00, 0xea, 0x00, 0x83, 0x00, 0x00, 0x00, 0x40, 0x00, 0x65, 0x00, 0xc6, 0x00, 0x06, 0x00,
    0xc1, 0x00, 0x06, 0x00, 0xe6, 0x00, 0x00, 0x00, 0x00, 0x00, 0x00, 0x00, 0x00, 0x00, 0x00, 0x00,
    0x00, 0x00, 0x00, 0x00, 0x00, 0x00, 0x00, 0x00, 0x00, 0x00, 0x00, 0x00, 0x00, 0x00, 0x00, 0x00,
    0x00, 0x00, 0x00, 0x00, 0x00, 0x00, 0x00, 0x00, 0x00, 0x00, 0x00, 0x00, 0x00, 0x00, 0x00, 0x00,
    0x00, 0x00, 0x00, 0x00, 0x00, 0x00, 0x00, 0x00, 0x00, 0x00, 0x00, 0x00, 0x00, 0x00, 0x00, 0x00,
    0x00, 0x00, 0x00, 0x00, 0x00, 0x00, 0x00, 0x00, 0x00, 0x00, 0x00, 0x00, 0x00, 0x00, 0x00, 0x00,
    0xe2, 0x00, 0xc2, 0x00, 0xc1, 0x00, 0x22, 0x00, 0xe4, 0x00, 0x83, 0x00, 0x25, 0x00, 0x66, 0x00,
    0x05, 0x00, 0xc6, 0x00, 0xa4, 0x00, 0x86, 0x00, 0x07, 0x00, 0x00, 0x00, 0xc4, 0x00, 0x23, 0x00,
    0x28, 0x00, 0x0a, 0x00, 0x2a, 0x00, 0xa6, 0x00, 0x00, 0x00, 0xc1, 0x00, 0x4a, 0x00, 0x06, 0x00,
    0xa6, 0x00, 0x88, 0x00, 0xe4, 0x00, 0x00, 0x00, 0x00, 0x00, 0x00, 0x00, 0x00, 0x00, 0x00, 0x00,
    0x00, 0x00, 0x00, 0x00, 0x00, 0x00, 0x00, 0x00, 0x00, 0x00, 0x00, 0x00, 0x00, 0x00, 0x00, 0x00,
    0x00, 0x00, 0x00, 0x00, 0x00, 0x00, 0x00, 0x00, 0x00, 0x00, 0x00, 0x00, 0x00, 0x00, 0x00, 0x00,
    0x00, 0x00, 0x00, 0x00, 0x00, 0x00, 0x00, 0x00, 0x00, 0x00, 0x00, 0x00, 0x00, 0x00, 0x00, 0x00,
    0x00, 0x00, 0x00, 0x00, 0x00, 0x00, 0x00, 0x00, 0x00, 0x00, 0x00, 0x00, 0x00, 0x00, 0x00, 0x00,
    0x23, 0x00, 0xa6, 0x00, 0xa6, 0x00, 0x66, 0x00, 0x43, 0x00, 0x00, 0x00, 0x61, 0x00, 0x22, 0x00,
    0xa4, 0x00, 0xe4, 0x00, 0x66, 0x00, 0x45, 0x00, 0x88, 0x00, 0x65, 0x00, 0xc4, 0x00, 0x46, 0x00,
    0x05, 0x00, 0xea, 0x00, 0xc9, 0x00, 0xab, 0x00, 0x68, 0x00, 0x81, 0x00, 0x4a, 0x00, 0xcb, 0x00,
    0x65, 0x00, 0xa8, 0x00, 0x22, 0x00, 0x00, 0x00, 0x00, 0x00, 0x00, 0x00, 0x00, 0x00, 0x00, 0x00,
    0x00, 0x00, 0x00, 0x00, 0x00, 0x00, 0x00, 0x00, 0x00, 0x00, 0x00, 0x00, 0x00, 0x00, 0x00, 0x00,
    0x00, 0x00, 0x00, 0x00, 0x00, 0x00, 0x00, 0x00, 0x00, 0x00, 0x00, 0x00, 0x00, 0x00, 0x00, 0x00,
    0x00, 0x00, 0x00, 0x00, 0x00, 0x00, 0x00, 0x00, 0x00, 0x00, 0x00, 0x00, 0x00, 0x00, 0x00, 0x00,
    0x00, 0x00, 0x00, 0x00, 0x00, 0x00, 0x00, 0x00, 0x00, 0x00, 0x00, 0x00, 0x00, 0x00, 0x00, 0x00,
    0x00, 0x00, 0x20, 0x00, 0x81, 0x00, 0x40, 0x00, 0x00, 0x00, 0x00, 0x00, 0x00, 0x00, 0x00, 0x00,
    0x00, 0x00, 0xa1, 0x00, 0x43, 0x00, 0xe4, 0x00, 0x86, 0x00, 0xe9, 0x00, 0xe6, 0x00, 0x25, 0x00,
    0x45, 0x00, 0x48, 0x00, 0x2a, 0x00, 0x2a, 0x00, 0x6b, 0x00, 0x65, 0x00, 0x48, 0x00, 0x0f, 0x00,
    0x48, 0x00, 0x27, 0x00, 0x60, 0x00, 0x02, 0x00, 0x00, 0x00, 0x00, 0x00, 0x00, 0x00, 0x00, 0x00,
    0x00, 0x00, 0x00, 0x00, 0x00, 0x00, 0x00, 0x00, 0x00, 0x00, 0x00, 0x00, 0x00, 0x00, 0x00, 0x00,
    0x00, 0x00, 0x00, 0x00, 0x00, 0x00, 0x00, 0x00, 0x00, 0x00, 0x00, 0x00, 0x00, 0x00, 0x00, 0x00,
    0x00, 0x00, 0x00, 0x00, 0x00, 0x00, 0x00, 0x00, 0x00, 0x00, 0x00, 0x00, 0x00, 0x00, 0x00, 0x00,
    0x00, 0x00, 0x00, 0x00, 0x00, 0x00, 0x00, 0x00, 0x00, 0x00, 0x00, 0x00, 0x00, 0x00, 0x00, 0x00,
    0x00, 0x00, 0x00, 0x00, 0x00, 0x00, 0x00, 0x00, 0x00, 0x00, 0xe4, 0x00, 0x25, 0x00, 0xe2, 0x00,
    0x40, 0x00, 0x40, 0x00, 0xc1, 0x00, 0x83, 0x00, 0xa4, 0x00, 0x85, 0x00, 0x47, 0x00, 0x27, 0x00,
    0x08, 0x00, 0x07, 0x00, 0xa9, 0x00, 0xa9, 0x00, 0x0a, 0x00, 0x2a, 0x00, 0xa9, 0x00, 0x8d, 0x00,
    0x8b, 0x00, 0x25, 0x00, 0xa4, 0x00, 0x47, 0x00, 0x00, 0x00, 0x00, 0x00, 0x00, 0x00, 0x00, 0x00,
    0x00, 0x00, 0x00, 0x00, 0x00, 0x00, 0x00, 0x00, 0x00, 0x00, 0x00, 0x00, 0x00, 0x00, 0x00, 0x00,
    0x00, 0x00, 0x00, 0x00, 0x00, 0x00, 0x00, 0x00, 0x00, 0x00, 0x00, 0x00, 0x00, 0x00, 0x00, 0x00,
    0x00, 0x00, 0x00, 0x00, 0x00, 0x00, 0x00, 0x00, 0x00, 0x00, 0x00, 0x00, 0x00, 0x00, 0x00, 0x00,
    0x00, 0x00, 0x00, 0x00, 0x00, 0x00, 0x00, 0x00, 0x00, 0x00, 0x00, 0x00, 0x00, 0x00, 0x00, 0x00,
    0x00, 0x00, 0x00, 0x00, 0x00, 0x00, 0x00, 0x00, 0x00, 0x00, 0xa1, 0x00, 0x69, 0x00, 0x2a, 0x00,
    0xc9, 0x00, 0x48, 0x00, 0x86, 0x00, 0xc3, 0x00, 0x42, 0x00, 0xe7, 0x00, 0xc6, 0x00, 0x48, 0x00,
    0x0a, 0x00, 0xe7, 0x00, 0xc9, 0x00, 0x48, 0x00, 0x27, 0x00, 0x0c, 0x00, 0x2a, 0x00, 0x4a, 0x00,
    0x6a, 0x00, 0x45, 0x00, 0x47, 0x00, 0xe6, 0x00, 0x00, 0x00, 0x00, 0x00, 0x00, 0x00, 0x00, 0x00,
    0x00, 0x00, 0x00, 0x00, 0x00, 0x00, 0x00, 0x00, 0x00, 0x00, 0x00, 0x00, 0x00, 0x00, 0x00, 0x00,
    0x00, 0x00, 0x00, 0x00, 0x00, 0x00, 0x00, 0x00, 0x00, 0x00, 0x00, 0x00, 0x00, 0x00, 0x00, 0x00,
    0x00, 0x00, 0x00, 0x00, 0x00, 0x00, 0x00, 0x00, 0x00, 0x00, 0x00, 0x00, 0x00, 0x00, 0x00, 0x00,
    0x00, 0x00, 0x00, 0x00, 0x00, 0x00, 0x00, 0x00, 0x00, 0x00, 0x00, 0x00, 0x00, 0x00, 0x00, 0x00,
    0x00, 0x00, 0x00, 0x00, 0x00, 0x00, 0x00, 0x00, 0x00, 0x00, 0x00, 0x00, 0x81, 0x00, 0x66, 0x00,
    0x89, 0x00, 0xca, 0x00, 0x2b, 0x00, 0xea, 0x00, 0x05, 0x00, 0x86, 0x00, 0x6b, 0x00, 0x0a, 0x00,
    0x4b, 0x00, 0x4b, 0x00, 0x8b, 0x00, 0x4a, 0x00, 0x66, 0x00, 0xc9, 0x00, 0xec, 0x00, 0x88, 0x00,
    0xab, 0x00, 0x68, 0x00, 0xcb, 0x00, 0xe4, 0x00, 0x00, 0x00, 0x00, 0x00, 0x00, 0x00, 0x00, 0x00,
    0x00, 0x00, 0x00, 0x00, 0x00, 0x00, 0x00, 0x00, 0x00, 0x00, 0x00, 0x00, 0x00, 0x00, 0x00, 0x00,
    0x00, 0x00, 0x00, 0x00, 0x00, 0x00, 0x00, 0x00, 0x00, 0x00, 0x00, 0x00, 0x00, 0x00, 0x00, 0x00,
    0x00, 0x00, 0x00, 0x00, 0x00, 0x00, 0x00, 0x00, 0x00, 0x00, 0x00, 0x00, 0x00, 0x00, 0x00, 0x00,
    0x00, 0x00, 0x00, 0x00, 0x00, 0x00, 0x00, 0x00, 0x00, 0x00, 0x00, 0x00, 0x00, 0x00, 0x00, 0x00,
    0x00, 0x00, 0x00, 0x00, 0x00, 0x00, 0x00, 0x00, 0x00, 0x00, 0x00, 0x00, 0x00, 0x00, 0x00, 0x00,
    0x23, 0x00, 0x87, 0x00, 0x49, 0x00, 0xea, 0x00, 0x0b, 0x00, 0xa7, 0x00, 0x48, 0x00, 0x8c, 0x00,
    0xcc, 0x00, 0x0a, 0x00, 0xac, 0x00, 0x4d, 0x00, 0x2a, 0x00, 0xc7, 0x00, 0x4b, 0x00, 0xc9, 0x00,
    0xcc, 0x00, 0x0c, 0x00, 0xac, 0x00, 0x20, 0x00, 0x00, 0x00, 0x00, 0x00, 0x00, 0x00, 0x00, 0x00,
    0x00, 0x00, 0x00, 0x00, 0x00, 0x00, 0x00, 0x00, 0x00, 0x00, 0x00, 0x00, 0x00, 0x00, 0x00, 0x00,
    0x00, 0x00, 0x00, 0x00, 0x00, 0x00, 0x00, 0x00, 0x00, 0x00, 0x00, 0x00, 0x00, 0x00, 0x00, 0x00,
    0x00, 0x00, 0x00, 0x00, 0x00, 0x00, 0x00, 0x00, 0x00, 0x00, 0x00, 0x00, 0x00, 0x00, 0x00, 0x00,
    0x00, 0x00, 0x00, 0x00, 0x00, 0x00, 0x00, 0x00, 0x00, 0x00, 0x00, 0x00, 0x00, 0x00, 0x00, 0x00,
    0x00, 0x00, 0x00, 0x00, 0x00, 0x00, 0x00, 0x00, 0x00, 0x00, 0x00, 0x00, 0x81, 0x00, 0x23, 0x00,
    0x43, 0x00, 0x23, 0x00, 0xc5, 0x00, 0xc7, 0x00, 0x89, 0x00, 0x89, 0x00, 0x69, 0x00, 0x0a, 0x00,
    0x0d, 0x00, 0xcf, 0x00, 0x4d, 0x00, 0x8e, 0x00, 0x4d, 0x00, 0x8b, 0x00, 0x0a, 0x00, 0x2a, 0x00,
    0x0c, 0x00, 0x2d, 0x00, 0xcc, 0x00, 0x05, 0x00, 0x00, 0x00, 0x00, 0x00, 0x00, 0x00, 0x00, 0x00,
    0x00, 0x00, 0x00, 0x00, 0x00, 0x00, 0x00, 0x00, 0x00, 0x00, 0x00, 0x00, 0x00, 0x00, 0x00, 0x00,
    0x00, 0x00, 0x00, 0x00, 0x00, 0x00, 0x00, 0x00, 0x00, 0x00, 0x00, 0x00, 0x00, 0x00, 0x00, 0x00,
    0x00, 0x00, 0x00, 0x00, 0x00, 0x00, 0x00, 0x00, 0x00, 0x00, 0x00, 0x00, 0x00, 0x00, 0x00, 0x00,
    0x00, 0x00, 0x00, 0x00, 0x00, 0x00, 0x00, 0x00, 0x00, 0x00, 0x00, 0x00, 0x00, 0x00, 0x00, 0x00,
    0x00, 0x00, 0x00, 0x00, 0x00, 0x00, 0x00, 0x00, 0xe2, 0x00, 0xc7, 0x00, 0x28, 0x00, 0x08, 0x00,
    0x66, 0x00, 0xa4, 0x00, 0x84, 0x00, 0x84, 0x00, 0x66, 0x00, 0x28, 0x00, 0x89, 0x00, 0xea, 0x00,
    0x6b, 0x00, 0x8e, 0x00, 0x30, 0x00, 0x30, 0x00, 0xcf, 0x00, 0x8e, 0x00, 0x2d, 0x00, 0x4b, 0x00,
    0x0d, 0x00, 0x8e, 0x00, 0x8e, 0x00, 0x07, 0x00, 0x00, 0x00, 0x00, 0x00, 0x00, 0x00, 0x00, 0x00,
    0x00, 0x00, 0x00, 0x00, 0x00, 0x00, 0x00, 0x00, 0x00, 0x00, 0x00, 0x00, 0x00, 0x00, 0x00, 0x00,
    0x00, 0x00, 0x00, 0x00, 0x00, 0x00, 0x00, 0x00, 0x00, 0x00, 0x00, 0x00, 0x00, 0x00, 0x00, 0x00,
    0x00, 0x00, 0x00, 0x00, 0x00, 0x00, 0x00, 0x00, 0x00, 0x00, 0x00, 0x00, 0x00, 0x00, 0x00, 0x00,
    0x00, 0x00, 0x00, 0x00, 0x00, 0x00, 0x00, 0x00, 0x00, 0x00, 0x00, 0x00, 0x00, 0x00, 0x00, 0x00,
    0x00, 0x00, 0x00, 0x00, 0x00, 0x00, 0x00, 0x00, 0xa1, 0x00, 0xe5, 0x00, 0x87, 0x00, 0xc7, 0x00,
    0x26, 0x00, 0x84, 0x00, 0x67, 0x00, 0x49, 0x00, 0xc7, 0x00, 0xa7, 0x00, 0xa7, 0x00, 0x08, 0x00,
    0xe7, 0x00, 0x25, 0x00, 0x45, 0x00, 0xec, 0x00, 0xae, 0x00, 0xaf, 0x00, 0xaf, 0x00, 0x2d, 0x00,
    0x6e, 0x00, 0xec, 0x00, 0xa6, 0x00, 0xa1, 0x00, 0x00, 0x00, 0x00, 0x00, 0x00, 0x00, 0x00, 0x00,
    0x00, 0x00, 0x00, 0x00, 0x00, 0x00, 0x00, 0x00, 0x00, 0x00, 0x00, 0x00, 0x00, 0x00, 0x00, 0x00,
    0x00, 0x00, 0x00, 0x00, 0x00, 0x00, 0x00, 0x00, 0x00, 0x00, 0x00, 0x00, 0x00, 0x00, 0x00, 0x00,
    0x00, 0x00, 0x00, 0x00, 0x00, 0x00, 0x00, 0x00, 0x00, 0x00, 0x00, 0x00, 0x00, 0x00, 0x00, 0x00,
    0x00, 0x00, 0x00, 0x00, 0x00, 0x00, 0x00, 0x00, 0x00, 0x00, 0x00, 0x00, 0x00, 0x00, 0x00, 0x00,
    0x00, 0x00, 0x00, 0x00, 0x00, 0x00, 0x00, 0x00, 0x00, 0x00, 0x00, 0x00, 0x00, 0x00, 0x02, 0x00,
    0x84, 0x00, 0xe5, 0x00, 0xa4, 0x00, 0x05, 0x00, 0x08, 0x00, 0x28, 0x00, 0x08, 0x00, 0x08, 0x00,
    0x06, 0x00, 0x64, 0x00, 0xaa, 0x00, 0x46, 0x00, 0x0c, 0x00, 0x6e, 0x00, 0xcf, 0x00, 0xcf, 0x00,
    0xef, 0x00, 0x49, 0x00, 0x47, 0x00, 0x02, 0x00, 0x00, 0x00, 0x00, 0x00, 0x00, 0x00, 0x00, 0x00,
    0x00, 0x00, 0x00, 0x00, 0x00, 0x00, 0x00, 0x00, 0x00, 0x00, 0x00, 0x00, 0x00, 0x00, 0x00, 0x00,
    0x00, 0x00, 0x00, 0x00, 0x00, 0x00, 0x00, 0x00, 0x00, 0x00, 0x00, 0x00, 0x00, 0x00, 0x00, 0x00,
    0x00, 0x00, 0x00, 0x00, 0x00, 0x00, 0x00, 0x00, 0x00, 0x00, 0x00, 0x00, 0x00, 0x00, 0x00, 0x00,
    0x00, 0x00, 0x00, 0x00, 0x00, 0x00, 0x00, 0x00, 0x00, 0x00, 0x00, 0x00, 0x00, 0x00, 0x00, 0x00,
    0x00, 0x00, 0x00, 0x00, 0x00, 0x00, 0x00, 0x00, 0x00, 0x00, 0x00, 0x00, 0x63, 0x00, 0x87, 0x00,
    0xa7, 0x00, 0xc7, 0x00, 0xa7, 0x00, 0x26, 0x00, 0x86, 0x00, 0x89, 0x00, 0x0a, 0x00, 0x88, 0x00,
    0xec, 0x00, 0x2c, 0x00, 0x43, 0x00, 0x02, 0x00, 0x68, 0x00, 0xae, 0x00, 0xaf, 0x00, 0xcf, 0x00,
    0x70, 0x00, 0x07, 0x00, 0x45, 0x00, 0xe7, 0x00, 0x00, 0x00, 0x00, 0x00, 0x00, 0x00, 0x00, 0x00,
    0x00, 0x00, 0x00, 0x00, 0x00, 0x00, 0x00, 0x00, 0x00, 0x00, 0x00, 0x00, 0x00, 0x00, 0x00, 0x00,
    0x00, 0x00, 0x00, 0x00, 0x00, 0x00, 0x00, 0x00, 0x00, 0x00, 0x00, 0x00, 0x00, 0x00, 0x00, 0x00,
    0x00, 0x00, 0x00, 0x00, 0x00, 0x00, 0x00, 0x00, 0x00, 0x00, 0x00, 0x00, 0x00, 0x00, 0x00, 0x00,
    0x00, 0x00, 0x00, 0x00, 0x00, 0x00, 0x00, 0x00, 0x00, 0x00, 0x00, 0x00, 0x00, 0x00, 0x00, 0x00,
    0x00, 0x00, 0x00, 0x00, 0x00, 0x00, 0x00, 0x00, 0x61, 0x00, 0x46, 0x00, 0x29, 0x00, 0x08, 0x00,
    0xa7, 0x00, 0x26, 0x00, 0x08, 0x00, 0x69, 0x00, 0x49, 0x00, 0xa9, 0x00, 0x4b, 0x00, 0xac, 0x00,
    0x6b, 0x00, 0xcf, 0x00, 0xe7, 0x00, 0x46, 0x00, 0x46, 0x00, 0xec, 0x00, 0xae, 0x00, 0xcf, 0x00,
    0x30, 0x00, 0xcc, 0x00, 0xa9, 0x00, 0x8b, 0x00, 0x61, 0x00, 0x00, 0x00, 0x00, 0x00, 0x00, 0x00,
    0x00, 0x00, 0x00, 0x00, 0x00, 0x00, 0x00, 0x00, 0x00, 0x00, 0x00, 0x00, 0x00, 0x00, 0x00, 0x00,
    0x00, 0x00, 0x00, 0x00, 0x00, 0x00, 0x00, 0x00, 0x00, 0x00, 0x00, 0x00, 0x00, 0x00, 0x00, 0x00,
    0x00, 0x00, 0x00, 0x00, 0x00, 0x00, 0x00, 0x00, 0x00, 0x00, 0x00, 0x00, 0x00, 0x00, 0x00, 0x00,
    0x00, 0x00, 0x00, 0x00, 0x00, 0x00, 0x00, 0x00, 0x00, 0x00, 0x00, 0x00, 0x00, 0x00, 0x00, 0x00,
    0x00, 0x00, 0x00, 0x00, 0x00, 0x00, 0x00, 0x00, 0x23, 0x00, 0x47, 0x00, 0x26, 0x00, 0x26, 0x00,
    0xe5, 0x00, 0x84, 0x00, 0x23, 0x00, 0xe5, 0x00, 0x86, 0x00, 0x28, 0x00, 0x0a, 0x00, 0xac, 0x00,
    0x0c, 0x00, 0x0d, 0x00, 0xcd, 0x00, 0x4b, 0x00, 0xea, 0x00, 0x2a, 0x00, 0x8e, 0x00, 0x50, 0x00,
    0x30, 0x00, 0xae, 0x00, 0x2d, 0x00, 0x2a, 0x00, 0x40, 0x00, 0x00, 0x00, 0x00, 0x00, 0x00, 0x00,
    0x00, 0x00, 0x00, 0x00, 0x00, 0x00, 0x00, 0x00, 0x00, 0x00, 0x40, 0x00, 0x00, 0x00, 0x00, 0x00,
    0x00, 0x00, 0x00, 0x00, 0x00, 0x00, 0x00, 0x00, 0x00, 0x00, 0x00, 0x00, 0x00, 0x00, 0x00, 0x00,
    0x00, 0x00, 0x00, 0x00, 0x00, 0x00, 0x00, 0x00, 0x00, 0x00, 0x00, 0x00, 0x00, 0x00, 0x00, 0x00,
    0x00, 0x00, 0x00, 0x00, 0x00, 0x00, 0x00, 0x00, 0x00, 0x00, 0x00, 0x00, 0x00, 0x00, 0x00, 0x00,
    0x00, 0x00, 0x00, 0x00, 0x00, 0x00, 0x00, 0x00, 0x00, 0x00, 0x00, 0x00, 0x20, 0x00, 0xc2, 0x00,
    0x46, 0x00, 0x64, 0x00, 0xc5, 0x00, 0x29, 0x00, 0xe8, 0x00, 0xe8, 0x00, 0x89, 0x00, 0x2b, 0x00,
    0xac, 0x00, 0x8c, 0x00, 0xcc, 0x00, 0x4d, 0x00, 0x4d, 0x00, 0x8b, 0x00, 0x2d, 0x00, 0xf0, 0x00,
    0x10, 0x00, 0xcf, 0x00, 0x8e, 0x00, 0xa6, 0x00, 0x00, 0x00, 0x00, 0x00, 0x00, 0x00, 0x00, 0x00,
    0x00, 0x00, 0x00, 0x00, 0x00, 0x00, 0x00, 0x00, 0x00, 0x00, 0x85, 0x00, 0x22, 0x00, 0x00, 0x00,
    0x00, 0x00, 0x00, 0x00, 0x00, 0x00, 0x00, 0x00, 0x00, 0x00, 0x00, 0x00, 0x00, 0x00, 0x00, 0x00,
    0x00, 0x00, 0x00, 0x00, 0x00, 0x00, 0x00, 0x00, 0x00, 0x00, 0x00, 0x00, 0x00, 0x00, 0x00, 0x00,
    0x00, 0x00, 0x00, 0x00, 0x00, 0x00, 0x00, 0x00, 0x00, 0x00, 0x00, 0x00, 0x00, 0x00, 0x00, 0x00,
    0x00, 0x00, 0x00, 0x00, 0x00, 0x00, 0x00, 0x00, 0x00, 0x00, 0x00, 0x00, 0x00, 0x00, 0x26, 0x00,
    0xa7, 0x00, 0x63, 0x00, 0x64, 0x00, 0xc5, 0x00, 0x46, 0x00, 0xe7, 0x00, 0x69, 0x00, 0xca, 0x00,
    0x0a, 0x00, 0x89, 0x00, 0xa6, 0x00, 0x4b, 0x00, 0xec, 0x00, 0xec, 0x00, 0xcc, 0x00, 0x4b, 0x00,
    0xec, 0x00, 0x4d, 0x00, 0xcc, 0x00, 0x43, 0x00, 0x00, 0x00, 0x00, 0x00, 0x00, 0x00, 0x00, 0x00,
    0x00, 0x00, 0x00, 0x00, 0x00, 0x00, 0x00, 0x00, 0x20, 0x00, 0x28, 0x00, 0x06, 0x00, 0x00, 0x00,
    0x00, 0x00, 0x00, 0x00, 0x00, 0x00, 0x00, 0x00, 0x00, 0x00, 0x00, 0x00, 0x00, 0x00, 0x00, 0x00,
    0x00, 0x00, 0x00, 0x00, 0x00, 0x00, 0x00, 0x00, 0x00, 0x00, 0x00, 0x00, 0x00, 0x00, 0x00, 0x00,
    0x00, 0x00, 0x00, 0x00, 0x00, 0x00, 0x00, 0x00, 0x00, 0x00, 0x00, 0x00, 0x00, 0x00, 0x00, 0x00,
    0x00, 0x00, 0x00, 0x00, 0x00, 0x00, 0x00, 0x00, 0x00, 0x00, 0x00, 0x00, 0x61, 0x00, 0xe8, 0x00,
    0x46, 0x00, 0xa4, 0x00, 0xc5, 0x00, 0x43, 0x00, 0x05, 0x00, 0x87, 0x00, 0xa7, 0x00, 0x28, 0x00,
    0x69, 0x00, 0x0a, 0x00, 0x0a, 0x00, 0x48, 0x00, 0x68, 0x00, 0xea, 0x00, 0x6b, 0x00, 0xcc, 0x00,
    0x6b, 0x00, 0x6b, 0x00, 0x68, 0x00, 0x40, 0x00, 0x00, 0x00, 0x00, 0x00, 0x00, 0x00, 0x00, 0x00,
    0x00, 0x00, 0x00, 0x00, 0x00, 0x00, 0x00, 0x00, 0x84, 0x00, 0x88, 0x00, 0x08, 0x00, 0x20, 0x00,
    0x00, 0x00, 0x00, 0x00, 0x00, 0x00, 0x00, 0x00, 0x00, 0x00, 0x00, 0x00, 0x00, 0x00, 0x00, 0x00,
    0x00, 0x00, 0x00, 0x00, 0x00, 0x00, 0x00, 0x00, 0x00, 0x00, 0x00, 0x00, 0x00, 0x00, 0x00, 0x00,
    0x00, 0x00, 0x00, 0x00, 0x00, 0x00, 0x00, 0x00, 0x00, 0x00, 0x00, 0x00, 0x00, 0x00, 0x00, 0x00,
    0x00, 0x00, 0x00, 0x00, 0x00, 0x00, 0x00, 0x00, 0x00, 0x00, 0x00, 0x00, 0xc2, 0x00, 0xc8, 0x00,
    0xe2, 0x00, 0x67, 0x00, 0x06, 0x00, 0xc5, 0x00, 0x87, 0x00, 0x46, 0x00, 0xe5, 0x00, 0x25, 0x00,
    0x25, 0x00, 0x46, 0x00, 0xe7, 0x00, 0x89, 0x00, 0xa9, 0x00, 0xa9, 0x00, 0xa9, 0x00, 0xea, 0x00,
    0x0a, 0x00, 0x89, 0x00, 0x02, 0x00, 0x00, 0x00, 0x00, 0x00, 0x00, 0x00, 0x00, 0x00, 0x00, 0x00,
    0x00, 0x00, 0x00, 0x00, 0x00, 0x00, 0xa3, 0x00, 0xc9, 0x00, 0x07, 0x00, 0x88, 0x00, 0xe1, 0x00,
    0x00, 0x00, 0x00, 0x00, 0x00, 0x00, 0x00, 0x00, 0x00, 0x00, 0x00, 0x00, 0x00, 0x00, 0x00, 0x00,
    0x00, 0x00, 0x00, 0x00, 0x00, 0x00, 0x00, 0x00, 0x00, 0x00, 0x00, 0x00, 0x00, 0x00, 0x00, 0x00,
    0x00, 0x00, 0x00, 0x00, 0x00, 0x00, 0x00, 0x00, 0x00, 0x00, 0x00, 0x00, 0x00, 0x00, 0x00, 0x00,
    0x00, 0x00, 0x00, 0x00, 0x00, 0x00, 0x00, 0x00, 0x00, 0x00, 0x00, 0x00, 0x61, 0x00, 0x81, 0x00,
    0x40, 0x00, 0x09, 0x00, 0x87, 0x00, 0x67, 0x00, 0x66, 0x00, 0x86, 0x00, 0x45, 0x00, 0x45, 0x00,
    0x65, 0x00, 0x45, 0x00, 0x04, 0x00, 0xc4, 0x00, 0x05, 0x00, 0x86, 0x00, 0x48, 0x00, 0x48, 0x00,
    0x66, 0x00, 0xa1, 0x00, 0x00, 0x00, 0x00, 0x00, 0x00, 0x00, 0x00, 0x00, 0x00, 0x00, 0x00, 0x00,
    0x00, 0x00, 0x00, 0x00, 0x81, 0x00, 0x48, 0x00, 0x48, 0x00, 0x07, 0x00, 0x88, 0x00, 0x22, 0x00,
    0x00, 0x00, 0x00, 0x00, 0x00, 0x00, 0x00, 0x00, 0x00, 0x00, 0x00, 0x00, 0x00, 0x00, 0x00, 0x00,
    0x00, 0x00, 0x00, 0x00, 0x00, 0x00, 0x00, 0x00, 0x00, 0x00, 0x00, 0x00, 0x00, 0x00, 0x00, 0x00,
    0x00, 0x00, 0x00, 0x00, 0x00, 0x00, 0x00, 0x00, 0x00, 0x00, 0x00, 0x00, 0x00, 0x00, 0x00, 0x00,
    0x00, 0x00, 0x00, 0x00, 0x00, 0x00, 0x00, 0x00, 0x00, 0x00, 0x00, 0x00, 0x00, 0x00, 0x00, 0x00,
    0x20, 0x00, 0x08, 0x00, 0xa7, 0x00, 0x87, 0x00, 0x46, 0x00, 0x25, 0x00, 0xa6, 0x00, 0xa6, 0x00,
    0x06, 0x00, 0xa6, 0x00, 0xe6, 0x00, 0xe6, 0x00, 0x85, 0x00, 0x00, 0x00, 0x00, 0x00, 0x20, 0x00,
    0x00, 0x00, 0x00, 0x00, 0x00, 0x00, 0x00, 0x00, 0x00, 0x00, 0x00, 0x00, 0x00, 0x00, 0x00, 0x00,
    0x00, 0x00, 0x00, 0x00, 0x05, 0x00, 0x68, 0x00, 0xe7, 0x00, 0x48, 0x00, 0x28, 0x00, 0xc1, 0x00,
    0x00, 0x00, 0x00, 0x00, 0x00, 0x00, 0x00, 0x00, 0x00, 0x00, 0x00, 0x00, 0x00, 0x00, 0x00, 0x00,
    0x00, 0x00, 0x00, 0x00, 0x00, 0x00, 0x00, 0x00, 0x00, 0x00, 0x00, 0x00, 0x00, 0x00, 0x00, 0x00,
    0x00, 0x00, 0x00, 0x00, 0x00, 0x00, 0x00, 0x00, 0x00, 0x00, 0x00, 0x00, 0x00, 0x00, 0x00, 0x00,
    0x00, 0x00, 0x00, 0x00, 0x00, 0x00, 0x00, 0x00, 0x00, 0x00, 0x00, 0x00, 0x00, 0x00, 0x00, 0x00,
    0x00, 0x00, 0x26, 0x00, 0x64, 0x00, 0x67, 0x00, 0xe8, 0x00, 0x66, 0x00, 0xe7, 0x00, 0xe6, 0x00,
    0x47, 0x00, 0x67, 0x00, 0x88, 0x00, 0x88, 0x00, 0x09, 0x00, 0xe4, 0x00, 0x00, 0x00, 0x00, 0x00,
    0x00, 0x00, 0x00, 0x00, 0x00, 0x00, 0x00, 0x00, 0x00, 0x00, 0x00, 0x00, 0x00, 0x00, 0x00, 0x00,
    0x00, 0x00, 0x02, 0x00, 0x48, 0x00, 0xa7, 0x00, 0xe7, 0x00, 0x28, 0x00, 0x06, 0x00, 0x00, 0x00,
    0x00, 0x00, 0x00, 0x00, 0x00, 0x00, 0x00, 0x00, 0x00, 0x00, 0x00, 0x00, 0x00, 0x00, 0x00, 0x00,
    0x00, 0x00, 0x00, 0x00, 0x00, 0x00, 0x00, 0x00, 0x00, 0x00, 0x00, 0x00, 0x00, 0x00, 0x00, 0x00,
    0x00, 0x00, 0x00, 0x00, 0x00, 0x00, 0x00, 0x00, 0x00, 0x00, 0x00, 0x00, 0x00, 0x00, 0x00, 0x00,
    0x00, 0x00, 0x00, 0x00, 0x00, 0x00, 0x00, 0x00, 0x00, 0x00, 0x00, 0x00, 0x00, 0x00, 0x00, 0x00,
    0x00, 0x00, 0x40, 0x00, 0x00, 0x00, 0x05, 0x00, 0xc7, 0x00, 0x25, 0x00, 0xc6, 0x00, 0x07, 0x00,
    0x47, 0x00, 0x09, 0x00, 0x09, 0x00, 0x8a, 0x00, 0x29, 0x00, 0x88, 0x00, 0xc1, 0x00, 0x00, 0x00,
    0x00, 0x00, 0x00, 0x00, 0x00, 0x00, 0x00, 0x00, 0x00, 0x00, 0x00, 0x00, 0x00, 0x00, 0x00, 0x00,
    0x00, 0x00, 0x04, 0x00, 0x48, 0x00, 0x06, 0x00, 0xa7, 0x00, 0x87, 0x00, 0xc1, 0x00, 0x00, 0x00,
    0x00, 0x00, 0x00, 0x00, 0x00, 0x00, 0x00, 0x00, 0x00, 0x00, 0x00, 0x00, 0x00, 0x00, 0x00, 0x00,
    0x00, 0x00, 0x00, 0x00, 0x00, 0x00, 0x00, 0x00, 0x00, 0x00, 0x00, 0x00, 0x00, 0x00, 0x00, 0x00,
    0x00, 0x00, 0x00, 0x00, 0x00, 0x00, 0x00, 0x00, 0x00, 0x00, 0x00, 0x00, 0x00, 0x00, 0x00, 0x00,
    0x00, 0x00, 0x00, 0x00, 0x00, 0x00, 0x00, 0x00, 0x00, 0x00, 0x00, 0x00, 0x00, 0x00, 0x00, 0x00,
    0x00, 0x00, 0x00, 0x00, 0x00, 0x00, 0x61, 0x00, 0xe2, 0x00, 0x66, 0x00, 0x27, 0x00, 0x87, 0x00,
    0x67, 0x00, 0x8a, 0x00, 0x6d, 0x00, 0x4d, 0x00, 0xab, 0x00, 0xaa, 0x00, 0x88, 0x00, 0x00, 0x00,
    0x00, 0x00, 0x00, 0x00, 0x00, 0x00, 0x00, 0x00, 0x00, 0x00, 0x00, 0x00, 0x00, 0x00, 0x00, 0x00,
    0x00, 0x00, 0x04, 0x00, 0xe7, 0x00, 0x06, 0x00, 0xe6, 0x00, 0xe2, 0x00, 0x60, 0x00, 0x00, 0x00,
    0x00, 0x00, 0x00, 0x00, 0x00, 0x00, 0x00, 0x00, 0x00, 0x00, 0x00, 0x00, 0x00, 0x00, 0x00, 0x00,
    0x00, 0x00, 0x00, 0x00, 0x00, 0x00, 0x00, 0x00, 0x00, 0x00, 0x00, 0x00, 0x00, 0x00, 0x00, 0x00,
    0x00, 0x00, 0x00, 0x00, 0x00, 0x00, 0x00, 0x00, 0x00, 0x00, 0x00, 0x00, 0x00, 0x00, 0x00, 0x00,
    0x00, 0x00, 0x20, 0x00, 0x61, 0x00, 0x00, 0x00, 0x00, 0x00, 0x00, 0x00, 0x00, 0x00, 0x00, 0x00,
    0x00, 0x00, 0x00, 0x00, 0x00, 0x00, 0x00, 0x00, 0x81, 0x00, 0x86, 0x00, 0x47, 0x00, 0xa8, 0x00,
    0x87, 0x00, 0xe8, 0x00, 0xae, 0x00, 0x30, 0x00, 0xef, 0x00, 0x8d, 0x00, 0x6c, 0x00, 0x04, 0x00,
    0x00, 0x00, 0x00, 0x00, 0x00, 0x00, 0x00, 0x00, 0x00, 0x00, 0x00, 0x00, 0x00, 0x00, 0x00, 0x00,
    0x00, 0x00, 0x42, 0x00, 0xa7, 0x00, 0xa6, 0x00, 0xe4, 0x00, 0x46, 0x00, 0x45, 0x00, 0x00, 0x00,
    0x00, 0x00, 0x00, 0x00, 0x00, 0x00, 0x00, 0x00, 0x00, 0x00, 0x00, 0x00, 0x00, 0x00, 0x00, 0x00,
    0x00, 0x00, 0x00, 0x00, 0x00, 0x00, 0x00, 0x00, 0x00, 0x00, 0x00, 0x00, 0x00, 0x00, 0x00, 0x00,
    0x00, 0x00, 0x00, 0x00, 0x00, 0x00, 0x00, 0x00, 0x00, 0x00, 0x00, 0x00, 0x00, 0x00, 0x00, 0x00,
    0x00, 0x00, 0x40, 0x00, 0x26, 0x00, 0x67, 0x00, 0x04, 0x00, 0x60, 0x00, 0x20, 0x00, 0x02, 0x00,
    0x00, 0x00, 0x00, 0x00, 0x00, 0x00, 0x20, 0x00, 0x63, 0x00, 0xa6, 0x00, 0x27, 0x00, 0xe9, 0x00,
    0x8a, 0x00, 0x49, 0x00, 0x8e, 0x00, 0x0f, 0x00, 0x30, 0x00, 0x30, 0x00, 0xce, 0x00, 0xeb, 0x00,
    0xe2, 0x00, 0x00, 0x00, 0x00, 0x00, 0x00, 0x00, 0x00, 0x00, 0x00, 0x00, 0x00, 0x00, 0x00, 0x00,
    0x00, 0x00, 0x20, 0x00, 0xa5, 0x00, 0x45, 0x00, 0xa8, 0x00, 0x24, 0x00, 0x00, 0x00, 0x00, 0x00,
    0x00, 0x00, 0x00, 0x00, 0x00, 0x00, 0x00, 0x00, 0x00, 0x00, 0x00, 0x00, 0x00, 0x00, 0x00, 0x00,
    0x00, 0x00, 0x00, 0x00, 0x00, 0x00, 0x00, 0x00, 0x00, 0x00, 0x00, 0x00, 0x00, 0x00, 0x00, 0x00,
    0x00, 0x00, 0x00, 0x00, 0x00, 0x00, 0x00, 0x00, 0x00, 0x00, 0x00, 0x00, 0x00, 0x00, 0xc1, 0x00,
    0x83, 0x00, 0xa3, 0x00, 0xe3, 0x00, 0x26, 0x00, 0x87, 0x00, 0x85, 0x00, 0x02, 0x00, 0x04, 0x00,
    0xe4, 0x00, 0x40, 0x00, 0x00, 0x00, 0x40, 0x00, 0x63, 0x00, 0xc6, 0x00, 0x87, 0x00, 0x09, 0x00,
    0x2b, 0x00, 0x49, 0x00, 0x6d, 0x00, 0x90, 0x00, 0x30, 0x00, 0x30, 0x00, 0xce, 0x00, 0xce, 0x00,
    0x47, 0x00, 0x00, 0x00, 0x00, 0x00, 0x00, 0x00, 0x00, 0x00, 0x00, 0x00, 0x00, 0x00, 0x00, 0x00,
    0x00, 0x00, 0x00, 0x00, 0xc1, 0x00, 0x07, 0x00, 0xa4, 0x00, 0x00, 0x00, 0x00, 0x00, 0x00, 0x00,
    0x00, 0x00, 0x00, 0x00, 0x00, 0x00, 0x00, 0x00, 0x00, 0x00, 0x00, 0x00, 0x00, 0x00, 0x00, 0x00,
    0x00, 0x00, 0x00, 0x00, 0x00, 0x00, 0x00, 0x00, 0x00, 0x00, 0x00, 0x00, 0x00, 0x00, 0x00, 0x00,
    0x00, 0x00, 0x00, 0x00, 0x00, 0x00, 0x00, 0x00, 0x00, 0x00, 0x42, 0x00, 0xe6, 0x00, 0xa8, 0x00,
    0xc8, 0x00, 0x06, 0x00, 0x06, 0x00, 0x07, 0x00, 0x06, 0x00, 0x06, 0x00, 0x06, 0x00, 0x24, 0x00,
    0x04, 0x00, 0xe4, 0x00, 0x02, 0x00, 0x22, 0x00, 0x63, 0x00, 0x06, 0x00, 0x09, 0x00, 0x09, 0x00,
    0x8a, 0x00, 0xaa, 0x00, 0xab, 0x00, 0x90, 0x00, 0x91, 0x00, 0x91, 0x00, 0x2f, 0x00, 0x2f, 0x00,
    0xeb, 0x00, 0x60, 0x00, 0x00, 0x00, 0x00, 0x00, 0x00, 0x00, 0x00, 0x00, 0x00, 0x00, 0x00, 0x00,
    0x00, 0x00, 0x00, 0x00, 0x20, 0x00, 0x65, 0x00, 0x40, 0x00, 0x00, 0x00, 0x00, 0x00, 0x00, 0x00,
    0x00, 0x00, 0x00, 0x00, 0x00, 0x00, 0x00, 0x00, 0x00, 0x00, 0x00, 0x00, 0x00, 0x00, 0x00, 0x00,
    0x00, 0x00, 0x00, 0x00, 0x00, 0x00, 0x00, 0x00, 0x00, 0x00, 0x00, 0x00, 0x00, 0x00, 0x00, 0x00,
    0x00, 0x00, 0x00, 0x00, 0x00, 0x00, 0x00, 0x00, 0x00, 0x00, 0x02, 0x00, 0x04, 0x00, 0x45, 0x00,
    0x65, 0x00, 0x68, 0x00, 0x4a, 0x00, 0x6a, 0x00, 0x2a, 0x00, 0xa8, 0x00, 0x67, 0x00, 0x47, 0x00,
    0xe6, 0x00, 0x45, 0x00, 0x04, 0x00, 0xe4, 0x00, 0xc4, 0x00, 0x47, 0x00, 0xa8, 0x00, 0x09, 0x00,
    0xaa, 0x00, 0xcb, 0x00, 0xc8, 0x00, 0x6d, 0x00, 0x4f, 0x00, 0x70, 0x00, 0x70, 0x00, 0x2f, 0x00,
    0x4c, 0x00, 0x22, 0x00, 0x00, 0x00, 0x00, 0x00, 0x00, 0x00, 0x00, 0x00, 0x00, 0x00, 0x00, 0x00,
    0x00, 0x00, 0x00, 0x00, 0x00, 0x00, 0x25, 0x00, 0x40, 0x00, 0x00, 0x00, 0x00, 0x00, 0x00, 0x00,
    0x00, 0x00, 0x00, 0x00, 0x00, 0x00, 0x00, 0x00, 0x00, 0x00, 0x00, 0x00, 0x00, 0x00, 0x00, 0x00,
    0x00, 0x00, 0x00, 0x00, 0x00, 0x00, 0x00, 0x00, 0x00, 0x00, 0x00, 0x00, 0x00, 0x00, 0x00, 0x00,
    0x00, 0x00, 0x00, 0x00, 0x00, 0x00, 0x00, 0x00, 0x20, 0x00, 0xa3, 0x00, 0x44, 0x00, 0x07, 0x00,
    0x09, 0x00, 0x8b, 0x00, 0x0a, 0x00, 0x0a, 0x00, 0xc9, 0x00, 0xe9, 0x00, 0x2a, 0x00, 0xc9, 0x00,
    0x48, 0x00, 0x07, 0x00, 0x45, 0x00, 0xa4, 0x00, 0x65, 0x00, 0xa8, 0x00, 0xa8, 0x00, 0x6a, 0x00,
    0xeb, 0x00, 0x29, 0x00, 0x09, 0x00, 0x8d, 0x00, 0xae, 0x00, 0x0f, 0x00, 0x50, 0x00, 0x0f, 0x00,
    0x2c, 0x00, 0x04, 0x00, 0x00, 0x00, 0x00, 0x00, 0x00, 0x00, 0x00, 0x00, 0x00, 0x00, 0x00, 0x00,
    0x00, 0x00, 0x00, 0x00, 0x00, 0x00, 0xc4, 0x00, 0xc1, 0x00, 0x00, 0x00, 0x00, 0x00, 0x00, 0x00,
    0x00, 0x00, 0x00, 0x00, 0x00, 0x00, 0x00, 0x00, 0x00, 0x00, 0x00, 0x00, 0x00, 0x00, 0x00, 0x00,
    0x00, 0x00, 0x00, 0x00, 0x00, 0x00, 0x00, 0x00, 0x00, 0x00, 0x00, 0x00, 0x00, 0x00, 0x00, 0x00,
    0x00, 0x00, 0x00, 0x00, 0x00, 0x00, 0xa1, 0x00, 0x07, 0x00, 0xc6, 0x00, 0x48, 0x00, 0xab, 0x00,
    0x6a, 0x00, 0x6b, 0x00, 0xc9, 0x00, 0x88, 0x00, 0xa9, 0x00, 0x4a, 0x00, 0x2a, 0x00, 0xc9, 0x00,
    0x68, 0x00, 0xa6, 0x00, 0x25, 0x00, 0xc4, 0x00, 0xc6, 0x00, 0x88, 0x00, 0x6a, 0x00, 0x6a, 0x00,
    0xaa, 0x00, 0x29, 0x00, 0x67, 0x00, 0xae, 0x00, 0x50, 0x00, 0x8d, 0x00, 0xae, 0x00, 0x4d, 0x00,
    0x0c, 0x00, 0x67, 0x00, 0x00, 0x00, 0x00, 0x00, 0x00, 0x00, 0x00, 0x00, 0x00, 0x00, 0x00, 0x00,
    0x00, 0x00, 0x20, 0x00, 0xa4, 0x00, 0x83, 0x00, 0xa3, 0x00, 0x00, 0x00, 0x00, 0x00, 0x00, 0x00,
    0x00, 0x00, 0x00, 0x00, 0x00, 0x00, 0x00, 0x00, 0x00, 0x00, 0x00, 0x00, 0x00, 0x00, 0x00, 0x00,
    0x00, 0x00, 0x00, 0x00, 0x00, 0x00, 0x00, 0x00, 0x00, 0x00, 0x00, 0x00, 0x00, 0x00, 0x00, 0x00,
    0x00, 0x00, 0x00, 0x00, 0xe2, 0x00, 0x88, 0x00, 0xa6, 0x00, 0x65, 0x00, 0x4b, 0x00, 0xc9, 0x00,
    0x6b, 0x00, 0x4a, 0x00, 0xa9, 0x00, 0x48, 0x00, 0xa9, 0x00, 0x68, 0x00, 0x48, 0x00, 0x68, 0x00,
    0x68, 0x00, 0x65, 0x00, 0x25, 0x00, 0xe4, 0x00, 0xe6, 0x00, 0xc8, 0x00, 0x4a, 0x00, 0xeb, 0x00,
    0xcb, 0x00, 0xa8, 0x00, 0x27, 0x00, 0xce, 0x00, 0xee, 0x00, 0x2f, 0x00, 0x4d, 0x00, 0xcb, 0x00,
    0x8d, 0x00, 0xe8, 0x00, 0x81, 0x00, 0x00, 0x00, 0x00, 0x00, 0x00, 0x00, 0x00, 0x00, 0x00, 0x00,
    0x00, 0x00, 0x00, 0x00, 0x63, 0x00, 0xe7, 0x00, 0x86, 0x00, 0x40, 0x00, 0x20, 0x00, 0x00, 0x00,
    0x00, 0x00, 0x00, 0x00, 0x00, 0x00, 0x00, 0x00, 0x00, 0x00, 0x00, 0x00, 0x00, 0x00, 0x00, 0x00,
    0x00, 0x00, 0x00, 0x00, 0x00, 0x00, 0x00, 0x00, 0x00, 0x00, 0x00, 0x00, 0x00, 0x00, 0x00, 0x00,
    0x00, 0x00, 0x81, 0x00, 0x48, 0x00, 0x66, 0x00, 0x25, 0x00, 0xc7, 0x00, 0x0a, 0x00, 0xc9, 0x00,
    0x2a, 0x00, 0xc9, 0x00, 0x07, 0x00, 0xa6, 0x00, 0xe7, 0x00, 0x07, 0x00, 0xe7, 0x00, 0xe7, 0x00,
    0x48, 0x00, 0x66, 0x00, 0x05, 0x00, 0x05, 0x00, 0x27, 0x00, 0x88, 0x00, 0x4a, 0x00, 0x0c, 0x00,
    0xaa, 0x00, 0xc6, 0x00, 0x65, 0x00, 0x4d, 0x00, 0xce, 0x00, 0xee, 0x00, 0xce, 0x00, 0x8d, 0x00,
    0x4c, 0x00, 0xa8, 0x00, 0x63, 0x00, 0x00, 0x00, 0x00, 0x00, 0x00, 0x00, 0x00, 0x00, 0x00, 0x00,
    0x00, 0x00, 0x00, 0x00, 0x00, 0x00, 0xe4, 0x00, 0x88, 0x00, 0x22, 0x00, 0xa4, 0x00, 0x61, 0x00,
    0x00, 0x00, 0x00, 0x00, 0x00, 0x00, 0x00, 0x00, 0x00, 0x00, 0x00, 0x00, 0x00, 0x00, 0x00, 0x00,
    0x00, 0x00, 0x00, 0x00, 0x00, 0x00, 0x00, 0x00, 0x00, 0x00, 0x00, 0x00, 0x00, 0x00, 0x00, 0x00,
    0x00, 0x00, 0x63, 0x00, 0x22, 0x00, 0xe4, 0x00, 0xa7, 0x00, 0x48, 0x00, 0xea, 0x00, 0xea, 0x00,
    0x89, 0x00, 0x28, 0x00, 0x45, 0x00, 0x45, 0x00, 0xa6, 0x00, 0xe7, 0x00, 0x07, 0x00, 0x28, 0x00,
    0xe7, 0x00, 0x86, 0x00, 0x05, 0x00, 0x65, 0x00, 0x47, 0x00, 0x2a, 0x00, 0xe9, 0x00, 0xab, 0x00,
    0xe9, 0x00, 0x65, 0x00, 0x07, 0x00, 0xeb, 0x00, 0x8d, 0x00, 0xce, 0x00, 0x8d, 0x00, 0x8d, 0x00,
    0x6a, 0x00, 0xc6, 0x00, 0x22, 0x00, 0x00, 0x00, 0x00, 0x00, 0x00, 0x00, 0x22, 0x00, 0x40, 0x00,
    0x00, 0x00, 0x00, 0x00, 0x00, 0x00, 0x20, 0x00, 0xe7, 0x00, 0x45, 0x00, 0xc6, 0x00, 0x22, 0x00,
    0x00, 0x00, 0x00, 0x00, 0x00, 0x00, 0x00, 0x00, 0x00, 0x00, 0x00, 0x00, 0x00, 0x00, 0x00, 0x00,
    0x00, 0x00, 0x00, 0x00, 0x00, 0x00, 0x00, 0x00, 0x00, 0x00, 0x00, 0x00, 0x00, 0x00, 0x00, 0x00,
    0x00, 0x00, 0x00, 0x00, 0x63, 0x00, 0x86, 0x00, 0xc7, 0x00, 0x49, 0x00, 0xea, 0x00, 0x89, 0x00,
    0x28, 0x00, 0x46, 0x00, 0x66, 0x00, 0x07, 0x00, 0x47, 0x00, 0x86, 0x00, 0xa6, 0x00, 0x07, 0x00,
    0xa6, 0x00, 0x66, 0x00, 0xe5, 0x00, 0xe7, 0x00, 0x68, 0x00, 0xc9, 0x00, 0x4a, 0x00, 0x2a, 0x00,
    0x67, 0x00, 0x25, 0x00, 0x09, 0x00, 0x0c, 0x00, 0xec, 0x00, 0x0c, 0x00, 0x6d, 0x00, 0xcb, 0x00,
    0xe6, 0x00, 0x25, 0x00, 0xc4, 0x00, 0x00, 0x00, 0x81, 0x00, 0xc6, 0x00, 0x6a, 0x00, 0x67, 0x00,
    0x02, 0x00, 0x00, 0x00, 0x00, 0x00, 0x00, 0x00, 0x83, 0x00, 0xe7, 0x00, 0x27, 0x00, 0x04, 0x00,
    0x00, 0x00, 0x00, 0x00, 0x00, 0x00, 0x00, 0x00, 0x00, 0x00, 0x00, 0x00, 0x00, 0x00, 0x00, 0x00,
    0x00, 0x00, 0x00, 0x00, 0x00, 0x00, 0x00, 0x00, 0x00, 0x00, 0x00, 0x00, 0x00, 0x00, 0x00, 0x00,
    0x00, 0x00, 0xc2, 0x00, 0xa7, 0x00, 0x66, 0x00, 0xe8, 0x00, 0x49, 0x00, 0x89, 0x00, 0x49, 0x00,
    0x87, 0x00, 0x86, 0x00, 0xc7, 0x00, 0x86, 0x00, 0x07, 0x00, 0xc9, 0x00, 0xc6, 0x00, 0x86, 0x00,
    0x66, 0x00, 0x05, 0x00, 0xe4, 0x00, 0xe7, 0x00, 0x48, 0x00, 0x88, 0x00, 0x09, 0x00, 0xa8, 0x00,
    0xc6, 0x00, 0x65, 0x00, 0x8a, 0x00, 0xcb, 0x00, 0xeb, 0x00, 0x8a, 0x00, 0x6a, 0x00, 0x09, 0x00,
    0xc6, 0x00, 0x45, 0x00, 0x07, 0x00, 0xc6, 0x00, 0xc8, 0x00, 0x49, 0x00, 0x47, 0x00, 0xc8, 0x00,
    0xa8, 0x00, 0x00, 0x00, 0x00, 0x00, 0x00, 0x00, 0x61, 0x00, 0xc7, 0x00, 0x68, 0x00, 0xa6, 0x00,
    0x00, 0x00, 0x00, 0x00, 0x00, 0x00, 0x00, 0x00, 0x00, 0x00, 0x00, 0x00, 0x00, 0x00, 0x00, 0x00,
    0x00, 0x00, 0x00, 0x00, 0x00, 0x00, 0x00, 0x00, 0x00, 0x00, 0x00, 0x00, 0x00, 0x00, 0x00, 0x00,
    0x00, 0x00, 0x46, 0x00, 0x67, 0x00, 0xa7, 0x00, 0xe8, 0x00, 0x28, 0x00, 0x28, 0x00, 0x87, 0x00,
    0x46, 0x00, 0xa7, 0x00, 0xc4, 0x00, 0xa4, 0x00, 0x84, 0x00, 0xe4, 0x00, 0x07, 0x00, 0xc6, 0x00,
    0x86, 0x00, 0x25, 0x00, 0x05, 0x00, 0xe7, 0x00, 0x88, 0x00, 0x88, 0x00, 0x88, 0x00, 0xe7, 0x00,
    0x25, 0x00, 0x47, 0x00, 0x6a, 0x00, 0xeb, 0x00, 0xcb, 0x00, 0xab, 0x00, 0x8a, 0x00, 0x4a, 0x00,
    0x25, 0x00, 0x45, 0x00, 0x47, 0x00, 0x88, 0x00, 0x88, 0x00, 0xc6, 0x00, 0x47, 0x00, 0x45, 0x00,
    0x87, 0x00, 0x83, 0x00, 0x00, 0x00, 0x00, 0x00, 0x00, 0x00, 0x65, 0x00, 0x88, 0x00, 0xc6, 0x00,
    0x00, 0x00, 0x00, 0x00, 0x00, 0x00, 0x00, 0x00, 0x00, 0x00, 0x00, 0x00, 0x00, 0x00, 0x00, 0x00,
    0x00, 0x00, 0x00, 0x00, 0x00, 0x00, 0x00, 0x00, 0x00, 0x00, 0x00, 0x00, 0x00, 0x00, 0x00, 0x00,
    0xe2, 0x00, 0xc8, 0x00, 0x06, 0x00, 0xc8, 0x00, 0xc8, 0x00, 0x29, 0x00, 0x08, 0x00, 0x87, 0x00,
    0x87, 0x00, 0xe5, 0x00, 0x46, 0x00, 0x26, 0x00, 0x05, 0x00, 0x22, 0x00, 0x61, 0x00, 0xa6, 0x00,
    0xe7, 0x00, 0x25, 0x00, 0xc7, 0x00, 0x48, 0x00, 0x48, 0x00, 0xa8, 0x00, 0x27, 0x00, 0x45, 0x00,
    0x86, 0x00, 0xa8, 0x00, 0xc9, 0x00, 0x6a, 0x00, 0x4a, 0x00, 0xe9, 0x00, 0x6a, 0x00, 0xe7, 0x00,
    0xe4, 0x00, 0x86, 0x00, 0x47, 0x00, 0x07, 0x00, 0x27, 0x00, 0x25, 0x00, 0xe4, 0x00, 0x04, 0x00,
    0xa6, 0x00, 0x63, 0x00, 0x00, 0x00, 0x00, 0x00, 0x00, 0x00, 0xe4, 0x00, 0x88, 0x00, 0x65, 0x00,
    0x00, 0x00, 0x00, 0x00, 0x00, 0x00, 0x00, 0x00, 0x00, 0x00, 0x00, 0x00, 0x00, 0x00, 0x00, 0x00,
    0x00, 0x00, 0x00, 0x00, 0x00, 0x00, 0x00, 0x00, 0x00, 0x00, 0x00, 0x00, 0x00, 0x00, 0x00, 0x00,
    0xe5, 0x00, 0x67, 0x00, 0xe5, 0x00, 0xa7, 0x00, 0x29, 0x00, 0x69, 0x00, 0xe8, 0x00, 0x87, 0x00,
    0x05, 0x00, 0x26, 0x00, 0x66, 0x00, 0x05, 0x00, 0x46, 0x00, 0x05, 0x00, 0x00, 0x00, 0x40, 0x00,
    0x25, 0x00, 0x86, 0x00, 0x48, 0x00, 0x68, 0x00, 0x88, 0x00, 0x88, 0x00, 0x48, 0x00, 0x25, 0x00,
    0x47, 0x00, 0x67, 0x00, 0x88, 0x00, 0x88, 0x00, 0x88, 0x00, 0xe9, 0x00, 0x27, 0x00, 0xe4, 0x00,
    0x25, 0x00, 0xa6, 0x00, 0x27, 0x00, 0x27, 0x00, 0xc4, 0x00, 0x20, 0x00, 0x20, 0x00, 0x43, 0x00,
    0x04, 0x00, 0x20, 0x00, 0x00, 0x00, 0xc2, 0x00, 0xa1, 0x00, 0x63, 0x00, 0xa9, 0x00, 0xa4, 0x00,
    0x00, 0x00, 0x00, 0x00, 0x00, 0x00, 0x00, 0x00, 0x00, 0x00, 0x00, 0x00, 0x00, 0x00, 0x00, 0x00,
    0x00, 0x00, 0x00, 0x00, 0x00, 0x00, 0x00, 0x00, 0x00, 0x00, 0x00, 0x00, 0x00, 0x00, 0x00, 0x00,
    0x47, 0x00, 0xc5, 0x00, 0xe5, 0x00, 0x87, 0x00, 0x6a, 0x00, 0x69, 0x00, 0x08, 0x00, 0xc5, 0x00,
    0xa4, 0x00, 0x87, 0x00, 0x26, 0x00, 0x26, 0x00, 0x87, 0x00, 0xe5, 0x00, 0x00, 0x00, 0x00, 0x00,
    0xc2, 0x00, 0xe8, 0x00, 0xe7, 0x00, 0xe7, 0x00, 0xa9, 0x00, 0xc9, 0x00, 0xa9, 0x00, 0x86, 0x00,
    0x47, 0x00, 0x47, 0x00, 0x67, 0x00, 0x68, 0x00, 0xa8, 0x00, 0x85, 0x00, 0x60, 0x00, 0x63, 0x00,
    0x65, 0x00, 0x45, 0x00, 0xe4, 0x00, 0xa1, 0x00, 0x00, 0x00, 0x00, 0x00, 0x00, 0x00, 0x61, 0x00,
    0x20, 0x00, 0x00, 0x00, 0x00, 0x00, 0xc2, 0x00, 0x86, 0x00, 0xa4, 0x00, 0x48, 0x00, 0xa1, 0x00,
    0x00, 0x00, 0x00, 0x00, 0x00, 0x00, 0x00, 0x00, 0x00, 0x00, 0x00, 0x00, 0x00, 0x00, 0x00, 0x00,
    0x00, 0x00, 0x00, 0x00, 0x00, 0x00, 0x00, 0x00, 0x00, 0x00, 0x00, 0x00, 0x00, 0x00, 0x61, 0x00,
    0xc5, 0x00, 0x02, 0x00, 0x46, 0x00, 0xa7, 0x00, 0x6a, 0x00, 0x29, 0x00, 0x29, 0x00, 0x02, 0x00,
    0x43, 0x00, 0x46, 0x00, 0xe5, 0x00, 0x05, 0x00, 0x87, 0x00, 0x23, 0x00, 0x00, 0x00, 0x00, 0x00,
    0xe5, 0x00, 0xa7, 0x00, 0x66, 0x00, 0x28, 0x00, 0xea, 0x00, 0x6b, 0x00, 0x09, 0x00, 0xc6, 0x00,
    0xa8, 0x00, 0x88, 0x00, 0x47, 0x00, 0xc6, 0x00, 0x63, 0x00, 0x00, 0x00, 0x00, 0x00, 0x00, 0x00,
    0x40, 0x00, 0x20, 0x00, 0x00, 0x00, 0x00, 0x00, 0x00, 0x00, 0x00, 0x00, 0x00, 0x00, 0x00, 0x00,
    0x00, 0x00, 0x00, 0x00, 0x00, 0x00, 0xc2, 0x00, 0x68, 0x00, 0x45, 0x00, 0x66, 0x00, 0x63, 0x00,
    0x40, 0x00, 0x00, 0x00, 0x00, 0x00, 0x00, 0x00, 0x00, 0x00, 0x00, 0x00, 0x00, 0x00, 0x00, 0x00,
    0x00, 0x00, 0x00, 0x00, 0x00, 0x00, 0x00, 0x00, 0x00, 0x00, 0x00, 0x00, 0x00, 0x00, 0x61, 0x00,
    0x41, 0x00, 0x23, 0x00, 0x46, 0x00, 0xa7, 0x00, 0x29, 0x00, 0xe8, 0x00, 0x69, 0x00, 0xc2, 0x00,
    0xc2, 0x00, 0x66, 0x00, 0x05, 0x00, 0x26, 0x00, 0x05, 0x00, 0x20, 0x00, 0x00, 0x00, 0x00, 0x00,
    0x40, 0x00, 0xe5, 0x00, 0x66, 0x00, 0x08, 0x00, 0x89, 0x00, 0xea, 0x00, 0x4a, 0x00, 0xa6, 0x00,
    0x63, 0x00, 0x43, 0x00, 0xc1, 0x00, 0x00, 0x00, 0x00, 0x00, 0x00, 0x00, 0x00, 0x00, 0x00, 0x00,
    0x00, 0x00, 0x00, 0x00, 0x00, 0x00, 0x00, 0x00, 0x00, 0x00, 0x00, 0x00, 0x00, 0x00, 0x00, 0x00,
    0x00, 0x00, 0x00, 0x00, 0x00, 0x00, 0x22, 0x00, 0x88, 0x00, 0x45, 0x00, 0x25, 0x00, 0xa6, 0x00,
    0x00, 0x00, 0x00, 0x00, 0x00, 0x00, 0x00, 0x00, 0x00, 0x00, 0x00, 0x00, 0x00, 0x00, 0x00, 0x00,
    0x00, 0x00, 0x00, 0x00, 0x00, 0x00, 0x00, 0x00, 0x00, 0x00, 0x00, 0x00, 0x00, 0x00, 0x00, 0x00,
    0x00, 0x00, 0x44, 0x00, 0x46, 0x00, 0x87, 0x00, 0x49, 0x00, 0x69, 0x00, 0x8a, 0x00, 0x23, 0x00,
    0x84, 0x00, 0xa7, 0x00, 0x26, 0x00, 0xe5, 0x00, 0x61, 0x00, 0x00, 0x00, 0x00, 0x00, 0x00, 0x00,
    0x00, 0x00, 0x64, 0x00, 0x26, 0x00, 0xe8, 0x00, 0x69, 0x00, 0x0a, 0x00, 0x6b, 0x00, 0x07, 0x00,
    0x00, 0x00, 0x00, 0x00, 0x00, 0x00, 0x00, 0x00, 0x00, 0x00, 0x00, 0x00, 0x00, 0x00, 0x00, 0x00,
    0x00, 0x00, 0x00, 0x00, 0x00, 0x00, 0x00, 0x00, 0x00, 0x00, 0x00, 0x00, 0x00, 0x00, 0x00, 0x00,
    0x00, 0x00, 0x00, 0x00, 0x00, 0x00, 0xc4, 0x00, 0x88, 0x00, 0xe5, 0x00, 0xc7, 0x00, 0x05, 0x00,
    0x00, 0x00, 0x00, 0x00, 0x00, 0x00, 0x00, 0x00, 0x00, 0x00, 0x00, 0x00, 0x00, 0x00, 0x00, 0x00,
    0x00, 0x00, 0x00, 0x00, 0x00, 0x00, 0x00, 0x00, 0x00, 0x00, 0x00, 0x00, 0x00, 0x00, 0x00, 0x00,
    0x00, 0x00, 0x44, 0x00, 0x26, 0x00, 0xa7, 0x00, 0x29, 0x00, 0x69, 0x00, 0x6a, 0x00, 0x26, 0x00,
    0xc5, 0x00, 0x67, 0x00, 0x46, 0x00, 0xa1, 0x00, 0x00, 0x00, 0x00, 0x00, 0x00, 0x00, 0x00, 0x00,
    0x00, 0x00, 0x00, 0x00, 0x84, 0x00, 0x28, 0x00, 0x07, 0x00, 0x2a, 0x00, 0x2a, 0x00, 0x88, 0x00,
    0x60, 0x00, 0x00, 0x00, 0x00, 0x00, 0x00, 0x00, 0x00, 0x00, 0x00, 0x00, 0x00, 0x00, 0x00, 0x00,
    0x00, 0x00, 0x00, 0x00, 0x00, 0x00, 0x00, 0x00, 0x00, 0x00, 0x00, 0x00, 0x00, 0x00, 0x00, 0x00,
    0x00, 0x00, 0x00, 0x00, 0x00, 0x00, 0xe7, 0x00, 0x28, 0x00, 0x05, 0x00, 0x07, 0x00, 0xa1, 0x00,
    0x00, 0x00, 0x00, 0x00, 0x00, 0x00, 0x00, 0x00, 0x00, 0x00, 0x00, 0x00, 0x00, 0x00, 0x00, 0x00,
    0x00, 0x00, 0x00, 0x00, 0x00, 0x00, 0x00, 0x00, 0x00, 0x00, 0x00, 0x00, 0x00, 0x00, 0x00, 0x00,
    0x00, 0x00, 0x23, 0x00, 0x06, 0x00, 0x87, 0x00, 0x49, 0x00, 0x49, 0x00, 0x49, 0x00, 0x08, 0x00,
    0xe5, 0x00, 0x26, 0x00, 0x66, 0x00, 0x40, 0x00, 0x00, 0x00, 0x00, 0x00, 0x00, 0x00, 0x00, 0x00,
    0x00, 0x00, 0x00, 0x00, 0x41, 0x00, 0xe8, 0x00, 0xa7, 0x00, 0x69, 0x00, 0xea, 0x00, 0xa9, 0x00,
    0x81, 0x00, 0x00, 0x00, 0x00, 0x00, 0x00, 0x00, 0x00, 0x00, 0x00, 0x00, 0x00, 0x00, 0x00, 0x00,
    0x00, 0x00, 0x00, 0x00, 0x00, 0x00, 0x00, 0x00, 0x00, 0x00, 0x00, 0x00, 0x00, 0x00, 0x00, 0x00,
    0x00, 0x00, 0xc1, 0x00, 0x83, 0x00, 0xc9, 0x00, 0xc7, 0x00, 0xc7, 0x00, 0xe5, 0x00, 0x00, 0x00,
    0x00, 0x00, 0x00, 0x00, 0x00, 0x00, 0x00, 0x00, 0x00, 0x00, 0x00, 0x00, 0x00, 0x00, 0x00, 0x00,
    0x00, 0x00, 0x00, 0x00, 0x00, 0x00, 0x00, 0x00, 0x00, 0x00, 0x00, 0x00, 0x00, 0x00, 0x00, 0x00,
    0x00, 0x00, 0xc2, 0x00, 0x46, 0x00, 0x46, 0x00, 0x49, 0x00, 0x6a, 0x00, 0x6a, 0x00, 0x29, 0x00,
    0x06, 0x00, 0xe5, 0x00, 0x67, 0x00, 0x23, 0x00, 0x00, 0x00, 0x00, 0x00, 0x00, 0x00, 0x00, 0x00,
    0x00, 0x00, 0x00, 0x00, 0x00, 0x00, 0x43, 0x00, 0xa7, 0x00, 0xc7, 0x00, 0x0a, 0x00, 0xc9, 0x00,
    0xa1, 0x00, 0x00, 0x00, 0x00, 0x00, 0x00, 0x00, 0x00, 0x00, 0x00, 0x00, 0x00, 0x00, 0x00, 0x00,
    0x00, 0x00, 0x00, 0x00, 0x00, 0x00, 0x00, 0x00, 0x00, 0x00, 0x00, 0x00, 0x00, 0x00, 0x00, 0x00,
    0x22, 0x00, 0x86, 0x00, 0x07, 0x00, 0xa9, 0x00, 0xe7, 0x00, 0xa7, 0x00, 0x20, 0x00, 0x00, 0x00,
    0x00, 0x00, 0x00, 0x00, 0x00, 0x00, 0x00, 0x00, 0x00, 0x00, 0x00, 0x00, 0x00, 0x00, 0x00, 0x00,
    0x00, 0x00, 0x00, 0x00, 0x00, 0x00, 0x00, 0x00, 0x00, 0x00, 0x00, 0x00, 0x00, 0x00, 0x00, 0x00,
    0x00, 0x00, 0x20, 0x00, 0x26, 0x00, 0xc5, 0x00, 0xe8, 0x00, 0x29, 0x00, 0x6a, 0x00, 0x29, 0x00,
    0xe8, 0x00, 0xe5, 0x00, 0x05, 0x00, 0x05, 0x00, 0x81, 0x00, 0x00, 0x00, 0x20, 0x00, 0x00, 0x00,
    0x00, 0x00, 0x00, 0x00, 0x00, 0x00, 0x00, 0x00, 0xc5, 0x00, 0xe8, 0x00, 0xa9, 0x00, 0x2a, 0x00,
    0x43, 0x00, 0x00, 0x00, 0x00, 0x00, 0x00, 0x00, 0x00, 0x00, 0x00, 0x00, 0x00, 0x00, 0x00, 0x00,
    0x00, 0x00, 0x00, 0x00, 0x00, 0x00, 0x00, 0x00, 0x61, 0x00, 0xe2, 0x00, 0x00, 0x00, 0x61, 0x00,
    0x68, 0x00, 0x27, 0x00, 0x88, 0x00, 0x07, 0x00, 0xa6, 0x00, 0x81, 0x00, 0x00, 0x00, 0x00, 0x00,
    0x00, 0x00, 0x00, 0x00, 0x00, 0x00, 0x00, 0x00, 0x00, 0x00, 0x00, 0x00, 0x00, 0x00, 0x00, 0x00,
    0x00, 0x00, 0x00, 0x00, 0x00, 0x00, 0x00, 0x00, 0x00, 0x00, 0x00, 0x00, 0x00, 0x00, 0x00, 0x00,
    0x00, 0x00, 0x00, 0x00, 0x44, 0x00, 0x23, 0x00, 0x26, 0x00, 0x09, 0x00, 0x09, 0x00, 0xc8, 0x00,
    0x49, 0x00, 0xa7, 0x00, 0x05, 0x00, 0x46, 0x00, 0xc5, 0x00, 0x23, 0x00, 0x25, 0x00, 0x04, 0x00,
    0xe2, 0x00, 0x00, 0x00, 0x00, 0x00, 0x00, 0x00, 0x61, 0x00, 0x66, 0x00, 0x28, 0x00, 0xea, 0x00,
    0xe4, 0x00, 0x00, 0x00, 0x00, 0x00, 0x00, 0x00, 0x00, 0x00, 0x00, 0x00, 0x00, 0x00, 0x00, 0x00,
    0x00, 0x00, 0x00, 0x00, 0x00, 0x00, 0x00, 0x00, 0x27, 0x00, 0xe2, 0x00, 0x40, 0x00, 0x47, 0x00,
    0x88, 0x00, 0x68, 0x00, 0xe7, 0x00, 0x66, 0x00, 0xe2, 0x00, 0x00, 0x00, 0x00, 0x00, 0x00, 0x00,
    0x00, 0x00, 0x00, 0x00, 0x00, 0x00, 0x00, 0x00, 0x00, 0x00, 0x00, 0x00, 0x00, 0x00, 0x00, 0x00,
    0x00, 0x00, 0x00, 0x00, 0x00, 0x00, 0x00, 0x00, 0x00, 0x00, 0x00, 0x00, 0x00, 0x00, 0x00, 0x00,
    0x00, 0x00, 0x00, 0x00, 0x20, 0x00, 0x40, 0x00, 0xa2, 0x00, 0xe8, 0x00, 0xc8, 0x00, 0xa8, 0x00,
    0x08, 0x00, 0x29, 0x00, 0xa7, 0x00, 0x05, 0x00, 0x05, 0x00, 0xe5, 0x00, 0xc4, 0x00, 0xa6, 0x00,
    0xa6, 0x00, 0x81, 0x00, 0x00, 0x00, 0x00, 0x00, 0x00, 0x00, 0xc4, 0x00, 0x69, 0x00, 0x07, 0x00,
    0x07, 0x00, 0xe2, 0x00, 0x00, 0x00, 0x00, 0x00, 0x00, 0x00, 0x00, 0x00, 0x00, 0x00, 0x00, 0x00,
    0x00, 0x00, 0x00, 0x00, 0x40, 0x00, 0xa6, 0x00, 0xa6, 0x00, 0xc1, 0x00, 0x27, 0x00, 0xc9, 0x00,
    0x48, 0x00, 0xc7, 0x00, 0xc7, 0x00, 0xa7, 0x00, 0x02, 0x00, 0x00, 0x00, 0x00, 0x00, 0x00, 0x00,
    0x00, 0x00, 0x00, 0x00, 0x00, 0x00, 0x00, 0x00, 0x00, 0x00, 0x00, 0x00, 0x00, 0x00, 0x00, 0x00,
    0x00, 0x00, 0x00, 0x00, 0x00, 0x00, 0x00, 0x00, 0x00, 0x00, 0x00, 0x00, 0x00, 0x00, 0x00, 0x00,
    0x00, 0x00, 0x00, 0x00, 0x00, 0x00, 0x00, 0x00, 0x00, 0x00, 0x84, 0x00, 0xe8, 0x00, 0x87, 0x00,
    0x08, 0x00, 0xe8, 0x00, 0x49, 0x00, 0xc8, 0x00, 0xe5, 0x00, 0xe5, 0x00, 0x84, 0x00, 0x22, 0x00,
    0xa1, 0x00, 0x00, 0x00, 0x00, 0x00, 0x00, 0x00, 0x00, 0x00, 0x03, 0x00, 0x48, 0x00, 0x48, 0x00,
    0x07, 0x00, 0x47, 0x00, 0xc3, 0x00, 0xe2, 0x00, 0x00, 0x00, 0x00, 0x00, 0x00, 0x00, 0x00, 0x00,
    0x20, 0x00, 0x63, 0x00, 0xc6, 0x00, 0xa6, 0x00, 0x66, 0x00, 0x68, 0x00, 0xa9, 0x00, 0x07, 0x00,
    0xc7, 0x00, 0xe7, 0x00, 0xa7, 0x00, 0xe2, 0x00, 0x00, 0x00, 0x00, 0x00, 0x00, 0x00, 0x00, 0x00,
    0x00, 0x00, 0x00, 0x00, 0x00, 0x00, 0x00, 0x00, 0x00, 0x00, 0x00, 0x00, 0x00, 0x00, 0x00, 0x00,
    0x00, 0x00, 0x00, 0x00, 0x00, 0x00, 0x00, 0x00, 0x00, 0x00, 0x00, 0x00, 0x00, 0x00, 0x00, 0x00,
    0x00, 0x00, 0x00, 0x00, 0x00, 0x00, 0x00, 0x00, 0x00, 0x00, 0x00, 0x00, 0xe5, 0x00, 0x67, 0x00,
    0x46, 0x00, 0x09, 0x00, 0xc8, 0x00, 0x49, 0x00, 0x08, 0x00, 0x87, 0x00, 0x26, 0x00, 0xa4, 0x00,
    0x84, 0x00, 0x63, 0x00, 0xc1, 0x00, 0x61, 0x00, 0x20, 0x00, 0x61, 0x00, 0xc7, 0x00, 0xa8, 0x00,
    0x27, 0x00, 0x07, 0x00, 0x27, 0x00, 0x47, 0x00, 0xe6, 0x00, 0xa1, 0x00, 0x22, 0x00, 0x25, 0x00,
    0xe6, 0x00, 0x27, 0x00, 0xc7, 0x00, 0xe7, 0x00, 0x48, 0x00, 0xe7, 0x00, 0xa7, 0x00, 0x86, 0x00,
    0x66, 0x00, 0x63, 0x00, 0x20, 0x00, 0x00, 0x00, 0x00, 0x00, 0x00, 0x00, 0x00, 0x00, 0x00, 0x00,
    0x00, 0x00, 0x00, 0x00, 0x00, 0x00, 0x00, 0x00, 0x00, 0x00, 0x00, 0x00, 0x00, 0x00, 0x00, 0x00,
    0x00, 0x00, 0x00, 0x00, 0x00, 0x00, 0x00, 0x00, 0x00, 0x00, 0x00, 0x00, 0x00, 0x00, 0x00, 0x00,
    0x00, 0x00, 0x00, 0x00, 0x00, 0x00, 0x00, 0x00, 0x00, 0x00, 0x00, 0x00, 0x20, 0x00, 0xc5, 0x00,
    0x05, 0x00, 0x26, 0x00, 0xc8, 0x00, 0x66, 0x00, 0xe8, 0x00, 0x49, 0x00, 0x29, 0x00, 0x08, 0x00,
    0x49, 0x00, 0x48, 0x00, 0x07, 0x00, 0x66, 0x00, 0xe5, 0x00, 0x43, 0x00, 0x45, 0x00, 0xa8, 0x00,
    0xe6, 0x00, 0x27, 0x00, 0x87, 0x00, 0xe6, 0x00, 0x07, 0x00, 0x85, 0x00, 0xc7, 0x00, 0x88, 0x00,
    0xe7, 0x00, 0xc7, 0x00, 0xe7, 0x00, 0xa7, 0x00, 0x25, 0x00, 0xa4, 0x00, 0x43, 0x00, 0xc2, 0x00,
    0x00, 0x00, 0x00, 0x00, 0x00, 0x00, 0x00, 0x00, 0x00, 0x00, 0x00, 0x00, 0x00, 0x00, 0x00, 0x00,
    0x00, 0x00, 0x00, 0x00, 0x00, 0x00, 0x00, 0x00, 0x00, 0x00, 0x00, 0x00, 0x00, 0x00, 0x00, 0x00,
    0x00, 0x00, 0x00, 0x00, 0x00, 0x00, 0x00, 0x00, 0x00, 0x00, 0x00, 0x00, 0x00, 0x00, 0x00, 0x00,
    0x00, 0x00, 0x00, 0x00, 0x00, 0x00, 0x00, 0x00, 0x00, 0x00, 0x00, 0x00, 0x00, 0x00, 0x00, 0x00,
    0x43, 0x00, 0x64, 0x00, 0x84, 0x00, 0x46, 0x00, 0x66, 0x00, 0x66, 0x00, 0xc8, 0x00, 0x08, 0x00,
    0xc8, 0x00, 0xc8, 0x00, 0xa7, 0x00, 0x87, 0x00, 0x66, 0x00, 0x05, 0x00, 0xa4, 0x00, 0xa6, 0x00,
    0x06, 0x00, 0x45, 0x00, 0xc6, 0x00, 0xe6, 0x00, 0xc4, 0x00, 0xa3, 0x00, 0xe4, 0x00, 0x65, 0x00,
    0x66, 0x00, 0x66, 0x00, 0x25, 0x00, 0x05, 0x00, 0x05, 0x00, 0xc4, 0x00, 0xc2, 0x00, 0x00, 0x00,
    0x00, 0x00, 0x00, 0x00, 0x00, 0x00, 0x00, 0x00, 0x00, 0x00, 0x00, 0x00, 0x00, 0x00, 0x00, 0x00,
    0x00, 0x00, 0x00, 0x00, 0x00, 0x00, 0x00, 0x00, 0x00, 0x00, 0x00, 0x00, 0x00, 0x00, 0x00, 0x00,
    0x00, 0x00, 0x00, 0x00, 0x00, 0x00, 0x00, 0x00, 0x00, 0x00, 0x00, 0x00, 0x00, 0x00, 0x00, 0x00,
    0x00, 0x00, 0x00, 0x00, 0x00, 0x00, 0x00, 0x00, 0x00, 0x00, 0x00, 0x00, 0x00, 0x00, 0x00, 0x00,
    0x00, 0x00, 0x20, 0x00, 0x00, 0x00, 0xa2, 0x00, 0xe5, 0x00, 0x87, 0x00, 0x46, 0x00, 0x66, 0x00,
    0xa7, 0x00, 0xa7, 0x00, 0xa7, 0x00, 0xa7, 0x00, 0xc7, 0x00, 0xa7, 0x00, 0x46, 0x00, 0x84, 0x00,
    0xc6, 0x00, 0x45, 0x00, 0xa4, 0x00, 0x45, 0x00, 0x86, 0x00, 0x04, 0x00, 0xe4, 0x00, 0x84, 0x00,
    0x22, 0x00, 0xa1, 0x00, 0xa1, 0x00, 0x81, 0x00, 0x40, 0x00, 0x00, 0x00, 0x00, 0x00, 0x00, 0x00,
    0x00, 0x00, 0x00, 0x00, 0x00, 0x00, 0x00, 0x00, 0x00, 0x00, 0x00, 0x00, 0x00, 0x00, 0x00, 0x00,
    0x00, 0x00, 0x00, 0x00, 0x00, 0x00, 0x00, 0x00, 0x00, 0x00, 0x00, 0x00, 0x00, 0x00, 0x00, 0x00,
    0x00, 0x00, 0x00, 0x00, 0x00, 0x00, 0x00, 0x00, 0x00, 0x00, 0x00, 0x00, 0x00, 0x00, 0x00, 0x00,
    0x00, 0x00, 0x00, 0x00, 0x00, 0x00, 0x00, 0x00, 0x00, 0x00, 0x00, 0x00, 0x00, 0x00, 0x00, 0x00,
    0x00, 0x00, 0x00, 0x00, 0x00, 0x00, 0x00, 0x00, 0x00, 0x00, 0x41, 0x00, 0xe2, 0x00, 0xa2, 0x00,
    0xe2, 0x00, 0x43, 0x00, 0x64, 0x00, 0x63, 0x00, 0x63, 0x00, 0x84, 0x00, 0xa4, 0x00, 0x63, 0x00,
    0xa4, 0x00, 0x63, 0x00, 0x22, 0x00, 0x02, 0x00, 0x22, 0x00, 0xc2, 0x00, 0xa1, 0x00, 0x40, 0x00,
    0x00, 0x00, 0x00, 0x00, 0x00, 0x00, 0x00, 0x00, 0x00, 0x00, 0x00, 0x00, 0x00, 0x00, 0x00, 0x00,
    0x00, 0x00, 0x00, 0x00, 0x00, 0x00, 0x00, 0x00, 0x00, 0x00, 0x00, 0x00, 0x00, 0x00, 0x00, 0x00,
    0x00, 0x00, 0x00, 0x00, 0x00, 0x00, 0x00, 0x00, 0x00, 0x00, 0x00, 0x00, 0x00, 0x00, 0x00, 0x00,
    0x00, 0x00, 0x00, 0x00, 0x00, 0x00, 0x00, 0x00, 0x00, 0x00, 0x00, 0x00, 0x00, 0x00, 0x00, 0x00,
    0x00, 0x00, 0x00, 0x00, 0x00, 0x00, 0x00, 0x00, 0x00, 0x00, 0x00, 0x00, 0x00, 0x00, 0x00, 0x00,
    0x00, 0x00, 0x00, 0x00, 0x00, 0x00, 0x00, 0x00, 0x00, 0x00, 0x00, 0x00, 0x00, 0x00, 0x00, 0x00,
    0x00, 0x00, 0x00, 0x00, 0x00, 0x00, 0x00, 0x00, 0x00, 0x00, 0x00, 0x00, 0x00, 0x00, 0x00, 0x00,
    0x00, 0x00, 0x00, 0x00, 0x00, 0x00, 0x00, 0x00, 0x00, 0x00, 0x00, 0x00, 0x00, 0x00, 0x00, 0x00,
    0x00, 0x00, 0x00, 0x00, 0x00, 0x00, 0x00, 0x00, 0x00, 0x00, 0x00, 0x00, 0x00, 0x00, 0x00, 0x00,
    0x00, 0x00, 0x00, 0x00, 0x00, 0x00, 0x00, 0x00, 0x00, 0x00, 0x00, 0x00, 0x00, 0x00, 0x00, 0x00,
    0x00, 0x00, 0x00, 0x00, 0x00, 0x00, 0x00, 0x00, 0x00, 0x00, 0x00, 0x00, 0x00, 0x00, 0x00, 0x00,
    0x00, 0x00, 0x00, 0x00, 0x00, 0x00, 0x00, 0x00, 0x00, 0x00, 0x00, 0x00, 0x00, 0x00, 0x00, 0x00,
    0x00, 0x00, 0x00, 0x00, 0x00, 0x00, 0x00, 0x00, 0x00, 0x00, 0x00, 0x00, 0x00, 0x00, 0x00, 0x00,
    0x00, 0x00, 0x00, 0x00, 0x00, 0x00, 0x00, 0x00, 0x00, 0x00, 0x00, 0x00, 0x00, 0x00, 0x00, 0x00,
    0x00, 0x00, 0x00, 0x00, 0x00, 0x00, 0x00, 0x00, 0x00, 0x00, 0x00, 0x00, 0x00, 0x00, 0x00, 0x00,
    0x00, 0x00, 0x00, 0x00, 0x00, 0x00, 0x00, 0x00, 0x00, 0x00, 0x00, 0x00, 0x00, 0x00, 0x00, 0x00,
    0x00, 0x00, 0x00, 0x00, 0x00, 0x00, 0x00, 0x00, 0x00, 0x00, 0x00, 0x00, 0x00, 0x00, 0x00, 0x00,
    0x00, 0x00, 0x00, 0x00, 0x00, 0x00, 0x00, 0x00, 0x00, 0x00, 0x00, 0x00, 0x00, 0x00, 0x00, 0x00,
    0x00, 0x00, 0x00, 0x00, 0x00, 0x00, 0x00, 0x00, 0x00, 0x00, 0x00, 0x00, 0x00, 0x00, 0x00, 0x00,
    0x00, 0x00, 0x00, 0x00, 0x00, 0x00, 0x00, 0x00, 0x00, 0x00, 0x00, 0x00, 0x00, 0x00, 0x00, 0x00,
    0x00, 0x00, 0x05, 0x00, 0x00, 0x00, 0x00, 0x00, 0x00, 0x00, 0x00, 0x00, 0x00, 0x00, 0x00, 0x00,
    0x00, 0x00, 0x49, 0x5f, 0x00, 0x00, 0x00, 0x00, 0x00, 0x00, 0x00, 0x00, 0x00, 0x00, 0x00, 0x00,
    0x00, 0x00, 0x00, 0x00, 0x00, 0x00, 0x00, 0x00, 0x00, 0x00, 0x00, 0x00, 0x00, 0x00, 0x00, 0x00,
    0x00, 0x00, 0x00, 0x00, 0x00, 0x00, 0x00, 0x00, 0x00, 0x00, 0x00, 0x00, 0x00, 0x00, 0x00, 0x00,
    0x00, 0x45, 0x29, 0x00, 0x00, 0x00, 0x00, 0x00, 0x00, 0x00, 0x00, 0x00, 0x00, 0x00, 0x00, 0x00,
    0x00, 0x00, 0xeb, 0x38, 0x00, 0x00, 0x00, 0x00, 0x00, 0x00, 0x00, 0x00, 0x00, 0x00, 0x00, 0x00,
    0x00, 0x00, 0x00, 0x00, 0x00, 0x00, 0x00, 0x00, 0x00, 0x00, 0x00, 0x00, 0x00, 0x00, 0x00, 0x00,
    0x00, 0x00, 0x00, 0x00, 0x00, 0x00, 0x00, 0x00, 0x00, 0x00, 0x00, 0x00, 0x00, 0x00, 0x00, 0x00,
    0x02, 0xf9, 0x0b, 0x00, 0x00, 0x00, 0x00, 0x00, 0x00, 0x00, 0x00, 0x00, 0x00, 0x00, 0x00, 0x00,
    0x00, 0x05, 0xff, 0x43, 0x00, 0x00, 0x00, 0x00, 0x00, 0x00, 0x00, 0x00, 0x00, 0x00, 0x00, 0x00,
    0x00, 0x00, 0x00, 0x00, 0x00, 0x00, 0x00, 0x00, 0x00, 0x00, 0x00, 0x00, 0x00, 0x00, 0x00, 0x00,
    0x00, 0x00, 0x00, 0x00, 0x00, 0x00, 0x00, 0x00, 0x00, 0x00, 0x00, 0x00, 0x00, 0x00, 0x00, 0x00,
    0x11, 0xff, 0x13, 0x00, 0x00, 0x00, 0x00, 0x08, 0x1f, 0x00, 0x00, 0x00, 0x00, 0x00, 0x00, 0x00,
    0x00, 0x01, 0xed, 0xb2, 0x00, 0x06, 0x13, 0x00, 0x00, 0x00, 0x00, 0x00, 0x00, 0x00, 0x00, 0x00,
    0x00, 0x00, 0x00, 0x00, 0x00, 0x00, 0x00, 0x00, 0x00, 0x00, 0x00, 0x00, 0x00, 0x00, 0x00, 0x00,
    0x00, 0x00, 0x00, 0x00, 0x00, 0x00, 0x00, 0x00, 0x00, 0x00, 0x00, 0x00, 0x00, 0x00, 0x00, 0x00,
    0x07, 0xff, 0x91, 0x00, 0x00, 0x00, 0x00, 0x89, 0x33, 0x00, 0x00, 0x00, 0x00, 0x00, 0x00, 0x00,
    0x00, 0x00, 0x6f, 0xff, 0x1d, 0x52, 0x61, 0x00, 0x00, 0x00, 0x04, 0x01, 0x00, 0x00, 0x00, 0x00,
    0x00, 0x00, 0x00, 0x00, 0x00, 0x00, 0x00, 0x00, 0x00, 0x00, 0x00, 0x00, 0x00, 0x00, 0x00, 0x00,
    0x00, 0x00, 0x00, 0x00, 0x00, 0x00, 0x00, 0x00, 0x00, 0x00, 0x00, 0x00, 0x00, 0x00, 0x00, 0x00,
    0x00, 0x8f, 0xff, 0x80, 0x06, 0x00, 0x00, 0xf3, 0x3f, 0x00, 0x00, 0x3a, 0x02, 0x00, 0x00, 0x7f,
    0x0f, 0x00, 0x07, 0xeb, 0xe9, 0xc8, 0xc1, 0x00, 0x00, 0x00, 0x8f, 0x0b, 0x00, 0x00, 0x00, 0x00,
    0x00, 0x00, 0x00, 0x00, 0x00, 0x00, 0x00, 0x00, 0x00, 0x00, 0x00, 0x00, 0x00, 0x00, 0x00, 0x00,
    0x00, 0x00, 0x00, 0x00, 0x00, 0x00, 0x00, 0x00, 0x00, 0x00, 0x00, 0x00, 0x00, 0x00, 0x00, 0x00,
    0x00, 0x06, 0xcc, 0xff, 0xeb, 0x56, 0x09, 0xc1, 0xca, 0x00, 0x05, 0xed, 0x02, 0x00, 0x00, 0xaa,
    0xe0, 0x14, 0x00, 0x18, 0xff, 0xff, 0xff, 0x4b, 0x00, 0x23, 0xff, 0x04, 0x00, 0x00, 0x00, 0x00,
    0x00, 0x00, 0x00, 0x00, 0x00, 0x00, 0x00, 0x00, 0x00, 0x00, 0x00, 0x00, 0x00, 0x00, 0x00, 0x00,
    0x00, 0x00, 0x00, 0x00, 0x00, 0x00, 0x00, 0x00, 0x00, 0x00, 0x00, 0x00, 0x00, 0x00, 0x00, 0x00,
    0x00, 0x00, 0x01, 0x6c, 0xf7, 0xff, 0xf5, 0xe0, 0xff, 0x58, 0x12, 0xff, 0x23, 0x00, 0x03, 0x5d,
    0xff, 0xfd, 0x51, 0x00, 0x16, 0xff, 0xfd, 0xef, 0x31, 0xed, 0xca, 0x00, 0x00, 0x00, 0x00, 0x00,
    0x00, 0x00, 0x00, 0x00, 0x00, 0x00, 0x00, 0x00, 0x00, 0x00, 0x00, 0x00, 0x00, 0x00, 0x00, 0x00,
    0x00, 0x00, 0x00, 0x00, 0x00, 0x00, 0x00, 0x00, 0x00, 0x00, 0x00, 0x00, 0x00, 0x00, 0x00, 0x02,
    0x3d, 0x1e, 0x1e, 0x5e, 0xff, 0xfb, 0xff, 0xff, 0xfd, 0xff, 0xb9, 0xfb, 0xcf, 0x02, 0x82, 0xa0,
    0xf7, 0xfb, 0xff, 0xad, 0x05, 0x62, 0xff, 0xf9, 0xff, 0xff, 0x6c, 0x00, 0x00, 0x00, 0x00, 0x00,
    0x00, 0x00, 0x00, 0x00, 0x00, 0x00, 0x00, 0x00, 0x00, 0x00, 0x00, 0x00, 0x00, 0x00, 0x00, 0x00,
    0x00, 0x00, 0x00, 0x00, 0x00, 0x00, 0x00, 0x00, 0x00, 0x00, 0x00, 0x00, 0x00, 0x00, 0x00, 0x00,
    0x6c, 0xff, 0xff, 0xff, 0x89, 0x0a, 0x23, 0x8f, 0xfd, 0xff, 0xff, 0xfb, 0xff, 0xa2, 0xba, 0xff,
    0xfb, 0xff, 0xf7, 0xff, 0xf1, 0x8e, 0xfd, 0xfd, 0xf3, 0xff, 0x28, 0x00, 0x00, 0x00, 0x00, 0x00,
    0x00, 0x00, 0x00, 0x00, 0x00, 0x00, 0x00, 0x00, 0x00, 0x00, 0x00, 0x00, 0x00, 0x00, 0x00, 0x00,
    0x00, 0x00, 0x00, 0x00, 0x00, 0x00, 0x00, 0x00, 0x00, 0x00, 0x00, 0x00, 0x00, 0x00, 0x00, 0x00,
    0x00, 0x0b, 0x20, 0x0b, 0x00, 0x00, 0x00, 0x00, 0x04, 0x39, 0xb2, 0xfb, 0xfb, 0xff, 0xff, 0xfd,
    0xff, 0xff, 0xff, 0xfb, 0xff, 0xff, 0xff, 0xff, 0xfd, 0xf5, 0x0c, 0x26, 0x00, 0x00, 0x00, 0x00,
    0x00, 0x00, 0x00, 0x00, 0x00, 0x00, 0x00, 0x00, 0x00, 0x00, 0x00, 0x00, 0x00, 0x00, 0x00, 0x00,
    0x00, 0x00, 0x00, 0x00, 0x00, 0x00, 0x00, 0x00, 0x00, 0x00, 0x00, 0x00, 0x00, 0x00, 0x00, 0x00,
    0x00, 0x00, 0x00, 0x00, 0x00, 0x92, 0x68, 0x26, 0x0e, 0x15, 0x6d, 0xf9, 0xfd, 0xfb, 0xfd, 0xff,
    0xff, 0xff, 0xff, 0xff, 0xfd, 0xfb, 0xff, 0xfd, 0xff, 0xda, 0x94, 0xda, 0x00, 0x00, 0x00, 0x00,
    0x00, 0x00, 0x00, 0x00, 0x00, 0x00, 0x00, 0x00, 0x00, 0x00, 0x00, 0x00, 0x00, 0x00, 0x00, 0x00,
    0x00, 0x00, 0x00, 0x00, 0x00, 0x00, 0x00, 0x00, 0x00, 0x00, 0x00, 0x00, 0x00, 0x00, 0x00, 0x00,
    0x00, 0x00, 0x00, 0x00, 0x00, 0x25, 0xff, 0xff, 0xff, 0xff, 0xff, 0xff, 0xff, 0xff, 0xff, 0xff,
    0xff, 0xff, 0xff, 0xff, 0xff, 0xff, 0xff, 0xff, 0xff, 0xfd, 0xff, 0xc5, 0x00, 0x00, 0x00, 0x00,
    0x00, 0x00, 0x00, 0x00, 0x00, 0x00, 0x00, 0x00, 0x00, 0x00, 0x00, 0x00, 0x00, 0x00, 0x00, 0x00,
    0x00, 0x00, 0x00, 0x00, 0x00, 0x00, 0x00, 0x00, 0x00, 0x00, 0x00, 0x00, 0x00, 0x00, 0x00, 0x00,
    0x00, 0x00, 0x00, 0x00, 0x00, 0x00, 0x2a, 0xf9, 0xff, 0xf7, 0xfb, 0xff, 0xff, 0xff, 0xff, 0xff,
    0xff, 0xff, 0xff, 0xff, 0xff, 0xff, 0xff, 0xff, 0xff, 0xf9, 0xfb, 0x92, 0x00, 0x00, 0x00, 0x00,
    0x00, 0x00, 0x00, 0x00, 0x00, 0x00, 0x00, 0x00, 0x00, 0x00, 0x00, 0x00, 0x00, 0x00, 0x00, 0x00,
    0x00, 0x00, 0x00, 0x00, 0x00, 0x00, 0x00, 0x00, 0x00, 0x00, 0x00, 0x00, 0x00, 0x00, 0x00, 0x00,
    0x00, 0x00, 0x00, 0x00, 0x00, 0x00, 0x00, 0x07, 0xb9, 0xfd, 0xfb, 0xff, 0xff, 0xff, 0xff, 0xff,
    0xff, 0xff, 0xff, 0xff, 0xff, 0xff, 0xff, 0xff, 0xff, 0xf9, 0xfd, 0x19, 0x00, 0x00, 0x00, 0x00,
    0x00, 0x00, 0x00, 0x00, 0x00, 0x00, 0x00, 0x00, 0x00, 0x00, 0x00, 0x00, 0x00, 0x00, 0x00, 0x00,
    0x00, 0x00, 0x00, 0x00, 0x00, 0x00, 0x00, 0x00, 0x00, 0x00, 0x00, 0x00, 0x00, 0x00, 0x00, 0x00,
    0x00, 0x00, 0x00, 0x00, 0x00, 0x00, 0x13, 0x44, 0xc5, 0xfd, 0xfd, 0xff, 0xff, 0xff, 0xff, 0xff,
    0xff, 0xff, 0xff, 0xff, 0xff, 0xff, 0xff, 0xff, 0xff, 0xfd, 0xfd, 0x64, 0x00, 0x00, 0x00, 0x00,
    0x00, 0x00, 0x00, 0x00, 0x00, 0x00, 0x00, 0x00, 0x00, 0x00, 0x00, 0x00, 0x00, 0x00, 0x00, 0x00,
    0x00, 0x00, 0x00, 0x00, 0x00, 0x00, 0x00, 0x00, 0x00, 0x00, 0x00, 0x00, 0x00, 0x00, 0x00, 0x00,
    0x00, 0x00, 0x00, 0x00, 0x2a, 0xc8, 0xff, 0xff, 0xff, 0xff, 0xff, 0xff, 0xff, 0xff, 0xff, 0xff,
    0xff, 0xff, 0xff, 0xff, 0xff, 0xff, 0xff, 0xff, 0xff, 0xfb, 0xff, 0xed, 0x00, 0x00, 0x00, 0x00,
    0x00, 0x00, 0x00, 0x00, 0x00, 0x00, 0x00, 0x00, 0x00, 0x00, 0x00, 0x00, 0x00, 0x00, 0x00, 0x00,
    0x00, 0x00, 0x00, 0x00, 0x00, 0x00, 0x00, 0x00, 0x00, 0x00, 0x00, 0x00, 0x00, 0x00, 0x00, 0x00,
    0x00, 0x00, 0x00, 0x00, 0x1e, 0xb5, 0xff, 0xff, 0xfd, 0xff, 0xff, 0xff, 0xff, 0xff, 0xff, 0xff,
    0xff, 0xff, 0xff, 0xff, 0xff, 0xff, 0xff, 0xff, 0xff, 0xf9, 0xff, 0x3c, 0x00, 0x00, 0x00, 0x00,
    0x00, 0x00, 0x00, 0x00, 0x00, 0x00, 0x00, 0x00, 0x00, 0x00, 0x00, 0x00, 0x00, 0x00, 0x00, 0x00,
    0x00, 0x00, 0x00, 0x00, 0x00, 0x00, 0x00, 0x00, 0x00, 0x00, 0x00, 0x00, 0x00, 0x00, 0x00, 0x00,
    0x00, 0x00, 0x00, 0x00, 0x00, 0x00, 0x10, 0x98, 0xfd, 0xfb, 0xff, 0xff, 0xff, 0xff, 0xff, 0xff,
    0xff, 0xff, 0xff, 0xff, 0xff, 0xff, 0xff, 0xff, 0xff, 0xf7, 0xff, 0x21, 0x00, 0x00, 0x00, 0x00,
    0x00, 0x00, 0x00, 0x00, 0x00, 0x00, 0x00, 0x00, 0x00, 0x00, 0x00, 0x00, 0x00, 0x00, 0x00, 0x00,
    0x00, 0x00, 0x00, 0x00, 0x00, 0x00, 0x00, 0x00, 0x00, 0x00, 0x00, 0x00, 0x00, 0x00, 0x00, 0x00,
    0x00, 0x00, 0x00, 0x00, 0x00, 0x01, 0x4f, 0xd9, 0xfb, 0xfd, 0xff, 0xff, 0xff, 0xff, 0xff, 0xff,
    0xff, 0xff, 0xff, 0xff, 0xff, 0xff, 0xff, 0xff, 0xff, 0xf9, 0xff, 0x9d, 0x00, 0x00, 0x00, 0x00,
    0x00, 0x00, 0x00, 0x00, 0x00, 0x00, 0x00, 0x00, 0x00, 0x00, 0x00, 0x00, 0x00, 0x00, 0x00, 0x00,
    0x00, 0x00, 0x00, 0x00, 0x00, 0x00, 0x00, 0x00, 0x00, 0x00, 0x00, 0x00, 0x00, 0x00, 0x00, 0x00,
    0x00, 0x00, 0x00, 0x00, 0x10, 0xc3, 0xff, 0xff, 0xff, 0xff, 0xff, 0xff, 0xff, 0xff, 0xff, 0xff,
    0xff, 0xff, 0xff, 0xff, 0xff, 0xff, 0xff, 0xff, 0xff, 0xff, 0xfb, 0xff, 0x0f, 0x00, 0x00, 0x00,
    0x00, 0x00, 0x00, 0x00, 0x00, 0x00, 0x00, 0x00, 0x00, 0x00, 0x00, 0x00, 0x00, 0x00, 0x00, 0x00,
    0x00, 0x00, 0x00, 0x00, 0x00, 0x00, 0x00, 0x00, 0x00, 0x00, 0x00, 0x00, 0x00, 0x00, 0x00, 0x00,
    0x00, 0x00, 0x00, 0x00, 0x75, 0xed, 0xfb, 0xf7, 0xfd, 0xff, 0xff, 0xff, 0xff, 0xff, 0xff, 0xff,
    0xff, 0xff, 0xff, 0xff, 0xff, 0xff, 0xff, 0xff, 0xff, 0xff, 0xfb, 0xfd, 0x0f, 0x00, 0x00, 0x00,
    0x00, 0x00, 0x00, 0x00, 0x00, 0x06, 0x00, 0x00, 0x00, 0x00, 0x00, 0x00, 0x00, 0x00, 0x00, 0x00,
    0x00, 0x00, 0x00, 0x00, 0x00, 0x00, 0x00, 0x00, 0x00, 0x00, 0x00, 0x00, 0x00, 0x00, 0x00, 0x00,
    0x00, 0x00, 0x00, 0x00, 0x00, 0x02, 0x08, 0x45, 0xfd, 0xf9, 0xff, 0xff, 0xff, 0xff, 0xff, 0xff,
    0xff, 0xff, 0xff, 0xff, 0xff, 0xff, 0xff, 0xff, 0xff, 0xfd, 0xff, 0xd3, 0x00, 0x00, 0x00, 0x00,
    0x00, 0x00, 0x00, 0x00, 0x00, 0xaa, 0x20, 0x00, 0x00, 0x00, 0x00, 0x00, 0x00, 0x00, 0x00, 0x00,
    0x00, 0x00, 0x00, 0x00, 0x00, 0x00, 0x00, 0x00, 0x00, 0x00, 0x00, 0x00, 0x00, 0x00, 0x00, 0x00,
    0x00, 0x00, 0x00, 0x00, 0x00, 0x00, 0x00, 0xb4, 0xfd, 0xfb, 0xff, 0xff, 0xff, 0xff, 0xff, 0xff,
    0xff, 0xff, 0xff, 0xff, 0xff, 0xff, 0xff, 0xff, 0xff, 0xf7, 0xfd, 0x70, 0x00, 0x00, 0x00, 0x00,
    0x00, 0x00, 0x00, 0x00, 0x06, 0xff, 0x9d, 0x00, 0x00, 0x00, 0x00, 0x00, 0x00, 0x00, 0x00, 0x00,
    0x00, 0x00, 0x00, 0x00, 0x00, 0x00, 0x00, 0x00, 0x00, 0x00, 0x00, 0x00, 0x00, 0x00, 0x00, 0x00,
    0x00, 0x00, 0x00, 0x00, 0x00, 0x00, 0x0e, 0xff, 0xff, 0xfd, 0xff, 0xff, 0xff, 0xff, 0xff, 0xff,
    0xff, 0xff, 0xff, 0xff, 0xff, 0xfd, 0xfd, 0xff, 0xfb, 0xf7, 0xff, 0x0f, 0x00, 0x00, 0x00, 0x00,
    0x00, 0x00, 0x00, 0x00, 0x88, 0xfd, 0xf3, 0x05, 0x00, 0x00, 0x00, 0x00, 0x00, 0x00, 0x00, 0x00,
    0x00, 0x00, 0x00, 0x00, 0x00, 0x00, 0x00, 0x00, 0x00, 0x00, 0x00, 0x00, 0x00, 0x00, 0x00, 0x00,
    0x00, 0x00, 0x00, 0x00, 0x00, 0x00, 0x23, 0xff, 0x69, 0xf3, 0xff, 0xff, 0xff, 0xff, 0xff, 0xff,
    0xff, 0xff, 0xff, 0xff, 0xff, 0xff, 0xff, 0xfd, 0xff, 0xff, 0x47, 0x00, 0x00, 0x00, 0x00, 0x00,
    0x00, 0x00, 0x00, 0x49, 0xff, 0xf3, 0xff, 0x1b, 0x00, 0x00, 0x00, 0x00, 0x00, 0x00, 0x00, 0x00,
    0x00, 0x00, 0x00, 0x00, 0x00, 0x00, 0x00, 0x00, 0x00, 0x00, 0x00, 0x00, 0x00, 0x00, 0x00, 0x00,
    0x00, 0x00, 0x00, 0x00, 0x00, 0x00, 0x0e, 0x21, 0x09, 0xff, 0xf9, 0xff, 0xff, 0xff, 0xff, 0xff,
    0xff, 0xff, 0xff, 0xff, 0xfd, 0xda, 0xfd, 0xff, 0xc7, 0x2c, 0x00, 0x00, 0x00, 0x00, 0x00, 0x00,
    0x00, 0x00, 0x15, 0xff, 0xf7, 0xf5, 0xfd, 0x26, 0x00, 0x00, 0x00, 0x00, 0x00, 0x00, 0x00, 0x00,
    0x00, 0x00, 0x00, 0x00, 0x00, 0x00, 0x00, 0x00, 0x00, 0x00, 0x00, 0x00, 0x00, 0x00, 0x00, 0x00,
    0x00, 0x00, 0x00, 0x00, 0x00, 0x00, 0x00, 0x00, 0x06, 0xfb, 0xff, 0xfd, 0xff, 0xff, 0xff, 0xff,
    0xff, 0xff, 0xff, 0xf9, 0xfd, 0x23, 0x07, 0x0b, 0x00, 0x00, 0x00, 0x00, 0x00, 0x00, 0x00, 0x00,
    0x00, 0x01, 0xc8, 0xfd, 0xfb, 0xf9, 0xff, 0x16, 0x00, 0x00, 0x00, 0x00, 0x00, 0x00, 0x00, 0x00,
    0x00, 0x00, 0x00, 0x00, 0x00, 0x00, 0x00, 0x00, 0x00, 0x00, 0x00, 0x00, 0x00, 0x00, 0x00, 0x00,
    0x00, 0x00, 0x00, 0x00, 0x00, 0x00, 0x00, 0x00, 0x00, 0xb0, 0xa6, 0xef, 0xfb, 0xff, 0xff, 0xff,
    0xff, 0xff, 0xff, 0xf9, 0xff, 0x89, 0x00, 0x00, 0x00, 0x00, 0x00, 0x00, 0x00, 0x00, 0x00, 0x00,
    0x00, 0x26, 0xff, 0xf7, 0xfb, 0xfd, 0xe8, 0x01, 0x00, 0x00, 0x00, 0x00, 0x00, 0x00, 0x00, 0x00,
    0x00, 0x00, 0x00, 0x00, 0x00, 0x00, 0x00, 0x00, 0x00, 0x00, 0x00, 0x00, 0x00, 0x00, 0x00, 0x00,
    0x00, 0x00, 0x00, 0x00, 0x00, 0x00, 0x00, 0x00, 0x00, 0x09, 0x04, 0xc0, 0xff, 0xfb, 0xff, 0xff,
    0xff, 0xff, 0xff, 0xff, 0xf9, 0xff, 0x27, 0x00, 0x00, 0x00, 0x00, 0x00, 0x00, 0x00, 0x00, 0x00,
    0x00, 0x69, 0xfd, 0xf5, 0xfd, 0xff, 0x24, 0x00, 0x00, 0x00, 0x00, 0x00, 0x00, 0x00, 0x00, 0x00,
    0x00, 0x00, 0x00, 0x00, 0x00, 0x00, 0x00, 0x00, 0x00, 0x00, 0x00, 0x00, 0x00, 0x00, 0x00, 0x00,
    0x00, 0x00, 0x00, 0x00, 0x00, 0x00, 0x00, 0x00, 0x00, 0x00, 0x00, 0x11, 0x9d, 0xfb, 0xfb, 0xff,
    0xff, 0xff, 0xff, 0xff, 0xfd, 0xfb, 0xe9, 0x05, 0x00, 0x00, 0x00, 0x00, 0x00, 0x00, 0x00, 0x00,
    0x00, 0x78, 0xfd, 0xf5, 0xeb, 0x44, 0x05, 0x00, 0x00, 0x00, 0x00, 0x00, 0x00, 0x00, 0x00, 0x00,
    0x00, 0x00, 0x00, 0x00, 0x00, 0x00, 0x00, 0x00, 0x00, 0x00, 0x00, 0x00, 0x00, 0x00, 0x00, 0x00,
    0x00, 0x02, 0x05, 0x00, 0x00, 0x00, 0x00, 0x00, 0x00, 0x00, 0x00, 0x00, 0x3b, 0xff, 0xf7, 0xff,
    0xff, 0xff, 0xff, 0xff, 0xff, 0xf9, 0xff, 0x8c, 0x00, 0x00, 0x00, 0x00, 0x00, 0x00, 0x00, 0x00,
    0x00, 0x42, 0xff, 0xf9, 0xb5, 0xb4, 0x9a, 0x00, 0x00, 0x00, 0x00, 0x00, 0x00, 0x00, 0x00, 0x00,
    0x00, 0x00, 0x00, 0x00, 0x00, 0x00, 0x00, 0x00, 0x00, 0x00, 0x00, 0x00, 0x00, 0x00, 0x00, 0x00,
    0x00, 0x12, 0xe8, 0xc3, 0x61, 0x08, 0x07, 0x2e, 0x00, 0x00, 0x00, 0x05, 0xbe, 0xfd, 0xfb, 0xff,
    0xff, 0xff, 0xff, 0xff, 0xff, 0xff, 0xf7, 0xff, 0x26, 0x00, 0x00, 0x00, 0x00, 0x00, 0x00, 0x00,
    0x00, 0x06, 0xf3, 0xfb, 0xff, 0x9a, 0x01, 0x00, 0x00, 0x00, 0x00, 0x00, 0x00, 0x00, 0x00, 0x00,
    0x00, 0x00, 0x00, 0x00, 0x00, 0x00, 0x00, 0x00, 0x00, 0x00, 0x00, 0x00, 0x00, 0x00, 0x00, 0x10,
    0x30, 0x4c, 0xcc, 0xff, 0xff, 0xf5, 0x8f, 0xff, 0x80, 0x05, 0x00, 0x24, 0xf5, 0xfb, 0xff, 0xff,
    0xff, 0xff, 0xff, 0xff, 0xff, 0xff, 0xfb, 0xfd, 0xc3, 0x00, 0x00, 0x00, 0x00, 0x00, 0x00, 0x00,
    0x00, 0x00, 0x54, 0xff, 0x86, 0x00, 0x00, 0x00, 0x00, 0x00, 0x00, 0x00, 0x00, 0x00, 0x00, 0x00,
    0x00, 0x00, 0x00, 0x00, 0x00, 0x00, 0x00, 0x00, 0x00, 0x00, 0x00, 0x00, 0x00, 0x38, 0xc8, 0xff,
    0xff, 0xff, 0xff, 0xfb, 0xf7, 0xff, 0xff, 0xf7, 0xff, 0xe9, 0x7b, 0x9b, 0xf9, 0xfd, 0xff, 0xff,
    0xff, 0xff, 0xff, 0xff, 0xff, 0xff, 0xff, 0xfb, 0xff, 0x13, 0x00, 0x00, 0x00, 0x00, 0x00, 0x00,
    0x00, 0x00, 0x0b, 0xfb, 0x09, 0x00, 0x00, 0x00, 0x00, 0x00, 0x00, 0x00, 0x00, 0x00, 0x00, 0x00,
    0x00, 0x00, 0x00, 0x00, 0x00, 0x00, 0x00, 0x00, 0x00, 0x00, 0x00, 0x00, 0x00, 0x3a, 0xb5, 0xf9,
    0xf5, 0xf7, 0xfd, 0xff, 0xff, 0xfd, 0xf9, 0xff, 0xf9, 0xff, 0xff, 0xff, 0xff, 0xff, 0xff, 0xff,
    0xff, 0xff, 0xff, 0xff, 0xff, 0xff, 0xff, 0xf7, 0xfd, 0x43, 0x00, 0x00, 0x00, 0x00, 0x00, 0x00,
    0x00, 0x00, 0x02, 0xda, 0x03, 0x00, 0x00, 0x00, 0x00, 0x00, 0x00, 0x00, 0x00, 0x00, 0x00, 0x00,
    0x00, 0x00, 0x00, 0x00, 0x00, 0x00, 0x00, 0x00, 0x00, 0x00, 0x00, 0x00, 0x04, 0x56, 0xd7, 0xfd,
    0xfd, 0xff, 0xff, 0xff, 0xff, 0xff, 0xff, 0xff, 0xff, 0xfd, 0xf9, 0xfb, 0xff, 0xff, 0xff, 0xff,
    0xff, 0xff, 0xff, 0xff, 0xff, 0xff, 0xff, 0xf9, 0xff, 0x8f, 0x00, 0x00, 0x00, 0x00, 0x00, 0x00,
    0x00, 0x00, 0x00, 0x98, 0x16, 0x00, 0x00, 0x00, 0x00, 0x00, 0x00, 0x00, 0x00, 0x00, 0x00, 0x00,
    0x00, 0x00, 0x00, 0x00, 0x00, 0x00, 0x00, 0x00, 0x00, 0x00, 0x00, 0x1b, 0xe0, 0xff, 0xff, 0xff,
    0xff, 0xff, 0xff, 0xff, 0xff, 0xff, 0xff, 0xff, 0xff, 0xff, 0xff, 0xff, 0xff, 0xff, 0xff, 0xff,
    0xff, 0xff, 0xff, 0xff, 0xff, 0xff, 0xff, 0xfd, 0xfd, 0xf1, 0x04, 0x00, 0x00, 0x00, 0x00, 0x00,
    0x00, 0x04, 0x83, 0x89, 0x5d, 0x00, 0x00, 0x00, 0x00, 0x00, 0x00, 0x00, 0x00, 0x00, 0x00, 0x00,
    0x00, 0x00, 0x00, 0x00, 0x00, 0x00, 0x00, 0x00, 0x00, 0x00, 0x1f, 0xff, 0xff, 0xf7, 0xff, 0xff,
    0xff, 0xff, 0xff, 0xff, 0xff, 0xff, 0xff, 0xff, 0xff, 0xff, 0xff, 0xff, 0xff, 0xff, 0xff, 0xff,
    0xff, 0xff, 0xff, 0xff, 0xff, 0xff, 0xff, 0xff, 0xf7, 0xff, 0x29, 0x00, 0x00, 0x00, 0x00, 0x00,
    0x00, 0x00, 0x62, 0xff, 0xd9, 0x02, 0x04, 0x00, 0x00, 0x00, 0x00, 0x00, 0x00, 0x00, 0x00, 0x00,
    0x00, 0x00, 0x00, 0x00, 0x00, 0x00, 0x00, 0x00, 0x00, 0x0f, 0xff, 0xf9, 0xfb, 0xff, 0xff, 0xff,
    0xff, 0xff, 0xff, 0xff, 0xff, 0xff, 0xff, 0xff, 0xff, 0xff, 0xff, 0xff, 0xff, 0xff, 0xff, 0xff,
    0xff, 0xff, 0xff, 0xff, 0xff, 0xff, 0xff, 0xff, 0xf7, 0xff, 0x52, 0x00, 0x00, 0x00, 0x00, 0x00,
    0x00, 0x00, 0x00, 0xa3, 0xff, 0x38, 0x7e, 0x05, 0x00, 0x00, 0x00, 0x00, 0x00, 0x00, 0x00, 0x00,
    0x00, 0x00, 0x00, 0x00, 0x00, 0x00, 0x00, 0x00, 0x00, 0x7f, 0x74, 0xe6, 0xfd, 0xff, 0xff, 0xff,
    0xff, 0xff, 0xff, 0xff, 0xff, 0xff, 0xff, 0xff, 0xff, 0xff, 0xff, 0xff, 0xff, 0xff, 0xff, 0xff,
    0xff, 0xff, 0xff, 0xff, 0xff, 0xff, 0xff, 0xff, 0xf7, 0xff, 0x4f, 0x00, 0x00, 0x00, 0x1d, 0x06,
    0x00, 0x00, 0x00, 0x09, 0xf7, 0xc5, 0xf7, 0x26, 0x00, 0x00, 0x00, 0x00, 0x00, 0x00, 0x00, 0x00,
    0x00, 0x00, 0x00, 0x00, 0x00, 0x00, 0x00, 0x00, 0x00, 0x02, 0x80, 0xff, 0xf9, 0xff, 0xff, 0xff,
    0xff, 0xff, 0xff, 0xff, 0xff, 0xfd, 0xff, 0xff, 0xff, 0xff, 0xff, 0xff, 0xff, 0xff, 0xff, 0xff,
    0xff, 0xff, 0xff, 0xff, 0xff, 0xff, 0xff, 0xff, 0xfb, 0xfd, 0xad, 0x05, 0x0e, 0x9a, 0xff, 0xde,
    0x20, 0x00, 0x00, 0x00, 0x71, 0xff, 0xff, 0x68, 0x00, 0x00, 0x00, 0x00, 0x00, 0x00, 0x00, 0x00,
    0x00, 0x00, 0x00, 0x00, 0x00, 0x00, 0x00, 0x00, 0x00, 0x2a, 0xff, 0xf9, 0xff, 0xff, 0xff, 0xff,
    0xff, 0xff, 0xff, 0xff, 0xff, 0xff, 0xfd, 0xfd, 0xff, 0xff, 0xff, 0xff, 0xff, 0xff, 0xff, 0xff,
    0xff, 0xff, 0xff, 0xff, 0xff, 0xff, 0xff, 0xff, 0xff, 0xff, 0xff, 0xf3, 0xff, 0xff, 0xf3, 0xff,
    0xfd, 0x05, 0x00, 0x00, 0x13, 0xff, 0xff, 0xa0, 0x00, 0x00, 0x00, 0x00, 0x00, 0x00, 0x00, 0x00,
    0x00, 0x00, 0x00, 0x00, 0x00, 0x00, 0x00, 0x00, 0x01, 0xd5, 0xfb, 0xfb, 0xff, 0xff, 0xff, 0xff,
    0xff, 0xff, 0xff, 0xff, 0xff, 0xe6, 0xff, 0xff, 0xfd, 0xff, 0xff, 0xff, 0xff, 0xff, 0xff, 0xff,
    0xff, 0xff, 0xff, 0xff, 0xff, 0xff, 0xff, 0xff, 0xff, 0xff, 0xfd, 0xff, 0xf9, 0xff, 0xff, 0xf1,
    0xfd, 0x4c, 0x00, 0x00, 0x01, 0xda, 0xff, 0xab, 0x00, 0x00, 0x00, 0x00, 0x00, 0x00, 0x00, 0x00,
    0x00, 0x00, 0x00, 0x00, 0x00, 0x00, 0x00, 0x00, 0x2b, 0xff, 0xf9, 0xff, 0xff, 0xff, 0xff, 0xfd,
    0xfd, 0xff, 0xff, 0xfb, 0xff, 0x9a, 0x1e, 0xed, 0xff, 0xfd, 0xff, 0xff, 0xff, 0xff, 0xff, 0xff,
    0xff, 0xff, 0xff, 0xff, 0xff, 0xfb, 0xf9, 0xfb, 0xff, 0xfd, 0xf9, 0xf7, 0xff, 0xe4, 0xcf, 0xff,
    0xff, 0x50, 0x00, 0x01, 0x00, 0xa8, 0xff, 0x95, 0x00, 0x00, 0x00, 0x00, 0x00, 0x00, 0x00, 0x00,
    0x00, 0x00, 0x00, 0x00, 0x00, 0x00, 0x00, 0x00, 0x98, 0xfd, 0xf9, 0xff, 0xff, 0xff, 0xff, 0xff,
    0xff, 0xff, 0xff, 0xfd, 0xff, 0xdc, 0x00, 0x0d, 0xd1, 0xfb, 0xfd, 0xff, 0xff, 0xff, 0xff, 0xff,
    0xff, 0xff, 0xff, 0xfd, 0xf9, 0xff, 0xff, 0xff, 0xfd, 0xff, 0xff, 0xff, 0x8e, 0x07, 0x03, 0x94,
    0xe8, 0x05, 0x00, 0x26, 0x20, 0x74, 0xff, 0x5e, 0x00, 0x00, 0x00, 0x00, 0x00, 0x00, 0x00, 0x00,
    0x00, 0x00, 0x00, 0x00, 0x00, 0x00, 0x00, 0x03, 0xf3, 0xff, 0xfd, 0xff, 0xff, 0xfd, 0xff, 0xcf,
    0xe0, 0xff, 0xfd, 0xfb, 0xfd, 0xcc, 0x01, 0x00, 0x4b, 0xff, 0xf7, 0xff, 0xff, 0xff, 0xff, 0xfd,
    0xf7, 0xf7, 0xf9, 0xff, 0xff, 0xca, 0x23, 0xb4, 0xff, 0xf3, 0x97, 0x20, 0x00, 0x00, 0x00, 0x1b,
    0x08, 0x00, 0x00, 0x1f, 0xda, 0xa8, 0xff, 0x1e, 0x00, 0x00, 0x00, 0x00, 0x00, 0x00, 0x00, 0x00,
    0x00, 0x00, 0x00, 0x00, 0x00, 0x00, 0x00, 0x16, 0xef, 0x89, 0xff, 0xfb, 0xff, 0xf7, 0xff, 0x4b,
    0x7f, 0xff, 0xfb, 0xf7, 0xff, 0x6d, 0x00, 0x03, 0xe9, 0xff, 0xfb, 0xff, 0xff, 0xff, 0xff, 0xff,
    0xff, 0xff, 0xff, 0xe9, 0x5e, 0x02, 0x00, 0x01, 0x0b, 0x05, 0x00, 0x00, 0x00, 0x00, 0x00, 0x00,
    0x00, 0x00, 0x00, 0x20, 0xff, 0xff, 0xe6, 0x74, 0x05, 0x00, 0x00, 0x00, 0x00, 0x00, 0x00, 0x00,
    0x00, 0x00, 0x00, 0x00, 0x00, 0x00, 0x00, 0x11, 0x1b, 0x5e, 0xff, 0xf7, 0xff, 0xf7, 0xff, 0x2a,
    0x54, 0xff, 0xf5, 0xfd, 0xf5, 0x08, 0x00, 0x00, 0x11, 0xdc, 0xfd, 0xfd, 0xff, 0xfd, 0xff, 0xe2,
    0x6b, 0x4c, 0x23, 0x04, 0x00, 0x00, 0x00, 0x00, 0x00, 0x00, 0x00, 0x00, 0x00, 0x00, 0x00, 0x00,
    0x00, 0x00, 0x00, 0x39, 0xfd, 0xf5, 0xfb, 0xe8, 0x01, 0x00, 0x00, 0x00, 0x00, 0x00, 0x00, 0x00,
    0x00, 0x00, 0x00, 0x00, 0x00, 0x00, 0x00, 0x00, 0x00, 0x8f, 0xff, 0xf9, 0xff, 0xf9, 0xff, 0x5b,
    0xb4, 0xff, 0xf9, 0xfd, 0x20, 0x00, 0x00, 0x00, 0x00, 0xb0, 0xfd, 0xfd, 0xff, 0xfb, 0xff, 0xd3,
    0x00, 0x00, 0x00, 0x00, 0x00, 0x00, 0x00, 0x00, 0x00, 0x00, 0x00, 0x00, 0x00, 0x00, 0x00, 0x00,
    0x00, 0x00, 0x00, 0x75, 0xff, 0xf1, 0xfd, 0x7f, 0x00, 0x00, 0x00, 0x00, 0x00, 0x00, 0x00, 0x00,
    0x00, 0x00, 0x00, 0x00, 0x00, 0x00, 0x00, 0x00, 0x00, 0x7f, 0xff, 0xf9, 0xff, 0xfd, 0xff, 0xda,
    0xf7, 0xfb, 0xff, 0x43, 0x00, 0x00, 0x00, 0x00, 0x00, 0x01, 0x92, 0xfd, 0xf9, 0xff, 0xff, 0xff,
    0x09, 0x00, 0x00, 0x00, 0x00, 0x00, 0x00, 0x00, 0x00, 0x00, 0x00, 0x00, 0x00, 0x00, 0x00, 0x00,
    0x00, 0x00, 0x02, 0xe4, 0xff, 0xf5, 0xff, 0x17, 0x00, 0x00, 0x00, 0x00, 0x00, 0x00, 0x00, 0x00,
    0x00, 0x00, 0x00, 0x00, 0x00, 0x00, 0x00, 0x00, 0x00, 0x5e, 0xfd, 0xf7, 0xff, 0xff, 0xff, 0xff,
    0xff, 0xf9, 0xff, 0x13, 0x00, 0x00, 0x00, 0x00, 0x00, 0x00, 0x14, 0xff, 0xf7, 0xff, 0xfb, 0xff,
    0x11, 0x00, 0x00, 0x00, 0x00, 0x00, 0x00, 0x00, 0x00, 0x00, 0x00, 0x00, 0x00, 0x00, 0x00, 0x00,
    0x00, 0x26, 0x55, 0xff, 0xf1, 0xff, 0x8f, 0x00, 0x00, 0x00, 0x00, 0x00, 0x00, 0x00, 0x00, 0x00,
    0x00, 0x00, 0x00, 0x00, 0x00, 0x00, 0x00, 0x00, 0x00, 0x2a, 0xff, 0xf7, 0xfd, 0xff, 0xff, 0xfd,
    0xff, 0xf9, 0xff, 0x6f, 0x00, 0x00, 0x00, 0x00, 0x00, 0x00, 0x00, 0x74, 0xff, 0xf9, 0xf9, 0xff,
    0x1e, 0x00, 0x00, 0x00, 0x00, 0x00, 0x00, 0x00, 0x00, 0x00, 0x00, 0x00, 0x00, 0x00, 0x00, 0x00,
    0x22, 0xde, 0xda, 0xfb, 0xff, 0xe4, 0x05, 0x00, 0x00, 0x00, 0x00, 0x00, 0x00, 0x00, 0x00, 0x00,
    0x00, 0x00, 0x00, 0x00, 0x00, 0x00, 0x00, 0x00, 0x00, 0x03, 0xef, 0xff, 0xff, 0xff, 0xff, 0xff,
    0xff, 0xff, 0xfb, 0xff, 0x2b, 0x00, 0x02, 0x00, 0x00, 0x00, 0x00, 0x02, 0xcf, 0xfd, 0xf3, 0xff,
    0x3f, 0x00, 0x00, 0x00, 0x00, 0x00, 0x00, 0x00, 0x00, 0x00, 0x00, 0x00, 0x0b, 0x1f, 0x00, 0x0b,
    0xe8, 0xff, 0xfd, 0xff, 0xd5, 0x11, 0x00, 0x00, 0x00, 0x00, 0x00, 0x00, 0x00, 0x00, 0x00, 0x00,
    0x00, 0x00, 0x00, 0x00, 0x00, 0x00, 0x00, 0x00, 0x00, 0x00, 0x73, 0xaf, 0xbe, 0xfb, 0xfd, 0xff,
    0xff, 0xff, 0xff, 0xff, 0xff, 0xb7, 0xdc, 0x7c, 0x1f, 0x00, 0x00, 0x00, 0x1c, 0xff, 0xf5, 0xff,
    0xa5, 0x00, 0x00, 0x00, 0x00, 0x00, 0x00, 0x00, 0x00, 0x00, 0x00, 0x02, 0xd7, 0x22, 0x06, 0xd9,
    0xff, 0xf9, 0xf9, 0xdc, 0x4a, 0x00, 0x00, 0x00, 0x00, 0x00, 0x00, 0x00, 0x00, 0x00, 0x00, 0x00,
    0x00, 0x00, 0x00, 0x00, 0x00, 0x00, 0x00, 0x00, 0x00, 0x00, 0x08, 0x1c, 0x29, 0xff, 0xf5, 0xff,
    0xff, 0xff, 0xff, 0xff, 0xfd, 0xff, 0xff, 0xff, 0xff, 0x0c, 0x00, 0x00, 0x00, 0xb7, 0xff, 0xf7,
    0xff, 0x2b, 0x00, 0x00, 0x00, 0x00, 0x00, 0x00, 0x00, 0x00, 0x07, 0xaf, 0xe8, 0x3a, 0xdc, 0xff,
    0xf9, 0xf7, 0xff, 0xff, 0x40, 0x00, 0x00, 0x00, 0x00, 0x00, 0x00, 0x00, 0x00, 0x00, 0x00, 0x00,
    0x00, 0x00, 0x00, 0x00, 0x00, 0x00, 0x00, 0x00, 0x00, 0x00, 0x00, 0x00, 0x00, 0x9a, 0xff, 0xf7,
    0xff, 0xff, 0xff, 0xff, 0xff, 0xfb, 0xfb, 0xbc, 0x50, 0x00, 0x00, 0x00, 0x00, 0x4b, 0xff, 0xf5,
    0xfb, 0xff, 0x5d, 0x1a, 0x02, 0x00, 0x00, 0x00, 0x04, 0x45, 0xe9, 0xff, 0xef, 0xff, 0xff, 0xf5,
    0xff, 0xff, 0xef, 0x36, 0x00, 0x00, 0x00, 0x00, 0x00, 0x00, 0x00, 0x00, 0x00, 0x00, 0x00, 0x00,
    0x00, 0x00, 0x00, 0x00, 0x00, 0x00, 0x00, 0x00, 0x00, 0x00, 0x00, 0x00, 0x00, 0x04, 0xd1, 0xff,
    0xf5, 0xfd, 0xfb, 0xff, 0xff, 0xff, 0xff, 0xd5, 0x85, 0x56, 0x2e, 0x17, 0x0b, 0x3c, 0xff, 0xf9,
    0xff, 0xff, 0xff, 0xff, 0xc7, 0x1c, 0x33, 0x82, 0xe9, 0xff, 0xff, 0xfb, 0xff, 0xfd, 0xff, 0xff,
    0xeb, 0x6b, 0x08, 0x00, 0x00, 0x00, 0x00, 0x00, 0x00, 0x00, 0x00, 0x00, 0x00, 0x00, 0x00, 0x00,
    0x00, 0x00, 0x00, 0x00, 0x00, 0x00, 0x00, 0x00, 0x00, 0x00, 0x00, 0x00, 0x00, 0x00, 0x08, 0xc0,
    0xff, 0xff, 0xff, 0xf9, 0xfb, 0xff, 0xff, 0xff, 0xff, 0xff, 0xff, 0xff, 0xff, 0xf7, 0xff, 0xff,
    0xff, 0xff, 0xf9, 0xf9, 0xff, 0xff, 0xff, 0xff, 0xff, 0xf1, 0xf5, 0xf9, 0xfd, 0xf3, 0xa6, 0x32,
    0x05, 0x00, 0x00, 0x00, 0x00, 0x00, 0x00, 0x00, 0x00, 0x00, 0x00, 0x00, 0x00, 0x00, 0x00, 0x00,
    0x00, 0x00, 0x00, 0x00, 0x00, 0x00, 0x00, 0x00, 0x00, 0x00, 0x00, 0x00, 0x00, 0x00, 0x00, 0x02,
    0x66, 0xed, 0xc3, 0xff, 0xff, 0xff, 0xf7, 0xf5, 0xf1, 0xef, 0xf1, 0xf5, 0xf7, 0xfd, 0xfb, 0xfb,
    0xfb, 0xf7, 0xf7, 0xf7, 0xf5, 0xf1, 0xf1, 0xf7, 0xff, 0xff, 0xff, 0xff, 0xff, 0xc7, 0x4e, 0x00,
    0x00, 0x00, 0x00, 0x00, 0x00, 0x00, 0x00, 0x00, 0x00, 0x00, 0x00, 0x00, 0x00, 0x00, 0x00, 0x00,
    0x00, 0x00, 0x00, 0x00, 0x00, 0x00, 0x00, 0x00, 0x00, 0x00, 0x00, 0x00, 0x00, 0x00, 0x00, 0x00,
    0x00, 0x07, 0x03, 0x2a, 0xaa, 0xff, 0xff, 0xff, 0xff, 0xff, 0xff, 0xff, 0xff, 0xff, 0xff, 0xff,
    0xff, 0xff, 0xff, 0xff, 0xff, 0xff, 0xff, 0xff, 0xb2, 0x3d, 0x24, 0x16, 0x09, 0x01, 0x00, 0x00,
    0x00, 0x00, 0x00, 0x00, 0x00, 0x00, 0x00, 0x00, 0x00, 0x00, 0x00, 0x00, 0x00, 0x00, 0x00, 0x00,
    0x00, 0x00, 0x00, 0x00, 0x00, 0x00, 0x00, 0x00, 0x00, 0x00, 0x00, 0x00, 0x00, 0x00, 0x00, 0x00,
    0x00, 0x00, 0x00, 0x00, 0x00, 0x0a, 0x26, 0x3c, 0x4a, 0x64, 0x83, 0x9a, 0x9b, 0x9e, 0xaf, 0xba,
    0xc8, 0x71, 0x61, 0x71, 0x61, 0x2f, 0x1b, 0x0b, 0x02, 0x00, 0x00, 0x00, 0x00, 0x00, 0x00, 0x00,
    0x00, 0x00, 0x00, 0x00, 0x00, 0x00, 0x00, 0x00, 0x00, 0x00, 0x00, 0x00, 0x00, 0x00, 0x00, 0x00,
    0x00, 0x00, 0x00, 0x00, 0x00, 0x00, 0x00, 0x00, 0x00, 0x00, 0x00, 0x00, 0x00, 0x00, 0x00, 0x00,
    0x00, 0x00, 0x00, 0x00, 0x00, 0x00, 0x00, 0x00, 0x00, 0x00, 0x00, 0x00, 0x00, 0x00, 0x00, 0x00,
    0x00, 0x00, 0x00, 0x00, 0x00, 0x00, 0x00, 0x00, 0x00, 0x00, 0x00, 0x00, 0x00, 0x00, 0x00, 0x00,
    0x00, 0x00, 0x00, 0x00, 0x00, 0x00, 0x00, 0x00, 0x00, 0x00, 0x00, 0x00, 0x00, 0x00, 0x00, 0x00,
    0x00, 0x00, 0x00, 0x00, 0x00, 0x00, 0x00, 0x00, 0x00, 0x00, 0x00, 0x00, 0x00, 0x00, 0x00, 0x00,
    0x00, 0x00, 0x00, 0x00, 0x00, 0x00, 0x00, 0x00, 0x00, 0x00, 0x00, 0x00, 0x00, 0x00, 0x00, 0x00,
    0x00, 0x00, 0x00, 0x00, 0x00, 0x00, 0x00, 0x00, 0x00, 0x00, 0x00, 0x00, 0x00, 0x00, 0x00, 0x00,
    0x00, 0x00, 0x00, 0x00, 0x00, 0x00, 0x00, 0x00, 0x00, 0x00, 0x00, 0x00, 0x00, 0x00, 0x00, 0x00,
};

const lv_image_dsc_t love_frame_7_dsc = {
    .header.w = 64,
    .header.h = 64,
    .header.cf = LV_COLOR_FORMAT_RGB565A8,
    .data_size = 12288,
    .data = love_frame_7_data,
};

/* Frame 8: frame_008.png */
static const uint8_t love_frame_8_data[] = {
    0x00, 0x00, 0x00, 0x00, 0x00, 0x00, 0x00, 0x00, 0x00, 0x00, 0x00, 0x00, 0x00, 0x00, 0x00, 0x00,
    0x00, 0x00, 0x00, 0x00, 0x00, 0x00, 0x00, 0x00, 0x00, 0x00, 0x00, 0x00, 0x00, 0x00, 0x00, 0x00,
    0x00, 0x00, 0x00, 0x00, 0xa1, 0x00, 0x46, 0x00, 0x00, 0x00, 0x00, 0x00, 0x00, 0x00, 0x00, 0x00,
    0x00, 0x00, 0x00, 0x00, 0x00, 0x00, 0x00, 0x00, 0x00, 0x00, 0x00, 0x00, 0x00, 0x00, 0x00, 0x00,
    0x00, 0x00, 0xa4, 0x00, 0x61, 0x00, 0x00, 0x00, 0x00, 0x00, 0x00, 0x00, 0x00, 0x00, 0x00, 0x00,
    0x00, 0x00, 0x00, 0x00, 0x00, 0x00, 0x00, 0x00, 0x00, 0x00, 0x00, 0x00, 0x00, 0x00, 0x00, 0x00,
    0x00, 0x00, 0x00, 0x00, 0x00, 0x00, 0x00, 0x00, 0x00, 0x00, 0x00, 0x00, 0x00, 0x00, 0x00, 0x00,
    0x00, 0x00, 0x00, 0x00, 0x00, 0x00, 0x00, 0x00, 0x00, 0x00, 0x00, 0x00, 0x00, 0x00, 0x00, 0x00,
    0x00, 0x00, 0x00, 0x00, 0x00, 0x00, 0x00, 0x00, 0x00, 0x00, 0x00, 0x00, 0x00, 0x00, 0x00, 0x00,
    0x00, 0x00, 0x00, 0x00, 0x00, 0x00, 0x00, 0x00, 0x00, 0x00, 0x00, 0x00, 0x00, 0x00, 0x00, 0x00,
    0x00, 0x00, 0x00, 0x00, 0x02, 0x00, 0xe7, 0x00, 0x00, 0x00, 0x00, 0x00, 0x00, 0x00, 0x00, 0x00,
    0x00, 0x00, 0x00, 0x00, 0x00, 0x00, 0x00, 0x00, 0x00, 0x00, 0x00, 0x00, 0x00, 0x00, 0x00, 0x00,
    0x00, 0x00, 0xa7, 0x00, 0xc2, 0x00, 0x00, 0x00, 0x00, 0x00, 0x00, 0x00, 0x00, 0x00, 0x00, 0x00,
    0x00, 0x00, 0x00, 0x00, 0x00, 0x00, 0x00, 0x00, 0x00, 0x00, 0x00, 0x00, 0x00, 0x00, 0x00, 0x00,
    0x00, 0x00, 0x00, 0x00, 0x00, 0x00, 0x00, 0x00, 0x00, 0x00, 0x00, 0x00, 0x00, 0x00, 0x00, 0x00,
    0x00, 0x00, 0x00, 0x00, 0x00, 0x00, 0x00, 0x00, 0x00, 0x00, 0x00, 0x00, 0x00, 0x00, 0x00, 0x00,
    0x00, 0x00, 0x00, 0x00, 0x00, 0x00, 0x00, 0x00, 0x00, 0x00, 0x00, 0x00, 0x00, 0x00, 0x00, 0x00,
    0x00, 0x00, 0x00, 0x00, 0x00, 0x00, 0x00, 0x00, 0x00, 0x00, 0x00, 0x00, 0x00, 0x00, 0x00, 0x00,
    0x00, 0x00, 0x00, 0x00, 0xe2, 0x00, 0x69, 0x00, 0x61, 0x00, 0x81, 0x00, 0xe2, 0x00, 0x00, 0x00,
    0x00, 0x00, 0x00, 0x00, 0x00, 0x00, 0x00, 0x00, 0x00, 0x00, 0x00, 0x00, 0x00, 0x00, 0x00, 0x00,
    0x00, 0x00, 0xa7, 0x00, 0x25, 0x00, 0x00, 0x00, 0x00, 0x00, 0xe2, 0x00, 0x00, 0x00, 0x00, 0x00,
    0x00, 0x00, 0x00, 0x00, 0x00, 0x00, 0x00, 0x00, 0x00, 0x00, 0x00, 0x00, 0x00, 0x00, 0x00, 0x00,
    0x00, 0x00, 0x00, 0x00, 0x00, 0x00, 0x00, 0x00, 0x00, 0x00, 0x00, 0x00, 0x00, 0x00, 0x00, 0x00,
    0x00, 0x00, 0x00, 0x00, 0x00, 0x00, 0x00, 0x00, 0x00, 0x00, 0x00, 0x00, 0x00, 0x00, 0x00, 0x00,
    0x00, 0x00, 0x00, 0x00, 0x00, 0x00, 0x00, 0x00, 0x00, 0x00, 0x00, 0x00, 0x00, 0x00, 0x00, 0x00,
    0x00, 0x00, 0x00, 0x00, 0x00, 0x00, 0x00, 0x00, 0x00, 0x00, 0x00, 0x00, 0x00, 0x00, 0x00, 0x00,
    0x00, 0x00, 0x00, 0x00, 0x40, 0x00, 0x28, 0x00, 0xe5, 0x00, 0xe2, 0x00, 0x46, 0x00, 0x00, 0x00,
    0x00, 0x00, 0x00, 0x00, 0x00, 0x00, 0x00, 0x00, 0x00, 0x00, 0x00, 0x00, 0x00, 0x00, 0x43, 0x00,
    0x40, 0x00, 0x63, 0x00, 0x69, 0x00, 0xa4, 0x00, 0x81, 0x00, 0x66, 0x00, 0x00, 0x00, 0x00, 0x00,
    0x00, 0x00, 0x00, 0x00, 0x00, 0x00, 0x00, 0x00, 0x00, 0x00, 0x00, 0x00, 0x00, 0x00, 0x00, 0x00,
    0x00, 0x00, 0x00, 0x00, 0x00, 0x00, 0x00, 0x00, 0x00, 0x00, 0x00, 0x00, 0x00, 0x00, 0x00, 0x00,
    0x00, 0x00, 0x00, 0x00, 0x00, 0x00, 0x00, 0x00, 0x00, 0x00, 0x00, 0x00, 0x00, 0x00, 0x00, 0x00,
    0x00, 0x00, 0x00, 0x00, 0x00, 0x00, 0x00, 0x00, 0x00, 0x00, 0x00, 0x00, 0x00, 0x00, 0x00, 0x00,
    0x00, 0x00, 0x00, 0x00, 0x00, 0x00, 0x00, 0x00, 0x00, 0x00, 0x00, 0x00, 0x00, 0x00, 0x00, 0x00,
    0x00, 0x00, 0x00, 0x00, 0x00, 0x00, 0x84, 0x00, 0xa9, 0x00, 0x46, 0x00, 0xe8, 0x00, 0x00, 0x00,
    0x00, 0x00, 0x00, 0x00, 0x00, 0x00, 0x00, 0x00, 0x20, 0x00, 0xe5, 0x00, 0x00, 0x00, 0x86, 0x00,
    0x86, 0x00, 0x00, 0x00, 0x25, 0x00, 0xca, 0x00, 0x08, 0x00, 0x08, 0x00, 0x61, 0x00, 0x00, 0x00,
    0x00, 0x00, 0x00, 0x00, 0x00, 0x00, 0x00, 0x00, 0x00, 0x00, 0x00, 0x00, 0x00, 0x00, 0x00, 0x00,
    0x00, 0x00, 0x00, 0x00, 0x00, 0x00, 0x00, 0x00, 0x00, 0x00, 0x00, 0x00, 0x00, 0x00, 0x00, 0x00,
    0x00, 0x00, 0x00, 0x00, 0x00, 0x00, 0x00, 0x00, 0x00, 0x00, 0x00, 0x00, 0x00, 0x00, 0x00, 0x00,
    0x00, 0x00, 0x00, 0x00, 0x00, 0x00, 0x00, 0x00, 0x00, 0x00, 0x00, 0x00, 0x00, 0x00, 0x00, 0x00,
    0x00, 0x00, 0x00, 0x00, 0x00, 0x00, 0x00, 0x00, 0x00, 0x00, 0x00, 0x00, 0x00, 0x00, 0x00, 0x00,
    0x00, 0x00, 0x00, 0x00, 0x00, 0x00, 0x00, 0x00, 0x05, 0x00, 0xa7, 0x00, 0x89, 0x00, 0x05, 0x00,
    0x00, 0x00, 0x40, 0x00, 0x61, 0x00, 0x00, 0x00, 0x02, 0x00, 0xa9, 0x00, 0x40, 0x00, 0x66, 0x00,
    0x6b, 0x00, 0xa7, 0x00, 0x40, 0x00, 0x84, 0x00, 0xe7, 0x00, 0x69, 0x00, 0xc7, 0x00, 0x20, 0x00,
    0x00, 0x00, 0x00, 0x00, 0x40, 0x00, 0x40, 0x00, 0x00, 0x00, 0x00, 0x00, 0x00, 0x00, 0x00, 0x00,
    0x00, 0x00, 0x00, 0x00, 0x00, 0x00, 0x00, 0x00, 0x00, 0x00, 0x00, 0x00, 0x00, 0x00, 0x00, 0x00,
    0x00, 0x00, 0x00, 0x00, 0x00, 0x00, 0x00, 0x00, 0x00, 0x00, 0x00, 0x00, 0x00, 0x00, 0x00, 0x00,
    0x00, 0x00, 0x00, 0x00, 0x00, 0x00, 0x00, 0x00, 0x00, 0x00, 0x00, 0x00, 0x00, 0x00, 0x00, 0x00,
    0x00, 0x00, 0x00, 0x00, 0x00, 0x00, 0x00, 0x00, 0x00, 0x00, 0x00, 0x00, 0x00, 0x00, 0x20, 0x00,
    0x02, 0x00, 0x20, 0x00, 0x00, 0x00, 0x81, 0x00, 0xe4, 0x00, 0x45, 0x00, 0x86, 0x00, 0xea, 0x00,
    0xc4, 0x00, 0x61, 0x00, 0x86, 0x00, 0x00, 0x00, 0x63, 0x00, 0x8b, 0x00, 0xc4, 0x00, 0xe5, 0x00,
    0x69, 0x00, 0xcc, 0x00, 0xe7, 0x00, 0xe2, 0x00, 0x43, 0x00, 0xe5, 0x00, 0x48, 0x00, 0xe7, 0x00,
    0x40, 0x00, 0x00, 0x00, 0xe5, 0x00, 0xe2, 0x00, 0x00, 0x00, 0x00, 0x00, 0x00, 0x00, 0x00, 0x00,
    0x00, 0x00, 0x00, 0x00, 0x00, 0x00, 0x00, 0x00, 0x00, 0x00, 0x00, 0x00, 0x00, 0x00, 0x00, 0x00,
    0x00, 0x00, 0x00, 0x00, 0x00, 0x00, 0x00, 0x00, 0x00, 0x00, 0x00, 0x00, 0x00, 0x00, 0x00, 0x00,
    0x00, 0x00, 0x00, 0x00, 0x00, 0x00, 0x00, 0x00, 0x00, 0x00, 0x00, 0x00, 0x00, 0x00, 0x00, 0x00,
    0x00, 0x00, 0x00, 0x00, 0x00, 0x00, 0x00, 0x00, 0x00, 0x00, 0x00, 0x00, 0x00, 0x00, 0x00, 0x00,
    0x63, 0x00, 0xc7, 0x00, 0xa7, 0x00, 0x28, 0x00, 0x28, 0x00, 0xe7, 0x00, 0x87, 0x00, 0xa7, 0x00,
    0x89, 0x00, 0xa7, 0x00, 0x49, 0x00, 0x05, 0x00, 0x23, 0x00, 0x2a, 0x00, 0xea, 0x00, 0x64, 0x00,
    0x66, 0x00, 0xca, 0x00, 0x0a, 0x00, 0x68, 0x00, 0x05, 0x00, 0x23, 0x00, 0xa4, 0x00, 0xa9, 0x00,
    0x25, 0x00, 0x81, 0x00, 0xc7, 0x00, 0x61, 0x00, 0x00, 0x00, 0x00, 0x00, 0x00, 0x00, 0x00, 0x00,
    0x00, 0x00, 0x00, 0x00, 0x00, 0x00, 0x00, 0x00, 0x00, 0x00, 0x00, 0x00, 0x00, 0x00, 0x00, 0x00,
    0x00, 0x00, 0x00, 0x00, 0x00, 0x00, 0x00, 0x00, 0x00, 0x00, 0x00, 0x00, 0x00, 0x00, 0x00, 0x00,
    0x00, 0x00, 0x00, 0x00, 0x00, 0x00, 0x00, 0x00, 0x00, 0x00, 0x00, 0x00, 0x00, 0x00, 0x00, 0x00,
    0x00, 0x00, 0x00, 0x00, 0x00, 0x00, 0x00, 0x00, 0x00, 0x00, 0x00, 0x00, 0x00, 0x00, 0x00, 0x00,
    0x00, 0x00, 0xe2, 0x00, 0xc5, 0x00, 0xe5, 0x00, 0x63, 0x00, 0xe2, 0x00, 0xe2, 0x00, 0x63, 0x00,
    0xa4, 0x00, 0x87, 0x00, 0x28, 0x00, 0xca, 0x00, 0x05, 0x00, 0x66, 0x00, 0x0a, 0x00, 0x46, 0x00,
    0x46, 0x00, 0x69, 0x00, 0x48, 0x00, 0x6b, 0x00, 0xa9, 0x00, 0xa7, 0x00, 0x43, 0x00, 0x86, 0x00,
    0x28, 0x00, 0x26, 0x00, 0x25, 0x00, 0x00, 0x00, 0x00, 0x00, 0x00, 0x00, 0x00, 0x00, 0x00, 0x00,
    0x00, 0x00, 0x00, 0x00, 0x00, 0x00, 0x00, 0x00, 0x00, 0x00, 0x00, 0x00, 0x00, 0x00, 0x00, 0x00,
    0x00, 0x00, 0x00, 0x00, 0x00, 0x00, 0x00, 0x00, 0x00, 0x00, 0x00, 0x00, 0x00, 0x00, 0x00, 0x00,
    0x00, 0x00, 0x00, 0x00, 0x00, 0x00, 0x00, 0x00, 0x00, 0x00, 0x00, 0x00, 0x00, 0x00, 0x00, 0x00,
    0x00, 0x00, 0x00, 0x00, 0x00, 0x00, 0x00, 0x00, 0x00, 0x00, 0x00, 0x00, 0x00, 0x00, 0x00, 0x00,
    0x00, 0x00, 0x00, 0x00, 0x00, 0x00, 0x00, 0x00, 0x00, 0x00, 0x00, 0x00, 0x00, 0x00, 0x00, 0x00,
    0x61, 0x00, 0x23, 0x00, 0x26, 0x00, 0x69, 0x00, 0xe7, 0x00, 0x66, 0x00, 0xa9, 0x00, 0x66, 0x00,
    0x66, 0x00, 0x69, 0x00, 0x28, 0x00, 0x6b, 0x00, 0xcc, 0x00, 0x4b, 0x00, 0x66, 0x00, 0xa4, 0x00,
    0x08, 0x00, 0x46, 0x00, 0x02, 0x00, 0x00, 0x00, 0x00, 0x00, 0x00, 0x00, 0x00, 0x00, 0x00, 0x00,
    0x00, 0x00, 0x00, 0x00, 0x00, 0x00, 0x00, 0x00, 0x00, 0x00, 0x00, 0x00, 0x00, 0x00, 0x00, 0x00,
    0x00, 0x00, 0x00, 0x00, 0x00, 0x00, 0x00, 0x00, 0x00, 0x00, 0x00, 0x00, 0x00, 0x00, 0x00, 0x00,
    0x00, 0x00, 0x00, 0x00, 0x00, 0x00, 0x00, 0x00, 0x00, 0x00, 0x00, 0x00, 0x00, 0x00, 0x00, 0x00,
    0x00, 0x00, 0x00, 0x00, 0x00, 0x00, 0x00, 0x00, 0x00, 0x00, 0x00, 0x00, 0x00, 0x00, 0x00, 0x00,
    0x00, 0x00, 0x00, 0x00, 0x00, 0x00, 0x00, 0x00, 0x00, 0x00, 0x00, 0x00, 0x43, 0x00, 0x25, 0x00,
    0x23, 0x00, 0x02, 0x00, 0xc5, 0x00, 0x46, 0x00, 0x87, 0x00, 0xa7, 0x00, 0xcc, 0x00, 0x68, 0x00,
    0xe5, 0x00, 0x28, 0x00, 0x48, 0x00, 0xc9, 0x00, 0xab, 0x00, 0x8b, 0x00, 0x0a, 0x00, 0xe5, 0x00,
    0x87, 0x00, 0x6b, 0x00, 0x43, 0x00, 0x00, 0x00, 0x00, 0x00, 0x00, 0x00, 0x00, 0x00, 0x00, 0x00,
    0x00, 0x00, 0x00, 0x00, 0x00, 0x00, 0x00, 0x00, 0x00, 0x00, 0x00, 0x00, 0x00, 0x00, 0x00, 0x00,
    0x00, 0x00, 0x00, 0x00, 0x00, 0x00, 0x00, 0x00, 0x00, 0x00, 0x00, 0x00, 0x00, 0x00, 0x00, 0x00,
    0x00, 0x00, 0x00, 0x00, 0x00, 0x00, 0x00, 0x00, 0x00, 0x00, 0x00, 0x00, 0x00, 0x00, 0x00, 0x00,
    0x00, 0x00, 0x00, 0x00, 0x00, 0x00, 0x00, 0x00, 0x00, 0x00, 0x00, 0x00, 0x00, 0x00, 0x00, 0x00,
    0x00, 0x00, 0x00, 0x00, 0x00, 0x00, 0xc2, 0x00, 0x84, 0x00, 0xa1, 0x00, 0x40, 0x00, 0xc5, 0x00,
    0x66, 0x00, 0xc5, 0x00, 0x03, 0x00, 0x25, 0x00, 0x66, 0x00, 0xa4, 0x00, 0x2a, 0x00, 0x2d, 0x00,
    0xac, 0x00, 0x28, 0x00, 0x08, 0x00, 0x6b, 0x00, 0x2a, 0x00, 0xea, 0x00, 0x2a, 0x00, 0xa6, 0x00,
    0x28, 0x00, 0xae, 0x00, 0xa6, 0x00, 0x02, 0x00, 0x00, 0x00, 0x00, 0x00, 0x00, 0x00, 0x00, 0x00,
    0x00, 0x00, 0x00, 0x00, 0x00, 0x00, 0x00, 0x00, 0x00, 0x00, 0x00, 0x00, 0x00, 0x00, 0x00, 0x00,
    0x00, 0x00, 0x00, 0x00, 0x00, 0x00, 0x00, 0x00, 0x00, 0x00, 0x00, 0x00, 0x00, 0x00, 0x00, 0x00,
    0x00, 0x00, 0x00, 0x00, 0x00, 0x00, 0x00, 0x00, 0x00, 0x00, 0x00, 0x00, 0x00, 0x00, 0x00, 0x00,
    0x00, 0x00, 0x00, 0x00, 0x00, 0x00, 0x00, 0x00, 0x00, 0x00, 0x00, 0x00, 0x00, 0x00, 0x00, 0x00,
    0x00, 0x00, 0x00, 0x00, 0x00, 0x00, 0x81, 0x00, 0x28, 0x00, 0xa9, 0x00, 0xea, 0x00, 0x89, 0x00,
    0x68, 0x00, 0x07, 0x00, 0xe5, 0x00, 0xe5, 0x00, 0x68, 0x00, 0x05, 0x00, 0xe7, 0x00, 0xec, 0x00,
    0xec, 0x00, 0x4d, 0x00, 0x89, 0x00, 0x8b, 0x00, 0xec, 0x00, 0x89, 0x00, 0xa9, 0x00, 0x07, 0x00,
    0x6b, 0x00, 0x8e, 0x00, 0x68, 0x00, 0x25, 0x00, 0x00, 0x00, 0x00, 0x00, 0x00, 0x00, 0x00, 0x00,
    0x00, 0x00, 0x00, 0x00, 0x00, 0x00, 0x00, 0x00, 0x00, 0x00, 0x00, 0x00, 0x00, 0x00, 0x00, 0x00,
    0x00, 0x00, 0x00, 0x00, 0x00, 0x00, 0x00, 0x00, 0x00, 0x00, 0x00, 0x00, 0x00, 0x00, 0x00, 0x00,
    0x00, 0x00, 0x00, 0x00, 0x00, 0x00, 0x00, 0x00, 0x00, 0x00, 0x00, 0x00, 0x00, 0x00, 0x00, 0x00,
    0x00, 0x00, 0x00, 0x00, 0x00, 0x00, 0x00, 0x00, 0x00, 0x00, 0x00, 0x00, 0x00, 0x00, 0x00, 0x00,
    0x00, 0x00, 0x00, 0x00, 0x00, 0x00, 0x00, 0x00, 0x81, 0x00, 0x87, 0x00, 0x89, 0x00, 0x4b, 0x00,
    0xcc, 0x00, 0xac, 0x00, 0x4b, 0x00, 0x28, 0x00, 0xa7, 0x00, 0x48, 0x00, 0x89, 0x00, 0x2a, 0x00,
    0x2a, 0x00, 0x6b, 0x00, 0xcc, 0x00, 0xa9, 0x00, 0xcc, 0x00, 0x0a, 0x00, 0xea, 0x00, 0x68, 0x00,
    0x2d, 0x00, 0x6b, 0x00, 0x6b, 0x00, 0x48, 0x00, 0x00, 0x00, 0x00, 0x00, 0x00, 0x00, 0x00, 0x00,
    0x00, 0x00, 0x00, 0x00, 0x00, 0x00, 0x00, 0x00, 0x00, 0x00, 0x00, 0x00, 0x00, 0x00, 0x00, 0x00,
    0x00, 0x00, 0x00, 0x00, 0x00, 0x00, 0x00, 0x00, 0x00, 0x00, 0x00, 0x00, 0x00, 0x00, 0x00, 0x00,
    0x00, 0x00, 0x00, 0x00, 0x00, 0x00, 0x00, 0x00, 0x00, 0x00, 0x00, 0x00, 0x00, 0x00, 0x00, 0x00,
    0x00, 0x00, 0x00, 0x00, 0x00, 0x00, 0x00, 0x00, 0x00, 0x00, 0x00, 0x00, 0x00, 0x00, 0x00, 0x00,
    0x00, 0x00, 0x00, 0x00, 0x00, 0x00, 0x00, 0x00, 0x00, 0x00, 0x20, 0x00, 0x64, 0x00, 0xe8, 0x00,
    0xaa, 0x00, 0x0a, 0x00, 0x0b, 0x00, 0x69, 0x00, 0x28, 0x00, 0x8b, 0x00, 0x8e, 0x00, 0xef, 0x00,
    0xcf, 0x00, 0xcc, 0x00, 0xec, 0x00, 0x6b, 0x00, 0xca, 0x00, 0x68, 0x00, 0xea, 0x00, 0x4b, 0x00,
    0xcc, 0x00, 0x6e, 0x00, 0xef, 0x00, 0x28, 0x00, 0x00, 0x00, 0x00, 0x00, 0x00, 0x00, 0x00, 0x00,
    0x00, 0x00, 0x00, 0x00, 0x00, 0x00, 0x00, 0x00, 0x00, 0x00, 0x00, 0x00, 0x00, 0x00, 0x00, 0x00,
    0x00, 0x00, 0x00, 0x00, 0x00, 0x00, 0x00, 0x00, 0x00, 0x00, 0x00, 0x00, 0x00, 0x00, 0x00, 0x00,
    0x00, 0x00, 0x00, 0x00, 0x00, 0x00, 0x00, 0x00, 0x00, 0x00, 0x00, 0x00, 0x00, 0x00, 0x00, 0x00,
    0x00, 0x00, 0x00, 0x00, 0x00, 0x00, 0x00, 0x00, 0x00, 0x00, 0x00, 0x00, 0x00, 0x00, 0x00, 0x00,
    0x00, 0x00, 0x00, 0x00, 0x00, 0x00, 0x00, 0x00, 0x00, 0x00, 0x00, 0x00, 0xc2, 0x00, 0xa4, 0x00,
    0x87, 0x00, 0x69, 0x00, 0xaa, 0x00, 0x49, 0x00, 0x08, 0x00, 0x69, 0x00, 0xea, 0x00, 0x8b, 0x00,
    0xae, 0x00, 0x70, 0x00, 0xcf, 0x00, 0x4d, 0x00, 0x6e, 0x00, 0x2a, 0x00, 0x07, 0x00, 0x2a, 0x00,
    0x8e, 0x00, 0xae, 0x00, 0x4d, 0x00, 0x66, 0x00, 0x81, 0x00, 0x00, 0x00, 0x00, 0x00, 0x00, 0x00,
    0x00, 0x00, 0x00, 0x00, 0x00, 0x00, 0x00, 0x00, 0x00, 0x00, 0x00, 0x00, 0x00, 0x00, 0x00, 0x00,
    0x00, 0x00, 0x00, 0x00, 0x00, 0x00, 0x00, 0x00, 0x00, 0x00, 0x00, 0x00, 0x00, 0x00, 0x00, 0x00,
    0x00, 0x00, 0x00, 0x00, 0x00, 0x00, 0x00, 0x00, 0x00, 0x00, 0x00, 0x00, 0x00, 0x00, 0x00, 0x00,
    0x00, 0x00, 0x00, 0x00, 0x00, 0x00, 0x00, 0x00, 0x00, 0x00, 0x00, 0x00, 0x00, 0x00, 0x00, 0x00,
    0x00, 0x00, 0x00, 0x00, 0x61, 0x00, 0xe2, 0x00, 0xc4, 0x00, 0xe7, 0x00, 0x28, 0x00, 0x66, 0x00,
    0x43, 0x00, 0xa5, 0x00, 0x08, 0x00, 0x49, 0x00, 0x29, 0x00, 0xe8, 0x00, 0x69, 0x00, 0xa7, 0x00,
    0x86, 0x00, 0x8b, 0x00, 0x10, 0x00, 0xae, 0x00, 0x4d, 0x00, 0x50, 0x00, 0x4b, 0x00, 0xab, 0x00,
    0xef, 0x00, 0x6e, 0x00, 0x89, 0x00, 0x46, 0x00, 0xe2, 0x00, 0x00, 0x00, 0x00, 0x00, 0x00, 0x00,
    0x00, 0x00, 0x00, 0x00, 0x00, 0x00, 0x00, 0x00, 0x00, 0x00, 0x00, 0x00, 0x00, 0x00, 0x00, 0x00,
    0x00, 0x00, 0x00, 0x00, 0x00, 0x00, 0x00, 0x00, 0x00, 0x00, 0x00, 0x00, 0x00, 0x00, 0x00, 0x00,
    0x00, 0x00, 0x00, 0x00, 0x00, 0x00, 0x00, 0x00, 0x00, 0x00, 0x00, 0x00, 0x00, 0x00, 0x00, 0x00,
    0x00, 0x00, 0x00, 0x00, 0x00, 0x00, 0x00, 0x00, 0x00, 0x00, 0x00, 0x00, 0x00, 0x00, 0x00, 0x00,
    0x00, 0x00, 0x00, 0x00, 0x43, 0x00, 0x69, 0x00, 0xea, 0x00, 0x89, 0x00, 0xc7, 0x00, 0x66, 0x00,
    0x66, 0x00, 0x05, 0x00, 0x26, 0x00, 0xc8, 0x00, 0x08, 0x00, 0x08, 0x00, 0xe5, 0x00, 0xa4, 0x00,
    0x23, 0x00, 0xa5, 0x00, 0xca, 0x00, 0xef, 0x00, 0x4d, 0x00, 0xcf, 0x00, 0xef, 0x00, 0xae, 0x00,
    0x8e, 0x00, 0xe9, 0x00, 0x25, 0x00, 0x46, 0x00, 0x20, 0x00, 0x00, 0x00, 0x00, 0x00, 0x00, 0x00,
    0x00, 0x00, 0x00, 0x00, 0x00, 0x00, 0x00, 0x00, 0x00, 0x00, 0x00, 0x00, 0x00, 0x00, 0x00, 0x00,
    0x00, 0x00, 0x00, 0x00, 0x00, 0x00, 0x00, 0x00, 0x00, 0x00, 0x00, 0x00, 0x00, 0x00, 0x00, 0x00,
    0x00, 0x00, 0x00, 0x00, 0x00, 0x00, 0x00, 0x00, 0x00, 0x00, 0x00, 0x00, 0x00, 0x00, 0x00, 0x00,
    0x00, 0x00, 0x00, 0x00, 0x00, 0x00, 0x00, 0x00, 0x00, 0x00, 0x00, 0x00, 0x00, 0x00, 0x00, 0x00,
    0x00, 0x00, 0x00, 0x00, 0x00, 0x00, 0xa2, 0x00, 0x84, 0x00, 0x43, 0x00, 0x26, 0x00, 0x49, 0x00,
    0xca, 0x00, 0x0b, 0x00, 0xca, 0x00, 0x89, 0x00, 0x89, 0x00, 0x48, 0x00, 0xc5, 0x00, 0xc7, 0x00,
    0xe2, 0x00, 0x0b, 0x00, 0x84, 0x00, 0xec, 0x00, 0xae, 0x00, 0x8e, 0x00, 0xef, 0x00, 0xae, 0x00,
    0x2d, 0x00, 0x87, 0x00, 0x29, 0x00, 0xe4, 0x00, 0x00, 0x00, 0x00, 0x00, 0x00, 0x00, 0x00, 0x00,
    0x00, 0x00, 0x00, 0x00, 0x00, 0x00, 0x00, 0x00, 0x00, 0x00, 0x00, 0x00, 0x00, 0x00, 0x00, 0x00,
    0x00, 0x00, 0x00, 0x00, 0x00, 0x00, 0x00, 0x00, 0x00, 0x00, 0x00, 0x00, 0x00, 0x00, 0x00, 0x00,
    0x00, 0x00, 0x00, 0x00, 0x00, 0x00, 0x00, 0x00, 0x00, 0x00, 0x00, 0x00, 0x00, 0x00, 0x00, 0x00,
    0x00, 0x00, 0x00, 0x00, 0x00, 0x00, 0x00, 0x00, 0x00, 0x00, 0x00, 0x00, 0x00, 0x00, 0x00, 0x00,
    0x00, 0x00, 0x00, 0x00, 0x00, 0x00, 0x00, 0x00, 0x00, 0x00, 0x84, 0x00, 0x46, 0x00, 0xc7, 0x00,
    0x49, 0x00, 0xaa, 0x00, 0x8a, 0x00, 0x69, 0x00, 0xea, 0x00, 0xac, 0x00, 0x2a, 0x00, 0x08, 0x00,
    0x81, 0x00, 0xe2, 0x00, 0x43, 0x00, 0x68, 0x00, 0x8e, 0x00, 0xef, 0x00, 0xce, 0x00, 0xae, 0x00,
    0xef, 0x00, 0x43, 0x00, 0x66, 0x00, 0x07, 0x00, 0xa1, 0x00, 0x00, 0x00, 0x00, 0x00, 0x00, 0x00,
    0x00, 0x00, 0x00, 0x00, 0x00, 0x00, 0x00, 0x00, 0x00, 0x00, 0x00, 0x00, 0x00, 0x00, 0x00, 0x00,
    0x00, 0x00, 0x00, 0x00, 0x00, 0x00, 0x00, 0x00, 0x00, 0x00, 0x00, 0x00, 0x00, 0x00, 0x00, 0x00,
    0x00, 0x00, 0x00, 0x00, 0x00, 0x00, 0x00, 0x00, 0x00, 0x00, 0x00, 0x00, 0x00, 0x00, 0x00, 0x00,
    0x00, 0x00, 0x00, 0x00, 0x00, 0x00, 0x00, 0x00, 0x00, 0x00, 0x00, 0x00, 0x00, 0x00, 0x00, 0x00,
    0x00, 0x00, 0x00, 0x00, 0x00, 0x00, 0x00, 0x00, 0x43, 0x00, 0xe8, 0x00, 0x46, 0x00, 0x06, 0x00,
    0x26, 0x00, 0x46, 0x00, 0x87, 0x00, 0x49, 0x00, 0x89, 0x00, 0x4b, 0x00, 0x2d, 0x00, 0xac, 0x00,
    0x86, 0x00, 0x29, 0x00, 0xe8, 0x00, 0x66, 0x00, 0x8b, 0x00, 0x6d, 0x00, 0x8e, 0x00, 0xce, 0x00,
    0x0f, 0x00, 0x45, 0x00, 0x28, 0x00, 0xcc, 0x00, 0x23, 0x00, 0x00, 0x00, 0x00, 0x00, 0x00, 0x00,
    0x00, 0x00, 0x00, 0x00, 0x00, 0x00, 0x00, 0x00, 0x00, 0x00, 0x00, 0x00, 0xc2, 0x00, 0x43, 0x00,
    0x00, 0x00, 0x00, 0x00, 0x00, 0x00, 0x00, 0x00, 0x00, 0x00, 0x00, 0x00, 0x00, 0x00, 0x00, 0x00,
    0x00, 0x00, 0x00, 0x00, 0x00, 0x00, 0x00, 0x00, 0x00, 0x00, 0x00, 0x00, 0x00, 0x00, 0x00, 0x00,
    0x00, 0x00, 0x00, 0x00, 0x00, 0x00, 0x00, 0x00, 0x00, 0x00, 0x00, 0x00, 0x00, 0x00, 0x00, 0x00,
    0x00, 0x00, 0x00, 0x00, 0x00, 0x00, 0x40, 0x00, 0xc8, 0x00, 0xc8, 0x00, 0xe5, 0x00, 0x84, 0x00,
    0xa5, 0x00, 0x26, 0x00, 0x46, 0x00, 0xa7, 0x00, 0x28, 0x00, 0xca, 0x00, 0x8c, 0x00, 0x0d, 0x00,
    0x2d, 0x00, 0x0d, 0x00, 0xac, 0x00, 0xcc, 0x00, 0xcc, 0x00, 0xab, 0x00, 0xae, 0x00, 0x0f, 0x00,
    0x2f, 0x00, 0x8b, 0x00, 0x89, 0x00, 0xc7, 0x00, 0x00, 0x00, 0x00, 0x00, 0x00, 0x00, 0x00, 0x00,
    0x00, 0x00, 0x00, 0x00, 0x00, 0x00, 0x00, 0x00, 0x00, 0x00, 0x00, 0x00, 0x84, 0x00, 0x48, 0x00,
    0x00, 0x00, 0x00, 0x00, 0x00, 0x00, 0x00, 0x00, 0x00, 0x00, 0x00, 0x00, 0x00, 0x00, 0x00, 0x00,
    0x00, 0x00, 0x00, 0x00, 0x00, 0x00, 0x00, 0x00, 0x00, 0x00, 0x00, 0x00, 0x00, 0x00, 0x00, 0x00,
    0x00, 0x00, 0x00, 0x00, 0x00, 0x00, 0x00, 0x00, 0x00, 0x00, 0x00, 0x00, 0x00, 0x00, 0x00, 0x00,
    0x00, 0x00, 0x00, 0x00, 0x00, 0x00, 0x84, 0x00, 0x67, 0x00, 0x03, 0x00, 0xa5, 0x00, 0x46, 0x00,
    0xc8, 0x00, 0xc8, 0x00, 0xa7, 0x00, 0x87, 0x00, 0xe8, 0x00, 0x89, 0x00, 0xea, 0x00, 0x2a, 0x00,
    0x6b, 0x00, 0x6e, 0x00, 0x6d, 0x00, 0x4d, 0x00, 0x8e, 0x00, 0xcc, 0x00, 0xea, 0x00, 0xef, 0x00,
    0x2f, 0x00, 0xce, 0x00, 0x48, 0x00, 0x43, 0x00, 0x00, 0x00, 0x00, 0x00, 0x00, 0x00, 0x00, 0x00,
    0x00, 0x00, 0x00, 0x00, 0x00, 0x00, 0x00, 0x00, 0x00, 0x00, 0x00, 0x00, 0x48, 0x00, 0x0a, 0x00,
    0x61, 0x00, 0x00, 0x00, 0x00, 0x00, 0x00, 0x00, 0x00, 0x00, 0x00, 0x00, 0x00, 0x00, 0x00, 0x00,
    0x00, 0x00, 0x00, 0x00, 0x00, 0x00, 0x00, 0x00, 0x00, 0x00, 0x00, 0x00, 0x00, 0x00, 0x00, 0x00,
    0x00, 0x00, 0x00, 0x00, 0x00, 0x00, 0x00, 0x00, 0x00, 0x00, 0x00, 0x00, 0x00, 0x00, 0x00, 0x00,
    0x00, 0x00, 0x00, 0x00, 0x00, 0x00, 0x81, 0x00, 0x00, 0x00, 0x40, 0x00, 0x87, 0x00, 0x06, 0x00,
    0xe5, 0x00, 0x03, 0x00, 0xe3, 0x00, 0x26, 0x00, 0x49, 0x00, 0x69, 0x00, 0xea, 0x00, 0x2b, 0x00,
    0x89, 0x00, 0x68, 0x00, 0x4b, 0x00, 0x4d, 0x00, 0x2d, 0x00, 0xec, 0x00, 0x28, 0x00, 0xea, 0x00,
    0x0f, 0x00, 0x8e, 0x00, 0xe7, 0x00, 0x40, 0x00, 0x00, 0x00, 0x00, 0x00, 0x00, 0x00, 0x00, 0x00,
    0x00, 0x00, 0x00, 0x00, 0x00, 0x00, 0x00, 0x00, 0x81, 0x00, 0x89, 0x00, 0xec, 0x00, 0x2a, 0x00,
    0xa1, 0x00, 0x00, 0x00, 0x00, 0x00, 0x00, 0x00, 0x00, 0x00, 0x00, 0x00, 0x00, 0x00, 0x00, 0x00,
    0x00, 0x00, 0x00, 0x00, 0x00, 0x00, 0x00, 0x00, 0x00, 0x00, 0x00, 0x00, 0x00, 0x00, 0x00, 0x00,
    0x00, 0x00, 0x00, 0x00, 0x00, 0x00, 0x00, 0x00, 0x00, 0x00, 0x00, 0x00, 0x00, 0x00, 0x00, 0x00,
    0x00, 0x00, 0x00, 0x00, 0x00, 0x00, 0x00, 0x00, 0x00, 0x00, 0xe2, 0x00, 0xc8, 0x00, 0x47, 0x00,
    0x64, 0x00, 0xe2, 0x00, 0xe3, 0x00, 0x67, 0x00, 0xe8, 0x00, 0x08, 0x00, 0x89, 0x00, 0x2b, 0x00,
    0x4b, 0x00, 0xca, 0x00, 0xe7, 0x00, 0x28, 0x00, 0xea, 0x00, 0x0a, 0x00, 0xcc, 0x00, 0xec, 0x00,
    0xec, 0x00, 0x8b, 0x00, 0x22, 0x00, 0x00, 0x00, 0x00, 0x00, 0x00, 0x00, 0x00, 0x00, 0x00, 0x00,
    0x00, 0x00, 0x00, 0x00, 0x00, 0x00, 0x63, 0x00, 0x8b, 0x00, 0x2d, 0x00, 0xec, 0x00, 0x6b, 0x00,
    0x61, 0x00, 0x00, 0x00, 0x00, 0x00, 0x00, 0x00, 0x00, 0x00, 0x00, 0x00, 0x00, 0x00, 0x00, 0x00,
    0x00, 0x00, 0x00, 0x00, 0x00, 0x00, 0x00, 0x00, 0x00, 0x00, 0x00, 0x00, 0x00, 0x00, 0x00, 0x00,
    0x00, 0x00, 0x00, 0x00, 0x00, 0x00, 0x00, 0x00, 0x00, 0x00, 0x00, 0x00, 0x00, 0x00, 0x00, 0x00,
    0x00, 0x00, 0x00, 0x00, 0x00, 0x00, 0x00, 0x00, 0x00, 0x00, 0xc2, 0x00, 0xe8, 0x00, 0x26, 0x00,
    0x64, 0x00, 0x85, 0x00, 0x44, 0x00, 0x44, 0x00, 0xa5, 0x00, 0x84, 0x00, 0x46, 0x00, 0x26, 0x00,
    0x66, 0x00, 0xe8, 0x00, 0x89, 0x00, 0x49, 0x00, 0x08, 0x00, 0x28, 0x00, 0x69, 0x00, 0x0a, 0x00,
    0x2a, 0x00, 0x25, 0x00, 0x00, 0x00, 0x00, 0x00, 0x00, 0x00, 0x00, 0x00, 0x00, 0x00, 0x00, 0x00,
    0x00, 0x00, 0x00, 0x00, 0x63, 0x00, 0x8b, 0x00, 0xcb, 0x00, 0x0c, 0x00, 0xcc, 0x00, 0x28, 0x00,
    0x00, 0x00, 0x00, 0x00, 0x00, 0x00, 0x00, 0x00, 0x00, 0x00, 0x00, 0x00, 0x00, 0x00, 0x00, 0x00,
    0x00, 0x00, 0x00, 0x00, 0x00, 0x00, 0x00, 0x00, 0x00, 0x00, 0x00, 0x00, 0x00, 0x00, 0x00, 0x00,
    0x00, 0x00, 0x00, 0x00, 0x00, 0x00, 0x00, 0x00, 0x00, 0x00, 0x00, 0x00, 0x00, 0x00, 0x00, 0x00,
    0x00, 0x00, 0x00, 0x00, 0x00, 0x00, 0x00, 0x00, 0x00, 0x00, 0x61, 0x00, 0xc8, 0x00, 0x03, 0x00,
    0xa5, 0x00, 0xc5, 0x00, 0xc5, 0x00, 0xc5, 0x00, 0x06, 0x00, 0xc5, 0x00, 0x86, 0x00, 0x66, 0x00,
    0x05, 0x00, 0xc4, 0x00, 0xc4, 0x00, 0x46, 0x00, 0xe8, 0x00, 0x69, 0x00, 0xa9, 0x00, 0x08, 0x00,
    0x63, 0x00, 0x00, 0x00, 0x00, 0x00, 0x00, 0x00, 0x00, 0x00, 0x00, 0x00, 0x00, 0x00, 0x00, 0x00,
    0x00, 0x00, 0x81, 0x00, 0x2a, 0x00, 0xe9, 0x00, 0xab, 0x00, 0xab, 0x00, 0x6b, 0x00, 0x84, 0x00,
    0x00, 0x00, 0x00, 0x00, 0x00, 0x00, 0x00, 0x00, 0x00, 0x00, 0x00, 0x00, 0x00, 0x00, 0x00, 0x00,
    0x00, 0x00, 0x00, 0x00, 0x00, 0x00, 0x00, 0x00, 0x00, 0x00, 0x00, 0x00, 0x00, 0x00, 0x00, 0x00,
    0x00, 0x00, 0x00, 0x00, 0x00, 0x00, 0x00, 0x00, 0x00, 0x00, 0x00, 0x00, 0x00, 0x00, 0x00, 0x00,
    0x00, 0x00, 0x00, 0x00, 0x00, 0x00, 0x00, 0x00, 0x00, 0x00, 0x00, 0x00, 0xc5, 0x00, 0x20, 0x00,
    0xc5, 0x00, 0xe6, 0x00, 0xe6, 0x00, 0x26, 0x00, 0x87, 0x00, 0x05, 0x00, 0x66, 0x00, 0xe7, 0x00,
    0x08, 0x00, 0xc7, 0x00, 0xa7, 0x00, 0x66, 0x00, 0x63, 0x00, 0xa1, 0x00, 0xe2, 0x00, 0x40, 0x00,
    0x00, 0x00, 0x00, 0x00, 0x00, 0x00, 0x00, 0x00, 0x00, 0x00, 0x00, 0x00, 0x00, 0x00, 0x00, 0x00,
    0x00, 0x00, 0x66, 0x00, 0x2a, 0x00, 0x68, 0x00, 0xcc, 0x00, 0x6b, 0x00, 0x48, 0x00, 0x00, 0x00,
    0x00, 0x00, 0x00, 0x00, 0x00, 0x00, 0x00, 0x00, 0x00, 0x00, 0x00, 0x00, 0x00, 0x00, 0x00, 0x00,
    0x00, 0x00, 0x00, 0x00, 0x00, 0x00, 0x00, 0x00, 0x00, 0x00, 0x00, 0x00, 0x00, 0x00, 0x00, 0x00,
    0x00, 0x00, 0x00, 0x00, 0x00, 0x00, 0x00, 0x00, 0x00, 0x00, 0x00, 0x00, 0x00, 0x00, 0x00, 0x00,
    0x00, 0x00, 0x00, 0x00, 0x00, 0x00, 0x00, 0x00, 0x00, 0x00, 0x00, 0x00, 0x20, 0x00, 0x00, 0x00,
    0x64, 0x00, 0x06, 0x00, 0xe6, 0x00, 0x46, 0x00, 0xaa, 0x00, 0x28, 0x00, 0x48, 0x00, 0x48, 0x00,
    0x07, 0x00, 0x08, 0x00, 0x48, 0x00, 0x68, 0x00, 0x48, 0x00, 0x00, 0x00, 0x00, 0x00, 0x00, 0x00,
    0x00, 0x00, 0x00, 0x00, 0x00, 0x00, 0x00, 0x00, 0x00, 0x00, 0x00, 0x00, 0x00, 0x00, 0xa1, 0x00,
    0x02, 0x00, 0x07, 0x00, 0xe9, 0x00, 0x0a, 0x00, 0xc9, 0x00, 0x28, 0x00, 0x63, 0x00, 0x84, 0x00,
    0x00, 0x00, 0x00, 0x00, 0x00, 0x00, 0x00, 0x00, 0x00, 0x00, 0x00, 0x00, 0x00, 0x00, 0x00, 0x00,
    0x00, 0x00, 0x00, 0x00, 0x00, 0x00, 0x00, 0x00, 0x00, 0x00, 0x00, 0x00, 0x00, 0x00, 0x00, 0x00,
    0x00, 0x00, 0x00, 0x00, 0x00, 0x00, 0x00, 0x00, 0x00, 0x00, 0x00, 0x00, 0x00, 0x00, 0x00, 0x00,
    0x00, 0x00, 0x00, 0x00, 0x00, 0x00, 0x00, 0x00, 0x00, 0x00, 0x00, 0x00, 0x00, 0x00, 0x00, 0x00,
    0xc2, 0x00, 0x27, 0x00, 0x64, 0x00, 0xe5, 0x00, 0x89, 0x00, 0x89, 0x00, 0x28, 0x00, 0x2b, 0x00,
    0xea, 0x00, 0x89, 0x00, 0x69, 0x00, 0x2b, 0x00, 0xac, 0x00, 0x23, 0x00, 0x00, 0x00, 0x00, 0x00,
    0x00, 0x00, 0x00, 0x00, 0x00, 0x00, 0x00, 0x00, 0x00, 0x00, 0x00, 0x00, 0x00, 0x00, 0x63, 0x00,
    0x07, 0x00, 0xc7, 0x00, 0x2a, 0x00, 0xc7, 0x00, 0xa6, 0x00, 0xe7, 0x00, 0x69, 0x00, 0x02, 0x00,
    0x00, 0x00, 0x00, 0x00, 0x00, 0x00, 0x00, 0x00, 0x00, 0x00, 0x00, 0x00, 0x00, 0x00, 0x00, 0x00,
    0x00, 0x00, 0x00, 0x00, 0x00, 0x00, 0x00, 0x00, 0x00, 0x00, 0x00, 0x00, 0x00, 0x00, 0x00, 0x00,
    0x00, 0x00, 0x00, 0x00, 0x00, 0x00, 0x00, 0x00, 0x00, 0x00, 0x00, 0x00, 0x00, 0x00, 0x00, 0x00,
    0x00, 0x00, 0x20, 0x00, 0x00, 0x00, 0x00, 0x00, 0x00, 0x00, 0x00, 0x00, 0x00, 0x00, 0x00, 0x00,
    0x00, 0x00, 0x44, 0x00, 0x81, 0x00, 0x84, 0x00, 0xc7, 0x00, 0x0a, 0x00, 0xea, 0x00, 0xa9, 0x00,
    0x8c, 0x00, 0xcc, 0x00, 0x2e, 0x00, 0x6e, 0x00, 0x2e, 0x00, 0xa6, 0x00, 0x00, 0x00, 0x00, 0x00,
    0x00, 0x00, 0x00, 0x00, 0x00, 0x00, 0x00, 0x00, 0x00, 0x00, 0x00, 0x00, 0x00, 0x00, 0x43, 0x00,
    0xea, 0x00, 0xe7, 0x00, 0x28, 0x00, 0x66, 0x00, 0xc9, 0x00, 0x89, 0x00, 0x02, 0x00, 0x00, 0x00,
    0x00, 0x00, 0x00, 0x00, 0x00, 0x00, 0x00, 0x00, 0x00, 0x00, 0x00, 0x00, 0x00, 0x00, 0x00, 0x00,
    0x00, 0x00, 0x00, 0x00, 0x00, 0x00, 0x00, 0x00, 0x00, 0x00, 0x00, 0x00, 0x00, 0x00, 0x00, 0x00,
    0x00, 0x00, 0x00, 0x00, 0x00, 0x00, 0x00, 0x00, 0x00, 0x00, 0x00, 0x00, 0x61, 0x00, 0x86, 0x00,
    0xa9, 0x00, 0x89, 0x00, 0x68, 0x00, 0x66, 0x00, 0x61, 0x00, 0x00, 0x00, 0x20, 0x00, 0x00, 0x00,
    0x00, 0x00, 0x00, 0x00, 0x41, 0x00, 0x26, 0x00, 0x28, 0x00, 0xea, 0x00, 0xab, 0x00, 0x2a, 0x00,
    0x0a, 0x00, 0x4b, 0x00, 0xd0, 0x00, 0x92, 0x00, 0x6e, 0x00, 0xa9, 0x00, 0x02, 0x00, 0x00, 0x00,
    0x00, 0x00, 0x00, 0x00, 0x00, 0x00, 0x00, 0x00, 0x00, 0x00, 0x00, 0x00, 0x00, 0x00, 0xa1, 0x00,
    0xea, 0x00, 0xe7, 0x00, 0x66, 0x00, 0xa9, 0x00, 0x66, 0x00, 0x61, 0x00, 0x00, 0x00, 0x00, 0x00,
    0x00, 0x00, 0x00, 0x00, 0x00, 0x00, 0x00, 0x00, 0x00, 0x00, 0x00, 0x00, 0x00, 0x00, 0x00, 0x00,
    0x00, 0x00, 0x00, 0x00, 0x00, 0x00, 0x00, 0x00, 0x00, 0x00, 0x00, 0x00, 0x00, 0x00, 0x00, 0x00,
    0x00, 0x00, 0x00, 0x00, 0x00, 0x00, 0x00, 0x00, 0x00, 0x00, 0x00, 0x00, 0x00, 0x00, 0x61, 0x00,
    0xc4, 0x00, 0x28, 0x00, 0xc9, 0x00, 0x4a, 0x00, 0xea, 0x00, 0xe2, 0x00, 0x02, 0x00, 0x84, 0x00,
    0x00, 0x00, 0x00, 0x00, 0x44, 0x00, 0x67, 0x00, 0xe8, 0x00, 0x4b, 0x00, 0x0a, 0x00, 0x6b, 0x00,
    0x8f, 0x00, 0x2e, 0x00, 0x6e, 0x00, 0x11, 0x00, 0x8f, 0x00, 0xed, 0x00, 0x48, 0x00, 0x40, 0x00,
    0x00, 0x00, 0x00, 0x00, 0x00, 0x00, 0x00, 0x00, 0x00, 0x00, 0x00, 0x00, 0x00, 0x00, 0x00, 0x00,
    0x08, 0x00, 0x28, 0x00, 0xa7, 0x00, 0xc7, 0x00, 0x00, 0x00, 0x00, 0x00, 0x00, 0x00, 0x00, 0x00,
    0x00, 0x00, 0x00, 0x00, 0x00, 0x00, 0x00, 0x00, 0x00, 0x00, 0x00, 0x00, 0x00, 0x00, 0x00, 0x00,
    0x00, 0x00, 0x00, 0x00, 0x00, 0x00, 0x00, 0x00, 0x00, 0x00, 0x00, 0x00, 0x00, 0x00, 0x00, 0x00,
    0x00, 0x00, 0x00, 0x00, 0x00, 0x00, 0x00, 0x00, 0x00, 0x00, 0x20, 0x00, 0x23, 0x00, 0xa4, 0x00,
    0x84, 0x00, 0xc4, 0x00, 0x66, 0x00, 0xe7, 0x00, 0x27, 0x00, 0x86, 0x00, 0xa1, 0x00, 0x66, 0x00,
    0xe5, 0x00, 0x40, 0x00, 0xc5, 0x00, 0x66, 0x00, 0xe7, 0x00, 0x6b, 0x00, 0x4b, 0x00, 0xc9, 0x00,
    0xaf, 0x00, 0x31, 0x00, 0x71, 0x00, 0xd0, 0x00, 0x4f, 0x00, 0xd0, 0x00, 0xac, 0x00, 0x02, 0x00,
    0x00, 0x00, 0x00, 0x00, 0x00, 0x00, 0x00, 0x00, 0x00, 0x00, 0x00, 0x00, 0x00, 0x00, 0x00, 0x00,
    0x63, 0x00, 0x89, 0x00, 0xc7, 0x00, 0xc4, 0x00, 0x00, 0x00, 0x00, 0x00, 0x00, 0x00, 0x00, 0x00,
    0x00, 0x00, 0x00, 0x00, 0x00, 0x00, 0x00, 0x00, 0x00, 0x00, 0x00, 0x00, 0x00, 0x00, 0x00, 0x00,
    0x00, 0x00, 0x00, 0x00, 0x00, 0x00, 0x00, 0x00, 0x00, 0x00, 0x00, 0x00, 0x00, 0x00, 0x00, 0x00,
    0x00, 0x00, 0x00, 0x00, 0x00, 0x00, 0x40, 0x00, 0x25, 0x00, 0xca, 0x00, 0xea, 0x00, 0x28, 0x00,
    0x68, 0x00, 0x68, 0x00, 0x89, 0x00, 0xa9, 0x00, 0x28, 0x00, 0xe7, 0x00, 0xa6, 0x00, 0xa4, 0x00,
    0x26, 0x00, 0x64, 0x00, 0x26, 0x00, 0x08, 0x00, 0x89, 0x00, 0xea, 0x00, 0xab, 0x00, 0xc9, 0x00,
    0xea, 0x00, 0xaf, 0x00, 0x51, 0x00, 0x92, 0x00, 0x71, 0x00, 0x31, 0x00, 0x0d, 0x00, 0x86, 0x00,
    0x61, 0x00, 0x00, 0x00, 0x00, 0x00, 0x00, 0x00, 0x00, 0x00, 0x00, 0x00, 0x00, 0x00, 0x00, 0x00,
    0x20, 0x00, 0xa7, 0x00, 0x69, 0x00, 0xe4, 0x00, 0x00, 0x00, 0x00, 0x00, 0x00, 0x00, 0x00, 0x00,
    0x00, 0x00, 0x00, 0x00, 0x00, 0x00, 0x00, 0x00, 0x00, 0x00, 0x00, 0x00, 0x00, 0x00, 0x00, 0x00,
    0x00, 0x00, 0x00, 0x00, 0x00, 0x00, 0x00, 0x00, 0x00, 0x00, 0x00, 0x00, 0x00, 0x00, 0x00, 0x00,
    0x00, 0x00, 0x00, 0x00, 0x23, 0x00, 0x89, 0x00, 0xea, 0x00, 0xc7, 0x00, 0x46, 0x00, 0xc7, 0x00,
    0xc9, 0x00, 0x6b, 0x00, 0xec, 0x00, 0xac, 0x00, 0x4b, 0x00, 0xa9, 0x00, 0xc9, 0x00, 0x08, 0x00,
    0x05, 0x00, 0x05, 0x00, 0x08, 0x00, 0x4b, 0x00, 0x6b, 0x00, 0x0a, 0x00, 0x89, 0x00, 0x2a, 0x00,
    0xea, 0x00, 0xed, 0x00, 0x8f, 0x00, 0x92, 0x00, 0x92, 0x00, 0x31, 0x00, 0x2d, 0x00, 0x28, 0x00,
    0x23, 0x00, 0x00, 0x00, 0x00, 0x00, 0x00, 0x00, 0x00, 0x00, 0x00, 0x00, 0x00, 0x00, 0x00, 0x00,
    0x00, 0x00, 0xe2, 0x00, 0x28, 0x00, 0x07, 0x00, 0x00, 0x00, 0x00, 0x00, 0x00, 0x00, 0x00, 0x00,
    0x00, 0x00, 0x00, 0x00, 0x00, 0x00, 0x00, 0x00, 0x00, 0x00, 0x00, 0x00, 0x00, 0x00, 0x00, 0x00,
    0x00, 0x00, 0x00, 0x00, 0x00, 0x00, 0x00, 0x00, 0x00, 0x00, 0x00, 0x00, 0x00, 0x00, 0x00, 0x00,
    0x00, 0x00, 0x00, 0x00, 0x63, 0x00, 0x23, 0x00, 0x02, 0x00, 0xc5, 0x00, 0xc7, 0x00, 0x6b, 0x00,
    0xec, 0x00, 0x8c, 0x00, 0x0a, 0x00, 0xca, 0x00, 0x89, 0x00, 0x89, 0x00, 0x89, 0x00, 0x48, 0x00,
    0xa7, 0x00, 0x87, 0x00, 0x0a, 0x00, 0xcc, 0x00, 0xea, 0x00, 0x8b, 0x00, 0x89, 0x00, 0x68, 0x00,
    0x2a, 0x00, 0xcf, 0x00, 0x8f, 0x00, 0x6f, 0x00, 0x11, 0x00, 0x72, 0x00, 0x6e, 0x00, 0xa9, 0x00,
    0xc4, 0x00, 0x20, 0x00, 0x00, 0x00, 0x00, 0x00, 0x00, 0x00, 0x00, 0x00, 0x00, 0x00, 0x00, 0x00,
    0x00, 0x00, 0x00, 0x00, 0xa4, 0x00, 0xc9, 0x00, 0x61, 0x00, 0x00, 0x00, 0x00, 0x00, 0x00, 0x00,
    0x00, 0x00, 0x00, 0x00, 0x00, 0x00, 0x00, 0x00, 0x00, 0x00, 0x00, 0x00, 0x00, 0x00, 0x00, 0x00,
    0x00, 0x00, 0x00, 0x00, 0x00, 0x00, 0x00, 0x00, 0x00, 0x00, 0x00, 0x00, 0x00, 0x00, 0x00, 0x00,
    0x00, 0x00, 0x00, 0x00, 0x00, 0x00, 0x63, 0x00, 0x87, 0x00, 0x08, 0x00, 0x6b, 0x00, 0x6e, 0x00,
    0x4b, 0x00, 0xca, 0x00, 0x4b, 0x00, 0xca, 0x00, 0x0a, 0x00, 0x4b, 0x00, 0x28, 0x00, 0xa7, 0x00,
    0xe5, 0x00, 0xa7, 0x00, 0xea, 0x00, 0xa9, 0x00, 0x89, 0x00, 0x8b, 0x00, 0x0a, 0x00, 0x07, 0x00,
    0xea, 0x00, 0x8f, 0x00, 0xf0, 0x00, 0x10, 0x00, 0xaf, 0x00, 0x6f, 0x00, 0xaf, 0x00, 0xca, 0x00,
    0xe5, 0x00, 0x61, 0x00, 0x00, 0x00, 0x00, 0x00, 0x00, 0x00, 0x00, 0x00, 0x00, 0x00, 0x00, 0x00,
    0x00, 0x00, 0x02, 0x00, 0xe2, 0x00, 0x28, 0x00, 0x66, 0x00, 0x00, 0x00, 0x43, 0x00, 0x00, 0x00,
    0x00, 0x00, 0x00, 0x00, 0x00, 0x00, 0x00, 0x00, 0x00, 0x00, 0x00, 0x00, 0x00, 0x00, 0x00, 0x00,
    0x00, 0x00, 0x00, 0x00, 0x00, 0x00, 0x00, 0x00, 0x00, 0x00, 0x00, 0x00, 0x00, 0x00, 0x00, 0x00,
    0x00, 0x00, 0x20, 0x00, 0x08, 0x00, 0x89, 0x00, 0x28, 0x00, 0xca, 0x00, 0xed, 0x00, 0xca, 0x00,
    0x48, 0x00, 0x4b, 0x00, 0xca, 0x00, 0x28, 0x00, 0xea, 0x00, 0x49, 0x00, 0x87, 0x00, 0xa7, 0x00,
    0xa4, 0x00, 0x67, 0x00, 0xa7, 0x00, 0xaa, 0x00, 0x0a, 0x00, 0x4b, 0x00, 0x6b, 0x00, 0x07, 0x00,
    0x89, 0x00, 0x2d, 0x00, 0x6e, 0x00, 0xd0, 0x00, 0x31, 0x00, 0x8f, 0x00, 0xaf, 0x00, 0x2b, 0x00,
    0xe5, 0x00, 0x61, 0x00, 0x00, 0x00, 0x00, 0x00, 0x00, 0x00, 0x00, 0x00, 0x00, 0x00, 0x00, 0x00,
    0x00, 0x00, 0xa1, 0x00, 0xe7, 0x00, 0x08, 0x00, 0x69, 0x00, 0xa1, 0x00, 0x46, 0x00, 0xc2, 0x00,
    0x00, 0x00, 0x00, 0x00, 0x00, 0x00, 0x00, 0x00, 0x00, 0x00, 0x00, 0x00, 0x00, 0x00, 0x00, 0x00,
    0x00, 0x00, 0x00, 0x00, 0x00, 0x00, 0x00, 0x00, 0x00, 0x00, 0x00, 0x00, 0x00, 0x00, 0x00, 0x00,
    0x20, 0x00, 0x08, 0x00, 0x2b, 0x00, 0x28, 0x00, 0x89, 0x00, 0xa9, 0x00, 0xcc, 0x00, 0x69, 0x00,
    0x0a, 0x00, 0xaa, 0x00, 0x66, 0x00, 0xa7, 0x00, 0x69, 0x00, 0x49, 0x00, 0x87, 0x00, 0x05, 0x00,
    0x05, 0x00, 0x87, 0x00, 0x69, 0x00, 0x0a, 0x00, 0xa9, 0x00, 0x89, 0x00, 0xea, 0x00, 0xa6, 0x00,
    0x48, 0x00, 0x0a, 0x00, 0xed, 0x00, 0xaf, 0x00, 0xf0, 0x00, 0xcf, 0x00, 0xaf, 0x00, 0xca, 0x00,
    0xa4, 0x00, 0x23, 0x00, 0x00, 0x00, 0x00, 0x00, 0x00, 0x00, 0x00, 0x00, 0x00, 0x00, 0x00, 0x00,
    0x00, 0x00, 0x00, 0x00, 0x81, 0x00, 0x08, 0x00, 0x89, 0x00, 0x46, 0x00, 0x26, 0x00, 0xa4, 0x00,
    0x00, 0x00, 0x00, 0x00, 0x00, 0x00, 0x00, 0x00, 0x00, 0x00, 0x00, 0x00, 0x00, 0x00, 0x00, 0x00,
    0x00, 0x00, 0x00, 0x00, 0x00, 0x00, 0x00, 0x00, 0x00, 0x00, 0x00, 0x00, 0x00, 0x00, 0x00, 0x00,
    0x87, 0x00, 0xea, 0x00, 0xc7, 0x00, 0xaa, 0x00, 0x89, 0x00, 0xed, 0x00, 0xca, 0x00, 0x08, 0x00,
    0x29, 0x00, 0x87, 0x00, 0x67, 0x00, 0xc8, 0x00, 0x28, 0x00, 0xe8, 0x00, 0xa7, 0x00, 0x87, 0x00,
    0x26, 0x00, 0xe8, 0x00, 0xaa, 0x00, 0x69, 0x00, 0xea, 0x00, 0xa9, 0x00, 0xa7, 0x00, 0x05, 0x00,
    0xea, 0x00, 0x0a, 0x00, 0xca, 0x00, 0x6e, 0x00, 0xd0, 0x00, 0x6e, 0x00, 0x4e, 0x00, 0xe7, 0x00,
    0xa5, 0x00, 0x46, 0x00, 0x00, 0x00, 0x00, 0x00, 0x00, 0x00, 0x00, 0x00, 0x00, 0x00, 0x00, 0x00,
    0x00, 0x00, 0x00, 0x00, 0x00, 0x00, 0xa2, 0x00, 0x28, 0x00, 0x28, 0x00, 0x26, 0x00, 0x05, 0x00,
    0x00, 0x00, 0x00, 0x00, 0x00, 0x00, 0x00, 0x00, 0x00, 0x00, 0x00, 0x00, 0x00, 0x00, 0x00, 0x00,
    0x00, 0x00, 0x00, 0x00, 0x00, 0x00, 0x00, 0x00, 0x00, 0x00, 0x00, 0x00, 0x00, 0x00, 0x43, 0x00,
    0x49, 0x00, 0x84, 0x00, 0x29, 0x00, 0x08, 0x00, 0xea, 0x00, 0x89, 0x00, 0xc7, 0x00, 0xe8, 0x00,
    0x87, 0x00, 0xc8, 0x00, 0x67, 0x00, 0x67, 0x00, 0x87, 0x00, 0x46, 0x00, 0x46, 0x00, 0x26, 0x00,
    0x05, 0x00, 0x08, 0x00, 0x89, 0x00, 0xca, 0x00, 0xa9, 0x00, 0x48, 0x00, 0x66, 0x00, 0x66, 0x00,
    0x2b, 0x00, 0x8c, 0x00, 0x0a, 0x00, 0xea, 0x00, 0x8f, 0x00, 0x2d, 0x00, 0x8b, 0x00, 0xa7, 0x00,
    0x23, 0x00, 0x66, 0x00, 0xc4, 0x00, 0xc2, 0x00, 0x20, 0x00, 0x00, 0x00, 0x00, 0x00, 0x00, 0x00,
    0x00, 0x00, 0x00, 0x00, 0x00, 0x00, 0x00, 0x00, 0xa4, 0x00, 0x49, 0x00, 0x46, 0x00, 0x26, 0x00,
    0x20, 0x00, 0x00, 0x00, 0x00, 0x00, 0x00, 0x00, 0x00, 0x00, 0x00, 0x00, 0x00, 0x00, 0x00, 0x00,
    0x00, 0x00, 0x00, 0x00, 0x00, 0x00, 0x00, 0x00, 0x00, 0x00, 0x00, 0x00, 0x00, 0x00, 0x03, 0x00,
    0x41, 0x00, 0xe5, 0x00, 0x49, 0x00, 0x09, 0x00, 0x08, 0x00, 0xc8, 0x00, 0xe8, 0x00, 0xa8, 0x00,
    0xc8, 0x00, 0x67, 0x00, 0x26, 0x00, 0x47, 0x00, 0x67, 0x00, 0xe5, 0x00, 0x06, 0x00, 0x06, 0x00,
    0x87, 0x00, 0xc8, 0x00, 0xaa, 0x00, 0xa9, 0x00, 0x08, 0x00, 0xa7, 0x00, 0xc4, 0x00, 0x66, 0x00,
    0x0a, 0x00, 0x2b, 0x00, 0x8b, 0x00, 0x2b, 0x00, 0x2b, 0x00, 0x0a, 0x00, 0x8b, 0x00, 0xc4, 0x00,
    0xc5, 0x00, 0x69, 0x00, 0xea, 0x00, 0xca, 0x00, 0x89, 0x00, 0x05, 0x00, 0x00, 0x00, 0x00, 0x00,
    0x00, 0x00, 0x00, 0x00, 0x00, 0x00, 0x00, 0x00, 0x20, 0x00, 0x87, 0x00, 0x08, 0x00, 0x25, 0x00,
    0x40, 0x00, 0x00, 0x00, 0x00, 0x00, 0x00, 0x00, 0x00, 0x00, 0x00, 0x00, 0x00, 0x00, 0x00, 0x00,
    0x00, 0x00, 0x00, 0x00, 0x00, 0x00, 0x00, 0x00, 0x00, 0x00, 0x00, 0x00, 0x00, 0x00, 0x00, 0x00,
    0xe3, 0x00, 0x09, 0x00, 0xc8, 0x00, 0x6a, 0x00, 0xc8, 0x00, 0xe8, 0x00, 0x47, 0x00, 0x26, 0x00,
    0x06, 0x00, 0x67, 0x00, 0x67, 0x00, 0x46, 0x00, 0x26, 0x00, 0x05, 0x00, 0xe5, 0x00, 0x26, 0x00,
    0x29, 0x00, 0x49, 0x00, 0x89, 0x00, 0x49, 0x00, 0x28, 0x00, 0xc4, 0x00, 0x25, 0x00, 0x66, 0x00,
    0x48, 0x00, 0x6b, 0x00, 0x8c, 0x00, 0x0d, 0x00, 0x6b, 0x00, 0x6b, 0x00, 0x6b, 0x00, 0x84, 0x00,
    0x87, 0x00, 0xe8, 0x00, 0x89, 0x00, 0xa9, 0x00, 0x6b, 0x00, 0x6b, 0x00, 0xc4, 0x00, 0x00, 0x00,
    0x00, 0x00, 0x00, 0x00, 0x00, 0x00, 0x00, 0x00, 0x00, 0x00, 0x84, 0x00, 0x69, 0x00, 0x46, 0x00,
    0x00, 0x00, 0x00, 0x00, 0x00, 0x00, 0x00, 0x00, 0x00, 0x00, 0x00, 0x00, 0x00, 0x00, 0x00, 0x00,
    0x00, 0x00, 0x00, 0x00, 0x00, 0x00, 0x00, 0x00, 0x00, 0x00, 0x00, 0x00, 0x00, 0x00, 0x20, 0x00,
    0x88, 0x00, 0xa8, 0x00, 0xe9, 0x00, 0x6a, 0x00, 0x87, 0x00, 0x87, 0x00, 0x06, 0x00, 0x06, 0x00,
    0x26, 0x00, 0x67, 0x00, 0xa7, 0x00, 0x26, 0x00, 0x05, 0x00, 0x05, 0x00, 0x84, 0x00, 0xa7, 0x00,
    0x69, 0x00, 0xca, 0x00, 0xca, 0x00, 0x28, 0x00, 0x26, 0x00, 0x63, 0x00, 0xc7, 0x00, 0x28, 0x00,
    0xe7, 0x00, 0xa9, 0x00, 0xac, 0x00, 0x8c, 0x00, 0x8c, 0x00, 0x8c, 0x00, 0x28, 0x00, 0xc5, 0x00,
    0x67, 0x00, 0x87, 0x00, 0x49, 0x00, 0x48, 0x00, 0x6b, 0x00, 0xab, 0x00, 0xea, 0x00, 0x81, 0x00,
    0x00, 0x00, 0x00, 0x00, 0x00, 0x00, 0x00, 0x00, 0x00, 0x00, 0xa2, 0x00, 0x49, 0x00, 0x66, 0x00,
    0x81, 0x00, 0xa1, 0x00, 0x00, 0x00, 0x00, 0x00, 0x00, 0x00, 0x00, 0x00, 0x00, 0x00, 0x00, 0x00,
    0x00, 0x00, 0x00, 0x00, 0x00, 0x00, 0x00, 0x00, 0x00, 0x00, 0x00, 0x00, 0x00, 0x00, 0x03, 0x00,
    0x09, 0x00, 0x67, 0x00, 0x29, 0x00, 0xc8, 0x00, 0x47, 0x00, 0x67, 0x00, 0x06, 0x00, 0x06, 0x00,
    0x87, 0x00, 0xca, 0x00, 0x4b, 0x00, 0xe7, 0x00, 0xe5, 0x00, 0x26, 0x00, 0x84, 0x00, 0xc8, 0x00,
    0x69, 0x00, 0x0a, 0x00, 0x4b, 0x00, 0xa9, 0x00, 0xc4, 0x00, 0xa4, 0x00, 0x48, 0x00, 0x69, 0x00,
    0xc9, 0x00, 0x07, 0x00, 0xc9, 0x00, 0x6b, 0x00, 0x4b, 0x00, 0xca, 0x00, 0x23, 0x00, 0x06, 0x00,
    0x46, 0x00, 0x26, 0x00, 0xe5, 0x00, 0xca, 0x00, 0x2a, 0x00, 0x0c, 0x00, 0xcc, 0x00, 0x68, 0x00,
    0x40, 0x00, 0x00, 0x00, 0x00, 0x00, 0x00, 0x00, 0xc2, 0x00, 0x20, 0x00, 0x49, 0x00, 0x86, 0x00,
    0xc4, 0x00, 0x02, 0x00, 0x00, 0x00, 0x00, 0x00, 0x00, 0x00, 0x00, 0x00, 0x00, 0x00, 0x00, 0x00,
    0x00, 0x00, 0x00, 0x00, 0x00, 0x00, 0x00, 0x00, 0x00, 0x00, 0x00, 0x00, 0x00, 0x00, 0xe6, 0x00,
    0xc9, 0x00, 0x06, 0x00, 0xe8, 0x00, 0x06, 0x00, 0xa8, 0x00, 0x67, 0x00, 0xc5, 0x00, 0x67, 0x00,
    0xaa, 0x00, 0x8c, 0x00, 0x8b, 0x00, 0xac, 0x00, 0x08, 0x00, 0xc5, 0x00, 0xc5, 0x00, 0xe5, 0x00,
    0x08, 0x00, 0x2b, 0x00, 0x4b, 0x00, 0x2a, 0x00, 0xe7, 0x00, 0xa4, 0x00, 0x28, 0x00, 0x69, 0x00,
    0xca, 0x00, 0xea, 0x00, 0x48, 0x00, 0x68, 0x00, 0x89, 0x00, 0xc4, 0x00, 0x00, 0x00, 0xc2, 0x00,
    0xe2, 0x00, 0x20, 0x00, 0xc2, 0x00, 0x0a, 0x00, 0x2a, 0x00, 0x2a, 0x00, 0xec, 0x00, 0x4b, 0x00,
    0x89, 0x00, 0x20, 0x00, 0x00, 0x00, 0x00, 0x00, 0x84, 0x00, 0xe2, 0x00, 0xc7, 0x00, 0xc7, 0x00,
    0xe7, 0x00, 0xc2, 0x00, 0x00, 0x00, 0x00, 0x00, 0x00, 0x00, 0x00, 0x00, 0x00, 0x00, 0x00, 0x00,
    0x00, 0x00, 0x00, 0x00, 0x00, 0x00, 0x00, 0x00, 0x00, 0x00, 0x00, 0x00, 0x20, 0x00, 0x88, 0x00,
    0x27, 0x00, 0x85, 0x00, 0xa8, 0x00, 0x47, 0x00, 0xe9, 0x00, 0xe6, 0x00, 0x06, 0x00, 0x08, 0x00,
    0x0b, 0x00, 0xca, 0x00, 0xc9, 0x00, 0x0a, 0x00, 0x6b, 0x00, 0xc5, 0x00, 0xc4, 0x00, 0xa4, 0x00,
    0xa8, 0x00, 0xaa, 0x00, 0xea, 0x00, 0x6b, 0x00, 0xa9, 0x00, 0xe5, 0x00, 0x87, 0x00, 0x48, 0x00,
    0xea, 0x00, 0xea, 0x00, 0xa9, 0x00, 0x68, 0x00, 0x46, 0x00, 0x20, 0x00, 0x00, 0x00, 0x00, 0x00,
    0x00, 0x00, 0x00, 0x00, 0x02, 0x00, 0x0a, 0x00, 0xea, 0x00, 0x68, 0x00, 0x0c, 0x00, 0x28, 0x00,
    0x2a, 0x00, 0x43, 0x00, 0x00, 0x00, 0x00, 0x00, 0x23, 0x00, 0xc4, 0x00, 0xa7, 0x00, 0x49, 0x00,
    0xc7, 0x00, 0x40, 0x00, 0x00, 0x00, 0x00, 0x00, 0x00, 0x00, 0x00, 0x00, 0x00, 0x00, 0x00, 0x00,
    0x00, 0x00, 0x00, 0x00, 0x00, 0x00, 0x00, 0x00, 0x00, 0x00, 0x00, 0x00, 0x81, 0x00, 0xa8, 0x00,
    0x44, 0x00, 0xc5, 0x00, 0x47, 0x00, 0x67, 0x00, 0x88, 0x00, 0x64, 0x00, 0x88, 0x00, 0xe8, 0x00,
    0x8a, 0x00, 0x0a, 0x00, 0xca, 0x00, 0xea, 0x00, 0x0a, 0x00, 0x05, 0x00, 0x64, 0x00, 0x84, 0x00,
    0x67, 0x00, 0x49, 0x00, 0xca, 0x00, 0x2a, 0x00, 0xa9, 0x00, 0x05, 0x00, 0x66, 0x00, 0xa7, 0x00,
    0x69, 0x00, 0x89, 0x00, 0x89, 0x00, 0x66, 0x00, 0x64, 0x00, 0xc2, 0x00, 0x00, 0x00, 0x00, 0x00,
    0x00, 0x00, 0x00, 0x00, 0x81, 0x00, 0xca, 0x00, 0xc4, 0x00, 0x25, 0x00, 0xac, 0x00, 0x28, 0x00,
    0xe7, 0x00, 0xa1, 0x00, 0x00, 0x00, 0x00, 0x00, 0xa2, 0x00, 0x05, 0x00, 0xe8, 0x00, 0x28, 0x00,
    0x05, 0x00, 0x00, 0x00, 0x00, 0x00, 0x00, 0x00, 0x00, 0x00, 0x00, 0x00, 0x00, 0x00, 0x00, 0x00,
    0x00, 0x00, 0x00, 0x00, 0x00, 0x00, 0x00, 0x00, 0x00, 0x00, 0x00, 0x00, 0xe2, 0x00, 0x64, 0x00,
    0x03, 0x00, 0xa5, 0x00, 0x06, 0x00, 0x47, 0x00, 0x06, 0x00, 0xc5, 0x00, 0xe8, 0x00, 0xa8, 0x00,
    0x69, 0x00, 0x2b, 0x00, 0x69, 0x00, 0xca, 0x00, 0xa9, 0x00, 0xe5, 0x00, 0x63, 0x00, 0x84, 0x00,
    0xe5, 0x00, 0xe8, 0x00, 0xaa, 0x00, 0x2b, 0x00, 0xea, 0x00, 0x66, 0x00, 0x86, 0x00, 0xa7, 0x00,
    0xe7, 0x00, 0x08, 0x00, 0x05, 0x00, 0x43, 0x00, 0xe5, 0x00, 0xc2, 0x00, 0x00, 0x00, 0x00, 0x00,
    0x00, 0x00, 0x00, 0x00, 0x00, 0x00, 0x43, 0x00, 0x00, 0x00, 0x63, 0x00, 0xea, 0x00, 0x66, 0x00,
    0x43, 0x00, 0x00, 0x00, 0x00, 0x00, 0x00, 0x00, 0x61, 0x00, 0x46, 0x00, 0x08, 0x00, 0xc7, 0x00,
    0x23, 0x00, 0x00, 0x00, 0x00, 0x00, 0x00, 0x00, 0x00, 0x00, 0x00, 0x00, 0x00, 0x00, 0x00, 0x00,
    0x00, 0x00, 0x00, 0x00, 0x00, 0x00, 0x00, 0x00, 0x00, 0x00, 0x00, 0x00, 0x41, 0x00, 0x20, 0x00,
    0x64, 0x00, 0xc6, 0x00, 0xc6, 0x00, 0x47, 0x00, 0xe6, 0x00, 0xa5, 0x00, 0xa8, 0x00, 0xc8, 0x00,
    0x29, 0x00, 0x49, 0x00, 0x69, 0x00, 0x49, 0x00, 0xe8, 0x00, 0xe5, 0x00, 0x84, 0x00, 0xa5, 0x00,
    0x64, 0x00, 0x67, 0x00, 0x49, 0x00, 0xea, 0x00, 0x2a, 0x00, 0xa6, 0x00, 0x66, 0x00, 0xe7, 0x00,
    0xa7, 0x00, 0x84, 0x00, 0x64, 0x00, 0xc5, 0x00, 0xc5, 0x00, 0x41, 0x00, 0x00, 0x00, 0x00, 0x00,
    0x00, 0x00, 0x00, 0x00, 0x00, 0x00, 0x00, 0x00, 0x00, 0x00, 0xa4, 0x00, 0xe5, 0x00, 0x61, 0x00,
    0x00, 0x00, 0x00, 0x00, 0x00, 0x00, 0x00, 0x00, 0x40, 0x00, 0xa7, 0x00, 0xe8, 0x00, 0x46, 0x00,
    0x20, 0x00, 0x00, 0x00, 0x00, 0x00, 0x00, 0x00, 0x00, 0x00, 0x00, 0x00, 0x00, 0x00, 0x00, 0x00,
    0x00, 0x00, 0x00, 0x00, 0x00, 0x00, 0x00, 0x00, 0x00, 0x00, 0x00, 0x00, 0x00, 0x00, 0x00, 0x00,
    0xa5, 0x00, 0x06, 0x00, 0x85, 0x00, 0x48, 0x00, 0x27, 0x00, 0x85, 0x00, 0x47, 0x00, 0xe9, 0x00,
    0x09, 0x00, 0x29, 0x00, 0xaa, 0x00, 0x28, 0x00, 0x08, 0x00, 0xc5, 0x00, 0xa4, 0x00, 0xc5, 0x00,
    0x43, 0x00, 0xe5, 0x00, 0x08, 0x00, 0xea, 0x00, 0xa9, 0x00, 0xc7, 0x00, 0x05, 0x00, 0xe5, 0x00,
    0x43, 0x00, 0xa5, 0x00, 0x06, 0x00, 0x06, 0x00, 0x43, 0x00, 0x00, 0x00, 0x00, 0x00, 0x00, 0x00,
    0x00, 0x00, 0x00, 0x00, 0x00, 0x00, 0x00, 0x00, 0x00, 0x00, 0x61, 0x00, 0x00, 0x00, 0x00, 0x00,
    0x00, 0x00, 0x00, 0x00, 0x00, 0x00, 0x00, 0x00, 0x02, 0x00, 0x49, 0x00, 0x87, 0x00, 0x43, 0x00,
    0xc2, 0x00, 0x00, 0x00, 0x00, 0x00, 0x00, 0x00, 0x00, 0x00, 0x00, 0x00, 0x00, 0x00, 0x00, 0x00,
    0x00, 0x00, 0x00, 0x00, 0x00, 0x00, 0x00, 0x00, 0x00, 0x00, 0x00, 0x00, 0x00, 0x00, 0x00, 0x00,
    0x64, 0x00, 0x47, 0x00, 0xa5, 0x00, 0x27, 0x00, 0x68, 0x00, 0x85, 0x00, 0xe6, 0x00, 0xc8, 0x00,
    0x67, 0x00, 0xe8, 0x00, 0x29, 0x00, 0xc8, 0x00, 0xc8, 0x00, 0x43, 0x00, 0xc5, 0x00, 0xc5, 0x00,
    0xa4, 0x00, 0xa4, 0x00, 0x87, 0x00, 0x89, 0x00, 0xa9, 0x00, 0xc7, 0x00, 0x84, 0x00, 0x84, 0x00,
    0xe6, 0x00, 0x26, 0x00, 0x26, 0x00, 0x64, 0x00, 0x20, 0x00, 0x00, 0x00, 0x00, 0x00, 0x00, 0x00,
    0x00, 0x00, 0x00, 0x00, 0x00, 0x00, 0x00, 0x00, 0x00, 0x00, 0x00, 0x00, 0x00, 0x00, 0x00, 0x00,
    0x00, 0x00, 0x00, 0x00, 0x00, 0x00, 0x20, 0x00, 0x66, 0x00, 0x89, 0x00, 0xe5, 0x00, 0xe5, 0x00,
    0xc2, 0x00, 0x00, 0x00, 0x00, 0x00, 0x00, 0x00, 0x00, 0x00, 0x00, 0x00, 0x00, 0x00, 0x00, 0x00,
    0x00, 0x00, 0x00, 0x00, 0x00, 0x00, 0x00, 0x00, 0x00, 0x00, 0x00, 0x00, 0x00, 0x00, 0x00, 0x00,
    0x24, 0x00, 0x68, 0x00, 0xa5, 0x00, 0x07, 0x00, 0x68, 0x00, 0x06, 0x00, 0x85, 0x00, 0x47, 0x00,
    0x88, 0x00, 0x87, 0x00, 0x87, 0x00, 0xa8, 0x00, 0xa5, 0x00, 0x84, 0x00, 0xe5, 0x00, 0x05, 0x00,
    0xc5, 0x00, 0x23, 0x00, 0x46, 0x00, 0xa7, 0x00, 0xaa, 0x00, 0xc9, 0x00, 0x05, 0x00, 0x06, 0x00,
    0xe5, 0x00, 0x64, 0x00, 0xe2, 0x00, 0x00, 0x00, 0x00, 0x00, 0x00, 0x00, 0x00, 0x00, 0x00, 0x00,
    0x00, 0x00, 0x00, 0x00, 0x00, 0x00, 0x00, 0x00, 0x00, 0x00, 0x00, 0x00, 0x00, 0x00, 0x00, 0x00,
    0x00, 0x00, 0x00, 0x00, 0xe2, 0x00, 0x05, 0x00, 0x89, 0x00, 0xc7, 0x00, 0x46, 0x00, 0x84, 0x00,
    0x00, 0x00, 0x00, 0x00, 0x00, 0x00, 0x00, 0x00, 0x00, 0x00, 0x00, 0x00, 0x00, 0x00, 0x00, 0x00,
    0x00, 0x00, 0x00, 0x00, 0x00, 0x00, 0x00, 0x00, 0x00, 0x00, 0x00, 0x00, 0x00, 0x00, 0x00, 0x00,
    0xa2, 0x00, 0x27, 0x00, 0x85, 0x00, 0x07, 0x00, 0x47, 0x00, 0x48, 0x00, 0x44, 0x00, 0xa5, 0x00,
    0x88, 0x00, 0x67, 0x00, 0x87, 0x00, 0xe6, 0x00, 0x23, 0x00, 0x64, 0x00, 0x84, 0x00, 0xc2, 0x00,
    0x20, 0x00, 0x20, 0x00, 0x46, 0x00, 0xa7, 0x00, 0x69, 0x00, 0x0a, 0x00, 0x86, 0x00, 0x84, 0x00,
    0x64, 0x00, 0x84, 0x00, 0x03, 0x00, 0xc2, 0x00, 0x43, 0x00, 0xa4, 0x00, 0xe2, 0x00, 0x00, 0x00,
    0x00, 0x00, 0x00, 0x00, 0x00, 0x00, 0x00, 0x00, 0x00, 0x00, 0x00, 0x00, 0x00, 0x00, 0x00, 0x00,
    0x00, 0x00, 0x40, 0x00, 0x87, 0x00, 0xa9, 0x00, 0x48, 0x00, 0xa7, 0x00, 0x26, 0x00, 0x40, 0x00,
    0x00, 0x00, 0x00, 0x00, 0x00, 0x00, 0x00, 0x00, 0x00, 0x00, 0x00, 0x00, 0x00, 0x00, 0x00, 0x00,
    0x00, 0x00, 0x00, 0x00, 0x00, 0x00, 0x00, 0x00, 0x00, 0x00, 0x00, 0x00, 0x00, 0x00, 0x00, 0x00,
    0x00, 0x00, 0xa5, 0x00, 0x03, 0x00, 0x27, 0x00, 0x27, 0x00, 0x47, 0x00, 0x85, 0x00, 0x27, 0x00,
    0x47, 0x00, 0x06, 0x00, 0xa5, 0x00, 0x23, 0x00, 0x84, 0x00, 0xc5, 0x00, 0x26, 0x00, 0xc5, 0x00,
    0x61, 0x00, 0x00, 0x00, 0x84, 0x00, 0xe8, 0x00, 0x08, 0x00, 0x0a, 0x00, 0xa9, 0x00, 0x03, 0x00,
    0xe5, 0x00, 0x87, 0x00, 0x28, 0x00, 0x48, 0x00, 0xa7, 0x00, 0xe8, 0x00, 0x48, 0x00, 0xc7, 0x00,
    0x20, 0x00, 0x00, 0x00, 0x00, 0x00, 0x00, 0x00, 0x00, 0x00, 0x00, 0x00, 0x00, 0x00, 0x00, 0x00,
    0x81, 0x00, 0xa7, 0x00, 0xca, 0x00, 0x89, 0x00, 0xc7, 0x00, 0x66, 0x00, 0x81, 0x00, 0x00, 0x00,
    0x00, 0x00, 0x00, 0x00, 0x00, 0x00, 0x00, 0x00, 0x00, 0x00, 0x00, 0x00, 0x00, 0x00, 0x00, 0x00,
    0x00, 0x00, 0x00, 0x00, 0x00, 0x00, 0x00, 0x00, 0x00, 0x00, 0x00, 0x00, 0x00, 0x00, 0x00, 0x00,
    0x00, 0x00, 0xa2, 0x00, 0x61, 0x00, 0x85, 0x00, 0x68, 0x00, 0x27, 0x00, 0xc5, 0x00, 0x27, 0x00,
    0x06, 0x00, 0x06, 0x00, 0xc5, 0x00, 0xc5, 0x00, 0x64, 0x00, 0xa5, 0x00, 0xe5, 0x00, 0x67, 0x00,
    0x67, 0x00, 0xc5, 0x00, 0x84, 0x00, 0xe8, 0x00, 0x28, 0x00, 0xca, 0x00, 0x0a, 0x00, 0xc7, 0x00,
    0x84, 0x00, 0x05, 0x00, 0x87, 0x00, 0xc7, 0x00, 0xc7, 0x00, 0x86, 0x00, 0xa7, 0x00, 0xca, 0x00,
    0xe5, 0x00, 0x40, 0x00, 0x20, 0x00, 0x20, 0x00, 0x81, 0x00, 0x43, 0x00, 0x84, 0x00, 0xe5, 0x00,
    0x69, 0x00, 0xca, 0x00, 0x28, 0x00, 0x66, 0x00, 0x05, 0x00, 0x81, 0x00, 0x00, 0x00, 0x00, 0x00,
    0x00, 0x00, 0x00, 0x00, 0x00, 0x00, 0x00, 0x00, 0x00, 0x00, 0x00, 0x00, 0x00, 0x00, 0x00, 0x00,
    0x00, 0x00, 0x00, 0x00, 0x00, 0x00, 0x00, 0x00, 0x00, 0x00, 0x00, 0x00, 0x00, 0x00, 0x00, 0x00,
    0x00, 0x00, 0x00, 0x00, 0x00, 0x00, 0x81, 0x00, 0x27, 0x00, 0x27, 0x00, 0x85, 0x00, 0x06, 0x00,
    0xa8, 0x00, 0xe8, 0x00, 0x88, 0x00, 0x09, 0x00, 0x87, 0x00, 0x26, 0x00, 0x26, 0x00, 0xe5, 0x00,
    0x87, 0x00, 0xe8, 0x00, 0x06, 0x00, 0x47, 0x00, 0x29, 0x00, 0x49, 0x00, 0xc9, 0x00, 0xea, 0x00,
    0xa9, 0x00, 0x86, 0x00, 0xa5, 0x00, 0x06, 0x00, 0x26, 0x00, 0x25, 0x00, 0x66, 0x00, 0x08, 0x00,
    0xc7, 0x00, 0x07, 0x00, 0xe7, 0x00, 0xc7, 0x00, 0x48, 0x00, 0xca, 0x00, 0x0a, 0x00, 0x0a, 0x00,
    0x68, 0x00, 0xa7, 0x00, 0x87, 0x00, 0x87, 0x00, 0xc5, 0x00, 0x81, 0x00, 0x00, 0x00, 0x00, 0x00,
    0x00, 0x00, 0x00, 0x00, 0x00, 0x00, 0x00, 0x00, 0x00, 0x00, 0x00, 0x00, 0x00, 0x00, 0x00, 0x00,
    0x00, 0x00, 0x00, 0x00, 0x00, 0x00, 0x00, 0x00, 0x00, 0x00, 0x00, 0x00, 0x00, 0x00, 0x00, 0x00,
    0x00, 0x00, 0x00, 0x00, 0x00, 0x00, 0x00, 0x00, 0xa2, 0x00, 0x85, 0x00, 0x03, 0x00, 0x67, 0x00,
    0x88, 0x00, 0x29, 0x00, 0x87, 0x00, 0x87, 0x00, 0x6a, 0x00, 0x87, 0x00, 0xa7, 0x00, 0x05, 0x00,
    0x26, 0x00, 0xe8, 0x00, 0x66, 0x00, 0x26, 0x00, 0x89, 0x00, 0xa7, 0x00, 0x0a, 0x00, 0x4b, 0x00,
    0x68, 0x00, 0xc9, 0x00, 0x46, 0x00, 0xc7, 0x00, 0xc7, 0x00, 0x05, 0x00, 0x86, 0x00, 0xa9, 0x00,
    0x08, 0x00, 0x89, 0x00, 0x4b, 0x00, 0x0a, 0x00, 0x69, 0x00, 0x69, 0x00, 0x28, 0x00, 0xc7, 0x00,
    0xa7, 0x00, 0xe8, 0x00, 0xa7, 0x00, 0xa4, 0x00, 0x61, 0x00, 0x00, 0x00, 0x00, 0x00, 0x00, 0x00,
    0x00, 0x00, 0x00, 0x00, 0x00, 0x00, 0x00, 0x00, 0x00, 0x00, 0x00, 0x00, 0x00, 0x00, 0x00, 0x00,
    0x00, 0x00, 0x00, 0x00, 0x00, 0x00, 0x00, 0x00, 0x00, 0x00, 0x00, 0x00, 0x00, 0x00, 0x00, 0x00,
    0x00, 0x00, 0x00, 0x00, 0x00, 0x00, 0x00, 0x00, 0x00, 0x00, 0x00, 0x00, 0x20, 0x00, 0xa5, 0x00,
    0xe6, 0x00, 0xe9, 0x00, 0xa7, 0x00, 0xa5, 0x00, 0xe8, 0x00, 0x87, 0x00, 0x84, 0x00, 0xe5, 0x00,
    0x40, 0x00, 0x02, 0x00, 0xe2, 0x00, 0xe5, 0x00, 0x69, 0x00, 0x87, 0x00, 0xa7, 0x00, 0x0a, 0x00,
    0x08, 0x00, 0x08, 0x00, 0xc7, 0x00, 0xa4, 0x00, 0x87, 0x00, 0xc7, 0x00, 0xa7, 0x00, 0xa7, 0x00,
    0xc7, 0x00, 0xc7, 0x00, 0x08, 0x00, 0x28, 0x00, 0x28, 0x00, 0xe8, 0x00, 0xc7, 0x00, 0x66, 0x00,
    0xc5, 0x00, 0x23, 0x00, 0x61, 0x00, 0x00, 0x00, 0x00, 0x00, 0x00, 0x00, 0x00, 0x00, 0x00, 0x00,
    0x00, 0x00, 0x00, 0x00, 0x00, 0x00, 0x00, 0x00, 0x00, 0x00, 0x00, 0x00, 0x00, 0x00, 0x00, 0x00,
    0x00, 0x00, 0x00, 0x00, 0x00, 0x00, 0x00, 0x00, 0x00, 0x00, 0x00, 0x00, 0x00, 0x00, 0x00, 0x00,
    0x00, 0x00, 0x00, 0x00, 0x00, 0x00, 0x00, 0x00, 0x00, 0x00, 0x00, 0x00, 0x00, 0x00, 0x20, 0x00,
    0x81, 0x00, 0xc5, 0x00, 0xc8, 0x00, 0xe2, 0x00, 0xa5, 0x00, 0xc8, 0x00, 0x81, 0x00, 0x81, 0x00,
    0x00, 0x00, 0x00, 0x00, 0x00, 0x00, 0xc2, 0x00, 0xc8, 0x00, 0x05, 0x00, 0x23, 0x00, 0xa7, 0x00,
    0x08, 0x00, 0x23, 0x00, 0x46, 0x00, 0x00, 0x00, 0x20, 0x00, 0x81, 0x00, 0x02, 0x00, 0x84, 0x00,
    0x05, 0x00, 0x46, 0x00, 0x25, 0x00, 0x05, 0x00, 0x66, 0x00, 0xa7, 0x00, 0x66, 0x00, 0x63, 0x00,
    0x00, 0x00, 0x00, 0x00, 0x00, 0x00, 0x00, 0x00, 0x00, 0x00, 0x00, 0x00, 0x00, 0x00, 0x00, 0x00,
    0x00, 0x00, 0x00, 0x00, 0x00, 0x00, 0x00, 0x00, 0x00, 0x00, 0x00, 0x00, 0x00, 0x00, 0x00, 0x00,
    0x00, 0x00, 0x00, 0x00, 0x00, 0x00, 0x00, 0x00, 0x00, 0x00, 0x00, 0x00, 0x00, 0x00, 0x00, 0x00,
    0x00, 0x00, 0x00, 0x00, 0x00, 0x00, 0x00, 0x00, 0x00, 0x00, 0x00, 0x00, 0x00, 0x00, 0x00, 0x00,
    0x00, 0x00, 0x20, 0x00, 0x23, 0x00, 0x40, 0x00, 0x00, 0x00, 0xc2, 0x00, 0x20, 0x00, 0x00, 0x00,
    0x00, 0x00, 0x00, 0x00, 0x00, 0x00, 0x00, 0x00, 0xa1, 0x00, 0xc2, 0x00, 0x00, 0x00, 0x61, 0x00,
    0x63, 0x00, 0x20, 0x00, 0x20, 0x00, 0x00, 0x00, 0x00, 0x00, 0x00, 0x00, 0x00, 0x00, 0x00, 0x00,
    0x00, 0x00, 0x00, 0x00, 0x00, 0x00, 0x00, 0x00, 0x00, 0x00, 0x00, 0x00, 0x00, 0x00, 0x00, 0x00,
    0x00, 0x00, 0x00, 0x00, 0x00, 0x00, 0x00, 0x00, 0x00, 0x00, 0x00, 0x00, 0x00, 0x00, 0x00, 0x00,
    0x00, 0x00, 0x00, 0x00, 0x00, 0x00, 0x00, 0x00, 0x00, 0x00, 0x00, 0x00, 0x00, 0x00, 0x00, 0x00,
    0x00, 0x00, 0x00, 0x00, 0x00, 0x00, 0x00, 0x00, 0x00, 0x00, 0x00, 0x00, 0x00, 0x00, 0x00, 0x00,
    0x00, 0x00, 0x00, 0x00, 0x00, 0x00, 0x00, 0x00, 0x00, 0x00, 0x00, 0x00, 0x00, 0x00, 0x00, 0x00,
    0x00, 0x00, 0x00, 0x00, 0x00, 0x00, 0x00, 0x00, 0x00, 0x00, 0x00, 0x00, 0x00, 0x00, 0x00, 0x00,
    0x00, 0x00, 0x00, 0x00, 0x00, 0x00, 0x00, 0x00, 0x00, 0x00, 0x00, 0x00, 0x00, 0x00, 0x00, 0x00,
    0x00, 0x00, 0x00, 0x00, 0x00, 0x00, 0x00, 0x00, 0x00, 0x00, 0x00, 0x00, 0x00, 0x00, 0x00, 0x00,
    0x00, 0x00, 0x00, 0x00, 0x00, 0x00, 0x00, 0x00, 0x00, 0x00, 0x00, 0x00, 0x00, 0x00, 0x00, 0x00,
    0x00, 0x00, 0x00, 0x00, 0x00, 0x00, 0x00, 0x00, 0x00, 0x00, 0x00, 0x00, 0x00, 0x00, 0x00, 0x00,
    0x00, 0x00, 0x00, 0x00, 0x00, 0x00, 0x00, 0x00, 0x00, 0x00, 0x00, 0x00, 0x00, 0x00, 0x00, 0x00,
    0x00, 0x00, 0x00, 0x00, 0x00, 0x00, 0x00, 0x00, 0x00, 0x00, 0x00, 0x00, 0x00, 0x00, 0x00, 0x00,
    0x00, 0x00, 0x00, 0x00, 0x00, 0x00, 0x00, 0x00, 0x00, 0x00, 0x00, 0x00, 0x00, 0x00, 0x00, 0x00,
    0x00, 0x00, 0x00, 0x00, 0x00, 0x00, 0x00, 0x00, 0x00, 0x00, 0x00, 0x00, 0x00, 0x00, 0x00, 0x00,
    0x00, 0x00, 0x00, 0x00, 0x00, 0x00, 0x00, 0x00, 0x00, 0x00, 0x00, 0x00, 0x00, 0x00, 0x00, 0x00,
    0x00, 0x00, 0x00, 0x00, 0x00, 0x00, 0x00, 0x00, 0x00, 0x00, 0x00, 0x00, 0x00, 0x00, 0x00, 0x00,
    0x00, 0x00, 0x00, 0x00, 0x00, 0x00, 0x00, 0x00, 0x00, 0x00, 0x00, 0x00, 0x00, 0x00, 0x00, 0x00,
    0x00, 0x00, 0x00, 0x00, 0x00, 0x00, 0x00, 0x00, 0x00, 0x00, 0x00, 0x00, 0x00, 0x00, 0x00, 0x00,
    0x00, 0x00, 0x00, 0x00, 0x00, 0x00, 0x00, 0x00, 0x00, 0x00, 0x00, 0x00, 0x00, 0x00, 0x00, 0x00,
    0x00, 0x00, 0x00, 0x00, 0x00, 0x00, 0x00, 0x00, 0x00, 0x00, 0x00, 0x00, 0x00, 0x00, 0x00, 0x00,
    0x00, 0x00, 0x20, 0xe2, 0x00, 0x00, 0x00, 0x00, 0x00, 0x00, 0x00, 0x00, 0x00, 0x00, 0x00, 0x00,
    0x00, 0xb9, 0x0e, 0x00, 0x00, 0x00, 0x00, 0x00, 0x00, 0x00, 0x00, 0x00, 0x00, 0x00, 0x00, 0x00,
    0x00, 0x00, 0x00, 0x00, 0x00, 0x00, 0x00, 0x00, 0x00, 0x00, 0x00, 0x00, 0x00, 0x00, 0x00, 0x00,
    0x00, 0x00, 0x00, 0x00, 0x00, 0x00, 0x00, 0x00, 0x00, 0x00, 0x00, 0x00, 0x00, 0x00, 0x00, 0x00,
    0x00, 0x00, 0x4e, 0xfb, 0x01, 0x00, 0x00, 0x00, 0x00, 0x00, 0x00, 0x00, 0x00, 0x00, 0x00, 0x00,
    0x04, 0xff, 0x13, 0x00, 0x00, 0x00, 0x00, 0x00, 0x00, 0x00, 0x00, 0x00, 0x00, 0x00, 0x00, 0x00,
    0x00, 0x00, 0x00, 0x00, 0x00, 0x00, 0x00, 0x00, 0x00, 0x00, 0x00, 0x00, 0x00, 0x00, 0x00, 0x00,
    0x00, 0x00, 0x00, 0x00, 0x00, 0x00, 0x00, 0x00, 0x00, 0x00, 0x00, 0x00, 0x00, 0x00, 0x00, 0x00,
    0x00, 0x00, 0x3e, 0xfd, 0x05, 0x27, 0x2d, 0x00, 0x00, 0x00, 0x00, 0x00, 0x00, 0x00, 0x00, 0x00,
    0x05, 0xff, 0x7b, 0x00, 0x00, 0x4e, 0x00, 0x00, 0x00, 0x00, 0x00, 0x00, 0x00, 0x00, 0x00, 0x00,
    0x00, 0x00, 0x00, 0x00, 0x00, 0x00, 0x00, 0x00, 0x00, 0x00, 0x00, 0x00, 0x00, 0x00, 0x00, 0x00,
    0x00, 0x00, 0x00, 0x00, 0x00, 0x00, 0x00, 0x00, 0x00, 0x00, 0x00, 0x00, 0x00, 0x00, 0x00, 0x00,
    0x00, 0x00, 0x0e, 0xff, 0x57, 0x51, 0xa8, 0x00, 0x00, 0x00, 0x00, 0x00, 0x00, 0x01, 0x00, 0x59,
    0x0b, 0xa8, 0xff, 0x41, 0x39, 0xed, 0x00, 0x00, 0x00, 0x00, 0x00, 0x00, 0x00, 0x00, 0x00, 0x00,
    0x00, 0x00, 0x00, 0x00, 0x00, 0x00, 0x00, 0x00, 0x00, 0x00, 0x00, 0x00, 0x00, 0x00, 0x00, 0x00,
    0x00, 0x00, 0x00, 0x00, 0x00, 0x00, 0x00, 0x00, 0x00, 0x00, 0x00, 0x00, 0x00, 0x00, 0x00, 0x00,
    0x00, 0x00, 0x00, 0xa3, 0xff, 0xc8, 0xe6, 0x01, 0x00, 0x00, 0x00, 0x00, 0x07, 0xa0, 0x01, 0xf1,
    0x6f, 0x11, 0xf5, 0xff, 0xff, 0xf5, 0x0c, 0x00, 0x00, 0x00, 0x00, 0x00, 0x00, 0x00, 0x00, 0x00,
    0x00, 0x00, 0x00, 0x00, 0x00, 0x00, 0x00, 0x00, 0x00, 0x00, 0x00, 0x00, 0x00, 0x00, 0x00, 0x00,
    0x00, 0x00, 0x00, 0x00, 0x00, 0x00, 0x00, 0x00, 0x00, 0x00, 0x00, 0x00, 0x00, 0x00, 0x00, 0x00,
    0x00, 0x00, 0x00, 0x05, 0xd1, 0xff, 0xff, 0x66, 0x00, 0x09, 0x10, 0x00, 0x54, 0xff, 0x12, 0xf3,
    0xff, 0x69, 0x2f, 0xc1, 0xf7, 0xfb, 0xc5, 0x07, 0x00, 0x00, 0x11, 0x06, 0x00, 0x00, 0x00, 0x00,
    0x00, 0x00, 0x00, 0x00, 0x00, 0x00, 0x00, 0x00, 0x00, 0x00, 0x00, 0x00, 0x00, 0x00, 0x00, 0x00,
    0x00, 0x00, 0x00, 0x00, 0x00, 0x00, 0x00, 0x00, 0x00, 0x00, 0x00, 0x00, 0x00, 0x00, 0x00, 0x03,
    0x46, 0x02, 0x01, 0x0e, 0x95, 0xf5, 0xef, 0xff, 0x56, 0x21, 0xcc, 0x00, 0x77, 0xfd, 0x8c, 0xf9,
    0xfb, 0xff, 0xbc, 0xa0, 0xfb, 0xfb, 0xff, 0xd3, 0x06, 0x00, 0xcc, 0x2a, 0x00, 0x00, 0x00, 0x00,
    0x00, 0x00, 0x00, 0x00, 0x00, 0x00, 0x00, 0x00, 0x00, 0x00, 0x00, 0x00, 0x00, 0x00, 0x00, 0x00,
    0x00, 0x00, 0x00, 0x00, 0x00, 0x00, 0x00, 0x00, 0x00, 0x00, 0x00, 0x00, 0x00, 0x00, 0x00, 0x00,
    0x77, 0xff, 0xe6, 0xff, 0xff, 0xff, 0xff, 0xff, 0xff, 0xe0, 0xff, 0x83, 0x8b, 0xff, 0xff, 0xff,
    0xff, 0xf9, 0xff, 0xff, 0xff, 0xff, 0xf7, 0xff, 0x8b, 0x32, 0xff, 0x12, 0x00, 0x00, 0x00, 0x00,
    0x00, 0x00, 0x00, 0x00, 0x00, 0x00, 0x00, 0x00, 0x00, 0x00, 0x00, 0x00, 0x00, 0x00, 0x00, 0x00,
    0x00, 0x00, 0x00, 0x00, 0x00, 0x00, 0x00, 0x00, 0x00, 0x00, 0x00, 0x00, 0x00, 0x00, 0x00, 0x00,
    0x00, 0x42, 0xcc, 0xe2, 0xad, 0x68, 0x5c, 0xbe, 0xff, 0xff, 0xfd, 0xff, 0xff, 0xff, 0xfd, 0xff,
    0xff, 0xff, 0xfd, 0xfb, 0xff, 0xff, 0xff, 0xfd, 0xff, 0xff, 0xcc, 0x01, 0x00, 0x00, 0x00, 0x00,
    0x00, 0x00, 0x00, 0x00, 0x00, 0x00, 0x00, 0x00, 0x00, 0x00, 0x00, 0x00, 0x00, 0x00, 0x00, 0x00,
    0x00, 0x00, 0x00, 0x00, 0x00, 0x00, 0x00, 0x00, 0x00, 0x00, 0x00, 0x00, 0x00, 0x00, 0x00, 0x00,
    0x00, 0x00, 0x00, 0x03, 0x00, 0x00, 0x02, 0x00, 0x27, 0xd7, 0xfb, 0xf9, 0xff, 0xff, 0xff, 0xff,
    0xff, 0xff, 0xff, 0xff, 0xff, 0xff, 0xff, 0xff, 0xf7, 0xfd, 0x4b, 0x00, 0x00, 0x00, 0x00, 0x00,
    0x00, 0x00, 0x00, 0x00, 0x00, 0x00, 0x00, 0x00, 0x00, 0x00, 0x00, 0x00, 0x00, 0x00, 0x00, 0x00,
    0x00, 0x00, 0x00, 0x00, 0x00, 0x00, 0x00, 0x00, 0x00, 0x00, 0x00, 0x00, 0x00, 0x00, 0x00, 0x00,
    0x00, 0x00, 0x00, 0x00, 0x00, 0x00, 0x77, 0xa0, 0x47, 0xab, 0xff, 0xfb, 0xff, 0xff, 0xff, 0xff,
    0xff, 0xff, 0xff, 0xff, 0xff, 0xff, 0xff, 0xff, 0xf7, 0xff, 0x31, 0x02, 0x00, 0x00, 0x00, 0x00,
    0x00, 0x00, 0x00, 0x00, 0x00, 0x00, 0x00, 0x00, 0x00, 0x00, 0x00, 0x00, 0x00, 0x00, 0x00, 0x00,
    0x00, 0x00, 0x00, 0x00, 0x00, 0x00, 0x00, 0x00, 0x00, 0x00, 0x00, 0x00, 0x00, 0x00, 0x00, 0x00,
    0x00, 0x00, 0x00, 0x1c, 0x39, 0x11, 0x17, 0xf7, 0xff, 0xff, 0xff, 0xff, 0xff, 0xff, 0xff, 0xff,
    0xff, 0xff, 0xff, 0xff, 0xff, 0xff, 0xff, 0xff, 0xfb, 0xfd, 0xa5, 0x58, 0x00, 0x00, 0x00, 0x00,
    0x00, 0x00, 0x00, 0x00, 0x00, 0x00, 0x00, 0x00, 0x00, 0x00, 0x00, 0x00, 0x00, 0x00, 0x00, 0x00,
    0x00, 0x00, 0x00, 0x00, 0x00, 0x00, 0x00, 0x00, 0x00, 0x00, 0x00, 0x00, 0x00, 0x00, 0x00, 0x00,
    0x00, 0x00, 0x00, 0x0d, 0xff, 0xff, 0xeb, 0xed, 0xf7, 0xfb, 0xff, 0xff, 0xff, 0xff, 0xff, 0xff,
    0xff, 0xff, 0xff, 0xff, 0xff, 0xff, 0xff, 0xff, 0xff, 0xf9, 0xff, 0x94, 0x00, 0x00, 0x00, 0x00,
    0x00, 0x00, 0x00, 0x00, 0x00, 0x00, 0x00, 0x00, 0x00, 0x00, 0x00, 0x00, 0x00, 0x00, 0x00, 0x00,
    0x00, 0x00, 0x00, 0x00, 0x00, 0x00, 0x00, 0x00, 0x00, 0x00, 0x00, 0x00, 0x00, 0x00, 0x00, 0x00,
    0x00, 0x00, 0x00, 0x00, 0x1a, 0xf3, 0xff, 0xff, 0xff, 0xff, 0xff, 0xff, 0xff, 0xff, 0xff, 0xff,
    0xff, 0xff, 0xff, 0xff, 0xff, 0xff, 0xff, 0xff, 0xff, 0xf9, 0xfd, 0x95, 0x00, 0x00, 0x00, 0x00,
    0x00, 0x00, 0x00, 0x00, 0x00, 0x00, 0x00, 0x00, 0x00, 0x00, 0x00, 0x00, 0x00, 0x00, 0x00, 0x00,
    0x00, 0x00, 0x00, 0x00, 0x00, 0x00, 0x00, 0x00, 0x00, 0x00, 0x00, 0x00, 0x00, 0x00, 0x00, 0x00,
    0x00, 0x00, 0x00, 0x00, 0x00, 0x09, 0x8c, 0xfb, 0xfd, 0xff, 0xff, 0xff, 0xff, 0xff, 0xff, 0xff,
    0xff, 0xff, 0xff, 0xff, 0xff, 0xff, 0xff, 0xff, 0xff, 0xf9, 0xff, 0xa2, 0x00, 0x00, 0x00, 0x00,
    0x00, 0x00, 0x00, 0x00, 0x00, 0x00, 0x00, 0x00, 0x00, 0x00, 0x00, 0x00, 0x00, 0x00, 0x00, 0x00,
    0x00, 0x00, 0x00, 0x00, 0x00, 0x00, 0x00, 0x00, 0x00, 0x00, 0x00, 0x00, 0x00, 0x00, 0x00, 0x00,
    0x00, 0x00, 0x00, 0x00, 0x00, 0x02, 0x4f, 0xf9, 0xfb, 0xff, 0xff, 0xff, 0xff, 0xff, 0xff, 0xff,
    0xff, 0xff, 0xff, 0xff, 0xff, 0xff, 0xff, 0xff, 0xff, 0xfd, 0xfb, 0xde, 0x1a, 0x00, 0x00, 0x00,
    0x00, 0x00, 0x00, 0x00, 0x00, 0x00, 0x00, 0x00, 0x00, 0x00, 0x00, 0x00, 0x00, 0x00, 0x00, 0x00,
    0x00, 0x00, 0x00, 0x00, 0x00, 0x00, 0x00, 0x00, 0x00, 0x00, 0x00, 0x00, 0x00, 0x00, 0x00, 0x00,
    0x00, 0x00, 0x0b, 0x1b, 0x62, 0xe8, 0xff, 0xff, 0xff, 0xff, 0xff, 0xff, 0xff, 0xff, 0xff, 0xff,
    0xff, 0xff, 0xff, 0xff, 0xff, 0xff, 0xff, 0xff, 0xff, 0xff, 0xf9, 0xff, 0x1c, 0x00, 0x00, 0x00,
    0x00, 0x00, 0x00, 0x00, 0x00, 0x00, 0x00, 0x00, 0x00, 0x00, 0x00, 0x00, 0x00, 0x00, 0x00, 0x00,
    0x00, 0x00, 0x00, 0x00, 0x00, 0x00, 0x00, 0x00, 0x00, 0x00, 0x00, 0x00, 0x00, 0x00, 0x00, 0x00,
    0x00, 0x00, 0x63, 0xff, 0xff, 0xff, 0xf9, 0xff, 0xff, 0xff, 0xff, 0xff, 0xff, 0xff, 0xff, 0xff,
    0xff, 0xff, 0xff, 0xff, 0xff, 0xff, 0xff, 0xff, 0xff, 0xfd, 0xff, 0xf3, 0x04, 0x00, 0x00, 0x00,
    0x00, 0x00, 0x00, 0x00, 0x00, 0x00, 0x00, 0x00, 0x00, 0x00, 0x00, 0x00, 0x00, 0x00, 0x00, 0x00,
    0x00, 0x00, 0x00, 0x00, 0x00, 0x00, 0x00, 0x00, 0x00, 0x00, 0x00, 0x00, 0x00, 0x00, 0x00, 0x00,
    0x00, 0x00, 0x00, 0x27, 0x73, 0xaa, 0xfd, 0xfd, 0xff, 0xff, 0xff, 0xff, 0xff, 0xff, 0xff, 0xff,
    0xff, 0xff, 0xff, 0xff, 0xff, 0xff, 0xff, 0xff, 0xff, 0xf9, 0xff, 0x9e, 0x00, 0x00, 0x00, 0x00,
    0x00, 0x00, 0x00, 0x00, 0x00, 0x00, 0x00, 0x00, 0x00, 0x00, 0x00, 0x00, 0x00, 0x00, 0x00, 0x00,
    0x00, 0x00, 0x00, 0x00, 0x00, 0x00, 0x00, 0x00, 0x00, 0x00, 0x00, 0x00, 0x00, 0x00, 0x00, 0x00,
    0x00, 0x00, 0x00, 0x00, 0x00, 0xa0, 0xfd, 0xfb, 0xff, 0xff, 0xff, 0xff, 0xff, 0xff, 0xff, 0xff,
    0xff, 0xff, 0xff, 0xff, 0xff, 0xff, 0xff, 0xff, 0xff, 0xfb, 0xfd, 0xb0, 0x1d, 0x00, 0x00, 0x00,
    0x00, 0x00, 0x00, 0x00, 0x00, 0x00, 0x01, 0x00, 0x00, 0x00, 0x00, 0x00, 0x00, 0x00, 0x00, 0x00,
    0x00, 0x00, 0x00, 0x00, 0x00, 0x00, 0x00, 0x00, 0x00, 0x00, 0x00, 0x00, 0x00, 0x00, 0x00, 0x00,
    0x00, 0x00, 0x00, 0x00, 0x58, 0xff, 0xf9, 0xff, 0xff, 0xff, 0xff, 0xff, 0xff, 0xff, 0xff, 0xff,
    0xff, 0xff, 0xff, 0xff, 0xff, 0xff, 0xff, 0xff, 0xff, 0xff, 0xf7, 0xff, 0x35, 0x00, 0x00, 0x00,
    0x00, 0x00, 0x00, 0x00, 0x00, 0x00, 0x21, 0x4b, 0x00, 0x00, 0x00, 0x00, 0x00, 0x00, 0x00, 0x00,
    0x00, 0x00, 0x00, 0x00, 0x00, 0x00, 0x00, 0x00, 0x00, 0x00, 0x00, 0x00, 0x00, 0x00, 0x00, 0x00,
    0x00, 0x00, 0x00, 0x08, 0xff, 0xff, 0xff, 0xff, 0xff, 0xff, 0xff, 0xff, 0xff, 0xff, 0xff, 0xff,
    0xff, 0xff, 0xff, 0xff, 0xff, 0xff, 0xff, 0xff, 0xff, 0xfd, 0xfd, 0xd3, 0x03, 0x00, 0x00, 0x00,
    0x00, 0x00, 0x00, 0x00, 0x00, 0x00, 0x56, 0xe8, 0x00, 0x00, 0x00, 0x00, 0x00, 0x00, 0x00, 0x00,
    0x00, 0x00, 0x00, 0x00, 0x00, 0x00, 0x00, 0x00, 0x00, 0x00, 0x00, 0x00, 0x00, 0x00, 0x00, 0x00,
    0x00, 0x00, 0x00, 0x9d, 0xed, 0x77, 0xe8, 0xff, 0xff, 0xff, 0xff, 0xff, 0xff, 0xff, 0xff, 0xff,
    0xff, 0xff, 0xff, 0xff, 0xff, 0xff, 0xff, 0xff, 0xff, 0xf9, 0xff, 0xab, 0x00, 0x00, 0x00, 0x00,
    0x00, 0x00, 0x00, 0x00, 0x00, 0x04, 0xda, 0xff, 0x0a, 0x00, 0x00, 0x00, 0x00, 0x00, 0x00, 0x00,
    0x00, 0x00, 0x00, 0x00, 0x00, 0x00, 0x00, 0x00, 0x00, 0x00, 0x00, 0x00, 0x00, 0x00, 0x00, 0x00,
    0x00, 0x00, 0x00, 0x25, 0x04, 0x10, 0xfb, 0xf9, 0xff, 0xff, 0xff, 0xff, 0xff, 0xff, 0xff, 0xff,
    0xff, 0xff, 0xff, 0xff, 0xff, 0xff, 0xff, 0xff, 0xfd, 0xf7, 0xeb, 0x16, 0x00, 0x00, 0x00, 0x00,
    0x00, 0x00, 0x00, 0x00, 0x0d, 0xbe, 0xff, 0xfd, 0x19, 0x00, 0x00, 0x00, 0x00, 0x00, 0x00, 0x00,
    0x00, 0x00, 0x00, 0x00, 0x00, 0x00, 0x00, 0x00, 0x00, 0x00, 0x00, 0x00, 0x00, 0x00, 0x00, 0x00,
    0x00, 0x00, 0x00, 0x00, 0x00, 0x36, 0xff, 0xf3, 0xff, 0xff, 0xff, 0xff, 0xff, 0xff, 0xff, 0xff,
    0xff, 0xff, 0xff, 0xff, 0xff, 0xff, 0xff, 0xff, 0xf3, 0xff, 0x46, 0x00, 0x00, 0x00, 0x00, 0x00,
    0x00, 0x00, 0x00, 0x38, 0xf7, 0xff, 0xf7, 0xff, 0x14, 0x00, 0x00, 0x00, 0x00, 0x00, 0x00, 0x00,
    0x00, 0x00, 0x00, 0x00, 0x00, 0x00, 0x00, 0x00, 0x00, 0x00, 0x00, 0x00, 0x00, 0x00, 0x00, 0x00,
    0x00, 0x00, 0x00, 0x00, 0x00, 0x2f, 0xfd, 0xff, 0xff, 0xff, 0xff, 0xff, 0xff, 0xff, 0xff, 0xff,
    0xff, 0xff, 0xff, 0xff, 0xff, 0xf7, 0xf7, 0xf7, 0xff, 0x97, 0x00, 0x00, 0x00, 0x00, 0x00, 0x00,
    0x00, 0x00, 0x49, 0xff, 0xfb, 0xf9, 0xfd, 0xed, 0x02, 0x00, 0x00, 0x00, 0x00, 0x00, 0x00, 0x00,
    0x00, 0x00, 0x00, 0x00, 0x00, 0x00, 0x00, 0x00, 0x00, 0x00, 0x00, 0x00, 0x00, 0x00, 0x00, 0x00,
    0x00, 0x00, 0x00, 0x00, 0x00, 0x16, 0xff, 0xb0, 0xe0, 0xff, 0xfd, 0xff, 0xff, 0xff, 0xff, 0xff,
    0xff, 0xff, 0xff, 0xff, 0xff, 0xff, 0xff, 0xff, 0x78, 0x01, 0x00, 0x00, 0x00, 0x00, 0x00, 0x00,
    0x00, 0x14, 0xff, 0xf5, 0xfd, 0xf7, 0xff, 0x69, 0x00, 0x00, 0x00, 0x00, 0x00, 0x00, 0x00, 0x00,
    0x00, 0x00, 0x00, 0x00, 0x00, 0x00, 0x00, 0x00, 0x00, 0x00, 0x00, 0x00, 0x00, 0x00, 0x00, 0x00,
    0x00, 0x00, 0x00, 0x00, 0x00, 0x01, 0xcc, 0x13, 0xc7, 0xff, 0xfd, 0xff, 0xff, 0xff, 0xff, 0xff,
    0xff, 0xff, 0xfd, 0xff, 0xde, 0x33, 0x35, 0x11, 0x00, 0x00, 0x00, 0x00, 0x00, 0x00, 0x00, 0x00,
    0x00, 0x8f, 0xfd, 0xf9, 0xfd, 0xfd, 0xd7, 0x03, 0x00, 0x00, 0x00, 0x00, 0x00, 0x00, 0x00, 0x00,
    0x00, 0x00, 0x00, 0x00, 0x00, 0x00, 0x00, 0x00, 0x00, 0x00, 0x00, 0x00, 0x00, 0x00, 0x00, 0x00,
    0x00, 0x00, 0x00, 0x00, 0x00, 0x00, 0x05, 0x00, 0x95, 0xfb, 0xf7, 0xff, 0xff, 0xff, 0xff, 0xff,
    0xff, 0xff, 0xfd, 0xff, 0xf1, 0x01, 0x00, 0x00, 0x00, 0x00, 0x00, 0x00, 0x00, 0x00, 0x00, 0x12,
    0x58, 0xce, 0xff, 0xfd, 0xfb, 0xf9, 0x75, 0x50, 0x00, 0x00, 0x00, 0x00, 0x00, 0x00, 0x00, 0x00,
    0x00, 0x00, 0x00, 0x00, 0x00, 0x00, 0x00, 0x00, 0x00, 0x00, 0x00, 0x00, 0x00, 0x00, 0x00, 0x00,
    0x00, 0x00, 0x00, 0x00, 0x00, 0x00, 0x00, 0x00, 0x29, 0xff, 0xff, 0xff, 0xff, 0xff, 0xff, 0xff,
    0xff, 0xff, 0xff, 0xf7, 0xff, 0x35, 0x00, 0x00, 0x00, 0x00, 0x00, 0x00, 0x00, 0x00, 0x00, 0x3a,
    0xff, 0xef, 0xff, 0xff, 0xfd, 0xf7, 0xff, 0x2b, 0x00, 0x00, 0x00, 0x00, 0x00, 0x00, 0x00, 0x00,
    0x00, 0x00, 0x00, 0x00, 0x00, 0x00, 0x00, 0x00, 0x00, 0x00, 0x00, 0x00, 0x00, 0x00, 0x00, 0x00,
    0x01, 0x03, 0x01, 0x00, 0x00, 0x00, 0x00, 0x00, 0x00, 0xaa, 0x75, 0xed, 0xff, 0xff, 0xff, 0xff,
    0xff, 0xff, 0xff, 0xfb, 0xfd, 0xce, 0x01, 0x00, 0x00, 0x00, 0x00, 0x00, 0x00, 0x00, 0x00, 0x3c,
    0xfd, 0xf7, 0xff, 0xfd, 0xff, 0xff, 0x38, 0x00, 0x00, 0x00, 0x00, 0x00, 0x00, 0x00, 0x00, 0x00,
    0x00, 0x00, 0x00, 0x00, 0x00, 0x00, 0x00, 0x00, 0x00, 0x00, 0x00, 0x00, 0x00, 0x00, 0x0d, 0xb5,
    0xff, 0xef, 0xcf, 0x6d, 0x09, 0x00, 0x04, 0x00, 0x00, 0x01, 0x17, 0xfb, 0xf9, 0xff, 0xff, 0xff,
    0xff, 0xff, 0xff, 0xff, 0xf9, 0xff, 0x68, 0x00, 0x00, 0x00, 0x00, 0x00, 0x00, 0x00, 0x00, 0x1c,
    0xff, 0xf9, 0xfd, 0xfd, 0xe0, 0x16, 0x00, 0x00, 0x00, 0x00, 0x00, 0x00, 0x00, 0x00, 0x00, 0x00,
    0x00, 0x00, 0x00, 0x00, 0x00, 0x00, 0x00, 0x00, 0x00, 0x00, 0x00, 0x00, 0x00, 0x00, 0x00, 0x0d,
    0x78, 0xef, 0xff, 0xff, 0xf1, 0x1e, 0x5b, 0x6c, 0x02, 0x00, 0x7e, 0xff, 0xf9, 0xff, 0xff, 0xff,
    0xff, 0xff, 0xff, 0xff, 0xff, 0xf7, 0xff, 0x1a, 0x00, 0x00, 0x00, 0x00, 0x00, 0x00, 0x00, 0x02,
    0xe6, 0xfd, 0xfb, 0xf5, 0x11, 0x00, 0x00, 0x00, 0x00, 0x00, 0x00, 0x00, 0x00, 0x00, 0x00, 0x00,
    0x00, 0x00, 0x00, 0x00, 0x00, 0x00, 0x00, 0x00, 0x00, 0x00, 0x00, 0x00, 0x00, 0x04, 0x23, 0x41,
    0x5e, 0xc8, 0xfb, 0xf5, 0xff, 0xfd, 0x89, 0xff, 0xb7, 0x1e, 0xf9, 0xff, 0xff, 0xff, 0xff, 0xff,
    0xff, 0xff, 0xff, 0xff, 0xff, 0xf7, 0xfd, 0x6b, 0x00, 0x00, 0x00, 0x00, 0x00, 0x00, 0x00, 0x00,
    0x67, 0xff, 0xff, 0xa3, 0x00, 0x00, 0x00, 0x00, 0x00, 0x00, 0x00, 0x00, 0x00, 0x00, 0x00, 0x00,
    0x00, 0x00, 0x00, 0x00, 0x00, 0x00, 0x00, 0x00, 0x00, 0x00, 0x00, 0x05, 0x67, 0xeb, 0xff, 0xff,
    0xff, 0xff, 0xff, 0xff, 0xfd, 0xff, 0xff, 0xf7, 0xff, 0xff, 0xfd, 0xff, 0xff, 0xff, 0xff, 0xff,
    0xff, 0xff, 0xff, 0xff, 0xff, 0xff, 0xfb, 0xff, 0x0f, 0x00, 0x00, 0x00, 0x00, 0x00, 0x00, 0x00,
    0x07, 0xf1, 0xfd, 0x85, 0x00, 0x00, 0x00, 0x00, 0x00, 0x00, 0x00, 0x00, 0x00, 0x00, 0x00, 0x00,
    0x00, 0x00, 0x00, 0x00, 0x00, 0x00, 0x00, 0x00, 0x00, 0x00, 0x38, 0xff, 0xff, 0xff, 0xf9, 0xf7,
    0xf9, 0xfd, 0xff, 0xff, 0xff, 0xfd, 0xfb, 0xff, 0xfb, 0xff, 0xff, 0xff, 0xff, 0xff, 0xff, 0xff,
    0xff, 0xff, 0xff, 0xff, 0xff, 0xff, 0xf7, 0xff, 0x79, 0x00, 0x00, 0x00, 0x00, 0x00, 0x00, 0x00,
    0x00, 0x49, 0xff, 0xba, 0x00, 0x00, 0x00, 0x00, 0x00, 0x00, 0x00, 0x00, 0x00, 0x00, 0x00, 0x00,
    0x00, 0x00, 0x00, 0x00, 0x00, 0x00, 0x00, 0x00, 0x00, 0x02, 0x56, 0x3d, 0x79, 0xef, 0xfd, 0xff,
    0xff, 0xff, 0xff, 0xff, 0xff, 0xff, 0xff, 0xff, 0xff, 0xfd, 0xff, 0xff, 0xff, 0xff, 0xff, 0xff,
    0xff, 0xff, 0xff, 0xff, 0xff, 0xff, 0xfd, 0xff, 0xe4, 0x02, 0x00, 0x00, 0x00, 0x00, 0x00, 0x00,
    0x00, 0x00, 0xb2, 0xff, 0x0c, 0x00, 0x01, 0x00, 0x00, 0x00, 0x00, 0x00, 0x00, 0x00, 0x00, 0x00,
    0x00, 0x00, 0x00, 0x00, 0x00, 0x00, 0x00, 0x00, 0x00, 0x00, 0x00, 0x58, 0xeb, 0xfd, 0xff, 0xff,
    0xff, 0xff, 0xff, 0xff, 0xff, 0xff, 0xff, 0xff, 0xff, 0xff, 0xff, 0xff, 0xff, 0xff, 0xff, 0xff,
    0xff, 0xff, 0xff, 0xff, 0xff, 0xff, 0xff, 0xfd, 0xff, 0x0a, 0x00, 0x00, 0x00, 0x00, 0x00, 0x00,
    0x01, 0x49, 0x51, 0xfb, 0x7c, 0x00, 0x78, 0x00, 0x00, 0x00, 0x00, 0x00, 0x00, 0x00, 0x00, 0x00,
    0x00, 0x00, 0x00, 0x00, 0x00, 0x00, 0x00, 0x00, 0x00, 0x05, 0xb9, 0xff, 0xff, 0xff, 0xff, 0xff,
    0xff, 0xff, 0xff, 0xff, 0xff, 0xff, 0xff, 0xff, 0xff, 0xff, 0xff, 0xff, 0xff, 0xff, 0xff, 0xff,
    0xff, 0xff, 0xff, 0xff, 0xff, 0xff, 0xff, 0xfb, 0xff, 0x0e, 0x00, 0x00, 0x00, 0x00, 0x00, 0x00,
    0x00, 0x1a, 0xf7, 0xfb, 0xff, 0x35, 0xfb, 0x17, 0x00, 0x00, 0x00, 0x00, 0x00, 0x00, 0x00, 0x00,
    0x00, 0x00, 0x00, 0x00, 0x00, 0x00, 0x00, 0x00, 0x04, 0xc5, 0xff, 0xf5, 0xff, 0xff, 0xff, 0xff,
    0xff, 0xff, 0xff, 0xff, 0xff, 0xff, 0xff, 0xff, 0xff, 0xff, 0xff, 0xff, 0xff, 0xff, 0xff, 0xff,
    0xff, 0xff, 0xff, 0xff, 0xff, 0xff, 0xff, 0xf7, 0xff, 0x39, 0x00, 0x00, 0x00, 0x00, 0x00, 0x00,
    0x00, 0x00, 0x1c, 0xff, 0xf9, 0xe8, 0xfd, 0x66, 0x00, 0x00, 0x00, 0x00, 0x00, 0x00, 0x00, 0x00,
    0x00, 0x00, 0x00, 0x00, 0x00, 0x00, 0x00, 0x00, 0xa6, 0xff, 0xf7, 0xff, 0xff, 0xff, 0xff, 0xff,
    0xff, 0xff, 0xff, 0xff, 0xff, 0xff, 0xff, 0xff, 0xff, 0xff, 0xff, 0xff, 0xff, 0xff, 0xff, 0xff,
    0xff, 0xff, 0xff, 0xff, 0xff, 0xff, 0xff, 0xfd, 0xfd, 0xd9, 0x03, 0x00, 0x00, 0x00, 0x00, 0x00,
    0x00, 0x00, 0x00, 0x3b, 0xff, 0xf9, 0xff, 0xbe, 0x00, 0x00, 0x00, 0x00, 0x00, 0x00, 0x00, 0x00,
    0x00, 0x00, 0x00, 0x00, 0x00, 0x00, 0x00, 0x4f, 0xff, 0xc3, 0xff, 0xfd, 0xff, 0xff, 0xff, 0xff,
    0xff, 0xff, 0xff, 0xff, 0xff, 0xff, 0xff, 0xff, 0xff, 0xff, 0xff, 0xff, 0xff, 0xff, 0xff, 0xff,
    0xff, 0xff, 0xff, 0xff, 0xff, 0xff, 0xff, 0xff, 0xfb, 0xff, 0xb2, 0x27, 0x04, 0x00, 0x00, 0x00,
    0x00, 0x00, 0x00, 0x00, 0xa3, 0xfd, 0xfb, 0xf7, 0x05, 0x00, 0x00, 0x00, 0x00, 0x00, 0x00, 0x00,
    0x00, 0x00, 0x00, 0x00, 0x00, 0x00, 0x00, 0x4f, 0x1e, 0xbe, 0xfd, 0xfd, 0xff, 0xff, 0xff, 0xff,
    0xff, 0xff, 0xff, 0xff, 0xff, 0xff, 0xff, 0xff, 0xff, 0xff, 0xff, 0xff, 0xff, 0xff, 0xff, 0xff,
    0xff, 0xff, 0xff, 0xff, 0xff, 0xff, 0xff, 0xff, 0xff, 0xfd, 0xff, 0xff, 0xe9, 0x55, 0x00, 0x00,
    0x00, 0x00, 0x00, 0x00, 0x14, 0xff, 0xf9, 0xff, 0x0b, 0x00, 0x00, 0x00, 0x00, 0x00, 0x00, 0x00,
    0x00, 0x00, 0x00, 0x00, 0x00, 0x00, 0x00, 0x00, 0x46, 0xff, 0xf7, 0xff, 0xff, 0xff, 0xff, 0xff,
    0xff, 0xff, 0xff, 0xff, 0xff, 0xff, 0xff, 0xff, 0xff, 0xff, 0xff, 0xff, 0xff, 0xff, 0xff, 0xff,
    0xff, 0xff, 0xff, 0xff, 0xff, 0xff, 0xfb, 0xff, 0xff, 0xff, 0xf9, 0xf7, 0xff, 0xff, 0x5d, 0x00,
    0x00, 0x00, 0x00, 0x00, 0x00, 0xb4, 0xff, 0xff, 0x08, 0x00, 0x00, 0x00, 0x00, 0x00, 0x00, 0x00,
    0x00, 0x00, 0x00, 0x00, 0x00, 0x00, 0x00, 0x05, 0xf5, 0xfb, 0xfd, 0xff, 0xff, 0xff, 0xff, 0xff,
    0xff, 0xff, 0xff, 0xff, 0xff, 0xff, 0xff, 0xff, 0xff, 0xff, 0xff, 0xff, 0xff, 0xff, 0xff, 0xff,
    0xff, 0xff, 0xff, 0xff, 0xff, 0xfd, 0xff, 0xf9, 0xf7, 0xfd, 0xff, 0xff, 0xfd, 0xf5, 0xff, 0x13,
    0x00, 0x00, 0x00, 0x00, 0x00, 0x43, 0xff, 0xcf, 0x33, 0x17, 0x00, 0x00, 0x00, 0x00, 0x00, 0x00,
    0x00, 0x00, 0x00, 0x00, 0x00, 0x00, 0x00, 0x49, 0xff, 0xf7, 0xff, 0xff, 0xff, 0xff, 0xff, 0xff,
    0xff, 0xff, 0xff, 0xff, 0xff, 0xff, 0xff, 0xff, 0xff, 0xff, 0xff, 0xff, 0xff, 0xff, 0xff, 0xff,
    0xff, 0xff, 0xff, 0xff, 0xff, 0xff, 0xb4, 0xff, 0xff, 0xff, 0xcc, 0xff, 0xff, 0xfb, 0xfb, 0xd1,
    0x08, 0x00, 0x00, 0x00, 0x38, 0x1c, 0xff, 0xcc, 0xc8, 0x2a, 0x00, 0x00, 0x00, 0x00, 0x00, 0x00,
    0x00, 0x00, 0x00, 0x00, 0x00, 0x00, 0x00, 0xba, 0xfd, 0xfb, 0xff, 0xff, 0xff, 0xff, 0xff, 0xff,
    0xff, 0xff, 0xff, 0xff, 0xff, 0xff, 0xff, 0xff, 0xff, 0xff, 0xff, 0xff, 0xff, 0xff, 0xff, 0xff,
    0xff, 0xff, 0xff, 0xfb, 0xff, 0x9a, 0x02, 0x4f, 0x63, 0x13, 0x2b, 0xff, 0xf3, 0xfd, 0xfb, 0xff,
    0xcf, 0x02, 0x00, 0x00, 0xa5, 0x82, 0xe8, 0xff, 0xff, 0x17, 0x00, 0x00, 0x00, 0x00, 0x00, 0x00,
    0x00, 0x00, 0x00, 0x00, 0x00, 0x00, 0x08, 0xf9, 0xff, 0xff, 0xff, 0xff, 0xff, 0xff, 0xff, 0xff,
    0xff, 0xff, 0xff, 0xff, 0xff, 0xff, 0xff, 0xff, 0xff, 0xff, 0xff, 0xff, 0xff, 0xff, 0xff, 0xff,
    0xff, 0xff, 0xff, 0xf7, 0xff, 0x32, 0x00, 0x00, 0x00, 0x00, 0x3e, 0xf9, 0xff, 0xff, 0xff, 0xf3,
    0xff, 0x2f, 0x00, 0x00, 0x57, 0xff, 0xf3, 0xff, 0xfb, 0x08, 0x00, 0x00, 0x00, 0x00, 0x00, 0x00,
    0x00, 0x00, 0x00, 0x00, 0x00, 0x00, 0x1b, 0xff, 0xe9, 0xff, 0xff, 0xff, 0xff, 0xff, 0xff, 0xff,
    0xff, 0xff, 0xff, 0xff, 0xff, 0xff, 0xff, 0xff, 0xff, 0xff, 0xff, 0xff, 0xff, 0xff, 0xff, 0xff,
    0xff, 0xff, 0xff, 0xf7, 0xff, 0x5f, 0x00, 0x00, 0x00, 0x00, 0x15, 0xff, 0xa0, 0xb2, 0xfb, 0xf7,
    0xff, 0x11, 0x00, 0x00, 0x31, 0xfd, 0xf3, 0xff, 0xbc, 0x00, 0x00, 0x00, 0x00, 0x00, 0x00, 0x00,
    0x00, 0x00, 0x00, 0x00, 0x00, 0x00, 0x3f, 0xb2, 0x74, 0xff, 0xf9, 0xff, 0xff, 0xff, 0xff, 0xff,
    0xff, 0xff, 0xff, 0xff, 0xff, 0xff, 0xff, 0xff, 0xff, 0xff, 0xff, 0xff, 0xff, 0xff, 0xff, 0xff,
    0xff, 0xff, 0xff, 0xf7, 0xfd, 0x58, 0x00, 0x00, 0x00, 0x00, 0x00, 0x4e, 0x01, 0x45, 0xff, 0xff,
    0x59, 0x00, 0x00, 0x00, 0x23, 0xff, 0xef, 0xff, 0x51, 0x00, 0x00, 0x00, 0x00, 0x00, 0x00, 0x00,
    0x00, 0x00, 0x00, 0x00, 0x00, 0x00, 0x1a, 0x0d, 0x7f, 0xff, 0xf9, 0xff, 0xff, 0xff, 0xff, 0xff,
    0xff, 0xff, 0xff, 0xff, 0xff, 0xff, 0xff, 0xff, 0xff, 0xff, 0xff, 0xff, 0xff, 0xff, 0xff, 0xff,
    0xff, 0xff, 0xff, 0xf7, 0xff, 0x1a, 0x00, 0x00, 0x00, 0x00, 0x00, 0x00, 0x00, 0x7e, 0xa0, 0x1f,
    0x00, 0x00, 0x00, 0x00, 0x2f, 0xff, 0xf7, 0xed, 0x07, 0x00, 0x00, 0x00, 0x00, 0x00, 0x00, 0x00,
    0x00, 0x00, 0x00, 0x00, 0x00, 0x00, 0x00, 0x00, 0xa8, 0xff, 0xf9, 0xff, 0xff, 0xff, 0xff, 0xff,
    0xff, 0xff, 0xff, 0xff, 0xff, 0xff, 0xff, 0xff, 0xff, 0xfd, 0xff, 0xff, 0xff, 0xff, 0xff, 0xff,
    0xff, 0xff, 0xf5, 0xff, 0xa0, 0x00, 0x00, 0x00, 0x00, 0x00, 0x00, 0x00, 0x00, 0x10, 0x01, 0x00,
    0x00, 0x00, 0x00, 0x00, 0x6c, 0xff, 0xfd, 0xba, 0x3f, 0x00, 0x00, 0x00, 0x00, 0x00, 0x00, 0x00,
    0x00, 0x00, 0x00, 0x00, 0x00, 0x00, 0x00, 0x00, 0x92, 0xff, 0xf9, 0xff, 0xff, 0xff, 0xff, 0xff,
    0xff, 0xff, 0xff, 0xff, 0xff, 0xff, 0xff, 0xfb, 0xfb, 0xff, 0xff, 0xff, 0xff, 0xff, 0xff, 0xff,
    0xff, 0xfd, 0xff, 0xd7, 0x06, 0x00, 0x00, 0x00, 0x00, 0x00, 0x00, 0x00, 0x00, 0x00, 0x00, 0x00,
    0x00, 0x00, 0x00, 0x0d, 0xd9, 0xff, 0xf5, 0xff, 0x30, 0x00, 0x00, 0x00, 0x00, 0x00, 0x00, 0x00,
    0x00, 0x00, 0x00, 0x00, 0x00, 0x00, 0x00, 0x00, 0x66, 0xfd, 0xf5, 0xff, 0xff, 0xff, 0xff, 0xff,
    0xff, 0xff, 0xff, 0xff, 0xff, 0xff, 0xff, 0xff, 0xff, 0xe8, 0xff, 0xff, 0xff, 0xff, 0xff, 0xff,
    0xfd, 0xf9, 0x82, 0x01, 0x00, 0x00, 0x00, 0x00, 0x00, 0x00, 0x00, 0x00, 0x00, 0x00, 0x00, 0x00,
    0x00, 0x00, 0x3b, 0xe6, 0xf9, 0xf9, 0xff, 0xb5, 0x00, 0x00, 0x00, 0x00, 0x00, 0x00, 0x00, 0x00,
    0x00, 0x00, 0x00, 0x00, 0x00, 0x00, 0x00, 0x00, 0x2a, 0xff, 0xff, 0xfd, 0xff, 0xff, 0xff, 0xff,
    0xff, 0xff, 0xff, 0xff, 0xff, 0xfb, 0xfd, 0x86, 0x0d, 0x0c, 0xff, 0xfd, 0xff, 0xff, 0xff, 0xff,
    0xfd, 0xfb, 0x73, 0x3e, 0x62, 0x86, 0x31, 0x01, 0x00, 0x00, 0x00, 0x00, 0x00, 0x00, 0x00, 0x00,
    0x00, 0x0b, 0xed, 0xff, 0xfb, 0xff, 0xfb, 0x0d, 0x00, 0x00, 0x00, 0x00, 0x00, 0x00, 0x00, 0x00,
    0x00, 0x00, 0x00, 0x00, 0x00, 0x00, 0x00, 0x00, 0x02, 0xe6, 0xce, 0xff, 0xff, 0xff, 0xff, 0xff,
    0xff, 0xff, 0xff, 0xff, 0xff, 0xfd, 0xfd, 0xb7, 0x16, 0x00, 0xaa, 0xff, 0xfb, 0xff, 0xff, 0xff,
    0xff, 0xff, 0xff, 0xff, 0xff, 0xff, 0xff, 0xb7, 0x02, 0x00, 0x00, 0x00, 0x00, 0x00, 0x00, 0x00,
    0x18, 0xd9, 0xff, 0xf9, 0xfb, 0xeb, 0x23, 0x00, 0x00, 0x00, 0x00, 0x00, 0x00, 0x00, 0x00, 0x00,
    0x00, 0x00, 0x00, 0x00, 0x00, 0x00, 0x00, 0x00, 0x00, 0x3a, 0x2d, 0xc8, 0xfb, 0xf9, 0xfd, 0xff,
    0xff, 0xff, 0xff, 0xff, 0xff, 0xff, 0xff, 0xff, 0xff, 0xc8, 0xd7, 0xff, 0xfd, 0xff, 0xff, 0xff,
    0xff, 0xff, 0xf9, 0xf7, 0xf7, 0xf9, 0xf3, 0xff, 0x8e, 0x0f, 0x05, 0x05, 0x14, 0x4d, 0xa8, 0xa0,
    0xff, 0xff, 0xfd, 0xf5, 0xf9, 0x49, 0x00, 0x00, 0x00, 0x00, 0x00, 0x00, 0x00, 0x00, 0x00, 0x00,
    0x00, 0x00, 0x00, 0x00, 0x00, 0x00, 0x00, 0x00, 0x00, 0x00, 0x00, 0x26, 0xff, 0xff, 0xff, 0xfd,
    0xff, 0xff, 0xff, 0xff, 0xff, 0xff, 0xff, 0xfd, 0xf5, 0xff, 0xff, 0xff, 0xff, 0xff, 0xff, 0xff,
    0xff, 0xff, 0xff, 0xfd, 0xff, 0xff, 0xff, 0xfb, 0xff, 0xff, 0xf3, 0xf9, 0xff, 0xff, 0xff, 0xff,
    0xf9, 0xf5, 0xf9, 0xff, 0xff, 0x20, 0x00, 0x00, 0x00, 0x00, 0x00, 0x00, 0x00, 0x00, 0x00, 0x00,
    0x00, 0x00, 0x00, 0x00, 0x00, 0x00, 0x00, 0x00, 0x00, 0x00, 0x00, 0x00, 0x3c, 0xdc, 0xe4, 0xff,
    0xf7, 0xfd, 0xff, 0xfb, 0xfd, 0xff, 0xff, 0xf7, 0xff, 0xff, 0xff, 0xff, 0xff, 0xfd, 0xfb, 0xff,
    0xff, 0xfb, 0xff, 0xff, 0xff, 0xf7, 0xf7, 0xf9, 0xf5, 0xf9, 0xff, 0xfd, 0xf9, 0xf5, 0xf7, 0xf5,
    0xff, 0xff, 0xff, 0xa5, 0x14, 0x00, 0x00, 0x00, 0x00, 0x00, 0x00, 0x00, 0x00, 0x00, 0x00, 0x00,
    0x00, 0x00, 0x00, 0x00, 0x00, 0x00, 0x00, 0x00, 0x00, 0x00, 0x00, 0x00, 0x00, 0x02, 0x0c, 0xdc,
    0xff, 0xff, 0xf9, 0xff, 0xff, 0xf5, 0xff, 0xe0, 0x23, 0x50, 0x6d, 0xff, 0xf9, 0xff, 0xff, 0xf7,
    0xfb, 0xff, 0xfb, 0xde, 0xff, 0xff, 0xff, 0xff, 0xff, 0xff, 0xff, 0xff, 0xff, 0xff, 0xff, 0xff,
    0xad, 0x59, 0x15, 0x00, 0x00, 0x00, 0x00, 0x00, 0x00, 0x00, 0x00, 0x00, 0x00, 0x00, 0x00, 0x00,
    0x00, 0x00, 0x00, 0x00, 0x00, 0x00, 0x00, 0x00, 0x00, 0x00, 0x00, 0x00, 0x00, 0x00, 0x00, 0x05,
    0x58, 0xf3, 0xff, 0xb2, 0xcc, 0xff, 0x31, 0x20, 0x00, 0x00, 0x00, 0x58, 0xff, 0xf5, 0xc8, 0xff,
    0xff, 0xa8, 0xde, 0x05, 0x0a, 0x28, 0x4e, 0x7e, 0xa6, 0xcc, 0xc0, 0xbe, 0xe4, 0xde, 0xc5, 0x83,
    0x03, 0x00, 0x00, 0x00, 0x00, 0x00, 0x00, 0x00, 0x00, 0x00, 0x00, 0x00, 0x00, 0x00, 0x00, 0x00,
    0x00, 0x00, 0x00, 0x00, 0x00, 0x00, 0x00, 0x00, 0x00, 0x00, 0x00, 0x00, 0x00, 0x00, 0x00, 0x00,
    0x00, 0x09, 0x6f, 0x0c, 0x01, 0x38, 0x02, 0x00, 0x00, 0x00, 0x00, 0x00, 0x2a, 0x3e, 0x01, 0x2d,
    0x85, 0x02, 0x08, 0x00, 0x00, 0x00, 0x00, 0x00, 0x00, 0x00, 0x00, 0x00, 0x02, 0x01, 0x00, 0x00,
    0x00, 0x00, 0x00, 0x00, 0x00, 0x00, 0x00, 0x00, 0x00, 0x00, 0x00, 0x00, 0x00, 0x00, 0x00, 0x00,
    0x00, 0x00, 0x00, 0x00, 0x00, 0x00, 0x00, 0x00, 0x00, 0x00, 0x00, 0x00, 0x00, 0x00, 0x00, 0x00,
    0x00, 0x00, 0x00, 0x00, 0x00, 0x00, 0x00, 0x00, 0x00, 0x00, 0x00, 0x00, 0x00, 0x00, 0x00, 0x00,
    0x00, 0x00, 0x00, 0x00, 0x00, 0x00, 0x00, 0x00, 0x00, 0x00, 0x00, 0x00, 0x00, 0x00, 0x00, 0x00,
    0x00, 0x00, 0x00, 0x00, 0x00, 0x00, 0x00, 0x00, 0x00, 0x00, 0x00, 0x00, 0x00, 0x00, 0x00, 0x00,
    0x00, 0x00, 0x00, 0x00, 0x00, 0x00, 0x00, 0x00, 0x00, 0x00, 0x00, 0x00, 0x00, 0x00, 0x00, 0x00,
    0x00, 0x00, 0x00, 0x00, 0x00, 0x00, 0x00, 0x00, 0x00, 0x00, 0x00, 0x00, 0x00, 0x00, 0x00, 0x00,
    0x00, 0x00, 0x00, 0x00, 0x00, 0x00, 0x00, 0x00, 0x00, 0x00, 0x00, 0x00, 0x00, 0x00, 0x00, 0x00,
    0x00, 0x00, 0x00, 0x00, 0x00, 0x00, 0x00, 0x00, 0x00, 0x00, 0x00, 0x00, 0x00, 0x00, 0x00, 0x00,
};

const lv_image_dsc_t love_frame_8_dsc = {
    .header.w = 64,
    .header.h = 64,
    .header.cf = LV_COLOR_FORMAT_RGB565A8,
    .data_size = 12288,
    .data = love_frame_8_data,
};
